mouse_lhb_region,mouse_gene,avg_log_expr,pct_expr,logFC_vs_other_lhb_regions
Hbx,Trpm3,3.820454,0.936405,1.8781098
Hbx,Kctd8,2.6193535,0.79442185,1.7354331
Hbx,Tenm2,3.759898,0.9250812,1.6218548
Hbx,Thsd7b,2.1021261,0.6942497,1.5992262
Hbx,Galntl6,2.7120388,0.77612954,1.5938145
Hbx,Erbb4,2.562524,0.81097203,1.5751355
Hbx,Brinp3,2.0858045,0.6916365,1.3699924
Hbx,Mctp1,1.6328657,0.5879801,1.2848655
Hbx,Pcdh9,3.5120971,0.9041757,1.2733383
Hbx,Nwd2,2.6146507,0.82403797,1.263199
Hbx,Nnat,1.9242158,0.67421526,1.2536808
Hbx,Slc8a1,2.0048816,0.6968629,1.2130345
Hbx,Vav3,2.050852,0.7282211,1.2105689
Hbx,Mgat4c,2.6660583,0.810101,1.2015941
Hbx,Cntnap2,4.0310497,0.9459867,1.1482861
Hbx,Htr2c,1.8481349,0.66289145,1.1404114
Hbx,Ndst4,1.3236612,0.516553,1.1380963
Hbx,D130079A08Rik,1.4025594,0.5513955,1.1273699
Hbx,Msi2,2.4475508,0.8092299,1.1244183
Hbx,Thsd7a,2.0397325,0.7081867,1.1078671
Hbx,Ncam2,2.518633,0.79877716,1.0423545
Hbx,Lcorl,1.5367543,0.5975618,1.0248032
Hbx,Prkd1,1.2872251,0.51045555,0.99218106
Hbx,Dach1,1.3681632,0.53832954,0.9637659
Hbx,Opcml,2.4717164,0.79006654,0.9209162
Hbx,Klhl1,1.1796354,0.4817099,0.91449624
Hbx,Pde1a,1.3337439,0.5461691,0.91090596
Hbx,Frmpd4,1.8833754,0.6576651,0.9094307
Hbx,Sema3d,0.9640296,0.40853816,0.8924525
Hbx,Galnt13,1.978323,0.6864101,0.8860047
Hbx,D130009I18Rik,1.0171986,0.42073345,0.8799488
Hbx,Slit2,1.4859537,0.58885115,0.875145
Hbx,Nrg3,3.7526233,0.9294365,0.86544657
Hbx,Lrp1b,2.9301028,0.85452515,0.8646238
Hbx,Dlgap1,2.3462718,0.7630636,0.85663307
Hbx,Robo1,2.8132174,0.8440724,0.8456006
Hbx,Rbms3,1.8614223,0.670731,0.8434994
Hbx,Pde4d,2.3010178,0.7630636,0.80277836
Hbx,Syt9,1.2862082,0.53397423,0.79312295
Hbx,Sorcs3,1.2765673,0.5052292,0.78823817
Hbx,Sntg1,1.8827937,0.65853614,0.7696346
Hbx,Gng8,1.2579256,0.46864352,0.7587602
Hbx,Ebf1,1.0360929,0.44076857,0.7302431
Hbx,Pard3b,0.9339836,0.41812018,0.72514004
Hbx,Fgf14,3.1528046,0.87107533,0.7211826
Hbx,Prkg1,1.7627498,0.6367596,0.7123455
Hbx,Cdh10,1.2392657,0.5017449,0.70771056
Hbx,Gria4,2.0518565,0.70470244,0.70454836
Hbx,Gm28905,0.9658651,0.41115144,0.7021364
Hbx,Grin3a,1.1263943,0.4817099,0.69215614
Hbx,Pbx1,1.8458318,0.6750863,0.69172764
Hbx,Arl15,1.0759006,0.45035058,0.68135977
Hbx,Kcnd3,1.1278774,0.4608037,0.6653621
Hbx,Lpar1,0.8462307,0.3946007,0.6544935
Hbx,Macrod2,2.4157548,0.7656768,0.65057325
Hbx,Tcf7l2,1.3152618,0.53832954,0.64719486
Hbx,Slc2a13,1.3667935,0.544427,0.6360683
Hbx,Csmd3,2.1724088,0.7012182,0.6329769
Hbx,Sst,0.6876091,0.25609705,0.6267095
Hbx,Cdh18,1.4157467,0.47735444,0.6196767
Hbx,Dok6,1.2416421,0.502616,0.608454
Hbx,Olfm1,1.3040173,0.5235215,0.5983991
Hbx,Cacna1e,1.6565019,0.6385017,0.5920342
Hbx,Kcnh5,0.9323992,0.4146358,0.5880841
Hbx,Lhx9,0.8390439,0.4050538,0.57876647
Hbx,Necab2,1.0570219,0.4608037,0.56972885
Hbx,Dpp6,2.149322,0.7360607,0.5642779
Hbx,Nrg1,1.8752114,0.642857,0.5525205
Hbx,Gnao1,1.3991028,0.572301,0.5501532
Hbx,Sytl2,0.69889057,0.3606281,0.54335815
Hbx,Nek7,0.82723665,0.38501868,0.53478515
Hbx,Egfem1,1.376354,0.52874786,0.52837974
Hbx,Ltbp1,0.5558979,0.2709056,0.517497
Hbx,Cdk14,1.4208088,0.57752734,0.5098421
Hbx,Plpp4,0.60744584,0.293554,0.5076604
Hbx,Snhg11,3.307903,0.93292075,0.5045619
Hbx,Apba1,1.2936596,0.5322321,0.502527
Hbx,Grin2a,1.4481945,0.57752734,0.49268317
Hbx,Col5a3,0.5138545,0.24825725,0.47658226
Hbx,Cadps2,0.92974055,0.40244052,0.4750032
Hbx,Myo16,0.6173284,0.30139384,0.47277564
Hbx,Sgcz,1.5603461,0.5696878,0.47161973
Hbx,Tmtc2,0.8584621,0.3928585,0.4680462
Hbx,Hs6st2,0.8304518,0.3728234,0.46668452
Hbx,Syt6,0.66367906,0.34407735,0.46392512
Hbx,Ncald,1.0179435,0.45296386,0.46374416
Hbx,Grm5,1.7455722,0.62543577,0.46338546
Hbx,Ubb,1.6798587,0.56794566,0.4576956
Hbx,Ptprz1,0.9633641,0.44076857,0.45648438
Hbx,Pbx3,0.78556806,0.3588859,0.4538805
Hbx,C130073E24Rik,1.0995888,0.46603024,0.45364028
Hbx,Foxp2,0.8585318,0.33275315,0.45070812
Hbx,Nlgn1,2.879908,0.8414592,0.4493165
Hbx,Zic1,1.0172104,0.45644823,0.44731343
Hbx,Luzp2,0.94635665,0.4146358,0.44692138
Hbx,March11,0.5717706,0.27438998,0.44494963
Hbx,Nlk,0.8404575,0.39634287,0.4431336
Hbx,Negr1,2.0116954,0.6829259,0.44001043
Hbx,Gm26905,0.54397523,0.25958142,0.43097457
Hbx,Rimbp2,0.7798071,0.36672574,0.42973834
Hbx,Rgmb,0.5832453,0.29268292,0.41750935
Hbx,Fstl1,0.512771,0.2709056,0.41748932
Hbx,Tmem117,0.8350522,0.38763195,0.41443467
Hbx,Kcnma1,2.746309,0.8632358,0.41203785
Hbx,Gabrg3,1.123166,0.43031546,0.40951753
Hbx,Park2,1.2762097,0.53136104,0.40387392
Hbx,Zfp608,0.7370711,0.359757,0.40346935
Hbx,Ddx5,1.3011303,0.5574929,0.4005105
Hbx,Mid1,0.5535463,0.27961653,0.39981535
Hbx,Magi1,1.0798631,0.47822553,0.39963114
Hbx,Gm20642,0.72760874,0.3266555,0.39422178
Hbx,Enox1,0.94549465,0.41899127,0.39340925
Hbx,Camk2d,0.9191354,0.42944437,0.39212495
Hbx,Tll1,0.5508749,0.26480797,0.3911235
Hbx,Usp29,1.0175378,0.4372842,0.3867448
Hbx,Ubl3,0.68079746,0.3379797,0.38647786
Hbx,Gm32647,1.0128874,0.35365936,0.38141173
Hbx,Bex2,0.82095975,0.34756172,0.37984616
Hbx,Gm4876,0.54370856,0.2726478,0.3792408
Hbx,Rcan2,0.9144231,0.39721397,0.3755951
Hbx,Nol4,0.90606946,0.41115144,0.3743742
Hbx,6330403K07Rik,0.6271533,0.26480797,0.37290272
Hbx,Ppia,1.4584028,0.5392006,0.37266266
Hbx,Slc35f4,0.6190025,0.29268292,0.37010628
Hbx,Htr4,0.58221483,0.25522596,0.3699571
Hbx,Adra1a,0.44066447,0.23606217,0.3675487
Hbx,Aff2,0.6755285,0.3153313,0.36753023
Hbx,Cox8a,1.3546574,0.5156819,0.36472213
Hbx,Nalcn,1.055406,0.46603024,0.36458528
Hbx,Ccser1,1.8739467,0.670731,0.3638785
Hbx,Zic4,0.56976664,0.29790947,0.36266142
Hbx,Rab27b,0.51218414,0.25522596,0.36144924
Hbx,Cartpt,0.42378497,0.18292646,0.3607687
Hbx,Pcsk1n,1.6751469,0.5966907,0.36051333
Hbx,Spock1,0.841475,0.3919874,0.35934865
Hbx,Rtn1,1.9293281,0.6959918,0.35871458
Hbx,Eml6,0.97253484,0.44251075,0.35868102
Hbx,Morf4l1,1.051487,0.43379983,0.3584401
Hbx,Kcnmb4,0.49190602,0.25609705,0.35421354
Hbx,Oprm1,0.6806422,0.33188206,0.35351533
Hbx,Aifm3,0.5762421,0.28658527,0.353168
Hbx,Nrg3os,0.64499056,0.3153313,0.34362933
Hbx,Fam19a1,0.89269096,0.359757,0.34035325
Hbx,Tmem131l,0.5361928,0.27787435,0.33810222
Hbx,Grb10,0.68993807,0.3484328,0.33602434
Hbx,Lhfpl3,1.5927027,0.6219515,0.3288952
Hbx,Khdrbs2,0.8974273,0.3832765,0.32838017
Hbx,5330434G04Rik,0.9257821,0.42247564,0.32792974
Hbx,Ptprn2,1.349724,0.5365874,0.3268559
Hbx,Nbea,1.5466546,0.6036592,0.3256656
Hbx,Focad,0.6554735,0.32142895,0.3254745
Hbx,Glce,0.5076909,0.25783923,0.32440257
Hbx,Nrxn1,3.10781,0.88239914,0.323627
Hbx,Stxbp5,0.6643041,0.34320626,0.31704548
Hbx,Cacnb3,0.62542456,0.3170735,0.3168829
Hbx,Pcsk1,0.48735082,0.2621947,0.31611234
Hbx,Nsa2,0.51715803,0.28571418,0.31444848
Hbx,Btbd11,0.63801086,0.3170735,0.3136017
Hbx,Atpif1,0.7548916,0.32317114,0.31253326
Hbx,Basp1,0.7364767,0.33275315,0.31236678
Hbx,H3f3b,0.93057394,0.38414758,0.31226218
Hbx,Hspa8,1.2771025,0.5000028,0.3109048
Hbx,Ywhae,0.9400112,0.4146358,0.30934346
Hbx,Cox5b,0.79983574,0.34059298,0.3090087
Hbx,Ahi1,1.2384553,0.51045555,0.30699092
Hbx,Erc2,1.7040985,0.6454702,0.30630732
Hbx,Klhl5,0.42401582,0.23170678,0.30442807
Hbx,Zcchc18,0.7772781,0.36237028,0.30426213
Hbx,Eif1,1.1042674,0.4390264,0.3024063
Hbx,Chchd10,0.7983776,0.33449534,0.3021897
Hbx,Sncg,0.39133275,0.18379754,0.30183667
Hbx,Slc25a4,1.003119,0.41289362,0.30125058
Hbx,Calb1,0.500838,0.23693325,0.30094573
Hbx,Pou6f2,0.5327649,0.26393688,0.30071813
Hbx,Npr1,0.34944078,0.17944215,0.297869
Hbx,Ndufa4,1.0289088,0.4050538,0.29728287
Hbx,Cox6c,1.1727636,0.46341696,0.2970003
Hbx,Tmsb10,0.6886326,0.29268292,0.29520226
Hbx,Cox7c,1.0699544,0.43467093,0.2946545
Hbx,Tmem178b,1.1010358,0.47648335,0.2944749
Hbx,Gpr151,0.487023,0.2386754,0.29441988
Hbx,Chchd2,1.116276,0.43292874,0.29429406
Hbx,Rspo3,0.43471062,0.21864063,0.29344326
Hbx,Gm29478,0.46651238,0.24128863,0.29068506
Hbx,Dpysl2,0.8857655,0.40679598,0.29047012
Hbx,Nrsn1,0.5916902,0.29094073,0.29038483
Hbx,Mdh1,0.89727616,0.37804994,0.28971344
Hbx,Hsp90ab1,1.5501797,0.5783984,0.28895056
Hbx,Stmn3,1.0671313,0.44251075,0.2881934
Hbx,Gria1,1.745809,0.6663757,0.2877909
Hbx,Hint1,0.73085046,0.31446022,0.28472066
Hbx,Pld5,0.5689588,0.2831009,0.2839167
Hbx,Bex3,0.6033464,0.2709056,0.28221926
Hbx,Atp5h,0.92145413,0.3832765,0.27930063
Hbx,Pcdh11x,0.66326916,0.28832746,0.27914503
Hbx,Uchl1,0.79206616,0.34059298,0.27849478
Hbx,Gng3,0.5724331,0.26567906,0.2781727
Hbx,Jund,0.5369757,0.24564402,0.27734098
Hbx,Akap6,1.1339865,0.49564737,0.27635884
Hbx,Oaz1,0.80151725,0.34756172,0.2762286
Hbx,March4,0.37827188,0.20383231,0.27560702
Hbx,Adcy8,0.7182213,0.3484328,0.2749901
Hbx,Cbln2,0.6018579,0.29268292,0.27488238
Hbx,Pou4f1,0.48197874,0.25696814,0.27431357
Hbx,Xkr6,0.70359904,0.34146407,0.27395195
Hbx,A230057D06Rik,1.3111198,0.544427,0.273229
Hbx,Galnt16,0.6127894,0.3153313,0.27290407
Hbx,Celf4,1.280183,0.52439255,0.2727841
Hbx,Srrm3,0.76083463,0.3710812,0.27259004
Hbx,Prkca,0.4972706,0.27003452,0.27242407
Hbx,Naaladl2,0.9485029,0.41986236,0.27213162
Hbx,Myl6,0.7508604,0.3379797,0.27204493
Hbx,Rasgef1b,0.7358392,0.3510461,0.27204418
Hbx,Gapdh,1.0553601,0.41986236,0.27175987
Hbx,Uqcrh,0.9146788,0.38850304,0.27088642
Hbx,Hsp90aa1,1.3899001,0.5601061,0.27058864
Hbx,Resp18,0.78455716,0.33362424,0.2693876
Hbx,Hap1,0.5171832,0.27874544,0.26912206
Hbx,Atp5j,0.77530307,0.3371086,0.26744038
Hbx,Nsg2,0.9265643,0.4268311,0.2671888
Hbx,Atp6v1f,0.5124995,0.24041755,0.2667027
Hbx,Zcchc12,0.45305374,0.23432001,0.2665711
Hbx,Baz2b,0.66827554,0.3388508,0.26591223
Hbx,Vwa5b1,0.31232688,0.18641077,0.2656755
Hbx,Bex1,0.48986357,0.22648032,0.26515958
Hbx,Atp5j2,0.7047091,0.31010476,0.26504096
Hbx,Phip,0.7232282,0.3588859,0.26252133
Hbx,Rab3a,0.5924698,0.26916343,0.26208597
Hbx,Gpr158,0.946594,0.41289362,0.2620334
Hbx,Cpne4,1.1886933,0.50087386,0.26195663
Hbx,Rgs6,0.84352475,0.35365936,0.26136708
Hbx,Zwint,0.87009776,0.38414758,0.2594934
Hbx,Gabarapl2,0.6234962,0.28745636,0.25811478
Hbx,Fstl5,0.742204,0.35191718,0.2573195
Hbx,Rabgap1l,0.99049264,0.45035058,0.25688338
Hbx,Prdx2,0.5894957,0.26567906,0.25668663
Hbx,Bsn,0.5798831,0.3066204,0.2553479
Hbx,Tacr1,0.37824562,0.1968637,0.2547165
Hbx,Cacna2d2,0.61876345,0.32230005,0.25268725
Hbx,Gm29514,0.36196136,0.19860585,0.25218865
Hbx,Cox7a2,0.7855414,0.33275315,0.2520343
Hbx,Klhl4,0.2981492,0.17247353,0.25024232
Hbx,Naca,0.76540965,0.34233516,0.25022
Hbx,Vdac1,0.5727568,0.26916343,0.24925914
Hbx,Cox6b1,0.73694366,0.32142895,0.24910516
Hbx,Elob,0.6705954,0.29790947,0.2483984
Hbx,Rbms1,0.5428554,0.2848431,0.24706542
Hbx,Pip4k2a,0.4442257,0.24390186,0.24698329
Hbx,Gpr139,0.33090356,0.18728185,0.24584454
Hbx,Mllt3,0.66689265,0.3388508,0.24572009
Hbx,Zmiz1,0.4227139,0.2465151,0.24520403
Hbx,Aldoa,0.8680653,0.36672574,0.24516922
Hbx,Fkbp3,0.5457486,0.25261268,0.24510673
Hbx,Slit3,0.61251915,0.283972,0.2448645
Hbx,Scaper,0.69092953,0.34407735,0.24450335
Hbx,Stxbp5l,1.0987711,0.47909662,0.24442047
Hbx,Amigo2,0.39957026,0.21776955,0.24382249
Hbx,Cox7b,0.66769445,0.29790947,0.24363264
Hbx,Hmgb1,0.64146906,0.31010476,0.2432327
Hbx,Sv2b,0.58754396,0.3040071,0.24267116
Hbx,Myo1b,0.33969587,0.19076616,0.24035072
Hbx,Akain1,0.30761904,0.18205538,0.24015442
Hbx,Uqcrq,0.6680213,0.29790947,0.23941246
Hbx,Elavl4,0.8209509,0.39547178,0.23845321
Hbx,Gsk3b,0.75168216,0.36759683,0.23805821
Hbx,Acaca,0.5863752,0.30313602,0.23792505
Hbx,Gabbr1,1.5684813,0.6228226,0.23711789
Hbx,Atp5a1,0.6982637,0.3266555,0.23699921
Hbx,Usmg5,0.70324916,0.30749148,0.23695809
Hbx,Sema6a,0.49974146,0.26655015,0.23657131
Hbx,Atp5e,0.77087873,0.33013988,0.23651999
Hbx,Nhlh2,0.34928206,0.19425046,0.235641
Hbx,Psip1,0.6896312,0.33536643,0.23522082
Hbx,Tnr,1.1107873,0.4799677,0.23504484
Hbx,Tmem196,0.41979358,0.22473817,0.23457287
Hbx,Rims1,1.6270161,0.6106277,0.23448038
Hbx,Slc4a4,0.620812,0.29094073,0.23372576
Hbx,Cables1,0.34900436,0.19337939,0.2336491
Hbx,Ubl5,0.5572881,0.26480797,0.23332694
Hbx,Scn3a,0.76632845,0.37892103,0.2329619
Hbx,Akap8l,0.7142615,0.3588859,0.23289925
Hbx,Pds5b,0.5006391,0.27613217,0.23283541
Hbx,Pbx4,0.32786736,0.19773477,0.23238653
Hbx,Dgkb,0.8938276,0.39547178,0.2322135
Hbx,Tspyl4,0.5967635,0.28135872,0.230854
Hbx,Ndufa13,0.8508617,0.36411247,0.23061967
Hbx,Fau,1.4256817,0.5435559,0.23046958
Hbx,Eef1a1,1.5900702,0.6132409,0.2301749
Hbx,Hspe1,0.5622007,0.25871032,0.2298325
Hbx,Ndufb4,0.53423536,0.25522596,0.22909346
Hbx,Cox5a,0.61580074,0.2735189,0.2282758
Hbx,Araf,0.6584381,0.33275315,0.22743177
Hbx,Ube3a,1.2144822,0.5156819,0.2270965
Hbx,Stmn2,0.7446881,0.33536643,0.22672856
Hbx,Atp5o-1,0.5649513,0.26655015,0.22627643
Hbx,Pnmal2,0.6059404,0.29094073,0.22587469
Hbx,Sumo2,0.5781688,0.27438998,0.22516719
Hbx,4930555F03Rik,0.41381633,0.21341416,0.22500324
Hbx,Kcnk13,0.2598252,0.13763045,0.2242646
Hbx,Tanc2,1.134435,0.49042082,0.22361791
Hbx,Nedd8,0.49103096,0.23344894,0.22360837
Hbx,Ptges3,0.5027096,0.25783923,0.22354808
Hbx,Atp5g3,0.64414006,0.28919855,0.2232705
Hbx,Trpc4,0.3520185,0.18815292,0.22306074
Hbx,Cox4i1,1.4358358,0.54704016,0.22279036
Hbx,Tceal3,0.39434934,0.20121908,0.22211048
Hbx,Calm2,1.027497,0.42247564,0.2216022
Hbx,Ptprq,0.29837424,0.166376,0.22098514
Hbx,Pam,1.399542,0.5714299,0.2208767
Hbx,Srsf5,0.7365008,0.3710812,0.22076553
Hbx,Nyap2,0.61600477,0.3170735,0.22058207
Hbx,Pknox2,0.3860559,0.21254309,0.21982488
Hbx,Ldhb,0.67116624,0.3048782,0.21955466
Hbx,Ndufab1,0.5156636,0.23954648,0.21877205
Hbx,Uqcr10,0.61382765,0.27700326,0.21811363
Hbx,Cbx3,0.49743822,0.24912833,0.21807045
Hbx,Atp6v1e1,0.5212414,0.2517416,0.2178641
Hbx,Nap1l5,0.73236954,0.29965165,0.21781576
Hbx,H2afz,0.54003453,0.25696814,0.21778041
Hbx,Ndufc2,0.63022405,0.27874544,0.21705955
Hbx,Lsamp,3.6148279,0.92333907,0.21700788
Hbx,Map1b,1.6011689,0.63763064,0.21666574
Hbx,Snrpn,0.81294054,0.37543666,0.2162013
Hbx,Uqcr11,0.63244367,0.28048763,0.21618971
Hbx,Atp5g2,0.54805356,0.26567906,0.21516928
Hbx,Gm20388,0.7219899,0.34581953,0.2145527
Hbx,Pcca,0.62974566,0.32404223,0.21436486
Hbx,Hopx,0.33595318,0.17682892,0.21422875
Hbx,Gnas,1.2801111,0.53571635,0.21384847
Hbx,Atp5l,0.73153824,0.32055786,0.21366203
Hbx,Etv1,0.6188792,0.3048782,0.21314183
Hbx,Dclk1,1.0604011,0.4712568,0.21200544
Hbx,Tmx4,0.8521827,0.38501868,0.21197647
Hbx,Tagln3,0.43902552,0.21776955,0.21177578
Hbx,H3f3a,0.58102804,0.283972,0.21160167
Hbx,Uqcrb,0.5402552,0.24912833,0.21128595
Hbx,Ndufa7,0.5256816,0.2499994,0.21123749
Hbx,Pebp1,0.61481094,0.2848431,0.21058106
Hbx,Casz1,0.30119658,0.17944215,0.20991883
Hbx,Pgam1,0.47497755,0.23693325,0.20975643
Hbx,Clasp2,0.87356275,0.4268311,0.20962554
Hbx,Phactr2,0.38415205,0.21776955,0.2091656
Hbx,Mif,0.52743375,0.24738617,0.20833215
Hbx,Chsy3,0.39735088,0.18989508,0.20816731
Hbx,Impact,0.5856686,0.28745636,0.20734957
Hbx,Kcnh7,1.1420482,0.4468662,0.20688725
Hbx,Ap3s1,0.5252952,0.28571418,0.20634949
Hbx,Astn2,0.73216385,0.34407735,0.20630306
Hbx,Hspa1a,0.32134745,0.15766522,0.20614168
Hbx,Ano1,0.34209952,0.17160246,0.20611444
Hbx,Tesc,0.426405,0.22909355,0.2058567
Hbx,Cnnm2,0.5522957,0.2831009,0.20552236
Hbx,Tnrc6c,0.82133836,0.39547178,0.20543718
Hbx,Ndufa5,0.5894888,0.2709056,0.2043303
Hbx,Cirbp,0.36123252,0.19337939,0.20403214
Hbx,Nbeal1,0.5680722,0.3040071,0.2036795
Hbx,Gm13373,0.23567337,0.14372799,0.20366895
Hbx,Smdt1,0.52685255,0.25522596,0.20354259
Hbx,Nptx2,0.37718672,0.20905878,0.20323248
Hbx,Dnmt3a,0.693632,0.35191718,0.202936
Hbx,Tmem130,0.80834913,0.37804994,0.20290005
Hbx,Nme1,0.45891148,0.22125386,0.20200536
Hbx,Actg1,0.6984308,0.31184694,0.2017206
Hbx,Atp5g1,0.5596851,0.25609705,0.201527
Hbx,Csnk1a1,0.6901659,0.35191718,0.20143151
Hbx,Ndufb11,0.527787,0.2465151,0.1996603
Hbx,Chd5,0.5483394,0.29006964,0.19920549
Hbx,Btbd3,0.41414914,0.22648032,0.19901763
Hbx,1810041L15Rik,0.47851592,0.2621947,0.1984736
Hbx,Prrc2c,0.7169481,0.36933902,0.19807237
Hbx,Atp6v0b,0.80955887,0.3728234,0.19795913
Hbx,Maoa,0.3284326,0.19599262,0.19783527
Hbx,Zcchc11,0.57603693,0.30749148,0.19676685
Hbx,Ptchd1,0.28836814,0.16724707,0.19655615
Hbx,Srp14,0.42828095,0.21864063,0.19628005
Hbx,Gnb1,0.6450761,0.32491332,0.1962423
Hbx,Tuba1a,0.7745803,0.34581953,0.19600677
Hbx,Nedd4,0.7722349,0.37543666,0.19576299
Hbx,Timm13,0.40312064,0.20470339,0.19535315
Hbx,Tom1l2,0.54574245,0.29616728,0.19518816
Hbx,Akr1a1,0.38808185,0.2081877,0.19516768
Hbx,Hmgn3,0.38644564,0.22038278,0.19492868
Hbx,Timm8b,0.38831308,0.19599262,0.19465095
Hbx,Eid1,0.57391393,0.2717767,0.19457334
Hbx,Ddx24,0.4977273,0.2508705,0.19426727
Hbx,Id4,0.3152678,0.16898923,0.19405451
Hbx,Ranbp17,0.39168927,0.21689847,0.19392131
Hbx,Tenm3,1.0010463,0.43467093,0.19363213
Hbx,Chst10,0.30803144,0.18989508,0.19353592
Hbx,Cacybp,0.41929168,0.21254309,0.19346294
Hbx,Tubb2a,0.49200693,0.23344894,0.1930933
Hbx,Hpcal1,0.28427285,0.17508677,0.19289254
Hbx,Map2,1.2322081,0.54268485,0.1925472
Hbx,Ywhaq,0.59198654,0.28745636,0.19169453
Hbx,Chd3,0.52275705,0.26567906,0.19152045
Hbx,Edf1,0.40178347,0.20296124,0.19107224
Hbx,Gprasp2,0.48957402,0.25871032,0.19091567
Hbx,Tbca,0.39684486,0.20731662,0.19044894
Hbx,BC031181,0.4159902,0.2195117,0.19031751
Hbx,Cdh7,0.39049974,0.20905878,0.18992423
Hbx,Ints3,0.35863644,0.20470339,0.18989584
Hbx,Fgf12,1.4939176,0.5827537,0.18974745
Hbx,Atp5d,0.5486355,0.2604525,0.18967003
Hbx,Scn9a,0.435881,0.24041755,0.18966971
Hbx,Pfdn1,0.3767831,0.20209016,0.18924393
Hbx,Ablim1,0.615506,0.30749148,0.18914688
Hbx,Nxph1,0.7854981,0.3493039,0.1891343
Hbx,Tmem163,0.7321622,0.35714373,0.18909746
Hbx,Man1a,0.3368019,0.18031323,0.18881124
Hbx,St5,0.27709067,0.17073138,0.18865344
Hbx,Mrps33,0.37964547,0.19773477,0.18859845
Hbx,Epb41l4a,0.26655167,0.16289169,0.18855616
Hbx,Ppa1,0.3023846,0.16376276,0.18849714
Hbx,Rapgef6,0.56262887,0.29268292,0.18829334
Hbx,Gucy1a1,0.38106662,0.20992985,0.1882835
Hbx,Plcl1,0.8807523,0.40069833,0.18818647
Hbx,Smc6,0.418703,0.23519109,0.18776442
Hbx,Rere,0.9341253,0.43467093,0.18749106
Hbx,Atp5f1,0.5548432,0.2604525,0.18730378
Hbx,Ndufc1,0.5409408,0.25522596,0.18698967
Hbx,Tpi1,0.45879984,0.22822247,0.18664813
Hbx,Gm27151,0.23109514,0.14982553,0.18626633
Hbx,Srrm2,1.2658246,0.5487823,0.1859374
Hbx,Dzip3,0.61109227,0.3275266,0.18501478
Hbx,Nectin3,0.3387652,0.19250831,0.18486074
Hbx,Rbm39,0.8983887,0.41724908,0.18466365
Hbx,Nrp2,0.64457816,0.3153313,0.18459296
Hbx,Mdh2,0.45141083,0.2308357,0.18432644
Hbx,Ubn2,0.7945971,0.38763195,0.18432117
Hbx,Epb41l1,0.57236797,0.30923367,0.18409124
Hbx,Caly,0.6118488,0.2831009,0.18382534
Hbx,Dynll1,0.5270474,0.2499994,0.18342805
Hbx,Atxn10,0.5405345,0.2822298,0.18303192
Hbx,Romo1,0.38325697,0.19250831,0.18294324
Hbx,Ptprs,0.77198625,0.38501868,0.1827538
Hbx,Myo6,0.43504587,0.24477294,0.18253937
Hbx,Pafah1b1,0.85065365,0.40156943,0.18231386
Hbx,Ppp1r9a,0.6479309,0.33188206,0.18168929
Hbx,Mrfap1,0.53025055,0.25435486,0.18129468
Hbx,Tma7,0.43712464,0.21515632,0.18124878
Hbx,Rap1gap,0.53239906,0.2848431,0.18070433
Hbx,Ran,0.44018278,0.21428524,0.18028054
Hbx,Atp5k,0.58401257,0.26480797,0.18019548
Hbx,Gm45323,0.4183155,0.2195117,0.17981067
Hbx,Cux1,0.4680038,0.2613236,0.17978293
Hbx,Atp5b,0.7312396,0.3371086,0.17972285
Hbx,Calm3,0.6904309,0.3153313,0.17970246
Hbx,A230006K03Rik,0.98635775,0.43467093,0.17864501
Hbx,Hnrnpk,0.5868029,0.29094073,0.17856306
Hbx,Rbx1,0.42271566,0.21864063,0.1783751
Hbx,Lrch3,0.4469891,0.24303079,0.17799383
Hbx,Gm4221,0.23185873,0.12891968,0.17790042
Hbx,Actb,1.2766129,0.49042082,0.17787683
Hbx,Ndufb10,0.49620712,0.23780432,0.17721379
Hbx,Dock3,1.0127673,0.46254587,0.17709571
Hbx,Gabbr2,1.1689062,0.5087134,0.1766026
Hbx,Dad1,0.47111386,0.23257786,0.1764414
Hbx,Ndufa8,0.36234462,0.19337939,0.17631738
Hbx,Soga3,0.49209976,0.26916343,0.17588231
Hbx,Hnrnpa1,0.44970137,0.24390186,0.17564788
Hbx,Mbnl2,0.7498418,0.37369448,0.17554641
Hbx,Sh3bgrl2,0.32464695,0.19947693,0.1754645
Hbx,Eif4a2,0.6360745,0.3040071,0.17542106
Hbx,Plekha6,0.48154378,0.26655015,0.1753625
Hbx,Mllt11,0.34498715,0.17944215,0.175162
Hbx,Zfp618,0.3271894,0.18815292,0.17505983
Hbx,Hecw1,0.7671301,0.36672574,0.17494452
Hbx,Gpx4,0.6574266,0.29965165,0.17465031
Hbx,Aes,0.55520856,0.2709056,0.17446223
Hbx,Gmds,0.5324855,0.27874544,0.17358968
Hbx,Ssb,0.45328876,0.2386754,0.17305702
Hbx,Ndufv2,0.43287048,0.22822247,0.17293006
Hbx,Gm20696,0.30676958,0.17073138,0.1727967
Hbx,Lrp8,0.39017475,0.22386709,0.17276564
Hbx,Arglu1,0.61094916,0.32317114,0.17172676
Hbx,Ndufs5,0.56729287,0.2613236,0.17170289
Hbx,Fgfr2,0.53931737,0.283972,0.17152888
Hbx,Selenom,0.46554443,0.22473817,0.17103988
Hbx,Sstr2,0.23831616,0.14024368,0.17055611
Hbx,Cnih3,0.2773983,0.1777,0.17024662
Hbx,Ndufb9,0.61201775,0.28658527,0.17024648
Hbx,Gm1673,0.51257336,0.24041755,0.17016095
Hbx,Atp6v1g1,0.4081246,0.21341416,0.17015168
Hbx,Vdac2,0.4373625,0.22299601,0.17003557
Hbx,Kcnn2,0.68551415,0.33013988,0.1699059
Hbx,Sdhb,0.35970443,0.19337939,0.16986842
Hbx,Ndufs7,0.45955157,0.22299601,0.16986206
Hbx,Acp1,0.43893838,0.23954648,0.16960627
Hbx,Pfdn5,0.71654874,0.32317114,0.169222
Hbx,Agbl4,1.332787,0.53571635,0.16922092
Hbx,Sub1,0.42401695,0.21776955,0.16903803
Hbx,Pfn2,0.41686735,0.21080093,0.16892609
Hbx,Cadm2,2.5974355,0.8022614,0.16890097
Hbx,Sorcs2,0.39236352,0.2160274,0.16886933
Hbx,Lrba,0.5914732,0.29878056,0.16883701
Hbx,Ndufb2,0.41844368,0.21689847,0.16873029
Hbx,Rheb,0.40404812,0.2160274,0.16673371
Hbx,Fam219a,0.46416503,0.2604525,0.16643581
Hbx,Nexmif,0.360276,0.200348,0.16636692
Hbx,Sumo1,0.4604627,0.24215971,0.16630346
Hbx,Eif4g3,0.67016965,0.34669062,0.16623288
Hbx,Ndufa12,0.47067142,0.23606217,0.16566375
Hbx,Rtn4,1.1397147,0.48693645,0.1656571
Hbx,Set,0.47260472,0.23954648,0.16565529
Hbx,Sfxn5,0.37651289,0.2195117,0.16557421
Hbx,Unc13b,0.35074687,0.19947693,0.16549692
Hbx,Paip2,0.53688926,0.27874544,0.16526556
Hbx,Prpf4b,0.51759624,0.28571418,0.16506898
Hbx,2010107E04Rik,0.4856034,0.22909355,0.1650393
Hbx,Cntnap5b,0.70949227,0.32578442,0.16487694
Hbx,Ptprr,0.486095,0.2630658,0.1648655
Hbx,Ndufs4,0.4210294,0.2386754,0.16484174
Hbx,Camk2n1,0.66057193,0.3048782,0.1645689
Hbx,Eda,0.2539133,0.14634122,0.16427046
Hbx,Npm1,0.5674437,0.27003452,0.16426632
Hbx,Gm12128,0.20124137,0.11585352,0.16388974
Hbx,Hspd1,0.3978422,0.21254309,0.16388687
Hbx,Ptov1,0.371786,0.20383231,0.16354106
Hbx,Cycs,0.40812927,0.19947693,0.16322938
Hbx,Eml5,0.75296056,0.37717885,0.16301024
Hbx,Sem1,0.41314337,0.2160274,0.16299325
Hbx,Ndufa2,0.52816784,0.24390186,0.16291666
Hbx,Lima1,0.21178679,0.13501722,0.16261145
Hbx,Hprt,0.36974257,0.20383231,0.16244686
Hbx,Nap1l1,0.56835735,0.29181182,0.16224363
Hbx,Vapa,0.46806663,0.24215971,0.1621812
Hbx,Olfm2,0.39876634,0.22909355,0.16216998
Hbx,Ank3,1.7108119,0.64895445,0.16208398
Hbx,Mrps14,0.2878984,0.16289169,0.16208115
Hbx,Rap2a,0.26267812,0.16550492,0.16173506
Hbx,Elfn1,0.3292419,0.18989508,0.16130438
Hbx,Sec61g,0.39202338,0.20557447,0.16096963
Hbx,Ankrd12,0.6864342,0.3510461,0.16050583
Hbx,Hecw2,0.74200404,0.35627264,0.15997851
Hbx,Snu13,0.32479537,0.17595784,0.15987131
Hbx,Ftl1,0.6266853,0.30052274,0.15929997
Hbx,Cdh9,0.3251315,0.17160246,0.1592018
Hbx,Prdx1,0.42521486,0.21864063,0.15873492
Hbx,Pura,0.5243531,0.2726478,0.15871596
Hbx,Tbc1d4,0.26841506,0.15679415,0.15859658
Hbx,Pcbd1,0.2030626,0.122822136,0.1584307
Hbx,Hnrnpa2b1,0.8679888,0.41986236,0.15838814
Hbx,Ddx17,0.6379233,0.33101097,0.15821955
Hbx,Gm45881,0.48712096,0.25435486,0.15817404
Hbx,Nsd1,0.5992081,0.31446022,0.15800303
Hbx,Dner,0.90668356,0.41812018,0.1579225
Hbx,Serf2,0.54335797,0.26742125,0.15774915
Hbx,Snca,0.42896166,0.23257786,0.15772295
Hbx,Sec62,0.75523144,0.35191718,0.15766352
Hbx,Sfr1,0.3318021,0.1811843,0.15757501
Hbx,Ndufb3,0.45150468,0.22473817,0.1574778
Hbx,Ndufb8,0.46338344,0.22996463,0.15722913
Hbx,Rufy3,0.5642603,0.29616728,0.1571903
Hbx,Tmlhe,0.24855419,0.1585363,0.1570732
Hbx,Swi5,0.40776095,0.21167201,0.15682563
Hbx,Sod1,0.42870596,0.22648032,0.15643859
Hbx,Syt13,0.44130033,0.24477294,0.15633482
Hbx,Nr4a3,0.20644641,0.1358883,0.1562052
Hbx,Cfl1,0.5169026,0.25871032,0.15613076
Hbx,Hspa1b,0.2647377,0.1358883,0.1559492
Hbx,Exoc4,0.77004975,0.37456557,0.15590584
Hbx,Son,0.7353895,0.36237028,0.15588063
Hbx,Stim1,0.3531574,0.20383231,0.15584297
Hbx,Dgkz,0.45717573,0.25348377,0.1557503
Hbx,Cdh22,0.28241304,0.17073138,0.15551664
Hbx,Psmb6,0.3118949,0.17247353,0.15498596
Hbx,Sf3b2,0.41313568,0.2273514,0.15480787
Hbx,Spag9,0.74864036,0.37543666,0.15469867
Hbx,Map1lc3a,0.43372872,0.21080093,0.15459436
Hbx,Kansl1,0.75723124,0.37543666,0.15447503
Hbx,Ndufb5,0.50674886,0.24041755,0.15427223
Hbx,Morf4l2,0.3928828,0.21515632,0.15400556
Hbx,Ube2ql1,0.20811239,0.13763045,0.15397683
Hbx,Tle4,0.34852812,0.200348,0.15386851
Hbx,2410015M20Rik,0.31356192,0.17073138,0.15377162
Hbx,Dync1i1,0.5705813,0.29616728,0.15368542
Hbx,Irx2,0.2683013,0.16724707,0.15347049
Hbx,Peg3,0.9971845,0.46864352,0.1534406
Hbx,Atp1b1,1.453922,0.56359035,0.15270436
Hbx,Psma7,0.3950127,0.20470339,0.15244874
Hbx,Spcs2,0.3935527,0.20557447,0.15221539
Hbx,Ptma,1.1062192,0.4599326,0.15196931
Hbx,Vstm2b,0.32574964,0.189024,0.15179564
Hbx,Ssh2,0.6383259,0.3179446,0.15175521
Hbx,Ndn,0.44189706,0.21254309,0.15172651
Hbx,Trp53i11,0.29934138,0.17421569,0.15152486
Hbx,Shtn1,0.5230483,0.2848431,0.15138373
Hbx,Luc7l2,1.1351418,0.51481086,0.15102476
Hbx,Park7,0.41435558,0.20992985,0.15088913
Hbx,Tmcc1,0.65830827,0.3379797,0.15070057
Hbx,Vdac3,0.3486,0.18292646,0.15069477
Hbx,Cox14,0.3350743,0.1811843,0.15058975
Hbx,Ubc,0.5215433,0.25871032,0.15039438
Hbx,Tubb5,0.3316655,0.17944215,0.14929822
Hbx,Scoc,0.49823934,0.24303079,0.14919582
Hbx,Lin28b,0.38922957,0.2160274,0.14892161
Hbx,Cend1,0.35301554,0.18292646,0.14877817
Hbx,Usp34,0.8160049,0.4041827,0.14876074
Hbx,Nbdy,0.28292885,0.17247353,0.14872935
Hbx,Cers4,0.436444,0.24912833,0.14861014
Hbx,Klhl7,0.41284162,0.23519109,0.14826891
Hbx,Purb,0.57946926,0.28919855,0.148182
Hbx,1700024B18Rik,0.21150394,0.13153291,0.14789945
Hbx,Uqcrfs1,0.3130657,0.1698603,0.14775723
Hbx,Ndfip2,0.46664295,0.25696814,0.14771459
Hbx,Arhgap5,0.63643867,0.3275266,0.14768863
Hbx,Cep170,0.44079828,0.24912833,0.14768732
Hbx,Ly6h,0.71174175,0.32491332,0.14752209
Hbx,Psmb1,0.37436903,0.200348,0.14732477
Hbx,Dtnb,0.45270035,0.24738617,0.14728823
Hbx,Fchsd2,0.56671596,0.29790947,0.14690897
Hbx,Nedd4l,0.7565066,0.3728234,0.14663732
Hbx,Jakmip2,0.63772994,0.33188206,0.14659563
Hbx,Selenow,0.70570076,0.32578442,0.14644086
Hbx,Cdc42,0.5615775,0.2831009,0.14607209
Hbx,Mtch1,0.5000576,0.2613236,0.146059
Hbx,Atp5c1,0.46590975,0.2386754,0.14589915
Hbx,Gucy1b1,0.3382387,0.1968637,0.14582974
Hbx,Sema3e,0.38455474,0.20121908,0.14546616
Hbx,Myo9a,0.7045701,0.35453045,0.14534312
Hbx,Snap25,1.343791,0.57752734,0.14530528
Hbx,Dnajb6,0.42590156,0.23170678,0.14525402
Hbx,Tceal9,0.30822575,0.17247353,0.14512926
Hbx,Top1,0.5049337,0.2717767,0.14478889
Hbx,Postn,0.14957088,0.06968643,0.14478616
Hbx,Aig1,0.6013682,0.31446022,0.1446217
Hbx,Ralgapa1,0.77492696,0.3815343,0.14449924
Hbx,Nop10,0.29323038,0.15940738,0.1444145
Hbx,Hsbp1,0.37385136,0.19773477,0.14432655
Hbx,Txn1,0.3063612,0.17334461,0.1443051
Hbx,Pacrg,0.38380197,0.21080093,0.1438038
Hbx,Atp1a1,0.4851272,0.2604525,0.14376062
Hbx,Nfat5,0.5842919,0.3048782,0.14355215
Hbx,Gpi1,0.5322788,0.27787435,0.14352617
Hbx,Cisd1,0.39945987,0.19599262,0.1431221
Hbx,Cfdp1,0.36021078,0.20296124,0.14295232
Hbx,Mdga2,1.8787072,0.67247313,0.14291644
Hbx,Cab39l,0.2809336,0.166376,0.14263338
Hbx,Cfap36,0.40631893,0.2308357,0.14258257
Hbx,Plk2,0.22228903,0.13850152,0.14256983
Hbx,Tcerg1,0.43136784,0.23780432,0.14255846
Hbx,Tmem255a,0.341783,0.1968637,0.14250451
Hbx,Selenof,0.4349171,0.2273514,0.14236864
Hbx,Dnaja1,0.5535672,0.26916343,0.14225441
Hbx,Ccdc187,0.16192977,0.10975598,0.14202796
Hbx,Nucks1,0.43867123,0.22996463,0.14197129
Hbx,Trappc6b,0.31951636,0.18031323,0.14183992
Hbx,B3gat1,0.44304904,0.23606217,0.14171118
Hbx,Pcdh19,0.3451827,0.18292646,0.1415405
Hbx,Rundc3a,0.40936348,0.2273514,0.14146355
Hbx,Pam16,0.29236028,0.16114953,0.14110638
Hbx,Slc25a3,0.6043385,0.293554,0.14108628
Hbx,Pkm,0.59524876,0.2822298,0.14088568
Hbx,Spop,0.5734852,0.3048782,0.1404857
Hbx,Cct7,0.32926738,0.18989508,0.14044914
Hbx,Bcas2,0.3231603,0.1811843,0.14012718
Hbx,Osbpl9,0.5484131,0.29790947,0.14011464
Hbx,Eif1b,0.34798416,0.1855397,0.13990901
Hbx,Amy1,0.5161344,0.26829234,0.13977763
Hbx,1110004F10Rik,0.33724153,0.18641077,0.1397063
Hbx,Ina,0.36854807,0.20383231,0.1395645
Hbx,Evi5,0.39893803,0.23519109,0.13949907
Hbx,Cldnd1,0.31445363,0.18379754,0.1394973
Hbx,Tnrc6b,0.7420473,0.3728234,0.13948238
Hbx,Mark1,0.33446807,0.19337939,0.13925187
Hbx,Zkscan16,0.23976529,0.16027845,0.13819544
Hbx,Ywhah,0.5097693,0.24215971,0.13808939
Hbx,Ptpro,0.29544875,0.17247353,0.13808142
Hbx,Irx1,0.20156313,0.13153291,0.13798997
Hbx,Ndufa6,0.40444466,0.20644554,0.13796067
Hbx,Gm45321,0.23368579,0.13327506,0.13780782
Hbx,Celf6,0.24822722,0.1585363,0.13737762
Hbx,Cdk17,0.38153535,0.22125386,0.1371936
Hbx,Btf3,0.37571514,0.19250831,0.13717726
Hbx,Dynlrb1,0.3693507,0.1968637,0.13709256
Hbx,Stk3,0.3429948,0.19163723,0.13701975
Hbx,Tbl1x,0.41735232,0.23257786,0.1369783
Hbx,Prune2,0.3502229,0.20905878,0.1368358
Hbx,Zfr,0.63475347,0.3275266,0.13682947
Hbx,Gm5441,0.21084328,0.13066183,0.13668412
Hbx,Cox6a1,0.5908089,0.29094073,0.13661724
Hbx,Odf2,0.3555376,0.21167201,0.13645047
Hbx,Mpped2,0.34919587,0.20121908,0.13640724
Hbx,AI314180,0.55084646,0.29616728,0.13636184
Hbx,Sf3b6,0.28824767,0.16463384,0.13623069
Hbx,Grik4,0.46609756,0.24303079,0.13613272
Hbx,Ubr5,0.59307444,0.31271803,0.1358372
Hbx,Rab18,0.2930943,0.17160246,0.13582121
Hbx,Dlg1,0.44420445,0.2499994,0.13569236
Hbx,Psmb2,0.33143032,0.19076616,0.13542482
Hbx,Gm15155,0.24946342,0.13153291,0.13538368
Hbx,Cnbp,0.36659113,0.20296124,0.13536635
Hbx,Tdp1,0.19738097,0.12543537,0.13528238
Hbx,Senp7,0.41271436,0.23780432,0.13493806
Hbx,Phf14,0.6047443,0.3266555,0.13481286
Hbx,AC154683.1,0.21296583,0.13763045,0.13473895
Hbx,Nr4a2,0.40797168,0.21689847,0.13467196
Hbx,Dennd1a,0.7520384,0.36411247,0.13465738
Hbx,Kcnk10,0.288596,0.17508677,0.13445792
Hbx,Brd8,0.3018274,0.18641077,0.13428767
Hbx,Gm21798,0.20141593,0.12369321,0.1342493
Hbx,Bicd1,0.6948516,0.3397219,0.13424528
Hbx,Gm44593,0.20753995,0.116724595,0.13408604
Hbx,Gm37240,0.26175478,0.15156768,0.1339409
Hbx,Hcfc1r1,0.30645904,0.16463384,0.1337874
Hbx,Vcp,0.40258288,0.22560924,0.13373831
Hbx,Ube2e3,0.37232417,0.21080093,0.13352159
Hbx,Gm48091,0.183952,0.11498244,0.13347231
Hbx,Nrn1,0.6329721,0.30226493,0.1334635
Hbx,Ndufs6,0.3571385,0.18815292,0.13332981
Hbx,Ndufa3,0.4248357,0.2160274,0.13332486
Hbx,Phactr1,0.68824685,0.3275266,0.13330549
Hbx,Nrsn2,0.40564284,0.21515632,0.13329217
Hbx,Baiap3,0.23193903,0.14459907,0.13315964
Hbx,Ica1,0.53231966,0.28832746,0.13299948
Hbx,Gm36975,0.23034602,0.13675937,0.13274336
Hbx,Gm2516,0.21768229,0.13327506,0.13255997
Hbx,Celf3,0.33280176,0.20296124,0.13255045
Hbx,Sdhaf4,0.20339146,0.1280486,0.13238758
Hbx,Miat,0.64166063,0.32142895,0.13228631
Hbx,Rhoa,0.37225187,0.2081877,0.13217247
Hbx,Wscd1,0.28837174,0.166376,0.13209215
Hbx,Mrpl23,0.26994038,0.15330984,0.13204105
Hbx,Pfn1,0.30623856,0.16811815,0.13203095
Hbx,Fis1,0.4158803,0.21515632,0.13195094
Hbx,Arfgef1,0.4450373,0.24825725,0.13177279
Hbx,Arhgef11,0.34425008,0.1968637,0.13165008
Hbx,D8Ertd738e,0.31204057,0.17247353,0.131545
Hbx,Mrpl52,0.2954744,0.16898923,0.1315405
Hbx,Ext1,0.4410383,0.23344894,0.13151866
Hbx,Hnrnpl,0.34009188,0.20209016,0.13127063
Hbx,Adam23,0.5475554,0.28571418,0.13125944
Hbx,AC154782.1,0.1846678,0.11324029,0.13103284
Hbx,Xpo7,0.35363284,0.20731662,0.13069314
Hbx,Dennd5b,0.46105912,0.25696814,0.13068536
Hbx,Eif2s2,0.40418422,0.21515632,0.13058221
Hbx,Cul3,0.42765027,0.24390186,0.13042256
Hbx,Zfand6,0.34977487,0.20644554,0.13032278
Hbx,Idh3b,0.31833768,0.18641077,0.13026012
Hbx,Msmo1,0.3278124,0.19163723,0.13024256
Hbx,Cetn3,0.28763098,0.1698603,0.13023686
Hbx,Psmb4,0.30590668,0.17160246,0.13006565
Hbx,Adamts12,0.13727486,0.08710797,0.12939677
Hbx,Greb1l,0.25877023,0.14895445,0.12921469
Hbx,Rbfox2,0.70822525,0.3614992,0.12906575
Hbx,Clk1,0.43766573,0.2465151,0.12903747
Hbx,Dynll2,0.75586224,0.35191718,0.12888181
Hbx,Tbcb,0.3001826,0.16898923,0.12851284
Hbx,Pomp,0.34211335,0.1855397,0.12842643
Hbx,Cox17,0.332015,0.17682892,0.12827052
Hbx,Chd9,0.6356196,0.33101097,0.12821871
Hbx,Prkar1b,0.41670468,0.23344894,0.12812984
Hbx,Psma3,0.4498112,0.24128863,0.12805456
Hbx,Ccdc136,0.409371,0.23693325,0.1280489
Hbx,Copg2,0.389492,0.2273514,0.12803605
Hbx,Dctn3,0.28069052,0.15505199,0.12792772
Hbx,Fxyd7,0.20499313,0.122822136,0.12772748
Hbx,Gabarap,0.36993045,0.19337939,0.12763707
Hbx,Sybu,0.5929809,0.30749148,0.12753949
Hbx,Sarnp,0.32778558,0.19512154,0.12710826
Hbx,Sh3gl2,0.64348114,0.3275266,0.12697607
Hbx,Akt3,0.83437693,0.3937296,0.1269275
Hbx,Adcyap1,0.24093586,0.14198583,0.12683587
Hbx,1810037I17Rik,0.35612965,0.18989508,0.1267842
Hbx,Zranb2,0.74690914,0.37717885,0.12675577
Hbx,Sh3bgrl3,0.29949093,0.166376,0.12667638
Hbx,Higd1a,0.32159722,0.17334461,0.12662563
Hbx,Rab2a,0.523479,0.2735189,0.1263831
Hbx,Tnpo1,0.31803772,0.18379754,0.12608932
Hbx,Chst8,0.24275619,0.15243876,0.12599224
Hbx,Tprgl,0.2696361,0.15330984,0.1258494
Hbx,Ndufa1,0.43717873,0.22212493,0.12565216
Hbx,Psmb5,0.29169095,0.16376276,0.12565036
Hbx,Dtna,0.7281935,0.36498356,0.12561435
Hbx,Clcn3,0.5319286,0.283972,0.12560678
Hbx,Acly,0.27625933,0.16550492,0.12555629
Hbx,Magi3,0.46192914,0.2499994,0.12535927
Hbx,Wac,0.47939265,0.2621947,0.12531483
Hbx,Ndufb6,0.2876511,0.15766522,0.1251927
Hbx,Uqcrc2,0.31048766,0.17944215,0.12519202
Hbx,Celf5,0.42730352,0.24477294,0.12509036
Hbx,Srebf2,0.35653508,0.20470339,0.12500097
Hbx,Atox1,0.27393472,0.15679415,0.12476301
Hbx,Ssu72,0.27187756,0.166376,0.12443447
Hbx,Hypk,0.22334842,0.13675937,0.124345124
Hbx,Aff4,0.47020903,0.26480797,0.124301344
Hbx,Acyp2,0.48025697,0.25871032,0.12429893
Hbx,Ablim3,0.34217262,0.19947693,0.12428479
Hbx,Tceal5,0.23961999,0.1472123,0.12422221
Hbx,Gpatch8,0.60506755,0.31968677,0.124179095
Hbx,Dennd1b,0.4432261,0.2386754,0.12416896
Hbx,Kmt2c,0.6049695,0.32055786,0.12414631
Hbx,Jun,0.4100849,0.20557447,0.12381834
Hbx,Hnrnpd,0.41312292,0.23257786,0.1237694
Hbx,Micu3,0.4820507,0.26393688,0.12368333
Hbx,Cytip,0.14698265,0.10278736,0.123502776
Hbx,Myl12b,0.33207968,0.1811843,0.12348491
Hbx,Cbr1,0.20801434,0.13066183,0.123424694
Hbx,Cd63,0.45806304,0.23954648,0.12303278
Hbx,Gm15584,0.14306025,0.09320551,0.12283218
Hbx,Iqsec1,0.5125395,0.27787435,0.12264153
Hbx,Zc2hc1a,0.27792287,0.17247353,0.12253408
Hbx,Arl6ip1,0.7201603,0.3275266,0.12231606
Hbx,Ndufa11,0.41938,0.20470339,0.12229687
Hbx,Gsdme,0.34663773,0.20209016,0.1222243
Hbx,Pcnp,0.4187434,0.2273514,0.12207097
Hbx,Higd2a,0.25458646,0.14634122,0.12206955
Hbx,Map7d2,0.5233806,0.2726478,0.12184945
Hbx,Psd,0.2781146,0.17073138,0.12177846
Hbx,Txnl1,0.32181165,0.18379754,0.12112199
Hbx,Hspa4,0.3661405,0.20731662,0.12109314
Hbx,Rnf7,0.33422396,0.18815292,0.121036395
Hbx,Pgap1,0.37772134,0.21689847,0.12087464
Hbx,Vat1l,0.39954823,0.22473817,0.12070289
Hbx,Crebbp,0.5017149,0.27526107,0.12054348
Hbx,Mphosph8,0.35465148,0.2081877,0.120520025
Hbx,Nrxn2,0.6102473,0.31881568,0.120434105
Hbx,Kcnn3,0.31787694,0.1855397,0.12035607
Hbx,Skp1a,0.3869173,0.20470339,0.12018579
Hbx,Cfap20,0.25160947,0.15940738,0.12016693
Hbx,Nudc,0.35016036,0.19425046,0.11995506
Hbx,Rraga,0.25744966,0.14982553,0.11988254
Hbx,Gpr156,0.16674913,0.10191628,0.11986499
Hbx,Mapre2,0.40855742,0.2308357,0.11983147
Hbx,Tcf12,0.5882067,0.30226493,0.11978695
Hbx,Atp2b3,0.3117689,0.18641077,0.11964531
Hbx,Glra2,0.16489084,0.08188151,0.11964287
Hbx,Snap47,0.3336236,0.19076616,0.11963825
Hbx,Immp1l,0.27113092,0.17073138,0.119316354
Hbx,Vstm2a,0.32672504,0.18379754,0.119313374
Hbx,Ost4,0.2392114,0.14198583,0.119238086
Hbx,Mrpl33,0.24469826,0.14982553,0.119186625
Hbx,Cops9,0.3608411,0.19337939,0.11905098
Hbx,Mrps12,0.22179155,0.13414614,0.118850365
Hbx,Me1,0.23022012,0.14982553,0.118825205
Hbx,Plcxd2,0.28500777,0.17247353,0.11869854
Hbx,Mbd5,0.82393014,0.3937296,0.11860621
Hbx,Eef2,0.6485974,0.31968677,0.11849028
Hbx,Cystm1,0.2588733,0.15330984,0.11846669
Hbx,Hint2,0.20983215,0.13327506,0.11844341
Hbx,Tsc22d1,0.5878566,0.31097585,0.11836961
Hbx,Lamtor2,0.2742482,0.16027845,0.11830899
Hbx,Ddx39b,0.45566314,0.25348377,0.11830506
Hbx,Arl2,0.26574868,0.1506966,0.1182152
Hbx,Prmt2,0.28258026,0.17421569,0.118165955
Hbx,Pgk1,0.35481828,0.19163723,0.11803272
Hbx,R3hdm2,0.5429943,0.29181182,0.11802834
Hbx,Rgs4,0.18701193,0.116724595,0.11781276
Hbx,Slc25a5,0.3113209,0.17073138,0.11771917
Hbx,Blcap,0.3133871,0.18379754,0.11762887
Hbx,Ndufv3,0.36686894,0.19076616,0.1172577
Hbx,Psmd11,0.27251363,0.17334461,0.11710976
Hbx,Rsrp1,0.82392645,0.3928585,0.117056966
Hbx,Cltb,0.32739434,0.19076616,0.11702356
Hbx,Srsf2,0.45439044,0.24912833,0.1170041
Hbx,Snrpd2,0.2805919,0.15766522,0.116788834
Hbx,Arid4a,0.29666632,0.18379754,0.11677809
Hbx,Gucy1a2,0.5142753,0.2709056,0.11665577
Hbx,Bhlhe41,0.20699936,0.12979075,0.116546154
Hbx,Vps28,0.2801044,0.15766522,0.11649831
Hbx,Drap1,0.30425608,0.17334461,0.11646354
Hbx,Eef1b2,0.56603855,0.27438998,0.11629537
Hbx,Pnn,0.4141131,0.2386754,0.116196275
Hbx,C230004F18Rik,1.4078214,0.5757852,0.11607134
Hbx,Gm20275,0.2094325,0.12543537,0.11602956
Hbx,Cited2,0.21031892,0.1280486,0.11590877
Hbx,Tcf25,0.6475081,0.31358913,0.11590177
Hbx,Nub1,0.2723095,0.17595784,0.11570987
Hbx,Ywhag,0.5083314,0.2630658,0.11569083
Hbx,Cntfr,0.23309264,0.1472123,0.11565969
Hbx,Kmt2e,0.6031524,0.31881568,0.115621686
Hbx,Trappc4,0.21288703,0.13153291,0.11545091
Hbx,Atp6v0d1,0.2948607,0.17595784,0.11532836
Hbx,Usp14,0.34256276,0.20121908,0.11509745
Hbx,Rnf216,0.29473746,0.17160246,0.11507933
Hbx,Hagh,0.22910579,0.14459907,0.11506811
Hbx,3632451O06Rik,0.33539143,0.19425046,0.114907876
Hbx,Capns1,0.2854492,0.166376,0.11487207
Hbx,Snrpd1,0.25685725,0.14895445,0.1147095
Hbx,Tpt1,1.5403707,0.5940775,0.114708185
Hbx,Gdi2,0.34290212,0.19947693,0.114691675
Hbx,2610037D02Rik,0.29022452,0.16463384,0.11464456
Hbx,Mrpl20,0.24145447,0.13501722,0.114506975
Hbx,Scand1,0.26393208,0.15243876,0.11432858
Hbx,Ttc3,1.6693801,0.6541808,0.11432123
Hbx,Pak2,0.2590915,0.16463384,0.11430411
Hbx,Sfpq,0.6240496,0.3283977,0.114272356
Hbx,Kdm2a,0.36550328,0.20905878,0.11421907
Hbx,Bex4,0.19562773,0.12369321,0.11417472
Hbx,Polr2g,0.23337309,0.14111476,0.114040464
Hbx,Csnk1g1,0.3766631,0.2195117,0.114025325
Hbx,Mrpl41,0.23841333,0.14547014,0.11388888
Hbx,Pnmal1,0.3037463,0.17595784,0.1137781
Hbx,Ypel3,0.30968088,0.17247353,0.11368267
Hbx,Asic1,0.23536904,0.14634122,0.11355018
Hbx,Mrps34,0.18817693,0.11759567,0.113407075
Hbx,Zfp292,0.38806155,0.22822247,0.11330399
Hbx,Kif2a,0.43370694,0.24128863,0.113263786
Hbx,Chd3os,0.34253538,0.18641077,0.11322978
Hbx,Hnrnph3,0.35505122,0.20557447,0.1132157
Hbx,Cers5,0.2807657,0.17682892,0.11314204
Hbx,Asxl3,0.26009944,0.15679415,0.11305499
Hbx,Ccnt2,0.3937521,0.2160274,0.11287111
Hbx,Tceal6,0.18990059,0.122822136,0.11277669
Hbx,Cyc1,0.30640575,0.17073138,0.112713456
Hbx,Wbp4,0.27561116,0.16027845,0.11262207
Hbx,Rab38,0.12133336,0.09059228,0.11256617
Hbx,Rabac1,0.50585175,0.24912833,0.11255583
Hbx,Picalm,0.39076287,0.22038278,0.11241397
Hbx,Kctd4,0.18042898,0.12369321,0.1123973
Hbx,Hmgcs1,0.35860592,0.19860585,0.112384096
Hbx,Arl3,0.41378176,0.22473817,0.11221722
Hbx,Bcas3,0.49468133,0.2630658,0.1120387
Hbx,Kcnq1ot1,1.0538801,0.45644823,0.11189461
Hbx,Trp53bp1,0.3770474,0.21341416,0.11181131
Hbx,Arpc5l,0.25534415,0.1506966,0.111684844
Hbx,Prkcq,0.30375063,0.16898923,0.111677036
Hbx,Eno2,0.4318601,0.2386754,0.111579
Hbx,Cox7a2l,0.4067559,0.21428524,0.11152688
Hbx,Esd,0.22623321,0.14111476,0.11141719
Hbx,Dpysl3,0.2837693,0.17334461,0.111376286
Hbx,Cox20,0.21469383,0.13763045,0.11129133
Hbx,Mipol1,0.24919696,0.15330984,0.11128874
Hbx,Pdcd5,0.27332234,0.15418091,0.11125167
Hbx,Pdcd4,0.31526637,0.19163723,0.11108479
Hbx,Trim35,0.26962954,0.17334461,0.110660255
Hbx,Fos,0.5021203,0.2386754,0.11058
Hbx,Ndufb7,0.3745652,0.19425046,0.11048883
Hbx,Osbpl3,0.30298904,0.17857108,0.110427335
Hbx,Xrn1,0.39740893,0.23344894,0.110420585
Hbx,Gnl3l,0.3642378,0.20470339,0.110419005
Hbx,Polr2m,0.28121454,0.16376276,0.110411614
Hbx,Zfp521,0.21501628,0.120208904,0.11039403
Hbx,Ap2s1,0.26031014,0.15156768,0.110362396
Hbx,Srp9,0.27067566,0.15766522,0.11033942
Hbx,Tomm7,0.36398396,0.19163723,0.11014372
Hbx,Lsm6,0.2431638,0.14895445,0.11006954
Hbx,Churc1,0.20870289,0.13066183,0.11005058
Hbx,Ss18l2,0.21396017,0.12979075,0.110037126
Hbx,Polr2k,0.2376221,0.1393726,0.109956235
Hbx,Zfp950,0.41134524,0.2308357,0.10989562
Hbx,Rab21,0.29209644,0.17682892,0.109887004
Hbx,Fmc1,0.21744624,0.13414614,0.10983553
Hbx,Immp2l,0.4708833,0.23693325,0.10978761
Hbx,Prkar1a,0.5768393,0.28658527,0.109770894
Hbx,Minos1,0.37874293,0.20209016,0.10973132
Hbx,Smim10l1,0.36042276,0.19512154,0.109730154
Hbx,Ptp4a2,0.35763043,0.19947693,0.10935469
Hbx,Inpp4a,0.34944597,0.21167201,0.10929899
Hbx,Ash1l,0.565469,0.30052274,0.10925421
Hbx,Arih1,0.5500721,0.293554,0.10914758
Hbx,Zcchc7,0.7749965,0.37979212,0.1091283
Hbx,Trappc2l,0.21886393,0.13414614,0.10903097
Hbx,Meaf6,0.26456568,0.15940738,0.10899809
Hbx,Mapk10,1.0158184,0.45557714,0.108964264
Hbx,Hp1bp3,0.3886291,0.21254309,0.10876328
Hbx,Ndufs3,0.25976568,0.16114953,0.10872039
Hbx,Kif1b,0.9972518,0.46777242,0.10862887
Hbx,Tcp11l1,0.27763182,0.17595784,0.108519
Hbx,Rtraf,0.25513232,0.14808337,0.10845783
Hbx,Ncl,0.42070463,0.22125386,0.10842094
Hbx,Ilf2,0.24036434,0.1506966,0.1084189
Hbx,Tusc3,0.50739396,0.26480797,0.10840884
Hbx,Zdbf2,0.25515038,0.1585363,0.10837296
Hbx,Psmb7,0.24789792,0.15243876,0.108269945
Hbx,Gtf2h5,0.25797704,0.15156768,0.108183905
Hbx,Fus,0.7471493,0.3815343,0.10818362
Hbx,Cbx1,0.22250406,0.14895445,0.10807587
Hbx,Gkap1,0.29475996,0.17857108,0.1080738
Hbx,Prdx5,0.37152395,0.19512154,0.10801074
Hbx,AW554918,0.34012884,0.19512154,0.10773359
Hbx,Mrps6,0.17650822,0.11846675,0.107637264
Hbx,Trmt112,0.23326448,0.13763045,0.10759224
Hbx,Ap3b2,0.3098151,0.189024,0.10723825
Hbx,Manf,0.26371676,0.16114953,0.107216805
Hbx,Map6,0.31946826,0.19337939,0.107166946
Hbx,Btg1,0.18404894,0.11933783,0.10707092
Hbx,Arf5,0.2857678,0.16114953,0.106977075
Hbx,Eif3i,0.22170392,0.1358883,0.106793754
Hbx,Dync2h1,0.44767812,0.24215971,0.10667476
Hbx,Mapt,0.73998874,0.3702101,0.106456876
Hbx,Prkaca,0.29814798,0.17595784,0.10640898
Hbx,Rsrc2,0.36851802,0.21515632,0.106386155
Hbx,Tcaf1,0.5811866,0.3048782,0.10633823
Hbx,Slit1,0.2666739,0.16550492,0.106288746
Hbx,Chd6,0.5242559,0.28745636,0.10620171
Hbx,Psmc5,0.34621468,0.19250831,0.10617596
Hbx,Fam19a2,0.7322253,0.32926878,0.1061663
Hbx,Syt10,0.17481485,0.10801382,0.10592138
Hbx,Scmh1,0.4591076,0.25261268,0.10588208
Hbx,Zic5,0.1824427,0.12107998,0.105710596
Hbx,Isca2,0.19195579,0.12979075,0.10567046
Hbx,Zfp612,0.21826726,0.14459907,0.10563615
Hbx,Fam184a,0.28177723,0.17073138,0.10555747
Hbx,Fam172a,0.5076629,0.2717767,0.105490595
Hbx,Hdac9,1.1021693,0.46428806,0.105475545
Hbx,Helz,0.37596062,0.22212493,0.1053347
Hbx,Coa3,0.24273983,0.13763045,0.10530014
Hbx,Timm17a,0.22907448,0.14111476,0.10524689
Hbx,Dstn,0.36642382,0.19512154,0.10517123
Lateral,Trpm3,3.9639988,0.9401931,2.0151665
Lateral,Htr2c,2.4706836,0.74509805,1.796721
Lateral,Cpne4,2.544964,0.79705805,1.7114179
Lateral,Rbms3,2.5752213,0.81372446,1.6001086
Lateral,Nwd2,2.9257953,0.8470573,1.585091
Lateral,Adgrb3,3.4191394,0.9284286,1.5001452
Lateral,Mgat4c,2.9513059,0.8499984,1.49631
Lateral,Msi2,2.721162,0.85686105,1.4073604
Lateral,Nrg1,2.663078,0.79705805,1.3909845
Lateral,Fgf14,3.758366,0.9411735,1.3630137
Lateral,Erbb4,2.3063126,0.7176475,1.286963
Lateral,Nlgn1,3.6534443,0.9323501,1.2733529
Lateral,Csmd3,2.754277,0.7950973,1.2502254
Lateral,Ncam2,2.7155848,0.8372535,1.2439642
Lateral,Pde4d,2.7161489,0.83921427,1.2400482
Lateral,Grik2,2.6301892,0.81862634,1.2079079
Lateral,Pcdh15,1.9352742,0.6392173,1.1905439
Lateral,Lingo2,2.9761019,0.84901804,1.1637548
Lateral,Lhfpl3,2.3656044,0.77548975,1.1533165
Lateral,Kctd8,2.063663,0.70588297,1.1252766
Lateral,Dlg2,3.2507694,0.8970565,1.1148803
Lateral,Cdh8,2.040259,0.67647165,1.070482
Lateral,Galnt13,2.156661,0.7254905,1.0690714
Lateral,Chrm2,1.3389548,0.46372873,1.054122
Lateral,Agbl4,2.1455894,0.7313728,1.0377636
Lateral,Syt1,3.0928855,0.8754882,1.0137451
Lateral,Dpp10,2.1462743,0.7352943,1.0060446
Lateral,Car10,1.9057328,0.6656875,0.98304576
Lateral,Grid1,1.6579697,0.59510034,0.96506226
Lateral,Macrod2,2.7120514,0.83529276,0.96198547
Lateral,Sntg1,2.0219696,0.69803995,0.9118099
Lateral,Pam,2.0448358,0.7205886,0.9096588
Lateral,Robo1,2.878512,0.85195917,0.9080206
Lateral,Gm45881,1.169925,0.48235646,0.8876618
Lateral,Mast4,1.8415315,0.64607996,0.8783623
Lateral,Lrfn5,2.2656188,0.7519607,0.8694354
Lateral,D130079A08Rik,1.1702104,0.48137605,0.86869717
Lateral,Ephb1,1.1765306,0.46372873,0.866012
Lateral,Thsd7a,1.8228528,0.65980524,0.86592543
Lateral,A330008L17Rik,1.2470537,0.46470913,0.86504114
Lateral,Tenm1,1.9637498,0.66764826,0.8602207
Lateral,Plcl1,1.5067914,0.5872573,0.8566467
Lateral,Ctnna2,2.6339707,0.8166656,0.8559059
Lateral,Klhl29,1.378304,0.53529733,0.84042174
Lateral,Kcnma1,3.1413429,0.8990173,0.8312478
Lateral,Cntnap2,3.7330506,0.93823236,0.81915545
Lateral,Nkain2,2.810145,0.8215675,0.8143462
Lateral,Tenm2,3.0173452,0.8382339,0.8126812
Lateral,Lsamp,4.16902,0.9715652,0.80830765
Lateral,Rims1,2.151233,0.7392158,0.7935394
Lateral,Eml5,1.3232344,0.5372581,0.772001
Lateral,Kcnh5,1.082889,0.45784628,0.74397427
Lateral,B3galt1,1.647943,0.6107864,0.7344874
Lateral,Tmem163,1.2384245,0.50490564,0.72933865
Lateral,Rcan2,1.2447053,0.5078468,0.72581595
Lateral,Pbx3,1.042108,0.43725774,0.7244746
Lateral,Snhg11,3.5117726,0.96372217,0.7183287
Lateral,Apba1,1.4916182,0.5764732,0.70998466
Lateral,Pbx1,1.8677568,0.66372675,0.7090839
Lateral,Ptprn2,1.7072954,0.63431543,0.7067183
Lateral,Erc2,2.0626922,0.72451013,0.6874455
Lateral,Ntm,2.184828,0.6921577,0.6852608
Lateral,Ralyl,2.2056818,0.74117655,0.6755599
Lateral,Dpp6,2.2573307,0.7637252,0.6749058
Lateral,Ank3,2.1850863,0.7333335,0.6683235
Lateral,Ppfia2,1.7286695,0.6274528,0.6574607
Lateral,Fat3,1.5152094,0.57353204,0.65402836
Lateral,Grm5,1.9149103,0.661766,0.64055324
Lateral,Gria1,2.0749032,0.74117655,0.637516
Lateral,Slc2a13,1.3722326,0.53921884,0.63626957
Lateral,Dcc,1.8153093,0.64607996,0.63310564
Lateral,Fstl5,1.0907835,0.45000303,0.62817127
Lateral,Zfhx4,0.91770834,0.4058847,0.6265328
Lateral,Sgcz,1.7060628,0.59902185,0.6234298
Lateral,Tmeff2,1.5348792,0.58137506,0.6135103
Lateral,Prkcb,1.2307793,0.5196113,0.6018771
Lateral,Gria4,1.9528412,0.7078437,0.59233475
Lateral,Lrp1b,2.674457,0.7852935,0.58333564
Lateral,A230057D06Rik,1.5944133,0.61568826,0.57405686
Lateral,Mdga2,2.2816138,0.7568626,0.5729319
Lateral,Naaladl2,1.2300024,0.4892193,0.5710489
Lateral,Dach1,1.0077021,0.4176496,0.56940544
Lateral,Nrxn1,3.3388312,0.9019584,0.56805634
Lateral,Ctnnd2,1.9038478,0.6911773,0.5634954
Lateral,Gnao1,1.4149082,0.57255167,0.56221
Lateral,Cacna1e,1.6320102,0.62843317,0.5605862
Lateral,Nyap2,0.91409355,0.40882593,0.53771234
Lateral,Eml6,1.1286972,0.48137605,0.5226704
Lateral,Ccdc85a,1.1510035,0.4882389,0.5220151
Lateral,Zfp385b,0.9718494,0.4196104,0.518597
Lateral,Magi1,1.1931738,0.49706256,0.5173895
Lateral,Camk2d,1.0387012,0.4598071,0.5166452
Lateral,Cntnap4,0.9121719,0.40980634,0.5063104
Lateral,Hdac9,1.4757951,0.58235544,0.50447917
Lateral,Syne1,1.750602,0.65490335,0.50013113
Lateral,Negr1,2.0639937,0.6990203,0.49210322
Lateral,Tcf7l2,1.1753511,0.4901997,0.49171287
Lateral,A230006K03Rik,1.2758069,0.5098075,0.48689783
Lateral,Rasgef1b,0.937769,0.39411983,0.48578942
Lateral,Tnr,1.3469654,0.5313758,0.48577714
Lateral,Vav3,1.3832142,0.550003,0.48522013
Lateral,Kcnn2,0.97354114,0.42549285,0.47671366
Lateral,Magi2,2.3564625,0.7823524,0.47625434
Lateral,Auts2,1.9060572,0.6656875,0.47513556
Lateral,Ralgapa2,0.9258141,0.4058847,0.47444132
Lateral,9330158H04Rik,0.5195781,0.2382353,0.4729346
Lateral,Cadm2,2.8824577,0.8470573,0.47250128
Lateral,Elavl4,1.0411245,0.46372873,0.47202367
Lateral,Grin2a,1.4259117,0.54314035,0.46447748
Lateral,Dgkb,1.1120318,0.445101,0.4637311
Lateral,Spock3,1.3259596,0.5147094,0.46272558
Lateral,Rgs6,1.0253278,0.41372797,0.45366263
Lateral,Mapk4,0.68024844,0.32451093,0.4479543
Lateral,Scube1,0.8051278,0.3637272,0.4478099
Lateral,Nbea,1.6631131,0.6392173,0.44744718
Lateral,Cntnap5b,0.9744044,0.36666843,0.44698662
Lateral,Tanc2,1.3443722,0.54216,0.44636232
Lateral,Ank2,2.0084856,0.7176475,0.4456905
Lateral,Alcam,1.023936,0.4166692,0.44494987
Lateral,Unc5d,1.0686408,0.39608064,0.44212055
Lateral,Slc8a1,1.2941418,0.50000376,0.4415267
Lateral,Grin3a,0.8966964,0.40098268,0.44016707
Lateral,Cntn6,0.8511279,0.35294273,0.4396607
Lateral,Pard3b,0.67251736,0.31078523,0.43885404
Lateral,Col25a1,0.9868984,0.39411983,0.43795502
Lateral,Inpp4b,1.2493111,0.4754936,0.4345551
Lateral,Xkr6,0.8557924,0.3911786,0.4344416
Lateral,Large1,1.0300632,0.45196384,0.43360353
Lateral,Lcorl,0.992882,0.4323557,0.43357676
Lateral,Cdk14,1.3516798,0.55588526,0.4313398
Lateral,Cnnm2,0.76146173,0.35098192,0.42760125
Lateral,C130073E24Rik,1.0761678,0.4303949,0.42456144
Lateral,Ccser1,1.9301509,0.6950988,0.420825
Lateral,Akap6,1.2710521,0.5401992,0.42063427
Lateral,Slc24a2,1.3904872,0.54706186,0.41947418
Lateral,Kcnq1ot1,1.3410445,0.54314035,0.4182917
Lateral,Park2,1.2871156,0.53431696,0.41197884
Lateral,Thsd7b,1.002313,0.39608064,0.4078349
Lateral,Kcnh8,0.7838754,0.31372645,0.40632567
Lateral,C230004F18Rik,1.67987,0.6656875,0.4062512
Lateral,5330434G04Rik,0.9999727,0.44117936,0.4044469
Lateral,Sv2c,0.4913739,0.23627451,0.4009142
Lateral,Slit2,1.0497711,0.4460814,0.400514
Lateral,Srrm3,0.87514955,0.41863,0.39254594
Lateral,Enox1,0.9465276,0.39902186,0.39103848
Lateral,Dscam,1.3271798,0.53921884,0.38772595
Lateral,Samd12,1.0845125,0.46765035,0.38315737
Lateral,Mbd5,1.0710686,0.4607875,0.3820995
Lateral,C530008M17Rik,0.8344372,0.37843332,0.3810019
Lateral,Pde1a,0.8456646,0.35784477,0.38040784
Lateral,Dtna,0.96692765,0.44117936,0.3800496
Lateral,Htr4,0.59364045,0.2774514,0.37891805
Lateral,Hs3st5,0.6242678,0.2911771,0.37859738
Lateral,Zfp608,0.7149031,0.33725622,0.37617502
Lateral,Gphn,1.6195701,0.6352958,0.37155843
Lateral,Flrt2,0.6553931,0.3068636,0.3710689
Lateral,Tmtc1,0.59976476,0.28627506,0.37102947
Lateral,Shisa6,0.65142757,0.29411831,0.36243245
Lateral,Adcy8,0.8011638,0.36470762,0.3613432
Lateral,Slc24a3,1.0127167,0.38725698,0.36058956
Lateral,Pcdh11x,0.74061763,0.30980483,0.35947347
Lateral,Kitl,0.8631273,0.38627657,0.3572414
Lateral,Tnrc6c,0.9624665,0.43725774,0.3546878
Lateral,Nr6a1,0.63864243,0.3068636,0.35443705
Lateral,Tmem117,0.78171986,0.35980558,0.35368454
Lateral,Rora,1.5156522,0.57843393,0.35291576
Lateral,Nell1,0.81622654,0.34313866,0.34848446
Lateral,Pclo,1.3702369,0.5617675,0.346709
Lateral,Srgap1,0.62950724,0.29902035,0.34613496
Lateral,Map2,1.3771735,0.58235544,0.34601927
Lateral,Parm1,0.49321184,0.24411765,0.3442155
Lateral,Prkd1,0.6890231,0.30392238,0.34308743
Lateral,Kcnh7,1.2703692,0.48529768,0.34241605
Lateral,Miat,0.8355608,0.38725698,0.33867148
Lateral,Ptprd,2.9303532,0.84901804,0.3382089
Lateral,Amy1,0.70008284,0.33823663,0.33544412
Lateral,Plpp4,0.447264,0.21470588,0.33171284
Lateral,Rit2,0.9769822,0.43431652,0.33029163
Lateral,Adgrl3,1.4588447,0.5676498,0.32974792
Lateral,Btbd11,0.654642,0.30980483,0.3286327
Lateral,Man1a,0.4662568,0.20980392,0.3257136
Lateral,Mllt3,0.74346596,0.35294273,0.32551417
Lateral,Klhl1,0.63654923,0.28921628,0.32508606
Lateral,Sema6d,1.0510602,0.4313753,0.3209036
Lateral,Fchsd2,0.72997636,0.34411907,0.32036757
Lateral,Farp1,0.6413061,0.31176564,0.3181393
Lateral,Il1rapl2,0.75652665,0.26862773,0.3177809
Lateral,Mmp16,0.9188384,0.41568878,0.3161059
Lateral,Nrg3,3.245235,0.9186248,0.31468153
Lateral,Osbpl9,0.7098364,0.3460799,0.31166688
Lateral,Elfn1,0.47094697,0.24117647,0.3115626
Lateral,Lrrtm3,0.6981216,0.32647175,0.30882564
Lateral,Enox2,0.5491948,0.25882366,0.30821532
Lateral,Chl1,0.84563947,0.36960965,0.3078822
Lateral,Ndst3,0.4512974,0.2254902,0.30659392
Lateral,Kcnc2,0.9905801,0.42157122,0.30641776
Lateral,Hecw1,0.890956,0.40686512,0.3059441
Lateral,Ano4,0.5645782,0.26764733,0.30569202
Lateral,Smyd3,0.8359413,0.38039413,0.3045252
Lateral,Tcerg1,0.58154047,0.28725547,0.30204612
Lateral,Tmem255a,0.49161926,0.23431373,0.30163264
Lateral,Nedd4l,0.9023422,0.40882593,0.3014465
Lateral,Syn3,0.60947424,0.28921628,0.30102882
Lateral,Myo9a,0.8494742,0.40686512,0.29916662
Lateral,Lin7a,0.5222529,0.24313726,0.29741523
Lateral,Sorcs3,0.8237539,0.34411907,0.29657328
Lateral,Fmnl2,0.65298396,0.31470686,0.29611292
Lateral,Gria3,0.9867686,0.42059082,0.2955262
Lateral,Rabgap1l,1.026393,0.4617679,0.29304183
Lateral,Ptprz1,0.8143425,0.37157047,0.29293513
Lateral,Unc79,0.7405881,0.35196233,0.29182345
Lateral,Ptchd4,0.6395855,0.28235343,0.29166356
Lateral,Usp29,0.9318971,0.40784553,0.29165584
Lateral,Tnrc6b,0.88098323,0.40882593,0.2869693
Lateral,Kansl1,0.882101,0.41176715,0.2867728
Lateral,Macf1,1.2988595,0.55980676,0.28649807
Lateral,Nf1,0.7478484,0.35784477,0.2859137
Lateral,Dlc1,0.5946245,0.28823587,0.28579345
Lateral,Grm3,0.55514747,0.25882366,0.2856188
Lateral,Cftr,0.34811473,0.17941177,0.28468478
Lateral,Klf12,0.90518,0.3764725,0.2839867
Lateral,Frmd4a,1.5588617,0.59902185,0.28295922
Lateral,Cdh13,0.5720002,0.25490203,0.2813462
Lateral,Mme,0.40526116,0.2009804,0.2791652
Lateral,Tnik,1.021868,0.4470618,0.27826428
Lateral,Lpar1,0.49729285,0.24117647,0.27520072
Lateral,Usp34,0.93503386,0.43431652,0.27485693
Lateral,Fbxl17,0.89886767,0.4029435,0.27403373
Lateral,Grik4,0.5950638,0.28921628,0.2729775
Lateral,Kif21a,0.90125567,0.42353204,0.2706294
Lateral,Akt3,0.96935964,0.4313753,0.27029377
Lateral,Pcsk2,1.3083141,0.52549356,0.2686696
Lateral,Pkia,0.64314795,0.31568727,0.26773268
Lateral,Vps13b,0.82470036,0.38137454,0.26721966
Lateral,Mapk10,1.16357,0.4862781,0.26615745
Lateral,Arid5b,0.56350565,0.2794122,0.2649742
Lateral,Sytl2,0.44301975,0.22941177,0.264668
Lateral,Adgrl2,0.44915515,0.21764706,0.26446515
Lateral,Kcnd3,0.7586912,0.35686436,0.2642991
Lateral,Tmcc1,0.76562804,0.36862925,0.26424587
Lateral,Scaper,0.7073135,0.33921704,0.25988042
Lateral,Tmem200a,0.32035047,0.15980393,0.25823385
Lateral,Stxbp5l,1.1136707,0.4862781,0.25820947
Lateral,Scml4,0.34533483,0.16764706,0.2564303
Lateral,Galnt16,0.59931475,0.3058832,0.25606897
Lateral,Nrp2,0.71235996,0.33627582,0.25551662
Lateral,Necab2,0.768155,0.36764884,0.25548613
Lateral,Stk3,0.45327878,0.24019608,0.25385886
Lateral,Nek7,0.5685885,0.27451017,0.2531979
Lateral,Ncald,0.824957,0.3754921,0.25307
Lateral,Hs6st2,0.63473624,0.2921575,0.25306323
Lateral,Rbfox2,0.8251087,0.38529617,0.25303936
Lateral,Nalcn,0.95406294,0.43921855,0.2528842
Lateral,Mcc,0.447073,0.22843137,0.25183964
Lateral,Dpf3,0.41464317,0.20588236,0.25008237
Lateral,Zfhx3,1.0072378,0.43921855,0.24990821
Lateral,AC159282.1,0.33206433,0.1637255,0.24917674
Lateral,Sfmbt2,0.33785838,0.1764706,0.24725829
Lateral,Lhx9,0.53411585,0.26862773,0.24725169
Lateral,Bsn,0.57392824,0.2921575,0.24671727
Lateral,Uty,0.5299494,0.26862773,0.24518827
Lateral,AI314180,0.6526957,0.3196089,0.24417809
Lateral,Wwox,0.8029635,0.35490355,0.24350739
Lateral,Hecw2,0.82124555,0.3774529,0.24338639
Lateral,Etv1,0.64853173,0.31078523,0.24299896
Lateral,Gabbr1,1.5751364,0.62549204,0.24214625
Lateral,Oxr1,1.0781192,0.46568954,0.23931408
Lateral,Zmynd8,0.67535883,0.33039337,0.23905501
Lateral,Immp2l,0.59174246,0.27549058,0.2381872
Lateral,Lrba,0.65743196,0.31666768,0.23794845
Lateral,Nsa2,0.4479076,0.23333333,0.2375429
Lateral,Zfp462,0.51469576,0.2637257,0.23744208
Lateral,Ccdc88a,0.9147041,0.42157122,0.23509693
Lateral,Pcdh10,0.6131599,0.28235343,0.23479253
Lateral,Vwc2,0.40571314,0.18235295,0.23364885
Lateral,Peg3,1.0726672,0.48235646,0.23288268
Lateral,Cntn5,1.4310247,0.46765035,0.23201513
Lateral,Bicc1,0.3389678,0.1754902,0.23154251
Lateral,Ehbp1,0.7665316,0.35980558,0.2308693
Lateral,Kcnb2,0.9990215,0.42451245,0.22916633
Lateral,Magi3,0.5592347,0.27451017,0.22840908
Lateral,Zcchc11,0.6069431,0.30098116,0.22811055
Lateral,Mycbp2,1.3441918,0.5549049,0.22684634
Lateral,Xpr1,0.5986971,0.30392238,0.2267229
Lateral,Snrnp70,0.9985551,0.4588267,0.22651058
Lateral,Gpr158,0.9149878,0.39608064,0.22588599
Lateral,Tll1,0.3996795,0.1882353,0.22582506
Lateral,Robo3,0.42557386,0.20392157,0.22576058
Lateral,Dennd1a,0.8380847,0.38529617,0.22557294
Lateral,Gabbr2,1.2151413,0.5117683,0.2245329
Lateral,Epb41l3,0.8266084,0.38529617,0.22357273
Lateral,Anks1b,1.7294005,0.6519622,0.22271657
Lateral,Tmtc2,0.6325984,0.3049028,0.22214168
Lateral,Rere,0.965748,0.4303949,0.21968377
Lateral,Cpeb3,0.67603034,0.32745215,0.21966112
Lateral,Phip,0.6850148,0.33627582,0.21929714
Lateral,Cttnbp2,0.9447665,0.4313753,0.21882182
Lateral,Ralgapa1,0.8451016,0.40196308,0.21833855
Lateral,4930402H24Rik,0.88046134,0.40882593,0.21789926
Lateral,Bicd1,0.77400136,0.37255087,0.21778232
Lateral,Ranbp17,0.41552135,0.21470588,0.21771798
Lateral,Mdga1,0.3769796,0.1872549,0.21768364
Lateral,Arhgef11,0.4255039,0.22058824,0.21746224
Lateral,Scn3a,0.75252503,0.36960965,0.21612781
Lateral,Lrrc3b,0.41317654,0.20980392,0.21559869
Lateral,Akap8l,0.69932413,0.34509948,0.21485198
Lateral,Kmt2c,0.6901969,0.34313866,0.21427816
Lateral,Ksr2,0.5910339,0.30000076,0.21363252
Lateral,Zfand3,0.52938026,0.27254936,0.21359083
Lateral,Kdm4c,0.47228986,0.24117647,0.21297103
Lateral,Ap3s1,0.53266686,0.27156895,0.2124168
Lateral,St6galnac5,0.81566447,0.36666843,0.21158129
Lateral,Phf21a,0.585465,0.2901967,0.21122333
Lateral,Srrm2,1.2908081,0.5490226,0.21103704
Lateral,Nrcam,1.0849706,0.4725524,0.21068239
Lateral,Zfp618,0.36188257,0.19019608,0.21064907
Lateral,Plekha6,0.51548696,0.2637257,0.21014628
Lateral,Tom1l2,0.5611673,0.2921575,0.20997438
Lateral,Ankrd12,0.7333304,0.35196233,0.20928603
Lateral,Ddx17,0.68610364,0.33627582,0.20839447
Lateral,Nectin3,0.36188468,0.18431373,0.20797466
Lateral,Epb41l1,0.5957842,0.30098116,0.2075296
Lateral,Ptprq,0.28597614,0.13431373,0.20576122
Lateral,Vav2,0.31936738,0.17450981,0.20515606
Lateral,Arhgap5,0.6913322,0.32745215,0.20514253
Lateral,Zranb2,0.82106143,0.39510024,0.20500952
Lateral,Dennd5b,0.5314578,0.26666692,0.2048865
Lateral,Arid1b,0.55566406,0.2784318,0.20477411
Lateral,Dock3,1.0399488,0.46274832,0.20462632
Lateral,Dip2c,0.8984051,0.40686512,0.2043441
Lateral,Pnisr,0.9110009,0.42745367,0.20421219
Lateral,Jakmip2,0.6924247,0.33823663,0.20384648
Lateral,Ntrk3,0.8225792,0.36568803,0.20382434
Lateral,Dmxl1,0.6789702,0.33627582,0.2034274
Lateral,Sgip1,1.0003726,0.44314018,0.20302987
Lateral,Dab1,0.8743663,0.3637272,0.20250577
Lateral,Fry,0.8431569,0.40000227,0.20182651
Lateral,Plcxd2,0.36348748,0.19215687,0.2016557
Lateral,Pmfbp1,0.22681369,0.11176471,0.2010616
Lateral,Cadm1,1.3733569,0.55196375,0.19973052
Lateral,Nbeal1,0.56518984,0.28137302,0.1987943
Lateral,Lrrc49,0.43357208,0.23431373,0.19872034
Lateral,Dnmt3a,0.6913234,0.33921704,0.19867152
Lateral,Grb10,0.5643381,0.28725547,0.19861057
Lateral,Kmt2e,0.681624,0.33921704,0.19859734
Lateral,Trpc4,0.33091995,0.17058824,0.19850536
Lateral,Upp2,0.7800101,0.360786,0.19832969
Lateral,Sphkap,0.6913954,0.30980483,0.19784713
Lateral,Apc,0.84798884,0.40000227,0.19782859
Lateral,Tcf12,0.66167086,0.3205893,0.19736576
Lateral,Fars2,0.48152098,0.24509804,0.19712895
Lateral,Col11a1,0.2995237,0.15,0.1969561
Lateral,Fmn2,0.60362834,0.29803994,0.19687736
Lateral,Ica1,0.59294564,0.29607913,0.19671932
Lateral,Bcas3,0.5741046,0.28725547,0.19606477
Lateral,Sv2b,0.54511666,0.2656865,0.19511181
Lateral,Ssh2,0.6797557,0.32941297,0.1947613
Lateral,Gria2,1.5832684,0.6441192,0.19433486
Lateral,Scmh1,0.5426009,0.27451017,0.19431916
Lateral,Dok6,0.85973936,0.3882374,0.19428182
Lateral,Rgs20,0.3135105,0.14607844,0.1938912
Lateral,Slc9a9,0.3950732,0.20392157,0.19370647
Lateral,Il1rapl1,1.9356902,0.69313806,0.19318938
Lateral,Rbm6,0.64929897,0.3215697,0.19306198
Lateral,Exoc4,0.8059351,0.3764725,0.19294041
Lateral,Lncpint,0.7760494,0.35490355,0.19271618
Lateral,Epha7,0.7366067,0.33137378,0.19230074
Lateral,Ptprr,0.5121677,0.25588244,0.19131729
Lateral,Psme4,0.5301276,0.26764733,0.1911811
Lateral,Sbf2,0.66175187,0.32549134,0.19052681
Lateral,Gmds,0.54928654,0.27451017,0.19003987
Lateral,Nfat5,0.62862355,0.31568727,0.18973702
Lateral,Kif1b,1.0726792,0.48333687,0.18840772
Lateral,Frmd4b,0.3786714,0.19411765,0.18823572
Lateral,Slc25a27,0.36549836,0.19313726,0.18816996
Lateral,Nsd1,0.6286046,0.31176564,0.1880733
Lateral,Ankrd17,0.7180985,0.3480407,0.18805432
Lateral,Srgap3,0.5613932,0.2784318,0.18799892
Lateral,Chd6,0.6012135,0.30294198,0.18764007
Lateral,Gpatch8,0.66533995,0.334315,0.18759835
Lateral,Hipk2,0.45407522,0.24117647,0.18759671
Lateral,Pou6f2,0.4291317,0.20784314,0.18712993
Lateral,Gm45846,0.39537507,0.21176471,0.18710761
Lateral,Stxbp6,0.620687,0.276471,0.18662399
Lateral,Lrrc4c,1.7721117,0.6450996,0.1864171
Lateral,Braf,0.63884157,0.31666768,0.18641683
Lateral,Zcchc7,0.8475522,0.39411983,0.1858288
Lateral,Stxbp5,0.544257,0.27254936,0.1857433
Lateral,Nxpe4,0.34958774,0.18627451,0.18564714
Lateral,Chchd3,0.47004652,0.24607843,0.18560663
Lateral,Sema6a,0.45376036,0.23137255,0.18526179
Lateral,Ubn2,0.7968631,0.37255087,0.18511796
Lateral,Nktr,0.79883146,0.38431576,0.18498242
Lateral,Shtn1,0.55479795,0.28235343,0.18403143
Lateral,Rbms1,0.48559585,0.23627451,0.18359059
Lateral,Xkr4,1.3196843,0.53431696,0.18231535
Lateral,Afdn,0.47365534,0.24411765,0.18209797
Lateral,2410089E03Rik,0.5996266,0.3049028,0.18114284
Lateral,Ncoa1,0.6066602,0.29803994,0.1808669
Lateral,Huwe1,0.7745706,0.37255087,0.18071002
Lateral,Smg6,0.4814768,0.25392163,0.18044266
Lateral,Plcl2,0.38600114,0.20294118,0.18032521
Lateral,Pcm1,0.5785777,0.2931379,0.18027759
Lateral,Smg1,0.583235,0.29705954,0.18006384
Lateral,Slc35f1,0.58177996,0.26666692,0.1800077
Lateral,Arih1,0.61660737,0.30980483,0.1794036
Lateral,Spag9,0.7727382,0.3745117,0.17912644
Lateral,Zfp638,0.63295895,0.30980483,0.17860606
Lateral,Glce,0.37403032,0.20294118,0.17846328
Lateral,Chd5,0.5300606,0.27451017,0.17787915
Lateral,Tcte2,0.32909968,0.17156863,0.17783047
Lateral,Faf1,0.6004622,0.29902035,0.17727888
Lateral,Senp7,0.45335895,0.24019608,0.17725232
Lateral,Chd9,0.6824714,0.33137378,0.17723674
Lateral,Nav3,1.3958726,0.55980676,0.17707217
Lateral,Frmd3,0.3294248,0.1764706,0.17626905
Lateral,Pou4f1,0.39238787,0.20588236,0.1759899
Lateral,Sec24b,0.42092067,0.22843137,0.17577067
Lateral,Cdk13,0.47038352,0.23921569,0.1755059
Lateral,Traf3,0.35612234,0.19901961,0.17535822
Lateral,Gbf1,0.48043895,0.25392163,0.17477909
Lateral,Cabp1,0.33697027,0.1764706,0.1746364
Lateral,Dock4,0.70669955,0.33823663,0.17456478
Lateral,Fam172a,0.5730232,0.28529465,0.17452124
Lateral,Olfm3,0.61475426,0.28039262,0.17414692
Lateral,Plcb4,0.6194809,0.30980483,0.17397952
Lateral,Wnk2,0.52960867,0.26960814,0.17366242
Lateral,Setd5,0.59694433,0.30098116,0.17332831
Lateral,Nlk,0.591557,0.29803994,0.17279026
Lateral,Ppm1e,0.64065796,0.30882442,0.17171642
Lateral,Baz2b,0.5812201,0.2901967,0.17037678
Lateral,Uggt2,0.46472457,0.24607843,0.17026061
Lateral,Ablim1,0.59917367,0.2901967,0.16999301
Lateral,Luc7l2,1.1540956,0.5117683,0.16997874
Lateral,Focad,0.5127338,0.25882366,0.16980731
Lateral,Ogt,0.69950664,0.3460799,0.16961628
Lateral,Tsc22d1,0.6361101,0.31666768,0.16897506
Lateral,Acyp2,0.52300656,0.2656865,0.16896045
Lateral,Fgf12,1.4758861,0.5833358,0.16876948
Lateral,Plch1,0.2966314,0.15,0.1682305
Lateral,Zmym4,0.5523057,0.28039262,0.16815615
Lateral,Wnk1,0.66796535,0.3323542,0.16814503
Lateral,Ctnna3,0.3935156,0.19215687,0.16800667
Lateral,Luzp1,0.42170936,0.2254902,0.16765559
Lateral,Kat6b,0.4364946,0.23235294,0.16712704
Lateral,Samd4,0.39397097,0.20294118,0.16697508
Lateral,Birc6,0.62599224,0.31274605,0.16622648
Lateral,Herc1,0.86853796,0.40980634,0.16582745
Lateral,Itgb1,0.33267367,0.17843138,0.16557498
Lateral,Cspp1,0.52948034,0.27549058,0.16533595
Lateral,Rgs7,0.8591174,0.37157047,0.16528445
Lateral,D030068K23Rik,0.22252095,0.11372549,0.16481109
Lateral,Vstm2b,0.33913103,0.18333334,0.16477793
Lateral,Cntnap5c,0.4025408,0.18137255,0.16453356
Lateral,Cbln2,0.5005882,0.25,0.16405243
Lateral,Tbl1x,0.44367352,0.22647059,0.16394255
Lateral,Dclk1,1.0169784,0.44902262,0.16365159
Lateral,Thsd4,0.28973088,0.15294118,0.16289318
Lateral,Vangl1,0.29414457,0.15784314,0.16272083
Lateral,Reln,0.2602659,0.13137256,0.16244057
Lateral,Sclt1,0.48952433,0.24705882,0.16188806
Lateral,Dzip1,0.35674423,0.1872549,0.16183366
Lateral,Rfx7,0.56541526,0.28431424,0.16164652
Lateral,Clasp2,0.83041054,0.3911786,0.16158229
Lateral,Ankrd24,0.34304234,0.1872549,0.16147059
Lateral,Tbc1d5,0.480573,0.23921569,0.16134489
Lateral,Rab3c,0.77266836,0.33725622,0.16131467
Lateral,Kcnk10,0.31418362,0.17156863,0.16065918
Lateral,Cep170,0.45406994,0.24607843,0.16058844
Lateral,Dennd1b,0.47813323,0.25,0.16043693
Lateral,Papola,0.51606524,0.27352977,0.16007924
Lateral,Cux1,0.4510314,0.24019608,0.16002661
Lateral,Scn2a,1.0167614,0.45392466,0.15998691
Lateral,Ash1l,0.6135441,0.30882442,0.15974915
Lateral,Frmpd4,1.1900537,0.4892193,0.15925038
Lateral,Tenm3,0.9701061,0.40098268,0.15880215
Lateral,Mbnl2,0.7354093,0.3617664,0.15854633
Lateral,Ccdc141,0.32471648,0.15686275,0.15844321
Lateral,Dync2h1,0.49683052,0.25980407,0.1583457
Lateral,Nsd3,0.49973685,0.2637257,0.15826169
Lateral,Nipbl,0.5338149,0.26960814,0.15788415
Lateral,Grid2,1.5159153,0.53921884,0.15782428
Lateral,2210408I21Rik,0.53008425,0.26176488,0.15761602
Lateral,Dnah9,0.23723239,0.13235295,0.15750903
Lateral,Fgfr2,0.5275223,0.2647061,0.1573875
Lateral,Ncor1,0.70842326,0.35098192,0.15722185
Lateral,Galnt14,0.3363174,0.17450981,0.15708028
Lateral,Ank1,0.37391108,0.2009804,0.15672116
Lateral,Gm15398,0.22404575,0.11764706,0.15630805
Lateral,Fhit,0.35496515,0.17745098,0.15585512
Lateral,Bin1,0.61318254,0.3049028,0.15462115
Lateral,Plxnc1,0.39725226,0.20294118,0.15326732
Lateral,Runx1t1,0.44345593,0.21568628,0.15232226
Lateral,Hdac8,0.5003378,0.2519608,0.15226784
Lateral,Xrn1,0.43735167,0.23529412,0.15220025
Lateral,Adam22,0.7193967,0.3500015,0.15184462
Lateral,Ralgps2,0.3975922,0.21372549,0.15144268
Lateral,Arnt,0.34846872,0.18921569,0.15032129
Lateral,Hnrnpa2b1,0.86162364,0.4039239,0.1501751
Lateral,Ankib1,0.42567107,0.22058824,0.14998108
Lateral,Akap9,0.59700066,0.3068636,0.14990687
Lateral,Arhgap26,0.75019884,0.3480407,0.14984131
Lateral,Lrrc55,0.4824273,0.24215686,0.14981017
Lateral,Stag1,0.766319,0.3627468,0.14942974
Lateral,Ttc14,0.7386553,0.36470762,0.1481337
Lateral,Ntng2,0.29821184,0.15686275,0.14811061
Lateral,Prrc2c,0.67149764,0.334315,0.14767104
Lateral,Tox3,0.29417676,0.1509804,0.14764433
Lateral,Jmjd1c,0.624356,0.3068636,0.14760062
Lateral,Strbp,1.116477,0.49902338,0.14740342
Lateral,Cog5,0.3935999,0.20882353,0.1473241
Lateral,Epha5,1.0961305,0.45686588,0.147098
Lateral,Oprm1,0.49026677,0.21862745,0.14661017
Lateral,Gm20388,0.65912396,0.3205893,0.14536393
Lateral,Ralgps1,0.40911087,0.2127451,0.14516884
Lateral,Srpk2,0.7079427,0.3470603,0.14450783
Lateral,Strn3,0.657501,0.32941297,0.14438182
Lateral,Pld5,0.44072172,0.20294118,0.14414057
Lateral,Sybu,0.60934407,0.30098116,0.14392784
Lateral,0610040J01Rik,0.19348744,0.101960786,0.14363283
Lateral,Elavl3,0.6700041,0.32843256,0.14335155
Lateral,Cacnb3,0.46575025,0.24313726,0.14316452
Lateral,Ncoa2,0.4962298,0.26176488,0.14304167
Lateral,Cdk17,0.38772848,0.20882353,0.1426105
Lateral,Amph,0.64242107,0.31568727,0.1426031
Lateral,Dnajc13,0.35810208,0.19705883,0.14198354
Lateral,Susd4,0.47285664,0.24411765,0.14188278
Lateral,Dlgap1,1.6853515,0.63823694,0.14160252
Lateral,4933406I18Rik,0.31663868,0.17254902,0.14098796
Lateral,Sltm,0.5756601,0.2921575,0.14065653
Lateral,Sestd1,0.34580404,0.19019608,0.14058228
Lateral,1110051M20Rik,0.45647684,0.2372549,0.1397917
Lateral,Csrnp3,0.5662561,0.28235343,0.13973972
Lateral,Lrch3,0.41264313,0.22058824,0.13965642
Lateral,Wac,0.49366003,0.25490203,0.13947952
Lateral,Cpsf6,0.56137365,0.28921628,0.13935226
Lateral,Scaf8,0.40768838,0.22156863,0.13893995
Lateral,Med12l,0.5062641,0.25980407,0.1387425
Lateral,Tle4,0.3354378,0.18235295,0.1384967
Lateral,Vps54,0.32392073,0.17352942,0.1382815
Lateral,Trim33,0.41352808,0.22352941,0.13811055
Lateral,Sptbn4,0.4844209,0.2509804,0.13805705
Lateral,Arhgef12,0.522125,0.2627453,0.13795677
Lateral,Rabgap1,0.51739365,0.27254936,0.13790816
Lateral,Cables1,0.26138595,0.14411765,0.13779613
Lateral,Mid1,0.3119694,0.16176471,0.13769409
Lateral,Mllt10,0.54096204,0.28725547,0.13749254
Lateral,Gigyf2,0.4490057,0.23431373,0.13749212
Lateral,Sik3,0.65843165,0.32255012,0.13737035
Lateral,Fam219a,0.43829837,0.22941177,0.13727695
Lateral,4930488L21Rik,0.20456307,0.11666667,0.13712966
Lateral,Ttc28,0.3710045,0.19705883,0.13706721
Lateral,Sgce,0.30059806,0.16176471,0.13666825
Lateral,Tmem2,0.21841076,0.124509804,0.13621914
Lateral,Ebf1,0.48699167,0.20588236,0.13602251
Lateral,Agrn,0.37138578,0.19509804,0.13594289
Lateral,Stau2,0.5473751,0.276471,0.13561621
Lateral,Syt16,0.39323068,0.2009804,0.13552782
Lateral,Rasal2,0.8445229,0.39215901,0.13510847
Lateral,Dst,1.0746758,0.4735328,0.1348058
Lateral,Pak3,0.71032745,0.3333346,0.13478452
Lateral,Rsrc1,0.5098253,0.2519608,0.13469052
Lateral,Nup93,0.29511723,0.17058824,0.1346354
Lateral,Stk39,0.48614112,0.25,0.1343888
Lateral,Klhl5,0.26760674,0.15,0.13431488
Lateral,Trio,0.6250465,0.30882442,0.13420352
Lateral,Srek1,0.53274155,0.2774514,0.13419196
Lateral,Fus,0.77218443,0.36960965,0.1340257
Lateral,Abr,0.56674767,0.28235343,0.13382635
Lateral,Son,0.7157855,0.35196233,0.1335187
Lateral,Arid4b,0.52648646,0.27058855,0.13347197
Lateral,Atf2,0.47100762,0.24509804,0.13341355
Lateral,Kdm6a,0.33367345,0.18333334,0.13333875
Lateral,Astn1,0.7290339,0.35196233,0.1333226
Lateral,Reps1,0.31283644,0.1764706,0.13321672
Lateral,Fam135a,0.36976165,0.19607843,0.13318945
Lateral,L3mbtl4,0.20825909,0.106862746,0.13318448
Lateral,Vezt,0.4155584,0.22843137,0.13297501
Lateral,Aak1,0.66805154,0.33137378,0.13282466
Lateral,Atad2b,0.3828478,0.20588236,0.1325312
Lateral,Nxn,0.19163898,0.105882354,0.13251464
Lateral,Cop1,0.3953305,0.20392157,0.1322611
Lateral,Supt3,0.3512381,0.19019608,0.13219643
Lateral,Mtmr3,0.38636073,0.20392157,0.13198078
Lateral,Luc7l3,0.75793076,0.37059006,0.13194686
Lateral,Pcbp3,0.32322118,0.1764706,0.13158669
Lateral,Gm26691,0.35106492,0.17058824,0.13151324
Lateral,Atrx,0.6923267,0.34313866,0.1313625
Lateral,Elavl2,0.55528605,0.26666692,0.13127789
Lateral,Desi2,0.32593018,0.17254902,0.13121645
Lateral,Pde3b,0.2882903,0.15980393,0.13050939
Lateral,Zfp280d,0.5159083,0.2656865,0.13017094
Lateral,Cnot4,0.44386017,0.23529412,0.12987065
Lateral,Ablim3,0.34840158,0.19019608,0.1298541
Lateral,Tmem178b,0.9495986,0.4303949,0.12977165
Lateral,Tcaf1,0.60363835,0.3049028,0.1294313
Lateral,Gm30382,0.21613556,0.11862745,0.12937957
Lateral,Rabep1,0.49456185,0.25490203,0.12904823
Lateral,Npepps,0.4896519,0.25980407,0.12888509
Lateral,Brwd1,0.43459973,0.23039216,0.12883389
Lateral,Ascc3,0.42401442,0.21862745,0.12880519
Lateral,Cadps2,0.6102285,0.28039262,0.12879437
Lateral,Cpeb4,0.53575957,0.27451017,0.12872839
Lateral,Pias2,0.3902884,0.20588236,0.12872696
Lateral,Snap91,0.6888589,0.34215826,0.12862998
Lateral,Zfr,0.62817925,0.31176564,0.1285832
Lateral,Pced1b,0.28324082,0.15980393,0.1283748
Lateral,Csnk1g1,0.39100355,0.20882353,0.12836799
Lateral,Homer2,0.30430675,0.15980393,0.12828918
Lateral,Sh3bgrl2,0.28173617,0.15392157,0.12798151
Lateral,Asxl1,0.32644647,0.18039216,0.12791865
Lateral,Zfyve9,0.4169402,0.22843137,0.12789953
Lateral,Map2k5,0.3253643,0.17843138,0.12711751
Lateral,Smarcd3,0.2784398,0.15686275,0.12704948
Lateral,Mbtd1,0.42583114,0.2245098,0.12678075
Lateral,Dis3l2,0.39622682,0.21176471,0.12666532
Lateral,Klhdc10,0.45637614,0.24019608,0.1266382
Lateral,Xrcc4,0.2805205,0.14901961,0.12661847
Lateral,Nr4a2,0.40136772,0.21078432,0.1264129
Lateral,Gm45323,0.36965138,0.1754902,0.12613079
Lateral,Vti1a,0.5203519,0.2647061,0.12605408
Lateral,Smc5,0.3539079,0.19019608,0.12601458
Lateral,Vat1l,0.40499082,0.20980392,0.12546211
Lateral,Kif16b,0.26501432,0.14705883,0.12545115
Lateral,Trip12,0.53104794,0.27352977,0.12516963
Lateral,Ppp2r5e,0.41548866,0.22254902,0.12511894
Lateral,Gm27151,0.1754616,0.10098039,0.12506923
Lateral,Mast2,0.42364553,0.21764706,0.12506521
Lateral,Rsrp1,0.8323321,0.3892178,0.12502009
Lateral,Irf2,0.32323778,0.17745098,0.12485908
Lateral,Zfp207,0.42400408,0.23039216,0.12445423
Lateral,Rbm25,0.70755124,0.35196233,0.124299884
Lateral,Ubr5,0.58332497,0.29803994,0.12420082
Lateral,9930021J03Rik,0.42959154,0.22745098,0.12414959
Lateral,Hip1,0.23297735,0.13725491,0.12367325
Lateral,Ncam1,1.22893,0.5186309,0.123384714
Lateral,Maml3,0.35173604,0.17941177,0.12332557
Lateral,Ppargc1a,0.29770145,0.15686275,0.12309073
Lateral,Pak7,0.44078767,0.23039216,0.12308964
Lateral,4932438A13Rik,0.58932185,0.29411831,0.1230292
Lateral,St6gal2,0.23885922,0.13137256,0.12300349
Lateral,Gm35188,0.23548461,0.12352941,0.122703694
Lateral,Dzip3,0.5543698,0.28137302,0.12266311
Lateral,Acadsb,0.33825508,0.18627451,0.122623324
Lateral,Specc1,0.4438393,0.22941177,0.121839255
Lateral,Rai1,0.32393554,0.18137255,0.121422455
Lateral,Exoc6b,0.6286634,0.307844,0.12131703
Lateral,Nol4,0.67274845,0.32255012,0.121315
Lateral,Mark3,0.4539427,0.24509804,0.12128413
Lateral,Cwc27,0.3242162,0.17156863,0.12119657
Lateral,Cep350,0.38224655,0.20392157,0.12113926
Lateral,Ppp2r3a,0.3443315,0.18431373,0.120719045
Lateral,Myo5a,0.6227796,0.30980483,0.12044644
Lateral,Ktn1,0.52459145,0.26764733,0.120293826
Lateral,Chd2,0.46956852,0.24509804,0.12024534
Lateral,Ttll7,0.4945582,0.25686285,0.12020767
Lateral,Phactr1,0.6771045,0.31372645,0.120200515
Lateral,Ambra1,0.4461716,0.23627451,0.12013188
Lateral,Elp4,0.3522711,0.1872549,0.12009366
Lateral,Zc3h12b,0.31632715,0.17058824,0.11998348
Lateral,Ube3c,0.40963304,0.21078432,0.11986372
Lateral,Ahcyl1,0.42225972,0.22843137,0.11968315
Lateral,Eif4g3,0.62762976,0.3186285,0.11922848
Lateral,Gm15155,0.23544532,0.11960784,0.1191821
Lateral,Mthfs,0.23174892,0.13529412,0.118700795
Lateral,Nedd4,0.7017284,0.34117785,0.118561685
Lateral,Wdr7,0.43856576,0.22843137,0.118486285
Lateral,Tsc22d2,0.32894632,0.17058824,0.11842343
Lateral,Ppp1r9a,0.5900708,0.2931379,0.11814922
Lateral,Pi4ka,0.5468979,0.28333384,0.118094444
Lateral,Cnot2,0.40373766,0.2127451,0.11787489
Lateral,Lin28b,0.3614274,0.18921569,0.117845714
Lateral,Copg2,0.3809772,0.20784314,0.11779025
Lateral,5031425E22Rik,0.36966687,0.19509804,0.11753997
Lateral,Dcaf5,0.2961919,0.15490197,0.11746356
Lateral,Grb14,0.36982393,0.19019608,0.11741498
Lateral,Efr3b,0.41042632,0.21764706,0.11741066
Lateral,Las1l,0.28473768,0.15980393,0.117388636
Lateral,Celf5,0.4209601,0.22941177,0.11719486
Lateral,Fxr1,0.39370096,0.21176471,0.11673179
Lateral,Klhl7,0.38444725,0.21372549,0.11656487
Lateral,Spats2l,0.25000313,0.124509804,0.116468534
Lateral,2310035C23Rik,0.4022139,0.21568628,0.116190016
Lateral,Lrch2,0.29173806,0.15686275,0.11570227
Lateral,Cwf19l2,0.28618294,0.15882353,0.115553126
Lateral,Tnrc18,0.3050929,0.17254902,0.11538911
Lateral,Pde4dip,0.58679056,0.3058832,0.11510229
Lateral,Gpr149,0.16708204,0.0882353,0.115040876
Lateral,Zfp407,0.32791892,0.16960785,0.11501582
Lateral,Sgsm2,0.32729906,0.1764706,0.11500521
Lateral,Zic4,0.34124064,0.17941177,0.11483841
Lateral,Cnih3,0.22691149,0.12745099,0.11470022
Lateral,Dyrk1a,0.36398673,0.2,0.114382684
Lateral,Gpi1,0.50621736,0.25980407,0.11436126
Lateral,Mia2,0.30898133,0.17450981,0.11334558
Lateral,Abi2,0.43889728,0.23431373,0.11332211
Lateral,Crebbp,0.49582735,0.26176488,0.11317611
Lateral,Clvs2,0.31264722,0.1764706,0.11305338
Lateral,Mkln1,0.439721,0.22745098,0.11285001
Lateral,Cenpc1,0.2737348,0.14705883,0.112659514
Lateral,Gprasp1,0.80084753,0.3901982,0.11256963
Lateral,Pcca,0.53617114,0.27156895,0.112306744
Lateral,Stx8,0.2694591,0.15196079,0.11186561
Lateral,Ric8b,0.26098484,0.14411765,0.111826375
Lateral,Pard3,0.46089482,0.23921569,0.11180079
Lateral,Ap3b2,0.3148771,0.1764706,0.11170904
Lateral,Jam3,0.26790255,0.14607844,0.111682534
Lateral,9130011E15Rik,0.24927478,0.14215687,0.111611456
Lateral,Cpeb2,0.36974034,0.2009804,0.11157197
Lateral,Tfdp2,0.29279995,0.15882353,0.111402616
Lateral,Phf14,0.5838552,0.28921628,0.11126149
Lateral,Usp28,0.20861694,0.11372549,0.1112365
Lateral,Rnpc3,0.2808727,0.16078432,0.11106633
Lateral,Snph,0.3439398,0.19019608,0.110883296
Lateral,Rbm39,0.83086133,0.39902186,0.110749304
Lateral,Map7d2,0.5137884,0.25784326,0.110505074
Lateral,Kidins220,0.8055603,0.38431576,0.11048728
Lateral,Mbd6,0.23442753,0.1264706,0.110390306
Lateral,Mapt,0.74413806,0.360786,0.109957635
Lateral,Dnah7b,0.2292006,0.12941177,0.109828666
Lateral,Dapk1,0.41954243,0.21862745,0.10978493
Lateral,Gsk3b,0.6337611,0.31764808,0.10972977
Lateral,Cacng4,0.27865204,0.14901961,0.109333605
Lateral,Cpe,1.620547,0.6519622,0.10931671
Lateral,2010111I01Rik,0.3733243,0.19313726,0.109291315
Lateral,Mpp6,0.46034113,0.2382353,0.10929051
Lateral,Nipal2,0.3360291,0.18137255,0.10920806
Lateral,Snx2,0.24103749,0.13333334,0.109192565
Lateral,Bbx,0.3117611,0.16666667,0.10905954
Lateral,Gucy1a2,0.50809664,0.25588244,0.10901111
Lateral,CT025619.1,0.2866449,0.15882353,0.108900145
Lateral,Ube2k,0.46503368,0.24411765,0.10871637
Lateral,Maoa,0.2467244,0.1382353,0.10862516
Lateral,Tsc1,0.28484827,0.16666667,0.108505815
Lateral,Hnrnpr,0.42618665,0.22352941,0.10850224
Lateral,Ddx5,1.0316341,0.46765035,0.1084978
Lateral,Zic1,0.70436287,0.3500015,0.108483195
Lateral,Vps13d,0.3324279,0.18431373,0.10825768
Lateral,Zmynd11,0.5446867,0.28333384,0.10818866
Lateral,Nhs,0.29703012,0.14803922,0.108004585
Lateral,Taf15,0.36182433,0.19901961,0.10798779
Lateral,Rasa1,0.35004786,0.1872549,0.10796271
Lateral,Fer,0.32462388,0.17058824,0.10791354
Lateral,Vwa8,0.38467997,0.20294118,0.10781214
Lateral,Shank1,0.52262133,0.26862773,0.10779551
Lateral,Dennd6a,0.28221518,0.15686275,0.107715055
Lateral,Dixdc1,0.3060913,0.17058824,0.107603
Lateral,Wsb1,0.4267105,0.22352941,0.10756177
Lateral,Ube2h,0.34823456,0.18431373,0.10749635
Lateral,Arfgef1,0.42332348,0.22058824,0.10736549
Lateral,Gm44593,0.18363036,0.097058825,0.10730792
Lateral,Cplx2,0.2892688,0.15784314,0.10727136
Lateral,Ankhd1,0.41222867,0.21862745,0.107204854
Lateral,Thoc2,0.4295883,0.23039216,0.107127964
Lateral,Neto1,0.28925872,0.14411765,0.10707991
Lateral,Spred1,0.30224684,0.16176471,0.107003644
Lateral,Evl,0.38060102,0.2009804,0.10684037
Lateral,Kcnn3,0.3060142,0.16470589,0.10659444
Lateral,Ppp1r12a,0.48797333,0.25490203,0.10646725
Lateral,2510009E07Rik,0.2461352,0.13431373,0.106337234
Lateral,Ttc8,0.3320073,0.18137255,0.10632156
Lateral,Pikfyve,0.25664204,0.14705883,0.10617839
Lateral,C130071C03Rik,0.3016831,0.16470589,0.10608548
Lateral,Ep300,0.32609275,0.17745098,0.105829686
Lateral,Spata5,0.26429933,0.14803922,0.105637014
Lateral,Anapc4,0.23874076,0.1382353,0.10548526
Lateral,Usp32,0.39332652,0.21764706,0.10547835
Lateral,Grip1,1.0330186,0.44117936,0.10545802
Lateral,Map2k4,0.49516377,0.25686285,0.10534006
Lateral,Mdm4,0.36865854,0.2009804,0.10529238
Lateral,Ccdc50,0.3167904,0.17254902,0.10518865
Lateral,Cacna2d2,0.48291102,0.24705882,0.10503551
Lateral,Bicdl1,0.29845196,0.17058824,0.104981616
Lateral,Dock7,0.46334445,0.24313726,0.10483089
Lateral,Tcerg1l,0.17518865,0.09411765,0.10479012
Lateral,Tnks,0.42663398,0.23137255,0.10434437
Lateral,Mpp7,0.27186525,0.14509805,0.10431185
Lateral,Cpt1c,0.274214,0.14803922,0.1042763
Lateral,Sobp,0.5669452,0.28039262,0.104156286
Lateral,Mapk8,0.38096207,0.21078432,0.10408819
Lateral,Atp6v1h,0.35507333,0.18921569,0.10407588
Lateral,Msantd2,0.24872461,0.13725491,0.10398443
Lateral,Mitf,0.18868649,0.1,0.10382403
Lateral,Sfmbt1,0.25520137,0.14019608,0.10373166
Lateral,Abat,0.31011572,0.16568628,0.103704184
Lateral,Gm38393,0.47247505,0.23333333,0.103681505
Lateral,Phka1,0.2223965,0.11960784,0.10367542
Lateral,Fto,0.462438,0.2382353,0.103403926
Lateral,Tra2a,0.51107496,0.27254936,0.10337731
Lateral,Acbd6,0.35886544,0.19803922,0.103322774
Lateral,Gm45341,0.2729525,0.14019608,0.10324688
Lateral,Tbck,0.2712178,0.1509804,0.103235245
Lateral,Arfgef2,0.27916372,0.16176471,0.1031273
Lateral,Mapkap1,0.3135989,0.17352942,0.102838874
Lateral,Ndst4,0.36551812,0.1872549,0.10242596
Lateral,R3hdm2,0.5293318,0.27254936,0.102360785
Lateral,Clock,0.39461645,0.21568628,0.10224509
Lateral,C78859,0.22958697,0.13039216,0.102223575
Lateral,Dmd,1.2023865,0.4901997,0.10215187
Lateral,Pkn2,0.3244787,0.18431373,0.10196397
Lateral,Rev3l,0.50729823,0.2637257,0.10166487
Lateral,Pbrm1,0.38842893,0.20686275,0.10161263
Lateral,Kcnmb2,0.3370414,0.14901961,0.1015906
Lateral,Ppip5k2,0.2694395,0.15196079,0.10147801
Lateral,2610037D02Rik,0.27874058,0.15294118,0.10133888
Lateral,Arhgap20,0.24972798,0.13725491,0.10130407
Lateral,Ccdc93,0.16650356,0.09803922,0.101291366
Lateral,Supt20,0.25645226,0.14803922,0.10091691
Lateral,Alms1,0.24220377,0.1382353,0.10085082
Lateral,Tmlhe,0.19718175,0.11176471,0.10069522
Lateral,Wdr17,0.29234555,0.15686275,0.10060513
Lateral,Pde8b,0.28738374,0.15784314,0.10046537
Lateral,Trpm7,0.43178797,0.23235294,0.10031229
Lateral,Gm5441,0.17794399,0.09803922,0.100260295
Lateral,Atxn7,0.28833336,0.15784314,0.10024993
Lateral,Fam49b,0.5690365,0.29411831,0.10014856
Lateral,Krit1,0.4245505,0.22745098,0.10005152
Lateral,Clip1,0.4046607,0.21372549,0.10000458
Lateral,Atg16l2,0.1925701,0.11372549,0.09974896
Lateral,Phkb,0.31990033,0.18039216,0.09964992
Lateral,Trp53bp1,0.3664647,0.20196079,0.09949538
Lateral,Prpf40a,0.37899035,0.20686275,0.09943274
Lateral,Gpr156,0.14841278,0.08921569,0.099178225
Lateral,Klhl13,0.21162662,0.11764706,0.09916893
Lateral,Rufy3,0.51134527,0.2656865,0.099160045
Lateral,Fam193a,0.37631565,0.20784314,0.09905356
Lateral,Adamts3,0.17540894,0.10098039,0.09896311
Lateral,Pptc7,0.21073069,0.12745099,0.09892993
Lateral,Abl2,0.2904689,0.15882353,0.098778814
Lateral,Ppp6r3,0.3327524,0.18235295,0.09877166
Lateral,Cdh20,0.24073847,0.12156863,0.09874821
Lateral,Ptprs,0.694927,0.34117785,0.0986532
Lateral,Enah,0.67162484,0.32647175,0.09857118
Lateral,Zfp292,0.37511402,0.20392157,0.09844348
Lateral,Nsmce2,0.34512365,0.1872549,0.09839678
Lateral,Zmym2,0.3591359,0.19509804,0.09839308
Lateral,Fbxo11,0.41851142,0.21862745,0.097875714
Lateral,Atp9b,0.40016127,0.21568628,0.09782976
Lateral,Gpr26,0.24465129,0.1392157,0.09777032
Lateral,Polb,0.35274303,0.19803922,0.09764582
Lateral,Unc13a,0.36440444,0.20392157,0.097613215
Lateral,Itsn2,0.33023688,0.17941177,0.09741567
Lateral,Unc13b,0.2884255,0.15490197,0.09732458
Lateral,Bmt2,0.2547788,0.14117648,0.09726864
Lateral,Purg,0.41372675,0.21960784,0.09725979
Lateral,Gm4924,0.19611262,0.11372549,0.097245194
Lateral,Ahcyl2,0.6535716,0.31764808,0.09721869
Lateral,Brd4,0.3472086,0.19411765,0.09695551
Lateral,Zhx3,0.23166005,0.13333334,0.09687619
Lateral,Zdhhc20,0.35055506,0.19803922,0.09670505
Lateral,Vegfa,0.21047223,0.11470588,0.09670004
Lateral,Bckdhb,0.25574654,0.14313726,0.096491605
Lateral,Snx29,0.38171637,0.20490196,0.09645721
Lateral,Ptpn9,0.26313728,0.15,0.09635389
Lateral,Ano6,0.23779596,0.13431373,0.09630217
Lateral,Pou6f1,0.23290643,0.13431373,0.09620783
Lateral,Psd,0.25517738,0.14509805,0.09614994
Lateral,9330182L06Rik,0.33301967,0.18137255,0.096147135
Lateral,Ccar1,0.3409192,0.18627451,0.09610139
Lateral,Fam13b,0.30002192,0.16666667,0.09608427
Lateral,Cdkal1,0.3495979,0.1872549,0.0959796
Lateral,A230050P20Rik,0.21550672,0.12352941,0.09581409
Lateral,Klhl4,0.15581621,0.078431375,0.09567526
Lateral,Fhod3,0.3767183,0.19411765,0.09559423
Lateral,Mir124-2hg,0.4050617,0.21862745,0.09555569
Lateral,Srrm1,0.4631675,0.24411765,0.09535718
Lateral,Dpysl3,0.26964596,0.15196079,0.095274195
Lateral,Tbc1d12,0.23135264,0.12843138,0.09525554
Lateral,Pafah1b1,0.770637,0.37059006,0.09505153
Lateral,Kansl1l,0.2808115,0.15294118,0.09503418
Lateral,Htt,0.36273932,0.2,0.09503102
Lateral,Garnl3,0.37146047,0.2,0.09502846
Lateral,Mfn1,0.28803053,0.16176471,0.09499231
Lateral,Tpd52,0.2576459,0.14019608,0.09498009
Lateral,Nt5c2,0.33902502,0.17941177,0.094960734
Lateral,Ube2w,0.3501829,0.19117647,0.09485063
Lateral,2900011O08Rik,0.38008267,0.20882353,0.09467879
Lateral,Aig1,0.555816,0.28039262,0.09458384
Lateral,AC154782.1,0.15165877,0.083333336,0.09454149
Lateral,Hivep2,0.7935254,0.37157047,0.09449774
Lateral,Atg10,0.22999348,0.12941177,0.09448159
Lateral,Tcp11l1,0.26523158,0.15,0.094286606
Lateral,Ddc,0.15248847,0.08529412,0.09414685
Lateral,Ctif,0.3734689,0.20196079,0.09404421
Lateral,Nfic,0.22922952,0.13039216,0.09394257
Lateral,Bmpr2,0.43456477,0.23333333,0.09387064
Lateral,Rbm5,0.46458,0.24607843,0.09374905
Lateral,Mipol1,0.2336352,0.13039216,0.09364773
Lateral,Nrp1,0.24617933,0.1264706,0.0931571
Lateral,Tbc1d19,0.25569215,0.1382353,0.09298736
Lateral,Asb3,0.25724208,0.14803922,0.09288436
Lateral,Nckap1,0.5402491,0.27352977,0.092730135
Lateral,Xpo1,0.30956787,0.16666667,0.09271689
Lateral,Mon2,0.30706346,0.16862746,0.09267329
Lateral,D3Ertd751e,0.21005087,0.11764706,0.09236365
Lateral,Tlk2,0.27645615,0.15686275,0.09230313
Lateral,Usp9x,0.58590543,0.29902035,0.09215057
Lateral,Rbm26,0.5102448,0.27058855,0.09213564
Lateral,Fcho2,0.321224,0.17352942,0.09211938
Lateral,Wwp1,0.34427616,0.18039216,0.092086315
Lateral,Micu3,0.45344272,0.24117647,0.09196794
Lateral,Ntrk2,0.7468948,0.3500015,0.091926694
Lateral,1700024B18Rik,0.16042238,0.09411765,0.0919139
Lateral,Gm21798,0.16295594,0.08921569,0.091894716
Lateral,Fnip1,0.32837278,0.17941177,0.0918823
Lateral,Cmip,0.39997932,0.2127451,0.091858745
Lateral,Babam2,0.28616872,0.15294118,0.09182897
Lateral,Bves,0.11838284,0.07058824,0.09174547
Lateral,Atxn2l,0.39381948,0.20686275,0.09171653
Lateral,Thada,0.25644878,0.14607844,0.09170832
Lateral,Kcnmb4,0.24957404,0.13529412,0.09168701
Lateral,Pign,0.2611622,0.15,0.09152584
Lateral,Bcl9,0.20245881,0.11372549,0.09144511
Lateral,Slc8a3,0.44819874,0.22647059,0.09139642
Lateral,Tnks2,0.31454006,0.17843138,0.09139131
Lateral,Ube3a,1.0894853,0.4588267,0.09129083
Lateral,Zfand6,0.314243,0.17352942,0.0911372
Lateral,Aff4,0.44018286,0.23529412,0.09106237
Lateral,Rictor,0.31259575,0.17058824,0.09079765
Lateral,Lin52,0.23368835,0.13039216,0.09073174
Lateral,Csnk1g3,0.31844923,0.17941177,0.090594396
Lateral,Mvb12b,0.28249758,0.15882353,0.09053092
Lateral,Fubp1,0.5300449,0.2774514,0.09050396
Lateral,Eea1,0.3340336,0.18529412,0.09038781
Lateral,Mgea5,0.3293655,0.18333334,0.09034905
Lateral,Med27,0.20045404,0.115686275,0.0903395
Lateral,Ptprj,0.50024384,0.24901961,0.09012815
Lateral,Gm28905,0.39976677,0.17843138,0.08997017
Lateral,Dcx,0.23980525,0.13333334,0.08992909
Lateral,Lonp2,0.26944622,0.15,0.089850634
Lateral,2700069I18Rik,0.13076212,0.07450981,0.08978082
Lateral,Rab28,0.32264468,0.17843138,0.0897228
Lateral,Snx32,0.27378508,0.14901961,0.089703575
Lateral,Agap1,0.50168383,0.25882366,0.08970255
Lateral,Kcnq5,0.6379007,0.27156895,0.0896157
Lateral,Tpk1,0.19623166,0.105882354,0.089386195
Lateral,Zfp704,0.3017636,0.16568628,0.089341685
Lateral,Pcdh17,0.54119056,0.2637257,0.089240074
Lateral,Cul9,0.26988393,0.14607844,0.08922823
Lateral,Ptk7,0.13536648,0.08039216,0.08910395
Lateral,Nufip2,0.30519998,0.1764706,0.08910376
Lateral,Trhde,0.23464891,0.110784315,0.08904433
Lateral,Depdc5,0.25411388,0.14117648,0.08900137
Lateral,Sdccag8,0.2846584,0.15490197,0.08897795
Lateral,Popdc3,0.10384336,0.064705886,0.08896059
Lateral,Pan3,0.4327187,0.22745098,0.08886397
Lateral,Adk,0.34248492,0.1872549,0.08883816
Lateral,Vps8,0.2506722,0.14019608,0.088779405
Lateral,Slf2,0.30318716,0.16960785,0.08867048
Lateral,Pmepa1,0.2797093,0.15686275,0.08852807
Lateral,Rnf38,0.24308144,0.1392157,0.08834985
Lateral,Tmem57,0.29601598,0.1637255,0.08833572
Lateral,Crebrf,0.32878256,0.18431373,0.088334605
Lateral,Pcsk1,0.27712107,0.14705883,0.08828528
Lateral,Ppip5k1,0.31873113,0.18333334,0.088213906
Lateral,Frs2,0.23373811,0.13431373,0.08816412
Lateral,Sap130,0.19412516,0.10784314,0.08809216
Lateral,Ckap5,0.34825078,0.18921569,0.08802986
Lateral,Cnot6l,0.29008734,0.15784314,0.08797558
Lateral,Cdh22,0.22049364,0.12352941,0.087862775
Lateral,Cdc14a,0.15363319,0.08431373,0.087858275
Lateral,Pibf1,0.26993036,0.14901961,0.087721765
Lateral,Sarnp,0.29189813,0.15882353,0.08757047
Lateral,Rnf152,0.23897411,0.13137256,0.08756016
Lateral,Cc2d2a,0.19590907,0.10980392,0.08747219
Lateral,Chd4,0.40486574,0.21568628,0.087376535
Lateral,Tulp4,0.51478964,0.26078448,0.08729437
Lateral,Tmem196,0.28405747,0.1509804,0.08720568
Lateral,Simc1,0.19145466,0.110784315,0.08713679
Lateral,Ppp4r3b,0.2686452,0.15588236,0.08682132
Lateral,Phc2,0.28274205,0.15784314,0.08675745
Lateral,Epc1,0.31616044,0.17156863,0.08671716
Lateral,Baz1b,0.34985593,0.19411765,0.08670929
Lateral,Tmem47,0.37628752,0.19313726,0.0864948
Lateral,Nova1,0.37168196,0.18333334,0.08649364
Lateral,Ube2g1,0.29380742,0.1627451,0.086472735
Lateral,Stk38,0.28015056,0.15490197,0.086379826
Lateral,Tardbp,0.38840505,0.21176471,0.08620134
Lateral,AW554918,0.3208665,0.1764706,0.086162835
Lateral,Rnf216,0.268541,0.15490197,0.08602126
Lateral,Helz,0.35877213,0.2,0.08600503
Lateral,Bclaf1,0.44616836,0.24117647,0.08598444
Lateral,Acp1,0.36217183,0.19313726,0.085935205
Lateral,Pum1,0.35405928,0.19215687,0.08557713
Lateral,Ube2e2,0.83546865,0.3892178,0.08550429
Lateral,Thoc1,0.30242497,0.1764706,0.085403755
Lateral,Foxp2,0.52093786,0.22058824,0.08535883
Lateral,Ankrd28,0.30463466,0.16078432,0.085351214
Lateral,Rngtt,0.29026538,0.15980393,0.08530474
Lateral,Atxn1,0.89360756,0.40882593,0.08525556
Lateral,Sh3gl2,0.60550165,0.30098116,0.08520013
Lateral,Sgsm1,0.24085937,0.1382353,0.08516027
Lateral,Rtn4rl1,0.33032578,0.18039216,0.08510412
Lateral,Slc6a15,0.22816588,0.1264706,0.08510345
Lateral,Phf20,0.2589889,0.14607844,0.08495927
Lateral,Ap2b1,0.36975583,0.19803922,0.08493951
Lateral,Npas3,0.42596528,0.20196079,0.08489221
Lateral,Ccdc30,0.2626871,0.14803922,0.08476642
Lateral,4930555F03Rik,0.28461725,0.14117648,0.084717974
Lateral,Atxn2,0.42099267,0.22647059,0.08466452
Marginal,Atp1b1,3.280993,0.8739859,2.2389312
Marginal,Pcsk1n,3.1642065,0.8488936,2.073339
Marginal,Psap,2.6750536,0.78909916,1.8353713
Marginal,Rtn1,3.1438591,0.87451977,1.7591966
Marginal,App,2.9696553,0.8403515,1.7191923
Marginal,AY036118,3.511066,0.9108235,1.6777089
Marginal,Tmem130,2.0117307,0.66363764,1.5824139
Marginal,Gabbr1,2.6712205,0.79924285,1.5039812
Marginal,Itm2c,2.1298466,0.6721797,1.4746702
Marginal,Scg2,1.8008258,0.5947673,1.451164
Marginal,Atp1a3,2.1110363,0.66844255,1.4247578
Marginal,Resp18,1.7642381,0.57554764,1.3980011
Marginal,Serinc1,1.9370735,0.64335024,1.391356
Marginal,Spock2,1.9172446,0.6417486,1.3628305
Marginal,Syp,1.7963057,0.60758036,1.3457505
Marginal,Itm2b,2.1375213,0.6924671,1.3457499
Marginal,Gaa,1.6484144,0.56220067,1.3452355
Marginal,Clstn1,1.8957251,0.6273339,1.3336875
Marginal,Canx,1.7854292,0.609182,1.2968528
Marginal,Sv2a,1.7926042,0.60491097,1.2885194
Marginal,Cpe,2.6231287,0.80191225,1.2564905
Marginal,Ctsb,1.5494936,0.54511654,1.2432971
Marginal,Syt11,1.7784323,0.6086481,1.2050054
Marginal,Ly6h,1.6141381,0.542981,1.181751
Marginal,Hsp90b1,1.6839197,0.57768315,1.1739144
Marginal,Bsg,1.647945,0.56807333,1.1661706
Marginal,Rtn3,2.1517203,0.69887364,1.1349919
Marginal,Atp6ap2,1.4213978,0.5002707,1.1325699
Marginal,Hspa5,1.4790282,0.52215976,1.119565
Marginal,Dner,1.7406054,0.58248806,1.1148218
Marginal,Olfm1,1.7223017,0.5766154,1.1059797
Marginal,Tmem30a,1.4798054,0.525363,1.1034993
Marginal,Tecr,1.6228755,0.5568619,1.0931029
Marginal,Prnp,1.5576177,0.54725206,1.0929009
Marginal,Slc17a6,1.530865,0.5317696,1.0745755
Marginal,Tmx4,1.600556,0.5611329,1.074448
Marginal,Stmn3,1.7314005,0.5894285,1.0590587
Marginal,Syt4,1.4609563,0.51201606,1.0583239
Marginal,Aplp2,1.5302542,0.5285663,1.0579427
Marginal,Gm42418,5.978201,0.9989135,1.0569029
Marginal,Arl6ip1,1.5271131,0.53710836,1.0466472
Marginal,Scg5,1.5425464,0.5355067,1.0338486
Marginal,Slc22a17,1.50597,0.5237614,1.0297004
Marginal,Thy1,1.3243104,0.4735753,0.9992571
Marginal,Timp2,1.2389727,0.4372695,0.96328485
Marginal,Atp2a2,1.5014895,0.525363,0.9580565
Marginal,Gabra1,1.1831591,0.40149763,0.9532039
Marginal,Aplp1,1.3895266,0.49493164,0.95112824
Marginal,Calr,1.1767293,0.43406606,0.9072773
Marginal,Faim2,1.2029053,0.43993905,0.9069791
Marginal,Atp6ap1,1.106866,0.40790454,0.8968159
Marginal,Gpm6a,1.944343,0.6422825,0.8900789
Marginal,Caly,1.2177601,0.43353215,0.88276374
Marginal,Cds2,1.25466,0.4623632,0.88056004
Marginal,Nsg2,1.450503,0.5141516,0.87732536
Marginal,Clstn3,1.1459832,0.42018443,0.8735882
Marginal,Nsg1,1.1839433,0.43833733,0.8722259
Marginal,Tmem59l,1.0463233,0.38334474,0.8565762
Marginal,Reep5,1.178844,0.43566778,0.8560531
Marginal,Rtn4,1.7344434,0.5920979,0.8509102
Marginal,Saraf,1.0953991,0.40843844,0.839661
Marginal,Podxl2,1.1909726,0.4297948,0.8379687
Marginal,Ttc3,2.2993863,0.74425334,0.8369684
Marginal,Tspan7,1.332729,0.47784656,0.83591235
Marginal,Emc10,1.0795413,0.40042982,0.83253276
Marginal,Ctsd,1.1172152,0.40790454,0.81732094
Marginal,Chgb,1.069417,0.3929551,0.81590295
Marginal,Tspan3,1.1596731,0.42926088,0.81062734
Marginal,Disp2,1.0302368,0.3812091,0.8104446
Marginal,Tmx2,1.0056549,0.3742683,0.80688936
Marginal,Sez6l2,1.0531614,0.39188728,0.78423476
Marginal,Tspan13,1.3549908,0.4682362,0.7733656
Marginal,Rabac1,1.078053,0.40256545,0.76936215
Marginal,Cd47,1.1349176,0.41911662,0.76730716
Marginal,Syngr1,0.97423345,0.3678614,0.757087
Marginal,Scd2,1.4476949,0.51949036,0.75464225
Marginal,Chga,0.8742101,0.32888606,0.7390917
Marginal,Atp6v0b,1.2694535,0.45862585,0.73157024
Marginal,Pgrmc1,0.9892549,0.37266657,0.7200973
Marginal,Sec62,1.2292477,0.4495494,0.70519346
Marginal,Cbln2,0.96220094,0.3507763,0.6993549
Marginal,Rcn2,0.93333346,0.3502424,0.6935009
Marginal,Enpp5,0.8463923,0.3246148,0.6764317
Marginal,Glg1,1.0191444,0.38601428,0.6704277
Marginal,Nrsn2,0.8664478,0.32941997,0.66449946
Marginal,Grina,1.0274466,0.38601428,0.6638671
Marginal,Cmss1,2.3720999,0.68606055,0.65209043
Marginal,Scg3,0.90102845,0.3438355,0.6495862
Marginal,Pld3,0.7851981,0.3011228,0.64314383
Marginal,Cd81,1.0810162,0.40149763,0.63804626
Marginal,Pdia3,0.8797864,0.34169987,0.63467395
Marginal,Cox4i1,1.7846907,0.6097159,0.63142586
Marginal,Gnas,1.6368408,0.573946,0.6309651
Marginal,Gm1673,0.9096563,0.33956423,0.63085175
Marginal,Tmem59,0.9613059,0.3625223,0.6289312
Marginal,Tgoln1,0.80906224,0.30966535,0.62552947
Marginal,Ids,0.9030859,0.3438355,0.62484145
Marginal,Nptxr,0.80095917,0.2760291,0.6220991
Marginal,Pcdh10,0.9403829,0.3379625,0.62166685
Marginal,Chl1,1.0901533,0.3929551,0.6052568
Marginal,Cd200,0.75585794,0.29204637,0.59796584
Marginal,Atp6v0e2,0.760296,0.29791936,0.5947707
Marginal,Emc7,0.79579747,0.31073317,0.5805874
Marginal,Ociad1,0.8363591,0.32301307,0.57061785
Marginal,Scn2b,0.78675824,0.3069958,0.5699927
Marginal,Atp1a1,0.85001063,0.31553835,0.5664238
Marginal,Slc12a5,0.8700016,0.3256826,0.564205
Marginal,Sparcl1,1.1748677,0.4116419,0.55666244
Marginal,Ache,0.7178326,0.27442738,0.5509435
Marginal,Impad1,0.72528535,0.28030038,0.5462573
Marginal,C1qtnf4,0.6965922,0.2621475,0.5461362
Marginal,Gabrg2,0.9199259,0.34810677,0.5460544
Marginal,Cst3,2.131208,0.6865944,0.5385401
Marginal,2900097C17Rik,0.9991767,0.38281083,0.53769606
Marginal,Ndufa13,1.1079171,0.41484535,0.53525895
Marginal,Nptn,1.2854849,0.46449885,0.53446996
Marginal,Nceh1,0.7182237,0.27442738,0.53343797
Marginal,Ptprn,0.99243355,0.37053093,0.5280636
Marginal,Gpr151,0.6755552,0.23278251,0.52451426
Marginal,Fkbp2,0.8537597,0.32888606,0.52251613
Marginal,Tmem35a,0.6133422,0.23278251,0.522292
Marginal,Gapdh,1.2607589,0.4607615,0.519833
Marginal,Nfe2l1,0.79186004,0.31019926,0.51855344
Marginal,Lrpap1,0.6760259,0.2626814,0.5184364
Marginal,Tmem179,0.6679634,0.26481703,0.5162866
Marginal,Cx3cl1,0.6536202,0.24986759,0.5160985
Marginal,Itfg1,0.83544874,0.3187418,0.51164794
Marginal,Ndufc2,0.8778343,0.32995388,0.51023483
Marginal,Atp9a,0.8027107,0.30806363,0.50872624
Marginal,Nrxn2,0.9423119,0.35985276,0.5045286
Marginal,Igsf8,0.6598433,0.25307104,0.50376785
Marginal,Selenok,0.8428448,0.32621652,0.5034732
Marginal,St8sia3,0.64931554,0.25413886,0.49867064
Marginal,Hspa8,1.425434,0.5178887,0.49615175
Marginal,Ctsl,0.6887569,0.27069002,0.495216
Marginal,Lmbrd1,0.796974,0.30913144,0.4926303
Marginal,Clu,1.0207164,0.38494647,0.48892778
Marginal,Ndn,0.7299659,0.27923256,0.48744464
Marginal,Nenf,0.67356837,0.26535094,0.4845114
Marginal,Scn1b,0.64755297,0.25200322,0.48226127
Marginal,B4gat1,0.5829798,0.22904515,0.48212373
Marginal,Lamp1,0.7605788,0.29631764,0.48184833
Marginal,Slc38a1,0.8279546,0.31500444,0.48079762
Marginal,Tusc3,0.8289744,0.31500444,0.47993916
Marginal,Endod1,0.5682648,0.22423998,0.47917223
Marginal,Ndufa4,1.1744043,0.4249896,0.47857958
Marginal,Nrn1,0.9239117,0.34757286,0.47147548
Marginal,Atp1b2,0.65730786,0.2562745,0.47114307
Marginal,Frrs1l,0.77721554,0.29791936,0.46930644
Marginal,Syngr3,0.6218459,0.2445285,0.4681757
Marginal,Pdia6,0.64282656,0.25360495,0.4675683
Marginal,Npdc1,0.6788735,0.26535094,0.46676373
Marginal,Glrb,0.76969314,0.2995211,0.46629798
Marginal,Stmn2,0.94149595,0.35237804,0.46263555
Marginal,Gde1,0.6734279,0.26481703,0.46205518
Marginal,Pcdh17,0.86254597,0.3187418,0.46033287
Marginal,Lars2,1.1902231,0.41431144,0.455638
Marginal,Hsp90ab1,1.6808425,0.58782685,0.45293367
Marginal,Laptm4a,0.72775114,0.28403774,0.44925848
Marginal,Hsp90aa1,1.5342686,0.54511654,0.44918394
Marginal,Tmem47,0.6900934,0.26802048,0.44882903
Marginal,Tomm20,0.69271857,0.2749613,0.4458506
Marginal,Tmbim6,0.6824173,0.27069002,0.44487244
Marginal,Eef1a1,1.7667434,0.6097159,0.44336402
Marginal,Erp29,0.6162349,0.24773195,0.4427762
Marginal,Alg2,0.55043185,0.21836698,0.44051924
Marginal,Cntn1,1.4039847,0.50454175,0.43755764
Marginal,Pcp4,1.6093049,0.542981,0.43691123
Marginal,Txndc15,0.5820927,0.23011297,0.43320692
Marginal,Ubb,1.6351054,0.5611329,0.43113518
Marginal,Tm9sf2,0.6322424,0.24773195,0.43003845
Marginal,Calm1,1.2848865,0.45862585,0.4282648
Marginal,Dad1,0.68411845,0.26641876,0.42809606
Marginal,Kcna2,0.64275295,0.24666414,0.42772815
Marginal,Scamp5,0.6012584,0.23918942,0.4271481
Marginal,Scamp1,0.6688609,0.26481703,0.4216859
Marginal,Lgi2,0.5428965,0.20555317,0.41937894
Marginal,Pcsk2,1.4255271,0.4992029,0.41879892
Marginal,Tmed10,0.67061985,0.26748657,0.41240832
Marginal,Cadm3,0.5908455,0.23385033,0.4116225
Marginal,Extl2,0.53268385,0.21035835,0.41128483
Marginal,Vstm2l,0.57140297,0.22210434,0.4065656
Marginal,Galnt16,0.7166984,0.27816474,0.40560395
Marginal,Atp6v0a1,0.9596601,0.3619884,0.40436727
Marginal,Ssr1,0.57244444,0.22637561,0.4042278
Marginal,Pigt,0.48154268,0.19327328,0.4021501
Marginal,Ppib,0.69128984,0.27335957,0.39976263
Marginal,Cbln1,0.47874123,0.18152729,0.39914
Marginal,Vgf,0.45631427,0.16657785,0.39640042
Marginal,Nptx2,0.53458697,0.20181581,0.39306778
Marginal,Dynll2,0.98192215,0.3753361,0.39285618
Marginal,Atp6v0c,0.4302254,0.116924465,0.39276698
Marginal,Pam,1.5402219,0.51682097,0.39263272
Marginal,Spcs1,0.5438869,0.21569744,0.39200604
Marginal,Arxes2,0.5008511,0.20021409,0.38894033
Marginal,Adgrl1,0.6987436,0.27175784,0.38790056
Marginal,Slc25a4,1.0647401,0.39722636,0.3873598
Marginal,Mdh1,0.96693075,0.3630562,0.38434637
Marginal,Rtl8a,0.6781506,0.26695266,0.3838023
Marginal,Blcap,0.54116964,0.21462962,0.38296407
Marginal,Sdf4,0.5404767,0.21729916,0.38263547
Marginal,Tm9sf3,0.6238956,0.24773195,0.3819945
Marginal,Slc6a17,0.7153593,0.27923256,0.3801397
Marginal,Maged1,0.72650164,0.28296992,0.3794284
Marginal,March6,0.6834253,0.27175784,0.37878892
Marginal,Sdc3,0.49418113,0.19754454,0.37873876
Marginal,Hsd17b12,0.5840667,0.2322486,0.37846944
Marginal,Calb2,0.7374904,0.27709693,0.37789547
Marginal,Cbarp,0.58425057,0.2322486,0.37124956
Marginal,Adcyap1,0.44862884,0.16070485,0.36981088
Marginal,Ndufb5,0.68450665,0.2685544,0.36465827
Marginal,Alcam,0.92821604,0.33315733,0.3639202
Marginal,Vstm2a,0.5332897,0.20875663,0.36060494
Marginal,Clcn4,0.55803216,0.22317216,0.35985398
Marginal,Tmx3,0.6122463,0.24185896,0.35964862
Marginal,Fam171b,0.6259402,0.24559632,0.35896847
Marginal,Tm2d3,0.4555903,0.18473074,0.3589632
Marginal,Tmem106b,0.5407539,0.2135618,0.35318094
Marginal,Mboat7,0.45399925,0.1825951,0.35135573
Marginal,Cspg5,0.57715106,0.2317147,0.35055608
Marginal,Tmem50a,0.5078157,0.20555317,0.34863198
Marginal,Slc39a10,0.5072425,0.200748,0.34822592
Marginal,Aldoa,0.9464067,0.35825104,0.34731352
Marginal,Cadm4,0.4918051,0.19754454,0.34551606
Marginal,Ppia,1.4146876,0.5013385,0.3427608
Marginal,AI593442,0.45402712,0.17778993,0.34265563
Marginal,Insig1,0.49824023,0.19861236,0.34109032
Marginal,Ptn,0.8121777,0.30272454,0.34093255
Marginal,Hacd3,0.57416975,0.2322486,0.34055173
Marginal,Igfbp5,0.48604387,0.18419683,0.33991253
Marginal,Lpgat1,0.59871596,0.23438424,0.33949268
Marginal,Scarb2,0.47551715,0.19327328,0.33833364
Marginal,Nrsn1,0.61982363,0.24292678,0.3378275
Marginal,Selenof,0.5998305,0.24025723,0.3375124
Marginal,Cox6c,1.1941707,0.4313965,0.3371442
Marginal,Ncam1,1.4087924,0.50507563,0.33568025
Marginal,1810041L15Rik,0.5895921,0.23064688,0.3353669
Marginal,Msmo1,0.5009461,0.19861236,0.33409113
Marginal,Tmem255a,0.5004493,0.19167155,0.33055007
Marginal,Degs1,0.41804478,0.16924739,0.33035225
Marginal,Ergic3,0.46331325,0.1884681,0.32674456
Marginal,Calm2,1.1079861,0.4127097,0.32493585
Marginal,Lgmn,0.45326722,0.18366292,0.3245424
Marginal,Cck,0.4452594,0.15429795,0.32275474
Marginal,Sel1l,0.5284,0.2135618,0.3224675
Marginal,Tac2,0.7693775,0.24506241,0.31993794
Marginal,L1cam,0.4787977,0.18686637,0.31887928
Marginal,Clcn3,0.6947683,0.27335957,0.31750047
Marginal,Mesd,0.3930802,0.15696749,0.31749365
Marginal,Pcyox1,0.38781717,0.1575014,0.31698033
Marginal,Arl6ip5,0.4445756,0.18099338,0.31458294
Marginal,Serinc3,0.46760082,0.18793419,0.31410038
Marginal,Emc4,0.42827898,0.17512038,0.31266075
Marginal,Celsr2,0.42699054,0.17084911,0.31171966
Marginal,Nap1l5,0.8045112,0.30539408,0.31145373
Marginal,Calm3,0.79292744,0.3134027,0.30583897
Marginal,Lnpep,0.6991338,0.27282566,0.3048724
Marginal,Smpd1,0.37394598,0.15376404,0.303823
Marginal,Dnajb14,0.5178477,0.20608708,0.30278796
Marginal,Ndufb11,0.60881805,0.24346069,0.30244341
Marginal,Jarid2,0.9681209,0.35184413,0.30151647
Marginal,Clptm1,0.41258422,0.1703152,0.30096418
Marginal,Bscl2,0.43850917,0.17885774,0.30014113
Marginal,Parm1,0.43499604,0.16284049,0.29953974
Marginal,Fam173a,0.50269896,0.2012819,0.29860175
Marginal,Nlgn3,0.4414298,0.17939165,0.29701996
Marginal,Tsn,0.5430981,0.21836698,0.29614207
Marginal,Tmem33,0.42055124,0.17351866,0.2958911
Marginal,M6pr,0.3832301,0.15643358,0.29540437
Marginal,Rgmb,0.45575613,0.1761882,0.29470825
Marginal,Selenom,0.5662581,0.22477388,0.29468787
Marginal,Ccdc47,0.48185322,0.19540891,0.29433888
Marginal,Bri3bp,0.38632402,0.15963703,0.29394752
Marginal,Spcs2,0.5106022,0.20768881,0.29344255
Marginal,Eef2,0.79667497,0.30966535,0.29321504
Marginal,Tmem147,0.42702472,0.17778993,0.29284507
Marginal,Chchd2,1.1004921,0.40790454,0.29199314
Marginal,Araf,0.70327383,0.27816474,0.29052353
Marginal,Grin1,0.790154,0.305928,0.29020596
Marginal,Acsl3,0.54195744,0.2130279,0.29014766
Marginal,Hs6st2,0.6531479,0.24986759,0.28983954
Marginal,Nat8l,0.39890346,0.1575014,0.28887245
Marginal,Rhbdd2,0.38326958,0.15589967,0.28880483
Marginal,Uchl1,0.78807384,0.30539408,0.28876528
Marginal,Selenot,0.45314538,0.18419683,0.28843015
Marginal,Bcap31,0.42675075,0.17351866,0.28790754
Marginal,Ndufa1,0.57291955,0.22744343,0.28672603
Marginal,Ctsf,0.38450325,0.15803531,0.28615546
Marginal,Arxes1,0.35459727,0.1446876,0.28501433
Marginal,Prkar1a,0.72573876,0.28563946,0.2849667
Marginal,B4galt6,0.43935305,0.17725602,0.2840337
Marginal,Jkamp,0.42107984,0.1697813,0.2829413
Marginal,Tmed7,0.39166227,0.15803531,0.28129697
Marginal,Tuba1a,0.84018785,0.32354698,0.281053
Marginal,Atp5b,0.8092466,0.31393662,0.27800614
Marginal,Cd63,0.5875279,0.23011297,0.27682906
Marginal,Slc39a6,0.3415388,0.1393485,0.27629122
Marginal,Tmem246,0.36272568,0.14789104,0.27620003
Marginal,Epdr1,0.3786085,0.15429795,0.27605075
Marginal,Tmco1,0.4079343,0.16657785,0.27595973
Marginal,Nnat,1.0058517,0.3625223,0.27581137
Marginal,Slitrk4,0.36261988,0.13988242,0.27565345
Marginal,Cisd1,0.50918955,0.20662099,0.27554008
Marginal,Ywhag,0.6434389,0.26054576,0.27551454
Marginal,Cdipt,0.37342834,0.15216231,0.27504084
Marginal,Lrp11,0.40150598,0.1639083,0.27355954
Marginal,Amigo2,0.413525,0.16070485,0.27266192
Marginal,Chst1,0.5496014,0.21836698,0.27249172
Marginal,Nrp2,0.71321857,0.27389348,0.27248174
Marginal,Syt13,0.5359628,0.21249399,0.27231812
Marginal,Chst2,0.4435072,0.17725602,0.2712386
Marginal,Nme7,0.54519606,0.20982444,0.27087957
Marginal,Lrrc55,0.57998914,0.22263825,0.2701509
Marginal,Cacna2d2,0.6219934,0.24666414,0.26979986
Marginal,Actg1,0.74876785,0.29204637,0.26970214
Marginal,Leprotl1,0.38378176,0.15856922,0.26846322
Marginal,Lrrc24,0.3090164,0.12867033,0.26550108
Marginal,Atp2b1,0.94181573,0.34650505,0.26514024
Marginal,Astn1,0.836858,0.32354698,0.26430392
Marginal,Pianp,0.3715796,0.1516284,0.26369995
Marginal,Lgi3,0.3621978,0.14361978,0.2624814
Marginal,Prkcsh,0.36827785,0.15323013,0.26078767
Marginal,Ssr4,0.43876252,0.17725602,0.2607842
Marginal,Ddost,0.33071026,0.13507724,0.26072073
Marginal,Lrp1,0.52599126,0.20875663,0.25966007
Marginal,Emc1,0.34723318,0.14255196,0.25957042
Marginal,Lrrc4b,0.3872018,0.15643358,0.25911418
Marginal,Hspa13,0.3312239,0.13347551,0.2580878
Marginal,Abhd12,0.43933234,0.17725602,0.25793976
Marginal,H13,0.41819385,0.17084911,0.25782114
Marginal,Tmed9,0.42454165,0.17298475,0.25672016
Marginal,Rab3a,0.57503253,0.22851124,0.25619155
Marginal,Adprh,0.33011696,0.13667896,0.25566894
Marginal,Cd99l2,0.3839516,0.15696749,0.253681
Marginal,Cdk5r1,0.39945534,0.16230658,0.2525372
Marginal,Chchd10,0.7405156,0.27976647,0.2524492
Marginal,Sdf2,0.37070557,0.15323013,0.25194287
Marginal,Mt3,1.0707623,0.39722636,0.25112265
Marginal,Scn2a,1.0878116,0.40416718,0.2508101
Marginal,Fam234b,0.33303565,0.1329416,0.2496719
Marginal,Gns,0.38020125,0.15323013,0.248999
Marginal,Stmn4,0.527965,0.20929053,0.24803963
Marginal,Atp2b2,0.7354053,0.27923256,0.24791202
Marginal,Ndfip2,0.54761034,0.22317216,0.2476627
Marginal,Omg,0.30695742,0.1265347,0.24764098
Marginal,Pcsk1,0.4118091,0.16284049,0.24700336
Marginal,Srpr,0.4101843,0.16764566,0.2456477
Marginal,Xbp1,0.3384832,0.14041632,0.24494632
Marginal,Tpi1,0.50076157,0.200748,0.24430192
Marginal,Tuba1b,0.4977497,0.20181581,0.24409544
Marginal,Tmsb10,0.62940526,0.2439946,0.24353716
Marginal,Sorl1,0.43720824,0.1697813,0.24353562
Marginal,9530068E07Rik,0.31629422,0.13133988,0.24327733
Marginal,Retreg2,0.36765614,0.14895886,0.24289787
Marginal,Megf8,0.38584983,0.15483186,0.24242349
Marginal,Os9,0.3538863,0.1452215,0.24132785
Marginal,Slc35g2,0.3281055,0.13454333,0.24051996
Marginal,Ugcg,0.3607419,0.14682323,0.23952064
Marginal,Ndrg4,0.8967478,0.3433016,0.23917007
Marginal,Sez6l,0.5472183,0.21035835,0.23876548
Marginal,Vamp2,0.5316376,0.21409571,0.23863178
Marginal,Plxnc1,0.46191773,0.18526465,0.2364081
Marginal,Stmn1,0.8408122,0.3192757,0.23322916
Marginal,Nomo1,0.29463163,0.12066177,0.23246276
Marginal,Dnajc5,0.48978266,0.19647673,0.23222634
Marginal,Mfsd6,0.3926338,0.16017094,0.23189107
Marginal,Nlgn2,0.38835174,0.15856922,0.2317726
Marginal,Abca2,0.4052193,0.16230658,0.23172785
Marginal,Sv2b,0.56604517,0.22103652,0.23112464
Marginal,Pnmal2,0.5990828,0.23651987,0.23008773
Marginal,Kitl,0.73140097,0.2754952,0.22977006
Marginal,Hapln4,0.25977722,0.103043035,0.22946566
Marginal,Vma21,0.32703963,0.1324077,0.22914334
Marginal,Wif1,0.2742333,0.103043035,0.22883172
Marginal,Ndfip1,0.51179534,0.1884681,0.22754705
Marginal,Tmem132a,0.3426146,0.13187379,0.2270079
Marginal,Hmgcr,0.38637456,0.16123876,0.2267788
Marginal,BC004004,0.29799423,0.12439908,0.22659135
Marginal,Cnpy2,0.33226308,0.13667896,0.22539374
Marginal,Fndc5,0.30370727,0.12493298,0.2251422
Marginal,Vldlr,0.3337927,0.13454333,0.22509164
Marginal,Ndufa11,0.50393134,0.20234972,0.2249695
Marginal,Ret,0.2639834,0.10037353,0.2237832
Marginal,Ywhah,0.577909,0.23118079,0.22293532
Marginal,Eef1a2,0.6003261,0.24079114,0.22279653
Marginal,BC031181,0.43544433,0.17992556,0.22256637
Marginal,Atad1,0.3905239,0.16017094,0.22160439
Marginal,Purb,0.63666666,0.25360495,0.22111905
Marginal,Reep2,0.39365822,0.15803531,0.22098674
Marginal,P4hb,0.2987592,0.122263476,0.22090742
Marginal,Mcfd2,0.28928608,0.11799227,0.22079512
Marginal,Acp2,0.29242584,0.117458366,0.21986768
Marginal,Tmed2,0.35297024,0.14628932,0.21965271
Marginal,Ndufa3,0.49420992,0.19914627,0.21932161
Marginal,Hyou1,0.28904173,0.121729575,0.21925692
Marginal,Cnih1,0.31642205,0.1324077,0.21918285
Marginal,Cyb561,0.27591622,0.11478886,0.21916448
Marginal,Cox7c,0.98957324,0.3678614,0.21890002
Marginal,Tram1l1,0.26399302,0.11051765,0.21868873
Marginal,Fam8a1,0.30497319,0.12706861,0.21842223
Marginal,Pkm,0.6563914,0.26161358,0.21792194
Marginal,St3gal5,0.40966827,0.16123876,0.21783958
Marginal,Prokr2,0.2674673,0.10197523,0.21729054
Marginal,Chpf,0.25772867,0.107848145,0.21593606
Marginal,Ghitm,0.46616605,0.19006982,0.21518081
Marginal,Fxyd6,0.2885993,0.11906007,0.21507058
Marginal,Filip1l,0.46790746,0.18473074,0.21442741
Marginal,Tmem63b,0.50134814,0.19968018,0.21410352
Marginal,Gpr26,0.34138265,0.1393485,0.21391013
Marginal,Mtch1,0.5527418,0.22157043,0.21374992
Marginal,Gm19951,0.41642395,0.16070485,0.21350624
Marginal,Laptm4b,0.27533033,0.11372106,0.21318233
Marginal,3632451O06Rik,0.41632286,0.16444221,0.21307029
Marginal,Fibcd1,0.2737458,0.10571254,0.21237709
Marginal,Cntnap1,0.35222414,0.1446876,0.2113295
Marginal,Creld1,0.30369794,0.12439908,0.21027485
Marginal,Slc9a6,0.32454845,0.13187379,0.21020907
Marginal,Atraid,0.3363063,0.13721287,0.21008442
Marginal,Elmod1,0.52829826,0.20662099,0.20967454
Marginal,Enho,0.3683471,0.1510945,0.20898195
Marginal,Agpat3,0.42901227,0.17458647,0.20888078
Marginal,Cox5b,0.697249,0.27282566,0.208761
Marginal,Ndufs7,0.48565865,0.19861236,0.20859006
Marginal,Tfrc,0.47178414,0.19006982,0.20813179
Marginal,Ckb,1.1777995,0.43246433,0.2079094
Marginal,Sec11c,0.44523677,0.18152729,0.20662373
Marginal,Cox6a1,0.64584106,0.25520667,0.20647645
Marginal,Eif1,1.0047953,0.3748022,0.2053501
Marginal,Sema6b,0.29877615,0.12493298,0.20459443
Marginal,Pgam1,0.46010804,0.1884681,0.20399952
Marginal,Serpini1,0.3266468,0.13187379,0.20338644
Marginal,Amfr,0.36234498,0.15056059,0.20326453
Marginal,Asph,0.43733183,0.17778993,0.20265459
Marginal,P4htm,0.3145563,0.12760252,0.2021746
Marginal,Plppr3,0.33804908,0.14148414,0.20194043
Marginal,Wscd1,0.34304962,0.14041632,0.20130777
Marginal,Gabarapl1,0.44677198,0.18473074,0.20115109
Marginal,Ganab,0.3059656,0.12386518,0.20071091
Marginal,Slc4a8,0.3339856,0.13614506,0.20046909
Marginal,Cox8a,1.1925673,0.42712525,0.19975859
Marginal,Ssr2,0.26125312,0.10998375,0.19893001
Marginal,Tmx1,0.2934863,0.121195674,0.1985118
Marginal,Necab2,0.70380706,0.2685544,0.19828361
Marginal,Manf,0.33823934,0.1388146,0.19768077
Marginal,Prdx2,0.5254559,0.21089226,0.19749942
Marginal,Cox7a2,0.7257952,0.27816474,0.19748324
Marginal,Praf2,0.2564134,0.10624644,0.1973442
Marginal,Dgcr2,0.2513336,0.103576936,0.19718835
Marginal,Tmem222,0.29423255,0.12279738,0.19606349
Marginal,Oaz1,0.71788895,0.27763084,0.19580084
Marginal,Qpct,0.2375695,0.09770402,0.19549777
Marginal,H2afz,0.5097827,0.20662099,0.1949544
Marginal,Syt5,0.27139476,0.10998375,0.19478941
Marginal,Ywhab,0.5928865,0.23758769,0.1944198
Marginal,Spint2,0.25528136,0.10197523,0.19437532
Marginal,Tmbim4,0.29667532,0.121729575,0.1940228
Marginal,Tkt,0.3442457,0.13988242,0.19399534
Marginal,G6pc3,0.26252034,0.107314244,0.19384292
Marginal,Tspyl4,0.55340844,0.22157043,0.19381979
Marginal,Atp5j,0.69771844,0.27069002,0.19341934
Marginal,Yipf4,0.31977704,0.1324077,0.19339792
Marginal,Cox5a,0.57445985,0.2258417,0.19339535
Marginal,Cdk8,0.797,0.2995211,0.19284695
Marginal,Sc5d,0.30035794,0.12493298,0.1927428
Marginal,Krtcap2,0.33502135,0.1393485,0.19254284
Marginal,B3gat3,0.312221,0.12867033,0.19186169
Marginal,Ly6e,0.29240295,0.121195674,0.19172019
Marginal,Scn3b,0.33360785,0.13667896,0.19151329
Marginal,Scoc,0.5282648,0.21196008,0.19128153
Marginal,Bmpr2,0.5147996,0.20822272,0.19100332
Marginal,Paqr8,0.36526933,0.14575541,0.19065274
Marginal,Ppt1,0.34609866,0.14308587,0.19045146
Marginal,Gpx4,0.6630922,0.2568084,0.1903829
Marginal,Serpine2,0.36716837,0.14201805,0.19016881
Marginal,Tmem9b,0.27076757,0.11532276,0.19014212
Marginal,B3galnt1,0.2534595,0.10624644,0.18994202
Marginal,Dnajc10,0.38471898,0.16070485,0.1896896
Marginal,Efnb3,0.31683624,0.13080597,0.18968554
Marginal,Tac1,0.26593497,0.094500616,0.1894725
Marginal,Elovl4,0.26131573,0.107314244,0.18897407
Marginal,Bex2,0.63534117,0.24933368,0.18892571
Marginal,Ctsa,0.28055343,0.11532276,0.18815377
Marginal,Pnmal1,0.36369616,0.14842495,0.18801604
Marginal,Tmem9,0.24944939,0.10464474,0.18762802
Marginal,Ndufb8,0.4820483,0.19647673,0.1868205
Marginal,Tubb2a,0.47741273,0.19220546,0.18676329
Marginal,Lrrtm2,0.2648644,0.107848145,0.18675688
Marginal,Clptm1l,0.26897076,0.11158545,0.18605697
Marginal,Atp5a1,0.64206207,0.25841013,0.18568006
Marginal,Tm2d2,0.2673566,0.112653255,0.18498579
Marginal,Atp5g3,0.59971267,0.23385033,0.18461326
Marginal,Gas6,0.35743302,0.14895886,0.18425386
Marginal,AI504432,0.27013376,0.10944985,0.18412098
Marginal,Smim10l1,0.42063636,0.17351866,0.1840528
Marginal,Rer1,0.2919934,0.12066177,0.18385854
Marginal,Tmem158,0.244244,0.09983963,0.1835864
Marginal,Pgrmc2,0.3032939,0.12493298,0.1835851
Marginal,Atp5h,0.8239613,0.31553835,0.18326682
Marginal,Adcyap1r1,0.26836443,0.107848145,0.18314923
Marginal,Fam174a,0.33844894,0.13828069,0.18277077
Marginal,Lynx1,0.2529499,0.10411084,0.18250239
Marginal,Tmed4,0.2875174,0.12012787,0.18248925
Marginal,Camk2n1,0.6685937,0.2637492,0.1824452
Marginal,Morf4l1,0.87978804,0.33529297,0.1822133
Marginal,Atp5e,0.71188813,0.2754952,0.18200326
Marginal,Zic1,0.7629148,0.2936481,0.18186814
Marginal,Pgap1,0.42561686,0.1697813,0.18177946
Marginal,Grn,0.24618316,0.10144133,0.18133557
Marginal,Trp53i11,0.31840172,0.12867033,0.1812627
Marginal,Slc39a7,0.25841329,0.107848145,0.18066594
Marginal,Sez6,0.2786962,0.11425496,0.18059355
Marginal,Pmepa1,0.35561678,0.14415368,0.18040453
Marginal,Acsl4,0.35626748,0.14415368,0.17963003
Marginal,Tmem176b,0.29445255,0.11478886,0.17949359
Marginal,Ostm1,0.22813231,0.09610232,0.17940703
Marginal,Ostc,0.28669077,0.116924465,0.17904384
Marginal,Tmem56,0.40022886,0.15856922,0.17859231
Marginal,Ubc,0.5392725,0.21516353,0.17855802
Marginal,Emb,0.26796392,0.11051765,0.17749296
Marginal,Uqcrh,0.8198568,0.30966535,0.17744291
Marginal,Fam69b,0.26356575,0.11105155,0.17657304
Marginal,Tmem151a,0.27745566,0.11478886,0.17606759
Marginal,Arl8b,0.3145668,0.12813643,0.17592368
Marginal,Chrnb2,0.23318163,0.09556842,0.17529225
Marginal,Elfn1,0.3339301,0.13454333,0.17521551
Marginal,Smim13,0.29397866,0.12012787,0.17480086
Marginal,Gng3,0.4680359,0.19006982,0.17422584
Marginal,Pebp1,0.57298696,0.22851124,0.17421004
Marginal,Dnajc3,0.30616876,0.12600079,0.17380965
Marginal,Rtn4rl1,0.40307587,0.1633744,0.17317514
Marginal,Slc2a3,0.29840147,0.121729575,0.17316872
Marginal,Dhcr24,0.23004799,0.093966715,0.17262125
Marginal,Gng8,0.706751,0.26054576,0.17220938
Marginal,Cyp51,0.33750266,0.14041632,0.17162296
Marginal,Gpr162,0.29409838,0.121195674,0.17117548
Marginal,Erlec1,0.34307986,0.14148414,0.17114063
Marginal,Nucb1,0.24020095,0.098771825,0.17099449
Marginal,Cadm1,1.3370919,0.4671684,0.17098057
Marginal,Atp5j2,0.6093735,0.24079114,0.17070237
Marginal,Fam20b,0.26160333,0.10944985,0.16944611
Marginal,Stt3b,0.3296853,0.13347551,0.16940904
Marginal,6330403K07Rik,0.43044183,0.17565429,0.168996
Marginal,Ormdl3,0.24993838,0.10197523,0.1689944
Marginal,Olfm2,0.39715907,0.16444221,0.16896667
Marginal,Sdc2,0.2865436,0.11852617,0.16896126
Marginal,Ier3ip1,0.28182212,0.11532276,0.16872682
Marginal,Ssr3,0.27831832,0.117458366,0.16872554
Marginal,Wrb,0.24176359,0.10090743,0.16836417
Marginal,Sncb,0.50293624,0.20555317,0.1683155
Marginal,Mlec,0.24132513,0.10090743,0.16735262
Marginal,Hcn2,0.2732151,0.112119354,0.1664924
Marginal,Tm2d1,0.27309653,0.11425496,0.16612169
Marginal,Kidins220,0.84791356,0.3315556,0.1655733
Marginal,Ptprf,0.2946526,0.122263476,0.16535185
Marginal,Insig2,0.2768451,0.11532276,0.16430753
Marginal,Cygb,0.33947438,0.14201805,0.16422336
Marginal,Pigk,0.46262205,0.18793419,0.16417521
Marginal,Fuca1,0.23105359,0.09663622,0.16391125
Marginal,Basp1,0.5912348,0.23278251,0.16378185
Marginal,Psenen,0.30324218,0.1265347,0.16361102
Marginal,Eif4a2,0.61747193,0.24719805,0.16359213
Marginal,Zdhhc22,0.20973618,0.08328869,0.16357335
Marginal,Slc25a3,0.61723393,0.24506241,0.16325694
Marginal,Dnajb9,0.23327097,0.09930573,0.1627562
Marginal,Cend1,0.3582199,0.14842495,0.16261017
Marginal,Impact,0.53656304,0.21676525,0.16252458
Marginal,C1galt1c1,0.20923564,0.0880938,0.16242802
Marginal,Tmem127,0.24714383,0.10197523,0.16233918
Marginal,C1ql3,0.23470402,0.07848358,0.16161826
Marginal,Lrtm2,0.20360675,0.08382259,0.16101705
Marginal,Kcnc1,0.30682543,0.12012787,0.16082552
Marginal,Rnf187,0.37168077,0.1516284,0.16018979
Marginal,Asic1,0.2702029,0.112653255,0.15920915
Marginal,Hint1,0.6071379,0.23758769,0.15915287
Marginal,Cnih2,0.2742117,0.117458366,0.15859891
Marginal,Mia3,0.33254588,0.13347551,0.15852353
Marginal,Ywhaz,0.6702994,0.27015612,0.15851206
Marginal,Wls,0.425501,0.17138302,0.15782392
Marginal,Tmem259,0.32102934,0.13133988,0.15780069
Marginal,Tspan31,0.21696383,0.09076331,0.15719903
Marginal,Uqcr10,0.5500648,0.21676525,0.15719002
Marginal,Usmg5,0.6219862,0.24132505,0.15713215
Marginal,Creg1,0.2164161,0.09183111,0.15705872
Marginal,Gabra3,0.32359126,0.13187379,0.15660322
Marginal,Atp6v1a,0.4601628,0.18793419,0.15626976
Marginal,Cyc1,0.33901787,0.13828069,0.1558009
Marginal,Entpd6,0.23097405,0.09610232,0.15553461
Marginal,Zwint,0.7661802,0.3011228,0.15509874
Marginal,Pcdh19,0.3501286,0.13721287,0.15469359
Marginal,Atp5k,0.5529597,0.21890089,0.15445948
Marginal,Sqle,0.23648392,0.09717012,0.15437526
Marginal,Cyp46a1,0.28311872,0.11478886,0.15372418
Marginal,Lman2,0.22319902,0.09289891,0.1533843
Marginal,Magee1,0.26183534,0.11051765,0.15231344
Marginal,Camk2n2,0.28538767,0.11906007,0.15214086
Marginal,Mal2,0.21005845,0.0859582,0.15209728
Marginal,Fbln1,0.17381023,0.066203855,0.15189248
Marginal,Gpx3,0.18263865,0.07207677,0.15183519
Marginal,Uhmk1,0.28947538,0.121729575,0.15175316
Marginal,Dnajb11,0.22646268,0.09556842,0.151674
Marginal,Gdpd1,0.33246097,0.1388146,0.15161845
Marginal,Ldhb,0.60040176,0.23865551,0.15074402
Marginal,Oprl1,0.19328497,0.08168699,0.15066507
Marginal,Ina,0.37176517,0.15536577,0.15064617
Marginal,Megf9,0.4152602,0.16657785,0.15056106
Marginal,Tpbg,0.1624281,0.06300045,0.15055737
Marginal,Uqcr11,0.5644317,0.22370607,0.15033087
Marginal,Selenow,0.70202476,0.27763084,0.15004808
Marginal,Grm2,0.20998962,0.0875599,0.1498812
Marginal,Tmem50b,0.2080399,0.0854243,0.1496202
Marginal,Myadm,0.18537666,0.07794968,0.14956349
Marginal,Casd1,0.30668947,0.12493298,0.14945267
Marginal,Nus1,0.28831193,0.11906007,0.1493942
Marginal,Cycs,0.38827497,0.16070485,0.14932828
Marginal,Minpp1,0.22288042,0.094500616,0.14903077
Marginal,H2-D1,0.255991,0.10517864,0.1490237
Marginal,Mpc2,0.38405642,0.1575014,0.14894639
Marginal,Tapbp,0.1961041,0.08168699,0.14888898
Marginal,Lingo1,0.32041982,0.12760252,0.14869638
Marginal,Cntfr,0.25656527,0.10464474,0.14850861
Marginal,Ndufc1,0.49818736,0.19273937,0.14830682
Marginal,Ndufa2,0.507533,0.20181581,0.14811116
Marginal,Comtd1,0.20083429,0.0854243,0.14786081
Marginal,Pam16,0.29107404,0.12279738,0.14714797
Marginal,Cox6b1,0.63544965,0.24826586,0.14691448
Marginal,Map1lc3a,0.41937217,0.1697813,0.14648715
Marginal,Got1,0.40814346,0.16871348,0.14631158
Marginal,Ero1l,0.27890947,0.11585666,0.14623366
Marginal,Fuca2,0.19729671,0.0854243,0.14602932
Marginal,Fam213a,0.3233831,0.13454333,0.14550546
Marginal,Ggt7,0.32923624,0.13454333,0.14541331
Marginal,Pgk1,0.37325093,0.15536577,0.14527538
Marginal,Creg2,0.1974842,0.08222089,0.14527068
Marginal,Chst10,0.2564161,0.10678034,0.14512175
Marginal,Fau,1.339832,0.47731265,0.14508164
Marginal,Chd3os,0.36521938,0.14895886,0.14505248
Marginal,Ndufa5,0.52756995,0.20875663,0.14477098
Marginal,Mydgf,0.21401809,0.09129721,0.14451611
Marginal,G3bp2,0.41868788,0.17298475,0.1442441
Marginal,Lrrn1,0.2316016,0.09663622,0.1438804
Marginal,Amigo1,0.18818645,0.07848358,0.1436472
Marginal,Mdga1,0.29975337,0.11852617,0.14346792
Marginal,Slc5a3,0.21625027,0.0880938,0.14277682
Marginal,Epm2aip1,0.27359018,0.112119354,0.1426324
Marginal,Vdac1,0.46728832,0.18686637,0.14255607
Marginal,Emc3,0.23577763,0.098237924,0.14250761
Marginal,Eef1g,0.4173091,0.17245084,0.14189148
Marginal,Arhgdig,0.19732624,0.08168699,0.14174967
Marginal,Casc4,0.5150579,0.21035835,0.14169118
Marginal,Nme1,0.3961859,0.16177267,0.14140487
Marginal,Arf1,0.3288561,0.13828069,0.14138071
Marginal,Ndufs5,0.53241426,0.21249399,0.14116383
Marginal,Gabarapl2,0.5085966,0.20341754,0.14115584
Marginal,Tmed3,0.19274537,0.08275479,0.141137
Marginal,Atp5g1,0.49699375,0.1943411,0.14093995
Marginal,Slc3a2,0.24491318,0.10197523,0.140654
Marginal,Nefl,0.3484805,0.14361978,0.14046538
Marginal,Mageh1,0.21658403,0.093432814,0.14036047
Marginal,Atp1b3,0.38246077,0.15429795,0.14017509
Marginal,Gfra1,0.49317867,0.18953592,0.14012289
Marginal,Herpud1,0.22180171,0.09663622,0.13996401
Marginal,Slc27a4,0.21140954,0.0880938,0.13993399
Marginal,Atp5f1,0.50419515,0.20234972,0.13965836
Marginal,Sccpdh,0.23652025,0.10090743,0.1395883
Marginal,Sirpa,0.25015268,0.10037353,0.13920186
Marginal,Slc6a1,0.2584039,0.10037353,0.13916945
Marginal,Elob,0.56281275,0.2199687,0.13901743
Marginal,Arl8a,0.28848508,0.121195674,0.13894807
Marginal,Dnajc16,0.20221551,0.084890395,0.13885918
Marginal,Neu1,0.19780815,0.08328869,0.13833067
Marginal,Fam3c,0.22495152,0.09503452,0.13817658
Marginal,Cplx1,0.41967192,0.16924739,0.13814187
Marginal,Nipal3,0.21617454,0.09076331,0.13787045
Marginal,Kdelr1,0.2167853,0.09076331,0.13779208
Marginal,Cfl1,0.49343523,0.19914627,0.13774261
Marginal,Derl1,0.212239,0.0886277,0.13768518
Marginal,Uqcrq,0.5671988,0.22370607,0.13747
Marginal,Slc36a4,0.21196866,0.0875599,0.13744853
Marginal,Camk1d,1.8347927,0.56967497,0.1372236
Marginal,Yipf3,0.19507258,0.080619186,0.13705677
Marginal,Clcn6,0.23017353,0.09236501,0.13681248
Marginal,Arl1,0.26185986,0.10944985,0.13674122
Marginal,Svop,0.35847273,0.1516284,0.13670121
Marginal,Fzd3,0.27753776,0.112119354,0.13656905
Marginal,1500011B03Rik,0.24036692,0.10250913,0.13644867
Marginal,Selenoi,0.25699788,0.10517864,0.13574253
Marginal,Sar1a,0.22291079,0.093966715,0.13569564
Marginal,Atcay,0.28248307,0.116924465,0.13562134
Marginal,Cox7b,0.5613294,0.21836698,0.13561064
Marginal,Plppr4,0.42306134,0.16711175,0.13536635
Marginal,Fam20c,0.20123932,0.08328869,0.13535294
Marginal,Atg9a,0.20690764,0.0880938,0.13412403
Marginal,Cldnd1,0.3031847,0.1265347,0.13409902
Marginal,Igip,0.25501484,0.10678034,0.1339304
Marginal,Plcxd2,0.292635,0.11799227,0.13368656
Marginal,Bex3,0.4593995,0.1884681,0.13350388
Marginal,Mgat2,0.17126176,0.07314457,0.13338335
Marginal,Dpm3,0.22875443,0.094500616,0.13313942
Marginal,Tmem258,0.24206898,0.098771825,0.13299437
Marginal,Rnasek,0.14462678,0.05232242,0.13289635
Marginal,Tnfrsf21,0.20530216,0.0859582,0.13263874
Marginal,Npm1,0.53172725,0.2135618,0.13237882
Marginal,Lrrn2,0.29534003,0.12066177,0.13099062
Marginal,Atp5l,0.64884084,0.25200322,0.13096559
Marginal,Cartpt,0.20474368,0.070475064,0.13081875
Marginal,Pomgnt2,0.1714176,0.07314457,0.13077527
Marginal,Lamp2,0.31029335,0.12493298,0.13064401
Marginal,Pcmt1,0.3851395,0.15856922,0.13057092
Marginal,Ncdn,0.36533198,0.15002668,0.13039148
Marginal,Xxylt1,0.1792086,0.07634798,0.13011661
Marginal,St8sia1,0.29964122,0.121195674,0.12977871
Marginal,Mfsd5,0.155388,0.065669954,0.12937666
Marginal,Adgrg1,0.20216449,0.08382259,0.1292915
Marginal,Lmbrd2,0.28304604,0.116924465,0.12922618
Marginal,Calu,0.20234086,0.08382259,0.12916851
Marginal,Rab6a,0.48484802,0.19540891,0.12881842
Marginal,Cd164,0.18631038,0.07848358,0.12866408
Marginal,Ccdc107,0.22693129,0.09503452,0.12861955
Marginal,Slc7a14,0.33329535,0.13454333,0.12818938
Marginal,Txndc5,0.16665849,0.06940726,0.12809497
Marginal,Pom121,0.2086557,0.087026,0.1279665
Marginal,Gpr137,0.19867007,0.0854243,0.1279321
Marginal,Tmem14c,0.21237904,0.089161605,0.1276904
Marginal,Hexa,0.24357219,0.10144133,0.1276333
Marginal,Stt3a,0.20015404,0.084356494,0.12748066
Marginal,Inafm1,0.19429433,0.08222089,0.12742922
Marginal,Selenos,0.22541039,0.09663622,0.12741914
Marginal,Gnptg,0.26558578,0.112119354,0.12731133
Marginal,Fam171a2,0.19028051,0.080619186,0.12709302
Marginal,Tmem184c,0.21042109,0.0875599,0.1270101
Marginal,Pfn2,0.37206864,0.15483186,0.12695627
Marginal,H2afy,0.3637456,0.14895886,0.12689549
Marginal,Mgst3,0.22529654,0.09503452,0.12688608
Marginal,Slc35a5,0.18443914,0.07794968,0.12685582
Marginal,Sar1b,0.2529062,0.10624644,0.12672658
Marginal,Nptx1,0.23679078,0.09129721,0.12668467
Marginal,Rcn1,0.17139447,0.07261067,0.1266635
Marginal,Bcap29,0.23248121,0.098237924,0.12657824
Marginal,Cox7a2l,0.41442248,0.17138302,0.12617826
Marginal,Sub1,0.37834418,0.15643358,0.12608
Marginal,Ckap4,0.16277139,0.06833946,0.1260043
Marginal,Ddrgk1,0.26345074,0.10998375,0.125863
Marginal,Ptdss2,0.20394751,0.087026,0.125482
Marginal,Marcks,0.45232353,0.1825951,0.12546107
Marginal,Manea,0.17772463,0.07314457,0.1254442
Marginal,Gpaa1,0.17946598,0.07634798,0.12527324
Marginal,Tubb5,0.30347127,0.12813643,0.12517042
Marginal,Lipa,0.16886903,0.070475064,0.12493478
Marginal,Mif,0.44435343,0.17725602,0.12491667
Marginal,Myl6,0.6086593,0.2439946,0.12477419
Marginal,Rrp1,0.33958894,0.1446876,0.1245604
Marginal,Rnf128,0.18092449,0.07367847,0.12449115
Marginal,Atp6v1e1,0.42883104,0.17245084,0.124343574
Marginal,Unc50,0.2067447,0.0880938,0.12416508
Marginal,Cntn2,0.23820008,0.09930573,0.12392617
Marginal,Napb,0.43156785,0.1761882,0.12373558
Marginal,Lrrn3,0.27488035,0.11051765,0.1236978
Marginal,Zfp706,0.29755875,0.12867033,0.123502806
Marginal,Nat14,0.1884555,0.079551384,0.12305258
Marginal,Gdf11,0.18672457,0.07741578,0.12264341
Marginal,Arl4c,0.20712075,0.0854243,0.12241509
Marginal,Aes,0.5009053,0.20341754,0.121976376
Marginal,Lhfpl4,0.26315075,0.10998375,0.12181868
Marginal,Cnpy3,0.17224585,0.07314457,0.12177268
Marginal,Slc25a14,0.20789008,0.0886277,0.12145131
Marginal,Gabrg1,0.22265856,0.089695506,0.121400535
Marginal,Cgref1,0.15037431,0.06406825,0.12100401
Marginal,Tubb4b,0.32145455,0.1324077,0.12097867
Marginal,Ran,0.37947848,0.1575014,0.12082362
Marginal,Tex264,0.19608591,0.08382259,0.12065533
Marginal,Ndufb10,0.4381347,0.17725602,0.12058726
Marginal,Atpif1,0.5714791,0.22477388,0.12054205
Marginal,Igsf3,0.2077364,0.0875599,0.12053409
Marginal,Nectin2,0.1920107,0.080619186,0.12028572
Marginal,Reep1,0.4602759,0.18419683,0.12011632
Marginal,Rab6b,0.54603815,0.21783307,0.11999482
Marginal,Ppp2ca,0.39654416,0.16551003,0.11902258
Marginal,Srprb,0.15739222,0.065669954,0.11887309
Marginal,Sort1,0.36477715,0.14895886,0.11885032
Marginal,Pura,0.4815835,0.19273937,0.11851105
Marginal,Yif1b,0.1635739,0.07154287,0.11817512
Marginal,Atp6v1g1,0.35393366,0.14842495,0.11756435
Marginal,Spcs3,0.19258952,0.079551384,0.1173733
Marginal,Uqcrb,0.4475845,0.17939165,0.11711955
Marginal,Apmap,0.16951802,0.071008965,0.11687365
Marginal,Park7,0.377196,0.15536577,0.11664879
Marginal,Ildr2,0.37991723,0.14682323,0.116487175
Marginal,Pcdh1,0.18700345,0.07741578,0.11648079
Marginal,Rnf11,0.3486153,0.14735714,0.11591177
Marginal,Mdh2,0.38249293,0.15643358,0.115742534
Marginal,Ptgds,0.80683595,0.29151246,0.11563164
Marginal,Slc48a1,0.19865192,0.08328869,0.11527953
Marginal,Slc1a2,0.71496135,0.26428312,0.115121484
Marginal,Gpat4,0.20444833,0.0859582,0.11492851
Marginal,Erlin2,0.18439397,0.07741578,0.11478254
Marginal,Kcnq2,0.40472528,0.16284049,0.114682585
Marginal,Cds1,0.25860447,0.10891595,0.11466962
Marginal,Tmem128,0.1916657,0.080619186,0.114666656
Marginal,Ccdc127,0.20362641,0.0864921,0.11458326
Marginal,Oprm1,0.45390132,0.17405257,0.11442211
Marginal,Extl3,0.22534351,0.09236501,0.113940895
Marginal,Tm9sf4,0.27001542,0.112119354,0.11364575
Marginal,2010107E04Rik,0.43268484,0.17245084,0.113627285
Marginal,Ccpg1,0.17052707,0.06994116,0.113370195
Marginal,Mme,0.24393056,0.09930573,0.11313653
Marginal,Slc7a4,0.15804622,0.066737756,0.1128483
Marginal,Ramp3,0.13867629,0.052856322,0.11251276
Marginal,Prkacb,0.45445424,0.18579856,0.1124641
Marginal,Ndufb7,0.37112138,0.15429795,0.11244801
Marginal,Atxn7l3b,0.35632098,0.14735714,0.112284094
Marginal,Stard3nl,0.25644013,0.107314244,0.112145364
Marginal,Kcnc4,0.17087269,0.06940726,0.11171819
Marginal,Ywhaq,0.5126435,0.20875663,0.11164501
Marginal,Paqr7,0.16160569,0.066737756,0.11146487
Marginal,Nectin3,0.26548967,0.10891595,0.11134891
Marginal,Ttyh3,0.22583082,0.09236501,0.11120069
Marginal,Cd83,0.15678126,0.06727166,0.11110857
Marginal,Atrn,0.3985059,0.16497612,0.11105752
Marginal,Erg28,0.21596181,0.09076331,0.110937156
Marginal,Lhfpl5,0.13299228,0.058195334,0.110057145
Marginal,Dnajc18,0.221529,0.09076331,0.10995134
Marginal,Kcnj9,0.21276498,0.0886277,0.10975408
Marginal,Eif4g2,0.45159417,0.18740028,0.10974607
Marginal,Slc35c2,0.17780708,0.07421237,0.109463416
Marginal,Ap2m1,0.31114504,0.13027206,0.109400585
Marginal,Kcng4,0.15378746,0.059797037,0.109397024
Marginal,Alg10b,0.15205991,0.06086484,0.109382324
Marginal,Creb3,0.153679,0.066737756,0.10902989
Marginal,Bfar,0.21117999,0.0880938,0.10901877
Marginal,Slc35b1,0.18369457,0.079551384,0.10892024
Marginal,Tagln3,0.33864298,0.14415368,0.10886398
Marginal,Fdft1,0.21174487,0.089695506,0.10878246
Marginal,Slc38a10,0.1745654,0.07261067,0.10843238
Marginal,Sys1,0.2237499,0.09663622,0.10842809
Marginal,Kcnk1,0.20334499,0.084356494,0.108297884
Marginal,Hmgcs1,0.3495744,0.14308587,0.10808864
Marginal,Htr5b,0.16626586,0.06780556,0.107954375
Marginal,Miga1,0.30362543,0.12439908,0.10779154
Marginal,Tmem248,0.1626135,0.06780556,0.10771774
Marginal,Atp6v1f,0.36013493,0.14949277,0.107587904
Marginal,Slc25a5,0.2965612,0.12493298,0.10719228
Marginal,Slc4a3,0.3763796,0.15269622,0.10699439
Marginal,Sulf2,0.19988373,0.080085285,0.106823064
Marginal,Adgrb2,0.31784955,0.12760252,0.106485546
Marginal,Tram1,0.19189934,0.080085285,0.10648281
Marginal,Fzd1,0.15169458,0.06139874,0.10593915
Marginal,Snrpn,0.70587707,0.27976647,0.10592604
Marginal,Stoml1,0.16014494,0.06833946,0.10565525
Marginal,Pdia4,0.14793025,0.06300045,0.10547666
Marginal,Sgpp1,0.16403706,0.06994116,0.10543388
Marginal,Scamp3,0.15499339,0.06406825,0.105353594
Marginal,Prrt3,0.13824555,0.058729235,0.10515067
Marginal,Pigs,0.15391962,0.06460215,0.104557835
Marginal,Polr2m,0.27081183,0.11639056,0.1044517
Marginal,Rtl8b,0.22503519,0.09663622,0.10433326
Marginal,Fis1,0.38541865,0.15803531,0.1043216
Marginal,Kcnk9,0.18010002,0.07207677,0.10421319
Marginal,Ubqln2,0.25737655,0.10891595,0.1040421
Marginal,Mrfap1,0.45377523,0.18579856,0.10395378
Marginal,C2cd2l,0.1678488,0.06887336,0.10390701
Marginal,Cnr1,0.15847187,0.06353435,0.10384889
Marginal,Ergic1,0.2455852,0.10144133,0.10377066
Marginal,Crim1,0.27361467,0.107848145,0.10372369
Marginal,Cant1,0.15392205,0.06406825,0.10355808
Marginal,Ubl5,0.4320541,0.17405257,0.103295326
Marginal,Atp5o-1,0.4462248,0.17992556,0.103271484
Marginal,Tmem205,0.16075562,0.06887336,0.10326917
Marginal,Pofut2,0.15068433,0.061932642,0.10307699
Marginal,Wnt3,0.13661009,0.05605973,0.10269542
Marginal,Prdx5,0.36159647,0.14735714,0.10246366
Marginal,Sult4a1,0.2455213,0.10411084,0.10173315
Marginal,Tubb3,0.24250044,0.10411084,0.10131149
Marginal,Gnai2,0.2890249,0.12066177,0.10117282
Marginal,Tmem8b,0.1390233,0.058729235,0.10096075
Marginal,Tvp23b,0.17050733,0.075280175,0.1009254
Marginal,H3f3b,0.7300241,0.27816474,0.10076463
Marginal,Cdk5r2,0.16589594,0.070475064,0.10068464
Marginal,Tomm7,0.35045084,0.1446876,0.10060905
Marginal,Gfra2,0.15055072,0.06086484,0.10054827
Marginal,Sod2,0.27040714,0.11318716,0.1005446
Marginal,Ppm1l,0.4070169,0.16177267,0.100345254
Marginal,Smim19,0.1751949,0.07421237,0.10026048
Marginal,Slc23a2,0.28681266,0.116924465,0.10021053
Marginal,Tmem160,0.18503827,0.079551384,0.10015576
Marginal,Stx1b,0.28102857,0.116924465,0.10015246
Marginal,Surf4,0.14591104,0.062466543,0.100152284
Marginal,Hexb,0.2794323,0.11585666,0.09976788
Marginal,Ndufb6,0.259397,0.10891595,0.0997148
Marginal,Skp1a,0.3632933,0.1510945,0.09970781
Marginal,Hhip,0.2042509,0.080619186,0.09967325
Marginal,Eif5a,0.30895194,0.13027206,0.099509105
Marginal,Kcnb1,0.34945896,0.14201805,0.09923872
Marginal,Jagn1,0.15586011,0.06780556,0.0991274
Marginal,Hrh3,0.14133772,0.05659363,0.098950446
Marginal,Gpr85,0.17978182,0.07741578,0.09875436
Marginal,Tmed5,0.2032691,0.08328869,0.09868114
Marginal,B4galnt1,0.16427168,0.06994116,0.09867302
Marginal,Pdgfa,0.21818167,0.09129721,0.09864265
Marginal,Eif3f,0.28680754,0.11959397,0.09856005
Marginal,Rab14,0.45559326,0.18526465,0.09841272
Marginal,Ndufb4,0.40843362,0.16497612,0.0981909
Marginal,Nsmce3,0.15108566,0.065669954,0.09785763
Marginal,Stum,0.19950816,0.080085285,0.09783233
Marginal,Tug1,0.20261736,0.0854243,0.09717585
Marginal,Rnf149,0.188692,0.075814076,0.09715847
Marginal,Prune2,0.30885708,0.12867033,0.09706387
Marginal,Comt,0.2683611,0.11318716,0.09698321
Marginal,Adam11,0.27318513,0.10944985,0.09678705
Marginal,Fstl1,0.211137,0.08328869,0.09661523
Marginal,Kcna6,0.18251665,0.07474627,0.096563876
Marginal,Ndufs8,0.216613,0.093432814,0.09630081
Marginal,Ndufa12,0.4019158,0.1639083,0.09627184
Marginal,Abhd16a,0.19993971,0.08328869,0.09626609
Marginal,Slc39a3,0.14210981,0.058195334,0.09624668
Marginal,Shisa4,0.18815097,0.080619186,0.09608572
Marginal,Mfsd14a,0.17597872,0.07634798,0.09598998
Marginal,Cops9,0.33462176,0.13721287,0.095560744
Marginal,Fndc4,0.21338582,0.09129721,0.09542262
Marginal,Npc2,0.22499897,0.093966715,0.0951622
Marginal,Gpc1,0.16404544,0.06887336,0.09509966
Marginal,Kdelr2,0.1647397,0.071008965,0.094949625
Marginal,Slitrk6,0.124450125,0.05125462,0.09492595
Marginal,Fut9,0.47697657,0.1825951,0.094822794
Marginal,Chrna4,0.134302,0.05552583,0.09481351
Marginal,Slc6a7,0.2265755,0.09236501,0.094788685
Marginal,Mgat3,0.1976547,0.08115309,0.094545186
Marginal,Alg11,0.12691274,0.054458026,0.094466925
Marginal,Cdh2,0.57564723,0.22690952,0.09393957
Marginal,Tmem38a,0.19412962,0.080619186,0.09372046
Marginal,Vat1,0.15800984,0.06727166,0.09368508
Marginal,Arsa,0.13700894,0.057661433,0.0935569
Marginal,Agpat1,0.14567402,0.06300045,0.09350459
Marginal,B4galnt4,0.21802747,0.093432814,0.09348337
Marginal,Atp6v1d,0.34615564,0.14201805,0.09347874
Marginal,Ajap1,0.1817686,0.075280175,0.09338462
Marginal,Prdx4,0.13275893,0.057661433,0.093267605
Marginal,Eif3k,0.27753597,0.11799227,0.09325716
Marginal,Chid1,0.16237468,0.06833946,0.093071334
Marginal,Prkaca,0.2814455,0.11906007,0.093070865
Marginal,Tmem208,0.19790293,0.08328869,0.09289517
Marginal,Slitrk1,0.18767707,0.07794968,0.092841566
Marginal,Fkrp,0.12785381,0.054991927,0.092806995
Marginal,Vkorc1l1,0.22412619,0.09503452,0.09278749
Marginal,Vmp1,0.36184704,0.1516284,0.092552006
Marginal,Vstm2b,0.2664625,0.10944985,0.09243566
Marginal,Serbp1,0.45783988,0.18526465,0.09237349
Marginal,Gstm5,0.26808882,0.11585666,0.092297986
Marginal,Ndufb2,0.34324172,0.14415368,0.09216949
Marginal,Por,0.23911618,0.10090743,0.09209488
Marginal,Sstr2,0.16124363,0.06460215,0.09196483
Marginal,Sprn,0.12551633,0.050720718,0.09194928
Marginal,Rnf145,0.20236984,0.08328869,0.091744825
Marginal,Ywhae,0.73423225,0.28617337,0.09174305
Marginal,Hsbp1,0.3208138,0.1329416,0.091677606
Marginal,Lman2l,0.19788091,0.08222089,0.09166336
Marginal,Tmem60,0.14902952,0.065669954,0.091580704
Marginal,Tmub2,0.13386272,0.05659363,0.091286674
Marginal,Lman1,0.18458249,0.07794968,0.09124298
Marginal,Glo1,0.20560956,0.087026,0.09119565
Marginal,Actb,1.1918291,0.42926088,0.09090412
Marginal,Sod1,0.36372456,0.15216231,0.09084889
Marginal,Hspe1,0.42925605,0.17405257,0.09084496
Marginal,Psmb1,0.31780493,0.13347551,0.09082422
Marginal,Fkbp3,0.39857474,0.16230658,0.09074724
Marginal,Uqcrfs1,0.25587943,0.10998375,0.090572
Marginal,Cacna1i,0.23262677,0.09556842,0.08997615
Marginal,Actr2,0.37301868,0.15323013,0.08987424
Marginal,Ebp,0.1305609,0.05605973,0.08953864
Marginal,Icmt,0.13313012,0.054458026,0.08949841
Marginal,Asah1,0.24478202,0.10250913,0.08946931
Marginal,Ric3,0.21066093,0.089695506,0.08938164
Marginal,Srebf2,0.3193649,0.13080597,0.089371726
Marginal,Ddx3x,0.30817306,0.12760252,0.08910707
Marginal,Them6,0.12246309,0.053924125,0.089058876
Marginal,Ap2s1,0.23640847,0.10037353,0.089046195
Marginal,Ppp1ca,0.2296464,0.09717012,0.088830724
Marginal,Ttyh1,0.3578452,0.1452215,0.08882198
Marginal,Slc24a2,1.0766542,0.37320048,0.08876932
Marginal,Smim26,0.18920353,0.079551384,0.088698365
Marginal,Dynlrb1,0.3203633,0.13347551,0.08866553
Marginal,Ndufs6,0.31128907,0.13027206,0.08827174
Marginal,Rnf13,0.28590047,0.11959397,0.08821623
Marginal,Zdhhc17,0.3291725,0.1329416,0.08775413
Marginal,Paqr4,0.12403532,0.050720718,0.08774136
Marginal,Fem1b,0.18625294,0.080085285,0.08752361
Marginal,Lrfn1,0.15000871,0.06300045,0.087488666
Marginal,Smdt1,0.41517732,0.16604394,0.08734861
Marginal,Mllt11,0.259524,0.11105155,0.0872722
Marginal,Eid1,0.4702116,0.19006982,0.08697072
Marginal,Elfn2,0.17909758,0.07474627,0.08696067
Marginal,Tspan33,0.19816157,0.08115309,0.086774394
Marginal,Lnpk,0.3223136,0.13133988,0.086488575
Marginal,Hnrnpa0,0.2047169,0.0864921,0.0863956
Marginal,Galnt1,0.27820146,0.11425496,0.086125165
Marginal,Ppp2r1a,0.23196898,0.098771825,0.08598012
Marginal,Slc17a7,0.304312,0.11478886,0.08595225
Marginal,Cmas,0.23014857,0.09663622,0.08590922
Marginal,Tex261,0.13722886,0.058195334,0.085864864
Marginal,Ndufab1,0.38854912,0.16070485,0.08582747
Marginal,Tmem101,0.12056124,0.05232242,0.08574428
Oval/Medial,Kcnip4,3.632128,0.83250934,1.8697587
Oval/Medial,Rbfox1,2.0981627,0.6055236,1.7877893
Oval/Medial,Grm7,1.6106982,0.5129155,1.2466412
Oval/Medial,Celf2,2.0028682,0.62994003,1.131613
Oval/Medial,Lrrtm4,2.0134642,0.5843336,1.0790082
Oval/Medial,Fam155a,2.1280508,0.6553157,1.0597538
Oval/Medial,Kcnd2,2.5604036,0.7278674,0.96340907
Oval/Medial,Csmd1,1.7285168,0.54919136,0.951943
Oval/Medial,Ptprd,2.8311024,0.7827172,0.8314948
Oval/Medial,Lingo2,2.095725,0.6296784,0.7935523
Oval/Medial,Epha6,1.0826219,0.38041544,0.7760359
Oval/Medial,Kalrn,0.9342773,0.3533737,0.77123123
Oval/Medial,Lrrc7,1.4801668,0.507073,0.75837374
Oval/Medial,Nrxn3,1.5736545,0.50062007,0.7405653
Oval/Medial,Ntng1,1.0632076,0.35886928,0.7299294
Oval/Medial,Lrrc4c,1.7874739,0.56968373,0.7271576
Oval/Medial,Dlg2,2.3939555,0.7112991,0.70877063
Oval/Medial,Nrg3,3.1326787,0.8183827,0.6961086
Oval/Medial,Magi2,2.090117,0.6540949,0.6851913
Oval/Medial,Rora,1.3580085,0.47131056,0.66016364
Oval/Medial,Unc5c,0.83875597,0.31150264,0.6591581
Oval/Medial,Nav3,1.3974379,0.49067593,0.6407226
Oval/Medial,Il1rapl1,1.92184,0.5996811,0.63934684
Oval/Medial,Frmd4a,1.4604167,0.5021025,0.636544
Oval/Medial,Cntn5,1.3799982,0.44941548,0.6358762
Oval/Medial,Kcnq3,0.8292882,0.31429404,0.6325071
Oval/Medial,Kctd16,0.70693064,0.26771247,0.61215335
Oval/Medial,Kirrel3,0.80961835,0.2955393,0.6092727
Oval/Medial,Grid2,1.525797,0.49957353,0.6036378
Oval/Medial,Ppp3ca,1.048669,0.39437246,0.59841883
Oval/Medial,Anks1b,1.6770432,0.5690733,0.5974387
Oval/Medial,Arpp21,0.70587385,0.2805355,0.5891356
Oval/Medial,Cntn4,0.938952,0.3219704,0.58063745
Oval/Medial,Frmd5,0.7974979,0.3166493,0.56674206
Oval/Medial,Xkr4,1.2947739,0.4516835,0.5579318
Oval/Medial,Rmst,0.94374406,0.34822705,0.55207604
Oval/Medial,Cadps,1.0092461,0.38983643,0.54881585
Oval/Medial,Asic2,1.1401583,0.39829788,0.53425914
Oval/Medial,Dab1,0.8244049,0.29257342,0.53418577
Oval/Medial,Grik2,1.6408672,0.5555571,0.53380597
Oval/Medial,Zfp804b,0.61059266,0.21092485,0.52680486
Oval/Medial,Zfp804a,0.68629503,0.25506392,0.52354026
Oval/Medial,Nkain2,2.1857753,0.6617686,0.52337396
Oval/Medial,Rims2,1.2075566,0.4366797,0.5080394
Oval/Medial,Ctnna2,1.9661303,0.6217431,0.5055504
Oval/Medial,March1,0.70077604,0.26404876,0.50031996
Oval/Medial,Adarb2,0.66943794,0.2252308,0.49953926
Oval/Medial,Cacna1c,0.99022067,0.37596664,0.49827847
Oval/Medial,Auts2,1.5918121,0.539512,0.4973942
Oval/Medial,Cacna2d1,0.7797506,0.30871123,0.49617094
Oval/Medial,Hs6st3,0.7079416,0.25427884,0.49033213
Oval/Medial,Lsamp,3.5406775,0.87244767,0.48648405
Oval/Medial,Dgki,0.77008986,0.30487305,0.48160058
Oval/Medial,Rgs7,0.82930017,0.32162148,0.47805715
Oval/Medial,Gabrb1,1.17584,0.42551407,0.47463095
Oval/Medial,Fgf12,1.4409435,0.49346733,0.47088367
Oval/Medial,Grm1,0.6288719,0.23787935,0.46994355
Oval/Medial,Cacna1a,0.6317547,0.26675293,0.4660867
Oval/Medial,Dmd,1.2274106,0.44400713,0.46217924
Oval/Medial,Grin2b,0.83228076,0.31316003,0.45756277
Oval/Medial,Pde10a,0.69668823,0.27800578,0.45505196
Oval/Medial,Fgf13,0.5615443,0.22017138,0.45101753
Oval/Medial,Dcc,1.3386245,0.44749638,0.44037038
Oval/Medial,Cacnb2,0.9300236,0.362533,0.4367322
Oval/Medial,Shisa9,0.6354766,0.2549767,0.43222445
Oval/Medial,Adgrb3,2.130233,0.6551413,0.4318514
Oval/Medial,Zfhx3,0.8857749,0.33130416,0.42975453
Oval/Medial,Tcf4,0.7886964,0.3044369,0.4260396
Oval/Medial,Inpp4b,0.9527703,0.3372359,0.41986275
Oval/Medial,Mdga2,1.8556687,0.60290754,0.419361
Oval/Medial,Gm32647,0.7665327,0.25061512,0.4098489
Oval/Medial,Ryr3,0.51568854,0.21013977,0.40557912
Oval/Medial,Cacna2d3,0.4513122,0.17812584,0.40383172
Oval/Medial,Nav2,0.75169814,0.30103487,0.40305638
Oval/Medial,Ctnnd2,1.4817206,0.51082265,0.40018523
Oval/Medial,Ralyl,1.6768601,0.5575627,0.39250278
Oval/Medial,Egfem1,0.9877963,0.3658478,0.38637978
Oval/Medial,Cep112,0.740162,0.2905671,0.38173312
Oval/Medial,Rnf220,0.60150796,0.22540526,0.37808228
Oval/Medial,Dscam,1.0623821,0.3997808,0.37379897
Oval/Medial,Atxn1,0.911051,0.35546726,0.37252837
Oval/Medial,Ank2,1.6888194,0.58782166,0.37104726
Oval/Medial,Dlgap2,0.53398967,0.20874406,0.36962426
Oval/Medial,Sorbs2,0.8041574,0.3286,0.36936593
Oval/Medial,Ppp2r2b,0.7231659,0.287514,0.36918777
Oval/Medial,Cttnbp2,0.8356055,0.3383699,0.3655266
Oval/Medial,Snhg11,2.9342225,0.8562282,0.35884094
Oval/Medial,Zmat4,0.4837932,0.19914861,0.35719556
Oval/Medial,Ntm,1.637348,0.53698313,0.35568535
Oval/Medial,Tenm4,0.7071609,0.27791855,0.35502565
Oval/Medial,Lrfn5,1.5458792,0.5238157,0.3549143
Oval/Medial,Ube2e2,0.84678453,0.33898053,0.34990925
Oval/Medial,Ryr2,0.7700659,0.30286673,0.3464178
Oval/Medial,Zbtb20,1.1186972,0.40798056,0.34164315
Oval/Medial,Chrm3,0.5800747,0.21694382,0.3401857
Oval/Medial,Fam135b,0.50936997,0.21371625,0.34000635
Oval/Medial,Cntnap5a,0.5470402,0.20665051,0.3380626
Oval/Medial,Dlgap1,1.6408532,0.54238963,0.33683896
Oval/Medial,Kcnj3,0.6122781,0.24852158,0.33609024
Oval/Medial,Ccser1,1.6245677,0.5563419,0.33595228
Oval/Medial,Galnt17,0.5255409,0.21284394,0.33390677
Oval/Medial,Unc80,0.8705403,0.36122453,0.32888454
Oval/Medial,Gpc6,0.5373237,0.20141663,0.3285026
Oval/Medial,Etl4,0.45198262,0.17655568,0.3258179
Oval/Medial,Syne1,1.3682371,0.5194556,0.32562077
Oval/Medial,Clstn2,0.58614093,0.23735596,0.32560584
Oval/Medial,Cadm2,2.5257492,0.72943705,0.32502294
Oval/Medial,Myt1l,0.8437833,0.34185916,0.32498938
Oval/Medial,Lrp1b,2.2138731,0.6706632,0.3237474
Oval/Medial,Oxr1,0.9381904,0.36663288,0.32092774
Oval/Medial,Ppfia2,1.1977235,0.4361563,0.3194753
Oval/Medial,Prkce,0.67458534,0.2753016,0.31879953
Oval/Medial,Kcnc2,0.7873814,0.28829908,0.3186998
Oval/Medial,Fgf14,2.5675538,0.7431277,0.31668043
Oval/Medial,Gls,0.79732406,0.34246978,0.3147381
Oval/Medial,Dgkh,0.4094587,0.17638122,0.31369287
Oval/Medial,Cit,0.5140569,0.21642043,0.31073412
Oval/Medial,Gabrg3,0.8245622,0.29876685,0.30922842
Oval/Medial,Plxna4,0.6090443,0.25288314,0.30917463
Oval/Medial,Rtl4,0.38471746,0.15710308,0.308509
Oval/Medial,Grip1,1.0143157,0.3839047,0.3062538
Oval/Medial,Tox,0.35963583,0.14113973,0.30498955
Oval/Medial,Pcdh7,0.6418708,0.24817266,0.30325022
Oval/Medial,Plcb1,0.65927255,0.25567454,0.30317476
Oval/Medial,Camk2a,0.4174174,0.18423204,0.3019016
Oval/Medial,Rasal2,0.79694337,0.3231044,0.3017387
Oval/Medial,Zfpm2,0.34212422,0.12840395,0.30016226
Oval/Medial,Gm20754,0.5080251,0.19670613,0.2969767
Oval/Medial,R3hdm1,0.7079131,0.29981363,0.2969132
Oval/Medial,Kcnt2,0.3798358,0.15544568,0.29514942
Oval/Medial,Ank3,1.6374135,0.57596225,0.2942338
Oval/Medial,Hivep2,0.7816814,0.32127255,0.29328343
Oval/Medial,Fam19a2,0.71013093,0.26317644,0.29241678
Oval/Medial,Gabrb2,0.45792207,0.19435088,0.29189715
Oval/Medial,Ptprg,0.48248357,0.2074356,0.29164365
Oval/Medial,Syn2,0.5500235,0.23421563,0.29062086
Oval/Medial,Rims1,1.4855363,0.50977623,0.29022336
Oval/Medial,Atrnl1,0.5992756,0.24730034,0.28897643
Oval/Medial,Plekha5,0.58785945,0.25488946,0.288349
Oval/Medial,Cnksr2,0.49236763,0.1994103,0.28664726
Oval/Medial,Mycbp2,1.2057354,0.46817023,0.28188652
Oval/Medial,Prkg1,1.1760969,0.4033573,0.279904
Oval/Medial,Syt7,0.52569026,0.23151146,0.27503064
Oval/Medial,Robo2,0.5668992,0.2235734,0.274008
Oval/Medial,Erc2,1.491644,0.52599573,0.27308786
Oval/Medial,Grik1,0.4732383,0.18920423,0.27302814
Oval/Medial,Cdc42bpa,0.76793104,0.32842553,0.2727428
Oval/Medial,Kcnab1,0.30464616,0.12988688,0.27250853
Oval/Medial,Kcnb2,0.85462713,0.32842553,0.26741898
Oval/Medial,Prickle1,0.5342055,0.22653927,0.26711023
Oval/Medial,Adgrl3,1.2204002,0.44008172,0.26709157
Oval/Medial,Nr3c2,0.53174365,0.21685658,0.26484555
Oval/Medial,Hdac9,1.0729399,0.3858238,0.26258606
Oval/Medial,Pde7b,0.31108814,0.13102089,0.26132864
Oval/Medial,Mast4,1.0888344,0.39829788,0.26045758
Oval/Medial,Cdh18,0.90983075,0.31734714,0.26044834
Oval/Medial,Khdrbs2,0.6612374,0.26509553,0.2604379
Oval/Medial,Kcnq1ot1,1.0178683,0.3858238,0.25936824
Oval/Medial,Tjp1,0.49744833,0.21973522,0.25917882
Oval/Medial,Ldb2,0.32771865,0.13730155,0.25914717
Oval/Medial,Prickle2,0.65707856,0.26928264,0.25909865
Oval/Medial,Pex5l,0.7002834,0.28044826,0.25847188
Oval/Medial,Ptprm,0.3942829,0.1666113,0.25780994
Oval/Medial,Osbpl6,0.45506844,0.20699944,0.25746173
Oval/Medial,Ldlrad4,0.3361833,0.15099688,0.2548924
Oval/Medial,Cacna1b,0.39236444,0.17960878,0.2542339
Oval/Medial,Rfx3,0.49470183,0.20202725,0.2526511
Oval/Medial,Gabra2,0.69676733,0.28542045,0.2485939
Oval/Medial,Otud7a,0.6214357,0.26064673,0.24720225
Oval/Medial,Pclo,1.1101424,0.4311841,0.24481905
Oval/Medial,Rnf112,0.35533863,0.15945832,0.24293038
Oval/Medial,Csmd2,0.37420312,0.16730915,0.24280591
Oval/Medial,C230004F18Rik,1.3631607,0.517886,0.24102223
Oval/Medial,AC149090.1,0.56891435,0.24433447,0.24093303
Oval/Medial,Macf1,1.0933367,0.43580738,0.23837978
Oval/Medial,Cacnb4,0.557867,0.2388389,0.23803589
Oval/Medial,Slit3,0.44774893,0.17768969,0.23775235
Oval/Medial,Dock3,0.91071445,0.36942428,0.23762268
Oval/Medial,Nxph1,0.6722467,0.24843435,0.2374259
Oval/Medial,Luc7l2,1.056708,0.43441167,0.23562145
Oval/Medial,Pde4b,0.7657483,0.2971967,0.23555732
Oval/Medial,Trank1,0.4060506,0.1874596,0.23549363
Oval/Medial,Opcml,1.6797768,0.5521562,0.23325157
Oval/Medial,Sobp,0.53040475,0.2310753,0.23314622
Oval/Medial,Grm8,0.31854418,0.12674655,0.23266819
Oval/Medial,Zeb2,0.370485,0.14785655,0.22541533
Oval/Medial,Srrm4,0.38872543,0.1741132,0.2253083
Oval/Medial,Synpo2,0.2563176,0.09944312,0.2249766
Oval/Medial,Nav1,0.39430955,0.18388312,0.2247231
Oval/Medial,Tmem108,0.44720256,0.19059993,0.22455984
Oval/Medial,Pitpnc1,0.37321937,0.16556452,0.22367795
Oval/Medial,Jakmip1,0.43178892,0.19469981,0.22301963
Oval/Medial,Nebl,0.4634776,0.20071878,0.22157274
Oval/Medial,Gabrb3,0.96020687,0.37710065,0.22119504
Oval/Medial,Edil3,0.71136993,0.28009933,0.22082007
Oval/Medial,Mbp,2.7892,0.8354742,0.22062516
Oval/Medial,Fam19a1,0.63492495,0.23473902,0.2201905
Oval/Medial,Strbp,1.035977,0.4206291,0.21949655
Oval/Medial,Il1rap,0.33729622,0.14445452,0.21871316
Oval/Medial,Trim9,0.44515032,0.20115493,0.21633914
Oval/Medial,Prr16,0.34553888,0.14288436,0.2139567
Oval/Medial,Lncpint,0.6516195,0.27128896,0.21336526
Oval/Medial,Msra,0.26780838,0.12055312,0.21174346
Oval/Medial,Sdk1,0.32438838,0.13747601,0.21084282
Oval/Medial,Mapk10,0.969591,0.38163668,0.20976138
Oval/Medial,Sgip1,0.8651211,0.3517163,0.20881313
Oval/Medial,Ahcyl2,0.617095,0.2577681,0.20852333
Oval/Medial,Aff3,0.4503345,0.19714229,0.20661956
Oval/Medial,Elmo1,0.41323754,0.17952155,0.20605561
Oval/Medial,Zcchc7,0.7274165,0.31063032,0.20515376
Oval/Medial,Pnisr,0.7736308,0.3330488,0.20492196
Oval/Medial,Pdzrn4,0.26332045,0.11226614,0.20464271
Oval/Medial,Mir124a-1hg,0.36194316,0.16818146,0.20339432
Oval/Medial,Stxbp5l,0.92436427,0.3655861,0.19920003
Oval/Medial,Klf12,0.6917428,0.28149503,0.19901118
Oval/Medial,Apbb2,0.4210221,0.18894254,0.1982235
Oval/Medial,Rbfox3,0.49020004,0.21807782,0.19806781
Oval/Medial,A830018L16Rik,0.29004055,0.12735717,0.19803935
Oval/Medial,Trio,0.55121785,0.24180476,0.19777909
Oval/Medial,Dip2c,0.7589836,0.31228772,0.19752395
Oval/Medial,Efna5,0.38255247,0.16294758,0.196925
Oval/Medial,Thrb,0.3117733,0.13922064,0.19652152
Oval/Medial,Nbea,1.2961414,0.4764572,0.19583654
Oval/Medial,Srrm2,1.1445377,0.45970878,0.19523627
Oval/Medial,Kcnh7,1.0012618,0.3675052,0.19484955
Oval/Medial,Rorb,0.2857868,0.11610432,0.19443974
Oval/Medial,Nin,0.28963855,0.13267829,0.19397482
Oval/Medial,Stag1,0.67725855,0.29205003,0.19391423
Oval/Medial,Rgs7bp,0.4732425,0.20420803,0.19378829
Oval/Medial,Ptpn4,0.47706243,0.20333572,0.19369087
Oval/Medial,Npas3,0.39695865,0.16922824,0.19300075
Oval/Medial,Samd5,0.3373743,0.14759485,0.19262175
Oval/Medial,Sema6d,0.801329,0.31490466,0.19208282
Oval/Medial,Fam189a1,0.3351539,0.15012456,0.19197917
Oval/Medial,Ttc14,0.6501667,0.28707784,0.1914624
Oval/Medial,A230057D06Rik,1.1080072,0.42385668,0.19140989
Oval/Medial,4930402H24Rik,0.72670215,0.30792615,0.19109982
Oval/Medial,Akt3,0.76646644,0.3158642,0.19038516
Oval/Medial,Fstl4,0.2087572,0.09124337,0.1895313
Oval/Medial,Nell2,0.5479853,0.22488187,0.18921447
Oval/Medial,Pcdh9,2.382247,0.692638,0.18881321
Oval/Medial,Trps1,0.4311133,0.18362142,0.18861079
Oval/Medial,Rapgef4,0.5560555,0.24424724,0.18758005
Oval/Medial,Dock4,0.59228337,0.25078958,0.18672308
Oval/Medial,Herc1,0.76220083,0.32441288,0.1864028
Oval/Medial,Tnik,0.8104533,0.3311297,0.18625903
Oval/Medial,Pkp4,0.4490755,0.20010816,0.18562233
Oval/Medial,Gpc5,0.32024115,0.12255944,0.18552278
Oval/Medial,Epb41l4b,0.27837852,0.13259105,0.1850713
Oval/Medial,Kcnq5,0.6023901,0.22086923,0.18497682
Oval/Medial,Cdh11,0.36762336,0.16347097,0.18423116
Oval/Medial,Cdh12,0.5787222,0.22906898,0.18379062
Oval/Medial,Vsnl1,0.33276287,0.15213089,0.18092927
Oval/Medial,D430041D05Rik,0.3465802,0.15719031,0.18089862
Oval/Medial,Plekhg1,0.21107505,0.08487548,0.18021129
Oval/Medial,Adarb1,0.35935393,0.16268589,0.18016171
Oval/Medial,Gabra4,0.30009848,0.13198043,0.1801571
Oval/Medial,A230006K03Rik,0.8678212,0.33243817,0.17988044
Oval/Medial,Cacna1d,0.530969,0.23473902,0.17876709
Oval/Medial,Nlgn1,2.510414,0.72900105,0.17862678
Oval/Medial,Lrch1,0.31389233,0.14471622,0.17820035
Oval/Medial,Cpne7,0.21089031,0.096390024,0.17808859
Oval/Medial,Mtus2,0.37453696,0.17193241,0.17786233
Oval/Medial,Cntn3,0.414508,0.17664291,0.17627773
Oval/Medial,5730522E02Rik,0.2912748,0.12596147,0.17320715
Oval/Medial,Sgcd,0.4369562,0.17376427,0.17309436
Oval/Medial,Prkag2,0.29020983,0.13721432,0.17287159
Oval/Medial,Ube3a,1.0490564,0.40710825,0.17211032
Oval/Medial,Nkain3,0.40332353,0.16809423,0.17203034
Oval/Medial,Ptprt,0.33160192,0.13302721,0.17176792
Oval/Medial,Maml2,0.22843356,0.092115685,0.17162964
Oval/Medial,Nktr,0.6705758,0.29492867,0.17096403
Oval/Medial,Hcn1,0.3290991,0.13337614,0.17059436
Oval/Medial,Ptpn3,0.21481986,0.10040267,0.17055145
Oval/Medial,B3galt1,1.0061355,0.37875804,0.1702115
Oval/Medial,Clvs1,0.30997294,0.14428006,0.16981967
Oval/Medial,Macrod2,1.8576007,0.61345893,0.16978502
Oval/Medial,Dst,0.99284184,0.40545085,0.16922218
Oval/Medial,Wwox,0.61957276,0.25148743,0.16919836
Oval/Medial,Tanc1,0.21281151,0.0974368,0.16882585
Oval/Medial,Rasgrf1,0.7036176,0.29798177,0.16882563
Oval/Medial,Apba2,0.35470396,0.16600068,0.16790709
Oval/Medial,Mkl2,0.31156406,0.14864163,0.16749589
Oval/Medial,Phactr1,0.60839444,0.23988567,0.1672248
Oval/Medial,Sbf2,0.5272815,0.23369224,0.1669929
Oval/Medial,Fbxl17,0.6860421,0.2858566,0.16568118
Oval/Medial,Exoc6b,0.55847365,0.2449451,0.16554934
Oval/Medial,Ptk2,0.3994881,0.18484266,0.1651567
Oval/Medial,Amph,0.55222285,0.24154307,0.16507852
Oval/Medial,Ak5,0.18482839,0.082433,0.16465402
Oval/Medial,Fryl,0.31572834,0.14672254,0.1644896
Oval/Medial,Mical3,0.39790884,0.1858022,0.16384171
Oval/Medial,Cers6,0.22281274,0.10554932,0.16377185
Oval/Medial,Sorbs1,0.4900817,0.21964799,0.16305795
Oval/Medial,Nos1ap,0.20638429,0.10092606,0.16272584
Oval/Medial,9530026P05Rik,0.20266065,0.084003165,0.16226767
Oval/Medial,Slc4a10,0.64429265,0.27599946,0.16193241
Oval/Medial,Fus,0.6890679,0.30208164,0.16150475
Oval/Medial,Tmeff2,1.0037498,0.38268346,0.16123134
Oval/Medial,Fam168a,0.44797465,0.20516758,0.16101971
Oval/Medial,Galnt18,0.24833232,0.11113213,0.16081464
Oval/Medial,Zeb1,0.4703053,0.20961638,0.16080832
Oval/Medial,Unc13c,0.25703517,0.11313845,0.16027701
Oval/Medial,Btbd9,0.5221792,0.22409679,0.15957701
Oval/Medial,Pip5k1b,0.26558012,0.120814815,0.15891737
Oval/Medial,Nsf,0.63772357,0.27547607,0.15871578
Oval/Medial,Arhgap26,0.6514376,0.27242297,0.15816829
Oval/Medial,Rasgrf2,0.24816364,0.11435969,0.15750808
Oval/Medial,Nfia,0.32577273,0.14044188,0.15724477
Oval/Medial,Gm47283,0.483169,0.21249501,0.15722573
Oval/Medial,Snrnp70,0.8277715,0.34875044,0.15664566
Oval/Medial,Dgkg,0.17660744,0.0840904,0.15605949
Oval/Medial,Hnrnpu,0.7034472,0.30897292,0.15576589
Oval/Medial,Ylpm1,0.39958948,0.18702345,0.15566176
Oval/Medial,Gnaq,0.48360816,0.21642043,0.155651
Oval/Medial,Epha4,0.31505802,0.13669093,0.15551463
Oval/Medial,Epha5,0.9992285,0.3811133,0.15546882
Oval/Medial,9530059O14Rik,0.2229808,0.10598548,0.15526363
Oval/Medial,Tia1,0.53488576,0.23875166,0.1548889
Oval/Medial,Tshz2,0.25366214,0.10886411,0.15459748
Oval/Medial,Ccdc88a,0.735344,0.31568974,0.15451646
Oval/Medial,Me3,0.25948787,0.11907019,0.15414031
Oval/Medial,B230334C09Rik,0.2738042,0.12927626,0.15378293
Oval/Medial,Hs3st4,0.26570648,0.105200395,0.15326996
Oval/Medial,Syndig1,0.17639151,0.0838287,0.15297498
Oval/Medial,Rere,0.80036044,0.3353168,0.15287918
Oval/Medial,Plxdc2,0.32766587,0.14724593,0.15261462
Oval/Medial,Cap2,0.2402721,0.11610432,0.15239972
Oval/Medial,Klhl32,0.23540755,0.113312915,0.15233612
Oval/Medial,Upp2,0.63432133,0.26928264,0.15191817
Oval/Medial,Setbp1,0.4943289,0.21554811,0.15168291
Oval/Medial,Rbm25,0.63095075,0.2811461,0.15164405
Oval/Medial,Camk2b,0.44292045,0.20159109,0.15127626
Oval/Medial,Rbm6,0.5082497,0.23116253,0.15083736
Oval/Medial,Tmcc3,0.41362056,0.1802194,0.14994097
Oval/Medial,Camta1,0.8522301,0.34857598,0.14950502
Oval/Medial,Epha7,0.5958319,0.23674534,0.14916158
Oval/Medial,Trpc5,0.2145884,0.09351139,0.14898786
Oval/Medial,Il1rapl2,0.49846077,0.17315365,0.14890999
Oval/Medial,Sik3,0.5687728,0.24965559,0.14839128
Oval/Medial,Jmjd1c,0.52506953,0.23482625,0.14812136
Oval/Medial,Phf20l1,0.4556365,0.20909299,0.14806971
Oval/Medial,Mbd5,0.7525899,0.31316003,0.14766103
Oval/Medial,Faf1,0.473326,0.21293117,0.14764604
Oval/Medial,Sfpq,0.5567142,0.2514002,0.14762995
Oval/Medial,Dennd1a,0.6658139,0.28385028,0.14757872
Oval/Medial,Hivep3,0.4377493,0.19670613,0.1472193
Oval/Medial,Pde4dip,0.5175605,0.23142423,0.14695477
Oval/Medial,Fut8,0.38719115,0.1738515,0.1467429
Oval/Medial,Mef2c,0.3085444,0.136342,0.14577147
Oval/Medial,Arhgap24,0.31886166,0.13904618,0.14565244
Oval/Medial,Apc,0.70104367,0.30260503,0.14530128
Oval/Medial,Exoc4,0.6635146,0.27852917,0.14514059
Oval/Medial,Diaph2,0.4353331,0.18615113,0.14470729
Oval/Medial,Acap2,0.2738575,0.13084643,0.14459898
Oval/Medial,Khdrbs3,0.32227948,0.14646085,0.14432405
Oval/Medial,Epha3,0.32231122,0.1410525,0.14431639
Oval/Medial,Nmnat2,0.39855972,0.17925985,0.14391604
Oval/Medial,Necab1,0.2634104,0.11540647,0.143734
Oval/Medial,Shank2,0.31386742,0.14637361,0.14269282
Oval/Medial,Mkx,0.17614037,0.08531164,0.14242226
Oval/Medial,Lhfp,0.22291917,0.09752403,0.142306
Oval/Medial,Fras1,0.17973275,0.0810373,0.142243
Oval/Medial,Camk1d,1.7511727,0.6224407,0.14206982
Oval/Medial,Tspoap1,0.3553579,0.16155188,0.14202006
Oval/Medial,Sgcz,1.160599,0.3861727,0.14178765
Oval/Medial,Specc1,0.3669269,0.16757084,0.14162698
Oval/Medial,Zfp423,0.18661772,0.08914982,0.14145352
Oval/Medial,Cdkl5,0.27247882,0.12482746,0.14135054
Oval/Medial,Ano3,0.3220704,0.14018019,0.14131111
Oval/Medial,Celf4,1.0643129,0.40989965,0.14087993
Oval/Medial,Gria2,1.4384276,0.53192544,0.14085174
Oval/Medial,Fhod3,0.32411942,0.14445452,0.14084056
Oval/Medial,Luc7l3,0.67118084,0.296935,0.1401121
Oval/Medial,Phactr3,0.3136169,0.14768209,0.1400012
Oval/Medial,Limch1,0.35644752,0.16286035,0.13992928
Oval/Medial,Astn2,0.577565,0.2338667,0.13977683
Oval/Medial,Unc79,0.5043515,0.2235734,0.13962233
Oval/Medial,2010300C02Rik,0.1608108,0.07056953,0.13836168
Oval/Medial,Adamts17,0.18751958,0.09010936,0.1372622
Oval/Medial,Rock2,0.45407954,0.2074356,0.13723528
Oval/Medial,Dock9,0.27472338,0.13241659,0.1371672
Oval/Medial,Sox5,0.3788569,0.15780093,0.13565429
Oval/Medial,Stox2,0.5768947,0.2463408,0.13517755
Oval/Medial,Celf1,0.47135445,0.21694382,0.1351144
Oval/Medial,Matk,0.31949794,0.14672254,0.13470475
Oval/Medial,Tln2,0.29507396,0.14087804,0.13388556
Oval/Medial,Dclk1,0.8989742,0.36497548,0.13383758
Oval/Medial,Park2,0.9370723,0.3716923,0.13365304
Oval/Medial,St6galnac3,0.3174723,0.14166312,0.13364077
Oval/Medial,Fnbp1,0.39358604,0.1832725,0.13340488
Oval/Medial,Lmo7,0.17942321,0.085224405,0.1333358
Oval/Medial,Samd12,0.7612431,0.3069666,0.13307154
Oval/Medial,Camk4,0.18255943,0.08496271,0.13268901
Oval/Medial,Srgap2,0.3311895,0.15413721,0.13238673
Oval/Medial,Pcsk5,0.16657744,0.07501833,0.13158111
Oval/Medial,Rapgef5,0.17514308,0.080252215,0.1312497
Oval/Medial,Nr3c1,0.2164762,0.102670684,0.1308429
Oval/Medial,Nell1,0.52476,0.19879968,0.13081127
Oval/Medial,Sptan1,0.50225234,0.22793497,0.1304991
Oval/Medial,Erc1,0.34549952,0.16120295,0.13032523
Oval/Medial,Sptbn4,0.38919905,0.18056832,0.12950799
Oval/Medial,Ralgapa1,0.6747644,0.29300958,0.12906581
Oval/Medial,Tcf20,0.37221268,0.17297919,0.12894712
Oval/Medial,Tanc2,0.96085316,0.38259622,0.12845725
Oval/Medial,Slc24a3,0.70917416,0.27739516,0.12786788
Oval/Medial,Rapgef2,0.36709216,0.16853039,0.12772536
Oval/Medial,Srgap3,0.41902804,0.18894254,0.12763977
Oval/Medial,Sorcs1,0.25368008,0.10868965,0.12726791
Oval/Medial,Rev3l,0.44546995,0.20194001,0.12718838
Oval/Medial,Gm28928,0.1781456,0.060537923,0.12694235
Oval/Medial,Slc35f3,0.20017041,0.09499432,0.12611502
Oval/Medial,4930447C04Rik,0.18661176,0.091417834,0.12585083
Oval/Medial,Ccdc85a,0.69612783,0.29231173,0.12584567
Oval/Medial,Foxp1,0.3108691,0.14262266,0.12567155
Oval/Medial,Bach2,0.26855087,0.1260487,0.12563388
Oval/Medial,Adcy1,0.19818287,0.09368585,0.1255318
Oval/Medial,Plcb4,0.48964033,0.21048869,0.12544304
Oval/Medial,Csrnp3,0.46831155,0.20900576,0.12509272
Oval/Medial,Brinp1,0.6043268,0.2444217,0.124975115
Oval/Medial,Ehbp1,0.5833937,0.25375545,0.12486726
Oval/Medial,Vps13a,0.3689133,0.1696644,0.12469171
Oval/Medial,Plp1,1.4183987,0.5128283,0.12467992
Oval/Medial,Foxn3,0.39231887,0.17768969,0.12453848
Oval/Medial,Gm13629,0.21447465,0.102757916,0.124145456
Oval/Medial,Ptk2b,0.13546433,0.06149747,0.12391658
Oval/Medial,Dcaf6,0.343913,0.16137742,0.123107225
Oval/Medial,Enah,0.61144346,0.26875925,0.1224179
Oval/Medial,Jazf1,0.35093763,0.15928386,0.12187827
Oval/Medial,Brinp2,0.26543653,0.124653,0.12180342
Oval/Medial,Phlpp1,0.39658192,0.17899816,0.12167451
Oval/Medial,Tenm3,0.8534108,0.32118532,0.12147683
Oval/Medial,Dync1i2,0.458792,0.2116227,0.12136066
Oval/Medial,Rnf150,0.32997626,0.15056072,0.1209998
Oval/Medial,Nek1,0.34527552,0.16416882,0.120976746
Oval/Medial,Srsf11,0.44491303,0.20612712,0.12077692
Oval/Medial,Gucy1a2,0.43770137,0.19644444,0.12065023
Oval/Medial,Sptbn1,0.8375608,0.35511833,0.120357156
Oval/Medial,Dapk1,0.34833586,0.1602434,0.12031105
Oval/Medial,Flnb,0.23155236,0.11488308,0.12008643
Oval/Medial,Cntnap5c,0.28006917,0.12194882,0.11985794
Oval/Medial,Chka,0.26538563,0.13032304,0.11940682
Oval/Medial,Rreb1,0.1574328,0.07536726,0.11889048
Oval/Medial,Qk,0.6696044,0.27922702,0.11820537
Oval/Medial,Vwa8,0.31473765,0.14733316,0.11809032
Oval/Medial,Rsrp1,0.7462932,0.3197024,0.11801118
Oval/Medial,Agbl4,1.2068379,0.43720308,0.11795688
Oval/Medial,Fnbp1l,0.27669612,0.13084643,0.117907435
Oval/Medial,Ogt,0.57172215,0.25541285,0.11769211
Oval/Medial,Arhgap39,0.26202884,0.122646675,0.117384434
Oval/Medial,Nfib,0.34763667,0.1413142,0.11700933
Oval/Medial,C2cd5,0.391321,0.18414481,0.11674237
Oval/Medial,Ptprk,0.18031348,0.07685019,0.11509
Oval/Medial,Lef1,0.17635295,0.07510556,0.11491053
Oval/Medial,Dnajc1,0.3113995,0.14471622,0.11479397
Oval/Medial,Adgrb1,0.32383633,0.14977564,0.11469601
Oval/Medial,Fth1,4.0299816,0.9609573,0.11427379
Oval/Medial,Arhgap21,0.3338187,0.15623076,0.113790125
Oval/Medial,Myrip,0.2234338,0.107119486,0.113308065
Oval/Medial,Ppm1e,0.5097493,0.22444572,0.11323279
Oval/Medial,Mobp,1.0576168,0.40789333,0.11297256
Oval/Medial,Ptprj,0.44542626,0.19400196,0.11273441
Oval/Medial,Strn3,0.5519496,0.24825989,0.11254567
Oval/Medial,Atp11c,0.16797662,0.08199684,0.11252392
Oval/Medial,Fmn2,0.4489531,0.20185278,0.11223188
Oval/Medial,Ftx,0.39678606,0.1858022,0.11222321
Oval/Medial,Clasp2,0.7086687,0.30635598,0.11207926
Oval/Medial,Alk,0.14034547,0.06367825,0.11194661
Oval/Medial,Ubn2,0.6530603,0.28568214,0.111796975
Oval/Medial,Ncoa1,0.46679738,0.20952915,0.111676395
Oval/Medial,Kansl1,0.6432573,0.27844194,0.111515045
Oval/Medial,Prox1,0.15684454,0.07283755,0.111446045
Oval/Medial,Bcl11a,0.16681181,0.07545449,0.11083914
Oval/Medial,Dnajc6,0.42763275,0.19155948,0.11073956
Oval/Medial,Clmn,0.17250265,0.08225854,0.11071643
Oval/Medial,Adcy2,0.22408114,0.09569217,0.1107077
Oval/Medial,Scai,0.37931535,0.17559613,0.11037761
Oval/Medial,Sh3kbp1,0.33692083,0.15413721,0.11028148
Oval/Medial,Iqgap2,0.12733924,0.055478502,0.11017956
Oval/Medial,Vti1a,0.4312951,0.19304241,0.11013812
Oval/Medial,Robo1,2.0589075,0.63621855,0.11005032
Oval/Medial,Ankrd17,0.5710558,0.25017896,0.109891176
Oval/Medial,Sidt1,0.17304592,0.08304362,0.10919457
Oval/Medial,Wasf1,0.19834374,0.095866635,0.109056175
Oval/Medial,Ppm1h,0.2911306,0.136342,0.10889651
Oval/Medial,Palm2,0.25524542,0.12029143,0.10812837
Oval/Medial,Slc35f1,0.44178706,0.18850638,0.108097404
Oval/Medial,Shc3,0.18560931,0.08792858,0.10766725
Oval/Medial,Esrrg,0.30546877,0.13293998,0.10740276
Oval/Medial,Kif26b,0.23441894,0.108951345,0.10707547
Oval/Medial,Inpp5a,0.20294505,0.09918143,0.10705397
Oval/Medial,Aak1,0.57184994,0.2563724,0.10699314
Oval/Medial,E130307A14Rik,0.29195997,0.1379994,0.10681988
Oval/Medial,Glis3,0.12894194,0.05355941,0.106787704
Oval/Medial,Herc2,0.44132745,0.20377187,0.10647878
Oval/Medial,Mirg,0.34273598,0.15710308,0.10642761
Oval/Medial,Smyd3,0.5791288,0.24538125,0.106203824
Oval/Medial,Gfod1,0.15017052,0.073448166,0.106179714
Oval/Medial,Gphn,1.3001186,0.49678212,0.10614419
Oval/Medial,Pid1,0.23664793,0.10930027,0.10598382
Oval/Medial,Eml1,0.17708862,0.0854861,0.105923556
Oval/Medial,Fry,0.6822051,0.29396912,0.10588944
Oval/Medial,Sh3rf3,0.13591412,0.06498672,0.10584081
Oval/Medial,Ttc7b,0.29947188,0.14323328,0.10578209
Oval/Medial,Kcnmb2,0.26963335,0.11374907,0.10551298
Oval/Medial,Ssh2,0.5252941,0.23212208,0.10546675
Oval/Medial,Wipf3,0.13813297,0.06420164,0.10505367
Oval/Medial,Mical2,0.1513163,0.07309924,0.10503661
Oval/Medial,Pacsin1,0.41310462,0.19347857,0.105026335
Oval/Medial,Mllt10,0.43987384,0.20289956,0.10497573
Oval/Medial,Npas2,0.12273376,0.058095444,0.10481975
Oval/Medial,Map7,0.25583425,0.12177436,0.10459225
Oval/Medial,Pou2f1,0.29870144,0.14096527,0.104108796
Oval/Medial,Rnf130,0.26293695,0.12587424,0.10396503
Oval/Medial,Lrrfip1,0.24747153,0.12247221,0.10377021
Oval/Medial,Vps13b,0.6020842,0.25959995,0.103690684
Oval/Medial,Adcy9,0.19660501,0.09508155,0.10331659
Oval/Medial,Atp8a2,0.38026804,0.17114733,0.10303521
Oval/Medial,Peak1,0.21561,0.103281304,0.10264188
Oval/Medial,Ppp1r12b,0.3089038,0.14707147,0.102220565
Oval/Medial,Camkv,0.18372332,0.08914982,0.102138415
Oval/Medial,Dpp10,1.2329754,0.43816262,0.10191953
Oval/Medial,Mlip,0.111170374,0.053210486,0.101912186
Oval/Medial,Ralgapa2,0.5090874,0.22060753,0.101691306
Oval/Medial,Tcf12,0.5036998,0.22270109,0.10133657
Oval/Medial,Setd5,0.46135208,0.21232055,0.101040035
Oval/Medial,Fyn,0.28876615,0.1379994,0.10102901
Oval/Medial,Cpsf6,0.45749342,0.20970361,0.10092908
Oval/Medial,Tiam1,0.18342349,0.08757965,0.10086136
Oval/Medial,Bcas1,0.6521623,0.26343814,0.100731015
Oval/Medial,Tra2a,0.44074583,0.20429526,0.10070947
Oval/Medial,Dlg1,0.3447404,0.15989448,0.10045652
Oval/Medial,Nrg2,0.27211908,0.12814225,0.100230366
Oval/Medial,Scn8a,0.5240771,0.2343901,0.10010618
Oval/Medial,Stau2,0.44670904,0.20194001,0.09986973
Oval/Medial,Klhl29,0.6191582,0.25768086,0.099716246
Oval/Medial,Dock10,0.4335987,0.18309803,0.0996618
Oval/Medial,Abr,0.467693,0.21179716,0.09963673
Oval/Medial,Cask,0.38862735,0.17629398,0.099479556
Oval/Medial,Arhgap18,0.14205745,0.0690866,0.09934441
Oval/Medial,Cntn6,0.4662649,0.1935658,0.09927848
Oval/Medial,Garnl3,0.30853853,0.14532684,0.099203795
Oval/Medial,Large1,0.6507777,0.27094004,0.098967195
Oval/Medial,Rbm26,0.44994417,0.20761006,0.0988923
Oval/Medial,Vps13c,0.35599548,0.16730915,0.098603785
Oval/Medial,Maml3,0.26218635,0.115232006,0.09846647
Oval/Medial,Osbpl8,0.2901885,0.1382611,0.09837642
Oval/Medial,Tmem132d,0.11800513,0.05277433,0.0983087
Oval/Medial,Rbm39,0.75301874,0.32493627,0.09830594
Oval/Medial,Sncaip,0.13288227,0.0643761,0.09829529
Oval/Medial,Cpeb3,0.49643382,0.2193863,0.09827945
Oval/Medial,Dlgap4,0.27910066,0.13459738,0.09827371
Oval/Medial,Mef2a,0.46517837,0.21197163,0.09818238
Oval/Medial,Gtdc1,0.2701942,0.12404238,0.09790161
Oval/Medial,Pi4ka,0.46208674,0.21127377,0.097896844
Oval/Medial,Abcc5,0.37254086,0.1769046,0.09772697
Oval/Medial,Prkcg,0.14746419,0.07388432,0.09768611
Oval/Medial,Nrxn1,2.8335843,0.7962335,0.09761047
Oval/Medial,Sema5a,0.4096897,0.17306642,0.0974403
Oval/Medial,Zfp385b,0.51274294,0.21118654,0.097360104
Oval/Medial,Sipa1l1,0.24092177,0.11182998,0.09731512
Oval/Medial,Jph1,0.12145914,0.0540828,0.09715208
Oval/Medial,Gm32828,0.14001393,0.05661251,0.09704718
Oval/Medial,Kifc2,0.2684258,0.12613593,0.09695099
Oval/Medial,Mmp16,0.6487007,0.26814863,0.09658742
Oval/Medial,Hecw2,0.6189088,0.2610829,0.09607041
Oval/Medial,Zdhhc14,0.3068756,0.14183758,0.09590806
Oval/Medial,Homer1,0.17928591,0.085224405,0.0958062
Oval/Medial,Zfyve28,0.13392343,0.06952275,0.09576653
Oval/Medial,Kat6b,0.30528128,0.14445452,0.09561312
Oval/Medial,Gab2,0.23673685,0.1110449,0.09558363
Oval/Medial,Pak7,0.35068268,0.15788816,0.09549004
Oval/Medial,Kcnj6,0.3136052,0.14305882,0.095201254
Oval/Medial,Tango2,0.18788747,0.09342416,0.0946997
Oval/Medial,Sphkap,0.5311486,0.2191246,0.09433046
Oval/Medial,Caln1,0.17230842,0.07981606,0.094325
Oval/Medial,Clasp1,0.32057345,0.15239258,0.09402527
Oval/Medial,Pvt1,0.11452442,0.056786973,0.093850434
Oval/Medial,Gria3,0.73510283,0.29885408,0.09369433
Oval/Medial,Esyt2,0.40668333,0.1888553,0.09367111
Oval/Medial,Kmt2a,0.5347834,0.24267708,0.0935601
Oval/Medial,Pard3,0.3808173,0.17420043,0.09349972
Oval/Medial,Cyp7b1,0.14014909,0.062805936,0.093361296
Oval/Medial,Ust,0.13840126,0.06516118,0.092843235
Oval/Medial,Zfp280d,0.41838342,0.19225733,0.09240356
Oval/Medial,Lrrtm3,0.43365133,0.18728514,0.09223652
Oval/Medial,Sh3d19,0.2683978,0.12107651,0.0921745
Oval/Medial,Snx29,0.31560665,0.14864163,0.092093945
Oval/Medial,Dmxl2,0.3720698,0.17620675,0.09207332
Oval/Medial,Ewsr1,0.3818702,0.17803861,0.092054814
Oval/Medial,Dync1i1,0.4522661,0.20071878,0.0920524
Oval/Medial,Pan3,0.3736093,0.17542167,0.09173557
Oval/Medial,Synpr,0.40304524,0.1666113,0.09169024
Oval/Medial,Atp11b,0.31647772,0.15056072,0.09162837
Oval/Medial,Hdac8,0.38195547,0.17289196,0.09158182
Oval/Medial,Runx2,0.11012047,0.054518957,0.09137088
Oval/Medial,Gpatch8,0.51388913,0.23465179,0.091343164
Oval/Medial,Pcca,0.4547147,0.20490588,0.090022475
Oval/Medial,Nhs,0.21956201,0.095779404,0.08990431
Oval/Medial,Pdzd2,0.15548101,0.07056953,0.08971825
Oval/Medial,Ahi1,0.97756064,0.3936746,0.0896551
Oval/Medial,Hecw1,0.6284503,0.26727632,0.08944529
Oval/Medial,Grid1,0.7796477,0.30234334,0.08922142
Oval/Medial,Nova1,0.31400263,0.13861002,0.08872615
Oval/Medial,Lyst,0.20522997,0.100140974,0.088671155
Oval/Medial,Ssbp2,0.35172486,0.16111572,0.08810979
Oval/Medial,Ctif,0.30849606,0.14314605,0.08780664
Oval/Medial,Fam19a5,0.25351492,0.12125097,0.0874228
Oval/Medial,Rap1gds1,0.36062536,0.16486667,0.08695695
Oval/Medial,Snap25,1.231872,0.4861399,0.08682084
Oval/Medial,Fut9,0.4161865,0.1832725,0.08663061
Oval/Medial,Rbm5,0.39956355,0.18641283,0.08658132
Oval/Medial,Agap1,0.44040495,0.19897415,0.08641735
Oval/Medial,Gm38393,0.39802966,0.1802194,0.086006105
Oval/Medial,Arhgap32,0.39753833,0.18344696,0.08600366
Oval/Medial,Elavl2,0.4550032,0.19914861,0.08578935
Oval/Medial,Agtpbp1,0.31742257,0.15125857,0.085710034
Oval/Medial,Usp15,0.3598892,0.17175795,0.08565
Oval/Medial,Prmt8,0.109698504,0.057484824,0.08561769
Oval/Medial,Herc3,0.20942906,0.10249622,0.085616104
Oval/Medial,Ambra1,0.3562197,0.16896655,0.085475296
Oval/Medial,Fam49a,0.17614247,0.08696903,0.08544809
Oval/Medial,Asap1,0.39930576,0.1816151,0.085223466
Oval/Medial,Sltm,0.4664665,0.2160715,0.08521718
Oval/Medial,Phf14,0.5021103,0.22819667,0.08516899
Oval/Medial,A830082K12Rik,0.13646907,0.06786536,0.08513042
Oval/Medial,Mark3,0.36282003,0.17123456,0.085113555
Oval/Medial,Uggt2,0.32783863,0.15544568,0.08508001
Oval/Medial,Fam110b,0.15053251,0.07432048,0.08472668
Oval/Medial,Cux2,0.19664091,0.09717511,0.08463015
Oval/Medial,Kcnh1,0.1243038,0.059403915,0.0845979
Oval/Medial,2010111I01Rik,0.29323873,0.13887171,0.08447361
Oval/Medial,Nckap5,0.1347788,0.06350379,0.08442988
Oval/Medial,Nedd4l,0.64270747,0.27242297,0.08433956
Oval/Medial,Hectd4,0.3867231,0.18074279,0.08425951
Oval/Medial,Zfp148,0.33075652,0.15666692,0.084056735
Oval/Medial,Phf21a,0.41001078,0.18737237,0.08392784
Oval/Medial,Syt14,0.21258533,0.10607271,0.08387923
Oval/Medial,Akap6,0.89994955,0.35982883,0.0838756
Oval/Medial,Hook1,0.29420164,0.14218651,0.08374046
Oval/Medial,Sash1,0.20430516,0.096390024,0.083625555
Oval/Medial,Mtf2,0.26011106,0.12639762,0.083266556
Oval/Medial,Birc6,0.49238274,0.2252308,0.0831911
Oval/Medial,Sfswap,0.24901114,0.11985527,0.083036244
Oval/Medial,Rock1,0.40293008,0.18711068,0.08269057
Oval/Medial,Ncoa2,0.38413778,0.17681737,0.0826458
Oval/Medial,Raph1,0.27934563,0.13320167,0.08240946
Oval/Medial,Gulp1,0.12682842,0.05591466,0.08227393
Oval/Medial,Ppp1r12a,0.4099422,0.19033824,0.08223349
Oval/Medial,Ago3,0.36592487,0.17158349,0.08220616
Oval/Medial,Klhl2,0.22697517,0.10546209,0.082183465
Oval/Medial,Dclk2,0.24065802,0.11732556,0.08214411
Oval/Medial,Ubr5,0.48868096,0.22156708,0.08205724
Oval/Medial,Ror1,0.12807928,0.057659287,0.08180134
Oval/Medial,Atxn7l1,0.18868934,0.09420924,0.0817787
Oval/Medial,Epb41,0.24799459,0.1199425,0.081656575
Oval/Medial,Epb41l3,0.63901395,0.27312082,0.08161318
Oval/Medial,Rbfox2,0.60991204,0.26814863,0.08132893
Oval/Medial,Zfp536,0.21938594,0.09918143,0.08125998
Oval/Medial,March3,0.17154384,0.079554364,0.081110395
Oval/Medial,Mdn1,0.24472916,0.11802341,0.08078036
Oval/Medial,Leng8,0.33764526,0.15788816,0.0806731
Oval/Medial,Ppp4r4,0.14744873,0.07545449,0.08062471
Oval/Medial,Med12l,0.39766064,0.18353419,0.080620885
Oval/Medial,Lrfn2,0.18893437,0.09255184,0.08036949
Oval/Medial,Kif21a,0.6693399,0.2922245,0.08023083
Oval/Medial,Itsn1,0.3360777,0.1593711,0.080197215
Oval/Medial,2410089E03Rik,0.45127687,0.2041208,0.08010179
Oval/Medial,Sipa1l3,0.15256765,0.075803414,0.08007843
Oval/Medial,Nrbp2,0.22671218,0.10738118,0.08005786
Oval/Medial,Fndc3b,0.123143755,0.061933625,0.07947944
Oval/Medial,Sclt1,0.358967,0.1677453,0.07935089
Oval/Medial,Chd9,0.5375711,0.23944952,0.07933536
Oval/Medial,Zfp950,0.33017895,0.15719031,0.079012185
Oval/Medial,Cdh9,0.19825563,0.08478825,0.07880471
Oval/Medial,Pdss2,0.2700968,0.12857841,0.07868965
Oval/Medial,Trip12,0.43462107,0.20010816,0.07868928
Oval/Medial,2210408I21Rik,0.40331113,0.18048109,0.07855746
Oval/Medial,Far2,0.13813421,0.07004614,0.07855118
Oval/Medial,Smg1,0.43545544,0.20150386,0.07842168
Oval/Medial,Cd46,0.1781169,0.08880089,0.07842083
Oval/Medial,Iqsec2,0.20029496,0.09682618,0.07826965
Oval/Medial,Mpdz,0.16910736,0.08234577,0.07810305
Oval/Medial,C130071C03Rik,0.22291635,0.10476424,0.07804248
Oval/Medial,Garem1,0.14117523,0.069697216,0.07781206
Oval/Medial,Ntrk3,0.6524343,0.2680614,0.077777624
Oval/Medial,Chsy3,0.22486503,0.09682618,0.07776913
Oval/Medial,Rfx7,0.4345964,0.19853799,0.07748154
Oval/Medial,Wsb1,0.34634903,0.15893494,0.07721555
Oval/Medial,Gramd1b,0.29284942,0.13843556,0.077100456
Oval/Medial,Mkl1,0.17971113,0.08871366,0.0769121
Oval/Medial,Ksr2,0.41148522,0.18815745,0.07685354
Oval/Medial,Bicd1,0.5905716,0.25907657,0.076836884
Oval/Medial,Thoc2,0.34953153,0.16469221,0.07682958
Oval/Medial,Atxn2,0.36191678,0.17175795,0.076811165
Oval/Medial,Vps13d,0.25129002,0.12186159,0.07673098
Oval/Medial,Dennd6b,0.20529479,0.09761126,0.076558724
Oval/Medial,Ablim2,0.26453415,0.12779333,0.076291814
Oval/Medial,Slc8a3,0.38269362,0.17263027,0.07627326
Oval/Medial,Nrgn,0.3362855,0.14445452,0.075832635
Oval/Medial,Iqsec3,0.16707341,0.082694694,0.07577563
Oval/Medial,Carmil3,0.16851464,0.08033945,0.07571812
Oval/Medial,Eif2s3y,0.2545522,0.12543808,0.07564224
Oval/Medial,Carmil1,0.20301974,0.09682618,0.07551393
Oval/Medial,Atxn2l,0.32776737,0.15204366,0.07532191
Oval/Medial,Krit1,0.35070717,0.16477944,0.07530454
Oval/Medial,Braf,0.48431382,0.22174154,0.075301975
Oval/Medial,Ttll5,0.22966798,0.11060874,0.07528314
Oval/Medial,Cpeb1,0.2357315,0.114534155,0.074891225
Oval/Medial,Fubp1,0.4649917,0.21415241,0.07480809
Oval/Medial,Dock7,0.38489488,0.178562,0.07476246
Oval/Medial,Ncor1,0.58102643,0.25759363,0.0747515
Oval/Medial,Dmxl1,0.5084018,0.22863282,0.07472965
Oval/Medial,Osbp2,0.16507629,0.082171306,0.074654594
Oval/Medial,Arglu1,0.47135568,0.21650766,0.074507356
Oval/Medial,Gabra5,0.12387106,0.060799617,0.07431081
Oval/Medial,St18,0.14056848,0.060799617,0.0742572
Oval/Medial,Stk39,0.37993655,0.17420043,0.074219316
Oval/Medial,Sf3b1,0.4079397,0.18972762,0.07417405
Oval/Medial,Slco3a1,0.2015361,0.09857081,0.07415451
Oval/Medial,Arih1,0.46828791,0.21423964,0.0739837
Oval/Medial,Pkd1,0.2751356,0.13154428,0.07385172
Oval/Medial,Tspan5,0.2884872,0.1321549,0.07378204
Oval/Medial,Cpne6,0.11482823,0.05591466,0.0737256
Oval/Medial,Srek1,0.4265582,0.19984646,0.07359502
Oval/Medial,Sergef,0.16208413,0.08190961,0.07355953
Oval/Medial,Kmt2c,0.5091578,0.23220931,0.073449105
Oval/Medial,Psd3,0.35448983,0.16626237,0.073394805
Oval/Medial,Zfyve9,0.3165544,0.15047349,0.07328449
Oval/Medial,Ppp1r13b,0.2370541,0.11610432,0.07324594
Oval/Medial,Cspp1,0.3940735,0.18492989,0.07310268
Oval/Medial,Sybu,0.49381748,0.22121815,0.072644144
Oval/Medial,Unc13a,0.29208115,0.1393951,0.07239658
Oval/Medial,Gigyf2,0.3393989,0.1619008,0.07228905
Oval/Medial,Ehmt1,0.24384429,0.11968081,0.072139785
Oval/Medial,Coro6,0.11090903,0.05286156,0.07182115
Oval/Medial,Neto1,0.20786321,0.09447093,0.07152067
Oval/Medial,Oxct1,0.398541,0.18205126,0.071415514
Oval/Medial,Ubr3,0.48437518,0.2221777,0.07139981
Oval/Medial,Arhgap44,0.2758877,0.13451014,0.07125501
Oval/Medial,Ddhd1,0.3472102,0.16059233,0.07122913
Oval/Medial,Tacc1,0.24572569,0.11793618,0.071194634
Oval/Medial,Fam193b,0.26860282,0.12587424,0.071116075
Oval/Medial,Pde8b,0.21205202,0.10040267,0.07107715
Oval/Medial,Tmem191c,0.23675886,0.11427246,0.07090913
Oval/Medial,Ankrd11,0.43357673,0.19984646,0.070881754
Oval/Medial,Adk,0.2779624,0.1318932,0.0708732
Oval/Medial,Lcor,0.28781614,0.13712709,0.0706799
Oval/Medial,Zmynd11,0.46203372,0.21310563,0.07067019
Oval/Medial,Dtnb,0.33469695,0.15692861,0.07052073
Oval/Medial,Fam193a,0.30211228,0.14445452,0.07034586
Oval/Medial,Fndc3a,0.2902256,0.1379994,0.069893
Oval/Medial,Hmgcll1,0.30055004,0.14087804,0.06988959
Oval/Medial,Dlgap3,0.14991172,0.074669406,0.06985247
Oval/Medial,Zranb2,0.6476208,0.287514,0.0693804
Oval/Medial,Ints6,0.24821024,0.11880849,0.069252744
Oval/Medial,Kif5c,0.37159398,0.17297919,0.06910986
Oval/Medial,Mcu,0.19798304,0.09508155,0.069043204
Oval/Medial,Clk1,0.33616877,0.15788816,0.06901264
Oval/Medial,Mbnl1,0.31983334,0.15143304,0.06868881
Oval/Medial,Arid1b,0.38226262,0.17507274,0.06868684
Oval/Medial,Sgk1,0.15185119,0.07440771,0.06856704
Oval/Medial,Lmo3,0.14702775,0.06699304,0.068552785
Oval/Medial,Arhgef25,0.19819994,0.093336925,0.06847645
Oval/Medial,Rictor,0.24560902,0.1171511,0.06844212
Oval/Medial,Clasrp,0.18043923,0.08679457,0.068150856
Oval/Medial,Dscaml1,0.18379708,0.077722505,0.06797051
Oval/Medial,Paxbp1,0.264257,0.12849118,0.06786741
Oval/Medial,Map4k3,0.21855718,0.10886411,0.06765586
Oval/Medial,Ulk4,0.21070197,0.10249622,0.06753841
Oval/Medial,Gpm6b,0.75166947,0.31080478,0.06712502
Oval/Medial,Rabgap1,0.4060426,0.189117,0.06708783
Oval/Medial,Kcnip3,0.12257261,0.058967758,0.0670875
Oval/Medial,Nhsl2,0.16063179,0.07885651,0.067039356
Oval/Medial,Qrich1,0.20335364,0.10075159,0.066939935
Oval/Medial,Tle1,0.11995225,0.060101766,0.066858485
Oval/Medial,Scmh1,0.37844473,0.17481105,0.066684216
Oval/Medial,Fgd4,0.2540325,0.12046589,0.06666462
Oval/Medial,Mbtd1,0.32476252,0.15413721,0.066654354
Oval/Medial,Kmt2e,0.51345956,0.23299439,0.06664017
Oval/Medial,Add2,0.2887107,0.13686539,0.0665863
Oval/Medial,Nipbl,0.40362766,0.18545328,0.066418886
Oval/Medial,Plekha7,0.14372021,0.073360935,0.066274375
Oval/Medial,Pgbd5,0.13314565,0.066469654,0.06616967
Oval/Medial,Ptprn2,1.0642796,0.39986804,0.06603646
Oval/Medial,Dennd4a,0.27426004,0.13041027,0.06603044
Oval/Medial,Daam1,0.24352412,0.11907019,0.06600283
Oval/Medial,Fam13c,0.15126292,0.07571618,0.06595822
Oval/Medial,Tsga10,0.14701734,0.071878,0.06589427
Oval/Medial,Bcas3,0.4081009,0.18571497,0.06585261
Oval/Medial,Negr1,1.6213984,0.54247683,0.06574476
Oval/Medial,Arntl,0.118923225,0.061235774,0.06572805
Oval/Medial,Rnf165,0.14391316,0.071878,0.06563582
Oval/Medial,Hnrnpdl,0.36249426,0.16844316,0.065594375
Oval/Medial,Slc4a7,0.19318677,0.094034776,0.06556901
Oval/Medial,Zmym4,0.4122751,0.19121055,0.065470845
Oval/Medial,Zfp445,0.31097502,0.1485544,0.06545545
Oval/Medial,Pag1,0.15824243,0.077722505,0.065410756
Oval/Medial,Slc44a1,0.26296645,0.12482746,0.0653138
Oval/Medial,Dym,0.2151426,0.10441531,0.06517561
Oval/Medial,Cyth1,0.15549685,0.07746081,0.065158986
Oval/Medial,Ctss,0.17503832,0.072052464,0.065154955
Oval/Medial,Myo18a,0.17983426,0.0899349,0.06508956
Oval/Medial,Fam13a,0.11342696,0.057659287,0.06507331
Oval/Medial,Nf1,0.49769893,0.22235216,0.06505638
Oval/Medial,Hace1,0.1932462,0.095168784,0.065042704
Oval/Medial,Fmn1,0.12330551,0.05975284,0.06471617
Oval/Medial,Cnot4,0.33939403,0.16137742,0.06469414
Oval/Medial,Mgll,0.14214736,0.07004614,0.06467141
Oval/Medial,Ppip5k1,0.25316638,0.12290837,0.06463671
Oval/Medial,Slc4a4,0.4212211,0.17507274,0.06457412
Oval/Medial,Cdyl2,0.11164256,0.05608912,0.06455919
Oval/Medial,Smg6,0.32970935,0.15509675,0.06447852
Oval/Medial,C1qb,0.19346735,0.080862835,0.06430584
Oval/Medial,B230209E15Rik,0.27514058,0.13014857,0.064169735
Oval/Medial,Parp8,0.22661142,0.10999812,0.06416759
Oval/Medial,Btrc,0.26882318,0.12962519,0.06399354
Oval/Medial,Gm45159,0.11290899,0.055216808,0.06390901
Oval/Medial,Eml4,0.21507153,0.10511316,0.06389701
Oval/Medial,Rundc3b,0.22770783,0.1124406,0.06384501
Oval/Medial,Ctnna3,0.25316346,0.11662771,0.06370127
Oval/Medial,Kndc1,0.17595035,0.08539887,0.063516036
Oval/Medial,Far1,0.30843312,0.14680977,0.06349966
Oval/Medial,Itpr1,0.2686808,0.12500192,0.06344536
Oval/Medial,Ankib1,0.30207238,0.1441056,0.06336996
Oval/Medial,Nvl,0.16998106,0.08574779,0.06336429
Oval/Medial,Ice1,0.23599814,0.11444692,0.06322965
Oval/Medial,Gm9801,0.2041175,0.10005374,0.063099205
Oval/Medial,Pfkp,0.26903674,0.12849118,0.06308362
Oval/Medial,Man2a1,0.14357854,0.07004614,0.06277516
Oval/Medial,Patj,0.18886147,0.0915923,0.062760934
Oval/Medial,Cyfip1,0.18708959,0.09098168,0.062722266
Oval/Medial,Ccdc148,0.17742343,0.08627118,0.06266199
Oval/Medial,Zc3h7a,0.19068958,0.094645396,0.06257671
Oval/Medial,Fign,0.2225575,0.098309115,0.06252594
Oval/Medial,Pde4a,0.20089823,0.09752403,0.06252137
Oval/Medial,Ubp1,0.23471837,0.11366184,0.06251863
Oval/Medial,Chd2,0.3735083,0.17184518,0.062444985
Oval/Medial,Ggnbp2,0.32527196,0.15588184,0.062417448
Oval/Medial,Clock,0.31535372,0.15038626,0.06237358
Oval/Medial,Wdr7,0.34406886,0.16006894,0.06213796
Oval/Medial,Psme4,0.36771065,0.17149626,0.06210929
Oval/Medial,Zfp638,0.4822852,0.22017138,0.06209159
Oval/Medial,Zfp207,0.32390675,0.15474783,0.06204167
Oval/Medial,Gpcpd1,0.22060542,0.10816626,0.061940655
Oval/Medial,Atrx,0.585743,0.26021057,0.06191665
Oval/Medial,Mast2,0.3229417,0.15247981,0.06190455
Oval/Medial,Gm40841,0.25615627,0.125787,0.061898082
Oval/Medial,U2surp,0.33300778,0.15823708,0.06182626
Oval/Medial,4732471J01Rik,0.16717468,0.082781926,0.06182546
Oval/Medial,Tnrc6a,0.42204824,0.19443811,0.061656803
Oval/Medial,Rsrc1,0.40003857,0.18353419,0.06155622
Oval/Medial,Col4a2,0.12120074,0.0615847,0.061530076
Oval/Medial,Dopey1,0.254212,0.12491469,0.061382398
Oval/Medial,R3hdm2,0.44969818,0.20542927,0.061365128
Oval/Medial,Tmem178b,0.84435546,0.34020177,0.061357975
Oval/Medial,Rev1,0.22056192,0.10860242,0.061212346
Oval/Medial,Mphosph9,0.1807015,0.091417834,0.06112449
Oval/Medial,B830012L14Rik,0.13512307,0.06446333,0.060914382
Oval/Medial,Ascc3,0.31954166,0.14977564,0.060849637
Oval/Medial,Zranb1,0.24323499,0.118895724,0.06075634
Oval/Medial,Gigyf1,0.13926011,0.06803982,0.0606381
Oval/Medial,Ubash3b,0.10510962,0.050593544,0.06060295
Oval/Medial,Atp1a2,0.5555013,0.22784774,0.06044644
Oval/Medial,Sesn1,0.19120666,0.094558164,0.06032808
Oval/Medial,Trpc3,0.11894655,0.05783375,0.06027269
Oval/Medial,Srcin1,0.40685466,0.18641283,0.06007275
Oval/Medial,Ext1,0.33489308,0.15099688,0.05999303
Oval/Medial,Uvrag,0.19542424,0.09691341,0.05997163
Oval/Medial,A330102I10Rik,0.1878763,0.090894446,0.059926733
Oval/Medial,Tbc1d5,0.3454234,0.15797539,0.059783757
Oval/Medial,Wdr33,0.3252983,0.15553291,0.05977446
Oval/Medial,Shank1,0.43748814,0.20202725,0.059744656
Oval/Medial,Tox3,0.17180756,0.07911821,0.059711367
Oval/Medial,Cpne8,0.139671,0.06428887,0.059699625
Oval/Medial,Dock11,0.11140239,0.053908337,0.059694905
Oval/Medial,Bin1,0.4842912,0.2205203,0.059694827
Oval/Medial,Nfx1,0.21463066,0.10781734,0.05965756
Oval/Medial,Spire1,0.28892508,0.13930787,0.05955343
Oval/Medial,Fto,0.38135478,0.17742799,0.059542388
Oval/Medial,Cdk12,0.28174633,0.13721432,0.05953136
Oval/Medial,Apex2,0.18948267,0.092988,0.059423998
Oval/Medial,Chm,0.24013862,0.11558093,0.05940707
Oval/Medial,Hmg20a,0.24738637,0.1199425,0.059365943
Oval/Medial,Trim2,0.53448814,0.2369198,0.0592902
Oval/Medial,Lrpprc,0.21277618,0.10563655,0.059285983
Oval/Medial,Usp24,0.24661767,0.12002973,0.059285745
Oval/Medial,Memo1,0.21777521,0.10554932,0.059245363
Oval/Medial,Ralgps1,0.28891182,0.13852279,0.059164733
Oval/Medial,Pde7a,0.15258545,0.077722505,0.059076086
Oval/Medial,Med13l,0.23110808,0.11252783,0.058856085
Oval/Medial,Spock3,0.90901124,0.34761643,0.058846056
Oval/Medial,Taf15,0.27624393,0.1346846,0.05871789
Oval/Medial,Miat,0.5344292,0.23395394,0.058552533
Oval/Medial,Fnip1,0.25776264,0.12491469,0.05842741
Oval/Medial,Scaf8,0.293068,0.13817386,0.058242053
Oval/Medial,Rab11fip3,0.2112293,0.10424085,0.058232144
Oval/Medial,Tnrc6b,0.6280602,0.27408037,0.058198333
Oval/Medial,Snap91,0.58385456,0.25881487,0.058181643
Oval/Medial,Rbm28,0.18549109,0.092726305,0.057980567
Oval/Medial,Mb21d2,0.103378564,0.051814783,0.057912555
Oval/Medial,Osbpl10,0.12892905,0.065335646,0.057677656
Oval/Medial,Clk4,0.23473436,0.11444692,0.05763471
Oval/Medial,Myh10,0.2894393,0.1377377,0.0575217
Oval/Medial,Ptbp2,0.35968298,0.17062394,0.05751422
Oval/Medial,Spon1,0.14106777,0.06481226,0.05749075
Oval/Medial,Arhgef12,0.40821865,0.19033824,0.057457626
Oval/Medial,Grm4,0.098165885,0.05033185,0.05741742
Oval/Medial,Gas7,0.10615616,0.050768007,0.057371296
Oval/Medial,Wdr47,0.19148993,0.09569217,0.05734998
Oval/Medial,Sh3rf1,0.102166004,0.052599866,0.057070073
Oval/Medial,Fat3,0.91907173,0.36244577,0.057036757
Oval/Medial,Nsd2,0.31602156,0.15143304,0.056949764
Oval/Medial,Gm20642,0.37740546,0.17158349,0.056901813
Oval/Medial,Sik2,0.1898969,0.09481986,0.056854814
Oval/Medial,Rbm33,0.25549245,0.12517639,0.05674489
Oval/Medial,Myo9a,0.5847763,0.25977442,0.056740284
Oval/Medial,Slc1a2,0.6285128,0.26736355,0.056657016
Oval/Medial,Akap8,0.20007958,0.09734957,0.056638584
Oval/Medial,Nsd3,0.36662948,0.17280473,0.056567997
Oval/Medial,Spats2l,0.1559035,0.073360935,0.05642961
Oval/Medial,Wdfy3,0.47110072,0.21519919,0.056375444
Oval/Medial,Ttll11,0.21855852,0.10842796,0.05632916
Oval/Medial,Igsf9b,0.222561,0.10781734,0.0563152
Oval/Medial,Cul9,0.20120029,0.098396346,0.056305572
Oval/Medial,Reps2,0.28840813,0.13599308,0.056253716
Oval/Medial,Arhgap20,0.16974829,0.08365424,0.056249484
Oval/Medial,Rnf169,0.18002565,0.09010936,0.05619736
Oval/Medial,Slc9a7,0.18978761,0.092988,0.056187406
Oval/Medial,Prkaa2,0.1368006,0.06786536,0.05618535
Oval/Medial,Fam172a,0.42461,0.19155948,0.056123078
Oval/Medial,Nrg3os,0.34141803,0.15544568,0.056073815
Oval/Medial,Pou2f2,0.15155032,0.07414602,0.05607131
Oval/Medial,Hnrnph1,0.39931247,0.18370865,0.056064874
Oval/Medial,Btbd10,0.18597858,0.092115685,0.055775806
Oval/Medial,Dis3l2,0.29243055,0.13948233,0.055774853
Oval/Medial,Depdc5,0.18549085,0.093947545,0.055724993
Oval/Medial,Epn2,0.20581944,0.09865804,0.05568655
Oval/Medial,Zfc3h1,0.21852188,0.10685779,0.055599064
Oval/Medial,Ints6l,0.17189725,0.084613785,0.055588886
Oval/Medial,Plcxd3,0.15938173,0.074669406,0.05556847
Oval/Medial,Mamld1,0.11274771,0.05652528,0.055530712
Oval/Medial,Map3k2,0.21419415,0.104589775,0.055529565
Oval/Medial,Plppr5,0.120442905,0.061410237,0.055428274
Oval/Medial,Nmt2,0.22831392,0.11427246,0.055380195
Oval/Medial,5031439G07Rik,0.1908706,0.08949874,0.05536802
Oval/Medial,Prpf39,0.21838692,0.10720672,0.055340916
Oval/Medial,Zmynd8,0.46643898,0.21205886,0.055285633
Oval/Medial,Shank3,0.16040817,0.08121176,0.05514489
Oval/Medial,Mat2a,0.31454852,0.14968841,0.055033743
Oval/Medial,Rnf217,0.21504492,0.103891924,0.054939598
Oval/Medial,Sox6,0.17638679,0.075890645,0.054938942
Oval/Medial,Ipo11,0.16517982,0.082084075,0.05473821
Oval/Medial,Prpf40a,0.30035684,0.1441056,0.05470696
Oval/Medial,Madd,0.22444284,0.10982366,0.05463557
Oval/Medial,Eps8,0.13206735,0.0660335,0.054517873
Oval/Medial,Wnk2,0.38157734,0.17655568,0.054509997
Oval/Medial,Snx24,0.15148962,0.07545449,0.054498486
Oval/Medial,Ddx50,0.23770232,0.11732556,0.054480374
Oval/Medial,Arhgef2,0.112089194,0.053210486,0.054431953
Oval/Medial,Lpp,0.16263157,0.07885651,0.054285847
Oval/Medial,Apoe,1.1485316,0.4380754,0.054219007
Oval/Medial,Znrf1,0.2696979,0.1321549,0.05406192
Oval/Medial,Cep83,0.15349501,0.07597788,0.05397273
Oval/Medial,Sh3gl2,0.5399722,0.23831551,0.053969085
Oval/Medial,Sept11,0.17705595,0.088277504,0.05395866
Oval/Medial,Mir124-2hg,0.3298533,0.15370105,0.0539515
Oval/Medial,Nrd1,0.306392,0.14759485,0.053949267
Oval/Medial,Spink10,0.12639338,0.06210809,0.053880922
Oval/Medial,Senp6,0.34131074,0.15989448,0.053829372
Oval/Medial,Usp48,0.18888563,0.09368585,0.053771943
Oval/Medial,Plec,0.1309142,0.06638242,0.053599827
Oval/Medial,Ksr1,0.10028283,0.05024462,0.053573344
Oval/Medial,C1qa,0.17370965,0.07266308,0.053559437
Oval/Medial,Iqgap1,0.13502976,0.06734197,0.053553887
Oval/Medial,Ica1,0.42312253,0.19583382,0.053544134
Oval/Medial,Slf2,0.2342575,0.11427246,0.053362414
Oval/Medial,Pabpn1,0.27113357,0.12971242,0.053185597
Oval/Medial,Pacs1,0.24282831,0.11697663,0.05312845
Oval/Medial,Gtf2ird1,0.1931737,0.095779404,0.053056985
Oval/Medial,N4bp2l2,0.2655235,0.13041027,0.053025573
Oval/Medial,Shisa6,0.3266438,0.13485907,0.052972496
Oval/Medial,Plch2,0.17064768,0.07885651,0.05284614
Oval/Medial,Cdh2,0.5068144,0.21990968,0.052791774
Oval/Medial,Scn1a,0.6485306,0.28044826,0.052767813
Oval/Medial,2900011O08Rik,0.30532673,0.14436729,0.052544326
Oval/Medial,Zzef1,0.2453048,0.11811064,0.052528247
Oval/Medial,Ttc17,0.25448006,0.12247221,0.05243735
Oval/Medial,Tnrc6c,0.64473003,0.27992487,0.052251816
Oval/Medial,Stxbp6,0.45995298,0.18702345,0.05223149
Oval/Medial,Mcf2l,0.21016893,0.10092606,0.052224204
Oval/Medial,Cdkal1,0.27351803,0.1302358,0.052127182
Oval/Medial,Rasgef1a,0.16942269,0.083305314,0.052090548
Oval/Medial,Nbas,0.21897632,0.10598548,0.05208321
Oval/Medial,Ccar1,0.26467916,0.12761886,0.051949248
Oval/Medial,Hectd2,0.13404033,0.06385271,0.05192437
Oval/Medial,Asap2,0.19509536,0.09630279,0.051906735
Oval/Medial,Pias2,0.28353316,0.13791217,0.051811323
Oval/Medial,Dnmt3a,0.51921123,0.23308162,0.051758975
Oval/Medial,Trip11,0.2589491,0.124565765,0.05175835
