,l04,lcl,gs,pheno,dataset,mouse_lhb_region
AAACGCTTCTCGACCT-1,1,LHb,LHb,control,b8-lhb-m43_3,Oval/Medial
AAAGGATTCATGCATG-1,1,LHb,LHb,control,b8-lhb-m43_3,Oval/Medial
AAAGTGATCATGAAAG-1,1,LHb,LHb,control,b8-lhb-m43_3,Oval/Medial
AAATGGACATAGTCGT-1,1,LHb,LHb,control,b8-lhb-m43_3,Lateral
AAATGGAGTGCCTACG-1,1,LHb,LHb,control,b8-lhb-m43_3,Oval/Medial
AACAACCGTAAGATTG-1,0,LHb,LHb,control,b8-lhb-m43_3,Oval/Medial
AACCACACAGGTAGTG-1,9,LHb,LHb,control,b8-lhb-m43_3,Marginal
AACCATGAGAAGTCAT-1,1,LHb,LHb,control,b8-lhb-m43_3,Lateral
AACCCAAAGGGACCAT-1,1,LHb,LHb,control,b8-lhb-m43_3,Oval/Medial
AACCCAAAGTGCAACG-1,1,LHb,LHb,control,b8-lhb-m43_3,Oval/Medial
AACCCAAGTATTCTCT-1,1,LHb,LHb,control,b8-lhb-m43_3,Oval/Medial
AACCTTTGTCTGATCA-1,1,LHb,LHb,control,b8-lhb-m43_3,Hbx
AAGAACAGTCCCGTGA-1,1,LHb,LHb,control,b8-lhb-m43_3,Oval/Medial
AAGAACAGTTGTAAAG-1,9,LHb,LHb,control,b8-lhb-m43_3,Marginal
AAGAACATCCCGTTCA-1,1,LHb,LHb,control,b8-lhb-m43_3,Oval/Medial
AAGACAATCCGAGTGC-1,1,LHb,LHb,control,b8-lhb-m43_3,Oval/Medial
AAGACAATCGTAACCA-1,1,LHb,LHb,control,b8-lhb-m43_3,Oval/Medial
AAGATAGGTAAGTCAA-1,1,LHb,LHb,control,b8-lhb-m43_3,Oval/Medial
AAGATAGTCATGCTAG-1,1,LHb,LHb,control,b8-lhb-m43_3,Oval/Medial
AAGCGAGAGACTCTTG-1,9,LHb,LHb,control,b8-lhb-m43_3,Marginal
AAGCGAGAGTGTAGTA-1,9,LHb,LHb,control,b8-lhb-m43_3,Marginal
AAGGAATAGGGCCAAT-1,1,LHb,LHb,control,b8-lhb-m43_3,Oval/Medial
AAGGAATAGTGCTAGG-1,1,LHb,LHb,control,b8-lhb-m43_3,Hbx
AAGGAATGTCAAAGTA-1,1,LHb,LHb,control,b8-lhb-m43_3,Oval/Medial
AAGTCGTAGCCGATAG-1,1,LHb,LHb,control,b8-lhb-m43_3,Oval/Medial
AAGTCGTCATACTGAC-1,1,LHb,LHb,control,b8-lhb-m43_3,Oval/Medial
AAGTCGTGTATCATGC-1,1,LHb,LHb,control,b8-lhb-m43_3,Hbx
AATCGACCAAGGAGTC-1,1,LHb,LHb,control,b8-lhb-m43_3,Lateral
AATCGTGCATGTGACT-1,9,LHb,LHb,control,b8-lhb-m43_3,Marginal
AATGAAGGTGTCTTGA-1,9,LHb,LHb,control,b8-lhb-m43_3,Marginal
AATGAAGTCAGTGTTG-1,1,LHb,LHb,control,b8-lhb-m43_3,Oval/Medial
AATGACCTCGCTAAAC-1,1,LHb,LHb,control,b8-lhb-m43_3,Oval/Medial
AATGCCACATCCTATT-1,1,LHb,LHb,control,b8-lhb-m43_3,Lateral
AATGGAACACTAGAGG-1,1,LHb,LHb,control,b8-lhb-m43_3,Oval/Medial
AATGGCTAGGTTACCT-1,1,LHb,LHb,control,b8-lhb-m43_3,Oval/Medial
ACAAAGATCCGGACTG-1,9,LHb,LHb,control,b8-lhb-m43_3,Marginal
ACACAGTGTCTGCGCA-1,9,LHb,LHb,control,b8-lhb-m43_3,Marginal
ACACCAAAGCATATGA-1,1,LHb,LHb,control,b8-lhb-m43_3,Oval/Medial
ACACCAATCAATCCAG-1,1,LHb,LHb,control,b8-lhb-m43_3,Oval/Medial
ACACCAATCGAATGCT-1,1,LHb,LHb,control,b8-lhb-m43_3,Oval/Medial
ACAGCCGGTCTCTCAC-1,9,LHb,LHb,control,b8-lhb-m43_3,Marginal
ACAGGGAAGACCAAAT-1,1,LHb,LHb,control,b8-lhb-m43_3,Hbx
ACAGGGATCGTGGCGT-1,1,LHb,LHb,control,b8-lhb-m43_3,Oval/Medial
ACATCGACATCCCACT-1,1,LHb,LHb,control,b8-lhb-m43_3,Oval/Medial
ACATCGAGTGGCTGCT-1,9,LHb,LHb,control,b8-lhb-m43_3,Oval/Medial
ACATCGATCTGGTGGC-1,1,LHb,LHb,control,b8-lhb-m43_3,Oval/Medial
ACATGCAAGCAACCAG-1,1,LHb,LHb,control,b8-lhb-m43_3,Oval/Medial
ACATGCAAGCTGACCC-1,1,LHb,LHb,control,b8-lhb-m43_3,Oval/Medial
ACATGCAGTTAAGACA-1,1,LHb,LHb,control,b8-lhb-m43_3,Oval/Medial
ACATTTCGTATACAGA-1,1,LHb,LHb,control,b8-lhb-m43_3,Oval/Medial
ACATTTCTCATAAGGA-1,1,LHb,LHb,control,b8-lhb-m43_3,Oval/Medial
ACATTTCTCTCGAACA-1,9,LHb,LHb,control,b8-lhb-m43_3,Marginal
ACCAAACAGGTGCGAT-1,1,LHb,LHb,control,b8-lhb-m43_3,Oval/Medial
ACCACAAGTAGGGTAC-1,1,LHb,LHb,control,b8-lhb-m43_3,Oval/Medial
ACCCAAACATATGGCT-1,9,LHb,LHb,control,b8-lhb-m43_3,Oval/Medial
ACCCTCACATGTGCTA-1,1,LHb,LHb,control,b8-lhb-m43_3,Oval/Medial
ACCCTTGCAGCGATTT-1,9,LHb,LHb,control,b8-lhb-m43_3,Marginal
ACCGTTCCACGATTCA-1,1,LHb,LHb,control,b8-lhb-m43_3,Oval/Medial
ACCGTTCGTAGGTGCA-1,9,LHb,LHb,control,b8-lhb-m43_3,Marginal
ACCGTTCGTTATCCAG-1,9,LHb,LHb,control,b8-lhb-m43_3,Marginal
ACCTGAAAGTCAGCGA-1,4,LHb,LHb,control,b8-lhb-m43_3,Oval/Medial
ACGATGTCAACAGAGC-1,1,LHb,LHb,control,b8-lhb-m43_3,Lateral
ACGATGTGTGCATCTA-1,1,LHb,LHb,control,b8-lhb-m43_3,Marginal
ACGCACGGTACGATGG-1,1,LHb,LHb,control,b8-lhb-m43_3,Lateral
ACGCACGTCACGATCA-1,9,LHb,LHb,control,b8-lhb-m43_3,Marginal
ACGGGTCGTCGAATGG-1,1,LHb,LHb,control,b8-lhb-m43_3,Oval/Medial
ACGGTCGCAACGATCT-1,1,LHb,LHb,control,b8-lhb-m43_3,Oval/Medial
ACTACGAAGGTTGGAC-1,13,LHb,LHb,control,b8-lhb-m43_3,Hbx
ACTATCTCAAGGCAAC-1,1,LHb,LHb,control,b8-lhb-m43_3,Oval/Medial
ACTCTCGCACCCTGTT-1,1,LHb,LHb,control,b8-lhb-m43_3,Hbx
AGAAATGAGCTCTATG-1,1,LHb,LHb,control,b8-lhb-m43_3,Oval/Medial
AGAAGTACACGCGGTT-1,1,LHb,LHb,control,b8-lhb-m43_3,Oval/Medial
AGAAGTAGTTGTGCCG-1,1,LHb,LHb,control,b8-lhb-m43_3,Oval/Medial
AGACAGGAGCTCGCAC-1,1,LHb,LHb,control,b8-lhb-m43_3,Oval/Medial
AGACCATAGCAGGCTA-1,1,LHb,LHb,control,b8-lhb-m43_3,Oval/Medial
AGACCATGTGGTACAG-1,1,LHb,LHb,control,b8-lhb-m43_3,Hbx
AGACCCGTCGTGCATA-1,1,LHb,LHb,control,b8-lhb-m43_3,Oval/Medial
AGACTCAGTCAAATCC-1,1,LHb,LHb,control,b8-lhb-m43_3,Hbx
AGATCCACAGGTCAAG-1,9,LHb,LHb,control,b8-lhb-m43_3,Oval/Medial
AGATCCAGTCTATGAC-1,1,LHb,LHb,control,b8-lhb-m43_3,Oval/Medial
AGATCGTTCCAAGCCG-1,9,LHb,LHb,control,b8-lhb-m43_3,Marginal
AGATGCTAGGTCGCCT-1,4,LHb,LHb,control,b8-lhb-m43_3,Marginal
AGATGCTCAAGCCCAC-1,1,LHb,LHb,control,b8-lhb-m43_3,Oval/Medial
AGCGATTCAGTCAGAG-1,1,LHb,LHb,control,b8-lhb-m43_3,Oval/Medial
AGCGTATTCTCGGTAA-1,9,LHb,LHb,control,b8-lhb-m43_3,Marginal
AGCTCAACATTACGGT-1,1,LHb,LHb,control,b8-lhb-m43_3,Lateral
AGGAAATCACTAACGT-1,0,LHb,LHb,control,b8-lhb-m43_3,Hbx
AGGAGGTTCGGACTGC-1,1,LHb,LHb,control,b8-lhb-m43_3,Oval/Medial
AGGATAAGTGACTCGC-1,1,LHb,LHb,control,b8-lhb-m43_3,Oval/Medial
AGGGAGTGTGGATCGA-1,1,LHb,LHb,control,b8-lhb-m43_3,Oval/Medial
AGGGTGACAATCGAAA-1,1,LHb,LHb,control,b8-lhb-m43_3,Oval/Medial
AGGGTGATCACGAACT-1,1,LHb,LHb,control,b8-lhb-m43_3,Oval/Medial
AGGTAGGTCCGTAGGC-1,1,LHb,LHb,control,b8-lhb-m43_3,Oval/Medial
AGGTAGGTCGTGGGTC-1,1,LHb,LHb,control,b8-lhb-m43_3,Oval/Medial
AGGTTGTGTTACGTAC-1,1,LHb,LHb,control,b8-lhb-m43_3,Hbx
AGTACTGTCTTACGTT-1,1,LHb,LHb,control,b8-lhb-m43_3,Oval/Medial
AGTCAACAGGGTACGT-1,1,LHb,LHb,control,b8-lhb-m43_3,Oval/Medial
AGTCACAAGTCACTAC-1,4,LHb,LHb,control,b8-lhb-m43_3,Oval/Medial
AGTCATGCAGCACGAA-1,1,LHb,LHb,control,b8-lhb-m43_3,Oval/Medial
AGTCATGTCAGCTGAT-1,1,LHb,LHb,control,b8-lhb-m43_3,Oval/Medial
AGTGACTGTCTCCCTA-1,9,LHb,LHb,control,b8-lhb-m43_3,Marginal
AGTGATCGTGTGTCCG-1,1,LHb,LHb,control,b8-lhb-m43_3,Oval/Medial
AGTGATCGTTGGGACA-1,4,LHb,LHb,control,b8-lhb-m43_3,Oval/Medial
AGTTAGCAGTTCATGC-1,1,LHb,LHb,control,b8-lhb-m43_3,Oval/Medial
AGTTAGCAGTTTGAGA-1,1,LHb,LHb,control,b8-lhb-m43_3,Oval/Medial
AGTTAGCCAGGCATTT-1,1,LHb,LHb,control,b8-lhb-m43_3,Hbx
AGTTCGACATGCACTA-1,1,LHb,LHb,control,b8-lhb-m43_3,Oval/Medial
AGTTCGACATGGAGAC-1,1,LHb,LHb,control,b8-lhb-m43_3,Lateral
ATACTTCGTGGCCTCA-1,9,LHb,LHb,control,b8-lhb-m43_3,Marginal
ATAGACCTCTTCCCAG-1,1,LHb,LHb,control,b8-lhb-m43_3,Oval/Medial
ATAGAGAGTGTGCTTA-1,9,LHb,LHb,control,b8-lhb-m43_3,Marginal
ATAGGCTCAACGGCCT-1,1,LHb,LHb,control,b8-lhb-m43_3,Lateral
ATATCCTGTGGCAGAT-1,1,LHb,LHb,control,b8-lhb-m43_3,Oval/Medial
ATCACGACATAATGAG-1,9,LHb,LHb,control,b8-lhb-m43_3,Oval/Medial
ATCACTTCATGGGTTT-1,1,LHb,LHb,control,b8-lhb-m43_3,Oval/Medial
ATCCACCGTGTCCTAA-1,0,LHb,LHb,control,b8-lhb-m43_3,Lateral
ATCCATTTCTGGCCTT-1,1,LHb,LHb,control,b8-lhb-m43_3,Oval/Medial
ATCCGTCCATACAGAA-1,9,LHb,LHb,control,b8-lhb-m43_3,Marginal
ATCCGTCTCGCCCAGA-1,1,LHb,LHb,control,b8-lhb-m43_3,Lateral
ATCCTATCACCTGCTT-1,9,LHb,LHb,control,b8-lhb-m43_3,Oval/Medial
ATCGGATAGGCCCGTT-1,1,LHb,LHb,control,b8-lhb-m43_3,Oval/Medial
ATCGGATCAGAGGGTT-1,1,LHb,LHb,control,b8-lhb-m43_3,Oval/Medial
ATCTTCAAGCAGGTCA-1,9,LHb,LHb,control,b8-lhb-m43_3,Marginal
ATGAAAGTCAGGAACG-1,1,LHb,LHb,control,b8-lhb-m43_3,Oval/Medial
ATGAAAGTCGGCTGTG-1,1,LHb,LHb,control,b8-lhb-m43_3,Oval/Medial
ATGAGGGGTACAAGTA-1,0,LHb,LHb,control,b8-lhb-m43_3,Oval/Medial
ATGATCGAGTTCATGC-1,1,LHb,LHb,control,b8-lhb-m43_3,Oval/Medial
ATGATCGAGTTTGAGA-1,1,LHb,LHb,control,b8-lhb-m43_3,Oval/Medial
ATGATCGTCTAGGAAA-1,1,LHb,LHb,control,b8-lhb-m43_3,Oval/Medial
ATGCATGAGTGGAATT-1,1,LHb,LHb,control,b8-lhb-m43_3,Oval/Medial
ATGCATGTCTACTATC-1,9,LHb,LHb,control,b8-lhb-m43_3,Marginal
ATGCCTCTCGATGCTA-1,9,LHb,LHb,control,b8-lhb-m43_3,Marginal
ATGGATCAGCGATTCT-1,9,LHb,LHb,control,b8-lhb-m43_3,Marginal
ATGGATCGTCCAGCCA-1,1,LHb,LHb,control,b8-lhb-m43_3,Oval/Medial
ATGGATCTCCCTTGTG-1,0,LHb,LHb,control,b8-lhb-m43_3,Oval/Medial
ATGGGAGGTGTCATGT-1,1,LHb,LHb,control,b8-lhb-m43_3,Oval/Medial
ATGTCTTAGTAGGATT-1,1,LHb,LHb,control,b8-lhb-m43_3,Oval/Medial
ATGTCTTTCGATTTCT-1,9,LHb,LHb,control,b8-lhb-m43_3,Lateral
ATTATCCCAGCAATTC-1,1,LHb,LHb,control,b8-lhb-m43_3,Lateral
ATTATCCGTACGATCT-1,9,LHb,LHb,control,b8-lhb-m43_3,Marginal
ATTCACTCAACAAGTA-1,9,LHb,LHb,control,b8-lhb-m43_3,Marginal
ATTCAGGTCGGAATGG-1,1,LHb,LHb,control,b8-lhb-m43_3,Oval/Medial
ATTCATCAGAGAGCGG-1,9,LHb,LHb,control,b8-lhb-m43_3,Marginal
ATTCATCTCGCTTGAA-1,1,LHb,LHb,control,b8-lhb-m43_3,Oval/Medial
ATTCTACTCAGTCATG-1,1,LHb,LHb,control,b8-lhb-m43_3,Oval/Medial
ATTGGGTAGTGAGTGC-1,9,LHb,LHb,control,b8-lhb-m43_3,Marginal
ATTTCTGCATCATCTT-1,1,LHb,LHb,control,b8-lhb-m43_3,Oval/Medial
ATTTCTGGTGTTTCTT-1,1,LHb,LHb,control,b8-lhb-m43_3,Oval/Medial
CAACAGTTCATGACAC-1,1,LHb,LHb,control,b8-lhb-m43_3,Oval/Medial
CAACGATAGTGCTCAT-1,9,LHb,LHb,control,b8-lhb-m43_3,Marginal
CAACGATTCGGTTAGT-1,9,LHb,LHb,control,b8-lhb-m43_3,Marginal
CAACGGCAGTAGGATT-1,9,LHb,LHb,control,b8-lhb-m43_3,Marginal
CAAGACTTCGCGTGCA-1,1,LHb,LHb,control,b8-lhb-m43_3,Oval/Medial
CAAGCTAAGACTCTAC-1,2,LHb,LHb,control,b8-lhb-m43_3,Oval/Medial
CAAGCTAAGCCTCATA-1,1,LHb,LHb,control,b8-lhb-m43_3,Oval/Medial
CAAGCTATCGCTAGCG-1,9,LHb,LHb,control,b8-lhb-m43_3,Marginal
CAAGGGACACCCTGAG-1,1,LHb,LHb,control,b8-lhb-m43_3,Oval/Medial
CAATGACCAGCATGCC-1,9,LHb,LHb,control,b8-lhb-m43_3,Marginal
CAATTTCCACGGAAGT-1,1,LHb,LHb,control,b8-lhb-m43_3,Oval/Medial
CACAACACAAGAAACT-1,1,LHb,LHb,control,b8-lhb-m43_3,Oval/Medial
CACAACACAGCGGTTC-1,2,LHb,LHb,control,b8-lhb-m43_3,Marginal
CACCAAAGTTGCATTG-1,1,LHb,LHb,control,b8-lhb-m43_3,Oval/Medial
CACGAATGTGTGGACA-1,9,LHb,LHb,control,b8-lhb-m43_3,Marginal
CACGTGGGTACGCTAT-1,1,LHb,LHb,control,b8-lhb-m43_3,Oval/Medial
CACTGGGCAAACTGCT-1,1,LHb,LHb,control,b8-lhb-m43_3,Oval/Medial
CACTGGGCAAATCAGA-1,1,LHb,LHb,control,b8-lhb-m43_3,Oval/Medial
CACTGGGGTCAGTCTA-1,9,LHb,LHb,control,b8-lhb-m43_3,Marginal
CACTTCGCATGTGCTA-1,9,LHb,LHb,control,b8-lhb-m43_3,Marginal
CAGATACCACAAGTGG-1,2,LHb,LHb,control,b8-lhb-m43_3,Oval/Medial
CAGATACTCCGGTAGC-1,9,LHb,LHb,control,b8-lhb-m43_3,Marginal
CAGATCACACAAATAG-1,9,LHb,LHb,control,b8-lhb-m43_3,Marginal
CAGATCAGTGGCTGCT-1,1,LHb,LHb,control,b8-lhb-m43_3,Oval/Medial
CAGATTGAGTCGCCCA-1,1,LHb,LHb,control,b8-lhb-m43_3,Lateral
CAGCCAGCAGCTGAGA-1,1,LHb,LHb,control,b8-lhb-m43_3,Oval/Medial
CAGGGCTAGATGGTCG-1,1,LHb,LHb,control,b8-lhb-m43_3,Oval/Medial
CATAAGCAGCTAATCC-1,1,LHb,LHb,control,b8-lhb-m43_3,Oval/Medial
CATAAGCGTACATTGC-1,1,LHb,LHb,control,b8-lhb-m43_3,Lateral
CATACAGTCTCATTTG-1,0,LHb,LHb,control,b8-lhb-m43_3,Oval/Medial
CATACCCCACTACACA-1,1,LHb,LHb,control,b8-lhb-m43_3,Lateral
CATCAAGGTTGCCTAA-1,1,LHb,LHb,control,b8-lhb-m43_3,Oval/Medial
CATCCCACAATCTCTT-1,9,LHb,LHb,control,b8-lhb-m43_3,Oval/Medial
CATCCGTAGTCACAGG-1,1,LHb,LHb,control,b8-lhb-m43_3,Oval/Medial
CATCGTCTCAAACGAA-1,1,LHb,LHb,control,b8-lhb-m43_3,Oval/Medial
CATGCAACATAACTCG-1,1,LHb,LHb,control,b8-lhb-m43_3,Oval/Medial
CATGCTCAGTATTCCG-1,9,LHb,LHb,control,b8-lhb-m43_3,Marginal
CATTCATGTACGAGTG-1,1,LHb,LHb,control,b8-lhb-m43_3,Oval/Medial
CATTCCGTCCTTATAC-1,1,LHb,LHb,control,b8-lhb-m43_3,Oval/Medial
CATTCTAGTAGACTGG-1,1,LHb,LHb,control,b8-lhb-m43_3,Oval/Medial
CATTGTTGTGCCGAAA-1,1,LHb,LHb,control,b8-lhb-m43_3,Hbx
CCAATGATCGCGTGCA-1,1,LHb,LHb,control,b8-lhb-m43_3,Oval/Medial
CCACACTGTAGGTTTC-1,1,LHb,LHb,control,b8-lhb-m43_3,Oval/Medial
CCACCATAGCTTAAGA-1,1,LHb,LHb,control,b8-lhb-m43_3,Oval/Medial
CCACGAGCATCGAGCC-1,1,LHb,LHb,control,b8-lhb-m43_3,Oval/Medial
CCACGAGTCTCGCTTG-1,1,LHb,LHb,control,b8-lhb-m43_3,Hbx
CCATCACTCCCTAGGG-1,9,LHb,LHb,control,b8-lhb-m43_3,Marginal
CCATCACTCGGTCAGC-1,4,LHb,LHb,control,b8-lhb-m43_3,Hbx
CCCATTGCAAGTGTCT-1,1,LHb,LHb,control,b8-lhb-m43_3,Oval/Medial
CCCATTGGTCTTGGTA-1,9,LHb,LHb,control,b8-lhb-m43_3,Marginal
CCCGAAGTCCATCTAT-1,1,LHb,LHb,control,b8-lhb-m43_3,Oval/Medial
CCCTCAAGTCTAGGTT-1,9,LHb,LHb,control,b8-lhb-m43_3,Marginal
CCCTCAATCACCGGTG-1,9,LHb,LHb,control,b8-lhb-m43_3,Oval/Medial
CCCTGATGTCAGACTT-1,1,LHb,LHb,control,b8-lhb-m43_3,Oval/Medial
CCCTGATTCTGAGAGG-1,1,LHb,LHb,control,b8-lhb-m43_3,Oval/Medial
CCGATGGCATTCTTCA-1,9,LHb,LHb,control,b8-lhb-m43_3,Marginal
CCGGTAGTCTGGACTA-1,9,LHb,LHb,control,b8-lhb-m43_3,Marginal
CCTACGTAGGGTAGCT-1,9,LHb,LHb,control,b8-lhb-m43_3,Oval/Medial
CCTCATGAGTCATGCT-1,1,LHb,LHb,control,b8-lhb-m43_3,Lateral
CCTCATGCATTCACAG-1,9,LHb,LHb,control,b8-lhb-m43_3,Marginal
CCTCCAACAGTCAGCC-1,9,LHb,LHb,control,b8-lhb-m43_3,Marginal
CCTCTCCCAGTGTATC-1,1,LHb,LHb,control,b8-lhb-m43_3,Lateral
CCTGTTGGTCAGGAGT-1,1,LHb,LHb,control,b8-lhb-m43_3,Oval/Medial
CCTTCAGCACAGTACT-1,1,LHb,LHb,control,b8-lhb-m43_3,Lateral
CCTTGTGTCGCCGATG-1,1,LHb,LHb,control,b8-lhb-m43_3,Oval/Medial
CCTTTGGCATTCACCC-1,1,LHb,LHb,control,b8-lhb-m43_3,Oval/Medial
CCTTTGGTCGATCCAA-1,1,LHb,LHb,control,b8-lhb-m43_3,Oval/Medial
CGAAGTTCAAGTACCT-1,1,LHb,LHb,control,b8-lhb-m43_3,Oval/Medial
CGAATTGAGCCTCATA-1,1,LHb,LHb,control,b8-lhb-m43_3,Oval/Medial
CGAATTGGTCCTTGTC-1,9,LHb,LHb,control,b8-lhb-m43_3,Oval/Medial
CGAGGCTGTGCCTTTC-1,1,LHb,LHb,control,b8-lhb-m43_3,Hbx
CGAGTTACAAGGGTCA-1,1,LHb,LHb,control,b8-lhb-m43_3,Oval/Medial
CGAGTTATCGTGGACC-1,1,LHb,LHb,control,b8-lhb-m43_3,Oval/Medial
CGCAGGTAGTAATTGG-1,1,LHb,LHb,control,b8-lhb-m43_3,Oval/Medial
CGCCATTGTACTGCCG-1,9,LHb,LHb,control,b8-lhb-m43_3,Oval/Medial
CGCGTGAGTCTGCAAT-1,1,LHb,LHb,control,b8-lhb-m43_3,Oval/Medial
CGGAACCTCATCCCGT-1,1,LHb,LHb,control,b8-lhb-m43_3,Oval/Medial
CGGAATTTCCCTAGGG-1,9,LHb,LHb,control,b8-lhb-m43_3,Marginal
CGGGACTGTGTACGCC-1,1,LHb,LHb,control,b8-lhb-m43_3,Oval/Medial
CGGGTGTTCTTTCGAT-1,1,LHb,LHb,control,b8-lhb-m43_3,Oval/Medial
CGGTCAGAGTGTTCAC-1,1,LHb,LHb,control,b8-lhb-m43_3,Oval/Medial
CGGTCAGTCGGTGTAT-1,1,LHb,LHb,control,b8-lhb-m43_3,Oval/Medial
CGTAATGAGCTATCCA-1,0,LHb,LHb,control,b8-lhb-m43_3,Hbx
CGTCCATGTAGAGGAA-1,9,LHb,LHb,control,b8-lhb-m43_3,Marginal
CGTGATATCTTAAGGC-1,1,LHb,LHb,control,b8-lhb-m43_3,Oval/Medial
CGTGCTTAGGGACAGG-1,9,LHb,LHb,control,b8-lhb-m43_3,Marginal
CGTGTCTAGACAACAT-1,1,LHb,LHb,control,b8-lhb-m43_3,Oval/Medial
CGTGTCTGTTTGTGGT-1,1,LHb,LHb,control,b8-lhb-m43_3,Lateral
CGTTCTGTCAGTGATC-1,1,LHb,LHb,control,b8-lhb-m43_3,Oval/Medial
CTAACTTAGTAAATGC-1,1,LHb,LHb,control,b8-lhb-m43_3,Oval/Medial
CTAAGTGAGTTGCCTA-1,9,LHb,LHb,control,b8-lhb-m43_3,Marginal
CTAAGTGCATATCTGG-1,1,LHb,LHb,control,b8-lhb-m43_3,Oval/Medial
CTAAGTGGTATGCAAA-1,9,LHb,LHb,control,b8-lhb-m43_3,Marginal
CTACATTGTAGGCAGT-1,9,LHb,LHb,control,b8-lhb-m43_3,Marginal
CTACGGGGTCAGCTTA-1,9,LHb,LHb,control,b8-lhb-m43_3,Oval/Medial
CTACTATTCGGTGCAC-1,1,LHb,LHb,control,b8-lhb-m43_3,Oval/Medial
CTAGGTAAGAAACTAC-1,9,LHb,LHb,control,b8-lhb-m43_3,Marginal
CTAGGTAGTATGAAAC-1,1,LHb,LHb,control,b8-lhb-m43_3,Oval/Medial
CTATAGGAGAGATGCC-1,2,LHb,LHb,control,b8-lhb-m43_3,Marginal
CTATCTAAGAGATCGC-1,1,LHb,LHb,control,b8-lhb-m43_3,Hbx
CTCAAGACACGATTCA-1,1,LHb,LHb,control,b8-lhb-m43_3,Oval/Medial
CTCAAGACAGGGTCTC-1,1,LHb,LHb,control,b8-lhb-m43_3,Oval/Medial
CTCAAGATCTTAGTTC-1,1,LHb,LHb,control,b8-lhb-m43_3,Oval/Medial
CTCAGAAGTCTGTGCG-1,1,LHb,LHb,control,b8-lhb-m43_3,Oval/Medial
CTCAGAAGTGGAGGTT-1,9,LHb,LHb,control,b8-lhb-m43_3,Marginal
CTCAGAATCCAACTAG-1,9,LHb,LHb,control,b8-lhb-m43_3,Marginal
CTCATCGAGTCGAAGC-1,1,LHb,LHb,control,b8-lhb-m43_3,Oval/Medial
CTCATGCGTTCTCGTC-1,1,LHb,LHb,control,b8-lhb-m43_3,Oval/Medial
CTCATGCTCTGAGATC-1,1,LHb,LHb,control,b8-lhb-m43_3,Hbx
CTCATTAAGTAGCTCT-1,9,LHb,LHb,control,b8-lhb-m43_3,Marginal
CTCCACATCTTGGTGA-1,9,LHb,LHb,control,b8-lhb-m43_3,Marginal
CTCCATGCAGTCGTTA-1,1,LHb,LHb,control,b8-lhb-m43_3,Oval/Medial
CTCCGATAGTAAGAGG-1,9,LHb,LHb,control,b8-lhb-m43_3,Marginal
CTCCGATGTGTGTACT-1,1,LHb,LHb,control,b8-lhb-m43_3,Oval/Medial
CTCCTCCTCGTTAGTG-1,1,LHb,LHb,control,b8-lhb-m43_3,Hbx
CTCTCAGGTTGATGTC-1,1,LHb,LHb,control,b8-lhb-m43_3,Oval/Medial
CTGAATGCACTGTCCT-1,1,LHb,LHb,control,b8-lhb-m43_3,Oval/Medial
CTGAGCGGTATCTCTT-1,9,LHb,LHb,control,b8-lhb-m43_3,Oval/Medial
CTGAGCGTCCATTGCC-1,1,LHb,LHb,control,b8-lhb-m43_3,Oval/Medial
CTGAGGCGTTGTACGT-1,1,LHb,LHb,control,b8-lhb-m43_3,Oval/Medial
CTGATCCGTAAGGTCG-1,9,LHb,LHb,control,b8-lhb-m43_3,Marginal
CTGCATCGTACAGTCT-1,9,LHb,LHb,control,b8-lhb-m43_3,Marginal
CTGCGAGCACTAAACC-1,1,LHb,LHb,control,b8-lhb-m43_3,Oval/Medial
CTGCGAGTCCTATTTG-1,1,LHb,LHb,control,b8-lhb-m43_3,Lateral
CTGCGAGTCTGCTCTG-1,1,LHb,LHb,control,b8-lhb-m43_3,Oval/Medial
CTGCTCATCTACTTCA-1,1,LHb,LHb,control,b8-lhb-m43_3,Oval/Medial
CTGGACGCAACTCGTA-1,1,LHb,LHb,control,b8-lhb-m43_3,Oval/Medial
CTGGCAGCAGGTAGTG-1,9,LHb,LHb,control,b8-lhb-m43_3,Marginal
CTGTATTGTGTTGACT-1,1,LHb,LHb,control,b8-lhb-m43_3,Hbx
CTGTGAAAGTATGAAC-1,9,LHb,LHb,control,b8-lhb-m43_3,Marginal
CTGTGGGCATGAATAG-1,1,LHb,LHb,control,b8-lhb-m43_3,Lateral
CTTACCGCATCTGCGG-1,1,LHb,LHb,control,b8-lhb-m43_3,Oval/Medial
CTTAGGAAGATCACCT-1,1,LHb,LHb,control,b8-lhb-m43_3,Oval/Medial
CTTCCGACATGACGGA-1,1,LHb,LHb,control,b8-lhb-m43_3,Oval/Medial
CTTCCTTTCTTGGAAC-1,1,LHb,LHb,control,b8-lhb-m43_3,Oval/Medial
CTTCGGTAGAAATCCA-1,9,LHb,LHb,control,b8-lhb-m43_3,Marginal
CTTCTAAGTCCTACAA-1,9,LHb,LHb,control,b8-lhb-m43_3,Marginal
CTTGAGAGTTGACTGT-1,1,LHb,LHb,control,b8-lhb-m43_3,Oval/Medial
CTTGATTCATTAGGCT-1,1,LHb,LHb,control,b8-lhb-m43_3,Hbx
GAAACCTAGGTTTGAA-1,9,LHb,LHb,control,b8-lhb-m43_3,Marginal
GAACACTGTAACATCC-1,9,LHb,LHb,control,b8-lhb-m43_3,Marginal
GAACTGTTCACAACCA-1,9,LHb,LHb,control,b8-lhb-m43_3,Hbx
GAAGAATCAAGGCCTC-1,1,LHb,LHb,control,b8-lhb-m43_3,Oval/Medial
GAAGCGACAAAGGAGA-1,1,LHb,LHb,control,b8-lhb-m43_3,Oval/Medial
GAAGGGTTCTTCGGTC-1,1,LHb,LHb,control,b8-lhb-m43_3,Oval/Medial
GAAGTAATCTTGAACG-1,1,LHb,LHb,control,b8-lhb-m43_3,Lateral
GACACGCTCTCTCGCA-1,1,LHb,LHb,control,b8-lhb-m43_3,Hbx
GACCCAGGTGCATGAG-1,9,LHb,LHb,control,b8-lhb-m43_3,Hbx
GACCGTGCAATTGCAC-1,1,LHb,LHb,control,b8-lhb-m43_3,Oval/Medial
GACGCTGTCCCTCGTA-1,9,LHb,LHb,control,b8-lhb-m43_3,Marginal
GACTCTCAGATTGAGT-1,1,LHb,LHb,control,b8-lhb-m43_3,Oval/Medial
GACTCTCAGGGAGTGG-1,1,LHb,LHb,control,b8-lhb-m43_3,Oval/Medial
GAGAAATAGAGCTGCA-1,9,LHb,LHb,control,b8-lhb-m43_3,Marginal
GAGAAATAGTAACCTC-1,0,LHb,LHb,control,b8-lhb-m43_3,Oval/Medial
GAGAAATGTGACTGTT-1,1,LHb,LHb,control,b8-lhb-m43_3,Oval/Medial
GAGACCCAGGTCGTAG-1,9,LHb,LHb,control,b8-lhb-m43_3,Marginal
GAGCCTGAGCGCAATG-1,1,LHb,LHb,control,b8-lhb-m43_3,Oval/Medial
GAGGGATAGCACAAAT-1,1,LHb,LHb,control,b8-lhb-m43_3,Hbx
GAGGGATCAAAGGCGT-1,1,LHb,LHb,control,b8-lhb-m43_3,Oval/Medial
GAGTCATCAACCGGAA-1,1,LHb,LHb,control,b8-lhb-m43_3,Hbx
GAGTCATGTCCTGAAT-1,0,LHb,LHb,control,b8-lhb-m43_3,Hbx
GAGTGTTTCTAAGGAA-1,1,LHb,LHb,control,b8-lhb-m43_3,Oval/Medial
GAGTTACAGGAGAATG-1,9,LHb,LHb,control,b8-lhb-m43_3,Marginal
GAGTTGTGTATTCCGA-1,1,LHb,LHb,control,b8-lhb-m43_3,Oval/Medial
GAGTTTGTCCGCGGAT-1,1,LHb,LHb,control,b8-lhb-m43_3,Hbx
GATAGCTGTGGGACAT-1,9,LHb,LHb,control,b8-lhb-m43_3,Marginal
GATCACAGTACTGCGC-1,1,LHb,LHb,control,b8-lhb-m43_3,Hbx
GATCAGTGTGCAACAG-1,1,LHb,LHb,control,b8-lhb-m43_3,Oval/Medial
GATCAGTTCGGATAAA-1,1,LHb,LHb,control,b8-lhb-m43_3,Oval/Medial
GATCATGTCAAGCCCG-1,1,LHb,LHb,control,b8-lhb-m43_3,Oval/Medial
GATGATCGTTGCATTG-1,1,LHb,LHb,control,b8-lhb-m43_3,Oval/Medial
GATGGAGGTCTTTCTA-1,1,LHb,LHb,control,b8-lhb-m43_3,Hbx
GATGTTGAGCTCTATG-1,9,LHb,LHb,control,b8-lhb-m43_3,Marginal
GATTCGACATGGCGCT-1,1,LHb,LHb,control,b8-lhb-m43_3,Oval/Medial
GATTGGTGTAGAAACT-1,1,LHb,LHb,control,b8-lhb-m43_3,Hbx
GATTTCTTCCTCAGAA-1,1,LHb,LHb,control,b8-lhb-m43_3,Lateral
GCAACCGAGGGTACAC-1,1,LHb,LHb,control,b8-lhb-m43_3,Oval/Medial
GCAACCGGTGTACATC-1,1,LHb,LHb,control,b8-lhb-m43_3,Oval/Medial
GCACTAAAGATTGAGT-1,1,LHb,LHb,control,b8-lhb-m43_3,Oval/Medial
GCAGCCAAGCTAGAAT-1,4,LHb,LHb,control,b8-lhb-m43_3,Oval/Medial
GCAGCCACAGAAATCA-1,1,LHb,LHb,control,b8-lhb-m43_3,Oval/Medial
GCAGCCATCGAGAGAC-1,1,LHb,LHb,control,b8-lhb-m43_3,Oval/Medial
GCAGGCTCATCACAGT-1,1,LHb,LHb,control,b8-lhb-m43_3,Oval/Medial
GCAGTTAAGGTTCACT-1,1,LHb,LHb,control,b8-lhb-m43_3,Oval/Medial
GCATCTCAGCTGCCAC-1,9,LHb,LHb,control,b8-lhb-m43_3,Oval/Medial
GCCAGCACACGGCGTT-1,9,LHb,LHb,control,b8-lhb-m43_3,Marginal
GCCAGGTGTCTCAGGC-1,1,LHb,LHb,control,b8-lhb-m43_3,Oval/Medial
GCCAGGTTCCACGTGG-1,1,LHb,LHb,control,b8-lhb-m43_3,Oval/Medial
GCCAGTGGTACACTCA-1,9,LHb,LHb,control,b8-lhb-m43_3,Marginal
GCCATGGGTAGCCCTG-1,1,LHb,LHb,control,b8-lhb-m43_3,Oval/Medial
GCCATTCGTGGTAATA-1,1,LHb,LHb,control,b8-lhb-m43_3,Oval/Medial
GCCCGAACACTTCTCG-1,1,LHb,LHb,control,b8-lhb-m43_3,Hbx
GCCCGAATCGGCATTA-1,1,LHb,LHb,control,b8-lhb-m43_3,Oval/Medial
GCCGATGCAGCGATTT-1,1,LHb,LHb,control,b8-lhb-m43_3,Oval/Medial
GCCGATGCAGTATTCG-1,1,LHb,LHb,control,b8-lhb-m43_3,Oval/Medial
GCCGTGAGTTCCGCAG-1,1,LHb,LHb,control,b8-lhb-m43_3,Oval/Medial
GCGGAAAAGCCTGTCG-1,1,LHb,LHb,control,b8-lhb-m43_3,Oval/Medial
GCGGAAACACAAAGTA-1,0,LHb,LHb,control,b8-lhb-m43_3,Hbx
GCGGATCAGGCACTCC-1,1,LHb,LHb,control,b8-lhb-m43_3,Oval/Medial
GCGTGCAAGCCTCACG-1,1,LHb,LHb,control,b8-lhb-m43_3,Lateral
GCGTGCAAGCGTCTGC-1,1,LHb,LHb,control,b8-lhb-m43_3,Oval/Medial
GCGTTTCTCCTTTAGT-1,9,LHb,LHb,control,b8-lhb-m43_3,Marginal
GCTGAATCATAAGATG-1,1,LHb,LHb,control,b8-lhb-m43_3,Oval/Medial
GCTTGGGAGAGCAGAA-1,1,LHb,LHb,control,b8-lhb-m43_3,Lateral
GCTTGGGCAATTCTCT-1,1,LHb,LHb,control,b8-lhb-m43_3,Oval/Medial
GCTTTCGCATTCGATG-1,1,LHb,LHb,control,b8-lhb-m43_3,Oval/Medial
GCTTTCGTCCCATTCG-1,9,LHb,LHb,control,b8-lhb-m43_3,Marginal
GGAACCCGTCAAAGTA-1,1,LHb,LHb,control,b8-lhb-m43_3,Lateral
GGAATCTCAATAGTGA-1,1,LHb,LHb,control,b8-lhb-m43_3,Oval/Medial
GGAATCTGTAGGCAAC-1,9,LHb,LHb,control,b8-lhb-m43_3,Oval/Medial
GGAATGGCAGCAGTAG-1,1,LHb,LHb,control,b8-lhb-m43_3,Oval/Medial
GGACGTCTCGTCTCAC-1,1,LHb,LHb,control,b8-lhb-m43_3,Oval/Medial
GGAGAACTCCTTCACG-1,1,LHb,LHb,control,b8-lhb-m43_3,Oval/Medial
GGATGTTAGGAAACGA-1,1,LHb,LHb,control,b8-lhb-m43_3,Oval/Medial
GGCACGTAGATAGTGT-1,1,LHb,LHb,control,b8-lhb-m43_3,Oval/Medial
GGCGTCAGTTAATGAG-1,13,LHb,LHb,control,b8-lhb-m43_3,Oval/Medial
GGCTTGGCAAGGGCAT-1,1,LHb,LHb,control,b8-lhb-m43_3,Oval/Medial
GGGACAAGTCTAGATC-1,9,LHb,LHb,control,b8-lhb-m43_3,Marginal
GGGACCTAGTCAGAGC-1,9,LHb,LHb,control,b8-lhb-m43_3,Marginal
GGGACCTTCTAGCAAC-1,9,LHb,LHb,control,b8-lhb-m43_3,Marginal
GGGACTCCATCACCAA-1,1,LHb,LHb,control,b8-lhb-m43_3,Oval/Medial
GGGAGATAGGTCACTT-1,1,LHb,LHb,control,b8-lhb-m43_3,Oval/Medial
GGGTAGAAGCGAGTAC-1,9,LHb,LHb,control,b8-lhb-m43_3,Marginal
GGGTATTGTGACTGTT-1,1,LHb,LHb,control,b8-lhb-m43_3,Oval/Medial
GGGTCACGTATCCTTT-1,1,LHb,LHb,control,b8-lhb-m43_3,Oval/Medial
GGGTGAAGTATCGGTT-1,1,LHb,LHb,control,b8-lhb-m43_3,Lateral
GGGTTATAGATACATG-1,1,LHb,LHb,control,b8-lhb-m43_3,Oval/Medial
GGGTTATGTTGACTGT-1,9,LHb,LHb,control,b8-lhb-m43_3,Marginal
GGTAGAGGTGACATCT-1,1,LHb,LHb,control,b8-lhb-m43_3,Oval/Medial
GGTGAAGAGTCTGGAG-1,9,LHb,LHb,control,b8-lhb-m43_3,Marginal
GGTGGCTCAAAGCTCT-1,1,LHb,LHb,control,b8-lhb-m43_3,Lateral
GGTGTTAGTCATATGC-1,9,LHb,LHb,control,b8-lhb-m43_3,Marginal
GGTTCTCTCCCGTTGT-1,1,LHb,LHb,control,b8-lhb-m43_3,Oval/Medial
GTAACCAAGCCTCATA-1,1,LHb,LHb,control,b8-lhb-m43_3,Oval/Medial
GTACAACAGACAGTCG-1,9,LHb,LHb,control,b8-lhb-m43_3,Marginal
GTAGAGGAGACATCAA-1,9,LHb,LHb,control,b8-lhb-m43_3,Marginal
GTAGAGGAGCTTCATG-1,9,LHb,LHb,control,b8-lhb-m43_3,Marginal
GTAGATCAGAGAGTTT-1,1,LHb,LHb,control,b8-lhb-m43_3,Oval/Medial
GTAGATCCAGGTCTCG-1,1,LHb,LHb,control,b8-lhb-m43_3,Oval/Medial
GTAGATCGTCGTACAT-1,1,LHb,LHb,control,b8-lhb-m43_3,Oval/Medial
GTAGGAGTCCGATAGT-1,1,LHb,LHb,control,b8-lhb-m43_3,Oval/Medial
GTAGTACTCAAACGTC-1,1,LHb,LHb,control,b8-lhb-m43_3,Oval/Medial
GTATTTCGTCCTCAGG-1,1,LHb,LHb,control,b8-lhb-m43_3,Lateral
GTCACGGGTCATATGC-1,1,LHb,LHb,control,b8-lhb-m43_3,Hbx
GTCATTTAGTTAACAG-1,1,LHb,LHb,control,b8-lhb-m43_3,Oval/Medial
GTCATTTTCTGAGGTT-1,0,LHb,LHb,control,b8-lhb-m43_3,Oval/Medial
GTCCACTAGCACTCGC-1,13,LHb,LHb,control,b8-lhb-m43_3,Hbx
GTCCCATCAAAGGCGT-1,9,LHb,LHb,control,b8-lhb-m43_3,Marginal
GTCCTCACATCATGAC-1,1,LHb,LHb,control,b8-lhb-m43_3,Hbx
GTCCTCAGTACGAGTG-1,1,LHb,LHb,control,b8-lhb-m43_3,Oval/Medial
GTCCTCATCACTGCTC-1,9,LHb,LHb,control,b8-lhb-m43_3,Marginal
GTCGTAAAGACCTGGA-1,1,LHb,LHb,control,b8-lhb-m43_3,Oval/Medial
GTCGTAAGTTGCTCGG-1,1,LHb,LHb,control,b8-lhb-m43_3,Lateral
GTCTACCCATCTGTTT-1,1,LHb,LHb,control,b8-lhb-m43_3,Lateral
GTCTACCTCCGTGGGT-1,9,LHb,LHb,control,b8-lhb-m43_3,Marginal
GTCTGTCTCGCCTATC-1,1,LHb,LHb,control,b8-lhb-m43_3,Oval/Medial
GTGAGCCGTGTCCAAT-1,9,LHb,LHb,control,b8-lhb-m43_3,Marginal
GTGATGTCACAAGCCC-1,9,LHb,LHb,control,b8-lhb-m43_3,Oval/Medial
GTGATGTGTGGAGAAA-1,1,LHb,LHb,control,b8-lhb-m43_3,Oval/Medial
GTGATGTTCGTAGGAG-1,1,LHb,LHb,control,b8-lhb-m43_3,Oval/Medial
GTGCACGAGCATTGAA-1,9,LHb,LHb,control,b8-lhb-m43_3,Oval/Medial
GTGCAGCAGTACTGTC-1,1,LHb,LHb,control,b8-lhb-m43_3,Oval/Medial
GTGGAAGAGGTCACCC-1,1,LHb,LHb,control,b8-lhb-m43_3,Oval/Medial
GTGGTTAAGCATGCGA-1,1,LHb,LHb,control,b8-lhb-m43_3,Oval/Medial
GTGTCCTAGCAGTCTT-1,1,LHb,LHb,control,b8-lhb-m43_3,Oval/Medial
GTGTGATTCCGCTGTT-1,9,LHb,LHb,control,b8-lhb-m43_3,Marginal
GTTACGACATCCCGTT-1,1,LHb,LHb,control,b8-lhb-m43_3,Oval/Medial
GTTAGACCATCAGTCA-1,9,LHb,LHb,control,b8-lhb-m43_3,Oval/Medial
GTTCCGTTCCAACCAA-1,1,LHb,LHb,control,b8-lhb-m43_3,Oval/Medial
GTTGCGGTCGAGTCCG-1,1,LHb,LHb,control,b8-lhb-m43_3,Lateral
GTTGCTCGTATGGGAC-1,1,LHb,LHb,control,b8-lhb-m43_3,Hbx
GTTGTCCAGACAGCTG-1,9,LHb,LHb,control,b8-lhb-m43_3,Marginal
GTTTACTTCACCTTGC-1,9,LHb,LHb,control,b8-lhb-m43_3,Marginal
GTTTACTTCTTAGCAG-1,1,LHb,LHb,control,b8-lhb-m43_3,Oval/Medial
TAAGCACCACGGTGAA-1,1,LHb,LHb,control,b8-lhb-m43_3,Hbx
TAAGCACGTATGAGCG-1,1,LHb,LHb,control,b8-lhb-m43_3,Hbx
TAAGCACGTCACCGAC-1,9,LHb,LHb,control,b8-lhb-m43_3,Marginal
TAAGCGTAGCTGACCC-1,9,LHb,LHb,control,b8-lhb-m43_3,Oval/Medial
TAAGCGTCAAGATCCT-1,1,LHb,LHb,control,b8-lhb-m43_3,Oval/Medial
TAAGCGTTCTCATGGA-1,13,LHb,LHb,control,b8-lhb-m43_3,Oval/Medial
TAAGTCGAGTGCACCC-1,2,LHb,LHb,control,b8-lhb-m43_3,Oval/Medial
TAAGTCGCATCCTGTC-1,1,LHb,LHb,control,b8-lhb-m43_3,Hbx
TAATCTCAGTGTTGTC-1,9,LHb,LHb,control,b8-lhb-m43_3,Oval/Medial
TAATCTCTCGGACAAG-1,1,LHb,LHb,control,b8-lhb-m43_3,Oval/Medial
TAATTCCGTAAGCGGT-1,1,LHb,LHb,control,b8-lhb-m43_3,Oval/Medial
TACCCACTCTGTTCAT-1,1,LHb,LHb,control,b8-lhb-m43_3,Oval/Medial
TACTTCATCCCTTGTG-1,1,LHb,LHb,control,b8-lhb-m43_3,Hbx
TACTTGTCACAATTCG-1,1,LHb,LHb,control,b8-lhb-m43_3,Hbx
TAGAGTCGTGGTCCGT-1,1,LHb,LHb,control,b8-lhb-m43_3,Oval/Medial
TAGAGTCTCACGGACC-1,1,LHb,LHb,control,b8-lhb-m43_3,Lateral
TAGGGTTTCATCGCAA-1,9,LHb,LHb,control,b8-lhb-m43_3,Oval/Medial
TAGGTACCAAAGCAAT-1,1,LHb,LHb,control,b8-lhb-m43_3,Oval/Medial
TAGGTTGCATTGAGCT-1,1,LHb,LHb,control,b8-lhb-m43_3,Oval/Medial
TATATCCCATGACGTT-1,9,LHb,LHb,control,b8-lhb-m43_3,Hbx
TATCAGGGTTAGTTCG-1,0,LHb,LHb,control,b8-lhb-m43_3,Oval/Medial
TATCGCCTCATGCGGC-1,1,LHb,LHb,control,b8-lhb-m43_3,Hbx
TATTCCAAGCCGATAG-1,1,LHb,LHb,control,b8-lhb-m43_3,Oval/Medial
TATTGGGCACCTGCTT-1,1,LHb,LHb,control,b8-lhb-m43_3,Oval/Medial
TCAAGACCAGACAAAT-1,1,LHb,LHb,control,b8-lhb-m43_3,Oval/Medial
TCAATCTCACTCGATA-1,1,LHb,LHb,control,b8-lhb-m43_3,Oval/Medial
TCAATTCGTGGACAGT-1,13,LHb,LHb,control,b8-lhb-m43_3,Hbx
TCACACCGTGAGAGGG-1,0,LHb,LHb,control,b8-lhb-m43_3,Oval/Medial
TCACACCTCCGTGTAA-1,1,LHb,LHb,control,b8-lhb-m43_3,Lateral
TCACATTAGAGCCATG-1,9,LHb,LHb,control,b8-lhb-m43_3,Marginal
TCACATTGTATTCTCT-1,1,LHb,LHb,control,b8-lhb-m43_3,Oval/Medial
TCACATTTCTATTTCG-1,1,LHb,LHb,control,b8-lhb-m43_3,Oval/Medial
TCACTATCACAAGTGG-1,9,LHb,LHb,control,b8-lhb-m43_3,Hbx
TCAGCAAGTCTGCATA-1,1,LHb,LHb,control,b8-lhb-m43_3,Oval/Medial
TCAGCCTTCTCAGGCG-1,1,LHb,LHb,control,b8-lhb-m43_3,Oval/Medial
TCAGGGCCAAGGGTCA-1,1,LHb,LHb,control,b8-lhb-m43_3,Oval/Medial
TCAGGGCTCCCATGGG-1,1,LHb,LHb,control,b8-lhb-m43_3,Oval/Medial
TCAGTCCGTCCAGCAC-1,9,LHb,LHb,control,b8-lhb-m43_3,Lateral
TCATACTTCGAACCTA-1,1,LHb,LHb,control,b8-lhb-m43_3,Oval/Medial
TCATATCTCTTAGCTT-1,1,LHb,LHb,control,b8-lhb-m43_3,Oval/Medial
TCATCATTCGCCGAAC-1,1,LHb,LHb,control,b8-lhb-m43_3,Lateral
TCATTACCAGAGATGC-1,1,LHb,LHb,control,b8-lhb-m43_3,Oval/Medial
TCATTACCATTCCTCG-1,1,LHb,LHb,control,b8-lhb-m43_3,Oval/Medial
TCATTACTCAAGCCTA-1,1,LHb,LHb,control,b8-lhb-m43_3,Oval/Medial
TCCACCAAGGGAGGTG-1,1,LHb,LHb,control,b8-lhb-m43_3,Lateral
TCCACGTGTGGCCCAT-1,9,LHb,LHb,control,b8-lhb-m43_3,Oval/Medial
TCCATCGAGTCATCGT-1,1,LHb,LHb,control,b8-lhb-m43_3,Oval/Medial
TCCATCGAGTGCACTT-1,9,LHb,LHb,control,b8-lhb-m43_3,Marginal
TCCATGCTCCAAGGGA-1,1,LHb,LHb,control,b8-lhb-m43_3,Oval/Medial
TCCCACAGTTCCGGTG-1,1,LHb,LHb,control,b8-lhb-m43_3,Oval/Medial
TCCCAGTAGAAGTATC-1,1,LHb,LHb,control,b8-lhb-m43_3,Oval/Medial
TCCGAAATCTGATGGT-1,1,LHb,LHb,control,b8-lhb-m43_3,Oval/Medial
TCCTCCCTCTTAGCTT-1,1,LHb,LHb,control,b8-lhb-m43_3,Oval/Medial
TCCTGCACAAGAGTTA-1,1,LHb,LHb,control,b8-lhb-m43_3,Oval/Medial
TCCTTCTCAATCGCCG-1,1,LHb,LHb,control,b8-lhb-m43_3,Hbx
TCGCACTGTGCGAACA-1,1,LHb,LHb,control,b8-lhb-m43_3,Oval/Medial
TCGCACTTCTAGCCTC-1,1,LHb,LHb,control,b8-lhb-m43_3,Lateral
TCGCTCAAGTAAACAC-1,1,LHb,LHb,control,b8-lhb-m43_3,Oval/Medial
TCGCTCACAGGGTCTC-1,1,LHb,LHb,control,b8-lhb-m43_3,Lateral
TCGGATAAGTTGCGAG-1,9,LHb,LHb,control,b8-lhb-m43_3,Marginal
TCGGTCTAGGAATGTT-1,1,LHb,LHb,control,b8-lhb-m43_3,Oval/Medial
TCGGTCTGTGAGACCA-1,1,LHb,LHb,control,b8-lhb-m43_3,Oval/Medial
TCGGTCTGTGTTCCTC-1,1,LHb,LHb,control,b8-lhb-m43_3,Hbx
TCGGTCTTCTACGCGG-1,1,LHb,LHb,control,b8-lhb-m43_3,Oval/Medial
TCGTGCTTCGGACCAC-1,1,LHb,LHb,control,b8-lhb-m43_3,Oval/Medial
TCGTGGGTCGTTCTGC-1,1,LHb,LHb,control,b8-lhb-m43_3,Hbx
TCTACATCAGCATACT-1,1,LHb,LHb,control,b8-lhb-m43_3,Oval/Medial
TCTCACGGTCGACTTA-1,1,LHb,LHb,control,b8-lhb-m43_3,Oval/Medial
TCTCAGCCACAAAGTA-1,1,LHb,LHb,control,b8-lhb-m43_3,Oval/Medial
TCTTTGACACAGGATG-1,1,LHb,LHb,control,b8-lhb-m43_3,Oval/Medial
TCTTTGAGTCACCGCA-1,1,LHb,LHb,control,b8-lhb-m43_3,Hbx
TCTTTGATCCGAGATT-1,1,LHb,LHb,control,b8-lhb-m43_3,Oval/Medial
TGAATCGCAGCAGTTT-1,1,LHb,LHb,control,b8-lhb-m43_3,Lateral
TGACGCGCAGGAGGTT-1,1,LHb,LHb,control,b8-lhb-m43_3,Oval/Medial
TGAGACTTCCGAGCTG-1,1,LHb,LHb,control,b8-lhb-m43_3,Oval/Medial
TGAGCATAGGCTCACC-1,9,LHb,LHb,control,b8-lhb-m43_3,Marginal
TGAGGAGGTGATATAG-1,1,LHb,LHb,control,b8-lhb-m43_3,Oval/Medial
TGAGGTTCATCAACCA-1,1,LHb,LHb,control,b8-lhb-m43_3,Oval/Medial
TGAGGTTGTGTCATGT-1,1,LHb,LHb,control,b8-lhb-m43_3,Oval/Medial
TGATCTTTCAGAGTGG-1,1,LHb,LHb,control,b8-lhb-m43_3,Hbx
TGATGCAAGACGACTG-1,1,LHb,LHb,control,b8-lhb-m43_3,Hbx
TGATTCTCATGTGGCC-1,1,LHb,LHb,control,b8-lhb-m43_3,Oval/Medial
TGATTCTTCCGCACGA-1,1,LHb,LHb,control,b8-lhb-m43_3,Oval/Medial
TGATTTCCACTCCACT-1,9,LHb,LHb,control,b8-lhb-m43_3,Marginal
TGCACGGGTAGCTCGC-1,1,LHb,LHb,control,b8-lhb-m43_3,Oval/Medial
TGCACGGTCCCTTGTG-1,1,LHb,LHb,control,b8-lhb-m43_3,Lateral
TGCAGGCGTATGAGCG-1,9,LHb,LHb,control,b8-lhb-m43_3,Marginal
TGCATCCTCATTCGTT-1,1,LHb,LHb,control,b8-lhb-m43_3,Oval/Medial
TGCATCCTCTGGAGAG-1,1,LHb,LHb,control,b8-lhb-m43_3,Oval/Medial
TGCGACGTCATTTCGT-1,1,LHb,LHb,control,b8-lhb-m43_3,Oval/Medial
TGCGGGTCAATTGAGA-1,9,LHb,LHb,control,b8-lhb-m43_3,Oval/Medial
TGCTCCAAGTGCTCAT-1,1,LHb,LHb,control,b8-lhb-m43_3,Oval/Medial
TGCTGAACACCAGTAT-1,1,LHb,LHb,control,b8-lhb-m43_3,Oval/Medial
TGCTTCGTCTGGGAGA-1,1,LHb,LHb,control,b8-lhb-m43_3,Oval/Medial
TGGAACTGTAATACCC-1,1,LHb,LHb,control,b8-lhb-m43_3,Oval/Medial
TGGAGAGCAGAACTTC-1,0,LHb,LHb,control,b8-lhb-m43_3,Marginal
TGGATCAGTCCGGTGT-1,9,LHb,LHb,control,b8-lhb-m43_3,Marginal
TGGATGTAGAGGTTAT-1,1,LHb,LHb,control,b8-lhb-m43_3,Oval/Medial
TGGGATTCACGACGCT-1,9,LHb,LHb,control,b8-lhb-m43_3,Marginal
TGGGCGTGTGTCCATA-1,1,LHb,LHb,control,b8-lhb-m43_3,Oval/Medial
TGGGCGTGTTTAGACC-1,1,LHb,LHb,control,b8-lhb-m43_3,Oval/Medial
TGGGCTGTCGGCTGAC-1,1,LHb,LHb,control,b8-lhb-m43_3,Oval/Medial
TGGGTTAGTCTTACTT-1,2,LHb,LHb,control,b8-lhb-m43_3,Marginal
TGGTGATAGGACAGCT-1,9,LHb,LHb,control,b8-lhb-m43_3,Marginal
TGGTTAGAGAATACAC-1,1,LHb,LHb,control,b8-lhb-m43_3,Oval/Medial
TGTAAGCGTAGCGTAG-1,1,LHb,LHb,control,b8-lhb-m43_3,Lateral
TGTAGACTCCAGTTCC-1,1,LHb,LHb,control,b8-lhb-m43_3,Oval/Medial
TGTGAGTTCTGGCCAG-1,1,LHb,LHb,control,b8-lhb-m43_3,Oval/Medial
TGTGATGCATATGCGT-1,9,LHb,LHb,control,b8-lhb-m43_3,Oval/Medial
TGTGTGATCGTGGGTC-1,9,LHb,LHb,control,b8-lhb-m43_3,Marginal
TGTTCATAGCGTCAAG-1,9,LHb,LHb,control,b8-lhb-m43_3,Marginal
TGTTCCGCACATCCCT-1,0,LHb,LHb,control,b8-lhb-m43_3,Hbx
TGTTCCGGTACGTGAG-1,1,LHb,LHb,control,b8-lhb-m43_3,Lateral
TGTTCTACACCATAAC-1,1,LHb,LHb,control,b8-lhb-m43_3,Oval/Medial
TGTTGAGCAGGTGTGA-1,1,LHb,LHb,control,b8-lhb-m43_3,Oval/Medial
TGTTTGTCATTACTCT-1,1,LHb,LHb,control,b8-lhb-m43_3,Oval/Medial
TTAATCCTCACTTATC-1,1,LHb,LHb,control,b8-lhb-m43_3,Oval/Medial
TTAATCCTCTACCACC-1,1,LHb,LHb,control,b8-lhb-m43_3,Oval/Medial
TTACGCCAGCTTGTTG-1,1,LHb,LHb,control,b8-lhb-m43_3,Oval/Medial
TTACGCCTCTCTCAAT-1,1,LHb,LHb,control,b8-lhb-m43_3,Hbx
TTACGTTTCAGCGCAC-1,1,LHb,LHb,control,b8-lhb-m43_3,Hbx
TTAGGCACAGCCTATA-1,1,LHb,LHb,control,b8-lhb-m43_3,Lateral
TTAGGCAGTTGTGTTG-1,1,LHb,LHb,control,b8-lhb-m43_3,Oval/Medial
TTCACCGAGGGCAGAG-1,9,LHb,LHb,control,b8-lhb-m43_3,Marginal
TTCCACGTCTTAAGGC-1,9,LHb,LHb,control,b8-lhb-m43_3,Marginal
TTCCGGTCACGACGAA-1,1,LHb,LHb,control,b8-lhb-m43_3,Oval/Medial
TTCCGTGAGACCTCAT-1,9,LHb,LHb,control,b8-lhb-m43_3,Oval/Medial
TTCCTAATCCCAATAG-1,1,LHb,LHb,control,b8-lhb-m43_3,Oval/Medial
TTCTCTCAGGTACTGG-1,1,LHb,LHb,control,b8-lhb-m43_3,Oval/Medial
TTGAACGGTTATCTTC-1,1,LHb,LHb,control,b8-lhb-m43_3,Hbx
TTGAACGTCTTGCGCT-1,9,LHb,LHb,control,b8-lhb-m43_3,Marginal
TTGATGGTCCGTCACT-1,1,LHb,LHb,control,b8-lhb-m43_3,Oval/Medial
TTGCATTCAATGGGTG-1,1,LHb,LHb,control,b8-lhb-m43_3,Oval/Medial
TTGCATTGTGCATGTT-1,1,LHb,LHb,control,b8-lhb-m43_3,Oval/Medial
TTGCATTTCTACTGCC-1,1,LHb,LHb,control,b8-lhb-m43_3,Oval/Medial
TTGCGTCCAAACGGCA-1,1,LHb,LHb,control,b8-lhb-m43_3,Lateral
TTGGGCGGTACAGAGC-1,1,LHb,LHb,control,b8-lhb-m43_3,Oval/Medial
TTGGGCGTCAGACAAA-1,1,LHb,LHb,control,b8-lhb-m43_3,Oval/Medial
TTGGGCGTCCCGAACG-1,1,LHb,LHb,control,b8-lhb-m43_3,Lateral
TTGGGTAAGATTAGTG-1,9,LHb,LHb,control,b8-lhb-m43_3,Marginal
TTGTTTGCAATGCAAA-1,1,LHb,LHb,control,b8-lhb-m43_3,Oval/Medial
TTGTTTGGTATGTGTC-1,1,LHb,LHb,control,b8-lhb-m43_3,Oval/Medial
TTTACTGAGTGGTTCT-1,1,LHb,LHb,control,b8-lhb-m43_3,Oval/Medial
TTTCACAGTAGTGCGA-1,1,LHb,LHb,control,b8-lhb-m43_3,Oval/Medial
TTTCCTCCATGTACGT-1,1,LHb,LHb,control,b8-lhb-m43_3,Oval/Medial
TTTCGATTCGAGAAGC-1,1,LHb,LHb,control,b8-lhb-m43_3,Hbx
TTTGATCAGGCACTCC-1,9,LHb,LHb,control,b8-lhb-m43_3,Marginal
TTTGATCGTGAACGGT-1,1,LHb,LHb,control,b8-lhb-m43_3,Oval/Medial
TTTGGTTCAATGGCCC-1,9,LHb,LHb,control,b8-lhb-m43_3,Oval/Medial
TTTGGTTCAGAAGCGT-1,1,LHb,LHb,control,b8-lhb-m43_3,Oval/Medial
TTTGGTTTCCGACGGT-1,1,LHb,LHb,control,b8-lhb-m43_3,Oval/Medial
AAACCCACAAGCGCAA-1,9,LHb,LHb,susceptible,c7-lhb-m08_5,Marginal
AAACCCAGTGCATGTT-1,9,LHb,LHb,susceptible,c7-lhb-m08_5,Marginal
AAACGCTCACGTAGTT-1,1,LHb,LHb,susceptible,c7-lhb-m08_5,Oval/Medial
AAAGAACCAATACAGA-1,1,LHb,LHb,susceptible,c7-lhb-m08_5,Oval/Medial
AAAGAACTCACTGGTA-1,1,LHb,LHb,susceptible,c7-lhb-m08_5,Oval/Medial
AAAGGTACATGACTTG-1,9,LHb,LHb,susceptible,c7-lhb-m08_5,Oval/Medial
AAAGTCCAGCTGAGTG-1,1,LHb,LHb,susceptible,c7-lhb-m08_5,Lateral
AAAGTCCAGTCGGGAT-1,1,LHb,LHb,susceptible,c7-lhb-m08_5,Oval/Medial
AACAAGATCCGCAACG-1,1,LHb,LHb,susceptible,c7-lhb-m08_5,Oval/Medial
AACCACACACTTGTGA-1,9,LHb,LHb,susceptible,c7-lhb-m08_5,Marginal
AACGTCACAGCTATAC-1,1,LHb,LHb,susceptible,c7-lhb-m08_5,Oval/Medial
AACTTCTCAACTGATC-1,1,LHb,LHb,susceptible,c7-lhb-m08_5,Oval/Medial
AACTTCTGTAGCTGCC-1,1,LHb,LHb,susceptible,c7-lhb-m08_5,Lateral
AAGACTCAGCTCTTCC-1,1,LHb,LHb,susceptible,c7-lhb-m08_5,Oval/Medial
AAGCCATGTCGATGCC-1,9,LHb,LHb,susceptible,c7-lhb-m08_5,Marginal
AAGCGAGAGAGCGACT-1,1,LHb,LHb,susceptible,c7-lhb-m08_5,Oval/Medial
AAGCGTTAGTTGTCGT-1,9,LHb,LHb,susceptible,c7-lhb-m08_5,Marginal
AAGCGTTCAATACCCA-1,1,LHb,LHb,susceptible,c7-lhb-m08_5,Oval/Medial
AAGGAATAGAAGGTAG-1,1,LHb,LHb,susceptible,c7-lhb-m08_5,Oval/Medial
AAGGTAAAGAAACACT-1,1,LHb,LHb,susceptible,c7-lhb-m08_5,Lateral
AATCGTGTCGCTGTTC-1,1,LHb,LHb,susceptible,c7-lhb-m08_5,Oval/Medial
AATGAAGAGACTTGTC-1,1,LHb,LHb,susceptible,c7-lhb-m08_5,Oval/Medial
AATGAAGTCCTCGCAT-1,1,LHb,LHb,susceptible,c7-lhb-m08_5,Oval/Medial
AATGACCGTTCATCTT-1,1,LHb,LHb,susceptible,c7-lhb-m08_5,Oval/Medial
AATGACCTCATTTGTC-1,1,LHb,LHb,susceptible,c7-lhb-m08_5,Oval/Medial
AATTTCCAGTCCCAAT-1,1,LHb,LHb,susceptible,c7-lhb-m08_5,Hbx
ACAAAGAGTAACATGA-1,1,LHb,LHb,susceptible,c7-lhb-m08_5,Oval/Medial
ACAACCAAGTAAACGT-1,1,LHb,LHb,susceptible,c7-lhb-m08_5,Oval/Medial
ACACAGTGTTGAGAGC-1,1,LHb,LHb,susceptible,c7-lhb-m08_5,Hbx
ACACCAAAGGCTTAGG-1,1,LHb,LHb,susceptible,c7-lhb-m08_5,Oval/Medial
ACACTGAGTGTTCCTC-1,9,LHb,LHb,susceptible,c7-lhb-m08_5,Marginal
ACAGAAATCGCTACAA-1,1,LHb,LHb,susceptible,c7-lhb-m08_5,Oval/Medial
ACAGCCGCAACTCCAA-1,1,LHb,LHb,susceptible,c7-lhb-m08_5,Oval/Medial
ACATGCATCTATCCAT-1,1,LHb,LHb,susceptible,c7-lhb-m08_5,Oval/Medial
ACCACAACAGGAAGTC-1,1,LHb,LHb,susceptible,c7-lhb-m08_5,Oval/Medial
ACCCAAATCGCGTTTC-1,1,LHb,LHb,susceptible,c7-lhb-m08_5,Oval/Medial
ACCCTCAGTCTGTGTA-1,1,LHb,LHb,susceptible,c7-lhb-m08_5,Oval/Medial
ACCTGTCCACTTCCTG-1,1,LHb,LHb,susceptible,c7-lhb-m08_5,Oval/Medial
ACGCACGGTAGTTACC-1,9,LHb,LHb,susceptible,c7-lhb-m08_5,Marginal
ACGGTCGTCACCTGGG-1,1,LHb,LHb,susceptible,c7-lhb-m08_5,Oval/Medial
ACGGTTACAGAGGGTT-1,1,LHb,LHb,susceptible,c7-lhb-m08_5,Oval/Medial
ACGTTCCTCACAAGAA-1,9,LHb,LHb,susceptible,c7-lhb-m08_5,Marginal
ACTATGGGTATCAGGG-1,1,LHb,LHb,susceptible,c7-lhb-m08_5,Oval/Medial
ACTATGGGTATCGCTA-1,1,LHb,LHb,susceptible,c7-lhb-m08_5,Oval/Medial
ACTCCCACACGCGTGT-1,1,LHb,LHb,susceptible,c7-lhb-m08_5,Oval/Medial
ACTGATGAGATGCTTC-1,1,LHb,LHb,susceptible,c7-lhb-m08_5,Oval/Medial
ACTGATGCACTATGTG-1,1,LHb,LHb,susceptible,c7-lhb-m08_5,Oval/Medial
ACTGCAATCAGAGCGA-1,1,LHb,LHb,susceptible,c7-lhb-m08_5,Oval/Medial
ACTTATCTCAGTCACA-1,1,LHb,LHb,susceptible,c7-lhb-m08_5,Oval/Medial
ACTTCGCGTAAGAACT-1,1,LHb,LHb,susceptible,c7-lhb-m08_5,Oval/Medial
ACTTTCACACCACATA-1,1,LHb,LHb,susceptible,c7-lhb-m08_5,Oval/Medial
ACTTTGTAGCACGTCC-1,1,LHb,LHb,susceptible,c7-lhb-m08_5,Oval/Medial
AGAACAAAGCGCATCC-1,9,LHb,LHb,susceptible,c7-lhb-m08_5,Oval/Medial
AGAACCTGTCGTTGCG-1,9,LHb,LHb,susceptible,c7-lhb-m08_5,Marginal
AGAACCTTCGCCAATA-1,1,LHb,LHb,susceptible,c7-lhb-m08_5,Oval/Medial
AGACACTAGTCAGGGT-1,1,LHb,LHb,susceptible,c7-lhb-m08_5,Oval/Medial
AGACACTGTCAAAGTA-1,9,LHb,LHb,susceptible,c7-lhb-m08_5,Marginal
AGACAGGGTCAGGTAG-1,9,LHb,LHb,susceptible,c7-lhb-m08_5,Oval/Medial
AGACCCGAGTAGCATA-1,1,LHb,LHb,susceptible,c7-lhb-m08_5,Oval/Medial
AGACTCATCTACGGTA-1,1,LHb,LHb,susceptible,c7-lhb-m08_5,Hbx
AGAGAATGTCTCGCGA-1,9,LHb,LHb,susceptible,c7-lhb-m08_5,Marginal
AGAGAATTCCTAGCGG-1,1,LHb,LHb,susceptible,c7-lhb-m08_5,Oval/Medial
AGATAGATCCTGTAAG-1,1,LHb,LHb,susceptible,c7-lhb-m08_5,Lateral
AGATCCAAGCGCCGTT-1,1,LHb,LHb,susceptible,c7-lhb-m08_5,Oval/Medial
AGCCACGTCCACGGGT-1,1,LHb,LHb,susceptible,c7-lhb-m08_5,Oval/Medial
AGCCAGCGTCCCAAAT-1,1,LHb,LHb,susceptible,c7-lhb-m08_5,Oval/Medial
AGCCAGCTCGAGCTGC-1,1,LHb,LHb,susceptible,c7-lhb-m08_5,Oval/Medial
AGCGCCATCTCCGAAA-1,1,LHb,LHb,susceptible,c7-lhb-m08_5,Oval/Medial
AGCGCTGCAGAAGTGC-1,1,LHb,LHb,susceptible,c7-lhb-m08_5,Lateral
AGGATAAAGTGATAGT-1,1,LHb,LHb,susceptible,c7-lhb-m08_5,Oval/Medial
AGGGCCTCATGACGGA-1,1,LHb,LHb,susceptible,c7-lhb-m08_5,Oval/Medial
AGGTCATAGGGCAATC-1,1,LHb,LHb,susceptible,c7-lhb-m08_5,Oval/Medial
AGGTTGTGTTGGAGAC-1,1,LHb,LHb,susceptible,c7-lhb-m08_5,Oval/Medial
AGTAACCAGCTAAATG-1,1,LHb,LHb,susceptible,c7-lhb-m08_5,Lateral
AGTAGTCGTATCGAAA-1,1,LHb,LHb,susceptible,c7-lhb-m08_5,Oval/Medial
AGTCTCCCAGATAAAC-1,9,LHb,LHb,susceptible,c7-lhb-m08_5,Marginal
AGTGACTAGGCCTTGC-1,1,LHb,LHb,susceptible,c7-lhb-m08_5,Lateral
AGTTCCCGTGAAAGTT-1,1,LHb,LHb,susceptible,c7-lhb-m08_5,Oval/Medial
AGTTCCCTCTTCGGAA-1,1,LHb,LHb,susceptible,c7-lhb-m08_5,Oval/Medial
ATACTTCAGGCGCTTC-1,9,LHb,LHb,susceptible,c7-lhb-m08_5,Marginal
ATAGACCGTGCTTATG-1,1,LHb,LHb,susceptible,c7-lhb-m08_5,Oval/Medial
ATAGGCTAGTACTGTC-1,1,LHb,LHb,susceptible,c7-lhb-m08_5,Lateral
ATCACGATCCGTGGCA-1,1,LHb,LHb,susceptible,c7-lhb-m08_5,Oval/Medial
ATCATTCGTCAAATCC-1,1,LHb,LHb,susceptible,c7-lhb-m08_5,Oval/Medial
ATCCATTCAAGCGCAA-1,1,LHb,LHb,susceptible,c7-lhb-m08_5,Oval/Medial
ATCCCTGGTCGCTGCA-1,1,LHb,LHb,susceptible,c7-lhb-m08_5,Oval/Medial
ATCGATGCAAGCGCAA-1,1,LHb,LHb,susceptible,c7-lhb-m08_5,Oval/Medial
ATCGGCGCATTCTCTA-1,9,LHb,LHb,susceptible,c7-lhb-m08_5,Marginal
ATCGGCGGTATCGCTA-1,1,LHb,LHb,susceptible,c7-lhb-m08_5,Oval/Medial
ATCGTAGCATTCATCT-1,9,LHb,LHb,susceptible,c7-lhb-m08_5,Marginal
ATCGTGAGTCGCCTAG-1,1,LHb,LHb,susceptible,c7-lhb-m08_5,Oval/Medial
ATCTTCATCACTTTGT-1,1,LHb,LHb,susceptible,c7-lhb-m08_5,Oval/Medial
ATGATCGAGCTGTTAC-1,1,LHb,LHb,susceptible,c7-lhb-m08_5,Oval/Medial
ATGCCTCCAAACCGGA-1,1,LHb,LHb,susceptible,c7-lhb-m08_5,Oval/Medial
ATGCGATCACCGTCTT-1,1,LHb,LHb,susceptible,c7-lhb-m08_5,Oval/Medial
ATGTCCCGTAGATGTA-1,1,LHb,LHb,susceptible,c7-lhb-m08_5,Oval/Medial
ATGTCTTCACGTCGTG-1,1,LHb,LHb,susceptible,c7-lhb-m08_5,Oval/Medial
ATTGTTCCAGATCCTA-1,9,LHb,LHb,susceptible,c7-lhb-m08_5,Marginal
ATTTACCGTTATAGCC-1,1,LHb,LHb,susceptible,c7-lhb-m08_5,Oval/Medial
ATTTCTGGTACAGTTC-1,1,LHb,LHb,susceptible,c7-lhb-m08_5,Oval/Medial
ATTTCTGTCATTACCT-1,1,LHb,LHb,susceptible,c7-lhb-m08_5,Oval/Medial
CAAAGAATCTACACTT-1,1,LHb,LHb,susceptible,c7-lhb-m08_5,Oval/Medial
CAAAGAATCTGAGCAT-1,1,LHb,LHb,susceptible,c7-lhb-m08_5,Oval/Medial
CAACAACCACGCACCA-1,1,LHb,LHb,susceptible,c7-lhb-m08_5,Oval/Medial
CAACGATAGATGACCG-1,1,LHb,LHb,susceptible,c7-lhb-m08_5,Oval/Medial
CAATGACGTTCACCGG-1,1,LHb,LHb,susceptible,c7-lhb-m08_5,Oval/Medial
CACACAAGTCTACATG-1,9,LHb,LHb,susceptible,c7-lhb-m08_5,Marginal
CACAGATGTCGAATGG-1,1,LHb,LHb,susceptible,c7-lhb-m08_5,Oval/Medial
CACCGTTCATCCGTTC-1,1,LHb,LHb,susceptible,c7-lhb-m08_5,Oval/Medial
CACGAATGTGTCCCTT-1,1,LHb,LHb,susceptible,c7-lhb-m08_5,Oval/Medial
CACTGTCTCAGTAGGG-1,1,LHb,LHb,susceptible,c7-lhb-m08_5,Oval/Medial
CACTTCGCACAATCTG-1,9,LHb,LHb,susceptible,c7-lhb-m08_5,Marginal
CAGAGCCCAATTTCTC-1,9,LHb,LHb,susceptible,c7-lhb-m08_5,Marginal
CAGATCAAGGGAGGGT-1,9,LHb,LHb,susceptible,c7-lhb-m08_5,Marginal
CAGATTGCACTGGCGT-1,1,LHb,LHb,susceptible,c7-lhb-m08_5,Oval/Medial
CAGCAGCCATTGGGAG-1,1,LHb,LHb,susceptible,c7-lhb-m08_5,Lateral
CAGTGCGCATTCATCT-1,9,LHb,LHb,susceptible,c7-lhb-m08_5,Marginal
CAGTGCGTCGGACGTC-1,9,LHb,LHb,susceptible,c7-lhb-m08_5,Marginal
CATACCCCAGTCGTTA-1,9,LHb,LHb,susceptible,c7-lhb-m08_5,Marginal
CATACTTCATCCGCGA-1,1,LHb,LHb,susceptible,c7-lhb-m08_5,Oval/Medial
CATCCCACACACCGCA-1,1,LHb,LHb,susceptible,c7-lhb-m08_5,Oval/Medial
CATCGCTTCCATCACC-1,1,LHb,LHb,susceptible,c7-lhb-m08_5,Oval/Medial
CATCGGGAGTTTGCTG-1,1,LHb,LHb,susceptible,c7-lhb-m08_5,Oval/Medial
CATGCTCAGTGGCGAT-1,9,LHb,LHb,susceptible,c7-lhb-m08_5,Marginal
CATGGATAGTTCATCG-1,9,LHb,LHb,susceptible,c7-lhb-m08_5,Oval/Medial
CATGGATTCTAGGAAA-1,1,LHb,LHb,susceptible,c7-lhb-m08_5,Oval/Medial
CATGGTAAGCTGAGCA-1,1,LHb,LHb,susceptible,c7-lhb-m08_5,Oval/Medial
CATTCATAGGGTCTTT-1,1,LHb,LHb,susceptible,c7-lhb-m08_5,Oval/Medial
CATTCATAGGTCATAA-1,1,LHb,LHb,susceptible,c7-lhb-m08_5,Oval/Medial
CATTCATGTCAACCTA-1,1,LHb,LHb,susceptible,c7-lhb-m08_5,Lateral
CATTCCGGTACGCTTA-1,9,LHb,LHb,susceptible,c7-lhb-m08_5,Marginal
CATTGAGTCGCAAGAG-1,1,LHb,LHb,susceptible,c7-lhb-m08_5,Oval/Medial
CATTGCCCACCAATTG-1,1,LHb,LHb,susceptible,c7-lhb-m08_5,Oval/Medial
CATTGTTAGGAAGTGA-1,1,LHb,LHb,susceptible,c7-lhb-m08_5,Oval/Medial
CATTTCAGTGTGCTTA-1,1,LHb,LHb,susceptible,c7-lhb-m08_5,Oval/Medial
CCAATTTGTATTGACC-1,9,LHb,LHb,susceptible,c7-lhb-m08_5,Marginal
CCCAACTAGCAGTCTT-1,1,LHb,LHb,susceptible,c7-lhb-m08_5,Oval/Medial
CCCAACTTCGCATGAT-1,1,LHb,LHb,susceptible,c7-lhb-m08_5,Oval/Medial
CCCATTGGTTCATCGA-1,1,LHb,LHb,susceptible,c7-lhb-m08_5,Oval/Medial
CCCGGAAAGATCCAAA-1,1,LHb,LHb,susceptible,c7-lhb-m08_5,Oval/Medial
CCCTAACTCCGTATAG-1,1,LHb,LHb,susceptible,c7-lhb-m08_5,Oval/Medial
CCCTCAAAGCGTGCCT-1,1,LHb,LHb,susceptible,c7-lhb-m08_5,Oval/Medial
CCCTTAGCAGTTCACA-1,9,LHb,LHb,susceptible,c7-lhb-m08_5,Marginal
CCGAACGTCGACACCG-1,9,LHb,LHb,susceptible,c7-lhb-m08_5,Marginal
CCGGTAGTCGAGCTGC-1,9,LHb,LHb,susceptible,c7-lhb-m08_5,Marginal
CCGTGAGGTTAGGCCC-1,1,LHb,LHb,susceptible,c7-lhb-m08_5,Oval/Medial
CCGTGAGTCGGTCTGG-1,1,LHb,LHb,susceptible,c7-lhb-m08_5,Oval/Medial
CCTAACCTCACGAACT-1,9,LHb,LHb,susceptible,c7-lhb-m08_5,Marginal
CCTAACCTCGACCAAT-1,1,LHb,LHb,susceptible,c7-lhb-m08_5,Oval/Medial
CCTAAGACAGAGAAAG-1,1,LHb,LHb,susceptible,c7-lhb-m08_5,Lateral
CCTAAGAGTGGTGATG-1,1,LHb,LHb,susceptible,c7-lhb-m08_5,Oval/Medial
CCTATCGCAATCCTTT-1,1,LHb,LHb,susceptible,c7-lhb-m08_5,Oval/Medial
CCTCAGTAGGATGTTA-1,1,LHb,LHb,susceptible,c7-lhb-m08_5,Oval/Medial
CCTCAGTCACTGTGTA-1,9,LHb,LHb,susceptible,c7-lhb-m08_5,Marginal
CCTGCATTCGAACCAT-1,1,LHb,LHb,susceptible,c7-lhb-m08_5,Oval/Medial
CCTTGTGAGATGGTCG-1,1,LHb,LHb,susceptible,c7-lhb-m08_5,Oval/Medial
CCTTGTGGTAACCAGG-1,1,LHb,LHb,susceptible,c7-lhb-m08_5,Oval/Medial
CCTTTGGTCCCTGTTG-1,1,LHb,LHb,susceptible,c7-lhb-m08_5,Oval/Medial
CGACAGCCATGTTTGG-1,9,LHb,LHb,susceptible,c7-lhb-m08_5,Marginal
CGACAGCGTTCCTAAG-1,1,LHb,LHb,susceptible,c7-lhb-m08_5,Oval/Medial
CGAGGCTGTGGTATGG-1,1,LHb,LHb,susceptible,c7-lhb-m08_5,Oval/Medial
CGATCGGTCCGTATGA-1,1,LHb,LHb,susceptible,c7-lhb-m08_5,Oval/Medial
CGCATAATCACTGATG-1,1,LHb,LHb,susceptible,c7-lhb-m08_5,Oval/Medial
CGCCAGAAGTCGCTAT-1,1,LHb,LHb,susceptible,c7-lhb-m08_5,Oval/Medial
CGCGTGAGTTCCAAAC-1,1,LHb,LHb,susceptible,c7-lhb-m08_5,Oval/Medial
CGGACACAGATACGAT-1,1,LHb,LHb,susceptible,c7-lhb-m08_5,Lateral
CGGACACAGCCTCACG-1,1,LHb,LHb,susceptible,c7-lhb-m08_5,Oval/Medial
CGGACACTCTCACTCG-1,9,LHb,LHb,susceptible,c7-lhb-m08_5,Marginal
CGGCAGTCACCGCTGA-1,1,LHb,LHb,susceptible,c7-lhb-m08_5,Oval/Medial
CGGCAGTGTCCACTCT-1,1,LHb,LHb,susceptible,c7-lhb-m08_5,Oval/Medial
CGGGCATAGTAGTCTC-1,1,LHb,LHb,susceptible,c7-lhb-m08_5,Oval/Medial
CGGGTGTGTATGGTTC-1,1,LHb,LHb,susceptible,c7-lhb-m08_5,Oval/Medial
CGGGTGTGTCTGTGCG-1,1,LHb,LHb,susceptible,c7-lhb-m08_5,Oval/Medial
CGGTCAGAGAATCTAG-1,0,LHb,LHb,susceptible,c7-lhb-m08_5,Hbx
CGTAATGTCCTCACCA-1,9,LHb,LHb,susceptible,c7-lhb-m08_5,Marginal
CGTCCATAGACACACG-1,1,LHb,LHb,susceptible,c7-lhb-m08_5,Oval/Medial
CGTTCTGAGCTAGAAT-1,1,LHb,LHb,susceptible,c7-lhb-m08_5,Oval/Medial
CGTTGGGGTATCGTTG-1,1,LHb,LHb,susceptible,c7-lhb-m08_5,Oval/Medial
CTAACTTGTACGAAAT-1,1,LHb,LHb,susceptible,c7-lhb-m08_5,Oval/Medial
CTACATTGTTGTGGAG-1,1,LHb,LHb,susceptible,c7-lhb-m08_5,Oval/Medial
CTACCCAGTGAGATAT-1,1,LHb,LHb,susceptible,c7-lhb-m08_5,Oval/Medial
CTACCTGCAAGCGGAT-1,9,LHb,LHb,susceptible,c7-lhb-m08_5,Marginal
CTACCTGCAATCAAGA-1,1,LHb,LHb,susceptible,c7-lhb-m08_5,Oval/Medial
CTACGGGCAGGCGATA-1,1,LHb,LHb,susceptible,c7-lhb-m08_5,Oval/Medial
CTAGACAGTCAGTCTA-1,4,LHb,LHb,susceptible,c7-lhb-m08_5,Marginal
CTAGGTACATGTGGCC-1,1,LHb,LHb,susceptible,c7-lhb-m08_5,Oval/Medial
CTATCTATCCGACGGT-1,1,LHb,LHb,susceptible,c7-lhb-m08_5,Oval/Medial
CTCAAGAAGTAACGTA-1,1,LHb,LHb,susceptible,c7-lhb-m08_5,Oval/Medial
CTCACTGTCGCCAACG-1,1,LHb,LHb,susceptible,c7-lhb-m08_5,Oval/Medial
CTCAGGGCACTGCACG-1,1,LHb,LHb,susceptible,c7-lhb-m08_5,Oval/Medial
CTCATGCGTCCCTGTT-1,1,LHb,LHb,susceptible,c7-lhb-m08_5,Lateral
CTCATTAAGCTAAGTA-1,1,LHb,LHb,susceptible,c7-lhb-m08_5,Hbx
CTCCGATGTACGATTC-1,9,LHb,LHb,susceptible,c7-lhb-m08_5,Marginal
CTCTCGATCTACCTTA-1,9,LHb,LHb,susceptible,c7-lhb-m08_5,Marginal
CTCTGGTTCTCTATGT-1,1,LHb,LHb,susceptible,c7-lhb-m08_5,Oval/Medial
CTGAATGAGACCCGCT-1,1,LHb,LHb,susceptible,c7-lhb-m08_5,Oval/Medial
CTGAATGAGCTGACAG-1,1,LHb,LHb,susceptible,c7-lhb-m08_5,Oval/Medial
CTGAGGCCAAGAGAGA-1,1,LHb,LHb,susceptible,c7-lhb-m08_5,Oval/Medial
CTGAGGCTCGACGAGA-1,1,LHb,LHb,susceptible,c7-lhb-m08_5,Oval/Medial
CTGATCCGTGCCTATA-1,1,LHb,LHb,susceptible,c7-lhb-m08_5,Oval/Medial
CTGATCCGTTAAGACA-1,9,LHb,LHb,susceptible,c7-lhb-m08_5,Oval/Medial
CTGCAGGCAACCGACC-1,9,LHb,LHb,susceptible,c7-lhb-m08_5,Marginal
CTGCATCTCCGCATAA-1,9,LHb,LHb,susceptible,c7-lhb-m08_5,Marginal
CTGCCATAGGCACCAA-1,1,LHb,LHb,susceptible,c7-lhb-m08_5,Oval/Medial
CTGCCATAGTCATGGG-1,1,LHb,LHb,susceptible,c7-lhb-m08_5,Oval/Medial
CTGCTCACAGAGTTCT-1,1,LHb,LHb,susceptible,c7-lhb-m08_5,Oval/Medial
CTGCTCAGTAGCTTGT-1,1,LHb,LHb,susceptible,c7-lhb-m08_5,Oval/Medial
CTGCTCAGTTTGCCGG-1,1,LHb,LHb,susceptible,c7-lhb-m08_5,Oval/Medial
CTGCTCATCATGTCAG-1,1,LHb,LHb,susceptible,c7-lhb-m08_5,Oval/Medial
CTGGTCTCATGAGAAT-1,1,LHb,LHb,susceptible,c7-lhb-m08_5,Lateral
CTGTGAAAGATCGACG-1,1,LHb,LHb,susceptible,c7-lhb-m08_5,Oval/Medial
CTGTGGGAGGGTAATT-1,1,LHb,LHb,susceptible,c7-lhb-m08_5,Oval/Medial
CTTACCGTCGTCCTCA-1,1,LHb,LHb,susceptible,c7-lhb-m08_5,Oval/Medial
CTTCAATCAGTAGAAT-1,1,LHb,LHb,susceptible,c7-lhb-m08_5,Oval/Medial
CTTCCGACAGTAGGAC-1,1,LHb,LHb,susceptible,c7-lhb-m08_5,Oval/Medial
CTTCCTTAGCGCCTAC-1,1,LHb,LHb,susceptible,c7-lhb-m08_5,Oval/Medial
CTTCGGTTCAGCTTCC-1,1,LHb,LHb,susceptible,c7-lhb-m08_5,Oval/Medial
CTTCGGTTCCGAGATT-1,1,LHb,LHb,susceptible,c7-lhb-m08_5,Hbx
CTTTCAAAGCCTAGGA-1,1,LHb,LHb,susceptible,c7-lhb-m08_5,Oval/Medial
CTTTCGGCATTGACAC-1,1,LHb,LHb,susceptible,c7-lhb-m08_5,Oval/Medial
GAAACCTCAACCTATG-1,1,LHb,LHb,susceptible,c7-lhb-m08_5,Oval/Medial
GAAATGACACAAATAG-1,1,LHb,LHb,susceptible,c7-lhb-m08_5,Oval/Medial
GAACACTTCTGAGCAT-1,1,LHb,LHb,susceptible,c7-lhb-m08_5,Oval/Medial
GAACGTTAGGGTTAGC-1,1,LHb,LHb,susceptible,c7-lhb-m08_5,Oval/Medial
GAACGTTAGTAAGCAT-1,1,LHb,LHb,susceptible,c7-lhb-m08_5,Hbx
GAACGTTTCGCTAGCG-1,1,LHb,LHb,susceptible,c7-lhb-m08_5,Oval/Medial
GAAGCGAAGACGCATG-1,9,LHb,LHb,susceptible,c7-lhb-m08_5,Marginal
GAAGGACGTACTCGTA-1,1,LHb,LHb,susceptible,c7-lhb-m08_5,Oval/Medial
GAAGGGTGTCGGCTAC-1,1,LHb,LHb,susceptible,c7-lhb-m08_5,Oval/Medial
GAATAGAGTAAGGCTG-1,9,LHb,LHb,susceptible,c7-lhb-m08_5,Marginal
GACAGCCCAACCGTGC-1,1,LHb,LHb,susceptible,c7-lhb-m08_5,Oval/Medial
GACCAATAGATTGTGA-1,9,LHb,LHb,susceptible,c7-lhb-m08_5,Oval/Medial
GACCAATCAAGAGTAT-1,1,LHb,LHb,susceptible,c7-lhb-m08_5,Oval/Medial
GACCAATGTACCGGCT-1,1,LHb,LHb,susceptible,c7-lhb-m08_5,Oval/Medial
GACGCTGCATAACGGG-1,1,LHb,LHb,susceptible,c7-lhb-m08_5,Oval/Medial
GACGCTGGTCACTAGT-1,1,LHb,LHb,susceptible,c7-lhb-m08_5,Oval/Medial
GACGTTAAGCTAGTTC-1,1,LHb,LHb,susceptible,c7-lhb-m08_5,Oval/Medial
GACTATGCACACAGCC-1,0,LHb,LHb,susceptible,c7-lhb-m08_5,Oval/Medial
GACTGATCACTGCTTC-1,1,LHb,LHb,susceptible,c7-lhb-m08_5,Oval/Medial
GAGAAATAGTACTGGG-1,1,LHb,LHb,susceptible,c7-lhb-m08_5,Oval/Medial
GAGCTGCAGGCTCTAT-1,1,LHb,LHb,susceptible,c7-lhb-m08_5,Oval/Medial
GAGCTGCCAGCATTGT-1,1,LHb,LHb,susceptible,c7-lhb-m08_5,Oval/Medial
GAGGCAAGTTTAAGGA-1,1,LHb,LHb,susceptible,c7-lhb-m08_5,Oval/Medial
GAGGGATTCTCCCTAG-1,1,LHb,LHb,susceptible,c7-lhb-m08_5,Lateral
GAGTCTAAGATGACAT-1,1,LHb,LHb,susceptible,c7-lhb-m08_5,Oval/Medial
GAGTGTTAGAGGTCGT-1,1,LHb,LHb,susceptible,c7-lhb-m08_5,Oval/Medial
GAGTGTTTCATCCCGT-1,1,LHb,LHb,susceptible,c7-lhb-m08_5,Oval/Medial
GAGTTACTCAACGCTA-1,1,LHb,LHb,susceptible,c7-lhb-m08_5,Oval/Medial
GAGTTTGAGCGACTAG-1,1,LHb,LHb,susceptible,c7-lhb-m08_5,Oval/Medial
GATAGAAGTATTTCGG-1,1,LHb,LHb,susceptible,c7-lhb-m08_5,Oval/Medial
GATAGAATCCGCAAAT-1,1,LHb,LHb,susceptible,c7-lhb-m08_5,Oval/Medial
GATCACAAGGTCACTT-1,1,LHb,LHb,susceptible,c7-lhb-m08_5,Oval/Medial
GATCAGTTCTTCGTGC-1,1,LHb,LHb,susceptible,c7-lhb-m08_5,Oval/Medial
GATCATGGTCGTAATC-1,1,LHb,LHb,susceptible,c7-lhb-m08_5,Oval/Medial
GATCATGTCCGCTGTT-1,9,LHb,LHb,susceptible,c7-lhb-m08_5,Marginal
GATCCCTTCCAGTTCC-1,1,LHb,LHb,susceptible,c7-lhb-m08_5,Oval/Medial
GATCGTAGTCACGCTG-1,1,LHb,LHb,susceptible,c7-lhb-m08_5,Oval/Medial
GATGACTAGGTGCCTC-1,1,LHb,LHb,susceptible,c7-lhb-m08_5,Oval/Medial
GATGATCAGGCTCCCA-1,1,LHb,LHb,susceptible,c7-lhb-m08_5,Oval/Medial
GATTCGAAGCTACTAC-1,1,LHb,LHb,susceptible,c7-lhb-m08_5,Oval/Medial
GATTCTTGTAGACAGC-1,9,LHb,LHb,susceptible,c7-lhb-m08_5,Oval/Medial
GATTGGTCACTCCGGA-1,1,LHb,LHb,susceptible,c7-lhb-m08_5,Oval/Medial
GATTTCTCAATTCTCT-1,1,LHb,LHb,susceptible,c7-lhb-m08_5,Oval/Medial
GCAACATTCCCTTTGG-1,1,LHb,LHb,susceptible,c7-lhb-m08_5,Oval/Medial
GCAACATTCTTTGCTA-1,1,LHb,LHb,susceptible,c7-lhb-m08_5,Oval/Medial
GCACATAAGACTGAGC-1,1,LHb,LHb,susceptible,c7-lhb-m08_5,Oval/Medial
GCACGGTAGCTGTTAC-1,1,LHb,LHb,susceptible,c7-lhb-m08_5,Oval/Medial
GCAGCCAGTTAGTTCG-1,1,LHb,LHb,susceptible,c7-lhb-m08_5,Oval/Medial
GCAGCTGCACCCTGAG-1,9,LHb,LHb,susceptible,c7-lhb-m08_5,Marginal
GCAGCTGTCGGACTGC-1,9,LHb,LHb,susceptible,c7-lhb-m08_5,Marginal
GCAGGCTAGCGTGCTC-1,1,LHb,LHb,susceptible,c7-lhb-m08_5,Oval/Medial
GCATCTCAGATGTTAG-1,9,LHb,LHb,susceptible,c7-lhb-m08_5,Oval/Medial
GCCAGTGAGTCTGGAG-1,1,LHb,LHb,susceptible,c7-lhb-m08_5,Oval/Medial
GCCATGGTCCTAGCCT-1,9,LHb,LHb,susceptible,c7-lhb-m08_5,Marginal
GCCGATGCAGAACTAA-1,9,LHb,LHb,susceptible,c7-lhb-m08_5,Marginal
GCCGATGTCCATTGGA-1,2,LHb,LHb,susceptible,c7-lhb-m08_5,Marginal
GCGAGAAAGTAGTCCT-1,1,LHb,LHb,susceptible,c7-lhb-m08_5,Oval/Medial
GCGAGAAGTTAGGACG-1,1,LHb,LHb,susceptible,c7-lhb-m08_5,Oval/Medial
GCGGAAAGTGCACATT-1,9,LHb,LHb,susceptible,c7-lhb-m08_5,Marginal
GCGGATCCAAGCCTGC-1,1,LHb,LHb,susceptible,c7-lhb-m08_5,Oval/Medial
GCTACAACACCCATAA-1,9,LHb,LHb,susceptible,c7-lhb-m08_5,Marginal
GCTACCTGTCATCGGC-1,1,LHb,LHb,susceptible,c7-lhb-m08_5,Oval/Medial
GCTCAAAGTGTCATTG-1,1,LHb,LHb,susceptible,c7-lhb-m08_5,Hbx
GCTGAATGTCTTACTT-1,1,LHb,LHb,susceptible,c7-lhb-m08_5,Oval/Medial
GCTGCAGTCCCTTGTG-1,1,LHb,LHb,susceptible,c7-lhb-m08_5,Lateral
GGAATCTGTGAGTTTC-1,1,LHb,LHb,susceptible,c7-lhb-m08_5,Oval/Medial
GGACGTCTCACTGAAC-1,1,LHb,LHb,susceptible,c7-lhb-m08_5,Oval/Medial
GGATGTTCACCCAACG-1,9,LHb,LHb,susceptible,c7-lhb-m08_5,Marginal
GGATGTTGTCTACGTA-1,1,LHb,LHb,susceptible,c7-lhb-m08_5,Oval/Medial
GGCTGTGGTAGCGTTT-1,9,LHb,LHb,susceptible,c7-lhb-m08_5,Marginal
GGCTTGGCATGACTCA-1,9,LHb,LHb,susceptible,c7-lhb-m08_5,Marginal
GGCTTTCTCAGTGTTG-1,1,LHb,LHb,susceptible,c7-lhb-m08_5,Oval/Medial
GGGACAACAGACCAGA-1,1,LHb,LHb,susceptible,c7-lhb-m08_5,Oval/Medial
GGGACTCCATTCAGCA-1,1,LHb,LHb,susceptible,c7-lhb-m08_5,Oval/Medial
GGGAGATAGAACTCCT-1,1,LHb,LHb,susceptible,c7-lhb-m08_5,Oval/Medial
GGGAGTAGTTCCACGG-1,1,LHb,LHb,susceptible,c7-lhb-m08_5,Oval/Medial
GGGAGTATCTGCATAG-1,1,LHb,LHb,susceptible,c7-lhb-m08_5,Oval/Medial
GGGCCATCATGACTGT-1,1,LHb,LHb,susceptible,c7-lhb-m08_5,Oval/Medial
GGGCCATTCCACGTCT-1,1,LHb,LHb,susceptible,c7-lhb-m08_5,Oval/Medial
GGGCTCAAGACATAAC-1,1,LHb,LHb,susceptible,c7-lhb-m08_5,Oval/Medial
GGGTAGATCACGGGAA-1,1,LHb,LHb,susceptible,c7-lhb-m08_5,Oval/Medial
GGGTATTAGGTATTGA-1,9,LHb,LHb,susceptible,c7-lhb-m08_5,Oval/Medial
GGGTATTGTAGACTGG-1,1,LHb,LHb,susceptible,c7-lhb-m08_5,Oval/Medial
GGGTGAATCCACTTCG-1,1,LHb,LHb,susceptible,c7-lhb-m08_5,Oval/Medial
GGGTTATTCTTACGTT-1,9,LHb,LHb,susceptible,c7-lhb-m08_5,Marginal
GGTAATCTCTGTAAGC-1,1,LHb,LHb,susceptible,c7-lhb-m08_5,Oval/Medial
GGTCACGTCTGTCGCT-1,1,LHb,LHb,susceptible,c7-lhb-m08_5,Oval/Medial
GGTCTGGCATCGGATT-1,1,LHb,LHb,susceptible,c7-lhb-m08_5,Oval/Medial
GGTCTGGGTGATACCT-1,1,LHb,LHb,susceptible,c7-lhb-m08_5,Oval/Medial
GGTGAAGTCTTCTTCC-1,1,LHb,LHb,susceptible,c7-lhb-m08_5,Oval/Medial
GGTGATTTCTTGGTCC-1,9,LHb,LHb,susceptible,c7-lhb-m08_5,Marginal
GGTGGCTAGGAGGTTC-1,1,LHb,LHb,susceptible,c7-lhb-m08_5,Oval/Medial
GGTGTCGCACTCCGAG-1,1,LHb,LHb,susceptible,c7-lhb-m08_5,Oval/Medial
GTAACACCACGACGAA-1,1,LHb,LHb,susceptible,c7-lhb-m08_5,Oval/Medial
GTAATGCAGAAACCCG-1,1,LHb,LHb,susceptible,c7-lhb-m08_5,Oval/Medial
GTAGAAATCTGTCTCG-1,1,LHb,LHb,susceptible,c7-lhb-m08_5,Oval/Medial
GTAGCTAAGAGCAGCT-1,9,LHb,LHb,susceptible,c7-lhb-m08_5,Marginal
GTAGCTACACTTCAGA-1,1,LHb,LHb,susceptible,c7-lhb-m08_5,Oval/Medial
GTAGGTTGTTGTAAAG-1,1,LHb,LHb,susceptible,c7-lhb-m08_5,Oval/Medial
GTAGGTTTCAGCAGAG-1,1,LHb,LHb,susceptible,c7-lhb-m08_5,Oval/Medial
GTAGTACCAAGAGAGA-1,1,LHb,LHb,susceptible,c7-lhb-m08_5,Oval/Medial
GTATTGGGTTCGTACA-1,1,LHb,LHb,susceptible,c7-lhb-m08_5,Oval/Medial
GTATTTCCAGGTGGAT-1,1,LHb,LHb,susceptible,c7-lhb-m08_5,Oval/Medial
GTCACGGCATAACTCG-1,1,LHb,LHb,susceptible,c7-lhb-m08_5,Oval/Medial
GTCACGGTCAGTCACA-1,1,LHb,LHb,susceptible,c7-lhb-m08_5,Oval/Medial
GTCAGCGAGGTGCAGT-1,1,LHb,LHb,susceptible,c7-lhb-m08_5,Oval/Medial
GTCAGCGTCCGAGTGC-1,9,LHb,LHb,susceptible,c7-lhb-m08_5,Marginal
GTCAGCGTCTCGGTCT-1,1,LHb,LHb,susceptible,c7-lhb-m08_5,Oval/Medial
GTCATCCTCCACGTAA-1,1,LHb,LHb,susceptible,c7-lhb-m08_5,Oval/Medial
GTCCACTCAAACTCGT-1,1,LHb,LHb,susceptible,c7-lhb-m08_5,Oval/Medial
GTCCACTCAATAGGAT-1,1,LHb,LHb,susceptible,c7-lhb-m08_5,Lateral
GTCCACTGTCCACGCA-1,1,LHb,LHb,susceptible,c7-lhb-m08_5,Oval/Medial
GTCCTCACAATCCTAG-1,1,LHb,LHb,susceptible,c7-lhb-m08_5,Oval/Medial
GTCGAATAGGCCTAAG-1,1,LHb,LHb,susceptible,c7-lhb-m08_5,Oval/Medial
GTCGAATGTACGTAGG-1,1,LHb,LHb,susceptible,c7-lhb-m08_5,Oval/Medial
GTCGAATGTTACCCTC-1,1,LHb,LHb,susceptible,c7-lhb-m08_5,Oval/Medial
GTCGAATTCACCTCAC-1,9,LHb,LHb,susceptible,c7-lhb-m08_5,Oval/Medial
GTCGTTCAGTCCGTCG-1,9,LHb,LHb,susceptible,c7-lhb-m08_5,Oval/Medial
GTCGTTCCATGTTACG-1,1,LHb,LHb,susceptible,c7-lhb-m08_5,Oval/Medial
GTGCAGCAGGAATGTT-1,1,LHb,LHb,susceptible,c7-lhb-m08_5,Oval/Medial
GTGCTGGAGAGTCAAT-1,9,LHb,LHb,susceptible,c7-lhb-m08_5,Marginal
GTGCTGGAGGTTGGAC-1,9,LHb,LHb,susceptible,c7-lhb-m08_5,Marginal
GTGGAAGCACATATGC-1,1,LHb,LHb,susceptible,c7-lhb-m08_5,Oval/Medial
GTGGAAGGTTGTAAAG-1,1,LHb,LHb,susceptible,c7-lhb-m08_5,Lateral
GTGGAGAAGAGTATAC-1,1,LHb,LHb,susceptible,c7-lhb-m08_5,Oval/Medial
GTGGGAAAGACATCAA-1,9,LHb,LHb,susceptible,c7-lhb-m08_5,Marginal
GTGGGAAAGCTGAAGC-1,1,LHb,LHb,susceptible,c7-lhb-m08_5,Oval/Medial
GTGGGAACAACCGACC-1,1,LHb,LHb,susceptible,c7-lhb-m08_5,Oval/Medial
GTGTCCTAGGTTGAGC-1,1,LHb,LHb,susceptible,c7-lhb-m08_5,Oval/Medial
GTGTGATCAAACCACT-1,9,LHb,LHb,susceptible,c7-lhb-m08_5,Marginal
GTGTGGCAGTAGAATC-1,1,LHb,LHb,susceptible,c7-lhb-m08_5,Oval/Medial
GTTATGGGTAGCGTCC-1,1,LHb,LHb,susceptible,c7-lhb-m08_5,Oval/Medial
GTTCATTCACACCTAA-1,1,LHb,LHb,susceptible,c7-lhb-m08_5,Oval/Medial
GTTCATTTCGGAGTAG-1,1,LHb,LHb,susceptible,c7-lhb-m08_5,Oval/Medial
GTTCGCTTCCTGCTAC-1,1,LHb,LHb,susceptible,c7-lhb-m08_5,Oval/Medial
GTTGTCCCACGCCAGT-1,1,LHb,LHb,susceptible,c7-lhb-m08_5,Oval/Medial
GTTTGGACAGACGGAT-1,1,LHb,LHb,susceptible,c7-lhb-m08_5,Oval/Medial
GTTTGGACATAGTCAC-1,1,LHb,LHb,susceptible,c7-lhb-m08_5,Oval/Medial
TAACGACGTTCGGACC-1,1,LHb,LHb,susceptible,c7-lhb-m08_5,Oval/Medial
TAAGTCGAGTAAAGCT-1,1,LHb,LHb,susceptible,c7-lhb-m08_5,Oval/Medial
TAATCTCCAGCGTATT-1,1,LHb,LHb,susceptible,c7-lhb-m08_5,Oval/Medial
TACAACGGTCGCCTAG-1,1,LHb,LHb,susceptible,c7-lhb-m08_5,Oval/Medial
TACATTCGTGCTCGTG-1,1,LHb,LHb,susceptible,c7-lhb-m08_5,Oval/Medial
TACCCGTCAATCCTAG-1,1,LHb,LHb,susceptible,c7-lhb-m08_5,Oval/Medial
TACCCGTTCCGCTTAC-1,1,LHb,LHb,susceptible,c7-lhb-m08_5,Oval/Medial
TACGCTCAGATACATG-1,1,LHb,LHb,susceptible,c7-lhb-m08_5,Oval/Medial
TACGGGCAGCGAACTG-1,1,LHb,LHb,susceptible,c7-lhb-m08_5,Oval/Medial
TACGGGCCAGCTGAAG-1,9,LHb,LHb,susceptible,c7-lhb-m08_5,Marginal
TACGGTAAGCCAACCC-1,1,LHb,LHb,susceptible,c7-lhb-m08_5,Oval/Medial
TACGGTATCTACGGTA-1,1,LHb,LHb,susceptible,c7-lhb-m08_5,Oval/Medial
TACTTACGTCCACATA-1,1,LHb,LHb,susceptible,c7-lhb-m08_5,Oval/Medial
TAGACTGGTTCCTTGC-1,1,LHb,LHb,susceptible,c7-lhb-m08_5,Oval/Medial
TAGATCGAGAGCATTA-1,1,LHb,LHb,susceptible,c7-lhb-m08_5,Oval/Medial
TAGATCGCAACACGAG-1,1,LHb,LHb,susceptible,c7-lhb-m08_5,Oval/Medial
TAGATCGTCTAATTCC-1,1,LHb,LHb,susceptible,c7-lhb-m08_5,Oval/Medial
TAGGAGGTCATAGGCT-1,1,LHb,LHb,susceptible,c7-lhb-m08_5,Lateral
TAGGGTTGTGATAGTA-1,1,LHb,LHb,susceptible,c7-lhb-m08_5,Oval/Medial
TAGGTACAGTCGAGGT-1,9,LHb,LHb,susceptible,c7-lhb-m08_5,Marginal
TAGGTACCAATAGTCC-1,9,LHb,LHb,susceptible,c7-lhb-m08_5,Oval/Medial
TAGGTACTCCTGCCAT-1,9,LHb,LHb,susceptible,c7-lhb-m08_5,Lateral
TAGGTTGCAATGTCAC-1,1,LHb,LHb,susceptible,c7-lhb-m08_5,Oval/Medial
TATCCTACAACCAACT-1,1,LHb,LHb,susceptible,c7-lhb-m08_5,Oval/Medial
TATCTTGTCACAGAGG-1,9,LHb,LHb,susceptible,c7-lhb-m08_5,Marginal
TATTGCTCACGGCCAT-1,1,LHb,LHb,susceptible,c7-lhb-m08_5,Oval/Medial
TATTGCTTCTGTCCGT-1,1,LHb,LHb,susceptible,c7-lhb-m08_5,Oval/Medial
TCAAGACAGCTATCTG-1,9,LHb,LHb,susceptible,c7-lhb-m08_5,Marginal
TCAAGCAAGCGTCGAA-1,1,LHb,LHb,susceptible,c7-lhb-m08_5,Oval/Medial
TCAATCTCATTCAGCA-1,9,LHb,LHb,susceptible,c7-lhb-m08_5,Marginal
TCACAAGTCAAGGACG-1,1,LHb,LHb,susceptible,c7-lhb-m08_5,Oval/Medial
TCACACCGTCAACCAT-1,9,LHb,LHb,susceptible,c7-lhb-m08_5,Oval/Medial
TCACATTGTCGTGTTA-1,1,LHb,LHb,susceptible,c7-lhb-m08_5,Oval/Medial
TCACGCTCACGCCAGT-1,1,LHb,LHb,susceptible,c7-lhb-m08_5,Oval/Medial
TCACTATCAGCTTCGG-1,1,LHb,LHb,susceptible,c7-lhb-m08_5,Lateral
TCAGCAAGTGAGCTCC-1,1,LHb,LHb,susceptible,c7-lhb-m08_5,Lateral
TCAGCCTTCTGTGTGA-1,9,LHb,LHb,susceptible,c7-lhb-m08_5,Hbx
TCAGTCCAGATCCCAT-1,1,LHb,LHb,susceptible,c7-lhb-m08_5,Oval/Medial
TCATCCGGTTTGGAAA-1,1,LHb,LHb,susceptible,c7-lhb-m08_5,Oval/Medial
TCATGCCAGATGTTAG-1,1,LHb,LHb,susceptible,c7-lhb-m08_5,Oval/Medial
TCATGGAAGAGTCAGC-1,1,LHb,LHb,susceptible,c7-lhb-m08_5,Oval/Medial
TCATGTTAGTATAGAC-1,1,LHb,LHb,susceptible,c7-lhb-m08_5,Hbx
TCATTACTCTCTGAGA-1,1,LHb,LHb,susceptible,c7-lhb-m08_5,Oval/Medial
TCCAGAAGTTGGTAGG-1,9,LHb,LHb,susceptible,c7-lhb-m08_5,Marginal
TCCGAAATCCACAAGT-1,1,LHb,LHb,susceptible,c7-lhb-m08_5,Oval/Medial
TCCTCCCGTTGTCAGT-1,1,LHb,LHb,susceptible,c7-lhb-m08_5,Oval/Medial
TCCTGCATCGTGCTCT-1,9,LHb,LHb,susceptible,c7-lhb-m08_5,Marginal
TCGATTTCAACCGACC-1,1,LHb,LHb,susceptible,c7-lhb-m08_5,Oval/Medial
TCGATTTGTTCTAAGC-1,1,LHb,LHb,susceptible,c7-lhb-m08_5,Oval/Medial
TCGATTTTCAGTGCGC-1,1,LHb,LHb,susceptible,c7-lhb-m08_5,Oval/Medial
TCGATTTTCCATTCAT-1,1,LHb,LHb,susceptible,c7-lhb-m08_5,Oval/Medial
TCGCTTGAGCCTAACT-1,4,LHb,LHb,susceptible,c7-lhb-m08_5,Marginal
TCGGGACCAGTAGATA-1,1,LHb,LHb,susceptible,c7-lhb-m08_5,Oval/Medial
TCGGGCAAGCTAGATA-1,1,LHb,LHb,susceptible,c7-lhb-m08_5,Oval/Medial
TCGGGCATCAGCTTCC-1,1,LHb,LHb,susceptible,c7-lhb-m08_5,Oval/Medial
TCGGGTGCAAATGGCG-1,1,LHb,LHb,susceptible,c7-lhb-m08_5,Oval/Medial
TCGGTCTGTACGATCT-1,9,LHb,LHb,susceptible,c7-lhb-m08_5,Oval/Medial
TCGTAGATCTGGGAGA-1,1,LHb,LHb,susceptible,c7-lhb-m08_5,Oval/Medial
TCGTCCAAGAATTGCA-1,9,LHb,LHb,susceptible,c7-lhb-m08_5,Marginal
TCGTGGGGTGCCTTTC-1,1,LHb,LHb,susceptible,c7-lhb-m08_5,Oval/Medial
TCGTGGGGTGTTTCTT-1,1,LHb,LHb,susceptible,c7-lhb-m08_5,Oval/Medial
TCTAACTCATGAGATA-1,1,LHb,LHb,susceptible,c7-lhb-m08_5,Oval/Medial
TCTACCGCAGGAGACT-1,1,LHb,LHb,susceptible,c7-lhb-m08_5,Oval/Medial
TCTCAGCAGGAACGTC-1,9,LHb,LHb,susceptible,c7-lhb-m08_5,Marginal
TCTCAGCAGTAAACTG-1,1,LHb,LHb,susceptible,c7-lhb-m08_5,Oval/Medial
TCTCTGGAGTTTGAGA-1,2,LHb,LHb,susceptible,c7-lhb-m08_5,Marginal
TCTTGCGAGCGGGTAT-1,1,LHb,LHb,susceptible,c7-lhb-m08_5,Oval/Medial
TCTTTGATCATGCAGT-1,1,LHb,LHb,susceptible,c7-lhb-m08_5,Oval/Medial
TGAATCGAGATAACAC-1,1,LHb,LHb,susceptible,c7-lhb-m08_5,Oval/Medial
TGACCCTCACGATAGG-1,1,LHb,LHb,susceptible,c7-lhb-m08_5,Oval/Medial
TGACCCTCACTCTAGA-1,9,LHb,LHb,susceptible,c7-lhb-m08_5,Oval/Medial
TGAGCGCTCTCGGCTT-1,9,LHb,LHb,susceptible,c7-lhb-m08_5,Marginal
TGAGGAGGTCCAACGC-1,1,LHb,LHb,susceptible,c7-lhb-m08_5,Lateral
TGAGTCACACAGCTGC-1,1,LHb,LHb,susceptible,c7-lhb-m08_5,Oval/Medial
TGATCAGGTTGGACCC-1,9,LHb,LHb,susceptible,c7-lhb-m08_5,Marginal
TGCATGAAGATGGCGT-1,1,LHb,LHb,susceptible,c7-lhb-m08_5,Oval/Medial
TGCCGAGGTGCTGATT-1,1,LHb,LHb,susceptible,c7-lhb-m08_5,Hbx
TGCGGGTTCTACACTT-1,9,LHb,LHb,susceptible,c7-lhb-m08_5,Marginal
TGCTCCACATACAGAA-1,1,LHb,LHb,susceptible,c7-lhb-m08_5,Oval/Medial
TGCTCCAGTCACTCTC-1,9,LHb,LHb,susceptible,c7-lhb-m08_5,Marginal
TGCTTCGCAACTCCCT-1,9,LHb,LHb,susceptible,c7-lhb-m08_5,Marginal
TGCTTCGGTGCTCCGA-1,1,LHb,LHb,susceptible,c7-lhb-m08_5,Oval/Medial
TGCTTGCCATTATGCG-1,9,LHb,LHb,susceptible,c7-lhb-m08_5,Marginal
TGGAGAGAGCCTGACC-1,9,LHb,LHb,susceptible,c7-lhb-m08_5,Marginal
TGGATGTGTCACCGAC-1,1,LHb,LHb,susceptible,c7-lhb-m08_5,Oval/Medial
TGGCGTGCAAGCGCTC-1,1,LHb,LHb,susceptible,c7-lhb-m08_5,Oval/Medial
TGGCGTGCACGCTGAC-1,1,LHb,LHb,susceptible,c7-lhb-m08_5,Oval/Medial
TGGGATTCAGCTTTCC-1,1,LHb,LHb,susceptible,c7-lhb-m08_5,Oval/Medial
TGGGTTAAGAAGCCTG-1,1,LHb,LHb,susceptible,c7-lhb-m08_5,Oval/Medial
TGGTAGTGTGCAATGG-1,1,LHb,LHb,susceptible,c7-lhb-m08_5,Oval/Medial
TGGTGATTCAATCTCT-1,1,LHb,LHb,susceptible,c7-lhb-m08_5,Oval/Medial
TGTAACGTCCGCAGTG-1,1,LHb,LHb,susceptible,c7-lhb-m08_5,Oval/Medial
TGTAAGCTCATTCTTG-1,9,LHb,LHb,susceptible,c7-lhb-m08_5,Marginal
TGTCAGAGTGATTGGG-1,1,LHb,LHb,susceptible,c7-lhb-m08_5,Oval/Medial
TGTCCCACATGGGATG-1,9,LHb,LHb,susceptible,c7-lhb-m08_5,Marginal
TGTGAGTAGTACCGGA-1,9,LHb,LHb,susceptible,c7-lhb-m08_5,Marginal
TGTGAGTCACTCCTTG-1,1,LHb,LHb,susceptible,c7-lhb-m08_5,Oval/Medial
TGTTCATGTAGCACAG-1,9,LHb,LHb,susceptible,c7-lhb-m08_5,Oval/Medial
TGTTGAGAGTTGGGAC-1,1,LHb,LHb,susceptible,c7-lhb-m08_5,Oval/Medial
TGTTGGATCGAGCCAC-1,1,LHb,LHb,susceptible,c7-lhb-m08_5,Oval/Medial
TTACGCCTCGGAACTT-1,1,LHb,LHb,susceptible,c7-lhb-m08_5,Hbx
TTACGTTAGTACTCGT-1,1,LHb,LHb,susceptible,c7-lhb-m08_5,Oval/Medial
TTACTGTGTCGATGCC-1,9,LHb,LHb,susceptible,c7-lhb-m08_5,Oval/Medial
TTACTGTTCCTACTGC-1,1,LHb,LHb,susceptible,c7-lhb-m08_5,Oval/Medial
TTAGGGTTCGCAAGAG-1,1,LHb,LHb,susceptible,c7-lhb-m08_5,Oval/Medial
TTCAATCGTGTCATTG-1,1,LHb,LHb,susceptible,c7-lhb-m08_5,Oval/Medial
TTCCACGGTTACACTG-1,9,LHb,LHb,susceptible,c7-lhb-m08_5,Marginal
TTCCGGTGTGGTGATG-1,1,LHb,LHb,susceptible,c7-lhb-m08_5,Oval/Medial
TTCCGTGGTCATACCA-1,1,LHb,LHb,susceptible,c7-lhb-m08_5,Oval/Medial
TTCCTTCCATCCTCAC-1,1,LHb,LHb,susceptible,c7-lhb-m08_5,Oval/Medial
TTCGGTCAGTTTCTTC-1,1,LHb,LHb,susceptible,c7-lhb-m08_5,Oval/Medial
TTCTAACGTTAACAGA-1,9,LHb,LHb,susceptible,c7-lhb-m08_5,Marginal
TTGACCCGTCAACCAT-1,9,LHb,LHb,susceptible,c7-lhb-m08_5,Marginal
TTGGGATGTATCGGTT-1,1,LHb,LHb,susceptible,c7-lhb-m08_5,Oval/Medial
TTGGGATGTGGATTTC-1,1,LHb,LHb,susceptible,c7-lhb-m08_5,Oval/Medial
TTGTTCAAGGCGCTCT-1,1,LHb,LHb,susceptible,c7-lhb-m08_5,Oval/Medial
TTGTTGTCATTAAAGG-1,1,LHb,LHb,susceptible,c7-lhb-m08_5,Oval/Medial
TTGTTGTTCGTAGGGA-1,1,LHb,LHb,susceptible,c7-lhb-m08_5,Oval/Medial
TTTAGTCAGTCGCGAA-1,1,LHb,LHb,susceptible,c7-lhb-m08_5,Oval/Medial
TTTCACAAGTCCTGTA-1,1,LHb,LHb,susceptible,c7-lhb-m08_5,Oval/Medial
TTTCATGGTGGGATTG-1,1,LHb,LHb,susceptible,c7-lhb-m08_5,Oval/Medial
TTTCATGTCATGCATG-1,1,LHb,LHb,susceptible,c7-lhb-m08_5,Oval/Medial
TTTCGATCACATTACG-1,1,LHb,LHb,susceptible,c7-lhb-m08_5,Oval/Medial
TTTGATCCACCGCTAG-1,9,LHb,LHb,susceptible,c7-lhb-m08_5,Marginal
TTTGGAGAGAAATTGC-1,1,LHb,LHb,susceptible,c7-lhb-m08_5,Oval/Medial
TTTGGAGAGACTCGAG-1,1,LHb,LHb,susceptible,c7-lhb-m08_5,Oval/Medial
AAACGCTTCTCGTGGG-1,1,LHb,LHb,si,c4-lhb-m28_4,Oval/Medial
AAAGGATCACGTAGTT-1,1,LHb,LHb,si,c4-lhb-m28_4,Oval/Medial
AAAGGGCAGCTGAGCA-1,1,LHb,LHb,si,c4-lhb-m28_4,Oval/Medial
AACAAAGTCGCACTCT-1,1,LHb,LHb,si,c4-lhb-m28_4,Oval/Medial
AACCAACAGCGTCAAG-1,1,LHb,LHb,si,c4-lhb-m28_4,Oval/Medial
AACCACAGTGGCGCTT-1,1,LHb,LHb,si,c4-lhb-m28_4,Oval/Medial
AACCATGCAAAGACTA-1,1,LHb,LHb,si,c4-lhb-m28_4,Oval/Medial
AACCCAAAGCTAGAAT-1,1,LHb,LHb,si,c4-lhb-m28_4,Oval/Medial
AACCCAATCGTCTACC-1,1,LHb,LHb,si,c4-lhb-m28_4,Oval/Medial
AACGGGACATCAGTGT-1,1,LHb,LHb,si,c4-lhb-m28_4,Oval/Medial
AACTTCTCAAGTGGAC-1,1,LHb,LHb,si,c4-lhb-m28_4,Oval/Medial
AACTTCTGTTGTCCCT-1,1,LHb,LHb,si,c4-lhb-m28_4,Oval/Medial
AAGAACAAGCATATGA-1,1,LHb,LHb,si,c4-lhb-m28_4,Oval/Medial
AAGACTCGTACAGGTG-1,9,LHb,LHb,si,c4-lhb-m28_4,Marginal
AAGATAGGTCTACATG-1,1,LHb,LHb,si,c4-lhb-m28_4,Oval/Medial
AAGCCATGTCGCACAC-1,1,LHb,LHb,si,c4-lhb-m28_4,Oval/Medial
AAGGAATAGAAGATCT-1,1,LHb,LHb,si,c4-lhb-m28_4,Oval/Medial
AAGGAATGTTCTCGCT-1,1,LHb,LHb,si,c4-lhb-m28_4,Oval/Medial
AAGGTAACATGGCTGC-1,1,LHb,LHb,si,c4-lhb-m28_4,Oval/Medial
AAGTCGTCATGACTAC-1,1,LHb,LHb,si,c4-lhb-m28_4,Oval/Medial
AAGTGAATCCTCGCAT-1,1,LHb,LHb,si,c4-lhb-m28_4,Oval/Medial
AAGTTCGGTGCAACGA-1,1,LHb,LHb,si,c4-lhb-m28_4,Oval/Medial
AAGTTCGTCACGGGAA-1,1,LHb,LHb,si,c4-lhb-m28_4,Oval/Medial
AATCACGTCTCATAGG-1,1,LHb,LHb,si,c4-lhb-m28_4,Oval/Medial
AATGAAGAGCAACAGC-1,1,LHb,LHb,si,c4-lhb-m28_4,Oval/Medial
AATGAAGGTCACGCTG-1,9,LHb,LHb,si,c4-lhb-m28_4,Marginal
ACAAAGATCTACCACC-1,1,LHb,LHb,si,c4-lhb-m28_4,Oval/Medial
ACAAGCTTCTATCGGA-1,1,LHb,LHb,si,c4-lhb-m28_4,Oval/Medial
ACACGCGGTCACTGAT-1,1,LHb,LHb,si,c4-lhb-m28_4,Oval/Medial
ACACTGACAATGACCT-1,13,LHb,LHb,si,c4-lhb-m28_4,Hbx
ACACTGAGTTGACTGT-1,1,LHb,LHb,si,c4-lhb-m28_4,Oval/Medial
ACAGAAAAGGTGCGAT-1,1,LHb,LHb,si,c4-lhb-m28_4,Oval/Medial
ACATCGAGTGGCATCC-1,1,LHb,LHb,si,c4-lhb-m28_4,Oval/Medial
ACCAAACGTAGCGTAG-1,9,LHb,LHb,si,c4-lhb-m28_4,Oval/Medial
ACCAACACACAAATGA-1,1,LHb,LHb,si,c4-lhb-m28_4,Oval/Medial
ACCAACACACAGTCAT-1,1,LHb,LHb,si,c4-lhb-m28_4,Oval/Medial
ACCATTTCACGGCACT-1,1,LHb,LHb,si,c4-lhb-m28_4,Oval/Medial
ACCCTTGCAACTCCAA-1,1,LHb,LHb,si,c4-lhb-m28_4,Oval/Medial
ACCGTTCTCACTACGA-1,1,LHb,LHb,si,c4-lhb-m28_4,Oval/Medial
ACCGTTCTCGAGAATA-1,1,LHb,LHb,si,c4-lhb-m28_4,Oval/Medial
ACCTACCGTGTAACGG-1,1,LHb,LHb,si,c4-lhb-m28_4,Oval/Medial
ACGGAAGGTAATGCGG-1,1,LHb,LHb,si,c4-lhb-m28_4,Oval/Medial
ACGGGTCGTTGTGCAT-1,1,LHb,LHb,si,c4-lhb-m28_4,Lateral
ACGGTTATCAAAGAAC-1,1,LHb,LHb,si,c4-lhb-m28_4,Oval/Medial
ACGTACAAGTTCGGTT-1,1,LHb,LHb,si,c4-lhb-m28_4,Oval/Medial
ACGTCCTAGGCTCCCA-1,1,LHb,LHb,si,c4-lhb-m28_4,Oval/Medial
ACGTTCCTCGTTAGTG-1,1,LHb,LHb,si,c4-lhb-m28_4,Oval/Medial
ACTACGACACCGTGAC-1,1,LHb,LHb,si,c4-lhb-m28_4,Oval/Medial
ACTACGAGTCCACAGC-1,1,LHb,LHb,si,c4-lhb-m28_4,Oval/Medial
ACTATGGAGCGAATGC-1,1,LHb,LHb,si,c4-lhb-m28_4,Oval/Medial
ACTATGGGTATGTGTC-1,1,LHb,LHb,si,c4-lhb-m28_4,Oval/Medial
ACTATTCCATCCTATT-1,1,LHb,LHb,si,c4-lhb-m28_4,Oval/Medial
ACTATTCGTGCCTTCT-1,1,LHb,LHb,si,c4-lhb-m28_4,Oval/Medial
ACTCCCACAGATCATC-1,9,LHb,LHb,si,c4-lhb-m28_4,Oval/Medial
ACTCCCAGTAACACGG-1,1,LHb,LHb,si,c4-lhb-m28_4,Oval/Medial
ACTGCAAAGCAATTAG-1,1,LHb,LHb,si,c4-lhb-m28_4,Oval/Medial
ACTGTGACACCCAATA-1,1,LHb,LHb,si,c4-lhb-m28_4,Oval/Medial
ACTGTGAGTGCATGAG-1,1,LHb,LHb,si,c4-lhb-m28_4,Oval/Medial
ACTGTGATCGAACGCC-1,0,LHb,LHb,si,c4-lhb-m28_4,Oval/Medial
ACTTATCAGTCCGTCG-1,1,LHb,LHb,si,c4-lhb-m28_4,Oval/Medial
ACTTATCTCGCGTCGA-1,1,LHb,LHb,si,c4-lhb-m28_4,Oval/Medial
ACTTCGCTCGAACCAT-1,1,LHb,LHb,si,c4-lhb-m28_4,Oval/Medial
ACTTTGTGTTCGGCTG-1,1,LHb,LHb,si,c4-lhb-m28_4,Oval/Medial
AGAAATGCAACAGTGG-1,1,LHb,LHb,si,c4-lhb-m28_4,Oval/Medial
AGAAATGCAACCAGAG-1,1,LHb,LHb,si,c4-lhb-m28_4,Oval/Medial
AGAACAATCACTGTTT-1,2,LHb,LHb,si,c4-lhb-m28_4,Marginal
AGAACCTAGCCGTTAT-1,1,LHb,LHb,si,c4-lhb-m28_4,Oval/Medial
AGAAGTAAGACTACGG-1,1,LHb,LHb,si,c4-lhb-m28_4,Oval/Medial
AGACAAAGTCAAAGAT-1,1,LHb,LHb,si,c4-lhb-m28_4,Oval/Medial
AGACACTCAGAGTTGG-1,0,LHb,LHb,si,c4-lhb-m28_4,Hbx
AGACAGGGTATTGCCA-1,1,LHb,LHb,si,c4-lhb-m28_4,Oval/Medial
AGACAGGGTCTGGTTA-1,9,LHb,LHb,si,c4-lhb-m28_4,Marginal
AGAGAATGTAGGTAGC-1,1,LHb,LHb,si,c4-lhb-m28_4,Oval/Medial
AGATAGAAGCGGTAAC-1,1,LHb,LHb,si,c4-lhb-m28_4,Oval/Medial
AGATAGAGTACAGCGA-1,1,LHb,LHb,si,c4-lhb-m28_4,Lateral
AGATCCAAGGTGATCG-1,1,LHb,LHb,si,c4-lhb-m28_4,Oval/Medial
AGATCCATCGACCAAT-1,1,LHb,LHb,si,c4-lhb-m28_4,Oval/Medial
AGATCGTAGTTGCTCA-1,1,LHb,LHb,si,c4-lhb-m28_4,Oval/Medial
AGATCGTCACTGAATC-1,1,LHb,LHb,si,c4-lhb-m28_4,Oval/Medial
AGATCGTGTTCGATTG-1,1,LHb,LHb,si,c4-lhb-m28_4,Oval/Medial
AGATGAATCACCATAG-1,1,LHb,LHb,si,c4-lhb-m28_4,Oval/Medial
AGCATCAGTAGGTTTC-1,1,LHb,LHb,si,c4-lhb-m28_4,Oval/Medial
AGCGATTAGATAGCTA-1,1,LHb,LHb,si,c4-lhb-m28_4,Oval/Medial
AGCGTATCAATTGCAC-1,1,LHb,LHb,si,c4-lhb-m28_4,Oval/Medial
AGCGTCGTCCCTCTCC-1,4,LHb,LHb,si,c4-lhb-m28_4,Marginal
AGCTACACAGCGTGCT-1,9,LHb,LHb,si,c4-lhb-m28_4,Marginal
AGCTACATCCCTAGGG-1,1,LHb,LHb,si,c4-lhb-m28_4,Hbx
AGCTTCCGTATAGGAT-1,1,LHb,LHb,si,c4-lhb-m28_4,Lateral
AGGAATAAGCAGATAT-1,1,LHb,LHb,si,c4-lhb-m28_4,Oval/Medial
AGGAATAAGCTGAAAT-1,1,LHb,LHb,si,c4-lhb-m28_4,Oval/Medial
AGGACTTGTACAAGTA-1,0,LHb,LHb,si,c4-lhb-m28_4,Oval/Medial
AGGAGGTAGCCTCAGC-1,1,LHb,LHb,si,c4-lhb-m28_4,Hbx
AGGAGGTAGTCTGGTT-1,4,LHb,LHb,si,c4-lhb-m28_4,Oval/Medial
AGGATAATCCGATAAC-1,9,LHb,LHb,si,c4-lhb-m28_4,Marginal
AGGATCTGTGGCTTGC-1,1,LHb,LHb,si,c4-lhb-m28_4,Oval/Medial
AGGATCTTCTAAGCGT-1,1,LHb,LHb,si,c4-lhb-m28_4,Oval/Medial
AGGATCTTCTTCCTAA-1,1,LHb,LHb,si,c4-lhb-m28_4,Oval/Medial
AGGCATTAGCGGTATG-1,1,LHb,LHb,si,c4-lhb-m28_4,Oval/Medial
AGGCCACCAGACATCT-1,1,LHb,LHb,si,c4-lhb-m28_4,Oval/Medial
AGGGAGTCAGCAGGAT-1,1,LHb,LHb,si,c4-lhb-m28_4,Oval/Medial
AGGGAGTGTCTAGATC-1,1,LHb,LHb,si,c4-lhb-m28_4,Oval/Medial
AGGGCTCAGGGAGGCA-1,1,LHb,LHb,si,c4-lhb-m28_4,Oval/Medial
AGGGCTCGTGGCTGCT-1,1,LHb,LHb,si,c4-lhb-m28_4,Oval/Medial
AGGGTCCGTACAAGTA-1,1,LHb,LHb,si,c4-lhb-m28_4,Oval/Medial
AGGGTGATCGCTAAAC-1,1,LHb,LHb,si,c4-lhb-m28_4,Oval/Medial
AGGTAGGCACCTGATA-1,1,LHb,LHb,si,c4-lhb-m28_4,Oval/Medial
AGGTCATCAAAGCTCT-1,1,LHb,LHb,si,c4-lhb-m28_4,Oval/Medial
AGGTCTACAAATCAGA-1,1,LHb,LHb,si,c4-lhb-m28_4,Marginal
AGGTGTTTCCTCGATC-1,1,LHb,LHb,si,c4-lhb-m28_4,Oval/Medial
AGTAACCGTAATCAAG-1,1,LHb,LHb,si,c4-lhb-m28_4,Oval/Medial
AGTACCAGTATTGACC-1,1,LHb,LHb,si,c4-lhb-m28_4,Oval/Medial
AGTACTGCACGCCACA-1,9,LHb,LHb,si,c4-lhb-m28_4,Marginal
AGTACTGCACTGGCGT-1,1,LHb,LHb,si,c4-lhb-m28_4,Oval/Medial
AGTAGCTAGTGGAAAG-1,1,LHb,LHb,si,c4-lhb-m28_4,Oval/Medial
AGTCAACCACACGCCA-1,1,LHb,LHb,si,c4-lhb-m28_4,Oval/Medial
AGTCACATCTCCGATC-1,1,LHb,LHb,si,c4-lhb-m28_4,Oval/Medial
AGTCATGGTCCAGCCA-1,1,LHb,LHb,si,c4-lhb-m28_4,Oval/Medial
AGTCTCCCACATGTTG-1,1,LHb,LHb,si,c4-lhb-m28_4,Oval/Medial
AGTGTTGAGGGAGGGT-1,1,LHb,LHb,si,c4-lhb-m28_4,Oval/Medial
ATACCTTTCGTTGCCT-1,9,LHb,LHb,si,c4-lhb-m28_4,Oval/Medial
ATACTTCCATGAGAAT-1,1,LHb,LHb,si,c4-lhb-m28_4,Oval/Medial
ATAGACCTCGCCAATA-1,1,LHb,LHb,si,c4-lhb-m28_4,Oval/Medial
ATAGACCTCTGTCCCA-1,1,LHb,LHb,si,c4-lhb-m28_4,Oval/Medial
ATAGGCTTCCTTCACG-1,1,LHb,LHb,si,c4-lhb-m28_4,Oval/Medial
ATAGGCTTCTATTCGT-1,1,LHb,LHb,si,c4-lhb-m28_4,Marginal
ATATCCTAGAAGTCAT-1,1,LHb,LHb,si,c4-lhb-m28_4,Oval/Medial
ATCACAGCAACGAGGT-1,1,LHb,LHb,si,c4-lhb-m28_4,Oval/Medial
ATCACAGTCATGTCTT-1,1,LHb,LHb,si,c4-lhb-m28_4,Oval/Medial
ATCACTTTCATTACTC-1,1,LHb,LHb,si,c4-lhb-m28_4,Oval/Medial
ATCAGGTCACTCATAG-1,1,LHb,LHb,si,c4-lhb-m28_4,Oval/Medial
ATCATTCGTCTTCGAA-1,1,LHb,LHb,si,c4-lhb-m28_4,Oval/Medial
ATCCACCCACGCGCAT-1,1,LHb,LHb,si,c4-lhb-m28_4,Oval/Medial
ATCCCTGGTCGGAAAC-1,1,LHb,LHb,si,c4-lhb-m28_4,Oval/Medial
ATCGATGCATCAGCAT-1,1,LHb,LHb,si,c4-lhb-m28_4,Lateral
ATCGCCTGTTGCATAC-1,1,LHb,LHb,si,c4-lhb-m28_4,Oval/Medial
ATCGCCTTCTCTATGT-1,1,LHb,LHb,si,c4-lhb-m28_4,Oval/Medial
ATCGGATCAAATGCTC-1,1,LHb,LHb,si,c4-lhb-m28_4,Oval/Medial
ATCGTAGCAAACTAAG-1,1,LHb,LHb,si,c4-lhb-m28_4,Oval/Medial
ATCGTAGCATGTCAGT-1,1,LHb,LHb,si,c4-lhb-m28_4,Oval/Medial
ATCGTAGGTGCCAAGA-1,1,LHb,LHb,si,c4-lhb-m28_4,Oval/Medial
ATCTTCAGTTCTAACG-1,1,LHb,LHb,si,c4-lhb-m28_4,Oval/Medial
ATGAAAGCAGTGGCTC-1,1,LHb,LHb,si,c4-lhb-m28_4,Oval/Medial
ATGAAAGGTAGGCTGA-1,1,LHb,LHb,si,c4-lhb-m28_4,Oval/Medial
ATGCATGTCCTTCACG-1,1,LHb,LHb,si,c4-lhb-m28_4,Oval/Medial
ATGGAGGGTCATCCCT-1,1,LHb,LHb,si,c4-lhb-m28_4,Oval/Medial
ATGGGAGAGCACGTCC-1,1,LHb,LHb,si,c4-lhb-m28_4,Oval/Medial
ATGGGTTGTCTGTCCT-1,1,LHb,LHb,si,c4-lhb-m28_4,Oval/Medial
ATGGTTGAGCATTGAA-1,1,LHb,LHb,si,c4-lhb-m28_4,Oval/Medial
ATGTCCCAGGTATTGA-1,1,LHb,LHb,si,c4-lhb-m28_4,Oval/Medial
ATTACCTCATTACGGT-1,1,LHb,LHb,si,c4-lhb-m28_4,Oval/Medial
ATTACCTGTAACTTCG-1,1,LHb,LHb,si,c4-lhb-m28_4,Oval/Medial
ATTACTCAGTCACTCA-1,1,LHb,LHb,si,c4-lhb-m28_4,Oval/Medial
ATTACTCCACAGACGA-1,1,LHb,LHb,si,c4-lhb-m28_4,Oval/Medial
ATTCAGGAGTGGAAGA-1,1,LHb,LHb,si,c4-lhb-m28_4,Oval/Medial
ATTCCATGTAAGGAGA-1,1,LHb,LHb,si,c4-lhb-m28_4,Oval/Medial
ATTCCCGCATAACTCG-1,1,LHb,LHb,si,c4-lhb-m28_4,Oval/Medial
ATTCCTATCTTTCCGG-1,1,LHb,LHb,si,c4-lhb-m28_4,Oval/Medial
ATTCTTGAGGTCCTGC-1,1,LHb,LHb,si,c4-lhb-m28_4,Oval/Medial
ATTGGGTGTTCCAGGC-1,1,LHb,LHb,si,c4-lhb-m28_4,Oval/Medial
ATTGTTCAGGCTAAAT-1,1,LHb,LHb,si,c4-lhb-m28_4,Oval/Medial
ATTTACCAGTAGACAT-1,1,LHb,LHb,si,c4-lhb-m28_4,Oval/Medial
ATTTACCGTTCCGGTG-1,1,LHb,LHb,si,c4-lhb-m28_4,Oval/Medial
ATTTCTGAGTCTGGTT-1,1,LHb,LHb,si,c4-lhb-m28_4,Oval/Medial
ATTTCTGCATTCCTCG-1,1,LHb,LHb,si,c4-lhb-m28_4,Oval/Medial
CAACAACAGCTGAAGC-1,1,LHb,LHb,si,c4-lhb-m28_4,Oval/Medial
CAACAACTCCTGGCTT-1,9,LHb,LHb,si,c4-lhb-m28_4,Marginal
CAACCAAAGCGATGGT-1,1,LHb,LHb,si,c4-lhb-m28_4,Oval/Medial
CAACGATCACGTAACT-1,1,LHb,LHb,si,c4-lhb-m28_4,Oval/Medial
CAACGATGTCGCCTAG-1,1,LHb,LHb,si,c4-lhb-m28_4,Oval/Medial
CAACGGCAGCCACAAG-1,1,LHb,LHb,si,c4-lhb-m28_4,Oval/Medial
CAAGGGACATCAACCA-1,1,LHb,LHb,si,c4-lhb-m28_4,Oval/Medial
CAAGGGATCTACACTT-1,1,LHb,LHb,si,c4-lhb-m28_4,Oval/Medial
CAATTTCGTTGCCAAT-1,1,LHb,LHb,si,c4-lhb-m28_4,Oval/Medial
CACAGATAGACTTCCA-1,1,LHb,LHb,si,c4-lhb-m28_4,Hbx
CACAGGCAGTGGTGAC-1,1,LHb,LHb,si,c4-lhb-m28_4,Oval/Medial
CACATGATCACCTCTG-1,1,LHb,LHb,si,c4-lhb-m28_4,Oval/Medial
CACCAAAAGGTAGCAC-1,1,LHb,LHb,si,c4-lhb-m28_4,Lateral
CACCAAACACAATGTC-1,1,LHb,LHb,si,c4-lhb-m28_4,Oval/Medial
CACCAAACATGCTGCG-1,1,LHb,LHb,si,c4-lhb-m28_4,Oval/Medial
CACCGTTGTGCTCTTC-1,1,LHb,LHb,si,c4-lhb-m28_4,Oval/Medial
CACGAATTCCTCTAGC-1,1,LHb,LHb,si,c4-lhb-m28_4,Oval/Medial
CACGGGTCACGTCGTG-1,1,LHb,LHb,si,c4-lhb-m28_4,Oval/Medial
CACTAAGAGTCGGGAT-1,1,LHb,LHb,si,c4-lhb-m28_4,Oval/Medial
CACTAAGTCGTCTAAG-1,9,LHb,LHb,si,c4-lhb-m28_4,Marginal
CACTGGGGTTTCTATC-1,1,LHb,LHb,si,c4-lhb-m28_4,Oval/Medial
CACTGGGTCCTGGGAC-1,1,LHb,LHb,si,c4-lhb-m28_4,Oval/Medial
CACTGTCGTGATGGCA-1,1,LHb,LHb,si,c4-lhb-m28_4,Oval/Medial
CACTGTCGTGTCATCA-1,1,LHb,LHb,si,c4-lhb-m28_4,Oval/Medial
CACTTCGAGAGCCGAT-1,9,LHb,LHb,si,c4-lhb-m28_4,Marginal
CAGAGCCGTCGGTGTC-1,1,LHb,LHb,si,c4-lhb-m28_4,Lateral
CAGATACAGTTTCAGC-1,1,LHb,LHb,si,c4-lhb-m28_4,Oval/Medial
CAGATCAAGAAGCTGC-1,1,LHb,LHb,si,c4-lhb-m28_4,Oval/Medial
CAGATTGGTCGAATGG-1,1,LHb,LHb,si,c4-lhb-m28_4,Lateral
CAGCAATTCGATCCCT-1,1,LHb,LHb,si,c4-lhb-m28_4,Oval/Medial
CAGCGTGAGCGGTAAC-1,1,LHb,LHb,si,c4-lhb-m28_4,Oval/Medial
CAGGGCTAGCCATATC-1,1,LHb,LHb,si,c4-lhb-m28_4,Oval/Medial
CAGTGCGTCCAAGGGA-1,1,LHb,LHb,si,c4-lhb-m28_4,Oval/Medial
CATAGACTCCTCGCAT-1,1,LHb,LHb,si,c4-lhb-m28_4,Oval/Medial
CATCCGTCATGCAGCC-1,1,LHb,LHb,si,c4-lhb-m28_4,Oval/Medial
CATCGTCAGCACCCAC-1,1,LHb,LHb,si,c4-lhb-m28_4,Oval/Medial
CATGCGGAGTAAGACT-1,1,LHb,LHb,si,c4-lhb-m28_4,Oval/Medial
CATGCGGTCTTGCAGA-1,1,LHb,LHb,si,c4-lhb-m28_4,Oval/Medial
CATGGATAGTAGACCG-1,1,LHb,LHb,si,c4-lhb-m28_4,Hbx
CATGGATGTTCTTGCC-1,1,LHb,LHb,si,c4-lhb-m28_4,Oval/Medial
CATTCATCAGTATTCG-1,1,LHb,LHb,si,c4-lhb-m28_4,Oval/Medial
CATTGCCGTCTGCATA-1,1,LHb,LHb,si,c4-lhb-m28_4,Oval/Medial
CCAAGCGTCTGGCCAG-1,1,LHb,LHb,si,c4-lhb-m28_4,Oval/Medial
CCACACTAGAGTCCGA-1,1,LHb,LHb,si,c4-lhb-m28_4,Oval/Medial
CCACACTGTGCATGTT-1,1,LHb,LHb,si,c4-lhb-m28_4,Oval/Medial
CCACGAGCAGAACCGA-1,1,LHb,LHb,si,c4-lhb-m28_4,Oval/Medial
CCCTAACAGATCGCTT-1,1,LHb,LHb,si,c4-lhb-m28_4,Oval/Medial
CCCTAACGTATGAAGT-1,1,LHb,LHb,si,c4-lhb-m28_4,Oval/Medial
CCCTCAATCCATAAGC-1,1,LHb,LHb,si,c4-lhb-m28_4,Oval/Medial
CCGATCTAGTCCTGTA-1,1,LHb,LHb,si,c4-lhb-m28_4,Oval/Medial
CCGATCTCAGCGCTTG-1,1,LHb,LHb,si,c4-lhb-m28_4,Oval/Medial
CCGATCTTCACCGGGT-1,1,LHb,LHb,si,c4-lhb-m28_4,Oval/Medial
CCGGTGAAGCGACTAG-1,1,LHb,LHb,si,c4-lhb-m28_4,Oval/Medial
CCGGTGACAGGACGAT-1,13,LHb,LHb,si,c4-lhb-m28_4,Lateral
CCGTAGGAGCTACTAC-1,1,LHb,LHb,si,c4-lhb-m28_4,Oval/Medial
CCGTGAGAGCTGAGCA-1,1,LHb,LHb,si,c4-lhb-m28_4,Oval/Medial
CCGTGAGTCTGAGTCA-1,9,LHb,LHb,si,c4-lhb-m28_4,Marginal
CCGTTCAAGCATGCGA-1,1,LHb,LHb,si,c4-lhb-m28_4,Oval/Medial
CCTACGTGTATGATCC-1,1,LHb,LHb,si,c4-lhb-m28_4,Oval/Medial
CCTCAACCAACACAGG-1,1,LHb,LHb,si,c4-lhb-m28_4,Oval/Medial
CCTCAACTCTGAGATC-1,1,LHb,LHb,si,c4-lhb-m28_4,Oval/Medial
CCTCACACAACACGTT-1,9,LHb,LHb,si,c4-lhb-m28_4,Marginal
CCTCCAACAATCACGT-1,1,LHb,LHb,si,c4-lhb-m28_4,Lateral
CCTCTCCTCCCTTTGG-1,1,LHb,LHb,si,c4-lhb-m28_4,Oval/Medial
CCTGCATGTACCTATG-1,1,LHb,LHb,si,c4-lhb-m28_4,Oval/Medial
CCTGCATTCGCACTCT-1,1,LHb,LHb,si,c4-lhb-m28_4,Oval/Medial
CCTGTTGTCGCACTCT-1,1,LHb,LHb,si,c4-lhb-m28_4,Oval/Medial
CCTTCAGTCGAGTCTA-1,1,LHb,LHb,si,c4-lhb-m28_4,Oval/Medial
CCTTTGGAGTTGGAAT-1,1,LHb,LHb,si,c4-lhb-m28_4,Oval/Medial
CCTTTGGGTATGCTAC-1,1,LHb,LHb,si,c4-lhb-m28_4,Oval/Medial
CGAAGTTAGCCGTCGT-1,1,LHb,LHb,si,c4-lhb-m28_4,Oval/Medial
CGAAGTTAGTTGTACC-1,1,LHb,LHb,si,c4-lhb-m28_4,Oval/Medial
CGAATTGAGTGAGCCA-1,1,LHb,LHb,si,c4-lhb-m28_4,Oval/Medial
CGACAGCAGGCGCTTC-1,1,LHb,LHb,si,c4-lhb-m28_4,Oval/Medial
CGAGTGCCAAAGTGTA-1,1,LHb,LHb,si,c4-lhb-m28_4,Oval/Medial
CGAGTTAAGCGCTGCT-1,1,LHb,LHb,si,c4-lhb-m28_4,Oval/Medial
CGATGCGAGGCTGAAC-1,1,LHb,LHb,si,c4-lhb-m28_4,Oval/Medial
CGATGGCGTCATCCGG-1,1,LHb,LHb,si,c4-lhb-m28_4,Oval/Medial
CGATGGCTCCACGTAA-1,1,LHb,LHb,si,c4-lhb-m28_4,Oval/Medial
CGCATAAGTAGTCGTT-1,1,LHb,LHb,si,c4-lhb-m28_4,Oval/Medial
CGCATAATCGGTCGGT-1,1,LHb,LHb,si,c4-lhb-m28_4,Oval/Medial
CGCATGGAGATTGTGA-1,1,LHb,LHb,si,c4-lhb-m28_4,Oval/Medial
CGCGTGACATGATCTG-1,1,LHb,LHb,si,c4-lhb-m28_4,Oval/Medial
CGGAATTCAAGTTTGC-1,9,LHb,LHb,si,c4-lhb-m28_4,Lateral
CGGACACAGATCGACG-1,1,LHb,LHb,si,c4-lhb-m28_4,Oval/Medial
CGGACACTCCTCTCGA-1,1,LHb,LHb,si,c4-lhb-m28_4,Oval/Medial
CGGAGAAAGAACCCGA-1,1,LHb,LHb,si,c4-lhb-m28_4,Oval/Medial
CGGGACTTCCTTGACC-1,1,LHb,LHb,si,c4-lhb-m28_4,Oval/Medial
CGGGACTTCGAGCTGC-1,1,LHb,LHb,si,c4-lhb-m28_4,Oval/Medial
CGGGTCAGTACGACTT-1,1,LHb,LHb,si,c4-lhb-m28_4,Oval/Medial
CGGGTCAGTATCAGGG-1,1,LHb,LHb,si,c4-lhb-m28_4,Oval/Medial
CGGGTGTAGTCGTTAC-1,1,LHb,LHb,si,c4-lhb-m28_4,Oval/Medial
CGTAATGCACGAAAGC-1,1,LHb,LHb,si,c4-lhb-m28_4,Oval/Medial
CGTAATGCATAGATCC-1,1,LHb,LHb,si,c4-lhb-m28_4,Oval/Medial
CGTAGTACACTCCTTG-1,1,LHb,LHb,si,c4-lhb-m28_4,Oval/Medial
CGTCAAAAGTCGCCCA-1,1,LHb,LHb,si,c4-lhb-m28_4,Oval/Medial
CGTGAATCACGGTGCT-1,1,LHb,LHb,si,c4-lhb-m28_4,Oval/Medial
CGTGAATCATAAGATG-1,1,LHb,LHb,si,c4-lhb-m28_4,Oval/Medial
CGTGATACAACCAATC-1,1,LHb,LHb,si,c4-lhb-m28_4,Oval/Medial
CGTGATAGTGCTCGTG-1,1,LHb,LHb,si,c4-lhb-m28_4,Oval/Medial
CGTGATATCCTTATAC-1,1,LHb,LHb,si,c4-lhb-m28_4,Oval/Medial
CGTTAGACACTCACTC-1,1,LHb,LHb,si,c4-lhb-m28_4,Oval/Medial
CGTTCTGCAGCATCTA-1,1,LHb,LHb,si,c4-lhb-m28_4,Oval/Medial
CTAACCCGTTTACACG-1,1,LHb,LHb,si,c4-lhb-m28_4,Oval/Medial
CTACAGAAGAAACCCG-1,1,LHb,LHb,si,c4-lhb-m28_4,Oval/Medial
CTACAGAGTACAGTAA-1,1,LHb,LHb,si,c4-lhb-m28_4,Oval/Medial
CTACAGATCTGTTCAT-1,1,LHb,LHb,si,c4-lhb-m28_4,Oval/Medial
CTACATTAGCCTGACC-1,1,LHb,LHb,si,c4-lhb-m28_4,Oval/Medial
CTACATTGTACGTACT-1,1,LHb,LHb,si,c4-lhb-m28_4,Oval/Medial
CTACCTGCAATTGCTG-1,1,LHb,LHb,si,c4-lhb-m28_4,Oval/Medial
CTACCTGCATGCCATA-1,1,LHb,LHb,si,c4-lhb-m28_4,Oval/Medial
CTACCTGGTTGTAAAG-1,1,LHb,LHb,si,c4-lhb-m28_4,Oval/Medial
CTATCTAAGTCTGCAT-1,1,LHb,LHb,si,c4-lhb-m28_4,Oval/Medial
CTATCTAGTCGCTTAA-1,1,LHb,LHb,si,c4-lhb-m28_4,Oval/Medial
CTCAACCGTTCGAACT-1,1,LHb,LHb,si,c4-lhb-m28_4,Oval/Medial
CTCAAGATCTGCGAGC-1,9,LHb,LHb,si,c4-lhb-m28_4,Marginal
CTCAGGGGTTCCATTT-1,1,LHb,LHb,si,c4-lhb-m28_4,Oval/Medial
CTCATCGCAGAGAGGG-1,1,LHb,LHb,si,c4-lhb-m28_4,Oval/Medial
CTCCATGAGACCAACG-1,1,LHb,LHb,si,c4-lhb-m28_4,Oval/Medial
CTCCATGGTGATACAA-1,1,LHb,LHb,si,c4-lhb-m28_4,Oval/Medial
CTCCATGTCAAGGTGG-1,13,LHb,LHb,si,c4-lhb-m28_4,Lateral
CTCCCTCTCACATACG-1,1,LHb,LHb,si,c4-lhb-m28_4,Oval/Medial
CTCCTTTAGATTACCC-1,1,LHb,LHb,si,c4-lhb-m28_4,Oval/Medial
CTCTCAGCAAGAAATC-1,1,LHb,LHb,si,c4-lhb-m28_4,Oval/Medial
CTCTCAGCATGACTTG-1,1,LHb,LHb,si,c4-lhb-m28_4,Oval/Medial
CTGAGCGAGCCTCAAT-1,1,LHb,LHb,si,c4-lhb-m28_4,Hbx
CTGAGGCAGCAAGGAA-1,1,LHb,LHb,si,c4-lhb-m28_4,Oval/Medial
CTGAGGCAGCAGCAGT-1,1,LHb,LHb,si,c4-lhb-m28_4,Hbx
CTGATCCTCGTGCATA-1,1,LHb,LHb,si,c4-lhb-m28_4,Oval/Medial
CTGCATCAGAGAGGGC-1,1,LHb,LHb,si,c4-lhb-m28_4,Oval/Medial
CTGCCATCACCTATCC-1,1,LHb,LHb,si,c4-lhb-m28_4,Oval/Medial
CTGCCATCACCTGAAT-1,1,LHb,LHb,si,c4-lhb-m28_4,Oval/Medial
CTGCCTAAGCTCCCTT-1,0,LHb,LHb,si,c4-lhb-m28_4,Oval/Medial
CTGCGAGGTAACTTCG-1,1,LHb,LHb,si,c4-lhb-m28_4,Oval/Medial
CTGCGAGGTCTGTCCT-1,1,LHb,LHb,si,c4-lhb-m28_4,Oval/Medial
CTGCTCAAGGTAGTAT-1,1,LHb,LHb,si,c4-lhb-m28_4,Oval/Medial
CTGCTCATCGAGTCCG-1,1,LHb,LHb,si,c4-lhb-m28_4,Lateral
CTGGCAGAGTGATAAC-1,1,LHb,LHb,si,c4-lhb-m28_4,Oval/Medial
CTGGCAGGTGAGATAT-1,1,LHb,LHb,si,c4-lhb-m28_4,Oval/Medial
CTGGTCTAGATGCAGC-1,1,LHb,LHb,si,c4-lhb-m28_4,Oval/Medial
CTGTAGAGTATGCAAA-1,1,LHb,LHb,si,c4-lhb-m28_4,Oval/Medial
CTGTATTGTTTCAGAC-1,1,LHb,LHb,si,c4-lhb-m28_4,Oval/Medial
CTGTGAAAGTAAAGCT-1,1,LHb,LHb,si,c4-lhb-m28_4,Oval/Medial
CTTACCGGTTTCACTT-1,1,LHb,LHb,si,c4-lhb-m28_4,Oval/Medial
CTTCCGACACACACGC-1,1,LHb,LHb,si,c4-lhb-m28_4,Oval/Medial
CTTCCTTTCTTACCAT-1,1,LHb,LHb,si,c4-lhb-m28_4,Oval/Medial
CTTCGGTAGGCGCTCT-1,1,LHb,LHb,si,c4-lhb-m28_4,Oval/Medial
CTTCTAACAAATGGTA-1,1,LHb,LHb,si,c4-lhb-m28_4,Oval/Medial
CTTCTCTGTAACTGCT-1,1,LHb,LHb,si,c4-lhb-m28_4,Oval/Medial
CTTGAGACACACCAGC-1,1,LHb,LHb,si,c4-lhb-m28_4,Oval/Medial
CTTTCAAGTAGTCGTT-1,1,LHb,LHb,si,c4-lhb-m28_4,Oval/Medial
GAAACCTGTCCGTACG-1,1,LHb,LHb,si,c4-lhb-m28_4,Oval/Medial
GAAGAATCATGATCTG-1,1,LHb,LHb,si,c4-lhb-m28_4,Oval/Medial
GAAGCGACAAGCCATT-1,1,LHb,LHb,si,c4-lhb-m28_4,Oval/Medial
GAATAGACACTGGAAG-1,1,LHb,LHb,si,c4-lhb-m28_4,Oval/Medial
GAATAGAGTTCTGACA-1,1,LHb,LHb,si,c4-lhb-m28_4,Oval/Medial
GAATCACAGGCCACCT-1,1,LHb,LHb,si,c4-lhb-m28_4,Oval/Medial
GACCCAGTCCAGTGCG-1,1,LHb,LHb,si,c4-lhb-m28_4,Oval/Medial
GACCTTCGTGATCATC-1,1,LHb,LHb,si,c4-lhb-m28_4,Oval/Medial
GACGTTACACAGAAGC-1,9,LHb,LHb,si,c4-lhb-m28_4,Oval/Medial
GACTATGCATAATCGC-1,1,LHb,LHb,si,c4-lhb-m28_4,Oval/Medial
GACTGATAGAGAGGTA-1,1,LHb,LHb,si,c4-lhb-m28_4,Oval/Medial
GACTGATTCTGTCGCT-1,1,LHb,LHb,si,c4-lhb-m28_4,Oval/Medial
GAGACCCGTACAAGTA-1,1,LHb,LHb,si,c4-lhb-m28_4,Oval/Medial
GAGACCCTCAAGGAGC-1,1,LHb,LHb,si,c4-lhb-m28_4,Oval/Medial
GAGACTTGTTAACCTG-1,0,LHb,LHb,si,c4-lhb-m28_4,Hbx
GAGACTTTCTGCATGA-1,13,LHb,LHb,si,c4-lhb-m28_4,Hbx
GAGATGGTCATTACGG-1,1,LHb,LHb,si,c4-lhb-m28_4,Oval/Medial
GAGGCAATCTGATGGT-1,1,LHb,LHb,si,c4-lhb-m28_4,Oval/Medial
GAGGCCTGTGCTAGCC-1,1,LHb,LHb,si,c4-lhb-m28_4,Oval/Medial
GAGGGATTCTTACTGT-1,1,LHb,LHb,si,c4-lhb-m28_4,Oval/Medial
GAGGGTACATGAATCC-1,1,LHb,LHb,si,c4-lhb-m28_4,Oval/Medial
GAGTCATGTTCGTAAC-1,1,LHb,LHb,si,c4-lhb-m28_4,Oval/Medial
GAGTTACAGAACTTCC-1,1,LHb,LHb,si,c4-lhb-m28_4,Oval/Medial
GAGTTGTGTTCTAACG-1,1,LHb,LHb,si,c4-lhb-m28_4,Oval/Medial
GAGTTTGGTAGCTTGT-1,1,LHb,LHb,si,c4-lhb-m28_4,Oval/Medial
GAGTTTGGTTATCTGG-1,1,LHb,LHb,si,c4-lhb-m28_4,Oval/Medial
GATAGAAAGTCATGCT-1,1,LHb,LHb,si,c4-lhb-m28_4,Oval/Medial
GATAGCTAGGGAGTTC-1,1,LHb,LHb,si,c4-lhb-m28_4,Oval/Medial
GATCACACAAACGTGG-1,1,LHb,LHb,si,c4-lhb-m28_4,Oval/Medial
GATCACATCCCGAGGT-1,1,LHb,LHb,si,c4-lhb-m28_4,Oval/Medial
GATCAGTAGGGTGAAA-1,1,LHb,LHb,si,c4-lhb-m28_4,Oval/Medial
GATCCCTAGTAACCGG-1,1,LHb,LHb,si,c4-lhb-m28_4,Oval/Medial
GATCCCTAGTCAAGCG-1,1,LHb,LHb,si,c4-lhb-m28_4,Oval/Medial
GATCCCTAGTCCGTCG-1,1,LHb,LHb,si,c4-lhb-m28_4,Oval/Medial
GATGACTCATGCAGGA-1,1,LHb,LHb,si,c4-lhb-m28_4,Oval/Medial
GATGACTGTGGATCAG-1,1,LHb,LHb,si,c4-lhb-m28_4,Oval/Medial
GATGACTTCCTAAGTG-1,1,LHb,LHb,si,c4-lhb-m28_4,Oval/Medial
GATGAGGTCCTCAGGG-1,1,LHb,LHb,si,c4-lhb-m28_4,Oval/Medial
GATGATCTCGAGAAGC-1,1,LHb,LHb,si,c4-lhb-m28_4,Hbx
GATGTTGAGCATTTGC-1,1,LHb,LHb,si,c4-lhb-m28_4,Oval/Medial
GATTCGAGTTGAGGAC-1,1,LHb,LHb,si,c4-lhb-m28_4,Oval/Medial
GATTGGTGTTACGCCG-1,1,LHb,LHb,si,c4-lhb-m28_4,Lateral
GATTTCTAGGACACTG-1,1,LHb,LHb,si,c4-lhb-m28_4,Oval/Medial
GATTTCTCAGAGTTGG-1,1,LHb,LHb,si,c4-lhb-m28_4,Oval/Medial
GCACATATCTCAGTCC-1,1,LHb,LHb,si,c4-lhb-m28_4,Oval/Medial
GCACGGTAGGATGTTA-1,1,LHb,LHb,si,c4-lhb-m28_4,Oval/Medial
GCAGCCACATGACCCG-1,1,LHb,LHb,si,c4-lhb-m28_4,Oval/Medial
GCAGCTGAGCCATGCC-1,1,LHb,LHb,si,c4-lhb-m28_4,Oval/Medial
GCAGGCTCAAGTTTGC-1,1,LHb,LHb,si,c4-lhb-m28_4,Oval/Medial
GCAGTTAGTACAACGG-1,1,LHb,LHb,si,c4-lhb-m28_4,Oval/Medial
GCAGTTAGTATCTTCT-1,1,LHb,LHb,si,c4-lhb-m28_4,Oval/Medial
GCATCGGCACCCATAA-1,1,LHb,LHb,si,c4-lhb-m28_4,Oval/Medial
GCATTAGTCCAGTACA-1,1,LHb,LHb,si,c4-lhb-m28_4,Oval/Medial
GCCAACGAGAGCAAGA-1,1,LHb,LHb,si,c4-lhb-m28_4,Oval/Medial
GCCAACGCATTGTAGC-1,1,LHb,LHb,si,c4-lhb-m28_4,Oval/Medial
GCCAGCAGTAAGGAGA-1,1,LHb,LHb,si,c4-lhb-m28_4,Oval/Medial
GCCAGGTCAACGTTAC-1,1,LHb,LHb,si,c4-lhb-m28_4,Oval/Medial
GCCAGTGGTTAAGAAC-1,1,LHb,LHb,si,c4-lhb-m28_4,Oval/Medial
GCCATGGCACCCTGAG-1,1,LHb,LHb,si,c4-lhb-m28_4,Oval/Medial
GCCATGGCATTGGGAG-1,1,LHb,LHb,si,c4-lhb-m28_4,Oval/Medial
GCCATGGGTAGTGGCA-1,13,LHb,LHb,si,c4-lhb-m28_4,Oval/Medial
GCCATGGGTCTTTCTA-1,9,LHb,LHb,si,c4-lhb-m28_4,Marginal
GCCCAGAAGCAACTTC-1,1,LHb,LHb,si,c4-lhb-m28_4,Oval/Medial
GCCGATGAGCACCGAA-1,1,LHb,LHb,si,c4-lhb-m28_4,Oval/Medial
GCCGATGGTATCGTGT-1,1,LHb,LHb,si,c4-lhb-m28_4,Oval/Medial
GCGAGAATCAAAGAAC-1,1,LHb,LHb,si,c4-lhb-m28_4,Oval/Medial
GCGATCGCAAGCGATG-1,1,LHb,LHb,si,c4-lhb-m28_4,Oval/Medial
GCGGAAATCAGGGATG-1,1,LHb,LHb,si,c4-lhb-m28_4,Oval/Medial
GCGGAAATCGTGGAAG-1,1,LHb,LHb,si,c4-lhb-m28_4,Oval/Medial
GCGGATCAGATTGTGA-1,1,LHb,LHb,si,c4-lhb-m28_4,Oval/Medial
GCGGATCGTGCTCGTG-1,1,LHb,LHb,si,c4-lhb-m28_4,Oval/Medial
GCGGATCGTGGACAGT-1,1,LHb,LHb,si,c4-lhb-m28_4,Oval/Medial
GCGGATCTCCGAAGGA-1,1,LHb,LHb,si,c4-lhb-m28_4,Oval/Medial
GCGTGCAAGGTGAGCT-1,1,LHb,LHb,si,c4-lhb-m28_4,Oval/Medial
GCGTGCATCAGGGATG-1,1,LHb,LHb,si,c4-lhb-m28_4,Oval/Medial
GCTACAAGTCACTGAT-1,1,LHb,LHb,si,c4-lhb-m28_4,Oval/Medial
GCTACCTAGTTTCGGT-1,9,LHb,LHb,si,c4-lhb-m28_4,Marginal
GCTACCTGTCTCTCCA-1,1,LHb,LHb,si,c4-lhb-m28_4,Oval/Medial
GCTACCTTCCTTACCG-1,1,LHb,LHb,si,c4-lhb-m28_4,Oval/Medial
GCTACCTTCTTGTTAC-1,1,LHb,LHb,si,c4-lhb-m28_4,Oval/Medial
GCTGAATCAAAGTGTA-1,1,LHb,LHb,si,c4-lhb-m28_4,Oval/Medial
GCTGCAGGTCTCGGAC-1,1,LHb,LHb,si,c4-lhb-m28_4,Hbx
GCTTGGGAGAGTCCGA-1,1,LHb,LHb,si,c4-lhb-m28_4,Oval/Medial
GCTTGGGAGGGTTTCT-1,1,LHb,LHb,si,c4-lhb-m28_4,Oval/Medial
GCTTGGGTCCAAAGGG-1,1,LHb,LHb,si,c4-lhb-m28_4,Hbx
GGAACCCAGGTCATCT-1,1,LHb,LHb,si,c4-lhb-m28_4,Oval/Medial
GGAATCTAGATTAGAC-1,1,LHb,LHb,si,c4-lhb-m28_4,Oval/Medial
GGAATCTCAAGTCCCG-1,1,LHb,LHb,si,c4-lhb-m28_4,Oval/Medial
GGACGTCGTACTCAAC-1,1,LHb,LHb,si,c4-lhb-m28_4,Oval/Medial
GGAGATGAGGCTCCCA-1,9,LHb,LHb,si,c4-lhb-m28_4,Marginal
GGAGCAAGTCACCGCA-1,1,LHb,LHb,si,c4-lhb-m28_4,Oval/Medial
GGAGCAATCCGCAAAT-1,1,LHb,LHb,si,c4-lhb-m28_4,Oval/Medial
GGAGGATAGCCTGCCA-1,1,LHb,LHb,si,c4-lhb-m28_4,Oval/Medial
GGAGGTAAGTACTCGT-1,1,LHb,LHb,si,c4-lhb-m28_4,Oval/Medial
GGAGGTACAGACCCGT-1,1,LHb,LHb,si,c4-lhb-m28_4,Oval/Medial
GGAGGTAGTTAGTCGT-1,1,LHb,LHb,si,c4-lhb-m28_4,Oval/Medial
GGATCTAGTTTCCCAC-1,9,LHb,LHb,si,c4-lhb-m28_4,Marginal
GGATGTTAGCATCAGG-1,1,LHb,LHb,si,c4-lhb-m28_4,Oval/Medial
GGATGTTAGCGCCTCA-1,0,LHb,LHb,si,c4-lhb-m28_4,Hbx
GGATGTTGTTGTAGCT-1,1,LHb,LHb,si,c4-lhb-m28_4,Oval/Medial
GGCAGTCCAGAATCGG-1,1,LHb,LHb,si,c4-lhb-m28_4,Oval/Medial
GGCTGTGAGATTGTGA-1,1,LHb,LHb,si,c4-lhb-m28_4,Hbx
GGCTGTGGTAGCTAAA-1-1,1,LHb,LHb,si,c4-lhb-m28_4,Oval/Medial
GGGACAAGTGCCTATA-1,1,LHb,LHb,si,c4-lhb-m28_4,Oval/Medial
GGGAGTAGTTGCTCGG-1,1,LHb,LHb,si,c4-lhb-m28_4,Oval/Medial
GGGCCATGTCAGGAGT-1,1,LHb,LHb,si,c4-lhb-m28_4,Oval/Medial
GGGCGTTTCAGACCTA-1,1,LHb,LHb,si,c4-lhb-m28_4,Oval/Medial
GGGTATTAGAGAGAAC-1,0,LHb,LHb,si,c4-lhb-m28_4,Hbx
GGGTATTTCTGCGGGT-1,1,LHb,LHb,si,c4-lhb-m28_4,Oval/Medial
GGGTCACAGGTTACCT-1,1,LHb,LHb,si,c4-lhb-m28_4,Hbx
GGGTGAAGTTGCTCGG-1,1,LHb,LHb,si,c4-lhb-m28_4,Oval/Medial
GGGTTATAGAGAGTTT-1,9,LHb,LHb,si,c4-lhb-m28_4,Marginal
GGGTTATAGGAACGAA-1,1,LHb,LHb,si,c4-lhb-m28_4,Oval/Medial
GGGTTATTCAACGAGG-1,1,LHb,LHb,si,c4-lhb-m28_4,Lateral
GGGTTTATCAGACCCG-1,1,LHb,LHb,si,c4-lhb-m28_4,Oval/Medial
GGGTTTATCTTCCACG-1,1,LHb,LHb,si,c4-lhb-m28_4,Oval/Medial
GGGTTTATCTTTCGAT-1,1,LHb,LHb,si,c4-lhb-m28_4,Oval/Medial
GGTCTGGTCAAACCTG-1,1,LHb,LHb,si,c4-lhb-m28_4,Oval/Medial
GGTCTGGTCGATGGAG-1,1,LHb,LHb,si,c4-lhb-m28_4,Oval/Medial
GGTGGCTAGAATAACC-1,1,LHb,LHb,si,c4-lhb-m28_4,Lateral
GGTGTCGGTTTAGAGA-1,1,LHb,LHb,si,c4-lhb-m28_4,Oval/Medial
GGTGTTAGTCTACGAT-1,1,LHb,LHb,si,c4-lhb-m28_4,Oval/Medial
GGTTAACAGCCTCAAT-1,1,LHb,LHb,si,c4-lhb-m28_4,Oval/Medial
GTAACCAGTTGACTGT-1,1,LHb,LHb,si,c4-lhb-m28_4,Oval/Medial
GTAATCGTCGAGCCTG-1,1,LHb,LHb,si,c4-lhb-m28_4,Oval/Medial
GTAATGCAGCTCATAC-1,1,LHb,LHb,si,c4-lhb-m28_4,Oval/Medial
GTAATGCTCGCACGAC-1,1,LHb,LHb,si,c4-lhb-m28_4,Hbx
GTACAGTAGCTCATAC-1,1,LHb,LHb,si,c4-lhb-m28_4,Oval/Medial
GTACAGTCATCTGTTT-1,1,LHb,LHb,si,c4-lhb-m28_4,Oval/Medial
GTACAGTGTGTATTGC-1,1,LHb,LHb,si,c4-lhb-m28_4,Oval/Medial
GTACAGTTCTTTCCAA-1,1,LHb,LHb,si,c4-lhb-m28_4,Oval/Medial
GTAGATCCAGTTAAAG-1,1,LHb,LHb,si,c4-lhb-m28_4,Oval/Medial
GTAGCTATCGAATGCT-1,1,LHb,LHb,si,c4-lhb-m28_4,Oval/Medial
GTAGTACTCACCCTCA-1,1,LHb,LHb,si,c4-lhb-m28_4,Oval/Medial
GTATTGGAGTAGGATT-1,1,LHb,LHb,si,c4-lhb-m28_4,Oval/Medial
GTATTTCCATAATCCG-1,1,LHb,LHb,si,c4-lhb-m28_4,Oval/Medial
GTCACGGAGCAAGCCA-1,9,LHb,LHb,si,c4-lhb-m28_4,Marginal
GTCATCCAGTCTTCCC-1,1,LHb,LHb,si,c4-lhb-m28_4,Oval/Medial
GTCATCCAGTGAGGCT-1,13,LHb,LHb,si,c4-lhb-m28_4,Lateral
GTCATTTCAAGACTGG-1,1,LHb,LHb,si,c4-lhb-m28_4,Oval/Medial
GTCGAATGTGTTCGAT-1,1,LHb,LHb,si,c4-lhb-m28_4,Oval/Medial
GTCGCGAAGCACGATG-1,1,LHb,LHb,si,c4-lhb-m28_4,Oval/Medial
GTCGTAAGTTTCACTT-1,1,LHb,LHb,si,c4-lhb-m28_4,Oval/Medial
GTCGTTCAGCCGTCGT-1,1,LHb,LHb,si,c4-lhb-m28_4,Oval/Medial
GTGAGCCAGTCTTCCC-1,1,LHb,LHb,si,c4-lhb-m28_4,Oval/Medial
GTGAGCCCAGATACTC-1,1,LHb,LHb,si,c4-lhb-m28_4,Oval/Medial
GTGAGCCTCGTTCCCA-1,1,LHb,LHb,si,c4-lhb-m28_4,Oval/Medial
GTGAGTTAGAGCAGAA-1,1,LHb,LHb,si,c4-lhb-m28_4,Oval/Medial
GTGAGTTTCCTAGCGG-1,1,LHb,LHb,si,c4-lhb-m28_4,Oval/Medial
GTGATGTGTGCCCAGT-1,1,LHb,LHb,si,c4-lhb-m28_4,Oval/Medial
GTGATGTTCGAGAAAT-1,1,LHb,LHb,si,c4-lhb-m28_4,Oval/Medial
GTGCACGTCATCGGGC-1,1,LHb,LHb,si,c4-lhb-m28_4,Oval/Medial
GTGCGTGAGACGCCCT-1,1,LHb,LHb,si,c4-lhb-m28_4,Oval/Medial
GTGCGTGAGAGAATCT-1,1,LHb,LHb,si,c4-lhb-m28_4,Oval/Medial
GTGCGTGGTCGTATGT-1,1,LHb,LHb,si,c4-lhb-m28_4,Oval/Medial
GTGCGTGGTTCACGAT-1,1,LHb,LHb,si,c4-lhb-m28_4,Oval/Medial
GTGCTGGGTCACTCGG-1,1,LHb,LHb,si,c4-lhb-m28_4,Oval/Medial
GTGCTTCGTCCTGGGT-1,1,LHb,LHb,si,c4-lhb-m28_4,Oval/Medial
GTGGCGTCAAATGCTC-1,1,LHb,LHb,si,c4-lhb-m28_4,Oval/Medial
GTGGCGTCACGACTAT-1,1,LHb,LHb,si,c4-lhb-m28_4,Oval/Medial
GTGGTTACATGAGATA-1,1,LHb,LHb,si,c4-lhb-m28_4,Oval/Medial
GTGTGATCACTAACCA-1,1,LHb,LHb,si,c4-lhb-m28_4,Oval/Medial
GTGTGATCAGCTAACT-1,4,LHb,LHb,si,c4-lhb-m28_4,Marginal
GTGTGATCAGTCGAGA-1,1,LHb,LHb,si,c4-lhb-m28_4,Oval/Medial
GTGTGATGTCGTAATC-1,1,LHb,LHb,si,c4-lhb-m28_4,Oval/Medial
GTGTGATTCTTCTCAA-1,1,LHb,LHb,si,c4-lhb-m28_4,Oval/Medial
GTGTGGCGTATTGACC-1,1,LHb,LHb,si,c4-lhb-m28_4,Oval/Medial
GTGTTCCGTAGGCAAC-1,1,LHb,LHb,si,c4-lhb-m28_4,Oval/Medial
GTTACAGTCACTCTTA-1,1,LHb,LHb,si,c4-lhb-m28_4,Oval/Medial
GTTACGATCGATTTCT-1,1,LHb,LHb,si,c4-lhb-m28_4,Lateral
GTTCATTGTTACCTTT-1,9,LHb,LHb,si,c4-lhb-m28_4,Marginal
GTTCTATCAGTTAGGG-1,1,LHb,LHb,si,c4-lhb-m28_4,Oval/Medial
GTTGTAGCAAAGGGCT-1,1,LHb,LHb,si,c4-lhb-m28_4,Oval/Medial
GTTGTAGGTGACCGTC-1,1,LHb,LHb,si,c4-lhb-m28_4,Oval/Medial
GTTGTCCCATGGCGCT-1,1,LHb,LHb,si,c4-lhb-m28_4,Oval/Medial
GTTGTCCGTCGAAACG-1,1,LHb,LHb,si,c4-lhb-m28_4,Lateral
TAACCAGAGCCGAACA-1,1,LHb,LHb,si,c4-lhb-m28_4,Hbx
TAAGCACGTCAAAGCG-1,1,LHb,LHb,si,c4-lhb-m28_4,Oval/Medial
TAAGTCGGTATTCCGA-1,9,LHb,LHb,si,c4-lhb-m28_4,Marginal
TAATTCCTCATGGCCG-1,1,LHb,LHb,si,c4-lhb-m28_4,Oval/Medial
TACACCCAGGGATGTC-1,1,LHb,LHb,si,c4-lhb-m28_4,Oval/Medial
TACAGGTAGCCGATAG-1,1,LHb,LHb,si,c4-lhb-m28_4,Oval/Medial
TACATTCGTTTGAACC-1,1,LHb,LHb,si,c4-lhb-m28_4,Oval/Medial
TACCCACTCATTTGTC-1,1,LHb,LHb,si,c4-lhb-m28_4,Oval/Medial
TACCGGGCATGACAGG-1,1,LHb,LHb,si,c4-lhb-m28_4,Oval/Medial
TACCTCGCAACTAGAA-1,1,LHb,LHb,si,c4-lhb-m28_4,Oval/Medial
TACCTCGCAGCAAGAC-1,0,LHb,LHb,si,c4-lhb-m28_4,Hbx
TACGGTAGTTACCCTC-1,0,LHb,LHb,si,c4-lhb-m28_4,Marginal
TACGTCCAGATCGCTT-1,1,LHb,LHb,si,c4-lhb-m28_4,Oval/Medial
TACTGCCAGCATCCCG-1,1,LHb,LHb,si,c4-lhb-m28_4,Oval/Medial
TACTGCCCATCATCCC-1,1,LHb,LHb,si,c4-lhb-m28_4,Oval/Medial
TACTGCCTCTTGGGCG-1,9,LHb,LHb,si,c4-lhb-m28_4,Marginal
TACTTCAGTAGTCTGT-1,1,LHb,LHb,si,c4-lhb-m28_4,Oval/Medial
TAGACCATCGACACCG-1,1,LHb,LHb,si,c4-lhb-m28_4,Hbx
TAGACTGAGATCGCCC-1,1,LHb,LHb,si,c4-lhb-m28_4,Oval/Medial
TAGCACAAGTGACACG-1,1,LHb,LHb,si,c4-lhb-m28_4,Oval/Medial
TAGGAGGTCAGCTAGT-1,0,LHb,LHb,si,c4-lhb-m28_4,Oval/Medial
TAGGGTTAGCTGTACT-1,1,LHb,LHb,si,c4-lhb-m28_4,Oval/Medial
TAGGTACCACAATCTG-1,1,LHb,LHb,si,c4-lhb-m28_4,Oval/Medial
TAGGTACTCATACAGC-1,1,LHb,LHb,si,c4-lhb-m28_4,Oval/Medial
TAGGTTGGTGCACAAG-1,1,LHb,LHb,si,c4-lhb-m28_4,Oval/Medial
TATACCTTCATTTGGG-1,9,LHb,LHb,si,c4-lhb-m28_4,Marginal
TATCAGGAGCGTGAGT-1,1,LHb,LHb,si,c4-lhb-m28_4,Oval/Medial
TATCAGGCACGCTGAC-1,1,LHb,LHb,si,c4-lhb-m28_4,Oval/Medial
TATCCTAGTTGCATCA-1,1,LHb,LHb,si,c4-lhb-m28_4,Oval/Medial
TATCGCCCAATTAGGA-1,1,LHb,LHb,si,c4-lhb-m28_4,Oval/Medial
TATCGCCTCGCTAGCG-1,1,LHb,LHb,si,c4-lhb-m28_4,Oval/Medial
TATTGCTCATGTGACT-1,1,LHb,LHb,si,c4-lhb-m28_4,Oval/Medial
TATTTCGGTTTACTGG-1,1,LHb,LHb,si,c4-lhb-m28_4,Oval/Medial
TCAAGACCATGTAACC-1,1,LHb,LHb,si,c4-lhb-m28_4,Oval/Medial
TCAATCTGTTCGTACA-1,1,LHb,LHb,si,c4-lhb-m28_4,Oval/Medial
TCAATCTGTTTGTTGG-1,1,LHb,LHb,si,c4-lhb-m28_4,Oval/Medial
TCAATTCGTCGCATCG-1,1,LHb,LHb,si,c4-lhb-m28_4,Oval/Medial
TCACAAGAGATACATG-1,1,LHb,LHb,si,c4-lhb-m28_4,Oval/Medial
TCACATTAGGGAGGAC-1,1,LHb,LHb,si,c4-lhb-m28_4,Oval/Medial
TCACGGGAGAGGGTGG-1,1,LHb,LHb,si,c4-lhb-m28_4,Oval/Medial
TCACGGGCACGTCTCT-1,9,LHb,LHb,si,c4-lhb-m28_4,Marginal
TCACTATAGGATACGC-1,1,LHb,LHb,si,c4-lhb-m28_4,Oval/Medial
TCAGCAATCCACAGGC-1,1,LHb,LHb,si,c4-lhb-m28_4,Oval/Medial
TCAGCCTCAAGGCTTT-1,1,LHb,LHb,si,c4-lhb-m28_4,Oval/Medial
TCAGGGCCATCGTGGC-1,1,LHb,LHb,si,c4-lhb-m28_4,Oval/Medial
TCAGGTAAGGGAGTTC-1,13,LHb,LHb,si,c4-lhb-m28_4,Oval/Medial
TCAGTCCTCGAGATAA-1,1,LHb,LHb,si,c4-lhb-m28_4,Hbx
TCAGTTTCAGCGAACA-1,1,LHb,LHb,si,c4-lhb-m28_4,Oval/Medial
TCATCATAGAGGACTC-1,1,LHb,LHb,si,c4-lhb-m28_4,Oval/Medial
TCATCATAGCCGGAAT-1,13,LHb,LHb,si,c4-lhb-m28_4,Lateral
TCATCATAGTGCAAAT-1,1,LHb,LHb,si,c4-lhb-m28_4,Oval/Medial
TCATCCGTCTCTATAC-1,1,LHb,LHb,si,c4-lhb-m28_4,Oval/Medial
TCATGTTAGCAAGGAA-1,1,LHb,LHb,si,c4-lhb-m28_4,Oval/Medial
TCATGTTGTGGTCCGT-1,1,LHb,LHb,si,c4-lhb-m28_4,Oval/Medial
TCATTACAGTGCACCC-1,1,LHb,LHb,si,c4-lhb-m28_4,Oval/Medial
TCATTCAGTTCGGTCG-1,1,LHb,LHb,si,c4-lhb-m28_4,Oval/Medial
TCATTTGCAGCATACT-1,1,LHb,LHb,si,c4-lhb-m28_4,Oval/Medial
TCCACCACACTTCCTG-1,1,LHb,LHb,si,c4-lhb-m28_4,Lateral
TCCAGAAAGTTTCAGC-1,1,LHb,LHb,si,c4-lhb-m28_4,Oval/Medial
TCCGAAATCTAAACGC-1,0,LHb,LHb,si,c4-lhb-m28_4,Oval/Medial
TCCGATCCAACGACAG-1,1,LHb,LHb,si,c4-lhb-m28_4,Oval/Medial
TCCGATCCAGACTGCC-1,1,LHb,LHb,si,c4-lhb-m28_4,Oval/Medial
TCCGGGAAGGAGACCT-1,1,LHb,LHb,si,c4-lhb-m28_4,Oval/Medial
TCCGGGATCAAAGGTA-1,1,LHb,LHb,si,c4-lhb-m28_4,Lateral
TCCGGGATCTGCATGA-1,1,LHb,LHb,si,c4-lhb-m28_4,Lateral
TCCTAATCACTCACTC-1,1,LHb,LHb,si,c4-lhb-m28_4,Oval/Medial
TCCTCGAAGTCTCGTA-1,1,LHb,LHb,si,c4-lhb-m28_4,Oval/Medial
TCCTGCATCGCTAGCG-1,1,LHb,LHb,si,c4-lhb-m28_4,Oval/Medial
TCCTTCTTCCTTGACC-1,1,LHb,LHb,si,c4-lhb-m28_4,Oval/Medial
TCGAACAGTTGCTGAT-1,1,LHb,LHb,si,c4-lhb-m28_4,Oval/Medial
TCGAACATCAACTACG-1,9,LHb,LHb,si,c4-lhb-m28_4,Marginal
TCGAAGTAGCAATAGT-1,1,LHb,LHb,si,c4-lhb-m28_4,Oval/Medial
TCGACCTTCCAGCTCT-1,1,LHb,LHb,si,c4-lhb-m28_4,Oval/Medial
TCGACGGAGATCACCT-1,1,LHb,LHb,si,c4-lhb-m28_4,Oval/Medial
TCGATTTAGGTAGCAC-1,1,LHb,LHb,si,c4-lhb-m28_4,Oval/Medial
TCGCTCAGTCGCAGTC-1,1,LHb,LHb,si,c4-lhb-m28_4,Oval/Medial
TCGGATACAACAGCTT-1,1,LHb,LHb,si,c4-lhb-m28_4,Oval/Medial
TCGGATATCGAAATCC-1,1,LHb,LHb,si,c4-lhb-m28_4,Lateral
TCGGGACAGGGTGAAA-1,1,LHb,LHb,si,c4-lhb-m28_4,Oval/Medial
TCGGGACCAAAGAACT-1,1,LHb,LHb,si,c4-lhb-m28_4,Oval/Medial
TCGGGCAGTTGTGCCG-1,1,LHb,LHb,si,c4-lhb-m28_4,Oval/Medial
TCGGGTGAGCGAGGAG-1,1,LHb,LHb,si,c4-lhb-m28_4,Oval/Medial
TCGGGTGTCGCTCTCA-1,1,LHb,LHb,si,c4-lhb-m28_4,Oval/Medial
TCGGTCTTCCATACAG-1,1,LHb,LHb,si,c4-lhb-m28_4,Oval/Medial
TCGGTCTTCGCTACGG-1,1,LHb,LHb,si,c4-lhb-m28_4,Oval/Medial
TCGTCCAAGGTCTTTG-1,1,LHb,LHb,si,c4-lhb-m28_4,Oval/Medial
TCGTGCTGTGTTAGCT-1,1,LHb,LHb,si,c4-lhb-m28_4,Oval/Medial
TCTACCGTCGAGAAGC-1,0,LHb,LHb,si,c4-lhb-m28_4,Hbx
TCTGTCGTCAGCCTTC-1,1,LHb,LHb,si,c4-lhb-m28_4,Oval/Medial
TCTTTGATCAGCGCGT-1,1,LHb,LHb,si,c4-lhb-m28_4,Oval/Medial
TGAATGCAGATCGCTT-1,1,LHb,LHb,si,c4-lhb-m28_4,Oval/Medial
TGAATGCAGCGGATCA-1,1,LHb,LHb,si,c4-lhb-m28_4,Oval/Medial
TGACAGTCAGCTACCG-1,1,LHb,LHb,si,c4-lhb-m28_4,Oval/Medial
TGAGACTGTGGTTTGT-1,1,LHb,LHb,si,c4-lhb-m28_4,Oval/Medial
TGAGCATAGTTGGAGC-1,1,LHb,LHb,si,c4-lhb-m28_4,Oval/Medial
TGAGGAGGTCGCGGTT-1,1,LHb,LHb,si,c4-lhb-m28_4,Oval/Medial
TGATCAGAGGCTATCT-1,1,LHb,LHb,si,c4-lhb-m28_4,Oval/Medial
TGATGCACAGGCGAAT-1,1,LHb,LHb,si,c4-lhb-m28_4,Hbx
TGATGGTCAATCCAGT-1,1,LHb,LHb,si,c4-lhb-m28_4,Oval/Medial
TGATTCTGTTCCACAA-1,1,LHb,LHb,si,c4-lhb-m28_4,Oval/Medial
TGATTTCAGTCGAGGT-1,1,LHb,LHb,si,c4-lhb-m28_4,Oval/Medial
TGCAGTAAGCGTGTCC-1,1,LHb,LHb,si,c4-lhb-m28_4,Oval/Medial
TGCAGTAAGGGTAGCT-1,1,LHb,LHb,si,c4-lhb-m28_4,Lateral
TGCAGTACAAGCAGGT-1,1,LHb,LHb,si,c4-lhb-m28_4,Oval/Medial
TGCCGAGTCTGGGATT-1,1,LHb,LHb,si,c4-lhb-m28_4,Oval/Medial
TGCGACGGTGTAGCAG-1,1,LHb,LHb,si,c4-lhb-m28_4,Hbx
TGCGGCAAGTCGCCAC-1,1,LHb,LHb,si,c4-lhb-m28_4,Oval/Medial
TGCGGGTCACAGTGAG-1,1,LHb,LHb,si,c4-lhb-m28_4,Oval/Medial
TGCGGGTCATTGGCAT-1,1,LHb,LHb,si,c4-lhb-m28_4,Oval/Medial
TGCTCCATCTATTCGT-1,1,LHb,LHb,si,c4-lhb-m28_4,Oval/Medial
TGCTGAACACTGTCCT-1,1,LHb,LHb,si,c4-lhb-m28_4,Oval/Medial
TGCTGAAGTCGCATTA-1,1,LHb,LHb,si,c4-lhb-m28_4,Oval/Medial
TGCTTCGTCATGCCAA-1,1,LHb,LHb,si,c4-lhb-m28_4,Oval/Medial
TGCTTGCGTACTGCGC-1,9,LHb,LHb,si,c4-lhb-m28_4,Marginal
TGGAACTTCGGTGAAG-1,1,LHb,LHb,si,c4-lhb-m28_4,Oval/Medial
TGGAGAGTCGACATTG-1,1,LHb,LHb,si,c4-lhb-m28_4,Oval/Medial
TGGAGGAAGACTTCAC-1,1,LHb,LHb,si,c4-lhb-m28_4,Oval/Medial
TGGAGGAAGTATGATG-1,1,LHb,LHb,si,c4-lhb-m28_4,Oval/Medial
TGGGAAGAGATAGTGT-1,1,LHb,LHb,si,c4-lhb-m28_4,Oval/Medial
TGGGCGTAGAATTGCA-1,1,LHb,LHb,si,c4-lhb-m28_4,Oval/Medial
TGGGCGTAGCATGTTC-1,1,LHb,LHb,si,c4-lhb-m28_4,Oval/Medial
TGGGCGTCAACCAGAG-1,1,LHb,LHb,si,c4-lhb-m28_4,Oval/Medial
TGGGCGTCAAGCGGAT-1,1,LHb,LHb,si,c4-lhb-m28_4,Oval/Medial
TGGGCGTGTTCCACAA-1,1,LHb,LHb,si,c4-lhb-m28_4,Lateral
TGGGTTAAGAGTGTTA-1,1,LHb,LHb,si,c4-lhb-m28_4,Oval/Medial
TGGGTTACAATCGCGC-1,1,LHb,LHb,si,c4-lhb-m28_4,Oval/Medial
TGGTAGTAGGTGCTAG-1,1,LHb,LHb,si,c4-lhb-m28_4,Oval/Medial
TGGTAGTTCGTTATCT-1,1,LHb,LHb,si,c4-lhb-m28_4,Hbx
TGGTTAGGTAGACACG-1,1,LHb,LHb,si,c4-lhb-m28_4,Oval/Medial
TGGTTAGTCTCGAGTA-1,1,LHb,LHb,si,c4-lhb-m28_4,Oval/Medial
TGTAAGCAGTCCTGTA-1,13,LHb,LHb,si,c4-lhb-m28_4,Oval/Medial
TGTCCCAGTCTAGGCC-1,1,LHb,LHb,si,c4-lhb-m28_4,Oval/Medial
TGTGAGTTCATGAGTC-1,1,LHb,LHb,si,c4-lhb-m28_4,Oval/Medial
TGTGATGGTTATGTCG-1,1,LHb,LHb,si,c4-lhb-m28_4,Oval/Medial
TGTGCGGCAGAGTTGG-1,1,LHb,LHb,si,c4-lhb-m28_4,Oval/Medial
TGTGGCGCATGTTCAG-1,0,LHb,LHb,si,c4-lhb-m28_4,Hbx
TGTTACTAGTTACGAA-1,1,LHb,LHb,si,c4-lhb-m28_4,Oval/Medial
TGTTACTGTATAGCTC-1,1,LHb,LHb,si,c4-lhb-m28_4,Oval/Medial
TGTTCATAGCAACTCT-1,1,LHb,LHb,si,c4-lhb-m28_4,Oval/Medial
TGTTCATAGTACCATC-1,1,LHb,LHb,si,c4-lhb-m28_4,Oval/Medial
TGTTCCGTCGCGTGAC-1,1,LHb,LHb,si,c4-lhb-m28_4,Hbx
TGTTCTAAGTATCCTG-1,1,LHb,LHb,si,c4-lhb-m28_4,Oval/Medial
TGTTGGAAGGATGAGA-1,1,LHb,LHb,si,c4-lhb-m28_4,Oval/Medial
TTAATCCAGACATACA-1,1,LHb,LHb,si,c4-lhb-m28_4,Oval/Medial
TTACAGGAGGTCTACT-1,1,LHb,LHb,si,c4-lhb-m28_4,Oval/Medial
TTACCGCCAGCGCTTG-1,1,LHb,LHb,si,c4-lhb-m28_4,Oval/Medial
TTACGCCAGAGCCGAT-1,1,LHb,LHb,si,c4-lhb-m28_4,Oval/Medial
TTACGCCCACTTGTCC-1,1,LHb,LHb,si,c4-lhb-m28_4,Oval/Medial
TTACGTTTCGGATAAA-1,1,LHb,LHb,si,c4-lhb-m28_4,Oval/Medial
TTAGGCAAGGACGCAT-1,1,LHb,LHb,si,c4-lhb-m28_4,Oval/Medial
TTAGTCTTCGTGTCAA-1,0,LHb,LHb,si,c4-lhb-m28_4,Lateral
TTATTGCGTCGAATGG-1,1,LHb,LHb,si,c4-lhb-m28_4,Hbx
TTCAATCGTACGGATG-1,1,LHb,LHb,si,c4-lhb-m28_4,Oval/Medial
TTCAATCTCTCATGCC-1,1,LHb,LHb,si,c4-lhb-m28_4,Lateral
TTCACCGAGTCTAGCT-1,1,LHb,LHb,si,c4-lhb-m28_4,Lateral
TTCACGCAGTCTAGAA-1,1,LHb,LHb,si,c4-lhb-m28_4,Oval/Medial
TTCAGGATCTGAGAAA-1,1,LHb,LHb,si,c4-lhb-m28_4,Oval/Medial
TTCATTGCAGGCCCTA-1,1,LHb,LHb,si,c4-lhb-m28_4,Oval/Medial
TTCCGTGAGCAACTCT-1,1,LHb,LHb,si,c4-lhb-m28_4,Oval/Medial
TTCGATTGTCGGTGTC-1,9,LHb,LHb,si,c4-lhb-m28_4,Oval/Medial
TTCGCTGTCCATACTT-1,1,LHb,LHb,si,c4-lhb-m28_4,Lateral
TTCGGTCAGCATAGGC-1,1,LHb,LHb,si,c4-lhb-m28_4,Oval/Medial
TTCGGTCAGTAACCGG-1,1,LHb,LHb,si,c4-lhb-m28_4,Oval/Medial
TTCTCTCTCTCACCCA-1,1,LHb,LHb,si,c4-lhb-m28_4,Oval/Medial
TTCTGTAAGATACAGT-1,1,LHb,LHb,si,c4-lhb-m28_4,Oval/Medial
TTCTGTAAGTTAACAG-1,0,LHb,LHb,si,c4-lhb-m28_4,Oval/Medial
TTCTGTACACTTTAGG-1,1,LHb,LHb,si,c4-lhb-m28_4,Oval/Medial
TTCTGTATCTATTCGT-1,1,LHb,LHb,si,c4-lhb-m28_4,Oval/Medial
TTCTTCCCACAAGTTC-1,1,LHb,LHb,si,c4-lhb-m28_4,Oval/Medial
TTCTTCCTCGGTGTTA-1,1,LHb,LHb,si,c4-lhb-m28_4,Oval/Medial
TTCTTCCTCTTGGTGA-1,1,LHb,LHb,si,c4-lhb-m28_4,Oval/Medial
TTGCATTGTGGTCTAT-1,1,LHb,LHb,si,c4-lhb-m28_4,Oval/Medial
TTGCGTCGTACCGTCG-1,13,LHb,LHb,si,c4-lhb-m28_4,Oval/Medial
TTGCTGCCAGGACGAT-1,1,LHb,LHb,si,c4-lhb-m28_4,Oval/Medial
TTGCTGCGTCGTTGGC-1,1,LHb,LHb,si,c4-lhb-m28_4,Oval/Medial
TTGCTGCTCTAAACGC-1,1,LHb,LHb,si,c4-lhb-m28_4,Oval/Medial
TTGGATGAGGTCACTT-1,13,LHb,LHb,si,c4-lhb-m28_4,Oval/Medial
TTGGATGCATCGAAGG-1,1,LHb,LHb,si,c4-lhb-m28_4,Oval/Medial
TTGGGATGTCATAGTC-1,1,LHb,LHb,si,c4-lhb-m28_4,Oval/Medial
TTGGGATTCCCTGGTT-1,1,LHb,LHb,si,c4-lhb-m28_4,Lateral
TTGGGTAAGATGACCG-1,1,LHb,LHb,si,c4-lhb-m28_4,Oval/Medial
TTGTGGACACGAGGTA-1,1,LHb,LHb,si,c4-lhb-m28_4,Oval/Medial
TTGTGGAGTCAAGGCA-1,4,LHb,LHb,si,c4-lhb-m28_4,Oval/Medial
TTGTTTGTCTACGGGC-1,1,LHb,LHb,si,c4-lhb-m28_4,Oval/Medial
TTTACCAAGAGTTCGG-1,1,LHb,LHb,si,c4-lhb-m28_4,Oval/Medial
TTTACCAAGCACTCAT-1,1,LHb,LHb,si,c4-lhb-m28_4,Oval/Medial
TTTACCAAGCTTCATG-1,1,LHb,LHb,si,c4-lhb-m28_4,Oval/Medial
TTTACGTTCGTTGTGA-1,1,LHb,LHb,si,c4-lhb-m28_4,Oval/Medial
TTTAGTCCAGTATGAA-1,1,LHb,LHb,si,c4-lhb-m28_4,Oval/Medial
TTTAGTCTCCCAGGAC-1,0,LHb,LHb,si,c4-lhb-m28_4,Oval/Medial
TTTATGCGTGAAAGTT-1,1,LHb,LHb,si,c4-lhb-m28_4,Oval/Medial
TTTCAGTAGGAACGCT-1,1,LHb,LHb,si,c4-lhb-m28_4,Oval/Medial
TTTCATGTCGCTAGCG-1,1,LHb,LHb,si,c4-lhb-m28_4,Lateral
TTTCCTCGTTGGCTAT-1,1,LHb,LHb,si,c4-lhb-m28_4,Oval/Medial
TTTCGATCAGACCAAG-1,9,LHb,LHb,si,c4-lhb-m28_4,Marginal
TTTCGATGTGGGTCAA-1,9,LHb,LHb,si,c4-lhb-m28_4,Marginal
TTTCGATTCACTGAAC-1,1,LHb,LHb,si,c4-lhb-m28_4,Oval/Medial
TTTGACTTCGCTAAAC-1,1,LHb,LHb,si,c4-lhb-m28_4,Oval/Medial
TTTGATCGTCAGTTTG-1,1,LHb,LHb,si,c4-lhb-m28_4,Oval/Medial
TTTGTTGCAGAAATTG-1,1,LHb,LHb,si,c4-lhb-m28_4,Oval/Medial
TTTGTTGCAGACCTGC-1,1,LHb,LHb,si,c4-lhb-m28_4,Oval/Medial
TTTGTTGGTGATTGGG-1,1,LHb,LHb,si,c4-lhb-m28_4,Oval/Medial
AAACCCATCGCACGGT-1,1,LHb,LHb,resilient,c3-lhb-m21_4,Hbx
AAACGAAAGCAGGCAT-1,1,LHb,LHb,resilient,c3-lhb-m21_4,Oval/Medial
AAACGAACAGTAACAA-1,1,LHb,LHb,resilient,c3-lhb-m21_4,Oval/Medial
AAACGCTCACAACGCC-1,1,LHb,LHb,resilient,c3-lhb-m21_4,Oval/Medial
AAACGCTGTTACGATC-1,1,LHb,LHb,resilient,c3-lhb-m21_4,Oval/Medial
AAAGAACGTTTCGTGA-1,1,LHb,LHb,resilient,c3-lhb-m21_4,Oval/Medial
AAAGGATTCGTTGTGA-1,1,LHb,LHb,resilient,c3-lhb-m21_4,Oval/Medial
AAAGGTACAGAAACCG-1,9,LHb,LHb,resilient,c3-lhb-m21_4,Marginal
AAAGTCCGTCTTACTT-1,0,LHb,LHb,resilient,c3-lhb-m21_4,Oval/Medial
AAAGTGACACAGCCAC-1,1,LHb,LHb,resilient,c3-lhb-m21_4,Hbx
AAAGTGATCGTGGAAG-1,1,LHb,LHb,resilient,c3-lhb-m21_4,Oval/Medial
AACAAAGGTGTTAGCT-1,1,LHb,LHb,resilient,c3-lhb-m21_4,Oval/Medial
AACACACGTGTTTCTT-1,1,LHb,LHb,resilient,c3-lhb-m21_4,Oval/Medial
AACACACTCACTGTCC-1,1,LHb,LHb,resilient,c3-lhb-m21_4,Oval/Medial
AACAGGGCAAGAGCTG-1,1,LHb,LHb,resilient,c3-lhb-m21_4,Oval/Medial
AACAGGGCAGGACAGT-1,1,LHb,LHb,resilient,c3-lhb-m21_4,Oval/Medial
AACAGGGGTATCTCTT-1,1,LHb,LHb,resilient,c3-lhb-m21_4,Oval/Medial
AACAGGGGTTGTCCCT-1,1,LHb,LHb,resilient,c3-lhb-m21_4,Hbx
AACAGGGTCCATTTAC-1,1,LHb,LHb,resilient,c3-lhb-m21_4,Oval/Medial
AACCAACAGCCTTTGA-1,1,LHb,LHb,resilient,c3-lhb-m21_4,Oval/Medial
AACCAACTCAAGCCTA-1,1,LHb,LHb,resilient,c3-lhb-m21_4,Oval/Medial
AACCACATCGAGAAAT-1,1,LHb,LHb,resilient,c3-lhb-m21_4,Oval/Medial
AACCATGAGAACGCGT-1,1,LHb,LHb,resilient,c3-lhb-m21_4,Oval/Medial
AACCATGTCCGTGTGG-1,1,LHb,LHb,resilient,c3-lhb-m21_4,Oval/Medial
AACCCAATCACCTTAT-1,1,LHb,LHb,resilient,c3-lhb-m21_4,Oval/Medial
AACCTGAGTTACACAC-1,1,LHb,LHb,resilient,c3-lhb-m21_4,Oval/Medial
AACGAAACACGCGCAT-1,1,LHb,LHb,resilient,c3-lhb-m21_4,Lateral
AACGAAAGTAAGGTCG-1,1,LHb,LHb,resilient,c3-lhb-m21_4,Oval/Medial
AACGAAATCTTCTCAA-1,1,LHb,LHb,resilient,c3-lhb-m21_4,Oval/Medial
AACGTCAAGCGTGCCT-1,1,LHb,LHb,resilient,c3-lhb-m21_4,Oval/Medial
AACTTCTCAATACGCT-1,9,LHb,LHb,resilient,c3-lhb-m21_4,Marginal
AAGACAAGTACTGCCG-1,1,LHb,LHb,resilient,c3-lhb-m21_4,Hbx
AAGACAAGTCTCAGGC-1,1,LHb,LHb,resilient,c3-lhb-m21_4,Oval/Medial
AAGATAGCACTGGACC-1,1,LHb,LHb,resilient,c3-lhb-m21_4,Oval/Medial
AAGATAGCAGCGGATA-1,1,LHb,LHb,resilient,c3-lhb-m21_4,Oval/Medial
AAGATAGTCTGATGGT-1,9,LHb,LHb,resilient,c3-lhb-m21_4,Marginal
AAGCATCAGACGACTG-1,1,LHb,LHb,resilient,c3-lhb-m21_4,Lateral
AAGCATCAGCCTCAAT-1,1,LHb,LHb,resilient,c3-lhb-m21_4,Oval/Medial
AAGCATCTCTCGGTCT-1,1,LHb,LHb,resilient,c3-lhb-m21_4,Oval/Medial
AAGCCATTCAGACATC-1,1,LHb,LHb,resilient,c3-lhb-m21_4,Lateral
AAGCGAGTCTGGTTGA-1,1,LHb,LHb,resilient,c3-lhb-m21_4,Oval/Medial
AAGCGTTCACCTCGTT-1,1,LHb,LHb,resilient,c3-lhb-m21_4,Oval/Medial
AAGCGTTGTCGGTGAA-1,1,LHb,LHb,resilient,c3-lhb-m21_4,Oval/Medial
AAGGAATTCAGTCCGG-1,1,LHb,LHb,resilient,c3-lhb-m21_4,Oval/Medial
AAGTCGTCAGTGTATC-1,1,LHb,LHb,resilient,c3-lhb-m21_4,Oval/Medial
AAGTCGTTCCTTGACC-1,1,LHb,LHb,resilient,c3-lhb-m21_4,Marginal
AAGTGAAGTGTGGTCC-1,1,LHb,LHb,resilient,c3-lhb-m21_4,Oval/Medial
AAGTGAATCCATACAG-1,1,LHb,LHb,resilient,c3-lhb-m21_4,Oval/Medial
AAGTGAATCCTTGACC-1,1,LHb,LHb,resilient,c3-lhb-m21_4,Oval/Medial
AAGTTCGTCTTACTGT-1,1,LHb,LHb,resilient,c3-lhb-m21_4,Hbx
AATCGACTCACTAGCA-1,1,LHb,LHb,resilient,c3-lhb-m21_4,Oval/Medial
AATCGTGCAGCGTACC-1,1,LHb,LHb,resilient,c3-lhb-m21_4,Hbx
AATCGTGTCGACATAC-1,1,LHb,LHb,resilient,c3-lhb-m21_4,Oval/Medial
AATGCCAAGCGTATAA-1,1,LHb,LHb,resilient,c3-lhb-m21_4,Oval/Medial
AATGCCAGTCCCTCAT-1,1,LHb,LHb,resilient,c3-lhb-m21_4,Hbx
AATGGAAAGTAAACTG-1,1,LHb,LHb,resilient,c3-lhb-m21_4,Oval/Medial
AATGGCTCAGCGATTT-1,1,LHb,LHb,resilient,c3-lhb-m21_4,Oval/Medial
AATGGCTTCCCAGGAC-1,1,LHb,LHb,resilient,c3-lhb-m21_4,Oval/Medial
AATGGCTTCGCACTCT-1,1,LHb,LHb,resilient,c3-lhb-m21_4,Oval/Medial
AATTTCCAGCTGGCCT-1,1,LHb,LHb,resilient,c3-lhb-m21_4,Oval/Medial
ACAAAGAGTAACACCT-1,1,LHb,LHb,resilient,c3-lhb-m21_4,Oval/Medial
ACAACCAAGGACACTG-1,1,LHb,LHb,resilient,c3-lhb-m21_4,Oval/Medial
ACACAGTGTGATCGTT-1,0,LHb,LHb,resilient,c3-lhb-m21_4,Oval/Medial
ACACAGTGTGTAGTGG-1,1,LHb,LHb,resilient,c3-lhb-m21_4,Oval/Medial
ACACAGTGTTGACTGT-1,1,LHb,LHb,resilient,c3-lhb-m21_4,Hbx
ACACCAACATATCTGG-1,1,LHb,LHb,resilient,c3-lhb-m21_4,Oval/Medial
ACACGCGGTGCATACT-1,1,LHb,LHb,resilient,c3-lhb-m21_4,Oval/Medial
ACACTGAAGCAGCAGT-1,1,LHb,LHb,resilient,c3-lhb-m21_4,Oval/Medial
ACACTGACAGTTGCGC-1,9,LHb,LHb,resilient,c3-lhb-m21_4,Marginal
ACACTGAGTCGACTTA-1,1,LHb,LHb,resilient,c3-lhb-m21_4,Oval/Medial
ACACTGATCGCTAAAC-1,1,LHb,LHb,resilient,c3-lhb-m21_4,Oval/Medial
ACAGAAAGTGGTTTGT-1,0,LHb,LHb,resilient,c3-lhb-m21_4,Hbx
ACAGCCGGTGTCATGT-1,1,LHb,LHb,resilient,c3-lhb-m21_4,Hbx
ACAGGGATCCACGGAC-1,1,LHb,LHb,resilient,c3-lhb-m21_4,Hbx
ACATGCATCAGTCATG-1,1,LHb,LHb,resilient,c3-lhb-m21_4,Oval/Medial
ACCAAACTCAGGAACG-1,9,LHb,LHb,resilient,c3-lhb-m21_4,Marginal
ACCAAACTCCGATCTC-1,1,LHb,LHb,resilient,c3-lhb-m21_4,Oval/Medial
ACCATTTGTCGGTACC-1,1,LHb,LHb,resilient,c3-lhb-m21_4,Oval/Medial
ACCCAAAAGTCTTGGT-1,1,LHb,LHb,resilient,c3-lhb-m21_4,Oval/Medial
ACCCTCAGTAGGTCAG-1,1,LHb,LHb,resilient,c3-lhb-m21_4,Oval/Medial
ACCCTTGGTCCGAAGA-1,0,LHb,LHb,resilient,c3-lhb-m21_4,Oval/Medial
ACCCTTGTCCATTGGA-1,1,LHb,LHb,resilient,c3-lhb-m21_4,Oval/Medial
ACCGTTCTCTGACGCG-1,1,LHb,LHb,resilient,c3-lhb-m21_4,Oval/Medial
ACCTACCGTTATTCCT-1,1,LHb,LHb,resilient,c3-lhb-m21_4,Lateral
ACCTGTCCAGCCTACG-1,1,LHb,LHb,resilient,c3-lhb-m21_4,Hbx
ACCTGTCGTGCGAACA-1,1,LHb,LHb,resilient,c3-lhb-m21_4,Oval/Medial
ACGATGTAGAAACCCG-1,1,LHb,LHb,resilient,c3-lhb-m21_4,Oval/Medial
ACGCACGAGTGAGGTC-1,1,LHb,LHb,resilient,c3-lhb-m21_4,Oval/Medial
ACGCACGCAGCTCGGT-1,1,LHb,LHb,resilient,c3-lhb-m21_4,Lateral
ACGGGTCGTAGGAGGG-1,9,LHb,LHb,resilient,c3-lhb-m21_4,Marginal
ACGGTCGGTAGCCAGA-1,0,LHb,LHb,resilient,c3-lhb-m21_4,Hbx
ACGGTCGTCACTGGTA-1,1,LHb,LHb,resilient,c3-lhb-m21_4,Oval/Medial
ACGTACAGTCTTGCGG-1,1,LHb,LHb,resilient,c3-lhb-m21_4,Oval/Medial
ACGTAGTGTGCGAACA-1,1,LHb,LHb,resilient,c3-lhb-m21_4,Hbx
ACGTAGTGTTGCGGCT-1,1,LHb,LHb,resilient,c3-lhb-m21_4,Oval/Medial
ACGTCCTAGGCACTAG-1,1,LHb,LHb,resilient,c3-lhb-m21_4,Oval/Medial
ACGTTCCGTGGGCTTC-1,1,LHb,LHb,resilient,c3-lhb-m21_4,Hbx
ACTACGAAGCCGATCC-1,9,LHb,LHb,resilient,c3-lhb-m21_4,Marginal
ACTATCTTCTCGCTCA-1,1,LHb,LHb,resilient,c3-lhb-m21_4,Oval/Medial
ACTCTCGGTAGGACCA-1,1,LHb,LHb,resilient,c3-lhb-m21_4,Oval/Medial
ACTGATGGTCCAAGAG-1,1,LHb,LHb,resilient,c3-lhb-m21_4,Hbx
ACTGATGTCGACGCGT-1,1,LHb,LHb,resilient,c3-lhb-m21_4,Lateral
ACTGTCCGTTAATGAG-1,1,LHb,LHb,resilient,c3-lhb-m21_4,Lateral
ACTGTCCTCCTACTGC-1,9,LHb,LHb,resilient,c3-lhb-m21_4,Marginal
ACTGTGAAGTCCGCGT-1,1,LHb,LHb,resilient,c3-lhb-m21_4,Oval/Medial
ACTTAGGCATGGAAGC-1,1,LHb,LHb,resilient,c3-lhb-m21_4,Lateral
ACTTATCAGTGATGGC-1,1,LHb,LHb,resilient,c3-lhb-m21_4,Oval/Medial
ACTTCCGAGTTGAAAC-1,1,LHb,LHb,resilient,c3-lhb-m21_4,Oval/Medial
ACTTCCGTCAGCTTGA-1,1,LHb,LHb,resilient,c3-lhb-m21_4,Oval/Medial
ACTTCGCGTAACTAAG-1,1,LHb,LHb,resilient,c3-lhb-m21_4,Oval/Medial
ACTTTCATCACCCTTG-1,1,LHb,LHb,resilient,c3-lhb-m21_4,Hbx
ACTTTGTTCTACTGCC-1,1,LHb,LHb,resilient,c3-lhb-m21_4,Hbx
AGAACAACACAGTCGC-1,1,LHb,LHb,resilient,c3-lhb-m21_4,Oval/Medial
AGAACCTCAAACTCTG-1,1,LHb,LHb,resilient,c3-lhb-m21_4,Oval/Medial
AGAACCTGTGTCCGGT-1,1,LHb,LHb,resilient,c3-lhb-m21_4,Oval/Medial
AGACAAACAGGCATTT-1,1,LHb,LHb,resilient,c3-lhb-m21_4,Lateral
AGACACTAGCCAACCC-1,1,LHb,LHb,resilient,c3-lhb-m21_4,Oval/Medial
AGACAGGGTGGTCAAG-1,1,LHb,LHb,resilient,c3-lhb-m21_4,Oval/Medial
AGACCATTCCGTATGA-1,1,LHb,LHb,resilient,c3-lhb-m21_4,Oval/Medial
AGACCCGGTTCTGAGT-1,1,LHb,LHb,resilient,c3-lhb-m21_4,Oval/Medial
AGACTCATCCGCTGTT-1,9,LHb,LHb,resilient,c3-lhb-m21_4,Marginal
AGAGAATAGCGGTATG-1,1,LHb,LHb,resilient,c3-lhb-m21_4,Oval/Medial
AGAGAATCATATGCGT-1,1,LHb,LHb,resilient,c3-lhb-m21_4,Hbx
AGAGAATGTACGACTT-1,1,LHb,LHb,resilient,c3-lhb-m21_4,Hbx
AGAGAGCAGTCATGAA-1,1,LHb,LHb,resilient,c3-lhb-m21_4,Oval/Medial
AGAGAGCAGTCTAGAA-1,1,LHb,LHb,resilient,c3-lhb-m21_4,Oval/Medial
AGAGAGCGTAATGTGA-1,1,LHb,LHb,resilient,c3-lhb-m21_4,Oval/Medial
AGAGAGCGTTTGGGAG-1,1,LHb,LHb,resilient,c3-lhb-m21_4,Hbx
AGAGCCCTCGAGTCTA-1,1,LHb,LHb,resilient,c3-lhb-m21_4,Oval/Medial
AGATCGTCAACAGATA-1,1,LHb,LHb,resilient,c3-lhb-m21_4,Lateral
AGATCGTCATCCGTGG-1,1,LHb,LHb,resilient,c3-lhb-m21_4,Lateral
AGATCGTTCCACACCT-1,1,LHb,LHb,resilient,c3-lhb-m21_4,Oval/Medial
AGCATCAAGCTATCTG-1,1,LHb,LHb,resilient,c3-lhb-m21_4,Oval/Medial
AGCATCATCCACTGGG-1,1,LHb,LHb,resilient,c3-lhb-m21_4,Oval/Medial
AGCATCATCTCTCGAC-1,1,LHb,LHb,resilient,c3-lhb-m21_4,Oval/Medial
AGCCACGCAAGGGCAT-1,1,LHb,LHb,resilient,c3-lhb-m21_4,Oval/Medial
AGCCAGCAGACCAAAT-1,1,LHb,LHb,resilient,c3-lhb-m21_4,Oval/Medial
AGCGCCAAGCTAAGTA-1,1,LHb,LHb,resilient,c3-lhb-m21_4,Oval/Medial
AGCGCCATCACCGGGT-1,1,LHb,LHb,resilient,c3-lhb-m21_4,Oval/Medial
AGCGTATAGACTTCAC-1,1,LHb,LHb,resilient,c3-lhb-m21_4,Lateral
AGCGTATCATAGGCGA-1,1,LHb,LHb,resilient,c3-lhb-m21_4,Oval/Medial
AGCGTCGCAATCCTTT-1,9,LHb,LHb,resilient,c3-lhb-m21_4,Marginal
AGCGTCGGTCCACTTC-1,1,LHb,LHb,resilient,c3-lhb-m21_4,Oval/Medial
AGCGTCGTCTTTGATC-1,1,LHb,LHb,resilient,c3-lhb-m21_4,Oval/Medial
AGCTACACACAAAGTA-1,1,LHb,LHb,resilient,c3-lhb-m21_4,Oval/Medial
AGCTACATCAGCTGTA-1,1,LHb,LHb,resilient,c3-lhb-m21_4,Oval/Medial
AGCTCAAAGTCATCCA-1,1,LHb,LHb,resilient,c3-lhb-m21_4,Oval/Medial
AGCTCAAGTGCAAGAC-1,1,LHb,LHb,resilient,c3-lhb-m21_4,Oval/Medial
AGCTTCCCATCAGCGC-1,1,LHb,LHb,resilient,c3-lhb-m21_4,Oval/Medial
AGGAAATCACTGCTTC-1,1,LHb,LHb,resilient,c3-lhb-m21_4,Oval/Medial
AGGAAATTCATGCCAA-1,1,LHb,LHb,resilient,c3-lhb-m21_4,Oval/Medial
AGGAATACACTCTAGA-1,1,LHb,LHb,resilient,c3-lhb-m21_4,Oval/Medial
AGGAGGTAGAAGCTCG-1,1,LHb,LHb,resilient,c3-lhb-m21_4,Hbx
AGGAGGTCACCTCGTT-1,1,LHb,LHb,resilient,c3-lhb-m21_4,Oval/Medial
AGGATAACAGGTATGG-1,1,LHb,LHb,resilient,c3-lhb-m21_4,Oval/Medial
AGGATAAGTGAGGCAT-1,1,LHb,LHb,resilient,c3-lhb-m21_4,Oval/Medial
AGGATAATCCCTATTA-1,9,LHb,LHb,resilient,c3-lhb-m21_4,Marginal
AGGATCTTCACCATCC-1,1,LHb,LHb,resilient,c3-lhb-m21_4,Oval/Medial
AGGCATTAGCCTCATA-1,1,LHb,LHb,resilient,c3-lhb-m21_4,Oval/Medial
AGGCCACCACTGAGGA-1,1,LHb,LHb,resilient,c3-lhb-m21_4,Oval/Medial
AGGCCACGTTCTTAGG-1,1,LHb,LHb,resilient,c3-lhb-m21_4,Oval/Medial
AGGCCACTCTGGTTGA-1,1,LHb,LHb,resilient,c3-lhb-m21_4,Oval/Medial
AGGCTGCTCTTTGCAT-1,1,LHb,LHb,resilient,c3-lhb-m21_4,Oval/Medial
AGGGAGTAGGCCTGAA-1,9,LHb,LHb,resilient,c3-lhb-m21_4,Marginal
AGGGAGTCAACGACTT-1,1,LHb,LHb,resilient,c3-lhb-m21_4,Oval/Medial
AGGGAGTGTAGCGAGT-1,1,LHb,LHb,resilient,c3-lhb-m21_4,Oval/Medial
AGGGCCTCACTGTGTA-1,1,LHb,LHb,resilient,c3-lhb-m21_4,Oval/Medial
AGGGCCTGTCACCACG-1,1,LHb,LHb,resilient,c3-lhb-m21_4,Oval/Medial
AGGGTCCCACTGAGGA-1,1,LHb,LHb,resilient,c3-lhb-m21_4,Oval/Medial
AGGGTCCCAGCTGTCG-1-1,1,LHb,LHb,resilient,c3-lhb-m21_4,Oval/Medial
AGGGTCCCATAACAGA-1,1,LHb,LHb,resilient,c3-lhb-m21_4,Oval/Medial
AGGTCTAAGGAACGTC-1,1,LHb,LHb,resilient,c3-lhb-m21_4,Hbx
AGGTCTACACAACCGC-1,1,LHb,LHb,resilient,c3-lhb-m21_4,Oval/Medial
AGGTCTATCAGCTGAT-1,1,LHb,LHb,resilient,c3-lhb-m21_4,Oval/Medial
AGGTCTATCGTGCATA-1,1,LHb,LHb,resilient,c3-lhb-m21_4,Oval/Medial
AGGTGTTGTGGCAACA-1,1,LHb,LHb,resilient,c3-lhb-m21_4,Oval/Medial
AGGTTACTCTATGCCC-1,1,LHb,LHb,resilient,c3-lhb-m21_4,Oval/Medial
AGGTTGTCAGCGAGTA-1,1,LHb,LHb,resilient,c3-lhb-m21_4,Oval/Medial
AGTAACCCAGTTCCAA-1,1,LHb,LHb,resilient,c3-lhb-m21_4,Oval/Medial
AGTAACCGTCTTGAAC-1,1,LHb,LHb,resilient,c3-lhb-m21_4,Oval/Medial
AGTAACCGTTAAGGAT-1,1,LHb,LHb,resilient,c3-lhb-m21_4,Oval/Medial
AGTACCAAGCGGATCA-1,9,LHb,LHb,resilient,c3-lhb-m21_4,Marginal
AGTACCAAGTAATACG-1,1,LHb,LHb,resilient,c3-lhb-m21_4,Oval/Medial
AGTACTGGTGCCCAGT-1,1,LHb,LHb,resilient,c3-lhb-m21_4,Oval/Medial
AGTGCCGCACGGTAGA-1,9,LHb,LHb,resilient,c3-lhb-m21_4,Marginal
AGTGCCGTCACCCATC-1,1,LHb,LHb,resilient,c3-lhb-m21_4,Hbx
AGTTAGCAGTCCTGTA-1,1,LHb,LHb,resilient,c3-lhb-m21_4,Oval/Medial
ATACCGAAGCGGCTCT-1,1,LHb,LHb,resilient,c3-lhb-m21_4,Oval/Medial
ATAGACCCAGGTTTAC-1,1,LHb,LHb,resilient,c3-lhb-m21_4,Oval/Medial
ATAGAGATCTGAACGT-1,1,LHb,LHb,resilient,c3-lhb-m21_4,Hbx
ATAGGCTAGACAAGCC-1,1,LHb,LHb,resilient,c3-lhb-m21_4,Oval/Medial
ATAGGCTGTAGTCACT-1,1,LHb,LHb,resilient,c3-lhb-m21_4,Oval/Medial
ATATCCTCATGCCGAC-1,9,LHb,LHb,resilient,c3-lhb-m21_4,Marginal
ATCACGACATACCATG-1,1,LHb,LHb,resilient,c3-lhb-m21_4,Oval/Medial
ATCACGAGTGCCTAAT-1,1,LHb,LHb,resilient,c3-lhb-m21_4,Oval/Medial
ATCACTTAGGGAGAAT-1,9,LHb,LHb,resilient,c3-lhb-m21_4,Marginal
ATCAGGTTCTTCGTGC-1,1,LHb,LHb,resilient,c3-lhb-m21_4,Oval/Medial
ATCATTCCATTGCTTT-1,1,LHb,LHb,resilient,c3-lhb-m21_4,Oval/Medial
ATCCACCAGCCAAGGT-1,1,LHb,LHb,resilient,c3-lhb-m21_4,Oval/Medial
ATCCACCAGTCCGTCG-1,1,LHb,LHb,resilient,c3-lhb-m21_4,Oval/Medial
ATCCACCTCGCATGAT-1,0,LHb,LHb,resilient,c3-lhb-m21_4,Oval/Medial
ATCCCTGTCCTTCTAA-1,1,LHb,LHb,resilient,c3-lhb-m21_4,Lateral
ATCCGTCAGCAAGTGC-1,1,LHb,LHb,resilient,c3-lhb-m21_4,Oval/Medial
ATCCGTCGTTTGGGTT-1,1,LHb,LHb,resilient,c3-lhb-m21_4,Oval/Medial
ATCCTATAGCATCCCG-1,9,LHb,LHb,resilient,c3-lhb-m21_4,Marginal
ATCCTATAGGACGCTA-1,1,LHb,LHb,resilient,c3-lhb-m21_4,Oval/Medial
ATCCTATTCGTGGGAA-1,1,LHb,LHb,resilient,c3-lhb-m21_4,Oval/Medial
ATCGATGTCTCTGGTC-1,1,LHb,LHb,resilient,c3-lhb-m21_4,Oval/Medial
ATCGCCTCAGAATCGG-1,9,LHb,LHb,resilient,c3-lhb-m21_4,Marginal
ATCGGCGAGCTCGACC-1,1,LHb,LHb,resilient,c3-lhb-m21_4,Lateral
ATCGTCCCAGCACAAG-1,1,LHb,LHb,resilient,c3-lhb-m21_4,Oval/Medial
ATCGTCCCAGTCTGGC-1,1,LHb,LHb,resilient,c3-lhb-m21_4,Oval/Medial
ATCGTCCGTTCCACAA-1,1,LHb,LHb,resilient,c3-lhb-m21_4,Oval/Medial
ATCGTCCTCCGTGACG-1,1,LHb,LHb,resilient,c3-lhb-m21_4,Oval/Medial
ATCTCTAAGATCGACG-1,1,LHb,LHb,resilient,c3-lhb-m21_4,Oval/Medial
ATCTCTATCGCGTGCA-1,1,LHb,LHb,resilient,c3-lhb-m21_4,Hbx
ATCTCTATCTTTGCAT-1,1,LHb,LHb,resilient,c3-lhb-m21_4,Oval/Medial
ATCTTCAAGGAAGTCC-1,1,LHb,LHb,resilient,c3-lhb-m21_4,Oval/Medial
ATCTTCACACAGTCCG-1,1,LHb,LHb,resilient,c3-lhb-m21_4,Lateral
ATCTTCACATCGCCTT-1,1,LHb,LHb,resilient,c3-lhb-m21_4,Oval/Medial
ATCTTCAGTAAGGCCA-1,1,LHb,LHb,resilient,c3-lhb-m21_4,Oval/Medial
ATGAAAGCATTGAGCT-1,1,LHb,LHb,resilient,c3-lhb-m21_4,Oval/Medial
ATGAAAGGTAACCCGC-1,1,LHb,LHb,resilient,c3-lhb-m21_4,Oval/Medial
ATGACCATCATCGCAA-1,1,LHb,LHb,resilient,c3-lhb-m21_4,Oval/Medial
ATGAGGGGTCACGACC-1,9,LHb,LHb,resilient,c3-lhb-m21_4,Marginal
ATGCATGGTATCCTCC-1,1,LHb,LHb,resilient,c3-lhb-m21_4,Oval/Medial
ATGCCTCAGTACGAGC-1,1,LHb,LHb,resilient,c3-lhb-m21_4,Oval/Medial
ATGCCTCGTATCTCTT-1,9,LHb,LHb,resilient,c3-lhb-m21_4,Marginal
ATGCGATGTCTGTGCG-1,1,LHb,LHb,resilient,c3-lhb-m21_4,Oval/Medial
ATGGAGGTCCGTATGA-1,9,LHb,LHb,resilient,c3-lhb-m21_4,Marginal
ATGGATCCACGTACAT-1,1,LHb,LHb,resilient,c3-lhb-m21_4,Oval/Medial
ATGTCCCAGTCTTCGA-1,1,LHb,LHb,resilient,c3-lhb-m21_4,Oval/Medial
ATGTCCCGTCGAAACG-1,1,LHb,LHb,resilient,c3-lhb-m21_4,Hbx
ATGTCCCGTGCGGATA-1,1,LHb,LHb,resilient,c3-lhb-m21_4,Oval/Medial
ATTACCTAGGAGAGTA-1,1,LHb,LHb,resilient,c3-lhb-m21_4,Oval/Medial
ATTACCTTCTGAGATC-1,1,LHb,LHb,resilient,c3-lhb-m21_4,Oval/Medial
ATTATCCAGGTCCCGT-1,1,LHb,LHb,resilient,c3-lhb-m21_4,Hbx
ATTATCCCATGACAAA-1,1,LHb,LHb,resilient,c3-lhb-m21_4,Oval/Medial
ATTATCCGTGTTATCG-1,1,LHb,LHb,resilient,c3-lhb-m21_4,Oval/Medial
ATTCACTAGAGGGCGA-1,1,LHb,LHb,resilient,c3-lhb-m21_4,Oval/Medial
ATTCACTCATGACGAG-1,1,LHb,LHb,resilient,c3-lhb-m21_4,Oval/Medial
ATTCACTGTCAAAGAT-1,1,LHb,LHb,resilient,c3-lhb-m21_4,Oval/Medial
ATTCAGGGTGAAGCTG-1,1,LHb,LHb,resilient,c3-lhb-m21_4,Oval/Medial
ATTCATCAGCCATCCG-1,1,LHb,LHb,resilient,c3-lhb-m21_4,Oval/Medial
ATTCATCAGCTAGAAT-1,1,LHb,LHb,resilient,c3-lhb-m21_4,Oval/Medial
ATTCATCTCGACGCGT-1,1,LHb,LHb,resilient,c3-lhb-m21_4,Oval/Medial
ATTCCCGAGCCTTGAT-1,1,LHb,LHb,resilient,c3-lhb-m21_4,Oval/Medial
ATTCCCGCATAATCCG-1,1,LHb,LHb,resilient,c3-lhb-m21_4,Oval/Medial
ATTCCCGTCCCGTAAA-1,1,LHb,LHb,resilient,c3-lhb-m21_4,Oval/Medial
ATTCCTAAGAGTTGAT-1,1,LHb,LHb,resilient,c3-lhb-m21_4,Oval/Medial
ATTCCTAGTAACGTTC-1,9,LHb,LHb,resilient,c3-lhb-m21_4,Marginal
ATTCGTTGTGTAAACA-1,9,LHb,LHb,resilient,c3-lhb-m21_4,Marginal
ATTGGGTCATGGAAGC-1,1,LHb,LHb,resilient,c3-lhb-m21_4,Oval/Medial
ATTTACCTCGCTAGCG-1,0,LHb,LHb,resilient,c3-lhb-m21_4,Oval/Medial
ATTTCACCACTAGGTT-1,9,LHb,LHb,resilient,c3-lhb-m21_4,Marginal
ATTTCACTCATGCGGC-1,1,LHb,LHb,resilient,c3-lhb-m21_4,Oval/Medial
ATTTCTGGTCTATGAC-1,1,LHb,LHb,resilient,c3-lhb-m21_4,Lateral
CAAAGAACATGCCGAC-1,1,LHb,LHb,resilient,c3-lhb-m21_4,Oval/Medial
CAACCAAGTATGGGAC-1,1,LHb,LHb,resilient,c3-lhb-m21_4,Oval/Medial
CAACCAATCACCTCAC-1-1,1,LHb,LHb,resilient,c3-lhb-m21_4,Hbx
CAACGATGTTACTCAG-1,1,LHb,LHb,resilient,c3-lhb-m21_4,Oval/Medial
CAACGGCCAAGATCCT-1,1,LHb,LHb,resilient,c3-lhb-m21_4,Oval/Medial
CAACGGCCACCGCTAG-1,9,LHb,LHb,resilient,c3-lhb-m21_4,Marginal
CAACGGCGTTTACTTC-1,1,LHb,LHb,resilient,c3-lhb-m21_4,Oval/Medial
CAAGAGGCAAATCAGA-1,1,LHb,LHb,resilient,c3-lhb-m21_4,Oval/Medial
CAAGAGGTCCACACAA-1,1,LHb,LHb,resilient,c3-lhb-m21_4,Oval/Medial
CAAGCTATCACTGTTT-1,0,LHb,LHb,resilient,c3-lhb-m21_4,Oval/Medial
CAAGGGACACCAGCGT-1,1,LHb,LHb,resilient,c3-lhb-m21_4,Oval/Medial
CAATGACTCCAAGCCG-1,1,LHb,LHb,resilient,c3-lhb-m21_4,Oval/Medial
CAATTTCCATTCACCC-1,1,LHb,LHb,resilient,c3-lhb-m21_4,Oval/Medial
CACAACAGTTGTCATG-1,1,LHb,LHb,resilient,c3-lhb-m21_4,Hbx
CACACAACATCGCTGG-1,1,LHb,LHb,resilient,c3-lhb-m21_4,Oval/Medial
CACACAAGTACCCAGC-1,1,LHb,LHb,resilient,c3-lhb-m21_4,Oval/Medial
CACACAAGTGCTCTTC-1,1,LHb,LHb,resilient,c3-lhb-m21_4,Oval/Medial
CACACAAGTGTATTCG-1,1,LHb,LHb,resilient,c3-lhb-m21_4,Oval/Medial
CACATGACAGACAAAT-1,1,LHb,LHb,resilient,c3-lhb-m21_4,Oval/Medial
CACCAAAAGATTAGTG-1,1,LHb,LHb,resilient,c3-lhb-m21_4,Oval/Medial
CACCAAAAGCTGCCTG-1,9,LHb,LHb,resilient,c3-lhb-m21_4,Marginal
CACCAAATCGGCTGAC-1,1,LHb,LHb,resilient,c3-lhb-m21_4,Oval/Medial
CACCGTTGTAAGGCTG-1,1,LHb,LHb,resilient,c3-lhb-m21_4,Lateral
CACGGGTCATGGGTCC-1,1,LHb,LHb,resilient,c3-lhb-m21_4,Oval/Medial
CACGGGTTCGGTGAAG-1,1,LHb,LHb,resilient,c3-lhb-m21_4,Oval/Medial
CACGTTCAGAGCCCAA-1,1,LHb,LHb,resilient,c3-lhb-m21_4,Oval/Medial
CACGTTCGTAAGCGGT-1,1,LHb,LHb,resilient,c3-lhb-m21_4,Lateral
CACTGAAAGTCTTGGT-1,1,LHb,LHb,resilient,c3-lhb-m21_4,Oval/Medial
CACTGAAAGTTAGTAG-1,1,LHb,LHb,resilient,c3-lhb-m21_4,Oval/Medial
CACTGAAGTGAGTTTC-1,1,LHb,LHb,resilient,c3-lhb-m21_4,Lateral
CACTGGGGTCCAAAGG-1,1,LHb,LHb,resilient,c3-lhb-m21_4,Oval/Medial
CACTGGGTCCGTATGA-1,9,LHb,LHb,resilient,c3-lhb-m21_4,Marginal
CAGAGCCCAACCAATC-1,1,LHb,LHb,resilient,c3-lhb-m21_4,Oval/Medial
CAGATCATCTGGCCAG-1,1,LHb,LHb,resilient,c3-lhb-m21_4,Oval/Medial
CAGATTGAGTGGACGT-1,1,LHb,LHb,resilient,c3-lhb-m21_4,Oval/Medial
CAGATTGCAGTCTTCC-1,1,LHb,LHb,resilient,c3-lhb-m21_4,Oval/Medial
CAGATTGTCATTCGTT-1,1,LHb,LHb,resilient,c3-lhb-m21_4,Oval/Medial
CAGCACGGTCGCCTAG-1,1,LHb,LHb,resilient,c3-lhb-m21_4,Oval/Medial
CAGCAGCAGGTTGCCC-1,1,LHb,LHb,resilient,c3-lhb-m21_4,Oval/Medial
CAGCAGCGTCACCGCA-1,1,LHb,LHb,resilient,c3-lhb-m21_4,Oval/Medial
CAGCGTGGTGTGAGCA-1,1,LHb,LHb,resilient,c3-lhb-m21_4,Oval/Medial
CAGGCCAGTAGGAGTC-1,1,LHb,LHb,resilient,c3-lhb-m21_4,Oval/Medial
CAGGCCAGTGACACAG-1,1,LHb,LHb,resilient,c3-lhb-m21_4,Oval/Medial
CAGGCCAGTGATCATC-1,1,LHb,LHb,resilient,c3-lhb-m21_4,Oval/Medial
CAGGCCATCAGGACAG-1,1,LHb,LHb,resilient,c3-lhb-m21_4,Hbx
CAGGTATCATCATGAC-1,1,LHb,LHb,resilient,c3-lhb-m21_4,Oval/Medial
CAGTTAGAGTTGAAAC-1,1,LHb,LHb,resilient,c3-lhb-m21_4,Oval/Medial
CAGTTCCAGTAGGCCA-1,1,LHb,LHb,resilient,c3-lhb-m21_4,Hbx
CATAAGCTCCGCAAAT-1,1,LHb,LHb,resilient,c3-lhb-m21_4,Oval/Medial
CATACAGAGCCTCACG-1,1,LHb,LHb,resilient,c3-lhb-m21_4,Oval/Medial
CATACAGGTGAATAAC-1,1,LHb,LHb,resilient,c3-lhb-m21_4,Oval/Medial
CATACCCTCGGCTTCT-1,1,LHb,LHb,resilient,c3-lhb-m21_4,Hbx
CATCAAGAGGAGAATG-1,1,LHb,LHb,resilient,c3-lhb-m21_4,Oval/Medial
CATCAAGGTTAAGCAA-1,1,LHb,LHb,resilient,c3-lhb-m21_4,Oval/Medial
CATCAAGTCTTACGGA-1,1,LHb,LHb,resilient,c3-lhb-m21_4,Oval/Medial
CATCCGTCACTGTGTA-1,1,LHb,LHb,resilient,c3-lhb-m21_4,Oval/Medial
CATCGGGAGCGTTAGG-1,1,LHb,LHb,resilient,c3-lhb-m21_4,Oval/Medial
CATGAGTGTCAATGGG-1,1,LHb,LHb,resilient,c3-lhb-m21_4,Oval/Medial
CATGCCTAGGTTGACG-1,1,LHb,LHb,resilient,c3-lhb-m21_4,Oval/Medial
CATGCCTCACATGAAA-1,1,LHb,LHb,resilient,c3-lhb-m21_4,Oval/Medial
CATGCCTTCCGCAACG-1,1,LHb,LHb,resilient,c3-lhb-m21_4,Oval/Medial
CATGCGGAGTGAACAT-1,1,LHb,LHb,resilient,c3-lhb-m21_4,Oval/Medial
CATGGATCATTAGGAA-1,1,LHb,LHb,resilient,c3-lhb-m21_4,Oval/Medial
CATGGATGTTATGACC-1,1,LHb,LHb,resilient,c3-lhb-m21_4,Oval/Medial
CATGGTACAACAGCTT-1,1,LHb,LHb,resilient,c3-lhb-m21_4,Oval/Medial
CATTCATTCACCTACC-1,1,LHb,LHb,resilient,c3-lhb-m21_4,Oval/Medial
CATTCCGGTTTACTTC-1,1,LHb,LHb,resilient,c3-lhb-m21_4,Oval/Medial
CATTCTATCAGACCGC-1,1,LHb,LHb,resilient,c3-lhb-m21_4,Oval/Medial
CATTGCCCAGCTGAAG-1,1,LHb,LHb,resilient,c3-lhb-m21_4,Oval/Medial
CATTGTTGTACGCTAT-1,1,LHb,LHb,resilient,c3-lhb-m21_4,Oval/Medial
CCAAGCGCAGTATGAA-1,1,LHb,LHb,resilient,c3-lhb-m21_4,Oval/Medial
CCAAGCGCATCTATCT-1,9,LHb,LHb,resilient,c3-lhb-m21_4,Oval/Medial
CCAAGCGCATGAATAG-1,9,LHb,LHb,resilient,c3-lhb-m21_4,Marginal
CCAAGCGGTTTACGAC-1,1,LHb,LHb,resilient,c3-lhb-m21_4,Oval/Medial
CCAATTTCATGTCTAG-1,1,LHb,LHb,resilient,c3-lhb-m21_4,Oval/Medial
CCACAAAGTTTGTTGG-1,1,LHb,LHb,resilient,c3-lhb-m21_4,Oval/Medial
CCACCATCAACGACAG-1,1,LHb,LHb,resilient,c3-lhb-m21_4,Oval/Medial
CCACCATCATCCCACT-1,1,LHb,LHb,resilient,c3-lhb-m21_4,Oval/Medial
CCACCATGTCGATGCC-1,1,LHb,LHb,resilient,c3-lhb-m21_4,Oval/Medial
CCACGAGAGTCAAGCG-1,9,LHb,LHb,resilient,c3-lhb-m21_4,Marginal
CCATAAGTCTATCACT-1,9,LHb,LHb,resilient,c3-lhb-m21_4,Marginal
CCCAACTAGGGTATAT-1,1,LHb,LHb,resilient,c3-lhb-m21_4,Oval/Medial
CCCGAAGAGGAGGTTC-1,1,LHb,LHb,resilient,c3-lhb-m21_4,Oval/Medial
CCCTAACCACGATTCA-1,1,LHb,LHb,resilient,c3-lhb-m21_4,Oval/Medial
CCCTAACTCATCTGTT-1,1,LHb,LHb,resilient,c3-lhb-m21_4,Oval/Medial
CCCTCAACACAATGAA-1,9,LHb,LHb,resilient,c3-lhb-m21_4,Marginal
CCCTCAAGTCATCTAG-1,1,LHb,LHb,resilient,c3-lhb-m21_4,Hbx
CCCTCAAGTGCGTGCT-1,1,LHb,LHb,resilient,c3-lhb-m21_4,Lateral
CCCTCTCAGGGACTGT-1,1,LHb,LHb,resilient,c3-lhb-m21_4,Oval/Medial
CCCTCTCTCCATCTCG-1,1,LHb,LHb,resilient,c3-lhb-m21_4,Oval/Medial
CCCTGATGTTCAGCGC-1,9,LHb,LHb,resilient,c3-lhb-m21_4,Marginal
CCCTTAGCATTGTAGC-1,1,LHb,LHb,resilient,c3-lhb-m21_4,Hbx
CCGAACGGTCCAAGAG-1,1,LHb,LHb,resilient,c3-lhb-m21_4,Oval/Medial
CCGCAAGCACTCATAG-1,1,LHb,LHb,resilient,c3-lhb-m21_4,Oval/Medial
CCGCAAGGTGTCCTAA-1,1,LHb,LHb,resilient,c3-lhb-m21_4,Oval/Medial
CCGCAAGTCTCTGACC-1,1,LHb,LHb,resilient,c3-lhb-m21_4,Lateral
CCGGGTACAAATCCCA-1,1,LHb,LHb,resilient,c3-lhb-m21_4,Hbx
CCGGTAGCATCTTTCA-1,1,LHb,LHb,resilient,c3-lhb-m21_4,Oval/Medial
CCGGTAGGTCGCCACA-1,1,LHb,LHb,resilient,c3-lhb-m21_4,Oval/Medial
CCGGTGAGTTAGGCCC-1,1,LHb,LHb,resilient,c3-lhb-m21_4,Hbx
CCGGTGATCGCTGATA-1,1,LHb,LHb,resilient,c3-lhb-m21_4,Oval/Medial
CCGTGAGTCGGCTGAC-1,1,LHb,LHb,resilient,c3-lhb-m21_4,Lateral
CCGTTCAGTCTGCAAT-1,1,LHb,LHb,resilient,c3-lhb-m21_4,Oval/Medial
CCGTTCAGTTGACTAC-1,9,LHb,LHb,resilient,c3-lhb-m21_4,Marginal
CCTACGTCATGAGGGT-1,1,LHb,LHb,resilient,c3-lhb-m21_4,Oval/Medial
CCTACGTGTTGTGCAT-1,1,LHb,LHb,resilient,c3-lhb-m21_4,Oval/Medial
CCTACGTTCCAATCTT-1,1,LHb,LHb,resilient,c3-lhb-m21_4,Oval/Medial
CCTATCGAGGCACTAG-1,1,LHb,LHb,resilient,c3-lhb-m21_4,Oval/Medial
CCTATCGTCAAACTGC-1,1,LHb,LHb,resilient,c3-lhb-m21_4,Oval/Medial
CCTCAACAGGTGCATG-1,1,LHb,LHb,resilient,c3-lhb-m21_4,Oval/Medial
CCTCAGTTCTTCCCGA-1,1,LHb,LHb,resilient,c3-lhb-m21_4,Oval/Medial
CCTCCTCCAACCAGAG-1,1,LHb,LHb,resilient,c3-lhb-m21_4,Oval/Medial
CCTCTAGCAACACAAA-1,1,LHb,LHb,resilient,c3-lhb-m21_4,Oval/Medial
CCTCTAGCACCTATCC-1,1,LHb,LHb,resilient,c3-lhb-m21_4,Oval/Medial
CCTCTAGTCTCGGGAC-1,1,LHb,LHb,resilient,c3-lhb-m21_4,Oval/Medial
CCTCTCCTCTCTCGCA-1,1,LHb,LHb,resilient,c3-lhb-m21_4,Oval/Medial
CCTCTCCTCTGTCGCT-1,1,LHb,LHb,resilient,c3-lhb-m21_4,Hbx
CCTGCATCACAGTCCG-1,1,LHb,LHb,resilient,c3-lhb-m21_4,Oval/Medial
CCTGTTGGTGGGACAT-1,1,LHb,LHb,resilient,c3-lhb-m21_4,Lateral
CCTGTTGTCGGTCGAC-1,1,LHb,LHb,resilient,c3-lhb-m21_4,Oval/Medial
CCTTCAGCAGTGACCC-1,1,LHb,LHb,resilient,c3-lhb-m21_4,Oval/Medial
CCTTCAGTCCGCATAA-1,1,LHb,LHb,resilient,c3-lhb-m21_4,Oval/Medial
CCTTGTGAGATCCCGC-1,1,LHb,LHb,resilient,c3-lhb-m21_4,Oval/Medial
CCTTGTGAGTTCCAGT-1,1,LHb,LHb,resilient,c3-lhb-m21_4,Oval/Medial
CCTTGTGCACCTCAGG-1,1,LHb,LHb,resilient,c3-lhb-m21_4,Oval/Medial
CCTTTGGAGGTCACAG-1,1,LHb,LHb,resilient,c3-lhb-m21_4,Oval/Medial
CCTTTGGAGTGCACTT-1,1,LHb,LHb,resilient,c3-lhb-m21_4,Oval/Medial
CGAAGGAGTAGTCTGT-1,1,LHb,LHb,resilient,c3-lhb-m21_4,Oval/Medial
CGAAGGAGTGGCCCAT-1,1,LHb,LHb,resilient,c3-lhb-m21_4,Lateral
CGAAGGATCCCGTAAA-1,1,LHb,LHb,resilient,c3-lhb-m21_4,Oval/Medial
CGAAGTTGTCGGCACT-1,1,LHb,LHb,resilient,c3-lhb-m21_4,Hbx
CGAAGTTTCAGCAGAG-1,1,LHb,LHb,resilient,c3-lhb-m21_4,Hbx
CGAATTGGTACTAACC-1,1,LHb,LHb,resilient,c3-lhb-m21_4,Oval/Medial
CGAATTGTCATTTACC-1,1,LHb,LHb,resilient,c3-lhb-m21_4,Oval/Medial
CGACAGCCACCTAAAC-1,1,LHb,LHb,resilient,c3-lhb-m21_4,Oval/Medial
CGACAGCGTGGCTAGA-1,1,LHb,LHb,resilient,c3-lhb-m21_4,Hbx
CGAGAAGAGAAGCTCG-1,1,LHb,LHb,resilient,c3-lhb-m21_4,Oval/Medial
CGAGAAGCACAAGCTT-1,1,LHb,LHb,resilient,c3-lhb-m21_4,Oval/Medial
CGAGAAGGTGCTCTCT-1,1,LHb,LHb,resilient,c3-lhb-m21_4,Oval/Medial
CGAGAAGTCGAAATCC-1,1,LHb,LHb,resilient,c3-lhb-m21_4,Oval/Medial
CGAGGCTGTTTCGTAG-1,1,LHb,LHb,resilient,c3-lhb-m21_4,Oval/Medial
CGAGTTAAGTAAATGC-1,9,LHb,LHb,resilient,c3-lhb-m21_4,Marginal
CGATCGGCAAGTATAG-1,9,LHb,LHb,resilient,c3-lhb-m21_4,Marginal
CGATCGGGTGTCCAAT-1,1,LHb,LHb,resilient,c3-lhb-m21_4,Oval/Medial
CGATCGGTCCATGCAA-1,1,LHb,LHb,resilient,c3-lhb-m21_4,Oval/Medial
CGATGCGAGCAACAAT-1,1,LHb,LHb,resilient,c3-lhb-m21_4,Oval/Medial
CGATGGCAGGTTCACT-1,1,LHb,LHb,resilient,c3-lhb-m21_4,Oval/Medial
CGCAGGTCATGGCTGC-1,1,LHb,LHb,resilient,c3-lhb-m21_4,Lateral
CGCATAAAGACTTCGT-1,1,LHb,LHb,resilient,c3-lhb-m21_4,Oval/Medial
CGCATAAAGAGGATCC-1,1,LHb,LHb,resilient,c3-lhb-m21_4,Oval/Medial
CGCATAAGTCATATGC-1,1,LHb,LHb,resilient,c3-lhb-m21_4,Marginal
CGCATAAGTGTTACAC-1,1,LHb,LHb,resilient,c3-lhb-m21_4,Oval/Medial
CGCATAAGTTCGTACA-1,1,LHb,LHb,resilient,c3-lhb-m21_4,Oval/Medial
CGCGTGAAGACAAGCC-1,1,LHb,LHb,resilient,c3-lhb-m21_4,Oval/Medial
CGCGTGAAGAGCGACT-1,1,LHb,LHb,resilient,c3-lhb-m21_4,Lateral
CGCGTGAGTACCTAGT-1,1,LHb,LHb,resilient,c3-lhb-m21_4,Oval/Medial
CGCGTGATCTCCCAAC-1,1,LHb,LHb,resilient,c3-lhb-m21_4,Oval/Medial
CGGAATTAGCAAGGAA-1,1,LHb,LHb,resilient,c3-lhb-m21_4,Oval/Medial
CGGAATTGTAGGTTTC-1,1,LHb,LHb,resilient,c3-lhb-m21_4,Oval/Medial
CGGACACGTTGGATCT-1,1,LHb,LHb,resilient,c3-lhb-m21_4,Oval/Medial
CGGGACTAGACTGAGC-1,1,LHb,LHb,resilient,c3-lhb-m21_4,Oval/Medial
CGGGACTCACTGCGAC-1,1,LHb,LHb,resilient,c3-lhb-m21_4,Hbx
CGGGACTGTACAGAGC-1,1,LHb,LHb,resilient,c3-lhb-m21_4,Oval/Medial
CGGGACTGTCTCAGGC-1,1,LHb,LHb,resilient,c3-lhb-m21_4,Oval/Medial
CGGGCATCACTGCATA-1,1,LHb,LHb,resilient,c3-lhb-m21_4,Oval/Medial
CGGGCATCATATGGCT-1,1,LHb,LHb,resilient,c3-lhb-m21_4,Oval/Medial
CGGGCATTCGACTCCT-1,1,LHb,LHb,resilient,c3-lhb-m21_4,Oval/Medial
CGGTCAGGTCCAAGAG-1,1,LHb,LHb,resilient,c3-lhb-m21_4,Oval/Medial
CGGTCAGGTTGGTACT-1,1,LHb,LHb,resilient,c3-lhb-m21_4,Oval/Medial
CGTAAGTTCAAAGACA-1,1,LHb,LHb,resilient,c3-lhb-m21_4,Lateral
CGTAATGTCGAGATGG-1,1,LHb,LHb,resilient,c3-lhb-m21_4,Hbx
CGTAATGTCGCTGTTC-1,1,LHb,LHb,resilient,c3-lhb-m21_4,Oval/Medial
CGTAGTATCACCGGTG-1,1,LHb,LHb,resilient,c3-lhb-m21_4,Oval/Medial
CGTAGTATCCCGTGAG-1,9,LHb,LHb,resilient,c3-lhb-m21_4,Marginal
CGTGATATCTGTGTGA-1,1,LHb,LHb,resilient,c3-lhb-m21_4,Oval/Medial
CGTGTCTAGGTGCCAA-1,1,LHb,LHb,resilient,c3-lhb-m21_4,Lateral
CGTTAGAAGTTGCCTA-1,1,LHb,LHb,resilient,c3-lhb-m21_4,Oval/Medial
CTAACTTGTAGCGCTC-1,1,LHb,LHb,resilient,c3-lhb-m21_4,Oval/Medial
CTAAGTGAGCCAGAGT-1,1,LHb,LHb,resilient,c3-lhb-m21_4,Oval/Medial
CTAAGTGGTTGGGTAG-1,1,LHb,LHb,resilient,c3-lhb-m21_4,Oval/Medial
CTACAGACACGATTCA-1,1,LHb,LHb,resilient,c3-lhb-m21_4,Oval/Medial
CTACAGATCCTGTAGA-1,1,LHb,LHb,resilient,c3-lhb-m21_4,Lateral
CTACATTCAGAGCCCT-1,1,LHb,LHb,resilient,c3-lhb-m21_4,Oval/Medial
CTACATTTCATTGCGA-1,1,LHb,LHb,resilient,c3-lhb-m21_4,Oval/Medial
CTACATTTCCGCACGA-1,1,LHb,LHb,resilient,c3-lhb-m21_4,Oval/Medial
CTACCCACACATACTG-1,1,LHb,LHb,resilient,c3-lhb-m21_4,Oval/Medial
CTACCTGGTCGCAGTC-1,1,LHb,LHb,resilient,c3-lhb-m21_4,Lateral
CTACCTGTCATTCGTT-1,1,LHb,LHb,resilient,c3-lhb-m21_4,Oval/Medial
CTACCTGTCTCTCAAT-1,1,LHb,LHb,resilient,c3-lhb-m21_4,Oval/Medial
CTACTATAGACTTAAG-1,1,LHb,LHb,resilient,c3-lhb-m21_4,Oval/Medial
CTACTATGTTCGGTCG-1,1,LHb,LHb,resilient,c3-lhb-m21_4,Oval/Medial
CTACTATTCTCAACGA-1-1,1,LHb,LHb,resilient,c3-lhb-m21_4,Oval/Medial
CTAGACAAGCATCTTG-1,1,LHb,LHb,resilient,c3-lhb-m21_4,Oval/Medial
CTATAGGCAAGTGGGT-1,1,LHb,LHb,resilient,c3-lhb-m21_4,Oval/Medial
CTATCCGGTACCTATG-1,1,LHb,LHb,resilient,c3-lhb-m21_4,Oval/Medial
CTATCTACAACATCGT-1,1,LHb,LHb,resilient,c3-lhb-m21_4,Lateral
CTCAACCAGAGAGTGA-1,1,LHb,LHb,resilient,c3-lhb-m21_4,Lateral
CTCAACCTCAGTGTTG-1,1,LHb,LHb,resilient,c3-lhb-m21_4,Oval/Medial
CTCAAGACAGCACAAG-1,9,LHb,LHb,resilient,c3-lhb-m21_4,Marginal
CTCAATTCAATCACGT-1,1,LHb,LHb,resilient,c3-lhb-m21_4,Oval/Medial
CTCAATTTCCTCAGGG-1,1,LHb,LHb,resilient,c3-lhb-m21_4,Hbx
CTCACTGCAACACACT-1,1,LHb,LHb,resilient,c3-lhb-m21_4,Oval/Medial
CTCAGAACACTTTATC-1,1,LHb,LHb,resilient,c3-lhb-m21_4,Oval/Medial
CTCAGGGCACTGGATT-1,1,LHb,LHb,resilient,c3-lhb-m21_4,Oval/Medial
CTCAGGGTCCGATTAG-1,1,LHb,LHb,resilient,c3-lhb-m21_4,Oval/Medial
CTCAGTCCAGAGTGAC-1,1,LHb,LHb,resilient,c3-lhb-m21_4,Oval/Medial
CTCAGTCTCACATCAG-1,1,LHb,LHb,resilient,c3-lhb-m21_4,Oval/Medial
CTCATCGAGCCTAACT-1,1,LHb,LHb,resilient,c3-lhb-m21_4,Hbx
CTCATCGTCGGCTCTT-1,1,LHb,LHb,resilient,c3-lhb-m21_4,Lateral
CTCCACAGTACCGGAA-1,1,LHb,LHb,resilient,c3-lhb-m21_4,Oval/Medial
CTCCCAACAATACGCT-1,1,LHb,LHb,resilient,c3-lhb-m21_4,Oval/Medial
CTCCCAATCCGACATA-1,1,LHb,LHb,resilient,c3-lhb-m21_4,Oval/Medial
CTCCCTCGTAGAATAC-1,1,LHb,LHb,resilient,c3-lhb-m21_4,Oval/Medial
CTCCCTCGTCGGCCTA-1,1,LHb,LHb,resilient,c3-lhb-m21_4,Oval/Medial
CTCCGATTCCCGAGAC-1,1,LHb,LHb,resilient,c3-lhb-m21_4,Oval/Medial
CTCCTCCAGTGAGCCA-1,1,LHb,LHb,resilient,c3-lhb-m21_4,Oval/Medial
CTCCTCCGTATCGCTA-1,1,LHb,LHb,resilient,c3-lhb-m21_4,Oval/Medial
CTCCTCCTCAGTGTTG-1,1,LHb,LHb,resilient,c3-lhb-m21_4,Oval/Medial
CTCCTTTTCTTACTGT-1,1,LHb,LHb,resilient,c3-lhb-m21_4,Oval/Medial
CTCGAGGTCTGCACCT-1,1,LHb,LHb,resilient,c3-lhb-m21_4,Oval/Medial
CTCTCGAGTGTCCGGT-1,1,LHb,LHb,resilient,c3-lhb-m21_4,Lateral
CTCTCGATCGACACCG-1,1,LHb,LHb,resilient,c3-lhb-m21_4,Oval/Medial
CTGAGCGAGCGTCTGC-1,1,LHb,LHb,resilient,c3-lhb-m21_4,Oval/Medial
CTGAGCGAGGACTTCT-1,1,LHb,LHb,resilient,c3-lhb-m21_4,Oval/Medial
CTGAGGCAGAGTTGAT-1,9,LHb,LHb,resilient,c3-lhb-m21_4,Marginal
CTGATCCAGGCTAACG-1-1,1,LHb,LHb,resilient,c3-lhb-m21_4,Oval/Medial
CTGATCCCACAACGCC-1,1,LHb,LHb,resilient,c3-lhb-m21_4,Oval/Medial
CTGATCCGTATGGTAA-1,1,LHb,LHb,resilient,c3-lhb-m21_4,Oval/Medial
CTGCATCCACCCAACG-1,1,LHb,LHb,resilient,c3-lhb-m21_4,Lateral
CTGCATCCACTTTATC-1,1,LHb,LHb,resilient,c3-lhb-m21_4,Oval/Medial
CTGCATCTCGCAGTCG-1,1,LHb,LHb,resilient,c3-lhb-m21_4,Oval/Medial
CTGCCATGTGATACTC-1,1,LHb,LHb,resilient,c3-lhb-m21_4,Oval/Medial
CTGCCATTCGTCGACG-1,1,LHb,LHb,resilient,c3-lhb-m21_4,Oval/Medial
CTGCCTAAGCGCCTAC-1,9,LHb,LHb,resilient,c3-lhb-m21_4,Marginal
CTGCCTATCACTTTGT-1,1,LHb,LHb,resilient,c3-lhb-m21_4,Oval/Medial
CTGCCTATCGAAGCCC-1,9,LHb,LHb,resilient,c3-lhb-m21_4,Marginal
CTGCGAGAGGTGAGCT-1,1,LHb,LHb,resilient,c3-lhb-m21_4,Oval/Medial
CTGCTCAAGAGGTTTA-1,1,LHb,LHb,resilient,c3-lhb-m21_4,Oval/Medial
CTGGCAGAGTGTTGTC-1,1,LHb,LHb,resilient,c3-lhb-m21_4,Oval/Medial
CTGGTCTCATCCGGTG-1,9,LHb,LHb,resilient,c3-lhb-m21_4,Marginal
CTGGTCTTCGCCTTTG-1,1,LHb,LHb,resilient,c3-lhb-m21_4,Oval/Medial
CTGTACCAGCCGATAG-1,1,LHb,LHb,resilient,c3-lhb-m21_4,Oval/Medial
CTGTACCCATTCCTAT-1,1,LHb,LHb,resilient,c3-lhb-m21_4,Oval/Medial
CTGTACCTCAACCGAT-1,1,LHb,LHb,resilient,c3-lhb-m21_4,Hbx
CTGTAGAAGCACTCGC-1,1,LHb,LHb,resilient,c3-lhb-m21_4,Oval/Medial
CTGTAGACACGCTGAC-1,1,LHb,LHb,resilient,c3-lhb-m21_4,Lateral
CTGTAGACAGATACTC-1,1,LHb,LHb,resilient,c3-lhb-m21_4,Oval/Medial
CTGTAGATCTCCGATC-1,1,LHb,LHb,resilient,c3-lhb-m21_4,Oval/Medial
CTGTCGTAGTGAGTTA-1,1,LHb,LHb,resilient,c3-lhb-m21_4,Oval/Medial
CTGTGAACACAAGCTT-1,0,LHb,LHb,resilient,c3-lhb-m21_4,Hbx
CTGTGAATCGGCCAAC-1,1,LHb,LHb,resilient,c3-lhb-m21_4,Oval/Medial
CTGTGGGAGGCACGAT-1,1,LHb,LHb,resilient,c3-lhb-m21_4,Oval/Medial
CTTACCGGTAGACAAT-1,1,LHb,LHb,resilient,c3-lhb-m21_4,Oval/Medial
CTTACCGTCCTTTAGT-1,0,LHb,LHb,resilient,c3-lhb-m21_4,Oval/Medial
CTTAGGAAGGGCATGT-1,1,LHb,LHb,resilient,c3-lhb-m21_4,Oval/Medial
CTTAGGATCAGCTCTC-1,1,LHb,LHb,resilient,c3-lhb-m21_4,Oval/Medial
CTTAGGATCTGTCCGT-1,1,LHb,LHb,resilient,c3-lhb-m21_4,Oval/Medial
CTTCAATGTAACGCGA-1,1,LHb,LHb,resilient,c3-lhb-m21_4,Oval/Medial
CTTCCGAAGGACTAAT-1,1,LHb,LHb,resilient,c3-lhb-m21_4,Oval/Medial
CTTCCGACACTGGACC-1,9,LHb,LHb,resilient,c3-lhb-m21_4,Marginal
CTTCCGAGTAGTTCCA-1,1,LHb,LHb,resilient,c3-lhb-m21_4,Oval/Medial
CTTCCGAGTCAAACGG-1,1,LHb,LHb,resilient,c3-lhb-m21_4,Marginal
CTTCCGAGTTATAGAG-1,1,LHb,LHb,resilient,c3-lhb-m21_4,Hbx
CTTCCGATCCGGTTCT-1,1,LHb,LHb,resilient,c3-lhb-m21_4,Oval/Medial
CTTCCTTCAACGATCT-1,9,LHb,LHb,resilient,c3-lhb-m21_4,Marginal
CTTCCTTCACAAACGG-1,1,LHb,LHb,resilient,c3-lhb-m21_4,Oval/Medial
CTTCGGTGTGGACTGA-1,1,LHb,LHb,resilient,c3-lhb-m21_4,Oval/Medial
CTTCTAACATCGGAAG-1,1,LHb,LHb,resilient,c3-lhb-m21_4,Oval/Medial
CTTCTAAGTACAAACA-1,1,LHb,LHb,resilient,c3-lhb-m21_4,Oval/Medial
CTTCTAATCATGGTAC-1,0,LHb,LHb,resilient,c3-lhb-m21_4,Oval/Medial
CTTCTCTAGAGCATCG-1,1,LHb,LHb,resilient,c3-lhb-m21_4,Hbx
CTTGAGAAGGCTCCCA-1,1,LHb,LHb,resilient,c3-lhb-m21_4,Oval/Medial
CTTTCGGCAATACCCA-1,1,LHb,LHb,resilient,c3-lhb-m21_4,Oval/Medial
GAAACCTAGAAACTAC-1,1,LHb,LHb,resilient,c3-lhb-m21_4,Lateral
GAAACCTAGATGTTCC-1,1,LHb,LHb,resilient,c3-lhb-m21_4,Oval/Medial
GAAACCTCAGAGGTTG-1,1,LHb,LHb,resilient,c3-lhb-m21_4,Hbx
GAAATGAAGATCCCAT-1,1,LHb,LHb,resilient,c3-lhb-m21_4,Oval/Medial
GAAATGACATTCTCCG-1,1,LHb,LHb,resilient,c3-lhb-m21_4,Oval/Medial
GAAATGAGTTAGCGGA-1,1,LHb,LHb,resilient,c3-lhb-m21_4,Hbx
GAACACTAGGTAAACT-1,1,LHb,LHb,resilient,c3-lhb-m21_4,Oval/Medial
GAACACTTCTAACGCA-1,1,LHb,LHb,resilient,c3-lhb-m21_4,Oval/Medial
GAACTGTAGCTGGAGT-1,1,LHb,LHb,resilient,c3-lhb-m21_4,Oval/Medial
GAACTGTCACGCCACA-1,1,LHb,LHb,resilient,c3-lhb-m21_4,Oval/Medial
GAACTGTTCACCTGTC-1,1,LHb,LHb,resilient,c3-lhb-m21_4,Oval/Medial
GAAGCCCCAGCGACCT-1,0,LHb,LHb,resilient,c3-lhb-m21_4,Marginal
GAAGCCCGTAGGTGCA-1,1,LHb,LHb,resilient,c3-lhb-m21_4,Oval/Medial
GAAGGGTAGTGCAGCA-1,1,LHb,LHb,resilient,c3-lhb-m21_4,Oval/Medial
GAAGTAATCCTGGGTG-1,1,LHb,LHb,resilient,c3-lhb-m21_4,Oval/Medial
GAATAGAGTAATACCC-1,1,LHb,LHb,resilient,c3-lhb-m21_4,Oval/Medial
GAATAGAGTAGTTCCA-1,1,LHb,LHb,resilient,c3-lhb-m21_4,Oval/Medial
GAATCACGTTTCGTTT-1,1,LHb,LHb,resilient,c3-lhb-m21_4,Oval/Medial
GAATCGTGTGTGAGCA-1,1,LHb,LHb,resilient,c3-lhb-m21_4,Oval/Medial
GACATCACAAACGTGG-1,1,LHb,LHb,resilient,c3-lhb-m21_4,Oval/Medial
GACATCAGTGTTAACC-1,1,LHb,LHb,resilient,c3-lhb-m21_4,Oval/Medial
GACCAATAGGCTCTCG-1,1,LHb,LHb,resilient,c3-lhb-m21_4,Oval/Medial
GACCAATCACCCATAA-1,1,LHb,LHb,resilient,c3-lhb-m21_4,Oval/Medial
GACCCTTGTCCGAAAG-1,1,LHb,LHb,resilient,c3-lhb-m21_4,Oval/Medial
GACCCTTGTCGGTGTC-1,1,LHb,LHb,resilient,c3-lhb-m21_4,Oval/Medial
GACCGTGGTAAGTAGT-1,1,LHb,LHb,resilient,c3-lhb-m21_4,Oval/Medial
GACGTTACACATAACC-1,1,LHb,LHb,resilient,c3-lhb-m21_4,Oval/Medial
GACGTTATCGAAGGAC-1,1,LHb,LHb,resilient,c3-lhb-m21_4,Oval/Medial
GACTATGCAGTTGCGC-1,1,LHb,LHb,resilient,c3-lhb-m21_4,Oval/Medial
GACTCAACAGGTCAAG-1,1,LHb,LHb,resilient,c3-lhb-m21_4,Oval/Medial
GACTCAAGTGAAGCGT-1,1,LHb,LHb,resilient,c3-lhb-m21_4,Oval/Medial
GACTTCCAGAAGGCTC-1,9,LHb,LHb,resilient,c3-lhb-m21_4,Marginal
GACTTCCGTCCAAGAG-1,1,LHb,LHb,resilient,c3-lhb-m21_4,Oval/Medial
GACTTCCTCTTCGATT-1,1,LHb,LHb,resilient,c3-lhb-m21_4,Oval/Medial
GAGACCCAGCCTAACT-1,1,LHb,LHb,resilient,c3-lhb-m21_4,Oval/Medial
GAGACCCCAATGTCAC-1,1,LHb,LHb,resilient,c3-lhb-m21_4,Oval/Medial
GAGACTTCATAATCGC-1,0,LHb,LHb,resilient,c3-lhb-m21_4,Oval/Medial
GAGAGGTTCGGTCTAA-1,1,LHb,LHb,resilient,c3-lhb-m21_4,Hbx
GAGATGGGTGTACGCC-1,1,LHb,LHb,resilient,c3-lhb-m21_4,Oval/Medial
GAGCCTGGTCAACGCC-1,1,LHb,LHb,resilient,c3-lhb-m21_4,Oval/Medial
GAGGCCTGTGACCGAA-1,1,LHb,LHb,resilient,c3-lhb-m21_4,Oval/Medial
GAGGCCTGTGCGGCTT-1,1,LHb,LHb,resilient,c3-lhb-m21_4,Oval/Medial
GAGGGATCAAGTCATC-1,9,LHb,LHb,resilient,c3-lhb-m21_4,Marginal
GAGGGTAAGGGCCCTT-1,9,LHb,LHb,resilient,c3-lhb-m21_4,Marginal
GAGGGTATCCATAGGT-1,1,LHb,LHb,resilient,c3-lhb-m21_4,Oval/Medial
GAGTCTACACGAAGAC-1,1,LHb,LHb,resilient,c3-lhb-m21_4,Oval/Medial
GAGTCTACAGAATTCC-1,1,LHb,LHb,resilient,c3-lhb-m21_4,Oval/Medial
GAGTCTATCACTGTCC-1,1,LHb,LHb,resilient,c3-lhb-m21_4,Oval/Medial
GAGTGAGAGGCTGGAT-1,1,LHb,LHb,resilient,c3-lhb-m21_4,Oval/Medial
GAGTGTTAGAGAAGGT-1,1,LHb,LHb,resilient,c3-lhb-m21_4,Oval/Medial
GAGTGTTCAAACCATC-1,1,LHb,LHb,resilient,c3-lhb-m21_4,Oval/Medial
GAGTGTTGTAGACAAT-1,1,LHb,LHb,resilient,c3-lhb-m21_4,Oval/Medial
GAGTGTTTCCATGCAA-1,1,LHb,LHb,resilient,c3-lhb-m21_4,Oval/Medial
GAGTTACAGCCATGCC-1,1,LHb,LHb,resilient,c3-lhb-m21_4,Oval/Medial
GAGTTACGTAGGTTTC-1,1,LHb,LHb,resilient,c3-lhb-m21_4,Oval/Medial
GAGTTGTAGATTAGAC-1,1,LHb,LHb,resilient,c3-lhb-m21_4,Oval/Medial
GAGTTTGTCGAGATGG-1,1,LHb,LHb,resilient,c3-lhb-m21_4,Lateral
GATAGAAAGGTCACAG-1,1,LHb,LHb,resilient,c3-lhb-m21_4,Oval/Medial
GATAGAACACCCAATA-1,1,LHb,LHb,resilient,c3-lhb-m21_4,Oval/Medial
GATAGAAGTAGCACGA-1,1,LHb,LHb,resilient,c3-lhb-m21_4,Oval/Medial
GATAGAAGTAGCTGAG-1,1,LHb,LHb,resilient,c3-lhb-m21_4,Oval/Medial
GATCACAAGACCTCAT-1,1,LHb,LHb,resilient,c3-lhb-m21_4,Oval/Medial
GATCACACACTAACGT-1,1,LHb,LHb,resilient,c3-lhb-m21_4,Oval/Medial
GATCAGTGTGACTATC-1,1,LHb,LHb,resilient,c3-lhb-m21_4,Oval/Medial
GATCCCTAGGACTGGT-1,1,LHb,LHb,resilient,c3-lhb-m21_4,Oval/Medial
GATCCCTGTCGCAACC-1,1,LHb,LHb,resilient,c3-lhb-m21_4,Lateral
GATCCCTTCACCGCTT-1,1,LHb,LHb,resilient,c3-lhb-m21_4,Hbx
GATCCCTTCAGCTTGA-1,1,LHb,LHb,resilient,c3-lhb-m21_4,Oval/Medial
GATCGTAGTAGGTGCA-1,1,LHb,LHb,resilient,c3-lhb-m21_4,Oval/Medial
GATGACTTCAGGAAGC-1,1,LHb,LHb,resilient,c3-lhb-m21_4,Oval/Medial
GATGAGGTCTCGACGG-1,0,LHb,LHb,resilient,c3-lhb-m21_4,Oval/Medial
GATGATCAGCCTAGGA-1,9,LHb,LHb,resilient,c3-lhb-m21_4,Marginal
GATGCTAAGGGAGTGG-1,1,LHb,LHb,resilient,c3-lhb-m21_4,Oval/Medial
GATGGAGCAGCGTAGA-1,1,LHb,LHb,resilient,c3-lhb-m21_4,Oval/Medial
GATGGAGCAGTCTGGC-1,1,LHb,LHb,resilient,c3-lhb-m21_4,Oval/Medial
GATTCTTTCCCAACTC-1,1,LHb,LHb,resilient,c3-lhb-m21_4,Oval/Medial
GATTTCTAGCAGCCCT-1,1,LHb,LHb,resilient,c3-lhb-m21_4,Oval/Medial
GATTTCTAGCCAGAGT-1,1,LHb,LHb,resilient,c3-lhb-m21_4,Oval/Medial
GATTTCTCAACGTATC-1,1,LHb,LHb,resilient,c3-lhb-m21_4,Lateral
GATTTCTTCACTGTCC-1,1,LHb,LHb,resilient,c3-lhb-m21_4,Hbx
GCAACATGTATTAAGG-1,1,LHb,LHb,resilient,c3-lhb-m21_4,Oval/Medial
GCAACCGTCCGCAAAT-1,1,LHb,LHb,resilient,c3-lhb-m21_4,Oval/Medial
GCACATAGTGTTTGCA-1,1,LHb,LHb,resilient,c3-lhb-m21_4,Oval/Medial
GCACATATCATCGTAG-1,0,LHb,LHb,resilient,c3-lhb-m21_4,Lateral
GCACATATCCGATGTA-1,1,LHb,LHb,resilient,c3-lhb-m21_4,Oval/Medial
GCACGTGAGTGGTGAC-1,1,LHb,LHb,resilient,c3-lhb-m21_4,Oval/Medial
GCACTAAAGTGCACTT-1,1,LHb,LHb,resilient,c3-lhb-m21_4,Oval/Medial
GCACTAATCATGCCCT-1,1,LHb,LHb,resilient,c3-lhb-m21_4,Oval/Medial
GCAGCCAAGCGTGCTC-1,1,LHb,LHb,resilient,c3-lhb-m21_4,Oval/Medial
GCAGCTGCACGCCACA-1,1,LHb,LHb,resilient,c3-lhb-m21_4,Oval/Medial
GCAGGCTAGCAAATGT-1,1,LHb,LHb,resilient,c3-lhb-m21_4,Oval/Medial
GCAGGCTCACCCTGAG-1,1,LHb,LHb,resilient,c3-lhb-m21_4,Lateral
GCATCTCCATAGCTGT-1,1,LHb,LHb,resilient,c3-lhb-m21_4,Oval/Medial
GCATCTCTCAGAGCGA-1,1,LHb,LHb,resilient,c3-lhb-m21_4,Hbx
GCATGATAGCATGCAG-1,1,LHb,LHb,resilient,c3-lhb-m21_4,Oval/Medial
GCATGATAGTAGTGCG-1,1,LHb,LHb,resilient,c3-lhb-m21_4,Oval/Medial
GCATGATGTTGCGGAA-1,1,LHb,LHb,resilient,c3-lhb-m21_4,Oval/Medial
GCATTAGTCGGTCTAA-1,13,LHb,LHb,resilient,c3-lhb-m21_4,Lateral
GCCAGTGGTATGCGTT-1,1,LHb,LHb,resilient,c3-lhb-m21_4,Oval/Medial
GCCATGGGTATCTCGA-1,1,LHb,LHb,resilient,c3-lhb-m21_4,Oval/Medial
GCCCAGATCGCCAGAC-1,1,LHb,LHb,resilient,c3-lhb-m21_4,Oval/Medial
GCCGATGGTGACACGA-1,1,LHb,LHb,resilient,c3-lhb-m21_4,Oval/Medial
GCCTGTTGTAATCAGA-1,1,LHb,LHb,resilient,c3-lhb-m21_4,Oval/Medial
GCCTGTTTCCGGGACT-1,1,LHb,LHb,resilient,c3-lhb-m21_4,Oval/Medial
GCGATCGTCATAGAGA-1,1,LHb,LHb,resilient,c3-lhb-m21_4,Oval/Medial
GCGTGCAAGTATGACA-1,1,LHb,LHb,resilient,c3-lhb-m21_4,Oval/Medial
GCGTTTCAGCGTGAAC-1,1,LHb,LHb,resilient,c3-lhb-m21_4,Marginal
GCGTTTCCACCCTTGT-1,1,LHb,LHb,resilient,c3-lhb-m21_4,Oval/Medial
GCTACAAGTGTCCAAT-1,1,LHb,LHb,resilient,c3-lhb-m21_4,Oval/Medial
GCTACCTGTTTCTTAC-1,9,LHb,LHb,resilient,c3-lhb-m21_4,Marginal
GCTCAAACATGTTACG-1,1,LHb,LHb,resilient,c3-lhb-m21_4,Oval/Medial
GCTGAATTCAAAGGAT-1,1,LHb,LHb,resilient,c3-lhb-m21_4,Oval/Medial
GCTGCAGGTAAGTAGT-1,1,LHb,LHb,resilient,c3-lhb-m21_4,Oval/Medial
GCTGGGTGTTTCAGAC-1,1,LHb,LHb,resilient,c3-lhb-m21_4,Oval/Medial
GCTTCACCAAATCAGA-1,1,LHb,LHb,resilient,c3-lhb-m21_4,Oval/Medial
GCTTCACGTTGGCTAT-1,1,LHb,LHb,resilient,c3-lhb-m21_4,Oval/Medial
GGAAGTGCAGTTTGGT-1,1,LHb,LHb,resilient,c3-lhb-m21_4,Oval/Medial
GGAATCTCAACTCCAA-1,1,LHb,LHb,resilient,c3-lhb-m21_4,Oval/Medial
GGAATGGCATGGAGAC-1,1,LHb,LHb,resilient,c3-lhb-m21_4,Oval/Medial
GGAGCAACAGGCTATT-1,1,LHb,LHb,resilient,c3-lhb-m21_4,Oval/Medial
GGAGCAATCCTGTTGC-1,1,LHb,LHb,resilient,c3-lhb-m21_4,Hbx
GGAGGATCATGGCTGC-1,1,LHb,LHb,resilient,c3-lhb-m21_4,Oval/Medial
GGAGGTAGTAGGACTG-1,1,LHb,LHb,resilient,c3-lhb-m21_4,Lateral
GGCACGTTCGTACCTC-1,1,LHb,LHb,resilient,c3-lhb-m21_4,Oval/Medial
GGCAGTCGTCGCATGC-1,1,LHb,LHb,resilient,c3-lhb-m21_4,Oval/Medial
GGCGTCAGTTACGTAC-1,1,LHb,LHb,resilient,c3-lhb-m21_4,Oval/Medial
GGCTGTGGTTGATCGT-1,1,LHb,LHb,resilient,c3-lhb-m21_4,Oval/Medial
GGCTTGGCAGAACCGA-1,1,LHb,LHb,resilient,c3-lhb-m21_4,Oval/Medial
GGCTTTCCACTAACCA-1,1,LHb,LHb,resilient,c3-lhb-m21_4,Oval/Medial
GGCTTTCCAGCGTACC-1,1,LHb,LHb,resilient,c3-lhb-m21_4,Oval/Medial
GGCTTTCCATCATCTT-1,1,LHb,LHb,resilient,c3-lhb-m21_4,Oval/Medial
GGCTTTCCATGGTGGA-1,1,LHb,LHb,resilient,c3-lhb-m21_4,Oval/Medial
GGGAAGTTCTGCGGCA-1,1,LHb,LHb,resilient,c3-lhb-m21_4,Oval/Medial
GGGACTCTCTTCCCAG-1,1,LHb,LHb,resilient,c3-lhb-m21_4,Oval/Medial
GGGAGATCAGTTGAAA-1,1,LHb,LHb,resilient,c3-lhb-m21_4,Oval/Medial
GGGATCCTCGACCATA-1,1,LHb,LHb,resilient,c3-lhb-m21_4,Hbx
GGGATGAAGCAAATCA-1,1,LHb,LHb,resilient,c3-lhb-m21_4,Hbx
GGGATGACAGCTCCTT-1,1,LHb,LHb,resilient,c3-lhb-m21_4,Oval/Medial
GGGCCATAGCGATGCA-1,1,LHb,LHb,resilient,c3-lhb-m21_4,Oval/Medial
GGGCCATGTGCATTTG-1,1,LHb,LHb,resilient,c3-lhb-m21_4,Hbx
GGGCGTTCAACTGAAA-1,1,LHb,LHb,resilient,c3-lhb-m21_4,Lateral
GGGCGTTTCTGGGAGA-1,1,LHb,LHb,resilient,c3-lhb-m21_4,Oval/Medial
GGGCTACCAGGCACTC-1,1,LHb,LHb,resilient,c3-lhb-m21_4,Oval/Medial
GGGCTCACACTCGATA-1,1,LHb,LHb,resilient,c3-lhb-m21_4,Lateral
GGGCTCATCGTAGGAG-1,1,LHb,LHb,resilient,c3-lhb-m21_4,Oval/Medial
GGGTATTCATGTAACC-1,1,LHb,LHb,resilient,c3-lhb-m21_4,Oval/Medial
GGGTCACGTACAGTAA-1,1,LHb,LHb,resilient,c3-lhb-m21_4,Oval/Medial
GGGTCTGCATAACAGA-1,0,LHb,LHb,resilient,c3-lhb-m21_4,Hbx
GGGTGAACACGGCCAT-1,1,LHb,LHb,resilient,c3-lhb-m21_4,Oval/Medial
GGGTGTCCATGATAGA-1,1,LHb,LHb,resilient,c3-lhb-m21_4,Hbx
GGGTTATAGCACCTGC-1,9,LHb,LHb,resilient,c3-lhb-m21_4,Marginal
GGGTTATCAATAGAGT-1,1,LHb,LHb,resilient,c3-lhb-m21_4,Oval/Medial
GGGTTATGTAACCCTA-1,1,LHb,LHb,resilient,c3-lhb-m21_4,Oval/Medial
GGGTTATGTATTGGCT-1,1,LHb,LHb,resilient,c3-lhb-m21_4,Oval/Medial
GGGTTTAAGTTCTACG-1,1,LHb,LHb,resilient,c3-lhb-m21_4,Hbx
GGGTTTACACGATAGG-1,1,LHb,LHb,resilient,c3-lhb-m21_4,Oval/Medial
GGGTTTACATAGTCAC-1,1,LHb,LHb,resilient,c3-lhb-m21_4,Oval/Medial
GGGTTTAGTGGCCTCA-1,1,LHb,LHb,resilient,c3-lhb-m21_4,Oval/Medial
GGTAACTTCAGGTGTT-1,1,LHb,LHb,resilient,c3-lhb-m21_4,Oval/Medial
GGTAATCAGGAGTCTG-1,1,LHb,LHb,resilient,c3-lhb-m21_4,Oval/Medial
GGTAGAGTCGCAGTGC-1,1,LHb,LHb,resilient,c3-lhb-m21_4,Oval/Medial
GGTCACGGTACCCGAC-1,1,LHb,LHb,resilient,c3-lhb-m21_4,Oval/Medial
GGTCTGGTCGAGAATA-1,1,LHb,LHb,resilient,c3-lhb-m21_4,Hbx
GGTCTGGTCTCACGAA-1,1,LHb,LHb,resilient,c3-lhb-m21_4,Oval/Medial
GGTGATTCAAGGTACG-1,1,LHb,LHb,resilient,c3-lhb-m21_4,Lateral
GGTGTCGTCCGACATA-1,1,LHb,LHb,resilient,c3-lhb-m21_4,Oval/Medial
GGTGTTAGTGTTCATG-1,1,LHb,LHb,resilient,c3-lhb-m21_4,Oval/Medial
GGTTAACGTTAGCGGA-1,1,LHb,LHb,resilient,c3-lhb-m21_4,Oval/Medial
GGTTAACTCCGTGGTG-1,1,LHb,LHb,resilient,c3-lhb-m21_4,Lateral
GGTTGTACAGGCCTGT-1,1,LHb,LHb,resilient,c3-lhb-m21_4,Lateral
GTAACACAGAGAGTTT-1,1,LHb,LHb,resilient,c3-lhb-m21_4,Oval/Medial
GTAACACAGTACAACA-1,1,LHb,LHb,resilient,c3-lhb-m21_4,Oval/Medial
GTAAGTCAGCGTTCAT-1,1,LHb,LHb,resilient,c3-lhb-m21_4,Oval/Medial
GTAATCGCACCTAAAC-1,1,LHb,LHb,resilient,c3-lhb-m21_4,Oval/Medial
GTAATCGGTACAACGG-1,1,LHb,LHb,resilient,c3-lhb-m21_4,Oval/Medial
GTAATCGTCGATACAC-1,1,LHb,LHb,resilient,c3-lhb-m21_4,Oval/Medial
GTAATGCAGGGTTTCT-1,1,LHb,LHb,resilient,c3-lhb-m21_4,Oval/Medial
GTAATGCTCTTTGCGC-1,1,LHb,LHb,resilient,c3-lhb-m21_4,Oval/Medial
GTACAGTAGTCCTGCG-1,1,LHb,LHb,resilient,c3-lhb-m21_4,Oval/Medial
GTAGATCCAATCGAAA-1,1,LHb,LHb,resilient,c3-lhb-m21_4,Hbx
GTAGATCTCTGGGCAC-1,1,LHb,LHb,resilient,c3-lhb-m21_4,Oval/Medial
GTAGCTAAGCCAAGCA-1,1,LHb,LHb,resilient,c3-lhb-m21_4,Oval/Medial
GTAGGTTCACGCTTAA-1,1,LHb,LHb,resilient,c3-lhb-m21_4,Lateral
GTAGGTTCATTGACTG-1,1,LHb,LHb,resilient,c3-lhb-m21_4,Oval/Medial
GTAGGTTGTTGCTCCT-1,1,LHb,LHb,resilient,c3-lhb-m21_4,Oval/Medial
GTAGTACAGGCTCCCA-1,9,LHb,LHb,resilient,c3-lhb-m21_4,Marginal
GTCACGGCAGAACCGA-1,9,LHb,LHb,resilient,c3-lhb-m21_4,Marginal
GTCACGGTCTGATTCT-1,1,LHb,LHb,resilient,c3-lhb-m21_4,Oval/Medial
GTCACTCAGCGCTTCG-1,1,LHb,LHb,resilient,c3-lhb-m21_4,Lateral
GTCACTCCAATCCTTT-1,1,LHb,LHb,resilient,c3-lhb-m21_4,Oval/Medial
GTCACTCCATAGATGA-1,9,LHb,LHb,resilient,c3-lhb-m21_4,Marginal
GTCACTCGTGAGCGAT-1,1,LHb,LHb,resilient,c3-lhb-m21_4,Oval/Medial
GTCAGCGCAATAGAGT-1,1,LHb,LHb,resilient,c3-lhb-m21_4,Oval/Medial
GTCATCCAGGTAGTCG-1,1,LHb,LHb,resilient,c3-lhb-m21_4,Oval/Medial
GTCATCCGTGAGTGAC-1,1,LHb,LHb,resilient,c3-lhb-m21_4,Oval/Medial
GTCATTTCATGCCGAC-1,1,LHb,LHb,resilient,c3-lhb-m21_4,Oval/Medial
GTCCACTAGATAGCTA-1,1,LHb,LHb,resilient,c3-lhb-m21_4,Oval/Medial
GTCCACTGTAACGCGA-1,1,LHb,LHb,resilient,c3-lhb-m21_4,Lateral
GTCCCATAGCACTCTA-1,1,LHb,LHb,resilient,c3-lhb-m21_4,Oval/Medial
GTCCTCAAGCATATGA-1,1,LHb,LHb,resilient,c3-lhb-m21_4,Oval/Medial
GTCGCGAAGAGTGACC-1,1,LHb,LHb,resilient,c3-lhb-m21_4,Oval/Medial
GTCGCGAAGCCTGCCA-1,1,LHb,LHb,resilient,c3-lhb-m21_4,Oval/Medial
GTCGTAAAGATGCTAA-1,1,LHb,LHb,resilient,c3-lhb-m21_4,Oval/Medial
GTCGTAAAGCGGGTTA-1,1,LHb,LHb,resilient,c3-lhb-m21_4,Oval/Medial
GTCTAGAAGTCCTACA-1,9,LHb,LHb,resilient,c3-lhb-m21_4,Marginal
GTCTGTCAGCCAGACA-1,1,LHb,LHb,resilient,c3-lhb-m21_4,Oval/Medial
GTGACGCGTTGTCCCT-1,1,LHb,LHb,resilient,c3-lhb-m21_4,Oval/Medial
GTGACGCTCGCATTAG-1,1,LHb,LHb,resilient,c3-lhb-m21_4,Lateral
GTGAGGATCAACCTTT-1,1,LHb,LHb,resilient,c3-lhb-m21_4,Oval/Medial
GTGAGTTTCTCAGTCC-1,9,LHb,LHb,resilient,c3-lhb-m21_4,Marginal
GTGATGTAGGATACCG-1,1,LHb,LHb,resilient,c3-lhb-m21_4,Oval/Medial
GTGCGTGAGGTGAGAA-1,1,LHb,LHb,resilient,c3-lhb-m21_4,Oval/Medial
GTGCTTCAGCGATGGT-1,9,LHb,LHb,resilient,c3-lhb-m21_4,Marginal
GTGGAGAAGTTGGACG-1,1,LHb,LHb,resilient,c3-lhb-m21_4,Oval/Medial
GTGGAGATCTGGACCG-1,1,LHb,LHb,resilient,c3-lhb-m21_4,Oval/Medial
GTGGAGATCTTACCAT-1,1,LHb,LHb,resilient,c3-lhb-m21_4,Oval/Medial
GTGGCGTAGCCATATC-1,1,LHb,LHb,resilient,c3-lhb-m21_4,Oval/Medial
GTGGCGTGTTACAGCT-1,1,LHb,LHb,resilient,c3-lhb-m21_4,Hbx
GTGGGAACAGAGCGTA-1,1,LHb,LHb,resilient,c3-lhb-m21_4,Oval/Medial
GTGGGAATCGGCTTGG-1,1,LHb,LHb,resilient,c3-lhb-m21_4,Oval/Medial
GTGGTTAGTATATGGA-1,1,LHb,LHb,resilient,c3-lhb-m21_4,Marginal
GTGGTTATCCGTATAG-1,1,LHb,LHb,resilient,c3-lhb-m21_4,Oval/Medial
GTGTAACGTTATGTCG-1,1,LHb,LHb,resilient,c3-lhb-m21_4,Oval/Medial
GTGTAACTCGCAGTTA-1,1,LHb,LHb,resilient,c3-lhb-m21_4,Oval/Medial
GTGTAACTCGGACTGC-1,1,LHb,LHb,resilient,c3-lhb-m21_4,Oval/Medial
GTGTTAGCAACACTAC-1,1,LHb,LHb,resilient,c3-lhb-m21_4,Oval/Medial
GTTACAGGTCGACGCT-1,1,LHb,LHb,resilient,c3-lhb-m21_4,Oval/Medial
GTTACCCAGACGCCAA-1,1,LHb,LHb,resilient,c3-lhb-m21_4,Oval/Medial
GTTACCCGTTGTACGT-1,21,LHb,LHb,resilient,c3-lhb-m21_4,Oval/Medial
GTTAGTGCATTGAGCT-1,1,LHb,LHb,resilient,c3-lhb-m21_4,Oval/Medial
GTTATGGCAGACTGCC-1,1,LHb,LHb,resilient,c3-lhb-m21_4,Oval/Medial
GTTCATTCACTTGAGT-1,1,LHb,LHb,resilient,c3-lhb-m21_4,Oval/Medial
GTTCCGTTCCTACCGT-1,1,LHb,LHb,resilient,c3-lhb-m21_4,Oval/Medial
GTTCGCTGTGAGTCAG-1,1,LHb,LHb,resilient,c3-lhb-m21_4,Oval/Medial
GTTGAACAGTAATACG-1,1,LHb,LHb,resilient,c3-lhb-m21_4,Oval/Medial
GTTGCGGTCATTACTC-1-1,1,LHb,LHb,resilient,c3-lhb-m21_4,Oval/Medial
GTTGTAGTCGAAATCC-1,1,LHb,LHb,resilient,c3-lhb-m21_4,Lateral
GTTGTCCGTGAACGGT-1,1,LHb,LHb,resilient,c3-lhb-m21_4,Oval/Medial
GTTGTCCGTTTACCTT-1,1,LHb,LHb,resilient,c3-lhb-m21_4,Oval/Medial
GTTGTGAAGTAAAGCT-1,1,LHb,LHb,resilient,c3-lhb-m21_4,Hbx
GTTTACTAGAACAGGA-1,1,LHb,LHb,resilient,c3-lhb-m21_4,Oval/Medial
GTTTGGAAGAGCAGCT-1,1,LHb,LHb,resilient,c3-lhb-m21_4,Hbx
TAACACGGTTAGGAGC-1,1,LHb,LHb,resilient,c3-lhb-m21_4,Lateral
TAACCAGGTTTGCAGT-1,1,LHb,LHb,resilient,c3-lhb-m21_4,Oval/Medial
TAAGCACCAGGGTCTC-1,1,LHb,LHb,resilient,c3-lhb-m21_4,Oval/Medial
TAAGCCAGTGCTATTG-1,1,LHb,LHb,resilient,c3-lhb-m21_4,Oval/Medial
TAAGCGTGTACAAGCG-1,1,LHb,LHb,resilient,c3-lhb-m21_4,Oval/Medial
TAAGTCGCAGCGCTTG-1,1,LHb,LHb,resilient,c3-lhb-m21_4,Oval/Medial
TACAGGTGTAATCAAG-1,1,LHb,LHb,resilient,c3-lhb-m21_4,Oval/Medial
TACCCACAGTCCCGAC-1,1,LHb,LHb,resilient,c3-lhb-m21_4,Lateral
TACCCGTGTCGAGTTT-1,1,LHb,LHb,resilient,c3-lhb-m21_4,Oval/Medial
TACCTCGCACTTCCTG-1,1,LHb,LHb,resilient,c3-lhb-m21_4,Oval/Medial
TACCTCGTCGTTCGCT-1,1,LHb,LHb,resilient,c3-lhb-m21_4,Oval/Medial
TACGCTCCACCAGCGT-1,13,LHb,LHb,resilient,c3-lhb-m21_4,Hbx
TACGGGCTCATTGCTT-1,1,LHb,LHb,resilient,c3-lhb-m21_4,Oval/Medial
TACGGGCTCCCGAGAC-1,1,LHb,LHb,resilient,c3-lhb-m21_4,Oval/Medial
TACGGTAGTTATGTGC-1,1,LHb,LHb,resilient,c3-lhb-m21_4,Oval/Medial
TACGTCCGTTGTACGT-1,1,LHb,LHb,resilient,c3-lhb-m21_4,Oval/Medial
TACTGCCCATACCGTA-1,1,LHb,LHb,resilient,c3-lhb-m21_4,Oval/Medial
TACTGCCGTTCTTCAT-1,1,LHb,LHb,resilient,c3-lhb-m21_4,Oval/Medial
TACTTACAGCTGGAGT-1,1,LHb,LHb,resilient,c3-lhb-m21_4,Lateral
TACTTCAGTGCGAGTA-1,0,LHb,LHb,resilient,c3-lhb-m21_4,Hbx
TACTTCATCATCGTAG-1,1,LHb,LHb,resilient,c3-lhb-m21_4,Oval/Medial
TAGACCAGTCCGAAGA-1,1,LHb,LHb,resilient,c3-lhb-m21_4,Oval/Medial
TAGACTGTCTCAGAAC-1,9,LHb,LHb,resilient,c3-lhb-m21_4,Marginal
TAGATCGTCAAGTCTG-1,1,LHb,LHb,resilient,c3-lhb-m21_4,Oval/Medial
TAGATCGTCCCATACC-1,1,LHb,LHb,resilient,c3-lhb-m21_4,Oval/Medial
TAGCACAGTATTGAGA-1,1,LHb,LHb,resilient,c3-lhb-m21_4,Oval/Medial
TAGCACAGTTTGAACC-1,1,LHb,LHb,resilient,c3-lhb-m21_4,Oval/Medial
TAGGAGGTCTCTCTTC-1,1,LHb,LHb,resilient,c3-lhb-m21_4,Oval/Medial
TAGGGTTGTCACTACA-1,1,LHb,LHb,resilient,c3-lhb-m21_4,Oval/Medial
TAGGTACCAAGACGGT-1,1,LHb,LHb,resilient,c3-lhb-m21_4,Oval/Medial
TAGGTTGAGACCGCCT-1,1,LHb,LHb,resilient,c3-lhb-m21_4,Oval/Medial
TAGGTTGAGGGCCTCT-1,1,LHb,LHb,resilient,c3-lhb-m21_4,Hbx
TAGTGCAGTCCTCCTA-1,1,LHb,LHb,resilient,c3-lhb-m21_4,Oval/Medial
TATACCTCAGACACCC-1,1,LHb,LHb,resilient,c3-lhb-m21_4,Oval/Medial
TATACCTTCCGATAAC-1,1,LHb,LHb,resilient,c3-lhb-m21_4,Oval/Medial
TATCCTAAGGCCATAG-1,1,LHb,LHb,resilient,c3-lhb-m21_4,Oval/Medial
TATCCTAGTGTGAGCA-1,0,LHb,LHb,resilient,c3-lhb-m21_4,Oval/Medial
TATCCTATCTGGGCAC-1,1,LHb,LHb,resilient,c3-lhb-m21_4,Oval/Medial
TATCTTGTCAGGCGAA-1,1,LHb,LHb,resilient,c3-lhb-m21_4,Hbx
TATCTTGTCTCACGAA-1,1,LHb,LHb,resilient,c3-lhb-m21_4,Oval/Medial
TATTGCTGTACTAGCT-1,1,LHb,LHb,resilient,c3-lhb-m21_4,Oval/Medial
TATTGCTTCTGCAGCG-1,1,LHb,LHb,resilient,c3-lhb-m21_4,Oval/Medial
TATTTCGAGATTCGCT-1,1,LHb,LHb,resilient,c3-lhb-m21_4,Oval/Medial
TATTTCGAGGGCAGAG-1,1,LHb,LHb,resilient,c3-lhb-m21_4,Oval/Medial
TATTTCGCACTTCATT-1,0,LHb,LHb,resilient,c3-lhb-m21_4,Oval/Medial
TCAAGACGTGGCTAGA-1,1,LHb,LHb,resilient,c3-lhb-m21_4,Oval/Medial
TCAAGCAGTTTGGGTT-1,1,LHb,LHb,resilient,c3-lhb-m21_4,Oval/Medial
TCAATCTAGGCGAAGG-1,1,LHb,LHb,resilient,c3-lhb-m21_4,Oval/Medial
TCAATCTAGGTCGTGA-1,1,LHb,LHb,resilient,c3-lhb-m21_4,Oval/Medial
TCAATCTGTCAATCTG-1,1,LHb,LHb,resilient,c3-lhb-m21_4,Oval/Medial
TCAATTCAGAAGGATG-1,1,LHb,LHb,resilient,c3-lhb-m21_4,Oval/Medial
TCAATTCGTTCGAAGG-1,1,LHb,LHb,resilient,c3-lhb-m21_4,Oval/Medial
TCACAAGAGCCGTTGC-1,1,LHb,LHb,resilient,c3-lhb-m21_4,Lateral
TCACAAGAGCTTCGTA-1,1,LHb,LHb,resilient,c3-lhb-m21_4,Oval/Medial
TCACAAGGTCCCTGAG-1,1,LHb,LHb,resilient,c3-lhb-m21_4,Oval/Medial
TCACACCAGACTTCAC-1,1,LHb,LHb,resilient,c3-lhb-m21_4,Oval/Medial
TCACACCTCTATACGG-1,9,LHb,LHb,resilient,c3-lhb-m21_4,Marginal
TCACATTAGGAAGTGA-1,1,LHb,LHb,resilient,c3-lhb-m21_4,Oval/Medial
TCACATTGTTCTCGTC-1,1,LHb,LHb,resilient,c3-lhb-m21_4,Oval/Medial
TCACGCTTCCCTTTGG-1,1,LHb,LHb,resilient,c3-lhb-m21_4,Oval/Medial
TCACGGGAGTGCCAGA-1,1,LHb,LHb,resilient,c3-lhb-m21_4,Oval/Medial
TCACGGGCAAGATTGA-1,1,LHb,LHb,resilient,c3-lhb-m21_4,Oval/Medial
TCACGGGGTCGGTGAA-1,1,LHb,LHb,resilient,c3-lhb-m21_4,Oval/Medial
TCACTATAGATCCCAT-1,1,LHb,LHb,resilient,c3-lhb-m21_4,Oval/Medial
TCACTATGTCTCCCTA-1,1,LHb,LHb,resilient,c3-lhb-m21_4,Oval/Medial
TCACTCGAGTTCATGC-1,1,LHb,LHb,resilient,c3-lhb-m21_4,Hbx
TCACTCGTCACTACGA-1,1,LHb,LHb,resilient,c3-lhb-m21_4,Hbx
TCAGCAACATGTAACC-1,1,LHb,LHb,resilient,c3-lhb-m21_4,Oval/Medial
TCAGGGCAGTAACAGT-1,9,LHb,LHb,resilient,c3-lhb-m21_4,Marginal
TCAGGTAGTAGCGTCC-1,1,LHb,LHb,resilient,c3-lhb-m21_4,Lateral
TCAGTGAAGTTGAAAC-1,0,LHb,LHb,resilient,c3-lhb-m21_4,Marginal
TCAGTGATCAAGCTGT-1,1,LHb,LHb,resilient,c3-lhb-m21_4,Oval/Medial
TCATATCGTGATGTAA-1,1,LHb,LHb,resilient,c3-lhb-m21_4,Oval/Medial
TCATATCTCGCCGTGA-1,1,LHb,LHb,resilient,c3-lhb-m21_4,Oval/Medial
TCATCATAGTAGGATT-1,1,LHb,LHb,resilient,c3-lhb-m21_4,Oval/Medial
TCATCATCACGCGCAT-1,1,LHb,LHb,resilient,c3-lhb-m21_4,Oval/Medial
TCATGTTGTGGAGGTT-1,1,LHb,LHb,resilient,c3-lhb-m21_4,Oval/Medial
TCATTACCAAGGATGC-1,1,LHb,LHb,resilient,c3-lhb-m21_4,Oval/Medial
TCATTACTCCTACACC-1,1,LHb,LHb,resilient,c3-lhb-m21_4,Oval/Medial
TCATTGTAGACCGTTT-1,1,LHb,LHb,resilient,c3-lhb-m21_4,Oval/Medial
TCATTGTTCTAAGGAA-1,1,LHb,LHb,resilient,c3-lhb-m21_4,Oval/Medial
TCATTTGCAGTACTAC-1,1,LHb,LHb,resilient,c3-lhb-m21_4,Oval/Medial
TCATTTGGTTCCGGTG-1,1,LHb,LHb,resilient,c3-lhb-m21_4,Oval/Medial
TCCACGTAGCAAACAT-1,1,LHb,LHb,resilient,c3-lhb-m21_4,Oval/Medial
TCCACGTAGTACGAGC-1,1,LHb,LHb,resilient,c3-lhb-m21_4,Lateral
TCCAGAAAGGTCATAA-1,1,LHb,LHb,resilient,c3-lhb-m21_4,Oval/Medial
TCCAGAATCCGCAGTG-1,1,LHb,LHb,resilient,c3-lhb-m21_4,Oval/Medial
TCCATCGCAATTGGTC-1,1,LHb,LHb,resilient,c3-lhb-m21_4,Oval/Medial
TCCATCGCATACAGAA-1,1,LHb,LHb,resilient,c3-lhb-m21_4,Oval/Medial
TCCCACACAACTTCTT-1,1,LHb,LHb,resilient,c3-lhb-m21_4,Lateral
TCCCAGTCAACAGCTT-1,1,LHb,LHb,resilient,c3-lhb-m21_4,Oval/Medial
TCCCAGTTCATGGTAC-1,9,LHb,LHb,resilient,c3-lhb-m21_4,Marginal
TCCCATGAGAGGCCAT-1,1,LHb,LHb,resilient,c3-lhb-m21_4,Oval/Medial
TCCCATGCACAACATC-1,1,LHb,LHb,resilient,c3-lhb-m21_4,Oval/Medial
TCCCATGCACTGAATC-1,1,LHb,LHb,resilient,c3-lhb-m21_4,Oval/Medial
TCCGAAATCACCTCGT-1,1,LHb,LHb,resilient,c3-lhb-m21_4,Oval/Medial
TCCGATCAGTGCTAGG-1,1,LHb,LHb,resilient,c3-lhb-m21_4,Oval/Medial
TCCGATCGTAGAATAC-1,1,LHb,LHb,resilient,c3-lhb-m21_4,Oval/Medial
TCCGGGAGTTCGATTG-1,1,LHb,LHb,resilient,c3-lhb-m21_4,Oval/Medial
TCCGGGATCCCTATTA-1,1,LHb,LHb,resilient,c3-lhb-m21_4,Oval/Medial
TCCGGGATCTTTCAGT-1,1,LHb,LHb,resilient,c3-lhb-m21_4,Oval/Medial
TCCGTGTGTCGCGGTT-1,1,LHb,LHb,resilient,c3-lhb-m21_4,Oval/Medial
TCCGTGTTCTGGCCTT-1,1,LHb,LHb,resilient,c3-lhb-m21_4,Oval/Medial
TCCTAATTCTCGACCT-1,1,LHb,LHb,resilient,c3-lhb-m21_4,Oval/Medial
TCCTCCCCATTGGCAT-1,1,LHb,LHb,resilient,c3-lhb-m21_4,Hbx
TCCTCTTCAGGTTCCG-1,1,LHb,LHb,resilient,c3-lhb-m21_4,Oval/Medial
TCCTTCTGTTTGGCTA-1,9,LHb,LHb,resilient,c3-lhb-m21_4,Marginal
TCCTTCTTCTCTTAAC-1,1,LHb,LHb,resilient,c3-lhb-m21_4,Oval/Medial
TCGAAGTCATTAGGAA-1,1,LHb,LHb,resilient,c3-lhb-m21_4,Oval/Medial
TCGAAGTTCGGCTGAC-1,1,LHb,LHb,resilient,c3-lhb-m21_4,Oval/Medial
TCGAAGTTCTGCTTAT-1,1,LHb,LHb,resilient,c3-lhb-m21_4,Oval/Medial
TCGACCTCAGTGTGGA-1,1,LHb,LHb,resilient,c3-lhb-m21_4,Oval/Medial
TCGACCTCATTACGGT-1,4,LHb,LHb,resilient,c3-lhb-m21_4,Marginal
TCGACGGTCTGAGAGG-1,1,LHb,LHb,resilient,c3-lhb-m21_4,Oval/Medial
TCGATTTAGAAGAACG-1,1,LHb,LHb,resilient,c3-lhb-m21_4,Oval/Medial
TCGATTTCACATCATG-1,1,LHb,LHb,resilient,c3-lhb-m21_4,Oval/Medial
TCGATTTTCTGAACGT-1,1,LHb,LHb,resilient,c3-lhb-m21_4,Oval/Medial
TCGCACTTCAGAACCT-1,1,LHb,LHb,resilient,c3-lhb-m21_4,Oval/Medial
TCGCAGGAGCCTCAGC-1,1,LHb,LHb,resilient,c3-lhb-m21_4,Oval/Medial
TCGCTCAAGGGTAATT-1,1,LHb,LHb,resilient,c3-lhb-m21_4,Lateral
TCGCTCAGTCATCTAG-1,1,LHb,LHb,resilient,c3-lhb-m21_4,Oval/Medial
TCGGATACACGCGCTA-1,1,LHb,LHb,resilient,c3-lhb-m21_4,Oval/Medial
TCGGATAGTACGGGAT-1,1,LHb,LHb,resilient,c3-lhb-m21_4,Oval/Medial
TCGGGCACAAGAATAC-1,1,LHb,LHb,resilient,c3-lhb-m21_4,Oval/Medial
TCGGGCATCAGCCTCT-1,1,LHb,LHb,resilient,c3-lhb-m21_4,Oval/Medial
TCGGTCTTCGTTCTAT-1,1,LHb,LHb,resilient,c3-lhb-m21_4,Lateral
TCGTCCAGTCGTAATC-1,1,LHb,LHb,resilient,c3-lhb-m21_4,Oval/Medial
TCGTGCTGTGGCGTAA-1,1,LHb,LHb,resilient,c3-lhb-m21_4,Oval/Medial
TCTATCATCTGCAGCG-1,1,LHb,LHb,resilient,c3-lhb-m21_4,Oval/Medial
TCTCACGAGCATGCAG-1,1,LHb,LHb,resilient,c3-lhb-m21_4,Oval/Medial
TCTCAGCTCTCAACGA-1,1,LHb,LHb,resilient,c3-lhb-m21_4,Oval/Medial
TCTCCGAAGAGTTGCG-1,1,LHb,LHb,resilient,c3-lhb-m21_4,Oval/Medial
TCTCCGAAGTCATCGT-1,1,LHb,LHb,resilient,c3-lhb-m21_4,Oval/Medial
TCTCTGGTCCAGCAAT-1,1,LHb,LHb,resilient,c3-lhb-m21_4,Oval/Medial
TCTGCCACAGTAGATA-1,1,LHb,LHb,resilient,c3-lhb-m21_4,Oval/Medial
TCTGTCGAGTAACAGT-1,1,LHb,LHb,resilient,c3-lhb-m21_4,Oval/Medial
TGAACGTGTGAGCTCC-1,1,LHb,LHb,resilient,c3-lhb-m21_4,Oval/Medial
TGAATCGGTTCGTACA-1,1,LHb,LHb,resilient,c3-lhb-m21_4,Oval/Medial
TGAATCGTCATGCAGT-1,1,LHb,LHb,resilient,c3-lhb-m21_4,Hbx
TGAATGCCATACCGTA-1,1,LHb,LHb,resilient,c3-lhb-m21_4,Oval/Medial
TGACGCGCACACGGTC-1,1,LHb,LHb,resilient,c3-lhb-m21_4,Oval/Medial
TGACGCGCATTGAAGA-1,9,LHb,LHb,resilient,c3-lhb-m21_4,Marginal
TGAGACTCACGACGCT-1,1,LHb,LHb,resilient,c3-lhb-m21_4,Oval/Medial
TGAGCATCACGCTGCA-1,4,LHb,LHb,resilient,c3-lhb-m21_4,Marginal
TGAGCATTCTGTAACG-1,1,LHb,LHb,resilient,c3-lhb-m21_4,Oval/Medial
TGAGCGCAGCTTACGT-1,1,LHb,LHb,resilient,c3-lhb-m21_4,Oval/Medial
TGAGCGCTCAACACGT-1,9,LHb,LHb,resilient,c3-lhb-m21_4,Marginal
TGAGGAGCAGGTCAAG-1,1,LHb,LHb,resilient,c3-lhb-m21_4,Oval/Medial
TGAGGAGGTAGTGTGG-1,1,LHb,LHb,resilient,c3-lhb-m21_4,Lateral
TGAGGGAGTGTTATCG-1,9,LHb,LHb,resilient,c3-lhb-m21_4,Oval/Medial
TGAGGTTGTGTATTGC-1,1,LHb,LHb,resilient,c3-lhb-m21_4,Oval/Medial
TGAGTCAAGACCCTTA-1,1,LHb,LHb,resilient,c3-lhb-m21_4,Oval/Medial
TGAGTCACACCAGCGT-1,0,LHb,LHb,resilient,c3-lhb-m21_4,Oval/Medial
TGATCAGCATAAGCAA-1,0,LHb,LHb,resilient,c3-lhb-m21_4,Oval/Medial
TGATCTTCAGCCGTCA-1,1,LHb,LHb,resilient,c3-lhb-m21_4,Oval/Medial
TGATCTTGTACAAACA-1,1,LHb,LHb,resilient,c3-lhb-m21_4,Oval/Medial
TGATGGTGTTATGGTC-1,1,LHb,LHb,resilient,c3-lhb-m21_4,Lateral
TGATTCTTCCATTTAC-1,1,LHb,LHb,resilient,c3-lhb-m21_4,Hbx
TGATTTCAGTACTCGT-1,1,LHb,LHb,resilient,c3-lhb-m21_4,Oval/Medial
TGCAGATAGTCGTCTA-1,1,LHb,LHb,resilient,c3-lhb-m21_4,Oval/Medial
TGCAGATCAGAGTCAG-1,1,LHb,LHb,resilient,c3-lhb-m21_4,Oval/Medial
TGCAGGCTCCATTTAC-1,1,LHb,LHb,resilient,c3-lhb-m21_4,Lateral
TGCAGTATCCTCACGT-1,1,LHb,LHb,resilient,c3-lhb-m21_4,Hbx
TGCATCCCAGAGAAAG-1,1,LHb,LHb,resilient,c3-lhb-m21_4,Oval/Medial
TGCCGAGCAAACAGGC-1,1,LHb,LHb,resilient,c3-lhb-m21_4,Oval/Medial
TGCCGAGCATACAGAA-1,1,LHb,LHb,resilient,c3-lhb-m21_4,Oval/Medial
TGCGACGCAGACGCTC-1,1,LHb,LHb,resilient,c3-lhb-m21_4,Oval/Medial
TGCGATAAGAAGCGCT-1,1,LHb,LHb,resilient,c3-lhb-m21_4,Hbx
TGCGATAAGCACTAGG-1,1,LHb,LHb,resilient,c3-lhb-m21_4,Oval/Medial
TGCGGCAAGAACTGAT-1,1,LHb,LHb,resilient,c3-lhb-m21_4,Oval/Medial
TGCGGGTAGTAGCATA-1,1,LHb,LHb,resilient,c3-lhb-m21_4,Hbx
TGCGGGTCATCCAACA-1,13,LHb,LHb,resilient,c3-lhb-m21_4,Hbx
TGCGGGTCATCCGGCA-1,1,LHb,LHb,resilient,c3-lhb-m21_4,Oval/Medial
TGCTCGTGTCAGTCGC-1,1,LHb,LHb,resilient,c3-lhb-m21_4,Oval/Medial
TGCTCGTGTCGTGGTC-1,1,LHb,LHb,resilient,c3-lhb-m21_4,Oval/Medial
TGCTGAAAGTATGGCG-1,1,LHb,LHb,resilient,c3-lhb-m21_4,Oval/Medial
TGCTTCGCAGTCCGTG-1,1,LHb,LHb,resilient,c3-lhb-m21_4,Oval/Medial
TGCTTGCCAAGGAGTC-1,1,LHb,LHb,resilient,c3-lhb-m21_4,Oval/Medial
TGCTTGCGTAGTCTGT-1,1,LHb,LHb,resilient,c3-lhb-m21_4,Oval/Medial
TGCTTGCTCACTGATG-1,1,LHb,LHb,resilient,c3-lhb-m21_4,Lateral
TGGAACTCAACACGTT-1,1,LHb,LHb,resilient,c3-lhb-m21_4,Oval/Medial
TGGAGGAAGACAGTCG-1,9,LHb,LHb,resilient,c3-lhb-m21_4,Marginal
TGGAGGATCACCGACG-1,1,LHb,LHb,resilient,c3-lhb-m21_4,Oval/Medial
TGGATCATCGAAGAAT-1,1,LHb,LHb,resilient,c3-lhb-m21_4,Oval/Medial
TGGATGTAGATACAGT-1,1,LHb,LHb,resilient,c3-lhb-m21_4,Oval/Medial
TGGATGTGTATTCCGA-1,1,LHb,LHb,resilient,c3-lhb-m21_4,Oval/Medial
TGGGAAGCACTACCGG-1,1,LHb,LHb,resilient,c3-lhb-m21_4,Oval/Medial
TGGGAGAGTAGCGCCT-1,1,LHb,LHb,resilient,c3-lhb-m21_4,Oval/Medial
TGGGAGAGTGACATCT-1,1,LHb,LHb,resilient,c3-lhb-m21_4,Oval/Medial
TGGGATTAGGGCAGTT-1,1,LHb,LHb,resilient,c3-lhb-m21_4,Oval/Medial
TGGGCGTGTCATCCCT-1,1,LHb,LHb,resilient,c3-lhb-m21_4,Oval/Medial
TGGGCTGAGTGAACAT-1,1,LHb,LHb,resilient,c3-lhb-m21_4,Oval/Medial
TGGTACACAATACCCA-1,0,LHb,LHb,resilient,c3-lhb-m21_4,Marginal
TGGTAGTAGTAACGTA-1,1,LHb,LHb,resilient,c3-lhb-m21_4,Oval/Medial
TGGTAGTGTCGAACAG-1,9,LHb,LHb,resilient,c3-lhb-m21_4,Marginal
TGGTAGTTCACAATGC-1,1,LHb,LHb,resilient,c3-lhb-m21_4,Oval/Medial
TGGTAGTTCATATGGC-1,1,LHb,LHb,resilient,c3-lhb-m21_4,Lateral
TGGTAGTTCGACCCAG-1,9,LHb,LHb,resilient,c3-lhb-m21_4,Marginal
TGGTTAGAGCTCTGTA-1,1,LHb,LHb,resilient,c3-lhb-m21_4,Lateral
TGTACAGAGGCAGCTA-1,1,LHb,LHb,resilient,c3-lhb-m21_4,Oval/Medial
TGTACAGCAGCAAGAC-1,1,LHb,LHb,resilient,c3-lhb-m21_4,Oval/Medial
TGTCAGACACGGTAGA-1,1,LHb,LHb,resilient,c3-lhb-m21_4,Oval/Medial
TGTCAGATCTTACTGT-1,1,LHb,LHb,resilient,c3-lhb-m21_4,Oval/Medial
TGTGAGTTCGAACCAT-1,1,LHb,LHb,resilient,c3-lhb-m21_4,Oval/Medial
TGTGATGGTGTGTTTG-1,1,LHb,LHb,resilient,c3-lhb-m21_4,Oval/Medial
TGTGCGGAGACTACCT-1,1,LHb,LHb,resilient,c3-lhb-m21_4,Oval/Medial
TGTGGCGAGCATCAAA-1,1,LHb,LHb,resilient,c3-lhb-m21_4,Lateral
TGTGGCGGTTGCCAAT-1,1,LHb,LHb,resilient,c3-lhb-m21_4,Oval/Medial
TGTTACTCAACGTTAC-1,9,LHb,LHb,resilient,c3-lhb-m21_4,Marginal
TGTTCATCAAGTCATC-1,1,LHb,LHb,resilient,c3-lhb-m21_4,Oval/Medial
TGTTCATCACTCACTC-1,1,LHb,LHb,resilient,c3-lhb-m21_4,Oval/Medial
TGTTCATGTGGGTCAA-1,1,LHb,LHb,resilient,c3-lhb-m21_4,Oval/Medial
TGTTCCGCATATACCG-1,1,LHb,LHb,resilient,c3-lhb-m21_4,Oval/Medial
TGTTCCGTCAGCTGAT-1,1,LHb,LHb,resilient,c3-lhb-m21_4,Oval/Medial
TGTTCCGTCTAGTGTG-1,1,LHb,LHb,resilient,c3-lhb-m21_4,Lateral
TGTTCCGTCTGTGCGG-1,1,LHb,LHb,resilient,c3-lhb-m21_4,Oval/Medial
TGTTCTAAGTACAGCG-1,1,LHb,LHb,resilient,c3-lhb-m21_4,Lateral
TGTTCTAGTAGAGCTG-1,1,LHb,LHb,resilient,c3-lhb-m21_4,Oval/Medial
TGTTGAGAGTATGACA-1,1,LHb,LHb,resilient,c3-lhb-m21_4,Oval/Medial
TGTTGAGTCCATTGCC-1,9,LHb,LHb,resilient,c3-lhb-m21_4,Oval/Medial
TGTTTGTCAGGTGTTT-1,1,LHb,LHb,resilient,c3-lhb-m21_4,Oval/Medial
TGTTTGTGTGACTGAG-1,1,LHb,LHb,resilient,c3-lhb-m21_4,Oval/Medial
TTAATCCTCAAGAGTA-1,1,LHb,LHb,resilient,c3-lhb-m21_4,Oval/Medial
TTACGTTAGACGCTCC-1,1,LHb,LHb,resilient,c3-lhb-m21_4,Oval/Medial
TTACGTTTCCACTTCG-1,1,LHb,LHb,resilient,c3-lhb-m21_4,Oval/Medial
TTACGTTTCGACGTCG-1,1,LHb,LHb,resilient,c3-lhb-m21_4,Oval/Medial
TTACGTTTCTAGTGTG-1,1,LHb,LHb,resilient,c3-lhb-m21_4,Oval/Medial
TTACTGTTCGATTTCT-1,1,LHb,LHb,resilient,c3-lhb-m21_4,Oval/Medial
TTAGGCAGTGCCTTTC-1,1,LHb,LHb,resilient,c3-lhb-m21_4,Oval/Medial
TTAGTCTAGGTGTGAC-1,1,LHb,LHb,resilient,c3-lhb-m21_4,Oval/Medial
TTCAATCCAAATCAGA-1,1,LHb,LHb,resilient,c3-lhb-m21_4,Oval/Medial
TTCAATCTCAACCTCC-1,1,LHb,LHb,resilient,c3-lhb-m21_4,Oval/Medial
TTCAATCTCACACCGG-1,9,LHb,LHb,resilient,c3-lhb-m21_4,Marginal
TTCACCGTCAGGGTAG-1,1,LHb,LHb,resilient,c3-lhb-m21_4,Oval/Medial
TTCAGGATCCGTACGG-1-1,1,LHb,LHb,resilient,c3-lhb-m21_4,Oval/Medial
TTCAGGATCTCTCCGA-1,1,LHb,LHb,resilient,c3-lhb-m21_4,Oval/Medial
TTCATTGGTGCTGCAC-1,9,LHb,LHb,resilient,c3-lhb-m21_4,Marginal
TTCCAATCAAATAGCA-1,1,LHb,LHb,resilient,c3-lhb-m21_4,Oval/Medial
TTCCAATTCCGAAGGA-1,1,LHb,LHb,resilient,c3-lhb-m21_4,Oval/Medial
TTCCACGAGAGTCCGA-1,1,LHb,LHb,resilient,c3-lhb-m21_4,Oval/Medial
TTCCACGAGGCATTTC-1,9,LHb,LHb,resilient,c3-lhb-m21_4,Marginal
TTCCACGTCGTTACCC-1,1,LHb,LHb,resilient,c3-lhb-m21_4,Oval/Medial
TTCCGGTAGTCTTGGT-1,1,LHb,LHb,resilient,c3-lhb-m21_4,Oval/Medial
TTCCGGTCATGACGTT-1,1,LHb,LHb,resilient,c3-lhb-m21_4,Lateral
TTCCTAATCATGCAGT-1,1,LHb,LHb,resilient,c3-lhb-m21_4,Oval/Medial
TTCCTAATCCTGATAG-1,1,LHb,LHb,resilient,c3-lhb-m21_4,Oval/Medial
TTCCTCTAGGGCGAGA-1,1,LHb,LHb,resilient,c3-lhb-m21_4,Oval/Medial
TTCCTTCGTCTGCCTT-1,1,LHb,LHb,resilient,c3-lhb-m21_4,Hbx
TTCCTTCTCTGCTGAA-1,1,LHb,LHb,resilient,c3-lhb-m21_4,Oval/Medial
TTCGATTGTACCACGC-1,9,LHb,LHb,resilient,c3-lhb-m21_4,Marginal
TTCGGTCTCTTCTTCC-1,1,LHb,LHb,resilient,c3-lhb-m21_4,Oval/Medial
TTCTAGTTCTCGTGGG-1,1,LHb,LHb,resilient,c3-lhb-m21_4,Oval/Medial
TTCTGTAGTAGTCACT-1,1,LHb,LHb,resilient,c3-lhb-m21_4,Oval/Medial
TTCTTCCGTAGTCTTG-1,1,LHb,LHb,resilient,c3-lhb-m21_4,Oval/Medial
TTGAACGGTATGAAAC-1,1,LHb,LHb,resilient,c3-lhb-m21_4,Oval/Medial
TTGACCCCAGCATCTA-1,1,LHb,LHb,resilient,c3-lhb-m21_4,Oval/Medial
TTGAGTGAGGTTCATC-1,1,LHb,LHb,resilient,c3-lhb-m21_4,Oval/Medial
TTGAGTGCAGCGATTT-1,1,LHb,LHb,resilient,c3-lhb-m21_4,Oval/Medial
TTGAGTGTCACGAGGA-1,9,LHb,LHb,resilient,c3-lhb-m21_4,Marginal
TTGAGTGTCTCGCTCA-1,13,LHb,LHb,resilient,c3-lhb-m21_4,Hbx
TTGATGGAGTACCATC-1,1,LHb,LHb,resilient,c3-lhb-m21_4,Oval/Medial
TTGATGGTCAGCATTG-1,9,LHb,LHb,resilient,c3-lhb-m21_4,Marginal
TTGCATTAGTGATCGG-1,1,LHb,LHb,resilient,c3-lhb-m21_4,Oval/Medial
TTGCATTGTGGCCACT-1,1,LHb,LHb,resilient,c3-lhb-m21_4,Oval/Medial
TTGCATTGTTCCGGTG-1,1,LHb,LHb,resilient,c3-lhb-m21_4,Oval/Medial
TTGCATTTCAGTCAGT-1,1,LHb,LHb,resilient,c3-lhb-m21_4,Oval/Medial
TTGCGTCAGATGGTCG-1,1,LHb,LHb,resilient,c3-lhb-m21_4,Oval/Medial
TTGCGTCTCCAGGACC-1,1,LHb,LHb,resilient,c3-lhb-m21_4,Oval/Medial
TTGCTGCCATTAGGCT-1,1,LHb,LHb,resilient,c3-lhb-m21_4,Oval/Medial
TTGGATGTCTCAATCT-1,1,LHb,LHb,resilient,c3-lhb-m21_4,Oval/Medial
TTGGATGTCTGCTCTG-1,1,LHb,LHb,resilient,c3-lhb-m21_4,Hbx
TTGGGATAGCCAGAGT-1,1,LHb,LHb,resilient,c3-lhb-m21_4,Oval/Medial
TTGGGATCAATTGTGC-1,4,LHb,LHb,resilient,c3-lhb-m21_4,Marginal
TTGGGCGGTGGTCTTA-1,1,LHb,LHb,resilient,c3-lhb-m21_4,Oval/Medial
TTGGGCGTCATGAAAG-1,1,LHb,LHb,resilient,c3-lhb-m21_4,Oval/Medial
TTGGGTACACAAGCAG-1,1,LHb,LHb,resilient,c3-lhb-m21_4,Oval/Medial
TTGGGTAGTCGCGGTT-1,1,LHb,LHb,resilient,c3-lhb-m21_4,Oval/Medial
TTGGGTATCGGTCGAC-1,1,LHb,LHb,resilient,c3-lhb-m21_4,Lateral
TTGGTTTAGCCATGCC-1,1,LHb,LHb,resilient,c3-lhb-m21_4,Oval/Medial
TTGTGGAAGCCATATC-1,1,LHb,LHb,resilient,c3-lhb-m21_4,Oval/Medial
TTGTGGAAGTAAGAGG-1,1,LHb,LHb,resilient,c3-lhb-m21_4,Oval/Medial
TTGTGGAAGTTCAACC-1,1,LHb,LHb,resilient,c3-lhb-m21_4,Oval/Medial
TTGTTGTCAAGGCCTC-1,1,LHb,LHb,resilient,c3-lhb-m21_4,Oval/Medial
TTGTTGTTCCATTCAT-1,1,LHb,LHb,resilient,c3-lhb-m21_4,Oval/Medial
TTTACCAAGAGCAGTC-1,1,LHb,LHb,resilient,c3-lhb-m21_4,Oval/Medial
TTTACCAGTGACCTGC-1,1,LHb,LHb,resilient,c3-lhb-m21_4,Oval/Medial
TTTACGTGTCGGAACA-1,1,LHb,LHb,resilient,c3-lhb-m21_4,Oval/Medial
TTTCATGCAGAATCGG-1,1,LHb,LHb,resilient,c3-lhb-m21_4,Oval/Medial
TTTCATGGTTCCCACT-1,1,LHb,LHb,resilient,c3-lhb-m21_4,Oval/Medial
TTTCATGTCAGCTGTA-1,13,LHb,LHb,resilient,c3-lhb-m21_4,Oval/Medial
TTTCATGTCGTAACCA-1,0,LHb,LHb,resilient,c3-lhb-m21_4,Hbx
TTTCCTCAGGAGGCAG-1,1,LHb,LHb,resilient,c3-lhb-m21_4,Oval/Medial
TTTCCTCAGGAGTCTG-1,1,LHb,LHb,resilient,c3-lhb-m21_4,Oval/Medial
TTTGATCCAACGTTAC-1,1,LHb,LHb,resilient,c3-lhb-m21_4,Oval/Medial
TTTGGAGGTGACAGGT-1,1,LHb,LHb,resilient,c3-lhb-m21_4,Oval/Medial
TTTGTTGAGGTGATAT-1,1,LHb,LHb,resilient,c3-lhb-m21_4,Oval/Medial
AAACCCACACAGTCCG-1,1,LHb,LHb,control,b4-lhb-m37_3,Oval/Medial
AAACCCACACCATTCC-1,1,LHb,LHb,control,b4-lhb-m37_3,Hbx
AAAGAACCATAATCGC-1,1,LHb,LHb,control,b4-lhb-m37_3,Oval/Medial
AAAGGATCACATAGCT-1,1,LHb,LHb,control,b4-lhb-m37_3,Hbx
AAAGGGCCAGCAGTGA-1,0,LHb,LHb,control,b4-lhb-m37_3,Hbx
AAAGTCCAGTAGTCAA-1,1,LHb,LHb,control,b4-lhb-m37_3,Oval/Medial
AAAGTCCGTTTCACAG-1,1,LHb,LHb,control,b4-lhb-m37_3,Oval/Medial
AAAGTGAAGTATGAAC-1,1,LHb,LHb,control,b4-lhb-m37_3,Oval/Medial
AAAGTGAGTCTGTGCG-1,1,LHb,LHb,control,b4-lhb-m37_3,Oval/Medial
AAAGTGATCGGTTGTA-1,1,LHb,LHb,control,b4-lhb-m37_3,Hbx
AACAAAGAGTGAGGCT-1,9,LHb,LHb,control,b4-lhb-m37_3,Hbx
AACAAAGTCAATCCGA-1,0,LHb,LHb,control,b4-lhb-m37_3,Oval/Medial
AACAACCTCTAAACGC-1,1,LHb,LHb,control,b4-lhb-m37_3,Oval/Medial
AACAGGGAGACCAGAC-1,9,LHb,LHb,control,b4-lhb-m37_3,Marginal
AACAGGGAGGCTTTCA-1,1,LHb,LHb,control,b4-lhb-m37_3,Oval/Medial
AACCAACGTTCTTGCC-1,9,LHb,LHb,control,b4-lhb-m37_3,Marginal
AACCACACACAATGTC-1,1,LHb,LHb,control,b4-lhb-m37_3,Oval/Medial
AACCACAGTGCGACAA-1,1,LHb,LHb,control,b4-lhb-m37_3,Lateral
AACCACATCATTCATC-1,1,LHb,LHb,control,b4-lhb-m37_3,Hbx
AACCATGGTGTGCTTA-1,9,LHb,LHb,control,b4-lhb-m37_3,Oval/Medial
AACCATGTCGTAGCCG-1,1,LHb,LHb,control,b4-lhb-m37_3,Oval/Medial
AACCCAAAGGACAAGA-1,1,LHb,LHb,control,b4-lhb-m37_3,Hbx
AACCTGAGTATTTCTC-1,1,LHb,LHb,control,b4-lhb-m37_3,Oval/Medial
AACCTGATCGGCATCG-1,4,LHb,LHb,control,b4-lhb-m37_3,Oval/Medial
AACCTTTAGGTGCCTC-1,1,LHb,LHb,control,b4-lhb-m37_3,Oval/Medial
AACCTTTGTGGACTGA-1,1,LHb,LHb,control,b4-lhb-m37_3,Oval/Medial
AACGGGAAGGCTTAAA-1,1,LHb,LHb,control,b4-lhb-m37_3,Hbx
AACGGGACAGCGTTGC-1,0,LHb,LHb,control,b4-lhb-m37_3,Oval/Medial
AACGTCAAGTGCCCGT-1,2,LHb,LHb,control,b4-lhb-m37_3,Hbx
AACTTCTCATGTCTAG-1,9,LHb,LHb,control,b4-lhb-m37_3,Oval/Medial
AACTTCTGTTACCCAA-1,1,LHb,LHb,control,b4-lhb-m37_3,Oval/Medial
AAGAACAAGACTTCGT-1,1,LHb,LHb,control,b4-lhb-m37_3,Oval/Medial
AAGAACATCAGCGCGT-1,1,LHb,LHb,control,b4-lhb-m37_3,Lateral
AAGACAAGTAGAATAC-1,2,LHb,LHb,control,b4-lhb-m37_3,Hbx
AAGATAGGTGTTATCG-1,9,LHb,LHb,control,b4-lhb-m37_3,Marginal
AAGCATCGTCAAACGG-1,9,LHb,LHb,control,b4-lhb-m37_3,Marginal
AAGCCATAGTTCCAGT-1,1,LHb,LHb,control,b4-lhb-m37_3,Oval/Medial
AAGGAATAGATTAGAC-1-1,1,LHb,LHb,control,b4-lhb-m37_3,Oval/Medial
AAGGTAACAGCGTACC-1,1,LHb,LHb,control,b4-lhb-m37_3,Oval/Medial
AAGTACCCATATCTGG-1,1,LHb,LHb,control,b4-lhb-m37_3,Oval/Medial
AAGTGAACAGTTCACA-1,9,LHb,LHb,control,b4-lhb-m37_3,Marginal
AAGTTCGTCAATGTCG-1,1,LHb,LHb,control,b4-lhb-m37_3,Oval/Medial
AATAGAGGTTCTCTAT-1,1,LHb,LHb,control,b4-lhb-m37_3,Oval/Medial
AATCGACTCCATCGTC-1,9,LHb,LHb,control,b4-lhb-m37_3,Marginal
AATCGTGGTGTGTACT-1,9,LHb,LHb,control,b4-lhb-m37_3,Marginal
AATGAAGGTAGATCCT-1,1,LHb,LHb,control,b4-lhb-m37_3,Oval/Medial
AATGACCCAGGATCTT-1,9,LHb,LHb,control,b4-lhb-m37_3,Oval/Medial
AATGCCATCGTACACA-1,1,LHb,LHb,control,b4-lhb-m37_3,Oval/Medial
AATGGAAAGGTACAAT-1,9,LHb,LHb,control,b4-lhb-m37_3,Marginal
AATGGAATCGAGTGGA-1,1,LHb,LHb,control,b4-lhb-m37_3,Hbx
AATGGCTTCCGTCCTA-1,13,LHb,LHb,control,b4-lhb-m37_3,Oval/Medial
AATTCCTTCTCATGCC-1,0,LHb,LHb,control,b4-lhb-m37_3,Oval/Medial
AATTTCCAGTCGCTAT-1,4,LHb,LHb,control,b4-lhb-m37_3,Hbx
AATTTCCCATGACTAC-1,9,LHb,LHb,control,b4-lhb-m37_3,Marginal
AATTTCCGTAGAGACC-1,0,LHb,LHb,control,b4-lhb-m37_3,Hbx
ACACAGTAGCTCTTCC-1,9,LHb,LHb,control,b4-lhb-m37_3,Marginal
ACACAGTCAGGAATAT-1,1,LHb,LHb,control,b4-lhb-m37_3,Hbx
ACACAGTGTAGGAAAG-1,1,LHb,LHb,control,b4-lhb-m37_3,Oval/Medial
ACACCAACACCAACAT-1,1,LHb,LHb,control,b4-lhb-m37_3,Lateral
ACACGCGGTTGTCAGT-1,2,LHb,LHb,control,b4-lhb-m37_3,Oval/Medial
ACAGAAAAGGTGCCAA-1,2,LHb,LHb,control,b4-lhb-m37_3,Oval/Medial
ACAGCCGCAATCGCAT-1,1,LHb,LHb,control,b4-lhb-m37_3,Oval/Medial
ACAGCCGGTTGCCATA-1,1,LHb,LHb,control,b4-lhb-m37_3,Hbx
ACAGCCGTCCTCGATC-1,1,LHb,LHb,control,b4-lhb-m37_3,Hbx
ACATCCCAGCAAATCA-1,1,LHb,LHb,control,b4-lhb-m37_3,Oval/Medial
ACATCCCAGCGCACAA-1,9,LHb,LHb,control,b4-lhb-m37_3,Marginal
ACATCCCAGTCATCCA-1,4,LHb,LHb,control,b4-lhb-m37_3,Hbx
ACCAACAGTAACTGCT-1,4,LHb,LHb,control,b4-lhb-m37_3,Hbx
ACCAACATCATGAGTC-1,0,LHb,LHb,control,b4-lhb-m37_3,Hbx
ACCACAAAGTATCTGC-1,1,LHb,LHb,control,b4-lhb-m37_3,Lateral
ACCACAACAACACACT-1,1,LHb,LHb,control,b4-lhb-m37_3,Hbx
ACCACAATCTACACAG-1,1,LHb,LHb,control,b4-lhb-m37_3,Oval/Medial
ACCCAAAGTACTCCCT-1,1,LHb,LHb,control,b4-lhb-m37_3,Oval/Medial
ACCCTTGTCAGCTTGA-1,1,LHb,LHb,control,b4-lhb-m37_3,Oval/Medial
ACCGTTCTCTATCCAT-1,1,LHb,LHb,control,b4-lhb-m37_3,Oval/Medial
ACCTACCCAAATTGCC-1,9,LHb,LHb,control,b4-lhb-m37_3,Marginal
ACCTACCTCTTACTGT-1,0,LHb,LHb,control,b4-lhb-m37_3,Oval/Medial
ACCTGTCAGACCAAGC-1,9,LHb,LHb,control,b4-lhb-m37_3,Marginal
ACGATCAAGGAATCGC-1,1,LHb,LHb,control,b4-lhb-m37_3,Oval/Medial
ACGATCATCTCATTAC-1,4,LHb,LHb,control,b4-lhb-m37_3,Hbx
ACGCACGGTATGTCCA-1-1,4,LHb,LHb,control,b4-lhb-m37_3,Oval/Medial
ACGGAAGAGTAACCTC-1,0,LHb,LHb,control,b4-lhb-m37_3,Oval/Medial
ACGGGTCCAGGGAATC-1,1,LHb,LHb,control,b4-lhb-m37_3,Lateral
ACGTAACCATGAGTAA-1,1,LHb,LHb,control,b4-lhb-m37_3,Hbx
ACGTAACTCCGGACTG-1,1,LHb,LHb,control,b4-lhb-m37_3,Oval/Medial
ACGTACAGTGGGTATG-1,9,LHb,LHb,control,b4-lhb-m37_3,Marginal
ACGTAGTAGAGGTCGT-1,1,LHb,LHb,control,b4-lhb-m37_3,Oval/Medial
ACGTCCTAGCTCCACG-1,1,LHb,LHb,control,b4-lhb-m37_3,Lateral
ACTATCTAGAACCGCA-1,1,LHb,LHb,control,b4-lhb-m37_3,Oval/Medial
ACTATGGTCATAGAGA-1,1,LHb,LHb,control,b4-lhb-m37_3,Oval/Medial
ACTATTCAGGATGTTA-1,1,LHb,LHb,control,b4-lhb-m37_3,Oval/Medial
ACTATTCCAGCGATTT-1,1,LHb,LHb,control,b4-lhb-m37_3,Hbx
ACTCCCACATTCTCTA-1,1,LHb,LHb,control,b4-lhb-m37_3,Hbx
ACTCCCAGTTTGCAGT-1,0,LHb,LHb,control,b4-lhb-m37_3,Oval/Medial
ACTGATGCATGCCGCA-1,1,LHb,LHb,control,b4-lhb-m37_3,Lateral
ACTGCAATCACTGGGC-1,4,LHb,LHb,control,b4-lhb-m37_3,Hbx
ACTGTCCAGCATCGAG-1,4,LHb,LHb,control,b4-lhb-m37_3,Oval/Medial
ACTTATCCAAGGTCGA-1,9,LHb,LHb,control,b4-lhb-m37_3,Marginal
ACTTCCGGTCACTCTC-1,1,LHb,LHb,control,b4-lhb-m37_3,Oval/Medial
ACTTCGCCAAGGCCTC-1,1,LHb,LHb,control,b4-lhb-m37_3,Lateral
ACTTTGTAGTCTAACC-1,1,LHb,LHb,control,b4-lhb-m37_3,Oval/Medial
ACTTTGTCACCGTGGT-1,1,LHb,LHb,control,b4-lhb-m37_3,Oval/Medial
AGAACCTCATGTGCTA-1,4,LHb,LHb,control,b4-lhb-m37_3,Oval/Medial
AGAAGCGTCCTTATGT-1,1,LHb,LHb,control,b4-lhb-m37_3,Oval/Medial
AGACAAACAGCGAACA-1,1,LHb,LHb,control,b4-lhb-m37_3,Oval/Medial
AGACAAAGTATTTCTC-1,1,LHb,LHb,control,b4-lhb-m37_3,Lateral
AGACACTCATGACAAA-1,2,LHb,LHb,control,b4-lhb-m37_3,Hbx
AGACAGGGTATACCTG-1,1,LHb,LHb,control,b4-lhb-m37_3,Lateral
AGACCATCACCCAACG-1,9,LHb,LHb,control,b4-lhb-m37_3,Oval/Medial
AGACCATTCTCTTGCG-1,9,LHb,LHb,control,b4-lhb-m37_3,Marginal
AGACTCAAGCACTCAT-1,1,LHb,LHb,control,b4-lhb-m37_3,Oval/Medial
AGACTCAGTCATTCCC-1,1,LHb,LHb,control,b4-lhb-m37_3,Hbx
AGAGAGCCACAAGCCC-1,1,LHb,LHb,control,b4-lhb-m37_3,Oval/Medial
AGAGCCCAGAGTCACG-1,1,LHb,LHb,control,b4-lhb-m37_3,Oval/Medial
AGATAGACAGAACTAA-1,1,LHb,LHb,control,b4-lhb-m37_3,Oval/Medial
AGATGCTTCCATGCAA-1,1,LHb,LHb,control,b4-lhb-m37_3,Oval/Medial
AGCATCATCGAGTACT-1,9,LHb,LHb,control,b4-lhb-m37_3,Marginal
AGCCACGTCCTCTAAT-1,9,LHb,LHb,control,b4-lhb-m37_3,Marginal
AGCGATTGTACTCGTA-1,1,LHb,LHb,control,b4-lhb-m37_3,Oval/Medial
AGCGCTGAGGTCGTGA-1,9,LHb,LHb,control,b4-lhb-m37_3,Marginal
AGCGTATAGCTGTGCC-1,1,LHb,LHb,control,b4-lhb-m37_3,Oval/Medial
AGCGTATGTCTTCCGT-1,4,LHb,LHb,control,b4-lhb-m37_3,Oval/Medial
AGCTACAGTTGTTGTG-1,1,LHb,LHb,control,b4-lhb-m37_3,Hbx
AGCTCAAGTTTCGTAG-1,1,LHb,LHb,control,b4-lhb-m37_3,Oval/Medial
AGCTTCCCAAGGACAC-1,1,LHb,LHb,control,b4-lhb-m37_3,Lateral
AGCTTCCCAGCAGGAT-1,9,LHb,LHb,control,b4-lhb-m37_3,Marginal
AGGAATAAGGGATGTC-1,9,LHb,LHb,control,b4-lhb-m37_3,Oval/Medial
AGGAATAGTTAAACAG-1,1,LHb,LHb,control,b4-lhb-m37_3,Oval/Medial
AGGAATATCGCTCTCA-1,1,LHb,LHb,control,b4-lhb-m37_3,Lateral
AGGACGAGTACCTTCC-1,9,LHb,LHb,control,b4-lhb-m37_3,Oval/Medial
AGGACGAGTTGAGTCT-1,2,LHb,LHb,control,b4-lhb-m37_3,Marginal
AGGACTTAGGACTGGT-1,1,LHb,LHb,control,b4-lhb-m37_3,Lateral
AGGAGGTTCTGGCTGG-1,1,LHb,LHb,control,b4-lhb-m37_3,Oval/Medial
AGGCATTAGAACCCGA-1,1,LHb,LHb,control,b4-lhb-m37_3,Oval/Medial
AGGCATTGTTCGAACT-1,9,LHb,LHb,control,b4-lhb-m37_3,Marginal
AGGCCACAGTTCTACG-1,1,LHb,LHb,control,b4-lhb-m37_3,Hbx
AGGCCACAGTTGAATG-1,1,LHb,LHb,control,b4-lhb-m37_3,Oval/Medial
AGGGCCTAGAGCACTG-1,9,LHb,LHb,control,b4-lhb-m37_3,Marginal
AGGGTTTCACCATTCC-1,1,LHb,LHb,control,b4-lhb-m37_3,Oval/Medial
AGGGTTTGTCGTGTTA-1,9,LHb,LHb,control,b4-lhb-m37_3,Lateral
AGGTAGGCAATCCAGT-1,1,LHb,LHb,control,b4-lhb-m37_3,Oval/Medial
AGGTCATCAGTCAGTT-1,1,LHb,LHb,control,b4-lhb-m37_3,Oval/Medial
AGGTCTAGTAGGTGCA-1,4,LHb,LHb,control,b4-lhb-m37_3,Hbx
AGGTTACCACACTTAG-1,2,LHb,LHb,control,b4-lhb-m37_3,Oval/Medial
AGGTTACTCCTCTGCA-1,1,LHb,LHb,control,b4-lhb-m37_3,Oval/Medial
AGTAACCTCCCTGTTG-1,1,LHb,LHb,control,b4-lhb-m37_3,Oval/Medial
AGTCAACAGCTTGTTG-1,1,LHb,LHb,control,b4-lhb-m37_3,Oval/Medial
AGTCACAAGGTATCTC-1,1,LHb,LHb,control,b4-lhb-m37_3,Oval/Medial
AGTCACAGTATGCTTG-1,9,LHb,LHb,control,b4-lhb-m37_3,Oval/Medial
AGTCATGTCTAACGCA-1,1,LHb,LHb,control,b4-lhb-m37_3,Oval/Medial
AGTCTCCGTCGGTGTC-1,1,LHb,LHb,control,b4-lhb-m37_3,Oval/Medial
AGTGATCTCGTGTCAA-1,0,LHb,LHb,control,b4-lhb-m37_3,Oval/Medial
AGTGTTGGTTATAGAG-1,1,LHb,LHb,control,b4-lhb-m37_3,Oval/Medial
ATACCGACAATCCTTT-1,0,LHb,LHb,control,b4-lhb-m37_3,Oval/Medial
ATACCTTCAAAGGCAC-1,1,LHb,LHb,control,b4-lhb-m37_3,Oval/Medial
ATACCTTTCGAACTCA-1,1,LHb,LHb,control,b4-lhb-m37_3,Oval/Medial
ATACTTCTCCAACCAA-1,1,LHb,LHb,control,b4-lhb-m37_3,Oval/Medial
ATCACTTAGGTTGGTG-1,1,LHb,LHb,control,b4-lhb-m37_3,Lateral
ATCAGGTAGAGTCACG-1,9,LHb,LHb,control,b4-lhb-m37_3,Marginal
ATCAGGTAGCTTGTTG-1,9,LHb,LHb,control,b4-lhb-m37_3,Oval/Medial
ATCAGGTCAGGTTCAT-1,1,LHb,LHb,control,b4-lhb-m37_3,Oval/Medial
ATCATTCTCGTGCTCT-1,1,LHb,LHb,control,b4-lhb-m37_3,Oval/Medial
ATCCACCTCATGCATG-1,1,LHb,LHb,control,b4-lhb-m37_3,Oval/Medial
ATCCATTAGGTACATA-1,1,LHb,LHb,control,b4-lhb-m37_3,Oval/Medial
ATCCATTCACCCTTGT-1,1,LHb,LHb,control,b4-lhb-m37_3,Oval/Medial
ATCCATTTCCACAAGT-1,9,LHb,LHb,control,b4-lhb-m37_3,Marginal
ATCCGTCCATCTTAGG-1,1,LHb,LHb,control,b4-lhb-m37_3,Oval/Medial
ATCCTATAGTTGTCAC-1,1,LHb,LHb,control,b4-lhb-m37_3,Oval/Medial
ATCCTATGTCACCTTC-1,1,LHb,LHb,control,b4-lhb-m37_3,Hbx
ATCGATGCATTCTGTT-1,0,LHb,LHb,control,b4-lhb-m37_3,Oval/Medial
ATCGCCTCAGACCAGA-1,9,LHb,LHb,control,b4-lhb-m37_3,Marginal
ATCGCCTCAGTGCCTG-1,1,LHb,LHb,control,b4-lhb-m37_3,Oval/Medial
ATCGGATGTCTTTCTA-1,2,LHb,LHb,control,b4-lhb-m37_3,Hbx
ATCGTCCAGGCCACTC-1,9,LHb,LHb,control,b4-lhb-m37_3,Marginal
ATCGTGAGTCGAGTGA-1,1,LHb,LHb,control,b4-lhb-m37_3,Hbx
ATCGTGAGTGGCTTAT-1,1,LHb,LHb,control,b4-lhb-m37_3,Oval/Medial
ATCGTGATCTGGACTA-1,1,LHb,LHb,control,b4-lhb-m37_3,Lateral
ATCTCTACAATGAGCG-1,9,LHb,LHb,control,b4-lhb-m37_3,Marginal
ATGAAAGCAGGTTCCG-1,1,LHb,LHb,control,b4-lhb-m37_3,Oval/Medial
ATGACCACATCCTAAG-1,1,LHb,LHb,control,b4-lhb-m37_3,Oval/Medial
ATGATCGCAATCAGCT-1,1,LHb,LHb,control,b4-lhb-m37_3,Oval/Medial
ATGATCGGTGACCGAA-1,2,LHb,LHb,control,b4-lhb-m37_3,Oval/Medial
ATGATCGTCTCCCAAC-1,1,LHb,LHb,control,b4-lhb-m37_3,Oval/Medial
ATGCCTCAGAGGTTAT-1,1,LHb,LHb,control,b4-lhb-m37_3,Oval/Medial
ATGCCTCAGTATTAGG-1,1,LHb,LHb,control,b4-lhb-m37_3,Oval/Medial
ATGCCTCAGTGCCAGA-1,1,LHb,LHb,control,b4-lhb-m37_3,Oval/Medial
ATGCCTCGTATTGAGA-1,0,LHb,LHb,control,b4-lhb-m37_3,Oval/Medial
ATGCGATCAATTCTTC-1,1,LHb,LHb,control,b4-lhb-m37_3,Oval/Medial
ATGGATCCAGCTTTGA-1,1,LHb,LHb,control,b4-lhb-m37_3,Oval/Medial
ATGGGTTGTTAGGACG-1,9,LHb,LHb,control,b4-lhb-m37_3,Marginal
ATGTCCCTCATGAAAG-1,9,LHb,LHb,control,b4-lhb-m37_3,Marginal
ATTACCTAGATAACAC-1,1,LHb,LHb,control,b4-lhb-m37_3,Oval/Medial
ATTACCTCACAACGAG-1,9,LHb,LHb,control,b4-lhb-m37_3,Marginal
ATTACCTTCTCGACCT-1,1,LHb,LHb,control,b4-lhb-m37_3,Lateral
ATTACTCCACCTAAAC-1,2,LHb,LHb,control,b4-lhb-m37_3,Oval/Medial
ATTATCCAGAAGATCT-1,1,LHb,LHb,control,b4-lhb-m37_3,Oval/Medial
ATTATCCGTACTAGCT-1,1,LHb,LHb,control,b4-lhb-m37_3,Oval/Medial
ATTATCCTCTGCTCTG-1,1,LHb,LHb,control,b4-lhb-m37_3,Oval/Medial
ATTCACTGTGGCCACT-1,1,LHb,LHb,control,b4-lhb-m37_3,Oval/Medial
ATTCAGGCACTAAACC-1,4,LHb,LHb,control,b4-lhb-m37_3,Hbx
ATTCAGGGTGGTCTGC-1,9,LHb,LHb,control,b4-lhb-m37_3,Marginal
ATTCCATAGGTCGCCT-1,1,LHb,LHb,control,b4-lhb-m37_3,Oval/Medial
ATTCCCGAGACTTAAG-1,1,LHb,LHb,control,b4-lhb-m37_3,Hbx
ATTCCCGCATTGTACG-1,1,LHb,LHb,control,b4-lhb-m37_3,Oval/Medial
ATTCCCGTCGAATGCT-1,9,LHb,LHb,control,b4-lhb-m37_3,Marginal
ATTGGGTCAAATGGAT-1,1,LHb,LHb,control,b4-lhb-m37_3,Oval/Medial
ATTTCACGTCGCCTAG-1,1,LHb,LHb,control,b4-lhb-m37_3,Lateral
CAACCAAAGCCACTCG-1,1,LHb,LHb,control,b4-lhb-m37_3,Oval/Medial
CAACCAATCGACTCCT-1,1,LHb,LHb,control,b4-lhb-m37_3,Oval/Medial
CAACCAATCTTAAGGC-1,1,LHb,LHb,control,b4-lhb-m37_3,Oval/Medial
CAACGATAGCCTCGTG-1,1,LHb,LHb,control,b4-lhb-m37_3,Oval/Medial
CAACGATGTCTAGATC-1,1,LHb,LHb,control,b4-lhb-m37_3,Oval/Medial
CAACGATTCACAGAGG-1,1,LHb,LHb,control,b4-lhb-m37_3,Oval/Medial
CAAGACTAGCTCATAC-1,4,LHb,LHb,control,b4-lhb-m37_3,Hbx
CAAGCTAGTGTTAGCT-1,1,LHb,LHb,control,b4-lhb-m37_3,Oval/Medial
CAATCGACATCCGGTG-1,9,LHb,LHb,control,b4-lhb-m37_3,Marginal
CAATCGAGTAATTGGA-1,1,LHb,LHb,control,b4-lhb-m37_3,Oval/Medial
CAATCGATCCTGGCTT-1,1,LHb,LHb,control,b4-lhb-m37_3,Oval/Medial
CAATGACTCTTCCCAG-1,1,LHb,LHb,control,b4-lhb-m37_3,Oval/Medial
CAATTTCCAGAACCGA-1,9,LHb,LHb,control,b4-lhb-m37_3,Oval/Medial
CACACAAGTCGTCGGT-1,1,LHb,LHb,control,b4-lhb-m37_3,Oval/Medial
CACAGATGTCCGGCAT-1,9,LHb,LHb,control,b4-lhb-m37_3,Oval/Medial
CACGTGGGTGTATTGC-1,1,LHb,LHb,control,b4-lhb-m37_3,Hbx
CACGTTCTCCTCTCGA-1,1,LHb,LHb,control,b4-lhb-m37_3,Oval/Medial
CACTAAGCAGCCTACG-1,0,LHb,LHb,control,b4-lhb-m37_3,Oval/Medial
CAGAGCCCAGACACCC-1,0,LHb,LHb,control,b4-lhb-m37_3,Oval/Medial
CAGAGCCGTCAGGCAA-1,1,LHb,LHb,control,b4-lhb-m37_3,Oval/Medial
CAGATACTCGACACTA-1,0,LHb,LHb,control,b4-lhb-m37_3,Oval/Medial
CAGCAATAGGTCCTGC-1,1,LHb,LHb,control,b4-lhb-m37_3,Oval/Medial
CAGCACGCATACCACA-1,1,LHb,LHb,control,b4-lhb-m37_3,Oval/Medial
CAGCCAGCAGCACAAG-1,1,LHb,LHb,control,b4-lhb-m37_3,Oval/Medial
CAGCGTGTCATTGCTT-1,9,LHb,LHb,control,b4-lhb-m37_3,Marginal
CAGGCCACAATCAGCT-1,9,LHb,LHb,control,b4-lhb-m37_3,Marginal
CAGGGCTCATAACTCG-1,9,LHb,LHb,control,b4-lhb-m37_3,Marginal
CAGGTATAGTAGCATA-1,13,LHb,LHb,control,b4-lhb-m37_3,Oval/Medial
CAGTGCGCAACGAGGT-1,9,LHb,LHb,control,b4-lhb-m37_3,Marginal
CAGTTCCTCAATCTTC-1,1,LHb,LHb,control,b4-lhb-m37_3,Hbx
CATACTTGTGACACGA-1,1,LHb,LHb,control,b4-lhb-m37_3,Oval/Medial
CATACTTTCCACGTGG-1,1,LHb,LHb,control,b4-lhb-m37_3,Oval/Medial
CATAGACTCGATCCCT-1,1,LHb,LHb,control,b4-lhb-m37_3,Oval/Medial
CATAGACTCGGACAAG-1,1,LHb,LHb,control,b4-lhb-m37_3,Oval/Medial
CATCCCACATAATGCC-1,1,LHb,LHb,control,b4-lhb-m37_3,Oval/Medial
CATCCCATCAGCTAGT-1,9,LHb,LHb,control,b4-lhb-m37_3,Marginal
CATCCGTCAGAGGCTA-1,1,LHb,LHb,control,b4-lhb-m37_3,Oval/Medial
CATCGCTGTCACCCTT-1,1,LHb,LHb,control,b4-lhb-m37_3,Oval/Medial
CATCGTCTCCGGTAAT-1,1,LHb,LHb,control,b4-lhb-m37_3,Oval/Medial
CATGAGTTCAAGATAG-1,9,LHb,LHb,control,b4-lhb-m37_3,Marginal
CATGCAACAGTCACGC-1,9,LHb,LHb,control,b4-lhb-m37_3,Marginal
CATGCAATCCGTGGTG-1,4,LHb,LHb,control,b4-lhb-m37_3,Oval/Medial
CATGCCTAGTCATTGC-1,2,LHb,LHb,control,b4-lhb-m37_3,Marginal
CATGCGGCAACTGCCG-1,1,LHb,LHb,control,b4-lhb-m37_3,Oval/Medial
CATGCGGGTAGCGTTT-1,1,LHb,LHb,control,b4-lhb-m37_3,Oval/Medial
CATGCGGGTGCATTTG-1,1,LHb,LHb,control,b4-lhb-m37_3,Oval/Medial
CATTCTACAATTGCTG-1,0,LHb,LHb,control,b4-lhb-m37_3,Oval/Medial
CATTCTATCGAAGTGG-1,1,LHb,LHb,control,b4-lhb-m37_3,Oval/Medial
CATTGAGAGTCCCAAT-1,1,LHb,LHb,control,b4-lhb-m37_3,Oval/Medial
CATTGCCGTTCCGTTC-1,1,LHb,LHb,control,b4-lhb-m37_3,Oval/Medial
CATTGTTAGTAGGATT-1,1,LHb,LHb,control,b4-lhb-m37_3,Oval/Medial
CATTGTTTCATCTATC-1,4,LHb,LHb,control,b4-lhb-m37_3,Hbx
CATTTCACATTGGCAT-1,1,LHb,LHb,control,b4-lhb-m37_3,Oval/Medial
CATTTCATCCTACGAA-1,13,LHb,LHb,control,b4-lhb-m37_3,Oval/Medial
CCAAGCGAGAATACAC-1,1,LHb,LHb,control,b4-lhb-m37_3,Oval/Medial
CCAATTTTCCCACAGG-1,1,LHb,LHb,control,b4-lhb-m37_3,Oval/Medial
CCACAAAGTCGAAGCA-1,9,LHb,LHb,control,b4-lhb-m37_3,Marginal
CCACAAATCGGACAAG-1,1,LHb,LHb,control,b4-lhb-m37_3,Oval/Medial
CCATAAGGTTCCAGGC-1,1,LHb,LHb,control,b4-lhb-m37_3,Oval/Medial
CCATCACAGTAACAGT-1,1,LHb,LHb,control,b4-lhb-m37_3,Hbx
CCCATTGTCTCTCGAC-1,1,LHb,LHb,control,b4-lhb-m37_3,Oval/Medial
CCCGAAGCAACACACT-1,1,LHb,LHb,control,b4-lhb-m37_3,Oval/Medial
CCCGAAGGTCACGCTG-1,1,LHb,LHb,control,b4-lhb-m37_3,Oval/Medial
CCCGAAGGTCGTATTG-1,1,LHb,LHb,control,b4-lhb-m37_3,Oval/Medial
CCCGAAGGTTTACCAG-1,0,LHb,LHb,control,b4-lhb-m37_3,Hbx
CCCTGATCAGATCCTA-1,1,LHb,LHb,control,b4-lhb-m37_3,Oval/Medial
CCCTGATGTATTTCCT-1,1,LHb,LHb,control,b4-lhb-m37_3,Oval/Medial
CCCTGATTCCGGGACT-1,1,LHb,LHb,control,b4-lhb-m37_3,Oval/Medial
CCGAACGGTCGTCATA-1,1,LHb,LHb,control,b4-lhb-m37_3,Oval/Medial
CCGCAAGCAGTGTGCC-1,13,LHb,LHb,control,b4-lhb-m37_3,Hbx
CCGCAAGTCAATGTCG-1,1,LHb,LHb,control,b4-lhb-m37_3,Oval/Medial
CCGGACACAAGAAACT-1,9,LHb,LHb,control,b4-lhb-m37_3,Marginal
CCGGACATCAATCCGA-1,1,LHb,LHb,control,b4-lhb-m37_3,Oval/Medial
CCGGACATCATTCACT-1,1,LHb,LHb,control,b4-lhb-m37_3,Lateral
CCGGTGAAGTACGTCT-1,1,LHb,LHb,control,b4-lhb-m37_3,Oval/Medial
CCGGTGAGTCAAGTTC-1,1,LHb,LHb,control,b4-lhb-m37_3,Oval/Medial
CCGTGAGGTTCCGCTT-1,1,LHb,LHb,control,b4-lhb-m37_3,Oval/Medial
CCGTTCAAGATCACCT-1,1,LHb,LHb,control,b4-lhb-m37_3,Oval/Medial
CCTAAGAAGTGACCTT-1,4,LHb,LHb,control,b4-lhb-m37_3,Oval/Medial
CCTAAGAGTTACAGCT-1,1,LHb,LHb,control,b4-lhb-m37_3,Oval/Medial
CCTATCGGTCATCACA-1,1,LHb,LHb,control,b4-lhb-m37_3,Hbx
CCTCACAAGACTCATC-1,9,LHb,LHb,control,b4-lhb-m37_3,Marginal
CCTCAGTAGGAACTAT-1,2,LHb,LHb,control,b4-lhb-m37_3,Oval/Medial
CCTCCAACAAAGACGC-1,2,LHb,LHb,control,b4-lhb-m37_3,Oval/Medial
CCTGCATTCGTACACA-1,0,LHb,LHb,control,b4-lhb-m37_3,Oval/Medial
CCTGTTGCACAACGTT-1,1,LHb,LHb,control,b4-lhb-m37_3,Hbx
CCTTCAGGTCCAAATC-1,9,LHb,LHb,control,b4-lhb-m37_3,Marginal
CGAAGGAGTGACCGTC-1,1,LHb,LHb,control,b4-lhb-m37_3,Oval/Medial
CGAAGTTAGTCTAACC-1,13,LHb,LHb,control,b4-lhb-m37_3,Lateral
CGAAGTTGTTATCTTC-1,0,LHb,LHb,control,b4-lhb-m37_3,Oval/Medial
CGAATTGTCCAACCAA-1,1,LHb,LHb,control,b4-lhb-m37_3,Oval/Medial
CGACAGCCACTCGATA-1,1,LHb,LHb,control,b4-lhb-m37_3,Oval/Medial
CGAGAAGCAAGTGTCT-1,1,LHb,LHb,control,b4-lhb-m37_3,Oval/Medial
CGAGGAAGTATCGCTA-1,9,LHb,LHb,control,b4-lhb-m37_3,Hbx
CGAGGAATCCTTATCA-1,0,LHb,LHb,control,b4-lhb-m37_3,Oval/Medial
CGAGGCTGTTGAATCC-1,1,LHb,LHb,control,b4-lhb-m37_3,Oval/Medial
CGAGTTAGTACCTAGT-1,1,LHb,LHb,control,b4-lhb-m37_3,Lateral
CGAGTTAGTGACAGGT-1,9,LHb,LHb,control,b4-lhb-m37_3,Marginal
CGAGTTATCGAGTCCG-1,1,LHb,LHb,control,b4-lhb-m37_3,Oval/Medial
CGATCGGAGGCGTCCT-1,4,LHb,LHb,control,b4-lhb-m37_3,Oval/Medial
CGATGCGCACCTGCAG-1,1,LHb,LHb,control,b4-lhb-m37_3,Oval/Medial
CGATGGCTCAGATGCT-1,1,LHb,LHb,control,b4-lhb-m37_3,Oval/Medial
CGCAGGTAGGCTTCCG-1,1,LHb,LHb,control,b4-lhb-m37_3,Oval/Medial
CGCATAATCATTACCT-1,9,LHb,LHb,control,b4-lhb-m37_3,Marginal
CGCATAATCCACGTGG-1,1,LHb,LHb,control,b4-lhb-m37_3,Oval/Medial
CGCATGGTCCATACTT-1,1,LHb,LHb,control,b4-lhb-m37_3,Lateral
CGCATGGTCCGGCAAC-1,1,LHb,LHb,control,b4-lhb-m37_3,Oval/Medial
CGCCAGATCCTACGGG-1,9,LHb,LHb,control,b4-lhb-m37_3,Marginal
CGCCATTAGCGACTGA-1,1,LHb,LHb,control,b4-lhb-m37_3,Oval/Medial
CGCGTGAAGCGTGAGT-1,2,LHb,LHb,control,b4-lhb-m37_3,Oval/Medial
CGCGTGACATTCACAG-1,4,LHb,LHb,control,b4-lhb-m37_3,Hbx
CGGAACCCAGTTCCAA-1,1,LHb,LHb,control,b4-lhb-m37_3,Oval/Medial
CGGAATTTCTTGGTCC-1,9,LHb,LHb,control,b4-lhb-m37_3,Marginal
CGGACACCAAGGTACG-1,9,LHb,LHb,control,b4-lhb-m37_3,Oval/Medial
CGGACACGTATGATCC-1,9,LHb,LHb,control,b4-lhb-m37_3,Marginal
CGGAGAAAGCACACCC-1,1,LHb,LHb,control,b4-lhb-m37_3,Oval/Medial
CGGCAGTAGGTTCACT-1,13,LHb,LHb,control,b4-lhb-m37_3,Oval/Medial
CGGCAGTCACGGTCTG-1,1,LHb,LHb,control,b4-lhb-m37_3,Oval/Medial
CGGCAGTGTGGAATGC-1,1,LHb,LHb,control,b4-lhb-m37_3,Oval/Medial
CGGCAGTTCCGTGTGG-1,1,LHb,LHb,control,b4-lhb-m37_3,Oval/Medial
CGGGACTAGAGCATAT-1,4,LHb,LHb,control,b4-lhb-m37_3,Hbx
CGGGTCATCTTGCAGA-1,9,LHb,LHb,control,b4-lhb-m37_3,Marginal
CGGGTGTCAGCTGAGA-1,1,LHb,LHb,control,b4-lhb-m37_3,Oval/Medial
CGGTCAGCACGTAGAG-1,1,LHb,LHb,control,b4-lhb-m37_3,Oval/Medial
CGTAATGCAACGATCT-1,1,LHb,LHb,control,b4-lhb-m37_3,Oval/Medial
CGTAGTACAGATTTCG-1,2,LHb,LHb,control,b4-lhb-m37_3,Oval/Medial
CGTCAAAGTATTCCTT-1,0,LHb,LHb,control,b4-lhb-m37_3,Hbx
CGTGAATGTTACCTGA-1,1,LHb,LHb,control,b4-lhb-m37_3,Oval/Medial
CGTGCTTGTCATAGTC-1,0,LHb,LHb,control,b4-lhb-m37_3,Oval/Medial
CGTTAGAGTACAGTAA-1,1,LHb,LHb,control,b4-lhb-m37_3,Oval/Medial
CGTTCTGTCGCGATCG-1,1,LHb,LHb,control,b4-lhb-m37_3,Oval/Medial
CGTTGGGAGCCTATCA-1,1,LHb,LHb,control,b4-lhb-m37_3,Lateral
CGTTGGGGTTCAGTAC-1,1,LHb,LHb,control,b4-lhb-m37_3,Oval/Medial
CGTTGGGTCACTTGTT-1,1,LHb,LHb,control,b4-lhb-m37_3,Oval/Medial
CGTTGGGTCCGATGCG-1,1,LHb,LHb,control,b4-lhb-m37_3,Oval/Medial
CTAACCCTCTTGATTC-1,1,LHb,LHb,control,b4-lhb-m37_3,Lateral
CTAACCCTCTTGGGCG-1,9,LHb,LHb,control,b4-lhb-m37_3,Marginal
CTACAGAAGCCGTCGT-1,9,LHb,LHb,control,b4-lhb-m37_3,Marginal
CTACAGACAGGTATGG-1,1,LHb,LHb,control,b4-lhb-m37_3,Oval/Medial
CTACATTCAGTGCGCT-1,13,LHb,LHb,control,b4-lhb-m37_3,Hbx
CTACCCACAGGCGAAT-1,1,LHb,LHb,control,b4-lhb-m37_3,Hbx
CTACCTGAGCAGATAT-1,9,LHb,LHb,control,b4-lhb-m37_3,Marginal
CTACTATTCGATCCCT-1,1,LHb,LHb,control,b4-lhb-m37_3,Oval/Medial
CTATAGGAGGTGATCG-1,9,LHb,LHb,control,b4-lhb-m37_3,Marginal
CTATCTACAACTCGTA-1,1,LHb,LHb,control,b4-lhb-m37_3,Oval/Medial
CTCAACCAGTCCCTAA-1,2,LHb,LHb,control,b4-lhb-m37_3,Oval/Medial
CTCAAGACACTACTTT-1,1,LHb,LHb,control,b4-lhb-m37_3,Hbx
CTCAATTTCCAAACCA-1,1,LHb,LHb,control,b4-lhb-m37_3,Oval/Medial
CTCAGGGGTAGGGAGG-1,9,LHb,LHb,control,b4-lhb-m37_3,Marginal
CTCATCGCAAACTCGT-1,0,LHb,LHb,control,b4-lhb-m37_3,Oval/Medial
CTCATCGGTGCTATTG-1,4,LHb,LHb,control,b4-lhb-m37_3,Oval/Medial
CTCATCGTCACCTGGG-1,1,LHb,LHb,control,b4-lhb-m37_3,Hbx
CTCATTAAGATACAGT-1,9,LHb,LHb,control,b4-lhb-m37_3,Marginal
CTCCACAAGTTGCCCG-1,0,LHb,LHb,control,b4-lhb-m37_3,Hbx
CTCCCTCTCTCTCTAA-1,1,LHb,LHb,control,b4-lhb-m37_3,Hbx
CTCCGATTCCGAGGCT-1,1,LHb,LHb,control,b4-lhb-m37_3,Oval/Medial
CTCCTTTGTAGCGAGT-1,1,LHb,LHb,control,b4-lhb-m37_3,Oval/Medial
CTCTCAGCACATATGC-1,0,LHb,LHb,control,b4-lhb-m37_3,Oval/Medial
CTCTCAGTCGTGCAGC-1,0,LHb,LHb,control,b4-lhb-m37_3,Hbx
CTGAATGGTATCTCGA-1,1,LHb,LHb,control,b4-lhb-m37_3,Oval/Medial
CTGAATGTCACCCTTG-1,1,LHb,LHb,control,b4-lhb-m37_3,Lateral
CTGAGGCAGAGGCCAT-1,9,LHb,LHb,control,b4-lhb-m37_3,Marginal
CTGATCCCAGAAGTTA-1,1,LHb,LHb,control,b4-lhb-m37_3,Oval/Medial
CTGCAGGAGGGAGGAC-1,1,LHb,LHb,control,b4-lhb-m37_3,Oval/Medial
CTGCAGGTCCCTGTTG-1,1,LHb,LHb,control,b4-lhb-m37_3,Hbx
CTGCATCTCGTAGGGA-1,9,LHb,LHb,control,b4-lhb-m37_3,Marginal
CTGCCATAGTATGGAT-1,1,LHb,LHb,control,b4-lhb-m37_3,Hbx
CTGCCATGTGATTGGG-1,9,LHb,LHb,control,b4-lhb-m37_3,Marginal
CTGCCTACACCAGCTG-1,1,LHb,LHb,control,b4-lhb-m37_3,Oval/Medial
CTGCGAGCAAGTAGTA-1,1,LHb,LHb,control,b4-lhb-m37_3,Oval/Medial
CTGCGAGTCTTGAGCA-1,0,LHb,LHb,control,b4-lhb-m37_3,Hbx
CTGGCAGTCGAAGCCC-1,1,LHb,LHb,control,b4-lhb-m37_3,Oval/Medial
CTGGTCTAGAACGTGC-1,2,LHb,LHb,control,b4-lhb-m37_3,Oval/Medial
CTGTACCAGGAGAGTA-1,0,LHb,LHb,control,b4-lhb-m37_3,Oval/Medial
CTGTACCTCGGTCGAC-1,1,LHb,LHb,control,b4-lhb-m37_3,Oval/Medial
CTGTCGTTCATCCTGC-1,1,LHb,LHb,control,b4-lhb-m37_3,Oval/Medial
CTGTGGGAGCGTCTCG-1,9,LHb,LHb,control,b4-lhb-m37_3,Marginal
CTGTGGGTCGAGAACG-1,9,LHb,LHb,control,b4-lhb-m37_3,Marginal
CTTCAATGTAACACCT-1,9,LHb,LHb,control,b4-lhb-m37_3,Marginal
CTTCAATGTATGCGTT-1,1,LHb,LHb,control,b4-lhb-m37_3,Lateral
CTTCAATTCGCTTGAA-1,1,LHb,LHb,control,b4-lhb-m37_3,Oval/Medial
CTTCCGACAGCTGCCA-1,1,LHb,LHb,control,b4-lhb-m37_3,Oval/Medial
CTTCCTTCAGGTTACT-1,9,LHb,LHb,control,b4-lhb-m37_3,Marginal
CTTCTAACATCGAAGG-1,4,LHb,LHb,control,b4-lhb-m37_3,Oval/Medial
CTTCTCTTCTTTGAGA-1,0,LHb,LHb,control,b4-lhb-m37_3,Hbx
CTTGAGAAGGGCTGAT-1,1,LHb,LHb,control,b4-lhb-m37_3,Oval/Medial
CTTGAGACAATTGGTC-1,9,LHb,LHb,control,b4-lhb-m37_3,Marginal
CTTGAGAGTACGACAG-1,1,LHb,LHb,control,b4-lhb-m37_3,Hbx
CTTGAGAGTCACTAGT-1,1,LHb,LHb,control,b4-lhb-m37_3,Oval/Medial
CTTGAGATCGTACACA-1,1,LHb,LHb,control,b4-lhb-m37_3,Lateral
CTTTCAAAGAGGTCGT-1,1,LHb,LHb,control,b4-lhb-m37_3,Oval/Medial
CTTTCAACAGAGCGTA-1,1,LHb,LHb,control,b4-lhb-m37_3,Oval/Medial
CTTTCGGCAACTAGAA-1,1,LHb,LHb,control,b4-lhb-m37_3,Lateral
GAAATGAGTAGGTAGC-1,1,LHb,LHb,control,b4-lhb-m37_3,Oval/Medial
GAACGTTGTACCGTCG-1,1,LHb,LHb,control,b4-lhb-m37_3,Oval/Medial
GAACGTTTCGATGCTA-1,1,LHb,LHb,control,b4-lhb-m37_3,Oval/Medial
GAACGTTTCGCAATTG-1,1,LHb,LHb,control,b4-lhb-m37_3,Oval/Medial
GAACTGTAGAGGCGGA-1,1,LHb,LHb,control,b4-lhb-m37_3,Oval/Medial
GAACTGTGTTAGGACG-1,1,LHb,LHb,control,b4-lhb-m37_3,Oval/Medial
GAAGAATGTCGCAGTC-1,1,LHb,LHb,control,b4-lhb-m37_3,Oval/Medial
GAAGAATTCAACGAGG-1,1,LHb,LHb,control,b4-lhb-m37_3,Oval/Medial
GAAGCCCAGAACGCGT-1,1,LHb,LHb,control,b4-lhb-m37_3,Oval/Medial
GAAGCCCTCTGGTTGA-1,9,LHb,LHb,control,b4-lhb-m37_3,Marginal
GAAGCGATCCCAGTGG-1,1,LHb,LHb,control,b4-lhb-m37_3,Oval/Medial
GAAGGACCAAGTACCT-1,1,LHb,LHb,control,b4-lhb-m37_3,Hbx
GAAGGGTAGAATCGAT-1,13,LHb,LHb,control,b4-lhb-m37_3,Lateral
GAAGTAAAGATTCGCT-1,1,LHb,LHb,control,b4-lhb-m37_3,Hbx
GAAGTAAAGGATTACA-1,9,LHb,LHb,control,b4-lhb-m37_3,Marginal
GAAGTAAGTGTCCTAA-1,1,LHb,LHb,control,b4-lhb-m37_3,Oval/Medial
GAATAGAAGGCAGTCA-1,1,LHb,LHb,control,b4-lhb-m37_3,Oval/Medial
GAATCACGTAATGTGA-1,1,LHb,LHb,control,b4-lhb-m37_3,Oval/Medial
GAATCGTGTGGCAACA-1,1,LHb,LHb,control,b4-lhb-m37_3,Oval/Medial
GACAGCCCAAGTGCTT-1,9,LHb,LHb,control,b4-lhb-m37_3,Marginal
GACATCATCTGACCCT-1,4,LHb,LHb,control,b4-lhb-m37_3,Oval/Medial
GACCCAGAGCGTTGTT-1,1,LHb,LHb,control,b4-lhb-m37_3,Oval/Medial
GACCCAGAGTGTAGAT-1,4,LHb,LHb,control,b4-lhb-m37_3,Oval/Medial
GACCCAGGTAGGACTG-1,1,LHb,LHb,control,b4-lhb-m37_3,Oval/Medial
GACCTTCAGCGCCTCA-1,1,LHb,LHb,control,b4-lhb-m37_3,Oval/Medial
GACGTTACACAGTGAG-1,9,LHb,LHb,control,b4-lhb-m37_3,Marginal
GACGTTAGTCACCGCA-1,0,LHb,LHb,control,b4-lhb-m37_3,Oval/Medial
GACGTTATCGGCATAT-1,1,LHb,LHb,control,b4-lhb-m37_3,Oval/Medial
GACTATGCAACGGTAG-1,9,LHb,LHb,control,b4-lhb-m37_3,Oval/Medial
GACTATGCATATGGCT-1,1,LHb,LHb,control,b4-lhb-m37_3,Oval/Medial
GACTCAAGTCAACCTA-1,0,LHb,LHb,control,b4-lhb-m37_3,Oval/Medial
GACTCTCGTTCCATTT-1,4,LHb,LHb,control,b4-lhb-m37_3,Hbx
GACTCTCTCCATTTGT-1,1,LHb,LHb,control,b4-lhb-m37_3,Oval/Medial
GACTGATTCTTCCTAA-1,1,LHb,LHb,control,b4-lhb-m37_3,Oval/Medial
GACTTCCAGCAACTTC-1,1,LHb,LHb,control,b4-lhb-m37_3,Oval/Medial
GACTTCCCATGAAGGC-1,9,LHb,LHb,control,b4-lhb-m37_3,Marginal
GACTTCCTCGCTCTAC-1,2,LHb,LHb,control,b4-lhb-m37_3,Marginal
GAGAAATGTGCCGTTG-1,1,LHb,LHb,control,b4-lhb-m37_3,Oval/Medial
GAGACCCCATGGAACG-1,1,LHb,LHb,control,b4-lhb-m37_3,Oval/Medial
GAGACTTCAACCACAT-1,2,LHb,LHb,control,b4-lhb-m37_3,Hbx
GAGATGGGTGTAGTGG-1,1,LHb,LHb,control,b4-lhb-m37_3,Oval/Medial
GAGCCTGAGTTGGACG-1,1,LHb,LHb,control,b4-lhb-m37_3,Oval/Medial
GAGCCTGCATCGTCCT-1,1,LHb,LHb,control,b4-lhb-m37_3,Oval/Medial
GAGGCCTGTTCTCGCT-1,13,LHb,LHb,control,b4-lhb-m37_3,Oval/Medial
GAGGCCTTCGCAGATT-1,9,LHb,LHb,control,b4-lhb-m37_3,Marginal
GAGGGTACATAGTCGT-1,1,LHb,LHb,control,b4-lhb-m37_3,Oval/Medial
GAGTGAGTCCTTCGAC-1,13,LHb,LHb,control,b4-lhb-m37_3,Hbx
GAGTGTTTCGTCAAAC-1,9,LHb,LHb,control,b4-lhb-m37_3,Marginal
GAGTTACCACAACGCC-1,1,LHb,LHb,control,b4-lhb-m37_3,Oval/Medial
GATAGCTAGTTGGAAT-1,9,LHb,LHb,control,b4-lhb-m37_3,Hbx
GATCACATCGCAGAGA-1,1,LHb,LHb,control,b4-lhb-m37_3,Oval/Medial
GATCACATCGCTGCGA-1,9,LHb,LHb,control,b4-lhb-m37_3,Marginal
GATCAGTAGCGACCCT-1,1,LHb,LHb,control,b4-lhb-m37_3,Oval/Medial
GATCATGAGAGCTGCA-1,1,LHb,LHb,control,b4-lhb-m37_3,Oval/Medial
GATCGTAAGGGCAGAG-1,9,LHb,LHb,control,b4-lhb-m37_3,Marginal
GATCGTATCAACGAGG-1,1,LHb,LHb,control,b4-lhb-m37_3,Oval/Medial
GATGACTCACGACTAT-1,1,LHb,LHb,control,b4-lhb-m37_3,Oval/Medial
GATGACTTCCACGGAC-1,1,LHb,LHb,control,b4-lhb-m37_3,Oval/Medial
GATGAGGTCATTTCCA-1,9,LHb,LHb,control,b4-lhb-m37_3,Marginal
GATGATCAGGGAGGTG-1,9,LHb,LHb,control,b4-lhb-m37_3,Marginal
GATGATCAGTGGATAT-1,9,LHb,LHb,control,b4-lhb-m37_3,Marginal
GATGGAGCATTGTACG-1,4,LHb,LHb,control,b4-lhb-m37_3,Oval/Medial
GATTCGACAATACGAA-1-1,9,LHb,LHb,control,b4-lhb-m37_3,Marginal
GATTCGACACCTGCGA-1,9,LHb,LHb,control,b4-lhb-m37_3,Marginal
GATTCTTAGTTGGAAT-1,1,LHb,LHb,control,b4-lhb-m37_3,Oval/Medial
GATTTCTGTGAATGAT-1,1,LHb,LHb,control,b4-lhb-m37_3,Oval/Medial
GCAACATCATCAGCGC-1,9,LHb,LHb,control,b4-lhb-m37_3,Marginal
GCACATAAGCTTCATG-1,1,LHb,LHb,control,b4-lhb-m37_3,Oval/Medial
GCACGTGAGCACTAAA-1,1,LHb,LHb,control,b4-lhb-m37_3,Hbx
GCACGTGTCCACAAGT-1,1,LHb,LHb,control,b4-lhb-m37_3,Oval/Medial
GCACTAAGTGTGTACT-1,9,LHb,LHb,control,b4-lhb-m37_3,Lateral
GCAGCCACAGCAGTAG-1,13,LHb,LHb,control,b4-lhb-m37_3,Hbx
GCAGCTGGTATCACGT-1,1,LHb,LHb,control,b4-lhb-m37_3,Oval/Medial
GCAGGCTCACATATGC-1,9,LHb,LHb,control,b4-lhb-m37_3,Hbx
GCATCGGCATTGTGCA-1,2,LHb,LHb,control,b4-lhb-m37_3,Marginal
GCATCTCAGTCACTGT-1,1,LHb,LHb,control,b4-lhb-m37_3,Oval/Medial
GCATCTCCACGCGGTT-1,4,LHb,LHb,control,b4-lhb-m37_3,Oval/Medial
GCATCTCCATCGTGCG-1,1,LHb,LHb,control,b4-lhb-m37_3,Oval/Medial
GCATCTCGTGACACAG-1,4,LHb,LHb,control,b4-lhb-m37_3,Oval/Medial
GCATGATAGTCTAGAA-1,1,LHb,LHb,control,b4-lhb-m37_3,Lateral
GCATGATGTTACACAC-1,1,LHb,LHb,control,b4-lhb-m37_3,Oval/Medial
GCCAACGAGTTCATGC-1,9,LHb,LHb,control,b4-lhb-m37_3,Oval/Medial
GCCAACGCAGCGTTGC-1,1,LHb,LHb,control,b4-lhb-m37_3,Oval/Medial
GCCAACGCATCCTGTC-1,0,LHb,LHb,control,b4-lhb-m37_3,Oval/Medial
GCCAGGTAGCATACTC-1,1,LHb,LHb,control,b4-lhb-m37_3,Oval/Medial
GCCATTCAGTGCTAGG-1,9,LHb,LHb,control,b4-lhb-m37_3,Marginal
GCCATTCCAAATCGGG-1,1,LHb,LHb,control,b4-lhb-m37_3,Hbx
GCCATTCTCTTCCGTG-1,0,LHb,LHb,control,b4-lhb-m37_3,Oval/Medial
GCCCGAATCAGCAATC-1,4,LHb,LHb,control,b4-lhb-m37_3,Hbx
GCCGTGAGTTTCGACA-1,4,LHb,LHb,control,b4-lhb-m37_3,Oval/Medial
GCCGTGATCGCGTCGA-1,1,LHb,LHb,control,b4-lhb-m37_3,Oval/Medial
GCGAGAACAAGCTACT-1,9,LHb,LHb,control,b4-lhb-m37_3,Marginal
GCGATCGTCATGCCAA-1,1,LHb,LHb,control,b4-lhb-m37_3,Oval/Medial
GCGGAAAGTCGTAATC-1,9,LHb,LHb,control,b4-lhb-m37_3,Marginal
GCGGAAAGTCTACAAC-1,9,LHb,LHb,control,b4-lhb-m37_3,Marginal
GCGGATCTCCATCAGA-1,1,LHb,LHb,control,b4-lhb-m37_3,Oval/Medial
GCGTGCAAGGTACAGC-1,1,LHb,LHb,control,b4-lhb-m37_3,Hbx
GCGTTTCCATAGCACT-1,1,LHb,LHb,control,b4-lhb-m37_3,Oval/Medial
GCTACCTGTCCAAATC-1,1,LHb,LHb,control,b4-lhb-m37_3,Oval/Medial
GCTGAATTCGACATTG-1,1,LHb,LHb,control,b4-lhb-m37_3,Oval/Medial
GCTTGGGGTATCTCGA-1,1,LHb,LHb,control,b4-lhb-m37_3,Oval/Medial
GGAACCCCACGGATCC-1,0,LHb,LHb,control,b4-lhb-m37_3,Hbx
GGAAGTGTCCACACAA-1,1,LHb,LHb,control,b4-lhb-m37_3,Oval/Medial
GGAATGGAGCAGGCAT-1,1,LHb,LHb,control,b4-lhb-m37_3,Oval/Medial
GGAATGGGTTATCCAG-1,1,LHb,LHb,control,b4-lhb-m37_3,Hbx
GGAATGGTCAGAACCT-1,0,LHb,LHb,control,b4-lhb-m37_3,Oval/Medial
GGACGTCGTGCTGTCG-1,9,LHb,LHb,control,b4-lhb-m37_3,Marginal
GGAGAACGTTTCACTT-1,9,LHb,LHb,control,b4-lhb-m37_3,Marginal
GGAGCAACAATCAAGA-1,1,LHb,LHb,control,b4-lhb-m37_3,Oval/Medial
GGAGCAAGTACGTGAG-1,9,LHb,LHb,control,b4-lhb-m37_3,Oval/Medial
GGAGCAATCCAACTAG-1,1,LHb,LHb,control,b4-lhb-m37_3,Oval/Medial
GGATCTAGTTGGAGAC-1,1,LHb,LHb,control,b4-lhb-m37_3,Oval/Medial
GGATGTTAGCCAAGCA-1,1,LHb,LHb,control,b4-lhb-m37_3,Oval/Medial
GGATGTTTCACTACGA-1,1,LHb,LHb,control,b4-lhb-m37_3,Oval/Medial
GGCGTCATCGCCTATC-1,1,LHb,LHb,control,b4-lhb-m37_3,Hbx
GGCTTTCTCGAGAAGC-1,1,LHb,LHb,control,b4-lhb-m37_3,Oval/Medial
GGGAAGTAGAAGCTGC-1,1,LHb,LHb,control,b4-lhb-m37_3,Oval/Medial
GGGAAGTTCTCTCGCA-1,4,LHb,LHb,control,b4-lhb-m37_3,Oval/Medial
GGGACCTGTTGACGGA-1,9,LHb,LHb,control,b4-lhb-m37_3,Marginal
GGGAGTAGTCTACAAC-1,1,LHb,LHb,control,b4-lhb-m37_3,Oval/Medial
GGGATCCCAGGCCCTA-1,9,LHb,LHb,control,b4-lhb-m37_3,Marginal
GGGATGATCAGTCATG-1,2,LHb,LHb,control,b4-lhb-m37_3,Oval/Medial
GGGCGTTAGCTGTTAC-1,1,LHb,LHb,control,b4-lhb-m37_3,Hbx
GGGCTCACACGCCAGT-1,9,LHb,LHb,control,b4-lhb-m37_3,Marginal
GGGTAGACAGCATTGT-1,1,LHb,LHb,control,b4-lhb-m37_3,Oval/Medial
GGGTAGACATACAGGG-1,1,LHb,LHb,control,b4-lhb-m37_3,Oval/Medial
GGGTATTGTCATATGC-1,1,LHb,LHb,control,b4-lhb-m37_3,Oval/Medial
GGGTATTTCAACTGAC-1,1,LHb,LHb,control,b4-lhb-m37_3,Hbx
GGGTATTTCGTGCTCT-1,1,LHb,LHb,control,b4-lhb-m37_3,Oval/Medial
GGGTGAACATCTCCCA-1,9,LHb,LHb,control,b4-lhb-m37_3,Oval/Medial
GGGTTATAGCATGCGA-1,9,LHb,LHb,control,b4-lhb-m37_3,Oval/Medial
GGGTTATGTCATGCAT-1,1,LHb,LHb,control,b4-lhb-m37_3,Oval/Medial
GGTAACTCAGGATCTT-1,1,LHb,LHb,control,b4-lhb-m37_3,Oval/Medial
GGTAATCAGCGAACTG-1,9,LHb,LHb,control,b4-lhb-m37_3,Marginal
GGTAATCAGGGTTTCT-1,1,LHb,LHb,control,b4-lhb-m37_3,Lateral
GGTAATCTCTGACCCT-1,0,LHb,LHb,control,b4-lhb-m37_3,Oval/Medial
GGTCACGTCGCGTGAC-1,1,LHb,LHb,control,b4-lhb-m37_3,Oval/Medial
GGTGAAGAGCTCCCTT-1,1,LHb,LHb,control,b4-lhb-m37_3,Oval/Medial
GGTGATTTCATGAGTC-1,1,LHb,LHb,control,b4-lhb-m37_3,Lateral
GGTGGCTAGAAACTCA-1,1,LHb,LHb,control,b4-lhb-m37_3,Oval/Medial
GGTGGCTAGTAGGAAG-1,0,LHb,LHb,control,b4-lhb-m37_3,Hbx
GGTGGCTCATACAGCT-1,4,LHb,LHb,control,b4-lhb-m37_3,Hbx
GGTGTCGTCTGGTCAA-1,2,LHb,LHb,control,b4-lhb-m37_3,Oval/Medial
GGTTCTCCAATAGAGT-1,9,LHb,LHb,control,b4-lhb-m37_3,Marginal
GGTTCTCGTAGTGTGG-1,1,LHb,LHb,control,b4-lhb-m37_3,Lateral
GGTTCTCGTCAAAGCG-1,1,LHb,LHb,control,b4-lhb-m37_3,Oval/Medial
GGTTGTAGTAATACCC-1,1,LHb,LHb,control,b4-lhb-m37_3,Oval/Medial
GTAACACGTGGCTACC-1,4,LHb,LHb,control,b4-lhb-m37_3,Oval/Medial
GTAACACGTTATAGAG-1,1,LHb,LHb,control,b4-lhb-m37_3,Oval/Medial
GTAACCACAGGGTTGA-1,9,LHb,LHb,control,b4-lhb-m37_3,Marginal
GTAAGTCTCTGTACAG-1,1,LHb,LHb,control,b4-lhb-m37_3,Lateral
GTAATCGGTGAGAGGG-1,9,LHb,LHb,control,b4-lhb-m37_3,Marginal
GTACAGTCACACGTGC-1,1,LHb,LHb,control,b4-lhb-m37_3,Oval/Medial
GTAGGTTAGGCTGGAT-1,1,LHb,LHb,control,b4-lhb-m37_3,Hbx
GTATTTCCACCTAAAC-1,0,LHb,LHb,control,b4-lhb-m37_3,Oval/Medial
GTCAAACCATGGAGAC-1,1,LHb,LHb,control,b4-lhb-m37_3,Hbx
GTCAAGTCAGACGATG-1,1,LHb,LHb,control,b4-lhb-m37_3,Oval/Medial
GTCAAGTCAGGCCCTA-1,1,LHb,LHb,control,b4-lhb-m37_3,Oval/Medial
GTCACGGAGGCGAAGG-1,1,LHb,LHb,control,b4-lhb-m37_3,Oval/Medial
GTCAGCGCAATCTAGC-1,1,LHb,LHb,control,b4-lhb-m37_3,Oval/Medial
GTCATCCCATAGAGGC-1,1,LHb,LHb,control,b4-lhb-m37_3,Oval/Medial
GTCATCCTCGCTAATG-1,9,LHb,LHb,control,b4-lhb-m37_3,Marginal
GTCATCCTCGGTTGTA-1,4,LHb,LHb,control,b4-lhb-m37_3,Hbx
GTCCACTCAGCGAGTA-1,9,LHb,LHb,control,b4-lhb-m37_3,Oval/Medial
GTCCACTTCTCATGCC-1,9,LHb,LHb,control,b4-lhb-m37_3,Marginal
GTCCCATAGTTCAACC-1,1,LHb,LHb,control,b4-lhb-m37_3,Oval/Medial
GTCCTCACATCCCGTT-1,4,LHb,LHb,control,b4-lhb-m37_3,Hbx
GTCGCGAGTAAGACCG-1,1,LHb,LHb,control,b4-lhb-m37_3,Oval/Medial
GTCGTAATCATGAGGG-1,4,LHb,LHb,control,b4-lhb-m37_3,Oval/Medial
GTCGTTCAGCTGACTT-1,1,LHb,LHb,control,b4-lhb-m37_3,Oval/Medial
GTCTAGAGTTGCACGC-1,0,LHb,LHb,control,b4-lhb-m37_3,Hbx
GTCTAGATCATTCTTG-1,1,LHb,LHb,control,b4-lhb-m37_3,Oval/Medial
GTCTCACGTGTGCTTA-1,9,LHb,LHb,control,b4-lhb-m37_3,Marginal
GTCTCACTCTCAAAGC-1,1,LHb,LHb,control,b4-lhb-m37_3,Oval/Medial
GTCTCACTCTTCGTGC-1,9,LHb,LHb,control,b4-lhb-m37_3,Marginal
GTGACGCGTCCTTTGC-1,1,LHb,LHb,control,b4-lhb-m37_3,Oval/Medial
GTGACGCTCACAACCA-1,1,LHb,LHb,control,b4-lhb-m37_3,Oval/Medial
GTGACGCTCTTCGATT-1,9,LHb,LHb,control,b4-lhb-m37_3,Marginal
GTGAGGATCCTCTAGC-1,1,LHb,LHb,control,b4-lhb-m37_3,Oval/Medial
GTGATGTGTTGATGTC-1,1,LHb,LHb,control,b4-lhb-m37_3,Oval/Medial
GTGCACGAGTTACGAA-1,1,LHb,LHb,control,b4-lhb-m37_3,Oval/Medial
GTGCACGGTGGAAATT-1,2,LHb,LHb,control,b4-lhb-m37_3,Hbx
GTGCACGTCCACAAGT-1,1,LHb,LHb,control,b4-lhb-m37_3,Oval/Medial
GTGCGTGCAGGATTCT-1,9,LHb,LHb,control,b4-lhb-m37_3,Marginal
GTGCGTGCAGTCGCAC-1,9,LHb,LHb,control,b4-lhb-m37_3,Marginal
GTGCTGGGTATAGGAT-1,9,LHb,LHb,control,b4-lhb-m37_3,Marginal
GTGCTTCAGGGTCACA-1,4,LHb,LHb,control,b4-lhb-m37_3,Oval/Medial
GTGGAAGAGTACTGTC-1,9,LHb,LHb,control,b4-lhb-m37_3,Oval/Medial
GTGGCGTCAAATGGCG-1,1,LHb,LHb,control,b4-lhb-m37_3,Oval/Medial
GTGGGAAAGCAGCCTC-1,9,LHb,LHb,control,b4-lhb-m37_3,Marginal
GTGGGAAGTGGTCTTA-1,1,LHb,LHb,control,b4-lhb-m37_3,Oval/Medial
GTGGGAATCCCAGGAC-1,1,LHb,LHb,control,b4-lhb-m37_3,Oval/Medial
GTGGTTATCTTGCGCT-1,4,LHb,LHb,control,b4-lhb-m37_3,Hbx
GTGTAACTCAGACCCG-1,1,LHb,LHb,control,b4-lhb-m37_3,Oval/Medial
GTGTGATAGGGTTTCT-1,1,LHb,LHb,control,b4-lhb-m37_3,Hbx
GTGTGGCAGCGATCGA-1,13,LHb,LHb,control,b4-lhb-m37_3,Oval/Medial
GTGTGGCGTATGGGAC-1,1,LHb,LHb,control,b4-lhb-m37_3,Oval/Medial
GTGTTCCGTTGGTGTT-1,1,LHb,LHb,control,b4-lhb-m37_3,Oval/Medial
GTTACCCCACTCTGCT-1,1,LHb,LHb,control,b4-lhb-m37_3,Oval/Medial
GTTACGATCCCGAATA-1,1,LHb,LHb,control,b4-lhb-m37_3,Oval/Medial
GTTAGACGTAGATTAG-1,9,LHb,LHb,control,b4-lhb-m37_3,Marginal
GTTATGGCAAGATCCT-1,1,LHb,LHb,control,b4-lhb-m37_3,Oval/Medial
GTTCCGTAGTATGGAT-1,9,LHb,LHb,control,b4-lhb-m37_3,Marginal
GTTCCGTTCAGCAATC-1,9,LHb,LHb,control,b4-lhb-m37_3,Marginal
GTTCGCTAGCCTGAGA-1,9,LHb,LHb,control,b4-lhb-m37_3,Marginal
GTTCGCTCAATGGCCC-1,1,LHb,LHb,control,b4-lhb-m37_3,Oval/Medial
GTTGCGGAGAGTGTGC-1,1,LHb,LHb,control,b4-lhb-m37_3,Lateral
GTTGCGGGTCCGCAGT-1,1,LHb,LHb,control,b4-lhb-m37_3,Oval/Medial
GTTGCTCGTTCCACGG-1,1,LHb,LHb,control,b4-lhb-m37_3,Oval/Medial
GTTGTCCCACTCTCGT-1,1,LHb,LHb,control,b4-lhb-m37_3,Oval/Medial
GTTGTCCGTTGCGAAG-1,9,LHb,LHb,control,b4-lhb-m37_3,Marginal
GTTGTGATCGCCTCTA-1,9,LHb,LHb,control,b4-lhb-m37_3,Marginal
GTTTACTAGGAACATT-1,1,LHb,LHb,control,b4-lhb-m37_3,Oval/Medial
GTTTACTCACCATAAC-1,1,LHb,LHb,control,b4-lhb-m37_3,Hbx
TAACCAGAGATCACCT-1,1,LHb,LHb,control,b4-lhb-m37_3,Oval/Medial
TAACGACCAGCTACAT-1,1,LHb,LHb,control,b4-lhb-m37_3,Oval/Medial
TAAGCACAGGTTATAG-1,9,LHb,LHb,control,b4-lhb-m37_3,Marginal
TAAGCCACACATTACG-1,1,LHb,LHb,control,b4-lhb-m37_3,Oval/Medial
TAAGCCAGTAGGTACG-1,9,LHb,LHb,control,b4-lhb-m37_3,Marginal
TAAGCCATCTATCCAT-1,9,LHb,LHb,control,b4-lhb-m37_3,Marginal
TAAGCGTCACTTGTGA-1,1,LHb,LHb,control,b4-lhb-m37_3,Oval/Medial
TAAGTCGGTTAATGAG-1,1,LHb,LHb,control,b4-lhb-m37_3,Lateral
TAATTCCAGAACTGAT-1,4,LHb,LHb,control,b4-lhb-m37_3,Oval/Medial
TAATTCCAGAGGTTTA-1,1,LHb,LHb,control,b4-lhb-m37_3,Oval/Medial
TAATTCCAGCCACAAG-1,1,LHb,LHb,control,b4-lhb-m37_3,Lateral
TAATTCCAGGGTACAC-1,1,LHb,LHb,control,b4-lhb-m37_3,Oval/Medial
TAATTCCGTAGTCGGA-1,0,LHb,LHb,control,b4-lhb-m37_3,Oval/Medial
TAATTCCGTAGTCGTT-1,9,LHb,LHb,control,b4-lhb-m37_3,Marginal
TACAACGAGCGGGTAT-1,1,LHb,LHb,control,b4-lhb-m37_3,Oval/Medial
TACACCCAGTCTGCGC-1,0,LHb,LHb,control,b4-lhb-m37_3,Oval/Medial
TACAGGTCACAAGCCC-1,1,LHb,LHb,control,b4-lhb-m37_3,Oval/Medial
TACAGGTGTGCGTCGT-1,1,LHb,LHb,control,b4-lhb-m37_3,Oval/Medial
TACATTCCATGCCGAC-1,0,LHb,LHb,control,b4-lhb-m37_3,Hbx
TACATTCTCTCACTCG-1,0,LHb,LHb,control,b4-lhb-m37_3,Hbx
TACCCGTAGGTACCTT-1,1,LHb,LHb,control,b4-lhb-m37_3,Oval/Medial
TACCGAAGTACTCGCG-1,9,LHb,LHb,control,b4-lhb-m37_3,Marginal
TACCTGCAGATGGCAC-1,1,LHb,LHb,control,b4-lhb-m37_3,Oval/Medial
TACGGTACATTGTGCA-1,1,LHb,LHb,control,b4-lhb-m37_3,Oval/Medial
TACGTCCCAATTCGTG-1,9,LHb,LHb,control,b4-lhb-m37_3,Hbx
TACTTCATCCACACCT-1,0,LHb,LHb,control,b4-lhb-m37_3,Oval/Medial
TACTTGTGTTCTCCTG-1,1,LHb,LHb,control,b4-lhb-m37_3,Oval/Medial
TACTTGTTCTGCTTAT-1,1,LHb,LHb,control,b4-lhb-m37_3,Oval/Medial
TAGACTGAGATGCCGA-1,9,LHb,LHb,control,b4-lhb-m37_3,Marginal
TAGAGTCAGAACGTGC-1,1,LHb,LHb,control,b4-lhb-m37_3,Oval/Medial
TAGAGTCAGTGCGTCC-1,1,LHb,LHb,control,b4-lhb-m37_3,Oval/Medial
TAGAGTCCAGCCCAGT-1,1,LHb,LHb,control,b4-lhb-m37_3,Oval/Medial
TAGATCGAGTTAGTGA-1,9,LHb,LHb,control,b4-lhb-m37_3,Marginal
TAGATCGCAAGGATGC-1,1,LHb,LHb,control,b4-lhb-m37_3,Oval/Medial
TAGATCGCATTGAGCT-1,1,LHb,LHb,control,b4-lhb-m37_3,Hbx
TAGGAGGGTTTACGTG-1,9,LHb,LHb,control,b4-lhb-m37_3,Marginal
TAGGTACCATCGCTCT-1,1,LHb,LHb,control,b4-lhb-m37_3,Oval/Medial
TAGGTACGTTAGCGGA-1,1,LHb,LHb,control,b4-lhb-m37_3,Oval/Medial
TAGTGCACAAACACCT-1,0,LHb,LHb,control,b4-lhb-m37_3,Hbx
TAGTGCAGTTCGGCGT-1,9,LHb,LHb,control,b4-lhb-m37_3,Marginal
TAGTGCATCCATACTT-1,1,LHb,LHb,control,b4-lhb-m37_3,Oval/Medial
TATCAGGCATGTTACG-1,1,LHb,LHb,control,b4-lhb-m37_3,Oval/Medial
TATCAGGGTGGAAATT-1,1,LHb,LHb,control,b4-lhb-m37_3,Oval/Medial
TATCGCCAGCACTAAA-1,1,LHb,LHb,control,b4-lhb-m37_3,Oval/Medial
TATCGCCGTCAGACTT-1,1,LHb,LHb,control,b4-lhb-m37_3,Oval/Medial
TATCGCCGTGATATAG-1,4,LHb,LHb,control,b4-lhb-m37_3,Hbx
TATCGCCGTTCACGAT-1,1,LHb,LHb,control,b4-lhb-m37_3,Oval/Medial
TATCTGTGTCCACATA-1,4,LHb,LHb,control,b4-lhb-m37_3,Oval/Medial
TATCTTGCAATGTCAC-1,9,LHb,LHb,control,b4-lhb-m37_3,Marginal
TATCTTGGTCGTTGCG-1,1,LHb,LHb,control,b4-lhb-m37_3,Oval/Medial
TATCTTGTCCATCTAT-1,1,LHb,LHb,control,b4-lhb-m37_3,Oval/Medial
TATGTTCCAACCGTAT-1,9,LHb,LHb,control,b4-lhb-m37_3,Oval/Medial
TATTCCATCTAACGCA-1,9,LHb,LHb,control,b4-lhb-m37_3,Marginal
TATTGCTAGCTGGAGT-1,4,LHb,LHb,control,b4-lhb-m37_3,Hbx
TATTGGGGTAGGTGCA-1,13,LHb,LHb,control,b4-lhb-m37_3,Hbx
TCAAGCAAGTAACCGG-1,1,LHb,LHb,control,b4-lhb-m37_3,Oval/Medial
TCAAGCACAAGGCCTC-1,1,LHb,LHb,control,b4-lhb-m37_3,Hbx
TCAAGTGTCGTCTAAG-1,9,LHb,LHb,control,b4-lhb-m37_3,Marginal
TCAATCTGTTTGTTCT-1,9,LHb,LHb,control,b4-lhb-m37_3,Marginal
TCAATTCAGTGCCTCG-1,13,LHb,LHb,control,b4-lhb-m37_3,Oval/Medial
TCACAAGTCATCAGTG-1,9,LHb,LHb,control,b4-lhb-m37_3,Marginal
TCACACCGTCGCTTAA-1,1,LHb,LHb,control,b4-lhb-m37_3,Oval/Medial
TCACGCTAGTGGAAGA-1,1,LHb,LHb,control,b4-lhb-m37_3,Oval/Medial
TCACGCTTCTAACGGT-1,1,LHb,LHb,control,b4-lhb-m37_3,Oval/Medial
TCACTATGTAGAGATT-1,1,LHb,LHb,control,b4-lhb-m37_3,Oval/Medial
TCACTATTCCCGAATA-1,1,LHb,LHb,control,b4-lhb-m37_3,Oval/Medial
TCACTCGTCCATACAG-1,9,LHb,LHb,control,b4-lhb-m37_3,Marginal
TCAGGGCAGTTAACAG-1,1,LHb,LHb,control,b4-lhb-m37_3,Oval/Medial
TCAGGTAAGTCATAGA-1,1,LHb,LHb,control,b4-lhb-m37_3,Oval/Medial
TCAGTCCGTCTAATCG-1,1,LHb,LHb,control,b4-lhb-m37_3,Oval/Medial
TCAGTCCTCATTATCC-1,0,LHb,LHb,control,b4-lhb-m37_3,Oval/Medial
TCAGTGAAGCCTCCAG-1,1,LHb,LHb,control,b4-lhb-m37_3,Hbx
TCATACTGTATGCAAA-1,1,LHb,LHb,control,b4-lhb-m37_3,Oval/Medial
TCATATCTCTCATTAC-1,2,LHb,LHb,control,b4-lhb-m37_3,Hbx
TCATCCGAGTCCCAGC-1,1,LHb,LHb,control,b4-lhb-m37_3,Oval/Medial
TCATGAGAGATGCTGG-1,9,LHb,LHb,control,b4-lhb-m37_3,Marginal
TCATGTTCAAATCGTC-1,9,LHb,LHb,control,b4-lhb-m37_3,Marginal
TCATTACCACCTTCGT-1,1,LHb,LHb,control,b4-lhb-m37_3,Oval/Medial
TCATTCAAGAGTCTTC-1,9,LHb,LHb,control,b4-lhb-m37_3,Marginal
TCATTCACACTTCCTG-1,0,LHb,LHb,control,b4-lhb-m37_3,Hbx
TCATTGTCATTGAGCT-1,9,LHb,LHb,control,b4-lhb-m37_3,Marginal
TCCACCACATGACTAC-1,1,LHb,LHb,control,b4-lhb-m37_3,Oval/Medial
TCCACGTTCGCAGATT-1,9,LHb,LHb,control,b4-lhb-m37_3,Hbx
TCCAGAAAGCCAAGGT-1,2,LHb,LHb,control,b4-lhb-m37_3,Oval/Medial
TCCATCGAGATTACCC-1,4,LHb,LHb,control,b4-lhb-m37_3,Oval/Medial
TCCATGCGTGCCCTTT-1,9,LHb,LHb,control,b4-lhb-m37_3,Oval/Medial
TCCATGCTCGTTTACT-1,1,LHb,LHb,control,b4-lhb-m37_3,Oval/Medial
TCCCACAAGTGCTCAT-1,1,LHb,LHb,control,b4-lhb-m37_3,Lateral
TCCCACATCAGTGTGT-1,1,LHb,LHb,control,b4-lhb-m37_3,Oval/Medial
TCCCATGGTTCCGCAG-1,1,LHb,LHb,control,b4-lhb-m37_3,Oval/Medial
TCCGAAAGTACTAGCT-1,1,LHb,LHb,control,b4-lhb-m37_3,Oval/Medial
TCCGATCAGCAATTAG-1,1,LHb,LHb,control,b4-lhb-m37_3,Lateral
TCCGATCAGGGATGTC-1,1,LHb,LHb,control,b4-lhb-m37_3,Oval/Medial
TCCGGGATCACGAACT-1,1,LHb,LHb,control,b4-lhb-m37_3,Oval/Medial
TCCGTGTCAGGTGACA-1,0,LHb,LHb,control,b4-lhb-m37_3,Oval/Medial
TCCTAATGTTTGGCTA-1,1,LHb,LHb,control,b4-lhb-m37_3,Oval/Medial
TCCTAATTCCATCACC-1,9,LHb,LHb,control,b4-lhb-m37_3,Marginal
TCCTCCCTCATAGACC-1,1,LHb,LHb,control,b4-lhb-m37_3,Oval/Medial
TCCTCGACAGTACTAC-1,1,LHb,LHb,control,b4-lhb-m37_3,Oval/Medial
TCCTCTTCATCAGCGC-1,0,LHb,LHb,control,b4-lhb-m37_3,Oval/Medial
TCCTGCACACATTGTG-1,1,LHb,LHb,control,b4-lhb-m37_3,Oval/Medial
TCCTGCATCAGGAACG-1,9,LHb,LHb,control,b4-lhb-m37_3,Marginal
TCCTTCTAGTTGGCTT-1,0,LHb,LHb,control,b4-lhb-m37_3,Marginal
TCCTTCTGTACTTGTG-1,1,LHb,LHb,control,b4-lhb-m37_3,Oval/Medial
TCCTTTCTCAACTGGT-1,4,LHb,LHb,control,b4-lhb-m37_3,Hbx
TCGAAGTTCCACATAG-1,1,LHb,LHb,control,b4-lhb-m37_3,Oval/Medial
TCGACGGAGTGAGTGC-1,1,LHb,LHb,control,b4-lhb-m37_3,Oval/Medial
TCGCAGGAGAGCTTTC-1,1,LHb,LHb,control,b4-lhb-m37_3,Oval/Medial
TCGCAGGAGGAACTCG-1,1,LHb,LHb,control,b4-lhb-m37_3,Oval/Medial
TCGCAGGCACCGTGGT-1,1,LHb,LHb,control,b4-lhb-m37_3,Oval/Medial
TCGCTTGGTCATTCCC-1,1,LHb,LHb,control,b4-lhb-m37_3,Oval/Medial
TCGGATAAGGCTTTCA-1,1,LHb,LHb,control,b4-lhb-m37_3,Oval/Medial
TCGGGCAGTGTTAAAG-1,1,LHb,LHb,control,b4-lhb-m37_3,Oval/Medial
TCGTGCTAGAGTCTTC-1,9,LHb,LHb,control,b4-lhb-m37_3,Marginal
TCGTGCTCATGTCGTA-1,0,LHb,LHb,control,b4-lhb-m37_3,Oval/Medial
TCGTGGGCACATTCGA-1,1,LHb,LHb,control,b4-lhb-m37_3,Oval/Medial
TCGTGGGCAGTAGAGC-1,1,LHb,LHb,control,b4-lhb-m37_3,Oval/Medial
TCTACCGAGCTCATAC-1,1,LHb,LHb,control,b4-lhb-m37_3,Oval/Medial
TCTACCGTCCGTTGAA-1,1,LHb,LHb,control,b4-lhb-m37_3,Oval/Medial
TCTATACCAATGTCAC-1,9,LHb,LHb,control,b4-lhb-m37_3,Marginal
TCTATACGTACACGCC-1,1,LHb,LHb,control,b4-lhb-m37_3,Hbx
TCTATCAGTCGTCGGT-1,1,LHb,LHb,control,b4-lhb-m37_3,Oval/Medial
TCTCACGAGACGCCAA-1,1,LHb,LHb,control,b4-lhb-m37_3,Oval/Medial
TCTCACGAGTCAATCC-1,0,LHb,LHb,control,b4-lhb-m37_3,Oval/Medial
TCTCACGTCGAACGGA-1,2,LHb,LHb,control,b4-lhb-m37_3,Oval/Medial
TCTCAGCCAAGTGACG-1,9,LHb,LHb,control,b4-lhb-m37_3,Marginal
TCTCTGGAGCATGCGA-1,4,LHb,LHb,control,b4-lhb-m37_3,Hbx
TCTCTGGCACAATCTG-1,0,LHb,LHb,control,b4-lhb-m37_3,Oval/Medial
TCTGGCTAGCTGTCCG-1,4,LHb,LHb,control,b4-lhb-m37_3,Oval/Medial
TCTGGCTCAATGGCCC-1,4,LHb,LHb,control,b4-lhb-m37_3,Oval/Medial
TCTGGCTGTACGTAGG-1,0,LHb,LHb,control,b4-lhb-m37_3,Hbx
TCTGGCTGTCGCACGT-1,9,LHb,LHb,control,b4-lhb-m37_3,Marginal
TCTTAGTAGTGCCGAA-1,1,LHb,LHb,control,b4-lhb-m37_3,Hbx
TCTTAGTAGTTCACTG-1,1,LHb,LHb,control,b4-lhb-m37_3,Lateral
TCTTGCGGTCGAACGA-1,2,LHb,LHb,control,b4-lhb-m37_3,Oval/Medial
TCTTGCGTCCGGTTCT-1,4,LHb,LHb,control,b4-lhb-m37_3,Hbx
TGAATCGGTATGAGAT-1,1,LHb,LHb,control,b4-lhb-m37_3,Oval/Medial
TGAATCGTCCACAGCG-1,1,LHb,LHb,control,b4-lhb-m37_3,Oval/Medial
TGACCCTCAACTCGAT-1,1,LHb,LHb,control,b4-lhb-m37_3,Oval/Medial
TGACGCGAGACATCAA-1,0,LHb,LHb,control,b4-lhb-m37_3,Lateral
TGACGCGTCAGCTTCC-1,1,LHb,LHb,control,b4-lhb-m37_3,Oval/Medial
TGACGCGTCGGTCATA-1,1,LHb,LHb,control,b4-lhb-m37_3,Oval/Medial
TGACTCCCAAAGGGTC-1,1,LHb,LHb,control,b4-lhb-m37_3,Oval/Medial
TGACTCCCAACCCTAA-1,1,LHb,LHb,control,b4-lhb-m37_3,Oval/Medial
TGACTCCGTGGACCAA-1,9,LHb,LHb,control,b4-lhb-m37_3,Marginal
TGAGCATGTAGGTGCA-1,1,LHb,LHb,control,b4-lhb-m37_3,Oval/Medial
TGAGCATTCTCGAGTA-1,1,LHb,LHb,control,b4-lhb-m37_3,Oval/Medial
TGAGCGCAGCCAAGCA-1,1,LHb,LHb,control,b4-lhb-m37_3,Lateral
TGAGGAGGTACTGCGC-1,1,LHb,LHb,control,b4-lhb-m37_3,Lateral
TGAGGGACATGACGGA-1,1,LHb,LHb,control,b4-lhb-m37_3,Oval/Medial
TGAGTCATCTTGCGCT-1,9,LHb,LHb,control,b4-lhb-m37_3,Oval/Medial
TGATCAGGTCCGGATC-1,1,LHb,LHb,control,b4-lhb-m37_3,Oval/Medial
TGATGGTGTCCATCTC-1,9,LHb,LHb,control,b4-lhb-m37_3,Oval/Medial
TGATGGTTCGATACTG-1,1,LHb,LHb,control,b4-lhb-m37_3,Oval/Medial
TGCACGGGTGCTATTG-1,2,LHb,LHb,control,b4-lhb-m37_3,Oval/Medial
TGCAGATCACCTCTAC-1,1,LHb,LHb,control,b4-lhb-m37_3,Oval/Medial
TGCAGGCTCATTGAGC-1,1,LHb,LHb,control,b4-lhb-m37_3,Oval/Medial
TGCATGACACTGTGTA-1,13,LHb,LHb,control,b4-lhb-m37_3,Lateral
TGCGACGAGATCGCCC-1,9,LHb,LHb,control,b4-lhb-m37_3,Marginal
TGCGATAAGGGTCACA-1,1,LHb,LHb,control,b4-lhb-m37_3,Oval/Medial
TGCGGGTGTGACATCT-1,1,LHb,LHb,control,b4-lhb-m37_3,Oval/Medial
TGCTCCAAGGGCTTCC-1,1,LHb,LHb,control,b4-lhb-m37_3,Oval/Medial
TGCTGAACAGGTCCGT-1,1,LHb,LHb,control,b4-lhb-m37_3,Oval/Medial
TGCTGAATCTTACGGA-1,1,LHb,LHb,control,b4-lhb-m37_3,Oval/Medial
TGCTTGCTCGAAGCCC-1,1,LHb,LHb,control,b4-lhb-m37_3,Oval/Medial
TGCTTGCTCTCGACGG-1,1,LHb,LHb,control,b4-lhb-m37_3,Oval/Medial
TGGAACTAGATGCGAC-1,9,LHb,LHb,control,b4-lhb-m37_3,Marginal
TGGAGGAAGTTGCGCC-1,2,LHb,LHb,control,b4-lhb-m37_3,Oval/Medial
TGGATCATCCTCATAT-1,9,LHb,LHb,control,b4-lhb-m37_3,Oval/Medial
TGGGATTTCGTTGTGA-1,9,LHb,LHb,control,b4-lhb-m37_3,Oval/Medial
TGGGCGTAGCTTGTGT-1,0,LHb,LHb,control,b4-lhb-m37_3,Oval/Medial
TGGGCGTGTCGAACGA-1,9,LHb,LHb,control,b4-lhb-m37_3,Marginal
TGGGTTAAGTAACCTC-1,1,LHb,LHb,control,b4-lhb-m37_3,Oval/Medial
TGGGTTATCCTAGCCT-1,1,LHb,LHb,control,b4-lhb-m37_3,Lateral
TGGTACATCGCAGATT-1,9,LHb,LHb,control,b4-lhb-m37_3,Marginal
TGGTTAGAGATAGTGT-1,9,LHb,LHb,control,b4-lhb-m37_3,Marginal
TGTAACGTCGCAGATT-1,1,LHb,LHb,control,b4-lhb-m37_3,Oval/Medial
TGTAGACTCTCTTCAA-1,1,LHb,LHb,control,b4-lhb-m37_3,Oval/Medial
TGTCAGAGTCGCCACA-1,4,LHb,LHb,control,b4-lhb-m37_3,Oval/Medial
TGTCCTGCAGCTATTG-1,1,LHb,LHb,control,b4-lhb-m37_3,Oval/Medial
TGTCCTGTCGGCTGGT-1,1,LHb,LHb,control,b4-lhb-m37_3,Oval/Medial
TGTGGCGAGATTCGAA-1,1,LHb,LHb,control,b4-lhb-m37_3,Oval/Medial
TGTGGCGGTGAATAAC-1,1,LHb,LHb,control,b4-lhb-m37_3,Lateral
TGTGTGAGTCGACTTA-1,1,LHb,LHb,control,b4-lhb-m37_3,Oval/Medial
TGTGTGATCTGTAACG-1,1,LHb,LHb,control,b4-lhb-m37_3,Oval/Medial
TGTTACTCATATACCG-1,9,LHb,LHb,control,b4-lhb-m37_3,Marginal
TGTTGGATCGCGTAGC-1,1,LHb,LHb,control,b4-lhb-m37_3,Oval/Medial
TTACAGGGTAAGAACT-1,0,LHb,LHb,control,b4-lhb-m37_3,Oval/Medial
TTACCATCACAAGTGG-1,1,LHb,LHb,control,b4-lhb-m37_3,Oval/Medial
TTACCATGTCTCGGGT-1,1,LHb,LHb,control,b4-lhb-m37_3,Oval/Medial
TTACCGCTCCGCTGTT-1,0,LHb,LHb,control,b4-lhb-m37_3,Hbx
TTACGTTTCGCTGATA-1,1,LHb,LHb,control,b4-lhb-m37_3,Oval/Medial
TTACGTTTCTTCGGTC-1,9,LHb,LHb,control,b4-lhb-m37_3,Marginal
TTAGGCAGTAGCGCTC-1,2,LHb,LHb,control,b4-lhb-m37_3,Oval/Medial
TTAGGCATCCTAGCGG-1,1,LHb,LHb,control,b4-lhb-m37_3,Hbx
TTATTGCGTACAGTTC-1,1,LHb,LHb,control,b4-lhb-m37_3,Oval/Medial
TTATTGCGTATTCCTT-1,1,LHb,LHb,control,b4-lhb-m37_3,Oval/Medial
TTCACGCCAGGGCTTC-1,1,LHb,LHb,control,b4-lhb-m37_3,Oval/Medial
TTCATGTCATGTTCAG-1,1,LHb,LHb,control,b4-lhb-m37_3,Oval/Medial
TTCATGTTCTGCGTCT-1,0,LHb,LHb,control,b4-lhb-m37_3,Oval/Medial
TTCATTGGTATTGAGA-1,1,LHb,LHb,control,b4-lhb-m37_3,Oval/Medial
TTCCAATAGCTCCCTT-1,1,LHb,LHb,control,b4-lhb-m37_3,Oval/Medial
TTCCAATAGTAATACG-1,2,LHb,LHb,control,b4-lhb-m37_3,Oval/Medial
TTCCTTCAGTCCCAGC-1,1,LHb,LHb,control,b4-lhb-m37_3,Oval/Medial
TTCGATTGTAGACAGC-1,1,LHb,LHb,control,b4-lhb-m37_3,Oval/Medial
TTCGCTGAGAAGGATG-1,1,LHb,LHb,control,b4-lhb-m37_3,Oval/Medial
TTCGCTGGTAGTACGG-1,4,LHb,LHb,control,b4-lhb-m37_3,Hbx
TTCTAACAGCTAGCCC-1,1,LHb,LHb,control,b4-lhb-m37_3,Oval/Medial
TTCTAGTGTCTAGTGT-1,9,LHb,LHb,control,b4-lhb-m37_3,Marginal
TTCTCTCAGCAATTAG-1,1,LHb,LHb,control,b4-lhb-m37_3,Oval/Medial
TTCTGTAGTACTAAGA-1,9,LHb,LHb,control,b4-lhb-m37_3,Marginal
TTCTGTAGTGAATGTA-1,1,LHb,LHb,control,b4-lhb-m37_3,Oval/Medial
TTCTGTAGTTAAGGGC-1,1,LHb,LHb,control,b4-lhb-m37_3,Oval/Medial
TTCTTGAAGGCATCAG-1,4,LHb,LHb,control,b4-lhb-m37_3,Hbx
TTCTTGAGTTCCAGGC-1,1,LHb,LHb,control,b4-lhb-m37_3,Oval/Medial
TTGAACGGTAGATCGG-1,9,LHb,LHb,control,b4-lhb-m37_3,Marginal
TTGACCCAGCCAAGCA-1,1,LHb,LHb,control,b4-lhb-m37_3,Oval/Medial
TTGAGTGAGCCTGTCG-1,1,LHb,LHb,control,b4-lhb-m37_3,Oval/Medial
TTGAGTGCAATGCTCA-1,9,LHb,LHb,control,b4-lhb-m37_3,Marginal
TTGCATTCAGCAAGAC-1,1,LHb,LHb,control,b4-lhb-m37_3,Oval/Medial
TTGCCTGTCCTAAACG-1,4,LHb,LHb,control,b4-lhb-m37_3,Hbx
TTGCTGCAGTTGTAGA-1,4,LHb,LHb,control,b4-lhb-m37_3,Oval/Medial
TTGGATGCAACGGCTC-1,13,LHb,LHb,control,b4-lhb-m37_3,Lateral
TTGGATGTCGTCCTCA-1,1,LHb,LHb,control,b4-lhb-m37_3,Oval/Medial
TTGGGATGTCCTTTGC-1,1,LHb,LHb,control,b4-lhb-m37_3,Lateral
TTGGGTACAATCTAGC-1,9,LHb,LHb,control,b4-lhb-m37_3,Lateral
TTGGGTACAGATGCGA-1,9,LHb,LHb,control,b4-lhb-m37_3,Lateral
TTGGTTTCAGGGAATC-1,9,LHb,LHb,control,b4-lhb-m37_3,Oval/Medial
TTGTGGAAGAGGTCGT-1,4,LHb,LHb,control,b4-lhb-m37_3,Hbx
TTGTGGAAGGCTCAAG-1,1,LHb,LHb,control,b4-lhb-m37_3,Oval/Medial
TTGTGGACAGGCTATT-1,1,LHb,LHb,control,b4-lhb-m37_3,Oval/Medial
TTGTGTTTCACGGGAA-1,9,LHb,LHb,control,b4-lhb-m37_3,Oval/Medial
TTGTGTTTCATTGCTT-1,4,LHb,LHb,control,b4-lhb-m37_3,Hbx
TTGTTCATCTCACCCA-1,1,LHb,LHb,control,b4-lhb-m37_3,Oval/Medial
TTTACCAGTGTCTTCC-1,9,LHb,LHb,control,b4-lhb-m37_3,Marginal
TTTACCATCCTGCCAT-1,9,LHb,LHb,control,b4-lhb-m37_3,Marginal
TTTACTGAGGGTGAGG-1,1,LHb,LHb,control,b4-lhb-m37_3,Hbx
TTTACTGCACAGTCGC-1,1,LHb,LHb,control,b4-lhb-m37_3,Lateral
TTTACTGGTGGCTAGA-1,1,LHb,LHb,control,b4-lhb-m37_3,Oval/Medial
TTTAGTCTCGCGCTGA-1,9,LHb,LHb,control,b4-lhb-m37_3,Marginal
TTTCACATCGCAAGAG-1,1,LHb,LHb,control,b4-lhb-m37_3,Oval/Medial
TTTCCTCGTGATACTC-1,1,LHb,LHb,control,b4-lhb-m37_3,Oval/Medial
TTTCCTCTCTGGGAGA-1,0,LHb,LHb,control,b4-lhb-m37_3,Oval/Medial
TTTCGATCAATTCTTC-1,1,LHb,LHb,control,b4-lhb-m37_3,Oval/Medial
TTTCGATGTGTTAGCT-1,1,LHb,LHb,control,b4-lhb-m37_3,Oval/Medial
TTTCGATTCGAAGCAG-1,1,LHb,LHb,control,b4-lhb-m37_3,Oval/Medial
TTTGATCAGTCTAACC-1,1,LHb,LHb,control,b4-lhb-m37_3,Oval/Medial
AAACCCAAGTGATAAC-1,1,LHb,LHb,spt,b7-lhb-m38_3,Oval/Medial
AAACGAACATAGACTC-1,1,LHb,LHb,spt,b7-lhb-m38_3,Oval/Medial
AAACGCTAGGCGACAT-1,1,LHb,LHb,spt,b7-lhb-m38_3,Oval/Medial
AAAGAACAGGATTTAG-1,9,LHb,LHb,spt,b7-lhb-m38_3,Oval/Medial
AAAGGTATCTAATTCC-1,9,LHb,LHb,spt,b7-lhb-m38_3,Marginal
AAAGTCCTCCTCACTG-1,4,LHb,LHb,spt,b7-lhb-m38_3,Oval/Medial
AAAGTGACAGATTCGT-1,1,LHb,LHb,spt,b7-lhb-m38_3,Oval/Medial
AAAGTGAGTCAGCTTA-1,1,LHb,LHb,spt,b7-lhb-m38_3,Oval/Medial
AAATGGACAAGATGTA-1,1,LHb,LHb,spt,b7-lhb-m38_3,Oval/Medial
AAATGGATCGACGTCG-1,1,LHb,LHb,spt,b7-lhb-m38_3,Lateral
AAATGGATCTCCCAAC-1,1,LHb,LHb,spt,b7-lhb-m38_3,Oval/Medial
AAATGGATCTGGTTGA-1,1,LHb,LHb,spt,b7-lhb-m38_3,Oval/Medial
AACAACCAGTAGTCCT-1,1,LHb,LHb,spt,b7-lhb-m38_3,Oval/Medial
AACAACCCACGCCAGT-1,1,LHb,LHb,spt,b7-lhb-m38_3,Oval/Medial
AACACACCAAGCTGTT-1,1,LHb,LHb,spt,b7-lhb-m38_3,Oval/Medial
AACACACCACATAGCT-1,9,LHb,LHb,spt,b7-lhb-m38_3,Marginal
AACACACTCCCATGGG-1,1,LHb,LHb,spt,b7-lhb-m38_3,Oval/Medial
AACAGGGCAGAGGACT-1,1,LHb,LHb,spt,b7-lhb-m38_3,Oval/Medial
AACAGGGGTATTCCGA-1,1,LHb,LHb,spt,b7-lhb-m38_3,Oval/Medial
AACCAACGTGAGTGAC-1,4,LHb,LHb,spt,b7-lhb-m38_3,Hbx
AACCACAAGGGCAGTT-1,1,LHb,LHb,spt,b7-lhb-m38_3,Hbx
AACCATGAGCTCGTGC-1,1,LHb,LHb,spt,b7-lhb-m38_3,Oval/Medial
AACCTGAAGGGTTAGC-1,4,LHb,LHb,spt,b7-lhb-m38_3,Marginal
AACCTGATCAGCCTTC-1,1,LHb,LHb,spt,b7-lhb-m38_3,Oval/Medial
AACCTTTTCACACGAT-1,1,LHb,LHb,spt,b7-lhb-m38_3,Oval/Medial
AACGGGAAGCAGGTCA-1,1,LHb,LHb,spt,b7-lhb-m38_3,Oval/Medial
AACGGGAAGTCGAGGT-1,1,LHb,LHb,spt,b7-lhb-m38_3,Oval/Medial
AACTTCTTCGAAATCC-1,1,LHb,LHb,spt,b7-lhb-m38_3,Oval/Medial
AAGAACATCGGACAAG-1,1,LHb,LHb,spt,b7-lhb-m38_3,Oval/Medial
AAGCCATGTCCGTTTC-1,1,LHb,LHb,spt,b7-lhb-m38_3,Oval/Medial
AAGCGTTAGGCACAAC-1,1,LHb,LHb,spt,b7-lhb-m38_3,Oval/Medial
AAGCGTTCAAAGTATG-1,1,LHb,LHb,spt,b7-lhb-m38_3,Hbx
AAGCGTTGTCCATAGT-1,1,LHb,LHb,spt,b7-lhb-m38_3,Oval/Medial
AAGGTAACAACTCGTA-1,1,LHb,LHb,spt,b7-lhb-m38_3,Oval/Medial
AATCACGCAGCAGTAG-1,0,LHb,LHb,spt,b7-lhb-m38_3,Hbx
AATCGTGGTTGTGCCG-1,1,LHb,LHb,spt,b7-lhb-m38_3,Oval/Medial
AATGAAGAGGTCACTT-1,1,LHb,LHb,spt,b7-lhb-m38_3,Oval/Medial
AATGAAGCATCACGGC-1,1,LHb,LHb,spt,b7-lhb-m38_3,Oval/Medial
AATGAAGGTTTACACG-1,1,LHb,LHb,spt,b7-lhb-m38_3,Lateral
AATGAAGTCTCAGAAC-1,1,LHb,LHb,spt,b7-lhb-m38_3,Hbx
AATGGAAGTGCCCACA-1,1,LHb,LHb,spt,b7-lhb-m38_3,Oval/Medial
AATGGCTCATTCTGTT-1,1,LHb,LHb,spt,b7-lhb-m38_3,Lateral
AATTCCTAGAATTGTG-1,1,LHb,LHb,spt,b7-lhb-m38_3,Oval/Medial
AATTCCTTCCCATTCG-1,1,LHb,LHb,spt,b7-lhb-m38_3,Oval/Medial
AATTTCCTCATTATCC-1,1,LHb,LHb,spt,b7-lhb-m38_3,Oval/Medial
ACAAAGAAGCTTTCTT-1,1,LHb,LHb,spt,b7-lhb-m38_3,Oval/Medial
ACAAAGAAGTCTGGAG-1,1,LHb,LHb,spt,b7-lhb-m38_3,Oval/Medial
ACAAAGAGTTGTCTAG-1,1,LHb,LHb,spt,b7-lhb-m38_3,Oval/Medial
ACAAGCTCACAGTACT-1,1,LHb,LHb,spt,b7-lhb-m38_3,Oval/Medial
ACACCAAAGGCGCTTC-1,1,LHb,LHb,spt,b7-lhb-m38_3,Lateral
ACAGAAAAGGGAGTTC-1,4,LHb,LHb,spt,b7-lhb-m38_3,Hbx
ACAGAAAAGGTACAGC-1,9,LHb,LHb,spt,b7-lhb-m38_3,Oval/Medial
ACAGAAACATGGGTTT-1,1,LHb,LHb,spt,b7-lhb-m38_3,Oval/Medial
ACAGAAACATGTGACT-1,9,LHb,LHb,spt,b7-lhb-m38_3,Marginal
ACAGGGAGTATTTCTC-1,1,LHb,LHb,spt,b7-lhb-m38_3,Oval/Medial
ACAGGGATCAGGCGAA-1,1,LHb,LHb,spt,b7-lhb-m38_3,Oval/Medial
ACATGCATCCATCACC-1-1,0,LHb,LHb,spt,b7-lhb-m38_3,Oval/Medial
ACATTTCAGCGTTCAT-1,9,LHb,LHb,spt,b7-lhb-m38_3,Marginal
ACATTTCAGGGCGAAG-1,1,LHb,LHb,spt,b7-lhb-m38_3,Oval/Medial
ACATTTCCAGCTCTGG-1,1,LHb,LHb,spt,b7-lhb-m38_3,Lateral
ACCAACACAAATACGA-1,1,LHb,LHb,spt,b7-lhb-m38_3,Oval/Medial
ACCATTTCATGCACTA-1,9,LHb,LHb,spt,b7-lhb-m38_3,Marginal
ACCCAAACATACACCA-1,1,LHb,LHb,spt,b7-lhb-m38_3,Oval/Medial
ACCCTCACAAGACAAT-1,1,LHb,LHb,spt,b7-lhb-m38_3,Oval/Medial
ACCCTCACACAGCCTG-1,1,LHb,LHb,spt,b7-lhb-m38_3,Oval/Medial
ACCCTTGCAATCACGT-1,1,LHb,LHb,spt,b7-lhb-m38_3,Oval/Medial
ACCCTTGGTAACATGA-1,1,LHb,LHb,spt,b7-lhb-m38_3,Lateral
ACCCTTGGTCCGGCAT-1,1,LHb,LHb,spt,b7-lhb-m38_3,Hbx
ACCGTTCGTCGTGCCA-1,1,LHb,LHb,spt,b7-lhb-m38_3,Oval/Medial
ACCTGAACATACCACA-1,9,LHb,LHb,spt,b7-lhb-m38_3,Marginal
ACCTGAAGTACGAGTG-1,1,LHb,LHb,spt,b7-lhb-m38_3,Oval/Medial
ACCTGAAGTGATTCTG-1,1,LHb,LHb,spt,b7-lhb-m38_3,Lateral
ACGATCAGTCTTCTAT-1,9,LHb,LHb,spt,b7-lhb-m38_3,Marginal
ACGCACGAGCATTTCG-1,9,LHb,LHb,spt,b7-lhb-m38_3,Oval/Medial
ACGGTCGCACAGTCAT-1,1,LHb,LHb,spt,b7-lhb-m38_3,Oval/Medial
ACGGTTAAGTATTCCG-1,1,LHb,LHb,spt,b7-lhb-m38_3,Oval/Medial
ACGGTTATCTATGTGG-1,1,LHb,LHb,spt,b7-lhb-m38_3,Oval/Medial
ACGGTTATCTCTCGCA-1,1,LHb,LHb,spt,b7-lhb-m38_3,Oval/Medial
ACGTAACTCCGTGGCA-1,0,LHb,LHb,spt,b7-lhb-m38_3,Oval/Medial
ACGTAGTAGGTAGCCA-1,1,LHb,LHb,spt,b7-lhb-m38_3,Oval/Medial
ACGTAGTCAATGGGTG-1,1,LHb,LHb,spt,b7-lhb-m38_3,Oval/Medial
ACGTAGTTCCCGAGAC-1,4,LHb,LHb,spt,b7-lhb-m38_3,Hbx
ACGTAGTTCTGGGTCG-1,1,LHb,LHb,spt,b7-lhb-m38_3,Lateral
ACGTCCTAGTAGCCAG-1,1,LHb,LHb,spt,b7-lhb-m38_3,Oval/Medial
ACTACGAGTACGCGTC-1,1,LHb,LHb,spt,b7-lhb-m38_3,Oval/Medial
ACTATGGCATGACGAG-1,9,LHb,LHb,spt,b7-lhb-m38_3,Marginal
ACTATGGGTATTTCGG-1,1,LHb,LHb,spt,b7-lhb-m38_3,Oval/Medial
ACTCCCAAGTCGCGAA-1,1,LHb,LHb,spt,b7-lhb-m38_3,Oval/Medial
ACTCCCACAGACGCTC-1,13,LHb,LHb,spt,b7-lhb-m38_3,Hbx
ACTCCCAGTACCCAGC-1,1,LHb,LHb,spt,b7-lhb-m38_3,Oval/Medial
ACTGCAACACTATCGA-1,9,LHb,LHb,spt,b7-lhb-m38_3,Marginal
ACTGCAAGTATAGCTC-1,1,LHb,LHb,spt,b7-lhb-m38_3,Lateral
ACTGCAAGTCAGACTT-1,1,LHb,LHb,spt,b7-lhb-m38_3,Oval/Medial
ACTGTCCAGAGCAAGA-1,1,LHb,LHb,spt,b7-lhb-m38_3,Oval/Medial
ACTGTGACACCTCAGG-1,1,LHb,LHb,spt,b7-lhb-m38_3,Oval/Medial
ACTTCCGAGAGCGACT-1,1,LHb,LHb,spt,b7-lhb-m38_3,Oval/Medial
ACTTCGCAGCAACAGC-1,1,LHb,LHb,spt,b7-lhb-m38_3,Oval/Medial
ACTTTGTAGAGAGAAC-1,1,LHb,LHb,spt,b7-lhb-m38_3,Hbx
ACTTTGTGTCGAGTGA-1,1,LHb,LHb,spt,b7-lhb-m38_3,Oval/Medial
AGAAATGCATAGCTGT-1,4,LHb,LHb,spt,b7-lhb-m38_3,Oval/Medial
AGAAATGGTCCTCCTA-1,1,LHb,LHb,spt,b7-lhb-m38_3,Oval/Medial
AGAAATGTCCTACTGC-1,1,LHb,LHb,spt,b7-lhb-m38_3,Oval/Medial
AGAAGCGGTGGGACAT-1,1,LHb,LHb,spt,b7-lhb-m38_3,Oval/Medial
AGAAGTAGTAACGCGA-1,9,LHb,LHb,spt,b7-lhb-m38_3,Marginal
AGACAAAGTGGTACAG-1,1,LHb,LHb,spt,b7-lhb-m38_3,Lateral
AGACACTCAAGACGGT-1,1,LHb,LHb,spt,b7-lhb-m38_3,Lateral
AGACAGGAGGATCACG-1,1,LHb,LHb,spt,b7-lhb-m38_3,Oval/Medial
AGACCATAGCGTGCTC-1,9,LHb,LHb,spt,b7-lhb-m38_3,Marginal
AGACCATAGGACAGCT-1,1,LHb,LHb,spt,b7-lhb-m38_3,Oval/Medial
AGACCATAGTTGCGAG-1,1,LHb,LHb,spt,b7-lhb-m38_3,Oval/Medial
AGACCCGGTTCGTACA-1,9,LHb,LHb,spt,b7-lhb-m38_3,Marginal
AGACTCAAGACAGCGT-1,9,LHb,LHb,spt,b7-lhb-m38_3,Marginal
AGACTCAGTAGGACCA-1,1,LHb,LHb,spt,b7-lhb-m38_3,Hbx
AGACTCAGTCCCTAAA-1,1,LHb,LHb,spt,b7-lhb-m38_3,Oval/Medial
AGACTCAGTCTTGCTC-1,1,LHb,LHb,spt,b7-lhb-m38_3,Oval/Medial
AGACTCATCCGAGTGC-1,4,LHb,LHb,spt,b7-lhb-m38_3,Lateral
AGAGAATCATCGTTCC-1,1,LHb,LHb,spt,b7-lhb-m38_3,Oval/Medial
AGAGCCCAGGGAGGAC-1,1,LHb,LHb,spt,b7-lhb-m38_3,Oval/Medial
AGAGCCCCAAATGCTC-1,1,LHb,LHb,spt,b7-lhb-m38_3,Oval/Medial
AGAGCCCGTAGATCGG-1,13,LHb,LHb,spt,b7-lhb-m38_3,Hbx
AGATAGAAGCAACTCT-1,1,LHb,LHb,spt,b7-lhb-m38_3,Oval/Medial
AGATAGAAGTCGAAGC-1,13,LHb,LHb,spt,b7-lhb-m38_3,Lateral
AGATCCACACACCGAC-1,9,LHb,LHb,spt,b7-lhb-m38_3,Marginal
AGCATCAAGCAAGGAA-1,1,LHb,LHb,spt,b7-lhb-m38_3,Oval/Medial
AGCATCACAAGTTTGC-1,1,LHb,LHb,spt,b7-lhb-m38_3,Oval/Medial
AGCATCAGTTGGGTAG-1,1,LHb,LHb,spt,b7-lhb-m38_3,Oval/Medial
AGCCAGCTCCGATCTC-1,4,LHb,LHb,spt,b7-lhb-m38_3,Lateral
AGCGCCAAGTCTTCGA-1,1,LHb,LHb,spt,b7-lhb-m38_3,Oval/Medial
AGCGCTGTCGTCGATA-1,1,LHb,LHb,spt,b7-lhb-m38_3,Oval/Medial
AGCGTATCAAGTGTCT-1,1,LHb,LHb,spt,b7-lhb-m38_3,Oval/Medial
AGCTACATCTGCTTAT-1,1,LHb,LHb,spt,b7-lhb-m38_3,Oval/Medial
AGGAAATTCGGTCGAC-1,1,LHb,LHb,spt,b7-lhb-m38_3,Oval/Medial
AGGACGACAACGGCTC-1,1,LHb,LHb,spt,b7-lhb-m38_3,Oval/Medial
AGGAGGTGTAAGAACT-1,9,LHb,LHb,spt,b7-lhb-m38_3,Marginal
AGGATAAAGGGCTGAT-1,1,LHb,LHb,spt,b7-lhb-m38_3,Oval/Medial
AGGATCTGTGTCTCCT-1,1,LHb,LHb,spt,b7-lhb-m38_3,Hbx
AGGATCTTCAGACTGT-1,1,LHb,LHb,spt,b7-lhb-m38_3,Oval/Medial
AGGCATTAGAGGTATT-1,1,LHb,LHb,spt,b7-lhb-m38_3,Oval/Medial
AGGCTGCAGCCTGCCA-1,1,LHb,LHb,spt,b7-lhb-m38_3,Oval/Medial
AGGCTGCTCCATCTCG-1,1,LHb,LHb,spt,b7-lhb-m38_3,Lateral
AGGCTGCTCTCCAAGA-1,1,LHb,LHb,spt,b7-lhb-m38_3,Oval/Medial
AGGGAGTAGATCCCAT-1,1,LHb,LHb,spt,b7-lhb-m38_3,Oval/Medial
AGGGAGTCAGTCAGAG-1,9,LHb,LHb,spt,b7-lhb-m38_3,Lateral
AGGGAGTTCCTTTAGT-1,1,LHb,LHb,spt,b7-lhb-m38_3,Lateral
AGGGCCTAGCCTCTTC-1,1,LHb,LHb,spt,b7-lhb-m38_3,Lateral
AGGGCTCAGAATTTGG-1,1,LHb,LHb,spt,b7-lhb-m38_3,Oval/Medial
AGGGTGAAGAGGACTC-1,1,LHb,LHb,spt,b7-lhb-m38_3,Oval/Medial
AGGGTGATCCATCAGA-1,1,LHb,LHb,spt,b7-lhb-m38_3,Oval/Medial
AGGGTTTGTCGAGCAA-1,1,LHb,LHb,spt,b7-lhb-m38_3,Oval/Medial
AGGTCATGTTACGGAG-1,1,LHb,LHb,spt,b7-lhb-m38_3,Oval/Medial
AGGTCTACACTCCTGT-1,1,LHb,LHb,spt,b7-lhb-m38_3,Oval/Medial
AGGTCTAGTGAGGAAA-1,1,LHb,LHb,spt,b7-lhb-m38_3,Oval/Medial
AGGTGTTTCGGCTTCT-1,9,LHb,LHb,spt,b7-lhb-m38_3,Marginal
AGGTTACCATAACTCG-1-1,1,LHb,LHb,spt,b7-lhb-m38_3,Oval/Medial
AGGTTACTCTGCCTCA-1,1,LHb,LHb,spt,b7-lhb-m38_3,Oval/Medial
AGGTTGTCACCCTGAG-1,1,LHb,LHb,spt,b7-lhb-m38_3,Oval/Medial
AGGTTGTGTCCGGCAT-1,1,LHb,LHb,spt,b7-lhb-m38_3,Oval/Medial
AGTAACCTCTGGCCAG-1,9,LHb,LHb,spt,b7-lhb-m38_3,Marginal
AGTACCATCGGTTGTA-1,1,LHb,LHb,spt,b7-lhb-m38_3,Oval/Medial
AGTACTGTCAGAGCAG-1,1,LHb,LHb,spt,b7-lhb-m38_3,Oval/Medial
AGTCAACAGAATCCCT-1,1,LHb,LHb,spt,b7-lhb-m38_3,Lateral
AGTGCCGTCAATCCAG-1,1,LHb,LHb,spt,b7-lhb-m38_3,Lateral
AGTTCCCAGCAATAAC-1,1,LHb,LHb,spt,b7-lhb-m38_3,Oval/Medial
AGTTCGAGTAAGTAGT-1,1,LHb,LHb,spt,b7-lhb-m38_3,Lateral
AGTTCGAGTCCAGCAC-1,9,LHb,LHb,spt,b7-lhb-m38_3,Marginal
ATACCGACAGTAGTTC-1,1,LHb,LHb,spt,b7-lhb-m38_3,Hbx
ATACCGATCACTTTGT-1,1,LHb,LHb,spt,b7-lhb-m38_3,Lateral
ATACCTTCAGCGGTTC-1,1,LHb,LHb,spt,b7-lhb-m38_3,Oval/Medial
ATACTTCCACTCTAGA-1,1,LHb,LHb,spt,b7-lhb-m38_3,Oval/Medial
ATAGACCGTTCTCTCG-1,9,LHb,LHb,spt,b7-lhb-m38_3,Marginal
ATAGAGATCGTGGGTC-1,1,LHb,LHb,spt,b7-lhb-m38_3,Oval/Medial
ATAGGCTAGTGAGGTC-1,1,LHb,LHb,spt,b7-lhb-m38_3,Oval/Medial
ATAGGCTCAGTGTGCC-1,1,LHb,LHb,spt,b7-lhb-m38_3,Oval/Medial
ATAGGCTTCGCAATGT-1,1,LHb,LHb,spt,b7-lhb-m38_3,Lateral
ATCACAGCAAGACCGA-1,1,LHb,LHb,spt,b7-lhb-m38_3,Lateral
ATCATTCAGTAAGCAT-1,1,LHb,LHb,spt,b7-lhb-m38_3,Oval/Medial
ATCATTCGTAGTCCTA-1,1,LHb,LHb,spt,b7-lhb-m38_3,Hbx
ATCATTCTCTAACGGT-1,1,LHb,LHb,spt,b7-lhb-m38_3,Oval/Medial
ATCCACCGTCAGATTC-1,1,LHb,LHb,spt,b7-lhb-m38_3,Oval/Medial
ATCCCTGAGCGTGAGT-1,1,LHb,LHb,spt,b7-lhb-m38_3,Oval/Medial
ATCCCTGAGGATTTAG-1,1,LHb,LHb,spt,b7-lhb-m38_3,Oval/Medial
ATCCCTGGTTGCCGAC-1,1,LHb,LHb,spt,b7-lhb-m38_3,Lateral
ATCCGTCTCCCTCAAC-1,1,LHb,LHb,spt,b7-lhb-m38_3,Oval/Medial
ATCCTATAGAACAGGA-1,4,LHb,LHb,spt,b7-lhb-m38_3,Lateral
ATCCTATTCCATACAG-1,1,LHb,LHb,spt,b7-lhb-m38_3,Oval/Medial
ATCGCCTGTATCACGT-1,1,LHb,LHb,spt,b7-lhb-m38_3,Oval/Medial
ATCGCCTTCATTCATC-1,4,LHb,LHb,spt,b7-lhb-m38_3,Oval/Medial
ATCGGATCATAATCCG-1,1,LHb,LHb,spt,b7-lhb-m38_3,Oval/Medial
ATCGGATGTGCGGTAA-1,1,LHb,LHb,spt,b7-lhb-m38_3,Oval/Medial
ATCGTCCCACAGGATG-1,1,LHb,LHb,spt,b7-lhb-m38_3,Oval/Medial
ATCGTCCCATCTAACG-1,1,LHb,LHb,spt,b7-lhb-m38_3,Oval/Medial
ATCGTGAGTTGCCATA-1,1,LHb,LHb,spt,b7-lhb-m38_3,Oval/Medial
ATCGTGATCGGAGTAG-1,1,LHb,LHb,spt,b7-lhb-m38_3,Oval/Medial
ATCTCTAAGCTGAAAT-1,1,LHb,LHb,spt,b7-lhb-m38_3,Oval/Medial
ATCTCTAAGGTTATAG-1,9,LHb,LHb,spt,b7-lhb-m38_3,Marginal
ATCTTCAAGCGTTGTT-1,1,LHb,LHb,spt,b7-lhb-m38_3,Oval/Medial
ATCTTCATCGCTAATG-1,1,LHb,LHb,spt,b7-lhb-m38_3,Oval/Medial
ATGAAAGAGGTTGGTG-1,1,LHb,LHb,spt,b7-lhb-m38_3,Oval/Medial
ATGAAAGCAGGGATAC-1,1,LHb,LHb,spt,b7-lhb-m38_3,Oval/Medial
ATGACCATCGGTGCAC-1,1,LHb,LHb,spt,b7-lhb-m38_3,Oval/Medial
ATGAGGGAGTGCGACA-1,1,LHb,LHb,spt,b7-lhb-m38_3,Oval/Medial
ATGAGGGCATCCGGTG-1,1,LHb,LHb,spt,b7-lhb-m38_3,Oval/Medial
ATGAGTCCACTACCCT-1,1,LHb,LHb,spt,b7-lhb-m38_3,Oval/Medial
ATGATCGCAAGCTGTT-1,1,LHb,LHb,spt,b7-lhb-m38_3,Oval/Medial
ATGCCTCTCCCATTCG-1,1,LHb,LHb,spt,b7-lhb-m38_3,Lateral
ATGGAGGTCCTTTGAT-1,1,LHb,LHb,spt,b7-lhb-m38_3,Lateral
ATGGAGGTCGAATGCT-1,1,LHb,LHb,spt,b7-lhb-m38_3,Oval/Medial
ATGGATCCACGGTAGA-1,1,LHb,LHb,spt,b7-lhb-m38_3,Oval/Medial
ATGGGAGCAACACAGG-1,0,LHb,LHb,spt,b7-lhb-m38_3,Oval/Medial
ATGGGTTTCACGACTA-1,1,LHb,LHb,spt,b7-lhb-m38_3,Lateral
ATGGTTGAGACCTTTG-1,1,LHb,LHb,spt,b7-lhb-m38_3,Oval/Medial
ATGGTTGCAATACGAA-1,1,LHb,LHb,spt,b7-lhb-m38_3,Oval/Medial
ATGTCCCGTTTAGTCG-1,1,LHb,LHb,spt,b7-lhb-m38_3,Oval/Medial
ATGTCCCTCACAGTGT-1,1,LHb,LHb,spt,b7-lhb-m38_3,Lateral
ATTACCTGTCCAAGAG-1,1,LHb,LHb,spt,b7-lhb-m38_3,Lateral
ATTATCCCAGTTAGAA-1,1,LHb,LHb,spt,b7-lhb-m38_3,Oval/Medial
ATTCACTGTGGTCTAT-1,1,LHb,LHb,spt,b7-lhb-m38_3,Oval/Medial
ATTCAGGCATGGACAG-1,1,LHb,LHb,spt,b7-lhb-m38_3,Oval/Medial
ATTCAGGGTTGGAGGT-1,1,LHb,LHb,spt,b7-lhb-m38_3,Oval/Medial
ATTCATCCAGTACTAC-1,1,LHb,LHb,spt,b7-lhb-m38_3,Oval/Medial
ATTCCCGTCATGCAGT-1,9,LHb,LHb,spt,b7-lhb-m38_3,Marginal
ATTCCTAAGTAACAGT-1,1,LHb,LHb,spt,b7-lhb-m38_3,Oval/Medial
ATTCCTAGTATTCCTT-1,1,LHb,LHb,spt,b7-lhb-m38_3,Oval/Medial
ATTCTTGCAATAGTGA-1,1,LHb,LHb,spt,b7-lhb-m38_3,Oval/Medial
ATTGGGTCAAATCGTC-1,9,LHb,LHb,spt,b7-lhb-m38_3,Marginal
ATTGTTCTCCATTTGT-1,1,LHb,LHb,spt,b7-lhb-m38_3,Oval/Medial
ATTTCTGGTCTGCGCA-1,1,LHb,LHb,spt,b7-lhb-m38_3,Lateral
CAAAGAAAGTATAGGT-1,1,LHb,LHb,spt,b7-lhb-m38_3,Oval/Medial
CAAAGAAGTAGCGAGT-1,1,LHb,LHb,spt,b7-lhb-m38_3,Oval/Medial
CAAAGAAGTATTGAGA-1,1,LHb,LHb,spt,b7-lhb-m38_3,Oval/Medial
CAACAACAGGAGGTTC-1,1,LHb,LHb,spt,b7-lhb-m38_3,Lateral
CAACAACAGGGCAAGG-1,9,LHb,LHb,spt,b7-lhb-m38_3,Oval/Medial
CAACAACTCTTGCGCT-1,1,LHb,LHb,spt,b7-lhb-m38_3,Oval/Medial
CAACAGTAGTGGATAT-1,1,LHb,LHb,spt,b7-lhb-m38_3,Oval/Medial
CAACAGTGTTTCACAG-1,1,LHb,LHb,spt,b7-lhb-m38_3,Oval/Medial
CAACCTCCAACCCGCA-1,9,LHb,LHb,spt,b7-lhb-m38_3,Marginal
CAACGGCAGGGTAATT-1,1,LHb,LHb,spt,b7-lhb-m38_3,Oval/Medial
CAACGGCGTAATTAGG-1,9,LHb,LHb,spt,b7-lhb-m38_3,Oval/Medial
CAAGAGGTCGACGCTG-1,9,LHb,LHb,spt,b7-lhb-m38_3,Marginal
CAAGCTACAGTGAGCA-1,0,LHb,LHb,spt,b7-lhb-m38_3,Hbx
CAAGGGAAGCCAGTAG-1,1,LHb,LHb,spt,b7-lhb-m38_3,Oval/Medial
CAAGGGAAGCGGTATG-1,1,LHb,LHb,spt,b7-lhb-m38_3,Oval/Medial
CAAGGGAAGTTAACAG-1,1,LHb,LHb,spt,b7-lhb-m38_3,Lateral
CAATCGATCATGTCTT-1,1,LHb,LHb,spt,b7-lhb-m38_3,Oval/Medial
CAATCGATCTCTTGCG-1,1,LHb,LHb,spt,b7-lhb-m38_3,Hbx
CAATGACAGGAACATT-1,1,LHb,LHb,spt,b7-lhb-m38_3,Oval/Medial
CAATGACTCGAGTCTA-1,1,LHb,LHb,spt,b7-lhb-m38_3,Oval/Medial
CAATTTCAGAGTTGAT-1,1,LHb,LHb,spt,b7-lhb-m38_3,Oval/Medial
CAATTTCCATAATCGC-1,1,LHb,LHb,spt,b7-lhb-m38_3,Oval/Medial
CACAACAGTAGAGACC-1,1,LHb,LHb,spt,b7-lhb-m38_3,Oval/Medial
CACAACATCCGATAAC-1,9,LHb,LHb,spt,b7-lhb-m38_3,Marginal
CACACAACACCATTCC-1,1,LHb,LHb,spt,b7-lhb-m38_3,Oval/Medial
CACATGAGTTTCGTAG-1,1,LHb,LHb,spt,b7-lhb-m38_3,Oval/Medial
CACCAAACACCCATAA-1,1,LHb,LHb,spt,b7-lhb-m38_3,Oval/Medial
CACCAAATCCAGTACA-1,1,LHb,LHb,spt,b7-lhb-m38_3,Hbx
CACCGTTAGCACTAAA-1,1,LHb,LHb,spt,b7-lhb-m38_3,Lateral
CACGAATGTGCTCCGA-1,9,LHb,LHb,spt,b7-lhb-m38_3,Marginal
CACGGGTTCTATACGG-1,1,LHb,LHb,spt,b7-lhb-m38_3,Oval/Medial
CACGTGGAGACATACA-1,1,LHb,LHb,spt,b7-lhb-m38_3,Oval/Medial
CACGTGGGTTCATCTT-1,1,LHb,LHb,spt,b7-lhb-m38_3,Oval/Medial
CACGTTCCAAACACGG-1,1,LHb,LHb,spt,b7-lhb-m38_3,Oval/Medial
CACGTTCGTCAACCAT-1,1,LHb,LHb,spt,b7-lhb-m38_3,Oval/Medial
CACTAAGGTCGGAAAC-1,1,LHb,LHb,spt,b7-lhb-m38_3,Oval/Medial
CACTGTCAGGCCTAGA-1,1,LHb,LHb,spt,b7-lhb-m38_3,Oval/Medial
CAGATTGAGCGCCGTT-1,4,LHb,LHb,spt,b7-lhb-m38_3,Hbx
CAGATTGGTCGTTATG-1,1,LHb,LHb,spt,b7-lhb-m38_3,Oval/Medial
CAGCAATTCGTCTCAC-1,9,LHb,LHb,spt,b7-lhb-m38_3,Oval/Medial
CAGCAGCCAAGAATAC-1,9,LHb,LHb,spt,b7-lhb-m38_3,Hbx
CAGCCAGAGTAGCTCT-1,1,LHb,LHb,spt,b7-lhb-m38_3,Oval/Medial
CAGCGTGCAAATAAGC-1,1,LHb,LHb,spt,b7-lhb-m38_3,Oval/Medial
CAGCGTGGTATCGTGT-1,9,LHb,LHb,spt,b7-lhb-m38_3,Oval/Medial
CAGGCCAGTAATGTGA-1,1,LHb,LHb,spt,b7-lhb-m38_3,Lateral
CAGGCCAGTCACTGAT-1,4,LHb,LHb,spt,b7-lhb-m38_3,Hbx
CAGGGCTAGCAACAGC-1,1,LHb,LHb,spt,b7-lhb-m38_3,Oval/Medial
CAGGGCTTCACCATCC-1,9,LHb,LHb,spt,b7-lhb-m38_3,Marginal
CAGGTATCAGCTACCG-1,0,LHb,LHb,spt,b7-lhb-m38_3,Marginal
CAGTGCGCAAACTAAG-1,1,LHb,LHb,spt,b7-lhb-m38_3,Lateral
CAGTTCCTCGCAATGT-1,1,LHb,LHb,spt,b7-lhb-m38_3,Lateral
CATACCCAGCGAGTAC-1,1,LHb,LHb,spt,b7-lhb-m38_3,Oval/Medial
CATACCCCAGTGTATC-1,1,LHb,LHb,spt,b7-lhb-m38_3,Oval/Medial
CATACCCGTCATAAAG-1,4,LHb,LHb,spt,b7-lhb-m38_3,Hbx
CATACTTAGTGTTGAA-1,1,LHb,LHb,spt,b7-lhb-m38_3,Oval/Medial
CATAGACCAGCGAGTA-1,1,LHb,LHb,spt,b7-lhb-m38_3,Oval/Medial
CATAGACTCCTTTAGT-1,4,LHb,LHb,spt,b7-lhb-m38_3,Oval/Medial
CATAGACTCGTAGCTA-1,1,LHb,LHb,spt,b7-lhb-m38_3,Oval/Medial
CATCAAGCACTGCTTC-1,1,LHb,LHb,spt,b7-lhb-m38_3,Hbx
CATCCCACATCCGAAT-1,1,LHb,LHb,spt,b7-lhb-m38_3,Oval/Medial
CATCCGTAGAGTACCG-1,1,LHb,LHb,spt,b7-lhb-m38_3,Oval/Medial
CATCCGTCAAACCATC-1,1,LHb,LHb,spt,b7-lhb-m38_3,Oval/Medial
CATCGCTGTTGCGGCT-1,1,LHb,LHb,spt,b7-lhb-m38_3,Lateral
CATCGTCGTTGATCGT-1,1,LHb,LHb,spt,b7-lhb-m38_3,Oval/Medial
CATGCGGGTGACCGAA-1,1,LHb,LHb,spt,b7-lhb-m38_3,Oval/Medial
CATGCGGTCTCGACGG-1,1,LHb,LHb,spt,b7-lhb-m38_3,Oval/Medial
CATGCTCAGCGAGAAA-1,9,LHb,LHb,spt,b7-lhb-m38_3,Marginal
CATGGATTCCGCCTAT-1,1,LHb,LHb,spt,b7-lhb-m38_3,Oval/Medial
CATTCATGTATCGTAC-1,1,LHb,LHb,spt,b7-lhb-m38_3,Oval/Medial
CATTCCGAGGCCTAAG-1,1,LHb,LHb,spt,b7-lhb-m38_3,Hbx
CATTCTACAGTCCCGA-1,1,LHb,LHb,spt,b7-lhb-m38_3,Oval/Medial
CATTGCCCAACTACGT-1,9,LHb,LHb,spt,b7-lhb-m38_3,Marginal
CATTTCAGTTAGCTAC-1,1,LHb,LHb,spt,b7-lhb-m38_3,Oval/Medial
CCAAGCGGTCCCACGA-1,1,LHb,LHb,spt,b7-lhb-m38_3,Oval/Medial
CCAAGCGTCTACGGTA-1,0,LHb,LHb,spt,b7-lhb-m38_3,Oval/Medial
CCAATGAGTCCTGGTG-1,1,LHb,LHb,spt,b7-lhb-m38_3,Lateral
CCACAAAAGGGCAGTT-1,1,LHb,LHb,spt,b7-lhb-m38_3,Lateral
CCACAAATCGCGTGAC-1,1,LHb,LHb,spt,b7-lhb-m38_3,Oval/Medial
CCACGAGAGAGGACTC-1,1,LHb,LHb,spt,b7-lhb-m38_3,Lateral
CCACTTGCACGTAACT-1,1,LHb,LHb,spt,b7-lhb-m38_3,Hbx
CCATAAGCAATATCCG-1,1,LHb,LHb,spt,b7-lhb-m38_3,Oval/Medial
CCATCACAGGGCATGT-1,1,LHb,LHb,spt,b7-lhb-m38_3,Oval/Medial
CCCGGAACAATGCAGG-1,1,LHb,LHb,spt,b7-lhb-m38_3,Oval/Medial
CCCTAACTCATAAGGA-1,9,LHb,LHb,spt,b7-lhb-m38_3,Marginal
CCCTCAAAGTACAACA-1,1,LHb,LHb,spt,b7-lhb-m38_3,Oval/Medial
CCCTGATAGTCCCTAA-1,1,LHb,LHb,spt,b7-lhb-m38_3,Oval/Medial
CCCTTAGTCGTTGCCT-1,1,LHb,LHb,spt,b7-lhb-m38_3,Oval/Medial
CCGAACGAGTGCTCAT-1,9,LHb,LHb,spt,b7-lhb-m38_3,Marginal
CCGATCTTCAGCCTTC-1,1,LHb,LHb,spt,b7-lhb-m38_3,Oval/Medial
CCGCAAGAGAGCTGCA-1,9,LHb,LHb,spt,b7-lhb-m38_3,Marginal
CCGCAAGAGATCCGAG-1,9,LHb,LHb,spt,b7-lhb-m38_3,Oval/Medial
CCGCAAGGTAGAGTTA-1,1,LHb,LHb,spt,b7-lhb-m38_3,Oval/Medial
CCGGTAGCACAGCCTG-1,1,LHb,LHb,spt,b7-lhb-m38_3,Oval/Medial
CCGGTAGTCTGTCGTC-1,9,LHb,LHb,spt,b7-lhb-m38_3,Marginal
CCGGTGAAGACAGCGT-1,1,LHb,LHb,spt,b7-lhb-m38_3,Oval/Medial
CCGGTGATCTAACGGT-1,9,LHb,LHb,spt,b7-lhb-m38_3,Marginal
CCGTAGGAGAGTGAAG-1,1,LHb,LHb,spt,b7-lhb-m38_3,Oval/Medial
CCGTAGGGTTCGAACT-1,9,LHb,LHb,spt,b7-lhb-m38_3,Marginal
CCGTGAGAGGCACCAA-1,1,LHb,LHb,spt,b7-lhb-m38_3,Oval/Medial
CCGTTCACAGATTCGT-1,1,LHb,LHb,spt,b7-lhb-m38_3,Oval/Medial
CCTAACCCACCAGTTA-1,1,LHb,LHb,spt,b7-lhb-m38_3,Oval/Medial
CCTAACCTCCGGCAGT-1,1,LHb,LHb,spt,b7-lhb-m38_3,Oval/Medial
CCTAAGAAGTCAAGCG-1,1,LHb,LHb,spt,b7-lhb-m38_3,Oval/Medial
CCTACGTAGAGGGCGA-1,1,LHb,LHb,spt,b7-lhb-m38_3,Oval/Medial
CCTACGTTCGTCAACA-1,1,LHb,LHb,spt,b7-lhb-m38_3,Oval/Medial
CCTCACAAGTGGCGAT-1,1,LHb,LHb,spt,b7-lhb-m38_3,Oval/Medial
CCTCACACAATGGCCC-1,1,LHb,LHb,spt,b7-lhb-m38_3,Oval/Medial
CCTCCAAAGACCAGCA-1,9,LHb,LHb,spt,b7-lhb-m38_3,Marginal
CCTCTCCAGTTCCGGC-1,1,LHb,LHb,spt,b7-lhb-m38_3,Hbx
CCTCTCCTCCGCAAAT-1,1,LHb,LHb,spt,b7-lhb-m38_3,Oval/Medial
CCTCTCCTCTGCTAGA-1,1,LHb,LHb,spt,b7-lhb-m38_3,Oval/Medial
CCTGCATAGTGGCGAT-1,1,LHb,LHb,spt,b7-lhb-m38_3,Oval/Medial
CCTGCATGTCAAGTTC-1,1,LHb,LHb,spt,b7-lhb-m38_3,Oval/Medial
CCTGTTGAGAGCCTGA-1,1,LHb,LHb,spt,b7-lhb-m38_3,Oval/Medial
CCTGTTGCAACGGTAG-1,1,LHb,LHb,spt,b7-lhb-m38_3,Hbx
CCTTCAGGTAAGCGGT-1,1,LHb,LHb,spt,b7-lhb-m38_3,Oval/Medial
CCTTTGGCAGCTTTCC-1,1,LHb,LHb,spt,b7-lhb-m38_3,Oval/Medial
CCTTTGGTCATGGTAC-1,4,LHb,LHb,spt,b7-lhb-m38_3,Hbx
CCTTTGGTCTTGGTCC-1,1,LHb,LHb,spt,b7-lhb-m38_3,Oval/Medial
CGAAGTTCATGAAAGT-1,1,LHb,LHb,spt,b7-lhb-m38_3,Hbx
CGAATTGAGAACCGCA-1,4,LHb,LHb,spt,b7-lhb-m38_3,Oval/Medial
CGACAGCCATCTGGGC-1,1,LHb,LHb,spt,b7-lhb-m38_3,Oval/Medial
CGAGGAAAGCATCAAA-1,13,LHb,LHb,spt,b7-lhb-m38_3,Oval/Medial
CGAGGAACACTGATTG-1,1,LHb,LHb,spt,b7-lhb-m38_3,Oval/Medial
CGAGGAAGTGCCTACG-1,9,LHb,LHb,spt,b7-lhb-m38_3,Marginal
CGAGTGCAGGGTCAAC-1,4,LHb,LHb,spt,b7-lhb-m38_3,Hbx
CGAGTGCAGTTGTAAG-1-1,1,LHb,LHb,spt,b7-lhb-m38_3,Hbx
CGATCGGAGTCAGGGT-1,1,LHb,LHb,spt,b7-lhb-m38_3,Hbx
CGATGCGTCCCTTCCC-1,1,LHb,LHb,spt,b7-lhb-m38_3,Hbx
CGCATGGCAATTTCGG-1,9,LHb,LHb,spt,b7-lhb-m38_3,Marginal
CGCCATTTCTTCTGGC-1,1,LHb,LHb,spt,b7-lhb-m38_3,Oval/Medial
CGCGTGATCGATTTCT-1,1,LHb,LHb,spt,b7-lhb-m38_3,Hbx
CGCGTGATCGCTAGCG-1,1,LHb,LHb,spt,b7-lhb-m38_3,Lateral
CGGAACCGTAGGAAAG-1,1,LHb,LHb,spt,b7-lhb-m38_3,Oval/Medial
CGGAACCTCCAGCAAT-1,1,LHb,LHb,spt,b7-lhb-m38_3,Oval/Medial
CGGAATTAGGGTCTTT-1,13,LHb,LHb,spt,b7-lhb-m38_3,Hbx
CGGAATTAGTCGAAAT-1,1,LHb,LHb,spt,b7-lhb-m38_3,Oval/Medial
CGGACACGTTGTTGCA-1,1,LHb,LHb,spt,b7-lhb-m38_3,Oval/Medial
CGGACACTCGCTTACC-1,9,LHb,LHb,spt,b7-lhb-m38_3,Marginal
CGGAGAATCTGAGAGG-1,1,LHb,LHb,spt,b7-lhb-m38_3,Oval/Medial
CGGCAGTAGGCTTTCA-1,1,LHb,LHb,spt,b7-lhb-m38_3,Oval/Medial
CGGGACTAGTGGAATT-1,1,LHb,LHb,spt,b7-lhb-m38_3,Oval/Medial
CGGGTGTTCATGGAGG-1,1,LHb,LHb,spt,b7-lhb-m38_3,Oval/Medial
CGGTCAGTCCTTATGT-1,9,LHb,LHb,spt,b7-lhb-m38_3,Oval/Medial
CGTAATGCAGCCGTCA-1,1,LHb,LHb,spt,b7-lhb-m38_3,Hbx
CGTAATGGTCCTGGTG-1,1,LHb,LHb,spt,b7-lhb-m38_3,Oval/Medial
CGTAGTAAGATGCAGC-1,1,LHb,LHb,spt,b7-lhb-m38_3,Lateral
CGTAGTAGTACGCTTA-1,1,LHb,LHb,spt,b7-lhb-m38_3,Oval/Medial
CGTCCATGTACTGCCG-1,1,LHb,LHb,spt,b7-lhb-m38_3,Oval/Medial
CGTCCATGTGTAAACA-1,1,LHb,LHb,spt,b7-lhb-m38_3,Oval/Medial
CGTCCATTCACATTGG-1,1,LHb,LHb,spt,b7-lhb-m38_3,Oval/Medial
CGTGATAAGGTCACAG-1,1,LHb,LHb,spt,b7-lhb-m38_3,Oval/Medial
CGTTAGACAAGGTACG-1,1,LHb,LHb,spt,b7-lhb-m38_3,Oval/Medial
CGTTGGGTCGCAGTCG-1,1,LHb,LHb,spt,b7-lhb-m38_3,Oval/Medial
CTAACCCGTGACTGAG-1,9,LHb,LHb,spt,b7-lhb-m38_3,Marginal
CTACAGAAGCCGAATG-1,1,LHb,LHb,spt,b7-lhb-m38_3,Oval/Medial
CTACATTTCTCTAAGG-1,1,LHb,LHb,spt,b7-lhb-m38_3,Oval/Medial
CTACCTGTCATAGCAC-1,1,LHb,LHb,spt,b7-lhb-m38_3,Lateral
CTACGGGAGACCCGCT-1,1,LHb,LHb,spt,b7-lhb-m38_3,Oval/Medial
CTACGGGTCGTTCTCG-1,1,LHb,LHb,spt,b7-lhb-m38_3,Oval/Medial
CTATAGGCAGCGGTCT-1,1,LHb,LHb,spt,b7-lhb-m38_3,Oval/Medial
CTATAGGTCGCGGTAC-1,1,LHb,LHb,spt,b7-lhb-m38_3,Oval/Medial
CTCAACCAGTGACACG-1,1,LHb,LHb,spt,b7-lhb-m38_3,Oval/Medial
CTCAAGACATGCCGAC-1,1,LHb,LHb,spt,b7-lhb-m38_3,Lateral
CTCAAGATCCCTCGAT-1,9,LHb,LHb,spt,b7-lhb-m38_3,Marginal
CTCACTGCAAGAAATC-1,1,LHb,LHb,spt,b7-lhb-m38_3,Lateral
CTCATCGTCTAGACCA-1,9,LHb,LHb,spt,b7-lhb-m38_3,Marginal
CTCATGCTCATTCATC-1,1,LHb,LHb,spt,b7-lhb-m38_3,Oval/Medial
CTCATTACAGCGCTTG-1,1,LHb,LHb,spt,b7-lhb-m38_3,Oval/Medial
CTCCAACGTACGATTC-1,1,LHb,LHb,spt,b7-lhb-m38_3,Oval/Medial
CTCCATGAGCAGGTCA-1,9,LHb,LHb,spt,b7-lhb-m38_3,Marginal
CTCCCAAGTTAAGGAT-1,1,LHb,LHb,spt,b7-lhb-m38_3,Hbx
CTCCGATCATTCTCTA-1,1,LHb,LHb,spt,b7-lhb-m38_3,Lateral
CTCCGATTCCCTTGTG-1,1,LHb,LHb,spt,b7-lhb-m38_3,Oval/Medial
CTCCTCCAGCCTTGAT-1,9,LHb,LHb,spt,b7-lhb-m38_3,Marginal
CTCGAGGCACCTAAAC-1,1,LHb,LHb,spt,b7-lhb-m38_3,Oval/Medial
CTCGAGGCACGCCAGT-1,1,LHb,LHb,spt,b7-lhb-m38_3,Oval/Medial
CTCTCAGCAAGAGGTC-1,9,LHb,LHb,spt,b7-lhb-m38_3,Marginal
CTCTCAGGTAGCTTAC-1,1,LHb,LHb,spt,b7-lhb-m38_3,Oval/Medial
CTCTGGTAGACGCCCT-1,1,LHb,LHb,spt,b7-lhb-m38_3,Lateral
CTCTGGTCAAAGGAGA-1,1,LHb,LHb,spt,b7-lhb-m38_3,Oval/Medial
CTCTGGTTCTTCTCAA-1,1,LHb,LHb,spt,b7-lhb-m38_3,Lateral
CTGAATGAGAGGGTGG-1,1,LHb,LHb,spt,b7-lhb-m38_3,Hbx
CTGATCCGTAATCAGA-1,1,LHb,LHb,spt,b7-lhb-m38_3,Oval/Medial
CTGATCCGTGACTCGC-1,9,LHb,LHb,spt,b7-lhb-m38_3,Oval/Medial
CTGCAGGCAGCTCGGT-1,1,LHb,LHb,spt,b7-lhb-m38_3,Oval/Medial
CTGCAGGGTATGCTTG-1,1,LHb,LHb,spt,b7-lhb-m38_3,Oval/Medial
CTGCAGGTCATAGCAC-1,4,LHb,LHb,spt,b7-lhb-m38_3,Oval/Medial
CTGCATCGTACCAATC-1,1,LHb,LHb,spt,b7-lhb-m38_3,Oval/Medial
CTGCCATCAACAGCCC-1,9,LHb,LHb,spt,b7-lhb-m38_3,Marginal
CTGCCATGTGCCCACA-1,1,LHb,LHb,spt,b7-lhb-m38_3,Oval/Medial
CTGCCATGTTATGGTC-1,9,LHb,LHb,spt,b7-lhb-m38_3,Marginal
CTGCCATTCAAGAGGC-1,1,LHb,LHb,spt,b7-lhb-m38_3,Oval/Medial
CTGCCTAAGAGGATGA-1,9,LHb,LHb,spt,b7-lhb-m38_3,Marginal
CTGCCTACACTGTCGG-1,0,LHb,LHb,spt,b7-lhb-m38_3,Hbx
CTGCGAGAGTACCGGA-1,1,LHb,LHb,spt,b7-lhb-m38_3,Oval/Medial
CTGCGAGCAGTCAGCC-1,1,LHb,LHb,spt,b7-lhb-m38_3,Hbx
CTGCTCAGTGTCCACG-1,1,LHb,LHb,spt,b7-lhb-m38_3,Lateral
CTGGACGTCAGAGTGG-1,9,LHb,LHb,spt,b7-lhb-m38_3,Marginal
CTGGACGTCCTTATAC-1,1,LHb,LHb,spt,b7-lhb-m38_3,Oval/Medial
CTGGTCTGTTCAAAGA-1,1,LHb,LHb,spt,b7-lhb-m38_3,Oval/Medial
CTGTAGATCGTAGTGT-1,9,LHb,LHb,spt,b7-lhb-m38_3,Marginal
CTGTGGGAGTGACCTT-1,4,LHb,LHb,spt,b7-lhb-m38_3,Hbx
CTTACCGAGTAGGTTA-1,1,LHb,LHb,spt,b7-lhb-m38_3,Oval/Medial
CTTCAATAGAGTGAAG-1,4,LHb,LHb,spt,b7-lhb-m38_3,Oval/Medial
CTTCAATAGCCTCAGC-1,1,LHb,LHb,spt,b7-lhb-m38_3,Oval/Medial
CTTCCGAAGTCGAGGT-1,1,LHb,LHb,spt,b7-lhb-m38_3,Oval/Medial
CTTCCGACAGAGCGTA-1,1,LHb,LHb,spt,b7-lhb-m38_3,Oval/Medial
CTTCCTTGTTTCGTGA-1,1,LHb,LHb,spt,b7-lhb-m38_3,Lateral
CTTCGGTGTCAGGTAG-1,1,LHb,LHb,spt,b7-lhb-m38_3,Oval/Medial
CTTCTAAAGACTTCAC-1,1,LHb,LHb,spt,b7-lhb-m38_3,Oval/Medial
CTTGATTCAACCACGC-1,1,LHb,LHb,spt,b7-lhb-m38_3,Oval/Medial
CTTTCGGTCGCTCATC-1,1,LHb,LHb,spt,b7-lhb-m38_3,Oval/Medial
CTTTCGGTCTAAACGC-1,1,LHb,LHb,spt,b7-lhb-m38_3,Oval/Medial
GAAATGAAGCCGTTGC-1,9,LHb,LHb,spt,b7-lhb-m38_3,Marginal
GAAATGAGTTGAGAGC-1,9,LHb,LHb,spt,b7-lhb-m38_3,Marginal
GAAATGATCAAATGCC-1,1,LHb,LHb,spt,b7-lhb-m38_3,Oval/Medial
GAACTGTAGTAAACGT-1,1,LHb,LHb,spt,b7-lhb-m38_3,Oval/Medial
GAACTGTCAAATGGCG-1,1,LHb,LHb,spt,b7-lhb-m38_3,Oval/Medial
GAAGCGAAGAGTCACG-1,1,LHb,LHb,spt,b7-lhb-m38_3,Lateral
GAAGGACCAAGAGTTA-1,1,LHb,LHb,spt,b7-lhb-m38_3,Lateral
GAAGGGTAGACCGTTT-1,1,LHb,LHb,spt,b7-lhb-m38_3,Hbx
GAAGGGTTCCACTGGG-1,1,LHb,LHb,spt,b7-lhb-m38_3,Lateral
GAAGTAAAGGACAGTC-1,1,LHb,LHb,spt,b7-lhb-m38_3,Lateral
GAAGTAACAGCATCTA-1,1,LHb,LHb,spt,b7-lhb-m38_3,Hbx
GAATAGAGTAATGCGG-1,1,LHb,LHb,spt,b7-lhb-m38_3,Oval/Medial
GAATCGTAGAGTGTTA-1,1,LHb,LHb,spt,b7-lhb-m38_3,Oval/Medial
GACATCAAGAGCAAGA-1,1,LHb,LHb,spt,b7-lhb-m38_3,Oval/Medial
GACATCAGTTGTACGT-1,1,LHb,LHb,spt,b7-lhb-m38_3,Hbx
GACATCATCCTACAAG-1,1,LHb,LHb,spt,b7-lhb-m38_3,Lateral
GACATCATCGCAGATT-1,9,LHb,LHb,spt,b7-lhb-m38_3,Marginal
GACCCAGCACAGTACT-1,9,LHb,LHb,spt,b7-lhb-m38_3,Marginal
GACCCTTCATAACCCA-1,1,LHb,LHb,spt,b7-lhb-m38_3,Oval/Medial
GACCGTGGTATCGTTG-1,9,LHb,LHb,spt,b7-lhb-m38_3,Marginal
GACCGTGGTGAGCGAT-1,1,LHb,LHb,spt,b7-lhb-m38_3,Oval/Medial
GACCGTGTCAGTGATC-1,1,LHb,LHb,spt,b7-lhb-m38_3,Oval/Medial
GACCTTCGTCGTAATC-1,1,LHb,LHb,spt,b7-lhb-m38_3,Oval/Medial
GACGCTGAGTAGCAAT-1,2,LHb,LHb,spt,b7-lhb-m38_3,Marginal
GACGTTAAGAAGGTAG-1,1,LHb,LHb,spt,b7-lhb-m38_3,Oval/Medial
GACGTTAAGACCAGCA-1,1,LHb,LHb,spt,b7-lhb-m38_3,Oval/Medial
GACTCAAAGTGGAATT-1,1,LHb,LHb,spt,b7-lhb-m38_3,Marginal
GACTCAATCGCCTCTA-1,1,LHb,LHb,spt,b7-lhb-m38_3,Oval/Medial
GACTCTCCACAGAAGC-1-1,1,LHb,LHb,spt,b7-lhb-m38_3,Oval/Medial
GACTCTCTCGATTCCC-1,1,LHb,LHb,spt,b7-lhb-m38_3,Hbx
GACTGATAGTCACTGT-1,1,LHb,LHb,spt,b7-lhb-m38_3,Lateral
GACTGATCAGGAAGTC-1,1,LHb,LHb,spt,b7-lhb-m38_3,Oval/Medial
GACTTCCAGGTGCCTC-1,9,LHb,LHb,spt,b7-lhb-m38_3,Marginal
GACTTCCCAAGCACAG-1,1,LHb,LHb,spt,b7-lhb-m38_3,Oval/Medial
GAGACCCCATCCTCAC-1,1,LHb,LHb,spt,b7-lhb-m38_3,Oval/Medial
GAGACCCGTTTACTGG-1,1,LHb,LHb,spt,b7-lhb-m38_3,Oval/Medial
GAGACTTGTTCTCCCA-1,1,LHb,LHb,spt,b7-lhb-m38_3,Oval/Medial
GAGCTGCAGCTGAGTG-1,1,LHb,LHb,spt,b7-lhb-m38_3,Oval/Medial
GAGGCCTCACGGTGAA-1,1,LHb,LHb,spt,b7-lhb-m38_3,Oval/Medial
GAGGCCTCAGACCGCT-1,1,LHb,LHb,spt,b7-lhb-m38_3,Lateral
GAGGCCTGTTCGGGTC-1,1,LHb,LHb,spt,b7-lhb-m38_3,Oval/Medial
GAGGGATGTAACTGCT-1,9,LHb,LHb,spt,b7-lhb-m38_3,Marginal
GAGGGATTCGCCGAAC-1,4,LHb,LHb,spt,b7-lhb-m38_3,Hbx
GAGGGTATCGGAAGGT-1,1,LHb,LHb,spt,b7-lhb-m38_3,Lateral
GAGTCATCAAGAATGT-1,1,LHb,LHb,spt,b7-lhb-m38_3,Oval/Medial
GAGTCTAGTTGGATCT-1,1,LHb,LHb,spt,b7-lhb-m38_3,Oval/Medial
GAGTGAGCACGCGCAT-1,1,LHb,LHb,spt,b7-lhb-m38_3,Oval/Medial
GAGTGAGTCATTCCTA-1,1,LHb,LHb,spt,b7-lhb-m38_3,Oval/Medial
GAGTGTTCATGTTCGA-1,1,LHb,LHb,spt,b7-lhb-m38_3,Oval/Medial
GAGTGTTGTACTCAAC-1,1,LHb,LHb,spt,b7-lhb-m38_3,Oval/Medial
GAGTTACCAGGAATCG-1,1,LHb,LHb,spt,b7-lhb-m38_3,Oval/Medial
GAGTTACGTGGTCTCG-1,1,LHb,LHb,spt,b7-lhb-m38_3,Oval/Medial
GAGTTGTAGGCCTTGC-1,1,LHb,LHb,spt,b7-lhb-m38_3,Oval/Medial
GAGTTGTTCTTCTAAC-1,1,LHb,LHb,spt,b7-lhb-m38_3,Oval/Medial
GATAGCTCAGACGGAT-1,1,LHb,LHb,spt,b7-lhb-m38_3,Hbx
GATAGCTCAGATCCTA-1,1,LHb,LHb,spt,b7-lhb-m38_3,Oval/Medial
GATCACAAGCTCCGAC-1,1,LHb,LHb,spt,b7-lhb-m38_3,Oval/Medial
GATCAGTCATATGCGT-1,1,LHb,LHb,spt,b7-lhb-m38_3,Oval/Medial
GATCAGTTCCCTAGGG-1,9,LHb,LHb,spt,b7-lhb-m38_3,Marginal
GATCCCTCAGTCTCTC-1,1,LHb,LHb,spt,b7-lhb-m38_3,Oval/Medial
GATCCCTGTATCGAGG-1,1,LHb,LHb,spt,b7-lhb-m38_3,Oval/Medial
GATCGTACAGCAGAAC-1,1,LHb,LHb,spt,b7-lhb-m38_3,Oval/Medial
GATCGTACATGGCGCT-1,1,LHb,LHb,spt,b7-lhb-m38_3,Oval/Medial
GATCGTATCCGGCAAC-1,1,LHb,LHb,spt,b7-lhb-m38_3,Oval/Medial
GATGACTGTGCACGCT-1,1,LHb,LHb,spt,b7-lhb-m38_3,Oval/Medial
GATGACTTCAAAGAAC-1,1,LHb,LHb,spt,b7-lhb-m38_3,Oval/Medial
GATGAGGCATTGTAGC-1,9,LHb,LHb,spt,b7-lhb-m38_3,Oval/Medial
GATGGAGAGGTCCAGA-1,1,LHb,LHb,spt,b7-lhb-m38_3,Oval/Medial
GATGGAGAGGTCCCGT-1,1,LHb,LHb,spt,b7-lhb-m38_3,Oval/Medial
GATGGAGGTCGTTCAA-1,9,LHb,LHb,spt,b7-lhb-m38_3,Marginal
GATGGAGTCAAGGTGG-1,1,LHb,LHb,spt,b7-lhb-m38_3,Oval/Medial
GATGTTGGTAGGCAAC-1,1,LHb,LHb,spt,b7-lhb-m38_3,Oval/Medial
GATGTTGTCTCTCCGA-1,1,LHb,LHb,spt,b7-lhb-m38_3,Oval/Medial
GATTCGAAGGTAGGCT-1,1,LHb,LHb,spt,b7-lhb-m38_3,Oval/Medial
GATTCTTGTCAGACTT-1,1,LHb,LHb,spt,b7-lhb-m38_3,Hbx
GATTTCTAGATGTTGA-1,1,LHb,LHb,spt,b7-lhb-m38_3,Oval/Medial
GATTTCTCACTGGCGT-1,1,LHb,LHb,spt,b7-lhb-m38_3,Oval/Medial
GATTTCTCATTCAGGT-1,1,LHb,LHb,spt,b7-lhb-m38_3,Oval/Medial
GCAACATGTCATATGC-1,1,LHb,LHb,spt,b7-lhb-m38_3,Oval/Medial
GCAACATTCTGAGATC-1,1,LHb,LHb,spt,b7-lhb-m38_3,Oval/Medial
GCAACCGAGAGGTATT-1,4,LHb,LHb,spt,b7-lhb-m38_3,Oval/Medial
GCAACCGCAGAAACCG-1,1,LHb,LHb,spt,b7-lhb-m38_3,Oval/Medial
GCAGCTGAGAATCTAG-1,1,LHb,LHb,spt,b7-lhb-m38_3,Oval/Medial
GCAGCTGGTGGCTTAT-1,9,LHb,LHb,spt,b7-lhb-m38_3,Marginal
GCAGCTGTCTCCATAT-1,9,LHb,LHb,spt,b7-lhb-m38_3,Marginal
GCAGGCTGTGTTCCAA-1,9,LHb,LHb,spt,b7-lhb-m38_3,Oval/Medial
GCAGTTAGTTCGCGTG-1,1,LHb,LHb,spt,b7-lhb-m38_3,Oval/Medial
GCATCTCGTACAGCGA-1,1,LHb,LHb,spt,b7-lhb-m38_3,Oval/Medial
GCATCTCTCATTCACT-1,9,LHb,LHb,spt,b7-lhb-m38_3,Marginal
GCATGATAGTCATGCT-1,1,LHb,LHb,spt,b7-lhb-m38_3,Oval/Medial
GCATGATAGTCGGCCT-1,9,LHb,LHb,spt,b7-lhb-m38_3,Marginal
GCATGATGTTGGGAAC-1,1,LHb,LHb,spt,b7-lhb-m38_3,Hbx
GCATGATTCTCTAAGG-1,1,LHb,LHb,spt,b7-lhb-m38_3,Oval/Medial
GCATTAGAGACTGAGC-1,1,LHb,LHb,spt,b7-lhb-m38_3,Oval/Medial
GCATTAGGTACAAGTA-1,1,LHb,LHb,spt,b7-lhb-m38_3,Oval/Medial
GCATTAGGTAGCGAGT-1,1,LHb,LHb,spt,b7-lhb-m38_3,Oval/Medial
GCATTAGTCCTATTGT-1,1,LHb,LHb,spt,b7-lhb-m38_3,Oval/Medial
GCCAACGCATTCTGTT-1,1,LHb,LHb,spt,b7-lhb-m38_3,Oval/Medial
GCCAGGTCACAGAAGC-1,9,LHb,LHb,spt,b7-lhb-m38_3,Marginal
GCCAGGTTCCGGACGT-1,1,LHb,LHb,spt,b7-lhb-m38_3,Oval/Medial
GCCATGGAGCGGCTCT-1,1,LHb,LHb,spt,b7-lhb-m38_3,Lateral
GCCATGGAGGAGGCAG-1,1,LHb,LHb,spt,b7-lhb-m38_3,Oval/Medial
GCCATGGCAGCGTGCT-1,1,LHb,LHb,spt,b7-lhb-m38_3,Oval/Medial
GCCATGGGTGTCTCCT-1,1,LHb,LHb,spt,b7-lhb-m38_3,Oval/Medial
GCCCAGAAGAAGCTCG-1,4,LHb,LHb,spt,b7-lhb-m38_3,Hbx
GCCCAGACATCGAACT-1,1,LHb,LHb,spt,b7-lhb-m38_3,Oval/Medial
GCCCGAAAGACGAGCT-1,1,LHb,LHb,spt,b7-lhb-m38_3,Oval/Medial
GCCCGAAGTCGTATTG-1,1,LHb,LHb,spt,b7-lhb-m38_3,Oval/Medial
GCCCGAATCTCATGCC-1,1,LHb,LHb,spt,b7-lhb-m38_3,Oval/Medial
GCCGATGTCGCCGAGT-1,1,LHb,LHb,spt,b7-lhb-m38_3,Oval/Medial
GCGAGAACAGAACCGA-1,1,LHb,LHb,spt,b7-lhb-m38_3,Oval/Medial
GCGATCGCAGGAAGTC-1,1,LHb,LHb,spt,b7-lhb-m38_3,Oval/Medial
GCGGAAACAACGATTC-1,1,LHb,LHb,spt,b7-lhb-m38_3,Oval/Medial
GCGTGCAAGCCAACCC-1,1,LHb,LHb,spt,b7-lhb-m38_3,Oval/Medial
GCGTGCAAGGACAGCT-1,4,LHb,LHb,spt,b7-lhb-m38_3,Oval/Medial
GCTACAAAGATCCCGC-1,1,LHb,LHb,spt,b7-lhb-m38_3,Oval/Medial
GCTACAATCACCGCTT-1,9,LHb,LHb,spt,b7-lhb-m38_3,Marginal
GCTACCTTCTGTGCAA-1,1,LHb,LHb,spt,b7-lhb-m38_3,Hbx
GCTCAAAAGGCTGGAT-1-1,1,LHb,LHb,spt,b7-lhb-m38_3,Oval/Medial
GCTGAATCAGCATGCC-1,1,LHb,LHb,spt,b7-lhb-m38_3,Oval/Medial
GCTGAATTCCCGAACG-1,1,LHb,LHb,spt,b7-lhb-m38_3,Oval/Medial
GCTGCAGTCCATATGG-1,1,LHb,LHb,spt,b7-lhb-m38_3,Oval/Medial
GCTGCAGTCTTCGTAT-1,9,LHb,LHb,spt,b7-lhb-m38_3,Marginal
GCTGGGTAGAGTAACT-1,1,LHb,LHb,spt,b7-lhb-m38_3,Lateral
GCTGGGTAGTCACTAC-1,4,LHb,LHb,spt,b7-lhb-m38_3,Oval/Medial
GCTTCACTCTTACCGC-1,9,LHb,LHb,spt,b7-lhb-m38_3,Marginal
GCTTGGGTCTTTCCGG-1,1,LHb,LHb,spt,b7-lhb-m38_3,Oval/Medial
GCTTTCGAGGTCGTGA-1,1,LHb,LHb,spt,b7-lhb-m38_3,Oval/Medial
GCTTTCGGTGGACCTC-1,1,LHb,LHb,spt,b7-lhb-m38_3,Lateral
GCTTTCGTCGGTCGGT-1,1,LHb,LHb,spt,b7-lhb-m38_3,Lateral
GGAAGTGAGACCCTTA-1,4,LHb,LHb,spt,b7-lhb-m38_3,Lateral
GGAAGTGGTATGCTTG-1,1,LHb,LHb,spt,b7-lhb-m38_3,Oval/Medial
GGAATCTGTGCACATT-1,1,LHb,LHb,spt,b7-lhb-m38_3,Oval/Medial
GGACGTCAGATGTTAG-1,1,LHb,LHb,spt,b7-lhb-m38_3,Oval/Medial
GGACGTCGTACACGCC-1,1,LHb,LHb,spt,b7-lhb-m38_3,Oval/Medial
GGACGTCTCGCTGCGA-1,1,LHb,LHb,spt,b7-lhb-m38_3,Oval/Medial
GGAGAACAGGTTAAAC-1,1,LHb,LHb,spt,b7-lhb-m38_3,Oval/Medial
GGAGATGAGATCCGAG-1,1,LHb,LHb,spt,b7-lhb-m38_3,Oval/Medial
GGAGATGAGCATGGGT-1,1,LHb,LHb,spt,b7-lhb-m38_3,Oval/Medial
GGAGATGAGGGATCAC-1,1,LHb,LHb,spt,b7-lhb-m38_3,Oval/Medial
GGAGCAAAGTCACTCA-1,1,LHb,LHb,spt,b7-lhb-m38_3,Oval/Medial
GGAGGATCACAATTCG-1,1,LHb,LHb,spt,b7-lhb-m38_3,Hbx
GGAGGTAAGATAACAC-1,1,LHb,LHb,spt,b7-lhb-m38_3,Oval/Medial
GGATCTACACGTAACT-1,9,LHb,LHb,spt,b7-lhb-m38_3,Marginal
GGATCTAGTCTACTGA-1,1,LHb,LHb,spt,b7-lhb-m38_3,Oval/Medial
GGATGTTCATGGCACC-1,1,LHb,LHb,spt,b7-lhb-m38_3,Oval/Medial
GGCGTCAAGTTGTAAG-1,1,LHb,LHb,spt,b7-lhb-m38_3,Oval/Medial
GGCGTCAGTGTGTGGA-1,1,LHb,LHb,spt,b7-lhb-m38_3,Oval/Medial
GGCGTCATCTGGGATT-1,1,LHb,LHb,spt,b7-lhb-m38_3,Lateral
GGCTTGGCAGACACCC-1,9,LHb,LHb,spt,b7-lhb-m38_3,Marginal
GGCTTTCCAAATTGGA-1,1,LHb,LHb,spt,b7-lhb-m38_3,Oval/Medial
GGGAAGTAGGCCGCTT-1,1,LHb,LHb,spt,b7-lhb-m38_3,Hbx
GGGAAGTGTCAGGAGT-1,4,LHb,LHb,spt,b7-lhb-m38_3,Hbx
GGGAAGTGTTCTCCTG-1,9,LHb,LHb,spt,b7-lhb-m38_3,Marginal
GGGAAGTTCGTCCTTG-1,1,LHb,LHb,spt,b7-lhb-m38_3,Oval/Medial
GGGAGATGTGACATCT-1,9,LHb,LHb,spt,b7-lhb-m38_3,Hbx
GGGAGATTCGGTGAAG-1,1,LHb,LHb,spt,b7-lhb-m38_3,Lateral
GGGATGAAGATTAGAC-1,1,LHb,LHb,spt,b7-lhb-m38_3,Oval/Medial
GGGTAGATCGAAGAAT-1,1,LHb,LHb,spt,b7-lhb-m38_3,Oval/Medial
GGGTATTAGCAATAGT-1,1,LHb,LHb,spt,b7-lhb-m38_3,Lateral
GGGTATTAGGTAAGAG-1,1,LHb,LHb,spt,b7-lhb-m38_3,Oval/Medial
GGGTATTAGTAGCTCT-1,1,LHb,LHb,spt,b7-lhb-m38_3,Lateral
GGGTCACTCGAGCCTG-1,1,LHb,LHb,spt,b7-lhb-m38_3,Oval/Medial
GGGTCTGGTTCGGGTC-1,1,LHb,LHb,spt,b7-lhb-m38_3,Oval/Medial
GGGTCTGGTTGAGAGC-1,1,LHb,LHb,spt,b7-lhb-m38_3,Oval/Medial
GGGTGAACAGCGCGTT-1,9,LHb,LHb,spt,b7-lhb-m38_3,Marginal
GGGTGAAGTGTGCTTA-1,1,LHb,LHb,spt,b7-lhb-m38_3,Oval/Medial
GGGTTTACACTGATTG-1,1,LHb,LHb,spt,b7-lhb-m38_3,Oval/Medial
GGTAATCAGAATTGCA-1,1,LHb,LHb,spt,b7-lhb-m38_3,Lateral
GGTAATCGTGGACTGA-1,1,LHb,LHb,spt,b7-lhb-m38_3,Oval/Medial
GGTAGAGCAGCCATTA-1-1,1,LHb,LHb,spt,b7-lhb-m38_3,Oval/Medial
GGTAGAGTCAGAGCAG-1,1,LHb,LHb,spt,b7-lhb-m38_3,Oval/Medial
GGTCACGTCATTCCTA-1,1,LHb,LHb,spt,b7-lhb-m38_3,Oval/Medial
GGTCTGGTCTGTCCCA-1,1,LHb,LHb,spt,b7-lhb-m38_3,Oval/Medial
GGTGATTGTCAAACGG-1,1,LHb,LHb,spt,b7-lhb-m38_3,Oval/Medial
GGTGGCTAGCGCATCC-1,1,LHb,LHb,spt,b7-lhb-m38_3,Oval/Medial
GGTGTCGGTGTTCAGT-1,1,LHb,LHb,spt,b7-lhb-m38_3,Lateral
GGTGTTATCCGATGTA-1,1,LHb,LHb,spt,b7-lhb-m38_3,Oval/Medial
GGTTAACAGCACTAGG-1,1,LHb,LHb,spt,b7-lhb-m38_3,Oval/Medial
GGTTAACGTCATAACC-1,1,LHb,LHb,spt,b7-lhb-m38_3,Oval/Medial
GGTTCTCTCTTCTGGC-1,4,LHb,LHb,spt,b7-lhb-m38_3,Oval/Medial
GGTTGTACACAACCGC-1,1,LHb,LHb,spt,b7-lhb-m38_3,Oval/Medial
GGTTGTACAGAGCCCT-1,1,LHb,LHb,spt,b7-lhb-m38_3,Oval/Medial
GGTTGTACATCCGGCA-1,1,LHb,LHb,spt,b7-lhb-m38_3,Hbx
GTAAGTCCACATAACC-1,1,LHb,LHb,spt,b7-lhb-m38_3,Oval/Medial
GTAATGCGTCCGGTCA-1,1,LHb,LHb,spt,b7-lhb-m38_3,Oval/Medial
GTACAACGTAGGCAGT-1,9,LHb,LHb,spt,b7-lhb-m38_3,Marginal
GTACAGTCAGGTCCCA-1,1,LHb,LHb,spt,b7-lhb-m38_3,Oval/Medial
GTACAGTGTACGGATG-1,1,LHb,LHb,spt,b7-lhb-m38_3,Lateral
GTAGAAAAGCTACTAC-1,1,LHb,LHb,spt,b7-lhb-m38_3,Oval/Medial
GTAGAAACAAGCCTGC-1,1,LHb,LHb,spt,b7-lhb-m38_3,Oval/Medial
GTAGAAATCACCATAG-1,1,LHb,LHb,spt,b7-lhb-m38_3,Hbx
GTAGATCAGCGCCGTT-1,1,LHb,LHb,spt,b7-lhb-m38_3,Oval/Medial
GTAGATCCACGTACAT-1,1,LHb,LHb,spt,b7-lhb-m38_3,Oval/Medial
GTAGGTTAGAATACAC-1,9,LHb,LHb,spt,b7-lhb-m38_3,Marginal
GTAGTACTCGTCTACC-1,1,LHb,LHb,spt,b7-lhb-m38_3,Oval/Medial
GTATTGGCATATGCGT-1,1,LHb,LHb,spt,b7-lhb-m38_3,Oval/Medial
GTATTTCTCCCACAGG-1,1,LHb,LHb,spt,b7-lhb-m38_3,Lateral
GTCAAACCATGTGACT-1,9,LHb,LHb,spt,b7-lhb-m38_3,Marginal
GTCAAACGTAGATTGA-1,1,LHb,LHb,spt,b7-lhb-m38_3,Oval/Medial
GTCAAACTCTAGGCCG-1,1,LHb,LHb,spt,b7-lhb-m38_3,Lateral
GTCACGGCAGAGGAAA-1,1,LHb,LHb,spt,b7-lhb-m38_3,Oval/Medial
GTCACGGTCAAGGCTT-1,4,LHb,LHb,spt,b7-lhb-m38_3,Oval/Medial
GTCAGCGAGTGACACG-1,1,LHb,LHb,spt,b7-lhb-m38_3,Lateral
GTCCACTTCCCTTGGT-1,1,LHb,LHb,spt,b7-lhb-m38_3,Lateral
GTCGCGAAGTAAATGC-1,1,LHb,LHb,spt,b7-lhb-m38_3,Oval/Medial
GTCGTTCTCGGCTGGT-1-1,1,LHb,LHb,spt,b7-lhb-m38_3,Lateral
GTCTAGAAGACCTCCG-1,1,LHb,LHb,spt,b7-lhb-m38_3,Oval/Medial
GTCTAGACATAACCCA-1,1,LHb,LHb,spt,b7-lhb-m38_3,Lateral
GTCTGTCGTACCCAGC-1,9,LHb,LHb,spt,b7-lhb-m38_3,Marginal
GTCTGTCTCTGGAAGG-1,1,LHb,LHb,spt,b7-lhb-m38_3,Oval/Medial
GTGACGCCATGTTCAG-1,1,LHb,LHb,spt,b7-lhb-m38_3,Oval/Medial
GTGACGCTCAAGTCTG-1,1,LHb,LHb,spt,b7-lhb-m38_3,Lateral
GTGAGGAAGGCTATCT-1,1,LHb,LHb,spt,b7-lhb-m38_3,Oval/Medial
GTGAGTTAGACATATG-1,1,LHb,LHb,spt,b7-lhb-m38_3,Oval/Medial
GTGATGTGTCCTATAG-1,1,LHb,LHb,spt,b7-lhb-m38_3,Oval/Medial
GTGCACGCACAATGAA-1,4,LHb,LHb,spt,b7-lhb-m38_3,Hbx
GTGCACGCAGCAGTAG-1,1,LHb,LHb,spt,b7-lhb-m38_3,Oval/Medial
GTGCAGCAGCACAAAT-1,1,LHb,LHb,spt,b7-lhb-m38_3,Oval/Medial
GTGCAGCCATCGAGCC-1,1,LHb,LHb,spt,b7-lhb-m38_3,Oval/Medial
GTGCAGCGTTAAGCAA-1,1,LHb,LHb,spt,b7-lhb-m38_3,Oval/Medial
GTGCGTGCAGAAATTG-1,1,LHb,LHb,spt,b7-lhb-m38_3,Oval/Medial
GTGCGTGTCTATTTCG-1,1,LHb,LHb,spt,b7-lhb-m38_3,Lateral
GTGCTGGAGCAGTACG-1-1,1,LHb,LHb,spt,b7-lhb-m38_3,Oval/Medial
GTGCTTCAGGTCACTT-1,1,LHb,LHb,spt,b7-lhb-m38_3,Lateral
GTGGAAGCATGCCGAC-1,1,LHb,LHb,spt,b7-lhb-m38_3,Lateral
GTGGAAGTCATGAAAG-1,1,LHb,LHb,spt,b7-lhb-m38_3,Oval/Medial
GTGGGAACAACAGCCC-1,4,LHb,LHb,spt,b7-lhb-m38_3,Lateral
GTGTCCTGTATCGTAC-1-1,1,LHb,LHb,spt,b7-lhb-m38_3,Oval/Medial
GTGTGGCAGCCTTCTC-1,1,LHb,LHb,spt,b7-lhb-m38_3,Oval/Medial
GTTACCCCAGATACTC-1,1,LHb,LHb,spt,b7-lhb-m38_3,Oval/Medial
GTTACGATCTCGTCGT-1,9,LHb,LHb,spt,b7-lhb-m38_3,Marginal
GTTCATTGTCGACTTA-1,9,LHb,LHb,spt,b7-lhb-m38_3,Marginal
GTTCATTTCAGTCACA-1,1,LHb,LHb,spt,b7-lhb-m38_3,Oval/Medial
GTTCGCTGTGCAACGA-1,9,LHb,LHb,spt,b7-lhb-m38_3,Marginal
GTTCGCTTCTGAGCAT-1,9,LHb,LHb,spt,b7-lhb-m38_3,Marginal
GTTCTATCACAAGTTC-1,1,LHb,LHb,spt,b7-lhb-m38_3,Hbx
GTTGCGGAGTGCCTCG-1,4,LHb,LHb,spt,b7-lhb-m38_3,Hbx
GTTGTAGAGGAGATAG-1,1,LHb,LHb,spt,b7-lhb-m38_3,Oval/Medial
GTTGTCCAGATCCTAC-1,1,LHb,LHb,spt,b7-lhb-m38_3,Hbx
GTTGTGAGTGCAGATG-1,1,LHb,LHb,spt,b7-lhb-m38_3,Oval/Medial
GTTTACTCAGTAACAA-1,1,LHb,LHb,spt,b7-lhb-m38_3,Oval/Medial
GTTTACTCATGTAACC-1,1,LHb,LHb,spt,b7-lhb-m38_3,Oval/Medial
GTTTGGAAGATAGCAT-1,1,LHb,LHb,spt,b7-lhb-m38_3,Oval/Medial
TAACCAGTCTTAATCC-1,1,LHb,LHb,spt,b7-lhb-m38_3,Oval/Medial
TAACGACGTCTCTCAC-1,1,LHb,LHb,spt,b7-lhb-m38_3,Oval/Medial
TAACGACTCTTAGCAG-1,4,LHb,LHb,spt,b7-lhb-m38_3,Hbx
TAACTTCAGTAGATCA-1,1,LHb,LHb,spt,b7-lhb-m38_3,Hbx
TAAGCACAGTCGAGGT-1,0,LHb,LHb,spt,b7-lhb-m38_3,Hbx
TAAGCACTCGGTAGGA-1,1,LHb,LHb,spt,b7-lhb-m38_3,Lateral
TAAGCGTGTCCTTGTC-1,1,LHb,LHb,spt,b7-lhb-m38_3,Oval/Medial
TAAGTCGCACCAGTAT-1,1,LHb,LHb,spt,b7-lhb-m38_3,Oval/Medial
TACACCCAGCAGCCTC-1,1,LHb,LHb,spt,b7-lhb-m38_3,Lateral
TACACCCGTAGCGTAG-1,1,LHb,LHb,spt,b7-lhb-m38_3,Lateral
TACATTCAGGAGTACC-1,1,LHb,LHb,spt,b7-lhb-m38_3,Lateral
TACATTCCAGGTTCGC-1,1,LHb,LHb,spt,b7-lhb-m38_3,Oval/Medial
TACATTCTCAAGTGGG-1,1,LHb,LHb,spt,b7-lhb-m38_3,Hbx
TACCCACCAAAGTATG-1,9,LHb,LHb,spt,b7-lhb-m38_3,Marginal
TACCCACGTCAAAGAT-1,1,LHb,LHb,spt,b7-lhb-m38_3,Oval/Medial
TACCGAACAGAGATGC-1,1,LHb,LHb,spt,b7-lhb-m38_3,Oval/Medial
TACCGGGTCGGTCGGT-1,1,LHb,LHb,spt,b7-lhb-m38_3,Oval/Medial
TACCTGCGTGGTTTAC-1,1,LHb,LHb,spt,b7-lhb-m38_3,Lateral
TACGCTCGTCCCAAAT-1,1,LHb,LHb,spt,b7-lhb-m38_3,Oval/Medial
TACGCTCTCTACGCGG-1,1,LHb,LHb,spt,b7-lhb-m38_3,Hbx
TACGGGCGTAAGATAC-1,1,LHb,LHb,spt,b7-lhb-m38_3,Oval/Medial
TACGGTAAGATTGTGA-1,9,LHb,LHb,spt,b7-lhb-m38_3,Hbx
TACGGTACAGTTGGTT-1,1,LHb,LHb,spt,b7-lhb-m38_3,Oval/Medial
TACGGTATCATGTCAG-1,9,LHb,LHb,spt,b7-lhb-m38_3,Marginal
TACGTCCAGAATAACC-1,9,LHb,LHb,spt,b7-lhb-m38_3,Marginal
TACGTCCGTGAGGCAT-1,1,LHb,LHb,spt,b7-lhb-m38_3,Oval/Medial
TACTTACGTCCCTCAT-1,9,LHb,LHb,spt,b7-lhb-m38_3,Marginal
TAGACCAAGTACTCGT-1,1,LHb,LHb,spt,b7-lhb-m38_3,Oval/Medial
TAGACCACACTCACTC-1,9,LHb,LHb,spt,b7-lhb-m38_3,Marginal
TAGACCAGTATCGTGT-1,1,LHb,LHb,spt,b7-lhb-m38_3,Lateral
TAGACCATCTGGCTGG-1,1,LHb,LHb,spt,b7-lhb-m38_3,Oval/Medial
TAGATCGAGTCACTGT-1,1,LHb,LHb,spt,b7-lhb-m38_3,Oval/Medial
TAGATCGGTATCCCAA-1,1,LHb,LHb,spt,b7-lhb-m38_3,Hbx
TAGGAGGAGCACCGAA-1,9,LHb,LHb,spt,b7-lhb-m38_3,Oval/Medial
TAGGTACCAGTATGAA-1,1,LHb,LHb,spt,b7-lhb-m38_3,Oval/Medial
TAGGTACGTGAGAGGG-1,1,LHb,LHb,spt,b7-lhb-m38_3,Hbx
TAGGTTGAGATTACCC-1,1,LHb,LHb,spt,b7-lhb-m38_3,Hbx
TAGGTTGGTAGGAGTC-1,1,LHb,LHb,spt,b7-lhb-m38_3,Lateral
TAGGTTGTCGGAGTAG-1,1,LHb,LHb,spt,b7-lhb-m38_3,Oval/Medial
TAGTGCACACGCTATA-1,1,LHb,LHb,spt,b7-lhb-m38_3,Lateral
TAGTGCAGTCAAGCCC-1,9,LHb,LHb,spt,b7-lhb-m38_3,Oval/Medial
TATCAGGCAATTGTGC-1,1,LHb,LHb,spt,b7-lhb-m38_3,Oval/Medial
TATCAGGTCTCCCATG-1,9,LHb,LHb,spt,b7-lhb-m38_3,Marginal
TATCGCCTCACCGGGT-1,1,LHb,LHb,spt,b7-lhb-m38_3,Oval/Medial
TATCGCCTCCACCTCA-1,1,LHb,LHb,spt,b7-lhb-m38_3,Hbx
TATCTGTTCGTGACTA-1,4,LHb,LHb,spt,b7-lhb-m38_3,Hbx
TATTCCAAGTTAACAG-1,1,LHb,LHb,spt,b7-lhb-m38_3,Oval/Medial
TATTCCAGTCCGGATC-1,1,LHb,LHb,spt,b7-lhb-m38_3,Oval/Medial
TATTGCTCAGACCTAT-1,4,LHb,LHb,spt,b7-lhb-m38_3,Hbx
TCAAGACAGGAGGGTG-1,1,LHb,LHb,spt,b7-lhb-m38_3,Oval/Medial
TCAAGTGGTCTGCAAT-1,1,LHb,LHb,spt,b7-lhb-m38_3,Oval/Medial
TCAAGTGGTTGCGAAG-1,1,LHb,LHb,spt,b7-lhb-m38_3,Oval/Medial
TCAATCTTCTCATGGA-1,1,LHb,LHb,spt,b7-lhb-m38_3,Oval/Medial
TCAATTCAGCATGCAG-1,1,LHb,LHb,spt,b7-lhb-m38_3,Oval/Medial
TCAATTCGTCGGTGTC-1,1,LHb,LHb,spt,b7-lhb-m38_3,Oval/Medial
TCAATTCTCTTAGTTC-1,1,LHb,LHb,spt,b7-lhb-m38_3,Oval/Medial
TCACAAGAGAGTGGCT-1,1,LHb,LHb,spt,b7-lhb-m38_3,Oval/Medial
TCACAAGTCCAAGCAT-1-1,1,LHb,LHb,spt,b7-lhb-m38_3,Lateral
TCACATTGTGGTCTCG-1,9,LHb,LHb,spt,b7-lhb-m38_3,Marginal
TCACGCTAGAGTGTGC-1,1,LHb,LHb,spt,b7-lhb-m38_3,Oval/Medial
TCACGCTTCTGAGTCA-1,1,LHb,LHb,spt,b7-lhb-m38_3,Lateral
TCAGCAAGTAAGAACT-1,1,LHb,LHb,spt,b7-lhb-m38_3,Oval/Medial
TCAGCAAGTGGGCTCT-1,1,LHb,LHb,spt,b7-lhb-m38_3,Oval/Medial
TCAGCAATCCGATAAC-1,1,LHb,LHb,spt,b7-lhb-m38_3,Oval/Medial
TCAGCCTCATGGAGAC-1,9,LHb,LHb,spt,b7-lhb-m38_3,Marginal
TCAGGGCCACGTATAC-1,1,LHb,LHb,spt,b7-lhb-m38_3,Oval/Medial
TCAGTCCAGCGTATAA-1,1,LHb,LHb,spt,b7-lhb-m38_3,Oval/Medial
TCAGTCCCAAGGACAC-1,1,LHb,LHb,spt,b7-lhb-m38_3,Oval/Medial
TCAGTCCCAGACAATA-1,1,LHb,LHb,spt,b7-lhb-m38_3,Oval/Medial
TCAGTGAGTAGAATGT-1,1,LHb,LHb,spt,b7-lhb-m38_3,Oval/Medial
TCATACTGTACGTGTT-1,1,LHb,LHb,spt,b7-lhb-m38_3,Hbx
TCATCATAGAGGGTCT-1,1,LHb,LHb,spt,b7-lhb-m38_3,Hbx
TCATCATTCATTGTGG-1,13,LHb,LHb,spt,b7-lhb-m38_3,Oval/Medial
TCATCATTCCTCTCTT-1,1,LHb,LHb,spt,b7-lhb-m38_3,Oval/Medial
TCATGCCGTGACATCT-1,9,LHb,LHb,spt,b7-lhb-m38_3,Oval/Medial
TCATGGACAAATGGCG-1,1,LHb,LHb,spt,b7-lhb-m38_3,Lateral
TCATGGAGTGAGTTTC-1,1,LHb,LHb,spt,b7-lhb-m38_3,Oval/Medial
TCATGTTAGCGGCTCT-1,1,LHb,LHb,spt,b7-lhb-m38_3,Oval/Medial
TCATGTTTCGGACTTA-1,1,LHb,LHb,spt,b7-lhb-m38_3,Lateral
TCATTGTTCATGCGGC-1,1,LHb,LHb,spt,b7-lhb-m38_3,Oval/Medial
TCCATCGAGTGGATTA-1,1,LHb,LHb,spt,b7-lhb-m38_3,Oval/Medial
TCCATCGCAGCACGAA-1,9,LHb,LHb,spt,b7-lhb-m38_3,Marginal
TCCATGCAGGTCACAG-1,4,LHb,LHb,spt,b7-lhb-m38_3,Lateral
TCCCACATCCTTATGT-1,1,LHb,LHb,spt,b7-lhb-m38_3,Oval/Medial
TCCCAGTAGTGATGGC-1,1,LHb,LHb,spt,b7-lhb-m38_3,Oval/Medial
TCCCAGTAGTGCAAAT-1,1,LHb,LHb,spt,b7-lhb-m38_3,Oval/Medial
TCCCATGCACGTCGGT-1,1,LHb,LHb,spt,b7-lhb-m38_3,Oval/Medial
TCCGAAAGTACGGTTT-1,1,LHb,LHb,spt,b7-lhb-m38_3,Oval/Medial
TCCGAAAGTGCATTTG-1,1,LHb,LHb,spt,b7-lhb-m38_3,Oval/Medial
TCCGATCTCATCAGTG-1,1,LHb,LHb,spt,b7-lhb-m38_3,Oval/Medial
TCCGGGAGTAGGAGGG-1,1,LHb,LHb,spt,b7-lhb-m38_3,Oval/Medial
TCCGTGTTCCACTTCG-1,1,LHb,LHb,spt,b7-lhb-m38_3,Oval/Medial
TCCTAATGTGAGTCAG-1,2,LHb,LHb,spt,b7-lhb-m38_3,Marginal
TCCTAATTCAGTCACA-1,9,LHb,LHb,spt,b7-lhb-m38_3,Marginal
TCCTCCCTCGCTTAAG-1,1,LHb,LHb,spt,b7-lhb-m38_3,Oval/Medial
TCCTCGACACGTTCGG-1,1,LHb,LHb,spt,b7-lhb-m38_3,Lateral
TCCTCGAGTGGCCACT-1,1,LHb,LHb,spt,b7-lhb-m38_3,Oval/Medial
TCCTCGATCTGCGTCT-1,4,LHb,LHb,spt,b7-lhb-m38_3,Hbx
TCCTTCTTCATAGGCT-1,1,LHb,LHb,spt,b7-lhb-m38_3,Oval/Medial
TCCTTTCAGGGTAATT-1,1,LHb,LHb,spt,b7-lhb-m38_3,Oval/Medial
TCGAACACAGGGCTTC-1,1,LHb,LHb,spt,b7-lhb-m38_3,Hbx
TCGAACAGTAACGGTG-1,9,LHb,LHb,spt,b7-lhb-m38_3,Marginal
TCGAACATCAGTGTTG-1,4,LHb,LHb,spt,b7-lhb-m38_3,Hbx
TCGAAGTAGTTGCTGT-1,1,LHb,LHb,spt,b7-lhb-m38_3,Oval/Medial
TCGAAGTGTGTGAGCA-1,1,LHb,LHb,spt,b7-lhb-m38_3,Oval/Medial
TCGAAGTTCGAATGCT-1,1,LHb,LHb,spt,b7-lhb-m38_3,Lateral
TCGACCTTCGATGCAT-1,1,LHb,LHb,spt,b7-lhb-m38_3,Lateral
TCGACGGCAGCGACCT-1,1,LHb,LHb,spt,b7-lhb-m38_3,Oval/Medial
TCGCAGGTCCGTGGCA-1,1,LHb,LHb,spt,b7-lhb-m38_3,Oval/Medial
TCGCTCAGTTCCGGTG-1,1,LHb,LHb,spt,b7-lhb-m38_3,Oval/Medial
TCGCTCATCGCTGCGA-1,1,LHb,LHb,spt,b7-lhb-m38_3,Hbx
TCGGATAGTACGTGAG-1,1,LHb,LHb,spt,b7-lhb-m38_3,Lateral
TCGGGCAGTGAGAGGG-1,1,LHb,LHb,spt,b7-lhb-m38_3,Oval/Medial
TCGGGCAGTTCGCGTG-1,1,LHb,LHb,spt,b7-lhb-m38_3,Oval/Medial
TCGTCCAAGGGATGTC-1,1,LHb,LHb,spt,b7-lhb-m38_3,Oval/Medial
TCTAACTCAACCCTAA-1,1,LHb,LHb,spt,b7-lhb-m38_3,Oval/Medial
TCTAACTCAAGAATAC-1,1,LHb,LHb,spt,b7-lhb-m38_3,Oval/Medial
TCTAACTGTACTCAAC-1,1,LHb,LHb,spt,b7-lhb-m38_3,Oval/Medial
TCTAACTTCTAGCAAC-1,1,LHb,LHb,spt,b7-lhb-m38_3,Lateral
TCTACATGTTAACAGA-1,9,LHb,LHb,spt,b7-lhb-m38_3,Marginal
TCTACCGTCTTAGCTT-1,1,LHb,LHb,spt,b7-lhb-m38_3,Lateral
TCTATCACATAACGGG-1,1,LHb,LHb,spt,b7-lhb-m38_3,Lateral
TCTATCATCGCGCTGA-1,4,LHb,LHb,spt,b7-lhb-m38_3,Oval/Medial
TCTGCCATCTGCGGAC-1,9,LHb,LHb,spt,b7-lhb-m38_3,Oval/Medial
TCTGGCTGTACAGAAT-1,1,LHb,LHb,spt,b7-lhb-m38_3,Oval/Medial
TCTGGCTTCACACCCT-1,1,LHb,LHb,spt,b7-lhb-m38_3,Oval/Medial
TCTTGCGCATCCTTCG-1,1,LHb,LHb,spt,b7-lhb-m38_3,Lateral
TCTTGCGTCCCTAGGG-1,1,LHb,LHb,spt,b7-lhb-m38_3,Oval/Medial
TCTTTGAGTAGCACAG-1,1,LHb,LHb,spt,b7-lhb-m38_3,Oval/Medial
TCTTTGATCGTCAAAC-1,9,LHb,LHb,spt,b7-lhb-m38_3,Marginal
TCTTTGATCTTAGTTC-1-1,1,LHb,LHb,spt,b7-lhb-m38_3,Oval/Medial
TGAATCGAGGCATGGT-1,1,LHb,LHb,spt,b7-lhb-m38_3,Oval/Medial
TGAATCGCATAAGCGG-1,1,LHb,LHb,spt,b7-lhb-m38_3,Oval/Medial
TGAATCGTCTAGGCAT-1-1,1,LHb,LHb,spt,b7-lhb-m38_3,Oval/Medial
TGACAGTGTCTACATG-1,4,LHb,LHb,spt,b7-lhb-m38_3,Hbx
TGACAGTTCAGCTGTA-1,1,LHb,LHb,spt,b7-lhb-m38_3,Oval/Medial
TGACGCGCAAATAAGC-1,1,LHb,LHb,spt,b7-lhb-m38_3,Oval/Medial
TGAGACTGTGGCGCTT-1,9,LHb,LHb,spt,b7-lhb-m38_3,Marginal
TGAGCATGTTGAGTCT-1,1,LHb,LHb,spt,b7-lhb-m38_3,Oval/Medial
TGAGGGACAGATCATC-1,1,LHb,LHb,spt,b7-lhb-m38_3,Oval/Medial
TGAGGTTTCTACCAGA-1,1,LHb,LHb,spt,b7-lhb-m38_3,Lateral
TGAGTCAAGACCATGG-1,1,LHb,LHb,spt,b7-lhb-m38_3,Oval/Medial
TGAGTCAGTTTGACAC-1,1,LHb,LHb,spt,b7-lhb-m38_3,Hbx
TGATCTTCAGACAATA-1,1,LHb,LHb,spt,b7-lhb-m38_3,Oval/Medial
TGATCTTGTCAAGCGA-1,1,LHb,LHb,spt,b7-lhb-m38_3,Hbx
TGATCTTTCGAGCCAC-1,1,LHb,LHb,spt,b7-lhb-m38_3,Oval/Medial
TGATGCACATGTACGT-1,1,LHb,LHb,spt,b7-lhb-m38_3,Oval/Medial
TGATGCACATTCTCTA-1,1,LHb,LHb,spt,b7-lhb-m38_3,Oval/Medial
TGATGGTAGATAGCTA-1,1,LHb,LHb,spt,b7-lhb-m38_3,Oval/Medial
TGATGGTCAAAGCAAT-1,1,LHb,LHb,spt,b7-lhb-m38_3,Oval/Medial
TGATTCTAGCTTTCTT-1,1,LHb,LHb,spt,b7-lhb-m38_3,Oval/Medial
TGATTTCTCTGCGTCT-1,1,LHb,LHb,spt,b7-lhb-m38_3,Oval/Medial
TGCACGGAGAGCTGAC-1,1,LHb,LHb,spt,b7-lhb-m38_3,Oval/Medial
TGCACGGAGCCATTCA-1,4,LHb,LHb,spt,b7-lhb-m38_3,Hbx
TGCAGATAGGGATCGT-1,1,LHb,LHb,spt,b7-lhb-m38_3,Oval/Medial
TGCAGGCGTACTGTTG-1,1,LHb,LHb,spt,b7-lhb-m38_3,Oval/Medial
TGCATCCAGAATCTAG-1,1,LHb,LHb,spt,b7-lhb-m38_3,Oval/Medial
TGCATGATCGCCTATC-1,9,LHb,LHb,spt,b7-lhb-m38_3,Marginal
TGCGACGAGAATAACC-1,1,LHb,LHb,spt,b7-lhb-m38_3,Oval/Medial
TGCGACGAGCGTGAGT-1,1,LHb,LHb,spt,b7-lhb-m38_3,Oval/Medial
TGCGATAGTTATGTGC-1,4,LHb,LHb,spt,b7-lhb-m38_3,Hbx
TGCGGCATCCCATTTA-1,1,LHb,LHb,spt,b7-lhb-m38_3,Lateral
TGCGGGTTCGATGGAG-1,1,LHb,LHb,spt,b7-lhb-m38_3,Oval/Medial
TGCTCGTGTGGAAGTC-1-1,1,LHb,LHb,spt,b7-lhb-m38_3,Oval/Medial
TGCTGAAAGTTACGTC-1,9,LHb,LHb,spt,b7-lhb-m38_3,Marginal
TGCTTCGTCAGATGCT-1,1,LHb,LHb,spt,b7-lhb-m38_3,Oval/Medial
TGCTTCGTCTCTATAC-1,1,LHb,LHb,spt,b7-lhb-m38_3,Hbx
TGGAACTGTCAGCTTA-1,13,LHb,LHb,spt,b7-lhb-m38_3,Lateral
TGGAGAGGTAACGATA-1,1,LHb,LHb,spt,b7-lhb-m38_3,Oval/Medial
TGGAGGAAGAACGCGT-1,4,LHb,LHb,spt,b7-lhb-m38_3,Oval/Medial
TGGAGGAAGTTGAAGT-1,4,LHb,LHb,spt,b7-lhb-m38_3,Hbx
TGGAGGACATCATGAC-1,1,LHb,LHb,spt,b7-lhb-m38_3,Oval/Medial
TGGAGGAGTGTACAGG-1,1,LHb,LHb,spt,b7-lhb-m38_3,Oval/Medial
TGGATGTAGACATAGT-1,1,LHb,LHb,spt,b7-lhb-m38_3,Oval/Medial
TGGCGTGCATCGCTAA-1,1,LHb,LHb,spt,b7-lhb-m38_3,Oval/Medial
TGGCGTGTCGGAACTT-1,1,LHb,LHb,spt,b7-lhb-m38_3,Hbx
TGGGAGATCGGAAACG-1,1,LHb,LHb,spt,b7-lhb-m38_3,Oval/Medial
TGGGATTCAAAGCTAA-1,1,LHb,LHb,spt,b7-lhb-m38_3,Oval/Medial
TGGGCGTTCGACATCA-1,1,LHb,LHb,spt,b7-lhb-m38_3,Hbx
TGGGTTAGTGCGTTTA-1,9,LHb,LHb,spt,b7-lhb-m38_3,Marginal
TGGGTTAGTTGTGCCG-1,1,LHb,LHb,spt,b7-lhb-m38_3,Oval/Medial
TGGTACAGTTGGATCT-1,1,LHb,LHb,spt,b7-lhb-m38_3,Oval/Medial
TGTAAGCTCGCTGTTC-1,1,LHb,LHb,spt,b7-lhb-m38_3,Hbx
TGTACAGTCTGGTCAA-1,1,LHb,LHb,spt,b7-lhb-m38_3,Oval/Medial
TGTAGACCAGGTCCCA-1,1,LHb,LHb,spt,b7-lhb-m38_3,Oval/Medial
TGTCAGAAGCAACAGC-1,1,LHb,LHb,spt,b7-lhb-m38_3,Oval/Medial
TGTCAGATCTCTCAAT-1,9,LHb,LHb,spt,b7-lhb-m38_3,Marginal
TGTCCACGTCATAGTC-1,1,LHb,LHb,spt,b7-lhb-m38_3,Oval/Medial
TGTCCCAGTTCTCTAT-1,1,LHb,LHb,spt,b7-lhb-m38_3,Oval/Medial
TGTCCTGAGAAGTGTT-1-1,1,LHb,LHb,spt,b7-lhb-m38_3,Oval/Medial
TGTGAGTGTTACTCAG-1,9,LHb,LHb,spt,b7-lhb-m38_3,Marginal
TGTGATGCAAGTTCGT-1,1,LHb,LHb,spt,b7-lhb-m38_3,Oval/Medial
TGTGATGTCAGGTGTT-1,1,LHb,LHb,spt,b7-lhb-m38_3,Oval/Medial
TGTGGCGCATGATCTG-1,1,LHb,LHb,spt,b7-lhb-m38_3,Oval/Medial
TGTGTGAGTCGCACGT-1,0,LHb,LHb,spt,b7-lhb-m38_3,Oval/Medial
TGTGTGATCGGTGTAT-1,1,LHb,LHb,spt,b7-lhb-m38_3,Oval/Medial
TGTTCATCAGAGGTTG-1,9,LHb,LHb,spt,b7-lhb-m38_3,Marginal
TGTTCCGGTGTGAGCA-1,1,LHb,LHb,spt,b7-lhb-m38_3,Oval/Medial
TGTTGAGTCATTGGTG-1,9,LHb,LHb,spt,b7-lhb-m38_3,Marginal
TGTTGGAAGGTCCGAA-1,1,LHb,LHb,spt,b7-lhb-m38_3,Oval/Medial
TTAATCCGTACCTATG-1,1,LHb,LHb,spt,b7-lhb-m38_3,Oval/Medial
TTACCGCCATGGGCAA-1,1,LHb,LHb,spt,b7-lhb-m38_3,Oval/Medial
TTACCGCGTGTGATGG-1,1,LHb,LHb,spt,b7-lhb-m38_3,Oval/Medial
TTACGCCCATAGTCAC-1,1,LHb,LHb,spt,b7-lhb-m38_3,Oval/Medial
TTACGTTGTCTTTATC-1,1,LHb,LHb,spt,b7-lhb-m38_3,Oval/Medial
TTAGGCAGTTACGGAG-1,9,LHb,LHb,spt,b7-lhb-m38_3,Marginal
TTCACCGCACGAGAAC-1,1,LHb,LHb,spt,b7-lhb-m38_3,Oval/Medial
TTCACCGGTGCGACAA-1,1,LHb,LHb,spt,b7-lhb-m38_3,Oval/Medial
TTCAGGATCGAGTCCG-1,1,LHb,LHb,spt,b7-lhb-m38_3,Oval/Medial
TTCCAATGTCTGCAAT-1,1,LHb,LHb,spt,b7-lhb-m38_3,Oval/Medial
TTCCACGGTCGAGATG-1,9,LHb,LHb,spt,b7-lhb-m38_3,Oval/Medial
TTCCGGTAGCTGCCAC-1,1,LHb,LHb,spt,b7-lhb-m38_3,Oval/Medial
TTCCGGTGTCTTTCAT-1,1,LHb,LHb,spt,b7-lhb-m38_3,Oval/Medial
TTCCTAACAGAGATTA-1,9,LHb,LHb,spt,b7-lhb-m38_3,Marginal
TTCCTTCAGCATACTC-1,9,LHb,LHb,spt,b7-lhb-m38_3,Oval/Medial
TTCGCTGAGATGCTGG-1,1,LHb,LHb,spt,b7-lhb-m38_3,Oval/Medial
TTCTAACAGTCAGCCC-1,9,LHb,LHb,spt,b7-lhb-m38_3,Marginal
TTCTAACGTACTCGAT-1,1,LHb,LHb,spt,b7-lhb-m38_3,Oval/Medial
TTCTAGTCATACTGAC-1,1,LHb,LHb,spt,b7-lhb-m38_3,Oval/Medial
TTCTCTCCACAAATGA-1,1,LHb,LHb,spt,b7-lhb-m38_3,Oval/Medial
TTCTCTCCAGTCGGAA-1,1,LHb,LHb,spt,b7-lhb-m38_3,Oval/Medial
TTCTGTATCAAACCTG-1,9,LHb,LHb,spt,b7-lhb-m38_3,Oval/Medial
TTCTTCCAGAAGGATG-1,0,LHb,LHb,spt,b7-lhb-m38_3,Oval/Medial
TTCTTCCCATCCTAAG-1,1,LHb,LHb,spt,b7-lhb-m38_3,Hbx
TTCTTCCTCATTTGTC-1,1,LHb,LHb,spt,b7-lhb-m38_3,Oval/Medial
TTCTTCCTCCATAGAC-1,9,LHb,LHb,spt,b7-lhb-m38_3,Oval/Medial
TTGAGTGCACCAGCGT-1,1,LHb,LHb,spt,b7-lhb-m38_3,Lateral
TTGATGGAGATACAGT-1,1,LHb,LHb,spt,b7-lhb-m38_3,Oval/Medial
TTGCATTCACTAGTAC-1,9,LHb,LHb,spt,b7-lhb-m38_3,Marginal
TTGCTGCGTCTCTCTG-1,1,LHb,LHb,spt,b7-lhb-m38_3,Oval/Medial
TTGGGTAAGTAGGGTC-1-1,4,LHb,LHb,spt,b7-lhb-m38_3,Oval/Medial
TTGGTTTGTTGCCATA-1,1,LHb,LHb,spt,b7-lhb-m38_3,Oval/Medial
TTGTGGAAGCGCCTTG-1,1,LHb,LHb,spt,b7-lhb-m38_3,Oval/Medial
TTGTGTTAGACGAAGA-1,1,LHb,LHb,spt,b7-lhb-m38_3,Oval/Medial
TTGTTCAAGTAGCATA-1,1,LHb,LHb,spt,b7-lhb-m38_3,Oval/Medial
TTGTTCACAACGCATT-1,1,LHb,LHb,spt,b7-lhb-m38_3,Lateral
TTGTTGTAGGAACGTC-1,1,LHb,LHb,spt,b7-lhb-m38_3,Oval/Medial
TTGTTTGCATAAGCAA-1,1,LHb,LHb,spt,b7-lhb-m38_3,Oval/Medial
TTGTTTGGTGAAGCTG-1,1,LHb,LHb,spt,b7-lhb-m38_3,Oval/Medial
TTTACCAGTGCACATT-1,1,LHb,LHb,spt,b7-lhb-m38_3,Oval/Medial
TTTACTGCAAGAGCTG-1,9,LHb,LHb,spt,b7-lhb-m38_3,Marginal
TTTATGCAGGTTTACC-1,1,LHb,LHb,spt,b7-lhb-m38_3,Oval/Medial
TTTATGCCACTGTTCC-1,1,LHb,LHb,spt,b7-lhb-m38_3,Oval/Medial
TTTCACATCGCAGATT-1,9,LHb,LHb,spt,b7-lhb-m38_3,Marginal
TTTCAGTTCGATACGT-1,1,LHb,LHb,spt,b7-lhb-m38_3,Oval/Medial
TTTCATGAGAGTGTGC-1,9,LHb,LHb,spt,b7-lhb-m38_3,Oval/Medial
TTTCATGGTTAAAGTG-1,0,LHb,LHb,spt,b7-lhb-m38_3,Oval/Medial
TTTCCTCCATAATGAG-1,1,LHb,LHb,spt,b7-lhb-m38_3,Oval/Medial
TTTCGATTCGTCCTTG-1,9,LHb,LHb,spt,b7-lhb-m38_3,Marginal
TTTGATCAGTATAGAC-1,4,LHb,LHb,spt,b7-lhb-m38_3,Hbx
TTTGATCCATTGTAGC-1,1,LHb,LHb,spt,b7-lhb-m38_3,Oval/Medial
TTTGGAGAGACATCCT-1,1,LHb,LHb,spt,b7-lhb-m38_3,Oval/Medial
TTTGTTGAGCTAGAAT-1,1,LHb,LHb,spt,b7-lhb-m38_3,Oval/Medial
AAACGAATCAAATGCC-1,1,LHb,LHb,tst,c5-lhb-m38_5,Oval/Medial
AAACGAATCATGCTAG-1,1,LHb,LHb,tst,c5-lhb-m38_5,Oval/Medial
AAAGGATCAGGTTTAC-1,1,LHb,LHb,tst,c5-lhb-m38_5,Oval/Medial
AAAGTCCAGGCCCACT-1,1,LHb,LHb,tst,c5-lhb-m38_5,Oval/Medial
AACAACCCATTGAGCT-1,1,LHb,LHb,tst,c5-lhb-m38_5,Oval/Medial
AACAAGACATCGGAGA-1,1,LHb,LHb,tst,c5-lhb-m38_5,Oval/Medial
AACAAGATCACAGTGT-1,4,LHb,LHb,tst,c5-lhb-m38_5,Oval/Medial
AACAGGGGTCGGTAAG-1,9,LHb,LHb,tst,c5-lhb-m38_5,Marginal
AACCAACAGCGACTAG-1,9,LHb,LHb,tst,c5-lhb-m38_5,Marginal
AACCTGAGTGCGGTAA-1,1,LHb,LHb,tst,c5-lhb-m38_5,Oval/Medial
AACCTGATCAAATAGG-1,1,LHb,LHb,tst,c5-lhb-m38_5,Oval/Medial
AACCTTTTCAAGCTGT-1,1,LHb,LHb,tst,c5-lhb-m38_5,Oval/Medial
AACGAAATCAGGGATG-1,1,LHb,LHb,tst,c5-lhb-m38_5,Oval/Medial
AACGGGACACAGTCAT-1,1,LHb,LHb,tst,c5-lhb-m38_5,Oval/Medial
AACGGGAGTGGCGCTT-1,1,LHb,LHb,tst,c5-lhb-m38_5,Oval/Medial
AACGTCACATCGAGCC-1,9,LHb,LHb,tst,c5-lhb-m38_5,Marginal
AACGTCATCTAACGCA-1,1,LHb,LHb,tst,c5-lhb-m38_5,Oval/Medial
AAGAACACAGCTTCGG-1,1,LHb,LHb,tst,c5-lhb-m38_5,Oval/Medial
AAGAACAGTCTGGTTA-1,4,LHb,LHb,tst,c5-lhb-m38_5,Hbx
AAGAACATCACATCAG-1,1,LHb,LHb,tst,c5-lhb-m38_5,Oval/Medial
AAGACAAGTAAGTTGA-1,1,LHb,LHb,tst,c5-lhb-m38_5,Oval/Medial
AAGACTCCATTCGATG-1,1,LHb,LHb,tst,c5-lhb-m38_5,Oval/Medial
AAGATAGAGAGAGGGC-1,4,LHb,LHb,tst,c5-lhb-m38_5,Lateral
AAGATAGAGCATGATA-1,13,LHb,LHb,tst,c5-lhb-m38_5,Hbx
AAGATAGCAACTGATC-1,4,LHb,LHb,tst,c5-lhb-m38_5,Hbx
AAGATAGGTTAGGCTT-1,1,LHb,LHb,tst,c5-lhb-m38_5,Oval/Medial
AAGCCATCACCAGCGT-1,1,LHb,LHb,tst,c5-lhb-m38_5,Hbx
AAGCGTTCAGGTTTAC-1,1,LHb,LHb,tst,c5-lhb-m38_5,Oval/Medial
AAGGTAAAGTGCGTCC-1,4,LHb,LHb,tst,c5-lhb-m38_5,Hbx
AAGTACCGTTACGTAC-1,1,LHb,LHb,tst,c5-lhb-m38_5,Oval/Medial
AAGTTCGTCGAGAAGC-1,9,LHb,LHb,tst,c5-lhb-m38_5,Marginal
AATCGACCAGCTCGGT-1,4,LHb,LHb,tst,c5-lhb-m38_5,Marginal
AATGACCGTTACGTAC-1,1,LHb,LHb,tst,c5-lhb-m38_5,Oval/Medial
AATGGAACAAACAGGC-1,1,LHb,LHb,tst,c5-lhb-m38_5,Oval/Medial
AATGGCTAGACCCGCT-1,9,LHb,LHb,tst,c5-lhb-m38_5,Marginal
AATTTCCAGCTCACTA-1,1,LHb,LHb,tst,c5-lhb-m38_5,Oval/Medial
ACAAAGACAGGTAGTG-1,13,LHb,LHb,tst,c5-lhb-m38_5,Hbx
ACAAGCTGTCTCGGGT-1,1,LHb,LHb,tst,c5-lhb-m38_5,Oval/Medial
ACACAGTAGCGATGCA-1,1,LHb,LHb,tst,c5-lhb-m38_5,Oval/Medial
ACACAGTCAGATTAAG-1,9,LHb,LHb,tst,c5-lhb-m38_5,Marginal
ACACCAAGTATCGTTG-1,1,LHb,LHb,tst,c5-lhb-m38_5,Oval/Medial
ACACTGACATCTCATT-1,1,LHb,LHb,tst,c5-lhb-m38_5,Oval/Medial
ACACTGATCTGGCCAG-1,1,LHb,LHb,tst,c5-lhb-m38_5,Oval/Medial
ACAGCCGCATAACAGA-1,1,LHb,LHb,tst,c5-lhb-m38_5,Oval/Medial
ACAGCCGTCATCCTGC-1,1,LHb,LHb,tst,c5-lhb-m38_5,Oval/Medial
ACAGGGAAGTACTGTC-1,1,LHb,LHb,tst,c5-lhb-m38_5,Oval/Medial
ACAGGGATCCCAGTGG-1,1,LHb,LHb,tst,c5-lhb-m38_5,Hbx
ACATCCCAGGAATTAC-1,1,LHb,LHb,tst,c5-lhb-m38_5,Oval/Medial
ACATCCCCAGTCGCAC-1,1,LHb,LHb,tst,c5-lhb-m38_5,Oval/Medial
ACATCGATCGATCCCT-1,1,LHb,LHb,tst,c5-lhb-m38_5,Oval/Medial
ACATTTCCAACCGACC-1,1,LHb,LHb,tst,c5-lhb-m38_5,Oval/Medial
ACATTTCTCTATTGTC-1,1,LHb,LHb,tst,c5-lhb-m38_5,Lateral
ACCACAACAGTCAACT-1,1,LHb,LHb,tst,c5-lhb-m38_5,Oval/Medial
ACCCAAAAGAACGTGC-1,1,LHb,LHb,tst,c5-lhb-m38_5,Oval/Medial
ACCCAAAGTAATTGGA-1,1,LHb,LHb,tst,c5-lhb-m38_5,Oval/Medial
ACCGTTCAGGTCACTT-1,9,LHb,LHb,tst,c5-lhb-m38_5,Marginal
ACCGTTCTCTTGGATG-1,9,LHb,LHb,tst,c5-lhb-m38_5,Marginal
ACCTACCGTGAATAAC-1,1,LHb,LHb,tst,c5-lhb-m38_5,Lateral
ACCTGTCAGGTTGGAC-1,1,LHb,LHb,tst,c5-lhb-m38_5,Oval/Medial
ACCTGTCGTTGGGAAC-1,1,LHb,LHb,tst,c5-lhb-m38_5,Oval/Medial
ACCTGTCTCTTCACAT-1,1,LHb,LHb,tst,c5-lhb-m38_5,Lateral
ACGATCACACCCTCTA-1,1,LHb,LHb,tst,c5-lhb-m38_5,Oval/Medial
ACGATCACAGACCTGC-1,1,LHb,LHb,tst,c5-lhb-m38_5,Oval/Medial
ACGATCATCTAATTCC-1,1,LHb,LHb,tst,c5-lhb-m38_5,Oval/Medial
ACGCACGGTTTACCTT-1,1,LHb,LHb,tst,c5-lhb-m38_5,Oval/Medial
ACGCACGTCCTTATCA-1,1,LHb,LHb,tst,c5-lhb-m38_5,Oval/Medial
ACGGTCGCAACAACAA-1,1,LHb,LHb,tst,c5-lhb-m38_5,Oval/Medial
ACGGTTAAGAAACCCG-1,1,LHb,LHb,tst,c5-lhb-m38_5,Oval/Medial
ACGTACAAGACATAGT-1,1,LHb,LHb,tst,c5-lhb-m38_5,Oval/Medial
ACGTACACAATCCTTT-1,1,LHb,LHb,tst,c5-lhb-m38_5,Oval/Medial
ACGTACACAGCACACC-1,0,LHb,LHb,tst,c5-lhb-m38_5,Hbx
ACGTAGTAGGGACACT-1,1,LHb,LHb,tst,c5-lhb-m38_5,Lateral
ACGTCCTGTCGGATTT-1,1,LHb,LHb,tst,c5-lhb-m38_5,Oval/Medial
ACTATCTAGAGTGTGC-1,13,LHb,LHb,tst,c5-lhb-m38_5,Oval/Medial
ACTATCTTCGCATGAT-1,1,LHb,LHb,tst,c5-lhb-m38_5,Oval/Medial
ACTATTCCACTTTATC-1,1,LHb,LHb,tst,c5-lhb-m38_5,Lateral
ACTATTCGTATAATGG-1,0,LHb,LHb,tst,c5-lhb-m38_5,Oval/Medial
ACTCTCGCAGACAATA-1,1,LHb,LHb,tst,c5-lhb-m38_5,Oval/Medial
ACTCTCGGTGGCTTAT-1,1,LHb,LHb,tst,c5-lhb-m38_5,Hbx
ACTGATGTCTGCCTCA-1,1,LHb,LHb,tst,c5-lhb-m38_5,Lateral
ACTGCAAAGTATTGCC-1,1,LHb,LHb,tst,c5-lhb-m38_5,Oval/Medial
ACTGCAATCAAGGAGC-1,1,LHb,LHb,tst,c5-lhb-m38_5,Oval/Medial
ACTGTCCCATCGCCTT-1,0,LHb,LHb,tst,c5-lhb-m38_5,Hbx
ACTGTGAGTTCTCCAC-1,1,LHb,LHb,tst,c5-lhb-m38_5,Oval/Medial
ACTGTGATCATGCATG-1,13,LHb,LHb,tst,c5-lhb-m38_5,Hbx
ACTTAGGCAACTGAAA-1,0,LHb,LHb,tst,c5-lhb-m38_5,Oval/Medial
ACTTCCGAGCCTTTGA-1,1,LHb,LHb,tst,c5-lhb-m38_5,Oval/Medial
ACTTCGCAGTTCGCAT-1,1,LHb,LHb,tst,c5-lhb-m38_5,Oval/Medial
ACTTTCACAGACTGCC-1,1,LHb,LHb,tst,c5-lhb-m38_5,Oval/Medial
ACTTTGTGTTCGGCGT-1,1,LHb,LHb,tst,c5-lhb-m38_5,Lateral
AGAAATGAGATAGGGA-1,9,LHb,LHb,tst,c5-lhb-m38_5,Marginal
AGAACAAGTTGCGGCT-1,1,LHb,LHb,tst,c5-lhb-m38_5,Oval/Medial
AGAACCTAGCGTTCAT-1,1,LHb,LHb,tst,c5-lhb-m38_5,Oval/Medial
AGAAGTATCACCTCGT-1,0,LHb,LHb,tst,c5-lhb-m38_5,Hbx
AGAAGTATCTGACGCG-1,1,LHb,LHb,tst,c5-lhb-m38_5,Lateral
AGACAAACAAATACAG-1,0,LHb,LHb,tst,c5-lhb-m38_5,Oval/Medial
AGACAGGAGGCACTCC-1,1,LHb,LHb,tst,c5-lhb-m38_5,Lateral
AGACTCATCTTAGCCC-1,1,LHb,LHb,tst,c5-lhb-m38_5,Lateral
AGAGAATGTAATGTGA-1,1,LHb,LHb,tst,c5-lhb-m38_5,Oval/Medial
AGAGAGCCACGTAGTT-1,1,LHb,LHb,tst,c5-lhb-m38_5,Oval/Medial
AGAGAGCGTAACATCC-1,1,LHb,LHb,tst,c5-lhb-m38_5,Oval/Medial
AGAGCAGTCGCCTTGT-1,1,LHb,LHb,tst,c5-lhb-m38_5,Oval/Medial
AGAGCCCGTCAGACGA-1,1,LHb,LHb,tst,c5-lhb-m38_5,Oval/Medial
AGATAGATCGTCCTTG-1,1,LHb,LHb,tst,c5-lhb-m38_5,Oval/Medial
AGATCCAGTCGGTACC-1,1,LHb,LHb,tst,c5-lhb-m38_5,Oval/Medial
AGCATCACAATAGGGC-1,1,LHb,LHb,tst,c5-lhb-m38_5,Oval/Medial
AGCCAATTCGTTACCC-1,1,LHb,LHb,tst,c5-lhb-m38_5,Oval/Medial
AGCGATTAGGTAGTAT-1,9,LHb,LHb,tst,c5-lhb-m38_5,Marginal
AGCGATTTCTATCACT-1,1,LHb,LHb,tst,c5-lhb-m38_5,Oval/Medial
AGCGTATTCTGAACGT-1,9,LHb,LHb,tst,c5-lhb-m38_5,Marginal
AGCTCAAAGGAAAGGT-1,1,LHb,LHb,tst,c5-lhb-m38_5,Oval/Medial
AGCTTCCTCTAACGGT-1,1,LHb,LHb,tst,c5-lhb-m38_5,Lateral
AGGACGACATATACCG-1,1,LHb,LHb,tst,c5-lhb-m38_5,Oval/Medial
AGGATAAAGAATGTTG-1,1,LHb,LHb,tst,c5-lhb-m38_5,Lateral
AGGATAAGTCCTGTTC-1,13,LHb,LHb,tst,c5-lhb-m38_5,Oval/Medial
AGGCATTCAAGTGGCA-1-1,1,LHb,LHb,tst,c5-lhb-m38_5,Hbx
AGGCCACTCCTACCGT-1,1,LHb,LHb,tst,c5-lhb-m38_5,Lateral
AGGCTGCTCGGACGTC-1,4,LHb,LHb,tst,c5-lhb-m38_5,Oval/Medial
AGGGCCTGTTAGGACG-1,1,LHb,LHb,tst,c5-lhb-m38_5,Oval/Medial
AGGGCTCTCTCACGAA-1,4,LHb,LHb,tst,c5-lhb-m38_5,Hbx
AGGGTGAGTATCTTCT-1,1,LHb,LHb,tst,c5-lhb-m38_5,Oval/Medial
AGGGTTTAGTGTTCAC-1,1,LHb,LHb,tst,c5-lhb-m38_5,Oval/Medial
AGGGTTTTCAACGCTA-1,1,LHb,LHb,tst,c5-lhb-m38_5,Lateral
AGGTCATAGTTGTCAC-1,1,LHb,LHb,tst,c5-lhb-m38_5,Oval/Medial
AGGTTGTCACTCAGAT-1,1,LHb,LHb,tst,c5-lhb-m38_5,Lateral
AGGTTGTGTAACGGTG-1,1,LHb,LHb,tst,c5-lhb-m38_5,Oval/Medial
AGTAACCCATCACCAA-1,1,LHb,LHb,tst,c5-lhb-m38_5,Lateral
AGTACTGCAGGCTTGC-1,1,LHb,LHb,tst,c5-lhb-m38_5,Lateral
AGTACTGTCCGTGTGG-1,1,LHb,LHb,tst,c5-lhb-m38_5,Oval/Medial
AGTAGTCAGGTGATCG-1,1,LHb,LHb,tst,c5-lhb-m38_5,Oval/Medial
AGTCAACAGTACCCTA-1,1,LHb,LHb,tst,c5-lhb-m38_5,Oval/Medial
AGTCAACAGTGGAAGA-1-1,1,LHb,LHb,tst,c5-lhb-m38_5,Oval/Medial
AGTCACAAGGCACAAC-1,4,LHb,LHb,tst,c5-lhb-m38_5,Oval/Medial
AGTCATGGTACCGCGT-1,13,LHb,LHb,tst,c5-lhb-m38_5,Oval/Medial
AGTCTCCAGGTGATAT-1,1,LHb,LHb,tst,c5-lhb-m38_5,Oval/Medial
AGTGACTGTCCGATCG-1,1,LHb,LHb,tst,c5-lhb-m38_5,Oval/Medial
AGTGATCAGCACGGAT-1,1,LHb,LHb,tst,c5-lhb-m38_5,Oval/Medial
AGTGCCGAGCACCCAC-1,4,LHb,LHb,tst,c5-lhb-m38_5,Hbx
AGTTAGCAGGGATCTG-1,1,LHb,LHb,tst,c5-lhb-m38_5,Oval/Medial
AGTTAGCCACTTGTGA-1,0,LHb,LHb,tst,c5-lhb-m38_5,Hbx
AGTTCCCGTATTTCCT-1,1,LHb,LHb,tst,c5-lhb-m38_5,Oval/Medial
ATACCTTCACTCCTTG-1,1,LHb,LHb,tst,c5-lhb-m38_5,Oval/Medial
ATAGACCAGACATACA-1,1,LHb,LHb,tst,c5-lhb-m38_5,Oval/Medial
ATAGACCAGATTCGAA-1,9,LHb,LHb,tst,c5-lhb-m38_5,Marginal
ATATCCTTCTCCCTAG-1,1,LHb,LHb,tst,c5-lhb-m38_5,Lateral
ATCACGAAGGTCGAGT-1,1,LHb,LHb,tst,c5-lhb-m38_5,Lateral
ATCACGAGTAACCAGG-1,1,LHb,LHb,tst,c5-lhb-m38_5,Oval/Medial
ATCACTTCACTTGGGC-1,4,LHb,LHb,tst,c5-lhb-m38_5,Oval/Medial
ATCAGGTCACATATGC-1,1,LHb,LHb,tst,c5-lhb-m38_5,Oval/Medial
ATCCATTCAAGGTTGG-1-1,1,LHb,LHb,tst,c5-lhb-m38_5,Oval/Medial
ATCCATTGTCCCAAAT-1,9,LHb,LHb,tst,c5-lhb-m38_5,Marginal
ATCCATTGTTCCAGGC-1,1,LHb,LHb,tst,c5-lhb-m38_5,Oval/Medial
ATCCCTGAGGAGCTGT-1,13,LHb,LHb,tst,c5-lhb-m38_5,Oval/Medial
ATCCCTGGTTGGCTAT-1,1,LHb,LHb,tst,c5-lhb-m38_5,Oval/Medial
ATCCGTCTCAATCTCT-1,1,LHb,LHb,tst,c5-lhb-m38_5,Oval/Medial
ATCCTATTCGCCAATA-1,1,LHb,LHb,tst,c5-lhb-m38_5,Lateral
ATCCTATTCTGTGTGA-1,1,LHb,LHb,tst,c5-lhb-m38_5,Oval/Medial
ATCGATGGTCTGCGCA-1,9,LHb,LHb,tst,c5-lhb-m38_5,Marginal
ATCGCCTGTCATTGCA-1,1,LHb,LHb,tst,c5-lhb-m38_5,Lateral
ATCGTAGAGGTGCGAT-1,13,LHb,LHb,tst,c5-lhb-m38_5,Hbx
ATCGTAGCATGACTAC-1,1,LHb,LHb,tst,c5-lhb-m38_5,Oval/Medial
ATCGTAGGTGAGTAAT-1,1,LHb,LHb,tst,c5-lhb-m38_5,Oval/Medial
ATCGTGACAGCAAGAC-1,1,LHb,LHb,tst,c5-lhb-m38_5,Oval/Medial
ATCTCTAGTGTTTACG-1,9,LHb,LHb,tst,c5-lhb-m38_5,Marginal
ATCTCTATCGCACTCT-1,1,LHb,LHb,tst,c5-lhb-m38_5,Oval/Medial
ATCTTCATCGAGAGCA-1,1,LHb,LHb,tst,c5-lhb-m38_5,Oval/Medial
ATGACCACAAGCTGTT-1,13,LHb,LHb,tst,c5-lhb-m38_5,Hbx
ATGAGGGTCACGGGAA-1,13,LHb,LHb,tst,c5-lhb-m38_5,Oval/Medial
ATGAGTCAGAGCATCG-1,1,LHb,LHb,tst,c5-lhb-m38_5,Lateral
ATGATCGAGAAATTCG-1,1,LHb,LHb,tst,c5-lhb-m38_5,Oval/Medial
ATGATCGCATCACCAA-1,1,LHb,LHb,tst,c5-lhb-m38_5,Oval/Medial
ATGCATGGTGGTCTGC-1,9,LHb,LHb,tst,c5-lhb-m38_5,Marginal
ATGCCTCGTCACCGCA-1,1,LHb,LHb,tst,c5-lhb-m38_5,Oval/Medial
ATGCCTCTCTCTCGAC-1,1,LHb,LHb,tst,c5-lhb-m38_5,Oval/Medial
ATGGAGGAGAGAGTTT-1,1,LHb,LHb,tst,c5-lhb-m38_5,Oval/Medial
ATGGAGGAGGATTCCT-1,1,LHb,LHb,tst,c5-lhb-m38_5,Oval/Medial
ATGGAGGGTATGGAAT-1,1,LHb,LHb,tst,c5-lhb-m38_5,Oval/Medial
ATGGAGGGTTGCTGAT-1,1,LHb,LHb,tst,c5-lhb-m38_5,Oval/Medial
ATGGATCCATCACAGT-1,9,LHb,LHb,tst,c5-lhb-m38_5,Marginal
ATGGATCGTGGTACAG-1,4,LHb,LHb,tst,c5-lhb-m38_5,Oval/Medial
ATGGGAGAGCCTCATA-1,1,LHb,LHb,tst,c5-lhb-m38_5,Lateral
ATGTCCCAGAAGCGGG-1,1,LHb,LHb,tst,c5-lhb-m38_5,Oval/Medial
ATGTCCCAGCTGCCAC-1,1,LHb,LHb,tst,c5-lhb-m38_5,Oval/Medial
ATGTCCCCATCCGCGA-1,1,LHb,LHb,tst,c5-lhb-m38_5,Oval/Medial
ATTACCTTCCGCTTAC-1,9,LHb,LHb,tst,c5-lhb-m38_5,Marginal
ATTATCCCACAAGGTG-1,1,LHb,LHb,tst,c5-lhb-m38_5,Oval/Medial
ATTATCCTCTGCTTTA-1,1,LHb,LHb,tst,c5-lhb-m38_5,Oval/Medial
ATTCACTAGTCGAAAT-1,1,LHb,LHb,tst,c5-lhb-m38_5,Lateral
ATTCAGGGTGTTTCTT-1,1,LHb,LHb,tst,c5-lhb-m38_5,Oval/Medial
ATTCATCGTTCCACGG-1,1,LHb,LHb,tst,c5-lhb-m38_5,Lateral
ATTCCATAGTGCACAG-1,1,LHb,LHb,tst,c5-lhb-m38_5,Oval/Medial
ATTCCCGCAACTGCCG-1,1,LHb,LHb,tst,c5-lhb-m38_5,Oval/Medial
ATTCCCGCACAAGGTG-1,13,LHb,LHb,tst,c5-lhb-m38_5,Lateral
ATTCCTACAGGCACAA-1,1,LHb,LHb,tst,c5-lhb-m38_5,Oval/Medial
ATTCCTAGTGTGCTTA-1,1,LHb,LHb,tst,c5-lhb-m38_5,Oval/Medial
ATTCTACGTGCCTTTC-1,1,LHb,LHb,tst,c5-lhb-m38_5,Oval/Medial
ATTCTACGTGGATACG-1,1,LHb,LHb,tst,c5-lhb-m38_5,Oval/Medial
ATTCTACTCAACCTTT-1,1,LHb,LHb,tst,c5-lhb-m38_5,Oval/Medial
ATTCTTGTCCCTCGAT-1,9,LHb,LHb,tst,c5-lhb-m38_5,Marginal
ATTGGGTGTGACTGAG-1,1,LHb,LHb,tst,c5-lhb-m38_5,Oval/Medial
ATTGTTCGTCCGGTGT-1,1,LHb,LHb,tst,c5-lhb-m38_5,Oval/Medial
ATTGTTCGTGACGCCT-1,1,LHb,LHb,tst,c5-lhb-m38_5,Oval/Medial
ATTGTTCGTTCTCGCT-1,9,LHb,LHb,tst,c5-lhb-m38_5,Hbx
ATTTCTGAGGTTTGAA-1,1,LHb,LHb,tst,c5-lhb-m38_5,Oval/Medial
ATTTCTGCACAACATC-1,9,LHb,LHb,tst,c5-lhb-m38_5,Marginal
ATTTCTGTCGTGCTCT-1,1,LHb,LHb,tst,c5-lhb-m38_5,Oval/Medial
CAACAGTTCACTGTTT-1,9,LHb,LHb,tst,c5-lhb-m38_5,Marginal
CAACAGTTCGCGTGCA-1,1,LHb,LHb,tst,c5-lhb-m38_5,Oval/Medial
CAACCAATCACTACTT-1,9,LHb,LHb,tst,c5-lhb-m38_5,Marginal
CAACCTCCAAGAAATC-1,1,LHb,LHb,tst,c5-lhb-m38_5,Oval/Medial
CAACGATAGCGTCTCG-1,1,LHb,LHb,tst,c5-lhb-m38_5,Oval/Medial
CAAGCTAAGCCTGACC-1,1,LHb,LHb,tst,c5-lhb-m38_5,Oval/Medial
CAAGGGATCCTTCTGG-1,1,LHb,LHb,tst,c5-lhb-m38_5,Lateral
CAATCGAAGACCGTTT-1,1,LHb,LHb,tst,c5-lhb-m38_5,Oval/Medial
CAATCGAGTTTGGGAG-1,9,LHb,LHb,tst,c5-lhb-m38_5,Marginal
CAATCGATCCACACCT-1,1,LHb,LHb,tst,c5-lhb-m38_5,Oval/Medial
CAATGACTCCATCAGA-1,4,LHb,LHb,tst,c5-lhb-m38_5,Hbx
CAATTTCGTAACCAGG-1,1,LHb,LHb,tst,c5-lhb-m38_5,Oval/Medial
CACAACAGTAGCCCTG-1,1,LHb,LHb,tst,c5-lhb-m38_5,Oval/Medial
CACACAAAGTCGAAGC-1,1,LHb,LHb,tst,c5-lhb-m38_5,Oval/Medial
CACACAAGTGTACGCC-1,1,LHb,LHb,tst,c5-lhb-m38_5,Oval/Medial
CACAGATCAGCGAACA-1,1,LHb,LHb,tst,c5-lhb-m38_5,Oval/Medial
CACATGATCTTAGCAG-1,1,LHb,LHb,tst,c5-lhb-m38_5,Oval/Medial
CACCAAAAGACTACGG-1,1,LHb,LHb,tst,c5-lhb-m38_5,Oval/Medial
CACCAAATCACTGCTC-1,1,LHb,LHb,tst,c5-lhb-m38_5,Oval/Medial
CACCGTTAGAATCGCG-1,1,LHb,LHb,tst,c5-lhb-m38_5,Oval/Medial
CACCGTTTCGTCGGGT-1,1,LHb,LHb,tst,c5-lhb-m38_5,Oval/Medial
CACGAATAGACTGTTC-1,1,LHb,LHb,tst,c5-lhb-m38_5,Oval/Medial
CACGAATCAGTGGGTA-1,1,LHb,LHb,tst,c5-lhb-m38_5,Oval/Medial
CACGTTCTCCTAAACG-1,1,LHb,LHb,tst,c5-lhb-m38_5,Oval/Medial
CACTGGGTCGCGGTAC-1,1,LHb,LHb,tst,c5-lhb-m38_5,Oval/Medial
CACTGTCAGCTGAAAT-1,13,LHb,LHb,tst,c5-lhb-m38_5,Oval/Medial
CACTGTCGTTGTAGCT-1,1,LHb,LHb,tst,c5-lhb-m38_5,Oval/Medial
CACTTCGCACATAACC-1,1,LHb,LHb,tst,c5-lhb-m38_5,Oval/Medial
CACTTCGGTGTTCCTC-1,1,LHb,LHb,tst,c5-lhb-m38_5,Oval/Medial
CAGAGCCAGGATTTAG-1,1,LHb,LHb,tst,c5-lhb-m38_5,Oval/Medial
CAGAGCCGTATCCCTC-1,1,LHb,LHb,tst,c5-lhb-m38_5,Oval/Medial
CAGAGCCGTTCAATCG-1,1,LHb,LHb,tst,c5-lhb-m38_5,Oval/Medial
CAGAGCCTCAGAGCAG-1,0,LHb,LHb,tst,c5-lhb-m38_5,Oval/Medial
CAGATTGGTGAGTAAT-1,1,LHb,LHb,tst,c5-lhb-m38_5,Oval/Medial
CAGCGTGTCGGATTAC-1,1,LHb,LHb,tst,c5-lhb-m38_5,Oval/Medial
CAGGCCAAGAAGCGAA-1,9,LHb,LHb,tst,c5-lhb-m38_5,Marginal
CAGGCCACACGGATCC-1,1,LHb,LHb,tst,c5-lhb-m38_5,Oval/Medial
CAGGCCAGTGAGACGT-1,9,LHb,LHb,tst,c5-lhb-m38_5,Marginal
CAGGGCTCATTCATCT-1,1,LHb,LHb,tst,c5-lhb-m38_5,Oval/Medial
CAGGTATAGCGTACAG-1,1,LHb,LHb,tst,c5-lhb-m38_5,Lateral
CAGGTATCATCCTCAC-1,9,LHb,LHb,tst,c5-lhb-m38_5,Marginal
CAGTGCGGTGCTCTCT-1,9,LHb,LHb,tst,c5-lhb-m38_5,Hbx
CAGTGCGGTGTATCCA-1,1,LHb,LHb,tst,c5-lhb-m38_5,Oval/Medial
CAGTTAGCAGGAATAT-1,1,LHb,LHb,tst,c5-lhb-m38_5,Oval/Medial
CAGTTCCTCTTCCCGA-1-1,1,LHb,LHb,tst,c5-lhb-m38_5,Oval/Medial
CATAAGCAGATCCCGC-1,4,LHb,LHb,tst,c5-lhb-m38_5,Oval/Medial
CATAAGCTCTCACGAA-1,1,LHb,LHb,tst,c5-lhb-m38_5,Oval/Medial
CATACAGGTTTAGACC-1,1,LHb,LHb,tst,c5-lhb-m38_5,Oval/Medial
CATACTTAGTCACGAG-1,4,LHb,LHb,tst,c5-lhb-m38_5,Oval/Medial
CATACTTCATTAGGAA-1-1,1,LHb,LHb,tst,c5-lhb-m38_5,Oval/Medial
CATAGACCAGGTGAGT-1,1,LHb,LHb,tst,c5-lhb-m38_5,Oval/Medial
CATCAAGAGCGTTGTT-1,4,LHb,LHb,tst,c5-lhb-m38_5,Oval/Medial
CATCAAGTCTCGGGAC-1,1,LHb,LHb,tst,c5-lhb-m38_5,Oval/Medial
CATCCGTTCGACATTG-1,4,LHb,LHb,tst,c5-lhb-m38_5,Hbx
CATGCCTCACGGATCC-1,9,LHb,LHb,tst,c5-lhb-m38_5,Marginal
CATGCGGGTAGCGTCC-1,1,LHb,LHb,tst,c5-lhb-m38_5,Oval/Medial
CATGCGGGTAGGACCA-1,1,LHb,LHb,tst,c5-lhb-m38_5,Oval/Medial
CATGGATTCGGACAAG-1,1,LHb,LHb,tst,c5-lhb-m38_5,Oval/Medial
CATTCATCATGCGGTC-1,1,LHb,LHb,tst,c5-lhb-m38_5,Oval/Medial
CATTCTAGTTCCGTTC-1,1,LHb,LHb,tst,c5-lhb-m38_5,Oval/Medial
CATTGAGGTAGACGTG-1,9,LHb,LHb,tst,c5-lhb-m38_5,Marginal
CATTGAGTCGGAGATG-1,1,LHb,LHb,tst,c5-lhb-m38_5,Oval/Medial
CATTGCCAGGTACAAT-1,4,LHb,LHb,tst,c5-lhb-m38_5,Hbx
CATTGTTCACCCTCTA-1,1,LHb,LHb,tst,c5-lhb-m38_5,Oval/Medial
CCAATGAAGATCACTC-1,1,LHb,LHb,tst,c5-lhb-m38_5,Oval/Medial
CCAATGAAGCTGCCAC-1,1,LHb,LHb,tst,c5-lhb-m38_5,Oval/Medial
CCAATGACACTGAGTT-1,1,LHb,LHb,tst,c5-lhb-m38_5,Oval/Medial
CCACAAAAGCGTGAAC-1,1,LHb,LHb,tst,c5-lhb-m38_5,Lateral
CCACGTTAGGAGGTTC-1,9,LHb,LHb,tst,c5-lhb-m38_5,Marginal
CCACGTTCAGTTTCGA-1,1,LHb,LHb,tst,c5-lhb-m38_5,Oval/Medial
CCACTTGCAGGCATGA-1,1,LHb,LHb,tst,c5-lhb-m38_5,Oval/Medial
CCACTTGGTGCTTATG-1,1,LHb,LHb,tst,c5-lhb-m38_5,Oval/Medial
CCACTTGTCACTGTTT-1,1,LHb,LHb,tst,c5-lhb-m38_5,Oval/Medial
CCACTTGTCATCCTAT-1,9,LHb,LHb,tst,c5-lhb-m38_5,Marginal
CCATAAGTCACTTATC-1,1,LHb,LHb,tst,c5-lhb-m38_5,Oval/Medial
CCCATTGCACTTGTGA-1,9,LHb,LHb,tst,c5-lhb-m38_5,Marginal
CCCGAAGTCTGTCTCG-1,1,LHb,LHb,tst,c5-lhb-m38_5,Oval/Medial
CCGAACGAGGAAAGTG-1,9,LHb,LHb,tst,c5-lhb-m38_5,Marginal
CCGATCTAGGGAGATA-1,4,LHb,LHb,tst,c5-lhb-m38_5,Hbx
CCGATCTCACTTGACA-1,9,LHb,LHb,tst,c5-lhb-m38_5,Marginal
CCGATGGGTAGGTGCA-1,1,LHb,LHb,tst,c5-lhb-m38_5,Oval/Medial
CCGGACAGTATCGAGG-1,1,LHb,LHb,tst,c5-lhb-m38_5,Oval/Medial
CCGGGTACATGAAGCG-1,1,LHb,LHb,tst,c5-lhb-m38_5,Oval/Medial
CCGGGTAGTATGAGAT-1,1,LHb,LHb,tst,c5-lhb-m38_5,Oval/Medial
CCGGGTAGTCCTCAGG-1,1,LHb,LHb,tst,c5-lhb-m38_5,Oval/Medial
CCTAACCTCGGTGTTA-1,1,LHb,LHb,tst,c5-lhb-m38_5,Oval/Medial
CCTACGTAGCCATCCG-1,1,LHb,LHb,tst,c5-lhb-m38_5,Oval/Medial
CCTATCGGTCGAGCAA-1,1,LHb,LHb,tst,c5-lhb-m38_5,Oval/Medial
CCTATCGGTCTGATAC-1,1,LHb,LHb,tst,c5-lhb-m38_5,Oval/Medial
CCTCACACACTCACTC-1,1,LHb,LHb,tst,c5-lhb-m38_5,Oval/Medial
CCTCACATCCGAACGC-1,1,LHb,LHb,tst,c5-lhb-m38_5,Oval/Medial
CCTCCAACATCTGTTT-1,1,LHb,LHb,tst,c5-lhb-m38_5,Oval/Medial
CCTCCAATCAGTCTTT-1,1,LHb,LHb,tst,c5-lhb-m38_5,Oval/Medial
CCTCTCCCAACGATTC-1,2,LHb,LHb,tst,c5-lhb-m38_5,Oval/Medial
CCTGTTGAGTGGGAAA-1,1,LHb,LHb,tst,c5-lhb-m38_5,Oval/Medial
CCTGTTGTCAAGGTGG-1,1,LHb,LHb,tst,c5-lhb-m38_5,Oval/Medial
CCTTCAGCAATCAAGA-1,1,LHb,LHb,tst,c5-lhb-m38_5,Oval/Medial
CCTTTGGTCATGGATC-1,1,LHb,LHb,tst,c5-lhb-m38_5,Oval/Medial
CGAAGGATCTACGCAA-1,1,LHb,LHb,tst,c5-lhb-m38_5,Oval/Medial
CGAAGTTAGTCTGGTT-1,1,LHb,LHb,tst,c5-lhb-m38_5,Oval/Medial
CGAATTGGTATGGAAT-1,1,LHb,LHb,tst,c5-lhb-m38_5,Lateral
CGAGAAGCACTACAGT-1,4,LHb,LHb,tst,c5-lhb-m38_5,Oval/Medial
CGAGAAGTCTCCACTG-1,1,LHb,LHb,tst,c5-lhb-m38_5,Oval/Medial
CGAGGAACATGACAGG-1,9,LHb,LHb,tst,c5-lhb-m38_5,Oval/Medial
CGAGGCTAGCGAATGC-1,1,LHb,LHb,tst,c5-lhb-m38_5,Oval/Medial
CGAGGCTAGGAACGTC-1,4,LHb,LHb,tst,c5-lhb-m38_5,Oval/Medial
CGAGTTACATGGGTCC-1,1,LHb,LHb,tst,c5-lhb-m38_5,Oval/Medial
CGAGTTAGTTGGAGGT-1,1,LHb,LHb,tst,c5-lhb-m38_5,Oval/Medial
CGATCGGGTGTAGGAC-1,1,LHb,LHb,tst,c5-lhb-m38_5,Oval/Medial
CGATGCGTCGCAACAT-1,1,LHb,LHb,tst,c5-lhb-m38_5,Oval/Medial
CGCAGGTCAATATCCG-1,9,LHb,LHb,tst,c5-lhb-m38_5,Oval/Medial
CGCATAACAGTCAGAG-1,1,LHb,LHb,tst,c5-lhb-m38_5,Oval/Medial
CGCATGGGTACAACGG-1,4,LHb,LHb,tst,c5-lhb-m38_5,Oval/Medial
CGCCAGAAGAGAACCC-1,1,LHb,LHb,tst,c5-lhb-m38_5,Lateral
CGCCAGACAACGCATT-1,1,LHb,LHb,tst,c5-lhb-m38_5,Oval/Medial
CGCCAGATCCCAAGCG-1,1,LHb,LHb,tst,c5-lhb-m38_5,Oval/Medial
CGCCATTAGCAAGCCA-1,1,LHb,LHb,tst,c5-lhb-m38_5,Oval/Medial
CGCCATTGTATATGGA-1,1,LHb,LHb,tst,c5-lhb-m38_5,Oval/Medial
CGGAATTAGCACCAGA-1-1,1,LHb,LHb,tst,c5-lhb-m38_5,Oval/Medial
CGGCAGTAGAGTGAAG-1,1,LHb,LHb,tst,c5-lhb-m38_5,Oval/Medial
CGGCAGTGTAGGATAT-1,1,LHb,LHb,tst,c5-lhb-m38_5,Oval/Medial
CGGGACTGTCAGTCGC-1-1,1,LHb,LHb,tst,c5-lhb-m38_5,Oval/Medial
CGGGCATCAAAGCACG-1,1,LHb,LHb,tst,c5-lhb-m38_5,Oval/Medial
CGGGTGTCAAACTAAG-1,1,LHb,LHb,tst,c5-lhb-m38_5,Oval/Medial
CGTAAGTGTGAGGCAT-1,1,LHb,LHb,tst,c5-lhb-m38_5,Marginal
CGTAATGAGCAAGTCG-1,9,LHb,LHb,tst,c5-lhb-m38_5,Marginal
CGTAGTAAGATCGCCC-1,1,LHb,LHb,tst,c5-lhb-m38_5,Lateral
CGTGATAAGCGTTCAT-1,1,LHb,LHb,tst,c5-lhb-m38_5,Oval/Medial
CGTGATATCGGCCCAA-1,1,LHb,LHb,tst,c5-lhb-m38_5,Oval/Medial
CGTGCTTGTACTTGTG-1,1,LHb,LHb,tst,c5-lhb-m38_5,Oval/Medial
CGTGCTTGTGCTCGTG-1,1,LHb,LHb,tst,c5-lhb-m38_5,Oval/Medial
CGTGCTTTCGCGCCAA-1,1,LHb,LHb,tst,c5-lhb-m38_5,Oval/Medial
CGTTAGAAGATAGGGA-1,1,LHb,LHb,tst,c5-lhb-m38_5,Oval/Medial
CTAACCCGTTCTGAGT-1,1,LHb,LHb,tst,c5-lhb-m38_5,Oval/Medial
CTAACCCTCGTTAGTG-1,13,LHb,LHb,tst,c5-lhb-m38_5,Oval/Medial
CTAACTTTCTCTGCTG-1,1,LHb,LHb,tst,c5-lhb-m38_5,Oval/Medial
CTAAGTGGTCCGTTTC-1,1,LHb,LHb,tst,c5-lhb-m38_5,Oval/Medial
CTACAGACAAAGGCTG-1,13,LHb,LHb,tst,c5-lhb-m38_5,Oval/Medial
CTACCTGCATTCCTAT-1,1,LHb,LHb,tst,c5-lhb-m38_5,Oval/Medial
CTACGGGTCTTTGATC-1,1,LHb,LHb,tst,c5-lhb-m38_5,Oval/Medial
CTACTATGTTACGTAC-1,1,LHb,LHb,tst,c5-lhb-m38_5,Oval/Medial
CTAGACATCCATAGAC-1,1,LHb,LHb,tst,c5-lhb-m38_5,Oval/Medial
CTAGGTATCACTGTCC-1,1,LHb,LHb,tst,c5-lhb-m38_5,Oval/Medial
CTATCTATCAAACTGC-1,1,LHb,LHb,tst,c5-lhb-m38_5,Oval/Medial
CTCAACCAGCAGATAT-1,1,LHb,LHb,tst,c5-lhb-m38_5,Oval/Medial
CTCAACCGTTCTCCCA-1,9,LHb,LHb,tst,c5-lhb-m38_5,Oval/Medial
CTCAAGAAGTATGGAT-1,1,LHb,LHb,tst,c5-lhb-m38_5,Oval/Medial
CTCAGAAAGCGCCCAT-1,1,LHb,LHb,tst,c5-lhb-m38_5,Oval/Medial
CTCATCGTCGTTCAGA-1,9,LHb,LHb,tst,c5-lhb-m38_5,Marginal
CTCATCGTCTTACTGT-1,1,LHb,LHb,tst,c5-lhb-m38_5,Oval/Medial
CTCATTACAATACGAA-1,1,LHb,LHb,tst,c5-lhb-m38_5,Oval/Medial
CTCATTATCTGAATGC-1,1,LHb,LHb,tst,c5-lhb-m38_5,Oval/Medial
CTCCAACTCCTTATCA-1,1,LHb,LHb,tst,c5-lhb-m38_5,Oval/Medial
CTCCATGTCTTGTGCC-1,4,LHb,LHb,tst,c5-lhb-m38_5,Oval/Medial
CTCCCAATCACCTGTC-1,9,LHb,LHb,tst,c5-lhb-m38_5,Oval/Medial
CTCCGATTCCCAAGCG-1,1,LHb,LHb,tst,c5-lhb-m38_5,Oval/Medial
CTCCTTTCAATTTCCT-1,1,LHb,LHb,tst,c5-lhb-m38_5,Oval/Medial
CTCCTTTGTTAAGCAA-1,1,LHb,LHb,tst,c5-lhb-m38_5,Oval/Medial
CTCTCAGGTGTAAATG-1,1,LHb,LHb,tst,c5-lhb-m38_5,Oval/Medial
CTCTCGAAGTCCGCGT-1,1,LHb,LHb,tst,c5-lhb-m38_5,Oval/Medial
CTCTCGACAGCTGTAT-1,1,LHb,LHb,tst,c5-lhb-m38_5,Oval/Medial
CTCTGGTTCTATCGTT-1,1,LHb,LHb,tst,c5-lhb-m38_5,Oval/Medial
CTGATCCAGGTCTTTG-1,1,LHb,LHb,tst,c5-lhb-m38_5,Hbx
CTGATCCCAAGAGTTA-1,1,LHb,LHb,tst,c5-lhb-m38_5,Oval/Medial
CTGATCCGTCATCTAG-1,1,LHb,LHb,tst,c5-lhb-m38_5,Oval/Medial
CTGATCCTCAACTGAC-1,1,LHb,LHb,tst,c5-lhb-m38_5,Oval/Medial
CTGCCATTCGTGCATA-1,0,LHb,LHb,tst,c5-lhb-m38_5,Oval/Medial
CTGCCTAGTGCAACAG-1,9,LHb,LHb,tst,c5-lhb-m38_5,Marginal
CTGGACGGTTATCCAG-1,1,LHb,LHb,tst,c5-lhb-m38_5,Oval/Medial
CTGTGAAGTTAACCTG-1,1,LHb,LHb,tst,c5-lhb-m38_5,Oval/Medial
CTTCCGAAGATGGGCT-1,13,LHb,LHb,tst,c5-lhb-m38_5,Oval/Medial
CTTCCTTTCATTGGTG-1,9,LHb,LHb,tst,c5-lhb-m38_5,Marginal
CTTCGGTAGTGGAAAG-1,1,LHb,LHb,tst,c5-lhb-m38_5,Oval/Medial
CTTCGGTCACAAATGA-1,0,LHb,LHb,tst,c5-lhb-m38_5,Oval/Medial
CTTCTAATCCGCAGTG-1,4,LHb,LHb,tst,c5-lhb-m38_5,Hbx
CTTCTAATCGTGTGAT-1,9,LHb,LHb,tst,c5-lhb-m38_5,Oval/Medial
CTTCTCTTCAGCAGAG-1,13,LHb,LHb,tst,c5-lhb-m38_5,Oval/Medial
CTTGAGAAGCGTATAA-1-1,1,LHb,LHb,tst,c5-lhb-m38_5,Oval/Medial
CTTGAGAGTATCGTAC-1,1,LHb,LHb,tst,c5-lhb-m38_5,Oval/Medial
CTTGATTAGATTGATG-1,1,LHb,LHb,tst,c5-lhb-m38_5,Lateral
CTTGATTAGCGAAACC-1,1,LHb,LHb,tst,c5-lhb-m38_5,Oval/Medial
CTTTCAAAGCGACTAG-1,4,LHb,LHb,tst,c5-lhb-m38_5,Hbx
CTTTCGGAGCGGTATG-1,1,LHb,LHb,tst,c5-lhb-m38_5,Oval/Medial
GAAACCTGTGCCCTTT-1,1,LHb,LHb,tst,c5-lhb-m38_5,Oval/Medial
GAAACCTGTTCCATTT-1,0,LHb,LHb,tst,c5-lhb-m38_5,Oval/Medial
GAAATGATCTTGGAAC-1,1,LHb,LHb,tst,c5-lhb-m38_5,Oval/Medial
GAACTGTGTCATCGCG-1,1,LHb,LHb,tst,c5-lhb-m38_5,Oval/Medial
GAAGCGAAGGAACTCG-1,9,LHb,LHb,tst,c5-lhb-m38_5,Marginal
GAAGGACAGCGCACAA-1,9,LHb,LHb,tst,c5-lhb-m38_5,Marginal
GAAGGACAGGCTGAAC-1,1,LHb,LHb,tst,c5-lhb-m38_5,Oval/Medial
GAAGGGTCATATTCGG-1,1,LHb,LHb,tst,c5-lhb-m38_5,Oval/Medial
GAAGGGTGTCAGGTGA-1,1,LHb,LHb,tst,c5-lhb-m38_5,Oval/Medial
GAAGGGTTCGTTCCCA-1,9,LHb,LHb,tst,c5-lhb-m38_5,Marginal
GAAGTAAAGCGCTGAA-1,1,LHb,LHb,tst,c5-lhb-m38_5,Oval/Medial
GAAGTAACACGTGAGA-1,1,LHb,LHb,tst,c5-lhb-m38_5,Oval/Medial
GAATAGACATGGCTAT-1,1,LHb,LHb,tst,c5-lhb-m38_5,Oval/Medial
GAATCACAGGCACGAT-1,4,LHb,LHb,tst,c5-lhb-m38_5,Oval/Medial
GAATCGTCAGCGTACC-1,1,LHb,LHb,tst,c5-lhb-m38_5,Oval/Medial
GACACGCCAGGAATCG-1,9,LHb,LHb,tst,c5-lhb-m38_5,Marginal
GACAGCCGTTTCTATC-1,1,LHb,LHb,tst,c5-lhb-m38_5,Oval/Medial
GACATCAAGATAACAC-1,9,LHb,LHb,tst,c5-lhb-m38_5,Marginal
GACCAATAGTCTCGTA-1,1,LHb,LHb,tst,c5-lhb-m38_5,Lateral
GACCAATCAGCTATAC-1,13,LHb,LHb,tst,c5-lhb-m38_5,Oval/Medial
GACCCTTCATCGGAGA-1,1,LHb,LHb,tst,c5-lhb-m38_5,Oval/Medial
GACCCTTGTATACCCA-1,1,LHb,LHb,tst,c5-lhb-m38_5,Lateral
GACCCTTGTGTGACCC-1,1,LHb,LHb,tst,c5-lhb-m38_5,Oval/Medial
GACCTTCCAACCAATC-1,1,LHb,LHb,tst,c5-lhb-m38_5,Oval/Medial
GACCTTCTCCAGTGCG-1,1,LHb,LHb,tst,c5-lhb-m38_5,Oval/Medial
GACGTTACACACCGCA-1,4,LHb,LHb,tst,c5-lhb-m38_5,Hbx
GACGTTAGTCACAGAG-1,1,LHb,LHb,tst,c5-lhb-m38_5,Oval/Medial
GACGTTATCCGCATAA-1,1,LHb,LHb,tst,c5-lhb-m38_5,Oval/Medial
GACTATGTCTGCGAGC-1,4,LHb,LHb,tst,c5-lhb-m38_5,Oval/Medial
GACTGATAGGTGGTTG-1,1,LHb,LHb,tst,c5-lhb-m38_5,Oval/Medial
GACTGATTCTGCGGAC-1,0,LHb,LHb,tst,c5-lhb-m38_5,Hbx
GACTTCCAGGGCAAGG-1,1,LHb,LHb,tst,c5-lhb-m38_5,Lateral
GAGACTTCAGGAAGTC-1,1,LHb,LHb,tst,c5-lhb-m38_5,Oval/Medial
GAGGCAAAGTGGAAGA-1,1,LHb,LHb,tst,c5-lhb-m38_5,Oval/Medial
GAGGCAACAACCGCTG-1,9,LHb,LHb,tst,c5-lhb-m38_5,Marginal
GAGGCCTCACTGTGTA-1,1,LHb,LHb,tst,c5-lhb-m38_5,Oval/Medial
GAGGCCTCAGCTGAGA-1,1,LHb,LHb,tst,c5-lhb-m38_5,Oval/Medial
GAGGGATGTTACGCCG-1,1,LHb,LHb,tst,c5-lhb-m38_5,Hbx
GAGTTGTAGCGTCAGA-1,1,LHb,LHb,tst,c5-lhb-m38_5,Oval/Medial
GAGTTTGGTGAAGCGT-1,1,LHb,LHb,tst,c5-lhb-m38_5,Oval/Medial
GATAGAAAGCCAACCC-1,1,LHb,LHb,tst,c5-lhb-m38_5,Oval/Medial
GATAGCTAGCGACTGA-1,4,LHb,LHb,tst,c5-lhb-m38_5,Hbx
GATCACATCGACTCCT-1,1,LHb,LHb,tst,c5-lhb-m38_5,Oval/Medial
GATCAGTAGGTCGCCT-1,1,LHb,LHb,tst,c5-lhb-m38_5,Oval/Medial
GATCAGTTCGCTGATA-1,1,LHb,LHb,tst,c5-lhb-m38_5,Oval/Medial
GATCATGCAACGTAAA-1,1,LHb,LHb,tst,c5-lhb-m38_5,Oval/Medial
GATCATGGTGTGACCC-1,1,LHb,LHb,tst,c5-lhb-m38_5,Oval/Medial
GATGACTGTTGACTGT-1,1,LHb,LHb,tst,c5-lhb-m38_5,Oval/Medial
GATGAGGCATTAAAGG-1,1,LHb,LHb,tst,c5-lhb-m38_5,Oval/Medial
GATGATCGTATGCAAA-1,1,LHb,LHb,tst,c5-lhb-m38_5,Oval/Medial
GATGCTAAGTGATAAC-1,1,LHb,LHb,tst,c5-lhb-m38_5,Oval/Medial
GATGCTACAACACAAA-1,1,LHb,LHb,tst,c5-lhb-m38_5,Oval/Medial
GATGTTGAGCTAATCC-1,1,LHb,LHb,tst,c5-lhb-m38_5,Oval/Medial
GATTCGACAGCTCCTT-1,1,LHb,LHb,tst,c5-lhb-m38_5,Oval/Medial
GATTCTTAGGTACTGG-1,1,LHb,LHb,tst,c5-lhb-m38_5,Lateral
GATTCTTCACATATCG-1,0,LHb,LHb,tst,c5-lhb-m38_5,Oval/Medial
GATTTCTGTGGCCACT-1,1,LHb,LHb,tst,c5-lhb-m38_5,Oval/Medial
GCAACATTCTGGCCAG-1,1,LHb,LHb,tst,c5-lhb-m38_5,Oval/Medial
GCAACCGGTGTCGATT-1,1,LHb,LHb,tst,c5-lhb-m38_5,Oval/Medial
GCAACCGTCACGGAGA-1,1,LHb,LHb,tst,c5-lhb-m38_5,Hbx
GCACGGTCAATCTCGA-1,1,LHb,LHb,tst,c5-lhb-m38_5,Oval/Medial
GCACTAAGTAATGATG-1,1,LHb,LHb,tst,c5-lhb-m38_5,Oval/Medial
GCACTAAGTTTCTTAC-1,1,LHb,LHb,tst,c5-lhb-m38_5,Oval/Medial
GCAGCCAGTCTCTCTG-1,1,LHb,LHb,tst,c5-lhb-m38_5,Oval/Medial
GCAGCTGCAGTAGGAC-1,1,LHb,LHb,tst,c5-lhb-m38_5,Oval/Medial
GCAGGCTCACTGTCCT-1,4,LHb,LHb,tst,c5-lhb-m38_5,Oval/Medial
GCAGGCTCAGTCGAGA-1,1,LHb,LHb,tst,c5-lhb-m38_5,Oval/Medial
GCAGGCTGTGACCGTC-1,4,LHb,LHb,tst,c5-lhb-m38_5,Hbx
GCAGTTAAGTGGCAGT-1,9,LHb,LHb,tst,c5-lhb-m38_5,Marginal
GCATCGGAGCTAGTTC-1,9,LHb,LHb,tst,c5-lhb-m38_5,Marginal
GCATCGGGTAACATGA-1,1,LHb,LHb,tst,c5-lhb-m38_5,Oval/Medial
GCATCTCTCAATGTCG-1,1,LHb,LHb,tst,c5-lhb-m38_5,Oval/Medial
GCCAGCACAGCAGAAC-1,1,LHb,LHb,tst,c5-lhb-m38_5,Oval/Medial
GCCAGCAGTGTGATGG-1,1,LHb,LHb,tst,c5-lhb-m38_5,Lateral
GCCAGGTAGAAACCCG-1,1,LHb,LHb,tst,c5-lhb-m38_5,Oval/Medial
GCCATTCGTCACCTTC-1,1,LHb,LHb,tst,c5-lhb-m38_5,Oval/Medial
GCCATTCTCACTACGA-1,1,LHb,LHb,tst,c5-lhb-m38_5,Oval/Medial
GCCATTCTCGCGCCAA-1,9,LHb,LHb,tst,c5-lhb-m38_5,Marginal
GCCCAGAAGCCTTGAT-1,1,LHb,LHb,tst,c5-lhb-m38_5,Oval/Medial
GCCCGAACAAGACTGG-1,1,LHb,LHb,tst,c5-lhb-m38_5,Oval/Medial
GCCGATGAGATGGTCG-1,1,LHb,LHb,tst,c5-lhb-m38_5,Oval/Medial
GCCGATGCAAATGGCG-1,9,LHb,LHb,tst,c5-lhb-m38_5,Marginal
GCCGATGCAGCAGATG-1,9,LHb,LHb,tst,c5-lhb-m38_5,Marginal
GCCGATGTCAAACTGC-1,1,LHb,LHb,tst,c5-lhb-m38_5,Oval/Medial
GCGATCGCAATAACGA-1,13,LHb,LHb,tst,c5-lhb-m38_5,Oval/Medial
GCGGATCAGTTGCATC-1,1,LHb,LHb,tst,c5-lhb-m38_5,Oval/Medial
GCGTTTCAGTCGCCAC-1,4,LHb,LHb,tst,c5-lhb-m38_5,Hbx
GCTACAAAGGGTAATT-1,9,LHb,LHb,tst,c5-lhb-m38_5,Marginal
GCTACAATCATGGGAG-1,1,LHb,LHb,tst,c5-lhb-m38_5,Oval/Medial
GCTACCTCAACCGATT-1,1,LHb,LHb,tst,c5-lhb-m38_5,Oval/Medial
GCTACCTTCACCACAA-1,9,LHb,LHb,tst,c5-lhb-m38_5,Marginal
GCTCAAAAGATACAGT-1,9,LHb,LHb,tst,c5-lhb-m38_5,Marginal
GCTCAAAGTTCATCGA-1,1,LHb,LHb,tst,c5-lhb-m38_5,Oval/Medial
GCTCAAATCAAGAGGC-1,1,LHb,LHb,tst,c5-lhb-m38_5,Oval/Medial
GCTGAATCAGTGTATC-1,1,LHb,LHb,tst,c5-lhb-m38_5,Lateral
GCTGCAGCAGTTGTTG-1,1,LHb,LHb,tst,c5-lhb-m38_5,Lateral
GCTTGGGCACTGCATA-1,1,LHb,LHb,tst,c5-lhb-m38_5,Oval/Medial
GCTTGGGTCTGCGTCT-1,1,LHb,LHb,tst,c5-lhb-m38_5,Oval/Medial
GCTTTCGGTTACACAC-1,1,LHb,LHb,tst,c5-lhb-m38_5,Oval/Medial
GGAATCTCAAGGTCAG-1,1,LHb,LHb,tst,c5-lhb-m38_5,Oval/Medial
GGACGTCCATGCCATA-1,1,LHb,LHb,tst,c5-lhb-m38_5,Oval/Medial
GGAGATGCACAGAGCA-1,1,LHb,LHb,tst,c5-lhb-m38_5,Oval/Medial
GGAGCAACAATACGAA-1,1,LHb,LHb,tst,c5-lhb-m38_5,Oval/Medial
GGAGCAAGTTATGACC-1,1,LHb,LHb,tst,c5-lhb-m38_5,Oval/Medial
GGAGGATAGACTGAGC-1,1,LHb,LHb,tst,c5-lhb-m38_5,Oval/Medial
GGAGGATCAAATGCTC-1,1,LHb,LHb,tst,c5-lhb-m38_5,Oval/Medial
GGAGGATCATGTGGCC-1,1,LHb,LHb,tst,c5-lhb-m38_5,Oval/Medial
GGAGGATTCAAGAGGC-1,13,LHb,LHb,tst,c5-lhb-m38_5,Oval/Medial
GGAGGATTCATTCTTG-1,1,LHb,LHb,tst,c5-lhb-m38_5,Oval/Medial
GGATCTACACCCTTAC-1,1,LHb,LHb,tst,c5-lhb-m38_5,Oval/Medial
GGCACGTGTGGATGAC-1,1,LHb,LHb,tst,c5-lhb-m38_5,Oval/Medial
GGCAGTCGTTCGGCTG-1,1,LHb,LHb,tst,c5-lhb-m38_5,Oval/Medial
GGCTGTGAGGTTACCT-1,1,LHb,LHb,tst,c5-lhb-m38_5,Oval/Medial
GGCTTGGCATCCTAAG-1,1,LHb,LHb,tst,c5-lhb-m38_5,Oval/Medial
GGCTTGGTCAAGTCGT-1,1,LHb,LHb,tst,c5-lhb-m38_5,Oval/Medial
GGGACCTAGGTACAAT-1,4,LHb,LHb,tst,c5-lhb-m38_5,Hbx
GGGAGTAAGCAGCCCT-1,1,LHb,LHb,tst,c5-lhb-m38_5,Oval/Medial
GGGATGAAGAGCCGAT-1,1,LHb,LHb,tst,c5-lhb-m38_5,Oval/Medial
GGGATGAGTGTTTACG-1,1,LHb,LHb,tst,c5-lhb-m38_5,Oval/Medial
GGGTAGAGTAGTGCGA-1,1,LHb,LHb,tst,c5-lhb-m38_5,Oval/Medial
GGGTCTGTCGAACGCC-1,1,LHb,LHb,tst,c5-lhb-m38_5,Oval/Medial
GGGTGAACACGGTCTG-1,1,LHb,LHb,tst,c5-lhb-m38_5,Oval/Medial
GGGTGAATCCTTGACC-1,1,LHb,LHb,tst,c5-lhb-m38_5,Oval/Medial
GGGTGAATCTAAGAAG-1,1,LHb,LHb,tst,c5-lhb-m38_5,Lateral
GGGTTATTCGGTCAGC-1,1,LHb,LHb,tst,c5-lhb-m38_5,Oval/Medial
GGGTTTACAATCACGT-1,4,LHb,LHb,tst,c5-lhb-m38_5,Hbx
GGTAGAGCACTACCCT-1,1,LHb,LHb,tst,c5-lhb-m38_5,Oval/Medial
GGTCACGAGCCTAGGA-1,4,LHb,LHb,tst,c5-lhb-m38_5,Hbx
GGTCACGCAACCCGCA-1,1,LHb,LHb,tst,c5-lhb-m38_5,Oval/Medial
GGTCACGGTAGCTGAG-1,1,LHb,LHb,tst,c5-lhb-m38_5,Oval/Medial
GGTGATTCACAGCCAC-1,1,LHb,LHb,tst,c5-lhb-m38_5,Oval/Medial
GGTGGCTGTCGTTGCG-1,1,LHb,LHb,tst,c5-lhb-m38_5,Oval/Medial
GGTGGCTTCCGTAATG-1,9,LHb,LHb,tst,c5-lhb-m38_5,Marginal
GGTGTTACACGTCATA-1,1,LHb,LHb,tst,c5-lhb-m38_5,Oval/Medial
GGTTAACGTGCTCTTC-1,1,LHb,LHb,tst,c5-lhb-m38_5,Lateral
GGTTCTCAGCTAGATA-1,9,LHb,LHb,tst,c5-lhb-m38_5,Marginal
GGTTCTCCAAGTACCT-1,1,LHb,LHb,tst,c5-lhb-m38_5,Oval/Medial
GTAACACAGTAACCTC-1,1,LHb,LHb,tst,c5-lhb-m38_5,Oval/Medial
GTAACACGTACCATAC-1,1,LHb,LHb,tst,c5-lhb-m38_5,Oval/Medial
GTAACCAAGATTGTGA-1,1,LHb,LHb,tst,c5-lhb-m38_5,Oval/Medial
GTAAGTCAGTCGTTAC-1,1,LHb,LHb,tst,c5-lhb-m38_5,Oval/Medial
GTACAACGTATTAAGG-1,4,LHb,LHb,tst,c5-lhb-m38_5,Oval/Medial
GTACAGTGTGTTCCAA-1,9,LHb,LHb,tst,c5-lhb-m38_5,Marginal
GTACAGTTCGTGTCAA-1,1,LHb,LHb,tst,c5-lhb-m38_5,Oval/Medial
GTAGGTTGTGCCTTCT-1,1,LHb,LHb,tst,c5-lhb-m38_5,Lateral
GTAGTACTCGAGTACT-1,0,LHb,LHb,tst,c5-lhb-m38_5,Oval/Medial
GTATTTCCATCATTTC-1,1,LHb,LHb,tst,c5-lhb-m38_5,Oval/Medial
GTATTTCGTTCTTGTT-1,9,LHb,LHb,tst,c5-lhb-m38_5,Marginal
GTCAGCGTCTGCCCTA-1,1,LHb,LHb,tst,c5-lhb-m38_5,Marginal
GTCATGAAGGTAGTCG-1,1,LHb,LHb,tst,c5-lhb-m38_5,Oval/Medial
GTCATTTAGTTGCGAG-1,1,LHb,LHb,tst,c5-lhb-m38_5,Oval/Medial
GTCCCATAGTGCCCGT-1,1,LHb,LHb,tst,c5-lhb-m38_5,Oval/Medial
GTCCCATCAAGTGACG-1,1,LHb,LHb,tst,c5-lhb-m38_5,Oval/Medial
GTCGTAAGTAGGATAT-1,1,LHb,LHb,tst,c5-lhb-m38_5,Oval/Medial
GTCTACCGTTAAGCAA-1,9,LHb,LHb,tst,c5-lhb-m38_5,Marginal
GTCTAGACAGTCGCTG-1,4,LHb,LHb,tst,c5-lhb-m38_5,Oval/Medial
GTCTTTATCATACAGC-1,1,LHb,LHb,tst,c5-lhb-m38_5,Oval/Medial
GTCTTTATCCATACTT-1,1,LHb,LHb,tst,c5-lhb-m38_5,Oval/Medial
GTGAGCCGTTCCCACT-1,4,LHb,LHb,tst,c5-lhb-m38_5,Hbx
GTGAGGAGTTGTGGAG-1,4,LHb,LHb,tst,c5-lhb-m38_5,Oval/Medial
GTGATGTTCTATACGG-1,9,LHb,LHb,tst,c5-lhb-m38_5,Marginal
GTGCAGCGTACTGGGA-1,4,LHb,LHb,tst,c5-lhb-m38_5,Marginal
GTGCGTGAGTCTTGGT-1,1,LHb,LHb,tst,c5-lhb-m38_5,Oval/Medial
GTGCGTGGTAGCTGAG-1,1,LHb,LHb,tst,c5-lhb-m38_5,Oval/Medial
GTGCTGGGTAAGCGGT-1,1,LHb,LHb,tst,c5-lhb-m38_5,Oval/Medial
GTGCTTCAGAAGATCT-1,1,LHb,LHb,tst,c5-lhb-m38_5,Lateral
GTGCTTCGTATGCTAC-1,1,LHb,LHb,tst,c5-lhb-m38_5,Hbx
GTGCTTCGTTAAGCAA-1,1,LHb,LHb,tst,c5-lhb-m38_5,Lateral
GTGGAAGTCTCCTGCA-1,1,LHb,LHb,tst,c5-lhb-m38_5,Oval/Medial
GTGGCGTGTTGCCTAA-1,1,LHb,LHb,tst,c5-lhb-m38_5,Oval/Medial
GTGTGGCCACCACTGG-1,1,LHb,LHb,tst,c5-lhb-m38_5,Oval/Medial
GTTACAGTCGCCTATC-1,1,LHb,LHb,tst,c5-lhb-m38_5,Lateral
GTTACCCCAAGCTCTA-1,1,LHb,LHb,tst,c5-lhb-m38_5,Oval/Medial
GTTACGAAGACTGGGT-1,1,LHb,LHb,tst,c5-lhb-m38_5,Lateral
GTTATGGTCGTGACTA-1,4,LHb,LHb,tst,c5-lhb-m38_5,Hbx
GTTCATTCATATAGCC-1,1,LHb,LHb,tst,c5-lhb-m38_5,Oval/Medial
GTTCATTGTGAGCTCC-1,1,LHb,LHb,tst,c5-lhb-m38_5,Oval/Medial
GTTCCGTCATAATCCG-1,1,LHb,LHb,tst,c5-lhb-m38_5,Oval/Medial
GTTCGCTAGGGTCTTT-1,4,LHb,LHb,tst,c5-lhb-m38_5,Oval/Medial
GTTCGCTAGTAGACCG-1,1,LHb,LHb,tst,c5-lhb-m38_5,Oval/Medial
GTTCTATCAAAGCTAA-1,1,LHb,LHb,tst,c5-lhb-m38_5,Lateral
GTTGAACGTGCTTATG-1,9,LHb,LHb,tst,c5-lhb-m38_5,Marginal
GTTGCGGAGCGTTCAT-1,1,LHb,LHb,tst,c5-lhb-m38_5,Oval/Medial
GTTGCGGGTCACTCAA-1,1,LHb,LHb,tst,c5-lhb-m38_5,Oval/Medial
GTTGTAGTCGGTAGAG-1,1,LHb,LHb,tst,c5-lhb-m38_5,Oval/Medial
GTTTACTGTTCTTGCC-1,1,LHb,LHb,tst,c5-lhb-m38_5,Oval/Medial
GTTTGGACATTCATCT-1,1,LHb,LHb,tst,c5-lhb-m38_5,Oval/Medial
TAACACGAGCGAACTG-1,1,LHb,LHb,tst,c5-lhb-m38_5,Oval/Medial
TAACTTCCACGGTCTG-1,9,LHb,LHb,tst,c5-lhb-m38_5,Marginal
TAACTTCTCCACAAGT-1,4,LHb,LHb,tst,c5-lhb-m38_5,Hbx
TAAGCACCACGTAACT-1,1,LHb,LHb,tst,c5-lhb-m38_5,Hbx
TAAGCACTCGCTGACG-1,1,LHb,LHb,tst,c5-lhb-m38_5,Oval/Medial
TAAGCCAAGTTGCTCA-1,1,LHb,LHb,tst,c5-lhb-m38_5,Oval/Medial
TAAGCGTAGTCAGCGA-1,1,LHb,LHb,tst,c5-lhb-m38_5,Oval/Medial
TAAGCGTCAAGGGTCA-1,1,LHb,LHb,tst,c5-lhb-m38_5,Oval/Medial
TAATCTCTCATGCCGG-1,1,LHb,LHb,tst,c5-lhb-m38_5,Lateral
TACAACGAGTTAGTGA-1,1,LHb,LHb,tst,c5-lhb-m38_5,Oval/Medial
TACACCCAGGCACAAC-1,1,LHb,LHb,tst,c5-lhb-m38_5,Oval/Medial
TACATTCGTAATACCC-1,1,LHb,LHb,tst,c5-lhb-m38_5,Oval/Medial
TACCCGTCAACTCGTA-1,1,LHb,LHb,tst,c5-lhb-m38_5,Oval/Medial
TACCGAAAGCTCCACG-1,4,LHb,LHb,tst,c5-lhb-m38_5,Hbx
TACCGAAAGTTGAAGT-1,1,LHb,LHb,tst,c5-lhb-m38_5,Oval/Medial
TACCGGGAGCACTCCG-1,4,LHb,LHb,tst,c5-lhb-m38_5,Hbx
TACCTCGCAGAACTAA-1,1,LHb,LHb,tst,c5-lhb-m38_5,Oval/Medial
TACGGTACATGCGGTC-1,4,LHb,LHb,tst,c5-lhb-m38_5,Hbx
TACTTACCAAGGTCGA-1,1,LHb,LHb,tst,c5-lhb-m38_5,Oval/Medial
TACTTACGTATCGCTA-1,1,LHb,LHb,tst,c5-lhb-m38_5,Hbx
TACTTACTCTGGTGGC-1,1,LHb,LHb,tst,c5-lhb-m38_5,Oval/Medial
TACTTCAAGTGACACG-1,0,LHb,LHb,tst,c5-lhb-m38_5,Oval/Medial
TACTTCAGTTGTAGCT-1,4,LHb,LHb,tst,c5-lhb-m38_5,Oval/Medial
TACTTGTCAAACTCTG-1,1,LHb,LHb,tst,c5-lhb-m38_5,Oval/Medial
TACTTGTTCCAGTTCC-1,1,LHb,LHb,tst,c5-lhb-m38_5,Oval/Medial
TAGACCAGTGTGATGG-1,1,LHb,LHb,tst,c5-lhb-m38_5,Oval/Medial
TAGACTGCAGACGATG-1,1,LHb,LHb,tst,c5-lhb-m38_5,Oval/Medial
TAGACTGGTTAGAGTA-1,13,LHb,LHb,tst,c5-lhb-m38_5,Oval/Medial
TAGACTGGTTGCTCCT-1,1,LHb,LHb,tst,c5-lhb-m38_5,Oval/Medial
TAGACTGTCCGTGCGA-1,1,LHb,LHb,tst,c5-lhb-m38_5,Oval/Medial
TAGAGTCTCTCTGGTC-1,1,LHb,LHb,tst,c5-lhb-m38_5,Oval/Medial
TAGATCGAGAGTTCGG-1,1,LHb,LHb,tst,c5-lhb-m38_5,Oval/Medial
TAGCACAGTCATTCCC-1,1,LHb,LHb,tst,c5-lhb-m38_5,Oval/Medial
TAGCACATCACTCTTA-1,1,LHb,LHb,tst,c5-lhb-m38_5,Lateral
TAGGAGGCAAACCGGA-1,1,LHb,LHb,tst,c5-lhb-m38_5,Oval/Medial
TAGGAGGCAGAAACCG-1-1,1,LHb,LHb,tst,c5-lhb-m38_5,Oval/Medial
TAGGTTGAGCTCATAC-1,4,LHb,LHb,tst,c5-lhb-m38_5,Oval/Medial
TAGTGCAGTAGCCAGA-1,1,LHb,LHb,tst,c5-lhb-m38_5,Oval/Medial
TAGTGCAGTGCTGTCG-1,1,LHb,LHb,tst,c5-lhb-m38_5,Oval/Medial
TAGTGCATCCATGAGT-1,1,LHb,LHb,tst,c5-lhb-m38_5,Oval/Medial
TATATCCAGCCGATTT-1,9,LHb,LHb,tst,c5-lhb-m38_5,Marginal
TATTCCACACGGGTAA-1,1,LHb,LHb,tst,c5-lhb-m38_5,Oval/Medial
TATTGCTGTAATTGGA-1,1,LHb,LHb,tst,c5-lhb-m38_5,Oval/Medial
TATTGCTGTCGCACAC-1,1,LHb,LHb,tst,c5-lhb-m38_5,Oval/Medial
TATTTCGAGTGAGGCT-1,1,LHb,LHb,tst,c5-lhb-m38_5,Oval/Medial
TCAAGACTCGAAATCC-1,1,LHb,LHb,tst,c5-lhb-m38_5,Oval/Medial
TCAAGCAGTCTAGGTT-1,1,LHb,LHb,tst,c5-lhb-m38_5,Oval/Medial
TCAATCTAGATTGACA-1,1,LHb,LHb,tst,c5-lhb-m38_5,Oval/Medial
TCAATCTCATAAGATG-1,1,LHb,LHb,tst,c5-lhb-m38_5,Oval/Medial
TCAATCTTCGATGCTA-1,1,LHb,LHb,tst,c5-lhb-m38_5,Oval/Medial
TCACAAGAGGAGACCT-1,1,LHb,LHb,tst,c5-lhb-m38_5,Oval/Medial
TCACATTAGCCAACCC-1,1,LHb,LHb,tst,c5-lhb-m38_5,Oval/Medial
TCACGCTCAGCCGGTT-1,1,LHb,LHb,tst,c5-lhb-m38_5,Oval/Medial
TCACGGGCAAGTTCGT-1,1,LHb,LHb,tst,c5-lhb-m38_5,Oval/Medial
TCAGCAATCCCTCAAC-1,1,LHb,LHb,tst,c5-lhb-m38_5,Oval/Medial
TCAGCAATCCTCACCA-1,1,LHb,LHb,tst,c5-lhb-m38_5,Hbx
TCAGCAATCTCCTGCA-1,1,LHb,LHb,tst,c5-lhb-m38_5,Oval/Medial
TCAGCCTCAGGCTATT-1,9,LHb,LHb,tst,c5-lhb-m38_5,Marginal
TCAGGGCTCACCTTGC-1,1,LHb,LHb,tst,c5-lhb-m38_5,Oval/Medial
TCAGTGATCACTGATG-1,1,LHb,LHb,tst,c5-lhb-m38_5,Oval/Medial
TCATCATTCCAAGCTA-1,1,LHb,LHb,tst,c5-lhb-m38_5,Oval/Medial
TCATCCGCAGAGGGTT-1,1,LHb,LHb,tst,c5-lhb-m38_5,Oval/Medial
TCATGTTCAGGCTATT-1,1,LHb,LHb,tst,c5-lhb-m38_5,Oval/Medial
TCATGTTCATCGTGCG-1,1,LHb,LHb,tst,c5-lhb-m38_5,Lateral
TCATTACCACTGGACC-1,1,LHb,LHb,tst,c5-lhb-m38_5,Oval/Medial
TCATTCAGTGGGTCAA-1,1,LHb,LHb,tst,c5-lhb-m38_5,Oval/Medial
TCATTTGCAAGGCAAC-1,1,LHb,LHb,tst,c5-lhb-m38_5,Oval/Medial
TCATTTGCACAGTCGC-1,1,LHb,LHb,tst,c5-lhb-m38_5,Oval/Medial
TCCACCAAGGCTTTCA-1,1,LHb,LHb,tst,c5-lhb-m38_5,Oval/Medial
TCCACCAGTTGAATCC-1,2,LHb,LHb,tst,c5-lhb-m38_5,Marginal
TCCACGTCAGCGTACC-1,1,LHb,LHb,tst,c5-lhb-m38_5,Oval/Medial
TCCATCGGTGTTCAGT-1,1,LHb,LHb,tst,c5-lhb-m38_5,Lateral
TCCCACAAGTGGTGGT-1,1,LHb,LHb,tst,c5-lhb-m38_5,Oval/Medial
TCCCACACATCCGAGC-1,1,LHb,LHb,tst,c5-lhb-m38_5,Oval/Medial
TCCCAGTGTATAGCTC-1-1,1,LHb,LHb,tst,c5-lhb-m38_5,Oval/Medial
TCCCATGAGGGTTAGC-1,1,LHb,LHb,tst,c5-lhb-m38_5,Oval/Medial
TCCCATGGTGCAACAG-1,1,LHb,LHb,tst,c5-lhb-m38_5,Oval/Medial
TCCGATCGTGATACAA-1,1,LHb,LHb,tst,c5-lhb-m38_5,Oval/Medial
TCCGGGAGTACAAACA-1,1,LHb,LHb,tst,c5-lhb-m38_5,Oval/Medial
TCCTAATCACAGGATG-1,1,LHb,LHb,tst,c5-lhb-m38_5,Oval/Medial
TCCTCCCGTACTCCGG-1,1,LHb,LHb,tst,c5-lhb-m38_5,Oval/Medial
TCCTCTTCACACACTA-1,1,LHb,LHb,tst,c5-lhb-m38_5,Oval/Medial
TCCTCTTGTTCTCACC-1,1,LHb,LHb,tst,c5-lhb-m38_5,Oval/Medial
TCCTGCAAGGCAGCTA-1,1,LHb,LHb,tst,c5-lhb-m38_5,Oval/Medial
TCCTTCTTCAACTTTC-1,1,LHb,LHb,tst,c5-lhb-m38_5,Oval/Medial
TCCTTCTTCGGAATTC-1,1,LHb,LHb,tst,c5-lhb-m38_5,Oval/Medial
TCCTTTCTCTTTCTAG-1,1,LHb,LHb,tst,c5-lhb-m38_5,Oval/Medial
TCGAAGTCATCGTTCC-1,1,LHb,LHb,tst,c5-lhb-m38_5,Oval/Medial
TCGACGGTCCCATTCG-1,1,LHb,LHb,tst,c5-lhb-m38_5,Oval/Medial
TCGATTTGTTGCGAAG-1,1,LHb,LHb,tst,c5-lhb-m38_5,Oval/Medial
TCGCACTAGCACGTCC-1,1,LHb,LHb,tst,c5-lhb-m38_5,Oval/Medial
TCGCAGGAGCCAAGGT-1,1,LHb,LHb,tst,c5-lhb-m38_5,Oval/Medial
TCGCAGGGTACGAAAT-1,1,LHb,LHb,tst,c5-lhb-m38_5,Oval/Medial
TCGCAGGGTCTGTGGC-1,1,LHb,LHb,tst,c5-lhb-m38_5,Oval/Medial
TCGCTCACACATGTTG-1,1,LHb,LHb,tst,c5-lhb-m38_5,Oval/Medial
TCGCTTGAGTCTGCAT-1,9,LHb,LHb,tst,c5-lhb-m38_5,Marginal
TCGGGACGTGGTCTAT-1,1,LHb,LHb,tst,c5-lhb-m38_5,Oval/Medial
TCGGGCAAGACTGGGT-1,1,LHb,LHb,tst,c5-lhb-m38_5,Oval/Medial
TCGGGCAAGTTCCTGA-1,4,LHb,LHb,tst,c5-lhb-m38_5,Hbx
TCGGTCTGTGCCTACG-1,1,LHb,LHb,tst,c5-lhb-m38_5,Oval/Medial
TCGTAGAAGCGTTCAT-1,1,LHb,LHb,tst,c5-lhb-m38_5,Oval/Medial
TCGTCCAAGCTGGCTC-1,13,LHb,LHb,tst,c5-lhb-m38_5,Oval/Medial
TCTACATGTTAATCGC-1,1,LHb,LHb,tst,c5-lhb-m38_5,Oval/Medial
TCTACCGGTCACTACA-1,1,LHb,LHb,tst,c5-lhb-m38_5,Oval/Medial
TCTATACGTATTTCGG-1,1,LHb,LHb,tst,c5-lhb-m38_5,Oval/Medial
TCTATACGTCGAACGA-1,1,LHb,LHb,tst,c5-lhb-m38_5,Oval/Medial
TCTATCAAGCCATGCC-1,1,LHb,LHb,tst,c5-lhb-m38_5,Oval/Medial
TCTCACGAGTCAGCCC-1,0,LHb,LHb,tst,c5-lhb-m38_5,Oval/Medial
TCTCACGCATAGGCGA-1,1,LHb,LHb,tst,c5-lhb-m38_5,Oval/Medial
TCTCACGGTGCAGATG-1,13,LHb,LHb,tst,c5-lhb-m38_5,Oval/Medial
TCTCAGCCAGACCTGC-1,9,LHb,LHb,tst,c5-lhb-m38_5,Marginal
TCTGGCTCACGCGGTT-1,1,LHb,LHb,tst,c5-lhb-m38_5,Oval/Medial
TCTGGCTTCCTACGAA-1,1,LHb,LHb,tst,c5-lhb-m38_5,Oval/Medial
TCTGGCTTCTGTCTCG-1,1,LHb,LHb,tst,c5-lhb-m38_5,Oval/Medial
TCTTCCTAGCACGATG-1,1,LHb,LHb,tst,c5-lhb-m38_5,Lateral
TCTTTGACAGAAGCGT-1,1,LHb,LHb,tst,c5-lhb-m38_5,Oval/Medial
TGAACGTCAGTGCGCT-1,4,LHb,LHb,tst,c5-lhb-m38_5,Hbx
TGAATGCGTTGTGTTG-1,1,LHb,LHb,tst,c5-lhb-m38_5,Oval/Medial
TGACCCTAGCCGCACT-1,1,LHb,LHb,tst,c5-lhb-m38_5,Oval/Medial
TGACTCCCAAGTAGTA-1,1,LHb,LHb,tst,c5-lhb-m38_5,Oval/Medial
TGAGACTGTACTAACC-1,1,LHb,LHb,tst,c5-lhb-m38_5,Oval/Medial
TGAGGAGGTCCAACGC-1-1,1,LHb,LHb,tst,c5-lhb-m38_5,Oval/Medial
TGAGTCAAGAGAGTTT-1,1,LHb,LHb,tst,c5-lhb-m38_5,Oval/Medial
TGATCTTTCACAAGGG-1,1,LHb,LHb,tst,c5-lhb-m38_5,Oval/Medial
TGATTCTTCCTCTCGA-1,1,LHb,LHb,tst,c5-lhb-m38_5,Oval/Medial
TGATTTCAGCATGGGT-1,0,LHb,LHb,tst,c5-lhb-m38_5,Oval/Medial
TGATTTCCATGACAGG-1,1,LHb,LHb,tst,c5-lhb-m38_5,Oval/Medial
TGCACGGGTCAAACGG-1,1,LHb,LHb,tst,c5-lhb-m38_5,Oval/Medial
TGCACGGGTCAAGTTC-1,1,LHb,LHb,tst,c5-lhb-m38_5,Oval/Medial
TGCAGATCACGGGCTT-1,1,LHb,LHb,tst,c5-lhb-m38_5,Oval/Medial
TGCAGATTCAGCAATC-1,1,LHb,LHb,tst,c5-lhb-m38_5,Oval/Medial
TGCAGATTCATTGTGG-1,1,LHb,LHb,tst,c5-lhb-m38_5,Oval/Medial
TGCAGATTCCCAGTGG-1,1,LHb,LHb,tst,c5-lhb-m38_5,Oval/Medial
TGCAGGCCACGAGGAT-1,4,LHb,LHb,tst,c5-lhb-m38_5,Hbx
TGCAGGCGTGACACAG-1,1,LHb,LHb,tst,c5-lhb-m38_5,Oval/Medial
TGCAGGCGTTGAGGAC-1,1,LHb,LHb,tst,c5-lhb-m38_5,Oval/Medial
TGCAGGCTCCGCACGA-1,1,LHb,LHb,tst,c5-lhb-m38_5,Oval/Medial
TGCAGTAAGCTGGTGA-1,4,LHb,LHb,tst,c5-lhb-m38_5,Oval/Medial
TGCATCCAGAAGGATG-1,1,LHb,LHb,tst,c5-lhb-m38_5,Oval/Medial
TGCATCCGTCTCACGG-1,1,LHb,LHb,tst,c5-lhb-m38_5,Oval/Medial
TGCATGAGTCATCACA-1,1,LHb,LHb,tst,c5-lhb-m38_5,Oval/Medial
TGCATGAGTGAAGCTG-1,1,LHb,LHb,tst,c5-lhb-m38_5,Oval/Medial
TGCCGAGTCAGACAAA-1,1,LHb,LHb,tst,c5-lhb-m38_5,Hbx
TGCGATACAGAATCGG-1,4,LHb,LHb,tst,c5-lhb-m38_5,Hbx
TGCGATACAGCAGTCC-1,9,LHb,LHb,tst,c5-lhb-m38_5,Marginal
TGCGGCACACACCTAA-1,1,LHb,LHb,tst,c5-lhb-m38_5,Oval/Medial
TGCGGGTGTCCCTAAA-1,1,LHb,LHb,tst,c5-lhb-m38_5,Oval/Medial
TGCGGGTGTTTCAGAC-1,1,LHb,LHb,tst,c5-lhb-m38_5,Oval/Medial
TGCTCCAGTAACTGCT-1,9,LHb,LHb,tst,c5-lhb-m38_5,Marginal
TGCTCCAGTTCTTGCC-1,1,LHb,LHb,tst,c5-lhb-m38_5,Oval/Medial
TGCTTCGTCGTTGTTT-1,1,LHb,LHb,tst,c5-lhb-m38_5,Oval/Medial
TGCTTCGTCTGAGGCC-1-1,1,LHb,LHb,tst,c5-lhb-m38_5,Oval/Medial
TGCTTCGTCTTCGGTC-1,1,LHb,LHb,tst,c5-lhb-m38_5,Oval/Medial
TGGAGAGCAAGCAATA-1,1,LHb,LHb,tst,c5-lhb-m38_5,Oval/Medial
TGGAGGACACGCACCA-1,1,LHb,LHb,tst,c5-lhb-m38_5,Oval/Medial
TGGAGGAGTCTCCCTA-1,1,LHb,LHb,tst,c5-lhb-m38_5,Hbx
TGGATCACAGCTGAAG-1,1,LHb,LHb,tst,c5-lhb-m38_5,Oval/Medial
TGGATGTAGTCCTGTA-1,1,LHb,LHb,tst,c5-lhb-m38_5,Oval/Medial
TGGCGTGTCAGAGCGA-1,4,LHb,LHb,tst,c5-lhb-m38_5,Oval/Medial
TGGGCGTGTAAGACCG-1,1,LHb,LHb,tst,c5-lhb-m38_5,Oval/Medial
TGGGCTGCATCCGATA-1,4,LHb,LHb,tst,c5-lhb-m38_5,Oval/Medial
TGGGTTAAGTCTAACC-1,1,LHb,LHb,tst,c5-lhb-m38_5,Oval/Medial
TGGGTTATCGGCATAT-1,1,LHb,LHb,tst,c5-lhb-m38_5,Oval/Medial
TGGTACAAGGAATGTT-1,1,LHb,LHb,tst,c5-lhb-m38_5,Oval/Medial
TGGTAGTAGTCTGTAC-1,1,LHb,LHb,tst,c5-lhb-m38_5,Oval/Medial
TGGTAGTTCGGCAGTC-1,9,LHb,LHb,tst,c5-lhb-m38_5,Marginal
TGGTGATTCAGCGCGT-1,1,LHb,LHb,tst,c5-lhb-m38_5,Oval/Medial
TGTACAGCATAGATCC-1,9,LHb,LHb,tst,c5-lhb-m38_5,Lateral
TGTAGACCAGTTCACA-1,1,LHb,LHb,tst,c5-lhb-m38_5,Oval/Medial
TGTCCACAGATACTGA-1,9,LHb,LHb,tst,c5-lhb-m38_5,Marginal
TGTCCCAAGCACTCAT-1,1,LHb,LHb,tst,c5-lhb-m38_5,Oval/Medial
TGTCCCACAACGGTAG-1,9,LHb,LHb,tst,c5-lhb-m38_5,Marginal
TGTGAGTCATACAGAA-1,1,LHb,LHb,tst,c5-lhb-m38_5,Lateral
TGTGAGTGTAGTCACT-1,1,LHb,LHb,tst,c5-lhb-m38_5,Oval/Medial
TGTGATGGTCGCATCG-1,1,LHb,LHb,tst,c5-lhb-m38_5,Oval/Medial
TGTGATGTCCAAATGC-1,13,LHb,LHb,tst,c5-lhb-m38_5,Oval/Medial
TGTGTGACAACACGTT-1,1,LHb,LHb,tst,c5-lhb-m38_5,Oval/Medial
TGTTACTGTCGCGTCA-1,1,LHb,LHb,tst,c5-lhb-m38_5,Oval/Medial
TGTTGGAAGTATGGAT-1,1,LHb,LHb,tst,c5-lhb-m38_5,Oval/Medial
TGTTGGATCCACCTGT-1,1,LHb,LHb,tst,c5-lhb-m38_5,Oval/Medial
TGTTTGTAGATGCTGG-1,1,LHb,LHb,tst,c5-lhb-m38_5,Lateral
TTAATCCGTACTAAGA-1,1,LHb,LHb,tst,c5-lhb-m38_5,Oval/Medial
TTACCATCAGCCATTA-1,1,LHb,LHb,tst,c5-lhb-m38_5,Oval/Medial
TTACCGCTCAGCTGTA-1,1,LHb,LHb,tst,c5-lhb-m38_5,Oval/Medial
TTACGTTAGGGTAGCT-1,1,LHb,LHb,tst,c5-lhb-m38_5,Oval/Medial
TTACGTTTCTACAGGT-1,1,LHb,LHb,tst,c5-lhb-m38_5,Oval/Medial
TTACTGTAGATGCCGA-1,1,LHb,LHb,tst,c5-lhb-m38_5,Oval/Medial
TTAGGCAGTCGTTTCC-1,1,LHb,LHb,tst,c5-lhb-m38_5,Lateral
TTAGGCAGTGGATACG-1,9,LHb,LHb,tst,c5-lhb-m38_5,Marginal
TTAGGGTCAATACGCT-1,4,LHb,LHb,tst,c5-lhb-m38_5,Oval/Medial
TTATTGCGTTACGTAC-1,1,LHb,LHb,tst,c5-lhb-m38_5,Oval/Medial
TTCACCGGTAACACGG-1,1,LHb,LHb,tst,c5-lhb-m38_5,Oval/Medial
TTCCACGGTTAATCGC-1,0,LHb,LHb,tst,c5-lhb-m38_5,Oval/Medial
TTCCGTGAGAACAGGA-1,1,LHb,LHb,tst,c5-lhb-m38_5,Hbx
TTCCGTGAGCGCTTCG-1,1,LHb,LHb,tst,c5-lhb-m38_5,Oval/Medial
TTCCGTGAGTGCTCAT-1,1,LHb,LHb,tst,c5-lhb-m38_5,Oval/Medial
TTCCTAAAGGGATCGT-1,1,LHb,LHb,tst,c5-lhb-m38_5,Lateral
TTCCTAAGTGTCACAT-1,1,LHb,LHb,tst,c5-lhb-m38_5,Oval/Medial
TTCCTTCGTTGCTCCT-1,1,LHb,LHb,tst,c5-lhb-m38_5,Lateral
TTCGATTGTGGAGAAA-1,4,LHb,LHb,tst,c5-lhb-m38_5,Hbx
TTCGGTCAGGTCCCGT-1,1,LHb,LHb,tst,c5-lhb-m38_5,Oval/Medial
TTCTAGTCAAAGCTCT-1,1,LHb,LHb,tst,c5-lhb-m38_5,Oval/Medial
TTCTTCCCACAGTGAG-1,1,LHb,LHb,tst,c5-lhb-m38_5,Oval/Medial
TTCTTGACAATTCACG-1,4,LHb,LHb,tst,c5-lhb-m38_5,Hbx
TTCTTGAGTCAGGCAA-1,1,LHb,LHb,tst,c5-lhb-m38_5,Hbx
TTCTTGATCGCTGTCT-1,1,LHb,LHb,tst,c5-lhb-m38_5,Oval/Medial
TTGAACGCAACTCCAA-1,4,LHb,LHb,tst,c5-lhb-m38_5,Oval/Medial
TTGAACGCACGACGAA-1,1,LHb,LHb,tst,c5-lhb-m38_5,Oval/Medial
TTGAACGGTTATGTGC-1,1,LHb,LHb,tst,c5-lhb-m38_5,Oval/Medial
TTGATGGTCCGAAGGA-1,1,LHb,LHb,tst,c5-lhb-m38_5,Oval/Medial
TTGCATTCAGAGTGAC-1,1,LHb,LHb,tst,c5-lhb-m38_5,Oval/Medial
TTGGGATAGCTCGTGC-1,1,LHb,LHb,tst,c5-lhb-m38_5,Oval/Medial
TTGGGTACAACTCGAT-1,1,LHb,LHb,tst,c5-lhb-m38_5,Oval/Medial
TTGGTTTCAATTCACG-1,1,LHb,LHb,tst,c5-lhb-m38_5,Oval/Medial
TTGGTTTTCAAGCCCG-1,1,LHb,LHb,tst,c5-lhb-m38_5,Oval/Medial
TTGGTTTTCGAGTACT-1,1,LHb,LHb,tst,c5-lhb-m38_5,Oval/Medial
TTGTGGAGTATGCGGA-1,1,LHb,LHb,tst,c5-lhb-m38_5,Oval/Medial
TTGTGTTCAATAGTAG-1,1,LHb,LHb,tst,c5-lhb-m38_5,Marginal
TTGTTGTAGCTTCGTA-1,1,LHb,LHb,tst,c5-lhb-m38_5,Oval/Medial
TTGTTGTTCCGGCTTT-1,1,LHb,LHb,tst,c5-lhb-m38_5,Oval/Medial
TTTACCAAGCCTCATA-1,1,LHb,LHb,tst,c5-lhb-m38_5,Oval/Medial
TTTACCATCGCTGTCT-1,1,LHb,LHb,tst,c5-lhb-m38_5,Oval/Medial
TTTACTGGTTCAGGTT-1,1,LHb,LHb,tst,c5-lhb-m38_5,Oval/Medial
TTTAGTCTCAGTGGGA-1,1,LHb,LHb,tst,c5-lhb-m38_5,Oval/Medial
TTTAGTCTCGGAGCAA-1,1,LHb,LHb,tst,c5-lhb-m38_5,Oval/Medial
TTTCACAGTATCTCTT-1,1,LHb,LHb,tst,c5-lhb-m38_5,Oval/Medial
TTTCACAGTCCGGACT-1,1,LHb,LHb,tst,c5-lhb-m38_5,Oval/Medial
TTTCATGTCCAGCCTT-1,1,LHb,LHb,tst,c5-lhb-m38_5,Oval/Medial
TTTGACTAGAAGCCAC-1,1,LHb,LHb,tst,c5-lhb-m38_5,Oval/Medial
TTTGACTAGGACGCTA-1,1,LHb,LHb,tst,c5-lhb-m38_5,Oval/Medial
TTTGACTCATTCTCCG-1,1,LHb,LHb,tst,c5-lhb-m38_5,Oval/Medial
TTTGATCCACATCATG-1,1,LHb,LHb,tst,c5-lhb-m38_5,Oval/Medial
TTTGATCCATAGATGA-1,1,LHb,LHb,tst,c5-lhb-m38_5,Oval/Medial
TTTGGAGTCACGGGAA-1,1,LHb,LHb,tst,c5-lhb-m38_5,Oval/Medial
TTTGGAGTCGTGGTAT-1,1,LHb,LHb,tst,c5-lhb-m38_5,Oval/Medial
TTTGGTTGTACCACGC-1,1,LHb,LHb,tst,c5-lhb-m38_5,Oval/Medial
AAACCCAAGCATGATA-1,4,LHb,LHb,resilient,a11-lhb-m37_1,Marginal
AAACGAAAGTAGTCTC-1,1,LHb,LHb,resilient,a11-lhb-m37_1,Oval/Medial
AAAGAACGTGATCATC-1,1,LHb,LHb,resilient,a11-lhb-m37_1,Oval/Medial
AAAGGTAAGTCCCAAT-1,9,LHb,LHb,resilient,a11-lhb-m37_1,Marginal
AAAGGTAGTCTTTATC-1,1,LHb,LHb,resilient,a11-lhb-m37_1,Oval/Medial
AACAAAGTCTGGAGAG-1,1,LHb,LHb,resilient,a11-lhb-m37_1,Oval/Medial
AACAACCAGAAGCCAC-1,1,LHb,LHb,resilient,a11-lhb-m37_1,Oval/Medial
AACACACGTGACCTGC-1,1,LHb,LHb,resilient,a11-lhb-m37_1,Oval/Medial
AACAGGGGTATGTCTG-1,1,LHb,LHb,resilient,a11-lhb-m37_1,Oval/Medial
AACCAACCAGCTCATA-1,9,LHb,LHb,resilient,a11-lhb-m37_1,Marginal
AAGAACAAGTCCCAAT-1,9,LHb,LHb,resilient,a11-lhb-m37_1,Marginal
AAGACAACATGCCGGT-1,1,LHb,LHb,resilient,a11-lhb-m37_1,Oval/Medial
AAGACTCAGCGCACAA-1,1,LHb,LHb,resilient,a11-lhb-m37_1,Oval/Medial
AAGCGAGTCTTCTAAC-1,9,LHb,LHb,resilient,a11-lhb-m37_1,Marginal
AAGGTAAAGACTACCT-1,1,LHb,LHb,resilient,a11-lhb-m37_1,Oval/Medial
AATAGAGAGGTTACCT-1,9,LHb,LHb,resilient,a11-lhb-m37_1,Marginal
AATCACGAGTCTGGTT-1,9,LHb,LHb,resilient,a11-lhb-m37_1,Marginal
AATCGACCACTGCATA-1,1,LHb,LHb,resilient,a11-lhb-m37_1,Oval/Medial
AATTTCCTCGTTCGCT-1,9,LHb,LHb,resilient,a11-lhb-m37_1,Marginal
ACACAGTAGCTCGTGC-1,1,LHb,LHb,resilient,a11-lhb-m37_1,Oval/Medial
ACACCAACACAGACGA-1,1,LHb,LHb,resilient,a11-lhb-m37_1,Hbx
ACACCAAGTATGCGGA-1,1,LHb,LHb,resilient,a11-lhb-m37_1,Oval/Medial
ACACCAATCTTCGGAA-1,1,LHb,LHb,resilient,a11-lhb-m37_1,Oval/Medial
ACACGCGAGGTTCCGC-1,9,LHb,LHb,resilient,a11-lhb-m37_1,Marginal
ACACGCGGTCGCAACC-1,1,LHb,LHb,resilient,a11-lhb-m37_1,Oval/Medial
ACAGCCGAGCATGAAT-1,1,LHb,LHb,resilient,a11-lhb-m37_1,Oval/Medial
ACAGCCGTCCATCTAT-1,1,LHb,LHb,resilient,a11-lhb-m37_1,Oval/Medial
ACATCCCCATCATCTT-1,1,LHb,LHb,resilient,a11-lhb-m37_1,Hbx
ACATTTCCATCGATCA-1,1,LHb,LHb,resilient,a11-lhb-m37_1,Oval/Medial
ACCACAAAGATGGTCG-1,1,LHb,LHb,resilient,a11-lhb-m37_1,Oval/Medial
ACCTGAAAGGAGGGTG-1,9,LHb,LHb,resilient,a11-lhb-m37_1,Marginal
ACCTGTCAGTCACGAG-1,9,LHb,LHb,resilient,a11-lhb-m37_1,Marginal
ACGATCACACTAGGCC-1,9,LHb,LHb,resilient,a11-lhb-m37_1,Marginal
ACGGAAGCAAATTGGA-1,1,LHb,LHb,resilient,a11-lhb-m37_1,Oval/Medial
ACGGGTCAGCGTATGG-1,1,LHb,LHb,resilient,a11-lhb-m37_1,Oval/Medial
ACGGGTCAGTCCTGCG-1,1,LHb,LHb,resilient,a11-lhb-m37_1,Oval/Medial
ACGGGTCTCAGACTGT-1,9,LHb,LHb,resilient,a11-lhb-m37_1,Marginal
ACGTTCCTCACCGCTT-1,1,LHb,LHb,resilient,a11-lhb-m37_1,Hbx
ACTCCCATCGTCGATA-1,1,LHb,LHb,resilient,a11-lhb-m37_1,Oval/Medial
ACTGATGGTTCGAAGG-1,1,LHb,LHb,resilient,a11-lhb-m37_1,Oval/Medial
ACTTCCGAGCATACTC-1,1,LHb,LHb,resilient,a11-lhb-m37_1,Oval/Medial
ACTTCCGCAAACAGGC-1,1,LHb,LHb,resilient,a11-lhb-m37_1,Marginal
ACTTTGTGTACCCGCA-1,1,LHb,LHb,resilient,a11-lhb-m37_1,Oval/Medial
AGACACTCATTGGGAG-1,1,LHb,LHb,resilient,a11-lhb-m37_1,Oval/Medial
AGACAGGCATTGACCA-1,1,LHb,LHb,resilient,a11-lhb-m37_1,Oval/Medial
AGACAGGTCGGAACTT-1,1,LHb,LHb,resilient,a11-lhb-m37_1,Oval/Medial
AGAGAATAGTCCGTCG-1,1,LHb,LHb,resilient,a11-lhb-m37_1,Oval/Medial
AGAGAGCAGGTAGTAT-1,1,LHb,LHb,resilient,a11-lhb-m37_1,Hbx
AGAGCAGTCCCTCATG-1,1,LHb,LHb,resilient,a11-lhb-m37_1,Oval/Medial
AGAGCCCCACCACTGG-1,9,LHb,LHb,resilient,a11-lhb-m37_1,Marginal
AGATAGAAGGTTCATC-1,1,LHb,LHb,resilient,a11-lhb-m37_1,Oval/Medial
AGATAGACATGTTTGG-1,9,LHb,LHb,resilient,a11-lhb-m37_1,Marginal
AGATCGTAGAAGATCT-1,1,LHb,LHb,resilient,a11-lhb-m37_1,Oval/Medial
AGCCACGCAGAGGCAT-1,9,LHb,LHb,resilient,a11-lhb-m37_1,Marginal
AGCCACGTCGTCGATA-1,1,LHb,LHb,resilient,a11-lhb-m37_1,Oval/Medial
AGCTACAGTGCTCCGA-1,1,LHb,LHb,resilient,a11-lhb-m37_1,Oval/Medial
AGCTACATCAAACTGC-1,9,LHb,LHb,resilient,a11-lhb-m37_1,Marginal
AGCTCAATCTCCGCAT-1,9,LHb,LHb,resilient,a11-lhb-m37_1,Oval/Medial
AGGACGAAGGTAGCCA-1,1,LHb,LHb,resilient,a11-lhb-m37_1,Oval/Medial
AGGACGACACCGCTGA-1,1,LHb,LHb,resilient,a11-lhb-m37_1,Oval/Medial
AGGACTTCAAAGGCTG-1,1,LHb,LHb,resilient,a11-lhb-m37_1,Oval/Medial
AGGACTTTCTCTCAAT-1,1,LHb,LHb,resilient,a11-lhb-m37_1,Oval/Medial
AGGATCTAGTGGATTA-1-1,1,LHb,LHb,resilient,a11-lhb-m37_1,Oval/Medial
AGGGCCTGTTCGTGCG-1,1,LHb,LHb,resilient,a11-lhb-m37_1,Oval/Medial
AGTACCAAGAGCCTGA-1,1,LHb,LHb,resilient,a11-lhb-m37_1,Oval/Medial
AGTCAACGTCTAACTG-1,1,LHb,LHb,resilient,a11-lhb-m37_1,Oval/Medial
AGTCATGCAAAGTATG-1,1,LHb,LHb,resilient,a11-lhb-m37_1,Marginal
AGTGACTAGTTCAACC-1,9,LHb,LHb,resilient,a11-lhb-m37_1,Marginal
AGTGACTCATCGATCA-1,1,LHb,LHb,resilient,a11-lhb-m37_1,Oval/Medial
AGTTCGACACAGACGA-1,1,LHb,LHb,resilient,a11-lhb-m37_1,Hbx
ATACTTCTCGCGCCAA-1,1,LHb,LHb,resilient,a11-lhb-m37_1,Oval/Medial
ATAGACCTCAGGCGAA-1,9,LHb,LHb,resilient,a11-lhb-m37_1,Marginal
ATATCCTAGAGCTGAC-1,1,LHb,LHb,resilient,a11-lhb-m37_1,Oval/Medial
ATCGCCTCAGGCTCTG-1,1,LHb,LHb,resilient,a11-lhb-m37_1,Oval/Medial
ATCGGCGCAGTCTACA-1,9,LHb,LHb,resilient,a11-lhb-m37_1,Marginal
ATCGTCCGTATGTCAC-1,1,LHb,LHb,resilient,a11-lhb-m37_1,Hbx
ATCGTGAGTACGCTTA-1,1,LHb,LHb,resilient,a11-lhb-m37_1,Oval/Medial
ATCTTCACACTTGAGT-1,1,LHb,LHb,resilient,a11-lhb-m37_1,Oval/Medial
ATGACCAGTACAATAG-1,1,LHb,LHb,resilient,a11-lhb-m37_1,Oval/Medial
ATGAGGGAGCGTCAGA-1,1,LHb,LHb,resilient,a11-lhb-m37_1,Oval/Medial
ATGATCGCACAGAGCA-1,1,LHb,LHb,resilient,a11-lhb-m37_1,Oval/Medial
ATGCGATTCTGACGCG-1,1,LHb,LHb,resilient,a11-lhb-m37_1,Oval/Medial
ATGGGAGCAGTCCCGA-1,1,LHb,LHb,resilient,a11-lhb-m37_1,Oval/Medial
ATTACCTAGAAGATCT-1,1,LHb,LHb,resilient,a11-lhb-m37_1,Oval/Medial
ATTATCCGTCTACATG-1,1,LHb,LHb,resilient,a11-lhb-m37_1,Oval/Medial
ATTCACTTCCAAAGGG-1,1,LHb,LHb,resilient,a11-lhb-m37_1,Oval/Medial
ATTCTTGTCTCGTCGT-1,4,LHb,LHb,resilient,a11-lhb-m37_1,Marginal
ATTTACCCAGCTATTG-1,9,LHb,LHb,resilient,a11-lhb-m37_1,Marginal
CAACAGTAGCGGTAGT-1,1,LHb,LHb,resilient,a11-lhb-m37_1,Hbx
CAACCTCCACACCTAA-1,1,LHb,LHb,resilient,a11-lhb-m37_1,Oval/Medial
CAACGGCCAGAGTTCT-1,1,LHb,LHb,resilient,a11-lhb-m37_1,Oval/Medial
CAACGGCGTCTGCAAT-1,1,LHb,LHb,resilient,a11-lhb-m37_1,Oval/Medial
CAACGGCTCGTCACCT-1,9,LHb,LHb,resilient,a11-lhb-m37_1,Marginal
CAAGACTAGATGCTAA-1,1,LHb,LHb,resilient,a11-lhb-m37_1,Oval/Medial
CAAGACTAGGTGCAGT-1,9,LHb,LHb,resilient,a11-lhb-m37_1,Marginal
CAAGACTCATCCGGTG-1,9,LHb,LHb,resilient,a11-lhb-m37_1,Marginal
CAATACGAGTGCGCTC-1,9,LHb,LHb,resilient,a11-lhb-m37_1,Marginal
CACGAATCAATTCTTC-1,1,LHb,LHb,resilient,a11-lhb-m37_1,Oval/Medial
CACTGTCTCGCTTAAG-1,1,LHb,LHb,resilient,a11-lhb-m37_1,Oval/Medial
CACTTCGAGTTCCAGT-1,13,LHb,LHb,resilient,a11-lhb-m37_1,Oval/Medial
CACTTCGTCCCTGGTT-1,1,LHb,LHb,resilient,a11-lhb-m37_1,Oval/Medial
CAGCCAGCATCGTGCG-1,9,LHb,LHb,resilient,a11-lhb-m37_1,Marginal
CAGGTATGTGCCTTCT-1,9,LHb,LHb,resilient,a11-lhb-m37_1,Marginal
CAGTTAGTCGTTGTGA-1,1,LHb,LHb,resilient,a11-lhb-m37_1,Oval/Medial
CATCCACCATCATGAC-1,9,LHb,LHb,resilient,a11-lhb-m37_1,Marginal
CATCCACGTCAACACT-1,1,LHb,LHb,resilient,a11-lhb-m37_1,Oval/Medial
CATCGGGAGTGGTGAC-1,9,LHb,LHb,resilient,a11-lhb-m37_1,Marginal
CATGAGTAGGAATCGC-1,1,LHb,LHb,resilient,a11-lhb-m37_1,Oval/Medial
CATGAGTAGTAACCTC-1,1,LHb,LHb,resilient,a11-lhb-m37_1,Oval/Medial
CATGAGTGTGCGGTAA-1,1,LHb,LHb,resilient,a11-lhb-m37_1,Oval/Medial
CATGCGGTCGAAACAA-1,1,LHb,LHb,resilient,a11-lhb-m37_1,Oval/Medial
CATTCTATCTCTTGCG-1,9,LHb,LHb,resilient,a11-lhb-m37_1,Marginal
CCAATGATCAGTGATC-1,1,LHb,LHb,resilient,a11-lhb-m37_1,Oval/Medial
CCACAAATCTGGAAGG-1,4,LHb,LHb,resilient,a11-lhb-m37_1,Marginal
CCACACTGTTCTCACC-1,1,LHb,LHb,resilient,a11-lhb-m37_1,Oval/Medial
CCACTTGCATCTCCCA-1,1,LHb,LHb,resilient,a11-lhb-m37_1,Oval/Medial
CCATAAGAGCGACCCT-1,9,LHb,LHb,resilient,a11-lhb-m37_1,Marginal
CCATCACCACGGCCAT-1,1,LHb,LHb,resilient,a11-lhb-m37_1,Oval/Medial
CCCAACTCACAAGCAG-1,1,LHb,LHb,resilient,a11-lhb-m37_1,Oval/Medial
CCCTCTCCAACCAATC-1,1,LHb,LHb,resilient,a11-lhb-m37_1,Oval/Medial
CCCTCTCCACACGTGC-1,1,LHb,LHb,resilient,a11-lhb-m37_1,Oval/Medial
CCCTGATCACTATCCC-1,1,LHb,LHb,resilient,a11-lhb-m37_1,Oval/Medial
CCGATGGAGAAGTCCG-1,1,LHb,LHb,resilient,a11-lhb-m37_1,Oval/Medial
CCGCAAGCAACCCTCT-1,1,LHb,LHb,resilient,a11-lhb-m37_1,Oval/Medial
CCGGTAGGTGCTCTTC-1,1,LHb,LHb,resilient,a11-lhb-m37_1,Oval/Medial
CCTAAGACATGCAGGA-1,1,LHb,LHb,resilient,a11-lhb-m37_1,Oval/Medial
CCTAAGATCCAGCAAT-1,1,LHb,LHb,resilient,a11-lhb-m37_1,Oval/Medial
CCTACGTAGGCAATGC-1,1,LHb,LHb,resilient,a11-lhb-m37_1,Oval/Medial
CCTCACATCCATCTGC-1,9,LHb,LHb,resilient,a11-lhb-m37_1,Marginal
CCTCCTCAGGCATCTT-1,9,LHb,LHb,resilient,a11-lhb-m37_1,Marginal
CCTCCTCGTAATACCC-1,1,LHb,LHb,resilient,a11-lhb-m37_1,Oval/Medial
CCTCTAGAGAATCGTA-1,1,LHb,LHb,resilient,a11-lhb-m37_1,Oval/Medial
CCTGCATTCCGACAGC-1,9,LHb,LHb,resilient,a11-lhb-m37_1,Marginal
CCTGTTGTCGAACTCA-1,1,LHb,LHb,resilient,a11-lhb-m37_1,Oval/Medial
CCTTTGGCATTCGATG-1,1,LHb,LHb,resilient,a11-lhb-m37_1,Oval/Medial
CGAAGGAGTCATAACC-1,1,LHb,LHb,resilient,a11-lhb-m37_1,Oval/Medial
CGAAGTTGTTACGGAG-1,9,LHb,LHb,resilient,a11-lhb-m37_1,Marginal
CGACAGCTCATTGGTG-1,1,LHb,LHb,resilient,a11-lhb-m37_1,Hbx
CGAGGAAAGGGACTGT-1,9,LHb,LHb,resilient,a11-lhb-m37_1,Marginal
CGAGGCTCACACCTGG-1,1,LHb,LHb,resilient,a11-lhb-m37_1,Oval/Medial
CGATCGGAGGAATCGC-1,1,LHb,LHb,resilient,a11-lhb-m37_1,Oval/Medial
CGATGGCGTAATGTGA-1,9,LHb,LHb,resilient,a11-lhb-m37_1,Marginal
CGCCATTAGCAGGCTA-1,1,LHb,LHb,resilient,a11-lhb-m37_1,Oval/Medial
CGCGTGAGTCACTTCC-1,9,LHb,LHb,resilient,a11-lhb-m37_1,Oval/Medial
CGGGTGTAGGACACTG-1,1,LHb,LHb,resilient,a11-lhb-m37_1,Oval/Medial
CGTAATGAGGTCCAGA-1,1,LHb,LHb,resilient,a11-lhb-m37_1,Oval/Medial
CGTAGTACACCTGCTT-1,9,LHb,LHb,resilient,a11-lhb-m37_1,Marginal
CGTAGTAGTTGTCCCT-1,1,LHb,LHb,resilient,a11-lhb-m37_1,Oval/Medial
CGTCAAAGTTTCAGAC-1,1,LHb,LHb,resilient,a11-lhb-m37_1,Oval/Medial
CGTGAATAGGATTTGA-1,1,LHb,LHb,resilient,a11-lhb-m37_1,Oval/Medial
CGTGATAGTTCGTAAC-1,1,LHb,LHb,resilient,a11-lhb-m37_1,Oval/Medial
CGTGATAGTTCTCAGA-1,1,LHb,LHb,resilient,a11-lhb-m37_1,Oval/Medial
CTAAGTGCACAAGTTC-1,1,LHb,LHb,resilient,a11-lhb-m37_1,Oval/Medial
CTAGGTAGTCGAATGG-1,1,LHb,LHb,resilient,a11-lhb-m37_1,Hbx
CTATCCGGTCGTCTCT-1,1,LHb,LHb,resilient,a11-lhb-m37_1,Oval/Medial
CTCAATTCAGCCGTTG-1,1,LHb,LHb,resilient,a11-lhb-m37_1,Oval/Medial
CTCAGAAGTACCCGCA-1,1,LHb,LHb,resilient,a11-lhb-m37_1,Oval/Medial
CTCAGTCCATAATGCC-1,1,LHb,LHb,resilient,a11-lhb-m37_1,Oval/Medial
CTCATGCCATACAGCT-1,1,LHb,LHb,resilient,a11-lhb-m37_1,Hbx
CTCCAACAGGAGGGTG-1-1,1,LHb,LHb,resilient,a11-lhb-m37_1,Oval/Medial
CTCCTTTAGTACTCGT-1,9,LHb,LHb,resilient,a11-lhb-m37_1,Marginal
CTCCTTTCAACCGTGC-1,1,LHb,LHb,resilient,a11-lhb-m37_1,Oval/Medial
CTCTCGAGTTAACCTG-1,1,LHb,LHb,resilient,a11-lhb-m37_1,Oval/Medial
CTGAATGGTACTCGAT-1,1,LHb,LHb,resilient,a11-lhb-m37_1,Oval/Medial
CTGAGGCAGATGACAT-1,1,LHb,LHb,resilient,a11-lhb-m37_1,Hbx
CTGAGGCCAAGCGAGT-1,1,LHb,LHb,resilient,a11-lhb-m37_1,Oval/Medial
CTGATCCTCTTCTGTA-1,1,LHb,LHb,resilient,a11-lhb-m37_1,Oval/Medial
CTGCATCCAGTATTCG-1,1,LHb,LHb,resilient,a11-lhb-m37_1,Oval/Medial
CTGTACCTCCACACCT-1,1,LHb,LHb,resilient,a11-lhb-m37_1,Oval/Medial
CTGTGGGAGATTGCGG-1,9,LHb,LHb,resilient,a11-lhb-m37_1,Marginal
CTTACCGAGTTATGGA-1,9,LHb,LHb,resilient,a11-lhb-m37_1,Marginal
CTTCTCTGTAGATTGA-1,9,LHb,LHb,resilient,a11-lhb-m37_1,Marginal
CTTGAGATCCATACAG-1,1,LHb,LHb,resilient,a11-lhb-m37_1,Oval/Medial
GAAACCTTCGCCTTTG-1,1,LHb,LHb,resilient,a11-lhb-m37_1,Oval/Medial
GAAATGAAGCGCTTCG-1,4,LHb,LHb,resilient,a11-lhb-m37_1,Marginal
GAAGAATAGAAGCCAC-1,1,LHb,LHb,resilient,a11-lhb-m37_1,Oval/Medial
GAAGGACAGACCTGGA-1,1,LHb,LHb,resilient,a11-lhb-m37_1,Oval/Medial
GAATAGATCTCGTTTA-1,1,LHb,LHb,resilient,a11-lhb-m37_1,Oval/Medial
GACTATGCACCGTCTT-1,1,LHb,LHb,resilient,a11-lhb-m37_1,Oval/Medial
GAGAGGTCACAAGCCC-1,1,LHb,LHb,resilient,a11-lhb-m37_1,Oval/Medial
GAGCCTGGTAGACTGG-1,9,LHb,LHb,resilient,a11-lhb-m37_1,Marginal
GAGCTGCGTGCCCACA-1,1,LHb,LHb,resilient,a11-lhb-m37_1,Oval/Medial
GAGGGATGTCACCTTC-1,1,LHb,LHb,resilient,a11-lhb-m37_1,Oval/Medial
GAGTCTAAGAGCATCG-1,1,LHb,LHb,resilient,a11-lhb-m37_1,Oval/Medial
GAGTCTATCGAACCAT-1,1,LHb,LHb,resilient,a11-lhb-m37_1,Oval/Medial
GAGTGTTCACGAGAAC-1,9,LHb,LHb,resilient,a11-lhb-m37_1,Marginal
GAGTTACGTGTCTTGA-1,1,LHb,LHb,resilient,a11-lhb-m37_1,Oval/Medial
GAGTTGTCATACACCA-1,4,LHb,LHb,resilient,a11-lhb-m37_1,Marginal
GATAGCTTCATCCTAT-1,1,LHb,LHb,resilient,a11-lhb-m37_1,Oval/Medial
GATCACACATGATGCT-1,1,LHb,LHb,resilient,a11-lhb-m37_1,Oval/Medial
GATCCCTCACTAGTAC-1,9,LHb,LHb,resilient,a11-lhb-m37_1,Marginal
GATGATCCATACAGGG-1,9,LHb,LHb,resilient,a11-lhb-m37_1,Marginal
GATGGAGCACAGAAGC-1,9,LHb,LHb,resilient,a11-lhb-m37_1,Marginal
GCAACATTCATTTGGG-1,1,LHb,LHb,resilient,a11-lhb-m37_1,Oval/Medial
GCAACCGGTCACTTAG-1-1,9,LHb,LHb,resilient,a11-lhb-m37_1,Marginal
GCACGGTGTTCAGTAC-1,1,LHb,LHb,resilient,a11-lhb-m37_1,Oval/Medial
GCAGCCAGTCGAAACG-1,1,LHb,LHb,resilient,a11-lhb-m37_1,Oval/Medial
GCAGTTATCACCCTGT-1,1,LHb,LHb,resilient,a11-lhb-m37_1,Oval/Medial
GCATCTCCAGCTACCG-1,1,LHb,LHb,resilient,a11-lhb-m37_1,Oval/Medial
GCATTAGAGCATCTTG-1,1,LHb,LHb,resilient,a11-lhb-m37_1,Oval/Medial
GCATTAGTCTGTCAGA-1,9,LHb,LHb,resilient,a11-lhb-m37_1,Marginal
GCCAGCAGTGATCATC-1,9,LHb,LHb,resilient,a11-lhb-m37_1,Marginal
GCCAGTGCATTACTCT-1,1,LHb,LHb,resilient,a11-lhb-m37_1,Oval/Medial
GCCATGGCAAAGGCAC-1,1,LHb,LHb,resilient,a11-lhb-m37_1,Hbx
GCCATTCTCCATCTCG-1,1,LHb,LHb,resilient,a11-lhb-m37_1,Oval/Medial
GCGGATCTCTACAGGT-1,1,LHb,LHb,resilient,a11-lhb-m37_1,Oval/Medial
GCTACAAGTCGGTGAA-1,1,LHb,LHb,resilient,a11-lhb-m37_1,Oval/Medial
GCTACAATCATAGGCT-1,9,LHb,LHb,resilient,a11-lhb-m37_1,Marginal
GCTTCACTCTGGGTCG-1,9,LHb,LHb,resilient,a11-lhb-m37_1,Marginal
GCTTTCGAGTAAATGC-1,1,LHb,LHb,resilient,a11-lhb-m37_1,Oval/Medial
GGAACCCAGCGGACAT-1,1,LHb,LHb,resilient,a11-lhb-m37_1,Oval/Medial
GGAATCTCAATCCTAG-1,9,LHb,LHb,resilient,a11-lhb-m37_1,Marginal
GGACGTCTCTATCACT-1,1,LHb,LHb,resilient,a11-lhb-m37_1,Oval/Medial
GGAGCAAGTGGTAATA-1,1,LHb,LHb,resilient,a11-lhb-m37_1,Oval/Medial
GGAGGTAGTTGCACGC-1,1,LHb,LHb,resilient,a11-lhb-m37_1,Oval/Medial
GGCACGTGTCTAGTGT-1,9,LHb,LHb,resilient,a11-lhb-m37_1,Marginal
GGCAGTCGTACGATTC-1,1,LHb,LHb,resilient,a11-lhb-m37_1,Oval/Medial
GGGAAGTAGACGGATC-1,1,LHb,LHb,resilient,a11-lhb-m37_1,Oval/Medial
GGGAGTAGTGGAAGTC-1,1,LHb,LHb,resilient,a11-lhb-m37_1,Oval/Medial
GGGCTACCAGGCTATT-1,9,LHb,LHb,resilient,a11-lhb-m37_1,Marginal
GGGCTCACAATTGAGA-1,1,LHb,LHb,resilient,a11-lhb-m37_1,Oval/Medial
GGGTAGAAGATAACGT-1,1,LHb,LHb,resilient,a11-lhb-m37_1,Oval/Medial
GGGTGTCTCATAGACC-1,9,LHb,LHb,resilient,a11-lhb-m37_1,Marginal
GGTAATCAGACTCTTG-1,9,LHb,LHb,resilient,a11-lhb-m37_1,Marginal
GGTAGAGAGTAACAGT-1,1,LHb,LHb,resilient,a11-lhb-m37_1,Oval/Medial
GGTGAAGAGCACAAAT-1,1,LHb,LHb,resilient,a11-lhb-m37_1,Oval/Medial
GGTGGCTCATGACTTG-1-1,1,LHb,LHb,resilient,a11-lhb-m37_1,Hbx
GGTTAACTCAGATGCT-1,4,LHb,LHb,resilient,a11-lhb-m37_1,Marginal
GGTTAACTCCATGATG-1,1,LHb,LHb,resilient,a11-lhb-m37_1,Oval/Medial
GGTTGTATCCGACATA-1,1,LHb,LHb,resilient,a11-lhb-m37_1,Hbx
GTAACACGTATCCCAA-1,1,LHb,LHb,resilient,a11-lhb-m37_1,Oval/Medial
GTAGAAACATAACTCG-1,9,LHb,LHb,resilient,a11-lhb-m37_1,Marginal
GTAGAAAGTAACAAGT-1,1,LHb,LHb,resilient,a11-lhb-m37_1,Oval/Medial
GTAGAAAGTATGTCTG-1,1,LHb,LHb,resilient,a11-lhb-m37_1,Oval/Medial
GTAGAAATCAGCGCAC-1,9,LHb,LHb,resilient,a11-lhb-m37_1,Marginal
GTCAAACAGATGAACT-1,1,LHb,LHb,resilient,a11-lhb-m37_1,Oval/Medial
GTCAAACCATACCACA-1-1,1,LHb,LHb,resilient,a11-lhb-m37_1,Oval/Medial
GTCACGGGTAGTAAGT-1,4,LHb,LHb,resilient,a11-lhb-m37_1,Marginal
GTCATTTCATCATCTT-1,1,LHb,LHb,resilient,a11-lhb-m37_1,Hbx
GTCCACTGTAACGGTG-1,9,LHb,LHb,resilient,a11-lhb-m37_1,Marginal
GTCCACTTCGACCTAA-1,1,LHb,LHb,resilient,a11-lhb-m37_1,Oval/Medial
GTCCCATGTCTTTCAT-1,9,LHb,LHb,resilient,a11-lhb-m37_1,Marginal
GTCGTTCGTCGTGCCA-1,1,LHb,LHb,resilient,a11-lhb-m37_1,Oval/Medial
GTGCAGCCATAAGATG-1,1,LHb,LHb,resilient,a11-lhb-m37_1,Oval/Medial
GTGTAACCACCTGCTT-1,1,LHb,LHb,resilient,a11-lhb-m37_1,Oval/Medial
GTGTAACTCTCTATAC-1,9,LHb,LHb,resilient,a11-lhb-m37_1,Oval/Medial
GTGTCCTAGAGTCAGC-1,1,LHb,LHb,resilient,a11-lhb-m37_1,Oval/Medial
GTGTGATTCCTCTAGC-1,1,LHb,LHb,resilient,a11-lhb-m37_1,Oval/Medial
GTGTTCCTCTGGCCGA-1,1,LHb,LHb,resilient,a11-lhb-m37_1,Oval/Medial
GTTACAGTCACCGCTT-1-1,1,LHb,LHb,resilient,a11-lhb-m37_1,Oval/Medial
GTTAGACGTACAGAGC-1,1,LHb,LHb,resilient,a11-lhb-m37_1,Oval/Medial
GTTAGACGTATTTCCT-1,1,LHb,LHb,resilient,a11-lhb-m37_1,Oval/Medial
GTTAGACTCGTCGATA-1,1,LHb,LHb,resilient,a11-lhb-m37_1,Oval/Medial
GTTGAACGTAGGCAGT-1,1,LHb,LHb,resilient,a11-lhb-m37_1,Oval/Medial
GTTGTCCAGGCGACAT-1,9,LHb,LHb,resilient,a11-lhb-m37_1,Marginal
TAAGCACGTACGGGAT-1,9,LHb,LHb,resilient,a11-lhb-m37_1,Marginal
TAAGCCAGTGTGAGCA-1,9,LHb,LHb,resilient,a11-lhb-m37_1,Marginal
TAAGCGTGTGATAGTA-1,9,LHb,LHb,resilient,a11-lhb-m37_1,Hbx
TACAGGTTCTAGGAAA-1,4,LHb,LHb,resilient,a11-lhb-m37_1,Hbx
TACCTCGGTCTTTATC-1,1,LHb,LHb,resilient,a11-lhb-m37_1,Oval/Medial
TACCTCGGTGGCCTCA-1,1,LHb,LHb,resilient,a11-lhb-m37_1,Oval/Medial
TACTTACCATTGAGGG-1,4,LHb,LHb,resilient,a11-lhb-m37_1,Marginal
TACTTCACATGTAACC-1,1,LHb,LHb,resilient,a11-lhb-m37_1,Oval/Medial
TAGATCGTCCGCCTAT-1,1,LHb,LHb,resilient,a11-lhb-m37_1,Oval/Medial
TAGGAGGAGTGGTGAC-1,1,LHb,LHb,resilient,a11-lhb-m37_1,Oval/Medial
TAGGTTGTCCAAGAGG-1,1,LHb,LHb,resilient,a11-lhb-m37_1,Oval/Medial
TATACCTAGTGAATAC-1,9,LHb,LHb,resilient,a11-lhb-m37_1,Marginal
TATTCCAAGCGTCTCG-1,9,LHb,LHb,resilient,a11-lhb-m37_1,Marginal
TATTCCACAAGTGGAC-1,1,LHb,LHb,resilient,a11-lhb-m37_1,Oval/Medial
TCAAGACAGATGTAGT-1,9,LHb,LHb,resilient,a11-lhb-m37_1,Marginal
TCAAGACGTCTTACAG-1,1,LHb,LHb,resilient,a11-lhb-m37_1,Oval/Medial
TCAATCTAGACCATTC-1,9,LHb,LHb,resilient,a11-lhb-m37_1,Marginal
TCAATTCAGCGTGAGT-1,1,LHb,LHb,resilient,a11-lhb-m37_1,Oval/Medial
TCACAAGTCATGGGAG-1,1,LHb,LHb,resilient,a11-lhb-m37_1,Oval/Medial
TCAGGTAGTCTTCATT-1,9,LHb,LHb,resilient,a11-lhb-m37_1,Marginal
TCAGGTATCACAACCA-1,1,LHb,LHb,resilient,a11-lhb-m37_1,Oval/Medial
TCAGTTTCAAGACCGA-1,1,LHb,LHb,resilient,a11-lhb-m37_1,Oval/Medial
TCATACTGTTCAAGTC-1,1,LHb,LHb,resilient,a11-lhb-m37_1,Oval/Medial
TCATGCCTCGTTGTGA-1,1,LHb,LHb,resilient,a11-lhb-m37_1,Oval/Medial
TCATTACAGCTAATGA-1,1,LHb,LHb,resilient,a11-lhb-m37_1,Oval/Medial
TCATTACAGTAGGAAG-1,1,LHb,LHb,resilient,a11-lhb-m37_1,Oval/Medial
TCCACCACAAGTGCTT-1,1,LHb,LHb,resilient,a11-lhb-m37_1,Oval/Medial
TCCACGTAGTTAGTGA-1,1,LHb,LHb,resilient,a11-lhb-m37_1,Oval/Medial
TCCAGAAAGGTTGCCC-1,1,LHb,LHb,resilient,a11-lhb-m37_1,Oval/Medial
TCCAGAAAGTAGCAAT-1,1,LHb,LHb,resilient,a11-lhb-m37_1,Oval/Medial
TCCGGGATCACTCCGT-1,1,LHb,LHb,resilient,a11-lhb-m37_1,Oval/Medial
TCGACCTAGCGTCAAG-1,1,LHb,LHb,resilient,a11-lhb-m37_1,Hbx
TCGACGGGTCACGTGC-1,1,LHb,LHb,resilient,a11-lhb-m37_1,Oval/Medial
TCGATTTCATGAAAGT-1,1,LHb,LHb,resilient,a11-lhb-m37_1,Oval/Medial
TCGCTCACAGTTGTTG-1,1,LHb,LHb,resilient,a11-lhb-m37_1,Oval/Medial
TCGGGTGGTGGCTTGC-1,1,LHb,LHb,resilient,a11-lhb-m37_1,Oval/Medial
TCGTAGAAGCTGTGCC-1,1,LHb,LHb,resilient,a11-lhb-m37_1,Oval/Medial
TCGTGGGAGTTGTAGA-1,1,LHb,LHb,resilient,a11-lhb-m37_1,Oval/Medial
TCGTGGGCACATTCTT-1,1,LHb,LHb,resilient,a11-lhb-m37_1,Oval/Medial
TCGTGGGGTTGCCTAA-1,1,LHb,LHb,resilient,a11-lhb-m37_1,Oval/Medial
TCTATACTCCTAAACG-1,1,LHb,LHb,resilient,a11-lhb-m37_1,Hbx
TCTCACGCACAGCTTA-1,9,LHb,LHb,resilient,a11-lhb-m37_1,Marginal
TCTCTGGAGGCCTTGC-1,1,LHb,LHb,resilient,a11-lhb-m37_1,Oval/Medial
TCTCTGGCAGAAGTGC-1,1,LHb,LHb,resilient,a11-lhb-m37_1,Oval/Medial
TCTGCCAGTCCGGTCA-1,1,LHb,LHb,resilient,a11-lhb-m37_1,Oval/Medial
TCTTAGTGTCAAATCC-1,9,LHb,LHb,resilient,a11-lhb-m37_1,Marginal
TGAACGTAGCCGGATA-1,9,LHb,LHb,resilient,a11-lhb-m37_1,Marginal
TGAATCGAGTAGGGTC-1,1,LHb,LHb,resilient,a11-lhb-m37_1,Oval/Medial
TGAATGCTCGCACGGT-1,9,LHb,LHb,resilient,a11-lhb-m37_1,Marginal
TGATTTCAGCAGCCTC-1,1,LHb,LHb,resilient,a11-lhb-m37_1,Oval/Medial
TGCACGGGTTACGTAC-1,1,LHb,LHb,resilient,a11-lhb-m37_1,Oval/Medial
TGCAGATTCTGCAGCG-1,1,LHb,LHb,resilient,a11-lhb-m37_1,Oval/Medial
TGCAGTAGTGAGAGGG-1,1,LHb,LHb,resilient,a11-lhb-m37_1,Oval/Medial
TGCGGGTAGGGACAGG-1,1,LHb,LHb,resilient,a11-lhb-m37_1,Oval/Medial
TGGAGAGCAGCAGAAC-1,13,LHb,LHb,resilient,a11-lhb-m37_1,Oval/Medial
TGGAGAGTCCCAGGAC-1,1,LHb,LHb,resilient,a11-lhb-m37_1,Lateral
TGGGAAGCATTGAAGA-1-1,1,LHb,LHb,resilient,a11-lhb-m37_1,Oval/Medial
TGGGAAGGTTGTCATG-1,1,LHb,LHb,resilient,a11-lhb-m37_1,Oval/Medial
TGGGCGTGTCCAACGC-1,1,LHb,LHb,resilient,a11-lhb-m37_1,Oval/Medial
TGGGTTAAGGAGGTTC-1,1,LHb,LHb,resilient,a11-lhb-m37_1,Hbx
TGGTTAGCAGCACACC-1,1,LHb,LHb,resilient,a11-lhb-m37_1,Oval/Medial
TGTCAGACAAGCAGGT-1,1,LHb,LHb,resilient,a11-lhb-m37_1,Oval/Medial
TGTCCACAGATGTTAG-1,1,LHb,LHb,resilient,a11-lhb-m37_1,Oval/Medial
TGTCCCACATGAAGGC-1,1,LHb,LHb,resilient,a11-lhb-m37_1,Oval/Medial
TGTCCTGAGATGAATC-1,1,LHb,LHb,resilient,a11-lhb-m37_1,Oval/Medial
TGTGATGGTTTAGACC-1,1,LHb,LHb,resilient,a11-lhb-m37_1,Hbx
TGTGCGGGTAACGGTG-1,1,LHb,LHb,resilient,a11-lhb-m37_1,Oval/Medial
TGTTGGATCTCCCATG-1,13,LHb,LHb,resilient,a11-lhb-m37_1,Oval/Medial
TTACAGGGTGTGCTTA-1,1,LHb,LHb,resilient,a11-lhb-m37_1,Oval/Medial
TTACCGCGTCCGGACT-1,9,LHb,LHb,resilient,a11-lhb-m37_1,Marginal
TTAGGCATCTGCGTCT-1,1,LHb,LHb,resilient,a11-lhb-m37_1,Oval/Medial
TTCACCGGTACTAGCT-1,1,LHb,LHb,resilient,a11-lhb-m37_1,Oval/Medial
TTCACGCCACGCGCTA-1,13,LHb,LHb,resilient,a11-lhb-m37_1,Oval/Medial
TTCCAATGTTGTCCCT-1,9,LHb,LHb,resilient,a11-lhb-m37_1,Marginal
TTCTAGTCATCAGCTA-1,1,LHb,LHb,resilient,a11-lhb-m37_1,Oval/Medial
TTCTAGTTCACTGATG-1-1,1,LHb,LHb,resilient,a11-lhb-m37_1,Oval/Medial
TTCTTCCCACCTAAAC-1,9,LHb,LHb,resilient,a11-lhb-m37_1,Marginal
TTGAACGTCTCGCGTT-1,1,LHb,LHb,resilient,a11-lhb-m37_1,Oval/Medial
TTGCATTCACTACAGT-1,1,LHb,LHb,resilient,a11-lhb-m37_1,Oval/Medial
TTGCTGCGTTTATGCG-1,9,LHb,LHb,resilient,a11-lhb-m37_1,Marginal
TTGTTCAAGAGCTGCA-1,1,LHb,LHb,resilient,a11-lhb-m37_1,Oval/Medial
TTGTTCAAGAGTCCGA-1,9,LHb,LHb,resilient,a11-lhb-m37_1,Marginal
TTGTTTGCACATTCGA-1,1,LHb,LHb,resilient,a11-lhb-m37_1,Oval/Medial
TTTACGTCATGACGAG-1,9,LHb,LHb,resilient,a11-lhb-m37_1,Marginal
TTTACTGGTCGACGCT-1,1,LHb,LHb,resilient,a11-lhb-m37_1,Oval/Medial
TTTCAGTCAGCTCTGG-1,1,LHb,LHb,resilient,a11-lhb-m37_1,Hbx
TTTCATGAGTCGAATA-1,1,LHb,LHb,resilient,a11-lhb-m37_1,Oval/Medial
TTTCCTCGTTGCTGAT-1,1,LHb,LHb,resilient,a11-lhb-m37_1,Oval/Medial
TTTGACTCAGATACTC-1,1,LHb,LHb,resilient,a11-lhb-m37_1,Oval/Medial
TTTGGAGAGCTCCATA-1,1,LHb,LHb,resilient,a11-lhb-m37_1,Oval/Medial
AAACCCATCTTTCCGG-1,1,LHb,LHb,si,c1-lhb-m05_4,Oval/Medial
AAACGCTAGGAAAGTG-1,1,LHb,LHb,si,c1-lhb-m05_4,Marginal
AAACGCTCATATCTGG-1,1,LHb,LHb,si,c1-lhb-m05_4,Oval/Medial
AAAGGATCACTACAGT-1,1,LHb,LHb,si,c1-lhb-m05_4,Oval/Medial
AACAAAGCAGTTGAAA-1,9,LHb,LHb,si,c1-lhb-m05_4,Marginal
AACAACCGTGTCTTAG-1,1,LHb,LHb,si,c1-lhb-m05_4,Oval/Medial
AACAACCTCGCTTTAT-1,1,LHb,LHb,si,c1-lhb-m05_4,Oval/Medial
AACAAGACAGCGTAGA-1,1,LHb,LHb,si,c1-lhb-m05_4,Oval/Medial
AACCAACTCAAGCCTA-1-1,1,LHb,LHb,si,c1-lhb-m05_4,Oval/Medial
AACCACAAGCTCTTCC-1,1,LHb,LHb,si,c1-lhb-m05_4,Oval/Medial
AACCACAGTACGCTAT-1,1,LHb,LHb,si,c1-lhb-m05_4,Oval/Medial
AACCACAGTTTCGGCG-1,1,LHb,LHb,si,c1-lhb-m05_4,Lateral
AACCACATCCACCCTA-1,1,LHb,LHb,si,c1-lhb-m05_4,Oval/Medial
AACCTGAAGTTGCCCG-1,1,LHb,LHb,si,c1-lhb-m05_4,Oval/Medial
AACCTTTCAGGAGGAG-1,1,LHb,LHb,si,c1-lhb-m05_4,Oval/Medial
AACCTTTGTGCAGTGA-1,1,LHb,LHb,si,c1-lhb-m05_4,Oval/Medial
AACGAAAAGGAACTCG-1,1,LHb,LHb,si,c1-lhb-m05_4,Oval/Medial
AACGAAAAGGCCCAAA-1,1,LHb,LHb,si,c1-lhb-m05_4,Oval/Medial
AACGAAATCTGTAACG-1,1,LHb,LHb,si,c1-lhb-m05_4,Oval/Medial
AACGGGAAGCGATCGA-1,1,LHb,LHb,si,c1-lhb-m05_4,Oval/Medial
AACGGGACACGACGTC-1,2,LHb,LHb,si,c1-lhb-m05_4,Marginal
AACGTCAGTCCGAAGA-1,1,LHb,LHb,si,c1-lhb-m05_4,Oval/Medial
AACGTCATCATCTGTT-1,1,LHb,LHb,si,c1-lhb-m05_4,Oval/Medial
AAGAACAAGTCACAGG-1,1,LHb,LHb,si,c1-lhb-m05_4,Oval/Medial
AAGACAAGTGCGTCGT-1,1,LHb,LHb,si,c1-lhb-m05_4,Oval/Medial
AAGATAGTCAGTGTCA-1,1,LHb,LHb,si,c1-lhb-m05_4,Oval/Medial
AAGCCATCAGCGTATT-1,1,LHb,LHb,si,c1-lhb-m05_4,Oval/Medial
AAGCCATGTCTGTGTA-1,1,LHb,LHb,si,c1-lhb-m05_4,Oval/Medial
AAGCGTTGTTGCTCCT-1,1,LHb,LHb,si,c1-lhb-m05_4,Lateral
AAGCGTTTCCAGTGCG-1,1,LHb,LHb,si,c1-lhb-m05_4,Oval/Medial
AAGGAATTCAGCTAGT-1,9,LHb,LHb,si,c1-lhb-m05_4,Marginal
AAGGAATTCTGATGGT-1,23,LHb,LHb,si,c1-lhb-m05_4,Marginal
AAGGTAAAGCTAGATA-1,1,LHb,LHb,si,c1-lhb-m05_4,Hbx
AAGGTAACAGTCCGTG-1,1,LHb,LHb,si,c1-lhb-m05_4,Oval/Medial
AAGTCGTAGCAAATGT-1,1,LHb,LHb,si,c1-lhb-m05_4,Lateral
AAGTCGTAGCAGGGAG-1,1,LHb,LHb,si,c1-lhb-m05_4,Lateral
AAGTGAATCTATTCGT-1,1,LHb,LHb,si,c1-lhb-m05_4,Oval/Medial
AAGTTCGTCTCGTCAC-1,1,LHb,LHb,si,c1-lhb-m05_4,Oval/Medial
AATAGAGGTCTGTAGT-1,1,LHb,LHb,si,c1-lhb-m05_4,Lateral
AATAGAGTCAAGGAGC-1,1,LHb,LHb,si,c1-lhb-m05_4,Oval/Medial
AATCACGTCACCTACC-1,0,LHb,LHb,si,c1-lhb-m05_4,Oval/Medial
AATCGACCAATCGCCG-1,1,LHb,LHb,si,c1-lhb-m05_4,Oval/Medial
AATCGTGCAATCGAAA-1,13,LHb,LHb,si,c1-lhb-m05_4,Oval/Medial
AATGAAGGTACCCGCA-1,9,LHb,LHb,si,c1-lhb-m05_4,Marginal
AATGACCCAACCGGAA-1,1,LHb,LHb,si,c1-lhb-m05_4,Oval/Medial
AATGACCCAATACAGA-1,1,LHb,LHb,si,c1-lhb-m05_4,Oval/Medial
AATGCCATCGCAATTG-1,1,LHb,LHb,si,c1-lhb-m05_4,Oval/Medial
AATGGAAGTGTAGCAG-1,1,LHb,LHb,si,c1-lhb-m05_4,Oval/Medial
AATGGCTGTGGCATCC-1,1,LHb,LHb,si,c1-lhb-m05_4,Oval/Medial
AATTCCTAGTCATCGT-1,1,LHb,LHb,si,c1-lhb-m05_4,Oval/Medial
AATTCCTTCACTACTT-1,1,LHb,LHb,si,c1-lhb-m05_4,Oval/Medial
AATTTCCAGTAGGGTC-1,1,LHb,LHb,si,c1-lhb-m05_4,Oval/Medial
AATTTCCCAACAGAGC-1,1,LHb,LHb,si,c1-lhb-m05_4,Oval/Medial
AATTTCCCAATTCTTC-1,2,LHb,LHb,si,c1-lhb-m05_4,Marginal
ACAAAGATCTCCCATG-1,9,LHb,LHb,si,c1-lhb-m05_4,Marginal
ACAACCAAGTGTTCAC-1-1,1,LHb,LHb,si,c1-lhb-m05_4,Marginal
ACAACCACAAGACGAC-1,9,LHb,LHb,si,c1-lhb-m05_4,Marginal
ACAACCATCCCTGGTT-1,9,LHb,LHb,si,c1-lhb-m05_4,Marginal
ACAAGCTAGAGATTCA-1-1,1,LHb,LHb,si,c1-lhb-m05_4,Oval/Medial
ACAAGCTTCGATTCCC-1,1,LHb,LHb,si,c1-lhb-m05_4,Oval/Medial
ACACAGTCAATCGTCA-1,1,LHb,LHb,si,c1-lhb-m05_4,Oval/Medial
ACACTGAAGGTACATA-1,1,LHb,LHb,si,c1-lhb-m05_4,Oval/Medial
ACAGCCGTCTTGGCTC-1,1,LHb,LHb,si,c1-lhb-m05_4,Oval/Medial
ACAGGGAAGTGGTTCT-1,1,LHb,LHb,si,c1-lhb-m05_4,Lateral
ACAGGGACACTCCTGT-1,1,LHb,LHb,si,c1-lhb-m05_4,Marginal
ACAGGGAGTCGATTCA-1,1,LHb,LHb,si,c1-lhb-m05_4,Hbx
ACAGGGAGTGCATCTA-1,1,LHb,LHb,si,c1-lhb-m05_4,Oval/Medial
ACATCCCAGCAACTCT-1,1,LHb,LHb,si,c1-lhb-m05_4,Oval/Medial
ACATCCCAGCGGGTTA-1,1,LHb,LHb,si,c1-lhb-m05_4,Oval/Medial
ACATCCCCATAGGAGC-1,9,LHb,LHb,si,c1-lhb-m05_4,Marginal
ACATCCCCATCTAGAC-1,1,LHb,LHb,si,c1-lhb-m05_4,Oval/Medial
ACATCGACATGAGAAT-1,1,LHb,LHb,si,c1-lhb-m05_4,Oval/Medial
ACATCGAGTTACCTGA-1,1,LHb,LHb,si,c1-lhb-m05_4,Oval/Medial
ACCAAACAGACTCAAA-1,2,LHb,LHb,si,c1-lhb-m05_4,Marginal
ACCAACAAGTTCCTGA-1,1,LHb,LHb,si,c1-lhb-m05_4,Oval/Medial
ACCAACACACCTAAAC-1-1,1,LHb,LHb,si,c1-lhb-m05_4,Oval/Medial
ACCAACAGTGAGCCAA-1,1,LHb,LHb,si,c1-lhb-m05_4,Oval/Medial
ACCACAACACTCAAGT-1,1,LHb,LHb,si,c1-lhb-m05_4,Oval/Medial
ACCACAATCGCCTCTA-1,9,LHb,LHb,si,c1-lhb-m05_4,Oval/Medial
ACCATTTCATGGCTAT-1,1,LHb,LHb,si,c1-lhb-m05_4,Oval/Medial
ACCCAAATCGCAATTG-1,1,LHb,LHb,si,c1-lhb-m05_4,Lateral
ACCCTTGTCCTGCCAT-1,1,LHb,LHb,si,c1-lhb-m05_4,Oval/Medial
ACCGTTCCACCTCGTT-1,1,LHb,LHb,si,c1-lhb-m05_4,Oval/Medial
ACCGTTCCAGGCGAAT-1,9,LHb,LHb,si,c1-lhb-m05_4,Marginal
ACCGTTCGTGGGACAT-1,1,LHb,LHb,si,c1-lhb-m05_4,Lateral
ACCTACCAGCGCATCC-1,1,LHb,LHb,si,c1-lhb-m05_4,Oval/Medial
ACCTACCTCCGAGTGC-1,0,LHb,LHb,si,c1-lhb-m05_4,Oval/Medial
ACCTGAATCGTTCCCA-1,1,LHb,LHb,si,c1-lhb-m05_4,Hbx
ACGGGTCTCAATGTCG-1,1,LHb,LHb,si,c1-lhb-m05_4,Lateral
ACGGGTCTCGACATTG-1,9,LHb,LHb,si,c1-lhb-m05_4,Marginal
ACGGTCGCAGTTGGTT-1,1,LHb,LHb,si,c1-lhb-m05_4,Oval/Medial
ACGGTCGTCCATTGGA-1,1,LHb,LHb,si,c1-lhb-m05_4,Oval/Medial
ACGGTTAGTTACCCAA-1,1,LHb,LHb,si,c1-lhb-m05_4,Oval/Medial
ACGGTTATCGGACGTC-1,9,LHb,LHb,si,c1-lhb-m05_4,Marginal
ACGGTTATCGTGCATA-1,1,LHb,LHb,si,c1-lhb-m05_4,Oval/Medial
ACGTAACCAGCGTACC-1,9,LHb,LHb,si,c1-lhb-m05_4,Marginal
ACGTAACTCAAACGTC-1,1,LHb,LHb,si,c1-lhb-m05_4,Lateral
ACGTAACTCAGACCCG-1,1,LHb,LHb,si,c1-lhb-m05_4,Hbx
ACGTAGTCAGGGTCTC-1,1,LHb,LHb,si,c1-lhb-m05_4,Oval/Medial
ACGTCCTAGCGCCCAT-1,1,LHb,LHb,si,c1-lhb-m05_4,Lateral
ACGTCCTAGTGGAAAG-1,9,LHb,LHb,si,c1-lhb-m05_4,Oval/Medial
ACGTCCTCAGTAACAA-1,1,LHb,LHb,si,c1-lhb-m05_4,Lateral
ACGTCCTTCGTGGCGT-1,9,LHb,LHb,si,c1-lhb-m05_4,Marginal
ACTACGACACCCTGAG-1,1,LHb,LHb,si,c1-lhb-m05_4,Oval/Medial
ACTATCTAGATTAGAC-1,1,LHb,LHb,si,c1-lhb-m05_4,Oval/Medial
ACTATGGCATTCGGGC-1,1,LHb,LHb,si,c1-lhb-m05_4,Oval/Medial
ACTCCCACACCGCTGA-1,1,LHb,LHb,si,c1-lhb-m05_4,Oval/Medial
ACTCCCACACGCGTGT-1-1,9,LHb,LHb,si,c1-lhb-m05_4,Oval/Medial
ACTGATGGTAGATTGA-1,1,LHb,LHb,si,c1-lhb-m05_4,Oval/Medial
ACTGCAACACAGTACT-1,1,LHb,LHb,si,c1-lhb-m05_4,Lateral
ACTGCAACATTAGGCT-1,1,LHb,LHb,si,c1-lhb-m05_4,Oval/Medial
ACTGTCCAGATGTAGT-1,1,LHb,LHb,si,c1-lhb-m05_4,Oval/Medial
ACTGTGATCCGCGAGT-1,1,LHb,LHb,si,c1-lhb-m05_4,Oval/Medial
ACTTATCAGTCGCCAC-1,1,LHb,LHb,si,c1-lhb-m05_4,Oval/Medial
ACTTTGTAGGATGCGT-1,1,LHb,LHb,si,c1-lhb-m05_4,Oval/Medial
ACTTTGTAGTCGTCTA-1,9,LHb,LHb,si,c1-lhb-m05_4,Marginal
AGAAATGAGTGGAAAG-1,1,LHb,LHb,si,c1-lhb-m05_4,Hbx
AGAAATGTCCGATCTC-1,1,LHb,LHb,si,c1-lhb-m05_4,Oval/Medial
AGAACAAAGACCACGA-1,1,LHb,LHb,si,c1-lhb-m05_4,Oval/Medial
AGAACAATCGAGAAGC-1,1,LHb,LHb,si,c1-lhb-m05_4,Oval/Medial
AGAACCTGTTGGGTAG-1,1,LHb,LHb,si,c1-lhb-m05_4,Oval/Medial
AGAACCTTCCGGACGT-1,1,LHb,LHb,si,c1-lhb-m05_4,Lateral
AGAAGCGTCCACACAA-1,1,LHb,LHb,si,c1-lhb-m05_4,Oval/Medial
AGACAAACAGTTCACA-1,1,LHb,LHb,si,c1-lhb-m05_4,Oval/Medial
AGACACTAGCATTTCG-1,1,LHb,LHb,si,c1-lhb-m05_4,Oval/Medial
AGACACTCACAATTCG-1,13,LHb,LHb,si,c1-lhb-m05_4,Hbx
AGACACTCACGGCGTT-1,1,LHb,LHb,si,c1-lhb-m05_4,Oval/Medial
AGACACTTCATCACTT-1,2,LHb,LHb,si,c1-lhb-m05_4,Marginal
AGACCATCAGGGTCTC-1,1,LHb,LHb,si,c1-lhb-m05_4,Oval/Medial
AGACCATTCTATACTC-1,9,LHb,LHb,si,c1-lhb-m05_4,Marginal
AGACCCGCACAGTATC-1,1,LHb,LHb,si,c1-lhb-m05_4,Oval/Medial
AGACTCACACCTAAAC-1,2,LHb,LHb,si,c1-lhb-m05_4,Marginal
AGAGAATAGACGAGCT-1,1,LHb,LHb,si,c1-lhb-m05_4,Oval/Medial
AGAGAATAGGTTCCGC-1,1,LHb,LHb,si,c1-lhb-m05_4,Oval/Medial
AGAGAATCAGTAGATA-1,1,LHb,LHb,si,c1-lhb-m05_4,Marginal
AGAGAGCGTTGCTTGA-1,1,LHb,LHb,si,c1-lhb-m05_4,Oval/Medial
AGAGAGCTCCACCTCA-1,1,LHb,LHb,si,c1-lhb-m05_4,Oval/Medial
AGAGCAGCACAAGGTG-1,1,LHb,LHb,si,c1-lhb-m05_4,Lateral
AGAGCAGCACAGAAGC-1,1,LHb,LHb,si,c1-lhb-m05_4,Oval/Medial
AGATAGAGTACGGATG-1,1,LHb,LHb,si,c1-lhb-m05_4,Oval/Medial
AGATAGAGTTTACTGG-1,1,LHb,LHb,si,c1-lhb-m05_4,Oval/Medial
AGATCCAAGTAAAGCT-1,9,LHb,LHb,si,c1-lhb-m05_4,Marginal
AGATCCACATTCGATG-1,1,LHb,LHb,si,c1-lhb-m05_4,Oval/Medial
AGATCGTAGCGCCCAT-1,1,LHb,LHb,si,c1-lhb-m05_4,Oval/Medial
AGATCGTAGGTGGGTT-1,9,LHb,LHb,si,c1-lhb-m05_4,Marginal
AGATCGTTCAGCCTTC-1,1,LHb,LHb,si,c1-lhb-m05_4,Oval/Medial
AGATGCTAGTGGAAGA-1,1,LHb,LHb,si,c1-lhb-m05_4,Oval/Medial
AGATGCTCATCGGATT-1,1,LHb,LHb,si,c1-lhb-m05_4,Lateral
AGATGCTGTTGTCCCT-1,1,LHb,LHb,si,c1-lhb-m05_4,Lateral
AGATGCTTCTTGCGCT-1,2,LHb,LHb,si,c1-lhb-m05_4,Marginal
AGCATCAAGGAGGGTG-1,1,LHb,LHb,si,c1-lhb-m05_4,Oval/Medial
AGCCAATAGCCGCTTG-1,1,LHb,LHb,si,c1-lhb-m05_4,Lateral
AGCCAATGTAGGCAAC-1,9,LHb,LHb,si,c1-lhb-m05_4,Lateral
AGCCACGAGGTAGCAC-1,1,LHb,LHb,si,c1-lhb-m05_4,Oval/Medial
AGCCAGCTCAGATTGC-1,1,LHb,LHb,si,c1-lhb-m05_4,Oval/Medial
AGCGCCAAGTTACGAA-1,1,LHb,LHb,si,c1-lhb-m05_4,Lateral
AGCGCCAGTCCAGCCA-1,1,LHb,LHb,si,c1-lhb-m05_4,Oval/Medial
AGCGCCATCATAAGGA-1,9,LHb,LHb,si,c1-lhb-m05_4,Marginal
AGCGCTGCAACCCTCT-1,1,LHb,LHb,si,c1-lhb-m05_4,Oval/Medial
AGCGCTGCAATTCGTG-1,1,LHb,LHb,si,c1-lhb-m05_4,Oval/Medial
AGCTACATCGTCTAAG-1,9,LHb,LHb,si,c1-lhb-m05_4,Marginal
AGCTCAACATTAGGCT-1,1,LHb,LHb,si,c1-lhb-m05_4,Oval/Medial
AGCTTCCGTCGTGTTA-1,1,LHb,LHb,si,c1-lhb-m05_4,Lateral
AGGAAATGTTTATGCG-1,9,LHb,LHb,si,c1-lhb-m05_4,Marginal
AGGAAATTCGACGATT-1,1,LHb,LHb,si,c1-lhb-m05_4,Oval/Medial
AGGAATAAGCTCGACC-1,1,LHb,LHb,si,c1-lhb-m05_4,Oval/Medial
AGGAATAAGTCTGTAC-1,1,LHb,LHb,si,c1-lhb-m05_4,Oval/Medial
AGGAATAGTGACATCT-1,9,LHb,LHb,si,c1-lhb-m05_4,Marginal
AGGAATAGTTCTCTCG-1,1,LHb,LHb,si,c1-lhb-m05_4,Oval/Medial
AGGACGAAGCTCCGAC-1,1,LHb,LHb,si,c1-lhb-m05_4,Oval/Medial
AGGAGGTAGTCTAACC-1,1,LHb,LHb,si,c1-lhb-m05_4,Oval/Medial
AGGAGGTCAGGCACAA-1,9,LHb,LHb,si,c1-lhb-m05_4,Marginal
AGGATCTAGGGCTAAC-1,1,LHb,LHb,si,c1-lhb-m05_4,Oval/Medial
AGGATCTCAAACACGG-1,1,LHb,LHb,si,c1-lhb-m05_4,Oval/Medial
AGGCCACCAGAGATTA-1,1,LHb,LHb,si,c1-lhb-m05_4,Oval/Medial
AGGCTGCTCGTCGGGT-1,1,LHb,LHb,si,c1-lhb-m05_4,Oval/Medial
AGGTAGGTCGGCGATC-1,1,LHb,LHb,si,c1-lhb-m05_4,Oval/Medial
AGGTAGGTCTCCGATC-1,1,LHb,LHb,si,c1-lhb-m05_4,Oval/Medial
AGGTCATGTACAGAAT-1,1,LHb,LHb,si,c1-lhb-m05_4,Oval/Medial
AGGTCATTCGTAACAC-1,1,LHb,LHb,si,c1-lhb-m05_4,Oval/Medial
AGGTGTTCATAACAGA-1,1,LHb,LHb,si,c1-lhb-m05_4,Oval/Medial
AGGTGTTTCTTGAACG-1,1,LHb,LHb,si,c1-lhb-m05_4,Oval/Medial
AGGTTGTAGCGCATCC-1,2,LHb,LHb,si,c1-lhb-m05_4,Marginal
AGGTTGTGTCAAGGCA-1,1,LHb,LHb,si,c1-lhb-m05_4,Oval/Medial
AGTAACCCATGACTCA-1-1,1,LHb,LHb,si,c1-lhb-m05_4,Oval/Medial
AGTAACCGTCATAGTC-1,1,LHb,LHb,si,c1-lhb-m05_4,Oval/Medial
AGTAACCGTGCATTAC-1,1,LHb,LHb,si,c1-lhb-m05_4,Oval/Medial
AGTAACCGTTGCTTGA-1,9,LHb,LHb,si,c1-lhb-m05_4,Marginal
AGTACCACATCGTCCT-1,1,LHb,LHb,si,c1-lhb-m05_4,Oval/Medial
AGTACTGGTAGGAGTC-1,1,LHb,LHb,si,c1-lhb-m05_4,Oval/Medial
AGTAGCTAGCCAGTAG-1,1,LHb,LHb,si,c1-lhb-m05_4,Hbx
AGTAGCTAGGCCCAAA-1,1,LHb,LHb,si,c1-lhb-m05_4,Lateral
AGTAGCTGTGTAGTGG-1,1,LHb,LHb,si,c1-lhb-m05_4,Oval/Medial
AGTAGTCAGATAACGT-1,1,LHb,LHb,si,c1-lhb-m05_4,Oval/Medial
AGTAGTCAGTTCGCAT-1,1,LHb,LHb,si,c1-lhb-m05_4,Oval/Medial
AGTCAACAGGTTAGTA-1,1,LHb,LHb,si,c1-lhb-m05_4,Lateral
AGTCAACAGTGTAGTA-1-1,1,LHb,LHb,si,c1-lhb-m05_4,Hbx
AGTCATGCAAGTGCTT-1-1,1,LHb,LHb,si,c1-lhb-m05_4,Oval/Medial
AGTCTCCGTCCAGCCA-1,2,LHb,LHb,si,c1-lhb-m05_4,Marginal
AGTCTCCTCCCTCTAG-1,1,LHb,LHb,si,c1-lhb-m05_4,Oval/Medial
AGTGACTAGTATGGAT-1,2,LHb,LHb,si,c1-lhb-m05_4,Marginal
AGTGACTGTGGCACTC-1,1,LHb,LHb,si,c1-lhb-m05_4,Oval/Medial
AGTGACTTCTCCAATT-1,1,LHb,LHb,si,c1-lhb-m05_4,Oval/Medial
AGTGACTTCTCGAACA-1,1,LHb,LHb,si,c1-lhb-m05_4,Oval/Medial
AGTGATCAGCAGCACA-1,1,LHb,LHb,si,c1-lhb-m05_4,Oval/Medial
AGTGATCGTAAGCTCT-1,9,LHb,LHb,si,c1-lhb-m05_4,Marginal
AGTGCCGCATGTCAGT-1,1,LHb,LHb,si,c1-lhb-m05_4,Oval/Medial
AGTTCGAAGGTAAGAG-1,1,LHb,LHb,si,c1-lhb-m05_4,Oval/Medial
ATAGAGACAGTATACC-1,1,LHb,LHb,si,c1-lhb-m05_4,Oval/Medial
ATAGAGAGTGACTATC-1,1,LHb,LHb,si,c1-lhb-m05_4,Oval/Medial
ATAGAGATCAACGAGG-1,1,LHb,LHb,si,c1-lhb-m05_4,Oval/Medial
ATATCCTAGCTGTTCA-1,1,LHb,LHb,si,c1-lhb-m05_4,Oval/Medial
ATATCCTGTGTACATC-1,1,LHb,LHb,si,c1-lhb-m05_4,Hbx
ATATCCTTCTGCGAGC-1,1,LHb,LHb,si,c1-lhb-m05_4,Oval/Medial
ATCACGAAGTTACGAA-1,1,LHb,LHb,si,c1-lhb-m05_4,Marginal
ATCACGATCTAGCAAC-1,1,LHb,LHb,si,c1-lhb-m05_4,Lateral
ATCACTTCAAGCTACT-1,1,LHb,LHb,si,c1-lhb-m05_4,Oval/Medial
ATCATTCCATTGCCTC-1,1,LHb,LHb,si,c1-lhb-m05_4,Oval/Medial
ATCATTCGTTCCGTTC-1,9,LHb,LHb,si,c1-lhb-m05_4,Marginal
ATCATTCTCACTACGA-1,1,LHb,LHb,si,c1-lhb-m05_4,Hbx
ATCCACCTCGCGCCAA-1,9,LHb,LHb,si,c1-lhb-m05_4,Marginal
ATCCCTGGTATAGGAT-1,1,LHb,LHb,si,c1-lhb-m05_4,Oval/Medial
ATCCGTCTCGGCAGTC-1,1,LHb,LHb,si,c1-lhb-m05_4,Oval/Medial
ATCCTATCATATCGGT-1,1,LHb,LHb,si,c1-lhb-m05_4,Oval/Medial
ATCGATGAGCCTGGAA-1,1,LHb,LHb,si,c1-lhb-m05_4,Oval/Medial
ATCGCCTAGAACTTCC-1,1,LHb,LHb,si,c1-lhb-m05_4,Hbx
ATCGCCTCATACTGTG-1,0,LHb,LHb,si,c1-lhb-m05_4,Oval/Medial
ATCGGATTCTAAGCCA-1,1,LHb,LHb,si,c1-lhb-m05_4,Oval/Medial
ATCGGCGAGTATAACG-1,1,LHb,LHb,si,c1-lhb-m05_4,Oval/Medial
ATCGTAGAGTGAACAT-1,1,LHb,LHb,si,c1-lhb-m05_4,Lateral
ATCGTAGGTGTGATGG-1,9,LHb,LHb,si,c1-lhb-m05_4,Marginal
ATCGTCCTCAGAGCGA-1,1,LHb,LHb,si,c1-lhb-m05_4,Oval/Medial
ATCGTGATCAATCTCT-1,1,LHb,LHb,si,c1-lhb-m05_4,Oval/Medial
ATCGTGATCTGTCCCA-1,1,LHb,LHb,si,c1-lhb-m05_4,Oval/Medial
ATCTTCATCGCAGTGC-1,1,LHb,LHb,si,c1-lhb-m05_4,Oval/Medial
ATGAAAGCACTTGACA-1,1,LHb,LHb,si,c1-lhb-m05_4,Oval/Medial
ATGAAAGGTCTAGGTT-1,1,LHb,LHb,si,c1-lhb-m05_4,Oval/Medial
ATGAGGGAGGCTGAAC-1,1,LHb,LHb,si,c1-lhb-m05_4,Oval/Medial
ATGAGGGCACACAGAG-1,9,LHb,LHb,si,c1-lhb-m05_4,Marginal
ATGAGGGGTGGTCTTA-1,1,LHb,LHb,si,c1-lhb-m05_4,Oval/Medial
ATGAGTCAGATCACTC-1,1,LHb,LHb,si,c1-lhb-m05_4,Oval/Medial
ATGAGTCAGATGCTGG-1,1,LHb,LHb,si,c1-lhb-m05_4,Oval/Medial
ATGAGTCTCCGCAGTG-1,1,LHb,LHb,si,c1-lhb-m05_4,Oval/Medial
ATGATCGCACCTGCTT-1,9,LHb,LHb,si,c1-lhb-m05_4,Marginal
ATGCATGAGGTCGTCC-1,1,LHb,LHb,si,c1-lhb-m05_4,Hbx
ATGCCTCCAACGGCTC-1,1,LHb,LHb,si,c1-lhb-m05_4,Oval/Medial
ATGCCTCTCTGAACGT-1,1,LHb,LHb,si,c1-lhb-m05_4,Oval/Medial
ATGGATCAGTTGAAGT-1,2,LHb,LHb,si,c1-lhb-m05_4,Marginal
ATGGATCTCGAGTGAG-1,1,LHb,LHb,si,c1-lhb-m05_4,Oval/Medial
ATGGTTGCAAAGTGTA-1,1,LHb,LHb,si,c1-lhb-m05_4,Oval/Medial
ATGTCTTTCACATACG-1,1,LHb,LHb,si,c1-lhb-m05_4,Hbx
ATTATCCCAACGTATC-1,9,LHb,LHb,si,c1-lhb-m05_4,Marginal
ATTATCCCACTGCACG-1,1,LHb,LHb,si,c1-lhb-m05_4,Oval/Medial
ATTATCCCATACCAGT-1,1,LHb,LHb,si,c1-lhb-m05_4,Oval/Medial
ATTATCCTCCATTCAT-1,1,LHb,LHb,si,c1-lhb-m05_4,Oval/Medial
ATTCATCAGATTGACA-1,1,LHb,LHb,si,c1-lhb-m05_4,Oval/Medial
ATTCCATCACTGCATA-1,1,LHb,LHb,si,c1-lhb-m05_4,Oval/Medial
ATTCCCGCACAAGTGG-1,1,LHb,LHb,si,c1-lhb-m05_4,Oval/Medial
ATTCCCGTCAGCGTCG-1,0,LHb,LHb,si,c1-lhb-m05_4,Oval/Medial
ATTCTACGTGCTCTTC-1,1,LHb,LHb,si,c1-lhb-m05_4,Oval/Medial
ATTGGGTAGTCACGCC-1,1,LHb,LHb,si,c1-lhb-m05_4,Marginal
ATTGGGTTCACCCTGT-1,1,LHb,LHb,si,c1-lhb-m05_4,Oval/Medial
ATTGGGTTCTTCGGAA-1,1,LHb,LHb,si,c1-lhb-m05_4,Hbx
ATTGTTCAGTTGTCAC-1,13,LHb,LHb,si,c1-lhb-m05_4,Oval/Medial
ATTTACCAGATACGAT-1,1,LHb,LHb,si,c1-lhb-m05_4,Oval/Medial
ATTTCACGTGGAATGC-1,1,LHb,LHb,si,c1-lhb-m05_4,Oval/Medial
ATTTCACTCCTTATAC-1,1,LHb,LHb,si,c1-lhb-m05_4,Lateral
ATTTCTGCAGCGACCT-1,9,LHb,LHb,si,c1-lhb-m05_4,Marginal
ATTTCTGGTAACACCT-1,1,LHb,LHb,si,c1-lhb-m05_4,Oval/Medial
ATTTCTGGTCTGTGTA-1,1,LHb,LHb,si,c1-lhb-m05_4,Oval/Medial
ATTTCTGTCAAGCTTG-1,1,LHb,LHb,si,c1-lhb-m05_4,Oval/Medial
CAAAGAAAGTGATAAC-1,1,LHb,LHb,si,c1-lhb-m05_4,Oval/Medial
CAACAACCAATTGGTC-1,9,LHb,LHb,si,c1-lhb-m05_4,Marginal
CAACAACCAGGCTTGC-1,9,LHb,LHb,si,c1-lhb-m05_4,Marginal
CAACAACGTCAAGCGA-1,1,LHb,LHb,si,c1-lhb-m05_4,Oval/Medial
CAACAGTCATGCCGGT-1,1,LHb,LHb,si,c1-lhb-m05_4,Oval/Medial
CAACCAACAAACGAGC-1,1,LHb,LHb,si,c1-lhb-m05_4,Oval/Medial
CAACCAACAGTAGAAT-1,1,LHb,LHb,si,c1-lhb-m05_4,Oval/Medial
CAACCAATCATTACTC-1,9,LHb,LHb,si,c1-lhb-m05_4,Marginal
CAACCTCCAGTCCCGA-1-1,1,LHb,LHb,si,c1-lhb-m05_4,Oval/Medial
CAACCTCTCTCGGTAA-1,1,LHb,LHb,si,c1-lhb-m05_4,Oval/Medial
CAACGATGTGCCTTTC-1,1,LHb,LHb,si,c1-lhb-m05_4,Oval/Medial
CAACGGCCAGGTCCCA-1,1,LHb,LHb,si,c1-lhb-m05_4,Oval/Medial
CAACGGCGTGCTGTCG-1,9,LHb,LHb,si,c1-lhb-m05_4,Oval/Medial
CAACGGCGTTGTATGC-1,1,LHb,LHb,si,c1-lhb-m05_4,Marginal
CAAGACTAGACTAAGT-1,1,LHb,LHb,si,c1-lhb-m05_4,Oval/Medial
CAAGACTAGCGCACAA-1,1,LHb,LHb,si,c1-lhb-m05_4,Oval/Medial
CAAGAGGGTGTGGACA-1,1,LHb,LHb,si,c1-lhb-m05_4,Oval/Medial
CAAGGGAAGCGCCTCA-1,1,LHb,LHb,si,c1-lhb-m05_4,Oval/Medial
CAAGGGAGTCCACATA-1,1,LHb,LHb,si,c1-lhb-m05_4,Marginal
CAAGGGATCATCACAG-1,9,LHb,LHb,si,c1-lhb-m05_4,Oval/Medial
CAAGGGATCCCAGGCA-1,1,LHb,LHb,si,c1-lhb-m05_4,Oval/Medial
CAAGGGATCGTTCCTG-1,1,LHb,LHb,si,c1-lhb-m05_4,Oval/Medial
CAATACGAGAAGCCTG-1,1,LHb,LHb,si,c1-lhb-m05_4,Oval/Medial
CAATACGAGACTCCGC-1,1,LHb,LHb,si,c1-lhb-m05_4,Oval/Medial
CAATACGGTTGCATGT-1,1,LHb,LHb,si,c1-lhb-m05_4,Hbx
CAATACGTCCATTGGA-1,1,LHb,LHb,si,c1-lhb-m05_4,Oval/Medial
CAATCGACACTGTTCC-1,1,LHb,LHb,si,c1-lhb-m05_4,Oval/Medial
CAATCGATCAGAGCAG-1,1,LHb,LHb,si,c1-lhb-m05_4,Oval/Medial
CAATGACGTACTGCCG-1,1,LHb,LHb,si,c1-lhb-m05_4,Oval/Medial
CAATTTCGTCTTGCGG-1,1,LHb,LHb,si,c1-lhb-m05_4,Oval/Medial
CACAACAAGCCTGAGA-1,1,LHb,LHb,si,c1-lhb-m05_4,Oval/Medial
CACACAATCGGCAGTC-1,1,LHb,LHb,si,c1-lhb-m05_4,Oval/Medial
CACAGATAGGGCCTCT-1,1,LHb,LHb,si,c1-lhb-m05_4,Hbx
CACAGATAGTGAGGCT-1,1,LHb,LHb,si,c1-lhb-m05_4,Oval/Medial
CACAGATTCGAGTGGA-1,1,LHb,LHb,si,c1-lhb-m05_4,Oval/Medial
CACAGGCTCTTACGTT-1,1,LHb,LHb,si,c1-lhb-m05_4,Hbx
CACATGAGTCATTCCC-1,1,LHb,LHb,si,c1-lhb-m05_4,Oval/Medial
CACCAAAGTCCACTCT-1,1,LHb,LHb,si,c1-lhb-m05_4,Oval/Medial
CACCGTTGTTGCATCA-1,1,LHb,LHb,si,c1-lhb-m05_4,Oval/Medial
CACGAATAGCGGTAGT-1,1,LHb,LHb,si,c1-lhb-m05_4,Oval/Medial
CACGAATTCATGCCAA-1,1,LHb,LHb,si,c1-lhb-m05_4,Oval/Medial
CACGTGGAGTACAGAT-1,1,LHb,LHb,si,c1-lhb-m05_4,Oval/Medial
CACGTTCTCTCGTGGG-1,1,LHb,LHb,si,c1-lhb-m05_4,Oval/Medial
CACTGAAAGCGAGTCA-1,1,LHb,LHb,si,c1-lhb-m05_4,Lateral
CACTGGGCAACTCGTA-1,1,LHb,LHb,si,c1-lhb-m05_4,Oval/Medial
CACTGTCTCCTTCGAC-1,1,LHb,LHb,si,c1-lhb-m05_4,Lateral
CACTTCGAGCATATGA-1,1,LHb,LHb,si,c1-lhb-m05_4,Oval/Medial
CACTTCGAGTAAACAC-1,9,LHb,LHb,si,c1-lhb-m05_4,Marginal
CACTTCGCAGTAGATA-1,1,LHb,LHb,si,c1-lhb-m05_4,Oval/Medial
CAGATCAAGCGAGGAG-1,1,LHb,LHb,si,c1-lhb-m05_4,Oval/Medial
CAGATCAAGGCCACTC-1,0,LHb,LHb,si,c1-lhb-m05_4,Marginal
CAGATCAGTCATGGCC-1,1,LHb,LHb,si,c1-lhb-m05_4,Oval/Medial
CAGCACGAGCTGTGCC-1,1,LHb,LHb,si,c1-lhb-m05_4,Oval/Medial
CAGCGTGCAGCAGTCC-1,2,LHb,LHb,si,c1-lhb-m05_4,Marginal
CAGGCCACACGCGTGT-1,1,LHb,LHb,si,c1-lhb-m05_4,Oval/Medial
CAGGTATGTACGATTC-1,9,LHb,LHb,si,c1-lhb-m05_4,Marginal
CAGTGCGGTAGTGGCA-1-1,1,LHb,LHb,si,c1-lhb-m05_4,Oval/Medial
CAGTGCGTCAACCGAT-1,1,LHb,LHb,si,c1-lhb-m05_4,Oval/Medial
CAGTTAGGTCTTTCTA-1,1,LHb,LHb,si,c1-lhb-m05_4,Oval/Medial
CATACAGAGGAAAGGT-1,1,LHb,LHb,si,c1-lhb-m05_4,Lateral
CATACAGGTTGTGCCG-1,1,LHb,LHb,si,c1-lhb-m05_4,Hbx
CATACCCAGATGAACT-1,1,LHb,LHb,si,c1-lhb-m05_4,Hbx
CATACTTAGCGAGGAG-1,0,LHb,LHb,si,c1-lhb-m05_4,Marginal
CATACTTGTACGACAG-1,1,LHb,LHb,si,c1-lhb-m05_4,Oval/Medial
CATAGACGTTAGGGTG-1,1,LHb,LHb,si,c1-lhb-m05_4,Oval/Medial
CATCAAGGTAACCCGC-1,1,LHb,LHb,si,c1-lhb-m05_4,Lateral
CATCCACTCACCGCTT-1,1,LHb,LHb,si,c1-lhb-m05_4,Oval/Medial
CATCCACTCTGCTAGA-1,9,LHb,LHb,si,c1-lhb-m05_4,Oval/Medial
CATCGGGGTCTTGGTA-1,9,LHb,LHb,si,c1-lhb-m05_4,Marginal
CATGAGTAGGCTATCT-1,1,LHb,LHb,si,c1-lhb-m05_4,Oval/Medial
CATGCAAGTATCCCAA-1,1,LHb,LHb,si,c1-lhb-m05_4,Oval/Medial
CATGCCTGTAGGAGGG-1,1,LHb,LHb,si,c1-lhb-m05_4,Lateral
CATGCGGCATCATTTC-1,1,LHb,LHb,si,c1-lhb-m05_4,Oval/Medial
CATGCGGTCCCGAGGT-1,1,LHb,LHb,si,c1-lhb-m05_4,Oval/Medial
CATGCTCCAGAAATTG-1,1,LHb,LHb,si,c1-lhb-m05_4,Oval/Medial
CATGCTCGTATGAAGT-1,1,LHb,LHb,si,c1-lhb-m05_4,Oval/Medial
CATGGATAGCGCACAA-1,1,LHb,LHb,si,c1-lhb-m05_4,Oval/Medial
CATGGATTCTACGGGC-1,1,LHb,LHb,si,c1-lhb-m05_4,Oval/Medial
CATTCATGTCATCGCG-1,1,LHb,LHb,si,c1-lhb-m05_4,Oval/Medial
CATTGAGAGGCGTTAG-1,1,LHb,LHb,si,c1-lhb-m05_4,Oval/Medial
CATTGAGTCAGGAAAT-1,1,LHb,LHb,si,c1-lhb-m05_4,Oval/Medial
CATTGAGTCTCGAGTA-1,1,LHb,LHb,si,c1-lhb-m05_4,Oval/Medial
CATTGTTGTCGTACTA-1,1,LHb,LHb,si,c1-lhb-m05_4,Oval/Medial
CATTGTTTCATTTCCA-1,1,LHb,LHb,si,c1-lhb-m05_4,Oval/Medial
CCAAGCGAGGTTATAG-1,1,LHb,LHb,si,c1-lhb-m05_4,Oval/Medial
CCAATGAAGTCTTGGT-1,1,LHb,LHb,si,c1-lhb-m05_4,Lateral
CCAATTTAGCGTTCAT-1,9,LHb,LHb,si,c1-lhb-m05_4,Marginal
CCACAAAAGCCTATTG-1,1,LHb,LHb,si,c1-lhb-m05_4,Oval/Medial
CCACACTGTGGAAGTC-1,1,LHb,LHb,si,c1-lhb-m05_4,Oval/Medial
CCACCATAGAGTTGTA-1,9,LHb,LHb,si,c1-lhb-m05_4,Marginal
CCACCATTCAGTAGGG-1,1,LHb,LHb,si,c1-lhb-m05_4,Oval/Medial
CCACGTTAGACAGCGT-1,1,LHb,LHb,si,c1-lhb-m05_4,Oval/Medial
CCACGTTAGTCTGCAT-1,1,LHb,LHb,si,c1-lhb-m05_4,Oval/Medial
CCACGTTCACACCGCA-1,1,LHb,LHb,si,c1-lhb-m05_4,Oval/Medial
CCACTTGGTCCGGACT-1,1,LHb,LHb,si,c1-lhb-m05_4,Oval/Medial
CCCAACTGTTCCTTGC-1,1,LHb,LHb,si,c1-lhb-m05_4,Oval/Medial
CCCGAAGCAGTATTCG-1,1,LHb,LHb,si,c1-lhb-m05_4,Oval/Medial
CCCGGAAAGCAGAAAG-1,1,LHb,LHb,si,c1-lhb-m05_4,Oval/Medial
CCCTCTCGTACCACGC-1,0,LHb,LHb,si,c1-lhb-m05_4,Oval/Medial
CCCTGATAGCAACTTC-1,9,LHb,LHb,si,c1-lhb-m05_4,Oval/Medial
CCCTGATTCTAATTCC-1,1,LHb,LHb,si,c1-lhb-m05_4,Oval/Medial
CCGATCTAGCGACCCT-1,1,LHb,LHb,si,c1-lhb-m05_4,Oval/Medial
CCGATCTTCCGCACGA-1,1,LHb,LHb,si,c1-lhb-m05_4,Oval/Medial
CCGATGGTCCAAGAGG-1,1,LHb,LHb,si,c1-lhb-m05_4,Oval/Medial
CCGCAAGGTCACTAGT-1,1,LHb,LHb,si,c1-lhb-m05_4,Oval/Medial
CCGGACAGTCTCGCGA-1,1,LHb,LHb,si,c1-lhb-m05_4,Oval/Medial
CCGGTAGGTGGCAGAT-1,1,LHb,LHb,si,c1-lhb-m05_4,Lateral
CCGTAGGCAGACTGCC-1,1,LHb,LHb,si,c1-lhb-m05_4,Oval/Medial
CCTAAGATCGCCTTGT-1,1,LHb,LHb,si,c1-lhb-m05_4,Oval/Medial
CCTAAGATCGGACTGC-1,1,LHb,LHb,si,c1-lhb-m05_4,Oval/Medial
CCTACGTTCTGGGTCG-1,1,LHb,LHb,si,c1-lhb-m05_4,Lateral
CCTCACAAGCTGAGTG-1,1,LHb,LHb,si,c1-lhb-m05_4,Marginal
CCTCACAGTTGGTAGG-1,1,LHb,LHb,si,c1-lhb-m05_4,Oval/Medial
CCTCAGTAGATGCGAC-1,1,LHb,LHb,si,c1-lhb-m05_4,Hbx
CCTCATGAGATGGGCT-1,1,LHb,LHb,si,c1-lhb-m05_4,Oval/Medial
CCTCCAAGTATCCTTT-1,1,LHb,LHb,si,c1-lhb-m05_4,Oval/Medial
CCTCTAGAGCTCGAAG-1,1,LHb,LHb,si,c1-lhb-m05_4,Oval/Medial
CCTCTAGGTTCCACGG-1,1,LHb,LHb,si,c1-lhb-m05_4,Oval/Medial
CCTGCATCAAGTTGGG-1,1,LHb,LHb,si,c1-lhb-m05_4,Oval/Medial
CCTGCATCACGGTAGA-1,1,LHb,LHb,si,c1-lhb-m05_4,Oval/Medial
CCTTCAGCAGCCCACA-1,9,LHb,LHb,si,c1-lhb-m05_4,Marginal
CCTTCAGTCCGCTAGG-1,1,LHb,LHb,si,c1-lhb-m05_4,Oval/Medial
CCTTCAGTCTGAGATC-1,2,LHb,LHb,si,c1-lhb-m05_4,Marginal
CCTTGTGCAATTTCCT-1,1,LHb,LHb,si,c1-lhb-m05_4,Oval/Medial
CCTTGTGTCGACTCCT-1,1,LHb,LHb,si,c1-lhb-m05_4,Oval/Medial
CGAAGGATCCGGCAGT-1,1,LHb,LHb,si,c1-lhb-m05_4,Oval/Medial
CGAAGTTAGGTCATAA-1,1,LHb,LHb,si,c1-lhb-m05_4,Oval/Medial
CGAAGTTTCCGTCAAA-1,1,LHb,LHb,si,c1-lhb-m05_4,Oval/Medial
CGAAGTTTCGCACGAC-1,1,LHb,LHb,si,c1-lhb-m05_4,Oval/Medial
CGAATTGGTCGCGTCA-1,1,LHb,LHb,si,c1-lhb-m05_4,Lateral
CGACAGCAGATGAAGG-1,1,LHb,LHb,si,c1-lhb-m05_4,Oval/Medial
CGACAGCGTTGCGAAG-1,1,LHb,LHb,si,c1-lhb-m05_4,Oval/Medial
CGAGAAGCATGAAAGT-1,1,LHb,LHb,si,c1-lhb-m05_4,Oval/Medial
CGAGAAGTCTGGGTCG-1,9,LHb,LHb,si,c1-lhb-m05_4,Marginal
CGAGGAACATGGGATG-1,9,LHb,LHb,si,c1-lhb-m05_4,Marginal
CGAGGAAGTGTTATCG-1,1,LHb,LHb,si,c1-lhb-m05_4,Oval/Medial
CGAGGCTCAAATAAGC-1,1,LHb,LHb,si,c1-lhb-m05_4,Oval/Medial
CGAGTGCAGATAGCTA-1,9,LHb,LHb,si,c1-lhb-m05_4,Marginal
CGAGTTAAGGGTAGCT-1,1,LHb,LHb,si,c1-lhb-m05_4,Oval/Medial
CGAGTTAGTCTTGGTA-1,1,LHb,LHb,si,c1-lhb-m05_4,Oval/Medial
CGATCGGAGTAAGCAT-1,1,LHb,LHb,si,c1-lhb-m05_4,Oval/Medial
CGATCGGAGTAGACAT-1,9,LHb,LHb,si,c1-lhb-m05_4,Marginal
CGATCGGGTGCTGTCG-1,1,LHb,LHb,si,c1-lhb-m05_4,Oval/Medial
CGATGCGGTCAGCTTA-1,1,LHb,LHb,si,c1-lhb-m05_4,Marginal
CGATGCGGTTTGGAGG-1,1,LHb,LHb,si,c1-lhb-m05_4,Oval/Medial
CGATGGCAGACAACAT-1,1,LHb,LHb,si,c1-lhb-m05_4,Oval/Medial
CGATGGCAGCGTATGG-1,1,LHb,LHb,si,c1-lhb-m05_4,Oval/Medial
CGATGGCCAATACGCT-1,1,LHb,LHb,si,c1-lhb-m05_4,Oval/Medial
CGCAGGTTCGACCACG-1,1,LHb,LHb,si,c1-lhb-m05_4,Oval/Medial
CGCATAAGTTTGAAAG-1,1,LHb,LHb,si,c1-lhb-m05_4,Oval/Medial
CGCATAATCTGGACTA-1,1,LHb,LHb,si,c1-lhb-m05_4,Oval/Medial
CGCATGGCACTATCCC-1,1,LHb,LHb,si,c1-lhb-m05_4,Oval/Medial
CGCATGGGTTTGACAC-1,1,LHb,LHb,si,c1-lhb-m05_4,Oval/Medial
CGCCAGACAAAGAACT-1,1,LHb,LHb,si,c1-lhb-m05_4,Hbx
CGCCAGACAACAGATA-1,0,LHb,LHb,si,c1-lhb-m05_4,Marginal
CGCCAGATCCCTAGGG-1,1,LHb,LHb,si,c1-lhb-m05_4,Hbx
CGCCATTAGCCGATCC-1,1,LHb,LHb,si,c1-lhb-m05_4,Oval/Medial
CGCGTGACATCCAACA-1,1,LHb,LHb,si,c1-lhb-m05_4,Oval/Medial
CGCGTGATCACGGGCT-1,1,LHb,LHb,si,c1-lhb-m05_4,Oval/Medial
CGGAACCAGTTGGAGC-1,9,LHb,LHb,si,c1-lhb-m05_4,Marginal
CGGAATTAGACCATAA-1,1,LHb,LHb,si,c1-lhb-m05_4,Oval/Medial
CGGAATTCAGGACTTT-1,9,LHb,LHb,si,c1-lhb-m05_4,Marginal
CGGAATTCATGCCATA-1,1,LHb,LHb,si,c1-lhb-m05_4,Oval/Medial
CGGACACAGCAGATAT-1,1,LHb,LHb,si,c1-lhb-m05_4,Oval/Medial
CGGACACCACAATGCT-1,1,LHb,LHb,si,c1-lhb-m05_4,Oval/Medial
CGGACACTCGAGAAGC-1,1,LHb,LHb,si,c1-lhb-m05_4,Oval/Medial
CGGAGAAAGGGCAAGG-1,1,LHb,LHb,si,c1-lhb-m05_4,Oval/Medial
CGGCAGTCAGTAACCT-1,1,LHb,LHb,si,c1-lhb-m05_4,Oval/Medial
CGGCAGTGTGATACCT-1,9,LHb,LHb,si,c1-lhb-m05_4,Marginal
CGGGACTTCCCTCTAG-1,1,LHb,LHb,si,c1-lhb-m05_4,Oval/Medial
CGGGCATCAACAGAGC-1,1,LHb,LHb,si,c1-lhb-m05_4,Oval/Medial
CGGGTCAAGCCGATAG-1,1,LHb,LHb,si,c1-lhb-m05_4,Oval/Medial
CGGGTGTTCCAGCCTT-1,1,LHb,LHb,si,c1-lhb-m05_4,Oval/Medial
CGTAAGTAGTACCGGA-1,1,LHb,LHb,si,c1-lhb-m05_4,Hbx
CGTAAGTGTCTTCATT-1,1,LHb,LHb,si,c1-lhb-m05_4,Oval/Medial
CGTAATGGTTCATCGA-1,1,LHb,LHb,si,c1-lhb-m05_4,Marginal
CGTAGTACAATCGCGC-1,1,LHb,LHb,si,c1-lhb-m05_4,Oval/Medial
CGTCAAAAGTAGGATT-1,1,LHb,LHb,si,c1-lhb-m05_4,Oval/Medial
CGTCAAACAACGATCT-1,1,LHb,LHb,si,c1-lhb-m05_4,Oval/Medial
CGTCAAACAGTTCCAA-1,13,LHb,LHb,si,c1-lhb-m05_4,Lateral
CGTCAAAGTATTTCTC-1,1,LHb,LHb,si,c1-lhb-m05_4,Oval/Medial
CGTCAAAGTTCGGACC-1,1,LHb,LHb,si,c1-lhb-m05_4,Oval/Medial
CGTCCATAGCGCATCC-1,1,LHb,LHb,si,c1-lhb-m05_4,Oval/Medial
CGTCCATAGCGCTGAA-1,1,LHb,LHb,si,c1-lhb-m05_4,Oval/Medial
CGTGATACAGTCTCTC-1,1,LHb,LHb,si,c1-lhb-m05_4,Hbx
CGTGATAGTCGAATGG-1,1,LHb,LHb,si,c1-lhb-m05_4,Lateral
CGTGATATCACTTTGT-1,1,LHb,LHb,si,c1-lhb-m05_4,Oval/Medial
CGTGATATCTCGGTAA-1,1,LHb,LHb,si,c1-lhb-m05_4,Oval/Medial
CGTGCTTAGGTGCCAA-1,1,LHb,LHb,si,c1-lhb-m05_4,Oval/Medial
CGTGCTTTCCGGTAAT-1,1,LHb,LHb,si,c1-lhb-m05_4,Oval/Medial
CGTTAGAAGCAACAAT-1,1,LHb,LHb,si,c1-lhb-m05_4,Oval/Medial
CGTTAGACATGAAGCG-1,1,LHb,LHb,si,c1-lhb-m05_4,Oval/Medial
CGTTCTGTCGACGCTG-1,1,LHb,LHb,si,c1-lhb-m05_4,Oval/Medial
CGTTGGGGTGCCTTCT-1,1,LHb,LHb,si,c1-lhb-m05_4,Oval/Medial
CGTTGGGGTTACACTG-1,1,LHb,LHb,si,c1-lhb-m05_4,Oval/Medial
CTAACTTTCGGCATTA-1,1,LHb,LHb,si,c1-lhb-m05_4,Oval/Medial
CTAACTTTCTCTAAGG-1,9,LHb,LHb,si,c1-lhb-m05_4,Marginal
CTACAGACATCCTTGC-1,9,LHb,LHb,si,c1-lhb-m05_4,Marginal
CTACCCAGTTGGGTTT-1,1,LHb,LHb,si,c1-lhb-m05_4,Oval/Medial
CTACCTGGTTGAAGTA-1,1,LHb,LHb,si,c1-lhb-m05_4,Lateral
CTACGGGGTACCAGAG-1,1,LHb,LHb,si,c1-lhb-m05_4,Lateral
CTACGGGTCCGAGATT-1,1,LHb,LHb,si,c1-lhb-m05_4,Oval/Medial
CTAGACAAGCCTGCCA-1,1,LHb,LHb,si,c1-lhb-m05_4,Oval/Medial
CTAGACAAGTCACTCA-1,1,LHb,LHb,si,c1-lhb-m05_4,Oval/Medial
CTAGACATCGACCCAG-1,1,LHb,LHb,si,c1-lhb-m05_4,Hbx
CTATAGGGTCCCTAAA-1,1,LHb,LHb,si,c1-lhb-m05_4,Oval/Medial
CTATCCGAGCCGCACT-1,9,LHb,LHb,si,c1-lhb-m05_4,Marginal
CTCAACCGTGGGATTG-1,1,LHb,LHb,si,c1-lhb-m05_4,Oval/Medial
CTCAAGAAGATACTGA-1,1,LHb,LHb,si,c1-lhb-m05_4,Oval/Medial
CTCAAGACAACAAGAT-1,1,LHb,LHb,si,c1-lhb-m05_4,Oval/Medial
CTCAAGAGTCTACAGT-1,9,LHb,LHb,si,c1-lhb-m05_4,Marginal
CTCAAGATCTCCGAAA-1,1,LHb,LHb,si,c1-lhb-m05_4,Oval/Medial
CTCAATTAGCTCAGAG-1,1,LHb,LHb,si,c1-lhb-m05_4,Oval/Medial
CTCAATTGTGCGGATA-1,1,LHb,LHb,si,c1-lhb-m05_4,Lateral
CTCACTGCACCTATCC-1,1,LHb,LHb,si,c1-lhb-m05_4,Oval/Medial
CTCACTGCATCGGAGA-1,1,LHb,LHb,si,c1-lhb-m05_4,Oval/Medial
CTCAGGGCAGTAGATA-1,1,LHb,LHb,si,c1-lhb-m05_4,Oval/Medial
CTCATGCAGGATCACG-1,1,LHb,LHb,si,c1-lhb-m05_4,Oval/Medial
CTCATGCAGGGATCAC-1,1,LHb,LHb,si,c1-lhb-m05_4,Oval/Medial
CTCATGCCAGCTAACT-1,9,LHb,LHb,si,c1-lhb-m05_4,Marginal
CTCATGCGTCGCATGC-1,1,LHb,LHb,si,c1-lhb-m05_4,Oval/Medial
CTCCAACGTGATCGTT-1,1,LHb,LHb,si,c1-lhb-m05_4,Oval/Medial
CTCCAACTCAGCTAGT-1,1,LHb,LHb,si,c1-lhb-m05_4,Oval/Medial
CTCCAACTCCTGTAAG-1,1,LHb,LHb,si,c1-lhb-m05_4,Oval/Medial
CTCCACACAAATTGCC-1,1,LHb,LHb,si,c1-lhb-m05_4,Oval/Medial
CTCCACACACGGAAGT-1,1,LHb,LHb,si,c1-lhb-m05_4,Hbx
CTCCACACATTCTTCA-1,1,LHb,LHb,si,c1-lhb-m05_4,Oval/Medial
CTCCACATCTCCGATC-1,1,LHb,LHb,si,c1-lhb-m05_4,Oval/Medial
CTCCATGCACACCGCA-1,0,LHb,LHb,si,c1-lhb-m05_4,Oval/Medial
CTCCATGCATCCCGTT-1,1,LHb,LHb,si,c1-lhb-m05_4,Oval/Medial
CTCCATGTCAGCTTCC-1-1,1,LHb,LHb,si,c1-lhb-m05_4,Oval/Medial
CTCCGATAGCGAGAAA-1,0,LHb,LHb,si,c1-lhb-m05_4,Marginal
CTCCGATCAACTGGTT-1,1,LHb,LHb,si,c1-lhb-m05_4,Oval/Medial
CTCCGATCATGTCGTA-1,1,LHb,LHb,si,c1-lhb-m05_4,Hbx
CTCCTCCCAAGTCATC-1,9,LHb,LHb,si,c1-lhb-m05_4,Marginal
CTCCTCCGTACTGAGG-1,1,LHb,LHb,si,c1-lhb-m05_4,Oval/Medial
CTCCTTTAGCGCACAA-1,1,LHb,LHb,si,c1-lhb-m05_4,Oval/Medial
CTCGAGGAGACCAAAT-1,1,LHb,LHb,si,c1-lhb-m05_4,Oval/Medial
CTCGAGGCAATGAAAC-1,1,LHb,LHb,si,c1-lhb-m05_4,Oval/Medial
CTCTCAGCACTGGCGT-1,1,LHb,LHb,si,c1-lhb-m05_4,Oval/Medial
CTCTCGACACCGAATT-1,1,LHb,LHb,si,c1-lhb-m05_4,Oval/Medial
CTGAATGAGCGTATGG-1,1,LHb,LHb,si,c1-lhb-m05_4,Marginal
CTGAATGGTCGTTGGC-1,0,LHb,LHb,si,c1-lhb-m05_4,Oval/Medial
CTGAATGGTCTCTCCA-1,1,LHb,LHb,si,c1-lhb-m05_4,Oval/Medial
CTGCAGGTCCTGTTGC-1,1,LHb,LHb,si,c1-lhb-m05_4,Oval/Medial
CTGCCATCATTGTACG-1,1,LHb,LHb,si,c1-lhb-m05_4,Oval/Medial
CTGCCATTCAGAGCGA-1,9,LHb,LHb,si,c1-lhb-m05_4,Oval/Medial
CTGCCTAAGGCAATGC-1,1,LHb,LHb,si,c1-lhb-m05_4,Oval/Medial
CTGCCTACAAGGTCGA-1,1,LHb,LHb,si,c1-lhb-m05_4,Oval/Medial
CTGCGAGCACGACAGA-1,1,LHb,LHb,si,c1-lhb-m05_4,Hbx
CTGCGAGCACGAGGAT-1,1,LHb,LHb,si,c1-lhb-m05_4,Oval/Medial
CTGCGAGGTCCTGGTG-1,1,LHb,LHb,si,c1-lhb-m05_4,Hbx
CTGCGAGTCATTTCGT-1,1,LHb,LHb,si,c1-lhb-m05_4,Oval/Medial
CTGGACGTCCGTGTGG-1,1,LHb,LHb,si,c1-lhb-m05_4,Oval/Medial
CTGGCAGGTGAACCGA-1,1,LHb,LHb,si,c1-lhb-m05_4,Oval/Medial
CTGGTCTCAGCGACAA-1,1,LHb,LHb,si,c1-lhb-m05_4,Oval/Medial
CTGGTCTTCGGAAGGT-1,1,LHb,LHb,si,c1-lhb-m05_4,Oval/Medial
CTGTCGTAGTAACCTC-1,9,LHb,LHb,si,c1-lhb-m05_4,Marginal
CTTACCGCAGAGACTG-1,1,LHb,LHb,si,c1-lhb-m05_4,Oval/Medial
CTTAGGAAGGTGGGTT-1,1,LHb,LHb,si,c1-lhb-m05_4,Oval/Medial
CTTCAATGTATTGAGA-1,1,LHb,LHb,si,c1-lhb-m05_4,Oval/Medial
CTTCCGACACACTTAG-1,9,LHb,LHb,si,c1-lhb-m05_4,Oval/Medial
CTTCTAAAGTTCCGGC-1,1,LHb,LHb,si,c1-lhb-m05_4,Hbx
CTTCTCTCAAGTTCGT-1,1,LHb,LHb,si,c1-lhb-m05_4,Oval/Medial
CTTCTCTTCACATCAG-1,1,LHb,LHb,si,c1-lhb-m05_4,Oval/Medial
CTTCTCTTCCCAGGCA-1,1,LHb,LHb,si,c1-lhb-m05_4,Oval/Medial
CTTGATTAGATGTTAG-1,1,LHb,LHb,si,c1-lhb-m05_4,Lateral
CTTGATTCAATGTTGC-1,1,LHb,LHb,si,c1-lhb-m05_4,Oval/Medial
CTTGATTGTGTCCCTT-1,1,LHb,LHb,si,c1-lhb-m05_4,Oval/Medial
CTTTCAAAGTGATTCC-1,1,LHb,LHb,si,c1-lhb-m05_4,Oval/Medial
CTTTCAAGTGTGACCC-1,1,LHb,LHb,si,c1-lhb-m05_4,Oval/Medial
CTTTCAATCTGAGGCC-1,1,LHb,LHb,si,c1-lhb-m05_4,Oval/Medial
CTTTCGGAGGCTATCT-1,1,LHb,LHb,si,c1-lhb-m05_4,Oval/Medial
CTTTCGGCAGGTGTTT-1,1,LHb,LHb,si,c1-lhb-m05_4,Oval/Medial
GAAACCTCAACTTGGT-1,1,LHb,LHb,si,c1-lhb-m05_4,Oval/Medial
GAAACCTCACGCGGTT-1,1,LHb,LHb,si,c1-lhb-m05_4,Oval/Medial
GAAATGAAGCTCTGTA-1,1,LHb,LHb,si,c1-lhb-m05_4,Oval/Medial
GAAATGAAGTCTCCTC-1,1,LHb,LHb,si,c1-lhb-m05_4,Lateral
GAACACTAGCTGCCTG-1,1,LHb,LHb,si,c1-lhb-m05_4,Oval/Medial
GAACACTCAAAGGTTA-1,13,LHb,LHb,si,c1-lhb-m05_4,Oval/Medial
GAACACTGTCTTACTT-1,1,LHb,LHb,si,c1-lhb-m05_4,Oval/Medial
GAACGTTCATAACGGG-1,9,LHb,LHb,si,c1-lhb-m05_4,Marginal
GAACGTTGTCGAGTTT-1,1,LHb,LHb,si,c1-lhb-m05_4,Oval/Medial
GAACTGTGTATTTCTC-1,1,LHb,LHb,si,c1-lhb-m05_4,Oval/Medial
GAACTGTGTCGTACTA-1,1,LHb,LHb,si,c1-lhb-m05_4,Lateral
GAAGAATCATGACTCA-1,1,LHb,LHb,si,c1-lhb-m05_4,Oval/Medial
GAAGAATGTGGGACAT-1,1,LHb,LHb,si,c1-lhb-m05_4,Oval/Medial
GAAGCCCAGTTGTAGA-1,1,LHb,LHb,si,c1-lhb-m05_4,Oval/Medial
GAAGCGAGTCACTCGG-1,1,LHb,LHb,si,c1-lhb-m05_4,Hbx
GAAGGACAGTCATCGT-1,1,LHb,LHb,si,c1-lhb-m05_4,Oval/Medial
GAAGTAATCTCACTCG-1,1,LHb,LHb,si,c1-lhb-m05_4,Oval/Medial
GAATCGTAGGCAGCTA-1,1,LHb,LHb,si,c1-lhb-m05_4,Oval/Medial
GAATCGTCACAGCATT-1,1,LHb,LHb,si,c1-lhb-m05_4,Oval/Medial
GACAGCCCAGGGTTGA-1,1,LHb,LHb,si,c1-lhb-m05_4,Marginal
GACAGCCTCATAAGGA-1,9,LHb,LHb,si,c1-lhb-m05_4,Marginal
GACATCACAAACGTGG-1-1,9,LHb,LHb,si,c1-lhb-m05_4,Marginal
GACCCAGAGTAACCGG-1,1,LHb,LHb,si,c1-lhb-m05_4,Oval/Medial
GACCTTCTCGGATACT-1,9,LHb,LHb,si,c1-lhb-m05_4,Marginal
GACGCTGAGTGGCCTC-1,1,LHb,LHb,si,c1-lhb-m05_4,Oval/Medial
GACGCTGGTAGAATAC-1,1,LHb,LHb,si,c1-lhb-m05_4,Lateral
GACGTTACACTGAGGA-1,1,LHb,LHb,si,c1-lhb-m05_4,Oval/Medial
GACTATGCAACGGCTC-1,1,LHb,LHb,si,c1-lhb-m05_4,Oval/Medial
GACTATGCATATCTCT-1,1,LHb,LHb,si,c1-lhb-m05_4,Oval/Medial
GACTCAAGTCGCATTA-1,1,LHb,LHb,si,c1-lhb-m05_4,Oval/Medial
GACTCTCCAAGATTGA-1,1,LHb,LHb,si,c1-lhb-m05_4,Oval/Medial
GACTCTCGTGGGATTG-1,1,LHb,LHb,si,c1-lhb-m05_4,Oval/Medial
GACTCTCTCAGGGATG-1,9,LHb,LHb,si,c1-lhb-m05_4,Oval/Medial
GACTGATAGCATTGAA-1,1,LHb,LHb,si,c1-lhb-m05_4,Oval/Medial
GAGATGGTCAACGCTA-1,1,LHb,LHb,si,c1-lhb-m05_4,Oval/Medial
GAGCCTGGTTCAGGTT-1,1,LHb,LHb,si,c1-lhb-m05_4,Oval/Medial
GAGGCAAAGTGGAATT-1,1,LHb,LHb,si,c1-lhb-m05_4,Oval/Medial
GAGGCAACAGCAGTGA-1,9,LHb,LHb,si,c1-lhb-m05_4,Marginal
GAGGCCTGTGCAGTGA-1,1,LHb,LHb,si,c1-lhb-m05_4,Oval/Medial
GAGGGATAGATGATTG-1,1,LHb,LHb,si,c1-lhb-m05_4,Oval/Medial
GAGGGTACAATAACGA-1,1,LHb,LHb,si,c1-lhb-m05_4,Oval/Medial
GAGTCATGTTTACTGG-1,1,LHb,LHb,si,c1-lhb-m05_4,Oval/Medial
GAGTCATTCTAGAACC-1,1,LHb,LHb,si,c1-lhb-m05_4,Lateral
GAGTGAGAGCAACAGC-1,1,LHb,LHb,si,c1-lhb-m05_4,Hbx
GAGTGTTCAGGCGATA-1,1,LHb,LHb,si,c1-lhb-m05_4,Oval/Medial
GAGTTACAGGTAATCA-1,1,LHb,LHb,si,c1-lhb-m05_4,Lateral
GAGTTACCACCAGGTC-1,1,LHb,LHb,si,c1-lhb-m05_4,Oval/Medial
GAGTTGTGTGACAGGT-1,1,LHb,LHb,si,c1-lhb-m05_4,Oval/Medial
GAGTTGTTCCGACAGC-1,1,LHb,LHb,si,c1-lhb-m05_4,Hbx
GAGTTTGGTCAATCTG-1,1,LHb,LHb,si,c1-lhb-m05_4,Oval/Medial
GAGTTTGGTGGATACG-1,1,LHb,LHb,si,c1-lhb-m05_4,Oval/Medial
GATAGCTCAGAGCTAG-1,1,LHb,LHb,si,c1-lhb-m05_4,Oval/Medial
GATAGCTTCAGAGTGG-1,1,LHb,LHb,si,c1-lhb-m05_4,Hbx
GATCACAAGTGAGTTA-1,1,LHb,LHb,si,c1-lhb-m05_4,Oval/Medial
GATCATGCATTGACAC-1,9,LHb,LHb,si,c1-lhb-m05_4,Oval/Medial
GATCCCTAGGTGCATG-1,1,LHb,LHb,si,c1-lhb-m05_4,Oval/Medial
GATCGTAGTCAACCTA-1,1,LHb,LHb,si,c1-lhb-m05_4,Oval/Medial
GATGACTAGCTCGAAG-1,1,LHb,LHb,si,c1-lhb-m05_4,Hbx
GATGACTAGTAATACG-1,1,LHb,LHb,si,c1-lhb-m05_4,Lateral
GATGACTCAGCGATTT-1,1,LHb,LHb,si,c1-lhb-m05_4,Oval/Medial
GATGAGGTCCAAGCCG-1,9,LHb,LHb,si,c1-lhb-m05_4,Marginal
GATGCTACACCGGAAA-1,1,LHb,LHb,si,c1-lhb-m05_4,Oval/Medial
GATGGAGAGAGAGCAA-1,1,LHb,LHb,si,c1-lhb-m05_4,Lateral
GATGGAGGTCGTATTG-1,2,LHb,LHb,si,c1-lhb-m05_4,Marginal
GATGGAGTCGAGCACC-1,1,LHb,LHb,si,c1-lhb-m05_4,Hbx
GATGTTGGTGGATACG-1,1,LHb,LHb,si,c1-lhb-m05_4,Oval/Medial
GATGTTGTCATGCATG-1,9,LHb,LHb,si,c1-lhb-m05_4,Marginal
GATTCGAAGCACCAGA-1,1,LHb,LHb,si,c1-lhb-m05_4,Oval/Medial
GATTCGACAGGCTACC-1,1,LHb,LHb,si,c1-lhb-m05_4,Oval/Medial
GATTCGATCGGTCGAC-1,1,LHb,LHb,si,c1-lhb-m05_4,Oval/Medial
GATTCTTAGGCTTAAA-1,1,LHb,LHb,si,c1-lhb-m05_4,Oval/Medial
GATTCTTCATACATCG-1,0,LHb,LHb,si,c1-lhb-m05_4,Oval/Medial
GATTCTTGTTGTCATG-1,1,LHb,LHb,si,c1-lhb-m05_4,Oval/Medial
GCAACATAGCACTAAA-1,1,LHb,LHb,si,c1-lhb-m05_4,Oval/Medial
GCAACATTCTCAGTCC-1,1,LHb,LHb,si,c1-lhb-m05_4,Oval/Medial
GCAACATTCTTACACT-1,1,LHb,LHb,si,c1-lhb-m05_4,Oval/Medial
GCAACCGGTGCAGATG-1,1,LHb,LHb,si,c1-lhb-m05_4,Oval/Medial
GCAACCGTCAAGCCTA-1,1,LHb,LHb,si,c1-lhb-m05_4,Oval/Medial
GCAACCGTCCAACCAA-1,1,LHb,LHb,si,c1-lhb-m05_4,Hbx
GCACATAGTTCGGCGT-1,1,LHb,LHb,si,c1-lhb-m05_4,Oval/Medial
GCACATATCTCTAAGG-1,1,LHb,LHb,si,c1-lhb-m05_4,Oval/Medial
GCACGGTAGATTTGCC-1-1,1,LHb,LHb,si,c1-lhb-m05_4,Oval/Medial
GCACGGTCAAATAGCA-1,2,LHb,LHb,si,c1-lhb-m05_4,Oval/Medial
GCACGGTGTTGCTAGT-1,1,LHb,LHb,si,c1-lhb-m05_4,Marginal
GCACGTGTCAACCGAT-1,1,LHb,LHb,si,c1-lhb-m05_4,Oval/Medial
GCACTAACAAACTCGT-1,1,LHb,LHb,si,c1-lhb-m05_4,Oval/Medial
GCAGCCATCAACTACG-1,1,LHb,LHb,si,c1-lhb-m05_4,Oval/Medial
GCAGCTGAGGGAGGTG-1,1,LHb,LHb,si,c1-lhb-m05_4,Oval/Medial
GCAGCTGCAGGGACTA-1,1,LHb,LHb,si,c1-lhb-m05_4,Oval/Medial
GCAGTTACACCGTGGT-1,1,LHb,LHb,si,c1-lhb-m05_4,Oval/Medial
GCATGATGTGTCTTAG-1,9,LHb,LHb,si,c1-lhb-m05_4,Hbx
GCCAGCAAGGGTGAAA-1,1,LHb,LHb,si,c1-lhb-m05_4,Oval/Medial
GCCAGCATCTTCTCAA-1,1,LHb,LHb,si,c1-lhb-m05_4,Oval/Medial
GCCAGTGCAAGACTGG-1,9,LHb,LHb,si,c1-lhb-m05_4,Marginal
GCCAGTGCAAGCCCAC-1,1,LHb,LHb,si,c1-lhb-m05_4,Oval/Medial
GCCAGTGCAATTTCTC-1,1,LHb,LHb,si,c1-lhb-m05_4,Oval/Medial
GCCATGGGTGAATATG-1,1,LHb,LHb,si,c1-lhb-m05_4,Oval/Medial
GCCCGAACAACGGTAG-1,1,LHb,LHb,si,c1-lhb-m05_4,Oval/Medial
GCCGATGAGCGACTTT-1,1,LHb,LHb,si,c1-lhb-m05_4,Oval/Medial
GCCGTGAAGTATGATG-1,1,LHb,LHb,si,c1-lhb-m05_4,Oval/Medial
GCGAGAATCCATAGGT-1,1,LHb,LHb,si,c1-lhb-m05_4,Oval/Medial
GCGGAAACAATACAGA-1,1,LHb,LHb,si,c1-lhb-m05_4,Marginal
GCGGATCCATGACTCA-1,9,LHb,LHb,si,c1-lhb-m05_4,Marginal
GCGTTTCCATCCTTGC-1,1,LHb,LHb,si,c1-lhb-m05_4,Oval/Medial
GCTACAAAGGGTGGGA-1,1,LHb,LHb,si,c1-lhb-m05_4,Lateral
GCTACCTGTGTCCGGT-1,1,LHb,LHb,si,c1-lhb-m05_4,Oval/Medial
GCTCAAAAGTCATGAA-1,1,LHb,LHb,si,c1-lhb-m05_4,Oval/Medial
GCTCAAACACTTTAGG-1,1,LHb,LHb,si,c1-lhb-m05_4,Oval/Medial
GCTGAATCATCTATCT-1,9,LHb,LHb,si,c1-lhb-m05_4,Marginal
GCTGCAGTCCGGACGT-1,1,LHb,LHb,si,c1-lhb-m05_4,Oval/Medial
GCTGGGTCAAGTTTGC-1,1,LHb,LHb,si,c1-lhb-m05_4,Oval/Medial
GCTGGGTGTCTTTCTA-1,1,LHb,LHb,si,c1-lhb-m05_4,Oval/Medial
GCTTCACAGATTGGGC-1,1,LHb,LHb,si,c1-lhb-m05_4,Oval/Medial
GCTTCACGTCCTACAA-1,1,LHb,LHb,si,c1-lhb-m05_4,Oval/Medial
GCTTGGGGTTCTGACA-1,1,LHb,LHb,si,c1-lhb-m05_4,Oval/Medial
GCTTGGGGTTGATGTC-1,1,LHb,LHb,si,c1-lhb-m05_4,Oval/Medial
GGAACCCCAAGCGCAA-1,1,LHb,LHb,si,c1-lhb-m05_4,Oval/Medial
GGAACCCCAGAGTAAT-1,1,LHb,LHb,si,c1-lhb-m05_4,Oval/Medial
GGAAGTGAGGACAAGA-1,9,LHb,LHb,si,c1-lhb-m05_4,Marginal
GGAAGTGCACAAGCCC-1,9,LHb,LHb,si,c1-lhb-m05_4,Oval/Medial
GGAATGGTCGATAACC-1,1,LHb,LHb,si,c1-lhb-m05_4,Oval/Medial
GGACGTCTCGCTCTCA-1,1,LHb,LHb,si,c1-lhb-m05_4,Oval/Medial
GGAGAACAGACGCCCT-1,1,LHb,LHb,si,c1-lhb-m05_4,Oval/Medial
GGAGGTAAGCATCAGG-1,1,LHb,LHb,si,c1-lhb-m05_4,Oval/Medial
GGAGGTAGTGCGTCGT-1,1,LHb,LHb,si,c1-lhb-m05_4,Oval/Medial
GGATCTAAGTATAGGT-1,1,LHb,LHb,si,c1-lhb-m05_4,Lateral
GGATCTATCTGAGGTT-1,9,LHb,LHb,si,c1-lhb-m05_4,Marginal
GGATGTTCAGTAACGG-1,1,LHb,LHb,si,c1-lhb-m05_4,Lateral
GGCACGTGTGAGAACC-1,13,LHb,LHb,si,c1-lhb-m05_4,Oval/Medial
GGCAGTCGTGACACAG-1,1,LHb,LHb,si,c1-lhb-m05_4,Oval/Medial
GGCGTCAAGGTGCTGA-1,1,LHb,LHb,si,c1-lhb-m05_4,Oval/Medial
GGCGTCATCCCGGTAG-1,1,LHb,LHb,si,c1-lhb-m05_4,Oval/Medial
GGCGTCATCTCTCCGA-1,1,LHb,LHb,si,c1-lhb-m05_4,Oval/Medial
GGCTGTGCATAGAATG-1,1,LHb,LHb,si,c1-lhb-m05_4,Hbx
GGCTTGGGTTAAAGTG-1,1,LHb,LHb,si,c1-lhb-m05_4,Oval/Medial
GGCTTTCCAGTATTCG-1,1,LHb,LHb,si,c1-lhb-m05_4,Oval/Medial
GGCTTTCTCCCATACC-1,1,LHb,LHb,si,c1-lhb-m05_4,Oval/Medial
GGCTTTCTCTGGGTCG-1,1,LHb,LHb,si,c1-lhb-m05_4,Oval/Medial
GGGACAACAAGTGTCT-1,1,LHb,LHb,si,c1-lhb-m05_4,Oval/Medial
GGGACAAGTGATATAG-1,1,LHb,LHb,si,c1-lhb-m05_4,Oval/Medial
GGGACCTGTGACACGA-1,1,LHb,LHb,si,c1-lhb-m05_4,Hbx
GGGAGATCATCGTCCT-1,1,LHb,LHb,si,c1-lhb-m05_4,Marginal
GGGATCCAGATAGGGA-1,1,LHb,LHb,si,c1-lhb-m05_4,Oval/Medial
GGGATCCTCACCCTCA-1,0,LHb,LHb,si,c1-lhb-m05_4,Oval/Medial
GGGATGAAGGCTATCT-1,1,LHb,LHb,si,c1-lhb-m05_4,Oval/Medial
GGGATGAAGGGAGGCA-1,1,LHb,LHb,si,c1-lhb-m05_4,Oval/Medial
GGGCGTTAGAACAGGA-1,1,LHb,LHb,si,c1-lhb-m05_4,Oval/Medial
GGGCGTTAGGGCGAGA-1,1,LHb,LHb,si,c1-lhb-m05_4,Oval/Medial
GGGCGTTTCGTCCATC-1,1,LHb,LHb,si,c1-lhb-m05_4,Oval/Medial
GGGCGTTTCTCGAGTA-1,1,LHb,LHb,si,c1-lhb-m05_4,Oval/Medial
GGGCTACCATCCGCGA-1,1,LHb,LHb,si,c1-lhb-m05_4,Oval/Medial
GGGCTACTCTCCATAT-1,1,LHb,LHb,si,c1-lhb-m05_4,Oval/Medial
GGGTAGAAGTCGCGAA-1,9,LHb,LHb,si,c1-lhb-m05_4,Oval/Medial
GGGTAGACAGTGCCTG-1,9,LHb,LHb,si,c1-lhb-m05_4,Marginal
GGGTAGACATGTGGTT-1,1,LHb,LHb,si,c1-lhb-m05_4,Oval/Medial
GGGTATTAGTTCGCAT-1,1,LHb,LHb,si,c1-lhb-m05_4,Oval/Medial
GGGTATTGTGCCGAAA-1,1,LHb,LHb,si,c1-lhb-m05_4,Hbx
GGGTCACAGAGCAAGA-1,1,LHb,LHb,si,c1-lhb-m05_4,Oval/Medial
GGGTCACAGCTCCCTT-1,1,LHb,LHb,si,c1-lhb-m05_4,Oval/Medial
GGGTCACCAGGAATCG-1,1,LHb,LHb,si,c1-lhb-m05_4,Oval/Medial
GGGTCTGGTTCCGCAG-1,1,LHb,LHb,si,c1-lhb-m05_4,Lateral
GGGTGAACAGAGAATT-1,1,LHb,LHb,si,c1-lhb-m05_4,Oval/Medial
GGGTGTCTCGGTAAGG-1,9,LHb,LHb,si,c1-lhb-m05_4,Marginal
GGGTTATTCTTTGATC-1,1,LHb,LHb,si,c1-lhb-m05_4,Oval/Medial
GGGTTTATCAACACCA-1,1,LHb,LHb,si,c1-lhb-m05_4,Oval/Medial
GGTAACTAGGTAAGAG-1,1,LHb,LHb,si,c1-lhb-m05_4,Lateral
GGTAACTTCGGAGATG-1-1,1,LHb,LHb,si,c1-lhb-m05_4,Oval/Medial
GGTAATCAGCATCAAA-1,1,LHb,LHb,si,c1-lhb-m05_4,Oval/Medial
GGTAATCGTTGTCCCT-1,1,LHb,LHb,si,c1-lhb-m05_4,Oval/Medial
GGTAGAGAGGACCCAA-1,1,LHb,LHb,si,c1-lhb-m05_4,Oval/Medial
GGTAGAGAGGGTACAC-1,1,LHb,LHb,si,c1-lhb-m05_4,Oval/Medial
GGTAGAGTCTTAGCCC-1,1,LHb,LHb,si,c1-lhb-m05_4,Oval/Medial
GGTCACGAGGAATCGC-1,1,LHb,LHb,si,c1-lhb-m05_4,Oval/Medial
GGTCACGCACCATAAC-1,2,LHb,LHb,si,c1-lhb-m05_4,Marginal
GGTCACGTCATTTGCT-1,0,LHb,LHb,si,c1-lhb-m05_4,Hbx
GGTGAAGAGGGACTGT-1,1,LHb,LHb,si,c1-lhb-m05_4,Hbx
GGTGATTGTCACAATC-1,9,LHb,LHb,si,c1-lhb-m05_4,Marginal
GGTGGCTAGCATCCCG-1,1,LHb,LHb,si,c1-lhb-m05_4,Oval/Medial
GGTGTCGGTGGCCCAT-1,1,LHb,LHb,si,c1-lhb-m05_4,Oval/Medial
GGTGTTAAGAATTGTG-1,1,LHb,LHb,si,c1-lhb-m05_4,Oval/Medial
GGTGTTATCCGATGTA-1-1,1,LHb,LHb,si,c1-lhb-m05_4,Oval/Medial
GGTTAACCAGGGAGAG-1,1,LHb,LHb,si,c1-lhb-m05_4,Oval/Medial
GGTTCTCCAGCAGAAC-1,9,LHb,LHb,si,c1-lhb-m05_4,Marginal
GGTTCTCCAGCTTTGA-1,1,LHb,LHb,si,c1-lhb-m05_4,Oval/Medial
GGTTCTCGTCCACAGC-1,1,LHb,LHb,si,c1-lhb-m05_4,Oval/Medial
GGTTCTCGTTGCCGAC-1,1,LHb,LHb,si,c1-lhb-m05_4,Oval/Medial
GTAACACAGTTACGTC-1,1,LHb,LHb,si,c1-lhb-m05_4,Oval/Medial
GTAATGCTCAAAGGTA-1,1,LHb,LHb,si,c1-lhb-m05_4,Oval/Medial
GTACAGTCAAGTTTGC-1,1,LHb,LHb,si,c1-lhb-m05_4,Oval/Medial
GTAGAGGCATGTTCAG-1,0,LHb,LHb,si,c1-lhb-m05_4,Hbx
GTAGAGGTCGACGATT-1,1,LHb,LHb,si,c1-lhb-m05_4,Oval/Medial
GTAGGTTAGTTGAAGT-1,1,LHb,LHb,si,c1-lhb-m05_4,Oval/Medial
GTAGGTTGTGCAACGA-1,1,LHb,LHb,si,c1-lhb-m05_4,Oval/Medial
GTAGGTTGTTACCTTT-1,1,LHb,LHb,si,c1-lhb-m05_4,Oval/Medial
GTAGGTTTCACCTGGG-1,1,LHb,LHb,si,c1-lhb-m05_4,Oval/Medial
GTAGTACTCAGCAATC-1,1,LHb,LHb,si,c1-lhb-m05_4,Oval/Medial
GTAGTACTCCTTCTTC-1,1,LHb,LHb,si,c1-lhb-m05_4,Oval/Medial
GTAGTACTCGTTACCC-1,9,LHb,LHb,si,c1-lhb-m05_4,Marginal
GTATTGGCACATTCGA-1,1,LHb,LHb,si,c1-lhb-m05_4,Oval/Medial
GTATTGGGTGCAATAA-1,1,LHb,LHb,si,c1-lhb-m05_4,Oval/Medial
GTATTTCAGGTGCCTC-1,1,LHb,LHb,si,c1-lhb-m05_4,Oval/Medial
GTATTTCCACGGTGAA-1,1,LHb,LHb,si,c1-lhb-m05_4,Hbx
GTCACGGAGGTTGGAC-1,1,LHb,LHb,si,c1-lhb-m05_4,Oval/Medial
GTCACGGAGTCGAAGC-1,1,LHb,LHb,si,c1-lhb-m05_4,Oval/Medial
GTCACGGGTACCTATG-1,1,LHb,LHb,si,c1-lhb-m05_4,Oval/Medial
GTCATCCAGCTGCCTG-1,1,LHb,LHb,si,c1-lhb-m05_4,Oval/Medial
GTCATCCGTCAATCTG-1,1,LHb,LHb,si,c1-lhb-m05_4,Oval/Medial
GTCATCCGTGTTCATG-1,1,LHb,LHb,si,c1-lhb-m05_4,Oval/Medial
GTCATGAAGCGTTCCG-1,1,LHb,LHb,si,c1-lhb-m05_4,Oval/Medial
GTCATGAGTTAGAGAT-1,1,LHb,LHb,si,c1-lhb-m05_4,Lateral
GTCATTTGTGTTGATC-1,1,LHb,LHb,si,c1-lhb-m05_4,Oval/Medial
GTCCACTAGTGGACTG-1,1,LHb,LHb,si,c1-lhb-m05_4,Oval/Medial
GTCCACTGTGATAGAT-1,1,LHb,LHb,si,c1-lhb-m05_4,Oval/Medial
GTCCCATCACTATGTG-1,1,LHb,LHb,si,c1-lhb-m05_4,Oval/Medial
GTCGAATGTCAAGTTC-1,1,LHb,LHb,si,c1-lhb-m05_4,Oval/Medial
GTCGAATTCGTTACCC-1,9,LHb,LHb,si,c1-lhb-m05_4,Marginal
GTCGCGAAGACATATG-1,9,LHb,LHb,si,c1-lhb-m05_4,Oval/Medial
GTCGCGATCGAATCCA-1,1,LHb,LHb,si,c1-lhb-m05_4,Oval/Medial
GTCGTAAGTATGGTTC-1,1,LHb,LHb,si,c1-lhb-m05_4,Oval/Medial
GTCGTAAGTTACCCTC-1,1,LHb,LHb,si,c1-lhb-m05_4,Oval/Medial
GTCGTTCAGGTCACCC-1,1,LHb,LHb,si,c1-lhb-m05_4,Oval/Medial
GTCGTTCGTCTGCCTT-1,1,LHb,LHb,si,c1-lhb-m05_4,Oval/Medial
GTCTACCGTCTGTAAC-1,1,LHb,LHb,si,c1-lhb-m05_4,Oval/Medial
GTCTCACGTCCGTTTC-1,1,LHb,LHb,si,c1-lhb-m05_4,Hbx
GTCTCACTCTGTTGGA-1,1,LHb,LHb,si,c1-lhb-m05_4,Oval/Medial
GTCTGTCGTTCCCAAA-1,1,LHb,LHb,si,c1-lhb-m05_4,Lateral
GTCTTTATCCCTCAAC-1,1,LHb,LHb,si,c1-lhb-m05_4,Oval/Medial
GTGACGCCACCAGCCA-1,1,LHb,LHb,si,c1-lhb-m05_4,Oval/Medial
GTGAGCCCAATTCTTC-1,1,LHb,LHb,si,c1-lhb-m05_4,Lateral
GTGAGCCCACTGGCCA-1,1,LHb,LHb,si,c1-lhb-m05_4,Oval/Medial
GTGAGGATCCGTGCGA-1,1,LHb,LHb,si,c1-lhb-m05_4,Oval/Medial
GTGAGGATCTAGTCAG-1,1,LHb,LHb,si,c1-lhb-m05_4,Oval/Medial
GTGAGTTAGATGAACT-1,1,LHb,LHb,si,c1-lhb-m05_4,Oval/Medial
GTGAGTTAGCGCAATG-1,1,LHb,LHb,si,c1-lhb-m05_4,Oval/Medial
GTGAGTTAGGTATTGA-1,1,LHb,LHb,si,c1-lhb-m05_4,Marginal
GTGAGTTTCACTCGAA-1,9,LHb,LHb,si,c1-lhb-m05_4,Marginal
GTGATGTCATTGCAAC-1,1,LHb,LHb,si,c1-lhb-m05_4,Oval/Medial
GTGCACGAGTGCACCC-1,1,LHb,LHb,si,c1-lhb-m05_4,Oval/Medial
GTGCAGCCAAGCGCAA-1,1,LHb,LHb,si,c1-lhb-m05_4,Oval/Medial
GTGCAGCGTGTCCCTT-1,1,LHb,LHb,si,c1-lhb-m05_4,Oval/Medial
GTGCGTGAGACTCGAG-1,1,LHb,LHb,si,c1-lhb-m05_4,Oval/Medial
GTGCGTGAGTGCCGAA-1,1,LHb,LHb,si,c1-lhb-m05_4,Hbx
GTGCGTGTCGGTCTAA-1,1,LHb,LHb,si,c1-lhb-m05_4,Marginal
GTGCTTCGTCAGCTTA-1,9,LHb,LHb,si,c1-lhb-m05_4,Marginal
GTGCTTCGTGGCTTAT-1,1,LHb,LHb,si,c1-lhb-m05_4,Oval/Medial
GTGGAAGAGCTCTATG-1,1,LHb,LHb,si,c1-lhb-m05_4,Oval/Medial
GTGGAGAAGGTACAAT-1,1,LHb,LHb,si,c1-lhb-m05_4,Oval/Medial
GTGGAGACATAGGTTC-1,0,LHb,LHb,si,c1-lhb-m05_4,Marginal
GTGGCGTGTTCCACGG-1,1,LHb,LHb,si,c1-lhb-m05_4,Oval/Medial
GTGGGAAAGCCTGGAA-1,9,LHb,LHb,si,c1-lhb-m05_4,Marginal
GTGGTTATCAGACAAA-1,13,LHb,LHb,si,c1-lhb-m05_4,Lateral
GTGTAACGTTATTCTC-1,1,LHb,LHb,si,c1-lhb-m05_4,Oval/Medial
GTGTAACTCACGGTCG-1,1,LHb,LHb,si,c1-lhb-m05_4,Oval/Medial
GTGTGATAGAAACCAT-1,1,LHb,LHb,si,c1-lhb-m05_4,Oval/Medial
GTGTGATCAAATCGTC-1,10,LHb,LHb,si,c1-lhb-m05_4,Oval/Medial
GTGTGATCACGTTGGC-1,1,LHb,LHb,si,c1-lhb-m05_4,Oval/Medial
GTGTGATCAGCACCCA-1,9,LHb,LHb,si,c1-lhb-m05_4,Marginal
GTGTGATCAGGTCTCG-1,1,LHb,LHb,si,c1-lhb-m05_4,Oval/Medial
GTGTGATCATTAAGCC-1-1,1,LHb,LHb,si,c1-lhb-m05_4,Oval/Medial
GTGTGATGTCGTCTCT-1,1,LHb,LHb,si,c1-lhb-m05_4,Oval/Medial
GTGTTAGCAACCACGC-1,1,LHb,LHb,si,c1-lhb-m05_4,Oval/Medial
GTGTTCCCAAGGCCTC-1,1,LHb,LHb,si,c1-lhb-m05_4,Oval/Medial
GTTACAGGTAACTAAG-1,1,LHb,LHb,si,c1-lhb-m05_4,Oval/Medial
GTTACAGGTTGTCCCT-1,1,LHb,LHb,si,c1-lhb-m05_4,Oval/Medial
GTTACAGTCAATCTTC-1,1,LHb,LHb,si,c1-lhb-m05_4,Oval/Medial
GTTACCCTCACACCGG-1,1,LHb,LHb,si,c1-lhb-m05_4,Oval/Medial
GTTACCCTCTGGTGCG-1,9,LHb,LHb,si,c1-lhb-m05_4,Marginal
GTTACGAAGGCTCCCA-1,1,LHb,LHb,si,c1-lhb-m05_4,Marginal
GTTACGACACGGCCAT-1,9,LHb,LHb,si,c1-lhb-m05_4,Marginal
GTTACGACATTGTGCA-1,1,LHb,LHb,si,c1-lhb-m05_4,Oval/Medial
GTTACGATCGACCAAT-1,1,LHb,LHb,si,c1-lhb-m05_4,Oval/Medial
GTTAGACCAGATCACT-1,1,LHb,LHb,si,c1-lhb-m05_4,Oval/Medial
GTTAGACGTATCGTTG-1,9,LHb,LHb,si,c1-lhb-m05_4,Oval/Medial
GTTATGGGTACTAAGA-1,1,LHb,LHb,si,c1-lhb-m05_4,Oval/Medial
GTTATGGGTTGGAGAC-1,9,LHb,LHb,si,c1-lhb-m05_4,Marginal
GTTCATTAGCAATAAC-1,1,LHb,LHb,si,c1-lhb-m05_4,Oval/Medial
GTTCGCTCAAATACGA-1,1,LHb,LHb,si,c1-lhb-m05_4,Oval/Medial
GTTGCGGCATTCAGGT-1,0,LHb,LHb,si,c1-lhb-m05_4,Marginal
GTTGCTCAGGCTATCT-1,9,LHb,LHb,si,c1-lhb-m05_4,Oval/Medial
GTTGCTCGTCGGAAAC-1,1,LHb,LHb,si,c1-lhb-m05_4,Oval/Medial
GTTGTAGAGCGACTTT-1,1,LHb,LHb,si,c1-lhb-m05_4,Oval/Medial
GTTGTAGAGGTTAAAC-1,1,LHb,LHb,si,c1-lhb-m05_4,Oval/Medial
GTTGTAGCAACGGTAG-1,9,LHb,LHb,si,c1-lhb-m05_4,Oval/Medial
GTTGTAGTCCATTTGT-1,1,LHb,LHb,si,c1-lhb-m05_4,Hbx
GTTGTGAAGCACAAAT-1,1,LHb,LHb,si,c1-lhb-m05_4,Oval/Medial
GTTTACTGTATAGGGC-1-1,1,LHb,LHb,si,c1-lhb-m05_4,Oval/Medial
GTTTGGAGTTCAAACC-1,9,LHb,LHb,si,c1-lhb-m05_4,Marginal
GTTTGGATCTCCGTGT-1,9,LHb,LHb,si,c1-lhb-m05_4,Oval/Medial
TAACACGAGTAACCGG-1,1,LHb,LHb,si,c1-lhb-m05_4,Oval/Medial
TAACACGCAGCGATTT-1,1,LHb,LHb,si,c1-lhb-m05_4,Oval/Medial
TAACACGCAGCGGTTC-1,9,LHb,LHb,si,c1-lhb-m05_4,Marginal
TAACCAGAGTATGTAG-1,1,LHb,LHb,si,c1-lhb-m05_4,Oval/Medial
TAACGACAGCTCGACC-1-1,1,LHb,LHb,si,c1-lhb-m05_4,Oval/Medial
TAACGACTCTGAGCAT-1,1,LHb,LHb,si,c1-lhb-m05_4,Oval/Medial
TAACTTCAGTGTAGAT-1,1,LHb,LHb,si,c1-lhb-m05_4,Oval/Medial
TAACTTCTCGTGAGAG-1-1,2,LHb,LHb,si,c1-lhb-m05_4,Oval/Medial
TAAGCACGTCTTCGAA-1,1,LHb,LHb,si,c1-lhb-m05_4,Oval/Medial
TAAGCCACACCTTCCA-1,9,LHb,LHb,si,c1-lhb-m05_4,Marginal
TAAGCCAGTGTGCTTA-1,1,LHb,LHb,si,c1-lhb-m05_4,Oval/Medial
TAAGCCATCATAGAGA-1,9,LHb,LHb,si,c1-lhb-m05_4,Marginal
TAAGCGTGTAGCGTAG-1,1,LHb,LHb,si,c1-lhb-m05_4,Oval/Medial
TAAGTCGCAAGCGCTC-1,1,LHb,LHb,si,c1-lhb-m05_4,Oval/Medial
TAAGTCGTCAAGTGTC-1,1,LHb,LHb,si,c1-lhb-m05_4,Oval/Medial
TAAGTCGTCAGAGTTC-1,0,LHb,LHb,si,c1-lhb-m05_4,Oval/Medial
TAATCTCCAGTGTGGA-1,1,LHb,LHb,si,c1-lhb-m05_4,Oval/Medial
TACAACGTCTTTCAGT-1,1,LHb,LHb,si,c1-lhb-m05_4,Oval/Medial
TACCCACGTTCGAACT-1,1,LHb,LHb,si,c1-lhb-m05_4,Lateral
TACCCGTGTCAGTCGC-1,4,LHb,LHb,si,c1-lhb-m05_4,Marginal
TACCCGTTCGCCTCTA-1,1,LHb,LHb,si,c1-lhb-m05_4,Oval/Medial
TACCTCGAGATGAAGG-1,1,LHb,LHb,si,c1-lhb-m05_4,Oval/Medial
TACCTCGTCAACGAGG-1,1,LHb,LHb,si,c1-lhb-m05_4,Marginal
TACCTCGTCCCGAATA-1,1,LHb,LHb,si,c1-lhb-m05_4,Oval/Medial
TACCTCGTCGCCAATA-1,1,LHb,LHb,si,c1-lhb-m05_4,Oval/Medial
TACCTGCTCGCAATGT-1,1,LHb,LHb,si,c1-lhb-m05_4,Oval/Medial
TACGGGCCACCGCTAG-1,1,LHb,LHb,si,c1-lhb-m05_4,Oval/Medial
TACGGTAGTGAGACGT-1,1,LHb,LHb,si,c1-lhb-m05_4,Oval/Medial
TACGTCCAGAAGCGCT-1,1,LHb,LHb,si,c1-lhb-m05_4,Oval/Medial
TACGTCCAGCGACAGT-1,1,LHb,LHb,si,c1-lhb-m05_4,Oval/Medial
TACTGCCAGGCCTTGC-1,23,LHb,LHb,si,c1-lhb-m05_4,Oval/Medial
TACTTCACAGAGGAAA-1,1,LHb,LHb,si,c1-lhb-m05_4,Hbx
TACTTCAGTGGCTGCT-1,1,LHb,LHb,si,c1-lhb-m05_4,Oval/Medial
TACTTGTAGTGAATAC-1,9,LHb,LHb,si,c1-lhb-m05_4,Marginal
TACTTGTCAGTTCACA-1,13,LHb,LHb,si,c1-lhb-m05_4,Lateral
TAGACCAAGACTTCAC-1,1,LHb,LHb,si,c1-lhb-m05_4,Lateral
TAGACCACAAAGGATT-1,1,LHb,LHb,si,c1-lhb-m05_4,Hbx
TAGACTGTCCGTTGGG-1,1,LHb,LHb,si,c1-lhb-m05_4,Oval/Medial
TAGAGTCTCCCGTTGT-1,1,LHb,LHb,si,c1-lhb-m05_4,Oval/Medial
TAGAGTCTCGGTAAGG-1,1,LHb,LHb,si,c1-lhb-m05_4,Oval/Medial
TAGATCGTCGCTTAAG-1,1,LHb,LHb,si,c1-lhb-m05_4,Oval/Medial
TAGCACACAGTTACCA-1,2,LHb,LHb,si,c1-lhb-m05_4,Oval/Medial
TAGCACATCCAAGAGG-1,1,LHb,LHb,si,c1-lhb-m05_4,Oval/Medial
TAGGAGGAGGTGCCAA-1,1,LHb,LHb,si,c1-lhb-m05_4,Oval/Medial
TAGGAGGGTTCCGCAG-1,1,LHb,LHb,si,c1-lhb-m05_4,Oval/Medial
TAGGGTTGTGTAGTGG-1,1,LHb,LHb,si,c1-lhb-m05_4,Oval/Medial
TAGGGTTTCTGGCCAG-1,1,LHb,LHb,si,c1-lhb-m05_4,Marginal
TAGGTTGAGCTCCATA-1,1,LHb,LHb,si,c1-lhb-m05_4,Oval/Medial
TAGGTTGGTGTGGACA-1,1,LHb,LHb,si,c1-lhb-m05_4,Oval/Medial
TAGTGCATCCGATAGT-1,1,LHb,LHb,si,c1-lhb-m05_4,Oval/Medial
TATACCTAGCACTTTG-1,9,LHb,LHb,si,c1-lhb-m05_4,Marginal
TATACCTGTCACTTCC-1,1,LHb,LHb,si,c1-lhb-m05_4,Oval/Medial
TATCAGGAGGTATTGA-1,1,LHb,LHb,si,c1-lhb-m05_4,Hbx
TATCCTAAGCCTATCA-1,1,LHb,LHb,si,c1-lhb-m05_4,Oval/Medial
TATCTGTCAATCGCGC-1,1,LHb,LHb,si,c1-lhb-m05_4,Oval/Medial
TATCTGTCAGGAATCG-1,1,LHb,LHb,si,c1-lhb-m05_4,Oval/Medial
TATCTGTCAGGGTTGA-1,1,LHb,LHb,si,c1-lhb-m05_4,Oval/Medial
TATGTTCCAGAATCGG-1,1,LHb,LHb,si,c1-lhb-m05_4,Oval/Medial
TATGTTCCAGCAGTGA-1,1,LHb,LHb,si,c1-lhb-m05_4,Oval/Medial
TATGTTCGTCTCGGAC-1,1,LHb,LHb,si,c1-lhb-m05_4,Oval/Medial
TATTCCAAGATACATG-1,1,LHb,LHb,si,c1-lhb-m05_4,Oval/Medial
TATTCCACATCGGAAG-1,1,LHb,LHb,si,c1-lhb-m05_4,Oval/Medial
TATTCCAGTTCGCGTG-1,1,LHb,LHb,si,c1-lhb-m05_4,Oval/Medial
TATTGCTGTCTCACGG-1,9,LHb,LHb,si,c1-lhb-m05_4,Marginal
TATTTCGAGGACAAGA-1,1,LHb,LHb,si,c1-lhb-m05_4,Hbx
TCAAGACAGAAGTCCG-1,1,LHb,LHb,si,c1-lhb-m05_4,Oval/Medial
TCAAGACCATCAGCGC-1,1,LHb,LHb,si,c1-lhb-m05_4,Oval/Medial
TCAAGACTCCCAAGCG-1,1,LHb,LHb,si,c1-lhb-m05_4,Oval/Medial
TCAAGCACAAGCGAAC-1,1,LHb,LHb,si,c1-lhb-m05_4,Oval/Medial
TCAAGCATCGACCCAG-1,1,LHb,LHb,si,c1-lhb-m05_4,Oval/Medial
TCAAGTGCAAATCAAG-1,1,LHb,LHb,si,c1-lhb-m05_4,Oval/Medial
TCAATCTAGCGTCAAG-1,1,LHb,LHb,si,c1-lhb-m05_4,Lateral
TCAATTCTCGATTTCT-1,1,LHb,LHb,si,c1-lhb-m05_4,Oval/Medial
TCAATTCTCTGTCCGT-1,1,LHb,LHb,si,c1-lhb-m05_4,Oval/Medial
TCACAAGGTTAGTTCG-1,1,LHb,LHb,si,c1-lhb-m05_4,Oval/Medial
TCACATTCAATCCTAG-1,1,LHb,LHb,si,c1-lhb-m05_4,Oval/Medial
TCACATTTCACGGGAA-1,1,LHb,LHb,si,c1-lhb-m05_4,Oval/Medial
TCACATTTCACTTGTT-1,9,LHb,LHb,si,c1-lhb-m05_4,Oval/Medial
TCACGCTCATTCTCCG-1,1,LHb,LHb,si,c1-lhb-m05_4,Oval/Medial
TCACGCTTCTGGACTA-1,1,LHb,LHb,si,c1-lhb-m05_4,Oval/Medial
TCACGGGGTCCTCATC-1,1,LHb,LHb,si,c1-lhb-m05_4,Oval/Medial
TCACTATCAGTGGTGA-1,1,LHb,LHb,si,c1-lhb-m05_4,Oval/Medial
TCACTATGTAACGGTG-1,1,LHb,LHb,si,c1-lhb-m05_4,Oval/Medial
TCACTCGTCATTGCTT-1,1,LHb,LHb,si,c1-lhb-m05_4,Oval/Medial
TCAGCAACACGGCACT-1,1,LHb,LHb,si,c1-lhb-m05_4,Lateral
TCAGGGCAGGGACAGG-1,1,LHb,LHb,si,c1-lhb-m05_4,Oval/Medial
TCAGGTAAGCATGATA-1,1,LHb,LHb,si,c1-lhb-m05_4,Oval/Medial
TCAGGTACAAGTCCAT-1,1,LHb,LHb,si,c1-lhb-m05_4,Oval/Medial
TCAGTGATCGGCTGGT-1,1,LHb,LHb,si,c1-lhb-m05_4,Oval/Medial
TCATACTAGGTTGCCC-1,1,LHb,LHb,si,c1-lhb-m05_4,Hbx
TCATATCCACAGAAGC-1,1,LHb,LHb,si,c1-lhb-m05_4,Oval/Medial
TCATATCGTTCCTAAG-1,1,LHb,LHb,si,c1-lhb-m05_4,Oval/Medial
TCATCCGCAAGTGTCT-1,1,LHb,LHb,si,c1-lhb-m05_4,Oval/Medial
TCATGAGTCGCCAGAC-1,1,LHb,LHb,si,c1-lhb-m05_4,Oval/Medial
TCATGCCCAGAGAAAG-1,1,LHb,LHb,si,c1-lhb-m05_4,Oval/Medial
TCATGGAGTCCCGCAA-1,9,LHb,LHb,si,c1-lhb-m05_4,Marginal
TCATGGATCCAACACA-1,1,LHb,LHb,si,c1-lhb-m05_4,Oval/Medial
TCATGTTAGGGAGTGG-1,1,LHb,LHb,si,c1-lhb-m05_4,Oval/Medial
TCATGTTCACACGTGC-1,1,LHb,LHb,si,c1-lhb-m05_4,Oval/Medial
TCATTACCACATGTTG-1,1,LHb,LHb,si,c1-lhb-m05_4,Oval/Medial
TCATTACTCTCTAAGG-1,1,LHb,LHb,si,c1-lhb-m05_4,Oval/Medial
TCATTCAGTATGCAAA-1,1,LHb,LHb,si,c1-lhb-m05_4,Marginal
TCATTTGAGCATGATA-1,9,LHb,LHb,si,c1-lhb-m05_4,Marginal
TCATTTGCAGGTAGTG-1,13,LHb,LHb,si,c1-lhb-m05_4,Oval/Medial
TCATTTGGTCGCACAC-1,9,LHb,LHb,si,c1-lhb-m05_4,Lateral
TCATTTGGTCTACACA-1,9,LHb,LHb,si,c1-lhb-m05_4,Oval/Medial
TCATTTGGTTTAGACC-1,1,LHb,LHb,si,c1-lhb-m05_4,Oval/Medial
TCCACGTAGAACTGAT-1,9,LHb,LHb,si,c1-lhb-m05_4,Marginal
TCCACGTAGAATCGAT-1,1,LHb,LHb,si,c1-lhb-m05_4,Oval/Medial
TCCACGTGTTATCTTC-1,1,LHb,LHb,si,c1-lhb-m05_4,Oval/Medial
TCCACGTTCGATACTG-1,1,LHb,LHb,si,c1-lhb-m05_4,Oval/Medial
TCCAGAAAGACATAGT-1,1,LHb,LHb,si,c1-lhb-m05_4,Oval/Medial
TCCAGAAGTAGCCAGA-1,9,LHb,LHb,si,c1-lhb-m05_4,Marginal
TCCAGAAGTATACCTG-1,1,LHb,LHb,si,c1-lhb-m05_4,Oval/Medial
TCCAGAATCGACATCA-1,1,LHb,LHb,si,c1-lhb-m05_4,Oval/Medial
TCCAGAATCTACCTTA-1,1,LHb,LHb,si,c1-lhb-m05_4,Oval/Medial
TCCATCGAGCGTGTCC-1,9,LHb,LHb,si,c1-lhb-m05_4,Marginal
TCCATCGGTCTACGTA-1,1,LHb,LHb,si,c1-lhb-m05_4,Oval/Medial
TCCATGCAGGACAGTC-1,1,LHb,LHb,si,c1-lhb-m05_4,Oval/Medial
TCCCATGCAGAACATA-1,1,LHb,LHb,si,c1-lhb-m05_4,Hbx
TCCGAAAGTTGTAAAG-1,1,LHb,LHb,si,c1-lhb-m05_4,Oval/Medial
TCCGATCTCACGAGGA-1,1,LHb,LHb,si,c1-lhb-m05_4,Oval/Medial
TCCGGGAAGGGCCTCT-1,1,LHb,LHb,si,c1-lhb-m05_4,Oval/Medial
TCCGGGACAGGTAGTG-1,1,LHb,LHb,si,c1-lhb-m05_4,Oval/Medial
TCCGGGAGTATGCGTT-1,1,LHb,LHb,si,c1-lhb-m05_4,Oval/Medial
TCCGGGATCGTGTGAT-1,1,LHb,LHb,si,c1-lhb-m05_4,Oval/Medial
TCCTAATGTATGGGAC-1,1,LHb,LHb,si,c1-lhb-m05_4,Oval/Medial
TCCTCGAAGACAGCTG-1,2,LHb,LHb,si,c1-lhb-m05_4,Marginal
TCCTCGACACGAGAAC-1,1,LHb,LHb,si,c1-lhb-m05_4,Oval/Medial
TCCTCGATCAGAGCAG-1,1,LHb,LHb,si,c1-lhb-m05_4,Lateral
TCCTCTTAGTGCTCGC-1,1,LHb,LHb,si,c1-lhb-m05_4,Oval/Medial
TCCTCTTTCTACAGGT-1,1,LHb,LHb,si,c1-lhb-m05_4,Oval/Medial
TCCTGCACAGTATACC-1-1,1,LHb,LHb,si,c1-lhb-m05_4,Oval/Medial
TCCTGCATCCATTGGA-1-1,1,LHb,LHb,si,c1-lhb-m05_4,Lateral
TCCTTCTAGTTTGGCT-1,1,LHb,LHb,si,c1-lhb-m05_4,Oval/Medial
TCCTTTCCAACCACAT-1-1,1,LHb,LHb,si,c1-lhb-m05_4,Oval/Medial
TCCTTTCGTTACCGTA-1,1,LHb,LHb,si,c1-lhb-m05_4,Oval/Medial
TCGACGGCAACTTCTT-1,1,LHb,LHb,si,c1-lhb-m05_4,Oval/Medial
TCGACGGTCCTACGGG-1,1,LHb,LHb,si,c1-lhb-m05_4,Oval/Medial
TCGCACTTCCGAAGGA-1,1,LHb,LHb,si,c1-lhb-m05_4,Oval/Medial
TCGCAGGCATGACCCG-1,9,LHb,LHb,si,c1-lhb-m05_4,Marginal
TCGCAGGTCACGTCCT-1,1,LHb,LHb,si,c1-lhb-m05_4,Oval/Medial
TCGCTTGCAATGAGCG-1,1,LHb,LHb,si,c1-lhb-m05_4,Oval/Medial
TCGCTTGGTGCGTGCT-1,1,LHb,LHb,si,c1-lhb-m05_4,Oval/Medial
TCGCTTGTCCGCACTT-1,9,LHb,LHb,si,c1-lhb-m05_4,Marginal
TCGGGACTCGCATAGT-1,1,LHb,LHb,si,c1-lhb-m05_4,Oval/Medial
TCGGTCTGTGTCATTG-1,1,LHb,LHb,si,c1-lhb-m05_4,Oval/Medial
TCGTAGAGTTCCATTT-1,1,LHb,LHb,si,c1-lhb-m05_4,Lateral
TCGTGCTCACCCAACG-1,1,LHb,LHb,si,c1-lhb-m05_4,Oval/Medial
TCGTGCTTCTGTCGTC-1,1,LHb,LHb,si,c1-lhb-m05_4,Oval/Medial
TCTAACTCACCTGATA-1-1,1,LHb,LHb,si,c1-lhb-m05_4,Oval/Medial
TCTACATAGGGAGTGG-1,1,LHb,LHb,si,c1-lhb-m05_4,Oval/Medial
TCTACATCAGTAGGAC-1,1,LHb,LHb,si,c1-lhb-m05_4,Oval/Medial
TCTACATGTTAAGGGC-1,1,LHb,LHb,si,c1-lhb-m05_4,Hbx
TCTACCGAGTAGGATT-1,1,LHb,LHb,si,c1-lhb-m05_4,Oval/Medial
TCTATACCACCATTCC-1,9,LHb,LHb,si,c1-lhb-m05_4,Marginal
TCTATACGTTGCTCAA-1,1,LHb,LHb,si,c1-lhb-m05_4,Oval/Medial
TCTCACGGTTCCTTGC-1,1,LHb,LHb,si,c1-lhb-m05_4,Oval/Medial
TCTCAGCCAGAGCTAG-1,0,LHb,LHb,si,c1-lhb-m05_4,Marginal
TCTCCGAGTTAATGAG-1,1,LHb,LHb,si,c1-lhb-m05_4,Oval/Medial
TCTCTGGCATGGAAGC-1,1,LHb,LHb,si,c1-lhb-m05_4,Oval/Medial
TCTGTCGTCCCTTTGG-1,1,LHb,LHb,si,c1-lhb-m05_4,Lateral
TCTTTGAGTACTCGAT-1,1,LHb,LHb,si,c1-lhb-m05_4,Oval/Medial
TGAACGTGTGAATTAG-1,1,LHb,LHb,si,c1-lhb-m05_4,Oval/Medial
TGAACGTTCACCTCAC-1,1,LHb,LHb,si,c1-lhb-m05_4,Oval/Medial
TGAATGCCATCACGGC-1,1,LHb,LHb,si,c1-lhb-m05_4,Hbx
TGAATGCCATTCACAG-1,1,LHb,LHb,si,c1-lhb-m05_4,Oval/Medial
TGACAGTAGAGTGAAG-1,1,LHb,LHb,si,c1-lhb-m05_4,Oval/Medial
TGACGCGTCACTCTTA-1,1,LHb,LHb,si,c1-lhb-m05_4,Lateral
TGAGACTCAGGCACAA-1,1,LHb,LHb,si,c1-lhb-m05_4,Oval/Medial
TGAGCGCAGTCGAGGT-1,1,LHb,LHb,si,c1-lhb-m05_4,Oval/Medial
TGAGGGAAGTTGCATC-1,1,LHb,LHb,si,c1-lhb-m05_4,Oval/Medial
TGAGGGACAGAACTAA-1,9,LHb,LHb,si,c1-lhb-m05_4,Marginal
TGAGGGATCTGTCAGA-1,9,LHb,LHb,si,c1-lhb-m05_4,Marginal
TGAGGTTAGTCTGGAG-1,1,LHb,LHb,si,c1-lhb-m05_4,Oval/Medial
TGAGTCACACCTGTCT-1,1,LHb,LHb,si,c1-lhb-m05_4,Lateral
TGAGTCATCCACACAA-1,1,LHb,LHb,si,c1-lhb-m05_4,Oval/Medial
TGATCAGTCTGCATAG-1,1,LHb,LHb,si,c1-lhb-m05_4,Oval/Medial
TGATCTTAGAATAGTC-1,1,LHb,LHb,si,c1-lhb-m05_4,Oval/Medial
TGATCTTCAACAGCTT-1,1,LHb,LHb,si,c1-lhb-m05_4,Oval/Medial
TGATTCTAGGGACAGG-1,1,LHb,LHb,si,c1-lhb-m05_4,Hbx
TGATTCTCAGTAGTGG-1,1,LHb,LHb,si,c1-lhb-m05_4,Marginal
TGATTTCAGGTTAAAC-1,1,LHb,LHb,si,c1-lhb-m05_4,Oval/Medial
TGATTTCAGTTGCTCA-1,1,LHb,LHb,si,c1-lhb-m05_4,Oval/Medial
TGCACGGAGGGATCAC-1,1,LHb,LHb,si,c1-lhb-m05_4,Oval/Medial
TGCACGGTCTCATGCC-1,1,LHb,LHb,si,c1-lhb-m05_4,Oval/Medial
TGCACGGTCTTTGGAG-1,1,LHb,LHb,si,c1-lhb-m05_4,Oval/Medial
TGCAGGCCACTACGGC-1,1,LHb,LHb,si,c1-lhb-m05_4,Oval/Medial
TGCAGTAAGGCTCAAG-1,1,LHb,LHb,si,c1-lhb-m05_4,Oval/Medial
TGCATGACACTAACGT-1,1,LHb,LHb,si,c1-lhb-m05_4,Oval/Medial
TGCATGATCCTCATAT-1,9,LHb,LHb,si,c1-lhb-m05_4,Marginal
TGCCGAGAGCTAGATA-1,1,LHb,LHb,si,c1-lhb-m05_4,Oval/Medial
TGCGACGCAGTTGGTT-1,1,LHb,LHb,si,c1-lhb-m05_4,Oval/Medial
TGCGACGGTTATCTTC-1,1,LHb,LHb,si,c1-lhb-m05_4,Oval/Medial
TGCGATAGTGAGTTGG-1,1,LHb,LHb,si,c1-lhb-m05_4,Oval/Medial
TGCGGCAGTAGCCCTG-1,9,LHb,LHb,si,c1-lhb-m05_4,Marginal
TGCGGGTAGCACCTGC-1,1,LHb,LHb,si,c1-lhb-m05_4,Oval/Medial
TGCGGGTCACCAGTAT-1,1,LHb,LHb,si,c1-lhb-m05_4,Oval/Medial
TGCTCCACAAGGCGTA-1,1,LHb,LHb,si,c1-lhb-m05_4,Oval/Medial
TGCTGAAGTCCTTTGC-1,1,LHb,LHb,si,c1-lhb-m05_4,Oval/Medial
TGCTTCGGTCCATACA-1,1,LHb,LHb,si,c1-lhb-m05_4,Oval/Medial
TGCTTCGTCGTTGTTT-1-1,1,LHb,LHb,si,c1-lhb-m05_4,Lateral
TGCTTGCGTGATTAGA-1,1,LHb,LHb,si,c1-lhb-m05_4,Oval/Medial
TGCTTGCTCACTGGTA-1,1,LHb,LHb,si,c1-lhb-m05_4,Oval/Medial
TGCTTGCTCCACGTGG-1,1,LHb,LHb,si,c1-lhb-m05_4,Oval/Medial
TGGAGAGGTCTGTGCG-1,1,LHb,LHb,si,c1-lhb-m05_4,Lateral
TGGAGGAAGATGACCG-1,1,LHb,LHb,si,c1-lhb-m05_4,Oval/Medial
TGGATCAGTGGCTTGC-1,1,LHb,LHb,si,c1-lhb-m05_4,Oval/Medial
TGGATGTGTGGAATGC-1,2,LHb,LHb,si,c1-lhb-m05_4,Marginal
TGGATGTTCGCGTTTC-1,2,LHb,LHb,si,c1-lhb-m05_4,Marginal
TGGCGTGCACATATCG-1,1,LHb,LHb,si,c1-lhb-m05_4,Oval/Medial
TGGCGTGCATTCATCT-1,1,LHb,LHb,si,c1-lhb-m05_4,Oval/Medial
TGGCGTGTCGGTCTGG-1,9,LHb,LHb,si,c1-lhb-m05_4,Marginal
TGGGAAGAGTGCCAGA-1,1,LHb,LHb,si,c1-lhb-m05_4,Oval/Medial
TGGGAAGCATAATCGC-1-1,1,LHb,LHb,si,c1-lhb-m05_4,Oval/Medial
TGGGAAGGTAGACGTG-1,1,LHb,LHb,si,c1-lhb-m05_4,Oval/Medial
TGGGAAGTCGACGACC-1,1,LHb,LHb,si,c1-lhb-m05_4,Oval/Medial
TGGGAGATCATTCTTG-1,9,LHb,LHb,si,c1-lhb-m05_4,Marginal
TGGGCTGAGAGCACTG-1,1,LHb,LHb,si,c1-lhb-m05_4,Oval/Medial
TGGGTTAGTAGATTAG-1,0,LHb,LHb,si,c1-lhb-m05_4,Oval/Medial
TGGTACAGTACAAAGT-1,1,LHb,LHb,si,c1-lhb-m05_4,Oval/Medial
TGGTACAGTACGACAG-1,1,LHb,LHb,si,c1-lhb-m05_4,Oval/Medial
TGGTACATCTACTGAG-1,1,LHb,LHb,si,c1-lhb-m05_4,Oval/Medial
TGGTGATAGACCTTTG-1,1,LHb,LHb,si,c1-lhb-m05_4,Oval/Medial
TGGTGATAGAGTCGAC-1,2,LHb,LHb,si,c1-lhb-m05_4,Marginal
TGGTTAGAGCAACTCT-1,2,LHb,LHb,si,c1-lhb-m05_4,Oval/Medial
TGGTTAGTCTTCGGTC-1,9,LHb,LHb,si,c1-lhb-m05_4,Marginal
TGTAACGCAACTCCAA-1,1,LHb,LHb,si,c1-lhb-m05_4,Oval/Medial
TGTAACGCATTGCCTC-1,1,LHb,LHb,si,c1-lhb-m05_4,Oval/Medial
TGTAAGCCACTTTATC-1,1,LHb,LHb,si,c1-lhb-m05_4,Oval/Medial
TGTAAGCGTACTAACC-1,9,LHb,LHb,si,c1-lhb-m05_4,Marginal
TGTACAGGTGGATGAC-1,1,LHb,LHb,si,c1-lhb-m05_4,Oval/Medial
TGTCAGAAGAACCGCA-1,1,LHb,LHb,si,c1-lhb-m05_4,Oval/Medial
TGTCAGAGTTACCCAA-1,0,LHb,LHb,si,c1-lhb-m05_4,Marginal
TGTCAGATCAAACGTC-1,1,LHb,LHb,si,c1-lhb-m05_4,Oval/Medial
TGTCCCACATGGAGAC-1,9,LHb,LHb,si,c1-lhb-m05_4,Marginal
TGTGAGTAGAACTCCT-1,1,LHb,LHb,si,c1-lhb-m05_4,Oval/Medial
TGTGAGTAGATACATG-1,1,LHb,LHb,si,c1-lhb-m05_4,Oval/Medial
TGTGATGGTGAGACCA-1,1,LHb,LHb,si,c1-lhb-m05_4,Oval/Medial
TGTGCGGGTGAAGCTG-1,1,LHb,LHb,si,c1-lhb-m05_4,Oval/Medial
TGTGGCGAGGAGAGTA-1,1,LHb,LHb,si,c1-lhb-m05_4,Oval/Medial
TGTGGCGGTCCGATCG-1,1,LHb,LHb,si,c1-lhb-m05_4,Oval/Medial
TGTGTGACATGTGTCA-1,1,LHb,LHb,si,c1-lhb-m05_4,Oval/Medial
TGTTCATTCGTTCGCT-1,1,LHb,LHb,si,c1-lhb-m05_4,Oval/Medial
TGTTCCGAGATCCCAT-1,1,LHb,LHb,si,c1-lhb-m05_4,Oval/Medial
TGTTCCGAGATGGTAT-1,1,LHb,LHb,si,c1-lhb-m05_4,Oval/Medial
TGTTCTAAGTATGGAT-1,1,LHb,LHb,si,c1-lhb-m05_4,Lateral
TGTTGAGGTTTCCATT-1,1,LHb,LHb,si,c1-lhb-m05_4,Oval/Medial
TGTTGGACAGCTGAAG-1,1,LHb,LHb,si,c1-lhb-m05_4,Marginal
TTACAGGCACCTATCC-1,1,LHb,LHb,si,c1-lhb-m05_4,Oval/Medial
TTACCATAGAGCAGAA-1,1,LHb,LHb,si,c1-lhb-m05_4,Oval/Medial
TTACCATCACGACAGA-1,1,LHb,LHb,si,c1-lhb-m05_4,Oval/Medial
TTACCATTCGGCATAT-1,9,LHb,LHb,si,c1-lhb-m05_4,Marginal
TTACCGCCAAAGGAGA-1,1,LHb,LHb,si,c1-lhb-m05_4,Oval/Medial
TTACGCCCAAGCGCAA-1,1,LHb,LHb,si,c1-lhb-m05_4,Oval/Medial
TTACGTTAGCATCAGG-1,1,LHb,LHb,si,c1-lhb-m05_4,Oval/Medial
TTACGTTAGCCTCTTC-1,1,LHb,LHb,si,c1-lhb-m05_4,Oval/Medial
TTACGTTGTACACTCA-1,1,LHb,LHb,si,c1-lhb-m05_4,Oval/Medial
TTACGTTGTCTGTAGT-1,1,LHb,LHb,si,c1-lhb-m05_4,Oval/Medial
TTACGTTTCGGAGATG-1,1,LHb,LHb,si,c1-lhb-m05_4,Oval/Medial
TTACGTTTCGTGTGGC-1,1,LHb,LHb,si,c1-lhb-m05_4,Oval/Medial
TTACTGTAGAGTCCGA-1,1,LHb,LHb,si,c1-lhb-m05_4,Oval/Medial
TTACTGTTCGGTGAAG-1,1,LHb,LHb,si,c1-lhb-m05_4,Oval/Medial
TTAGGCACACAGCCTG-1,1,LHb,LHb,si,c1-lhb-m05_4,Oval/Medial
TTAGGGTGTTCATCTT-1,1,LHb,LHb,si,c1-lhb-m05_4,Oval/Medial
TTAGTCTTCACTGGTA-1,2,LHb,LHb,si,c1-lhb-m05_4,Marginal
TTAGTCTTCGATTCCC-1,1,LHb,LHb,si,c1-lhb-m05_4,Oval/Medial
TTATTGCAGGAAAGAC-1,1,LHb,LHb,si,c1-lhb-m05_4,Oval/Medial
TTATTGCCAGGAACCA-1,9,LHb,LHb,si,c1-lhb-m05_4,Marginal
TTCAATCGTAGCACGA-1,1,LHb,LHb,si,c1-lhb-m05_4,Oval/Medial
TTCAATCTCCCAAGCG-1,1,LHb,LHb,si,c1-lhb-m05_4,Oval/Medial
TTCACGCCACTCATAG-1,1,LHb,LHb,si,c1-lhb-m05_4,Oval/Medial
TTCATGTCATCGTGGC-1,9,LHb,LHb,si,c1-lhb-m05_4,Marginal
TTCATTGCAATCTAGC-1,1,LHb,LHb,si,c1-lhb-m05_4,Oval/Medial
TTCCAATCATGACGAG-1,1,LHb,LHb,si,c1-lhb-m05_4,Oval/Medial
TTCCAATTCCACAAGT-1,1,LHb,LHb,si,c1-lhb-m05_4,Oval/Medial
TTCCGGTGTAGAGCTG-1,1,LHb,LHb,si,c1-lhb-m05_4,Oval/Medial
TTCCGTGTCCTAAACG-1,1,LHb,LHb,si,c1-lhb-m05_4,Oval/Medial
TTCCTCTAGCAGGCTA-1,9,LHb,LHb,si,c1-lhb-m05_4,Oval/Medial
TTCGATTCAGGTATGG-1,9,LHb,LHb,si,c1-lhb-m05_4,Marginal
TTCGATTCATCGTTCC-1,1,LHb,LHb,si,c1-lhb-m05_4,Oval/Medial
TTCGATTTCACCCTCA-1,9,LHb,LHb,si,c1-lhb-m05_4,Marginal
TTCGCTGGTCACTTCC-1,1,LHb,LHb,si,c1-lhb-m05_4,Oval/Medial
TTCGGTCAGCTCTGTA-1,1,LHb,LHb,si,c1-lhb-m05_4,Hbx
TTCGGTCTCAAAGGAT-1,1,LHb,LHb,si,c1-lhb-m05_4,Oval/Medial
TTCGGTCTCCGCTGTT-1,1,LHb,LHb,si,c1-lhb-m05_4,Oval/Medial
TTCTAGTAGCAGGGAG-1,1,LHb,LHb,si,c1-lhb-m05_4,Oval/Medial
TTCTCTCTCAACCGAT-1,1,LHb,LHb,si,c1-lhb-m05_4,Oval/Medial
TTCTGTACAGGTCTCG-1,1,LHb,LHb,si,c1-lhb-m05_4,Oval/Medial
TTGACCCAGAACAAGG-1,1,LHb,LHb,si,c1-lhb-m05_4,Oval/Medial
TTGAGTGAGAGAGCAA-1,1,LHb,LHb,si,c1-lhb-m05_4,Oval/Medial
TTGAGTGCAATAAGGT-1,1,LHb,LHb,si,c1-lhb-m05_4,Lateral
TTGAGTGGTCCGATCG-1,1,LHb,LHb,si,c1-lhb-m05_4,Oval/Medial
TTGATGGGTGCAGTGA-1,1,LHb,LHb,si,c1-lhb-m05_4,Oval/Medial
TTGATGGGTTCAAGGG-1,1,LHb,LHb,si,c1-lhb-m05_4,Oval/Medial
TTGATGGTCGGCATCG-1,1,LHb,LHb,si,c1-lhb-m05_4,Oval/Medial
TTGCATTCAACCTATG-1,1,LHb,LHb,si,c1-lhb-m05_4,Oval/Medial
TTGCATTTCCCGATCT-1,1,LHb,LHb,si,c1-lhb-m05_4,Marginal
TTGCCTGTCATGTCAG-1,1,LHb,LHb,si,c1-lhb-m05_4,Oval/Medial
TTGCGTCCACAACCGC-1,1,LHb,LHb,si,c1-lhb-m05_4,Oval/Medial
TTGCTGCTCTGCTCTG-1,1,LHb,LHb,si,c1-lhb-m05_4,Oval/Medial
TTGGATGAGGCAGCTA-1,2,LHb,LHb,si,c1-lhb-m05_4,Marginal
TTGGATGCAAGCTGCC-1,1,LHb,LHb,si,c1-lhb-m05_4,Oval/Medial
TTGGATGCAGAGGTAC-1,1,LHb,LHb,si,c1-lhb-m05_4,Lateral
TTGGGATAGTTGTACC-1,1,LHb,LHb,si,c1-lhb-m05_4,Oval/Medial
TTGGGATTCGACCCAG-1,1,LHb,LHb,si,c1-lhb-m05_4,Oval/Medial
TTGGGCGGTCCAAGAG-1,1,LHb,LHb,si,c1-lhb-m05_4,Hbx
TTGGTTTAGCAATAGT-1,1,LHb,LHb,si,c1-lhb-m05_4,Oval/Medial
TTGGTTTGTGGCTACC-1,1,LHb,LHb,si,c1-lhb-m05_4,Oval/Medial
TTGGTTTGTTGCATCA-1,1,LHb,LHb,si,c1-lhb-m05_4,Oval/Medial
TTGTGGAAGTCAGAGC-1,1,LHb,LHb,si,c1-lhb-m05_4,Oval/Medial
TTGTGGAGTAGGACCA-1,1,LHb,LHb,si,c1-lhb-m05_4,Oval/Medial
TTGTTGTGTAAGTAGT-1,1,LHb,LHb,si,c1-lhb-m05_4,Oval/Medial
TTGTTGTTCTGCTGAA-1,1,LHb,LHb,si,c1-lhb-m05_4,Oval/Medial
TTGTTTGAGAACTTCC-1,1,LHb,LHb,si,c1-lhb-m05_4,Oval/Medial
TTGTTTGAGTCTAGCT-1,9,LHb,LHb,si,c1-lhb-m05_4,Oval/Medial
TTGTTTGTCCGGCTTT-1,9,LHb,LHb,si,c1-lhb-m05_4,Marginal
TTGTTTGTCTTTCTAG-1,1,LHb,LHb,si,c1-lhb-m05_4,Marginal
TTTACCAAGCACACCC-1,1,LHb,LHb,si,c1-lhb-m05_4,Oval/Medial
TTTACCAAGGGTAGCT-1,1,LHb,LHb,si,c1-lhb-m05_4,Oval/Medial
TTTACTGCAACCAACT-1,1,LHb,LHb,si,c1-lhb-m05_4,Oval/Medial
TTTACTGCAATCGAAA-1,1,LHb,LHb,si,c1-lhb-m05_4,Marginal
TTTACTGCACAGTGAG-1,1,LHb,LHb,si,c1-lhb-m05_4,Oval/Medial
TTTACTGGTATCGAAA-1,9,LHb,LHb,si,c1-lhb-m05_4,Marginal
TTTATGCAGATTGAGT-1,13,LHb,LHb,si,c1-lhb-m05_4,Lateral
TTTATGCAGGACAGTC-1,1,LHb,LHb,si,c1-lhb-m05_4,Oval/Medial
TTTATGCCAACACACT-1,1,LHb,LHb,si,c1-lhb-m05_4,Oval/Medial
TTTATGCCATGAGATA-1,1,LHb,LHb,si,c1-lhb-m05_4,Oval/Medial
TTTCACAGTTCCTACC-1,1,LHb,LHb,si,c1-lhb-m05_4,Oval/Medial
TTTCACATCAACGTGT-1,1,LHb,LHb,si,c1-lhb-m05_4,Oval/Medial
TTTCAGTTCTTAGGAC-1,1,LHb,LHb,si,c1-lhb-m05_4,Oval/Medial
TTTCATGAGGTTCCGC-1,1,LHb,LHb,si,c1-lhb-m05_4,Oval/Medial
TTTCATGCACAGAGCA-1,1,LHb,LHb,si,c1-lhb-m05_4,Oval/Medial
TTTCATGGTTCTCAGA-1,1,LHb,LHb,si,c1-lhb-m05_4,Oval/Medial
TTTCCTCCAAGGTCAG-1,9,LHb,LHb,si,c1-lhb-m05_4,Marginal
TTTCCTCGTTCAAACC-1,1,LHb,LHb,si,c1-lhb-m05_4,Oval/Medial
TTTCCTCTCGAGTACT-1,9,LHb,LHb,si,c1-lhb-m05_4,Marginal
TTTCGATAGACCAGCA-1,1,LHb,LHb,si,c1-lhb-m05_4,Oval/Medial
TTTGACTGTCAGATTC-1,1,LHb,LHb,si,c1-lhb-m05_4,Oval/Medial
TTTGACTTCAAGTGGG-1,1,LHb,LHb,si,c1-lhb-m05_4,Oval/Medial
TTTGATCAGGAAAGGT-1,1,LHb,LHb,si,c1-lhb-m05_4,Marginal
TTTGGAGTCGATCCCT-1,0,LHb,LHb,si,c1-lhb-m05_4,Hbx
TTTGTTGTCCATAAGC-1,1,LHb,LHb,si,c1-lhb-m05_4,Oval/Medial
AAACCCACAACCAACT-1,9,LHb,LHb,si,b5-lhb-m10_3,Oval/Medial
AAACCCACAAGATGTA-1,1,LHb,LHb,si,b5-lhb-m10_3,Oval/Medial
AAACCCATCGTTATCT-1,1,LHb,LHb,si,b5-lhb-m10_3,Oval/Medial
AAACGAAAGGGTGAGG-1,1,LHb,LHb,si,b5-lhb-m10_3,Lateral
AAACGAACAATGGCCC-1,1,LHb,LHb,si,b5-lhb-m10_3,Oval/Medial
AAACGAACAGAGATGC-1,4,LHb,LHb,si,b5-lhb-m10_3,Oval/Medial
AAACGAACAGAGATTA-1,0,LHb,LHb,si,b5-lhb-m10_3,Oval/Medial
AAACGCTAGCAACAAT-1,1,LHb,LHb,si,b5-lhb-m10_3,Oval/Medial
AAACGCTCAATAGTCC-1,0,LHb,LHb,si,b5-lhb-m10_3,Oval/Medial
AAACGCTTCAGCTCTC-1,1,LHb,LHb,si,b5-lhb-m10_3,Oval/Medial
AAAGAACCAGCCGTCA-1,1,LHb,LHb,si,b5-lhb-m10_3,Oval/Medial
AAAGAACTCCGTGTAA-1,1,LHb,LHb,si,b5-lhb-m10_3,Oval/Medial
AAAGAACTCGAAACAA-1,1,LHb,LHb,si,b5-lhb-m10_3,Oval/Medial
AAAGGATAGTTGCCTA-1,1,LHb,LHb,si,b5-lhb-m10_3,Lateral
AAAGGATCAAGCGAAC-1,1,LHb,LHb,si,b5-lhb-m10_3,Oval/Medial
AAAGGATCAATGACCT-1,1,LHb,LHb,si,b5-lhb-m10_3,Oval/Medial
AAAGGGCAGCTGGCTC-1,0,LHb,LHb,si,b5-lhb-m10_3,Lateral
AAAGGGCGTTACACTG-1,1,LHb,LHb,si,b5-lhb-m10_3,Oval/Medial
AAAGGGCTCGCCTTGT-1,1,LHb,LHb,si,b5-lhb-m10_3,Lateral
AAAGGTAGTGCATACT-1,1,LHb,LHb,si,b5-lhb-m10_3,Lateral
AAAGGTAGTTACTCAG-1,1,LHb,LHb,si,b5-lhb-m10_3,Lateral
AAAGTCCAGACCAACG-1,1,LHb,LHb,si,b5-lhb-m10_3,Oval/Medial
AAAGTCCAGCCGAACA-1,0,LHb,LHb,si,b5-lhb-m10_3,Oval/Medial
AAAGTCCCAACTGCCG-1,13,LHb,LHb,si,b5-lhb-m10_3,Lateral
AAAGTGAGTCTAACGT-1,1,LHb,LHb,si,b5-lhb-m10_3,Oval/Medial
AAAGTGATCCCGTTCA-1,1,LHb,LHb,si,b5-lhb-m10_3,Oval/Medial
AAAGTGATCCGGACGT-1,13,LHb,LHb,si,b5-lhb-m10_3,Oval/Medial
AAAGTGATCTGGTGCG-1,1,LHb,LHb,si,b5-lhb-m10_3,Oval/Medial
AAAGTGATCTGTCCCA-1-1,1,LHb,LHb,si,b5-lhb-m10_3,Oval/Medial
AAATGGAAGTCATTGC-1,0,LHb,LHb,si,b5-lhb-m10_3,Oval/Medial
AAATGGAGTTCTCTAT-1,1,LHb,LHb,si,b5-lhb-m10_3,Oval/Medial
AAATGGATCCCTTCCC-1,1,LHb,LHb,si,b5-lhb-m10_3,Oval/Medial
AAATGGATCCGTGGTG-1,1,LHb,LHb,si,b5-lhb-m10_3,Oval/Medial
AACAAAGCATACTTTC-1,1,LHb,LHb,si,b5-lhb-m10_3,Hbx
AACAAAGGTCGACTGC-1,2,LHb,LHb,si,b5-lhb-m10_3,Oval/Medial
AACAAAGTCTGACGCG-1,1,LHb,LHb,si,b5-lhb-m10_3,Oval/Medial
AACAACCAGTCTCCTC-1,1,LHb,LHb,si,b5-lhb-m10_3,Lateral
AACAACCGTCAAGCGA-1,1,LHb,LHb,si,b5-lhb-m10_3,Oval/Medial
AACAAGAAGAAGGGAT-1,13,LHb,LHb,si,b5-lhb-m10_3,Oval/Medial
AACAAGACAGGATCTT-1,1,LHb,LHb,si,b5-lhb-m10_3,Oval/Medial
AACAAGATCAAACGTC-1,1,LHb,LHb,si,b5-lhb-m10_3,Oval/Medial
AACACACAGAGCACTG-1,4,LHb,LHb,si,b5-lhb-m10_3,Oval/Medial
AACACACAGGATACAT-1,1,LHb,LHb,si,b5-lhb-m10_3,Oval/Medial
AACACACGTATCTCGA-1,1,LHb,LHb,si,b5-lhb-m10_3,Oval/Medial
AACACACGTTGGTACT-1,9,LHb,LHb,si,b5-lhb-m10_3,Marginal
AACAGGGCAAACGAGC-1,4,LHb,LHb,si,b5-lhb-m10_3,Hbx
AACAGGGGTATCGGTT-1,13,LHb,LHb,si,b5-lhb-m10_3,Oval/Medial
AACCAACAGATACTGA-1,1,LHb,LHb,si,b5-lhb-m10_3,Oval/Medial
AACCAACAGGTTGGAC-1,4,LHb,LHb,si,b5-lhb-m10_3,Oval/Medial
AACCAACCAATCTGCA-1,1,LHb,LHb,si,b5-lhb-m10_3,Lateral
AACCAACCACAATGTC-1,13,LHb,LHb,si,b5-lhb-m10_3,Hbx
AACCAACCAGCTCATA-1-1,13,LHb,LHb,si,b5-lhb-m10_3,Hbx
AACCAACGTTTCGGCG-1,9,LHb,LHb,si,b5-lhb-m10_3,Marginal
AACCACAAGGGCAACT-1,0,LHb,LHb,si,b5-lhb-m10_3,Oval/Medial
AACCACAAGGTAGATT-1,1,LHb,LHb,si,b5-lhb-m10_3,Oval/Medial
AACCACACAACCAACT-1,0,LHb,LHb,si,b5-lhb-m10_3,Oval/Medial
AACCACAGTCGACGCT-1,1,LHb,LHb,si,b5-lhb-m10_3,Oval/Medial
AACCATGGTAAGCTCT-1,1,LHb,LHb,si,b5-lhb-m10_3,Oval/Medial
AACCATGGTCAGCGTC-1,1,LHb,LHb,si,b5-lhb-m10_3,Oval/Medial
AACCATGTCCGTACGG-1,1,LHb,LHb,si,b5-lhb-m10_3,Oval/Medial
AACCCAAGTGGCAACA-1,1,LHb,LHb,si,b5-lhb-m10_3,Oval/Medial
AACCTGATCCCGAACG-1,1,LHb,LHb,si,b5-lhb-m10_3,Oval/Medial
AACCTGATCTTAATCC-1,4,LHb,LHb,si,b5-lhb-m10_3,Hbx
AACCTTTGTATAATGG-1,1,LHb,LHb,si,b5-lhb-m10_3,Oval/Medial
AACGAAAAGATACAGT-1,1,LHb,LHb,si,b5-lhb-m10_3,Oval/Medial
AACGGGAAGCACCAGA-1-1,1,LHb,LHb,si,b5-lhb-m10_3,Oval/Medial
AACGGGAAGCGATCGA-1-1,4,LHb,LHb,si,b5-lhb-m10_3,Marginal
AACGGGAAGTGCAACG-1,9,LHb,LHb,si,b5-lhb-m10_3,Marginal
AACGGGAGTTAAGGAT-1,9,LHb,LHb,si,b5-lhb-m10_3,Marginal
AACGGGATCGTTCATT-1,1,LHb,LHb,si,b5-lhb-m10_3,Oval/Medial
AACGGGATCTTCGTGC-1,1,LHb,LHb,si,b5-lhb-m10_3,Oval/Medial
AACGTCAGTTGCATGT-1,1,LHb,LHb,si,b5-lhb-m10_3,Oval/Medial
AACGTCATCAAAGCCT-1,1,LHb,LHb,si,b5-lhb-m10_3,Oval/Medial
AACGTCATCGACCCAG-1,1,LHb,LHb,si,b5-lhb-m10_3,Oval/Medial
AACTTCTAGATCACCT-1,1,LHb,LHb,si,b5-lhb-m10_3,Oval/Medial
AACTTCTCAATTCGTG-1,1,LHb,LHb,si,b5-lhb-m10_3,Lateral
AACTTCTCATCATTGG-1,1,LHb,LHb,si,b5-lhb-m10_3,Oval/Medial
AACTTCTGTGATCATC-1,9,LHb,LHb,si,b5-lhb-m10_3,Lateral
AACTTCTGTGTGTGTT-1,0,LHb,LHb,si,b5-lhb-m10_3,Oval/Medial
AAGAACAAGAATAGTC-1,1,LHb,LHb,si,b5-lhb-m10_3,Oval/Medial
AAGAACACAGGTTTAC-1,1,LHb,LHb,si,b5-lhb-m10_3,Oval/Medial
AAGAACATCCGTAGGC-1,1,LHb,LHb,si,b5-lhb-m10_3,Oval/Medial
AAGACAACAGTCTTCC-1,0,LHb,LHb,si,b5-lhb-m10_3,Oval/Medial
AAGACAAGTCGCGTCA-1,1,LHb,LHb,si,b5-lhb-m10_3,Oval/Medial
AAGACAATCGAACGCC-1,1,LHb,LHb,si,b5-lhb-m10_3,Lateral
AAGACTCAGCCTGGAA-1,1,LHb,LHb,si,b5-lhb-m10_3,Oval/Medial
AAGATAGCAAGCACAG-1,1,LHb,LHb,si,b5-lhb-m10_3,Oval/Medial
AAGATAGTCAAGGAGC-1,0,LHb,LHb,si,b5-lhb-m10_3,Oval/Medial
AAGCATCAGGAACGCT-1,1,LHb,LHb,si,b5-lhb-m10_3,Oval/Medial
AAGCATCCACTAACGT-1,9,LHb,LHb,si,b5-lhb-m10_3,Marginal
AAGCATCGTCTACAGT-1,13,LHb,LHb,si,b5-lhb-m10_3,Oval/Medial
AAGCATCGTCTGCAAT-1,2,LHb,LHb,si,b5-lhb-m10_3,Oval/Medial
AAGCATCGTCTTACAG-1,1,LHb,LHb,si,b5-lhb-m10_3,Oval/Medial
AAGCCATCACCAAAGG-1,1,LHb,LHb,si,b5-lhb-m10_3,Oval/Medial
AAGCCATCATACATCG-1,0,LHb,LHb,si,b5-lhb-m10_3,Oval/Medial
AAGCCATGTAATGCTC-1,9,LHb,LHb,si,b5-lhb-m10_3,Oval/Medial
AAGCCATGTGAGAGGG-1-1,1,LHb,LHb,si,b5-lhb-m10_3,Oval/Medial
AAGCCATGTGGGTTGA-1,1,LHb,LHb,si,b5-lhb-m10_3,Oval/Medial
AAGCCATGTTGCCAAT-1,1,LHb,LHb,si,b5-lhb-m10_3,Oval/Medial
AAGCGAGTCGACACCG-1,1,LHb,LHb,si,b5-lhb-m10_3,Oval/Medial
AAGGAATGTACGTGTT-1,0,LHb,LHb,si,b5-lhb-m10_3,Hbx
AAGGAATTCCACGTAA-1,0,LHb,LHb,si,b5-lhb-m10_3,Oval/Medial
AAGGTAACATCCGAGC-1,1,LHb,LHb,si,b5-lhb-m10_3,Oval/Medial
AAGGTAATCGGCATAT-1,1,LHb,LHb,si,b5-lhb-m10_3,Oval/Medial
AAGTACCAGACAACTA-1,9,LHb,LHb,si,b5-lhb-m10_3,Marginal
AAGTACCAGAGGGTAA-1,0,LHb,LHb,si,b5-lhb-m10_3,Oval/Medial
AAGTACCCAGGGACTA-1,1,LHb,LHb,si,b5-lhb-m10_3,Oval/Medial
AAGTACCCAGGGCTTC-1,0,LHb,LHb,si,b5-lhb-m10_3,Hbx
AAGTACCCAGTCAGTT-1,1,LHb,LHb,si,b5-lhb-m10_3,Oval/Medial
AAGTCGTCAAAGAACT-1,13,LHb,LHb,si,b5-lhb-m10_3,Oval/Medial
AAGTCGTCAGTAGTGG-1,13,LHb,LHb,si,b5-lhb-m10_3,Oval/Medial
AAGTCGTGTACCCACG-1,9,LHb,LHb,si,b5-lhb-m10_3,Oval/Medial
AAGTCGTTCTGCTTAT-1,0,LHb,LHb,si,b5-lhb-m10_3,Oval/Medial
AAGTCGTTCTTCCGTG-1,4,LHb,LHb,si,b5-lhb-m10_3,Oval/Medial
AAGTGAAAGTAACAGT-1,1,LHb,LHb,si,b5-lhb-m10_3,Oval/Medial
AAGTGAAGTGAGGCAT-1,1,LHb,LHb,si,b5-lhb-m10_3,Oval/Medial
AAGTTCGAGTCATGAA-1,1,LHb,LHb,si,b5-lhb-m10_3,Oval/Medial
AAGTTCGGTTACGTAC-1,1,LHb,LHb,si,b5-lhb-m10_3,Oval/Medial
AATCACGCAGCGGATA-1,16,LHb,LHb,si,b5-lhb-m10_3,Oval/Medial
AATCGACAGTAAGACT-1,1,LHb,LHb,si,b5-lhb-m10_3,Oval/Medial
AATCGACGTCTCCCTA-1,1,LHb,LHb,si,b5-lhb-m10_3,Oval/Medial
AATCGACTCAAGAAAC-1,1,LHb,LHb,si,b5-lhb-m10_3,Oval/Medial
AATCGACTCCCGAAAT-1,9,LHb,LHb,si,b5-lhb-m10_3,Marginal
AATCGTGGTCTGTGAT-1,1,LHb,LHb,si,b5-lhb-m10_3,Oval/Medial
AATGAAGAGTTAACAG-1,9,LHb,LHb,si,b5-lhb-m10_3,Oval/Medial
AATGAAGAGTTACGTC-1,1,LHb,LHb,si,b5-lhb-m10_3,Lateral
AATGAAGGTGCATTTG-1,0,LHb,LHb,si,b5-lhb-m10_3,Oval/Medial
AATGACCAGCGAAACC-1,1,LHb,LHb,si,b5-lhb-m10_3,Oval/Medial
AATGACCTCAAGTTGC-1,1,LHb,LHb,si,b5-lhb-m10_3,Lateral
AATGCCAAGCCTCACG-1,1,LHb,LHb,si,b5-lhb-m10_3,Oval/Medial
AATGCCACAGCACACC-1,1,LHb,LHb,si,b5-lhb-m10_3,Oval/Medial
AATGCCACATTCACCC-1,0,LHb,LHb,si,b5-lhb-m10_3,Oval/Medial
AATGCCAGTACCGTGC-1,1,LHb,LHb,si,b5-lhb-m10_3,Lateral
AATGCCATCATGGGAG-1,2,LHb,LHb,si,b5-lhb-m10_3,Oval/Medial
AATGGAAAGCATCCCG-1,1,LHb,LHb,si,b5-lhb-m10_3,Marginal
AATGGAATCGAGATGG-1,1,LHb,LHb,si,b5-lhb-m10_3,Oval/Medial
AATGGCTCAATTAGGA-1,4,LHb,LHb,si,b5-lhb-m10_3,Marginal
AATGGCTCAGGTCAAG-1,1,LHb,LHb,si,b5-lhb-m10_3,Oval/Medial
AATTCCTCACTCTGCT-1,1,LHb,LHb,si,b5-lhb-m10_3,Lateral
AATTCCTCAGGTCAAG-1,1,LHb,LHb,si,b5-lhb-m10_3,Oval/Medial
AATTCCTTCACCTTAT-1,1,LHb,LHb,si,b5-lhb-m10_3,Oval/Medial
AATTTCCAGGACTATA-1,1,LHb,LHb,si,b5-lhb-m10_3,Oval/Medial
AATTTCCCAACACGAG-1,1,LHb,LHb,si,b5-lhb-m10_3,Oval/Medial
AATTTCCCAATTGCGT-1,1,LHb,LHb,si,b5-lhb-m10_3,Oval/Medial
AATTTCCCAGTCTACA-1,9,LHb,LHb,si,b5-lhb-m10_3,Marginal
AATTTCCCATACCAGT-1,1,LHb,LHb,si,b5-lhb-m10_3,Oval/Medial
AATTTCCGTATCACGT-1,1,LHb,LHb,si,b5-lhb-m10_3,Oval/Medial
AATTTCCTCCTATGGA-1,0,LHb,LHb,si,b5-lhb-m10_3,Oval/Medial
ACAAAGAAGCGCTGCT-1,1,LHb,LHb,si,b5-lhb-m10_3,Oval/Medial
ACAAAGAGTGTGGTCC-1,9,LHb,LHb,si,b5-lhb-m10_3,Marginal
ACAAAGATCATTTCCA-1,1,LHb,LHb,si,b5-lhb-m10_3,Oval/Medial
ACAACCAAGAGAGTTT-1,2,LHb,LHb,si,b5-lhb-m10_3,Oval/Medial
ACAACCAAGGGACAGG-1,1,LHb,LHb,si,b5-lhb-m10_3,Oval/Medial
ACAACCAAGTCATACC-1,1,LHb,LHb,si,b5-lhb-m10_3,Oval/Medial
ACAACCACAATGAAAC-1-1,1,LHb,LHb,si,b5-lhb-m10_3,Oval/Medial
ACAACCAGTTAGAGAT-1,1,LHb,LHb,si,b5-lhb-m10_3,Oval/Medial
ACAACCAGTTCCGTTC-1,1,LHb,LHb,si,b5-lhb-m10_3,Oval/Medial
ACAAGCTTCCTACACC-1,1,LHb,LHb,si,b5-lhb-m10_3,Oval/Medial
ACAAGCTTCTTCGTAT-1,1,LHb,LHb,si,b5-lhb-m10_3,Oval/Medial
ACACAGTAGCCTAACT-1,1,LHb,LHb,si,b5-lhb-m10_3,Oval/Medial
ACACAGTAGGAACTAT-1,1,LHb,LHb,si,b5-lhb-m10_3,Oval/Medial
ACACAGTAGGGCTAAC-1,1,LHb,LHb,si,b5-lhb-m10_3,Oval/Medial
ACACCAAAGGTCCCGT-1,1,LHb,LHb,si,b5-lhb-m10_3,Oval/Medial
ACACCAAAGGTTCCGC-1,1,LHb,LHb,si,b5-lhb-m10_3,Oval/Medial
ACACCAAAGTGTTCCA-1,1,LHb,LHb,si,b5-lhb-m10_3,Oval/Medial
ACACCAACAGCAAGAC-1,1,LHb,LHb,si,b5-lhb-m10_3,Oval/Medial
ACACCAAGTGAGGAAA-1,1,LHb,LHb,si,b5-lhb-m10_3,Oval/Medial
ACACGCGAGAAACTCA-1,1,LHb,LHb,si,b5-lhb-m10_3,Oval/Medial
ACACGCGAGCCTCATA-1,1,LHb,LHb,si,b5-lhb-m10_3,Oval/Medial
ACACGCGAGTCCCGGT-1,9,LHb,LHb,si,b5-lhb-m10_3,Marginal
ACACGCGCATCGCTCT-1,1,LHb,LHb,si,b5-lhb-m10_3,Oval/Medial
ACACTGATCCTTATGT-1,1,LHb,LHb,si,b5-lhb-m10_3,Oval/Medial
ACAGAAACATCGATAC-1,1,LHb,LHb,si,b5-lhb-m10_3,Oval/Medial
ACAGAAACATTCGATG-1,1,LHb,LHb,si,b5-lhb-m10_3,Oval/Medial
ACAGAAATCCACGTGG-1,1,LHb,LHb,si,b5-lhb-m10_3,Oval/Medial
ACAGAAATCGATTCCC-1,4,LHb,LHb,si,b5-lhb-m10_3,Hbx
ACAGAAATCTGACAGT-1,1,LHb,LHb,si,b5-lhb-m10_3,Oval/Medial
ACAGCCGGTGAATAAC-1,1,LHb,LHb,si,b5-lhb-m10_3,Oval/Medial
ACAGCCGTCATCCTGC-1-1,13,LHb,LHb,si,b5-lhb-m10_3,Oval/Medial
ACAGGGACAACCGACC-1,1,LHb,LHb,si,b5-lhb-m10_3,Oval/Medial
ACATCCCGTTGAGTCT-1,1,LHb,LHb,si,b5-lhb-m10_3,Oval/Medial
ACATCGACATGCCGGT-1,1,LHb,LHb,si,b5-lhb-m10_3,Oval/Medial
ACATCGAGTAGGACTG-1,1,LHb,LHb,si,b5-lhb-m10_3,Lateral
ACATTTCCAGAGTTGG-1,1,LHb,LHb,si,b5-lhb-m10_3,Lateral
ACCAAACAGGACAACC-1,1,LHb,LHb,si,b5-lhb-m10_3,Oval/Medial
ACCAAACCAATTGTGC-1,1,LHb,LHb,si,b5-lhb-m10_3,Oval/Medial
ACCAAACCACCAATTG-1,9,LHb,LHb,si,b5-lhb-m10_3,Marginal
ACCAAACCATTGACCA-1,1,LHb,LHb,si,b5-lhb-m10_3,Lateral
ACCAAACTCCTAGCCT-1,1,LHb,LHb,si,b5-lhb-m10_3,Oval/Medial
ACCAACAGTCAAATCC-1,1,LHb,LHb,si,b5-lhb-m10_3,Oval/Medial
ACCAACAGTGTTCGTA-1,0,LHb,LHb,si,b5-lhb-m10_3,Lateral
ACCAACATCATACAGC-1,1,LHb,LHb,si,b5-lhb-m10_3,Oval/Medial
ACCAACATCTTTCTAG-1,9,LHb,LHb,si,b5-lhb-m10_3,Marginal
ACCACAAAGACATCAA-1,2,LHb,LHb,si,b5-lhb-m10_3,Oval/Medial
ACCACAAAGCCATTTG-1,1,LHb,LHb,si,b5-lhb-m10_3,Oval/Medial
ACCACAAAGGTAAGTT-1,1,LHb,LHb,si,b5-lhb-m10_3,Oval/Medial
ACCATTTAGCAGATAT-1,1,LHb,LHb,si,b5-lhb-m10_3,Hbx
ACCATTTCACTATCCC-1,1,LHb,LHb,si,b5-lhb-m10_3,Oval/Medial
ACCATTTCACTCAGAT-1,1,LHb,LHb,si,b5-lhb-m10_3,Oval/Medial
ACCATTTGTGTCTAAC-1,0,LHb,LHb,si,b5-lhb-m10_3,Oval/Medial
ACCCAAAGTCTAACGT-1,2,LHb,LHb,si,b5-lhb-m10_3,Oval/Medial
ACCCAAAGTGACTCTA-1,1,LHb,LHb,si,b5-lhb-m10_3,Oval/Medial
ACCCTCACAGCGGTCT-1,0,LHb,LHb,si,b5-lhb-m10_3,Hbx
ACCCTCAGTCCACTTC-1,0,LHb,LHb,si,b5-lhb-m10_3,Oval/Medial
ACCCTCAGTTAGAGTA-1,1,LHb,LHb,si,b5-lhb-m10_3,Oval/Medial
ACCCTCAGTTTGAAAG-1,1,LHb,LHb,si,b5-lhb-m10_3,Oval/Medial
ACCCTTGAGCATCCCG-1,1,LHb,LHb,si,b5-lhb-m10_3,Oval/Medial
ACCCTTGCAAGGCTTT-1,1,LHb,LHb,si,b5-lhb-m10_3,Oval/Medial
ACCCTTGGTATCCCAA-1,1,LHb,LHb,si,b5-lhb-m10_3,Oval/Medial
ACCGTTCCAGTTGTTG-1,1,LHb,LHb,si,b5-lhb-m10_3,Oval/Medial
ACCGTTCGTCTCCCTA-1,1,LHb,LHb,si,b5-lhb-m10_3,Oval/Medial
ACCGTTCGTTAGAAAC-1,0,LHb,LHb,si,b5-lhb-m10_3,Oval/Medial
ACCTGAAAGGTTCAGG-1,0,LHb,LHb,si,b5-lhb-m10_3,Oval/Medial
ACCTGAACACGTATAC-1,0,LHb,LHb,si,b5-lhb-m10_3,Lateral
ACCTGAACACGTCGGT-1,9,LHb,LHb,si,b5-lhb-m10_3,Oval/Medial
ACCTGAAGTACTCAAC-1,1,LHb,LHb,si,b5-lhb-m10_3,Oval/Medial
ACCTGAAGTGGCGTAA-1,1,LHb,LHb,si,b5-lhb-m10_3,Oval/Medial
ACCTGTCCAGGAATAT-1,1,LHb,LHb,si,b5-lhb-m10_3,Oval/Medial
ACCTGTCGTAATCAGA-1,1,LHb,LHb,si,b5-lhb-m10_3,Oval/Medial
ACGATCACAGAGGAAA-1,1,LHb,LHb,si,b5-lhb-m10_3,Oval/Medial
ACGATCACATCGATCA-1,1,LHb,LHb,si,b5-lhb-m10_3,Hbx
ACGATGTAGTGCAAAT-1,1,LHb,LHb,si,b5-lhb-m10_3,Oval/Medial
ACGATGTCACACCGCA-1,1,LHb,LHb,si,b5-lhb-m10_3,Oval/Medial
ACGATGTGTCATCTAG-1,1,LHb,LHb,si,b5-lhb-m10_3,Oval/Medial
ACGATGTTCAGGACGA-1,1,LHb,LHb,si,b5-lhb-m10_3,Oval/Medial
ACGATGTTCCCAGGCA-1,1,LHb,LHb,si,b5-lhb-m10_3,Oval/Medial
ACGCACGAGTGCAGGT-1,1,LHb,LHb,si,b5-lhb-m10_3,Oval/Medial
ACGCACGTCCGCGAGT-1,1,LHb,LHb,si,b5-lhb-m10_3,Oval/Medial
ACGCACGTCCTTCTAA-1,1,LHb,LHb,si,b5-lhb-m10_3,Oval/Medial
ACGGAAGGTTAAAGTG-1,1,LHb,LHb,si,b5-lhb-m10_3,Oval/Medial
ACGGTCGCAACACTAC-1,4,LHb,LHb,si,b5-lhb-m10_3,Oval/Medial
ACGGTCGCATCCGTGG-1,1,LHb,LHb,si,b5-lhb-m10_3,Oval/Medial
ACGGTCGGTCGGTGTC-1,1,LHb,LHb,si,b5-lhb-m10_3,Oval/Medial
ACGGTCGGTGCGACAA-1,1,LHb,LHb,si,b5-lhb-m10_3,Lateral
ACGGTTACAATTGCCA-1,1,LHb,LHb,si,b5-lhb-m10_3,Oval/Medial
ACGGTTAGTCCTACGG-1,1,LHb,LHb,si,b5-lhb-m10_3,Oval/Medial
ACGTACAGTAGAGTTA-1,2,LHb,LHb,si,b5-lhb-m10_3,Marginal
ACGTACAGTTAAACCC-1,1,LHb,LHb,si,b5-lhb-m10_3,Oval/Medial
ACGTAGTCAGGGTTGA-1,1,LHb,LHb,si,b5-lhb-m10_3,Oval/Medial
ACGTAGTTCGACCTAA-1,4,LHb,LHb,si,b5-lhb-m10_3,Oval/Medial
ACGTAGTTCTCTCGAC-1,1,LHb,LHb,si,b5-lhb-m10_3,Oval/Medial
ACGTCCTAGACCATTC-1,1,LHb,LHb,si,b5-lhb-m10_3,Oval/Medial
ACGTCCTCAGAGCGTA-1,2,LHb,LHb,si,b5-lhb-m10_3,Marginal
ACGTCCTCAGCACAAG-1,1,LHb,LHb,si,b5-lhb-m10_3,Oval/Medial
ACGTCCTCAGCATTGT-1,4,LHb,LHb,si,b5-lhb-m10_3,Oval/Medial
ACGTCCTGTCGGAACA-1,1,LHb,LHb,si,b5-lhb-m10_3,Oval/Medial
ACGTCCTTCAGCTGTA-1,1,LHb,LHb,si,b5-lhb-m10_3,Oval/Medial
ACGTTCCGTCACTCGG-1,0,LHb,LHb,si,b5-lhb-m10_3,Oval/Medial
ACTACGAAGCATCCCG-1,1,LHb,LHb,si,b5-lhb-m10_3,Oval/Medial
ACTACGAAGGTACAAT-1,1,LHb,LHb,si,b5-lhb-m10_3,Oval/Medial
ACTACGATCTGTGCTC-1,0,LHb,LHb,si,b5-lhb-m10_3,Lateral
ACTATCTTCACGACTA-1,1,LHb,LHb,si,b5-lhb-m10_3,Oval/Medial
ACTATGGAGCCTCACG-1,1,LHb,LHb,si,b5-lhb-m10_3,Oval/Medial
ACTATGGGTTGGAGAC-1,1,LHb,LHb,si,b5-lhb-m10_3,Oval/Medial
ACTATTCAGCGAATGC-1,1,LHb,LHb,si,b5-lhb-m10_3,Oval/Medial
ACTATTCAGTAAGAGG-1,1,LHb,LHb,si,b5-lhb-m10_3,Oval/Medial
ACTATTCTCTCTTGCG-1,1,LHb,LHb,si,b5-lhb-m10_3,Oval/Medial
ACTCCCACAGCAGAAC-1,1,LHb,LHb,si,b5-lhb-m10_3,Oval/Medial
ACTCTCGGTCGCGTTG-1,1,LHb,LHb,si,b5-lhb-m10_3,Lateral
ACTCTCGGTTAGGCTT-1,1,LHb,LHb,si,b5-lhb-m10_3,Oval/Medial
ACTGATGAGCAACTTC-1,0,LHb,LHb,si,b5-lhb-m10_3,Lateral
ACTGATGAGGCTTAAA-1,0,LHb,LHb,si,b5-lhb-m10_3,Oval/Medial
ACTGATGGTGCTTCAA-1,1,LHb,LHb,si,b5-lhb-m10_3,Oval/Medial
ACTGATGTCAGGGTAG-1,0,LHb,LHb,si,b5-lhb-m10_3,Oval/Medial
ACTGATGTCCACACAA-1,1,LHb,LHb,si,b5-lhb-m10_3,Oval/Medial
ACTGCAAAGCACTCCG-1,1,LHb,LHb,si,b5-lhb-m10_3,Oval/Medial
ACTGCAAAGGAGAATG-1,1,LHb,LHb,si,b5-lhb-m10_3,Lateral
ACTGCAACACACGCCA-1,1,LHb,LHb,si,b5-lhb-m10_3,Oval/Medial
ACTGCAACAGGTTTAC-1,0,LHb,LHb,si,b5-lhb-m10_3,Lateral
ACTGCAACATGGATCT-1,9,LHb,LHb,si,b5-lhb-m10_3,Marginal
ACTGCAAGTACCATAC-1,0,LHb,LHb,si,b5-lhb-m10_3,Oval/Medial
ACTGCAAGTACCCACG-1,4,LHb,LHb,si,b5-lhb-m10_3,Hbx
ACTGTCCAGCCAAGGT-1,9,LHb,LHb,si,b5-lhb-m10_3,Marginal
ACTGTCCAGGGATCTG-1,1,LHb,LHb,si,b5-lhb-m10_3,Oval/Medial
ACTGTCCAGTGGCCTC-1,1,LHb,LHb,si,b5-lhb-m10_3,Lateral
ACTGTCCGTAAGTTAG-1,1,LHb,LHb,si,b5-lhb-m10_3,Oval/Medial
ACTGTCCGTCGCAGTC-1,1,LHb,LHb,si,b5-lhb-m10_3,Oval/Medial
ACTGTCCTCAGCATTG-1,4,LHb,LHb,si,b5-lhb-m10_3,Hbx
ACTGTCCTCGCGTTTC-1-1,1,LHb,LHb,si,b5-lhb-m10_3,Oval/Medial
ACTGTGAAGCTTGTGT-1,4,LHb,LHb,si,b5-lhb-m10_3,Hbx
ACTGTGAAGTCACTAC-1,0,LHb,LHb,si,b5-lhb-m10_3,Oval/Medial
ACTGTGACATTATGCG-1,13,LHb,LHb,si,b5-lhb-m10_3,Oval/Medial
ACTGTGAGTTAGAGTA-1,1,LHb,LHb,si,b5-lhb-m10_3,Oval/Medial
ACTGTGATCCGTGTCT-1,1,LHb,LHb,si,b5-lhb-m10_3,Oval/Medial
ACTTAGGAGTGGCGAT-1,1,LHb,LHb,si,b5-lhb-m10_3,Oval/Medial
ACTTATCCAATCTGCA-1,1,LHb,LHb,si,b5-lhb-m10_3,Oval/Medial
ACTTATCCACCCTCTA-1,1,LHb,LHb,si,b5-lhb-m10_3,Oval/Medial
ACTTATCCACTATCCC-1,0,LHb,LHb,si,b5-lhb-m10_3,Oval/Medial
ACTTATCCAGACCGCT-1,1,LHb,LHb,si,b5-lhb-m10_3,Lateral
ACTTATCGTACAATAG-1,9,LHb,LHb,si,b5-lhb-m10_3,Marginal
ACTTATCTCAACGAGG-1,1,LHb,LHb,si,b5-lhb-m10_3,Oval/Medial
ACTTATCTCTTGTTAC-1,1,LHb,LHb,si,b5-lhb-m10_3,Oval/Medial
ACTTCCGAGCATCTTG-1,1,LHb,LHb,si,b5-lhb-m10_3,Oval/Medial
ACTTCCGCACGGCGTT-1,1,LHb,LHb,si,b5-lhb-m10_3,Oval/Medial
ACTTCCGCAGTTACCA-1,4,LHb,LHb,si,b5-lhb-m10_3,Oval/Medial
ACTTCCGGTTCGGACC-1,1,LHb,LHb,si,b5-lhb-m10_3,Oval/Medial
ACTTCCGTCTCTCTTC-1,1,LHb,LHb,si,b5-lhb-m10_3,Oval/Medial
ACTTCGCCACCCTGTT-1,4,LHb,LHb,si,b5-lhb-m10_3,Oval/Medial
ACTTCGCGTAAGGCTG-1,1,LHb,LHb,si,b5-lhb-m10_3,Oval/Medial
ACTTCGCTCCCTCGTA-1,0,LHb,LHb,si,b5-lhb-m10_3,Oval/Medial
ACTTCGCTCTGGTTGA-1,1,LHb,LHb,si,b5-lhb-m10_3,Oval/Medial
ACTTTCACACGCTATA-1,0,LHb,LHb,si,b5-lhb-m10_3,Hbx
ACTTTCATCGCGATCG-1,1,LHb,LHb,si,b5-lhb-m10_3,Oval/Medial
ACTTTCATCTGGGCCA-1,0,LHb,LHb,si,b5-lhb-m10_3,Oval/Medial
ACTTTGTGTGTTCAGT-1,1,LHb,LHb,si,b5-lhb-m10_3,Oval/Medial
AGAAATGGTAGATTAG-1,1,LHb,LHb,si,b5-lhb-m10_3,Oval/Medial
AGAAATGGTGAGTAGC-1,1,LHb,LHb,si,b5-lhb-m10_3,Oval/Medial
AGAAATGTCACCTACC-1,9,LHb,LHb,si,b5-lhb-m10_3,Oval/Medial
AGAACAAAGACATCCT-1,1,LHb,LHb,si,b5-lhb-m10_3,Oval/Medial
AGAACCTCAGCTGTTA-1,1,LHb,LHb,si,b5-lhb-m10_3,Oval/Medial
AGAACCTGTGCTGATT-1,9,LHb,LHb,si,b5-lhb-m10_3,Oval/Medial
AGAACCTTCACTGGTA-1,9,LHb,LHb,si,b5-lhb-m10_3,Marginal
AGAACCTTCCAGTGCG-1,1,LHb,LHb,si,b5-lhb-m10_3,Oval/Medial
AGAACCTTCTAGTCAG-1,1,LHb,LHb,si,b5-lhb-m10_3,Oval/Medial
AGAAGCGCATGCCGGT-1,1,LHb,LHb,si,b5-lhb-m10_3,Oval/Medial
AGAAGTATCCCATGGG-1,1,LHb,LHb,si,b5-lhb-m10_3,Hbx
AGACAAAAGTCATGAA-1,9,LHb,LHb,si,b5-lhb-m10_3,Marginal
AGACAAAGTGCCGAAA-1,9,LHb,LHb,si,b5-lhb-m10_3,Marginal
AGACAAAGTGGGATTG-1,1,LHb,LHb,si,b5-lhb-m10_3,Oval/Medial
AGACAAATCGCTCTAC-1,1,LHb,LHb,si,b5-lhb-m10_3,Oval/Medial
AGACACTAGAGCATAT-1,1,LHb,LHb,si,b5-lhb-m10_3,Oval/Medial
AGACAGGTCAGCCTTC-1,0,LHb,LHb,si,b5-lhb-m10_3,Oval/Medial
AGACCATAGACAAGCC-1,1,LHb,LHb,si,b5-lhb-m10_3,Oval/Medial
AGACCATAGGGCTAAC-1,9,LHb,LHb,si,b5-lhb-m10_3,Marginal
AGACCCGAGTTTGCTG-1,1,LHb,LHb,si,b5-lhb-m10_3,Oval/Medial
AGACCCGGTCGAACAG-1,1,LHb,LHb,si,b5-lhb-m10_3,Oval/Medial
AGACCCGGTGAAGCTG-1,1,LHb,LHb,si,b5-lhb-m10_3,Oval/Medial
AGACCCGTCACTGCTC-1,0,LHb,LHb,si,b5-lhb-m10_3,Oval/Medial
AGACCCGTCCTCTCTT-1,1,LHb,LHb,si,b5-lhb-m10_3,Oval/Medial
AGACTCACAACAGTGG-1,9,LHb,LHb,si,b5-lhb-m10_3,Marginal
AGACTCATCAGGAGAC-1,13,LHb,LHb,si,b5-lhb-m10_3,Oval/Medial
AGAGAATAGTAGCTCT-1,1,LHb,LHb,si,b5-lhb-m10_3,Oval/Medial
AGAGAATAGTCCGCCA-1,1,LHb,LHb,si,b5-lhb-m10_3,Oval/Medial
AGAGAATCACGAGGAT-1,1,LHb,LHb,si,b5-lhb-m10_3,Oval/Medial
AGAGAATGTTGCCGCA-1,1,LHb,LHb,si,b5-lhb-m10_3,Oval/Medial
AGAGAATTCCTACAAG-1,4,LHb,LHb,si,b5-lhb-m10_3,Oval/Medial
AGAGAATTCTGGACTA-1,1,LHb,LHb,si,b5-lhb-m10_3,Oval/Medial
AGAGAGCAGCTAGTTC-1-1,1,LHb,LHb,si,b5-lhb-m10_3,Oval/Medial
AGAGAGCAGTACGAGC-1,9,LHb,LHb,si,b5-lhb-m10_3,Oval/Medial
AGAGAGCCATCCGAAT-1,2,LHb,LHb,si,b5-lhb-m10_3,Oval/Medial
AGAGAGCTCTGGGCGT-1,1,LHb,LHb,si,b5-lhb-m10_3,Oval/Medial
AGAGCAGGTCGTGCCA-1,1,LHb,LHb,si,b5-lhb-m10_3,Oval/Medial
AGAGCAGTCATGCCAA-1,1,LHb,LHb,si,b5-lhb-m10_3,Lateral
AGAGCCCAGAGCCCAA-1,0,LHb,LHb,si,b5-lhb-m10_3,Oval/Medial
AGAGCCCAGGTCCCTG-1,1,LHb,LHb,si,b5-lhb-m10_3,Oval/Medial
AGAGCCCGTATCCCAA-1,9,LHb,LHb,si,b5-lhb-m10_3,Marginal
AGATAGAGTCATCGCG-1,1,LHb,LHb,si,b5-lhb-m10_3,Oval/Medial
AGATAGATCCTCTGCA-1,1,LHb,LHb,si,b5-lhb-m10_3,Oval/Medial
AGATCCAAGCAGTACG-1,4,LHb,LHb,si,b5-lhb-m10_3,Hbx
AGATCCAAGTATAGAC-1,2,LHb,LHb,si,b5-lhb-m10_3,Oval/Medial
AGATCCACATCCCACT-1,1,LHb,LHb,si,b5-lhb-m10_3,Oval/Medial
AGATCCAGTATGTCTG-1,9,LHb,LHb,si,b5-lhb-m10_3,Hbx
AGATCGTAGATACCAA-1,1,LHb,LHb,si,b5-lhb-m10_3,Oval/Medial
AGATCGTAGTGCGCTC-1,1,LHb,LHb,si,b5-lhb-m10_3,Oval/Medial
AGATCGTCATGGCTAT-1,1,LHb,LHb,si,b5-lhb-m10_3,Oval/Medial
AGATGAACATCCGGTG-1,1,LHb,LHb,si,b5-lhb-m10_3,Hbx
AGATGAAGTTGGTGTT-1,1,LHb,LHb,si,b5-lhb-m10_3,Oval/Medial
AGATGAATCGGAATGG-1,1,LHb,LHb,si,b5-lhb-m10_3,Oval/Medial
AGATGAATCGTAGTGT-1,13,LHb,LHb,si,b5-lhb-m10_3,Oval/Medial
AGCATCAAGGTCACTT-1,1,LHb,LHb,si,b5-lhb-m10_3,Oval/Medial
AGCATCACACGCAAAG-1,1,LHb,LHb,si,b5-lhb-m10_3,Lateral
AGCATCAGTCTGCAAT-1,1,LHb,LHb,si,b5-lhb-m10_3,Oval/Medial
AGCATCATCACCTGTC-1,1,LHb,LHb,si,b5-lhb-m10_3,Oval/Medial
AGCATCATCTTGGCTC-1,1,LHb,LHb,si,b5-lhb-m10_3,Oval/Medial
AGCCAATCAGCTTTGA-1,1,LHb,LHb,si,b5-lhb-m10_3,Lateral
AGCCAATGTGACTGAG-1-1,1,LHb,LHb,si,b5-lhb-m10_3,Oval/Medial
AGCCAATTCAGAGCGA-1,0,LHb,LHb,si,b5-lhb-m10_3,Oval/Medial
AGCCAATTCCCAGGAC-1,1,LHb,LHb,si,b5-lhb-m10_3,Oval/Medial
AGCCAATTCGACATTG-1,0,LHb,LHb,si,b5-lhb-m10_3,Marginal
AGCCACGAGTAGCTCT-1,1,LHb,LHb,si,b5-lhb-m10_3,Oval/Medial
AGCCACGAGTCTAGCT-1,1,LHb,LHb,si,b5-lhb-m10_3,Oval/Medial
AGCCACGTCACTGATG-1,1,LHb,LHb,si,b5-lhb-m10_3,Oval/Medial
AGCCACGTCACTTCTA-1,1,LHb,LHb,si,b5-lhb-m10_3,Oval/Medial
AGCCACGTCATAGGCT-1,1,LHb,LHb,si,b5-lhb-m10_3,Lateral
AGCCACGTCATGAGAA-1,1,LHb,LHb,si,b5-lhb-m10_3,Oval/Medial
AGCCACGTCCTATGGA-1,1,LHb,LHb,si,b5-lhb-m10_3,Oval/Medial
AGCCACGTCTGTCGCT-1-1,2,LHb,LHb,si,b5-lhb-m10_3,Oval/Medial
AGCCAGCAGCCTAACT-1,1,LHb,LHb,si,b5-lhb-m10_3,Oval/Medial
AGCCAGCCAGGCGTTC-1,1,LHb,LHb,si,b5-lhb-m10_3,Oval/Medial
AGCCAGCTCCATGCAA-1,1,LHb,LHb,si,b5-lhb-m10_3,Hbx
AGCGATTAGACTCGAG-1,1,LHb,LHb,si,b5-lhb-m10_3,Oval/Medial
AGCGATTAGTCACTGT-1,1,LHb,LHb,si,b5-lhb-m10_3,Oval/Medial
AGCGATTCAGCTATAC-1,0,LHb,LHb,si,b5-lhb-m10_3,Oval/Medial
AGCGATTCATTGTACG-1,4,LHb,LHb,si,b5-lhb-m10_3,Hbx
AGCGATTGTCTAACTG-1,9,LHb,LHb,si,b5-lhb-m10_3,Marginal
AGCGATTGTTGTCATG-1,1,LHb,LHb,si,b5-lhb-m10_3,Oval/Medial
AGCGATTTCCGTACGG-1,0,LHb,LHb,si,b5-lhb-m10_3,Oval/Medial
AGCGCCAAGGCTCTAT-1,1,LHb,LHb,si,b5-lhb-m10_3,Oval/Medial
AGCGCCACATTGGATC-1,1,LHb,LHb,si,b5-lhb-m10_3,Oval/Medial
AGCGTATAGAGATCGC-1,1,LHb,LHb,si,b5-lhb-m10_3,Oval/Medial
AGCGTATCACTAACGT-1,1,LHb,LHb,si,b5-lhb-m10_3,Hbx
AGCGTATCATGACTTG-1,1,LHb,LHb,si,b5-lhb-m10_3,Oval/Medial
AGCGTATTCTCCAAGA-1,1,LHb,LHb,si,b5-lhb-m10_3,Lateral
AGCGTCGGTGGCTGAA-1,1,LHb,LHb,si,b5-lhb-m10_3,Oval/Medial
AGCTACAAGAAGGATG-1,1,LHb,LHb,si,b5-lhb-m10_3,Oval/Medial
AGCTACATCGAGTCTA-1,1,LHb,LHb,si,b5-lhb-m10_3,Oval/Medial
AGCTCAACACATAGCT-1,1,LHb,LHb,si,b5-lhb-m10_3,Hbx
AGCTCAAGTCATCCGG-1,1,LHb,LHb,si,b5-lhb-m10_3,Oval/Medial
AGCTCAAGTGCGGTAA-1,0,LHb,LHb,si,b5-lhb-m10_3,Hbx
AGCTTCCGTCTGATAC-1,1,LHb,LHb,si,b5-lhb-m10_3,Oval/Medial
AGCTTCCTCATCACCC-1,1,LHb,LHb,si,b5-lhb-m10_3,Oval/Medial
AGGAAATCATTGACCA-1,1,LHb,LHb,si,b5-lhb-m10_3,Oval/Medial
AGGAAATTCAGACTGT-1,1,LHb,LHb,si,b5-lhb-m10_3,Oval/Medial
AGGAAATTCCACAGGC-1,0,LHb,LHb,si,b5-lhb-m10_3,Oval/Medial
AGGAATACAGGTTTAC-1,9,LHb,LHb,si,b5-lhb-m10_3,Oval/Medial
AGGAATAGTAAGGTCG-1,1,LHb,LHb,si,b5-lhb-m10_3,Oval/Medial
AGGAATAGTGGGATTG-1,2,LHb,LHb,si,b5-lhb-m10_3,Hbx
AGGAATAGTGTCGATT-1,9,LHb,LHb,si,b5-lhb-m10_3,Oval/Medial
AGGACGAAGCTGTCCG-1,9,LHb,LHb,si,b5-lhb-m10_3,Marginal
AGGACGAAGGTTTGAA-1,1,LHb,LHb,si,b5-lhb-m10_3,Oval/Medial
AGGACGAGTATTCCGA-1,1,LHb,LHb,si,b5-lhb-m10_3,Oval/Medial
AGGACGAGTGAGTCAG-1,1,LHb,LHb,si,b5-lhb-m10_3,Oval/Medial
AGGACTTAGGGACTGT-1,1,LHb,LHb,si,b5-lhb-m10_3,Oval/Medial
AGGACTTCACAGAGAC-1,1,LHb,LHb,si,b5-lhb-m10_3,Oval/Medial
AGGACTTTCAAGCGTT-1,1,LHb,LHb,si,b5-lhb-m10_3,Oval/Medial
AGGACTTTCCCAATAG-1,1,LHb,LHb,si,b5-lhb-m10_3,Lateral
AGGACTTTCTCACCCA-1,1,LHb,LHb,si,b5-lhb-m10_3,Oval/Medial
AGGAGGTGTGCTGTCG-1,1,LHb,LHb,si,b5-lhb-m10_3,Oval/Medial
AGGAGGTGTGTCTTCC-1,1,LHb,LHb,si,b5-lhb-m10_3,Oval/Medial
AGGAGGTTCCACCTCA-1,0,LHb,LHb,si,b5-lhb-m10_3,Oval/Medial
AGGATAACAGAGTAAT-1,1,LHb,LHb,si,b5-lhb-m10_3,Hbx
AGGATCTAGGATTCCT-1,1,LHb,LHb,si,b5-lhb-m10_3,Oval/Medial
AGGATCTTCAACCCGG-1,9,LHb,LHb,si,b5-lhb-m10_3,Oval/Medial
AGGATCTTCAACGAGG-1,4,LHb,LHb,si,b5-lhb-m10_3,Hbx
AGGCATTAGTTACTCG-1,1,LHb,LHb,si,b5-lhb-m10_3,Oval/Medial
AGGCATTCAACCGCTG-1,1,LHb,LHb,si,b5-lhb-m10_3,Oval/Medial
AGGCATTCATTCTGTT-1,9,LHb,LHb,si,b5-lhb-m10_3,Marginal
AGGCATTGTGTAACGG-1,1,LHb,LHb,si,b5-lhb-m10_3,Oval/Medial
AGGCATTTCCGTCAAA-1,0,LHb,LHb,si,b5-lhb-m10_3,Oval/Medial
AGGCCACGTGGTAATA-1,1,LHb,LHb,si,b5-lhb-m10_3,Oval/Medial
AGGCTGCAGTCTAGAA-1,1,LHb,LHb,si,b5-lhb-m10_3,Oval/Medial
AGGCTGCCATCGGCCA-1,1,LHb,LHb,si,b5-lhb-m10_3,Oval/Medial
AGGGAGTAGAGCTGCA-1,1,LHb,LHb,si,b5-lhb-m10_3,Oval/Medial
AGGGAGTAGCTGAAAT-1,1,LHb,LHb,si,b5-lhb-m10_3,Oval/Medial
AGGGAGTGTGCACATT-1,1,LHb,LHb,si,b5-lhb-m10_3,Oval/Medial
AGGGAGTGTGCTTCAA-1,1,LHb,LHb,si,b5-lhb-m10_3,Oval/Medial
AGGGAGTGTTCGGCCA-1,1,LHb,LHb,si,b5-lhb-m10_3,Oval/Medial
AGGGAGTGTTGAGAGC-1,9,LHb,LHb,si,b5-lhb-m10_3,Marginal
AGGGAGTTCCGAGGCT-1,1,LHb,LHb,si,b5-lhb-m10_3,Oval/Medial
AGGGCCTCATTGTAGC-1,1,LHb,LHb,si,b5-lhb-m10_3,Oval/Medial
AGGGCCTGTTCTGACA-1,1,LHb,LHb,si,b5-lhb-m10_3,Oval/Medial
AGGGCCTTCCCATGGG-1,1,LHb,LHb,si,b5-lhb-m10_3,Oval/Medial
AGGGCTCTCTCTAGGA-1,1,LHb,LHb,si,b5-lhb-m10_3,Oval/Medial
AGGGTCCAGACTGAGC-1,0,LHb,LHb,si,b5-lhb-m10_3,Lateral
AGGGTCCGTCGCGTCA-1,13,LHb,LHb,si,b5-lhb-m10_3,Oval/Medial
AGGGTGAAGACGCATG-1,1,LHb,LHb,si,b5-lhb-m10_3,Hbx
AGGGTGAAGCATCGAG-1,1,LHb,LHb,si,b5-lhb-m10_3,Oval/Medial
AGGGTGAAGTGCAGCA-1,1,LHb,LHb,si,b5-lhb-m10_3,Oval/Medial
AGGGTGACACTCCGAG-1,1,LHb,LHb,si,b5-lhb-m10_3,Oval/Medial
AGGTAGGAGCCTGACC-1,1,LHb,LHb,si,b5-lhb-m10_3,Oval/Medial
AGGTAGGCAGGTACGA-1,1,LHb,LHb,si,b5-lhb-m10_3,Oval/Medial
AGGTAGGCAGTGGTGA-1,1,LHb,LHb,si,b5-lhb-m10_3,Oval/Medial
AGGTAGGGTACCTTCC-1,1,LHb,LHb,si,b5-lhb-m10_3,Oval/Medial
AGGTCATCAAGCTACT-1,1,LHb,LHb,si,b5-lhb-m10_3,Lateral
AGGTCATCACATCCCT-1,2,LHb,LHb,si,b5-lhb-m10_3,Oval/Medial
AGGTCATGTGGAAATT-1,4,LHb,LHb,si,b5-lhb-m10_3,Oval/Medial
AGGTCTAAGGAGGGTG-1,1,LHb,LHb,si,b5-lhb-m10_3,Oval/Medial
AGGTCTAAGGTCACCC-1,1,LHb,LHb,si,b5-lhb-m10_3,Oval/Medial
AGGTCTATCATTTACC-1,1,LHb,LHb,si,b5-lhb-m10_3,Oval/Medial
AGGTCTATCGACCATA-1,1,LHb,LHb,si,b5-lhb-m10_3,Lateral
AGGTGTTAGTATGAAC-1,9,LHb,LHb,si,b5-lhb-m10_3,Oval/Medial
AGGTGTTTCAAGTGGG-1,1,LHb,LHb,si,b5-lhb-m10_3,Oval/Medial
AGGTGTTTCCTCACGT-1,1,LHb,LHb,si,b5-lhb-m10_3,Oval/Medial
AGGTGTTTCCTCTCTT-1,1,LHb,LHb,si,b5-lhb-m10_3,Oval/Medial
AGGTGTTTCGTGTTCC-1,4,LHb,LHb,si,b5-lhb-m10_3,Oval/Medial
AGGTTACCAGCATACT-1,1,LHb,LHb,si,b5-lhb-m10_3,Oval/Medial
AGGTTACGTGCAGATG-1,4,LHb,LHb,si,b5-lhb-m10_3,Oval/Medial
AGGTTACTCTCCGCAT-1,1,LHb,LHb,si,b5-lhb-m10_3,Oval/Medial
AGTAACCAGTGATTCC-1,0,LHb,LHb,si,b5-lhb-m10_3,Oval/Medial
AGTAACCCACTCCTGT-1,1,LHb,LHb,si,b5-lhb-m10_3,Oval/Medial
AGTAACCTCTGCCTGT-1,1,LHb,LHb,si,b5-lhb-m10_3,Oval/Medial
AGTACCAAGACCATAA-1,1,LHb,LHb,si,b5-lhb-m10_3,Oval/Medial
AGTACCAAGACGACGT-1,1,LHb,LHb,si,b5-lhb-m10_3,Oval/Medial
AGTACCAAGAGGACTC-1,1,LHb,LHb,si,b5-lhb-m10_3,Oval/Medial
AGTACCACAATTGAAG-1,0,LHb,LHb,si,b5-lhb-m10_3,Oval/Medial
AGTACCATCTTTGCTA-1,1,LHb,LHb,si,b5-lhb-m10_3,Oval/Medial
AGTACTGGTTATTCCT-1,1,LHb,LHb,si,b5-lhb-m10_3,Oval/Medial
AGTACTGGTTCGGTTA-1,4,LHb,LHb,si,b5-lhb-m10_3,Marginal
AGTAGCTCAGTAGTGG-1,1,LHb,LHb,si,b5-lhb-m10_3,Oval/Medial
AGTAGCTTCTCTCTAA-1,1,LHb,LHb,si,b5-lhb-m10_3,Oval/Medial
AGTAGTCCAAGAGATT-1,1,LHb,LHb,si,b5-lhb-m10_3,Lateral
AGTCAACAGCACTGGA-1,0,LHb,LHb,si,b5-lhb-m10_3,Oval/Medial
AGTCAACAGGTTGGTG-1,1,LHb,LHb,si,b5-lhb-m10_3,Oval/Medial
AGTCAACCAGCTGTCG-1,1,LHb,LHb,si,b5-lhb-m10_3,Oval/Medial
AGTCAACGTAACTTCG-1,13,LHb,LHb,si,b5-lhb-m10_3,Oval/Medial
AGTCAACGTCGCGGTT-1,9,LHb,LHb,si,b5-lhb-m10_3,Hbx
AGTCACAAGACGCAGT-1,1,LHb,LHb,si,b5-lhb-m10_3,Oval/Medial
AGTCACAGTAAGATCA-1,1,LHb,LHb,si,b5-lhb-m10_3,Oval/Medial
AGTCATGCAGTATTCG-1,9,LHb,LHb,si,b5-lhb-m10_3,Marginal
AGTCTCCAGACAGCTG-1,1,LHb,LHb,si,b5-lhb-m10_3,Oval/Medial
AGTCTCCCACACGCCA-1,0,LHb,LHb,si,b5-lhb-m10_3,Oval/Medial
AGTCTCCGTCTGGTTA-1,1,LHb,LHb,si,b5-lhb-m10_3,Oval/Medial
AGTGACTCAACTCGAT-1,0,LHb,LHb,si,b5-lhb-m10_3,Oval/Medial
AGTGATCAGCGCACAA-1,1,LHb,LHb,si,b5-lhb-m10_3,Oval/Medial
AGTGATCCAATCGAAA-1,1,LHb,LHb,si,b5-lhb-m10_3,Oval/Medial
AGTGATCTCGTCACCT-1,1,LHb,LHb,si,b5-lhb-m10_3,Oval/Medial
AGTGCCGAGTTCAACC-1,1,LHb,LHb,si,b5-lhb-m10_3,Oval/Medial
AGTGCCGCAAGTGGGT-1,1,LHb,LHb,si,b5-lhb-m10_3,Oval/Medial
AGTGCCGCATCGAACT-1,4,LHb,LHb,si,b5-lhb-m10_3,Hbx
AGTGCCGGTAAGGCCA-1,1,LHb,LHb,si,b5-lhb-m10_3,Lateral
AGTGTTGAGCATTGAA-1,4,LHb,LHb,si,b5-lhb-m10_3,Oval/Medial
AGTGTTGCAACTTGGT-1,1,LHb,LHb,si,b5-lhb-m10_3,Oval/Medial
AGTGTTGGTACACTCA-1,1,LHb,LHb,si,b5-lhb-m10_3,Oval/Medial
AGTGTTGGTGCATTTG-1,1,LHb,LHb,si,b5-lhb-m10_3,Marginal
AGTGTTGTCCGTACGG-1,1,LHb,LHb,si,b5-lhb-m10_3,Oval/Medial
AGTTAGCTCTCCCATG-1,4,LHb,LHb,si,b5-lhb-m10_3,Oval/Medial
AGTTCCCAGCATGCAG-1,0,LHb,LHb,si,b5-lhb-m10_3,Oval/Medial
AGTTCCCAGGGAGGGT-1,1,LHb,LHb,si,b5-lhb-m10_3,Lateral
AGTTCCCGTATAGGAT-1,1,LHb,LHb,si,b5-lhb-m10_3,Oval/Medial
AGTTCGACAGGCGAAT-1,1,LHb,LHb,si,b5-lhb-m10_3,Oval/Medial
ATACCGAGTCCAATCA-1,1,LHb,LHb,si,b5-lhb-m10_3,Oval/Medial
ATACCGATCTCGTGAA-1,1,LHb,LHb,si,b5-lhb-m10_3,Oval/Medial
ATACCTTAGAAGCGCT-1,1,LHb,LHb,si,b5-lhb-m10_3,Oval/Medial
ATACCTTCAACCTAAC-1,9,LHb,LHb,si,b5-lhb-m10_3,Marginal
ATACCTTGTTACTCAG-1,2,LHb,LHb,si,b5-lhb-m10_3,Marginal
ATACCTTTCGCGTTTC-1,1,LHb,LHb,si,b5-lhb-m10_3,Oval/Medial
ATACCTTTCGTCCTCA-1,0,LHb,LHb,si,b5-lhb-m10_3,Oval/Medial
ATACTTCAGCCATTGT-1,4,LHb,LHb,si,b5-lhb-m10_3,Hbx
ATACTTCAGGGTTAAT-1,1,LHb,LHb,si,b5-lhb-m10_3,Hbx
ATACTTCCAATCGCAT-1,1,LHb,LHb,si,b5-lhb-m10_3,Oval/Medial
ATACTTCTCGGAAGGT-1,1,LHb,LHb,si,b5-lhb-m10_3,Oval/Medial
ATAGACCCAGCTACCG-1,1,LHb,LHb,si,b5-lhb-m10_3,Oval/Medial
ATAGACCTCCTGCCAT-1,1,LHb,LHb,si,b5-lhb-m10_3,Oval/Medial
ATAGAGAAGGACTAAT-1,1,LHb,LHb,si,b5-lhb-m10_3,Oval/Medial
ATAGAGAGTGGATCAG-1,1,LHb,LHb,si,b5-lhb-m10_3,Oval/Medial
ATAGAGAGTTTACCAG-1,9,LHb,LHb,si,b5-lhb-m10_3,Marginal
ATAGAGATCTCTGCTG-1,1,LHb,LHb,si,b5-lhb-m10_3,Lateral
ATAGGCTCATTGCCTC-1,1,LHb,LHb,si,b5-lhb-m10_3,Oval/Medial
ATAGGCTGTCCCACGA-1,1,LHb,LHb,si,b5-lhb-m10_3,Oval/Medial
ATAGGCTGTTTGAACC-1,9,LHb,LHb,si,b5-lhb-m10_3,Marginal
ATAGGCTTCGGCTGTG-1,0,LHb,LHb,si,b5-lhb-m10_3,Oval/Medial
ATAGGCTTCTAGATCG-1,1,LHb,LHb,si,b5-lhb-m10_3,Oval/Medial
ATAGGCTTCTGTCAGA-1,1,LHb,LHb,si,b5-lhb-m10_3,Lateral
ATATCCTCAGCTGCCA-1,1,LHb,LHb,si,b5-lhb-m10_3,Oval/Medial
ATCACAGAGGTTCCAT-1,1,LHb,LHb,si,b5-lhb-m10_3,Oval/Medial
ATCACAGCAGTCAGAG-1,1,LHb,LHb,si,b5-lhb-m10_3,Oval/Medial
ATCACAGGTGTATTCG-1,2,LHb,LHb,si,b5-lhb-m10_3,Oval/Medial
ATCACAGTCCACACCT-1,1,LHb,LHb,si,b5-lhb-m10_3,Oval/Medial
ATCACAGTCCGCACTT-1,1,LHb,LHb,si,b5-lhb-m10_3,Lateral
ATCACGAGTTCTCCTG-1,4,LHb,LHb,si,b5-lhb-m10_3,Oval/Medial
ATCACGATCTCCGTGT-1,1,LHb,LHb,si,b5-lhb-m10_3,Oval/Medial
ATCACTTCACGCTGCA-1,0,LHb,LHb,si,b5-lhb-m10_3,Oval/Medial
ATCACTTCAGGCGAAT-1,1,LHb,LHb,si,b5-lhb-m10_3,Oval/Medial
ATCACTTTCGCCACTT-1,1,LHb,LHb,si,b5-lhb-m10_3,Oval/Medial
ATCACTTTCTTTCCAA-1,1,LHb,LHb,si,b5-lhb-m10_3,Oval/Medial
ATCAGGTAGGCAGGTT-1,1,LHb,LHb,si,b5-lhb-m10_3,Oval/Medial
ATCAGGTCAACTAGAA-1,1,LHb,LHb,si,b5-lhb-m10_3,Oval/Medial
ATCAGGTTCCGGTTCT-1,1,LHb,LHb,si,b5-lhb-m10_3,Oval/Medial
ATCATTCAGATCGCCC-1,0,LHb,LHb,si,b5-lhb-m10_3,Lateral
ATCATTCAGCCACCGT-1,1,LHb,LHb,si,b5-lhb-m10_3,Oval/Medial
ATCATTCAGTACCCTA-1,1,LHb,LHb,si,b5-lhb-m10_3,Oval/Medial
ATCATTCCATCAGCGC-1,4,LHb,LHb,si,b5-lhb-m10_3,Oval/Medial
ATCATTCCATGCACTA-1,1,LHb,LHb,si,b5-lhb-m10_3,Oval/Medial
ATCATTCTCCTTATCA-1,0,LHb,LHb,si,b5-lhb-m10_3,Hbx
ATCATTCTCTGTAACG-1,1,LHb,LHb,si,b5-lhb-m10_3,Oval/Medial
ATCCACCAGCTGCCTG-1,1,LHb,LHb,si,b5-lhb-m10_3,Lateral
ATCCACCAGTGGATAT-1,0,LHb,LHb,si,b5-lhb-m10_3,Oval/Medial
ATCCACCCACATAGCT-1,2,LHb,LHb,si,b5-lhb-m10_3,Oval/Medial
ATCCACCCAGGAACCA-1,1,LHb,LHb,si,b5-lhb-m10_3,Oval/Medial
ATCCACCGTCCCTAAA-1-1,0,LHb,LHb,si,b5-lhb-m10_3,Oval/Medial
ATCCACCTCATCTCTA-1,0,LHb,LHb,si,b5-lhb-m10_3,Lateral
ATCCACCTCATGGGAG-1,9,LHb,LHb,si,b5-lhb-m10_3,Marginal
ATCCACCTCTTGGATG-1,1,LHb,LHb,si,b5-lhb-m10_3,Hbx
ATCCATTAGGCCTAGA-1,1,LHb,LHb,si,b5-lhb-m10_3,Oval/Medial
ATCCATTAGGTCACTT-1,1,LHb,LHb,si,b5-lhb-m10_3,Oval/Medial
ATCCATTCAAGTCATC-1,9,LHb,LHb,si,b5-lhb-m10_3,Marginal
ATCCCTGGTATTGACC-1,9,LHb,LHb,si,b5-lhb-m10_3,Marginal
ATCCCTGGTTGAAGTA-1,1,LHb,LHb,si,b5-lhb-m10_3,Lateral
ATCCCTGTCATTGCTT-1,1,LHb,LHb,si,b5-lhb-m10_3,Oval/Medial
ATCCCTGTCCGCGGAT-1,1,LHb,LHb,si,b5-lhb-m10_3,Oval/Medial
ATCCCTGTCTCAGAAC-1,4,LHb,LHb,si,b5-lhb-m10_3,Oval/Medial
ATCCGTCCAATTTCGG-1,1,LHb,LHb,si,b5-lhb-m10_3,Oval/Medial
ATCCGTCCACACCTTC-1,1,LHb,LHb,si,b5-lhb-m10_3,Oval/Medial
ATCCGTCCACACGCCA-1,1,LHb,LHb,si,b5-lhb-m10_3,Oval/Medial
ATCCGTCCACAGTGTT-1,1,LHb,LHb,si,b5-lhb-m10_3,Lateral
ATCCGTCCATCACCAA-1,1,LHb,LHb,si,b5-lhb-m10_3,Oval/Medial
ATCCGTCCATTCACCC-1,9,LHb,LHb,si,b5-lhb-m10_3,Marginal
ATCCTATAGAGTTGAT-1,1,LHb,LHb,si,b5-lhb-m10_3,Oval/Medial
ATCCTATCAGCGAGTA-1,0,LHb,LHb,si,b5-lhb-m10_3,Oval/Medial
ATCCTATGTATTTCCT-1,1,LHb,LHb,si,b5-lhb-m10_3,Marginal
ATCCTATTCACATCAG-1,9,LHb,LHb,si,b5-lhb-m10_3,Oval/Medial
ATCCTATTCGAAATCC-1,1,LHb,LHb,si,b5-lhb-m10_3,Oval/Medial
ATCGATGAGTATGAGT-1,1,LHb,LHb,si,b5-lhb-m10_3,Oval/Medial
ATCGATGAGTGATAAC-1,1,LHb,LHb,si,b5-lhb-m10_3,Oval/Medial
ATCGATGGTCTCCTGT-1,1,LHb,LHb,si,b5-lhb-m10_3,Oval/Medial
ATCGATGGTTCTAACG-1,1,LHb,LHb,si,b5-lhb-m10_3,Oval/Medial
ATCGATGTCCCAGTGG-1,1,LHb,LHb,si,b5-lhb-m10_3,Oval/Medial
ATCGCCTAGATAACGT-1,1,LHb,LHb,si,b5-lhb-m10_3,Oval/Medial
ATCGCCTAGGATGCGT-1,0,LHb,LHb,si,b5-lhb-m10_3,Oval/Medial
ATCGCCTAGGGAACAA-1,0,LHb,LHb,si,b5-lhb-m10_3,Oval/Medial
ATCGCCTAGGTTCATC-1,10,LHb,LHb,si,b5-lhb-m10_3,Oval/Medial
ATCGCCTCACTAGGCC-1,1,LHb,LHb,si,b5-lhb-m10_3,Oval/Medial
ATCGCCTGTTCTTCAT-1,1,LHb,LHb,si,b5-lhb-m10_3,Oval/Medial
ATCGCCTTCTACACAG-1,0,LHb,LHb,si,b5-lhb-m10_3,Oval/Medial
ATCGGATAGGGAGTGG-1,0,LHb,LHb,si,b5-lhb-m10_3,Oval/Medial
ATCGGATCAACTGATC-1,1,LHb,LHb,si,b5-lhb-m10_3,Oval/Medial
ATCGGCGCAACACAGG-1,2,LHb,LHb,si,b5-lhb-m10_3,Hbx
ATCGGCGCACGTCGTG-1,9,LHb,LHb,si,b5-lhb-m10_3,Marginal
ATCGGCGGTAGCTTGT-1,1,LHb,LHb,si,b5-lhb-m10_3,Oval/Medial
ATCGGCGGTCTACGAT-1,0,LHb,LHb,si,b5-lhb-m10_3,Oval/Medial
ATCGGCGGTGGCACTC-1,1,LHb,LHb,si,b5-lhb-m10_3,Oval/Medial
ATCGGCGTCATCCTAT-1,2,LHb,LHb,si,b5-lhb-m10_3,Marginal
ATCGGCGTCGGCCTTT-1,1,LHb,LHb,si,b5-lhb-m10_3,Oval/Medial
ATCGTAGAGCTGGCCT-1,1,LHb,LHb,si,b5-lhb-m10_3,Oval/Medial
ATCGTCCAGTCTAGAA-1,1,LHb,LHb,si,b5-lhb-m10_3,Lateral
ATCGTCCCACAACGTT-1,1,LHb,LHb,si,b5-lhb-m10_3,Oval/Medial
ATCGTCCCAGAGGAAA-1,1,LHb,LHb,si,b5-lhb-m10_3,Oval/Medial
ATCGTCCGTTAAGTCC-1,1,LHb,LHb,si,b5-lhb-m10_3,Oval/Medial
ATCGTCCTCCAGTACA-1,1,LHb,LHb,si,b5-lhb-m10_3,Oval/Medial
ATCGTCCTCTACTGAG-1,1,LHb,LHb,si,b5-lhb-m10_3,Oval/Medial
ATCGTGAGTACCAGAG-1,1,LHb,LHb,si,b5-lhb-m10_3,Oval/Medial
ATCGTGATCAACACGT-1,1,LHb,LHb,si,b5-lhb-m10_3,Oval/Medial
ATCGTGATCAGCCTCT-1,4,LHb,LHb,si,b5-lhb-m10_3,Oval/Medial
ATCTCTAAGCATACTC-1,1,LHb,LHb,si,b5-lhb-m10_3,Oval/Medial
ATCTCTACAGGCACTC-1,1,LHb,LHb,si,b5-lhb-m10_3,Oval/Medial
ATCTTCACATCTTTCA-1,1,LHb,LHb,si,b5-lhb-m10_3,Oval/Medial
ATCTTCAGTCTTTATC-1,1,LHb,LHb,si,b5-lhb-m10_3,Oval/Medial
ATCTTCATCGGAAGGT-1,1,LHb,LHb,si,b5-lhb-m10_3,Oval/Medial
ATGAAAGTCACCTCTG-1,9,LHb,LHb,si,b5-lhb-m10_3,Marginal
ATGAAAGTCATTATCC-1,4,LHb,LHb,si,b5-lhb-m10_3,Marginal
ATGAAAGTCTTGCGCT-1,1,LHb,LHb,si,b5-lhb-m10_3,Oval/Medial
ATGACCAAGCAGCGAT-1,1,LHb,LHb,si,b5-lhb-m10_3,Oval/Medial
ATGACCAAGGCACTAG-1,13,LHb,LHb,si,b5-lhb-m10_3,Hbx
ATGACCAGTTCTCCCA-1,1,LHb,LHb,si,b5-lhb-m10_3,Oval/Medial
ATGACCATCAAGGTGG-1,13,LHb,LHb,si,b5-lhb-m10_3,Oval/Medial
ATGAGGGCACCTGATA-1,1,LHb,LHb,si,b5-lhb-m10_3,Oval/Medial
ATGAGGGCATCCTCAC-1,1,LHb,LHb,si,b5-lhb-m10_3,Oval/Medial
ATGAGTCGTCCGGACT-1,1,LHb,LHb,si,b5-lhb-m10_3,Oval/Medial
ATGAGTCGTTGCTCAA-1,1,LHb,LHb,si,b5-lhb-m10_3,Oval/Medial
ATGAGTCTCATCGACA-1,1,LHb,LHb,si,b5-lhb-m10_3,Oval/Medial
ATGAGTCTCTCATTGT-1,0,LHb,LHb,si,b5-lhb-m10_3,Oval/Medial
ATGCATGCAAGAGGTC-1,1,LHb,LHb,si,b5-lhb-m10_3,Oval/Medial
ATGCATGCAGAATTCC-1,0,LHb,LHb,si,b5-lhb-m10_3,Hbx
ATGCCTCAGATGCGAC-1,1,LHb,LHb,si,b5-lhb-m10_3,Oval/Medial
ATGCCTCAGCGTCGAA-1,1,LHb,LHb,si,b5-lhb-m10_3,Oval/Medial
ATGCCTCAGGGAGTGG-1,0,LHb,LHb,si,b5-lhb-m10_3,Hbx
ATGCCTCCACCGTACG-1-1,1,LHb,LHb,si,b5-lhb-m10_3,Oval/Medial
ATGCCTCCACTATGTG-1,13,LHb,LHb,si,b5-lhb-m10_3,Hbx
ATGCCTCTCCGCCTAT-1,1,LHb,LHb,si,b5-lhb-m10_3,Oval/Medial
ATGCGATAGCCAAGCA-1,1,LHb,LHb,si,b5-lhb-m10_3,Oval/Medial
ATGCGATCAATGGCAG-1,9,LHb,LHb,si,b5-lhb-m10_3,Oval/Medial
ATGCGATCACCCGTAG-1,1,LHb,LHb,si,b5-lhb-m10_3,Oval/Medial
ATGCGATCATCGAAGG-1,1,LHb,LHb,si,b5-lhb-m10_3,Oval/Medial
ATGCGATCATGTCGTA-1,1,LHb,LHb,si,b5-lhb-m10_3,Oval/Medial
ATGCGATGTAGCCAGA-1,1,LHb,LHb,si,b5-lhb-m10_3,Oval/Medial
ATGGAGGAGCAAGTCG-1,1,LHb,LHb,si,b5-lhb-m10_3,Oval/Medial
ATGGATCAGCACTCTA-1,1,LHb,LHb,si,b5-lhb-m10_3,Oval/Medial
ATGGATCAGGAACGAA-1,1,LHb,LHb,si,b5-lhb-m10_3,Oval/Medial
ATGGATCCAATGGGTG-1,1,LHb,LHb,si,b5-lhb-m10_3,Lateral
ATGGATCGTACGTTCA-1,1,LHb,LHb,si,b5-lhb-m10_3,Oval/Medial
ATGGATCGTCGCAGTC-1,1,LHb,LHb,si,b5-lhb-m10_3,Lateral
ATGGATCGTGAATGTA-1,1,LHb,LHb,si,b5-lhb-m10_3,Oval/Medial
ATGGGAGGTACAGAAT-1-1,1,LHb,LHb,si,b5-lhb-m10_3,Oval/Medial
ATGGGAGTCGTTCTCG-1,1,LHb,LHb,si,b5-lhb-m10_3,Oval/Medial
ATGGTTGGTTGCGGAA-1,1,LHb,LHb,si,b5-lhb-m10_3,Lateral
ATGTCCCAGCCAAGCA-1,1,LHb,LHb,si,b5-lhb-m10_3,Oval/Medial
ATGTCCCGTTACCCTC-1,1,LHb,LHb,si,b5-lhb-m10_3,Oval/Medial
ATGTCCCTCAGCCTCT-1,1,LHb,LHb,si,b5-lhb-m10_3,Oval/Medial
ATGTCTTGTTCTCCCA-1,1,LHb,LHb,si,b5-lhb-m10_3,Oval/Medial
ATGTCTTTCATAGAGA-1,4,LHb,LHb,si,b5-lhb-m10_3,Hbx
ATTACCTAGTCTTCGA-1,1,LHb,LHb,si,b5-lhb-m10_3,Oval/Medial
ATTACCTCACAGACGA-1,1,LHb,LHb,si,b5-lhb-m10_3,Oval/Medial
ATTACCTCACATTGTG-1,1,LHb,LHb,si,b5-lhb-m10_3,Oval/Medial
ATTACCTTCAGCTCTC-1,1,LHb,LHb,si,b5-lhb-m10_3,Oval/Medial
ATTACTCAGCATGTTC-1,1,LHb,LHb,si,b5-lhb-m10_3,Oval/Medial
ATTACTCTCATGCTAG-1,1,LHb,LHb,si,b5-lhb-m10_3,Oval/Medial
ATTATCCAGTGTCATC-1,1,LHb,LHb,si,b5-lhb-m10_3,Oval/Medial
ATTATCCCATTGCCTC-1,1,LHb,LHb,si,b5-lhb-m10_3,Oval/Medial
ATTATCCGTAGTCGTT-1,1,LHb,LHb,si,b5-lhb-m10_3,Oval/Medial
ATTATCCGTCGCCTAG-1,1,LHb,LHb,si,b5-lhb-m10_3,Oval/Medial
ATTATCCGTTACGCCG-1,1,LHb,LHb,si,b5-lhb-m10_3,Oval/Medial
ATTCACTCAATTGCTG-1,4,LHb,LHb,si,b5-lhb-m10_3,Oval/Medial
ATTCACTGTGCTTCAA-1,9,LHb,LHb,si,b5-lhb-m10_3,Marginal
ATTCACTGTTGATCGT-1,1,LHb,LHb,si,b5-lhb-m10_3,Oval/Medial
ATTCACTTCTCAATCT-1,0,LHb,LHb,si,b5-lhb-m10_3,Lateral
ATTCAGGGTTGCATGT-1,1,LHb,LHb,si,b5-lhb-m10_3,Oval/Medial
ATTCAGGTCGGCTATA-1,2,LHb,LHb,si,b5-lhb-m10_3,Marginal
ATTCATCAGAACCGCA-1,1,LHb,LHb,si,b5-lhb-m10_3,Oval/Medial
ATTCATCAGCGAGTAC-1,2,LHb,LHb,si,b5-lhb-m10_3,Marginal
ATTCATCGTCGGTACC-1,1,LHb,LHb,si,b5-lhb-m10_3,Oval/Medial
ATTCATCTCGTAGCCG-1,0,LHb,LHb,si,b5-lhb-m10_3,Oval/Medial
ATTCATCTCTTCACAT-1,0,LHb,LHb,si,b5-lhb-m10_3,Oval/Medial
ATTCCATTCGTTCTAT-1,9,LHb,LHb,si,b5-lhb-m10_3,Marginal
ATTCCCGGTCCTCCAT-1,1,LHb,LHb,si,b5-lhb-m10_3,Oval/Medial
ATTCCCGTCAAGGACG-1,1,LHb,LHb,si,b5-lhb-m10_3,Oval/Medial
ATTCCCGTCCAAATGC-1,1,LHb,LHb,si,b5-lhb-m10_3,Oval/Medial
ATTCCTACAGCACGAA-1,1,LHb,LHb,si,b5-lhb-m10_3,Oval/Medial
ATTCCTACATAACTCG-1,4,LHb,LHb,si,b5-lhb-m10_3,Hbx
ATTCCTATCATTCTTG-1,1,LHb,LHb,si,b5-lhb-m10_3,Oval/Medial
ATTCCTATCATTGTGG-1,1,LHb,LHb,si,b5-lhb-m10_3,Oval/Medial
ATTCCTATCGTAGTCA-1,1,LHb,LHb,si,b5-lhb-m10_3,Oval/Medial
ATTCCTATCTGCAGCG-1,1,LHb,LHb,si,b5-lhb-m10_3,Oval/Medial
ATTCGTTAGACAACTA-1,1,LHb,LHb,si,b5-lhb-m10_3,Oval/Medial
ATTCGTTCAAACTCTG-1,13,LHb,LHb,si,b5-lhb-m10_3,Oval/Medial
ATTCGTTCATGGATCT-1,13,LHb,LHb,si,b5-lhb-m10_3,Oval/Medial
ATTCGTTGTAAGTCAA-1,1,LHb,LHb,si,b5-lhb-m10_3,Oval/Medial
ATTCGTTTCAGTCACA-1,1,LHb,LHb,si,b5-lhb-m10_3,Oval/Medial
ATTCGTTTCTCGGTCT-1,1,LHb,LHb,si,b5-lhb-m10_3,Lateral
ATTCGTTTCTGGGATT-1,1,LHb,LHb,si,b5-lhb-m10_3,Oval/Medial
ATTCTACCAGAACTCT-1,1,LHb,LHb,si,b5-lhb-m10_3,Oval/Medial
ATTCTTGCAGAAGTTA-1,1,LHb,LHb,si,b5-lhb-m10_3,Oval/Medial
ATTCTTGGTATGCTAC-1,9,LHb,LHb,si,b5-lhb-m10_3,Hbx
ATTCTTGTCAGTCTTT-1,1,LHb,LHb,si,b5-lhb-m10_3,Oval/Medial
ATTGGGTCAACTTGGT-1,1,LHb,LHb,si,b5-lhb-m10_3,Lateral
ATTGGGTCACACACTA-1,1,LHb,LHb,si,b5-lhb-m10_3,Oval/Medial
ATTGGGTTCAACGCTA-1,1,LHb,LHb,si,b5-lhb-m10_3,Oval/Medial
ATTGGGTTCGGCATTA-1,9,LHb,LHb,si,b5-lhb-m10_3,Marginal
ATTGTTCCAACCGTGC-1,1,LHb,LHb,si,b5-lhb-m10_3,Oval/Medial
ATTGTTCCAAGGGTCA-1,1,LHb,LHb,si,b5-lhb-m10_3,Oval/Medial
ATTGTTCCAAGGTTGG-1,9,LHb,LHb,si,b5-lhb-m10_3,Marginal
ATTGTTCGTAAGGAGA-1,1,LHb,LHb,si,b5-lhb-m10_3,Oval/Medial
ATTGTTCGTGTGCCTG-1,1,LHb,LHb,si,b5-lhb-m10_3,Oval/Medial
ATTGTTCTCTCGCTCA-1,1,LHb,LHb,si,b5-lhb-m10_3,Oval/Medial
ATTGTTCTCTTACGGA-1,9,LHb,LHb,si,b5-lhb-m10_3,Marginal
ATTTACCCAGCGTGCT-1,1,LHb,LHb,si,b5-lhb-m10_3,Oval/Medial
ATTTACCTCCGGTAAT-1,1,LHb,LHb,si,b5-lhb-m10_3,Oval/Medial
ATTTCACAGATAGTGT-1,13,LHb,LHb,si,b5-lhb-m10_3,Oval/Medial
ATTTCACCAAACACGG-1,0,LHb,LHb,si,b5-lhb-m10_3,Oval/Medial
ATTTCACGTTAAACCC-1,1,LHb,LHb,si,b5-lhb-m10_3,Oval/Medial
ATTTCTGGTATTCCTT-1,1,LHb,LHb,si,b5-lhb-m10_3,Oval/Medial
ATTTCTGTCACAACCA-1,1,LHb,LHb,si,b5-lhb-m10_3,Oval/Medial
CAAAGAAGTGGCTCTG-1,1,LHb,LHb,si,b5-lhb-m10_3,Lateral
CAAAGAAGTTCTCAGA-1,1,LHb,LHb,si,b5-lhb-m10_3,Oval/Medial
CAAAGAATCTCGCCTA-1,0,LHb,LHb,si,b5-lhb-m10_3,Oval/Medial
CAACAACCAACGGCCT-1,1,LHb,LHb,si,b5-lhb-m10_3,Oval/Medial
CAACAACCACACCGCA-1,0,LHb,LHb,si,b5-lhb-m10_3,Oval/Medial
CAACAACCATGCGTGC-1,1,LHb,LHb,si,b5-lhb-m10_3,Oval/Medial
CAACAACCATTCTCTA-1,0,LHb,LHb,si,b5-lhb-m10_3,Oval/Medial
CAACAACTCCAATCCC-1,0,LHb,LHb,si,b5-lhb-m10_3,Oval/Medial
CAACAGTAGGGACCAT-1,9,LHb,LHb,si,b5-lhb-m10_3,Marginal
CAACAGTGTGAATGTA-1,1,LHb,LHb,si,b5-lhb-m10_3,Oval/Medial
CAACAGTGTTAAACCC-1,1,LHb,LHb,si,b5-lhb-m10_3,Oval/Medial
CAACAGTGTTACCTGA-1,1,LHb,LHb,si,b5-lhb-m10_3,Oval/Medial
CAACAGTGTTCGCGTG-1,1,LHb,LHb,si,b5-lhb-m10_3,Marginal
CAACCAACATGTGCTA-1,1,LHb,LHb,si,b5-lhb-m10_3,Oval/Medial
CAACCAACATTGCTTT-1,1,LHb,LHb,si,b5-lhb-m10_3,Oval/Medial
CAACCTCCACCAGACC-1,1,LHb,LHb,si,b5-lhb-m10_3,Oval/Medial
CAACCTCCATAGCACT-1,1,LHb,LHb,si,b5-lhb-m10_3,Oval/Medial
CAACCTCTCACCTCGT-1,1,LHb,LHb,si,b5-lhb-m10_3,Oval/Medial
CAACCTCTCTCCCATG-1,1,LHb,LHb,si,b5-lhb-m10_3,Oval/Medial
CAACCTCTCTTTGCGC-1,9,LHb,LHb,si,b5-lhb-m10_3,Marginal
CAACGATAGTTCATCG-1,9,LHb,LHb,si,b5-lhb-m10_3,Marginal
CAACGATGTAGCACGA-1,9,LHb,LHb,si,b5-lhb-m10_3,Oval/Medial
CAACGATGTTCTCGTC-1,1,LHb,LHb,si,b5-lhb-m10_3,Oval/Medial
CAACGATTCAAACGTC-1,1,LHb,LHb,si,b5-lhb-m10_3,Oval/Medial
CAACGGCAGCATATGA-1,1,LHb,LHb,si,b5-lhb-m10_3,Oval/Medial
CAACGGCAGGGACAGG-1,1,LHb,LHb,si,b5-lhb-m10_3,Oval/Medial
CAACGGCAGTGTTCAC-1,1,LHb,LHb,si,b5-lhb-m10_3,Oval/Medial
CAACGGCAGTTCCAGT-1,1,LHb,LHb,si,b5-lhb-m10_3,Lateral
CAACGGCCACCACATA-1,0,LHb,LHb,si,b5-lhb-m10_3,Oval/Medial
CAACGGCGTGAGGATC-1,1,LHb,LHb,si,b5-lhb-m10_3,Oval/Medial
CAACGGCTCGGTCGGT-1,1,LHb,LHb,si,b5-lhb-m10_3,Oval/Medial
CAAGACTCAGCTCATA-1,1,LHb,LHb,si,b5-lhb-m10_3,Oval/Medial
CAAGACTTCAACTACG-1,0,LHb,LHb,si,b5-lhb-m10_3,Lateral
CAAGACTTCGAAGCCC-1,1,LHb,LHb,si,b5-lhb-m10_3,Oval/Medial
CAAGAGGCAACACAGG-1,1,LHb,LHb,si,b5-lhb-m10_3,Lateral
CAAGAGGGTAGGCTGA-1,1,LHb,LHb,si,b5-lhb-m10_3,Lateral
CAAGAGGTCGGCTGGT-1,1,LHb,LHb,si,b5-lhb-m10_3,Oval/Medial
CAAGCTAAGACCAACG-1,1,LHb,LHb,si,b5-lhb-m10_3,Oval/Medial
CAAGCTACAGAGCTAG-1,1,LHb,LHb,si,b5-lhb-m10_3,Oval/Medial
CAAGCTACAGCAGTTT-1,1,LHb,LHb,si,b5-lhb-m10_3,Oval/Medial
CAAGCTATCTAAGCCA-1,1,LHb,LHb,si,b5-lhb-m10_3,Oval/Medial
CAAGGGAGTATCATGC-1,1,LHb,LHb,si,b5-lhb-m10_3,Oval/Medial
CAATACGAGCCGCACT-1,1,LHb,LHb,si,b5-lhb-m10_3,Oval/Medial
CAATACGCATGACAGG-1,1,LHb,LHb,si,b5-lhb-m10_3,Oval/Medial
CAATACGTCAATGTCG-1,1,LHb,LHb,si,b5-lhb-m10_3,Oval/Medial
CAATCGACATCTAGAC-1,1,LHb,LHb,si,b5-lhb-m10_3,Oval/Medial
CAATCGAGTCTAACTG-1,1,LHb,LHb,si,b5-lhb-m10_3,Oval/Medial
CAATCGATCCGTATGA-1,1,LHb,LHb,si,b5-lhb-m10_3,Oval/Medial
CAATGACGTTCTCTAT-1,4,LHb,LHb,si,b5-lhb-m10_3,Oval/Medial
CAATTTCAGCATGAAT-1,1,LHb,LHb,si,b5-lhb-m10_3,Oval/Medial
CAATTTCCACCCTAAA-1,1,LHb,LHb,si,b5-lhb-m10_3,Oval/Medial
CAATTTCCAGCTCTGG-1,1,LHb,LHb,si,b5-lhb-m10_3,Oval/Medial
CAATTTCGTGAGACGT-1,1,LHb,LHb,si,b5-lhb-m10_3,Oval/Medial
CAATTTCTCAGTCACA-1,1,LHb,LHb,si,b5-lhb-m10_3,Oval/Medial
CAATTTCTCTAGATCG-1-1,1,LHb,LHb,si,b5-lhb-m10_3,Hbx
CACAACAAGACTCCGC-1,1,LHb,LHb,si,b5-lhb-m10_3,Oval/Medial
CACAACACAGGAACCA-1,0,LHb,LHb,si,b5-lhb-m10_3,Oval/Medial
CACACAAAGTGCAGCA-1,9,LHb,LHb,si,b5-lhb-m10_3,Hbx
CACACAACAACCCTCT-1,1,LHb,LHb,si,b5-lhb-m10_3,Oval/Medial
CACAGATCATCCTAAG-1,1,LHb,LHb,si,b5-lhb-m10_3,Oval/Medial
CACAGATGTACCCGCA-1,1,LHb,LHb,si,b5-lhb-m10_3,Oval/Medial
CACAGATGTATGTCCA-1,1,LHb,LHb,si,b5-lhb-m10_3,Oval/Medial
CACATGAAGCCAGTAG-1,1,LHb,LHb,si,b5-lhb-m10_3,Oval/Medial
CACATGACAATCTCGA-1,1,LHb,LHb,si,b5-lhb-m10_3,Oval/Medial
CACATGATCGGATTAC-1,1,LHb,LHb,si,b5-lhb-m10_3,Oval/Medial
CACCAAACAGCTACCG-1,0,LHb,LHb,si,b5-lhb-m10_3,Oval/Medial
CACCAAAGTAATACCC-1,1,LHb,LHb,si,b5-lhb-m10_3,Oval/Medial
CACCAAAGTCTTTCAT-1,1,LHb,LHb,si,b5-lhb-m10_3,Oval/Medial
CACCAAAGTTCGTTCC-1,4,LHb,LHb,si,b5-lhb-m10_3,Hbx
CACCAAATCTATCGCC-1,1,LHb,LHb,si,b5-lhb-m10_3,Oval/Medial
CACGAATAGCTGTACT-1,0,LHb,LHb,si,b5-lhb-m10_3,Oval/Medial
CACGAATCAAAGACTA-1,1,LHb,LHb,si,b5-lhb-m10_3,Oval/Medial
CACGAATCACCAGTAT-1,1,LHb,LHb,si,b5-lhb-m10_3,Oval/Medial
CACGAATCATCAGCAT-1,0,LHb,LHb,si,b5-lhb-m10_3,Oval/Medial
CACGAATGTCGTTGGC-1,1,LHb,LHb,si,b5-lhb-m10_3,Oval/Medial
CACGAATGTTGAGAGC-1,1,LHb,LHb,si,b5-lhb-m10_3,Oval/Medial
CACGGGTAGGTGTGAC-1,1,LHb,LHb,si,b5-lhb-m10_3,Oval/Medial
CACGGGTCATATCTCT-1,1,LHb,LHb,si,b5-lhb-m10_3,Oval/Medial
CACGTGGGTACAGAAT-1,1,LHb,LHb,si,b5-lhb-m10_3,Oval/Medial
CACGTGGGTGTTACAC-1,1,LHb,LHb,si,b5-lhb-m10_3,Oval/Medial
CACGTGGGTTGACTAC-1,0,LHb,LHb,si,b5-lhb-m10_3,Oval/Medial
CACGTTCTCACAATGC-1,1,LHb,LHb,si,b5-lhb-m10_3,Oval/Medial
CACGTTCTCATTGGTG-1,0,LHb,LHb,si,b5-lhb-m10_3,Hbx
CACTAAGAGAACGCGT-1,1,LHb,LHb,si,b5-lhb-m10_3,Oval/Medial
CACTAAGGTACGTTCA-1,1,LHb,LHb,si,b5-lhb-m10_3,Oval/Medial
CACTAAGGTCGATGCC-1,1,LHb,LHb,si,b5-lhb-m10_3,Hbx
CACTAAGTCCTACACC-1,1,LHb,LHb,si,b5-lhb-m10_3,Oval/Medial
CACTGAAAGTCATGAA-1,9,LHb,LHb,si,b5-lhb-m10_3,Marginal
CACTGAACAGAGGGTT-1,1,LHb,LHb,si,b5-lhb-m10_3,Oval/Medial
CACTGGGAGGATGAGA-1,10,LHb,LHb,si,b5-lhb-m10_3,Oval/Medial
CACTGGGGTCTTCTAT-1,1,LHb,LHb,si,b5-lhb-m10_3,Oval/Medial
CACTGGGTCAGAACCT-1,1,LHb,LHb,si,b5-lhb-m10_3,Oval/Medial
CACTGGGTCAGCGTCG-1,2,LHb,LHb,si,b5-lhb-m10_3,Oval/Medial
CACTGTCAGTGCAGCA-1,0,LHb,LHb,si,b5-lhb-m10_3,Oval/Medial
CACTGTCCAGCCTACG-1,1,LHb,LHb,si,b5-lhb-m10_3,Oval/Medial
CACTGTCCAGTTCCAA-1,1,LHb,LHb,si,b5-lhb-m10_3,Oval/Medial
CACTGTCTCCACTGGG-1,1,LHb,LHb,si,b5-lhb-m10_3,Hbx
CACTGTCTCCGTGTCT-1,1,LHb,LHb,si,b5-lhb-m10_3,Oval/Medial
CACTTCGAGAGTGGCT-1,1,LHb,LHb,si,b5-lhb-m10_3,Oval/Medial
CACTTCGCAAGTCATC-1,0,LHb,LHb,si,b5-lhb-m10_3,Oval/Medial
CACTTCGTCTTGGTGA-1-1,1,LHb,LHb,si,b5-lhb-m10_3,Oval/Medial
CAGAGCCAGGGTAGCT-1,9,LHb,LHb,si,b5-lhb-m10_3,Lateral
CAGAGCCAGGTCCCGT-1,1,LHb,LHb,si,b5-lhb-m10_3,Oval/Medial
CAGAGCCCACATATCG-1,1,LHb,LHb,si,b5-lhb-m10_3,Hbx
CAGAGCCCACTCCTTG-1,1,LHb,LHb,si,b5-lhb-m10_3,Oval/Medial
CAGAGCCGTCCTTTGC-1,1,LHb,LHb,si,b5-lhb-m10_3,Oval/Medial
CAGAGCCGTGCATGTT-1,1,LHb,LHb,si,b5-lhb-m10_3,Oval/Medial
CAGAGCCGTTGTCAGT-1,1,LHb,LHb,si,b5-lhb-m10_3,Oval/Medial
CAGATACAGTAGGAAG-1,1,LHb,LHb,si,b5-lhb-m10_3,Oval/Medial
CAGATACGTCGTTGCG-1,1,LHb,LHb,si,b5-lhb-m10_3,Oval/Medial
CAGATCATCACTTGTT-1,1,LHb,LHb,si,b5-lhb-m10_3,Oval/Medial
CAGATTGCACTCCACT-1,0,LHb,LHb,si,b5-lhb-m10_3,Oval/Medial
CAGATTGGTCGAACAG-1,1,LHb,LHb,si,b5-lhb-m10_3,Oval/Medial
CAGATTGTCAGTCAGT-1,0,LHb,LHb,si,b5-lhb-m10_3,Hbx
CAGCAATAGAGTATAC-1,1,LHb,LHb,si,b5-lhb-m10_3,Oval/Medial
CAGCAATCAAAGGCTG-1,1,LHb,LHb,si,b5-lhb-m10_3,Oval/Medial
CAGCAATGTTCCTAGA-1,1,LHb,LHb,si,b5-lhb-m10_3,Oval/Medial
CAGCAATGTTGTGCAT-1,1,LHb,LHb,si,b5-lhb-m10_3,Oval/Medial
CAGCACGAGGGAGAAT-1,9,LHb,LHb,si,b5-lhb-m10_3,Marginal
CAGCACGCAGTAACGG-1,2,LHb,LHb,si,b5-lhb-m10_3,Oval/Medial
CAGCACGGTGCATGTT-1,1,LHb,LHb,si,b5-lhb-m10_3,Oval/Medial
CAGCACGTCCACTTCG-1,1,LHb,LHb,si,b5-lhb-m10_3,Oval/Medial
CAGCAGCAGACAGCTG-1,10,LHb,LHb,si,b5-lhb-m10_3,Oval/Medial
CAGCAGCTCTCAACGA-1,1,LHb,LHb,si,b5-lhb-m10_3,Lateral
CAGCCAGGTGTTAGCT-1,1,LHb,LHb,si,b5-lhb-m10_3,Oval/Medial
CAGCCAGGTTTAGTCG-1,1,LHb,LHb,si,b5-lhb-m10_3,Oval/Medial
CAGCGTGAGATACTGA-1,9,LHb,LHb,si,b5-lhb-m10_3,Marginal
CAGCGTGCAGAGTAAT-1,1,LHb,LHb,si,b5-lhb-m10_3,Oval/Medial
CAGCGTGTCAGTCCGG-1,1,LHb,LHb,si,b5-lhb-m10_3,Oval/Medial
CAGCGTGTCTCGACCT-1,0,LHb,LHb,si,b5-lhb-m10_3,Hbx
CAGGCCAAGTATTGCC-1,1,LHb,LHb,si,b5-lhb-m10_3,Oval/Medial
CAGGCCACATGGTACT-1,1,LHb,LHb,si,b5-lhb-m10_3,Oval/Medial
CAGGCCAGTACCGTCG-1,13,LHb,LHb,si,b5-lhb-m10_3,Oval/Medial
CAGGCCATCATCCTGC-1,0,LHb,LHb,si,b5-lhb-m10_3,Lateral
CAGGCCATCCCAGGAC-1,1,LHb,LHb,si,b5-lhb-m10_3,Oval/Medial
CAGGGCTAGGAGTCTG-1,1,LHb,LHb,si,b5-lhb-m10_3,Oval/Medial
CAGGGCTAGTTGCGCC-1,16,LHb,LHb,si,b5-lhb-m10_3,Oval/Medial
CAGGGCTGTTCAAGGG-1,1,LHb,LHb,si,b5-lhb-m10_3,Oval/Medial
CAGGGCTTCTCGCTCA-1,7,LHb,LHb,si,b5-lhb-m10_3,Oval/Medial
CAGGGCTTCTGAGCAT-1-1,1,LHb,LHb,si,b5-lhb-m10_3,Oval/Medial
CAGGTATAGAACCGCA-1,2,LHb,LHb,si,b5-lhb-m10_3,Marginal
CAGGTATCACCATAAC-1,9,LHb,LHb,si,b5-lhb-m10_3,Oval/Medial
CAGTGCGCAGGCGAAT-1,9,LHb,LHb,si,b5-lhb-m10_3,Hbx
CAGTTAGAGCGAAACC-1,1,LHb,LHb,si,b5-lhb-m10_3,Oval/Medial
CAGTTAGCATGGCACC-1,0,LHb,LHb,si,b5-lhb-m10_3,Oval/Medial
CAGTTAGTCGCAGTCG-1,13,LHb,LHb,si,b5-lhb-m10_3,Oval/Medial
CAGTTCCAGCTACAAA-1,1,LHb,LHb,si,b5-lhb-m10_3,Oval/Medial
CAGTTCCAGCTTTCCC-1,1,LHb,LHb,si,b5-lhb-m10_3,Oval/Medial
CAGTTCCAGTTGCATC-1,0,LHb,LHb,si,b5-lhb-m10_3,Oval/Medial
CAGTTCCGTGCCTATA-1,0,LHb,LHb,si,b5-lhb-m10_3,Oval/Medial
CAGTTCCTCTCCACTG-1,13,LHb,LHb,si,b5-lhb-m10_3,Oval/Medial
CATAAGCAGTTAACGA-1,1,LHb,LHb,si,b5-lhb-m10_3,Oval/Medial
CATAAGCTCCAAACCA-1,1,LHb,LHb,si,b5-lhb-m10_3,Oval/Medial
CATACAGCACGACTAT-1,1,LHb,LHb,si,b5-lhb-m10_3,Oval/Medial
CATACCCCATGAAAGT-1,1,LHb,LHb,si,b5-lhb-m10_3,Oval/Medial
CATACCCGTACGCGTC-1,1,LHb,LHb,si,b5-lhb-m10_3,Oval/Medial
CATACCCGTCTGCAAT-1,1,LHb,LHb,si,b5-lhb-m10_3,Lateral
CATACCCGTGTTGAGG-1,1,LHb,LHb,si,b5-lhb-m10_3,Oval/Medial
CATACCCTCTATACTC-1,1,LHb,LHb,si,b5-lhb-m10_3,Oval/Medial
CATACCCTCTATCGCC-1,1,LHb,LHb,si,b5-lhb-m10_3,Oval/Medial
CATACTTTCCACGTGG-1-1,0,LHb,LHb,si,b5-lhb-m10_3,Hbx
CATAGACAGACCCGCT-1,1,LHb,LHb,si,b5-lhb-m10_3,Oval/Medial
CATAGACCAAGCGATG-1,1,LHb,LHb,si,b5-lhb-m10_3,Oval/Medial
CATAGACCATCCGTTC-1,1,LHb,LHb,si,b5-lhb-m10_3,Oval/Medial
CATAGACGTAGCGTCC-1,1,LHb,LHb,si,b5-lhb-m10_3,Oval/Medial
CATAGACGTGTCCACG-1,1,LHb,LHb,si,b5-lhb-m10_3,Oval/Medial
CATCAAGCACAACATC-1,1,LHb,LHb,si,b5-lhb-m10_3,Oval/Medial
CATCCACTCTTAGCCC-1,4,LHb,LHb,si,b5-lhb-m10_3,Hbx
CATCCCAAGAAGGATG-1,1,LHb,LHb,si,b5-lhb-m10_3,Oval/Medial
CATCCCAAGGCATGCA-1,1,LHb,LHb,si,b5-lhb-m10_3,Oval/Medial
CATCCCACAAGGGCAT-1,1,LHb,LHb,si,b5-lhb-m10_3,Oval/Medial
CATCCCACATCGGCCA-1,0,LHb,LHb,si,b5-lhb-m10_3,Lateral
CATCCCATCACTAGCA-1,9,LHb,LHb,si,b5-lhb-m10_3,Oval/Medial
CATCCCATCCTCAGAA-1,1,LHb,LHb,si,b5-lhb-m10_3,Oval/Medial
CATCCGTAGTAAAGCT-1,1,LHb,LHb,si,b5-lhb-m10_3,Oval/Medial
CATCCGTGTGGCTGAA-1,1,LHb,LHb,si,b5-lhb-m10_3,Oval/Medial
CATCGCTAGCACTTTG-1,1,LHb,LHb,si,b5-lhb-m10_3,Oval/Medial
CATCGCTGTATGCTTG-1,9,LHb,LHb,si,b5-lhb-m10_3,Marginal
CATCGCTGTGCCGAAA-1,1,LHb,LHb,si,b5-lhb-m10_3,Oval/Medial
CATCGTCCATGAGAAT-1,1,LHb,LHb,si,b5-lhb-m10_3,Oval/Medial
CATGAGTCAGCACAAG-1,1,LHb,LHb,si,b5-lhb-m10_3,Oval/Medial
CATGAGTTCAAGTAAG-1,0,LHb,LHb,si,b5-lhb-m10_3,Oval/Medial
CATGCAAGTGCGGTAA-1,1,LHb,LHb,si,b5-lhb-m10_3,Oval/Medial
CATGCAAGTGTTGCCG-1,1,LHb,LHb,si,b5-lhb-m10_3,Oval/Medial
CATGCAATCCTTATGT-1,1,LHb,LHb,si,b5-lhb-m10_3,Oval/Medial
CATGCAATCTTGGTGA-1,1,LHb,LHb,si,b5-lhb-m10_3,Oval/Medial
CATGCCTAGGTGCTGA-1-1,1,LHb,LHb,si,b5-lhb-m10_3,Oval/Medial
CATGCCTCAACACTAC-1,1,LHb,LHb,si,b5-lhb-m10_3,Oval/Medial
CATGCCTGTCCCTGTT-1,1,LHb,LHb,si,b5-lhb-m10_3,Oval/Medial
CATGCCTTCCATAAGC-1,1,LHb,LHb,si,b5-lhb-m10_3,Oval/Medial
CATGCGGAGCTTTCTT-1,1,LHb,LHb,si,b5-lhb-m10_3,Oval/Medial
CATGCGGAGGTCTACT-1,1,LHb,LHb,si,b5-lhb-m10_3,Oval/Medial
CATGCGGCAAGACGAC-1,1,LHb,LHb,si,b5-lhb-m10_3,Oval/Medial
CATGCGGTCATTCTTG-1,9,LHb,LHb,si,b5-lhb-m10_3,Marginal
CATGCGGTCTGCATGA-1,4,LHb,LHb,si,b5-lhb-m10_3,Oval/Medial
CATGCTCAGCAACAAT-1,1,LHb,LHb,si,b5-lhb-m10_3,Oval/Medial
CATGCTCTCTACTATC-1,1,LHb,LHb,si,b5-lhb-m10_3,Oval/Medial
CATGGATGTTCGAGCC-1,0,LHb,LHb,si,b5-lhb-m10_3,Oval/Medial
CATGGTAAGCGCCGTT-1,1,LHb,LHb,si,b5-lhb-m10_3,Oval/Medial
CATGGTACAACCTATG-1,1,LHb,LHb,si,b5-lhb-m10_3,Oval/Medial
CATTCATAGGCTCAAG-1,1,LHb,LHb,si,b5-lhb-m10_3,Oval/Medial
CATTCATCAATAGTCC-1,2,LHb,LHb,si,b5-lhb-m10_3,Marginal
CATTCATCATCAGTCA-1,1,LHb,LHb,si,b5-lhb-m10_3,Lateral
CATTCATCATGTGGTT-1,1,LHb,LHb,si,b5-lhb-m10_3,Oval/Medial
CATTCATTCGTGGCGT-1,1,LHb,LHb,si,b5-lhb-m10_3,Lateral
CATTCATTCTAGCAAC-1,1,LHb,LHb,si,b5-lhb-m10_3,Oval/Medial
CATTCCGAGAGCAACC-1,1,LHb,LHb,si,b5-lhb-m10_3,Oval/Medial
CATTCCGCAATCTGCA-1,9,LHb,LHb,si,b5-lhb-m10_3,Oval/Medial
CATTCCGCACCAACAT-1,1,LHb,LHb,si,b5-lhb-m10_3,Oval/Medial
CATTCCGCATCGTGCG-1,1,LHb,LHb,si,b5-lhb-m10_3,Hbx
CATTCCGTCTGTCAGA-1,1,LHb,LHb,si,b5-lhb-m10_3,Oval/Medial
CATTCTAAGTTGCTCA-1,1,LHb,LHb,si,b5-lhb-m10_3,Oval/Medial
CATTCTACATCGGAGA-1,0,LHb,LHb,si,b5-lhb-m10_3,Oval/Medial
CATTCTACATTCTCTA-1,1,LHb,LHb,si,b5-lhb-m10_3,Oval/Medial
CATTCTAGTCGACGCT-1,0,LHb,LHb,si,b5-lhb-m10_3,Oval/Medial
CATTCTATCTAGAACC-1,1,LHb,LHb,si,b5-lhb-m10_3,Oval/Medial
CATTCTATCTTGCAAG-1,2,LHb,LHb,si,b5-lhb-m10_3,Oval/Medial
CATTGAGAGAGATGCC-1,1,LHb,LHb,si,b5-lhb-m10_3,Lateral
CATTGAGAGCGACTTT-1,0,LHb,LHb,si,b5-lhb-m10_3,Oval/Medial
CATTGAGCAACGGGTA-1,1,LHb,LHb,si,b5-lhb-m10_3,Oval/Medial
CATTGAGCACGCTTAA-1,0,LHb,LHb,si,b5-lhb-m10_3,Oval/Medial
CATTGAGGTCATCAGT-1,0,LHb,LHb,si,b5-lhb-m10_3,Oval/Medial
CATTGCCAGGCAGCTA-1,1,LHb,LHb,si,b5-lhb-m10_3,Marginal
CATTGCCCACTGTTCC-1,1,LHb,LHb,si,b5-lhb-m10_3,Oval/Medial
CATTGCCTCGACTCCT-1,1,LHb,LHb,si,b5-lhb-m10_3,Oval/Medial
CATTGTTAGATACGAT-1,1,LHb,LHb,si,b5-lhb-m10_3,Oval/Medial
CATTGTTAGTGCACTT-1,1,LHb,LHb,si,b5-lhb-m10_3,Oval/Medial
CATTGTTCATAGCTGT-1,1,LHb,LHb,si,b5-lhb-m10_3,Oval/Medial
CATTGTTGTCGTGGAA-1,1,LHb,LHb,si,b5-lhb-m10_3,Oval/Medial
CATTGTTGTGCACAAG-1,0,LHb,LHb,si,b5-lhb-m10_3,Oval/Medial
CATTGTTTCCATCTAT-1,9,LHb,LHb,si,b5-lhb-m10_3,Marginal
CATTTCAAGTCAGCCC-1,0,LHb,LHb,si,b5-lhb-m10_3,Oval/Medial
CATTTCACACAGTCGC-1,1,LHb,LHb,si,b5-lhb-m10_3,Oval/Medial
CCAAGCGAGGTAGCAC-1,2,LHb,LHb,si,b5-lhb-m10_3,Hbx
CCAAGCGTCTATGTGG-1,1,LHb,LHb,si,b5-lhb-m10_3,Lateral
CCAATGAAGGACGCAT-1,1,LHb,LHb,si,b5-lhb-m10_3,Oval/Medial
CCAATGAGTTAAGACA-1,1,LHb,LHb,si,b5-lhb-m10_3,Oval/Medial
CCAATGATCCCGAGAC-1,1,LHb,LHb,si,b5-lhb-m10_3,Oval/Medial
CCAATTTAGCGAGAAA-1,1,LHb,LHb,si,b5-lhb-m10_3,Oval/Medial
CCAATTTCAGGGTTGA-1,1,LHb,LHb,si,b5-lhb-m10_3,Oval/Medial
CCAATTTGTAGACAGC-1,1,LHb,LHb,si,b5-lhb-m10_3,Oval/Medial
CCAATTTTCAACGTGT-1,1,LHb,LHb,si,b5-lhb-m10_3,Oval/Medial
CCAATTTTCTGCACCT-1,1,LHb,LHb,si,b5-lhb-m10_3,Oval/Medial
CCACAAAAGCCTCTGG-1,9,LHb,LHb,si,b5-lhb-m10_3,Oval/Medial
CCACAAAAGTCTAGAA-1,1,LHb,LHb,si,b5-lhb-m10_3,Hbx
CCACAAAAGTGCTACT-1,1,LHb,LHb,si,b5-lhb-m10_3,Oval/Medial
CCACAAAAGTTGCCCG-1-1,1,LHb,LHb,si,b5-lhb-m10_3,Oval/Medial
CCACAAACAGGGAATC-1,9,LHb,LHb,si,b5-lhb-m10_3,Marginal
CCACAAACATCTTAGG-1,1,LHb,LHb,si,b5-lhb-m10_3,Oval/Medial
CCACAAAGTCGGCCTA-1,1,LHb,LHb,si,b5-lhb-m10_3,Oval/Medial
CCACAAAGTCTTTATC-1,1,LHb,LHb,si,b5-lhb-m10_3,Oval/Medial
CCACAAAGTTGCGAAG-1,1,LHb,LHb,si,b5-lhb-m10_3,Oval/Medial
CCACACTAGCGACTTT-1,1,LHb,LHb,si,b5-lhb-m10_3,Oval/Medial
CCACCATAGACATGCG-1,0,LHb,LHb,si,b5-lhb-m10_3,Marginal
CCACCATCAATCAGCT-1,1,LHb,LHb,si,b5-lhb-m10_3,Oval/Medial
CCACCATGTTAGTCGT-1,9,LHb,LHb,si,b5-lhb-m10_3,Marginal
CCACCATTCGTGTGGC-1,1,LHb,LHb,si,b5-lhb-m10_3,Oval/Medial
CCACGAGAGTGGACTG-1,1,LHb,LHb,si,b5-lhb-m10_3,Oval/Medial
CCACGAGCACTCCACT-1,1,LHb,LHb,si,b5-lhb-m10_3,Oval/Medial
CCACGAGTCGTGCATA-1,1,LHb,LHb,si,b5-lhb-m10_3,Oval/Medial
CCACTTGCACACCAGC-1,2,LHb,LHb,si,b5-lhb-m10_3,Oval/Medial
CCACTTGTCAGCTGAT-1-1,0,LHb,LHb,si,b5-lhb-m10_3,Oval/Medial
CCACTTGTCCCTTGGT-1,1,LHb,LHb,si,b5-lhb-m10_3,Oval/Medial
CCACTTGTCGAGCACC-1,13,LHb,LHb,si,b5-lhb-m10_3,Oval/Medial
CCACTTGTCTGTAACG-1,1,LHb,LHb,si,b5-lhb-m10_3,Oval/Medial
CCACTTGTCTTCTCAA-1,0,LHb,LHb,si,b5-lhb-m10_3,Oval/Medial
CCATAAGCAAATTGGA-1-1,1,LHb,LHb,si,b5-lhb-m10_3,Oval/Medial
CCATAAGCAGCTGTCG-1,0,LHb,LHb,si,b5-lhb-m10_3,Hbx
CCATAAGGTAGCGAGT-1,1,LHb,LHb,si,b5-lhb-m10_3,Lateral
CCATAAGGTCACATTG-1,1,LHb,LHb,si,b5-lhb-m10_3,Hbx
CCATAAGTCGATACGT-1,1,LHb,LHb,si,b5-lhb-m10_3,Oval/Medial
CCATCACAGAGCAGAA-1,0,LHb,LHb,si,b5-lhb-m10_3,Oval/Medial
CCATCACGTGTCCGGT-1,0,LHb,LHb,si,b5-lhb-m10_3,Oval/Medial
CCATCACTCCTCTCTT-1,1,LHb,LHb,si,b5-lhb-m10_3,Oval/Medial
CCCAACTCAGTTCACA-1,1,LHb,LHb,si,b5-lhb-m10_3,Oval/Medial
CCCAACTCATACTTTC-1,1,LHb,LHb,si,b5-lhb-m10_3,Oval/Medial
CCCAACTGTCAACCAT-1,1,LHb,LHb,si,b5-lhb-m10_3,Oval/Medial
CCCAACTGTTCTTGTT-1,1,LHb,LHb,si,b5-lhb-m10_3,Lateral
CCCAACTTCATTGAGC-1,2,LHb,LHb,si,b5-lhb-m10_3,Oval/Medial
CCCAACTTCCGTATAG-1,1,LHb,LHb,si,b5-lhb-m10_3,Oval/Medial
CCCAACTTCTCGACCT-1,1,LHb,LHb,si,b5-lhb-m10_3,Oval/Medial
CCCATTGAGGTCTTTG-1,2,LHb,LHb,si,b5-lhb-m10_3,Oval/Medial
CCCATTGGTTTCACTT-1,1,LHb,LHb,si,b5-lhb-m10_3,Oval/Medial
CCCGAAGCACAACATC-1,1,LHb,LHb,si,b5-lhb-m10_3,Oval/Medial
CCCGAAGCACGTATAC-1,1,LHb,LHb,si,b5-lhb-m10_3,Oval/Medial
CCCGAAGTCGAGTACT-1,1,LHb,LHb,si,b5-lhb-m10_3,Oval/Medial
CCCGGAAAGAGAGTGA-1,1,LHb,LHb,si,b5-lhb-m10_3,Oval/Medial
CCCGGAACACTGGCGT-1,1,LHb,LHb,si,b5-lhb-m10_3,Oval/Medial
CCCGGAACAGGGATAC-1,1,LHb,LHb,si,b5-lhb-m10_3,Oval/Medial
CCCGGAAGTCACGCTG-1,1,LHb,LHb,si,b5-lhb-m10_3,Oval/Medial
CCCTAACAGATGAATC-1,1,LHb,LHb,si,b5-lhb-m10_3,Oval/Medial
CCCTAACAGCCAAGTG-1,1,LHb,LHb,si,b5-lhb-m10_3,Oval/Medial
CCCTAACCACGTGTGC-1,1,LHb,LHb,si,b5-lhb-m10_3,Oval/Medial
CCCTCAACAAGAGTTA-1,9,LHb,LHb,si,b5-lhb-m10_3,Marginal
CCCTCAACAATGTTGC-1-1,0,LHb,LHb,si,b5-lhb-m10_3,Lateral
CCCTCAACAGCATTGT-1-1,1,LHb,LHb,si,b5-lhb-m10_3,Oval/Medial
CCCTCAATCAATCCAG-1,1,LHb,LHb,si,b5-lhb-m10_3,Oval/Medial
CCCTCAATCACTGGGC-1,1,LHb,LHb,si,b5-lhb-m10_3,Oval/Medial
CCCTCTCAGACCAGCA-1,1,LHb,LHb,si,b5-lhb-m10_3,Oval/Medial
CCCTCTCAGCCTCCAG-1,1,LHb,LHb,si,b5-lhb-m10_3,Oval/Medial
CCCTCTCAGTAACGAT-1,13,LHb,LHb,si,b5-lhb-m10_3,Hbx
CCCTCTCGTGCGACAA-1,1,LHb,LHb,si,b5-lhb-m10_3,Oval/Medial
CCCTGATAGAAACACT-1,1,LHb,LHb,si,b5-lhb-m10_3,Oval/Medial
CCCTGATAGAGGTCAC-1,1,LHb,LHb,si,b5-lhb-m10_3,Oval/Medial
CCCTGATGTGTCCGTG-1,1,LHb,LHb,si,b5-lhb-m10_3,Oval/Medial
CCCTGATTCATGGCCG-1,1,LHb,LHb,si,b5-lhb-m10_3,Oval/Medial
CCCTTAGAGATTAGTG-1,1,LHb,LHb,si,b5-lhb-m10_3,Oval/Medial
CCCTTAGAGGATTTAG-1,1,LHb,LHb,si,b5-lhb-m10_3,Oval/Medial
CCCTTAGTCGCGTGAC-1,4,LHb,LHb,si,b5-lhb-m10_3,Oval/Medial
CCCTTAGTCGTAGGGA-1,0,LHb,LHb,si,b5-lhb-m10_3,Oval/Medial
CCGAACGCATCTGTTT-1,1,LHb,LHb,si,b5-lhb-m10_3,Oval/Medial
CCGAACGGTATTCCTT-1,1,LHb,LHb,si,b5-lhb-m10_3,Oval/Medial
CCGATCTCAACTCATG-1,1,LHb,LHb,si,b5-lhb-m10_3,Oval/Medial
CCGATCTCAGAGGACT-1,1,LHb,LHb,si,b5-lhb-m10_3,Oval/Medial
CCGATCTCATTCACAG-1,1,LHb,LHb,si,b5-lhb-m10_3,Hbx
CCGATCTGTCCTGTCT-1,1,LHb,LHb,si,b5-lhb-m10_3,Oval/Medial
CCGATCTGTCGCCACA-1,1,LHb,LHb,si,b5-lhb-m10_3,Lateral
CCGATGGAGATAACAC-1,1,LHb,LHb,si,b5-lhb-m10_3,Oval/Medial
CCGATGGGTGCCTTTC-1,1,LHb,LHb,si,b5-lhb-m10_3,Lateral
CCGATGGTCCTCATAT-1,0,LHb,LHb,si,b5-lhb-m10_3,Lateral
CCGCAAGAGGTCATTC-1,1,LHb,LHb,si,b5-lhb-m10_3,Oval/Medial
CCGCAAGCAAGTCGTT-1,9,LHb,LHb,si,b5-lhb-m10_3,Oval/Medial
CCGCAAGGTTAATCGC-1,1,LHb,LHb,si,b5-lhb-m10_3,Oval/Medial
CCGCAAGGTTAGGAGC-1,1,LHb,LHb,si,b5-lhb-m10_3,Oval/Medial
CCGGACAGTAGTGATA-1,1,LHb,LHb,si,b5-lhb-m10_3,Oval/Medial
CCGGACAGTTTACCAG-1,9,LHb,LHb,si,b5-lhb-m10_3,Marginal
CCGGACATCACCCATC-1,1,LHb,LHb,si,b5-lhb-m10_3,Oval/Medial
CCGGACATCCCTCTTT-1,1,LHb,LHb,si,b5-lhb-m10_3,Oval/Medial
CCGGACATCCTACAAG-1,1,LHb,LHb,si,b5-lhb-m10_3,Oval/Medial
CCGGACATCTCCTGCA-1,1,LHb,LHb,si,b5-lhb-m10_3,Oval/Medial
CCGGGTACAACAGAGC-1,1,LHb,LHb,si,b5-lhb-m10_3,Oval/Medial
CCGGGTACACTCCGAG-1,1,LHb,LHb,si,b5-lhb-m10_3,Oval/Medial
CCGGGTAGTTAAAGTG-1,4,LHb,LHb,si,b5-lhb-m10_3,Oval/Medial
CCGGTAGTCATACGAC-1,1,LHb,LHb,si,b5-lhb-m10_3,Oval/Medial
CCGGTGAAGAGCAGCT-1,1,LHb,LHb,si,b5-lhb-m10_3,Oval/Medial
CCGGTGAAGCACGTCC-1,1,LHb,LHb,si,b5-lhb-m10_3,Oval/Medial
CCGGTGAGTTTCGTAG-1,4,LHb,LHb,si,b5-lhb-m10_3,Hbx
CCGGTGATCACCTCTG-1,1,LHb,LHb,si,b5-lhb-m10_3,Hbx
CCGTAGGAGAGAGCCT-1,1,LHb,LHb,si,b5-lhb-m10_3,Oval/Medial
CCGTAGGAGCAGTCTT-1,2,LHb,LHb,si,b5-lhb-m10_3,Marginal
CCGTAGGCAGGAGACT-1,1,LHb,LHb,si,b5-lhb-m10_3,Oval/Medial
CCGTGAGCACTGCACG-1,2,LHb,LHb,si,b5-lhb-m10_3,Oval/Medial
CCGTGAGTCCATCTGC-1,1,LHb,LHb,si,b5-lhb-m10_3,Oval/Medial
CCGTGAGTCCTTCTAA-1,9,LHb,LHb,si,b5-lhb-m10_3,Marginal
CCGTTCAAGATGACAT-1,1,LHb,LHb,si,b5-lhb-m10_3,Oval/Medial
CCGTTCAAGGTAAACT-1,9,LHb,LHb,si,b5-lhb-m10_3,Marginal
CCGTTCACATAGGTAA-1,1,LHb,LHb,si,b5-lhb-m10_3,Oval/Medial
CCGTTCAGTAGATCCT-1,13,LHb,LHb,si,b5-lhb-m10_3,Lateral
CCGTTCATCATTTGGG-1-1,1,LHb,LHb,si,b5-lhb-m10_3,Oval/Medial
CCTAACCAGTCAACAA-1,1,LHb,LHb,si,b5-lhb-m10_3,Oval/Medial
CCTAACCGTACGACAG-1,1,LHb,LHb,si,b5-lhb-m10_3,Oval/Medial
CCTAACCTCATAGGCT-1,0,LHb,LHb,si,b5-lhb-m10_3,Oval/Medial
CCTAAGAAGGACTGGT-1,1,LHb,LHb,si,b5-lhb-m10_3,Oval/Medial
CCTAAGAGTGGTGATG-1-1,1,LHb,LHb,si,b5-lhb-m10_3,Oval/Medial
CCTACGTAGAATCTAG-1,1,LHb,LHb,si,b5-lhb-m10_3,Oval/Medial
CCTATCGAGCTGCCAC-1,1,LHb,LHb,si,b5-lhb-m10_3,Oval/Medial
CCTATCGAGTCGTCTA-1,1,LHb,LHb,si,b5-lhb-m10_3,Oval/Medial
CCTATCGCAGGGAATC-1,1,LHb,LHb,si,b5-lhb-m10_3,Oval/Medial
CCTCAACAGATAACAC-1,1,LHb,LHb,si,b5-lhb-m10_3,Oval/Medial
CCTCAACCAAAGGATT-1,1,LHb,LHb,si,b5-lhb-m10_3,Oval/Medial
CCTCAACCACTCCGAG-1,1,LHb,LHb,si,b5-lhb-m10_3,Lateral
CCTCAACCAGTTTGGT-1,1,LHb,LHb,si,b5-lhb-m10_3,Oval/Medial
CCTCAACCATCCGAAT-1,1,LHb,LHb,si,b5-lhb-m10_3,Oval/Medial
CCTCAACGTCGATTAC-1,1,LHb,LHb,si,b5-lhb-m10_3,Oval/Medial
CCTCAACTCTCTTAAC-1,1,LHb,LHb,si,b5-lhb-m10_3,Oval/Medial
CCTCACAAGCAGTCTT-1,0,LHb,LHb,si,b5-lhb-m10_3,Marginal
CCTCACAAGCGTGTCC-1,1,LHb,LHb,si,b5-lhb-m10_3,Oval/Medial
CCTCACAGTACCTATG-1,0,LHb,LHb,si,b5-lhb-m10_3,Lateral
CCTCACAGTGCCCAGT-1,1,LHb,LHb,si,b5-lhb-m10_3,Oval/Medial
CCTCACAGTTGCCAAT-1,4,LHb,LHb,si,b5-lhb-m10_3,Oval/Medial
CCTCAGTAGATGGCAC-1,1,LHb,LHb,si,b5-lhb-m10_3,Oval/Medial
CCTCAGTCAGCTGAGA-1,1,LHb,LHb,si,b5-lhb-m10_3,Oval/Medial
CCTCATGAGGCTATCT-1,1,LHb,LHb,si,b5-lhb-m10_3,Oval/Medial
CCTCATGCAGAGGACT-1,9,LHb,LHb,si,b5-lhb-m10_3,Marginal
CCTCATGTCACTTGTT-1,9,LHb,LHb,si,b5-lhb-m10_3,Marginal
CCTCATGTCTTCTGTA-1,2,LHb,LHb,si,b5-lhb-m10_3,Marginal
CCTCCAAAGCTCATAC-1,1,LHb,LHb,si,b5-lhb-m10_3,Lateral
CCTCCAAGTATTTCCT-1,1,LHb,LHb,si,b5-lhb-m10_3,Oval/Medial
CCTCCAAGTCCATACA-1,1,LHb,LHb,si,b5-lhb-m10_3,Oval/Medial
CCTCCAATCACCACAA-1,1,LHb,LHb,si,b5-lhb-m10_3,Oval/Medial
CCTCCAATCTGCATGA-1,1,LHb,LHb,si,b5-lhb-m10_3,Oval/Medial
CCTCCTCCACAGTGTT-1,1,LHb,LHb,si,b5-lhb-m10_3,Oval/Medial
CCTCCTCCAGAGATTA-1-1,1,LHb,LHb,si,b5-lhb-m10_3,Oval/Medial
CCTCCTCCAGGCCTGT-1,0,LHb,LHb,si,b5-lhb-m10_3,Oval/Medial
CCTCTAGAGCACTAAA-1,1,LHb,LHb,si,b5-lhb-m10_3,Oval/Medial
CCTCTAGTCTGGCTGG-1,0,LHb,LHb,si,b5-lhb-m10_3,Oval/Medial
CCTCTCCAGGATCATA-1,1,LHb,LHb,si,b5-lhb-m10_3,Hbx
CCTGCATAGGGTTGCA-1,1,LHb,LHb,si,b5-lhb-m10_3,Oval/Medial
CCTGCATCATAATCGC-1,1,LHb,LHb,si,b5-lhb-m10_3,Oval/Medial
CCTGCATGTAGCACGA-1,1,LHb,LHb,si,b5-lhb-m10_3,Oval/Medial
CCTGCATTCCGGCTTT-1,1,LHb,LHb,si,b5-lhb-m10_3,Oval/Medial
CCTGTTGCAGTTGTTG-1,1,LHb,LHb,si,b5-lhb-m10_3,Oval/Medial
CCTTCAGTCCTGGGAC-1,1,LHb,LHb,si,b5-lhb-m10_3,Oval/Medial
CCTTCAGTCGTTGCCT-1,1,LHb,LHb,si,b5-lhb-m10_3,Oval/Medial
CCTTGTGAGACCAAAT-1,1,LHb,LHb,si,b5-lhb-m10_3,Oval/Medial
CCTTGTGAGGTTGCCC-1,1,LHb,LHb,si,b5-lhb-m10_3,Lateral
CCTTGTGGTAGGTTTC-1,1,LHb,LHb,si,b5-lhb-m10_3,Oval/Medial
CCTTGTGTCGTGGGAA-1,9,LHb,LHb,si,b5-lhb-m10_3,Marginal
CCTTTGGCAAGCTGCC-1,1,LHb,LHb,si,b5-lhb-m10_3,Oval/Medial
CCTTTGGGTCGCACAC-1,4,LHb,LHb,si,b5-lhb-m10_3,Oval/Medial
CGAAGGAAGCTGCCTG-1,0,LHb,LHb,si,b5-lhb-m10_3,Oval/Medial
CGAAGTTGTCGAGCAA-1,1,LHb,LHb,si,b5-lhb-m10_3,Hbx
CGAAGTTGTTGTTGAC-1,1,LHb,LHb,si,b5-lhb-m10_3,Oval/Medial
CGAAGTTTCTGTAAGC-1,0,LHb,LHb,si,b5-lhb-m10_3,Oval/Medial
CGAATTGCACAACATC-1,1,LHb,LHb,si,b5-lhb-m10_3,Oval/Medial
CGAATTGCATACAGCT-1,1,LHb,LHb,si,b5-lhb-m10_3,Oval/Medial
CGAATTGTCATGGTAC-1,1,LHb,LHb,si,b5-lhb-m10_3,Oval/Medial
CGACAGCCAGACACCC-1,1,LHb,LHb,si,b5-lhb-m10_3,Oval/Medial
CGACAGCTCCTAAGTG-1,1,LHb,LHb,si,b5-lhb-m10_3,Oval/Medial
CGACAGCTCGCTAGCG-1-1,2,LHb,LHb,si,b5-lhb-m10_3,Hbx
CGAGAAGCAAACTGCT-1,1,LHb,LHb,si,b5-lhb-m10_3,Oval/Medial
CGAGAAGCAGGACATG-1,0,LHb,LHb,si,b5-lhb-m10_3,Oval/Medial
CGAGAAGTCGTAGGGA-1,1,LHb,LHb,si,b5-lhb-m10_3,Oval/Medial
CGAGAAGTCTTCACGC-1,0,LHb,LHb,si,b5-lhb-m10_3,Marginal
CGAGGCTAGGAACGCT-1,1,LHb,LHb,si,b5-lhb-m10_3,Lateral
CGAGGCTGTATTAAGG-1,1,LHb,LHb,si,b5-lhb-m10_3,Oval/Medial
CGAGGCTGTTGGGACA-1,1,LHb,LHb,si,b5-lhb-m10_3,Oval/Medial
CGAGTGCCAGGTGAGT-1,4,LHb,LHb,si,b5-lhb-m10_3,Hbx
CGAGTGCCAGTCAGCC-1,2,LHb,LHb,si,b5-lhb-m10_3,Oval/Medial
CGAGTGCGTAAGACCG-1,1,LHb,LHb,si,b5-lhb-m10_3,Oval/Medial
CGAGTGCGTCTAGATC-1,2,LHb,LHb,si,b5-lhb-m10_3,Hbx
CGAGTGCTCGGCTATA-1,1,LHb,LHb,si,b5-lhb-m10_3,Oval/Medial
CGAGTTAAGCGTTACT-1-1,1,LHb,LHb,si,b5-lhb-m10_3,Oval/Medial
CGAGTTAAGGTAGGCT-1,1,LHb,LHb,si,b5-lhb-m10_3,Oval/Medial
CGAGTTAAGTCAAGCG-1,1,LHb,LHb,si,b5-lhb-m10_3,Oval/Medial
CGAGTTAGTTCTCTAT-1,1,LHb,LHb,si,b5-lhb-m10_3,Oval/Medial
CGAGTTATCCCGAGTG-1,1,LHb,LHb,si,b5-lhb-m10_3,Oval/Medial
CGATCGGTCACCGGGT-1,1,LHb,LHb,si,b5-lhb-m10_3,Oval/Medial
CGATGCGTCCTCTTTC-1,1,LHb,LHb,si,b5-lhb-m10_3,Oval/Medial
CGATGCGTCTCGAGTA-1,4,LHb,LHb,si,b5-lhb-m10_3,Hbx
CGATGCGTCTGAGGCC-1,9,LHb,LHb,si,b5-lhb-m10_3,Marginal
CGATGGCAGCCTGTCG-1,2,LHb,LHb,si,b5-lhb-m10_3,Hbx
CGATGGCAGGTAGCAC-1,9,LHb,LHb,si,b5-lhb-m10_3,Marginal
CGATGGCCAACTCGTA-1,1,LHb,LHb,si,b5-lhb-m10_3,Oval/Medial
CGATGGCCACTCACTC-1,1,LHb,LHb,si,b5-lhb-m10_3,Oval/Medial
CGATGGCTCCCGAGGT-1,0,LHb,LHb,si,b5-lhb-m10_3,Oval/Medial
CGCAGGTCACAAGCAG-1,2,LHb,LHb,si,b5-lhb-m10_3,Hbx
CGCAGGTCAGAGGTAC-1,1,LHb,LHb,si,b5-lhb-m10_3,Oval/Medial
CGCAGGTGTTGGTGTT-1,4,LHb,LHb,si,b5-lhb-m10_3,Oval/Medial
CGCAGGTTCAAGCTTG-1,1,LHb,LHb,si,b5-lhb-m10_3,Oval/Medial
CGCATAACAGGAAGTC-1,0,LHb,LHb,si,b5-lhb-m10_3,Oval/Medial
CGCATAAGTTGGAGAC-1,1,LHb,LHb,si,b5-lhb-m10_3,Oval/Medial
CGCATAATCGCTACAA-1,4,LHb,LHb,si,b5-lhb-m10_3,Oval/Medial
CGCATGGAGCATGAAT-1,13,LHb,LHb,si,b5-lhb-m10_3,Oval/Medial
CGCATGGCAAGGTCGA-1,1,LHb,LHb,si,b5-lhb-m10_3,Oval/Medial
CGCCAGAAGTGTTGTC-1,1,LHb,LHb,si,b5-lhb-m10_3,Oval/Medial
CGCCAGAGTGCATTAC-1,1,LHb,LHb,si,b5-lhb-m10_3,Oval/Medial
CGCCAGAGTGCCAAGA-1,1,LHb,LHb,si,b5-lhb-m10_3,Oval/Medial
CGCCATTTCCTATTTG-1,1,LHb,LHb,si,b5-lhb-m10_3,Oval/Medial
CGCCATTTCCTGTTAT-1,4,LHb,LHb,si,b5-lhb-m10_3,Oval/Medial
CGCCATTTCGTGCACG-1,1,LHb,LHb,si,b5-lhb-m10_3,Oval/Medial
CGCGTGAAGACATCAA-1,1,LHb,LHb,si,b5-lhb-m10_3,Oval/Medial
CGCGTGAGTACGACTT-1,1,LHb,LHb,si,b5-lhb-m10_3,Oval/Medial
CGCGTGAGTCTGCAAT-1-1,1,LHb,LHb,si,b5-lhb-m10_3,Oval/Medial
CGCGTGATCCGTGTAA-1,1,LHb,LHb,si,b5-lhb-m10_3,Oval/Medial
CGCGTGATCGTCACCT-1,0,LHb,LHb,si,b5-lhb-m10_3,Oval/Medial
CGGAACCGTTGCATGT-1,4,LHb,LHb,si,b5-lhb-m10_3,Hbx
CGGAACCGTTTCGACA-1,1,LHb,LHb,si,b5-lhb-m10_3,Oval/Medial
CGGAATTAGCCATCCG-1,1,LHb,LHb,si,b5-lhb-m10_3,Oval/Medial
CGGAATTGTACAGAAT-1,1,LHb,LHb,si,b5-lhb-m10_3,Oval/Medial
CGGAATTGTCGTTCAA-1,1,LHb,LHb,si,b5-lhb-m10_3,Oval/Medial
CGGACACCAAGCACAG-1,1,LHb,LHb,si,b5-lhb-m10_3,Oval/Medial
CGGAGAAAGGTCCAGA-1,1,LHb,LHb,si,b5-lhb-m10_3,Oval/Medial
CGGAGAACATACCACA-1,1,LHb,LHb,si,b5-lhb-m10_3,Oval/Medial
CGGAGAAGTCTTGAGT-1,0,LHb,LHb,si,b5-lhb-m10_3,Lateral
CGGAGAATCAATCCAG-1,1,LHb,LHb,si,b5-lhb-m10_3,Oval/Medial
CGGAGAATCGCAATTG-1,1,LHb,LHb,si,b5-lhb-m10_3,Oval/Medial
CGGAGAATCTAAGCGT-1,1,LHb,LHb,si,b5-lhb-m10_3,Hbx
CGGCAGTAGATTCGAA-1,1,LHb,LHb,si,b5-lhb-m10_3,Oval/Medial
CGGCAGTCATCGTGGC-1,9,LHb,LHb,si,b5-lhb-m10_3,Marginal
CGGCAGTGTGATACTC-1,1,LHb,LHb,si,b5-lhb-m10_3,Oval/Medial
CGGCAGTGTGGCAGAT-1,1,LHb,LHb,si,b5-lhb-m10_3,Oval/Medial
CGGGACTCAGTTAAAG-1,1,LHb,LHb,si,b5-lhb-m10_3,Oval/Medial
CGGGACTTCTTTGCAT-1,1,LHb,LHb,si,b5-lhb-m10_3,Oval/Medial
CGGGTCATCGTGGCTG-1,1,LHb,LHb,si,b5-lhb-m10_3,Hbx
CGGGTGTAGTGCGCTC-1,1,LHb,LHb,si,b5-lhb-m10_3,Oval/Medial
CGGGTGTCAATGCAAA-1,1,LHb,LHb,si,b5-lhb-m10_3,Oval/Medial
CGGTCAGAGAACTTCC-1,1,LHb,LHb,si,b5-lhb-m10_3,Oval/Medial
CGGTCAGAGCCATCCG-1,1,LHb,LHb,si,b5-lhb-m10_3,Oval/Medial
CGGTCAGCATTAAAGG-1,9,LHb,LHb,si,b5-lhb-m10_3,Marginal
CGGTCAGGTGACAACG-1,1,LHb,LHb,si,b5-lhb-m10_3,Oval/Medial
CGTAAGTCATCCTATT-1,1,LHb,LHb,si,b5-lhb-m10_3,Oval/Medial
CGTAGTAAGGAACATT-1,1,LHb,LHb,si,b5-lhb-m10_3,Lateral
CGTAGTAGTCCGTACG-1,1,LHb,LHb,si,b5-lhb-m10_3,Oval/Medial
CGTCAAAGTATCGAGG-1,1,LHb,LHb,si,b5-lhb-m10_3,Oval/Medial
CGTCAAAGTGTTACTG-1,1,LHb,LHb,si,b5-lhb-m10_3,Oval/Medial
CGTCAAATCCAGCAAT-1,1,LHb,LHb,si,b5-lhb-m10_3,Oval/Medial
CGTCCATCAACCCTCT-1,1,LHb,LHb,si,b5-lhb-m10_3,Oval/Medial
CGTGAATAGGGATCAC-1,1,LHb,LHb,si,b5-lhb-m10_3,Oval/Medial
CGTGAATCATGTCTAG-1,1,LHb,LHb,si,b5-lhb-m10_3,Oval/Medial
CGTGATAAGATTTGCC-1,1,LHb,LHb,si,b5-lhb-m10_3,Lateral
CGTGATACAGCGAGTA-1,1,LHb,LHb,si,b5-lhb-m10_3,Oval/Medial
CGTGATAGTGCAGGAT-1,1,LHb,LHb,si,b5-lhb-m10_3,Oval/Medial
CGTGATAGTTTCGTAG-1,1,LHb,LHb,si,b5-lhb-m10_3,Oval/Medial
CGTGCTTCAGATGCGA-1,1,LHb,LHb,si,b5-lhb-m10_3,Oval/Medial
CGTGTCTAGGCTCCCA-1,1,LHb,LHb,si,b5-lhb-m10_3,Oval/Medial
CGTGTCTGTGTCACAT-1,1,LHb,LHb,si,b5-lhb-m10_3,Oval/Medial
CGTTAGAGTGCATCTA-1,1,LHb,LHb,si,b5-lhb-m10_3,Oval/Medial
CGTTAGATCGGCTCTT-1,1,LHb,LHb,si,b5-lhb-m10_3,Marginal
CGTTCTGCATGACTCA-1,0,LHb,LHb,si,b5-lhb-m10_3,Hbx
CGTTCTGGTTCATCGA-1,1,LHb,LHb,si,b5-lhb-m10_3,Oval/Medial
CGTTCTGTCAGTGCGC-1,1,LHb,LHb,si,b5-lhb-m10_3,Oval/Medial
CGTTCTGTCGACGAGA-1,1,LHb,LHb,si,b5-lhb-m10_3,Oval/Medial
CGTTGGGAGGAGATAG-1,1,LHb,LHb,si,b5-lhb-m10_3,Oval/Medial
CGTTGGGCATGTTTGG-1,1,LHb,LHb,si,b5-lhb-m10_3,Oval/Medial
CGTTGGGGTGCAGTGA-1,0,LHb,LHb,si,b5-lhb-m10_3,Oval/Medial
CGTTGGGTCCTTATCA-1,4,LHb,LHb,si,b5-lhb-m10_3,Oval/Medial
CTAACTTAGCAATTCC-1,1,LHb,LHb,si,b5-lhb-m10_3,Oval/Medial
CTAACTTGTACCCGCA-1,1,LHb,LHb,si,b5-lhb-m10_3,Oval/Medial
CTAAGTGAGCCAAGCA-1,1,LHb,LHb,si,b5-lhb-m10_3,Oval/Medial
CTAAGTGCAGACACAG-1,1,LHb,LHb,si,b5-lhb-m10_3,Oval/Medial
CTAAGTGTCTTCCCAG-1,1,LHb,LHb,si,b5-lhb-m10_3,Oval/Medial
CTACAGAAGCTGGCCT-1,2,LHb,LHb,si,b5-lhb-m10_3,Marginal
CTACAGATCTCGTCAC-1,1,LHb,LHb,si,b5-lhb-m10_3,Oval/Medial
CTACATTCACCCAATA-1,13,LHb,LHb,si,b5-lhb-m10_3,Oval/Medial
CTACATTCACTTCAGA-1,1,LHb,LHb,si,b5-lhb-m10_3,Oval/Medial
CTACATTGTGGCATCC-1,1,LHb,LHb,si,b5-lhb-m10_3,Oval/Medial
CTACATTTCCAGCAAT-1,1,LHb,LHb,si,b5-lhb-m10_3,Oval/Medial
CTACCCACACGATAGG-1,13,LHb,LHb,si,b5-lhb-m10_3,Oval/Medial
CTACCCAGTTATCTTC-1,1,LHb,LHb,si,b5-lhb-m10_3,Lateral
CTACCTGAGATTGATG-1,0,LHb,LHb,si,b5-lhb-m10_3,Oval/Medial
CTACCTGGTTCTAACG-1,1,LHb,LHb,si,b5-lhb-m10_3,Oval/Medial
CTACCTGGTTGGGTAG-1,1,LHb,LHb,si,b5-lhb-m10_3,Oval/Medial
CTACCTGTCACACGAT-1,1,LHb,LHb,si,b5-lhb-m10_3,Oval/Medial
CTACCTGTCATTCGTT-1-1,1,LHb,LHb,si,b5-lhb-m10_3,Oval/Medial
CTACGGGGTTGGGTAG-1-1,1,LHb,LHb,si,b5-lhb-m10_3,Oval/Medial
CTACGGGTCGCATGAT-1,1,LHb,LHb,si,b5-lhb-m10_3,Oval/Medial
CTACGGGTCTCTGAGA-1,1,LHb,LHb,si,b5-lhb-m10_3,Oval/Medial
CTACGGGTCTCTTAAC-1,1,LHb,LHb,si,b5-lhb-m10_3,Oval/Medial
CTACGGGTCTGGTTGA-1,1,LHb,LHb,si,b5-lhb-m10_3,Oval/Medial
CTACTATAGCTCAGAG-1,1,LHb,LHb,si,b5-lhb-m10_3,Oval/Medial
CTACTATAGTCCCTAA-1,1,LHb,LHb,si,b5-lhb-m10_3,Oval/Medial
CTACTATCAGTCGGTC-1,0,LHb,LHb,si,b5-lhb-m10_3,Oval/Medial
CTACTATGTCATCAGT-1,1,LHb,LHb,si,b5-lhb-m10_3,Oval/Medial
CTACTATGTTAGGGAC-1,0,LHb,LHb,si,b5-lhb-m10_3,Oval/Medial
CTAGACAGTCAATGGG-1,9,LHb,LHb,si,b5-lhb-m10_3,Marginal
CTAGACAGTTGTGGCC-1,1,LHb,LHb,si,b5-lhb-m10_3,Oval/Medial
CTAGACATCCGCGATG-1,1,LHb,LHb,si,b5-lhb-m10_3,Oval/Medial
CTATCTAAGCGGTAGT-1,1,LHb,LHb,si,b5-lhb-m10_3,Oval/Medial
CTATCTACAGGCATTT-1,1,LHb,LHb,si,b5-lhb-m10_3,Oval/Medial
CTCAACCAGAGCTGCA-1,1,LHb,LHb,si,b5-lhb-m10_3,Oval/Medial
CTCAACCAGCAGTCTT-1,1,LHb,LHb,si,b5-lhb-m10_3,Oval/Medial
CTCAACCCAAAGACGC-1,1,LHb,LHb,si,b5-lhb-m10_3,Marginal
CTCAACCCAATCGCGC-1,1,LHb,LHb,si,b5-lhb-m10_3,Oval/Medial
CTCAACCCACTGTCCT-1,1,LHb,LHb,si,b5-lhb-m10_3,Oval/Medial
CTCAACCCATCCGAAT-1,1,LHb,LHb,si,b5-lhb-m10_3,Oval/Medial
CTCAACCTCATAGAGA-1,1,LHb,LHb,si,b5-lhb-m10_3,Oval/Medial
CTCAACCTCCTCTAAT-1,1,LHb,LHb,si,b5-lhb-m10_3,Oval/Medial
CTCAACCTCTAGCAAC-1,1,LHb,LHb,si,b5-lhb-m10_3,Oval/Medial
CTCAAGACATCCAATG-1,1,LHb,LHb,si,b5-lhb-m10_3,Lateral
CTCAAGAGTACAAACA-1,1,LHb,LHb,si,b5-lhb-m10_3,Oval/Medial
CTCAATTAGGTGATAT-1,1,LHb,LHb,si,b5-lhb-m10_3,Oval/Medial
CTCAATTCACTGTCGG-1,1,LHb,LHb,si,b5-lhb-m10_3,Oval/Medial
CTCAGAAAGCCGATTT-1,1,LHb,LHb,si,b5-lhb-m10_3,Oval/Medial
CTCAGAATCCCGAACG-1-1,1,LHb,LHb,si,b5-lhb-m10_3,Oval/Medial
CTCAGGGAGAGAGTGA-1,0,LHb,LHb,si,b5-lhb-m10_3,Oval/Medial
CTCAGGGCACTCTAGA-1,1,LHb,LHb,si,b5-lhb-m10_3,Lateral
CTCAGTCAGTATGTAG-1,1,LHb,LHb,si,b5-lhb-m10_3,Oval/Medial
CTCAGTCGTACCACGC-1,1,LHb,LHb,si,b5-lhb-m10_3,Oval/Medial
CTCAGTCGTCAAATCC-1,1,LHb,LHb,si,b5-lhb-m10_3,Oval/Medial
CTCATCGAGATACTGA-1,1,LHb,LHb,si,b5-lhb-m10_3,Oval/Medial
CTCATCGAGGGCAGAG-1,1,LHb,LHb,si,b5-lhb-m10_3,Oval/Medial
CTCATCGAGTAACGAT-1,1,LHb,LHb,si,b5-lhb-m10_3,Oval/Medial
CTCATCGTCGGAATTC-1,1,LHb,LHb,si,b5-lhb-m10_3,Oval/Medial
CTCATGCGTCATAGTC-1,0,LHb,LHb,si,b5-lhb-m10_3,Oval/Medial
CTCATGCGTGGTACAG-1,1,LHb,LHb,si,b5-lhb-m10_3,Hbx
CTCATGCTCCACGTCT-1,1,LHb,LHb,si,b5-lhb-m10_3,Oval/Medial
CTCATTAGTGCAATAA-1,4,LHb,LHb,si,b5-lhb-m10_3,Oval/Medial
CTCATTATCTCGTCAC-1,1,LHb,LHb,si,b5-lhb-m10_3,Oval/Medial
CTCCAACCAATTTCGG-1,1,LHb,LHb,si,b5-lhb-m10_3,Oval/Medial
CTCCAACGTTGAAGTA-1,4,LHb,LHb,si,b5-lhb-m10_3,Hbx
CTCCAACTCCGTAGTA-1-1,1,LHb,LHb,si,b5-lhb-m10_3,Oval/Medial
CTCCAACTCGTCCTCA-1,4,LHb,LHb,si,b5-lhb-m10_3,Oval/Medial
CTCCACAGTCACTGAT-1,1,LHb,LHb,si,b5-lhb-m10_3,Oval/Medial
CTCCACAGTTTCCCAC-1,1,LHb,LHb,si,b5-lhb-m10_3,Oval/Medial
CTCCATGAGTATCTGC-1,1,LHb,LHb,si,b5-lhb-m10_3,Oval/Medial
CTCCATGCAACAGCCC-1,1,LHb,LHb,si,b5-lhb-m10_3,Oval/Medial
CTCCATGCATACCGTA-1,1,LHb,LHb,si,b5-lhb-m10_3,Oval/Medial
CTCCCAAAGTAAAGCT-1,1,LHb,LHb,si,b5-lhb-m10_3,Oval/Medial
CTCCCAAGTCTGTTAG-1,1,LHb,LHb,si,b5-lhb-m10_3,Lateral
CTCCCAATCGTTCTAT-1,1,LHb,LHb,si,b5-lhb-m10_3,Oval/Medial
CTCCCAATCTCCGATC-1,1,LHb,LHb,si,b5-lhb-m10_3,Oval/Medial
CTCCCTCCAGCACAAG-1,1,LHb,LHb,si,b5-lhb-m10_3,Oval/Medial
CTCCCTCGTAGCTGCC-1,1,LHb,LHb,si,b5-lhb-m10_3,Oval/Medial
CTCCCTCGTCAGGCAA-1,1,LHb,LHb,si,b5-lhb-m10_3,Oval/Medial
CTCCCTCTCACCATGA-1,1,LHb,LHb,si,b5-lhb-m10_3,Oval/Medial
CTCCCTCTCTAGCCAA-1,1,LHb,LHb,si,b5-lhb-m10_3,Oval/Medial
CTCCGATCATCGATAC-1,1,LHb,LHb,si,b5-lhb-m10_3,Oval/Medial
CTCCGATTCGGCGATC-1,1,LHb,LHb,si,b5-lhb-m10_3,Oval/Medial
CTCCTCCAGAGCCTGA-1,1,LHb,LHb,si,b5-lhb-m10_3,Oval/Medial
CTCCTCCGTAGTCCTA-1,1,LHb,LHb,si,b5-lhb-m10_3,Oval/Medial
CTCCTCCTCTCAACGA-1,1,LHb,LHb,si,b5-lhb-m10_3,Oval/Medial
CTCCTCCTCTCTTAAC-1,1,LHb,LHb,si,b5-lhb-m10_3,Oval/Medial
CTCCTTTCAGGTCCCA-1,1,LHb,LHb,si,b5-lhb-m10_3,Oval/Medial
CTCCTTTGTTAAGTCC-1,2,LHb,LHb,si,b5-lhb-m10_3,Oval/Medial
CTCCTTTTCACCCTGT-1,1,LHb,LHb,si,b5-lhb-m10_3,Oval/Medial
CTCGAGGTCGGAAACG-1,1,LHb,LHb,si,b5-lhb-m10_3,Oval/Medial
CTCGAGGTCGGCCAAC-1,1,LHb,LHb,si,b5-lhb-m10_3,Oval/Medial
CTCTCAGGTCTAGTGT-1,1,LHb,LHb,si,b5-lhb-m10_3,Oval/Medial
CTCTCAGTCAGTCCGG-1,1,LHb,LHb,si,b5-lhb-m10_3,Oval/Medial
CTCTCAGTCTTAGCTT-1,13,LHb,LHb,si,b5-lhb-m10_3,Hbx
CTCTCGAGTCTAGATC-1,9,LHb,LHb,si,b5-lhb-m10_3,Marginal
CTCTGGTCAACTCATG-1,1,LHb,LHb,si,b5-lhb-m10_3,Oval/Medial
CTCTGGTCATCTGTTT-1,1,LHb,LHb,si,b5-lhb-m10_3,Oval/Medial
CTCTGGTGTACGGGAT-1,9,LHb,LHb,si,b5-lhb-m10_3,Marginal
CTCTGGTGTGCACATT-1,1,LHb,LHb,si,b5-lhb-m10_3,Oval/Medial
CTGAATGAGAACCCGA-1,4,LHb,LHb,si,b5-lhb-m10_3,Oval/Medial
CTGAATGCACAAGCTT-1,1,LHb,LHb,si,b5-lhb-m10_3,Oval/Medial
CTGAGCGCAAGCGAAC-1-1,1,LHb,LHb,si,b5-lhb-m10_3,Oval/Medial
CTGAGCGTCACATCAG-1,1,LHb,LHb,si,b5-lhb-m10_3,Oval/Medial
CTGAGGCCATAGGCGA-1,1,LHb,LHb,si,b5-lhb-m10_3,Oval/Medial
CTGAGGCTCATTGCTT-1,1,LHb,LHb,si,b5-lhb-m10_3,Oval/Medial
CTGAGGCTCGCTGTCT-1,1,LHb,LHb,si,b5-lhb-m10_3,Oval/Medial
CTGAGGCTCTGCCTCA-1,0,LHb,LHb,si,b5-lhb-m10_3,Oval/Medial
CTGATCCAGGACTTCT-1,1,LHb,LHb,si,b5-lhb-m10_3,Oval/Medial
CTGATCCCACAGCTTA-1,1,LHb,LHb,si,b5-lhb-m10_3,Oval/Medial
CTGATCCCACGCGGTT-1,1,LHb,LHb,si,b5-lhb-m10_3,Oval/Medial
CTGATCCCATCATTTC-1-1,1,LHb,LHb,si,b5-lhb-m10_3,Oval/Medial
CTGATCCGTTACCCAA-1,1,LHb,LHb,si,b5-lhb-m10_3,Oval/Medial
CTGATCCTCTGGGCAC-1,9,LHb,LHb,si,b5-lhb-m10_3,Oval/Medial
CTGCATCCAGCGGTCT-1,1,LHb,LHb,si,b5-lhb-m10_3,Oval/Medial
CTGCATCGTACAAGTA-1,1,LHb,LHb,si,b5-lhb-m10_3,Oval/Medial
CTGCCATAGATACTGA-1,1,LHb,LHb,si,b5-lhb-m10_3,Oval/Medial
CTGCCATAGTAGAATC-1,1,LHb,LHb,si,b5-lhb-m10_3,Oval/Medial
CTGCCATAGTTTCTTC-1,1,LHb,LHb,si,b5-lhb-m10_3,Oval/Medial
CTGCCATGTTACACTG-1,1,LHb,LHb,si,b5-lhb-m10_3,Oval/Medial
CTGCCATTCTTGGCTC-1,1,LHb,LHb,si,b5-lhb-m10_3,Oval/Medial
CTGCCTACAGAAGTTA-1,1,LHb,LHb,si,b5-lhb-m10_3,Oval/Medial
CTGCCTAGTCATATGC-1,1,LHb,LHb,si,b5-lhb-m10_3,Oval/Medial
CTGCCTATCCGGTTCT-1,1,LHb,LHb,si,b5-lhb-m10_3,Oval/Medial
CTGCGAGAGCTGACAG-1,13,LHb,LHb,si,b5-lhb-m10_3,Hbx
CTGCGAGTCGTGTCAA-1,1,LHb,LHb,si,b5-lhb-m10_3,Oval/Medial
CTGCTCACAGAGTAAT-1,1,LHb,LHb,si,b5-lhb-m10_3,Oval/Medial
CTGCTCAGTTCCACAA-1,1,LHb,LHb,si,b5-lhb-m10_3,Oval/Medial
CTGGACGGTGACCTGC-1,2,LHb,LHb,si,b5-lhb-m10_3,Oval/Medial
CTGGACGTCGATGGAG-1,1,LHb,LHb,si,b5-lhb-m10_3,Oval/Medial
CTGGCAGCAACAAAGT-1,13,LHb,LHb,si,b5-lhb-m10_3,Hbx
CTGGCAGCACTCGATA-1,0,LHb,LHb,si,b5-lhb-m10_3,Oval/Medial
CTGGTCTAGCTCCACG-1,1,LHb,LHb,si,b5-lhb-m10_3,Oval/Medial
CTGGTCTAGTGCTAGG-1,1,LHb,LHb,si,b5-lhb-m10_3,Oval/Medial
CTGGTCTGTACAGAAT-1,0,LHb,LHb,si,b5-lhb-m10_3,Oval/Medial
CTGGTCTGTCGTATTG-1,1,LHb,LHb,si,b5-lhb-m10_3,Oval/Medial
CTGGTCTTCACGGTCG-1,1,LHb,LHb,si,b5-lhb-m10_3,Oval/Medial
CTGTACCAGTAACGAT-1,1,LHb,LHb,si,b5-lhb-m10_3,Oval/Medial
CTGTACCCAGGCTATT-1,1,LHb,LHb,si,b5-lhb-m10_3,Oval/Medial
CTGTACCTCAACGCTA-1,1,LHb,LHb,si,b5-lhb-m10_3,Oval/Medial
CTGTATTAGTGCTCAT-1,1,LHb,LHb,si,b5-lhb-m10_3,Oval/Medial
CTGTATTCAATCAGCT-1,0,LHb,LHb,si,b5-lhb-m10_3,Oval/Medial
CTGTATTCACACACTA-1,1,LHb,LHb,si,b5-lhb-m10_3,Oval/Medial
CTGTATTGTGAATTAG-1,9,LHb,LHb,si,b5-lhb-m10_3,Marginal
CTGTATTTCCTTACCG-1-1,1,LHb,LHb,si,b5-lhb-m10_3,Oval/Medial
CTGTCGTAGCACTAGG-1,1,LHb,LHb,si,b5-lhb-m10_3,Oval/Medial
CTGTCGTCAGAGATTA-1,1,LHb,LHb,si,b5-lhb-m10_3,Oval/Medial
CTGTCGTCATCCGGTG-1,1,LHb,LHb,si,b5-lhb-m10_3,Oval/Medial
CTGTCGTTCAGGGTAG-1,1,LHb,LHb,si,b5-lhb-m10_3,Oval/Medial
CTGTCGTTCCGAAGGA-1,1,LHb,LHb,si,b5-lhb-m10_3,Oval/Medial
CTGTGGGGTAGGATAT-1,1,LHb,LHb,si,b5-lhb-m10_3,Oval/Medial
CTGTGGGTCCTACGGG-1,0,LHb,LHb,si,b5-lhb-m10_3,Oval/Medial
CTTAGGAAGCCTCGTG-1,1,LHb,LHb,si,b5-lhb-m10_3,Oval/Medial
CTTAGGAAGCTAGAGC-1,4,LHb,LHb,si,b5-lhb-m10_3,Marginal
CTTAGGAAGTAATACG-1,1,LHb,LHb,si,b5-lhb-m10_3,Oval/Medial
CTTAGGACAACTCATG-1,1,LHb,LHb,si,b5-lhb-m10_3,Oval/Medial
CTTAGGACACTTGACA-1,9,LHb,LHb,si,b5-lhb-m10_3,Marginal
CTTAGGAGTACTCGTA-1,1,LHb,LHb,si,b5-lhb-m10_3,Oval/Medial
CTTAGGAGTATCAGGG-1,1,LHb,LHb,si,b5-lhb-m10_3,Oval/Medial
CTTAGGAGTTAAGAAC-1,1,LHb,LHb,si,b5-lhb-m10_3,Oval/Medial
CTTCAATAGTGATCGG-1,0,LHb,LHb,si,b5-lhb-m10_3,Oval/Medial
CTTCAATTCGATTGAC-1,1,LHb,LHb,si,b5-lhb-m10_3,Oval/Medial
CTTCAATTCGTTCAGA-1,1,LHb,LHb,si,b5-lhb-m10_3,Oval/Medial
CTTCCGAAGGCAGGTT-1,0,LHb,LHb,si,b5-lhb-m10_3,Oval/Medial
CTTCCGACAAGCCTGC-1,1,LHb,LHb,si,b5-lhb-m10_3,Oval/Medial
CTTCCGACACACCTAA-1,1,LHb,LHb,si,b5-lhb-m10_3,Oval/Medial
CTTCCGAGTCTTTCTA-1,1,LHb,LHb,si,b5-lhb-m10_3,Oval/Medial
CTTCCGAGTTAATGAG-1,1,LHb,LHb,si,b5-lhb-m10_3,Oval/Medial
CTTCCTTAGCTGGAGT-1,9,LHb,LHb,si,b5-lhb-m10_3,Marginal
CTTCCTTCAACCGCCA-1,1,LHb,LHb,si,b5-lhb-m10_3,Oval/Medial
CTTCCTTCACATTGTG-1,1,LHb,LHb,si,b5-lhb-m10_3,Oval/Medial
CTTCCTTCATATTCGG-1,1,LHb,LHb,si,b5-lhb-m10_3,Oval/Medial
CTTCCTTTCAAAGGTA-1,1,LHb,LHb,si,b5-lhb-m10_3,Oval/Medial
CTTCCTTTCAGAATAG-1,1,LHb,LHb,si,b5-lhb-m10_3,Oval/Medial
CTTCCTTTCGGCTGGT-1,1,LHb,LHb,si,b5-lhb-m10_3,Oval/Medial
CTTCGGTCATGGCTGC-1-1,1,LHb,LHb,si,b5-lhb-m10_3,Hbx
CTTCTAAAGTACAACA-1,0,LHb,LHb,si,b5-lhb-m10_3,Oval/Medial
CTTCTAACACCTGCAG-1,0,LHb,LHb,si,b5-lhb-m10_3,Oval/Medial
CTTCTAACATAGAATG-1,4,LHb,LHb,si,b5-lhb-m10_3,Oval/Medial
CTTCTAAGTCTTCTAT-1,9,LHb,LHb,si,b5-lhb-m10_3,Marginal
CTTCTAATCATCGCAA-1,1,LHb,LHb,si,b5-lhb-m10_3,Oval/Medial
CTTCTCTAGCGGACAT-1,1,LHb,LHb,si,b5-lhb-m10_3,Oval/Medial
CTTCTCTTCAAGCCGC-1,1,LHb,LHb,si,b5-lhb-m10_3,Oval/Medial
CTTGAGACATGATAGA-1,1,LHb,LHb,si,b5-lhb-m10_3,Oval/Medial
CTTGAGAGTGTAGTGG-1,1,LHb,LHb,si,b5-lhb-m10_3,Oval/Medial
CTTGAGAGTTCGAAGG-1,1,LHb,LHb,si,b5-lhb-m10_3,Oval/Medial
CTTGATTCATTGTACG-1,1,LHb,LHb,si,b5-lhb-m10_3,Oval/Medial
CTTTCAACAACCGATT-1,1,LHb,LHb,si,b5-lhb-m10_3,Oval/Medial
CTTTCAATCCCATAAG-1,1,LHb,LHb,si,b5-lhb-m10_3,Oval/Medial
CTTTCGGAGTACCATC-1,1,LHb,LHb,si,b5-lhb-m10_3,Lateral
CTTTCGGAGTCGCCAC-1,1,LHb,LHb,si,b5-lhb-m10_3,Oval/Medial
GAAACCTGTTTACTGG-1,1,LHb,LHb,si,b5-lhb-m10_3,Oval/Medial
GAAATGACACTCCGGA-1,1,LHb,LHb,si,b5-lhb-m10_3,Oval/Medial
GAAATGAGTGGAAATT-1,1,LHb,LHb,si,b5-lhb-m10_3,Oval/Medial
GAAATGATCCTTATGT-1,1,LHb,LHb,si,b5-lhb-m10_3,Oval/Medial
GAACACTAGACAACAT-1,1,LHb,LHb,si,b5-lhb-m10_3,Oval/Medial
GAACGTTGTGTACAGG-1,1,LHb,LHb,si,b5-lhb-m10_3,Oval/Medial
GAACTGTGTCAGTCGC-1,4,LHb,LHb,si,b5-lhb-m10_3,Marginal
GAACTGTGTCTGTAGT-1,0,LHb,LHb,si,b5-lhb-m10_3,Oval/Medial
GAACTGTTCAGTGTCA-1,1,LHb,LHb,si,b5-lhb-m10_3,Oval/Medial
GAACTGTTCGTCCATC-1,1,LHb,LHb,si,b5-lhb-m10_3,Hbx
GAAGAATGTACATACC-1,9,LHb,LHb,si,b5-lhb-m10_3,Marginal
GAAGAATGTGAGCAGT-1-1,1,LHb,LHb,si,b5-lhb-m10_3,Oval/Medial
GAAGCCCCACACCGAC-1,1,LHb,LHb,si,b5-lhb-m10_3,Oval/Medial
GAAGCCCGTGTCCAAT-1,1,LHb,LHb,si,b5-lhb-m10_3,Oval/Medial
GAAGCGACACTCAGAT-1,1,LHb,LHb,si,b5-lhb-m10_3,Oval/Medial
GAAGGACAGGGACCAT-1,1,LHb,LHb,si,b5-lhb-m10_3,Oval/Medial
GAAGGACTCCTGATAG-1,1,LHb,LHb,si,b5-lhb-m10_3,Oval/Medial
GAAGTAAAGAGGTCAC-1,0,LHb,LHb,si,b5-lhb-m10_3,Oval/Medial
GAAGTAATCCTTCACG-1,4,LHb,LHb,si,b5-lhb-m10_3,Oval/Medial
GAAGTAATCGTAGGAG-1,1,LHb,LHb,si,b5-lhb-m10_3,Oval/Medial
GAAGTAATCGTGTCAA-1,1,LHb,LHb,si,b5-lhb-m10_3,Oval/Medial
GAATAGAGTCGAGTGA-1,1,LHb,LHb,si,b5-lhb-m10_3,Oval/Medial
GAATAGATCGGCCTTT-1,1,LHb,LHb,si,b5-lhb-m10_3,Oval/Medial
GAATCACAGCTAAGTA-1,1,LHb,LHb,si,b5-lhb-m10_3,Oval/Medial
GAATCACAGTATTGCC-1,1,LHb,LHb,si,b5-lhb-m10_3,Oval/Medial
GAATCACCACGTAACT-1,0,LHb,LHb,si,b5-lhb-m10_3,Oval/Medial
GAATCACCAGAACATA-1-1,25,LHb,LHb,si,b5-lhb-m10_3,Oval/Medial
GAATCACCAGACCTGC-1,1,LHb,LHb,si,b5-lhb-m10_3,Oval/Medial
GAATCACGTGACACGA-1,1,LHb,LHb,si,b5-lhb-m10_3,Oval/Medial
GAATCACTCCGTGTCT-1,1,LHb,LHb,si,b5-lhb-m10_3,Oval/Medial
GAATCACTCTGACGCG-1,1,LHb,LHb,si,b5-lhb-m10_3,Oval/Medial
GAATCGTAGAACTGAT-1,1,LHb,LHb,si,b5-lhb-m10_3,Oval/Medial
GAATCGTAGGTCGTAG-1,1,LHb,LHb,si,b5-lhb-m10_3,Oval/Medial
GAATCGTCAGAACATA-1,1,LHb,LHb,si,b5-lhb-m10_3,Oval/Medial
GAATCGTTCACGAACT-1,0,LHb,LHb,si,b5-lhb-m10_3,Oval/Medial
GACACGCAGTGTTGAA-1,10,LHb,LHb,si,b5-lhb-m10_3,Oval/Medial
GACAGCCAGGGATCAC-1,1,LHb,LHb,si,b5-lhb-m10_3,Oval/Medial
GACAGCCCACAGTGTT-1,1,LHb,LHb,si,b5-lhb-m10_3,Oval/Medial
GACAGCCCACGCGCTA-1,1,LHb,LHb,si,b5-lhb-m10_3,Marginal
GACAGCCGTCCACTTC-1,1,LHb,LHb,si,b5-lhb-m10_3,Oval/Medial
GACAGCCGTGTCTTCC-1,1,LHb,LHb,si,b5-lhb-m10_3,Oval/Medial
GACAGCCGTTACGCCG-1,1,LHb,LHb,si,b5-lhb-m10_3,Oval/Medial
GACAGCCGTTCCTAAG-1,1,LHb,LHb,si,b5-lhb-m10_3,Oval/Medial
GACAGCCGTTCGTAAC-1,0,LHb,LHb,si,b5-lhb-m10_3,Hbx
GACAGCCTCATGCCCT-1,1,LHb,LHb,si,b5-lhb-m10_3,Oval/Medial
GACATCAAGGACGCTA-1,1,LHb,LHb,si,b5-lhb-m10_3,Oval/Medial
GACATCACAAATGGTA-1,1,LHb,LHb,si,b5-lhb-m10_3,Oval/Medial
GACATCAGTCATCAGT-1,0,LHb,LHb,si,b5-lhb-m10_3,Oval/Medial
GACATCAGTTCATCGA-1,1,LHb,LHb,si,b5-lhb-m10_3,Oval/Medial
GACCAATTCACTACTT-1,4,LHb,LHb,si,b5-lhb-m10_3,Hbx
GACCCAGCATCAACCA-1,1,LHb,LHb,si,b5-lhb-m10_3,Oval/Medial
GACCCAGTCCGACATA-1,1,LHb,LHb,si,b5-lhb-m10_3,Hbx
GACCCTTCAAGCGCAA-1,1,LHb,LHb,si,b5-lhb-m10_3,Oval/Medial
GACCCTTCACGCAAAG-1,9,LHb,LHb,si,b5-lhb-m10_3,Oval/Medial
GACCCTTCACTGATTG-1,1,LHb,LHb,si,b5-lhb-m10_3,Oval/Medial
GACCCTTCAGTAGATA-1,4,LHb,LHb,si,b5-lhb-m10_3,Oval/Medial
GACCCTTGTAGTATAG-1,9,LHb,LHb,si,b5-lhb-m10_3,Marginal
GACCCTTGTTGGCCTG-1,9,LHb,LHb,si,b5-lhb-m10_3,Oval/Medial
GACCCTTGTTTACTGG-1,1,LHb,LHb,si,b5-lhb-m10_3,Oval/Medial
GACCGTGAGCTGGTGA-1,0,LHb,LHb,si,b5-lhb-m10_3,Oval/Medial
GACCGTGGTATTGCCA-1,1,LHb,LHb,si,b5-lhb-m10_3,Oval/Medial
GACCTTCAGGGAGAAT-1,9,LHb,LHb,si,b5-lhb-m10_3,Marginal
GACCTTCTCGTCCTTG-1,1,LHb,LHb,si,b5-lhb-m10_3,Oval/Medial
GACGCTGCAATAACGA-1,0,LHb,LHb,si,b5-lhb-m10_3,Hbx
GACGCTGCACTCCCTA-1,9,LHb,LHb,si,b5-lhb-m10_3,Marginal
GACGCTGGTGATTCTG-1,1,LHb,LHb,si,b5-lhb-m10_3,Oval/Medial
GACGTTAAGCGTATGG-1,1,LHb,LHb,si,b5-lhb-m10_3,Oval/Medial
GACGTTACAACCCGCA-1,1,LHb,LHb,si,b5-lhb-m10_3,Oval/Medial
GACGTTATCAACTGAC-1,0,LHb,LHb,si,b5-lhb-m10_3,Hbx
GACGTTATCAATGCAC-1,1,LHb,LHb,si,b5-lhb-m10_3,Oval/Medial
GACTATGCAACAAGTA-1,1,LHb,LHb,si,b5-lhb-m10_3,Oval/Medial
GACTATGCAGACATCT-1,1,LHb,LHb,si,b5-lhb-m10_3,Oval/Medial
GACTATGTCCGATAGT-1,9,LHb,LHb,si,b5-lhb-m10_3,Marginal
GACTCAACACCCAACG-1,0,LHb,LHb,si,b5-lhb-m10_3,Oval/Medial
GACTCAAGTAGGAGGG-1,0,LHb,LHb,si,b5-lhb-m10_3,Oval/Medial
GACTCAAGTATCGCAT-1,1,LHb,LHb,si,b5-lhb-m10_3,Oval/Medial
GACTCAATCCCAACTC-1,9,LHb,LHb,si,b5-lhb-m10_3,Oval/Medial
GACTCTCCAGCACAAG-1,1,LHb,LHb,si,b5-lhb-m10_3,Oval/Medial
GACTCTCGTATGAAAC-1,1,LHb,LHb,si,b5-lhb-m10_3,Oval/Medial
GACTTCCCACATAGCT-1,1,LHb,LHb,si,b5-lhb-m10_3,Oval/Medial
GACTTCCTCGAAGCAG-1,1,LHb,LHb,si,b5-lhb-m10_3,Oval/Medial
GAGAAATCACCTGTCT-1,1,LHb,LHb,si,b5-lhb-m10_3,Oval/Medial
GAGAAATCATACCAGT-1,13,LHb,LHb,si,b5-lhb-m10_3,Lateral
GAGAAATGTGCCCGTA-1,1,LHb,LHb,si,b5-lhb-m10_3,Oval/Medial
GAGAAATTCGTGGCTG-1,1,LHb,LHb,si,b5-lhb-m10_3,Oval/Medial
GAGACCCTCTGGGCAC-1,1,LHb,LHb,si,b5-lhb-m10_3,Oval/Medial
GAGACTTTCGGTAGGA-1,4,LHb,LHb,si,b5-lhb-m10_3,Marginal
GAGAGGTGTAGCGATG-1,2,LHb,LHb,si,b5-lhb-m10_3,Oval/Medial
GAGAGGTTCGCGGACT-1,0,LHb,LHb,si,b5-lhb-m10_3,Hbx
GAGCCTGAGCACTGGA-1,1,LHb,LHb,si,b5-lhb-m10_3,Oval/Medial
GAGCCTGCACAGCGCT-1,1,LHb,LHb,si,b5-lhb-m10_3,Oval/Medial
GAGCCTGTCGTGGGTC-1,2,LHb,LHb,si,b5-lhb-m10_3,Hbx
GAGGCAAAGTGCCCGT-1,1,LHb,LHb,si,b5-lhb-m10_3,Oval/Medial
GAGGCAAGTCCGGACT-1,0,LHb,LHb,si,b5-lhb-m10_3,Oval/Medial
GAGGCAATCGCCTTGT-1,1,LHb,LHb,si,b5-lhb-m10_3,Oval/Medial
GAGGCCTAGTTGAAAC-1,1,LHb,LHb,si,b5-lhb-m10_3,Lateral
GAGGCCTGTCGAGATG-1,1,LHb,LHb,si,b5-lhb-m10_3,Oval/Medial
GAGGCCTTCATCTACT-1,1,LHb,LHb,si,b5-lhb-m10_3,Oval/Medial
GAGGGATCACTCATAG-1,4,LHb,LHb,si,b5-lhb-m10_3,Oval/Medial
GAGGGTAAGAGTTGTA-1,1,LHb,LHb,si,b5-lhb-m10_3,Oval/Medial
GAGGGTAGTCTTCAAG-1,1,LHb,LHb,si,b5-lhb-m10_3,Oval/Medial
GAGTCATAGGCCATAG-1,1,LHb,LHb,si,b5-lhb-m10_3,Oval/Medial
GAGTCATGTGCTTATG-1,1,LHb,LHb,si,b5-lhb-m10_3,Oval/Medial
GAGTCTAAGCGTATAA-1,1,LHb,LHb,si,b5-lhb-m10_3,Oval/Medial
GAGTCTATCGTGCATA-1,0,LHb,LHb,si,b5-lhb-m10_3,Oval/Medial
GAGTGAGGTCGATTCA-1,0,LHb,LHb,si,b5-lhb-m10_3,Oval/Medial
GAGTGAGTCAAGATAG-1,1,LHb,LHb,si,b5-lhb-m10_3,Oval/Medial
GAGTGAGTCTACTTCA-1,1,LHb,LHb,si,b5-lhb-m10_3,Oval/Medial
GAGTGTTAGAAATCCA-1,1,LHb,LHb,si,b5-lhb-m10_3,Oval/Medial
GAGTGTTAGAGCATAT-1,9,LHb,LHb,si,b5-lhb-m10_3,Oval/Medial
GAGTTACTCCCTTTGG-1,1,LHb,LHb,si,b5-lhb-m10_3,Oval/Medial
GAGTTACTCCTTCTAA-1,1,LHb,LHb,si,b5-lhb-m10_3,Oval/Medial
GAGTTACTCGCTCCTA-1,1,LHb,LHb,si,b5-lhb-m10_3,Oval/Medial
GAGTTGTAGCGTCGAA-1,1,LHb,LHb,si,b5-lhb-m10_3,Oval/Medial
GAGTTGTCAACACAGG-1,1,LHb,LHb,si,b5-lhb-m10_3,Oval/Medial
GAGTTGTCAACCGACC-1,1,LHb,LHb,si,b5-lhb-m10_3,Oval/Medial
GAGTTGTCAACTCCAA-1,1,LHb,LHb,si,b5-lhb-m10_3,Oval/Medial
GAGTTGTCATCGGATT-1,4,LHb,LHb,si,b5-lhb-m10_3,Oval/Medial
GAGTTTGAGACGACGT-1,1,LHb,LHb,si,b5-lhb-m10_3,Oval/Medial
GATAGAAAGCACACAG-1,1,LHb,LHb,si,b5-lhb-m10_3,Oval/Medial
GATAGAAAGCAGTACG-1,1,LHb,LHb,si,b5-lhb-m10_3,Oval/Medial
GATAGAAAGCGCCTAC-1,1,LHb,LHb,si,b5-lhb-m10_3,Oval/Medial
GATAGAAAGGGCAATC-1,1,LHb,LHb,si,b5-lhb-m10_3,Oval/Medial
GATAGAACAGTATGAA-1,0,LHb,LHb,si,b5-lhb-m10_3,Oval/Medial
GATAGCTAGGCCATAG-1,1,LHb,LHb,si,b5-lhb-m10_3,Oval/Medial
GATAGCTAGTCACGAG-1,1,LHb,LHb,si,b5-lhb-m10_3,Oval/Medial
GATAGCTCAAGACGAC-1,1,LHb,LHb,si,b5-lhb-m10_3,Oval/Medial
GATAGCTCACTGTTCC-1,1,LHb,LHb,si,b5-lhb-m10_3,Oval/Medial
GATAGCTGTACAAGCG-1,1,LHb,LHb,si,b5-lhb-m10_3,Oval/Medial
GATAGCTGTCGCACGT-1,1,LHb,LHb,si,b5-lhb-m10_3,Oval/Medial
GATAGCTTCCGTGGTG-1,1,LHb,LHb,si,b5-lhb-m10_3,Oval/Medial
GATAGCTTCTCCTACG-1,13,LHb,LHb,si,b5-lhb-m10_3,Hbx
GATCACAAGTACCGGA-1,1,LHb,LHb,si,b5-lhb-m10_3,Oval/Medial
GATCACACAAGGGTCA-1,1,LHb,LHb,si,b5-lhb-m10_3,Oval/Medial
GATCACACAGTAGTGG-1,1,LHb,LHb,si,b5-lhb-m10_3,Oval/Medial
GATCACAGTCAGCGTC-1,1,LHb,LHb,si,b5-lhb-m10_3,Oval/Medial
GATCACAGTTCAAGTC-1,0,LHb,LHb,si,b5-lhb-m10_3,Hbx
GATCACAGTTCCTTGC-1,1,LHb,LHb,si,b5-lhb-m10_3,Oval/Medial
GATCAGTCAAGCGGAT-1,1,LHb,LHb,si,b5-lhb-m10_3,Oval/Medial
GATCAGTCAGTTTGGT-1,1,LHb,LHb,si,b5-lhb-m10_3,Lateral
GATCAGTGTTCAACGT-1,1,LHb,LHb,si,b5-lhb-m10_3,Oval/Medial
GATCAGTGTTTCGGCG-1,4,LHb,LHb,si,b5-lhb-m10_3,Oval/Medial
GATCAGTTCACTGATG-1,1,LHb,LHb,si,b5-lhb-m10_3,Oval/Medial
GATCAGTTCCAGTGTA-1,1,LHb,LHb,si,b5-lhb-m10_3,Oval/Medial
GATCAGTTCGGCCAAC-1,0,LHb,LHb,si,b5-lhb-m10_3,Lateral
GATCATGAGGAATGTT-1,1,LHb,LHb,si,b5-lhb-m10_3,Oval/Medial
GATCATGGTATGGTTC-1,1,LHb,LHb,si,b5-lhb-m10_3,Oval/Medial
GATCATGGTCCAGCCA-1,1,LHb,LHb,si,b5-lhb-m10_3,Hbx
GATCCCTTCCGATAGT-1,1,LHb,LHb,si,b5-lhb-m10_3,Oval/Medial
GATCGTACACCAGACC-1,4,LHb,LHb,si,b5-lhb-m10_3,Hbx
GATGACTCACTTGTCC-1,1,LHb,LHb,si,b5-lhb-m10_3,Oval/Medial
GATGACTCATTGGGAG-1,1,LHb,LHb,si,b5-lhb-m10_3,Oval/Medial
GATGACTTCGTAACTG-1,1,LHb,LHb,si,b5-lhb-m10_3,Lateral
GATGAGGAGGGTACAC-1,0,LHb,LHb,si,b5-lhb-m10_3,Oval/Medial
GATGAGGAGGTCTGGA-1,0,LHb,LHb,si,b5-lhb-m10_3,Oval/Medial
GATGAGGTCTCAGGCG-1,1,LHb,LHb,si,b5-lhb-m10_3,Oval/Medial
GATGATCAGAGAGTGA-1-1,9,LHb,LHb,si,b5-lhb-m10_3,Marginal
GATGATCAGAGGATCC-1,1,LHb,LHb,si,b5-lhb-m10_3,Oval/Medial
GATGATCAGCGCTGCT-1,1,LHb,LHb,si,b5-lhb-m10_3,Oval/Medial
GATGATCAGCGGTAAC-1,0,LHb,LHb,si,b5-lhb-m10_3,Oval/Medial
GATGATCCAGGCACAA-1,1,LHb,LHb,si,b5-lhb-m10_3,Oval/Medial
GATGATCGTCCTCCAT-1,1,LHb,LHb,si,b5-lhb-m10_3,Oval/Medial
GATGATCGTTACCTTT-1,1,LHb,LHb,si,b5-lhb-m10_3,Oval/Medial
GATGCTAAGGCTATCT-1,10,LHb,LHb,si,b5-lhb-m10_3,Marginal
GATGCTACAAAGCTCT-1,0,LHb,LHb,si,b5-lhb-m10_3,Hbx
GATGGAGAGAAGGTAG-1,1,LHb,LHb,si,b5-lhb-m10_3,Oval/Medial
GATGGAGGTGTATTCG-1,1,LHb,LHb,si,b5-lhb-m10_3,Oval/Medial
GATGGAGGTGTTCAGT-1,9,LHb,LHb,si,b5-lhb-m10_3,Marginal
GATGGAGTCATACAGC-1,1,LHb,LHb,si,b5-lhb-m10_3,Oval/Medial
GATGTTGGTACCGTGC-1,1,LHb,LHb,si,b5-lhb-m10_3,Oval/Medial
GATGTTGGTATTAAGG-1,1,LHb,LHb,si,b5-lhb-m10_3,Oval/Medial
GATGTTGGTCGCCTAG-1,1,LHb,LHb,si,b5-lhb-m10_3,Oval/Medial
GATGTTGGTTGTTGCA-1-1,1,LHb,LHb,si,b5-lhb-m10_3,Oval/Medial
GATGTTGTCCGTATGA-1,1,LHb,LHb,si,b5-lhb-m10_3,Oval/Medial
GATTCGAAGTATTCCG-1,0,LHb,LHb,si,b5-lhb-m10_3,Oval/Medial
GATTCGAGTTAAGGAT-1,9,LHb,LHb,si,b5-lhb-m10_3,Oval/Medial
GATTCGATCATTGCGA-1,1,LHb,LHb,si,b5-lhb-m10_3,Oval/Medial
GATTCTTAGATTAGAC-1,1,LHb,LHb,si,b5-lhb-m10_3,Lateral
GATTCTTGTACGAAAT-1,1,LHb,LHb,si,b5-lhb-m10_3,Oval/Medial
GATTCTTGTATGAGGC-1,1,LHb,LHb,si,b5-lhb-m10_3,Oval/Medial
GATTCTTTCTCATGCC-1,1,LHb,LHb,si,b5-lhb-m10_3,Oval/Medial
GATTCTTTCTCTATAC-1,1,LHb,LHb,si,b5-lhb-m10_3,Oval/Medial
GATTGGTTCAACGAGG-1,1,LHb,LHb,si,b5-lhb-m10_3,Oval/Medial
GATTGGTTCTCGTGAA-1,9,LHb,LHb,si,b5-lhb-m10_3,Marginal
GATTGGTTCTGTTGGA-1,1,LHb,LHb,si,b5-lhb-m10_3,Oval/Medial
GATTTCTGTTGACTAC-1,0,LHb,LHb,si,b5-lhb-m10_3,Oval/Medial
GATTTCTGTTGCTGAT-1,1,LHb,LHb,si,b5-lhb-m10_3,Hbx
GCAACCGAGACACACG-1,1,LHb,LHb,si,b5-lhb-m10_3,Oval/Medial
GCAACCGTCTTTGCTA-1,1,LHb,LHb,si,b5-lhb-m10_3,Oval/Medial
GCACATAAGCGAACTG-1,1,LHb,LHb,si,b5-lhb-m10_3,Oval/Medial
GCACATAAGGTTTGAA-1,1,LHb,LHb,si,b5-lhb-m10_3,Oval/Medial
GCACATAAGTGTCATC-1,0,LHb,LHb,si,b5-lhb-m10_3,Marginal
GCACATACAACCGTGC-1,1,LHb,LHb,si,b5-lhb-m10_3,Oval/Medial
GCACATATCGACCTAA-1,1,LHb,LHb,si,b5-lhb-m10_3,Oval/Medial
GCACGGTGTACTCCCT-1,9,LHb,LHb,si,b5-lhb-m10_3,Marginal
GCACGGTTCAGACCGC-1,1,LHb,LHb,si,b5-lhb-m10_3,Lateral
GCACGTGAGGTTCATC-1,1,LHb,LHb,si,b5-lhb-m10_3,Oval/Medial
GCACGTGGTAGGAAAG-1,1,LHb,LHb,si,b5-lhb-m10_3,Oval/Medial
GCACGTGGTCCAGCGT-1,1,LHb,LHb,si,b5-lhb-m10_3,Oval/Medial
GCACGTGGTCTGCAAT-1,1,LHb,LHb,si,b5-lhb-m10_3,Lateral
GCACTAACAGTCCCGA-1,1,LHb,LHb,si,b5-lhb-m10_3,Oval/Medial
GCACTAATCTCAGGCG-1,1,LHb,LHb,si,b5-lhb-m10_3,Oval/Medial
GCAGCCATCTCGTGAA-1,1,LHb,LHb,si,b5-lhb-m10_3,Oval/Medial
GCAGCTGCAGTGACCC-1,1,LHb,LHb,si,b5-lhb-m10_3,Oval/Medial
GCAGCTGGTTTCGATG-1,1,LHb,LHb,si,b5-lhb-m10_3,Oval/Medial
GCAGGCTAGATCACCT-1,1,LHb,LHb,si,b5-lhb-m10_3,Oval/Medial
GCAGGCTCAAAGACGC-1,0,LHb,LHb,si,b5-lhb-m10_3,Marginal
GCAGGCTGTAGGGAGG-1,4,LHb,LHb,si,b5-lhb-m10_3,Oval/Medial
GCAGGCTGTCGTACTA-1,1,LHb,LHb,si,b5-lhb-m10_3,Oval/Medial
GCAGGCTGTTACCCTC-1,1,LHb,LHb,si,b5-lhb-m10_3,Oval/Medial
GCAGGCTTCGTCAAAC-1,1,LHb,LHb,si,b5-lhb-m10_3,Oval/Medial
GCAGTTAAGAGGGTGG-1-1,1,LHb,LHb,si,b5-lhb-m10_3,Oval/Medial
GCAGTTAAGTCCGCGT-1,9,LHb,LHb,si,b5-lhb-m10_3,Marginal
GCAGTTAGTAAGCAAT-1,0,LHb,LHb,si,b5-lhb-m10_3,Oval/Medial
GCAGTTAGTGCACAAG-1,1,LHb,LHb,si,b5-lhb-m10_3,Oval/Medial
GCATCGGAGCCTGAAG-1,1,LHb,LHb,si,b5-lhb-m10_3,Oval/Medial
GCATCGGAGCGTCAAG-1,1,LHb,LHb,si,b5-lhb-m10_3,Hbx
GCATCGGCACACGCCA-1,0,LHb,LHb,si,b5-lhb-m10_3,Hbx
GCATCGGGTCAGTCGC-1,1,LHb,LHb,si,b5-lhb-m10_3,Oval/Medial
GCATCGGGTGGCGTAA-1,1,LHb,LHb,si,b5-lhb-m10_3,Oval/Medial
GCATCGGTCACGTCCT-1,9,LHb,LHb,si,b5-lhb-m10_3,Marginal
GCATCTCAGAAATTCG-1,1,LHb,LHb,si,b5-lhb-m10_3,Oval/Medial
GCATCTCCACAATGCT-1,9,LHb,LHb,si,b5-lhb-m10_3,Marginal
GCATCTCGTATTTCCT-1,1,LHb,LHb,si,b5-lhb-m10_3,Oval/Medial
GCATCTCTCCATCTCG-1,1,LHb,LHb,si,b5-lhb-m10_3,Oval/Medial
GCATGATTCTGTAAGC-1,9,LHb,LHb,si,b5-lhb-m10_3,Marginal
GCATTAGCACGGGTAA-1-1,1,LHb,LHb,si,b5-lhb-m10_3,Oval/Medial
GCATTAGGTAGCCAGA-1,1,LHb,LHb,si,b5-lhb-m10_3,Oval/Medial
GCCAACGCAACTGCCG-1,9,LHb,LHb,si,b5-lhb-m10_3,Marginal
GCCAACGGTTCCACGG-1,1,LHb,LHb,si,b5-lhb-m10_3,Oval/Medial
GCCAACGTCTTCTTCC-1,0,LHb,LHb,si,b5-lhb-m10_3,Hbx
GCCAGCAAGGAACATT-1,1,LHb,LHb,si,b5-lhb-m10_3,Oval/Medial
GCCAGCAAGTCACGCC-1,0,LHb,LHb,si,b5-lhb-m10_3,Hbx
GCCAGCACAGAGGTAC-1,0,LHb,LHb,si,b5-lhb-m10_3,Hbx
GCCAGCAGTGCATACT-1,1,LHb,LHb,si,b5-lhb-m10_3,Oval/Medial
GCCAGCATCTACACTT-1,1,LHb,LHb,si,b5-lhb-m10_3,Oval/Medial
GCCAGGTCAAAGCAAT-1,9,LHb,LHb,si,b5-lhb-m10_3,Marginal
GCCAGGTTCTCGACCT-1,4,LHb,LHb,si,b5-lhb-m10_3,Marginal
GCCAGTGAGACAGCGT-1,1,LHb,LHb,si,b5-lhb-m10_3,Oval/Medial
GCCAGTGAGGCTATCT-1,1,LHb,LHb,si,b5-lhb-m10_3,Hbx
GCCAGTGCAAACACCT-1,0,LHb,LHb,si,b5-lhb-m10_3,Hbx
GCCAGTGCAAAGACTA-1,1,LHb,LHb,si,b5-lhb-m10_3,Oval/Medial
GCCAGTGCACTCCCTA-1,1,LHb,LHb,si,b5-lhb-m10_3,Oval/Medial
GCCAGTGGTTAGAGAT-1,1,LHb,LHb,si,b5-lhb-m10_3,Oval/Medial
GCCATGGAGAGCCGAT-1,1,LHb,LHb,si,b5-lhb-m10_3,Oval/Medial
GCCATGGAGGTTGTTC-1,1,LHb,LHb,si,b5-lhb-m10_3,Oval/Medial
GCCATGGTCTAGCAAC-1,1,LHb,LHb,si,b5-lhb-m10_3,Oval/Medial
GCCATTCAGGCCTGCT-1,4,LHb,LHb,si,b5-lhb-m10_3,Oval/Medial
GCCATTCGTTACGTAC-1,1,LHb,LHb,si,b5-lhb-m10_3,Oval/Medial
GCCCAGACAATAACCC-1,1,LHb,LHb,si,b5-lhb-m10_3,Oval/Medial
GCCCAGAGTTTCGCTC-1,2,LHb,LHb,si,b5-lhb-m10_3,Oval/Medial
GCCCGAAAGAATAGTC-1,1,LHb,LHb,si,b5-lhb-m10_3,Oval/Medial
GCCCGAACAATTGCAC-1,1,LHb,LHb,si,b5-lhb-m10_3,Oval/Medial
GCCCGAACACCTGATA-1,1,LHb,LHb,si,b5-lhb-m10_3,Oval/Medial
GCCCGAACACTTCATT-1,1,LHb,LHb,si,b5-lhb-m10_3,Oval/Medial
GCCCGAAGTCCGGTGT-1,0,LHb,LHb,si,b5-lhb-m10_3,Oval/Medial
GCCCGAATCATCAGTG-1,1,LHb,LHb,si,b5-lhb-m10_3,Oval/Medial
GCCGATGAGCTATCCA-1,1,LHb,LHb,si,b5-lhb-m10_3,Oval/Medial
GCCGATGAGGATGCGT-1,1,LHb,LHb,si,b5-lhb-m10_3,Oval/Medial
GCCGATGCAGACCTGC-1,0,LHb,LHb,si,b5-lhb-m10_3,Oval/Medial
GCCGATGGTTTGGCTA-1,1,LHb,LHb,si,b5-lhb-m10_3,Oval/Medial
GCCGTGACATCAACCA-1,4,LHb,LHb,si,b5-lhb-m10_3,Hbx
GCCTGTTAGGATATGT-1,0,LHb,LHb,si,b5-lhb-m10_3,Oval/Medial
GCCTGTTAGTGACACG-1,1,LHb,LHb,si,b5-lhb-m10_3,Oval/Medial
GCCTGTTGTCTCAAGT-1,1,LHb,LHb,si,b5-lhb-m10_3,Oval/Medial
GCGAGAAAGAGTAACT-1,1,LHb,LHb,si,b5-lhb-m10_3,Oval/Medial
GCGAGAAAGTAAACAC-1,1,LHb,LHb,si,b5-lhb-m10_3,Oval/Medial
GCGAGAACACCGTGGT-1,1,LHb,LHb,si,b5-lhb-m10_3,Oval/Medial
GCGAGAACACGACCTG-1,1,LHb,LHb,si,b5-lhb-m10_3,Oval/Medial
GCGAGAAGTTGACTGT-1,2,LHb,LHb,si,b5-lhb-m10_3,Oval/Medial
GCGAGAATCAATGCAC-1,1,LHb,LHb,si,b5-lhb-m10_3,Oval/Medial
GCGATCGAGAAGGTAG-1,4,LHb,LHb,si,b5-lhb-m10_3,Oval/Medial
GCGATCGTCGAGTTGT-1,1,LHb,LHb,si,b5-lhb-m10_3,Marginal
GCGGAAATCCTACCAC-1,13,LHb,LHb,si,b5-lhb-m10_3,Oval/Medial
GCGGATCAGCGAGGAG-1,1,LHb,LHb,si,b5-lhb-m10_3,Oval/Medial
GCGGATCCAGCAGTGA-1,1,LHb,LHb,si,b5-lhb-m10_3,Oval/Medial
GCGGATCTCTTTCAGT-1,1,LHb,LHb,si,b5-lhb-m10_3,Oval/Medial
GCGTGCAAGTGATTCC-1,1,LHb,LHb,si,b5-lhb-m10_3,Oval/Medial
GCGTGCAGTCCAGCAC-1,9,LHb,LHb,si,b5-lhb-m10_3,Marginal
GCGTTTCAGAGACAAG-1,0,LHb,LHb,si,b5-lhb-m10_3,Oval/Medial
GCGTTTCCATCTGGGC-1,1,LHb,LHb,si,b5-lhb-m10_3,Oval/Medial
GCGTTTCGTTACCTTT-1,1,LHb,LHb,si,b5-lhb-m10_3,Oval/Medial
GCGTTTCTCGTTCATT-1,0,LHb,LHb,si,b5-lhb-m10_3,Oval/Medial
GCTACAAAGTCATGCT-1,9,LHb,LHb,si,b5-lhb-m10_3,Marginal
GCTACAACAGAACCGA-1-1,1,LHb,LHb,si,b5-lhb-m10_3,Oval/Medial
GCTACAATCCACTAGA-1,1,LHb,LHb,si,b5-lhb-m10_3,Oval/Medial
GCTACAATCGTGTGGC-1,1,LHb,LHb,si,b5-lhb-m10_3,Oval/Medial
GCTACCTAGACGCAGT-1,1,LHb,LHb,si,b5-lhb-m10_3,Oval/Medial
GCTACCTGTAACACGG-1,1,LHb,LHb,si,b5-lhb-m10_3,Oval/Medial
GCTACCTGTCACGACC-1,1,LHb,LHb,si,b5-lhb-m10_3,Oval/Medial
GCTACCTGTCTTCGAA-1,1,LHb,LHb,si,b5-lhb-m10_3,Oval/Medial
GCTCAAACAAGCACCC-1,9,LHb,LHb,si,b5-lhb-m10_3,Oval/Medial
GCTCAAACAAGTGGTG-1,1,LHb,LHb,si,b5-lhb-m10_3,Oval/Medial
GCTCAAACACTACACA-1,1,LHb,LHb,si,b5-lhb-m10_3,Oval/Medial
GCTCAAAGTCCAGGTC-1,1,LHb,LHb,si,b5-lhb-m10_3,Oval/Medial
GCTCAAAGTGACGTCC-1,4,LHb,LHb,si,b5-lhb-m10_3,Oval/Medial
GCTCAAAGTTGTGGAG-1,1,LHb,LHb,si,b5-lhb-m10_3,Oval/Medial
GCTGAATGTCTACAGT-1,1,LHb,LHb,si,b5-lhb-m10_3,Oval/Medial
GCTGAATGTTCAGGTT-1,1,LHb,LHb,si,b5-lhb-m10_3,Oval/Medial
GCTGCAGAGCCGCTTG-1,1,LHb,LHb,si,b5-lhb-m10_3,Oval/Medial
GCTGCAGGTCAGACGA-1,1,LHb,LHb,si,b5-lhb-m10_3,Oval/Medial
GCTGCAGTCATCACTT-1,0,LHb,LHb,si,b5-lhb-m10_3,Oval/Medial
GCTGGGTAGTAGGCCA-1,1,LHb,LHb,si,b5-lhb-m10_3,Oval/Medial
GCTGGGTCAGAACTCT-1,13,LHb,LHb,si,b5-lhb-m10_3,Oval/Medial
GCTGGGTGTGTTAAAG-1,1,LHb,LHb,si,b5-lhb-m10_3,Oval/Medial
GCTGGGTTCTTACGGA-1,0,LHb,LHb,si,b5-lhb-m10_3,Oval/Medial
GCTTCACGTATCGCAT-1,0,LHb,LHb,si,b5-lhb-m10_3,Oval/Medial
GCTTGGGAGGTACTGG-1,1,LHb,LHb,si,b5-lhb-m10_3,Oval/Medial
GCTTGGGCACGGGCTT-1,1,LHb,LHb,si,b5-lhb-m10_3,Oval/Medial
GCTTGGGCAGAAGCTG-1,1,LHb,LHb,si,b5-lhb-m10_3,Oval/Medial
GCTTGGGGTCGAAGCA-1,1,LHb,LHb,si,b5-lhb-m10_3,Oval/Medial
GCTTTCGCAATAGGAT-1-1,1,LHb,LHb,si,b5-lhb-m10_3,Oval/Medial
GGAACCCGTCGAACAG-1,0,LHb,LHb,si,b5-lhb-m10_3,Lateral
GGAACCCTCCATACTT-1,0,LHb,LHb,si,b5-lhb-m10_3,Marginal
GGAACCCTCTACGCGG-1,1,LHb,LHb,si,b5-lhb-m10_3,Oval/Medial
GGAACCCTCTAGTACG-1,9,LHb,LHb,si,b5-lhb-m10_3,Oval/Medial
GGAAGTGGTAGGCTCC-1,1,LHb,LHb,si,b5-lhb-m10_3,Hbx
GGAAGTGGTGTTAAAG-1,9,LHb,LHb,si,b5-lhb-m10_3,Oval/Medial
GGAAGTGGTTTCCATT-1,1,LHb,LHb,si,b5-lhb-m10_3,Oval/Medial
GGAATCTAGACTGTTC-1,1,LHb,LHb,si,b5-lhb-m10_3,Oval/Medial
GGAATCTAGTATGAAC-1,1,LHb,LHb,si,b5-lhb-m10_3,Oval/Medial
GGAATCTGTAGATGTA-1,1,LHb,LHb,si,b5-lhb-m10_3,Oval/Medial
GGAATCTGTATCGTGT-1,1,LHb,LHb,si,b5-lhb-m10_3,Oval/Medial
GGAATCTGTCTGTGCG-1,9,LHb,LHb,si,b5-lhb-m10_3,Marginal
GGAATCTGTTTACTTC-1,13,LHb,LHb,si,b5-lhb-m10_3,Oval/Medial
GGAATGGCATCAGTGT-1,1,LHb,LHb,si,b5-lhb-m10_3,Oval/Medial
GGAATGGCATTGTCGA-1,1,LHb,LHb,si,b5-lhb-m10_3,Oval/Medial
GGAATGGGTCGCTGCA-1,4,LHb,LHb,si,b5-lhb-m10_3,Oval/Medial
GGACGTCTCAGCGCAC-1,1,LHb,LHb,si,b5-lhb-m10_3,Lateral
GGACGTCTCTCCGTGT-1,1,LHb,LHb,si,b5-lhb-m10_3,Oval/Medial
GGAGATGAGTGCACTT-1,1,LHb,LHb,si,b5-lhb-m10_3,Oval/Medial
GGAGATGGTCCAAGAG-1,1,LHb,LHb,si,b5-lhb-m10_3,Oval/Medial
GGAGCAAGTGACTCGC-1,1,LHb,LHb,si,b5-lhb-m10_3,Lateral
GGAGCAATCTCCGAGG-1,1,LHb,LHb,si,b5-lhb-m10_3,Oval/Medial
GGAGGATAGAAGTCAT-1,4,LHb,LHb,si,b5-lhb-m10_3,Oval/Medial
GGAGGATAGGCACGAT-1,1,LHb,LHb,si,b5-lhb-m10_3,Oval/Medial
GGAGGATCAGCAGACA-1,1,LHb,LHb,si,b5-lhb-m10_3,Oval/Medial
GGAGGTAAGGTAGCAC-1,1,LHb,LHb,si,b5-lhb-m10_3,Oval/Medial
GGAGGTAAGGTTGTTC-1,1,LHb,LHb,si,b5-lhb-m10_3,Oval/Medial
GGAGGTACAAGAATAC-1,1,LHb,LHb,si,b5-lhb-m10_3,Oval/Medial
GGAGGTACAGAGACTG-1,2,LHb,LHb,si,b5-lhb-m10_3,Oval/Medial
GGAGGTAGTCTATGAC-1,2,LHb,LHb,si,b5-lhb-m10_3,Oval/Medial
GGATCTACAGTCAGTT-1,1,LHb,LHb,si,b5-lhb-m10_3,Oval/Medial
GGATCTATCACGAACT-1,1,LHb,LHb,si,b5-lhb-m10_3,Oval/Medial
GGATCTATCCGGCAAC-1,1,LHb,LHb,si,b5-lhb-m10_3,Hbx
GGATGTTCAGGCACAA-1,0,LHb,LHb,si,b5-lhb-m10_3,Oval/Medial
GGATGTTGTCGATTAC-1,1,LHb,LHb,si,b5-lhb-m10_3,Hbx
GGATGTTTCCAGCCTT-1,1,LHb,LHb,si,b5-lhb-m10_3,Oval/Medial
GGCACGTAGTTCCAGT-1,1,LHb,LHb,si,b5-lhb-m10_3,Oval/Medial
GGCACGTTCGCTGTCT-1,1,LHb,LHb,si,b5-lhb-m10_3,Lateral
GGCAGTCAGCTCTTCC-1,0,LHb,LHb,si,b5-lhb-m10_3,Lateral
GGCAGTCCACAATGAA-1,1,LHb,LHb,si,b5-lhb-m10_3,Oval/Medial
GGCGTCACATCAGTGT-1,1,LHb,LHb,si,b5-lhb-m10_3,Oval/Medial
GGCTTGGAGCCTAGGA-1,0,LHb,LHb,si,b5-lhb-m10_3,Lateral
GGCTTGGGTTCGAACT-1,0,LHb,LHb,si,b5-lhb-m10_3,Oval/Medial
GGCTTGGTCGTTAGTG-1,4,LHb,LHb,si,b5-lhb-m10_3,Oval/Medial
GGCTTTCAGACGCCAA-1,1,LHb,LHb,si,b5-lhb-m10_3,Oval/Medial
GGCTTTCAGAGTCTTC-1,0,LHb,LHb,si,b5-lhb-m10_3,Oval/Medial
GGCTTTCAGTATGAGT-1,9,LHb,LHb,si,b5-lhb-m10_3,Marginal
GGGAAGTAGATGGTAT-1,0,LHb,LHb,si,b5-lhb-m10_3,Oval/Medial
GGGAAGTAGCTGTGCC-1,1,LHb,LHb,si,b5-lhb-m10_3,Oval/Medial
GGGAAGTCAGGCCCTA-1,1,LHb,LHb,si,b5-lhb-m10_3,Oval/Medial
GGGAAGTGTTTCAGAC-1,1,LHb,LHb,si,b5-lhb-m10_3,Oval/Medial
GGGAAGTTCCAGCACG-1,1,LHb,LHb,si,b5-lhb-m10_3,Oval/Medial
GGGACAACACATGGTT-1,1,LHb,LHb,si,b5-lhb-m10_3,Oval/Medial
GGGACAAGTCCACACG-1,1,LHb,LHb,si,b5-lhb-m10_3,Oval/Medial
GGGACAATCCTTCTTC-1,1,LHb,LHb,si,b5-lhb-m10_3,Hbx
GGGACAATCTATGCCC-1,1,LHb,LHb,si,b5-lhb-m10_3,Oval/Medial
GGGACCTAGAACTCCT-1,1,LHb,LHb,si,b5-lhb-m10_3,Lateral
GGGACCTAGGTCGTAG-1,1,LHb,LHb,si,b5-lhb-m10_3,Oval/Medial
GGGACCTAGTGCCTCG-1,0,LHb,LHb,si,b5-lhb-m10_3,Oval/Medial
GGGACTCCATTCTCTA-1,1,LHb,LHb,si,b5-lhb-m10_3,Oval/Medial
GGGAGTACATAATGCC-1,1,LHb,LHb,si,b5-lhb-m10_3,Oval/Medial
GGGATCCTCAAGATAG-1,1,LHb,LHb,si,b5-lhb-m10_3,Oval/Medial
GGGATCCTCAAGGCTT-1,1,LHb,LHb,si,b5-lhb-m10_3,Oval/Medial
GGGATGACATCTGCGG-1,0,LHb,LHb,si,b5-lhb-m10_3,Oval/Medial
GGGATGAGTGGATGAC-1,1,LHb,LHb,si,b5-lhb-m10_3,Oval/Medial
GGGCCATAGGTAGCAC-1,1,LHb,LHb,si,b5-lhb-m10_3,Oval/Medial
GGGCTACAGTCATTGC-1,1,LHb,LHb,si,b5-lhb-m10_3,Oval/Medial
GGGCTACCATTAGGCT-1,1,LHb,LHb,si,b5-lhb-m10_3,Oval/Medial
GGGCTCAAGAGTATAC-1,1,LHb,LHb,si,b5-lhb-m10_3,Oval/Medial
GGGCTCAGTGAATATG-1,1,LHb,LHb,si,b5-lhb-m10_3,Oval/Medial
GGGTAGAGTATCACCA-1,9,LHb,LHb,si,b5-lhb-m10_3,Marginal
GGGTAGAGTCCGGTGT-1,1,LHb,LHb,si,b5-lhb-m10_3,Oval/Medial
GGGTATTCATACTTTC-1,1,LHb,LHb,si,b5-lhb-m10_3,Oval/Medial
GGGTCACAGGACATCG-1,1,LHb,LHb,si,b5-lhb-m10_3,Lateral
GGGTCACCAAGTTCGT-1,1,LHb,LHb,si,b5-lhb-m10_3,Oval/Medial
GGGTCACGTTATCTTC-1,1,LHb,LHb,si,b5-lhb-m10_3,Oval/Medial
GGGTCTGAGGTCACCC-1,1,LHb,LHb,si,b5-lhb-m10_3,Oval/Medial
GGGTCTGGTCTTGAAC-1,1,LHb,LHb,si,b5-lhb-m10_3,Oval/Medial
GGGTCTGTCATCACTT-1,1,LHb,LHb,si,b5-lhb-m10_3,Oval/Medial
GGGTGAACACCCAACG-1,1,LHb,LHb,si,b5-lhb-m10_3,Oval/Medial
GGGTGAACATCCGGCA-1,1,LHb,LHb,si,b5-lhb-m10_3,Oval/Medial
GGGTGAAGTCGAATTC-1,13,LHb,LHb,si,b5-lhb-m10_3,Oval/Medial
GGGTGAATCTACGGGC-1,1,LHb,LHb,si,b5-lhb-m10_3,Oval/Medial
GGGTGTCGTTAAGACA-1,1,LHb,LHb,si,b5-lhb-m10_3,Oval/Medial
GGGTTATGTCTTCCGT-1,1,LHb,LHb,si,b5-lhb-m10_3,Oval/Medial
GGGTTATTCAGTGGGA-1,1,LHb,LHb,si,b5-lhb-m10_3,Oval/Medial
GGGTTATTCTACCTTA-1,1,LHb,LHb,si,b5-lhb-m10_3,Oval/Medial
GGGTTTAAGGTCTTTG-1,0,LHb,LHb,si,b5-lhb-m10_3,Oval/Medial
GGGTTTATCCGCGGAT-1,0,LHb,LHb,si,b5-lhb-m10_3,Oval/Medial
GGTAACTAGCGGATCA-1,1,LHb,LHb,si,b5-lhb-m10_3,Oval/Medial
GGTAACTCAAAGAGTT-1,1,LHb,LHb,si,b5-lhb-m10_3,Oval/Medial
GGTAATCGTCACTACA-1,1,LHb,LHb,si,b5-lhb-m10_3,Oval/Medial
GGTAGAGAGATAACAC-1,1,LHb,LHb,si,b5-lhb-m10_3,Oval/Medial
GGTCACGAGCACTAGG-1,1,LHb,LHb,si,b5-lhb-m10_3,Oval/Medial
GGTCACGCAGTGAGCA-1,1,LHb,LHb,si,b5-lhb-m10_3,Oval/Medial
GGTCACGCATATAGCC-1,1,LHb,LHb,si,b5-lhb-m10_3,Oval/Medial
GGTCACGGTTTCACAG-1,4,LHb,LHb,si,b5-lhb-m10_3,Oval/Medial
GGTCTGGCAAGGCGTA-1,1,LHb,LHb,si,b5-lhb-m10_3,Oval/Medial
GGTCTGGCAGGAGACT-1,1,LHb,LHb,si,b5-lhb-m10_3,Hbx
GGTCTGGCATTCAGCA-1,1,LHb,LHb,si,b5-lhb-m10_3,Oval/Medial
GGTCTGGTCCCTCTTT-1,1,LHb,LHb,si,b5-lhb-m10_3,Oval/Medial
GGTCTGGTCGACGAGA-1,1,LHb,LHb,si,b5-lhb-m10_3,Oval/Medial
GGTGAAGAGAGTGAAG-1,1,LHb,LHb,si,b5-lhb-m10_3,Oval/Medial
GGTGATTCAACACTAC-1,1,LHb,LHb,si,b5-lhb-m10_3,Oval/Medial
GGTGATTGTCGCGTCA-1,1,LHb,LHb,si,b5-lhb-m10_3,Oval/Medial
GGTGATTGTGGTAATA-1,1,LHb,LHb,si,b5-lhb-m10_3,Oval/Medial
GGTGATTTCGACCCAG-1,1,LHb,LHb,si,b5-lhb-m10_3,Oval/Medial
GGTGATTTCTCTCAAT-1,1,LHb,LHb,si,b5-lhb-m10_3,Oval/Medial
GGTGGCTAGAGTCCGA-1,1,LHb,LHb,si,b5-lhb-m10_3,Oval/Medial
GGTGGCTGTACCACGC-1,1,LHb,LHb,si,b5-lhb-m10_3,Oval/Medial
GGTGTCGAGGCTTCCG-1,2,LHb,LHb,si,b5-lhb-m10_3,Hbx
GGTGTCGTCCGCACTT-1,1,LHb,LHb,si,b5-lhb-m10_3,Oval/Medial
GGTGTTACAGGACTTT-1,1,LHb,LHb,si,b5-lhb-m10_3,Lateral
GGTGTTAGTGGTGATG-1-1,1,LHb,LHb,si,b5-lhb-m10_3,Oval/Medial
GGTGTTATCATGCAGT-1,4,LHb,LHb,si,b5-lhb-m10_3,Oval/Medial
GGTTAACCAATTGTGC-1,1,LHb,LHb,si,b5-lhb-m10_3,Oval/Medial
GGTTCTCCAAGCACCC-1,1,LHb,LHb,si,b5-lhb-m10_3,Oval/Medial
GGTTCTCTCTCCAATT-1,1,LHb,LHb,si,b5-lhb-m10_3,Oval/Medial
GGTTCTCTCTCCTGCA-1,1,LHb,LHb,si,b5-lhb-m10_3,Oval/Medial
GGTTGTAAGTTGCGCC-1,1,LHb,LHb,si,b5-lhb-m10_3,Oval/Medial
GGTTGTACATTGCTGA-1,1,LHb,LHb,si,b5-lhb-m10_3,Oval/Medial
GGTTGTAGTATACCTG-1,1,LHb,LHb,si,b5-lhb-m10_3,Oval/Medial
GTAACACAGTGGCGAT-1,4,LHb,LHb,si,b5-lhb-m10_3,Oval/Medial
GTAACCAAGATGTTGA-1,1,LHb,LHb,si,b5-lhb-m10_3,Oval/Medial
GTAACCAGTATAGGAT-1,0,LHb,LHb,si,b5-lhb-m10_3,Oval/Medial
GTAAGTCAGAGCGACT-1,4,LHb,LHb,si,b5-lhb-m10_3,Marginal
GTAAGTCAGTCCTGCG-1,1,LHb,LHb,si,b5-lhb-m10_3,Oval/Medial
GTAAGTCTCACGGGCT-1,1,LHb,LHb,si,b5-lhb-m10_3,Oval/Medial
GTAAGTCTCAGGAAAT-1,4,LHb,LHb,si,b5-lhb-m10_3,Oval/Medial
GTAATCGAGGGTATAT-1,0,LHb,LHb,si,b5-lhb-m10_3,Oval/Medial
GTAATCGGTAGTCTTG-1,1,LHb,LHb,si,b5-lhb-m10_3,Oval/Medial
GTAATGCCACATCATG-1,9,LHb,LHb,si,b5-lhb-m10_3,Oval/Medial
GTAATGCTCAACTGGT-1,1,LHb,LHb,si,b5-lhb-m10_3,Oval/Medial
GTACAACAGACCTGGA-1,1,LHb,LHb,si,b5-lhb-m10_3,Oval/Medial
GTACAACCAGCATACT-1,9,LHb,LHb,si,b5-lhb-m10_3,Marginal
GTACAACGTTCTCAGA-1,2,LHb,LHb,si,b5-lhb-m10_3,Oval/Medial
GTACAACGTTGCCATA-1,1,LHb,LHb,si,b5-lhb-m10_3,Lateral
GTACAACTCTGTCCCA-1,2,LHb,LHb,si,b5-lhb-m10_3,Marginal
GTACAGTCACCTCTGT-1,1,LHb,LHb,si,b5-lhb-m10_3,Oval/Medial
GTACAGTGTCAACATC-1,1,LHb,LHb,si,b5-lhb-m10_3,Lateral
GTACAGTTCACTGCTC-1,1,LHb,LHb,si,b5-lhb-m10_3,Oval/Medial
GTACAGTTCCCTCATG-1,9,LHb,LHb,si,b5-lhb-m10_3,Marginal
GTAGAAACACGGGTAA-1,1,LHb,LHb,si,b5-lhb-m10_3,Oval/Medial
GTAGAAAGTACTAAGA-1,1,LHb,LHb,si,b5-lhb-m10_3,Oval/Medial
GTAGAGGCACTCATAG-1,1,LHb,LHb,si,b5-lhb-m10_3,Hbx
GTAGATCGTTCTGACA-1,9,LHb,LHb,si,b5-lhb-m10_3,Oval/Medial
GTAGATCTCGCCTATC-1,1,LHb,LHb,si,b5-lhb-m10_3,Oval/Medial
GTAGATCTCGTCACCT-1,2,LHb,LHb,si,b5-lhb-m10_3,Oval/Medial
GTAGCTAAGCTTTCTT-1,1,LHb,LHb,si,b5-lhb-m10_3,Oval/Medial
GTAGCTAAGTTCATGC-1,1,LHb,LHb,si,b5-lhb-m10_3,Hbx
GTAGCTAGTAATGTGA-1,1,LHb,LHb,si,b5-lhb-m10_3,Oval/Medial
GTAGCTATCAGTGTGT-1,1,LHb,LHb,si,b5-lhb-m10_3,Oval/Medial
GTAGGAGAGGACTAAT-1,0,LHb,LHb,si,b5-lhb-m10_3,Oval/Medial
GTAGGAGGTAGCCCTG-1,1,LHb,LHb,si,b5-lhb-m10_3,Oval/Medial
GTAGGAGGTCACTGAT-1,1,LHb,LHb,si,b5-lhb-m10_3,Oval/Medial
GTAGGAGTCTCTGGTC-1,1,LHb,LHb,si,b5-lhb-m10_3,Oval/Medial
GTAGGTTAGCTCGTGC-1,1,LHb,LHb,si,b5-lhb-m10_3,Oval/Medial
GTAGGTTTCATGTCAG-1,1,LHb,LHb,si,b5-lhb-m10_3,Oval/Medial
GTAGTACCATCAACCA-1,1,LHb,LHb,si,b5-lhb-m10_3,Oval/Medial
GTATTGGAGCTTGTGT-1,1,LHb,LHb,si,b5-lhb-m10_3,Oval/Medial
GTATTGGAGTTATGGA-1,1,LHb,LHb,si,b5-lhb-m10_3,Oval/Medial
GTATTGGCATATAGCC-1,9,LHb,LHb,si,b5-lhb-m10_3,Oval/Medial
GTATTTCAGGGACACT-1,1,LHb,LHb,si,b5-lhb-m10_3,Oval/Medial
GTATTTCCAAGCAGGT-1,1,LHb,LHb,si,b5-lhb-m10_3,Oval/Medial
GTATTTCCAGCCGTCA-1,13,LHb,LHb,si,b5-lhb-m10_3,Hbx
GTATTTCCAGTCTCTC-1,1,LHb,LHb,si,b5-lhb-m10_3,Oval/Medial
GTCAAACCACCGCTAG-1,1,LHb,LHb,si,b5-lhb-m10_3,Oval/Medial
GTCAAACCAGCGGTCT-1,1,LHb,LHb,si,b5-lhb-m10_3,Oval/Medial
GTCAAACGTATGAAAC-1,1,LHb,LHb,si,b5-lhb-m10_3,Oval/Medial
GTCAAGTAGATCCTAC-1,1,LHb,LHb,si,b5-lhb-m10_3,Oval/Medial
GTCAAGTAGATTAGCA-1,1,LHb,LHb,si,b5-lhb-m10_3,Oval/Medial
GTCAAGTCAGAACGCA-1,13,LHb,LHb,si,b5-lhb-m10_3,Oval/Medial
GTCAAGTTCTCCGCAT-1,0,LHb,LHb,si,b5-lhb-m10_3,Oval/Medial
GTCACGGCAAGGTCGA-1,1,LHb,LHb,si,b5-lhb-m10_3,Oval/Medial
GTCACGGCACACGGTC-1,2,LHb,LHb,si,b5-lhb-m10_3,Marginal
GTCACGGGTGCTGATT-1,4,LHb,LHb,si,b5-lhb-m10_3,Hbx
GTCACGGTCGAACACT-1,1,LHb,LHb,si,b5-lhb-m10_3,Oval/Medial
GTCACTCAGCAAGTCG-1,0,LHb,LHb,si,b5-lhb-m10_3,Hbx
GTCACTCCAAGATCCT-1,1,LHb,LHb,si,b5-lhb-m10_3,Oval/Medial
GTCACTCGTCATAGTC-1,0,LHb,LHb,si,b5-lhb-m10_3,Oval/Medial
GTCATCCAGCAAATGT-1,13,LHb,LHb,si,b5-lhb-m10_3,Oval/Medial
GTCATCCGTCCAGAAG-1,1,LHb,LHb,si,b5-lhb-m10_3,Oval/Medial
GTCATCCTCGGTGAAG-1,4,LHb,LHb,si,b5-lhb-m10_3,Hbx
GTCATGACATGAAAGT-1,1,LHb,LHb,si,b5-lhb-m10_3,Lateral
GTCATTTAGGACGCTA-1,1,LHb,LHb,si,b5-lhb-m10_3,Oval/Medial
GTCATTTAGTGCACCC-1,0,LHb,LHb,si,b5-lhb-m10_3,Oval/Medial
GTCATTTGTACGCGTC-1,1,LHb,LHb,si,b5-lhb-m10_3,Oval/Medial
GTCCACTAGTATGGCG-1,0,LHb,LHb,si,b5-lhb-m10_3,Hbx
GTCCCATAGGCAGTCA-1,1,LHb,LHb,si,b5-lhb-m10_3,Oval/Medial
GTCCCATAGGGAACAA-1,1,LHb,LHb,si,b5-lhb-m10_3,Oval/Medial
GTCCTCAAGGCGTTGA-1,1,LHb,LHb,si,b5-lhb-m10_3,Lateral
GTCCTCACACTACCGG-1,4,LHb,LHb,si,b5-lhb-m10_3,Marginal
GTCCTCAGTGGTTTGT-1,4,LHb,LHb,si,b5-lhb-m10_3,Oval/Medial
GTCCTCATCCGTGTAA-1-1,1,LHb,LHb,si,b5-lhb-m10_3,Oval/Medial
GTCGAATAGAGACAAG-1,1,LHb,LHb,si,b5-lhb-m10_3,Oval/Medial
GTCGAATCACTTACAG-1,1,LHb,LHb,si,b5-lhb-m10_3,Oval/Medial
GTCGAATCATGACTCA-1,1,LHb,LHb,si,b5-lhb-m10_3,Oval/Medial
GTCGAATGTCCAGCGT-1,1,LHb,LHb,si,b5-lhb-m10_3,Lateral
GTCGAATTCGCGTTTC-1,1,LHb,LHb,si,b5-lhb-m10_3,Oval/Medial
GTCGCGAAGGACATCG-1,1,LHb,LHb,si,b5-lhb-m10_3,Oval/Medial
GTCGCGAAGGTAGTAT-1,1,LHb,LHb,si,b5-lhb-m10_3,Oval/Medial
GTCGCGAGTCCCTAAA-1,1,LHb,LHb,si,b5-lhb-m10_3,Oval/Medial
GTCGTTCAGATAGCTA-1,1,LHb,LHb,si,b5-lhb-m10_3,Oval/Medial
GTCGTTCCATTCCTAT-1,1,LHb,LHb,si,b5-lhb-m10_3,Oval/Medial
GTCGTTCGTCTACTGA-1,1,LHb,LHb,si,b5-lhb-m10_3,Oval/Medial
GTCTACCCAATGGGTG-1,0,LHb,LHb,si,b5-lhb-m10_3,Oval/Medial
GTCTACCTCGTAACAC-1,0,LHb,LHb,si,b5-lhb-m10_3,Oval/Medial
GTCTACCTCTTGGATG-1-1,1,LHb,LHb,si,b5-lhb-m10_3,Oval/Medial
GTCTAGAAGCTTCTAG-1,0,LHb,LHb,si,b5-lhb-m10_3,Oval/Medial
GTCTAGACACTCTCGT-1,1,LHb,LHb,si,b5-lhb-m10_3,Oval/Medial
GTCTCACAGACCACGA-1,1,LHb,LHb,si,b5-lhb-m10_3,Oval/Medial
GTCTCACCAGCAGATG-1,1,LHb,LHb,si,b5-lhb-m10_3,Oval/Medial
GTCTGTCTCAACTGAC-1,1,LHb,LHb,si,b5-lhb-m10_3,Oval/Medial
GTCTTTACACTCATAG-1,1,LHb,LHb,si,b5-lhb-m10_3,Oval/Medial
GTCTTTATCGCCACTT-1,1,LHb,LHb,si,b5-lhb-m10_3,Oval/Medial
GTGACGCCACATGAAA-1,1,LHb,LHb,si,b5-lhb-m10_3,Oval/Medial
GTGACGCCACTATCCC-1,1,LHb,LHb,si,b5-lhb-m10_3,Oval/Medial
GTGACGCCAGATTTCG-1,1,LHb,LHb,si,b5-lhb-m10_3,Oval/Medial
GTGAGCCAGGCGAACT-1,1,LHb,LHb,si,b5-lhb-m10_3,Oval/Medial
GTGAGCCTCAAATGCC-1,1,LHb,LHb,si,b5-lhb-m10_3,Oval/Medial
GTGAGCCTCGCCGATG-1,1,LHb,LHb,si,b5-lhb-m10_3,Oval/Medial
GTGAGGAAGTATAGGT-1,4,LHb,LHb,si,b5-lhb-m10_3,Oval/Medial
GTGAGGACATGGGAAC-1,1,LHb,LHb,si,b5-lhb-m10_3,Oval/Medial
GTGAGTTTCCCTATTA-1,1,LHb,LHb,si,b5-lhb-m10_3,Oval/Medial
GTGCACGGTACTCGAT-1,1,LHb,LHb,si,b5-lhb-m10_3,Oval/Medial
GTGCACGTCTCGTCAC-1,1,LHb,LHb,si,b5-lhb-m10_3,Oval/Medial
GTGCAGCCACACCTGG-1,1,LHb,LHb,si,b5-lhb-m10_3,Oval/Medial
GTGCAGCGTGAGTGAC-1,1,LHb,LHb,si,b5-lhb-m10_3,Oval/Medial
GTGCAGCTCATATGGC-1,13,LHb,LHb,si,b5-lhb-m10_3,Oval/Medial
GTGCAGCTCTCGACCT-1,0,LHb,LHb,si,b5-lhb-m10_3,Oval/Medial
GTGCGTGCAACACAAA-1,1,LHb,LHb,si,b5-lhb-m10_3,Oval/Medial
GTGCGTGCACTAACCA-1,1,LHb,LHb,si,b5-lhb-m10_3,Oval/Medial
GTGCGTGCAGAGATTA-1,1,LHb,LHb,si,b5-lhb-m10_3,Oval/Medial
GTGCTGGGTTACACAC-1,4,LHb,LHb,si,b5-lhb-m10_3,Oval/Medial
GTGCTGGTCCGTGGGT-1,1,LHb,LHb,si,b5-lhb-m10_3,Oval/Medial
GTGCTGGTCGGACTGC-1,1,LHb,LHb,si,b5-lhb-m10_3,Oval/Medial
GTGCTTCAGAATGTTG-1,1,LHb,LHb,si,b5-lhb-m10_3,Oval/Medial
GTGCTTCGTTTACACG-1,1,LHb,LHb,si,b5-lhb-m10_3,Oval/Medial
GTGGAAGCATACATCG-1,1,LHb,LHb,si,b5-lhb-m10_3,Hbx
GTGGAAGGTTCGTGCG-1,1,LHb,LHb,si,b5-lhb-m10_3,Oval/Medial
GTGGAAGTCCAGCCTT-1,9,LHb,LHb,si,b5-lhb-m10_3,Marginal
GTGGAGACAACTTCTT-1,1,LHb,LHb,si,b5-lhb-m10_3,Oval/Medial
GTGGAGAGTATGTCAC-1,1,LHb,LHb,si,b5-lhb-m10_3,Oval/Medial
GTGGCGTAGAGTGTGC-1,1,LHb,LHb,si,b5-lhb-m10_3,Oval/Medial
GTGGCGTCATCATTTC-1,4,LHb,LHb,si,b5-lhb-m10_3,Oval/Medial
GTGGCGTGTGGTACAG-1,13,LHb,LHb,si,b5-lhb-m10_3,Oval/Medial
GTGGCGTTCTCTTGCG-1,1,LHb,LHb,si,b5-lhb-m10_3,Oval/Medial
GTGGGAAAGAATAGTC-1,1,LHb,LHb,si,b5-lhb-m10_3,Oval/Medial
GTGGGAATCATTATCC-1,1,LHb,LHb,si,b5-lhb-m10_3,Oval/Medial
GTGGTTAAGGATTTGA-1,4,LHb,LHb,si,b5-lhb-m10_3,Oval/Medial
GTGGTTACAAATCAAG-1,1,LHb,LHb,si,b5-lhb-m10_3,Oval/Medial
GTGTCCTCAAGTGGTG-1,1,LHb,LHb,si,b5-lhb-m10_3,Oval/Medial
GTGTCCTGTGTCCAAT-1-1,1,LHb,LHb,si,b5-lhb-m10_3,Oval/Medial
GTGTCCTGTTGTCAGT-1,1,LHb,LHb,si,b5-lhb-m10_3,Oval/Medial
GTGTGATAGACTCTTG-1,1,LHb,LHb,si,b5-lhb-m10_3,Oval/Medial
GTGTGATCAGAAACCG-1,0,LHb,LHb,si,b5-lhb-m10_3,Oval/Medial
GTGTGATGTAAGGTCG-1,0,LHb,LHb,si,b5-lhb-m10_3,Oval/Medial
GTGTGATTCCTCCACA-1,0,LHb,LHb,si,b5-lhb-m10_3,Oval/Medial
GTGTGGCAGGTTGGTG-1,0,LHb,LHb,si,b5-lhb-m10_3,Oval/Medial
GTGTGGCTCGCCAGAC-1,1,LHb,LHb,si,b5-lhb-m10_3,Oval/Medial
GTGTTAGTCTATCGCC-1,1,LHb,LHb,si,b5-lhb-m10_3,Oval/Medial
GTGTTCCAGTGCCAGA-1,1,LHb,LHb,si,b5-lhb-m10_3,Oval/Medial
GTGTTCCTCCCAGCGA-1,1,LHb,LHb,si,b5-lhb-m10_3,Oval/Medial
GTTACAGCAGCACAGA-1,1,LHb,LHb,si,b5-lhb-m10_3,Oval/Medial
GTTACAGCATGGCACC-1,1,LHb,LHb,si,b5-lhb-m10_3,Oval/Medial
GTTACAGTCAACCTTT-1,1,LHb,LHb,si,b5-lhb-m10_3,Oval/Medial
GTTACAGTCCTTGACC-1,0,LHb,LHb,si,b5-lhb-m10_3,Oval/Medial
GTTACAGTCGCTGACG-1,1,LHb,LHb,si,b5-lhb-m10_3,Oval/Medial
GTTACCCGTAGGACCA-1,1,LHb,LHb,si,b5-lhb-m10_3,Oval/Medial
GTTACGACAAGGTACG-1,1,LHb,LHb,si,b5-lhb-m10_3,Oval/Medial
GTTACGACAGAACTTC-1,1,LHb,LHb,si,b5-lhb-m10_3,Oval/Medial
GTTACGAGTCTCAGAT-1,1,LHb,LHb,si,b5-lhb-m10_3,Oval/Medial
GTTAGACAGGCCCACT-1,1,LHb,LHb,si,b5-lhb-m10_3,Oval/Medial
GTTAGACGTGGGCTCT-1,2,LHb,LHb,si,b5-lhb-m10_3,Marginal
GTTAGACTCGGATAAA-1,1,LHb,LHb,si,b5-lhb-m10_3,Oval/Medial
GTTAGTGAGAATCGTA-1,1,LHb,LHb,si,b5-lhb-m10_3,Oval/Medial
GTTAGTGAGTGAATAC-1,1,LHb,LHb,si,b5-lhb-m10_3,Oval/Medial
GTTATGGAGACTCTAC-1,1,LHb,LHb,si,b5-lhb-m10_3,Oval/Medial
GTTATGGGTACAAGCG-1,1,LHb,LHb,si,b5-lhb-m10_3,Oval/Medial
GTTCATTAGGTATAGT-1,1,LHb,LHb,si,b5-lhb-m10_3,Oval/Medial
GTTCATTCAACATACC-1,0,LHb,LHb,si,b5-lhb-m10_3,Oval/Medial
GTTCATTCAATTAGGA-1,1,LHb,LHb,si,b5-lhb-m10_3,Oval/Medial
GTTCATTTCCTATTGT-1,1,LHb,LHb,si,b5-lhb-m10_3,Oval/Medial
GTTCATTTCGGCATTA-1,9,LHb,LHb,si,b5-lhb-m10_3,Marginal
GTTCATTTCTCTTGCG-1,1,LHb,LHb,si,b5-lhb-m10_3,Oval/Medial
GTTCGCTGTAGATCCT-1,2,LHb,LHb,si,b5-lhb-m10_3,Marginal
GTTCGCTGTAGATTAG-1,9,LHb,LHb,si,b5-lhb-m10_3,Oval/Medial
GTTCGCTGTGCAGGAT-1,1,LHb,LHb,si,b5-lhb-m10_3,Oval/Medial
GTTCGCTTCGCCTCTA-1,9,LHb,LHb,si,b5-lhb-m10_3,Oval/Medial
GTTCGCTTCGTTCCCA-1,1,LHb,LHb,si,b5-lhb-m10_3,Oval/Medial
GTTCTATAGCCTATTG-1,1,LHb,LHb,si,b5-lhb-m10_3,Oval/Medial
GTTCTATCAGTGCCTG-1,1,LHb,LHb,si,b5-lhb-m10_3,Lateral
GTTCTATGTCGATTAC-1,1,LHb,LHb,si,b5-lhb-m10_3,Oval/Medial
GTTGAACAGACGCTCC-1,1,LHb,LHb,si,b5-lhb-m10_3,Oval/Medial
GTTGAACCACTTGGGC-1,1,LHb,LHb,si,b5-lhb-m10_3,Oval/Medial
GTTGAACTCTCCCATG-1,1,LHb,LHb,si,b5-lhb-m10_3,Oval/Medial
GTTGCGGGTTCGCGTG-1,1,LHb,LHb,si,b5-lhb-m10_3,Oval/Medial
GTTGCGGTCACCTCAC-1,1,LHb,LHb,si,b5-lhb-m10_3,Oval/Medial
GTTGCGGTCGAGCCAC-1,1,LHb,LHb,si,b5-lhb-m10_3,Oval/Medial
GTTGCTCAGGAGGGTG-1,4,LHb,LHb,si,b5-lhb-m10_3,Hbx
GTTGCTCCACGTCGGT-1,9,LHb,LHb,si,b5-lhb-m10_3,Oval/Medial
GTTGTCCGTAACGATA-1,4,LHb,LHb,si,b5-lhb-m10_3,Oval/Medial
GTTGTCCTCGTCGATA-1,1,LHb,LHb,si,b5-lhb-m10_3,Oval/Medial
GTTGTGAAGAGGGCGA-1,1,LHb,LHb,si,b5-lhb-m10_3,Hbx
GTTGTGAGTCAAGGCA-1,1,LHb,LHb,si,b5-lhb-m10_3,Oval/Medial
GTTGTGATCACCTCTG-1,9,LHb,LHb,si,b5-lhb-m10_3,Oval/Medial
GTTGTGATCGACACCG-1,1,LHb,LHb,si,b5-lhb-m10_3,Oval/Medial
GTTTACTAGTTCCGTA-1,0,LHb,LHb,si,b5-lhb-m10_3,Oval/Medial
GTTTACTTCCAAGCAT-1,9,LHb,LHb,si,b5-lhb-m10_3,Marginal
GTTTGGACAGACCAGA-1,1,LHb,LHb,si,b5-lhb-m10_3,Oval/Medial
TAACACGAGGCATTTC-1,1,LHb,LHb,si,b5-lhb-m10_3,Oval/Medial
TAACACGGTGGTCCGT-1,1,LHb,LHb,si,b5-lhb-m10_3,Oval/Medial
TAACCAGCAGCGTTTA-1,0,LHb,LHb,si,b5-lhb-m10_3,Oval/Medial
TAACCAGCAGGTAGTG-1,1,LHb,LHb,si,b5-lhb-m10_3,Oval/Medial
TAACCAGGTGTACGCC-1,2,LHb,LHb,si,b5-lhb-m10_3,Marginal
TAACCAGTCAAGCCAT-1,1,LHb,LHb,si,b5-lhb-m10_3,Hbx
TAACCAGTCCTTCTAA-1,1,LHb,LHb,si,b5-lhb-m10_3,Oval/Medial
TAACGACAGATGAACT-1,1,LHb,LHb,si,b5-lhb-m10_3,Oval/Medial
TAACGACGTAATGTGA-1,4,LHb,LHb,si,b5-lhb-m10_3,Hbx
TAACGACTCGAAGTGG-1,9,LHb,LHb,si,b5-lhb-m10_3,Oval/Medial
TAACGACTCGATGCTA-1,1,LHb,LHb,si,b5-lhb-m10_3,Oval/Medial
TAACTTCAGGCGCTTC-1,1,LHb,LHb,si,b5-lhb-m10_3,Oval/Medial
TAACTTCTCACCCATC-1,1,LHb,LHb,si,b5-lhb-m10_3,Oval/Medial
TAAGCACCAGTCAGAG-1,1,LHb,LHb,si,b5-lhb-m10_3,Oval/Medial
TAAGCACGTCACAGTT-1,1,LHb,LHb,si,b5-lhb-m10_3,Oval/Medial
TAAGCCAAGGAGAATG-1,1,LHb,LHb,si,b5-lhb-m10_3,Oval/Medial
TAAGCCACAATGACCT-1,4,LHb,LHb,si,b5-lhb-m10_3,Marginal
TAAGCCAGTCCTTAAG-1,1,LHb,LHb,si,b5-lhb-m10_3,Lateral
TAAGCGTGTTAATCGC-1,1,LHb,LHb,si,b5-lhb-m10_3,Oval/Medial
TAAGCGTTCCGTAGTA-1,1,LHb,LHb,si,b5-lhb-m10_3,Oval/Medial
TAAGTCGGTCATCGGC-1,1,LHb,LHb,si,b5-lhb-m10_3,Oval/Medial
TAATCTCCAGACCAAG-1,1,LHb,LHb,si,b5-lhb-m10_3,Oval/Medial
TAATCTCCAGACCTGC-1,0,LHb,LHb,si,b5-lhb-m10_3,Oval/Medial
TAATCTCTCCGATCTC-1-1,1,LHb,LHb,si,b5-lhb-m10_3,Oval/Medial
TAATCTCTCCTCACGT-1,1,LHb,LHb,si,b5-lhb-m10_3,Oval/Medial
TAATTCCAGGGACCAT-1,1,LHb,LHb,si,b5-lhb-m10_3,Oval/Medial
TACAACGAGTCACGCC-1,1,LHb,LHb,si,b5-lhb-m10_3,Oval/Medial
TACAACGGTACGAGTG-1,1,LHb,LHb,si,b5-lhb-m10_3,Oval/Medial
TACAACGGTCACCCTT-1,9,LHb,LHb,si,b5-lhb-m10_3,Marginal
TACAGGTAGAAGGGAT-1,1,LHb,LHb,si,b5-lhb-m10_3,Oval/Medial
TACAGGTAGACAACTA-1,1,LHb,LHb,si,b5-lhb-m10_3,Oval/Medial
TACAGGTAGAGATTCA-1,4,LHb,LHb,si,b5-lhb-m10_3,Hbx
TACAGGTCAGAGCGTA-1,1,LHb,LHb,si,b5-lhb-m10_3,Oval/Medial
TACAGGTTCAATCTCT-1,1,LHb,LHb,si,b5-lhb-m10_3,Oval/Medial
TACAGGTTCATGACAC-1,1,LHb,LHb,si,b5-lhb-m10_3,Oval/Medial
TACCCACAGAAGGATG-1,1,LHb,LHb,si,b5-lhb-m10_3,Oval/Medial
TACCCACCAAACCACT-1,1,LHb,LHb,si,b5-lhb-m10_3,Hbx
TACCCACCAAGGCTTT-1,1,LHb,LHb,si,b5-lhb-m10_3,Oval/Medial
TACCCACCAATCGCAT-1,1,LHb,LHb,si,b5-lhb-m10_3,Oval/Medial
TACCCACTCCGCTTAC-1,1,LHb,LHb,si,b5-lhb-m10_3,Oval/Medial
TACCCACTCGCTCCTA-1,1,LHb,LHb,si,b5-lhb-m10_3,Oval/Medial
TACCCGTCAAGACAAT-1,0,LHb,LHb,si,b5-lhb-m10_3,Oval/Medial
TACCCGTCACTTCCTG-1,1,LHb,LHb,si,b5-lhb-m10_3,Hbx
TACCCGTGTGCGTGCT-1,1,LHb,LHb,si,b5-lhb-m10_3,Oval/Medial
TACCGAACACCAGCTG-1,1,LHb,LHb,si,b5-lhb-m10_3,Oval/Medial
TACCGGGCACTTGACA-1-1,1,LHb,LHb,si,b5-lhb-m10_3,Oval/Medial
TACCGGGTCCTCTCTT-1,1,LHb,LHb,si,b5-lhb-m10_3,Oval/Medial
TACCTCGAGACATCCT-1,1,LHb,LHb,si,b5-lhb-m10_3,Oval/Medial
TACCTCGCACCCAACG-1,1,LHb,LHb,si,b5-lhb-m10_3,Oval/Medial
TACCTCGTCGAACCAT-1,1,LHb,LHb,si,b5-lhb-m10_3,Oval/Medial
TACCTCGTCTATACTC-1,0,LHb,LHb,si,b5-lhb-m10_3,Hbx
TACCTGCAGCATAGGC-1,1,LHb,LHb,si,b5-lhb-m10_3,Oval/Medial
TACGCTCCAGAGTCTT-1,1,LHb,LHb,si,b5-lhb-m10_3,Oval/Medial
TACGCTCTCCCTCGAT-1,1,LHb,LHb,si,b5-lhb-m10_3,Oval/Medial
TACGGGCGTTTCGCTC-1,1,LHb,LHb,si,b5-lhb-m10_3,Oval/Medial
TACGGGCTCAACTGGT-1,1,LHb,LHb,si,b5-lhb-m10_3,Lateral
TACGGGCTCTCAGAAC-1,1,LHb,LHb,si,b5-lhb-m10_3,Oval/Medial
TACGGTAAGCTGTTAC-1,2,LHb,LHb,si,b5-lhb-m10_3,Oval/Medial
TACGGTACAAGGGTCA-1,2,LHb,LHb,si,b5-lhb-m10_3,Oval/Medial
TACGGTAGTAATCAAG-1,0,LHb,LHb,si,b5-lhb-m10_3,Oval/Medial
TACGGTATCAAGAATG-1,4,LHb,LHb,si,b5-lhb-m10_3,Hbx
TACGTCCAGCGTGTTT-1,1,LHb,LHb,si,b5-lhb-m10_3,Oval/Medial
TACGTCCAGGGAGGAC-1,1,LHb,LHb,si,b5-lhb-m10_3,Oval/Medial
TACGTCCCAACACGTT-1,1,LHb,LHb,si,b5-lhb-m10_3,Oval/Medial
TACGTCCTCTATCGTT-1,1,LHb,LHb,si,b5-lhb-m10_3,Oval/Medial
TACTGCCAGCACTCTA-1,1,LHb,LHb,si,b5-lhb-m10_3,Oval/Medial
TACTGCCAGGTTGAGC-1-1,1,LHb,LHb,si,b5-lhb-m10_3,Oval/Medial
TACTGCCCAATTCTCT-1,0,LHb,LHb,si,b5-lhb-m10_3,Oval/Medial
TACTGCCGTTGGCCTG-1,2,LHb,LHb,si,b5-lhb-m10_3,Marginal
TACTGCCTCTTGCGCT-1,1,LHb,LHb,si,b5-lhb-m10_3,Oval/Medial
TACTTACAGGTTCACT-1,1,LHb,LHb,si,b5-lhb-m10_3,Oval/Medial
TACTTACCAGTCGCTG-1,0,LHb,LHb,si,b5-lhb-m10_3,Lateral
TACTTACGTCAGGTAG-1,1,LHb,LHb,si,b5-lhb-m10_3,Oval/Medial
TACTTCAAGCTGACTT-1,1,LHb,LHb,si,b5-lhb-m10_3,Oval/Medial
TACTTCACAAGGCTTT-1,1,LHb,LHb,si,b5-lhb-m10_3,Oval/Medial
TACTTCATCATTTCGT-1,0,LHb,LHb,si,b5-lhb-m10_3,Oval/Medial
TACTTCATCCGTGTCT-1,1,LHb,LHb,si,b5-lhb-m10_3,Oval/Medial
TACTTCATCCTGGGTG-1,9,LHb,LHb,si,b5-lhb-m10_3,Oval/Medial
TACTTGTAGGTTCTTG-1,1,LHb,LHb,si,b5-lhb-m10_3,Oval/Medial
TACTTGTTCACCGCTT-1-1,1,LHb,LHb,si,b5-lhb-m10_3,Oval/Medial
TACTTGTTCTCTGCTG-1,1,LHb,LHb,si,b5-lhb-m10_3,Oval/Medial
TAGACCAAGACCATTC-1,1,LHb,LHb,si,b5-lhb-m10_3,Oval/Medial
TAGACCAAGAGAGTGA-1,2,LHb,LHb,si,b5-lhb-m10_3,Hbx
TAGACTGCATGACTTG-1,1,LHb,LHb,si,b5-lhb-m10_3,Oval/Medial
TAGACTGGTAATACCC-1,1,LHb,LHb,si,b5-lhb-m10_3,Lateral
TAGATCGCAATAACCC-1,1,LHb,LHb,si,b5-lhb-m10_3,Oval/Medial
TAGATCGCAGCGCTTG-1,1,LHb,LHb,si,b5-lhb-m10_3,Oval/Medial
TAGCACAAGTCGGGAT-1,1,LHb,LHb,si,b5-lhb-m10_3,Oval/Medial
TAGCACATCTCCGCAT-1,1,LHb,LHb,si,b5-lhb-m10_3,Oval/Medial
TAGGAGGCAATGTTGC-1,1,LHb,LHb,si,b5-lhb-m10_3,Oval/Medial
TAGGAGGTCACTTCTA-1,1,LHb,LHb,si,b5-lhb-m10_3,Lateral
TAGGAGGTCCTCGCAT-1,1,LHb,LHb,si,b5-lhb-m10_3,Oval/Medial
TAGGGTTGTCTCCTGT-1,1,LHb,LHb,si,b5-lhb-m10_3,Hbx
TAGGGTTTCCCGGTAG-1,0,LHb,LHb,si,b5-lhb-m10_3,Oval/Medial
TAGGTACAGAAACTGT-1,1,LHb,LHb,si,b5-lhb-m10_3,Lateral
TAGGTACCAATTGAAG-1,1,LHb,LHb,si,b5-lhb-m10_3,Oval/Medial
TAGGTTGAGAAGGTAG-1,1,LHb,LHb,si,b5-lhb-m10_3,Oval/Medial
TAGGTTGGTAGCTGTT-1,1,LHb,LHb,si,b5-lhb-m10_3,Oval/Medial
TAGGTTGGTCCTGGTG-1,1,LHb,LHb,si,b5-lhb-m10_3,Oval/Medial
TAGGTTGTCACTTTGT-1,0,LHb,LHb,si,b5-lhb-m10_3,Oval/Medial
TAGGTTGTCTATCACT-1,0,LHb,LHb,si,b5-lhb-m10_3,Lateral
TAGTGCACACAGCCTG-1,1,LHb,LHb,si,b5-lhb-m10_3,Oval/Medial
TAGTGCAGTTGCAACT-1,1,LHb,LHb,si,b5-lhb-m10_3,Oval/Medial
TATACCTAGCGCCGTT-1,1,LHb,LHb,si,b5-lhb-m10_3,Oval/Medial
TATACCTAGCTGGCTC-1,13,LHb,LHb,si,b5-lhb-m10_3,Hbx
TATACCTCACTCTCGT-1,1,LHb,LHb,si,b5-lhb-m10_3,Oval/Medial
TATACCTGTAGTTACC-1,13,LHb,LHb,si,b5-lhb-m10_3,Oval/Medial
TATACCTGTTGGGTTT-1,1,LHb,LHb,si,b5-lhb-m10_3,Oval/Medial
TATACCTGTTTGGAGG-1,1,LHb,LHb,si,b5-lhb-m10_3,Oval/Medial
TATACCTTCACGGGCT-1,1,LHb,LHb,si,b5-lhb-m10_3,Oval/Medial
TATATCCAGGTGCCTC-1,0,LHb,LHb,si,b5-lhb-m10_3,Oval/Medial
TATATCCTCGGCTGAC-1,1,LHb,LHb,si,b5-lhb-m10_3,Oval/Medial
TATCAGGTCATGCCCT-1,1,LHb,LHb,si,b5-lhb-m10_3,Lateral
TATCAGGTCCACTTTA-1,1,LHb,LHb,si,b5-lhb-m10_3,Oval/Medial
TATCCTAAGCTCAGAG-1,1,LHb,LHb,si,b5-lhb-m10_3,Oval/Medial
TATCGCCCAATCGCGC-1,1,LHb,LHb,si,b5-lhb-m10_3,Hbx
TATCGCCTCGTTATCT-1,1,LHb,LHb,si,b5-lhb-m10_3,Oval/Medial
TATCTGTCATAACAGA-1,1,LHb,LHb,si,b5-lhb-m10_3,Oval/Medial
TATCTGTTCGCACTCT-1,1,LHb,LHb,si,b5-lhb-m10_3,Oval/Medial
TATCTGTTCTGCCTCA-1,1,LHb,LHb,si,b5-lhb-m10_3,Oval/Medial
TATCTTGCAATGACCT-1,1,LHb,LHb,si,b5-lhb-m10_3,Oval/Medial
TATGTTCTCGGTAGAG-1,0,LHb,LHb,si,b5-lhb-m10_3,Oval/Medial
TATTCCAGTGGACCAA-1,9,LHb,LHb,si,b5-lhb-m10_3,Marginal
TATTCCAGTTATCTTC-1,1,LHb,LHb,si,b5-lhb-m10_3,Lateral
TATTCCAGTTCCTACC-1,1,LHb,LHb,si,b5-lhb-m10_3,Oval/Medial
TATTCCATCACACCGG-1,1,LHb,LHb,si,b5-lhb-m10_3,Oval/Medial
TATTCCATCTTAGCCC-1,1,LHb,LHb,si,b5-lhb-m10_3,Oval/Medial
TATTGCTCAGGCGAAT-1,1,LHb,LHb,si,b5-lhb-m10_3,Oval/Medial
TATTGCTGTAGTATAG-1,1,LHb,LHb,si,b5-lhb-m10_3,Oval/Medial
TATTGCTGTTCCCAAA-1,9,LHb,LHb,si,b5-lhb-m10_3,Oval/Medial
TATTGCTTCCTCTCGA-1,1,LHb,LHb,si,b5-lhb-m10_3,Oval/Medial
TATTGCTTCGCCTTTG-1,1,LHb,LHb,si,b5-lhb-m10_3,Oval/Medial
TATTGCTTCGCTTACC-1,1,LHb,LHb,si,b5-lhb-m10_3,Oval/Medial
TATTGGGAGTAAACTG-1,1,LHb,LHb,si,b5-lhb-m10_3,Oval/Medial
TATTGGGGTACTTCCC-1,1,LHb,LHb,si,b5-lhb-m10_3,Lateral
TATTTCGGTATGTCCA-1,1,LHb,LHb,si,b5-lhb-m10_3,Oval/Medial
TATTTCGGTGGCGTAA-1,2,LHb,LHb,si,b5-lhb-m10_3,Marginal
TATTTCGGTGGTTTGT-1,1,LHb,LHb,si,b5-lhb-m10_3,Oval/Medial
TCAAGACTCGGTCACG-1,1,LHb,LHb,si,b5-lhb-m10_3,Oval/Medial
TCAAGCAAGGTTATAG-1,1,LHb,LHb,si,b5-lhb-m10_3,Oval/Medial
TCAAGCACAGGACGAT-1,1,LHb,LHb,si,b5-lhb-m10_3,Oval/Medial
TCAAGCAGTGTATTGC-1,13,LHb,LHb,si,b5-lhb-m10_3,Hbx
TCAAGTGAGGATTTGA-1,1,LHb,LHb,si,b5-lhb-m10_3,Oval/Medial
TCAAGTGCAACACACT-1,1,LHb,LHb,si,b5-lhb-m10_3,Oval/Medial
TCAAGTGGTTCTCAGA-1,1,LHb,LHb,si,b5-lhb-m10_3,Oval/Medial
TCAAGTGTCCGTAGTA-1,1,LHb,LHb,si,b5-lhb-m10_3,Oval/Medial
TCAAGTGTCGTCCATC-1,1,LHb,LHb,si,b5-lhb-m10_3,Oval/Medial
TCAAGTGTCGTGCATA-1,9,LHb,LHb,si,b5-lhb-m10_3,Marginal
TCAAGTGTCTAATTCC-1,1,LHb,LHb,si,b5-lhb-m10_3,Oval/Medial
TCAATCTAGGGCAGAG-1,13,LHb,LHb,si,b5-lhb-m10_3,Oval/Medial
TCAATCTGTACCATAC-1,1,LHb,LHb,si,b5-lhb-m10_3,Oval/Medial
TCAATCTGTATCCTTT-1,1,LHb,LHb,si,b5-lhb-m10_3,Oval/Medial
TCAATTCAGAGGGTAA-1,1,LHb,LHb,si,b5-lhb-m10_3,Oval/Medial
TCAATTCAGGCCTGAA-1,1,LHb,LHb,si,b5-lhb-m10_3,Oval/Medial
TCACAAGCAGAGTGTG-1,1,LHb,LHb,si,b5-lhb-m10_3,Oval/Medial
TCACAAGCATGGGTCC-1,0,LHb,LHb,si,b5-lhb-m10_3,Oval/Medial
TCACACCGTGGTCTGC-1,1,LHb,LHb,si,b5-lhb-m10_3,Oval/Medial
TCACACCGTTCGGTTA-1,1,LHb,LHb,si,b5-lhb-m10_3,Oval/Medial
TCACATTCACAGTATC-1,1,LHb,LHb,si,b5-lhb-m10_3,Oval/Medial
TCACATTTCCTGGTCT-1,1,LHb,LHb,si,b5-lhb-m10_3,Oval/Medial
TCACATTTCGCCTTGT-1,1,LHb,LHb,si,b5-lhb-m10_3,Oval/Medial
TCACATTTCGTGGCGT-1,1,LHb,LHb,si,b5-lhb-m10_3,Oval/Medial
TCACGCTAGCATTGAA-1,1,LHb,LHb,si,b5-lhb-m10_3,Oval/Medial
TCACGCTAGTATGAAC-1,1,LHb,LHb,si,b5-lhb-m10_3,Oval/Medial
TCACGCTCACGCTGCA-1,1,LHb,LHb,si,b5-lhb-m10_3,Oval/Medial
TCACGCTGTGATTGGG-1,4,LHb,LHb,si,b5-lhb-m10_3,Marginal
TCACGGGAGTGCCCGT-1,1,LHb,LHb,si,b5-lhb-m10_3,Oval/Medial
TCACGGGCAATCGCGC-1,1,LHb,LHb,si,b5-lhb-m10_3,Oval/Medial
TCACGGGGTGCAGTGA-1,1,LHb,LHb,si,b5-lhb-m10_3,Oval/Medial
TCACTATAGACGACTG-1,1,LHb,LHb,si,b5-lhb-m10_3,Oval/Medial
TCACTATAGCGACTAG-1,1,LHb,LHb,si,b5-lhb-m10_3,Oval/Medial
TCACTATAGGGCTTCC-1,1,LHb,LHb,si,b5-lhb-m10_3,Oval/Medial
TCACTATCAGGTGTTT-1,1,LHb,LHb,si,b5-lhb-m10_3,Oval/Medial
TCACTATGTACTGTTG-1,0,LHb,LHb,si,b5-lhb-m10_3,Oval/Medial
TCACTATGTGAATTGA-1,0,LHb,LHb,si,b5-lhb-m10_3,Hbx
TCACTATTCATCTCTA-1,0,LHb,LHb,si,b5-lhb-m10_3,Oval/Medial
TCACTATTCTCGGGAC-1,1,LHb,LHb,si,b5-lhb-m10_3,Oval/Medial
TCACTCGAGTAGTGCG-1,1,LHb,LHb,si,b5-lhb-m10_3,Oval/Medial
TCACTCGAGTGACCTT-1,1,LHb,LHb,si,b5-lhb-m10_3,Oval/Medial
TCACTCGCAACAGAGC-1,1,LHb,LHb,si,b5-lhb-m10_3,Oval/Medial
TCACTCGCACACGCCA-1,0,LHb,LHb,si,b5-lhb-m10_3,Oval/Medial
TCACTCGCATCTTCGC-1,1,LHb,LHb,si,b5-lhb-m10_3,Oval/Medial
TCAGCAAAGATGTTAG-1,0,LHb,LHb,si,b5-lhb-m10_3,Oval/Medial
TCAGCAACATTCTGTT-1,1,LHb,LHb,si,b5-lhb-m10_3,Oval/Medial
TCAGCAAGTGCGTCGT-1,4,LHb,LHb,si,b5-lhb-m10_3,Marginal
TCAGCCTAGCGTTCCG-1,1,LHb,LHb,si,b5-lhb-m10_3,Oval/Medial
TCAGCCTAGTAAGGGA-1,13,LHb,LHb,si,b5-lhb-m10_3,Oval/Medial
TCAGCCTCAGTGACCC-1,1,LHb,LHb,si,b5-lhb-m10_3,Oval/Medial
TCAGCCTGTTGGTGTT-1,1,LHb,LHb,si,b5-lhb-m10_3,Oval/Medial
TCAGCCTTCCTACGGG-1,0,LHb,LHb,si,b5-lhb-m10_3,Oval/Medial
TCAGGGCCAACGGCTC-1,13,LHb,LHb,si,b5-lhb-m10_3,Oval/Medial
TCAGGGCGTAGCGATG-1,1,LHb,LHb,si,b5-lhb-m10_3,Oval/Medial
TCAGGGCTCATGAGGG-1,0,LHb,LHb,si,b5-lhb-m10_3,Marginal
TCAGGTAAGCTGACTT-1,1,LHb,LHb,si,b5-lhb-m10_3,Oval/Medial
TCAGGTACACGGAAGT-1,1,LHb,LHb,si,b5-lhb-m10_3,Oval/Medial
TCAGGTACAGCTTCGG-1,13,LHb,LHb,si,b5-lhb-m10_3,Oval/Medial
TCAGGTACATCATCTT-1,1,LHb,LHb,si,b5-lhb-m10_3,Oval/Medial
TCAGTCCCAGTAGGAC-1,1,LHb,LHb,si,b5-lhb-m10_3,Oval/Medial
TCAGTCCGTCAGATTC-1,0,LHb,LHb,si,b5-lhb-m10_3,Oval/Medial
TCAGTCCTCAGTGGGA-1,1,LHb,LHb,si,b5-lhb-m10_3,Oval/Medial
TCAGTCCTCGCAGTTA-1,1,LHb,LHb,si,b5-lhb-m10_3,Oval/Medial
TCAGTGAAGATGACCG-1,2,LHb,LHb,si,b5-lhb-m10_3,Oval/Medial
TCAGTGAAGCGATCGA-1,1,LHb,LHb,si,b5-lhb-m10_3,Oval/Medial
TCAGTGAGTAATGCGG-1,1,LHb,LHb,si,b5-lhb-m10_3,Oval/Medial
TCAGTTTAGTAGCAAT-1,1,LHb,LHb,si,b5-lhb-m10_3,Oval/Medial
TCAGTTTGTCACAGTT-1,1,LHb,LHb,si,b5-lhb-m10_3,Oval/Medial
TCAGTTTTCAACGAGG-1,1,LHb,LHb,si,b5-lhb-m10_3,Oval/Medial
TCAGTTTTCATCCTGC-1,1,LHb,LHb,si,b5-lhb-m10_3,Oval/Medial
TCATACTAGACCTGGA-1,1,LHb,LHb,si,b5-lhb-m10_3,Oval/Medial
TCATACTGTATCAAGA-1,1,LHb,LHb,si,b5-lhb-m10_3,Oval/Medial
TCATACTTCCTACGGG-1,13,LHb,LHb,si,b5-lhb-m10_3,Hbx
TCATATCCAATGAACA-1,1,LHb,LHb,si,b5-lhb-m10_3,Oval/Medial
TCATATCTCATTTGCT-1,1,LHb,LHb,si,b5-lhb-m10_3,Oval/Medial
TCATATCTCGCATTGA-1,1,LHb,LHb,si,b5-lhb-m10_3,Lateral
TCATATCTCTTAATCC-1,1,LHb,LHb,si,b5-lhb-m10_3,Oval/Medial
TCATCATAGAAGTGTT-1,1,LHb,LHb,si,b5-lhb-m10_3,Oval/Medial
TCATCATAGTTACGGG-1,1,LHb,LHb,si,b5-lhb-m10_3,Oval/Medial
TCATCATGTCGTGCCA-1,1,LHb,LHb,si,b5-lhb-m10_3,Oval/Medial
TCATCATGTTTCGTTT-1,0,LHb,LHb,si,b5-lhb-m10_3,Hbx
TCATCATTCTATCGTT-1,1,LHb,LHb,si,b5-lhb-m10_3,Oval/Medial
TCATCCGTCCTCAGAA-1,1,LHb,LHb,si,b5-lhb-m10_3,Oval/Medial
TCATGAGAGTGCCTCG-1,1,LHb,LHb,si,b5-lhb-m10_3,Oval/Medial
TCATGAGGTCTTACTT-1,1,LHb,LHb,si,b5-lhb-m10_3,Oval/Medial
TCATGCCCAAGTTGGG-1,1,LHb,LHb,si,b5-lhb-m10_3,Oval/Medial
TCATGCCGTAGGTCAG-1,4,LHb,LHb,si,b5-lhb-m10_3,Oval/Medial
TCATGCCGTATCGCGC-1,1,LHb,LHb,si,b5-lhb-m10_3,Oval/Medial
TCATGCCTCTATGCCC-1,1,LHb,LHb,si,b5-lhb-m10_3,Oval/Medial
TCATGGAAGCGCCGTT-1,4,LHb,LHb,si,b5-lhb-m10_3,Oval/Medial
TCATGGACACATGACT-1,1,LHb,LHb,si,b5-lhb-m10_3,Oval/Medial
TCATGGACAGGCGTTC-1,4,LHb,LHb,si,b5-lhb-m10_3,Hbx
TCATGGAGTCCACTCT-1,1,LHb,LHb,si,b5-lhb-m10_3,Lateral
TCATGGATCCTCTCGA-1,4,LHb,LHb,si,b5-lhb-m10_3,Oval/Medial
TCATGTTGTCGCACAC-1,1,LHb,LHb,si,b5-lhb-m10_3,Oval/Medial
TCATTACCACCTCGTT-1,1,LHb,LHb,si,b5-lhb-m10_3,Oval/Medial
TCATTACCACGACGAA-1,1,LHb,LHb,si,b5-lhb-m10_3,Oval/Medial
TCATTACCAGCATCTA-1,0,LHb,LHb,si,b5-lhb-m10_3,Oval/Medial
TCATTACCAGCTCATA-1,1,LHb,LHb,si,b5-lhb-m10_3,Lateral
TCATTACGTCATAACC-1,1,LHb,LHb,si,b5-lhb-m10_3,Oval/Medial
TCATTACGTCCACAGC-1,1,LHb,LHb,si,b5-lhb-m10_3,Oval/Medial
TCATTACTCTGGGAGA-1,1,LHb,LHb,si,b5-lhb-m10_3,Oval/Medial
TCATTCAGTCGACTGC-1,1,LHb,LHb,si,b5-lhb-m10_3,Oval/Medial
TCATTCAGTTATCCAG-1,1,LHb,LHb,si,b5-lhb-m10_3,Oval/Medial
TCATTGTGTATTTCTC-1,1,LHb,LHb,si,b5-lhb-m10_3,Oval/Medial
TCATTGTGTGGTCCCA-1,13,LHb,LHb,si,b5-lhb-m10_3,Oval/Medial
TCATTTGAGCCTCACG-1,1,LHb,LHb,si,b5-lhb-m10_3,Oval/Medial
TCATTTGGTCCACTTC-1,1,LHb,LHb,si,b5-lhb-m10_3,Oval/Medial
TCCACCACAAACCATC-1,1,LHb,LHb,si,b5-lhb-m10_3,Oval/Medial
TCCACCATCGTAACAC-1,1,LHb,LHb,si,b5-lhb-m10_3,Oval/Medial
TCCACGTCATCATTTC-1,0,LHb,LHb,si,b5-lhb-m10_3,Oval/Medial
TCCACGTGTATGGAGC-1,1,LHb,LHb,si,b5-lhb-m10_3,Oval/Medial
TCCAGAAAGACGACTG-1,1,LHb,LHb,si,b5-lhb-m10_3,Oval/Medial
TCCAGAACAGGTTTAC-1,1,LHb,LHb,si,b5-lhb-m10_3,Oval/Medial
TCCAGAACATCGTTCC-1,1,LHb,LHb,si,b5-lhb-m10_3,Oval/Medial
TCCAGAATCCACGTAA-1,0,LHb,LHb,si,b5-lhb-m10_3,Oval/Medial
TCCATCGTCCATTCGC-1,1,LHb,LHb,si,b5-lhb-m10_3,Oval/Medial
TCCATCGTCTACACTT-1,0,LHb,LHb,si,b5-lhb-m10_3,Oval/Medial
TCCATCGTCTTAGCCC-1,1,LHb,LHb,si,b5-lhb-m10_3,Oval/Medial
TCCCACAAGGAGGTTC-1,1,LHb,LHb,si,b5-lhb-m10_3,Oval/Medial
TCCCACAGTACTCAAC-1,13,LHb,LHb,si,b5-lhb-m10_3,Oval/Medial
TCCCACATCGAACGGA-1,1,LHb,LHb,si,b5-lhb-m10_3,Oval/Medial
TCCCACATCTATCCAT-1,1,LHb,LHb,si,b5-lhb-m10_3,Oval/Medial
TCCCAGTCAAATCCCA-1,4,LHb,LHb,si,b5-lhb-m10_3,Oval/Medial
TCCCAGTTCCATTTGT-1,1,LHb,LHb,si,b5-lhb-m10_3,Oval/Medial
TCCCAGTTCGTGCGAC-1,1,LHb,LHb,si,b5-lhb-m10_3,Oval/Medial
TCCCATGAGGATATGT-1,1,LHb,LHb,si,b5-lhb-m10_3,Oval/Medial
TCCCATGTCCAACTAG-1,0,LHb,LHb,si,b5-lhb-m10_3,Oval/Medial
TCCGAAATCCGAGTGC-1,1,LHb,LHb,si,b5-lhb-m10_3,Oval/Medial
TCCGATCCAACCGGAA-1,0,LHb,LHb,si,b5-lhb-m10_3,Oval/Medial
TCCGATCCAGCTGTGC-1,1,LHb,LHb,si,b5-lhb-m10_3,Oval/Medial
TCCGATCTCATCCTAT-1,1,LHb,LHb,si,b5-lhb-m10_3,Oval/Medial
TCCGATCTCTATCGCC-1,1,LHb,LHb,si,b5-lhb-m10_3,Oval/Medial
TCCGGGATCATCGGGC-1,1,LHb,LHb,si,b5-lhb-m10_3,Oval/Medial
TCCGGGATCTGTGCTC-1,1,LHb,LHb,si,b5-lhb-m10_3,Oval/Medial
TCCGTGTGTCTGCCTT-1,1,LHb,LHb,si,b5-lhb-m10_3,Oval/Medial
TCCGTGTTCGAGAATA-1-1,1,LHb,LHb,si,b5-lhb-m10_3,Oval/Medial
TCCTAATCAAGTCCCG-1,1,LHb,LHb,si,b5-lhb-m10_3,Oval/Medial
TCCTCCCAGTGGTTCT-1,1,LHb,LHb,si,b5-lhb-m10_3,Oval/Medial
TCCTCCCGTGACCGAA-1,1,LHb,LHb,si,b5-lhb-m10_3,Oval/Medial
TCCTCCCTCGCTTACC-1,1,LHb,LHb,si,b5-lhb-m10_3,Oval/Medial
TCCTCCCTCTTCGATT-1,1,LHb,LHb,si,b5-lhb-m10_3,Oval/Medial
TCCTCGAAGGGAGGAC-1,1,LHb,LHb,si,b5-lhb-m10_3,Oval/Medial
TCCTCGACAGACCGCT-1,1,LHb,LHb,si,b5-lhb-m10_3,Hbx
TCCTCGAGTCGACTGC-1,1,LHb,LHb,si,b5-lhb-m10_3,Lateral
TCCTCGATCCATCTAT-1,1,LHb,LHb,si,b5-lhb-m10_3,Lateral
TCCTCTTAGATGCTAA-1,1,LHb,LHb,si,b5-lhb-m10_3,Oval/Medial
TCCTCTTAGCTGGCTC-1,1,LHb,LHb,si,b5-lhb-m10_3,Oval/Medial
TCCTCTTCATATTCGG-1,1,LHb,LHb,si,b5-lhb-m10_3,Oval/Medial
TCCTCTTCATCTATCT-1,1,LHb,LHb,si,b5-lhb-m10_3,Oval/Medial
TCCTCTTGTCGCAGTC-1,1,LHb,LHb,si,b5-lhb-m10_3,Lateral
TCCTGCAAGAGGTCAC-1,1,LHb,LHb,si,b5-lhb-m10_3,Oval/Medial
TCCTGCACATTGACTG-1,1,LHb,LHb,si,b5-lhb-m10_3,Oval/Medial
TCCTGCAGTCCAACGC-1,1,LHb,LHb,si,b5-lhb-m10_3,Oval/Medial
TCCTGCATCGAGCACC-1,1,LHb,LHb,si,b5-lhb-m10_3,Oval/Medial
TCCTTCTAGGTCATTC-1,1,LHb,LHb,si,b5-lhb-m10_3,Oval/Medial
TCCTTCTGTTGCTGAT-1,1,LHb,LHb,si,b5-lhb-m10_3,Oval/Medial
TCCTTTCGTACCTTCC-1,1,LHb,LHb,si,b5-lhb-m10_3,Oval/Medial
TCCTTTCGTTCATCGA-1,4,LHb,LHb,si,b5-lhb-m10_3,Oval/Medial
TCGAACAAGGGACCAT-1,1,LHb,LHb,si,b5-lhb-m10_3,Oval/Medial
TCGAACACAGCCCACA-1,1,LHb,LHb,si,b5-lhb-m10_3,Oval/Medial
TCGAACACAGTTGTTG-1-1,4,LHb,LHb,si,b5-lhb-m10_3,Marginal
TCGAACAGTGGGTCAA-1,0,LHb,LHb,si,b5-lhb-m10_3,Hbx
TCGAAGTTCAATGTCG-1,1,LHb,LHb,si,b5-lhb-m10_3,Oval/Medial
TCGACCTAGCAAGGAA-1,1,LHb,LHb,si,b5-lhb-m10_3,Oval/Medial
TCGACCTAGTTAGAAC-1,0,LHb,LHb,si,b5-lhb-m10_3,Oval/Medial
TCGACCTCAACCAGAG-1,0,LHb,LHb,si,b5-lhb-m10_3,Lateral
TCGACCTTCTGCCTCA-1,1,LHb,LHb,si,b5-lhb-m10_3,Oval/Medial
TCGACGGAGTAGGAAG-1,1,LHb,LHb,si,b5-lhb-m10_3,Oval/Medial
TCGACGGGTTGCATAC-1,0,LHb,LHb,si,b5-lhb-m10_3,Oval/Medial
TCGATTTCACAAATGA-1,1,LHb,LHb,si,b5-lhb-m10_3,Oval/Medial
TCGCACTAGCCTCAAT-1,1,LHb,LHb,si,b5-lhb-m10_3,Oval/Medial
TCGCACTCATTAGGCT-1,4,LHb,LHb,si,b5-lhb-m10_3,Oval/Medial
TCGCACTGTTAGGGTG-1,1,LHb,LHb,si,b5-lhb-m10_3,Oval/Medial
TCGCACTTCCACCTGT-1,1,LHb,LHb,si,b5-lhb-m10_3,Oval/Medial
TCGCACTTCCCTGTTG-1,1,LHb,LHb,si,b5-lhb-m10_3,Oval/Medial
TCGCAGGGTTATCTGG-1,1,LHb,LHb,si,b5-lhb-m10_3,Oval/Medial
TCGCAGGGTTCTTAGG-1,1,LHb,LHb,si,b5-lhb-m10_3,Oval/Medial
TCGCTCAAGGGTTTCT-1,1,LHb,LHb,si,b5-lhb-m10_3,Oval/Medial
TCGCTCAAGTATGAAC-1-1,1,LHb,LHb,si,b5-lhb-m10_3,Oval/Medial
TCGCTCAAGTTGGACG-1,1,LHb,LHb,si,b5-lhb-m10_3,Oval/Medial
TCGCTCACACATAGCT-1,1,LHb,LHb,si,b5-lhb-m10_3,Oval/Medial
TCGCTCACACCCATAA-1,1,LHb,LHb,si,b5-lhb-m10_3,Oval/Medial
TCGCTCACACTGCGTG-1,1,LHb,LHb,si,b5-lhb-m10_3,Oval/Medial
TCGCTCAGTTCGGCCA-1,1,LHb,LHb,si,b5-lhb-m10_3,Oval/Medial
TCGCTCATCGAATCCA-1,7,LHb,LHb,si,b5-lhb-m10_3,Oval/Medial
TCGCTCATCGTAACCA-1,1,LHb,LHb,si,b5-lhb-m10_3,Oval/Medial
TCGCTTGAGACTTCGT-1-1,1,LHb,LHb,si,b5-lhb-m10_3,Oval/Medial
TCGCTTGCATTGGCAT-1,1,LHb,LHb,si,b5-lhb-m10_3,Oval/Medial
TCGCTTGGTCGGTGTC-1,1,LHb,LHb,si,b5-lhb-m10_3,Oval/Medial
TCGGATACATTGCAAC-1,13,LHb,LHb,si,b5-lhb-m10_3,Oval/Medial
TCGGATAGTAGCGTCC-1,1,LHb,LHb,si,b5-lhb-m10_3,Oval/Medial
TCGGGCAAGCCAGACA-1,1,LHb,LHb,si,b5-lhb-m10_3,Oval/Medial
TCGGGCAAGGAAACGA-1,1,LHb,LHb,si,b5-lhb-m10_3,Oval/Medial
TCGGGCAGTTGAGGAC-1,1,LHb,LHb,si,b5-lhb-m10_3,Oval/Medial
TCGGGCATCGTCCTTG-1,0,LHb,LHb,si,b5-lhb-m10_3,Oval/Medial
TCGGGTGAGCTAGAGC-1,1,LHb,LHb,si,b5-lhb-m10_3,Oval/Medial
TCGGTCTGTTCGGCGT-1,1,LHb,LHb,si,b5-lhb-m10_3,Oval/Medial
TCGGTCTTCGCCCAGA-1,4,LHb,LHb,si,b5-lhb-m10_3,Hbx
TCGGTCTTCTGAGAGG-1,9,LHb,LHb,si,b5-lhb-m10_3,Marginal
TCGTAGACATTCTGTT-1,1,LHb,LHb,si,b5-lhb-m10_3,Oval/Medial
TCGTAGATCAACTGGT-1,1,LHb,LHb,si,b5-lhb-m10_3,Oval/Medial
TCGTCCAAGGGAGATA-1,1,LHb,LHb,si,b5-lhb-m10_3,Oval/Medial
TCGTCCATCTCGTGAA-1,9,LHb,LHb,si,b5-lhb-m10_3,Oval/Medial
TCGTGCTCAATACCCA-1,0,LHb,LHb,si,b5-lhb-m10_3,Oval/Medial
TCTAACTAGCTCATAC-1,1,LHb,LHb,si,b5-lhb-m10_3,Oval/Medial
TCTAACTAGGCGCTCT-1,1,LHb,LHb,si,b5-lhb-m10_3,Oval/Medial
TCTAACTAGGGTACAC-1,1,LHb,LHb,si,b5-lhb-m10_3,Oval/Medial
TCTAACTCATAGCTGT-1,1,LHb,LHb,si,b5-lhb-m10_3,Oval/Medial
TCTACATCAGGCGTTC-1,1,LHb,LHb,si,b5-lhb-m10_3,Oval/Medial
TCTACATGTGAACGGT-1,1,LHb,LHb,si,b5-lhb-m10_3,Oval/Medial
TCTACATTCACCATGA-1,13,LHb,LHb,si,b5-lhb-m10_3,Oval/Medial
TCTACCGAGCATGCGA-1,1,LHb,LHb,si,b5-lhb-m10_3,Oval/Medial
TCTACCGCAGTGCCTG-1,1,LHb,LHb,si,b5-lhb-m10_3,Oval/Medial
TCTACCGTCACCGGTG-1,1,LHb,LHb,si,b5-lhb-m10_3,Oval/Medial
TCTATACGTTGGGAAC-1,1,LHb,LHb,si,b5-lhb-m10_3,Oval/Medial
TCTATACTCGTAGTCA-1,0,LHb,LHb,si,b5-lhb-m10_3,Oval/Medial
TCTATCAGTCACTGAT-1,1,LHb,LHb,si,b5-lhb-m10_3,Oval/Medial
TCTCACGTCTGTGCGG-1,1,LHb,LHb,si,b5-lhb-m10_3,Oval/Medial
TCTCAGCAGAGGGTCT-1,1,LHb,LHb,si,b5-lhb-m10_3,Oval/Medial
TCTCAGCTCTAAGGAA-1,9,LHb,LHb,si,b5-lhb-m10_3,Marginal
TCTCCGAAGTATTAGG-1,1,LHb,LHb,si,b5-lhb-m10_3,Oval/Medial
TCTCCGACATGAATCC-1,1,LHb,LHb,si,b5-lhb-m10_3,Oval/Medial
TCTCCGATCATGACAC-1,1,LHb,LHb,si,b5-lhb-m10_3,Oval/Medial
TCTCTGGCAGCACACC-1,1,LHb,LHb,si,b5-lhb-m10_3,Oval/Medial
TCTGCCAAGCGTGTCC-1,1,LHb,LHb,si,b5-lhb-m10_3,Oval/Medial
TCTGCCAAGTTGTCAC-1,2,LHb,LHb,si,b5-lhb-m10_3,Oval/Medial
TCTGCCACAGATCCAT-1,1,LHb,LHb,si,b5-lhb-m10_3,Oval/Medial
TCTGCCACAGCTGAAG-1,1,LHb,LHb,si,b5-lhb-m10_3,Oval/Medial
TCTGCCAGTCGCACGT-1,1,LHb,LHb,si,b5-lhb-m10_3,Oval/Medial
TCTGGCTAGGGCAGGA-1,1,LHb,LHb,si,b5-lhb-m10_3,Oval/Medial
TCTGTCGAGCAGCACA-1,1,LHb,LHb,si,b5-lhb-m10_3,Oval/Medial
TCTGTCGAGCTCACTA-1,1,LHb,LHb,si,b5-lhb-m10_3,Oval/Medial
TCTGTCGCACCCAATA-1,1,LHb,LHb,si,b5-lhb-m10_3,Oval/Medial
TCTGTCGGTAATCAGA-1,1,LHb,LHb,si,b5-lhb-m10_3,Oval/Medial
TCTGTCGGTGTGTCCG-1,1,LHb,LHb,si,b5-lhb-m10_3,Oval/Medial
TCTTCCTCAAGTCCAT-1,1,LHb,LHb,si,b5-lhb-m10_3,Oval/Medial
TCTTCCTGTTGCGTAT-1,9,LHb,LHb,si,b5-lhb-m10_3,Marginal
TCTTCCTTCCTAGCGG-1,0,LHb,LHb,si,b5-lhb-m10_3,Oval/Medial
TCTTGCGCACTAGAGG-1,4,LHb,LHb,si,b5-lhb-m10_3,Hbx
TCTTGCGGTGGAACAC-1,4,LHb,LHb,si,b5-lhb-m10_3,Oval/Medial
TCTTGCGTCTTGGAAC-1,1,LHb,LHb,si,b5-lhb-m10_3,Oval/Medial
TCTTTGACAGCAGACA-1,1,LHb,LHb,si,b5-lhb-m10_3,Oval/Medial
TCTTTGAGTCCAGCAC-1,1,LHb,LHb,si,b5-lhb-m10_3,Oval/Medial
TGAACGTAGATGAACT-1,1,LHb,LHb,si,b5-lhb-m10_3,Oval/Medial
TGAATCGAGCGCCTCA-1,4,LHb,LHb,si,b5-lhb-m10_3,Marginal
TGAATCGGTGATCGTT-1,1,LHb,LHb,si,b5-lhb-m10_3,Oval/Medial
TGAATCGGTTGACTAC-1,1,LHb,LHb,si,b5-lhb-m10_3,Oval/Medial
TGAATCGTCTCAATCT-1,9,LHb,LHb,si,b5-lhb-m10_3,Marginal
TGAATGCGTTATGGTC-1,1,LHb,LHb,si,b5-lhb-m10_3,Oval/Medial
TGAATGCTCAAGCTGT-1,1,LHb,LHb,si,b5-lhb-m10_3,Oval/Medial
TGAATGCTCTTCCGTG-1,0,LHb,LHb,si,b5-lhb-m10_3,Oval/Medial
TGACCCTGTGTTGATC-1,0,LHb,LHb,si,b5-lhb-m10_3,Oval/Medial
TGACCCTTCGACGATT-1,1,LHb,LHb,si,b5-lhb-m10_3,Oval/Medial
TGACGCGCAACTTGCA-1-1,1,LHb,LHb,si,b5-lhb-m10_3,Hbx
TGACGCGCAGCTACAT-1,1,LHb,LHb,si,b5-lhb-m10_3,Lateral
TGACGCGCAGCTACCG-1,9,LHb,LHb,si,b5-lhb-m10_3,Oval/Medial
TGACTCCGTGAGTAGC-1,1,LHb,LHb,si,b5-lhb-m10_3,Oval/Medial
TGAGACTCAACGGCCT-1,1,LHb,LHb,si,b5-lhb-m10_3,Oval/Medial
TGAGACTCAGCTGGTC-1,0,LHb,LHb,si,b5-lhb-m10_3,Oval/Medial
TGAGACTGTTGTATGC-1,1,LHb,LHb,si,b5-lhb-m10_3,Oval/Medial
TGAGCATCAGTCTGGC-1,1,LHb,LHb,si,b5-lhb-m10_3,Oval/Medial
TGAGCATCATACGCAT-1,1,LHb,LHb,si,b5-lhb-m10_3,Oval/Medial
TGAGCATCATCGCTCT-1,1,LHb,LHb,si,b5-lhb-m10_3,Lateral
TGAGCGCAGGGTAGCT-1,1,LHb,LHb,si,b5-lhb-m10_3,Oval/Medial
TGAGGAGAGGTAAGGA-1,1,LHb,LHb,si,b5-lhb-m10_3,Oval/Medial
TGAGGAGAGTTCACTG-1,1,LHb,LHb,si,b5-lhb-m10_3,Oval/Medial
TGAGGAGCATCAGCGC-1,2,LHb,LHb,si,b5-lhb-m10_3,Marginal
TGAGGAGGTATGAGGC-1,1,LHb,LHb,si,b5-lhb-m10_3,Oval/Medial
TGAGGAGGTCCCGTGA-1,1,LHb,LHb,si,b5-lhb-m10_3,Oval/Medial
TGAGGGAAGAAAGTCT-1,0,LHb,LHb,si,b5-lhb-m10_3,Oval/Medial
TGAGGGACACAAGTGG-1,1,LHb,LHb,si,b5-lhb-m10_3,Oval/Medial
TGAGGGACAGTTGTCA-1,1,LHb,LHb,si,b5-lhb-m10_3,Oval/Medial
TGAGGGACATAATGCC-1,1,LHb,LHb,si,b5-lhb-m10_3,Oval/Medial
TGAGGGAGTAGTCCTA-1,9,LHb,LHb,si,b5-lhb-m10_3,Marginal
TGAGTCAAGCGGGTAT-1-1,1,LHb,LHb,si,b5-lhb-m10_3,Oval/Medial
TGAGTCACAGAACTAA-1,9,LHb,LHb,si,b5-lhb-m10_3,Marginal
TGATCAGGTCCAGGTC-1,1,LHb,LHb,si,b5-lhb-m10_3,Oval/Medial
TGATCTTAGATAGCTA-1,1,LHb,LHb,si,b5-lhb-m10_3,Lateral
TGATCTTAGGAGGCAG-1,1,LHb,LHb,si,b5-lhb-m10_3,Oval/Medial
TGATCTTCAAAGGCTG-1,1,LHb,LHb,si,b5-lhb-m10_3,Oval/Medial
TGATCTTTCCTACAAG-1,4,LHb,LHb,si,b5-lhb-m10_3,Oval/Medial
TGATCTTTCTACTGAG-1,1,LHb,LHb,si,b5-lhb-m10_3,Oval/Medial
TGATGCAAGCGGGTTA-1,2,LHb,LHb,si,b5-lhb-m10_3,Oval/Medial
TGATGCAGTAGAGCTG-1,1,LHb,LHb,si,b5-lhb-m10_3,Oval/Medial
TGATGCATCGGTCGAC-1,1,LHb,LHb,si,b5-lhb-m10_3,Oval/Medial
TGATGCATCTAGATCG-1,1,LHb,LHb,si,b5-lhb-m10_3,Oval/Medial
TGATGGTAGCTGAGTG-1,1,LHb,LHb,si,b5-lhb-m10_3,Oval/Medial
TGATGGTCAACAGCTT-1,1,LHb,LHb,si,b5-lhb-m10_3,Oval/Medial
TGATGGTCACCGTACG-1,1,LHb,LHb,si,b5-lhb-m10_3,Oval/Medial
TGATGGTGTAATCAAG-1,1,LHb,LHb,si,b5-lhb-m10_3,Oval/Medial
TGATGGTTCAAAGACA-1,1,LHb,LHb,si,b5-lhb-m10_3,Oval/Medial
TGATTCTAGTGATAAC-1-1,1,LHb,LHb,si,b5-lhb-m10_3,Oval/Medial
TGATTCTCATTCCTCG-1,1,LHb,LHb,si,b5-lhb-m10_3,Oval/Medial
TGATTCTTCACTGATG-1,1,LHb,LHb,si,b5-lhb-m10_3,Oval/Medial
TGATTCTTCGACGCTG-1,1,LHb,LHb,si,b5-lhb-m10_3,Oval/Medial
TGATTTCAGCCATTTG-1,1,LHb,LHb,si,b5-lhb-m10_3,Oval/Medial
TGATTTCAGTTCCGTA-1,1,LHb,LHb,si,b5-lhb-m10_3,Marginal
TGATTTCCACACCTAA-1,0,LHb,LHb,si,b5-lhb-m10_3,Oval/Medial
TGATTTCGTCCCTGAG-1,4,LHb,LHb,si,b5-lhb-m10_3,Oval/Medial
TGCACGGAGATGGGCT-1,1,LHb,LHb,si,b5-lhb-m10_3,Oval/Medial
TGCACGGAGCGACAGT-1,1,LHb,LHb,si,b5-lhb-m10_3,Lateral
TGCACGGCAACACTAC-1,1,LHb,LHb,si,b5-lhb-m10_3,Oval/Medial
TGCACGGCACATGGTT-1,0,LHb,LHb,si,b5-lhb-m10_3,Oval/Medial
TGCACGGGTTATGGTC-1,1,LHb,LHb,si,b5-lhb-m10_3,Oval/Medial
TGCACGGTCGGTCGGT-1,0,LHb,LHb,si,b5-lhb-m10_3,Hbx
TGCACGGTCTTCACGC-1,0,LHb,LHb,si,b5-lhb-m10_3,Oval/Medial
TGCAGATAGACCAAAT-1,1,LHb,LHb,si,b5-lhb-m10_3,Oval/Medial
TGCAGATCACTGAGTT-1,1,LHb,LHb,si,b5-lhb-m10_3,Oval/Medial
TGCAGATCATCATGAC-1,1,LHb,LHb,si,b5-lhb-m10_3,Oval/Medial
TGCAGATCATCCTTGC-1,1,LHb,LHb,si,b5-lhb-m10_3,Oval/Medial
TGCAGATGTGTTTCTT-1,1,LHb,LHb,si,b5-lhb-m10_3,Marginal
TGCAGATGTTCGGCTG-1,9,LHb,LHb,si,b5-lhb-m10_3,Marginal
TGCAGGCGTAACGCGA-1,1,LHb,LHb,si,b5-lhb-m10_3,Oval/Medial
TGCATCCTCAAGTCGT-1,1,LHb,LHb,si,b5-lhb-m10_3,Oval/Medial
TGCATCCTCTCAGAAC-1,1,LHb,LHb,si,b5-lhb-m10_3,Oval/Medial
TGCATGAAGCCGAACA-1,2,LHb,LHb,si,b5-lhb-m10_3,Oval/Medial
TGCATGACACAACATC-1,0,LHb,LHb,si,b5-lhb-m10_3,Oval/Medial
TGCATGAGTGATGAAT-1,4,LHb,LHb,si,b5-lhb-m10_3,Oval/Medial
TGCATGAGTGTTCGAT-1,1,LHb,LHb,si,b5-lhb-m10_3,Oval/Medial
TGCCGAGTCATTTGCT-1,9,LHb,LHb,si,b5-lhb-m10_3,Oval/Medial
TGCGACGGTGTTCGAT-1,9,LHb,LHb,si,b5-lhb-m10_3,Marginal
TGCGACGGTTTGCCGG-1,2,LHb,LHb,si,b5-lhb-m10_3,Oval/Medial
TGCGACGTCTCACCCA-1,2,LHb,LHb,si,b5-lhb-m10_3,Marginal
TGCGATACAACGGTAG-1,9,LHb,LHb,si,b5-lhb-m10_3,Oval/Medial
TGCGATATCAGCACCG-1,1,LHb,LHb,si,b5-lhb-m10_3,Oval/Medial
TGCGATATCATTACCT-1,13,LHb,LHb,si,b5-lhb-m10_3,Oval/Medial
TGCGGCAAGAGAGAAC-1,4,LHb,LHb,si,b5-lhb-m10_3,Oval/Medial
TGCGGCACATCGGCCA-1,1,LHb,LHb,si,b5-lhb-m10_3,Oval/Medial
TGCGGCATCATAAGGA-1,1,LHb,LHb,si,b5-lhb-m10_3,Oval/Medial
TGCGGGTAGATGGCGT-1,1,LHb,LHb,si,b5-lhb-m10_3,Oval/Medial
TGCTCCAGTCACATTG-1,1,LHb,LHb,si,b5-lhb-m10_3,Hbx
TGCTCCAGTCATCCGG-1,5,LHb,LHb,si,b5-lhb-m10_3,Oval/Medial
TGCTCGTAGACTTCCA-1,1,LHb,LHb,si,b5-lhb-m10_3,Oval/Medial
TGCTCGTAGCGAATGC-1,9,LHb,LHb,si,b5-lhb-m10_3,Marginal
TGCTCGTAGCTAGAGC-1,2,LHb,LHb,si,b5-lhb-m10_3,Oval/Medial
TGCTCGTAGGGCAATC-1-1,1,LHb,LHb,si,b5-lhb-m10_3,Oval/Medial
TGCTCGTCAGCCGTTG-1,2,LHb,LHb,si,b5-lhb-m10_3,Marginal
TGCTCGTGTCGACTGC-1,1,LHb,LHb,si,b5-lhb-m10_3,Oval/Medial
TGCTCGTGTGAGTAGC-1,1,LHb,LHb,si,b5-lhb-m10_3,Oval/Medial
TGCTGAACAACGGCTC-1,1,LHb,LHb,si,b5-lhb-m10_3,Lateral
TGCTGAATCATTCTTG-1,1,LHb,LHb,si,b5-lhb-m10_3,Lateral
TGCTGAATCTGGGCGT-1,4,LHb,LHb,si,b5-lhb-m10_3,Hbx
TGCTTCGCAGTTGCGC-1,1,LHb,LHb,si,b5-lhb-m10_3,Oval/Medial
TGGAACTGTCTGCGCA-1,0,LHb,LHb,si,b5-lhb-m10_3,Lateral
TGGAACTGTGGAGAAA-1,1,LHb,LHb,si,b5-lhb-m10_3,Oval/Medial
TGGAACTTCTTAATCC-1,1,LHb,LHb,si,b5-lhb-m10_3,Oval/Medial
TGGAACTTCTTGGATG-1,1,LHb,LHb,si,b5-lhb-m10_3,Oval/Medial
TGGAGGAAGAGTATAC-1,1,LHb,LHb,si,b5-lhb-m10_3,Oval/Medial
TGGAGGAAGCCTCTCT-1,1,LHb,LHb,si,b5-lhb-m10_3,Oval/Medial
TGGATCAGTGGTTCTA-1,1,LHb,LHb,si,b5-lhb-m10_3,Oval/Medial
TGGATCATCCTAGAGT-1,0,LHb,LHb,si,b5-lhb-m10_3,Hbx
TGGATGTAGCATCAGG-1,1,LHb,LHb,si,b5-lhb-m10_3,Oval/Medial
TGGATGTAGCGTTAGG-1,1,LHb,LHb,si,b5-lhb-m10_3,Oval/Medial
TGGATGTCAAGAATAC-1,1,LHb,LHb,si,b5-lhb-m10_3,Oval/Medial
TGGATGTTCGACTCCT-1,0,LHb,LHb,si,b5-lhb-m10_3,Oval/Medial
TGGATGTTCGCGTCGA-1,1,LHb,LHb,si,b5-lhb-m10_3,Oval/Medial
TGGATGTTCTGGTCAA-1,1,LHb,LHb,si,b5-lhb-m10_3,Oval/Medial
TGGCGTGCAAAGCTAA-1,1,LHb,LHb,si,b5-lhb-m10_3,Oval/Medial
TGGCGTGGTCATAGTC-1,1,LHb,LHb,si,b5-lhb-m10_3,Oval/Medial
TGGGAAGCAATACAGA-1-1,1,LHb,LHb,si,b5-lhb-m10_3,Oval/Medial
TGGGAAGTCTGTGTGA-1,1,LHb,LHb,si,b5-lhb-m10_3,Oval/Medial
TGGGAGAAGAGCAGTC-1,1,LHb,LHb,si,b5-lhb-m10_3,Lateral
TGGGAGAGTGGGAGAG-1,4,LHb,LHb,si,b5-lhb-m10_3,Oval/Medial
TGGGAGATCATGACAC-1,1,LHb,LHb,si,b5-lhb-m10_3,Oval/Medial
TGGGAGATCCATATGG-1,1,LHb,LHb,si,b5-lhb-m10_3,Hbx
TGGGATTAGCTTTCTT-1,1,LHb,LHb,si,b5-lhb-m10_3,Oval/Medial
TGGGATTTCAGGACAG-1,16,LHb,LHb,si,b5-lhb-m10_3,Oval/Medial
TGGGCGTAGGTATAGT-1,1,LHb,LHb,si,b5-lhb-m10_3,Oval/Medial
TGGGCGTTCTCTGCTG-1,1,LHb,LHb,si,b5-lhb-m10_3,Hbx
TGGGCTGCATATCTCT-1,1,LHb,LHb,si,b5-lhb-m10_3,Oval/Medial
TGGGTTAAGAGAGCCT-1,1,LHb,LHb,si,b5-lhb-m10_3,Oval/Medial
TGGGTTAAGCACTTTG-1,9,LHb,LHb,si,b5-lhb-m10_3,Marginal
TGGGTTACAGCCGTCA-1,1,LHb,LHb,si,b5-lhb-m10_3,Oval/Medial
TGGGTTATCAGCTTGA-1,1,LHb,LHb,si,b5-lhb-m10_3,Oval/Medial
TGGGTTATCGAACCAT-1,1,LHb,LHb,si,b5-lhb-m10_3,Oval/Medial
TGGGTTATCGGTCTAA-1,1,LHb,LHb,si,b5-lhb-m10_3,Oval/Medial
TGGTACAGTTACGTAC-1,9,LHb,LHb,si,b5-lhb-m10_3,Oval/Medial
TGGTAGTCAGGAGACT-1,0,LHb,LHb,si,b5-lhb-m10_3,Oval/Medial
TGGTAGTCATCAACCA-1,1,LHb,LHb,si,b5-lhb-m10_3,Oval/Medial
TGGTGATCAGGGATAC-1,1,LHb,LHb,si,b5-lhb-m10_3,Oval/Medial
TGGTGATGTGCTCTTC-1,9,LHb,LHb,si,b5-lhb-m10_3,Marginal
TGGTGATTCATTTACC-1,1,LHb,LHb,si,b5-lhb-m10_3,Oval/Medial
TGGTGATTCGCTCTAC-1,1,LHb,LHb,si,b5-lhb-m10_3,Oval/Medial
TGGTTAGTCATTGCGA-1,0,LHb,LHb,si,b5-lhb-m10_3,Oval/Medial
TGGTTAGTCTGGTGCG-1,0,LHb,LHb,si,b5-lhb-m10_3,Oval/Medial
TGTAACGCAAGCAGGT-1,1,LHb,LHb,si,b5-lhb-m10_3,Oval/Medial
TGTAACGGTAGTCTGT-1,0,LHb,LHb,si,b5-lhb-m10_3,Marginal
TGTAAGCAGTAGCTCT-1,0,LHb,LHb,si,b5-lhb-m10_3,Oval/Medial
TGTAAGCCAATACCCA-1,1,LHb,LHb,si,b5-lhb-m10_3,Oval/Medial
TGTAAGCCACATTACG-1,4,LHb,LHb,si,b5-lhb-m10_3,Oval/Medial
TGTAAGCTCGAGGCAA-1,2,LHb,LHb,si,b5-lhb-m10_3,Oval/Medial
TGTACAGAGCCTGACC-1,0,LHb,LHb,si,b5-lhb-m10_3,Hbx
TGTACAGTCTAAGCCA-1,1,LHb,LHb,si,b5-lhb-m10_3,Oval/Medial
TGTAGACAGTAGATCA-1,13,LHb,LHb,si,b5-lhb-m10_3,Oval/Medial
TGTCAGACACGTTGGC-1,1,LHb,LHb,si,b5-lhb-m10_3,Oval/Medial
TGTCAGATCTAGCCTC-1,1,LHb,LHb,si,b5-lhb-m10_3,Oval/Medial
TGTCCACAGATCGCCC-1,1,LHb,LHb,si,b5-lhb-m10_3,Oval/Medial
TGTCCACCAGTTGAAA-1,1,LHb,LHb,si,b5-lhb-m10_3,Oval/Medial
TGTCCACGTTGCTGAT-1,9,LHb,LHb,si,b5-lhb-m10_3,Marginal
TGTCCACTCCAATGCA-1,1,LHb,LHb,si,b5-lhb-m10_3,Oval/Medial
TGTCCCAGTCACCGAC-1,2,LHb,LHb,si,b5-lhb-m10_3,Oval/Medial
TGTCCCAGTCGTGCCA-1,1,LHb,LHb,si,b5-lhb-m10_3,Oval/Medial
TGTCCCAGTGGATGAC-1,1,LHb,LHb,si,b5-lhb-m10_3,Hbx
TGTCCCAGTTGCATCA-1,1,LHb,LHb,si,b5-lhb-m10_3,Oval/Medial
TGTCCCAGTTGGTAGG-1,1,LHb,LHb,si,b5-lhb-m10_3,Oval/Medial
TGTCCCATCAAACGAA-1,1,LHb,LHb,si,b5-lhb-m10_3,Oval/Medial
TGTCCTGAGCGTCGAA-1,1,LHb,LHb,si,b5-lhb-m10_3,Oval/Medial
TGTCCTGCACGGCACT-1,0,LHb,LHb,si,b5-lhb-m10_3,Oval/Medial
TGTCCTGGTAGTATAG-1,13,LHb,LHb,si,b5-lhb-m10_3,Hbx
TGTCCTGGTTCCTAGA-1,1,LHb,LHb,si,b5-lhb-m10_3,Oval/Medial
TGTCCTGTCTCTCAAT-1,4,LHb,LHb,si,b5-lhb-m10_3,Oval/Medial
TGTCCTGTCTGTAACG-1,0,LHb,LHb,si,b5-lhb-m10_3,Oval/Medial
TGTGAGTCATCTTTCA-1,1,LHb,LHb,si,b5-lhb-m10_3,Oval/Medial
TGTGATGTCTGGGAGA-1,0,LHb,LHb,si,b5-lhb-m10_3,Oval/Medial
TGTGCGGAGAGTCTGG-1,1,LHb,LHb,si,b5-lhb-m10_3,Oval/Medial
TGTGCGGCAACTGATC-1,1,LHb,LHb,si,b5-lhb-m10_3,Oval/Medial
TGTGCGGGTCAGATTC-1,9,LHb,LHb,si,b5-lhb-m10_3,Marginal
TGTGGCGTCTGTCAGA-1,1,LHb,LHb,si,b5-lhb-m10_3,Oval/Medial
TGTGTGAAGTAAGACT-1,0,LHb,LHb,si,b5-lhb-m10_3,Oval/Medial
TGTGTGACAGGGATAC-1,1,LHb,LHb,si,b5-lhb-m10_3,Oval/Medial
TGTGTGAGTTATAGCC-1,1,LHb,LHb,si,b5-lhb-m10_3,Hbx
TGTGTGAGTTGCCGCA-1,9,LHb,LHb,si,b5-lhb-m10_3,Oval/Medial
TGTGTGATCTCGAGTA-1,1,LHb,LHb,si,b5-lhb-m10_3,Oval/Medial
TGTTACTGTCAACCAT-1,10,LHb,LHb,si,b5-lhb-m10_3,Oval/Medial
TGTTCATAGTCGCTAT-1,1,LHb,LHb,si,b5-lhb-m10_3,Oval/Medial
TGTTCATTCAAATGAG-1,1,LHb,LHb,si,b5-lhb-m10_3,Oval/Medial
TGTTCCGCAGTTTCAG-1,1,LHb,LHb,si,b5-lhb-m10_3,Oval/Medial
TGTTCTAAGTCGCCAC-1,1,LHb,LHb,si,b5-lhb-m10_3,Oval/Medial
TGTTGAGGTATCGTTG-1,9,LHb,LHb,si,b5-lhb-m10_3,Marginal
TGTTGGAGTGTCCGTG-1,1,LHb,LHb,si,b5-lhb-m10_3,Oval/Medial
TGTTGGATCGTTAGAC-1,1,LHb,LHb,si,b5-lhb-m10_3,Oval/Medial
TGTTTGTCACTGTTCC-1-1,1,LHb,LHb,si,b5-lhb-m10_3,Oval/Medial
TTAATCCAGGTTTACC-1,9,LHb,LHb,si,b5-lhb-m10_3,Oval/Medial
TTAATCCCAGGTCCCA-1,1,LHb,LHb,si,b5-lhb-m10_3,Oval/Medial
TTAATCCGTATTAAGG-1,1,LHb,LHb,si,b5-lhb-m10_3,Oval/Medial
TTAATCCTCGTAGCCG-1,1,LHb,LHb,si,b5-lhb-m10_3,Oval/Medial
TTACAGGAGTATCCTG-1,1,LHb,LHb,si,b5-lhb-m10_3,Oval/Medial
TTACAGGCAGTTCCAA-1,9,LHb,LHb,si,b5-lhb-m10_3,Oval/Medial
TTACAGGGTAGCTTTG-1,1,LHb,LHb,si,b5-lhb-m10_3,Oval/Medial
TTACCATCAACCACAT-1,1,LHb,LHb,si,b5-lhb-m10_3,Lateral
TTACCATCATCACCAA-1,1,LHb,LHb,si,b5-lhb-m10_3,Oval/Medial
TTACCATCATGAATAG-1,0,LHb,LHb,si,b5-lhb-m10_3,Marginal
TTACCATGTCACTTCC-1,1,LHb,LHb,si,b5-lhb-m10_3,Oval/Medial
TTACCATGTCGTCAGC-1-1,4,LHb,LHb,si,b5-lhb-m10_3,Oval/Medial
TTACCATGTTTGAACC-1-1,0,LHb,LHb,si,b5-lhb-m10_3,Oval/Medial
TTACCGCGTATGAAAC-1-1,1,LHb,LHb,si,b5-lhb-m10_3,Oval/Medial
TTACGCCGTATCGCAT-1,25,LHb,LHb,si,b5-lhb-m10_3,Oval/Medial
TTACGCCGTCAGTCCG-1,9,LHb,LHb,si,b5-lhb-m10_3,Oval/Medial
TTACGTTCACACCTTC-1,1,LHb,LHb,si,b5-lhb-m10_3,Hbx
TTACGTTCACTCAAGT-1,1,LHb,LHb,si,b5-lhb-m10_3,Oval/Medial
TTACGTTGTGAGTAGC-1,1,LHb,LHb,si,b5-lhb-m10_3,Oval/Medial
TTACGTTGTGCCGGTT-1,0,LHb,LHb,si,b5-lhb-m10_3,Oval/Medial
TTACTGTGTCCGTTTC-1,1,LHb,LHb,si,b5-lhb-m10_3,Oval/Medial
TTACTGTGTGCATACT-1,0,LHb,LHb,si,b5-lhb-m10_3,Oval/Medial
TTACTGTTCAGACCCG-1,1,LHb,LHb,si,b5-lhb-m10_3,Oval/Medial
TTAGGCAAGTGCTACT-1,0,LHb,LHb,si,b5-lhb-m10_3,Oval/Medial
TTAGGCACAATTGAAG-1,0,LHb,LHb,si,b5-lhb-m10_3,Hbx
TTAGGCACACTACCGG-1,1,LHb,LHb,si,b5-lhb-m10_3,Oval/Medial
TTAGGCAGTGCGGTAA-1,0,LHb,LHb,si,b5-lhb-m10_3,Oval/Medial
TTAGGGTAGTGGTTAA-1,4,LHb,LHb,si,b5-lhb-m10_3,Oval/Medial
TTAGGGTCACTGGACC-1,1,LHb,LHb,si,b5-lhb-m10_3,Oval/Medial
TTAGGGTTCTGAGTCA-1,1,LHb,LHb,si,b5-lhb-m10_3,Oval/Medial
TTAGGGTTCTTACACT-1,1,LHb,LHb,si,b5-lhb-m10_3,Oval/Medial
TTATTGCAGGAAAGGT-1,1,LHb,LHb,si,b5-lhb-m10_3,Oval/Medial
TTATTGCAGTATGCAA-1,1,LHb,LHb,si,b5-lhb-m10_3,Lateral
TTATTGCGTTGGACTT-1,1,LHb,LHb,si,b5-lhb-m10_3,Oval/Medial
TTATTGCTCCCGTTCA-1,1,LHb,LHb,si,b5-lhb-m10_3,Oval/Medial
TTATTGCTCGGTCAGC-1,1,LHb,LHb,si,b5-lhb-m10_3,Oval/Medial
TTCAATCAGGGCAACT-1,1,LHb,LHb,si,b5-lhb-m10_3,Oval/Medial
TTCAATCCAATTGAAG-1,2,LHb,LHb,si,b5-lhb-m10_3,Oval/Medial
TTCAATCCATTGACCA-1,1,LHb,LHb,si,b5-lhb-m10_3,Oval/Medial
TTCACCGAGGATAATC-1,9,LHb,LHb,si,b5-lhb-m10_3,Marginal
TTCACCGGTGAGTTTC-1,1,LHb,LHb,si,b5-lhb-m10_3,Oval/Medial
TTCACGCCAGCTTCCT-1,4,LHb,LHb,si,b5-lhb-m10_3,Oval/Medial
TTCACGCGTTACCTGA-1,1,LHb,LHb,si,b5-lhb-m10_3,Oval/Medial
TTCACGCTCGGTCAGC-1,1,LHb,LHb,si,b5-lhb-m10_3,Oval/Medial
TTCACGCTCGGTCGAC-1,1,LHb,LHb,si,b5-lhb-m10_3,Oval/Medial
TTCACGCTCTTCCTAA-1,1,LHb,LHb,si,b5-lhb-m10_3,Lateral
TTCAGGACATGAGATA-1,1,LHb,LHb,si,b5-lhb-m10_3,Oval/Medial
TTCATGTCATAGCTGT-1,1,LHb,LHb,si,b5-lhb-m10_3,Oval/Medial
TTCATGTGTATTCCGA-1,4,LHb,LHb,si,b5-lhb-m10_3,Oval/Medial
TTCATGTTCAGTCAGT-1,1,LHb,LHb,si,b5-lhb-m10_3,Oval/Medial
TTCATGTTCCGAGCTG-1,0,LHb,LHb,si,b5-lhb-m10_3,Hbx
TTCATGTTCTGTCGTC-1,1,LHb,LHb,si,b5-lhb-m10_3,Oval/Medial
TTCATTGGTCGAGTTT-1,1,LHb,LHb,si,b5-lhb-m10_3,Oval/Medial
TTCATTGTCCACGGAC-1,1,LHb,LHb,si,b5-lhb-m10_3,Oval/Medial
TTCCAATAGTCAATCC-1,1,LHb,LHb,si,b5-lhb-m10_3,Oval/Medial
TTCCACGAGAGTACCG-1,1,LHb,LHb,si,b5-lhb-m10_3,Oval/Medial
TTCCACGAGGCTCCCA-1,1,LHb,LHb,si,b5-lhb-m10_3,Oval/Medial
TTCCACGGTCATCCGG-1,1,LHb,LHb,si,b5-lhb-m10_3,Oval/Medial
TTCCACGGTGCCGTTG-1,1,LHb,LHb,si,b5-lhb-m10_3,Oval/Medial
TTCCACGGTTAGTCGT-1,1,LHb,LHb,si,b5-lhb-m10_3,Oval/Medial
TTCCGGTAGGCGCTCT-1,1,LHb,LHb,si,b5-lhb-m10_3,Oval/Medial
TTCCGGTGTCTCTCTG-1-1,4,LHb,LHb,si,b5-lhb-m10_3,Hbx
TTCCGTGAGGGTAATT-1,0,LHb,LHb,si,b5-lhb-m10_3,Oval/Medial
TTCCGTGCATCGATCA-1,1,LHb,LHb,si,b5-lhb-m10_3,Oval/Medial
TTCCGTGCATCGCTCT-1,1,LHb,LHb,si,b5-lhb-m10_3,Oval/Medial
TTCCGTGGTGCAATGG-1,0,LHb,LHb,si,b5-lhb-m10_3,Hbx
TTCCGTGGTGGATGAC-1,1,LHb,LHb,si,b5-lhb-m10_3,Oval/Medial
TTCCGTGGTTCGGCTG-1,2,LHb,LHb,si,b5-lhb-m10_3,Marginal
TTCCGTGTCATTCATC-1,1,LHb,LHb,si,b5-lhb-m10_3,Oval/Medial
TTCCTAAAGTAACGTA-1,1,LHb,LHb,si,b5-lhb-m10_3,Lateral
TTCCTAAAGTACTCGT-1,1,LHb,LHb,si,b5-lhb-m10_3,Oval/Medial
TTCCTAACAGTGCCTG-1,1,LHb,LHb,si,b5-lhb-m10_3,Oval/Medial
TTCCTAACATAGTCGT-1,1,LHb,LHb,si,b5-lhb-m10_3,Oval/Medial
TTCCTAATCACTGATG-1,0,LHb,LHb,si,b5-lhb-m10_3,Oval/Medial
TTCCTAATCCGATAAC-1,1,LHb,LHb,si,b5-lhb-m10_3,Oval/Medial
TTCCTCTCAAATGAAC-1-1,0,LHb,LHb,si,b5-lhb-m10_3,Oval/Medial
TTCCTCTCACATAACC-1,0,LHb,LHb,si,b5-lhb-m10_3,Oval/Medial
TTCCTCTTCGCTCCTA-1,1,LHb,LHb,si,b5-lhb-m10_3,Oval/Medial
TTCCTTCGTCCATAGT-1,1,LHb,LHb,si,b5-lhb-m10_3,Oval/Medial
TTCGATTAGGTGGTTG-1,1,LHb,LHb,si,b5-lhb-m10_3,Oval/Medial
TTCGATTCAAGCCTGC-1,1,LHb,LHb,si,b5-lhb-m10_3,Oval/Medial
TTCGATTGTGAGGAAA-1,1,LHb,LHb,si,b5-lhb-m10_3,Oval/Medial
TTCGCTGGTAGGTACG-1,0,LHb,LHb,si,b5-lhb-m10_3,Oval/Medial
TTCGCTGGTATGAAGT-1,1,LHb,LHb,si,b5-lhb-m10_3,Oval/Medial
TTCGCTGGTCCGATCG-1,1,LHb,LHb,si,b5-lhb-m10_3,Oval/Medial
TTCGCTGTCACTCCGT-1,1,LHb,LHb,si,b5-lhb-m10_3,Oval/Medial
TTCGGTCAGGCACGAT-1,1,LHb,LHb,si,b5-lhb-m10_3,Oval/Medial
TTCGGTCAGGCATGGT-1,1,LHb,LHb,si,b5-lhb-m10_3,Oval/Medial
TTCGGTCCACGGCCAT-1,1,LHb,LHb,si,b5-lhb-m10_3,Oval/Medial
TTCGGTCGTCTCCCTA-1,0,LHb,LHb,si,b5-lhb-m10_3,Oval/Medial
TTCGGTCGTCTTCATT-1,1,LHb,LHb,si,b5-lhb-m10_3,Oval/Medial
TTCTAACAGGCATTTC-1,1,LHb,LHb,si,b5-lhb-m10_3,Oval/Medial
TTCTAACCAATTGAGA-1,1,LHb,LHb,si,b5-lhb-m10_3,Oval/Medial
TTCTAACCATCGTGGC-1,1,LHb,LHb,si,b5-lhb-m10_3,Oval/Medial
TTCTAACGTTACGTAC-1,9,LHb,LHb,si,b5-lhb-m10_3,Oval/Medial
TTCTAACGTTCCTAAG-1,1,LHb,LHb,si,b5-lhb-m10_3,Oval/Medial
TTCTAGTGTCTGCATA-1,1,LHb,LHb,si,b5-lhb-m10_3,Oval/Medial
TTCTCTCAGCCTAACT-1,0,LHb,LHb,si,b5-lhb-m10_3,Oval/Medial
TTCTCTCAGTAGAATC-1,1,LHb,LHb,si,b5-lhb-m10_3,Oval/Medial
TTCTCTCGTGTCCCTT-1,1,LHb,LHb,si,b5-lhb-m10_3,Oval/Medial
TTCTCTCTCATAGCAC-1,1,LHb,LHb,si,b5-lhb-m10_3,Oval/Medial
TTCTCTCTCGGCATCG-1,1,LHb,LHb,si,b5-lhb-m10_3,Oval/Medial
TTCTGTACAGTCAACT-1,1,LHb,LHb,si,b5-lhb-m10_3,Oval/Medial
TTCTGTAGTCCTGGTG-1,1,LHb,LHb,si,b5-lhb-m10_3,Oval/Medial
TTCTTCCAGAATCTAG-1,1,LHb,LHb,si,b5-lhb-m10_3,Hbx
TTCTTCCTCAGCACCG-1,1,LHb,LHb,si,b5-lhb-m10_3,Oval/Medial
TTCTTGAGTCAAAGCG-1,1,LHb,LHb,si,b5-lhb-m10_3,Lateral
TTCTTGAGTTACACAC-1,1,LHb,LHb,si,b5-lhb-m10_3,Oval/Medial
TTCTTGATCAGTAGGG-1,1,LHb,LHb,si,b5-lhb-m10_3,Oval/Medial
TTCTTGATCCCGTAAA-1,1,LHb,LHb,si,b5-lhb-m10_3,Oval/Medial
TTGAACGAGATCACCT-1,1,LHb,LHb,si,b5-lhb-m10_3,Oval/Medial
TTGAACGCATCATTTC-1,1,LHb,LHb,si,b5-lhb-m10_3,Oval/Medial
TTGAACGTCCCATACC-1,1,LHb,LHb,si,b5-lhb-m10_3,Oval/Medial
TTGACCCCACTAGGCC-1,0,LHb,LHb,si,b5-lhb-m10_3,Oval/Medial
TTGACCCTCTCCACTG-1,1,LHb,LHb,si,b5-lhb-m10_3,Oval/Medial
TTGAGTGGTCGTACAT-1,1,LHb,LHb,si,b5-lhb-m10_3,Hbx
TTGAGTGTCATTTGTC-1,1,LHb,LHb,si,b5-lhb-m10_3,Oval/Medial
TTGAGTGTCCTAACAG-1,1,LHb,LHb,si,b5-lhb-m10_3,Oval/Medial
TTGATGGGTATGAGCG-1,1,LHb,LHb,si,b5-lhb-m10_3,Oval/Medial
TTGATGGGTGGAGGTT-1,1,LHb,LHb,si,b5-lhb-m10_3,Hbx
TTGCATTAGTCTTGGT-1,1,LHb,LHb,si,b5-lhb-m10_3,Hbx
TTGCATTCATCACAGT-1,4,LHb,LHb,si,b5-lhb-m10_3,Hbx
TTGCATTTCCAAAGGG-1,2,LHb,LHb,si,b5-lhb-m10_3,Marginal
TTGCATTTCCCAGGCA-1,0,LHb,LHb,si,b5-lhb-m10_3,Oval/Medial
TTGCCTGAGCCTGAAG-1,1,LHb,LHb,si,b5-lhb-m10_3,Oval/Medial
TTGCGTCAGCCTTTCC-1,0,LHb,LHb,si,b5-lhb-m10_3,Oval/Medial
TTGCGTCTCCTCTAGC-1,1,LHb,LHb,si,b5-lhb-m10_3,Oval/Medial
TTGCTGCAGACTGTTC-1,1,LHb,LHb,si,b5-lhb-m10_3,Oval/Medial
TTGCTGCTCTATCACT-1,1,LHb,LHb,si,b5-lhb-m10_3,Oval/Medial
TTGGATGAGCTCCACG-1,1,LHb,LHb,si,b5-lhb-m10_3,Oval/Medial
TTGGATGAGGTCCTGC-1,4,LHb,LHb,si,b5-lhb-m10_3,Marginal
TTGGGATCAAACGTGG-1,7,LHb,LHb,si,b5-lhb-m10_3,Oval/Medial
TTGGGATGTGGGCTCT-1,1,LHb,LHb,si,b5-lhb-m10_3,Oval/Medial
TTGGGATGTTCCTAGA-1,1,LHb,LHb,si,b5-lhb-m10_3,Oval/Medial
TTGGGATTCGCGTTTC-1-1,0,LHb,LHb,si,b5-lhb-m10_3,Oval/Medial
TTGGGCGAGATCCTAC-1,0,LHb,LHb,si,b5-lhb-m10_3,Oval/Medial
TTGGGCGCATGTTACG-1,1,LHb,LHb,si,b5-lhb-m10_3,Oval/Medial
TTGGGCGGTGCATTAC-1,2,LHb,LHb,si,b5-lhb-m10_3,Marginal
TTGGGTAAGACGCAGT-1,1,LHb,LHb,si,b5-lhb-m10_3,Oval/Medial
TTGGTTTAGCCTAGGA-1-1,2,LHb,LHb,si,b5-lhb-m10_3,Oval/Medial
TTGGTTTAGTGGAATT-1,0,LHb,LHb,si,b5-lhb-m10_3,Oval/Medial
TTGGTTTCAATGGGTG-1,13,LHb,LHb,si,b5-lhb-m10_3,Hbx
TTGGTTTCATGCCGGT-1,0,LHb,LHb,si,b5-lhb-m10_3,Oval/Medial
TTGGTTTGTGGACTAG-1,1,LHb,LHb,si,b5-lhb-m10_3,Oval/Medial
TTGTGGAAGCTGAAGC-1-1,0,LHb,LHb,si,b5-lhb-m10_3,Oval/Medial
TTGTGGAAGCTTCATG-1,1,LHb,LHb,si,b5-lhb-m10_3,Oval/Medial
TTGTGGACAATCAGCT-1,13,LHb,LHb,si,b5-lhb-m10_3,Oval/Medial
TTGTGGACAGGACGAT-1,1,LHb,LHb,si,b5-lhb-m10_3,Oval/Medial
TTGTGGAGTCACCGCA-1,2,LHb,LHb,si,b5-lhb-m10_3,Hbx
TTGTGTTAGACTCGAG-1,1,LHb,LHb,si,b5-lhb-m10_3,Oval/Medial
TTGTGTTTCGTTAGAC-1,1,LHb,LHb,si,b5-lhb-m10_3,Oval/Medial
TTGTTCACAACAGCCC-1,0,LHb,LHb,si,b5-lhb-m10_3,Oval/Medial
TTGTTCACACACCTAA-1,1,LHb,LHb,si,b5-lhb-m10_3,Oval/Medial
TTGTTCACAGGGTCTC-1,1,LHb,LHb,si,b5-lhb-m10_3,Oval/Medial
TTGTTCAGTTTCTATC-1,0,LHb,LHb,si,b5-lhb-m10_3,Oval/Medial
TTGTTCATCCTCGATC-1,1,LHb,LHb,si,b5-lhb-m10_3,Lateral
TTGTTCATCCTCTTTC-1,1,LHb,LHb,si,b5-lhb-m10_3,Oval/Medial
TTGTTGTGTCCAGTTA-1,1,LHb,LHb,si,b5-lhb-m10_3,Oval/Medial
TTGTTGTGTGGACTAG-1,2,LHb,LHb,si,b5-lhb-m10_3,Oval/Medial
TTGTTGTTCCATCACC-1,1,LHb,LHb,si,b5-lhb-m10_3,Oval/Medial
TTGTTGTTCGTCCATC-1,1,LHb,LHb,si,b5-lhb-m10_3,Oval/Medial
TTGTTTGAGCCGAATG-1,1,LHb,LHb,si,b5-lhb-m10_3,Oval/Medial
TTGTTTGAGGATTCCT-1,1,LHb,LHb,si,b5-lhb-m10_3,Oval/Medial
TTGTTTGAGTCACAGG-1,1,LHb,LHb,si,b5-lhb-m10_3,Oval/Medial
TTGTTTGCAATAGAGT-1,0,LHb,LHb,si,b5-lhb-m10_3,Oval/Medial
TTGTTTGCAGGTTCAT-1,1,LHb,LHb,si,b5-lhb-m10_3,Oval/Medial
TTGTTTGCATATTCGG-1,4,LHb,LHb,si,b5-lhb-m10_3,Oval/Medial
TTGTTTGCATGGAATA-1,1,LHb,LHb,si,b5-lhb-m10_3,Lateral
TTGTTTGGTTTGGCTA-1,1,LHb,LHb,si,b5-lhb-m10_3,Oval/Medial
TTGTTTGGTTTGTGGT-1,13,LHb,LHb,si,b5-lhb-m10_3,Lateral
TTGTTTGTCCCGAAAT-1,1,LHb,LHb,si,b5-lhb-m10_3,Oval/Medial
TTTACCAGTGGCCCAT-1,1,LHb,LHb,si,b5-lhb-m10_3,Oval/Medial
TTTACCATCGGTCGAC-1,4,LHb,LHb,si,b5-lhb-m10_3,Marginal
TTTACGTAGTAACCGG-1,0,LHb,LHb,si,b5-lhb-m10_3,Oval/Medial
TTTACGTTCACGGACC-1,0,LHb,LHb,si,b5-lhb-m10_3,Oval/Medial
TTTACGTTCCAAGCCG-1,1,LHb,LHb,si,b5-lhb-m10_3,Oval/Medial
TTTACGTTCGCTGCGA-1,1,LHb,LHb,si,b5-lhb-m10_3,Oval/Medial
TTTACGTTCGTAGAGG-1,1,LHb,LHb,si,b5-lhb-m10_3,Oval/Medial
TTTACTGAGACTTCCA-1,1,LHb,LHb,si,b5-lhb-m10_3,Oval/Medial
TTTACTGAGCTGCGAA-1,1,LHb,LHb,si,b5-lhb-m10_3,Oval/Medial
TTTACTGCAACGACAG-1,1,LHb,LHb,si,b5-lhb-m10_3,Oval/Medial
TTTACTGGTTAATCGC-1,1,LHb,LHb,si,b5-lhb-m10_3,Oval/Medial
TTTACTGTCCCTTCCC-1,1,LHb,LHb,si,b5-lhb-m10_3,Oval/Medial
TTTAGTCAGGCATTTC-1,0,LHb,LHb,si,b5-lhb-m10_3,Oval/Medial
TTTAGTCCAACACACT-1,1,LHb,LHb,si,b5-lhb-m10_3,Oval/Medial
TTTAGTCGTCATCAGT-1,1,LHb,LHb,si,b5-lhb-m10_3,Oval/Medial
TTTAGTCGTCTATGAC-1,2,LHb,LHb,si,b5-lhb-m10_3,Marginal
TTTATGCTCACCCTTG-1,1,LHb,LHb,si,b5-lhb-m10_3,Oval/Medial
TTTCACACAGGTATGG-1,1,LHb,LHb,si,b5-lhb-m10_3,Oval/Medial
TTTCACAGTCAACCTA-1,1,LHb,LHb,si,b5-lhb-m10_3,Oval/Medial
TTTCACATCCCAAGTA-1,1,LHb,LHb,si,b5-lhb-m10_3,Oval/Medial
TTTCAGTCACAAGCTT-1,1,LHb,LHb,si,b5-lhb-m10_3,Oval/Medial
TTTCAGTCATATTCGG-1,1,LHb,LHb,si,b5-lhb-m10_3,Oval/Medial
TTTCAGTCATCATCCC-1,1,LHb,LHb,si,b5-lhb-m10_3,Oval/Medial
TTTCAGTGTAGGGAGG-1,0,LHb,LHb,si,b5-lhb-m10_3,Oval/Medial
TTTCAGTTCTAGACAC-1-1,1,LHb,LHb,si,b5-lhb-m10_3,Oval/Medial
TTTCAGTTCTATCGGA-1,1,LHb,LHb,si,b5-lhb-m10_3,Oval/Medial
TTTCATGGTTTAGTCG-1,1,LHb,LHb,si,b5-lhb-m10_3,Oval/Medial
TTTCCTCAGCACACCC-1,0,LHb,LHb,si,b5-lhb-m10_3,Hbx
TTTCCTCCAATCACGT-1,1,LHb,LHb,si,b5-lhb-m10_3,Oval/Medial
TTTCCTCCACTTTATC-1,4,LHb,LHb,si,b5-lhb-m10_3,Oval/Medial
TTTCGATAGCAAATGT-1-1,1,LHb,LHb,si,b5-lhb-m10_3,Oval/Medial
TTTCGATAGCTGAAAT-1,1,LHb,LHb,si,b5-lhb-m10_3,Oval/Medial
TTTCGATGTAGCGCTC-1,1,LHb,LHb,si,b5-lhb-m10_3,Oval/Medial
TTTCGATGTCCCGGTA-1,1,LHb,LHb,si,b5-lhb-m10_3,Oval/Medial
TTTCGATTCAGATGCT-1,2,LHb,LHb,si,b5-lhb-m10_3,Hbx
TTTGACTCATGTGGTT-1,4,LHb,LHb,si,b5-lhb-m10_3,Hbx
TTTGACTGTAATGCTC-1,1,LHb,LHb,si,b5-lhb-m10_3,Oval/Medial
TTTGACTGTTCATCTT-1,1,LHb,LHb,si,b5-lhb-m10_3,Oval/Medial
TTTGACTTCGAGAAGC-1,1,LHb,LHb,si,b5-lhb-m10_3,Oval/Medial
TTTGATCCAACCACGC-1,1,LHb,LHb,si,b5-lhb-m10_3,Oval/Medial
TTTGATCCATCCGGTG-1,1,LHb,LHb,si,b5-lhb-m10_3,Oval/Medial
TTTGATCGTGATAGTA-1,0,LHb,LHb,si,b5-lhb-m10_3,Oval/Medial
TTTGATCGTGCGTGCT-1,2,LHb,LHb,si,b5-lhb-m10_3,Hbx
TTTGATCGTTCATCGA-1,16,LHb,LHb,si,b5-lhb-m10_3,Oval/Medial
TTTGATCGTTGTTGAC-1,2,LHb,LHb,si,b5-lhb-m10_3,Oval/Medial
TTTGGAGAGGGTAGCT-1,4,LHb,LHb,si,b5-lhb-m10_3,Oval/Medial
TTTGGTTCAACACACT-1,4,LHb,LHb,si,b5-lhb-m10_3,Oval/Medial
TTTGGTTCAGCACCCA-1,0,LHb,LHb,si,b5-lhb-m10_3,Oval/Medial
TTTGGTTCAGCGCTTG-1,1,LHb,LHb,si,b5-lhb-m10_3,Oval/Medial
TTTGGTTTCCGTAATG-1,0,LHb,LHb,si,b5-lhb-m10_3,Oval/Medial
TTTGGTTTCTCTGCCA-1,1,LHb,LHb,si,b5-lhb-m10_3,Lateral
TTTGTTGCAGATCCAT-1,0,LHb,LHb,si,b5-lhb-m10_3,Oval/Medial
AAACGAAAGAAAGTCT-1,1,LHb,LHb,susceptible,c6-lhb-m07_5,Oval/Medial
AAACGCTGTAATTGGA-1,1,LHb,LHb,susceptible,c6-lhb-m07_5,Oval/Medial
AAACGCTGTACGAAAT-1,1,LHb,LHb,susceptible,c6-lhb-m07_5,Lateral
AAAGGATTCTGTCGTC-1-1,1,LHb,LHb,susceptible,c6-lhb-m07_5,Oval/Medial
AAAGGGCCAATGCAAA-1,1,LHb,LHb,susceptible,c6-lhb-m07_5,Oval/Medial
AAAGTCCAGGTCGTCC-1,1,LHb,LHb,susceptible,c6-lhb-m07_5,Oval/Medial
AAAGTCCAGTCGCCAC-1,1,LHb,LHb,susceptible,c6-lhb-m07_5,Oval/Medial
AAAGTCCCAGCTTTCC-1,1,LHb,LHb,susceptible,c6-lhb-m07_5,Oval/Medial
AAAGTGAAGTACCGGA-1,1,LHb,LHb,susceptible,c6-lhb-m07_5,Oval/Medial
AAAGTGATCACAAGAA-1,1,LHb,LHb,susceptible,c6-lhb-m07_5,Oval/Medial
AAATGGAGTATGCGGA-1,1,LHb,LHb,susceptible,c6-lhb-m07_5,Oval/Medial
AACAAAGGTGGAACCA-1,1,LHb,LHb,susceptible,c6-lhb-m07_5,Oval/Medial
AACAAAGTCACTGATG-1,13,LHb,LHb,susceptible,c6-lhb-m07_5,Hbx
AACAAAGTCATCCCGT-1,1,LHb,LHb,susceptible,c6-lhb-m07_5,Oval/Medial
AACAACCAGTAAGGGA-1,1,LHb,LHb,susceptible,c6-lhb-m07_5,Oval/Medial
AACAACCCACAATGAA-1,1,LHb,LHb,susceptible,c6-lhb-m07_5,Oval/Medial
AACAACCGTCCTCATC-1,1,LHb,LHb,susceptible,c6-lhb-m07_5,Oval/Medial
AACAAGAGTAAGAACT-1-1,1,LHb,LHb,susceptible,c6-lhb-m07_5,Oval/Medial
AACACACCAGAGTTGG-1,1,LHb,LHb,susceptible,c6-lhb-m07_5,Oval/Medial
AACACACGTACTAACC-1,1,LHb,LHb,susceptible,c6-lhb-m07_5,Oval/Medial
AACACACGTCGCTTGG-1,1,LHb,LHb,susceptible,c6-lhb-m07_5,Oval/Medial
AACAGGGGTATGGTAA-1,1,LHb,LHb,susceptible,c6-lhb-m07_5,Oval/Medial
AACAGGGGTCCGACGT-1,0,LHb,LHb,susceptible,c6-lhb-m07_5,Oval/Medial
AACAGGGTCCGTGTAA-1,1,LHb,LHb,susceptible,c6-lhb-m07_5,Oval/Medial
AACCAACCACCACATA-1,1,LHb,LHb,susceptible,c6-lhb-m07_5,Oval/Medial
AACCACACAACCACGC-1,1,LHb,LHb,susceptible,c6-lhb-m07_5,Oval/Medial
AACCATGTCATAGGCT-1,1,LHb,LHb,susceptible,c6-lhb-m07_5,Oval/Medial
AACCCAACACATTCTT-1,1,LHb,LHb,susceptible,c6-lhb-m07_5,Oval/Medial
AACCCAAGTGTGGTCC-1,1,LHb,LHb,susceptible,c6-lhb-m07_5,Oval/Medial
AACCTTTAGACGATAT-1,1,LHb,LHb,susceptible,c6-lhb-m07_5,Oval/Medial
AACGTCAAGAAGTGTT-1,1,LHb,LHb,susceptible,c6-lhb-m07_5,Oval/Medial
AACGTCAAGTTTGAGA-1,1,LHb,LHb,susceptible,c6-lhb-m07_5,Oval/Medial
AACGTCACAAGACCTT-1,1,LHb,LHb,susceptible,c6-lhb-m07_5,Oval/Medial
AAGAACAAGGCAGGGA-1,1,LHb,LHb,susceptible,c6-lhb-m07_5,Oval/Medial
AAGAACAGTAACAAGT-1,1,LHb,LHb,susceptible,c6-lhb-m07_5,Oval/Medial
AAGACTCAGTAAGCAT-1,1,LHb,LHb,susceptible,c6-lhb-m07_5,Oval/Medial
AAGATAGCAAGAATAC-1,1,LHb,LHb,susceptible,c6-lhb-m07_5,Oval/Medial
AAGATAGGTCGCTTGG-1,1,LHb,LHb,susceptible,c6-lhb-m07_5,Oval/Medial
AAGCCATCATGTACGT-1,1,LHb,LHb,susceptible,c6-lhb-m07_5,Oval/Medial
AAGCGAGAGCAAACAT-1,1,LHb,LHb,susceptible,c6-lhb-m07_5,Oval/Medial
AAGCGTTCATCGTCCT-1,1,LHb,LHb,susceptible,c6-lhb-m07_5,Oval/Medial
AAGCGTTTCACAAGGG-1,1,LHb,LHb,susceptible,c6-lhb-m07_5,Oval/Medial
AAGGAATCAGCGTATT-1,1,LHb,LHb,susceptible,c6-lhb-m07_5,Oval/Medial
AAGGAATGTCTGTCAA-1,1,LHb,LHb,susceptible,c6-lhb-m07_5,Oval/Medial
AAGGAATGTCTGTGCG-1,1,LHb,LHb,susceptible,c6-lhb-m07_5,Oval/Medial
AAGGTAAAGCATTTGC-1,1,LHb,LHb,susceptible,c6-lhb-m07_5,Oval/Medial
AAGTCGTAGTCGCCAC-1,1,LHb,LHb,susceptible,c6-lhb-m07_5,Oval/Medial
AAGTGAAAGAACCGCA-1,1,LHb,LHb,susceptible,c6-lhb-m07_5,Oval/Medial
AAGTGAATCGCCTTGT-1,9,LHb,LHb,susceptible,c6-lhb-m07_5,Marginal
AAGTTCGAGAGTCAAT-1,1,LHb,LHb,susceptible,c6-lhb-m07_5,Oval/Medial
AAGTTCGCAACGTATC-1,1,LHb,LHb,susceptible,c6-lhb-m07_5,Oval/Medial
AAGTTCGCACGAAGAC-1,1,LHb,LHb,susceptible,c6-lhb-m07_5,Oval/Medial
AATAGAGTCAAACGTC-1,13,LHb,LHb,susceptible,c6-lhb-m07_5,Hbx
AATCACGAGTCTGGAG-1,1,LHb,LHb,susceptible,c6-lhb-m07_5,Oval/Medial
AATCACGCATGAGTAA-1,1,LHb,LHb,susceptible,c6-lhb-m07_5,Oval/Medial
AATCACGGTCTAACGT-1,1,LHb,LHb,susceptible,c6-lhb-m07_5,Oval/Medial
AATCACGTCTTCTGTA-1,0,LHb,LHb,susceptible,c6-lhb-m07_5,Oval/Medial
AATCGTGTCGCTCATC-1,1,LHb,LHb,susceptible,c6-lhb-m07_5,Oval/Medial
AATCGTGTCTTGATTC-1,1,LHb,LHb,susceptible,c6-lhb-m07_5,Oval/Medial
AATGAAGCACCCTATC-1,1,LHb,LHb,susceptible,c6-lhb-m07_5,Oval/Medial
AATGAAGGTCTTCCGT-1,1,LHb,LHb,susceptible,c6-lhb-m07_5,Oval/Medial
AATGACCAGGCCACCT-1,1,LHb,LHb,susceptible,c6-lhb-m07_5,Oval/Medial
AATGACCTCTGCCTCA-1,1,LHb,LHb,susceptible,c6-lhb-m07_5,Oval/Medial
AATGCCACAGGCCCTA-1,1,LHb,LHb,susceptible,c6-lhb-m07_5,Oval/Medial
AATGGCTAGTCCGCGT-1,1,LHb,LHb,susceptible,c6-lhb-m07_5,Oval/Medial
AATTCCTCAAAGGCAC-1,1,LHb,LHb,susceptible,c6-lhb-m07_5,Oval/Medial
ACAAAGATCATAGCAC-1,9,LHb,LHb,susceptible,c6-lhb-m07_5,Marginal
ACAAGCTCACGATTCA-1,9,LHb,LHb,susceptible,c6-lhb-m07_5,Marginal
ACACCAATCCAGTTCC-1,1,LHb,LHb,susceptible,c6-lhb-m07_5,Lateral
ACACGCGTCTTTGCGC-1,1,LHb,LHb,susceptible,c6-lhb-m07_5,Oval/Medial
ACAGAAATCCATGATG-1,1,LHb,LHb,susceptible,c6-lhb-m07_5,Oval/Medial
ACAGCCGAGACTCAAA-1,1,LHb,LHb,susceptible,c6-lhb-m07_5,Oval/Medial
ACATCCCTCATGGGAG-1,1,LHb,LHb,susceptible,c6-lhb-m07_5,Oval/Medial
ACATCCCTCCTACGAA-1,1,LHb,LHb,susceptible,c6-lhb-m07_5,Oval/Medial
ACATCGAGTGTTCGTA-1,4,LHb,LHb,susceptible,c6-lhb-m07_5,Marginal
ACATCGATCAGCACCG-1-1,1,LHb,LHb,susceptible,c6-lhb-m07_5,Oval/Medial
ACATGCAAGTTTGCTG-1,1,LHb,LHb,susceptible,c6-lhb-m07_5,Oval/Medial
ACATGCATCAAGAGTA-1,1,LHb,LHb,susceptible,c6-lhb-m07_5,Oval/Medial
ACCAAACAGCTAATCC-1,9,LHb,LHb,susceptible,c6-lhb-m07_5,Marginal
ACCAAACAGGGAGGTG-1,1,LHb,LHb,susceptible,c6-lhb-m07_5,Oval/Medial
ACCAAACCAGAATGTA-1,1,LHb,LHb,susceptible,c6-lhb-m07_5,Oval/Medial
ACCAACAAGATGATTG-1,1,LHb,LHb,susceptible,c6-lhb-m07_5,Oval/Medial
ACCACAAAGATGTTAG-1,1,LHb,LHb,susceptible,c6-lhb-m07_5,Hbx
ACCACAAGTTACACAC-1,2,LHb,LHb,susceptible,c6-lhb-m07_5,Marginal
ACCCAAATCCTATTGT-1,1,LHb,LHb,susceptible,c6-lhb-m07_5,Oval/Medial
ACCGTTCTCATTCACT-1,13,LHb,LHb,susceptible,c6-lhb-m07_5,Hbx
ACCTGAAGTGTCCCTT-1,1,LHb,LHb,susceptible,c6-lhb-m07_5,Oval/Medial
ACGATCAAGCCTCAAT-1,1,LHb,LHb,susceptible,c6-lhb-m07_5,Oval/Medial
ACGGGTCTCCGATGCG-1,1,LHb,LHb,susceptible,c6-lhb-m07_5,Oval/Medial
ACGGTCGAGAAACTCA-1,1,LHb,LHb,susceptible,c6-lhb-m07_5,Oval/Medial
ACGGTTACATCGATCA-1,1,LHb,LHb,susceptible,c6-lhb-m07_5,Oval/Medial
ACGTAACAGAAATCCA-1-1,1,LHb,LHb,susceptible,c6-lhb-m07_5,Oval/Medial
ACGTACATCATTTGTC-1,1,LHb,LHb,susceptible,c6-lhb-m07_5,Oval/Medial
ACGTTCCGTCAAAGCG-1,1,LHb,LHb,susceptible,c6-lhb-m07_5,Oval/Medial
ACGTTCCGTCAGACGA-1,1,LHb,LHb,susceptible,c6-lhb-m07_5,Oval/Medial
ACTATGGGTTTGCAGT-1,1,LHb,LHb,susceptible,c6-lhb-m07_5,Lateral
ACTCCCATCTGTCTCG-1,1,LHb,LHb,susceptible,c6-lhb-m07_5,Oval/Medial
ACTGATGCACGACCTG-1,1,LHb,LHb,susceptible,c6-lhb-m07_5,Oval/Medial
ACTGATGGTAATCAGA-1,1,LHb,LHb,susceptible,c6-lhb-m07_5,Oval/Medial
ACTGCAACAAACGGCA-1,1,LHb,LHb,susceptible,c6-lhb-m07_5,Oval/Medial
ACTGCAAGTACAGTCT-1,1,LHb,LHb,susceptible,c6-lhb-m07_5,Oval/Medial
ACTGCAAGTACTCCCT-1,1,LHb,LHb,susceptible,c6-lhb-m07_5,Oval/Medial
ACTGCAATCTCTAAGG-1,1,LHb,LHb,susceptible,c6-lhb-m07_5,Oval/Medial
ACTGTCCAGCACAAAT-1,1,LHb,LHb,susceptible,c6-lhb-m07_5,Oval/Medial
ACTGTCCCAATGAACA-1,1,LHb,LHb,susceptible,c6-lhb-m07_5,Oval/Medial
ACTTATCGTTACGTAC-1,1,LHb,LHb,susceptible,c6-lhb-m07_5,Oval/Medial
ACTTATCTCAAGCTTG-1,1,LHb,LHb,susceptible,c6-lhb-m07_5,Oval/Medial
ACTTCCGGTGAGACCA-1,1,LHb,LHb,susceptible,c6-lhb-m07_5,Oval/Medial
ACTTCGCAGCTTGTGT-1,1,LHb,LHb,susceptible,c6-lhb-m07_5,Oval/Medial
ACTTTCACAGATAAAC-1,1,LHb,LHb,susceptible,c6-lhb-m07_5,Lateral
ACTTTGTGTGGACCTC-1,1,LHb,LHb,susceptible,c6-lhb-m07_5,Oval/Medial
AGAAATGAGAAGGTAG-1,1,LHb,LHb,susceptible,c6-lhb-m07_5,Oval/Medial
AGAAATGAGCCTCATA-1,0,LHb,LHb,susceptible,c6-lhb-m07_5,Oval/Medial
AGAACCTAGGGTGAAA-1,1,LHb,LHb,susceptible,c6-lhb-m07_5,Oval/Medial
AGAACCTCAAGCGCAA-1,1,LHb,LHb,susceptible,c6-lhb-m07_5,Oval/Medial
AGAAGCGAGCTCGAAG-1,1,LHb,LHb,susceptible,c6-lhb-m07_5,Oval/Medial
AGAAGTATCTAAGCGT-1,9,LHb,LHb,susceptible,c6-lhb-m07_5,Marginal
AGAAGTATCTAGCCTC-1,1,LHb,LHb,susceptible,c6-lhb-m07_5,Hbx
AGACACTAGCGAGTAC-1,9,LHb,LHb,susceptible,c6-lhb-m07_5,Marginal
AGACACTAGTTCGCAT-1,1,LHb,LHb,susceptible,c6-lhb-m07_5,Oval/Medial
AGACACTGTTTCCCAC-1,1,LHb,LHb,susceptible,c6-lhb-m07_5,Hbx
AGACCATCATTCAGGT-1,1,LHb,LHb,susceptible,c6-lhb-m07_5,Oval/Medial
AGACCATGTTTAAGGA-1-1,1,LHb,LHb,susceptible,c6-lhb-m07_5,Hbx
AGACCATTCGCGTTTC-1,1,LHb,LHb,susceptible,c6-lhb-m07_5,Oval/Medial
AGACTCAAGTCATTGC-1,1,LHb,LHb,susceptible,c6-lhb-m07_5,Oval/Medial
AGACTCAGTCCTTTGC-1,1,LHb,LHb,susceptible,c6-lhb-m07_5,Oval/Medial
AGACTCATCTCGCTCA-1,1,LHb,LHb,susceptible,c6-lhb-m07_5,Oval/Medial
AGAGAATGTCACCACG-1,1,LHb,LHb,susceptible,c6-lhb-m07_5,Oval/Medial
AGAGAGCCAATTTCTC-1,9,LHb,LHb,susceptible,c6-lhb-m07_5,Marginal
AGAGAGCTCGACCAAT-1,1,LHb,LHb,susceptible,c6-lhb-m07_5,Oval/Medial
AGAGCAGTCGTAGGAG-1,1,LHb,LHb,susceptible,c6-lhb-m07_5,Oval/Medial
AGATCGTTCTGGAGAG-1,1,LHb,LHb,susceptible,c6-lhb-m07_5,Oval/Medial
AGATGAAAGTAAATGC-1,1,LHb,LHb,susceptible,c6-lhb-m07_5,Oval/Medial
AGATGAACATACACCA-1,1,LHb,LHb,susceptible,c6-lhb-m07_5,Oval/Medial
AGATGCTAGGACTATA-1,9,LHb,LHb,susceptible,c6-lhb-m07_5,Oval/Medial
AGCCAATCATCGATGT-1,9,LHb,LHb,susceptible,c6-lhb-m07_5,Marginal
AGCCACGAGCCAAGCA-1,1,LHb,LHb,susceptible,c6-lhb-m07_5,Oval/Medial
AGCCAGCGTTGGAGAC-1,1,LHb,LHb,susceptible,c6-lhb-m07_5,Oval/Medial
AGCGATTAGGGCAGAG-1,1,LHb,LHb,susceptible,c6-lhb-m07_5,Oval/Medial
AGCGTATCATGACTCA-1,1,LHb,LHb,susceptible,c6-lhb-m07_5,Oval/Medial
AGCGTATGTGTTAACC-1,1,LHb,LHb,susceptible,c6-lhb-m07_5,Oval/Medial
AGCGTCGCATTACTCT-1,13,LHb,LHb,susceptible,c6-lhb-m07_5,Oval/Medial
AGGAAATAGGGACCAT-1,1,LHb,LHb,susceptible,c6-lhb-m07_5,Oval/Medial
AGGAATAAGCAATAGT-1,9,LHb,LHb,susceptible,c6-lhb-m07_5,Marginal
AGGAATAGTGCCGTTG-1,1,LHb,LHb,susceptible,c6-lhb-m07_5,Lateral
AGGACTTGTAGTATAG-1,1,LHb,LHb,susceptible,c6-lhb-m07_5,Oval/Medial
AGGAGGTCACCAAATC-1,1,LHb,LHb,susceptible,c6-lhb-m07_5,Oval/Medial
AGGAGGTGTAGCCCTG-1,1,LHb,LHb,susceptible,c6-lhb-m07_5,Oval/Medial
AGGAGGTTCACCGCTT-1,1,LHb,LHb,susceptible,c6-lhb-m07_5,Oval/Medial
AGGATCTCAGCATTGT-1,1,LHb,LHb,susceptible,c6-lhb-m07_5,Oval/Medial
AGGATCTGTCCGATCG-1,1,LHb,LHb,susceptible,c6-lhb-m07_5,Lateral
AGGCATTAGCAAACAT-1,1,LHb,LHb,susceptible,c6-lhb-m07_5,Oval/Medial
AGGCTGCAGGGCAGAG-1,1,LHb,LHb,susceptible,c6-lhb-m07_5,Oval/Medial
AGGCTGCCACTACCGG-1,1,LHb,LHb,susceptible,c6-lhb-m07_5,Oval/Medial
AGGCTGCGTGTCCGGT-1,1,LHb,LHb,susceptible,c6-lhb-m07_5,Oval/Medial
AGGGCTCAGAACTCCT-1,1,LHb,LHb,susceptible,c6-lhb-m07_5,Oval/Medial
AGGGTGAGTACCGCGT-1,1,LHb,LHb,susceptible,c6-lhb-m07_5,Lateral
AGGGTTTGTACTAACC-1,1,LHb,LHb,susceptible,c6-lhb-m07_5,Oval/Medial
AGGGTTTGTCTAATCG-1,13,LHb,LHb,susceptible,c6-lhb-m07_5,Oval/Medial
AGGGTTTTCGTAGTCA-1,9,LHb,LHb,susceptible,c6-lhb-m07_5,Marginal
AGGTCATAGCCAGAGT-1,9,LHb,LHb,susceptible,c6-lhb-m07_5,Marginal
AGGTCTAGTTGCAAGG-1,1,LHb,LHb,susceptible,c6-lhb-m07_5,Lateral
AGGTCTATCGGACTTA-1,1,LHb,LHb,susceptible,c6-lhb-m07_5,Oval/Medial
AGGTTACCACACACGC-1,1,LHb,LHb,susceptible,c6-lhb-m07_5,Oval/Medial
AGGTTGTAGACTACGG-1,1,LHb,LHb,susceptible,c6-lhb-m07_5,Oval/Medial
AGTAACCAGAAACCCG-1,1,LHb,LHb,susceptible,c6-lhb-m07_5,Lateral
AGTAACCAGAGTTGTA-1,9,LHb,LHb,susceptible,c6-lhb-m07_5,Marginal
AGTAACCTCAATGTCG-1,1,LHb,LHb,susceptible,c6-lhb-m07_5,Oval/Medial
AGTAACCTCATCTGTT-1,1,LHb,LHb,susceptible,c6-lhb-m07_5,Oval/Medial
AGTACCAAGGTCACTT-1,1,LHb,LHb,susceptible,c6-lhb-m07_5,Oval/Medial
AGTACCAGTTAGCTAC-1,9,LHb,LHb,susceptible,c6-lhb-m07_5,Marginal
AGTAGCTGTAGGAGGG-1,1,LHb,LHb,susceptible,c6-lhb-m07_5,Oval/Medial
AGTAGTCTCTTACGTT-1-1,1,LHb,LHb,susceptible,c6-lhb-m07_5,Oval/Medial
AGTCATGCACCAGTAT-1,1,LHb,LHb,susceptible,c6-lhb-m07_5,Oval/Medial
AGTCATGGTGACACGA-1,1,LHb,LHb,susceptible,c6-lhb-m07_5,Oval/Medial
AGTCTCCCACGACAGA-1,1,LHb,LHb,susceptible,c6-lhb-m07_5,Oval/Medial
AGTGATCCACATTGTG-1-1,1,LHb,LHb,susceptible,c6-lhb-m07_5,Oval/Medial
AGTGCCGCAGCGTGCT-1,1,LHb,LHb,susceptible,c6-lhb-m07_5,Oval/Medial
AGTGCCGGTGAATAAC-1,1,LHb,LHb,susceptible,c6-lhb-m07_5,Oval/Medial
AGTGCCGGTTAAGTCC-1,1,LHb,LHb,susceptible,c6-lhb-m07_5,Oval/Medial
AGTGTTGGTCTCACGG-1,1,LHb,LHb,susceptible,c6-lhb-m07_5,Oval/Medial
AGTTCCCGTAGACAGC-1,9,LHb,LHb,susceptible,c6-lhb-m07_5,Marginal
AGTTCGAGTCCTACGG-1,1,LHb,LHb,susceptible,c6-lhb-m07_5,Oval/Medial
ATACCGATCAGCAGAG-1-1,1,LHb,LHb,susceptible,c6-lhb-m07_5,Oval/Medial
ATAGACCCAGGAGGTT-1,1,LHb,LHb,susceptible,c6-lhb-m07_5,Oval/Medial
ATAGAGACAACACAAA-1-1,1,LHb,LHb,susceptible,c6-lhb-m07_5,Oval/Medial
ATAGAGATCGATGGAG-1,1,LHb,LHb,susceptible,c6-lhb-m07_5,Oval/Medial
ATAGGCTCATGTGCTA-1,0,LHb,LHb,susceptible,c6-lhb-m07_5,Hbx
ATATCCTCAATACCCA-1,1,LHb,LHb,susceptible,c6-lhb-m07_5,Oval/Medial
ATATCCTGTAAGATCA-1,1,LHb,LHb,susceptible,c6-lhb-m07_5,Lateral
ATCACAGCATGGACAG-1,1,LHb,LHb,susceptible,c6-lhb-m07_5,Lateral
ATCACGAAGATTCGCT-1,1,LHb,LHb,susceptible,c6-lhb-m07_5,Lateral
ATCACGAGTCTGCAAT-1,1,LHb,LHb,susceptible,c6-lhb-m07_5,Oval/Medial
ATCAGGTAGTGCTAGG-1,9,LHb,LHb,susceptible,c6-lhb-m07_5,Oval/Medial
ATCATTCCATGGCACC-1,1,LHb,LHb,susceptible,c6-lhb-m07_5,Oval/Medial
ATCATTCTCATGTCTT-1,1,LHb,LHb,susceptible,c6-lhb-m07_5,Oval/Medial
ATCCACCCATACAGCT-1,1,LHb,LHb,susceptible,c6-lhb-m07_5,Oval/Medial
ATCCACCCATGTACGT-1,1,LHb,LHb,susceptible,c6-lhb-m07_5,Oval/Medial
ATCCATTAGATCCTAC-1,1,LHb,LHb,susceptible,c6-lhb-m07_5,Oval/Medial
ATCCATTAGGTTAAAC-1,1,LHb,LHb,susceptible,c6-lhb-m07_5,Oval/Medial
ATCCATTCACCAGTTA-1,1,LHb,LHb,susceptible,c6-lhb-m07_5,Oval/Medial
ATCCATTTCACCCATC-1,1,LHb,LHb,susceptible,c6-lhb-m07_5,Oval/Medial
ATCCCTGAGGGCGAGA-1,1,LHb,LHb,susceptible,c6-lhb-m07_5,Oval/Medial
ATCCCTGGTCTTGAAC-1,1,LHb,LHb,susceptible,c6-lhb-m07_5,Oval/Medial
ATCCGTCCAAATGCGG-1,1,LHb,LHb,susceptible,c6-lhb-m07_5,Oval/Medial
ATCCTATGTATACGGG-1-1,1,LHb,LHb,susceptible,c6-lhb-m07_5,Oval/Medial
ATCGGATCAAACGTGG-1-1,1,LHb,LHb,susceptible,c6-lhb-m07_5,Oval/Medial
ATCGGATCAGTAGAGC-1,1,LHb,LHb,susceptible,c6-lhb-m07_5,Oval/Medial
ATCGGCGAGCACCGTC-1,1,LHb,LHb,susceptible,c6-lhb-m07_5,Oval/Medial
ATCGGCGAGGCTGGAT-1,1,LHb,LHb,susceptible,c6-lhb-m07_5,Oval/Medial
ATCGTAGGTAGATTAG-1,1,LHb,LHb,susceptible,c6-lhb-m07_5,Oval/Medial
ATCGTGAAGGCTTAAA-1,13,LHb,LHb,susceptible,c6-lhb-m07_5,Oval/Medial
ATCGTGAGTCCTGTCT-1,1,LHb,LHb,susceptible,c6-lhb-m07_5,Oval/Medial
ATCGTGAGTCTCTCTG-1,1,LHb,LHb,susceptible,c6-lhb-m07_5,Oval/Medial
ATCGTGAGTGTTACTG-1,1,LHb,LHb,susceptible,c6-lhb-m07_5,Oval/Medial
ATCGTGATCGTGTCAA-1,1,LHb,LHb,susceptible,c6-lhb-m07_5,Oval/Medial
ATCTCTACATTGCAAC-1,1,LHb,LHb,susceptible,c6-lhb-m07_5,Oval/Medial
ATGAAAGAGGCCTGCT-1,1,LHb,LHb,susceptible,c6-lhb-m07_5,Oval/Medial
ATGAAAGCAATGGCCC-1,1,LHb,LHb,susceptible,c6-lhb-m07_5,Oval/Medial
ATGAAAGTCGAGAATA-1,1,LHb,LHb,susceptible,c6-lhb-m07_5,Oval/Medial
ATGACCACACTAACCA-1,9,LHb,LHb,susceptible,c6-lhb-m07_5,Oval/Medial
ATGACCATCGTGGTAT-1,1,LHb,LHb,susceptible,c6-lhb-m07_5,Oval/Medial
ATGAGTCTCTGGTTGA-1,1,LHb,LHb,susceptible,c6-lhb-m07_5,Oval/Medial
ATGATCGGTAGCCAGA-1,1,LHb,LHb,susceptible,c6-lhb-m07_5,Oval/Medial
ATGATCGTCAGCCTTC-1,1,LHb,LHb,susceptible,c6-lhb-m07_5,Oval/Medial
ATGCCTCAGGACAGCT-1,1,LHb,LHb,susceptible,c6-lhb-m07_5,Lateral
ATGCCTCAGTCGCCAC-1,1,LHb,LHb,susceptible,c6-lhb-m07_5,Oval/Medial
ATGCCTCCACGTACAT-1,9,LHb,LHb,susceptible,c6-lhb-m07_5,Oval/Medial
ATGCCTCCACTCAGAT-1,1,LHb,LHb,susceptible,c6-lhb-m07_5,Oval/Medial
ATGCCTCCAGTCGTTA-1,1,LHb,LHb,susceptible,c6-lhb-m07_5,Hbx
ATGCCTCTCCGATAAC-1,1,LHb,LHb,susceptible,c6-lhb-m07_5,Oval/Medial
ATGGAGGCAATCGAAA-1,1,LHb,LHb,susceptible,c6-lhb-m07_5,Oval/Medial
ATGGATCAGTGTTCAC-1,9,LHb,LHb,susceptible,c6-lhb-m07_5,Marginal
ATGGGAGGTCAACCAT-1,1,LHb,LHb,susceptible,c6-lhb-m07_5,Oval/Medial
ATGGGTTCAGTTGTCA-1,1,LHb,LHb,susceptible,c6-lhb-m07_5,Oval/Medial
ATGGGTTCATTGTCGA-1,1,LHb,LHb,susceptible,c6-lhb-m07_5,Hbx
ATGGGTTTCGAGTACT-1,1,LHb,LHb,susceptible,c6-lhb-m07_5,Oval/Medial
ATGGTTGAGCCACTCG-1,1,LHb,LHb,susceptible,c6-lhb-m07_5,Oval/Medial
ATGTCCCCAACGATTC-1,9,LHb,LHb,susceptible,c6-lhb-m07_5,Marginal
ATGTCCCCATGAGATA-1,1,LHb,LHb,susceptible,c6-lhb-m07_5,Oval/Medial
ATGTCCCGTACTGCCG-1,1,LHb,LHb,susceptible,c6-lhb-m07_5,Oval/Medial
ATGTCCCGTTCGGCGT-1,1,LHb,LHb,susceptible,c6-lhb-m07_5,Oval/Medial
ATTACCTGTAATGATG-1,1,LHb,LHb,susceptible,c6-lhb-m07_5,Oval/Medial
ATTACCTGTATCGCTA-1,1,LHb,LHb,susceptible,c6-lhb-m07_5,Oval/Medial
ATTCACTAGGGAGGGT-1,1,LHb,LHb,susceptible,c6-lhb-m07_5,Lateral
ATTCAGGAGCCTCTTC-1,1,LHb,LHb,susceptible,c6-lhb-m07_5,Lateral
ATTCAGGGTGATTCAC-1,1,LHb,LHb,susceptible,c6-lhb-m07_5,Lateral
ATTCAGGTCATACGAC-1,1,LHb,LHb,susceptible,c6-lhb-m07_5,Hbx
ATTCATCCAGCTGTAT-1,1,LHb,LHb,susceptible,c6-lhb-m07_5,Oval/Medial
ATTCATCGTGTCCGTG-1,1,LHb,LHb,susceptible,c6-lhb-m07_5,Oval/Medial
ATTCCATAGGCTGTAG-1,1,LHb,LHb,susceptible,c6-lhb-m07_5,Oval/Medial
ATTCCATGTTGGAGAC-1,1,LHb,LHb,susceptible,c6-lhb-m07_5,Lateral
ATTCCATTCCGTGGTG-1,1,LHb,LHb,susceptible,c6-lhb-m07_5,Oval/Medial
ATTCCCGCATGGACAG-1,1,LHb,LHb,susceptible,c6-lhb-m07_5,Oval/Medial
ATTCCTATCCTTTGAT-1,1,LHb,LHb,susceptible,c6-lhb-m07_5,Hbx
ATTCGTTGTGTTCGTA-1,1,LHb,LHb,susceptible,c6-lhb-m07_5,Oval/Medial
ATTCTACAGGCCTAAG-1,1,LHb,LHb,susceptible,c6-lhb-m07_5,Oval/Medial
ATTCTACAGTCAATCC-1,1,LHb,LHb,susceptible,c6-lhb-m07_5,Oval/Medial
ATTCTTGCATGGCCCA-1,1,LHb,LHb,susceptible,c6-lhb-m07_5,Oval/Medial
ATTGGGTAGAGAACCC-1,1,LHb,LHb,susceptible,c6-lhb-m07_5,Oval/Medial
ATTGGGTCAAAGGCAC-1,1,LHb,LHb,susceptible,c6-lhb-m07_5,Oval/Medial
ATTGGGTCAACAAAGT-1,1,LHb,LHb,susceptible,c6-lhb-m07_5,Oval/Medial
ATTGGGTCAACTCATG-1,1,LHb,LHb,susceptible,c6-lhb-m07_5,Oval/Medial
ATTGGGTGTATGTCCA-1,9,LHb,LHb,susceptible,c6-lhb-m07_5,Marginal
ATTGTTCAGTTAACGA-1,9,LHb,LHb,susceptible,c6-lhb-m07_5,Oval/Medial
ATTTACCTCAAATGCC-1,1,LHb,LHb,susceptible,c6-lhb-m07_5,Oval/Medial
ATTTCACTCTGCTGAA-1,9,LHb,LHb,susceptible,c6-lhb-m07_5,Marginal
CAAAGAAAGATGCGAC-1,1,LHb,LHb,susceptible,c6-lhb-m07_5,Oval/Medial
CAACAACAGGGTAGCT-1,1,LHb,LHb,susceptible,c6-lhb-m07_5,Oval/Medial
CAACAGTAGACAAGCC-1,9,LHb,LHb,susceptible,c6-lhb-m07_5,Marginal
CAACCTCCAACTGATC-1,1,LHb,LHb,susceptible,c6-lhb-m07_5,Lateral
CAACCTCTCAGCTGTA-1,0,LHb,LHb,susceptible,c6-lhb-m07_5,Oval/Medial
CAACGATAGTTCGCAT-1-1,1,LHb,LHb,susceptible,c6-lhb-m07_5,Oval/Medial
CAACGATTCGAGATAA-1,1,LHb,LHb,susceptible,c6-lhb-m07_5,Oval/Medial
CAACGGCCAGATCATC-1,1,LHb,LHb,susceptible,c6-lhb-m07_5,Oval/Medial
CAACGGCTCCTACCAC-1,1,LHb,LHb,susceptible,c6-lhb-m07_5,Oval/Medial
CAAGACTTCTCGGGAC-1,1,LHb,LHb,susceptible,c6-lhb-m07_5,Oval/Medial
CAAGAGGAGGACCCAA-1,1,LHb,LHb,susceptible,c6-lhb-m07_5,Oval/Medial
CAAGAGGGTCGACTTA-1,1,LHb,LHb,susceptible,c6-lhb-m07_5,Oval/Medial
CAAGCTAAGCCTCTTC-1,1,LHb,LHb,susceptible,c6-lhb-m07_5,Oval/Medial
CAAGGGAAGAACGTGC-1,1,LHb,LHb,susceptible,c6-lhb-m07_5,Oval/Medial
CAAGGGACACTATCCC-1,1,LHb,LHb,susceptible,c6-lhb-m07_5,Oval/Medial
CAATACGGTGAGCAGT-1,1,LHb,LHb,susceptible,c6-lhb-m07_5,Oval/Medial
CAATACGTCGTGACTA-1,1,LHb,LHb,susceptible,c6-lhb-m07_5,Hbx
CAATCGAGTCTATGAC-1,1,LHb,LHb,susceptible,c6-lhb-m07_5,Oval/Medial
CAATGACAGCTAGAAT-1,1,LHb,LHb,susceptible,c6-lhb-m07_5,Oval/Medial
CAATGACGTCGAACAG-1,1,LHb,LHb,susceptible,c6-lhb-m07_5,Oval/Medial
CAATGACTCCTACAAG-1,1,LHb,LHb,susceptible,c6-lhb-m07_5,Oval/Medial
CAATGACTCGTCAAAC-1,1,LHb,LHb,susceptible,c6-lhb-m07_5,Oval/Medial
CAATTTCCACGCAGTC-1,1,LHb,LHb,susceptible,c6-lhb-m07_5,Oval/Medial
CAATTTCGTAGAATGT-1,1,LHb,LHb,susceptible,c6-lhb-m07_5,Lateral
CACACAAAGCGACTGA-1,1,LHb,LHb,susceptible,c6-lhb-m07_5,Hbx
CACAGATCAACTAGAA-1,1,LHb,LHb,susceptible,c6-lhb-m07_5,Hbx
CACAGATGTAGCTGAG-1,1,LHb,LHb,susceptible,c6-lhb-m07_5,Oval/Medial
CACATGACATGACGTT-1,1,LHb,LHb,susceptible,c6-lhb-m07_5,Oval/Medial
CACCAAAAGCCTGACC-1,1,LHb,LHb,susceptible,c6-lhb-m07_5,Oval/Medial
CACCAAAGTTAATCGC-1,1,LHb,LHb,susceptible,c6-lhb-m07_5,Oval/Medial
CACCGTTAGTGTACCT-1,1,LHb,LHb,susceptible,c6-lhb-m07_5,Oval/Medial
CACGAATTCCACGGGT-1,1,LHb,LHb,susceptible,c6-lhb-m07_5,Oval/Medial
CACGGGTCACATACTG-1,1,LHb,LHb,susceptible,c6-lhb-m07_5,Hbx
CACGTTCCACAATCTG-1,1,LHb,LHb,susceptible,c6-lhb-m07_5,Hbx
CACGTTCCACTTCTCG-1,1,LHb,LHb,susceptible,c6-lhb-m07_5,Oval/Medial
CACTAAGAGAATTCAG-1,1,LHb,LHb,susceptible,c6-lhb-m07_5,Oval/Medial
CACTAAGCACAAGCTT-1,1,LHb,LHb,susceptible,c6-lhb-m07_5,Oval/Medial
CACTAAGTCACAGTGT-1,1,LHb,LHb,susceptible,c6-lhb-m07_5,Oval/Medial
CACTGAACAGTAGGAC-1,1,LHb,LHb,susceptible,c6-lhb-m07_5,Oval/Medial
CACTGGGCATCAGCGC-1,1,LHb,LHb,susceptible,c6-lhb-m07_5,Oval/Medial
CACTGGGGTCCTGGGT-1,1,LHb,LHb,susceptible,c6-lhb-m07_5,Oval/Medial
CACTGTCAGGCTCACC-1,1,LHb,LHb,susceptible,c6-lhb-m07_5,Lateral
CAGATACCAAAGCTAA-1,1,LHb,LHb,susceptible,c6-lhb-m07_5,Oval/Medial
CAGATCACAGCAGTGA-1,1,LHb,LHb,susceptible,c6-lhb-m07_5,Oval/Medial
CAGATTGAGACCATAA-1,1,LHb,LHb,susceptible,c6-lhb-m07_5,Oval/Medial
CAGCAATAGGTCCCTG-1,1,LHb,LHb,susceptible,c6-lhb-m07_5,Oval/Medial
CAGCAATGTTTCTATC-1,1,LHb,LHb,susceptible,c6-lhb-m07_5,Oval/Medial
CAGCGTGAGATCACCT-1-1,1,LHb,LHb,susceptible,c6-lhb-m07_5,Oval/Medial
CAGCGTGCAGGCTACC-1,9,LHb,LHb,susceptible,c6-lhb-m07_5,Marginal
CAGGGCTGTCATCGGC-1,1,LHb,LHb,susceptible,c6-lhb-m07_5,Oval/Medial
CAGGTATTCCACAGGC-1,1,LHb,LHb,susceptible,c6-lhb-m07_5,Oval/Medial
CAGTGCGCATTAAAGG-1,1,LHb,LHb,susceptible,c6-lhb-m07_5,Oval/Medial
CAGTGCGGTACAAGCG-1,1,LHb,LHb,susceptible,c6-lhb-m07_5,Oval/Medial
CAGTGCGGTAGAATGT-1,1,LHb,LHb,susceptible,c6-lhb-m07_5,Oval/Medial
CAGTTAGCACCAGCTG-1,1,LHb,LHb,susceptible,c6-lhb-m07_5,Oval/Medial
CATACAGGTATCTCTT-1,1,LHb,LHb,susceptible,c6-lhb-m07_5,Oval/Medial
CATACCCGTAGAATAC-1,9,LHb,LHb,susceptible,c6-lhb-m07_5,Oval/Medial
CATACTTTCGGAATTC-1,1,LHb,LHb,susceptible,c6-lhb-m07_5,Oval/Medial
CATCAAGCAAAGAACT-1,1,LHb,LHb,susceptible,c6-lhb-m07_5,Oval/Medial
CATCAAGCATTGAAAG-1,1,LHb,LHb,susceptible,c6-lhb-m07_5,Lateral
CATCCACAGTAAATGC-1,9,LHb,LHb,susceptible,c6-lhb-m07_5,Marginal
CATCCGTAGGTTTGAA-1,1,LHb,LHb,susceptible,c6-lhb-m07_5,Oval/Medial
CATCCGTAGTCTGGTT-1,1,LHb,LHb,susceptible,c6-lhb-m07_5,Oval/Medial
CATCGCTGTTGGTGTT-1,1,LHb,LHb,susceptible,c6-lhb-m07_5,Oval/Medial
CATGCAATCCTACGGG-1,1,LHb,LHb,susceptible,c6-lhb-m07_5,Oval/Medial
CATGCCTAGACCTCCG-1,1,LHb,LHb,susceptible,c6-lhb-m07_5,Oval/Medial
CATGCCTAGCAGGCTA-1,9,LHb,LHb,susceptible,c6-lhb-m07_5,Marginal
CATGCCTAGTCGCGAA-1,1,LHb,LHb,susceptible,c6-lhb-m07_5,Oval/Medial
CATGCGGGTGTTCCAA-1,9,LHb,LHb,susceptible,c6-lhb-m07_5,Lateral
CATGCTCCAGTAGAGC-1,1,LHb,LHb,susceptible,c6-lhb-m07_5,Hbx
CATGCTCGTACGAGTG-1,1,LHb,LHb,susceptible,c6-lhb-m07_5,Oval/Medial
CATGCTCTCATCTCTA-1,1,LHb,LHb,susceptible,c6-lhb-m07_5,Oval/Medial
CATTCTAAGGAAGTCC-1,1,LHb,LHb,susceptible,c6-lhb-m07_5,Oval/Medial
CATTCTAAGTACAGCG-1,1,LHb,LHb,susceptible,c6-lhb-m07_5,Oval/Medial
CATTCTAAGTCATGGG-1,1,LHb,LHb,susceptible,c6-lhb-m07_5,Oval/Medial
CATTGAGCAGAACTAA-1,1,LHb,LHb,susceptible,c6-lhb-m07_5,Oval/Medial
CATTGAGCATTATGCG-1,1,LHb,LHb,susceptible,c6-lhb-m07_5,Oval/Medial
CATTGAGTCTTTGCAT-1,1,LHb,LHb,susceptible,c6-lhb-m07_5,Oval/Medial
CATTGCCTCCGTGTAA-1,1,LHb,LHb,susceptible,c6-lhb-m07_5,Oval/Medial
CATTGTTAGCTGAAAT-1,1,LHb,LHb,susceptible,c6-lhb-m07_5,Oval/Medial
CATTGTTCAATGTCTG-1,1,LHb,LHb,susceptible,c6-lhb-m07_5,Oval/Medial
CCAAGCGAGCTATCTG-1,9,LHb,LHb,susceptible,c6-lhb-m07_5,Marginal
CCAATGATCTAAACGC-1,1,LHb,LHb,susceptible,c6-lhb-m07_5,Oval/Medial
CCAATTTCAGTGCGCT-1,1,LHb,LHb,susceptible,c6-lhb-m07_5,Oval/Medial
CCAATTTTCGTTACCC-1,1,LHb,LHb,susceptible,c6-lhb-m07_5,Oval/Medial
CCACAAAGTACGAGCA-1,1,LHb,LHb,susceptible,c6-lhb-m07_5,Oval/Medial
CCACACTCATGAGGGT-1,9,LHb,LHb,susceptible,c6-lhb-m07_5,Marginal
CCACGAGCAGACTCTA-1,1,LHb,LHb,susceptible,c6-lhb-m07_5,Lateral
CCACGAGGTCCGACGT-1,9,LHb,LHb,susceptible,c6-lhb-m07_5,Marginal
CCACTTGCATCGCTCT-1,1,LHb,LHb,susceptible,c6-lhb-m07_5,Oval/Medial
CCACTTGGTAGCTTAC-1,1,LHb,LHb,susceptible,c6-lhb-m07_5,Oval/Medial
CCACTTGGTATCGTAC-1,1,LHb,LHb,susceptible,c6-lhb-m07_5,Oval/Medial
CCATAAGAGCGTGCCT-1,1,LHb,LHb,susceptible,c6-lhb-m07_5,Oval/Medial
CCATAAGAGTCTCCTC-1,1,LHb,LHb,susceptible,c6-lhb-m07_5,Oval/Medial
CCATAAGTCCTCTCGA-1,1,LHb,LHb,susceptible,c6-lhb-m07_5,Oval/Medial
CCATAAGTCGGTCTAA-1,1,LHb,LHb,susceptible,c6-lhb-m07_5,Oval/Medial
CCATCACAGGCACAAC-1,1,LHb,LHb,susceptible,c6-lhb-m07_5,Oval/Medial
CCATCACTCCAAGGGA-1,1,LHb,LHb,susceptible,c6-lhb-m07_5,Oval/Medial
CCCAACTCAACGACAG-1,1,LHb,LHb,susceptible,c6-lhb-m07_5,Oval/Medial
CCCATTGCATGAAGCG-1,1,LHb,LHb,susceptible,c6-lhb-m07_5,Hbx
CCCGAAGCAATTCTCT-1,1,LHb,LHb,susceptible,c6-lhb-m07_5,Oval/Medial
CCCGAAGGTCGAGCTC-1,1,LHb,LHb,susceptible,c6-lhb-m07_5,Oval/Medial
CCCGAAGTCTTGTTAC-1,1,LHb,LHb,susceptible,c6-lhb-m07_5,Oval/Medial
CCCTAACGTAGTCACT-1,1,LHb,LHb,susceptible,c6-lhb-m07_5,Hbx
CCCTCTCTCCACGAAT-1,1,LHb,LHb,susceptible,c6-lhb-m07_5,Lateral
CCCTGATAGAAACCCG-1,1,LHb,LHb,susceptible,c6-lhb-m07_5,Oval/Medial
CCCTTAGGTGCCGAAA-1,1,LHb,LHb,susceptible,c6-lhb-m07_5,Oval/Medial
CCGAACGTCATCTATC-1,9,LHb,LHb,susceptible,c6-lhb-m07_5,Marginal
CCGATGGCAACTGTGT-1,4,LHb,LHb,susceptible,c6-lhb-m07_5,Marginal
CCGCAAGGTACTAACC-1,0,LHb,LHb,susceptible,c6-lhb-m07_5,Hbx
CCGCAAGGTGAATGAT-1,1,LHb,LHb,susceptible,c6-lhb-m07_5,Oval/Medial
CCGCAAGTCTACCTTA-1,1,LHb,LHb,susceptible,c6-lhb-m07_5,Oval/Medial
CCGGGTAGTCCATAGT-1,1,LHb,LHb,susceptible,c6-lhb-m07_5,Oval/Medial
CCGGTGAGTTGCCGAC-1,1,LHb,LHb,susceptible,c6-lhb-m07_5,Oval/Medial
CCGGTGATCGTGCAGC-1,1,LHb,LHb,susceptible,c6-lhb-m07_5,Oval/Medial
CCGTAGGGTATCCTCC-1,1,LHb,LHb,susceptible,c6-lhb-m07_5,Oval/Medial
CCGTAGGGTCGTAATC-1,1,LHb,LHb,susceptible,c6-lhb-m07_5,Oval/Medial
CCGTAGGGTTTAGAGA-1,1,LHb,LHb,susceptible,c6-lhb-m07_5,Oval/Medial
CCGTTCATCAGAATAG-1,1,LHb,LHb,susceptible,c6-lhb-m07_5,Lateral
CCGTTCATCCATCTAT-1,1,LHb,LHb,susceptible,c6-lhb-m07_5,Oval/Medial
CCTACGTTCAAGAATG-1,1,LHb,LHb,susceptible,c6-lhb-m07_5,Oval/Medial
CCTATCGTCTGCGTCT-1,4,LHb,LHb,susceptible,c6-lhb-m07_5,Lateral
CCTCATGAGCACGTCC-1,1,LHb,LHb,susceptible,c6-lhb-m07_5,Lateral
CCTCATGCATGACGAG-1,9,LHb,LHb,susceptible,c6-lhb-m07_5,Marginal
CCTCCAAAGAGCATAT-1,1,LHb,LHb,susceptible,c6-lhb-m07_5,Oval/Medial
CCTCCTCCATCCGTTC-1,1,LHb,LHb,susceptible,c6-lhb-m07_5,Oval/Medial
CCTCTAGAGGTAGCCA-1,1,LHb,LHb,susceptible,c6-lhb-m07_5,Oval/Medial
CCTCTAGCAGCGTATT-1,1,LHb,LHb,susceptible,c6-lhb-m07_5,Lateral
CCTCTAGTCAAAGCCT-1,25,LHb,LHb,susceptible,c6-lhb-m07_5,Oval/Medial
CCTCTCCTCCTGGGAC-1,1,LHb,LHb,susceptible,c6-lhb-m07_5,Oval/Medial
CCTGCATAGGTTCATC-1,1,LHb,LHb,susceptible,c6-lhb-m07_5,Hbx
CCTGTTGAGCAGCGAT-1,1,LHb,LHb,susceptible,c6-lhb-m07_5,Oval/Medial
CCTGTTGCAAGACGAC-1,9,LHb,LHb,susceptible,c6-lhb-m07_5,Marginal
CCTTCAGGTAGCGAGT-1,1,LHb,LHb,susceptible,c6-lhb-m07_5,Oval/Medial
CCTTGTGAGGGACAGG-1,1,LHb,LHb,susceptible,c6-lhb-m07_5,Oval/Medial
CCTTGTGAGTGCACAG-1,1,LHb,LHb,susceptible,c6-lhb-m07_5,Oval/Medial
CCTTGTGAGTTTGAGA-1,1,LHb,LHb,susceptible,c6-lhb-m07_5,Oval/Medial
CCTTGTGCATAGGTAA-1,1,LHb,LHb,susceptible,c6-lhb-m07_5,Oval/Medial
CCTTGTGGTTCTTAGG-1,1,LHb,LHb,susceptible,c6-lhb-m07_5,Oval/Medial
CCTTGTGTCCATCTGC-1,1,LHb,LHb,susceptible,c6-lhb-m07_5,Oval/Medial
CCTTGTGTCGGTCTGG-1,1,LHb,LHb,susceptible,c6-lhb-m07_5,Oval/Medial
CCTTTGGGTGCCTATA-1,1,LHb,LHb,susceptible,c6-lhb-m07_5,Oval/Medial
CGAAGTTAGACCACGA-1,1,LHb,LHb,susceptible,c6-lhb-m07_5,Oval/Medial
CGAAGTTGTAACAGTA-1,1,LHb,LHb,susceptible,c6-lhb-m07_5,Oval/Medial
CGAATTGCATCGCTAA-1,9,LHb,LHb,susceptible,c6-lhb-m07_5,Marginal
CGAATTGGTTTACACG-1,1,LHb,LHb,susceptible,c6-lhb-m07_5,Oval/Medial
CGAGAAGAGCTGACAG-1,1,LHb,LHb,susceptible,c6-lhb-m07_5,Lateral
CGAGGAAAGCAGCACA-1,1,LHb,LHb,susceptible,c6-lhb-m07_5,Hbx
CGAGGAACACTACCCT-1,1,LHb,LHb,susceptible,c6-lhb-m07_5,Oval/Medial
CGAGTTAAGTTGCCTA-1,1,LHb,LHb,susceptible,c6-lhb-m07_5,Oval/Medial
CGATCGGGTCCCAAAT-1,0,LHb,LHb,susceptible,c6-lhb-m07_5,Hbx
CGATCGGGTCTACATG-1,1,LHb,LHb,susceptible,c6-lhb-m07_5,Oval/Medial
CGATCGGTCAATCTTC-1,1,LHb,LHb,susceptible,c6-lhb-m07_5,Lateral
CGATGCGCACGACAAG-1,1,LHb,LHb,susceptible,c6-lhb-m07_5,Oval/Medial
CGATGCGCATCGCTCT-1,1,LHb,LHb,susceptible,c6-lhb-m07_5,Oval/Medial
CGATGCGTCCGAAGGA-1,1,LHb,LHb,susceptible,c6-lhb-m07_5,Oval/Medial
CGATGGCCATGTCGTA-1,1,LHb,LHb,susceptible,c6-lhb-m07_5,Oval/Medial
CGATGGCGTACGTGAG-1,1,LHb,LHb,susceptible,c6-lhb-m07_5,Oval/Medial
CGATGGCGTTAGAAAC-1,1,LHb,LHb,susceptible,c6-lhb-m07_5,Oval/Medial
CGCAGGTGTTGGTGTT-1-1,4,LHb,LHb,susceptible,c6-lhb-m07_5,Hbx
CGCATAACAGGCAATG-1,1,LHb,LHb,susceptible,c6-lhb-m07_5,Hbx
CGCATAATCTGAGAAA-1-1,0,LHb,LHb,susceptible,c6-lhb-m07_5,Hbx
CGCATGGCAGGTTCGC-1,1,LHb,LHb,susceptible,c6-lhb-m07_5,Hbx
CGCGTGAAGATGCTGG-1,1,LHb,LHb,susceptible,c6-lhb-m07_5,Oval/Medial
CGCGTGATCGAGCTGC-1,1,LHb,LHb,susceptible,c6-lhb-m07_5,Oval/Medial
CGGACACCAAGCTGTT-1,0,LHb,LHb,susceptible,c6-lhb-m07_5,Oval/Medial
CGGACACTCATGTCTT-1,1,LHb,LHb,susceptible,c6-lhb-m07_5,Oval/Medial
CGGACACTCGGACTTA-1,1,LHb,LHb,susceptible,c6-lhb-m07_5,Oval/Medial
CGGACACTCGTTCATT-1,1,LHb,LHb,susceptible,c6-lhb-m07_5,Oval/Medial
CGGCAGTAGTATTGCC-1,1,LHb,LHb,susceptible,c6-lhb-m07_5,Oval/Medial
CGGCAGTTCAGCAATC-1,1,LHb,LHb,susceptible,c6-lhb-m07_5,Oval/Medial
CGGGACTAGTACAACA-1-1,1,LHb,LHb,susceptible,c6-lhb-m07_5,Hbx
CGGGACTGTCCCGCAA-1,1,LHb,LHb,susceptible,c6-lhb-m07_5,Hbx
CGGGACTTCTGATGGT-1,1,LHb,LHb,susceptible,c6-lhb-m07_5,Oval/Medial
CGGGTCAGTAGATCGG-1,1,LHb,LHb,susceptible,c6-lhb-m07_5,Oval/Medial
CGGTCAGCATGAGATA-1,1,LHb,LHb,susceptible,c6-lhb-m07_5,Oval/Medial
CGGTCAGGTGGAACAC-1,1,LHb,LHb,susceptible,c6-lhb-m07_5,Oval/Medial
CGGTCAGTCTGTGCAA-1,1,LHb,LHb,susceptible,c6-lhb-m07_5,Hbx
CGTAAGTCAGCGCTTG-1,1,LHb,LHb,susceptible,c6-lhb-m07_5,Oval/Medial
CGTAATGTCTTCTGGC-1,1,LHb,LHb,susceptible,c6-lhb-m07_5,Oval/Medial
CGTCCATCATCCAACA-1,1,LHb,LHb,susceptible,c6-lhb-m07_5,Oval/Medial
CGTCCATGTGGTCTAT-1,1,LHb,LHb,susceptible,c6-lhb-m07_5,Lateral
CGTGAATAGATCGACG-1,1,LHb,LHb,susceptible,c6-lhb-m07_5,Oval/Medial
CGTGCTTCAGATTAAG-1,9,LHb,LHb,susceptible,c6-lhb-m07_5,Lateral
CGTGCTTCAGCGGTCT-1,1,LHb,LHb,susceptible,c6-lhb-m07_5,Oval/Medial
CGTGTCTTCGCGGTAC-1,1,LHb,LHb,susceptible,c6-lhb-m07_5,Oval/Medial
CGTTCTGAGACTTGTC-1,1,LHb,LHb,susceptible,c6-lhb-m07_5,Oval/Medial
CGTTCTGAGTAGTCCT-1,1,LHb,LHb,susceptible,c6-lhb-m07_5,Oval/Medial
CGTTGGGGTTCCAGGC-1,1,LHb,LHb,susceptible,c6-lhb-m07_5,Oval/Medial
CGTTGGGTCAAGGAGC-1,1,LHb,LHb,susceptible,c6-lhb-m07_5,Oval/Medial
CGTTGGGTCCACACCT-1,9,LHb,LHb,susceptible,c6-lhb-m07_5,Marginal
CTAACTTCACCGTCGA-1,1,LHb,LHb,susceptible,c6-lhb-m07_5,Oval/Medial
CTAACTTTCTTGTTAC-1,1,LHb,LHb,susceptible,c6-lhb-m07_5,Oval/Medial
CTACCCAAGTCGGCAA-1,9,LHb,LHb,susceptible,c6-lhb-m07_5,Marginal
CTACCTGAGGTACAGC-1,1,LHb,LHb,susceptible,c6-lhb-m07_5,Oval/Medial
CTACCTGGTGGATACG-1,9,LHb,LHb,susceptible,c6-lhb-m07_5,Marginal
CTACTATCAATTCTTC-1,1,LHb,LHb,susceptible,c6-lhb-m07_5,Oval/Medial
CTAGACACATTACGGT-1,1,LHb,LHb,susceptible,c6-lhb-m07_5,Oval/Medial
CTAGGTACAATCGCCG-1,1,LHb,LHb,susceptible,c6-lhb-m07_5,Oval/Medial
CTATCTAGTAACCAGG-1,1,LHb,LHb,susceptible,c6-lhb-m07_5,Oval/Medial
CTCAACCAGGGTCTTT-1,1,LHb,LHb,susceptible,c6-lhb-m07_5,Oval/Medial
CTCAACCAGTGATAAC-1,1,LHb,LHb,susceptible,c6-lhb-m07_5,Oval/Medial
CTCAACCCACCTGCGA-1,0,LHb,LHb,susceptible,c6-lhb-m07_5,Hbx
CTCAGAATCCACGGGT-1,1,LHb,LHb,susceptible,c6-lhb-m07_5,Oval/Medial
CTCAGGGGTAGGCTCC-1,1,LHb,LHb,susceptible,c6-lhb-m07_5,Oval/Medial
CTCAGTCAGTTCGGTT-1,1,LHb,LHb,susceptible,c6-lhb-m07_5,Oval/Medial
CTCAGTCCACACCTTC-1-1,1,LHb,LHb,susceptible,c6-lhb-m07_5,Oval/Medial
CTCAGTCCATTCTGTT-1,1,LHb,LHb,susceptible,c6-lhb-m07_5,Lateral
CTCAGTCGTACTGGGA-1,9,LHb,LHb,susceptible,c6-lhb-m07_5,Marginal
CTCAGTCGTATCCCTC-1,0,LHb,LHb,susceptible,c6-lhb-m07_5,Oval/Medial
CTCAGTCTCATGAGTC-1,1,LHb,LHb,susceptible,c6-lhb-m07_5,Oval/Medial
CTCATCGGTGAATTAG-1,1,LHb,LHb,susceptible,c6-lhb-m07_5,Oval/Medial
CTCATTATCCAATCTT-1-1,1,LHb,LHb,susceptible,c6-lhb-m07_5,Oval/Medial
CTCCATGGTCGAATGG-1,1,LHb,LHb,susceptible,c6-lhb-m07_5,Oval/Medial
CTCCCAATCCGAGGCT-1,1,LHb,LHb,susceptible,c6-lhb-m07_5,Oval/Medial
CTCCTTTTCATGAGTC-1,1,LHb,LHb,susceptible,c6-lhb-m07_5,Lateral
CTCGAGGCAAGCGCAA-1,9,LHb,LHb,susceptible,c6-lhb-m07_5,Marginal
CTCGAGGGTACGAGTG-1,1,LHb,LHb,susceptible,c6-lhb-m07_5,Oval/Medial
CTCTCGAGTACTCCGG-1,9,LHb,LHb,susceptible,c6-lhb-m07_5,Marginal
CTGAATGTCCGGTAAT-1,1,LHb,LHb,susceptible,c6-lhb-m07_5,Oval/Medial
CTGAGCGCATGCAGGA-1,0,LHb,LHb,susceptible,c6-lhb-m07_5,Hbx
CTGAGCGTCACGGGCT-1,1,LHb,LHb,susceptible,c6-lhb-m07_5,Lateral
CTGCATCAGCAAGCCA-1,1,LHb,LHb,susceptible,c6-lhb-m07_5,Oval/Medial
CTGCCATTCAAGCCGC-1,1,LHb,LHb,susceptible,c6-lhb-m07_5,Oval/Medial
CTGCCTAGTGTTCCAA-1,1,LHb,LHb,susceptible,c6-lhb-m07_5,Oval/Medial
CTGCCTATCGAGTACT-1,1,LHb,LHb,susceptible,c6-lhb-m07_5,Oval/Medial
CTGCGAGAGCAGCCCT-1,1,LHb,LHb,susceptible,c6-lhb-m07_5,Oval/Medial
CTGCTCAGTATACGGG-1,1,LHb,LHb,susceptible,c6-lhb-m07_5,Lateral
CTGCTCATCTATACGG-1,1,LHb,LHb,susceptible,c6-lhb-m07_5,Oval/Medial
CTGGACGAGCTTGTGT-1,1,LHb,LHb,susceptible,c6-lhb-m07_5,Oval/Medial
CTGGCAGCATCCGAAT-1,1,LHb,LHb,susceptible,c6-lhb-m07_5,Oval/Medial
CTGGCAGTCTGATTCT-1,9,LHb,LHb,susceptible,c6-lhb-m07_5,Marginal
CTGGTCTTCTCAGAAC-1-1,1,LHb,LHb,susceptible,c6-lhb-m07_5,Oval/Medial
CTGTAGAAGAGTACCG-1,1,LHb,LHb,susceptible,c6-lhb-m07_5,Oval/Medial
CTGTATTAGATAGCTA-1,0,LHb,LHb,susceptible,c6-lhb-m07_5,Oval/Medial
CTGTATTCATAACAGA-1,1,LHb,LHb,susceptible,c6-lhb-m07_5,Oval/Medial
CTGTATTGTGTCCACG-1,1,LHb,LHb,susceptible,c6-lhb-m07_5,Oval/Medial
CTGTATTTCAACACGT-1,1,LHb,LHb,susceptible,c6-lhb-m07_5,Oval/Medial
CTGTCGTCAACCCGCA-1,1,LHb,LHb,susceptible,c6-lhb-m07_5,Oval/Medial
CTGTCGTGTGGTCCGT-1,1,LHb,LHb,susceptible,c6-lhb-m07_5,Oval/Medial
CTGTGAAAGCAATTCC-1,1,LHb,LHb,susceptible,c6-lhb-m07_5,Oval/Medial
CTTAGGAAGACTTCCA-1,1,LHb,LHb,susceptible,c6-lhb-m07_5,Hbx
CTTCAATCAGAGGCAT-1,1,LHb,LHb,susceptible,c6-lhb-m07_5,Oval/Medial
CTTCCGAGTATGATCC-1,1,LHb,LHb,susceptible,c6-lhb-m07_5,Oval/Medial
CTTCCTTCAGTAGATA-1,1,LHb,LHb,susceptible,c6-lhb-m07_5,Oval/Medial
CTTCGGTGTCTTGAAC-1,1,LHb,LHb,susceptible,c6-lhb-m07_5,Oval/Medial
CTTCGGTTCCACGTCT-1,1,LHb,LHb,susceptible,c6-lhb-m07_5,Oval/Medial
GAACACTGTCCGTTTC-1,1,LHb,LHb,susceptible,c6-lhb-m07_5,Lateral
GAACACTTCTTCTGTA-1,1,LHb,LHb,susceptible,c6-lhb-m07_5,Oval/Medial
GAACGTTGTGTGATGG-1,1,LHb,LHb,susceptible,c6-lhb-m07_5,Oval/Medial
GAACGTTTCCTGCTAC-1,1,LHb,LHb,susceptible,c6-lhb-m07_5,Oval/Medial
GAACTGTAGCTACTAC-1,9,LHb,LHb,susceptible,c6-lhb-m07_5,Marginal
GAACTGTGTAGTGATA-1,1,LHb,LHb,susceptible,c6-lhb-m07_5,Oval/Medial
GAACTGTTCGCCTAGG-1,1,LHb,LHb,susceptible,c6-lhb-m07_5,Oval/Medial
GAAGAATAGAGCAGTC-1,1,LHb,LHb,susceptible,c6-lhb-m07_5,Oval/Medial
GAAGAATCAACCACAT-1,1,LHb,LHb,susceptible,c6-lhb-m07_5,Hbx
GAAGAATTCTGGGCCA-1,1,LHb,LHb,susceptible,c6-lhb-m07_5,Oval/Medial
GAAGCCCCATCAGTCA-1,0,LHb,LHb,susceptible,c6-lhb-m07_5,Oval/Medial
GAAGCCCGTACTAAGA-1,1,LHb,LHb,susceptible,c6-lhb-m07_5,Oval/Medial
GAAGCCCGTTCCGTTC-1,1,LHb,LHb,susceptible,c6-lhb-m07_5,Oval/Medial
GAAGGACCACGCGTGT-1,1,LHb,LHb,susceptible,c6-lhb-m07_5,Oval/Medial
GAAGGACGTGGCTACC-1,1,LHb,LHb,susceptible,c6-lhb-m07_5,Oval/Medial
GAAGGGTCATACATCG-1,1,LHb,LHb,susceptible,c6-lhb-m07_5,Oval/Medial
GAAGTAAAGCCAAGTG-1-1,0,LHb,LHb,susceptible,c6-lhb-m07_5,Marginal
GAAGTAACATGTGGCC-1,1,LHb,LHb,susceptible,c6-lhb-m07_5,Oval/Medial
GAATCACGTCTGTCCT-1,1,LHb,LHb,susceptible,c6-lhb-m07_5,Oval/Medial
GAATCACGTGCACATT-1,1,LHb,LHb,susceptible,c6-lhb-m07_5,Oval/Medial
GAATCGTAGGCTGTAG-1,1,LHb,LHb,susceptible,c6-lhb-m07_5,Oval/Medial
GAATCGTTCACACCCT-1,1,LHb,LHb,susceptible,c6-lhb-m07_5,Oval/Medial
GAATCGTTCACCTTAT-1,1,LHb,LHb,susceptible,c6-lhb-m07_5,Oval/Medial
GACAGCCAGTTACTCG-1,9,LHb,LHb,susceptible,c6-lhb-m07_5,Marginal
GACAGCCCATAATGCC-1,1,LHb,LHb,susceptible,c6-lhb-m07_5,Oval/Medial
GACAGCCTCAAGAGGC-1,1,LHb,LHb,susceptible,c6-lhb-m07_5,Oval/Medial
GACATCAAGAGTGAAG-1,1,LHb,LHb,susceptible,c6-lhb-m07_5,Oval/Medial
GACATCATCGAACCAT-1,1,LHb,LHb,susceptible,c6-lhb-m07_5,Oval/Medial
GACCCAGTCTCAAAGC-1,1,LHb,LHb,susceptible,c6-lhb-m07_5,Lateral
GACCCTTAGAGGTGCT-1,9,LHb,LHb,susceptible,c6-lhb-m07_5,Lateral
GACCGTGGTTGCCAAT-1,1,LHb,LHb,susceptible,c6-lhb-m07_5,Oval/Medial
GACGCTGAGGTCCCGT-1,9,LHb,LHb,susceptible,c6-lhb-m07_5,Marginal
GACGTTAAGCACTGGA-1,1,LHb,LHb,susceptible,c6-lhb-m07_5,Oval/Medial
GACGTTACATGGCCCA-1,1,LHb,LHb,susceptible,c6-lhb-m07_5,Oval/Medial
GACGTTACATTATGCG-1,1,LHb,LHb,susceptible,c6-lhb-m07_5,Lateral
GACTATGCAAATACGA-1,4,LHb,LHb,susceptible,c6-lhb-m07_5,Oval/Medial
GACTATGCAGCCATTA-1,1,LHb,LHb,susceptible,c6-lhb-m07_5,Oval/Medial
GACTATGGTATCGATC-1,1,LHb,LHb,susceptible,c6-lhb-m07_5,Oval/Medial
GACTATGGTGTATCCA-1,1,LHb,LHb,susceptible,c6-lhb-m07_5,Oval/Medial
GACTCTCCACCAGCCA-1,1,LHb,LHb,susceptible,c6-lhb-m07_5,Hbx
GACTCTCTCAACTCTT-1,1,LHb,LHb,susceptible,c6-lhb-m07_5,Lateral
GACTGATGTCGCCACA-1,1,LHb,LHb,susceptible,c6-lhb-m07_5,Oval/Medial
GACTTCCGTGCCTGAC-1,1,LHb,LHb,susceptible,c6-lhb-m07_5,Oval/Medial
GAGAAATCAAAGGATT-1,1,LHb,LHb,susceptible,c6-lhb-m07_5,Oval/Medial
GAGACCCAGGCCTGAA-1,1,LHb,LHb,susceptible,c6-lhb-m07_5,Oval/Medial
GAGACCCTCGCGGTAC-1,1,LHb,LHb,susceptible,c6-lhb-m07_5,Oval/Medial
GAGACTTTCTTCCAGC-1,9,LHb,LHb,susceptible,c6-lhb-m07_5,Marginal
GAGATGGCACGACTAT-1,1,LHb,LHb,susceptible,c6-lhb-m07_5,Oval/Medial
GAGATGGTCAGGAACG-1,1,LHb,LHb,susceptible,c6-lhb-m07_5,Oval/Medial
GAGCCTGGTTGCTGAT-1,1,LHb,LHb,susceptible,c6-lhb-m07_5,Oval/Medial
GAGCTGCAGGCCTAGA-1,1,LHb,LHb,susceptible,c6-lhb-m07_5,Oval/Medial
GAGCTGCGTCGCTTGG-1,1,LHb,LHb,susceptible,c6-lhb-m07_5,Oval/Medial
GAGGCAACAAATTGCC-1,1,LHb,LHb,susceptible,c6-lhb-m07_5,Oval/Medial
GAGGGATAGAGCCCAA-1,1,LHb,LHb,susceptible,c6-lhb-m07_5,Oval/Medial
GAGGGTAGTAAGATCA-1,1,LHb,LHb,susceptible,c6-lhb-m07_5,Oval/Medial
GAGGGTAGTGCCGTTG-1,9,LHb,LHb,susceptible,c6-lhb-m07_5,Hbx
GAGTCATGTCCACTTC-1,1,LHb,LHb,susceptible,c6-lhb-m07_5,Oval/Medial
GAGTCTACAATTCTCT-1,9,LHb,LHb,susceptible,c6-lhb-m07_5,Marginal
GAGTTACAGCACTCCG-1,1,LHb,LHb,susceptible,c6-lhb-m07_5,Oval/Medial
GAGTTACAGCTTAAGA-1,1,LHb,LHb,susceptible,c6-lhb-m07_5,Oval/Medial
GAGTTGTCAGACCCGT-1,1,LHb,LHb,susceptible,c6-lhb-m07_5,Oval/Medial
GAGTTGTGTATTTCCT-1,1,LHb,LHb,susceptible,c6-lhb-m07_5,Oval/Medial
GAGTTGTGTTTACCAG-1,1,LHb,LHb,susceptible,c6-lhb-m07_5,Oval/Medial
GAGTTGTTCCACGGGT-1,1,LHb,LHb,susceptible,c6-lhb-m07_5,Oval/Medial
GATAGAATCGCTTTAT-1,1,LHb,LHb,susceptible,c6-lhb-m07_5,Oval/Medial
GATAGCTTCACTTTGT-1,1,LHb,LHb,susceptible,c6-lhb-m07_5,Oval/Medial
GATCACAGTCGGTGTC-1,1,LHb,LHb,susceptible,c6-lhb-m07_5,Lateral
GATCAGTAGATAGCAT-1,1,LHb,LHb,susceptible,c6-lhb-m07_5,Oval/Medial
GATCAGTGTAGACTGG-1,2,LHb,LHb,susceptible,c6-lhb-m07_5,Hbx
GATCATGTCGATTGGT-1,1,LHb,LHb,susceptible,c6-lhb-m07_5,Oval/Medial
GATGACTAGCTACAAA-1,1,LHb,LHb,susceptible,c6-lhb-m07_5,Oval/Medial
GATGATCAGGTGCTTT-1,1,LHb,LHb,susceptible,c6-lhb-m07_5,Oval/Medial
GATGCTAGTCAGGCAA-1,1,LHb,LHb,susceptible,c6-lhb-m07_5,Oval/Medial
GATGCTATCATTTGGG-1,1,LHb,LHb,susceptible,c6-lhb-m07_5,Oval/Medial
GATGTTGAGCTGGAGT-1,1,LHb,LHb,susceptible,c6-lhb-m07_5,Oval/Medial
GATTCGAAGATAGGGA-1,4,LHb,LHb,susceptible,c6-lhb-m07_5,Oval/Medial
GATTCGAAGCGCATCC-1,1,LHb,LHb,susceptible,c6-lhb-m07_5,Oval/Medial
GATTCTTGTCTGTCAA-1,1,LHb,LHb,susceptible,c6-lhb-m07_5,Oval/Medial
GATTGGTAGCTAAATG-1,1,LHb,LHb,susceptible,c6-lhb-m07_5,Oval/Medial
GATTGGTCAAAGCACG-1,1,LHb,LHb,susceptible,c6-lhb-m07_5,Oval/Medial
GATTGGTGTGCCTACG-1,1,LHb,LHb,susceptible,c6-lhb-m07_5,Lateral
GATTTCTCAGACGATG-1,1,LHb,LHb,susceptible,c6-lhb-m07_5,Oval/Medial
GCAACATAGGCAGTCA-1,1,LHb,LHb,susceptible,c6-lhb-m07_5,Hbx
GCAACATGTAATGCTC-1,9,LHb,LHb,susceptible,c6-lhb-m07_5,Marginal
GCAACCGAGGCACCAA-1,1,LHb,LHb,susceptible,c6-lhb-m07_5,Oval/Medial
GCAACCGAGTAATACG-1,1,LHb,LHb,susceptible,c6-lhb-m07_5,Oval/Medial
GCAACCGCAGCACAAG-1,1,LHb,LHb,susceptible,c6-lhb-m07_5,Oval/Medial
GCAACCGGTTCTCCCA-1,1,LHb,LHb,susceptible,c6-lhb-m07_5,Oval/Medial
GCACATAGTTTACTGG-1,1,LHb,LHb,susceptible,c6-lhb-m07_5,Oval/Medial
GCACTAAAGTCTAGAA-1,1,LHb,LHb,susceptible,c6-lhb-m07_5,Oval/Medial
GCACTAATCTTGTTAC-1,1,LHb,LHb,susceptible,c6-lhb-m07_5,Oval/Medial
GCAGCCATCGACATCA-1,1,LHb,LHb,susceptible,c6-lhb-m07_5,Oval/Medial
GCAGGCTCACTTGAGT-1,1,LHb,LHb,susceptible,c6-lhb-m07_5,Oval/Medial
GCAGGCTTCGCTTTAT-1,1,LHb,LHb,susceptible,c6-lhb-m07_5,Oval/Medial
GCATCTCAGCAAACAT-1,9,LHb,LHb,susceptible,c6-lhb-m07_5,Oval/Medial
GCATCTCCACTATCGA-1,9,LHb,LHb,susceptible,c6-lhb-m07_5,Marginal
GCATGATAGTCCCAGC-1,1,LHb,LHb,susceptible,c6-lhb-m07_5,Marginal
GCATGATGTTACCTGA-1,1,LHb,LHb,susceptible,c6-lhb-m07_5,Lateral
GCCAACGCAACACAAA-1,1,LHb,LHb,susceptible,c6-lhb-m07_5,Oval/Medial
GCCAGGTCAAGACTGG-1,1,LHb,LHb,susceptible,c6-lhb-m07_5,Oval/Medial
GCCAGTGAGTCCGCCA-1,1,LHb,LHb,susceptible,c6-lhb-m07_5,Oval/Medial
GCCAGTGGTCGTACAT-1,1,LHb,LHb,susceptible,c6-lhb-m07_5,Oval/Medial
GCCATGGAGCCTGAAG-1,1,LHb,LHb,susceptible,c6-lhb-m07_5,Oval/Medial
GCCATGGCATGACTGT-1,1,LHb,LHb,susceptible,c6-lhb-m07_5,Oval/Medial
GCCATGGTCCAACCAA-1,1,LHb,LHb,susceptible,c6-lhb-m07_5,Oval/Medial
GCCATTCGTCTCACAA-1,1,LHb,LHb,susceptible,c6-lhb-m07_5,Oval/Medial
GCCCAGAAGTTGCTCA-1,9,LHb,LHb,susceptible,c6-lhb-m07_5,Marginal
GCCCAGACATCAGTGT-1,1,LHb,LHb,susceptible,c6-lhb-m07_5,Oval/Medial
GCCCAGACATGAGTAA-1,9,LHb,LHb,susceptible,c6-lhb-m07_5,Oval/Medial
GCCCAGAGTTCCAGGC-1,1,LHb,LHb,susceptible,c6-lhb-m07_5,Oval/Medial
GCCGTGAGTCACAGTT-1,1,LHb,LHb,susceptible,c6-lhb-m07_5,Oval/Medial
GCCTGTTAGAGGATCC-1,1,LHb,LHb,susceptible,c6-lhb-m07_5,Oval/Medial
GCCTGTTCAGAGCTAG-1,2,LHb,LHb,susceptible,c6-lhb-m07_5,Marginal
GCGGAAACACAGACGA-1,1,LHb,LHb,susceptible,c6-lhb-m07_5,Oval/Medial
GCGGATCAGTGCGCTC-1,1,LHb,LHb,susceptible,c6-lhb-m07_5,Oval/Medial
GCGGATCTCTCTAAGG-1,1,LHb,LHb,susceptible,c6-lhb-m07_5,Oval/Medial
GCGTTTCCATTCTCTA-1,1,LHb,LHb,susceptible,c6-lhb-m07_5,Oval/Medial
GCGTTTCTCAGTCACA-1,1,LHb,LHb,susceptible,c6-lhb-m07_5,Oval/Medial
GCTACAAGTTGGACTT-1,9,LHb,LHb,susceptible,c6-lhb-m07_5,Marginal
GCTACCTGTCGTGGTC-1,1,LHb,LHb,susceptible,c6-lhb-m07_5,Oval/Medial
GCTCAAAGTATGCAAA-1,1,LHb,LHb,susceptible,c6-lhb-m07_5,Oval/Medial
GCTGCAGAGCCATCCG-1,1,LHb,LHb,susceptible,c6-lhb-m07_5,Lateral
GCTGGGTCACCAGACC-1,1,LHb,LHb,susceptible,c6-lhb-m07_5,Oval/Medial
GCTGGGTGTCCAAAGG-1,1,LHb,LHb,susceptible,c6-lhb-m07_5,Oval/Medial
GCTTGGGCAACACTAC-1,1,LHb,LHb,susceptible,c6-lhb-m07_5,Oval/Medial
GCTTGGGCAGATTAAG-1,1,LHb,LHb,susceptible,c6-lhb-m07_5,Lateral
GGAAGTGTCGCAATTG-1,1,LHb,LHb,susceptible,c6-lhb-m07_5,Oval/Medial
GGAATCTAGGTTATAG-1,0,LHb,LHb,susceptible,c6-lhb-m07_5,Oval/Medial
GGACGTCAGCCTGAGA-1,1,LHb,LHb,susceptible,c6-lhb-m07_5,Oval/Medial
GGAGAACAGTGTTCAC-1,1,LHb,LHb,susceptible,c6-lhb-m07_5,Oval/Medial
GGAGAACGTCGTTGCG-1,1,LHb,LHb,susceptible,c6-lhb-m07_5,Oval/Medial
GGAGATGCAAACACGG-1,1,LHb,LHb,susceptible,c6-lhb-m07_5,Oval/Medial
GGAGATGCAGCAGAAC-1,1,LHb,LHb,susceptible,c6-lhb-m07_5,Hbx
GGAGATGTCCGCCTAT-1,1,LHb,LHb,susceptible,c6-lhb-m07_5,Oval/Medial
GGAGGTAGTTACTCAG-1,1,LHb,LHb,susceptible,c6-lhb-m07_5,Oval/Medial
GGATGTTTCGACATTG-1,1,LHb,LHb,susceptible,c6-lhb-m07_5,Oval/Medial
GGCACGTGTAACAGGC-1,1,LHb,LHb,susceptible,c6-lhb-m07_5,Oval/Medial
GGCACGTTCGAGAGAC-1,1,LHb,LHb,susceptible,c6-lhb-m07_5,Oval/Medial
GGCACGTTCGATTGAC-1,1,LHb,LHb,susceptible,c6-lhb-m07_5,Oval/Medial
GGCAGTCTCAACGAGG-1,1,LHb,LHb,susceptible,c6-lhb-m07_5,Oval/Medial
GGCAGTCTCGTCCATC-1-1,1,LHb,LHb,susceptible,c6-lhb-m07_5,Oval/Medial
GGCGTCAAGATACGAT-1,1,LHb,LHb,susceptible,c6-lhb-m07_5,Hbx
GGCGTCAAGTCCCAAT-1,1,LHb,LHb,susceptible,c6-lhb-m07_5,Oval/Medial
GGCGTCACAATTTCTC-1,1,LHb,LHb,susceptible,c6-lhb-m07_5,Oval/Medial
GGCGTCATCTGGGCCA-1,4,LHb,LHb,susceptible,c6-lhb-m07_5,Oval/Medial
GGCTTGGGTTACACTG-1,1,LHb,LHb,susceptible,c6-lhb-m07_5,Oval/Medial
GGCTTTCCAACCACAT-1,1,LHb,LHb,susceptible,c6-lhb-m07_5,Oval/Medial
GGGAAGTCACATACTG-1,1,LHb,LHb,susceptible,c6-lhb-m07_5,Hbx
GGGAAGTCAGCACAAG-1,1,LHb,LHb,susceptible,c6-lhb-m07_5,Hbx
GGGACTCCAATACGAA-1,1,LHb,LHb,susceptible,c6-lhb-m07_5,Oval/Medial
GGGACTCCACGACTAT-1,1,LHb,LHb,susceptible,c6-lhb-m07_5,Oval/Medial
GGGAGATAGGACAACC-1,1,LHb,LHb,susceptible,c6-lhb-m07_5,Oval/Medial
GGGAGATCACTGCGAC-1,13,LHb,LHb,susceptible,c6-lhb-m07_5,Hbx
GGGAGATCACTGTTCC-1,1,LHb,LHb,susceptible,c6-lhb-m07_5,Oval/Medial
GGGAGATCAGCTGCCA-1,1,LHb,LHb,susceptible,c6-lhb-m07_5,Oval/Medial
GGGAGATGTCATCCCT-1,1,LHb,LHb,susceptible,c6-lhb-m07_5,Lateral
GGGAGTAGTGAGACCA-1,1,LHb,LHb,susceptible,c6-lhb-m07_5,Oval/Medial
GGGATCCAGGTGCCAA-1,1,LHb,LHb,susceptible,c6-lhb-m07_5,Oval/Medial
GGGATGAAGGACATCG-1,9,LHb,LHb,susceptible,c6-lhb-m07_5,Oval/Medial
GGGCCATCAATTGCAC-1,1,LHb,LHb,susceptible,c6-lhb-m07_5,Oval/Medial
GGGCCATGTAGCTTAC-1,0,LHb,LHb,susceptible,c6-lhb-m07_5,Oval/Medial
GGGCCATGTAGGTAGC-1,1,LHb,LHb,susceptible,c6-lhb-m07_5,Oval/Medial
GGGCGTTTCGCCTTGT-1,1,LHb,LHb,susceptible,c6-lhb-m07_5,Oval/Medial
GGGCTACAGACATCAA-1,1,LHb,LHb,susceptible,c6-lhb-m07_5,Oval/Medial
GGGTAGAAGAGAAGGT-1,1,LHb,LHb,susceptible,c6-lhb-m07_5,Oval/Medial
GGGTAGACAGCGTTTA-1,1,LHb,LHb,susceptible,c6-lhb-m07_5,Oval/Medial
GGGTATTCATACCACA-1,1,LHb,LHb,susceptible,c6-lhb-m07_5,Oval/Medial
GGGTATTCATTCCTAT-1,1,LHb,LHb,susceptible,c6-lhb-m07_5,Oval/Medial
GGGTCACCATTCAGGT-1,1,LHb,LHb,susceptible,c6-lhb-m07_5,Oval/Medial
GGGTCTGAGGTTAGTA-1,9,LHb,LHb,susceptible,c6-lhb-m07_5,Marginal
GGGTCTGCACCATATG-1,1,LHb,LHb,susceptible,c6-lhb-m07_5,Oval/Medial
GGGTGAAAGATAGCTA-1,1,LHb,LHb,susceptible,c6-lhb-m07_5,Oval/Medial
GGGTGAAAGCGTCTCG-1,1,LHb,LHb,susceptible,c6-lhb-m07_5,Oval/Medial
GGGTGTCCACTATGTG-1,1,LHb,LHb,susceptible,c6-lhb-m07_5,Hbx
GGGTTATTCTAATTCC-1,1,LHb,LHb,susceptible,c6-lhb-m07_5,Oval/Medial
GGGTTTATCGGTTGTA-1,1,LHb,LHb,susceptible,c6-lhb-m07_5,Oval/Medial
GGTAACTGTGACTCGC-1,1,LHb,LHb,susceptible,c6-lhb-m07_5,Oval/Medial
GGTCACGTCTGCTTAT-1,9,LHb,LHb,susceptible,c6-lhb-m07_5,Marginal
GGTGAAGTCCGAGGCT-1,1,LHb,LHb,susceptible,c6-lhb-m07_5,Oval/Medial
GGTGATTAGTGCAGCA-1,1,LHb,LHb,susceptible,c6-lhb-m07_5,Oval/Medial
GGTGATTCACGTAACT-1,1,LHb,LHb,susceptible,c6-lhb-m07_5,Oval/Medial
GGTGGCTCAGTCCGTG-1,4,LHb,LHb,susceptible,c6-lhb-m07_5,Oval/Medial
GGTGGCTTCCTCTCTT-1,1,LHb,LHb,susceptible,c6-lhb-m07_5,Oval/Medial
GGTGGCTTCGCTGTCT-1,1,LHb,LHb,susceptible,c6-lhb-m07_5,Oval/Medial
GGTTAACGTCCCTGTT-1,1,LHb,LHb,susceptible,c6-lhb-m07_5,Oval/Medial
GGTTAACGTCGTCATA-1,1,LHb,LHb,susceptible,c6-lhb-m07_5,Lateral
GGTTCTCGTCTGTGAT-1,1,LHb,LHb,susceptible,c6-lhb-m07_5,Oval/Medial
GGTTGTAAGAAACTCA-1,1,LHb,LHb,susceptible,c6-lhb-m07_5,Oval/Medial
GGTTGTAAGTACGAGC-1,1,LHb,LHb,susceptible,c6-lhb-m07_5,Oval/Medial
GGTTGTATCGAGTCTA-1,1,LHb,LHb,susceptible,c6-lhb-m07_5,Oval/Medial
GTAACACAGAAACACT-1,1,LHb,LHb,susceptible,c6-lhb-m07_5,Oval/Medial
GTAACACCATTCTCCG-1,1,LHb,LHb,susceptible,c6-lhb-m07_5,Oval/Medial
GTAACCATCTAGTCAG-1,1,LHb,LHb,susceptible,c6-lhb-m07_5,Oval/Medial
GTAAGTCAGTACGTCT-1-1,1,LHb,LHb,susceptible,c6-lhb-m07_5,Oval/Medial
GTAATGCTCGACACTA-1,1,LHb,LHb,susceptible,c6-lhb-m07_5,Oval/Medial
GTAATGCTCGACCTAA-1,1,LHb,LHb,susceptible,c6-lhb-m07_5,Oval/Medial
GTAGAGGCACTTGGGC-1,1,LHb,LHb,susceptible,c6-lhb-m07_5,Hbx
GTAGAGGGTGCACAAG-1,1,LHb,LHb,susceptible,c6-lhb-m07_5,Oval/Medial
GTAGCTATCAACCTCC-1,1,LHb,LHb,susceptible,c6-lhb-m07_5,Oval/Medial
GTAGCTATCACACCCT-1,1,LHb,LHb,susceptible,c6-lhb-m07_5,Oval/Medial
GTAGGAGCAAGAGGCT-1,9,LHb,LHb,susceptible,c6-lhb-m07_5,Marginal
GTAGGAGTCCGCACTT-1,1,LHb,LHb,susceptible,c6-lhb-m07_5,Oval/Medial
GTAGTACGTTGCCGAC-1,1,LHb,LHb,susceptible,c6-lhb-m07_5,Oval/Medial
GTATTGGTCGAGTTGT-1,1,LHb,LHb,susceptible,c6-lhb-m07_5,Oval/Medial
GTCAAACTCTGTGCGG-1,1,LHb,LHb,susceptible,c6-lhb-m07_5,Oval/Medial
GTCAAGTCAATAACCC-1,1,LHb,LHb,susceptible,c6-lhb-m07_5,Oval/Medial
GTCAAGTTCGGTGAAG-1,1,LHb,LHb,susceptible,c6-lhb-m07_5,Oval/Medial
GTCAAGTTCTCCTGAC-1,1,LHb,LHb,susceptible,c6-lhb-m07_5,Oval/Medial
GTCACGGTCATGCATG-1,1,LHb,LHb,susceptible,c6-lhb-m07_5,Oval/Medial
GTCACTCTCTGAACGT-1,1,LHb,LHb,susceptible,c6-lhb-m07_5,Oval/Medial
GTCAGCGTCTCGGCTT-1,1,LHb,LHb,susceptible,c6-lhb-m07_5,Oval/Medial
GTCATCCCACGGCGTT-1,1,LHb,LHb,susceptible,c6-lhb-m07_5,Lateral
GTCATGAAGGTCGAGT-1,1,LHb,LHb,susceptible,c6-lhb-m07_5,Oval/Medial
GTCATTTTCAGCTTCC-1,9,LHb,LHb,susceptible,c6-lhb-m07_5,Marginal
GTCCCATAGACCAACG-1,1,LHb,LHb,susceptible,c6-lhb-m07_5,Oval/Medial
GTCCTCAGTCTGTGGC-1,1,LHb,LHb,susceptible,c6-lhb-m07_5,Oval/Medial
GTCGAATCAGACAATA-1,1,LHb,LHb,susceptible,c6-lhb-m07_5,Oval/Medial
GTCGAATTCCGGTAGC-1,1,LHb,LHb,susceptible,c6-lhb-m07_5,Oval/Medial
GTCGCGAAGGCAATGC-1,1,LHb,LHb,susceptible,c6-lhb-m07_5,Oval/Medial
GTCGTAACACACGTGC-1,1,LHb,LHb,susceptible,c6-lhb-m07_5,Oval/Medial
GTCGTTCTCATCGCAA-1,4,LHb,LHb,susceptible,c6-lhb-m07_5,Oval/Medial
GTCGTTCTCTCCCTAG-1,1,LHb,LHb,susceptible,c6-lhb-m07_5,Oval/Medial
GTCTACCAGAACCCGA-1,1,LHb,LHb,susceptible,c6-lhb-m07_5,Oval/Medial
GTCTAGAGTTACCCAA-1,1,LHb,LHb,susceptible,c6-lhb-m07_5,Lateral
GTCTAGATCCGATCTC-1,1,LHb,LHb,susceptible,c6-lhb-m07_5,Oval/Medial
GTCTAGATCTAGGAAA-1,1,LHb,LHb,susceptible,c6-lhb-m07_5,Oval/Medial
GTCTCACGTCTTTATC-1,1,LHb,LHb,susceptible,c6-lhb-m07_5,Hbx
GTCTCACGTGTGGTCC-1,1,LHb,LHb,susceptible,c6-lhb-m07_5,Oval/Medial
GTCTCACTCCTCTAAT-1,1,LHb,LHb,susceptible,c6-lhb-m07_5,Oval/Medial
GTCTTTAAGCGTCTGC-1,1,LHb,LHb,susceptible,c6-lhb-m07_5,Oval/Medial
GTCTTTACAACCGATT-1,1,LHb,LHb,susceptible,c6-lhb-m07_5,Oval/Medial
GTCTTTACAGTCGAGA-1,1,LHb,LHb,susceptible,c6-lhb-m07_5,Oval/Medial
GTGACGCCACAGAAGC-1,1,LHb,LHb,susceptible,c6-lhb-m07_5,Lateral
GTGACGCTCATCGTAG-1,9,LHb,LHb,susceptible,c6-lhb-m07_5,Oval/Medial
GTGAGTTTCGAACGCC-1,1,LHb,LHb,susceptible,c6-lhb-m07_5,Oval/Medial
GTGAGTTTCGAGAGCA-1,1,LHb,LHb,susceptible,c6-lhb-m07_5,Oval/Medial
GTGATGTAGGGCAGAG-1,1,LHb,LHb,susceptible,c6-lhb-m07_5,Oval/Medial
GTGATGTTCATTGTTC-1,1,LHb,LHb,susceptible,c6-lhb-m07_5,Oval/Medial
GTGCACGTCATGAGAA-1,1,LHb,LHb,susceptible,c6-lhb-m07_5,Lateral
GTGCGTGGTGAAAGTT-1,1,LHb,LHb,susceptible,c6-lhb-m07_5,Oval/Medial
GTGCGTGGTTTATGCG-1,1,LHb,LHb,susceptible,c6-lhb-m07_5,Oval/Medial
GTGCTGGTCAGGGATG-1,1,LHb,LHb,susceptible,c6-lhb-m07_5,Oval/Medial
GTGCTTCGTGGTTCTA-1,1,LHb,LHb,susceptible,c6-lhb-m07_5,Oval/Medial
GTGGAGATCTACGCGG-1,1,LHb,LHb,susceptible,c6-lhb-m07_5,Oval/Medial
GTGGGAACACCGGTCA-1,1,LHb,LHb,susceptible,c6-lhb-m07_5,Oval/Medial
GTGGGAAGTAACGATA-1,2,LHb,LHb,susceptible,c6-lhb-m07_5,Oval/Medial
GTGGTTATCCGTATGA-1,1,LHb,LHb,susceptible,c6-lhb-m07_5,Oval/Medial
GTGTAACAGGGTCAAC-1,1,LHb,LHb,susceptible,c6-lhb-m07_5,Oval/Medial
GTGTAACGTGGACTAG-1,1,LHb,LHb,susceptible,c6-lhb-m07_5,Oval/Medial
GTGTAACTCGGAAGGT-1,1,LHb,LHb,susceptible,c6-lhb-m07_5,Oval/Medial
GTGTGATAGACCAGCA-1,1,LHb,LHb,susceptible,c6-lhb-m07_5,Oval/Medial
GTGTTAGAGCTATCTG-1,1,LHb,LHb,susceptible,c6-lhb-m07_5,Oval/Medial
GTTACAGAGTCATGAA-1,9,LHb,LHb,susceptible,c6-lhb-m07_5,Marginal
GTTACCCCATGTAACC-1,1,LHb,LHb,susceptible,c6-lhb-m07_5,Oval/Medial
GTTACGAAGCCGTTGC-1,1,LHb,LHb,susceptible,c6-lhb-m07_5,Oval/Medial
GTTAGACAGCTCACTA-1,0,LHb,LHb,susceptible,c6-lhb-m07_5,Marginal
GTTAGACAGGTCGTGA-1,9,LHb,LHb,susceptible,c6-lhb-m07_5,Oval/Medial
GTTAGTGAGATACTGA-1,1,LHb,LHb,susceptible,c6-lhb-m07_5,Oval/Medial
GTTATGGGTTTCGGCG-1,1,LHb,LHb,susceptible,c6-lhb-m07_5,Oval/Medial
GTTCATTAGATGGTAT-1,1,LHb,LHb,susceptible,c6-lhb-m07_5,Lateral
GTTCATTCAGAGGGTT-1,1,LHb,LHb,susceptible,c6-lhb-m07_5,Oval/Medial
GTTCCGTTCCAACACA-1,1,LHb,LHb,susceptible,c6-lhb-m07_5,Oval/Medial
GTTCGCTCAGTCAGTT-1,9,LHb,LHb,susceptible,c6-lhb-m07_5,Oval/Medial
GTTCGCTGTCCTGGGT-1,1,LHb,LHb,susceptible,c6-lhb-m07_5,Oval/Medial
GTTCTATCATGATCTG-1,1,LHb,LHb,susceptible,c6-lhb-m07_5,Oval/Medial
GTTGAACTCCTCGATC-1,1,LHb,LHb,susceptible,c6-lhb-m07_5,Oval/Medial
GTTGAACTCTCGACGG-1,1,LHb,LHb,susceptible,c6-lhb-m07_5,Oval/Medial
GTTGCGGAGGAACGAA-1,1,LHb,LHb,susceptible,c6-lhb-m07_5,Oval/Medial
GTTGCTCCACATCATG-1,1,LHb,LHb,susceptible,c6-lhb-m07_5,Oval/Medial
GTTGCTCCACTGGCCA-1,1,LHb,LHb,susceptible,c6-lhb-m07_5,Oval/Medial
GTTGCTCTCGGCCCAA-1,1,LHb,LHb,susceptible,c6-lhb-m07_5,Oval/Medial
GTTGTCCAGCCTATCA-1,1,LHb,LHb,susceptible,c6-lhb-m07_5,Lateral
GTTGTCCAGTGCAAAT-1,1,LHb,LHb,susceptible,c6-lhb-m07_5,Oval/Medial
GTTGTCCTCTAGTGAC-1,1,LHb,LHb,susceptible,c6-lhb-m07_5,Oval/Medial
GTTGTGAAGGGATCGT-1,1,LHb,LHb,susceptible,c6-lhb-m07_5,Oval/Medial
GTTTACTGTATGCTAC-1,1,LHb,LHb,susceptible,c6-lhb-m07_5,Oval/Medial
GTTTACTGTTCGTTCC-1,1,LHb,LHb,susceptible,c6-lhb-m07_5,Oval/Medial
GTTTACTTCCAGCACG-1,1,LHb,LHb,susceptible,c6-lhb-m07_5,Oval/Medial
GTTTGGACACATAACC-1,1,LHb,LHb,susceptible,c6-lhb-m07_5,Oval/Medial
GTTTGGAGTGTGGACA-1,1,LHb,LHb,susceptible,c6-lhb-m07_5,Oval/Medial
GTTTGGATCTTTGATC-1,1,LHb,LHb,susceptible,c6-lhb-m07_5,Oval/Medial
TAACCAGAGGCGCTTC-1,1,LHb,LHb,susceptible,c6-lhb-m07_5,Oval/Medial
TAACTTCGTGGCCACT-1,1,LHb,LHb,susceptible,c6-lhb-m07_5,Oval/Medial
TAAGCCAAGGTTGACG-1,1,LHb,LHb,susceptible,c6-lhb-m07_5,Oval/Medial
TAAGCGTGTGTTCGTA-1,9,LHb,LHb,susceptible,c6-lhb-m07_5,Marginal
TAAGCGTTCCGCTAGG-1-1,1,LHb,LHb,susceptible,c6-lhb-m07_5,Oval/Medial
TAATCTCGTTCGATTG-1,1,LHb,LHb,susceptible,c6-lhb-m07_5,Oval/Medial
TACACCCAGGGAGGCA-1,9,LHb,LHb,susceptible,c6-lhb-m07_5,Marginal
TACAGGTTCATTACGG-1,1,LHb,LHb,susceptible,c6-lhb-m07_5,Oval/Medial
TACATTCTCAACCTTT-1,1,LHb,LHb,susceptible,c6-lhb-m07_5,Oval/Medial
TACCCACAGCCTGAAG-1,1,LHb,LHb,susceptible,c6-lhb-m07_5,Oval/Medial
TACCCGTGTACCGGAA-1,1,LHb,LHb,susceptible,c6-lhb-m07_5,Oval/Medial
TACCGAACATCTGCGG-1,1,LHb,LHb,susceptible,c6-lhb-m07_5,Oval/Medial
TACCGAAGTCTCGGAC-1,1,LHb,LHb,susceptible,c6-lhb-m07_5,Oval/Medial
TACCTCGAGATACTGA-1,1,LHb,LHb,susceptible,c6-lhb-m07_5,Oval/Medial
TACCTCGGTCAGATTC-1,9,LHb,LHb,susceptible,c6-lhb-m07_5,Marginal
TACCTCGTCCGTAGTA-1,1,LHb,LHb,susceptible,c6-lhb-m07_5,Oval/Medial
TACCTGCCACAGTGAG-1,1,LHb,LHb,susceptible,c6-lhb-m07_5,Oval/Medial
TACCTGCCACATATGC-1,1,LHb,LHb,susceptible,c6-lhb-m07_5,Oval/Medial
TACGCTCAGGTGATAT-1,1,LHb,LHb,susceptible,c6-lhb-m07_5,Oval/Medial
TACGCTCCAAGTGTCT-1,1,LHb,LHb,susceptible,c6-lhb-m07_5,Oval/Medial
TACGCTCCAGCTAACT-1,1,LHb,LHb,susceptible,c6-lhb-m07_5,Oval/Medial
TACGGTAAGCATGATA-1,1,LHb,LHb,susceptible,c6-lhb-m07_5,Oval/Medial
TACGTCCAGCATACTC-1,9,LHb,LHb,susceptible,c6-lhb-m07_5,Marginal
TACTGCCTCGTTCTGC-1,1,LHb,LHb,susceptible,c6-lhb-m07_5,Oval/Medial
TACTTCATCCTCGCAT-1,1,LHb,LHb,susceptible,c6-lhb-m07_5,Oval/Medial
TAGACCAAGATCCTAC-1,1,LHb,LHb,susceptible,c6-lhb-m07_5,Oval/Medial
TAGACCAAGGGCTGAT-1,1,LHb,LHb,susceptible,c6-lhb-m07_5,Oval/Medial
TAGACCACAGGATGAC-1,1,LHb,LHb,susceptible,c6-lhb-m07_5,Oval/Medial
TAGATCGAGGTCGTGA-1,1,LHb,LHb,susceptible,c6-lhb-m07_5,Oval/Medial
TAGATCGGTTGGTAGG-1,1,LHb,LHb,susceptible,c6-lhb-m07_5,Oval/Medial
TAGCACACACGAAGAC-1,1,LHb,LHb,susceptible,c6-lhb-m07_5,Oval/Medial
TAGCACAGTTCTCGCT-1,1,LHb,LHb,susceptible,c6-lhb-m07_5,Oval/Medial
TAGGAGGTCCGCTAGG-1,1,LHb,LHb,susceptible,c6-lhb-m07_5,Oval/Medial
TAGGGTTAGTATGCAA-1,1,LHb,LHb,susceptible,c6-lhb-m07_5,Oval/Medial
TAGGGTTGTGCAATGG-1,1,LHb,LHb,susceptible,c6-lhb-m07_5,Oval/Medial
TAGGGTTTCCGTACGG-1,1,LHb,LHb,susceptible,c6-lhb-m07_5,Oval/Medial
TAGGTACAGAACAGGA-1,1,LHb,LHb,susceptible,c6-lhb-m07_5,Oval/Medial
TAGGTACGTATCGAGG-1,1,LHb,LHb,susceptible,c6-lhb-m07_5,Oval/Medial
TAGGTACTCGAATCCA-1,1,LHb,LHb,susceptible,c6-lhb-m07_5,Oval/Medial
TAGTGCACATGATCTG-1,1,LHb,LHb,susceptible,c6-lhb-m07_5,Oval/Medial
TATACCTAGACAGTCG-1-1,1,LHb,LHb,susceptible,c6-lhb-m07_5,Oval/Medial
TATACCTTCAATCAGC-1,1,LHb,LHb,susceptible,c6-lhb-m07_5,Hbx
TATATCCCACTTACAG-1,1,LHb,LHb,susceptible,c6-lhb-m07_5,Oval/Medial
TATATCCCAGTGTATC-1,1,LHb,LHb,susceptible,c6-lhb-m07_5,Oval/Medial
TATATCCCATTGAAGA-1,1,LHb,LHb,susceptible,c6-lhb-m07_5,Oval/Medial
TATCCTACACGCTGAC-1,1,LHb,LHb,susceptible,c6-lhb-m07_5,Oval/Medial
TATCCTACATGGGCAA-1,9,LHb,LHb,susceptible,c6-lhb-m07_5,Marginal
TATCCTAGTCTGTGGC-1,1,LHb,LHb,susceptible,c6-lhb-m07_5,Oval/Medial
TATCTGTAGAACTTCC-1,1,LHb,LHb,susceptible,c6-lhb-m07_5,Oval/Medial
TATCTGTCAATGACCT-1,9,LHb,LHb,susceptible,c6-lhb-m07_5,Oval/Medial
TATCTGTTCTGAGTCA-1,1,LHb,LHb,susceptible,c6-lhb-m07_5,Oval/Medial
TATCTTGAGTTTCGGT-1,9,LHb,LHb,susceptible,c6-lhb-m07_5,Marginal
TATCTTGTCCACGGAC-1,1,LHb,LHb,susceptible,c6-lhb-m07_5,Oval/Medial
TATGTTCCACCAGACC-1,1,LHb,LHb,susceptible,c6-lhb-m07_5,Oval/Medial
TATGTTCGTCCTCATC-1,1,LHb,LHb,susceptible,c6-lhb-m07_5,Oval/Medial
TATTCCAGTACGAGCA-1,1,LHb,LHb,susceptible,c6-lhb-m07_5,Oval/Medial
TATTCCAGTAGGATAT-1,1,LHb,LHb,susceptible,c6-lhb-m07_5,Oval/Medial
TATTCCATCTTTCCGG-1,1,LHb,LHb,susceptible,c6-lhb-m07_5,Oval/Medial
TATTGCTCATAGGTAA-1,1,LHb,LHb,susceptible,c6-lhb-m07_5,Oval/Medial
TATTGCTCATCGATAC-1,1,LHb,LHb,susceptible,c6-lhb-m07_5,Hbx
TATTGGGGTCTGGTTA-1,1,LHb,LHb,susceptible,c6-lhb-m07_5,Oval/Medial
TATTTCGCAGCTGTCG-1,1,LHb,LHb,susceptible,c6-lhb-m07_5,Oval/Medial
TATTTCGGTGTGATGG-1,1,LHb,LHb,susceptible,c6-lhb-m07_5,Oval/Medial
TCAAGACTCGGACGTC-1,1,LHb,LHb,susceptible,c6-lhb-m07_5,Oval/Medial
TCAATCTAGCTCCGAC-1,1,LHb,LHb,susceptible,c6-lhb-m07_5,Hbx
TCAATCTAGTTGAAAC-1,1,LHb,LHb,susceptible,c6-lhb-m07_5,Lateral
TCAATTCCACGCTGTG-1,1,LHb,LHb,susceptible,c6-lhb-m07_5,Oval/Medial
TCAATTCCATGTACGT-1,1,LHb,LHb,susceptible,c6-lhb-m07_5,Oval/Medial
TCAATTCTCGTCTCAC-1,1,LHb,LHb,susceptible,c6-lhb-m07_5,Oval/Medial
TCACAAGGTAGCGTAG-1,1,LHb,LHb,susceptible,c6-lhb-m07_5,Oval/Medial
TCACAAGTCATCTCTA-1,0,LHb,LHb,susceptible,c6-lhb-m07_5,Oval/Medial
TCACATTCACAGTGTT-1,1,LHb,LHb,susceptible,c6-lhb-m07_5,Oval/Medial
TCACGCTAGTTTGTCG-1,1,LHb,LHb,susceptible,c6-lhb-m07_5,Oval/Medial
TCACGCTCAGTTGTTG-1-1,1,LHb,LHb,susceptible,c6-lhb-m07_5,Oval/Medial
TCACGGGCACGCGCTA-1-1,1,LHb,LHb,susceptible,c6-lhb-m07_5,Oval/Medial
TCACTATAGGTAGCCA-1,1,LHb,LHb,susceptible,c6-lhb-m07_5,Oval/Medial
TCACTCGGTATTTCTC-1,1,LHb,LHb,susceptible,c6-lhb-m07_5,Oval/Medial
TCACTCGTCCGTGTCT-1,1,LHb,LHb,susceptible,c6-lhb-m07_5,Oval/Medial
TCAGCAAAGGAGGCAG-1,1,LHb,LHb,susceptible,c6-lhb-m07_5,Oval/Medial
TCAGCAAAGTGCCTCG-1,1,LHb,LHb,susceptible,c6-lhb-m07_5,Oval/Medial
TCAGCAAGTTAACAGA-1,4,LHb,LHb,susceptible,c6-lhb-m07_5,Hbx
TCAGCCTCACCATATG-1,1,LHb,LHb,susceptible,c6-lhb-m07_5,Oval/Medial
TCAGCCTCAGATAAAC-1,1,LHb,LHb,susceptible,c6-lhb-m07_5,Oval/Medial
TCAGCCTCAGGGATAC-1,1,LHb,LHb,susceptible,c6-lhb-m07_5,Oval/Medial
TCAGCCTTCAGCTTGA-1,1,LHb,LHb,susceptible,c6-lhb-m07_5,Oval/Medial
TCAGGTAAGGTTGGAC-1,1,LHb,LHb,susceptible,c6-lhb-m07_5,Lateral
TCAGGTATCTATCCAT-1,1,LHb,LHb,susceptible,c6-lhb-m07_5,Oval/Medial
TCAGTCCTCTCAACGA-1,0,LHb,LHb,susceptible,c6-lhb-m07_5,Oval/Medial
TCAGTTTAGTTGTAGA-1-1,1,LHb,LHb,susceptible,c6-lhb-m07_5,Oval/Medial
TCAGTTTCACCCAACG-1,1,LHb,LHb,susceptible,c6-lhb-m07_5,Lateral
TCAGTTTTCACGATCA-1,1,LHb,LHb,susceptible,c6-lhb-m07_5,Oval/Medial
TCATACTAGAGTCGAC-1,1,LHb,LHb,susceptible,c6-lhb-m07_5,Oval/Medial
TCATCATCACTAACCA-1,1,LHb,LHb,susceptible,c6-lhb-m07_5,Oval/Medial
TCATCATGTTCAGCTA-1,1,LHb,LHb,susceptible,c6-lhb-m07_5,Oval/Medial
TCATCATTCTCGTCAC-1,1,LHb,LHb,susceptible,c6-lhb-m07_5,Lateral
TCATCCGAGGTCGTAG-1,4,LHb,LHb,susceptible,c6-lhb-m07_5,Hbx
TCATCCGGTATTGCCA-1,1,LHb,LHb,susceptible,c6-lhb-m07_5,Oval/Medial
TCATGCCGTGGATGAC-1,1,LHb,LHb,susceptible,c6-lhb-m07_5,Oval/Medial
TCATGCCGTGTAAATG-1,1,LHb,LHb,susceptible,c6-lhb-m07_5,Oval/Medial
TCATGGAAGACCATGG-1,1,LHb,LHb,susceptible,c6-lhb-m07_5,Oval/Medial
TCATGGAGTCAATCTG-1,1,LHb,LHb,susceptible,c6-lhb-m07_5,Oval/Medial
TCATGTTCATCTAACG-1,1,LHb,LHb,susceptible,c6-lhb-m07_5,Oval/Medial
TCATTACGTCGAGCAA-1,1,LHb,LHb,susceptible,c6-lhb-m07_5,Oval/Medial
TCCACCAGTGATAGTA-1,9,LHb,LHb,susceptible,c6-lhb-m07_5,Marginal
TCCACGTCATCATCCC-1,1,LHb,LHb,susceptible,c6-lhb-m07_5,Oval/Medial
TCCAGAAGTCCCGCAA-1,1,LHb,LHb,susceptible,c6-lhb-m07_5,Oval/Medial
TCCATCGAGAGTAACT-1,1,LHb,LHb,susceptible,c6-lhb-m07_5,Oval/Medial
TCCATGCTCCAACTGA-1,1,LHb,LHb,susceptible,c6-lhb-m07_5,Oval/Medial
TCCCAGTTCAAGCCTA-1,1,LHb,LHb,susceptible,c6-lhb-m07_5,Oval/Medial
TCCCATGGTGATCATC-1,1,LHb,LHb,susceptible,c6-lhb-m07_5,Oval/Medial
TCCGATCGTACTGACT-1,1,LHb,LHb,susceptible,c6-lhb-m07_5,Lateral
TCCGATCGTTGTAGCT-1,1,LHb,LHb,susceptible,c6-lhb-m07_5,Oval/Medial
TCCGGGACACAGTGAG-1,1,LHb,LHb,susceptible,c6-lhb-m07_5,Oval/Medial
TCCGGGACATGAAAGT-1,1,LHb,LHb,susceptible,c6-lhb-m07_5,Oval/Medial
TCCGGGAGTTACCCAA-1,1,LHb,LHb,susceptible,c6-lhb-m07_5,Oval/Medial
TCCTCCCAGTTCACTG-1,1,LHb,LHb,susceptible,c6-lhb-m07_5,Oval/Medial
TCCTCCCCAGAGACTG-1,1,LHb,LHb,susceptible,c6-lhb-m07_5,Oval/Medial
TCCTCGAGTATGTCTG-1,1,LHb,LHb,susceptible,c6-lhb-m07_5,Oval/Medial
TCCTCTTTCGCAGAGA-1,1,LHb,LHb,susceptible,c6-lhb-m07_5,Oval/Medial
TCCTGCAAGCTCAGAG-1,1,LHb,LHb,susceptible,c6-lhb-m07_5,Oval/Medial
TCCTTCTAGCATCAGG-1,1,LHb,LHb,susceptible,c6-lhb-m07_5,Oval/Medial
TCCTTTCGTCCGGATC-1,1,LHb,LHb,susceptible,c6-lhb-m07_5,Oval/Medial
TCGATTTTCTCGCTTG-1,1,LHb,LHb,susceptible,c6-lhb-m07_5,Oval/Medial
TCGCACTGTATCACGT-1,1,LHb,LHb,susceptible,c6-lhb-m07_5,Oval/Medial
TCGCTCACACTGCGAC-1,1,LHb,LHb,susceptible,c6-lhb-m07_5,Oval/Medial
TCGCTCATCGACGCTG-1,1,LHb,LHb,susceptible,c6-lhb-m07_5,Oval/Medial
TCGCTTGCATGGAACG-1,1,LHb,LHb,susceptible,c6-lhb-m07_5,Lateral
TCGCTTGTCGAGAGAC-1,1,LHb,LHb,susceptible,c6-lhb-m07_5,Oval/Medial
TCGGGACAGAGTTGCG-1,1,LHb,LHb,susceptible,c6-lhb-m07_5,Oval/Medial
TCGGGCAAGGATGCGT-1,1,LHb,LHb,susceptible,c6-lhb-m07_5,Lateral
TCGGGCACAACTGATC-1,1,LHb,LHb,susceptible,c6-lhb-m07_5,Oval/Medial
TCGGGCATCCTAACAG-1,1,LHb,LHb,susceptible,c6-lhb-m07_5,Lateral
TCGGTCTGTTTACGAC-1,1,LHb,LHb,susceptible,c6-lhb-m07_5,Oval/Medial
TCGTAGAAGTCGAATA-1,1,LHb,LHb,susceptible,c6-lhb-m07_5,Hbx
TCGTAGACACTAGTAC-1,9,LHb,LHb,susceptible,c6-lhb-m07_5,Marginal
TCGTCCAAGTGGTGAC-1,1,LHb,LHb,susceptible,c6-lhb-m07_5,Oval/Medial
TCGTCCACACGTATAC-1-1,1,LHb,LHb,susceptible,c6-lhb-m07_5,Oval/Medial
TCGTCCAGTTGGACTT-1,1,LHb,LHb,susceptible,c6-lhb-m07_5,Oval/Medial
TCGTCCAGTTTGCCGG-1,1,LHb,LHb,susceptible,c6-lhb-m07_5,Oval/Medial
TCGTGCTTCAACACCA-1,1,LHb,LHb,susceptible,c6-lhb-m07_5,Oval/Medial
TCTAACTAGCTCATAC-1-1,9,LHb,LHb,susceptible,c6-lhb-m07_5,Marginal
TCTAACTGTCTGATCA-1,1,LHb,LHb,susceptible,c6-lhb-m07_5,Oval/Medial
TCTACATAGTCGTCTA-1,1,LHb,LHb,susceptible,c6-lhb-m07_5,Oval/Medial
TCTACCGGTTCTATCT-1,1,LHb,LHb,susceptible,c6-lhb-m07_5,Oval/Medial
TCTATACCACATATCG-1,0,LHb,LHb,susceptible,c6-lhb-m07_5,Hbx
TCTCCGAAGACCAAAT-1,1,LHb,LHb,susceptible,c6-lhb-m07_5,Lateral
TCTCCGAAGGATATAC-1,1,LHb,LHb,susceptible,c6-lhb-m07_5,Oval/Medial
TCTCCGACAATTAGGA-1,1,LHb,LHb,susceptible,c6-lhb-m07_5,Oval/Medial
TCTGCCACATACGCAT-1,1,LHb,LHb,susceptible,c6-lhb-m07_5,Oval/Medial
TCTGCCAGTATGGAAT-1,1,LHb,LHb,susceptible,c6-lhb-m07_5,Oval/Medial
TCTGCCATCCATTTAC-1,1,LHb,LHb,susceptible,c6-lhb-m07_5,Oval/Medial
TCTTAGTGTAGTACGG-1,1,LHb,LHb,susceptible,c6-lhb-m07_5,Oval/Medial
TCTTGCGAGGGTTTCT-1,1,LHb,LHb,susceptible,c6-lhb-m07_5,Hbx
TCTTGCGCACTAACGT-1,9,LHb,LHb,susceptible,c6-lhb-m07_5,Marginal
TCTTTGACAACATCGT-1,1,LHb,LHb,susceptible,c6-lhb-m07_5,Oval/Medial
TGAACGTAGCGCGTTC-1,9,LHb,LHb,susceptible,c6-lhb-m07_5,Oval/Medial
TGAACGTCATAGAATG-1,9,LHb,LHb,susceptible,c6-lhb-m07_5,Marginal
TGAATGCAGGAAACGA-1,1,LHb,LHb,susceptible,c6-lhb-m07_5,Oval/Medial
TGAATGCCAGTGCCTG-1,1,LHb,LHb,susceptible,c6-lhb-m07_5,Oval/Medial
TGACAGTCAAGGCAAC-1,1,LHb,LHb,susceptible,c6-lhb-m07_5,Oval/Medial
TGACAGTCACGGCGTT-1,1,LHb,LHb,susceptible,c6-lhb-m07_5,Oval/Medial
TGACGCGTCGATACTG-1,1,LHb,LHb,susceptible,c6-lhb-m07_5,Oval/Medial
TGACTCCCAAGCTCTA-1,1,LHb,LHb,susceptible,c6-lhb-m07_5,Oval/Medial
TGAGACTCATGAGGGT-1,1,LHb,LHb,susceptible,c6-lhb-m07_5,Oval/Medial
TGAGCATTCACCTTGC-1,1,LHb,LHb,susceptible,c6-lhb-m07_5,Oval/Medial
TGAGCGCAGTTTGAGA-1,1,LHb,LHb,susceptible,c6-lhb-m07_5,Oval/Medial
TGAGCGCCAATACCCA-1,1,LHb,LHb,susceptible,c6-lhb-m07_5,Oval/Medial
TGAGCGCCACGTCGGT-1,1,LHb,LHb,susceptible,c6-lhb-m07_5,Oval/Medial
TGAGGGACATGTTCAG-1,1,LHb,LHb,susceptible,c6-lhb-m07_5,Oval/Medial
TGAGGGAGTCTCGGAC-1,1,LHb,LHb,susceptible,c6-lhb-m07_5,Oval/Medial
TGATCAGCAATGAAAC-1,1,LHb,LHb,susceptible,c6-lhb-m07_5,Oval/Medial
TGATCAGCATGTGTCA-1,9,LHb,LHb,susceptible,c6-lhb-m07_5,Marginal
TGATGCACAAACTCGT-1,9,LHb,LHb,susceptible,c6-lhb-m07_5,Lateral
TGATGCACACAGTCGC-1,1,LHb,LHb,susceptible,c6-lhb-m07_5,Oval/Medial
TGATGGTCAGGCACTC-1,9,LHb,LHb,susceptible,c6-lhb-m07_5,Marginal
TGATTCTAGTACGAGC-1,1,LHb,LHb,susceptible,c6-lhb-m07_5,Oval/Medial
TGATTCTCATCAGCAT-1,1,LHb,LHb,susceptible,c6-lhb-m07_5,Oval/Medial
TGCACGGAGGTGTGAC-1,1,LHb,LHb,susceptible,c6-lhb-m07_5,Lateral
TGCAGATCATATACCG-1,9,LHb,LHb,susceptible,c6-lhb-m07_5,Marginal
TGCAGTAGTGGCTTGC-1,1,LHb,LHb,susceptible,c6-lhb-m07_5,Oval/Medial
TGCATGAAGATAACAC-1,1,LHb,LHb,susceptible,c6-lhb-m07_5,Oval/Medial
TGCATGAGTGGTCTGC-1,1,LHb,LHb,susceptible,c6-lhb-m07_5,Oval/Medial
TGCCGAGGTCCAGCAC-1,9,LHb,LHb,susceptible,c6-lhb-m07_5,Marginal
TGCGACGAGTTCCGGC-1,1,LHb,LHb,susceptible,c6-lhb-m07_5,Oval/Medial
TGCGACGCAACCGGAA-1,1,LHb,LHb,susceptible,c6-lhb-m07_5,Oval/Medial
TGCGACGGTTGCATCA-1,1,LHb,LHb,susceptible,c6-lhb-m07_5,Oval/Medial
TGCGATAAGATGGTCG-1,1,LHb,LHb,susceptible,c6-lhb-m07_5,Oval/Medial
TGCGGCAAGAATTGTG-1,1,LHb,LHb,susceptible,c6-lhb-m07_5,Hbx
TGCGGCATCTCGTTTA-1,9,LHb,LHb,susceptible,c6-lhb-m07_5,Marginal
TGCTCGTCACTGCGTG-1,1,LHb,LHb,susceptible,c6-lhb-m07_5,Oval/Medial
TGCTCGTCAGAAGCTG-1,9,LHb,LHb,susceptible,c6-lhb-m07_5,Marginal
TGCTGAACAAATAGCA-1,9,LHb,LHb,susceptible,c6-lhb-m07_5,Marginal
TGCTTCGAGTATAGGT-1,1,LHb,LHb,susceptible,c6-lhb-m07_5,Marginal
TGCTTCGGTTTGTTCT-1,1,LHb,LHb,susceptible,c6-lhb-m07_5,Oval/Medial
TGGAGGACAATTAGGA-1,1,LHb,LHb,susceptible,c6-lhb-m07_5,Oval/Medial
TGGATCAAGCACTTTG-1,1,LHb,LHb,susceptible,c6-lhb-m07_5,Oval/Medial
TGGCGTGAGGTTTGAA-1,9,LHb,LHb,susceptible,c6-lhb-m07_5,Marginal
TGGGAAGAGTCGAAAT-1,1,LHb,LHb,susceptible,c6-lhb-m07_5,Oval/Medial
TGGGAGATCCCTAGGG-1,1,LHb,LHb,susceptible,c6-lhb-m07_5,Oval/Medial
TGGGATTCATGTTCGA-1,1,LHb,LHb,susceptible,c6-lhb-m07_5,Oval/Medial
TGGGATTTCCGGGACT-1,1,LHb,LHb,susceptible,c6-lhb-m07_5,Oval/Medial
TGGGCTGAGCCGAACA-1,1,LHb,LHb,susceptible,c6-lhb-m07_5,Oval/Medial
TGGGTTAAGGTTCAGG-1,1,LHb,LHb,susceptible,c6-lhb-m07_5,Oval/Medial
TGGTACAAGAGCTGCA-1,9,LHb,LHb,susceptible,c6-lhb-m07_5,Marginal
TGGTACACACGTAGTT-1,1,LHb,LHb,susceptible,c6-lhb-m07_5,Oval/Medial
TGGTGATCACATTCTT-1,1,LHb,LHb,susceptible,c6-lhb-m07_5,Oval/Medial
TGTAACGTCACGGAGA-1,4,LHb,LHb,susceptible,c6-lhb-m07_5,Marginal
TGTAAGCCACGACCTG-1,0,LHb,LHb,susceptible,c6-lhb-m07_5,Marginal
TGTCAGAAGACCAAGC-1,1,LHb,LHb,susceptible,c6-lhb-m07_5,Oval/Medial
TGTCAGATCCCTCGAT-1,9,LHb,LHb,susceptible,c6-lhb-m07_5,Marginal
TGTCAGATCGAGAGCA-1,1,LHb,LHb,susceptible,c6-lhb-m07_5,Oval/Medial
TGTCCCAGTAGTCGGA-1,1,LHb,LHb,susceptible,c6-lhb-m07_5,Oval/Medial
TGTCCTGAGGTACATA-1,1,LHb,LHb,susceptible,c6-lhb-m07_5,Oval/Medial
TGTGATGCAGAGGTTG-1,1,LHb,LHb,susceptible,c6-lhb-m07_5,Oval/Medial
TGTGGCGCAATCGCCG-1,1,LHb,LHb,susceptible,c6-lhb-m07_5,Hbx
TGTGTGAAGGTACCTT-1,1,LHb,LHb,susceptible,c6-lhb-m07_5,Oval/Medial
TGTTCATTCTCAGAAC-1,1,LHb,LHb,susceptible,c6-lhb-m07_5,Oval/Medial
TGTTCCGCAAGTCGTT-1,1,LHb,LHb,susceptible,c6-lhb-m07_5,Oval/Medial
TGTTCCGGTAGTGGCA-1,1,LHb,LHb,susceptible,c6-lhb-m07_5,Oval/Medial
TGTTCTAAGTAACGAT-1,1,LHb,LHb,susceptible,c6-lhb-m07_5,Oval/Medial
TGTTCTACAACTTCTT-1,1,LHb,LHb,susceptible,c6-lhb-m07_5,Oval/Medial
TGTTCTACATAGCACT-1,1,LHb,LHb,susceptible,c6-lhb-m07_5,Lateral
TGTTGGATCCGTTTCG-1,1,LHb,LHb,susceptible,c6-lhb-m07_5,Oval/Medial
TGTTTGTGTGTGAGCA-1,1,LHb,LHb,susceptible,c6-lhb-m07_5,Oval/Medial
TTAATCCAGAAGTCAT-1,1,LHb,LHb,susceptible,c6-lhb-m07_5,Oval/Medial
TTACCGCGTCTCTCTG-1,1,LHb,LHb,susceptible,c6-lhb-m07_5,Oval/Medial
TTACGCCAGGGCCTCT-1,1,LHb,LHb,susceptible,c6-lhb-m07_5,Oval/Medial
TTACGCCGTAGTGTGG-1,1,LHb,LHb,susceptible,c6-lhb-m07_5,Oval/Medial
TTACGTTAGCAGGTCA-1,1,LHb,LHb,susceptible,c6-lhb-m07_5,Oval/Medial
TTACGTTGTAGGCAGT-1,1,LHb,LHb,susceptible,c6-lhb-m07_5,Oval/Medial
TTAGGCAAGGTTACAA-1,1,LHb,LHb,susceptible,c6-lhb-m07_5,Hbx
TTAGGCATCCATACTT-1,9,LHb,LHb,susceptible,c6-lhb-m07_5,Oval/Medial
TTAGGGTCACAATCTG-1,1,LHb,LHb,susceptible,c6-lhb-m07_5,Oval/Medial
TTAGGGTCATAATCCG-1,13,LHb,LHb,susceptible,c6-lhb-m07_5,Hbx
TTCAATCCAGACCAGA-1,9,LHb,LHb,susceptible,c6-lhb-m07_5,Marginal
TTCAATCTCATCTACT-1,1,LHb,LHb,susceptible,c6-lhb-m07_5,Oval/Medial
TTCACGCGTAATGATG-1,1,LHb,LHb,susceptible,c6-lhb-m07_5,Lateral
TTCACGCGTCATCTAG-1,1,LHb,LHb,susceptible,c6-lhb-m07_5,Oval/Medial
TTCACGCTCGCTGATA-1,1,LHb,LHb,susceptible,c6-lhb-m07_5,Oval/Medial
TTCAGGAAGGAGTACC-1,1,LHb,LHb,susceptible,c6-lhb-m07_5,Oval/Medial
TTCATGTGTACTCGAT-1,1,LHb,LHb,susceptible,c6-lhb-m07_5,Oval/Medial
TTCCAATGTTAGTCGT-1,1,LHb,LHb,susceptible,c6-lhb-m07_5,Oval/Medial
TTCCACGCAAGCTGTT-1,9,LHb,LHb,susceptible,c6-lhb-m07_5,Marginal
TTCCACGGTAGTCTTG-1-1,1,LHb,LHb,susceptible,c6-lhb-m07_5,Oval/Medial
TTCCGGTCATGGAAGC-1-1,1,LHb,LHb,susceptible,c6-lhb-m07_5,Oval/Medial
TTCCGGTCATGGTACT-1,1,LHb,LHb,susceptible,c6-lhb-m07_5,Oval/Medial
TTCCGTGCAGTTAGGG-1,1,LHb,LHb,susceptible,c6-lhb-m07_5,Oval/Medial
TTCCTAATCTCCTGTG-1,1,LHb,LHb,susceptible,c6-lhb-m07_5,Oval/Medial
TTCCTTCTCGCATAGT-1,1,LHb,LHb,susceptible,c6-lhb-m07_5,Oval/Medial
TTCGGTCAGTGCGCTC-1,1,LHb,LHb,susceptible,c6-lhb-m07_5,Oval/Medial
TTCGGTCTCGCATTAG-1,1,LHb,LHb,susceptible,c6-lhb-m07_5,Oval/Medial
TTCTAACGTCAAACGG-1,1,LHb,LHb,susceptible,c6-lhb-m07_5,Oval/Medial
TTCTAACTCTGGACCG-1,1,LHb,LHb,susceptible,c6-lhb-m07_5,Oval/Medial
TTCTCTCAGTAAGGGA-1,1,LHb,LHb,susceptible,c6-lhb-m07_5,Oval/Medial
TTCTCTCCAGGATTCT-1,9,LHb,LHb,susceptible,c6-lhb-m07_5,Marginal
TTCTCTCCATGTGCCG-1,1,LHb,LHb,susceptible,c6-lhb-m07_5,Oval/Medial
TTCTCTCTCGCTCTCA-1,1,LHb,LHb,susceptible,c6-lhb-m07_5,Oval/Medial
TTCTTCCAGATGAACT-1,1,LHb,LHb,susceptible,c6-lhb-m07_5,Oval/Medial
TTCTTCCTCGCCAGTG-1,0,LHb,LHb,susceptible,c6-lhb-m07_5,Hbx
TTGAACGAGGACTATA-1,1,LHb,LHb,susceptible,c6-lhb-m07_5,Oval/Medial
TTGAACGCACACGCCA-1,1,LHb,LHb,susceptible,c6-lhb-m07_5,Oval/Medial
TTGAACGGTTAGTTCG-1,1,LHb,LHb,susceptible,c6-lhb-m07_5,Oval/Medial
TTGAACGGTTGTGCAT-1,4,LHb,LHb,susceptible,c6-lhb-m07_5,Oval/Medial
TTGAACGTCCAAGAGG-1,1,LHb,LHb,susceptible,c6-lhb-m07_5,Oval/Medial
TTGAACGTCCAGGACC-1,1,LHb,LHb,susceptible,c6-lhb-m07_5,Oval/Medial
TTGACCCCAGGACTAG-1,9,LHb,LHb,susceptible,c6-lhb-m07_5,Marginal
TTGAGTGCAACTGGTT-1,1,LHb,LHb,susceptible,c6-lhb-m07_5,Oval/Medial
TTGAGTGGTGTCCATA-1,1,LHb,LHb,susceptible,c6-lhb-m07_5,Oval/Medial
TTGATGGAGACCTTTG-1,1,LHb,LHb,susceptible,c6-lhb-m07_5,Lateral
TTGATGGTCTGCCCTA-1,13,LHb,LHb,susceptible,c6-lhb-m07_5,Hbx
TTGCATTCAAAGGATT-1,1,LHb,LHb,susceptible,c6-lhb-m07_5,Oval/Medial
TTGCATTCAGTGGTGA-1,1,LHb,LHb,susceptible,c6-lhb-m07_5,Oval/Medial
TTGCGTCCAATACCTG-1,1,LHb,LHb,susceptible,c6-lhb-m07_5,Oval/Medial
TTGCTGCAGCCTCAAT-1,1,LHb,LHb,susceptible,c6-lhb-m07_5,Oval/Medial
TTGCTGCAGGTAAGGA-1,1,LHb,LHb,susceptible,c6-lhb-m07_5,Oval/Medial
TTGCTGCTCTTGGTCC-1,1,LHb,LHb,susceptible,c6-lhb-m07_5,Oval/Medial
TTGGATGAGTGAGGCT-1,1,LHb,LHb,susceptible,c6-lhb-m07_5,Oval/Medial
TTGGATGCAAGTCCCG-1,1,LHb,LHb,susceptible,c6-lhb-m07_5,Oval/Medial
TTGGGCGAGCGTTGTT-1,1,LHb,LHb,susceptible,c6-lhb-m07_5,Oval/Medial
TTGGGCGCACATGAAA-1,1,LHb,LHb,susceptible,c6-lhb-m07_5,Oval/Medial
TTGGGCGCATCAGCAT-1,1,LHb,LHb,susceptible,c6-lhb-m07_5,Oval/Medial
TTGGGTACAAACACGG-1,1,LHb,LHb,susceptible,c6-lhb-m07_5,Oval/Medial
TTGTGGAAGGGAACAA-1,0,LHb,LHb,susceptible,c6-lhb-m07_5,Lateral
TTGTGGAGTCTAACGT-1,1,LHb,LHb,susceptible,c6-lhb-m07_5,Oval/Medial
TTGTGTTCATCGAAGG-1,1,LHb,LHb,susceptible,c6-lhb-m07_5,Oval/Medial
TTGTGTTGTGTCATTG-1,1,LHb,LHb,susceptible,c6-lhb-m07_5,Oval/Medial
TTGTTTGAGTCGGCCT-1,1,LHb,LHb,susceptible,c6-lhb-m07_5,Hbx
TTTACGTAGGACTATA-1,0,LHb,LHb,susceptible,c6-lhb-m07_5,Oval/Medial
TTTACGTGTCTGTTAG-1,1,LHb,LHb,susceptible,c6-lhb-m07_5,Oval/Medial
TTTACGTTCGAAGCAG-1,1,LHb,LHb,susceptible,c6-lhb-m07_5,Oval/Medial
TTTACTGAGTCCTGCG-1,1,LHb,LHb,susceptible,c6-lhb-m07_5,Oval/Medial
TTTACTGTCACGTAGT-1,1,LHb,LHb,susceptible,c6-lhb-m07_5,Lateral
TTTCACATCGAATGCT-1,1,LHb,LHb,susceptible,c6-lhb-m07_5,Oval/Medial
TTTCCTCCATCTCCCA-1,0,LHb,LHb,susceptible,c6-lhb-m07_5,Lateral
TTTCGATAGCGTCAGA-1,1,LHb,LHb,susceptible,c6-lhb-m07_5,Lateral
TTTCGATAGGTAAAGG-1,1,LHb,LHb,susceptible,c6-lhb-m07_5,Oval/Medial
TTTGATCTCACCTCAC-1,4,LHb,LHb,susceptible,c6-lhb-m07_5,Oval/Medial
TTTGGTTAGCCACAAG-1,9,LHb,LHb,susceptible,c6-lhb-m07_5,Marginal
TTTGGTTGTGGTCTCG-1,1,LHb,LHb,susceptible,c6-lhb-m07_5,Oval/Medial
AAAGAACCAAATTGGA-1,1,LHb,LHb,susceptible,c8-lhb-m37_5,Oval/Medial
AAAGGGCTCCCACAGG-1,1,LHb,LHb,susceptible,c8-lhb-m37_5,Oval/Medial
AAAGTCCAGCTTAAGA-1,9,LHb,LHb,susceptible,c8-lhb-m37_5,Oval/Medial
AAAGTGACAACCGTGC-1,1,LHb,LHb,susceptible,c8-lhb-m37_5,Oval/Medial
AAATGGAAGAGATTCA-1,1,LHb,LHb,susceptible,c8-lhb-m37_5,Oval/Medial
AAATGGACATGGGATG-1,1,LHb,LHb,susceptible,c8-lhb-m37_5,Oval/Medial
AACAACCGTACACGCC-1,9,LHb,LHb,susceptible,c8-lhb-m37_5,Oval/Medial
AACAAGAAGCGATGCA-1,1,LHb,LHb,susceptible,c8-lhb-m37_5,Oval/Medial
AACAGGGCAGGAATAT-1,9,LHb,LHb,susceptible,c8-lhb-m37_5,Marginal
AACCAACCAGCTGGTC-1,1,LHb,LHb,susceptible,c8-lhb-m37_5,Oval/Medial
AACCAACCATTCTCTA-1,1,LHb,LHb,susceptible,c8-lhb-m37_5,Oval/Medial
AACCACACACCCAAGC-1,1,LHb,LHb,susceptible,c8-lhb-m37_5,Oval/Medial
AACCATGCACGAAAGC-1,1,LHb,LHb,susceptible,c8-lhb-m37_5,Oval/Medial
AACCATGTCACATCAG-1,1,LHb,LHb,susceptible,c8-lhb-m37_5,Oval/Medial
AACCTGAGTTGTGTAC-1,9,LHb,LHb,susceptible,c8-lhb-m37_5,Marginal
AACCTGATCACGACTA-1,1,LHb,LHb,susceptible,c8-lhb-m37_5,Oval/Medial
AACGTCAAGCCATATC-1,9,LHb,LHb,susceptible,c8-lhb-m37_5,Marginal
AACGTCAGTACCCGCA-1,9,LHb,LHb,susceptible,c8-lhb-m37_5,Marginal
AACTTCTTCGTTCGCT-1,9,LHb,LHb,susceptible,c8-lhb-m37_5,Oval/Medial
AAGAACACACCAACAT-1,1,LHb,LHb,susceptible,c8-lhb-m37_5,Oval/Medial
AAGACAAGTCTACTGA-1,9,LHb,LHb,susceptible,c8-lhb-m37_5,Marginal
AAGATAGAGTAGCATA-1,1,LHb,LHb,susceptible,c8-lhb-m37_5,Oval/Medial
AAGCGAGTCATGGAGG-1,1,LHb,LHb,susceptible,c8-lhb-m37_5,Oval/Medial
AAGTCGTAGAAGAGCA-1,1,LHb,LHb,susceptible,c8-lhb-m37_5,Oval/Medial
AAGTGAAAGGCATCAG-1,1,LHb,LHb,susceptible,c8-lhb-m37_5,Oval/Medial
AATAGAGAGCGCCTTG-1-1,9,LHb,LHb,susceptible,c8-lhb-m37_5,Oval/Medial
AATCACGAGGTCCCGT-1,1,LHb,LHb,susceptible,c8-lhb-m37_5,Oval/Medial
AATCACGCAACGGTAG-1,1,LHb,LHb,susceptible,c8-lhb-m37_5,Oval/Medial
AATCACGCAATAGTGA-1,1,LHb,LHb,susceptible,c8-lhb-m37_5,Lateral
AATCGACCAGCGTTGC-1,1,LHb,LHb,susceptible,c8-lhb-m37_5,Oval/Medial
AATCGTGTCGGTAACT-1,1,LHb,LHb,susceptible,c8-lhb-m37_5,Oval/Medial
AATGACCAGACTGTTC-1,1,LHb,LHb,susceptible,c8-lhb-m37_5,Oval/Medial
AATGACCCAAATTGCC-1,1,LHb,LHb,susceptible,c8-lhb-m37_5,Lateral
AATGACCCAAGTGATA-1,1,LHb,LHb,susceptible,c8-lhb-m37_5,Oval/Medial
AATGACCTCACGGACC-1,1,LHb,LHb,susceptible,c8-lhb-m37_5,Oval/Medial
AATGGCTGTCAGTCCG-1,1,LHb,LHb,susceptible,c8-lhb-m37_5,Oval/Medial
AATTTCCTCTTGTTAC-1,9,LHb,LHb,susceptible,c8-lhb-m37_5,Marginal
ACAAAGATCAAAGGTA-1,1,LHb,LHb,susceptible,c8-lhb-m37_5,Oval/Medial
ACAAGCTGTCCAGAAG-1,9,LHb,LHb,susceptible,c8-lhb-m37_5,Marginal
ACAAGCTGTCCGACGT-1,1,LHb,LHb,susceptible,c8-lhb-m37_5,Oval/Medial
ACACAGTTCGAGTGAG-1,1,LHb,LHb,susceptible,c8-lhb-m37_5,Oval/Medial
ACACCAACACAAGCAG-1,1,LHb,LHb,susceptible,c8-lhb-m37_5,Oval/Medial
ACACGCGCATAGAAAC-1,4,LHb,LHb,susceptible,c8-lhb-m37_5,Oval/Medial
ACAGGGATCCAGCAAT-1,1,LHb,LHb,susceptible,c8-lhb-m37_5,Oval/Medial
ACATGCACACCCTATC-1,1,LHb,LHb,susceptible,c8-lhb-m37_5,Oval/Medial
ACATGCACAGACCCGT-1,1,LHb,LHb,susceptible,c8-lhb-m37_5,Oval/Medial
ACCAAACAGCCATCCG-1,9,LHb,LHb,susceptible,c8-lhb-m37_5,Marginal
ACCACAACACCAGCCA-1,9,LHb,LHb,susceptible,c8-lhb-m37_5,Marginal
ACCCTCAAGTGCCGAA-1,1,LHb,LHb,susceptible,c8-lhb-m37_5,Oval/Medial
ACCCTCAGTATCAAGA-1,1,LHb,LHb,susceptible,c8-lhb-m37_5,Hbx
ACCTGTCCACGAGGTA-1,1,LHb,LHb,susceptible,c8-lhb-m37_5,Oval/Medial
ACCTGTCTCCATCAGA-1,1,LHb,LHb,susceptible,c8-lhb-m37_5,Oval/Medial
ACGATGTTCCAACTAG-1,9,LHb,LHb,susceptible,c8-lhb-m37_5,Marginal
ACGGTCGTCACCCTGT-1,1,LHb,LHb,susceptible,c8-lhb-m37_5,Oval/Medial
ACGGTCGTCCGTGGGT-1-1,1,LHb,LHb,susceptible,c8-lhb-m37_5,Oval/Medial
ACGTAACAGCATCAAA-1,9,LHb,LHb,susceptible,c8-lhb-m37_5,Marginal
ACGTAACGTACTCCGG-1,1,LHb,LHb,susceptible,c8-lhb-m37_5,Oval/Medial
ACGTAACGTCACCTTC-1,1,LHb,LHb,susceptible,c8-lhb-m37_5,Oval/Medial
ACGTAACTCGTGGGTC-1,1,LHb,LHb,susceptible,c8-lhb-m37_5,Oval/Medial
ACGTACAAGCCACTCG-1,1,LHb,LHb,susceptible,c8-lhb-m37_5,Oval/Medial
ACGTAGTAGACAACTA-1,9,LHb,LHb,susceptible,c8-lhb-m37_5,Marginal
ACGTAGTCATGACCCG-1,1,LHb,LHb,susceptible,c8-lhb-m37_5,Oval/Medial
ACGTCCTGTTACCTTT-1,1,LHb,LHb,susceptible,c8-lhb-m37_5,Oval/Medial
ACTACGAAGCATCAAA-1-1,1,LHb,LHb,susceptible,c8-lhb-m37_5,Oval/Medial
ACTACGATCTTGTGCC-1,9,LHb,LHb,susceptible,c8-lhb-m37_5,Hbx
ACTCCCAGTGTAGGAC-1,9,LHb,LHb,susceptible,c8-lhb-m37_5,Hbx
ACTCCCATCATGCCCT-1,1,LHb,LHb,susceptible,c8-lhb-m37_5,Oval/Medial
ACTGCAAAGCGTATGG-1,1,LHb,LHb,susceptible,c8-lhb-m37_5,Oval/Medial
ACTGTCCCATTATGCG-1,1,LHb,LHb,susceptible,c8-lhb-m37_5,Oval/Medial
ACTGTCCTCGATTCCC-1,1,LHb,LHb,susceptible,c8-lhb-m37_5,Oval/Medial
ACTTCGCCACTCACTC-1,9,LHb,LHb,susceptible,c8-lhb-m37_5,Oval/Medial
ACTTTCAAGTGCTAGG-1,1,LHb,LHb,susceptible,c8-lhb-m37_5,Oval/Medial
ACTTTCATCGGAAACG-1,1,LHb,LHb,susceptible,c8-lhb-m37_5,Lateral
ACTTTGTAGCTAATGA-1,1,LHb,LHb,susceptible,c8-lhb-m37_5,Oval/Medial
AGAAATGAGCGTCAGA-1,1,LHb,LHb,susceptible,c8-lhb-m37_5,Oval/Medial
AGAAATGTCGCCTATC-1,1,LHb,LHb,susceptible,c8-lhb-m37_5,Oval/Medial
AGAAGCGAGGATGGCT-1,9,LHb,LHb,susceptible,c8-lhb-m37_5,Marginal
AGAAGCGAGTACAGAT-1,1,LHb,LHb,susceptible,c8-lhb-m37_5,Oval/Medial
AGAAGCGGTTCGGACC-1,1,LHb,LHb,susceptible,c8-lhb-m37_5,Oval/Medial
AGAAGTACATTCAGGT-1,1,LHb,LHb,susceptible,c8-lhb-m37_5,Oval/Medial
AGACAAAGTAGCGCTC-1,1,LHb,LHb,susceptible,c8-lhb-m37_5,Oval/Medial
AGACACTGTACTCCCT-1,1,LHb,LHb,susceptible,c8-lhb-m37_5,Oval/Medial
AGACTCAAGCGATCGA-1,1,LHb,LHb,susceptible,c8-lhb-m37_5,Oval/Medial
AGACTCAGTTAATCGC-1,1,LHb,LHb,susceptible,c8-lhb-m37_5,Lateral
AGAGAATGTTGCATAC-1,1,LHb,LHb,susceptible,c8-lhb-m37_5,Oval/Medial
AGAGCAGAGGCGCTCT-1,9,LHb,LHb,susceptible,c8-lhb-m37_5,Marginal
AGAGCAGGTGAAAGTT-1,1,LHb,LHb,susceptible,c8-lhb-m37_5,Oval/Medial
AGATCCATCTTCACGC-1,1,LHb,LHb,susceptible,c8-lhb-m37_5,Oval/Medial
AGATCGTCAGCAGACA-1,1,LHb,LHb,susceptible,c8-lhb-m37_5,Oval/Medial
AGATGAACACAATTCG-1,1,LHb,LHb,susceptible,c8-lhb-m37_5,Oval/Medial
AGATGCTGTGGCTGAA-1,1,LHb,LHb,susceptible,c8-lhb-m37_5,Oval/Medial
AGATGCTTCACTCCGT-1,9,LHb,LHb,susceptible,c8-lhb-m37_5,Marginal
AGATGCTTCTGGGATT-1,1,LHb,LHb,susceptible,c8-lhb-m37_5,Oval/Medial
AGCATCACACACCGAC-1,1,LHb,LHb,susceptible,c8-lhb-m37_5,Oval/Medial
AGCATCAGTAGATCCT-1,1,LHb,LHb,susceptible,c8-lhb-m37_5,Oval/Medial
AGCCAATTCGCATGAT-1,1,LHb,LHb,susceptible,c8-lhb-m37_5,Oval/Medial
AGCCACGCAGAAGTGC-1,9,LHb,LHb,susceptible,c8-lhb-m37_5,Marginal
AGCCACGGTGAGCTCC-1,1,LHb,LHb,susceptible,c8-lhb-m37_5,Oval/Medial
AGCGATTAGCTCTGTA-1,9,LHb,LHb,susceptible,c8-lhb-m37_5,Marginal
AGCGCCACACACCGCA-1,1,LHb,LHb,susceptible,c8-lhb-m37_5,Oval/Medial
AGCGCCATCGCAACAT-1,9,LHb,LHb,susceptible,c8-lhb-m37_5,Marginal
AGCGTATGTGCGACAA-1,1,LHb,LHb,susceptible,c8-lhb-m37_5,Oval/Medial
AGCTTCCCAAATTGGA-1,1,LHb,LHb,susceptible,c8-lhb-m37_5,Lateral
AGGACGACACAGGATG-1,1,LHb,LHb,susceptible,c8-lhb-m37_5,Oval/Medial
AGGACGATCTAGCCAA-1,1,LHb,LHb,susceptible,c8-lhb-m37_5,Lateral
AGGACGATCTCCGAAA-1,9,LHb,LHb,susceptible,c8-lhb-m37_5,Oval/Medial
AGGAGGTGTGCGGCTT-1,9,LHb,LHb,susceptible,c8-lhb-m37_5,Oval/Medial
AGGATCTCAGAGTGAC-1,9,LHb,LHb,susceptible,c8-lhb-m37_5,Marginal
AGGGAGTTCATTCCTA-1,9,LHb,LHb,susceptible,c8-lhb-m37_5,Marginal
AGGGCCTGTCACTAGT-1,1,LHb,LHb,susceptible,c8-lhb-m37_5,Oval/Medial
AGGTAGGTCGCCTTTG-1,1,LHb,LHb,susceptible,c8-lhb-m37_5,Oval/Medial
AGGTCATAGCTGGCCT-1,1,LHb,LHb,susceptible,c8-lhb-m37_5,Oval/Medial
AGGTGTTAGTCCCGGT-1,1,LHb,LHb,susceptible,c8-lhb-m37_5,Oval/Medial
AGGTGTTCACTCTCGT-1,1,LHb,LHb,susceptible,c8-lhb-m37_5,Oval/Medial
AGTACTGGTCGTTATG-1,1,LHb,LHb,susceptible,c8-lhb-m37_5,Hbx
AGTAGTCCAATTGCAC-1,9,LHb,LHb,susceptible,c8-lhb-m37_5,Marginal
AGTCACAAGCAATTAG-1,1,LHb,LHb,susceptible,c8-lhb-m37_5,Oval/Medial
AGTCATGGTCCTCCAT-1,1,LHb,LHb,susceptible,c8-lhb-m37_5,Oval/Medial
AGTCTCCTCTTGATTC-1,1,LHb,LHb,susceptible,c8-lhb-m37_5,Oval/Medial
AGTGACTGTTTGCAGT-1,1,LHb,LHb,susceptible,c8-lhb-m37_5,Oval/Medial
AGTGATCCATGGGCAA-1,1,LHb,LHb,susceptible,c8-lhb-m37_5,Oval/Medial
AGTGATCTCGCAGATT-1,1,LHb,LHb,susceptible,c8-lhb-m37_5,Oval/Medial
AGTGCCGGTCCAAGAG-1,1,LHb,LHb,susceptible,c8-lhb-m37_5,Oval/Medial
AGTGCCGGTCGAGCAA-1,1,LHb,LHb,susceptible,c8-lhb-m37_5,Oval/Medial
AGTGTTGAGACTTCAC-1,1,LHb,LHb,susceptible,c8-lhb-m37_5,Oval/Medial
ATAGACCAGACTCATC-1,1,LHb,LHb,susceptible,c8-lhb-m37_5,Oval/Medial
ATAGAGAAGTAGCATA-1,9,LHb,LHb,susceptible,c8-lhb-m37_5,Oval/Medial
ATAGAGACAGCCTACG-1,9,LHb,LHb,susceptible,c8-lhb-m37_5,Marginal
ATAGGCTAGACCATGG-1,1,LHb,LHb,susceptible,c8-lhb-m37_5,Oval/Medial
ATATCCTGTGTAACGG-1,1,LHb,LHb,susceptible,c8-lhb-m37_5,Oval/Medial
ATCACAGTCCTACACC-1,1,LHb,LHb,susceptible,c8-lhb-m37_5,Oval/Medial
ATCACGACACAGCTGC-1,1,LHb,LHb,susceptible,c8-lhb-m37_5,Oval/Medial
ATCAGGTTCGAGTGAG-1,1,LHb,LHb,susceptible,c8-lhb-m37_5,Oval/Medial
ATCCACCAGTGCCGAA-1,1,LHb,LHb,susceptible,c8-lhb-m37_5,Oval/Medial
ATCCCTGAGCGCATCC-1,1,LHb,LHb,susceptible,c8-lhb-m37_5,Oval/Medial
ATCCGTCGTCTACAAC-1,1,LHb,LHb,susceptible,c8-lhb-m37_5,Oval/Medial
ATCCTATCAGTGCGCT-1,1,LHb,LHb,susceptible,c8-lhb-m37_5,Oval/Medial
ATCCTATTCAAACGAA-1,1,LHb,LHb,susceptible,c8-lhb-m37_5,Oval/Medial
ATCGCCTGTGACAACG-1,1,LHb,LHb,susceptible,c8-lhb-m37_5,Oval/Medial
ATCGCCTTCCCGAGAC-1,1,LHb,LHb,susceptible,c8-lhb-m37_5,Oval/Medial
ATCGTCCGTTCGTACA-1,9,LHb,LHb,susceptible,c8-lhb-m37_5,Marginal
ATCTCTAGTAGTGATA-1,1,LHb,LHb,susceptible,c8-lhb-m37_5,Oval/Medial
ATCTTCACATCGTGGC-1,1,LHb,LHb,susceptible,c8-lhb-m37_5,Oval/Medial
ATCTTCAGTTGTGGAG-1,1,LHb,LHb,susceptible,c8-lhb-m37_5,Oval/Medial
ATGCATGGTGATCATC-1,1,LHb,LHb,susceptible,c8-lhb-m37_5,Oval/Medial
ATGGAGGAGTAAAGCT-1,1,LHb,LHb,susceptible,c8-lhb-m37_5,Oval/Medial
ATGGGAGCAACCGTGC-1,1,LHb,LHb,susceptible,c8-lhb-m37_5,Oval/Medial
ATGGGAGGTTTGAACC-1,13,LHb,LHb,susceptible,c8-lhb-m37_5,Lateral
ATGGGAGTCAAGCCCG-1,1,LHb,LHb,susceptible,c8-lhb-m37_5,Oval/Medial
ATGGGAGTCCAACTGA-1,1,LHb,LHb,susceptible,c8-lhb-m37_5,Oval/Medial
ATGGGTTCAACGATTC-1,1,LHb,LHb,susceptible,c8-lhb-m37_5,Oval/Medial
ATGGGTTTCAGAATAG-1,9,LHb,LHb,susceptible,c8-lhb-m37_5,Oval/Medial
ATGGTTGCATGTGTCA-1,1,LHb,LHb,susceptible,c8-lhb-m37_5,Oval/Medial
ATGTCTTAGGTAAGTT-1,1,LHb,LHb,susceptible,c8-lhb-m37_5,Oval/Medial
ATTACCTTCAAGGTGG-1,1,LHb,LHb,susceptible,c8-lhb-m37_5,Oval/Medial
ATTACTCGTTGCTCAA-1,1,LHb,LHb,susceptible,c8-lhb-m37_5,Oval/Medial
ATTCAGGTCGGTCTGG-1,1,LHb,LHb,susceptible,c8-lhb-m37_5,Lateral
ATTCATCCATGCTGCG-1,1,LHb,LHb,susceptible,c8-lhb-m37_5,Oval/Medial
ATTCCCGAGGACTAAT-1,1,LHb,LHb,susceptible,c8-lhb-m37_5,Oval/Medial
ATTCCCGCAATACAGA-1,1,LHb,LHb,susceptible,c8-lhb-m37_5,Oval/Medial
ATTCCTAGTTCTCTCG-1,1,LHb,LHb,susceptible,c8-lhb-m37_5,Oval/Medial
ATTCCTATCATTTGTC-1,1,LHb,LHb,susceptible,c8-lhb-m37_5,Oval/Medial
ATTTCACAGGGAGTTC-1,4,LHb,LHb,susceptible,c8-lhb-m37_5,Oval/Medial
ATTTCACCATCAGTGT-1,1,LHb,LHb,susceptible,c8-lhb-m37_5,Oval/Medial
ATTTCACGTACCAGAG-1,1,LHb,LHb,susceptible,c8-lhb-m37_5,Lateral
ATTTCACGTGCCTACG-1,9,LHb,LHb,susceptible,c8-lhb-m37_5,Marginal
ATTTCTGCACAGCCAC-1,9,LHb,LHb,susceptible,c8-lhb-m37_5,Hbx
CAAAGAAGTAGTCGTT-1-1,9,LHb,LHb,susceptible,c8-lhb-m37_5,Marginal
CAACAACGTCAGACTT-1,1,LHb,LHb,susceptible,c8-lhb-m37_5,Oval/Medial
CAACAACGTTCCTAGA-1,1,LHb,LHb,susceptible,c8-lhb-m37_5,Oval/Medial
CAACAGTTCAGCATTG-1,1,LHb,LHb,susceptible,c8-lhb-m37_5,Lateral
CAACCAATCAGACTGT-1,1,LHb,LHb,susceptible,c8-lhb-m37_5,Hbx
CAACCTCAGATACATG-1,1,LHb,LHb,susceptible,c8-lhb-m37_5,Oval/Medial
CAACCTCAGTGAGCCA-1,1,LHb,LHb,susceptible,c8-lhb-m37_5,Oval/Medial
CAACCTCCATAATCGC-1,1,LHb,LHb,susceptible,c8-lhb-m37_5,Hbx
CAACGATGTCTCAAGT-1,9,LHb,LHb,susceptible,c8-lhb-m37_5,Lateral
CAACGATTCGACATTG-1,1,LHb,LHb,susceptible,c8-lhb-m37_5,Oval/Medial
CAAGCTAAGAATTGCA-1,9,LHb,LHb,susceptible,c8-lhb-m37_5,Marginal
CAATACGCAGCAAGAC-1,1,LHb,LHb,susceptible,c8-lhb-m37_5,Oval/Medial
CAATGACTCTTGCGCT-1,1,LHb,LHb,susceptible,c8-lhb-m37_5,Lateral
CAATTTCCAGATCACT-1,1,LHb,LHb,susceptible,c8-lhb-m37_5,Oval/Medial
CACACAATCCGTTTCG-1,1,LHb,LHb,susceptible,c8-lhb-m37_5,Oval/Medial
CACACAATCTTAGCTT-1,1,LHb,LHb,susceptible,c8-lhb-m37_5,Oval/Medial
CACAGATGTTCAATCG-1,1,LHb,LHb,susceptible,c8-lhb-m37_5,Oval/Medial
CACAGATGTTTCCAAG-1,1,LHb,LHb,susceptible,c8-lhb-m37_5,Hbx
CACAGATTCAGCTTCC-1,4,LHb,LHb,susceptible,c8-lhb-m37_5,Marginal
CACCGTTAGCGACTTT-1,9,LHb,LHb,susceptible,c8-lhb-m37_5,Hbx
CACCGTTTCCGGCAGT-1,1,LHb,LHb,susceptible,c8-lhb-m37_5,Oval/Medial
CACGAATAGGTTCTAC-1,9,LHb,LHb,susceptible,c8-lhb-m37_5,Marginal
CACGGGTAGTACTCGT-1,1,LHb,LHb,susceptible,c8-lhb-m37_5,Hbx
CACGTGGGTACAGTCT-1,1,LHb,LHb,susceptible,c8-lhb-m37_5,Oval/Medial
CACGTGGTCTTGGATG-1,1,LHb,LHb,susceptible,c8-lhb-m37_5,Oval/Medial
CACGTTCCAAGCTGCC-1,1,LHb,LHb,susceptible,c8-lhb-m37_5,Oval/Medial
CACTAAGAGTGTACCT-1,1,LHb,LHb,susceptible,c8-lhb-m37_5,Lateral
CACTAAGCACTTACAG-1,9,LHb,LHb,susceptible,c8-lhb-m37_5,Marginal
CACTGTCTCTGCCTGT-1,9,LHb,LHb,susceptible,c8-lhb-m37_5,Marginal
CACTTCGAGTCATAGA-1,9,LHb,LHb,susceptible,c8-lhb-m37_5,Marginal
CACTTCGGTTGCGGCT-1,1,LHb,LHb,susceptible,c8-lhb-m37_5,Oval/Medial
CACTTCGGTTTCAGAC-1,1,LHb,LHb,susceptible,c8-lhb-m37_5,Oval/Medial
CAGAGCCAGCGGTAGT-1,1,LHb,LHb,susceptible,c8-lhb-m37_5,Lateral
CAGATACCACCGGCTA-1,1,LHb,LHb,susceptible,c8-lhb-m37_5,Oval/Medial
CAGATACGTGACTATC-1,1,LHb,LHb,susceptible,c8-lhb-m37_5,Oval/Medial
CAGATTGGTTGAGGAC-1,9,LHb,LHb,susceptible,c8-lhb-m37_5,Marginal
CAGCAATCAAGGCTTT-1,1,LHb,LHb,susceptible,c8-lhb-m37_5,Oval/Medial
CAGCAATCACTAACCA-1,1,LHb,LHb,susceptible,c8-lhb-m37_5,Oval/Medial
CAGCAATGTGGTAATA-1,1,LHb,LHb,susceptible,c8-lhb-m37_5,Oval/Medial
CAGCACGTCGCACTCT-1,13,LHb,LHb,susceptible,c8-lhb-m37_5,Oval/Medial
CAGCCAGTCCTGGGTG-1,1,LHb,LHb,susceptible,c8-lhb-m37_5,Oval/Medial
CAGGTATCAGTGACCC-1,1,LHb,LHb,susceptible,c8-lhb-m37_5,Hbx
CATAAGCTCCATGAGT-1,1,LHb,LHb,susceptible,c8-lhb-m37_5,Hbx
CATACTTCAGGCTCTG-1,1,LHb,LHb,susceptible,c8-lhb-m37_5,Oval/Medial
CATCCACAGGTATAGT-1,1,LHb,LHb,susceptible,c8-lhb-m37_5,Oval/Medial
CATCCCACAAGATGTA-1,1,LHb,LHb,susceptible,c8-lhb-m37_5,Oval/Medial
CATCCCACAGTCGGTC-1,1,LHb,LHb,susceptible,c8-lhb-m37_5,Oval/Medial
CATCGCTAGCAATTCC-1,1,LHb,LHb,susceptible,c8-lhb-m37_5,Oval/Medial
CATCGCTAGTGGACTG-1,9,LHb,LHb,susceptible,c8-lhb-m37_5,Marginal
CATCGGGCAGCTGTTA-1,1,LHb,LHb,susceptible,c8-lhb-m37_5,Oval/Medial
CATGAGTCAAGATCCT-1,1,LHb,LHb,susceptible,c8-lhb-m37_5,Lateral
CATGAGTGTATTGGCT-1,9,LHb,LHb,susceptible,c8-lhb-m37_5,Oval/Medial
CATGCAAGTTCCTAAG-1,1,LHb,LHb,susceptible,c8-lhb-m37_5,Oval/Medial
CATGCGGAGCTCTGTA-1,1,LHb,LHb,susceptible,c8-lhb-m37_5,Oval/Medial
CATGGATCACAGGATG-1,9,LHb,LHb,susceptible,c8-lhb-m37_5,Hbx
CATGGATCACGCAAAG-1-1,1,LHb,LHb,susceptible,c8-lhb-m37_5,Oval/Medial
CATTCATTCTTCTAAC-1-1,9,LHb,LHb,susceptible,c8-lhb-m37_5,Marginal
CATTCTAAGTAAGGGA-1,9,LHb,LHb,susceptible,c8-lhb-m37_5,Marginal
CATTGAGTCGTCACCT-1,1,LHb,LHb,susceptible,c8-lhb-m37_5,Oval/Medial
CATTGCCAGGGTATAT-1,1,LHb,LHb,susceptible,c8-lhb-m37_5,Oval/Medial
CATTGCCGTAGGCAGT-1,1,LHb,LHb,susceptible,c8-lhb-m37_5,Oval/Medial
CATTGTTAGTGCCAGA-1,1,LHb,LHb,susceptible,c8-lhb-m37_5,Oval/Medial
CATTGTTGTCCAGCCA-1,1,LHb,LHb,susceptible,c8-lhb-m37_5,Oval/Medial
CCAAGCGGTTGTCAGT-1,1,LHb,LHb,susceptible,c8-lhb-m37_5,Oval/Medial
CCAATGAAGGATGAGA-1,1,LHb,LHb,susceptible,c8-lhb-m37_5,Oval/Medial
CCAATGACAAGAGTAT-1,1,LHb,LHb,susceptible,c8-lhb-m37_5,Oval/Medial
CCACACTTCCCGTAAA-1,1,LHb,LHb,susceptible,c8-lhb-m37_5,Oval/Medial
CCACGAGCATGTTACG-1,9,LHb,LHb,susceptible,c8-lhb-m37_5,Marginal
CCACGAGGTTACCCTC-1,9,LHb,LHb,susceptible,c8-lhb-m37_5,Oval/Medial
CCACGTTAGGTTTGAA-1,1,LHb,LHb,susceptible,c8-lhb-m37_5,Oval/Medial
CCACGTTCACACGTGC-1,1,LHb,LHb,susceptible,c8-lhb-m37_5,Oval/Medial
CCACTTGAGATCCCAT-1,1,LHb,LHb,susceptible,c8-lhb-m37_5,Oval/Medial
CCACTTGGTGCGGCTT-1,9,LHb,LHb,susceptible,c8-lhb-m37_5,Marginal
CCATCACGTCCTGGGT-1-1,1,LHb,LHb,susceptible,c8-lhb-m37_5,Oval/Medial
CCCATTGCAATGACCT-1,1,LHb,LHb,susceptible,c8-lhb-m37_5,Oval/Medial
CCCATTGCACATACGT-1,9,LHb,LHb,susceptible,c8-lhb-m37_5,Marginal
CCCATTGCATTCATCT-1,1,LHb,LHb,susceptible,c8-lhb-m37_5,Oval/Medial
CCCGAAGAGTCACGAG-1,1,LHb,LHb,susceptible,c8-lhb-m37_5,Oval/Medial
CCCTAACGTAGGTAGC-1,1,LHb,LHb,susceptible,c8-lhb-m37_5,Oval/Medial
CCCTCAACAGCACAAG-1,1,LHb,LHb,susceptible,c8-lhb-m37_5,Oval/Medial
CCCTGATAGACTCCGC-1,1,LHb,LHb,susceptible,c8-lhb-m37_5,Oval/Medial
CCCTGATCATGTACGT-1,1,LHb,LHb,susceptible,c8-lhb-m37_5,Oval/Medial
CCCTGATTCTCTATGT-1,1,LHb,LHb,susceptible,c8-lhb-m37_5,Oval/Medial
CCCTTAGTCTCACTCG-1,9,LHb,LHb,susceptible,c8-lhb-m37_5,Marginal
CCGATCTAGCCGATAG-1,1,LHb,LHb,susceptible,c8-lhb-m37_5,Oval/Medial
CCGATGGTCGAACCTA-1,1,LHb,LHb,susceptible,c8-lhb-m37_5,Oval/Medial
CCGGACAGTGATTCAC-1,9,LHb,LHb,susceptible,c8-lhb-m37_5,Marginal
CCGGGTAAGCTCGTGC-1,1,LHb,LHb,susceptible,c8-lhb-m37_5,Oval/Medial
CCGGGTAAGGAGACCT-1,1,LHb,LHb,susceptible,c8-lhb-m37_5,Hbx
CCGGTAGCAAGAGAGA-1,1,LHb,LHb,susceptible,c8-lhb-m37_5,Oval/Medial
CCGTAGGAGTATCTGC-1,1,LHb,LHb,susceptible,c8-lhb-m37_5,Oval/Medial
CCGTGAGCACACGGTC-1,1,LHb,LHb,susceptible,c8-lhb-m37_5,Oval/Medial
CCTACGTAGAACCGCA-1-1,1,LHb,LHb,susceptible,c8-lhb-m37_5,Lateral
CCTACGTTCATTGCCC-1,1,LHb,LHb,susceptible,c8-lhb-m37_5,Oval/Medial
CCTATCGCACCGAATT-1,1,LHb,LHb,susceptible,c8-lhb-m37_5,Oval/Medial
CCTATCGGTACCTAAC-1,1,LHb,LHb,susceptible,c8-lhb-m37_5,Lateral
CCTCACAGTACTGACT-1,9,LHb,LHb,susceptible,c8-lhb-m37_5,Marginal
CCTCAGTAGAGTCCGA-1,1,LHb,LHb,susceptible,c8-lhb-m37_5,Oval/Medial
CCTCTAGAGCAACTTC-1,9,LHb,LHb,susceptible,c8-lhb-m37_5,Marginal
CCTCTAGCAACCGACC-1,1,LHb,LHb,susceptible,c8-lhb-m37_5,Lateral
CCTCTAGCAACTGCCG-1,1,LHb,LHb,susceptible,c8-lhb-m37_5,Oval/Medial
CCTCTAGGTACGAAAT-1,1,LHb,LHb,susceptible,c8-lhb-m37_5,Oval/Medial
CCTGTTGGTGATACTC-1,1,LHb,LHb,susceptible,c8-lhb-m37_5,Oval/Medial
CCTTCAGAGTTGTCGT-1,1,LHb,LHb,susceptible,c8-lhb-m37_5,Oval/Medial
CGAAGGAAGGCCATAG-1,1,LHb,LHb,susceptible,c8-lhb-m37_5,Oval/Medial
CGAATTGGTGACATCT-1,9,LHb,LHb,susceptible,c8-lhb-m37_5,Marginal
CGAGAAGCACCAGCTG-1,1,LHb,LHb,susceptible,c8-lhb-m37_5,Oval/Medial
CGAGGCTTCTTTCTAG-1,1,LHb,LHb,susceptible,c8-lhb-m37_5,Marginal
CGATGGCTCGGCAGTC-1,1,LHb,LHb,susceptible,c8-lhb-m37_5,Oval/Medial
CGCAGGTAGAATTGCA-1,9,LHb,LHb,susceptible,c8-lhb-m37_5,Marginal
CGCATGGGTATGGTTC-1,1,LHb,LHb,susceptible,c8-lhb-m37_5,Oval/Medial
CGCATGGGTGCCTGCA-1,9,LHb,LHb,susceptible,c8-lhb-m37_5,Oval/Medial
CGCCATTTCAGGACAG-1,1,LHb,LHb,susceptible,c8-lhb-m37_5,Oval/Medial
CGGAACCGTCATGACT-1,1,LHb,LHb,susceptible,c8-lhb-m37_5,Oval/Medial
CGGAACCGTGCTATTG-1,9,LHb,LHb,susceptible,c8-lhb-m37_5,Marginal
CGGAATTAGGCGTTGA-1,1,LHb,LHb,susceptible,c8-lhb-m37_5,Oval/Medial
CGTAGTAAGATGGTAT-1,1,LHb,LHb,susceptible,c8-lhb-m37_5,Lateral
CGTAGTATCAAAGGAT-1,9,LHb,LHb,susceptible,c8-lhb-m37_5,Marginal
CGTCAAAAGCATGCGA-1,1,LHb,LHb,susceptible,c8-lhb-m37_5,Oval/Medial
CGTCAAATCACCTTGC-1,1,LHb,LHb,susceptible,c8-lhb-m37_5,Oval/Medial
CGTCCATCATATCTCT-1,13,LHb,LHb,susceptible,c8-lhb-m37_5,Oval/Medial
CGTCCATGTTTAAGGA-1,9,LHb,LHb,susceptible,c8-lhb-m37_5,Oval/Medial
CGTGCTTGTCGGCCTA-1,1,LHb,LHb,susceptible,c8-lhb-m37_5,Oval/Medial
CGTGTCTAGGCTAAAT-1,9,LHb,LHb,susceptible,c8-lhb-m37_5,Marginal
CTAAGTGGTGTTCATG-1,1,LHb,LHb,susceptible,c8-lhb-m37_5,Hbx
CTACATTCAAAGGATT-1,1,LHb,LHb,susceptible,c8-lhb-m37_5,Lateral
CTATCTAGTCCGAAAG-1,1,LHb,LHb,susceptible,c8-lhb-m37_5,Oval/Medial
CTCAGAACAGAACTAA-1,9,LHb,LHb,susceptible,c8-lhb-m37_5,Marginal
CTCATTAAGATCCGAG-1,1,LHb,LHb,susceptible,c8-lhb-m37_5,Oval/Medial
CTCCATGTCCATCCGT-1,1,LHb,LHb,susceptible,c8-lhb-m37_5,Oval/Medial
CTCCTTTAGCACTGGA-1,1,LHb,LHb,susceptible,c8-lhb-m37_5,Oval/Medial
CTCGAGGGTAGCGCTC-1,1,LHb,LHb,susceptible,c8-lhb-m37_5,Oval/Medial
CTCTCAGCACATGACT-1,1,LHb,LHb,susceptible,c8-lhb-m37_5,Oval/Medial
CTGAATGGTTCCATTT-1,9,LHb,LHb,susceptible,c8-lhb-m37_5,Marginal
CTGAGGCCACTGGACC-1,1,LHb,LHb,susceptible,c8-lhb-m37_5,Oval/Medial
CTGAGGCGTCGCCTAG-1,1,LHb,LHb,susceptible,c8-lhb-m37_5,Oval/Medial
CTGCAGGCAAATCGTC-1,1,LHb,LHb,susceptible,c8-lhb-m37_5,Hbx
CTGCAGGCATATGCGT-1,9,LHb,LHb,susceptible,c8-lhb-m37_5,Hbx
CTGCAGGTCACTCGAA-1,1,LHb,LHb,susceptible,c8-lhb-m37_5,Lateral
CTGCATCTCCACAGCG-1,9,LHb,LHb,susceptible,c8-lhb-m37_5,Hbx
CTGCGAGAGACTCATC-1,1,LHb,LHb,susceptible,c8-lhb-m37_5,Oval/Medial
CTGGACGCAGTCTCTC-1,1,LHb,LHb,susceptible,c8-lhb-m37_5,Oval/Medial
CTGGACGTCATCACCC-1,1,LHb,LHb,susceptible,c8-lhb-m37_5,Oval/Medial
CTGGTCTAGTGGACGT-1,9,LHb,LHb,susceptible,c8-lhb-m37_5,Marginal
CTGGTCTGTAGTCCTA-1,1,LHb,LHb,susceptible,c8-lhb-m37_5,Oval/Medial
CTGGTCTTCGCAGTTA-1,1,LHb,LHb,susceptible,c8-lhb-m37_5,Oval/Medial
CTGTATTCATCGGAGA-1,0,LHb,LHb,susceptible,c8-lhb-m37_5,Hbx
CTGTATTGTACGACTT-1,1,LHb,LHb,susceptible,c8-lhb-m37_5,Oval/Medial
CTGTATTGTCATCGCG-1,1,LHb,LHb,susceptible,c8-lhb-m37_5,Oval/Medial
CTGTGGGAGGGTGGGA-1,1,LHb,LHb,susceptible,c8-lhb-m37_5,Oval/Medial
CTGTGGGTCTAAGCCA-1,1,LHb,LHb,susceptible,c8-lhb-m37_5,Hbx
CTTAGGAAGGTCATCT-1,2,LHb,LHb,susceptible,c8-lhb-m37_5,Oval/Medial
CTTAGGATCATTCGTT-1,1,LHb,LHb,susceptible,c8-lhb-m37_5,Oval/Medial
CTTCGGTCAAGACAAT-1,1,LHb,LHb,susceptible,c8-lhb-m37_5,Oval/Medial
CTTCTAACATCCAATG-1,4,LHb,LHb,susceptible,c8-lhb-m37_5,Oval/Medial
CTTCTCTAGGCGCTTC-1,1,LHb,LHb,susceptible,c8-lhb-m37_5,Oval/Medial
CTTCTCTAGGCGTTAG-1,9,LHb,LHb,susceptible,c8-lhb-m37_5,Marginal
CTTGAGACAAGGTCTT-1,1,LHb,LHb,susceptible,c8-lhb-m37_5,Oval/Medial
CTTGATTAGATTAGTG-1,1,LHb,LHb,susceptible,c8-lhb-m37_5,Hbx
CTTGATTAGGTAAGTT-1-1,1,LHb,LHb,susceptible,c8-lhb-m37_5,Lateral
CTTGATTCACCCATAA-1,1,LHb,LHb,susceptible,c8-lhb-m37_5,Oval/Medial
CTTTCAACATTAGGCT-1-1,1,LHb,LHb,susceptible,c8-lhb-m37_5,Oval/Medial
CTTTCGGTCTCGAGTA-1,1,LHb,LHb,susceptible,c8-lhb-m37_5,Hbx
GAAACCTAGTAGACCG-1,9,LHb,LHb,susceptible,c8-lhb-m37_5,Lateral
GAAACCTGTAGACTGG-1,1,LHb,LHb,susceptible,c8-lhb-m37_5,Oval/Medial
GAACGTTCAGGTCCCA-1,1,LHb,LHb,susceptible,c8-lhb-m37_5,Oval/Medial
GAACTGTAGTCATAGA-1,9,LHb,LHb,susceptible,c8-lhb-m37_5,Marginal
GAACTGTAGTTAGTGA-1,1,LHb,LHb,susceptible,c8-lhb-m37_5,Oval/Medial
GAACTGTTCGTAGTGT-1-1,1,LHb,LHb,susceptible,c8-lhb-m37_5,Oval/Medial
GAAGCCCCATGGAATA-1,9,LHb,LHb,susceptible,c8-lhb-m37_5,Marginal
GAAGCGACAATGACCT-1,1,LHb,LHb,susceptible,c8-lhb-m37_5,Hbx
GAAGGGTAGCGTCAGA-1,1,LHb,LHb,susceptible,c8-lhb-m37_5,Lateral
GAAGGGTGTAACGATA-1,1,LHb,LHb,susceptible,c8-lhb-m37_5,Oval/Medial
GAAGTAAGTAGATTAG-1,1,LHb,LHb,susceptible,c8-lhb-m37_5,Oval/Medial
GAAGTAAGTTCAAACC-1-1,1,LHb,LHb,susceptible,c8-lhb-m37_5,Oval/Medial
GAATAGACATCGGAAG-1,1,LHb,LHb,susceptible,c8-lhb-m37_5,Oval/Medial
GAATAGATCCGCAACG-1,1,LHb,LHb,susceptible,c8-lhb-m37_5,Oval/Medial
GAATCACTCAACCGAT-1,9,LHb,LHb,susceptible,c8-lhb-m37_5,Oval/Medial
GACACGCAGCTAGTTC-1,1,LHb,LHb,susceptible,c8-lhb-m37_5,Oval/Medial
GACATCATCTTACACT-1,1,LHb,LHb,susceptible,c8-lhb-m37_5,Oval/Medial
GACCAATCAGCTGGTC-1,1,LHb,LHb,susceptible,c8-lhb-m37_5,Oval/Medial
GACCCAGAGCAGCAGT-1,1,LHb,LHb,susceptible,c8-lhb-m37_5,Oval/Medial
GACCCTTGTCTAACTG-1,9,LHb,LHb,susceptible,c8-lhb-m37_5,Marginal
GACCTTCCAGCGTATT-1,1,LHb,LHb,susceptible,c8-lhb-m37_5,Oval/Medial
GACCTTCTCTTCCAGC-1,4,LHb,LHb,susceptible,c8-lhb-m37_5,Marginal
GACGCTGAGGGCCAAT-1,1,LHb,LHb,susceptible,c8-lhb-m37_5,Oval/Medial
GACGTTACACTGTCGG-1,1,LHb,LHb,susceptible,c8-lhb-m37_5,Lateral
GACTCAAAGGCCACTC-1,1,LHb,LHb,susceptible,c8-lhb-m37_5,Hbx
GACTCTCTCCATTTCA-1,1,LHb,LHb,susceptible,c8-lhb-m37_5,Hbx
GAGAAATCATGGCACC-1,1,LHb,LHb,susceptible,c8-lhb-m37_5,Oval/Medial
GAGACCCCACTCCACT-1,9,LHb,LHb,susceptible,c8-lhb-m37_5,Oval/Medial
GAGACCCGTCTCAAGT-1,1,LHb,LHb,susceptible,c8-lhb-m37_5,Oval/Medial
GAGCCTGCAAGTTTGC-1,1,LHb,LHb,susceptible,c8-lhb-m37_5,Oval/Medial
GAGCTGCAGGTAATCA-1,1,LHb,LHb,susceptible,c8-lhb-m37_5,Oval/Medial
GAGTGAGTCGTTGTAG-1,1,LHb,LHb,susceptible,c8-lhb-m37_5,Lateral
GAGTGTTGTCAGACTT-1,1,LHb,LHb,susceptible,c8-lhb-m37_5,Oval/Medial
GAGTGTTTCATTGCCC-1,1,LHb,LHb,susceptible,c8-lhb-m37_5,Lateral
GAGTGTTTCGCGCTGA-1,9,LHb,LHb,susceptible,c8-lhb-m37_5,Marginal
GATAGAAAGACCCTTA-1,1,LHb,LHb,susceptible,c8-lhb-m37_5,Oval/Medial
GATAGAAAGCTCATAC-1,1,LHb,LHb,susceptible,c8-lhb-m37_5,Oval/Medial
GATAGAACAACGCCCA-1,9,LHb,LHb,susceptible,c8-lhb-m37_5,Oval/Medial
GATAGAATCTCCGTGT-1,9,LHb,LHb,susceptible,c8-lhb-m37_5,Marginal
GATCACAAGAAGCGCT-1,1,LHb,LHb,susceptible,c8-lhb-m37_5,Oval/Medial
GATCACAAGATGGTCG-1,1,LHb,LHb,susceptible,c8-lhb-m37_5,Oval/Medial
GATCACACAAGTGGGT-1,1,LHb,LHb,susceptible,c8-lhb-m37_5,Oval/Medial
GATCATGGTCACCTTC-1,1,LHb,LHb,susceptible,c8-lhb-m37_5,Oval/Medial
GATCCCTCATCATCTT-1,1,LHb,LHb,susceptible,c8-lhb-m37_5,Hbx
GATCCCTTCAAGAATG-1,9,LHb,LHb,susceptible,c8-lhb-m37_5,Marginal
GATCGTACAGGAACCA-1,9,LHb,LHb,susceptible,c8-lhb-m37_5,Oval/Medial
GATGACTGTGTTAGCT-1,9,LHb,LHb,susceptible,c8-lhb-m37_5,Oval/Medial
GATGCTAGTCAGGCAA-1-1,9,LHb,LHb,susceptible,c8-lhb-m37_5,Oval/Medial
GATTGGTTCGTGCATA-1,9,LHb,LHb,susceptible,c8-lhb-m37_5,Oval/Medial
GATTTCTAGCCAACCC-1,1,LHb,LHb,susceptible,c8-lhb-m37_5,Oval/Medial
GATTTCTTCAACCGAT-1,1,LHb,LHb,susceptible,c8-lhb-m37_5,Lateral
GCACGTGGTTTAGTCG-1,1,LHb,LHb,susceptible,c8-lhb-m37_5,Hbx
GCACGTGTCTAGACAC-1,1,LHb,LHb,susceptible,c8-lhb-m37_5,Lateral
GCACTAATCGTTCAGA-1,1,LHb,LHb,susceptible,c8-lhb-m37_5,Oval/Medial
GCATCGGGTGGTGATG-1,1,LHb,LHb,susceptible,c8-lhb-m37_5,Oval/Medial
GCATCTCCATCACAGT-1,1,LHb,LHb,susceptible,c8-lhb-m37_5,Oval/Medial
GCATCTCGTGCATTAC-1,1,LHb,LHb,susceptible,c8-lhb-m37_5,Lateral
GCATGATCAACGCATT-1,1,LHb,LHb,susceptible,c8-lhb-m37_5,Oval/Medial
GCATTAGGTATCCCAA-1,1,LHb,LHb,susceptible,c8-lhb-m37_5,Oval/Medial
GCATTAGGTTAGGCTT-1,1,LHb,LHb,susceptible,c8-lhb-m37_5,Oval/Medial
GCATTAGTCTCGGTAA-1,1,LHb,LHb,susceptible,c8-lhb-m37_5,Oval/Medial
GCCAACGCAACTCCCT-1,1,LHb,LHb,susceptible,c8-lhb-m37_5,Oval/Medial
GCCAGCACAACAACAA-1,1,LHb,LHb,susceptible,c8-lhb-m37_5,Oval/Medial
GCCAGGTGTTACGGAG-1,1,LHb,LHb,susceptible,c8-lhb-m37_5,Oval/Medial
GCCAGTGAGCAAGGAA-1,9,LHb,LHb,susceptible,c8-lhb-m37_5,Marginal
GCCAGTGAGTGCACCC-1,1,LHb,LHb,susceptible,c8-lhb-m37_5,Oval/Medial
GCCAGTGTCTTTGCAT-1,1,LHb,LHb,susceptible,c8-lhb-m37_5,Oval/Medial
GCCATTCAGATCCTAC-1,1,LHb,LHb,susceptible,c8-lhb-m37_5,Oval/Medial
GCCATTCCAGGTGACA-1,9,LHb,LHb,susceptible,c8-lhb-m37_5,Marginal
GCCATTCGTCCATACA-1,1,LHb,LHb,susceptible,c8-lhb-m37_5,Oval/Medial
GCCCAGACACTACCGG-1,9,LHb,LHb,susceptible,c8-lhb-m37_5,Marginal
GCCCGAAGTTGTTTGG-1,1,LHb,LHb,susceptible,c8-lhb-m37_5,Oval/Medial
GCCGTGACAGGTCAGA-1,1,LHb,LHb,susceptible,c8-lhb-m37_5,Oval/Medial
GCCTGTTAGTTGTCGT-1,1,LHb,LHb,susceptible,c8-lhb-m37_5,Oval/Medial
GCGAGAACACAGTGTT-1,1,LHb,LHb,susceptible,c8-lhb-m37_5,Oval/Medial
GCGATCGGTTGGACCC-1,1,LHb,LHb,susceptible,c8-lhb-m37_5,Oval/Medial
GCGGAAAAGTTCCAGT-1,1,LHb,LHb,susceptible,c8-lhb-m37_5,Oval/Medial
GCGGATCGTCACCGAC-1,1,LHb,LHb,susceptible,c8-lhb-m37_5,Oval/Medial
GCGTGCAAGGCACTCC-1,1,LHb,LHb,susceptible,c8-lhb-m37_5,Oval/Medial
GCGTGCATCTTTGCTA-1-1,1,LHb,LHb,susceptible,c8-lhb-m37_5,Oval/Medial
GCTACCTTCGTGAGAG-1,1,LHb,LHb,susceptible,c8-lhb-m37_5,Oval/Medial
GCTGCAGAGACATACA-1,1,LHb,LHb,susceptible,c8-lhb-m37_5,Oval/Medial
GCTGGGTAGGATACGC-1,1,LHb,LHb,susceptible,c8-lhb-m37_5,Oval/Medial
GCTGGGTTCGCTGATA-1,1,LHb,LHb,susceptible,c8-lhb-m37_5,Oval/Medial
GCTGGGTTCTTGGGCG-1,1,LHb,LHb,susceptible,c8-lhb-m37_5,Oval/Medial
GCTTCACCACGATAGG-1,1,LHb,LHb,susceptible,c8-lhb-m37_5,Oval/Medial
GCTTCACGTCCACAGC-1,9,LHb,LHb,susceptible,c8-lhb-m37_5,Marginal
GCTTTCGGTTCTCCTG-1,1,LHb,LHb,susceptible,c8-lhb-m37_5,Oval/Medial
GGAACCCCATGGGCAA-1,9,LHb,LHb,susceptible,c8-lhb-m37_5,Oval/Medial
GGAATCTCACACTTAG-1,9,LHb,LHb,susceptible,c8-lhb-m37_5,Marginal
GGAATCTGTCGATTTG-1,1,LHb,LHb,susceptible,c8-lhb-m37_5,Oval/Medial
GGAGAACCAGGCACTC-1,1,LHb,LHb,susceptible,c8-lhb-m37_5,Hbx
GGAGATGGTAAGGAGA-1,1,LHb,LHb,susceptible,c8-lhb-m37_5,Oval/Medial
GGAGGTAAGGGCAATC-1,1,LHb,LHb,susceptible,c8-lhb-m37_5,Oval/Medial
GGATGTTCACCATATG-1,1,LHb,LHb,susceptible,c8-lhb-m37_5,Oval/Medial
GGCACGTGTGCTCTTC-1,1,LHb,LHb,susceptible,c8-lhb-m37_5,Oval/Medial
GGCACGTGTTAAACCC-1,1,LHb,LHb,susceptible,c8-lhb-m37_5,Oval/Medial
GGCACGTTCAAACCTG-1,1,LHb,LHb,susceptible,c8-lhb-m37_5,Oval/Medial
GGCAGTCCACACAGCC-1,1,LHb,LHb,susceptible,c8-lhb-m37_5,Oval/Medial
GGCTGTGCAAGTGGAC-1,1,LHb,LHb,susceptible,c8-lhb-m37_5,Oval/Medial
GGCTTGGGTACAGCGA-1,1,LHb,LHb,susceptible,c8-lhb-m37_5,Oval/Medial
GGGATCCGTTAGCGGA-1,1,LHb,LHb,susceptible,c8-lhb-m37_5,Oval/Medial
GGGCGTTCAGACCATT-1,1,LHb,LHb,susceptible,c8-lhb-m37_5,Oval/Medial
GGGCGTTTCGTCGCTT-1,1,LHb,LHb,susceptible,c8-lhb-m37_5,Oval/Medial
GGGCTACTCGTCACCT-1-1,1,LHb,LHb,susceptible,c8-lhb-m37_5,Oval/Medial
GGGCTCAAGACATAGT-1,9,LHb,LHb,susceptible,c8-lhb-m37_5,Marginal
GGGCTCACAAAGGGCT-1,1,LHb,LHb,susceptible,c8-lhb-m37_5,Oval/Medial
GGGCTCACAGGAGGAG-1,1,LHb,LHb,susceptible,c8-lhb-m37_5,Oval/Medial
GGGTATTTCATGAAAG-1,1,LHb,LHb,susceptible,c8-lhb-m37_5,Oval/Medial
GGGTCACCAGAGGTAC-1,1,LHb,LHb,susceptible,c8-lhb-m37_5,Lateral
GGGTCACTCGATAACC-1,1,LHb,LHb,susceptible,c8-lhb-m37_5,Oval/Medial
GGGTCTGCATGATAGA-1,9,LHb,LHb,susceptible,c8-lhb-m37_5,Oval/Medial
GGGTTATCAGGCAATG-1,9,LHb,LHb,susceptible,c8-lhb-m37_5,Marginal
GGGTTTACACGTAACT-1,1,LHb,LHb,susceptible,c8-lhb-m37_5,Oval/Medial
GGTCACGGTCGACTGC-1,1,LHb,LHb,susceptible,c8-lhb-m37_5,Oval/Medial
GGTCTGGTCAATCTCT-1,9,LHb,LHb,susceptible,c8-lhb-m37_5,Marginal
GGTCTGGTCGTTGTAG-1,1,LHb,LHb,susceptible,c8-lhb-m37_5,Oval/Medial
GGTGGCTGTCGAGTTT-1,1,LHb,LHb,susceptible,c8-lhb-m37_5,Oval/Medial
GGTTAACGTCAGGAGT-1,1,LHb,LHb,susceptible,c8-lhb-m37_5,Hbx
GGTTGTACACCCTAGG-1,1,LHb,LHb,susceptible,c8-lhb-m37_5,Oval/Medial
GGTTGTACATGGCCAC-1,1,LHb,LHb,susceptible,c8-lhb-m37_5,Hbx
GTAAGTCCAGTATTCG-1,1,LHb,LHb,susceptible,c8-lhb-m37_5,Hbx
GTAATCGAGTCATACC-1,1,LHb,LHb,susceptible,c8-lhb-m37_5,Oval/Medial
GTAATCGAGTGCCTCG-1,1,LHb,LHb,susceptible,c8-lhb-m37_5,Oval/Medial
GTACAGTAGGGTATAT-1,1,LHb,LHb,susceptible,c8-lhb-m37_5,Oval/Medial
GTACAGTTCATCGCAA-1,1,LHb,LHb,susceptible,c8-lhb-m37_5,Oval/Medial
GTACAGTTCTCTCGAC-1,1,LHb,LHb,susceptible,c8-lhb-m37_5,Oval/Medial
GTAGATCAGTTACGGG-1,9,LHb,LHb,susceptible,c8-lhb-m37_5,Marginal
GTAGGAGAGCCGGAAT-1,1,LHb,LHb,susceptible,c8-lhb-m37_5,Oval/Medial
GTAGGAGCACCGTGGT-1,1,LHb,LHb,susceptible,c8-lhb-m37_5,Oval/Medial
GTAGGTTAGAGTGGCT-1,1,LHb,LHb,susceptible,c8-lhb-m37_5,Hbx
GTAGGTTTCCAATGCA-1,1,LHb,LHb,susceptible,c8-lhb-m37_5,Lateral
GTAGTACCACCAGCGT-1,1,LHb,LHb,susceptible,c8-lhb-m37_5,Lateral
GTATTTCGTCCTCCTA-1,0,LHb,LHb,susceptible,c8-lhb-m37_5,Lateral
GTCACTCAGCTACTAC-1,1,LHb,LHb,susceptible,c8-lhb-m37_5,Oval/Medial
GTCACTCAGTACTCGT-1,1,LHb,LHb,susceptible,c8-lhb-m37_5,Oval/Medial
GTCACTCCAGTTCCAA-1,1,LHb,LHb,susceptible,c8-lhb-m37_5,Oval/Medial
GTCAGCGGTCGAGCTC-1,1,LHb,LHb,susceptible,c8-lhb-m37_5,Oval/Medial
GTCAGCGTCTGCGGCA-1,1,LHb,LHb,susceptible,c8-lhb-m37_5,Hbx
GTCCCATGTTGGGACA-1,9,LHb,LHb,susceptible,c8-lhb-m37_5,Marginal
GTCGAATCACTGCTTC-1,1,LHb,LHb,susceptible,c8-lhb-m37_5,Oval/Medial
GTCGCGAAGAACTGAT-1,9,LHb,LHb,susceptible,c8-lhb-m37_5,Lateral
GTCGTAATCACGATCA-1,1,LHb,LHb,susceptible,c8-lhb-m37_5,Oval/Medial
GTCGTTCGTCACTGAT-1,1,LHb,LHb,susceptible,c8-lhb-m37_5,Oval/Medial
GTCGTTCTCTTCTCAA-1,1,LHb,LHb,susceptible,c8-lhb-m37_5,Oval/Medial
GTCTCACTCCATTTGT-1-1,1,LHb,LHb,susceptible,c8-lhb-m37_5,Oval/Medial
GTCTGTCGTGCGCTCA-1,9,LHb,LHb,susceptible,c8-lhb-m37_5,Oval/Medial
GTGACGCTCGGCTGGT-1,1,LHb,LHb,susceptible,c8-lhb-m37_5,Oval/Medial
GTGCTGGAGTCCGCGT-1,1,LHb,LHb,susceptible,c8-lhb-m37_5,Oval/Medial
GTGGAAGAGAACCCGA-1,9,LHb,LHb,susceptible,c8-lhb-m37_5,Oval/Medial
GTGGAAGAGTACCCTA-1,1,LHb,LHb,susceptible,c8-lhb-m37_5,Oval/Medial
GTGGAAGCAACAAAGT-1,1,LHb,LHb,susceptible,c8-lhb-m37_5,Oval/Medial
GTGGAAGGTAACATGA-1,9,LHb,LHb,susceptible,c8-lhb-m37_5,Oval/Medial
GTGGAGATCGACATCA-1,1,LHb,LHb,susceptible,c8-lhb-m37_5,Oval/Medial
GTGGCGTCATCTCAAG-1,1,LHb,LHb,susceptible,c8-lhb-m37_5,Hbx
GTGGGAAGTCCTCCAT-1,1,LHb,LHb,susceptible,c8-lhb-m37_5,Oval/Medial
GTGTGATTCTCTGGTC-1,1,LHb,LHb,susceptible,c8-lhb-m37_5,Hbx
GTTACCCTCCAACACA-1,1,LHb,LHb,susceptible,c8-lhb-m37_5,Oval/Medial
GTTACCCTCCATTTAC-1,1,LHb,LHb,susceptible,c8-lhb-m37_5,Oval/Medial
GTTAGACCATCTAGAC-1,9,LHb,LHb,susceptible,c8-lhb-m37_5,Oval/Medial
GTTAGTGCATAGTCAC-1,1,LHb,LHb,susceptible,c8-lhb-m37_5,Marginal
GTTCCGTAGGCAGTCA-1,9,LHb,LHb,susceptible,c8-lhb-m37_5,Marginal
GTTCGCTCAGCGTATT-1,9,LHb,LHb,susceptible,c8-lhb-m37_5,Marginal
GTTCGCTCAGTTAGAA-1,1,LHb,LHb,susceptible,c8-lhb-m37_5,Oval/Medial
GTTGAACGTTACGATC-1,1,LHb,LHb,susceptible,c8-lhb-m37_5,Lateral
GTTGAACGTTGTAAAG-1,1,LHb,LHb,susceptible,c8-lhb-m37_5,Oval/Medial
GTTGTAGAGAGGTTAT-1,1,LHb,LHb,susceptible,c8-lhb-m37_5,Oval/Medial
GTTGTAGAGCTGGAGT-1,9,LHb,LHb,susceptible,c8-lhb-m37_5,Oval/Medial
GTTGTAGCAATCGCCG-1,1,LHb,LHb,susceptible,c8-lhb-m37_5,Oval/Medial
GTTTACTGTGGCACTC-1,1,LHb,LHb,susceptible,c8-lhb-m37_5,Oval/Medial
GTTTACTTCGTAGAGG-1,1,LHb,LHb,susceptible,c8-lhb-m37_5,Lateral
GTTTGGACAGAGATGC-1,1,LHb,LHb,susceptible,c8-lhb-m37_5,Oval/Medial
GTTTGGAGTCACCGAC-1,1,LHb,LHb,susceptible,c8-lhb-m37_5,Oval/Medial
TAACACGGTTAACAGA-1,2,LHb,LHb,susceptible,c8-lhb-m37_5,Marginal
TAACACGTCTCTTCAA-1,1,LHb,LHb,susceptible,c8-lhb-m37_5,Oval/Medial
TAACCAGAGTTAACAG-1,9,LHb,LHb,susceptible,c8-lhb-m37_5,Marginal
TAAGCACAGCTACAAA-1,1,LHb,LHb,susceptible,c8-lhb-m37_5,Oval/Medial
TAAGCACGTACGCTAT-1,1,LHb,LHb,susceptible,c8-lhb-m37_5,Oval/Medial
TAAGTCGAGGCACTAG-1,1,LHb,LHb,susceptible,c8-lhb-m37_5,Oval/Medial
TAAGTCGCAGAATGTA-1,1,LHb,LHb,susceptible,c8-lhb-m37_5,Oval/Medial
TAAGTCGGTAGGAAAG-1,1,LHb,LHb,susceptible,c8-lhb-m37_5,Oval/Medial
TAATTCCGTGGTCTAT-1,1,LHb,LHb,susceptible,c8-lhb-m37_5,Oval/Medial
TACGCTCAGTCACACT-1,1,LHb,LHb,susceptible,c8-lhb-m37_5,Oval/Medial
TACGCTCGTCACCTTC-1,9,LHb,LHb,susceptible,c8-lhb-m37_5,Marginal
TACGGGCAGAATAACC-1,1,LHb,LHb,susceptible,c8-lhb-m37_5,Oval/Medial
TACGTCCAGGTCCTGC-1,1,LHb,LHb,susceptible,c8-lhb-m37_5,Oval/Medial
TACGTCCAGTATCTGC-1,9,LHb,LHb,susceptible,c8-lhb-m37_5,Marginal
TACTTGTAGACCGTTT-1,1,LHb,LHb,susceptible,c8-lhb-m37_5,Oval/Medial
TACTTGTGTATCTCTT-1,1,LHb,LHb,susceptible,c8-lhb-m37_5,Oval/Medial
TAGACTGGTGGGACAT-1,1,LHb,LHb,susceptible,c8-lhb-m37_5,Lateral
TAGGAGGAGAGTCAAT-1-1,1,LHb,LHb,susceptible,c8-lhb-m37_5,Lateral
TAGGTACGTACCTGTA-1,9,LHb,LHb,susceptible,c8-lhb-m37_5,Marginal
TAGTGCATCGCGTGCA-1,1,LHb,LHb,susceptible,c8-lhb-m37_5,Oval/Medial
TATACCTGTGACAGGT-1,1,LHb,LHb,susceptible,c8-lhb-m37_5,Oval/Medial
TATATCCAGGGAGGGT-1,1,LHb,LHb,susceptible,c8-lhb-m37_5,Oval/Medial
TATATCCGTCCAACGC-1,9,LHb,LHb,susceptible,c8-lhb-m37_5,Oval/Medial
TATCAGGGTGCTCTTC-1,0,LHb,LHb,susceptible,c8-lhb-m37_5,Hbx
TATCGCCCATCGGATT-1,1,LHb,LHb,susceptible,c8-lhb-m37_5,Oval/Medial
TATCGCCTCCGGCAGT-1,1,LHb,LHb,susceptible,c8-lhb-m37_5,Oval/Medial
TATCGCCTCTACCACC-1,1,LHb,LHb,susceptible,c8-lhb-m37_5,Hbx
TATCTTGAGAATGTTG-1,1,LHb,LHb,susceptible,c8-lhb-m37_5,Oval/Medial
TATCTTGCAACATACC-1,1,LHb,LHb,susceptible,c8-lhb-m37_5,Hbx
TATCTTGTCTCCCATG-1,9,LHb,LHb,susceptible,c8-lhb-m37_5,Marginal
TCAATCTTCTAGCAAC-1,1,LHb,LHb,susceptible,c8-lhb-m37_5,Oval/Medial
TCAATTCCACTTGACA-1,1,LHb,LHb,susceptible,c8-lhb-m37_5,Oval/Medial
TCAATTCGTTCGATTG-1,1,LHb,LHb,susceptible,c8-lhb-m37_5,Oval/Medial
TCACATTCACACACGC-1,9,LHb,LHb,susceptible,c8-lhb-m37_5,Marginal
TCAGCAAAGCGGATCA-1,9,LHb,LHb,susceptible,c8-lhb-m37_5,Marginal
TCAGCCTTCGCTTGAA-1,1,LHb,LHb,susceptible,c8-lhb-m37_5,Oval/Medial
TCAGGTAAGTTCCGTA-1,1,LHb,LHb,susceptible,c8-lhb-m37_5,Oval/Medial
TCAGGTACAAGACAAT-1,1,LHb,LHb,susceptible,c8-lhb-m37_5,Oval/Medial
TCAGTCCGTTCATCGA-1,1,LHb,LHb,susceptible,c8-lhb-m37_5,Oval/Medial
TCAGTCCTCAGGGATG-1,9,LHb,LHb,susceptible,c8-lhb-m37_5,Hbx
TCAGTCCTCCTCTCGA-1,1,LHb,LHb,susceptible,c8-lhb-m37_5,Oval/Medial
TCAGTCCTCTGTTGGA-1,9,LHb,LHb,susceptible,c8-lhb-m37_5,Marginal
TCAGTTTTCGGCCTTT-1,1,LHb,LHb,susceptible,c8-lhb-m37_5,Oval/Medial
TCATATCGTGGCTAGA-1,1,LHb,LHb,susceptible,c8-lhb-m37_5,Oval/Medial
TCATCATAGCGCTGCT-1,9,LHb,LHb,susceptible,c8-lhb-m37_5,Oval/Medial
TCATCATTCGTCTAAG-1,1,LHb,LHb,susceptible,c8-lhb-m37_5,Oval/Medial
TCATCCGAGCGCATCC-1,1,LHb,LHb,susceptible,c8-lhb-m37_5,Oval/Medial
TCATGAGAGAGGTTTA-1,1,LHb,LHb,susceptible,c8-lhb-m37_5,Lateral
TCATGAGGTAGACGTG-1,1,LHb,LHb,susceptible,c8-lhb-m37_5,Oval/Medial
TCATGCCCACAGCATT-1,1,LHb,LHb,susceptible,c8-lhb-m37_5,Lateral
TCATGGATCAAACCTG-1,1,LHb,LHb,susceptible,c8-lhb-m37_5,Oval/Medial
TCATTCATCGCACTCT-1,1,LHb,LHb,susceptible,c8-lhb-m37_5,Oval/Medial
TCATTGTAGGAGGTTC-1,1,LHb,LHb,susceptible,c8-lhb-m37_5,Oval/Medial
TCATTTGGTACTGAGG-1,1,LHb,LHb,susceptible,c8-lhb-m37_5,Oval/Medial
TCCACCATCGCTAGCG-1,1,LHb,LHb,susceptible,c8-lhb-m37_5,Oval/Medial
TCCACGTAGTATTAGG-1,1,LHb,LHb,susceptible,c8-lhb-m37_5,Oval/Medial
TCCATGCCATCAACCA-1,9,LHb,LHb,susceptible,c8-lhb-m37_5,Marginal
TCCCAGTAGCTGCCTG-1,9,LHb,LHb,susceptible,c8-lhb-m37_5,Marginal
TCCCATGTCGGTGCAC-1,1,LHb,LHb,susceptible,c8-lhb-m37_5,Oval/Medial
TCCGAAAAGTACCGGA-1,1,LHb,LHb,susceptible,c8-lhb-m37_5,Oval/Medial
TCCGAAACATGGCCCA-1,9,LHb,LHb,susceptible,c8-lhb-m37_5,Marginal
TCGAACAGTCCATCTC-1,1,LHb,LHb,susceptible,c8-lhb-m37_5,Oval/Medial
TCGACGGTCATTATCC-1,9,LHb,LHb,susceptible,c8-lhb-m37_5,Marginal
TCGCACTTCTCTGGTC-1,1,LHb,LHb,susceptible,c8-lhb-m37_5,Lateral
TCGCTCACACACTTAG-1,1,LHb,LHb,susceptible,c8-lhb-m37_5,Oval/Medial
TCGGGACAGGATGCGT-1,1,LHb,LHb,susceptible,c8-lhb-m37_5,Oval/Medial
TCGGGACGTAGGCAGT-1,1,LHb,LHb,susceptible,c8-lhb-m37_5,Oval/Medial
TCGGTCTCAGCTTTCC-1,9,LHb,LHb,susceptible,c8-lhb-m37_5,Lateral
TCGGTCTTCGTAACCA-1,9,LHb,LHb,susceptible,c8-lhb-m37_5,Marginal
TCTAACTCAATGTTGC-1,1,LHb,LHb,susceptible,c8-lhb-m37_5,Oval/Medial
TCTAACTGTGCTCTCT-1,9,LHb,LHb,susceptible,c8-lhb-m37_5,Marginal
TCTATACCACATATGC-1,1,LHb,LHb,susceptible,c8-lhb-m37_5,Oval/Medial
TCTATACCAGGAGGAG-1,1,LHb,LHb,susceptible,c8-lhb-m37_5,Oval/Medial
TCTATACCAGGTCAGA-1,1,LHb,LHb,susceptible,c8-lhb-m37_5,Oval/Medial
TCTATCACATATCTGG-1,1,LHb,LHb,susceptible,c8-lhb-m37_5,Lateral
TCTATCAGTGCGTGCT-1,1,LHb,LHb,susceptible,c8-lhb-m37_5,Oval/Medial
TCTCACGAGTCATGGG-1,1,LHb,LHb,susceptible,c8-lhb-m37_5,Oval/Medial
TCTCAGCGTCACCCTT-1,9,LHb,LHb,susceptible,c8-lhb-m37_5,Marginal
TCTCTGGCACTAGAGG-1,1,LHb,LHb,susceptible,c8-lhb-m37_5,Oval/Medial
TCTCTGGCAGTAGATA-1,1,LHb,LHb,susceptible,c8-lhb-m37_5,Oval/Medial
TCTGCCAGTTCTTCAT-1,1,LHb,LHb,susceptible,c8-lhb-m37_5,Oval/Medial
TCTGCCATCGGACAAG-1,1,LHb,LHb,susceptible,c8-lhb-m37_5,Oval/Medial
TCTGGCTTCAAACGTC-1,1,LHb,LHb,susceptible,c8-lhb-m37_5,Oval/Medial
TCTGGCTTCCAATCCC-1,1,LHb,LHb,susceptible,c8-lhb-m37_5,Lateral
TCTGTCGTCACTTCTA-1,1,LHb,LHb,susceptible,c8-lhb-m37_5,Oval/Medial
TCTTGCGGTAGTTCCA-1,1,LHb,LHb,susceptible,c8-lhb-m37_5,Oval/Medial
TCTTTGACAGAGCCCT-1,9,LHb,LHb,susceptible,c8-lhb-m37_5,Marginal
TGAACGTTCACTTGGA-1,1,LHb,LHb,susceptible,c8-lhb-m37_5,Oval/Medial
TGAACGTTCGGCTGAC-1,0,LHb,LHb,susceptible,c8-lhb-m37_5,Marginal
TGAATGCTCCTGGGAC-1,1,LHb,LHb,susceptible,c8-lhb-m37_5,Hbx
TGACCCTAGCAGTAAT-1,1,LHb,LHb,susceptible,c8-lhb-m37_5,Oval/Medial
TGACCCTGTTGACTGT-1,1,LHb,LHb,susceptible,c8-lhb-m37_5,Oval/Medial
TGACCCTTCCTCGATC-1,1,LHb,LHb,susceptible,c8-lhb-m37_5,Hbx
TGAGACTAGGTACATA-1,9,LHb,LHb,susceptible,c8-lhb-m37_5,Marginal
TGAGACTCATCGTCCT-1,1,LHb,LHb,susceptible,c8-lhb-m37_5,Oval/Medial
TGAGCGCAGGCACTCC-1,0,LHb,LHb,susceptible,c8-lhb-m37_5,Oval/Medial
TGAGCGCCAAGTTGGG-1,1,LHb,LHb,susceptible,c8-lhb-m37_5,Lateral
TGAGGAGCATCGCTCT-1,1,LHb,LHb,susceptible,c8-lhb-m37_5,Oval/Medial
TGAGGTTTCACCGGGT-1,1,LHb,LHb,susceptible,c8-lhb-m37_5,Oval/Medial
TGAGTCAAGGCTTTCA-1,1,LHb,LHb,susceptible,c8-lhb-m37_5,Oval/Medial
TGAGTCATCCGAACGC-1,1,LHb,LHb,susceptible,c8-lhb-m37_5,Oval/Medial
TGATCAGGTAGCGATG-1,1,LHb,LHb,susceptible,c8-lhb-m37_5,Oval/Medial
TGATCTTCAAGGGCAT-1-1,1,LHb,LHb,susceptible,c8-lhb-m37_5,Oval/Medial
TGATGCAAGGTCCCTG-1,9,LHb,LHb,susceptible,c8-lhb-m37_5,Marginal
TGATGCAGTACCGTGC-1,9,LHb,LHb,susceptible,c8-lhb-m37_5,Marginal
TGATGCAGTTATAGAG-1,1,LHb,LHb,susceptible,c8-lhb-m37_5,Oval/Medial
TGATGGTGTGTTCCTC-1,1,LHb,LHb,susceptible,c8-lhb-m37_5,Oval/Medial
TGATTCTAGGGTCTTT-1,9,LHb,LHb,susceptible,c8-lhb-m37_5,Marginal
TGATTTCTCCGTGGGT-1,1,LHb,LHb,susceptible,c8-lhb-m37_5,Oval/Medial
TGCAGGCAGGGACCAT-1,9,LHb,LHb,susceptible,c8-lhb-m37_5,Oval/Medial
TGCAGTAGTGCCTATA-1,1,LHb,LHb,susceptible,c8-lhb-m37_5,Oval/Medial
TGCAGTAGTTCCAGGC-1,9,LHb,LHb,susceptible,c8-lhb-m37_5,Marginal
TGCCGAGAGAATGTTG-1,1,LHb,LHb,susceptible,c8-lhb-m37_5,Oval/Medial
TGCGATAGTGAATGAT-1,1,LHb,LHb,susceptible,c8-lhb-m37_5,Lateral
TGCGATAGTTAAGGGC-1,1,LHb,LHb,susceptible,c8-lhb-m37_5,Oval/Medial
TGCGGCACAGAAATCA-1,1,LHb,LHb,susceptible,c8-lhb-m37_5,Oval/Medial
TGCGGCATCTCAAAGC-1,1,LHb,LHb,susceptible,c8-lhb-m37_5,Oval/Medial
TGCTCGTCATCCGTTC-1,9,LHb,LHb,susceptible,c8-lhb-m37_5,Oval/Medial
TGCTCGTTCATAGGCT-1,9,LHb,LHb,susceptible,c8-lhb-m37_5,Lateral
TGCTTGCTCTGCACCT-1,1,LHb,LHb,susceptible,c8-lhb-m37_5,Lateral
TGCTTGCTCTGTAACG-1,9,LHb,LHb,susceptible,c8-lhb-m37_5,Marginal
TGGAACTGTTGCGGCT-1,1,LHb,LHb,susceptible,c8-lhb-m37_5,Oval/Medial
TGGAGGAGTAGGGTAC-1,9,LHb,LHb,susceptible,c8-lhb-m37_5,Marginal
TGGGAAGAGTAAACAC-1,1,LHb,LHb,susceptible,c8-lhb-m37_5,Oval/Medial
TGGGAAGCATTGGCAT-1,1,LHb,LHb,susceptible,c8-lhb-m37_5,Oval/Medial
TGGGCTGAGCCACAAG-1,1,LHb,LHb,susceptible,c8-lhb-m37_5,Oval/Medial
TGGGCTGTCGTAGCTA-1,1,LHb,LHb,susceptible,c8-lhb-m37_5,Oval/Medial
TGGGTTACAGGAATAT-1,0,LHb,LHb,susceptible,c8-lhb-m37_5,Hbx
TGGTAGTCAACATACC-1,1,LHb,LHb,susceptible,c8-lhb-m37_5,Oval/Medial
TGTAGACCAAAGCTCT-1,1,LHb,LHb,susceptible,c8-lhb-m37_5,Oval/Medial
TGTCAGACACCGAATT-1-1,1,LHb,LHb,susceptible,c8-lhb-m37_5,Lateral
TGTCAGATCAGGTAAA-1,1,LHb,LHb,susceptible,c8-lhb-m37_5,Oval/Medial
TGTCCACGTACCTAGT-1,1,LHb,LHb,susceptible,c8-lhb-m37_5,Oval/Medial
TGTCCCACATTCCTAT-1,9,LHb,LHb,susceptible,c8-lhb-m37_5,Oval/Medial
TGTGAGTAGGATATAC-1,1,LHb,LHb,susceptible,c8-lhb-m37_5,Oval/Medial
TGTGAGTTCCGTCCTA-1,1,LHb,LHb,susceptible,c8-lhb-m37_5,Oval/Medial
TGTGGCGCAACGGGTA-1,9,LHb,LHb,susceptible,c8-lhb-m37_5,Oval/Medial
TGTTCATCACAAAGCG-1,0,LHb,LHb,susceptible,c8-lhb-m37_5,Hbx
TGTTCATGTGATTCAC-1,1,LHb,LHb,susceptible,c8-lhb-m37_5,Oval/Medial
TGTTGAGAGTGTTGAA-1,1,LHb,LHb,susceptible,c8-lhb-m37_5,Oval/Medial
TGTTGAGCAGCTTCCT-1,9,LHb,LHb,susceptible,c8-lhb-m37_5,Marginal
TGTTGAGTCCTCTAAT-1,1,LHb,LHb,susceptible,c8-lhb-m37_5,Oval/Medial
TGTTGGAGTTGTGGCC-1,1,LHb,LHb,susceptible,c8-lhb-m37_5,Oval/Medial
TGTTGGATCAAGGCTT-1,1,LHb,LHb,susceptible,c8-lhb-m37_5,Oval/Medial
TGTTGGATCGTAGGAG-1,1,LHb,LHb,susceptible,c8-lhb-m37_5,Oval/Medial
TTACCATTCAGTGGGA-1,1,LHb,LHb,susceptible,c8-lhb-m37_5,Oval/Medial
TTACCGCCAATCCTAG-1,1,LHb,LHb,susceptible,c8-lhb-m37_5,Oval/Medial
TTACCGCCATACCAGT-1,1,LHb,LHb,susceptible,c8-lhb-m37_5,Hbx
TTACCGCTCAACACCA-1,1,LHb,LHb,susceptible,c8-lhb-m37_5,Oval/Medial
TTACCGCTCATAAGGA-1,9,LHb,LHb,susceptible,c8-lhb-m37_5,Marginal
TTACGCCGTCATCGCG-1,0,LHb,LHb,susceptible,c8-lhb-m37_5,Oval/Medial
TTAGGCACAGATACCT-1,1,LHb,LHb,susceptible,c8-lhb-m37_5,Oval/Medial
TTATTGCCACTAGTAC-1,1,LHb,LHb,susceptible,c8-lhb-m37_5,Oval/Medial
TTCAGGAGTCGCACGT-1,1,LHb,LHb,susceptible,c8-lhb-m37_5,Oval/Medial
TTCAGGAGTCTGTGAT-1,1,LHb,LHb,susceptible,c8-lhb-m37_5,Oval/Medial
TTCATTGGTAAGTTAG-1,9,LHb,LHb,susceptible,c8-lhb-m37_5,Marginal
TTCCGGTCACAAGTTC-1,1,LHb,LHb,susceptible,c8-lhb-m37_5,Oval/Medial
TTCCTAAAGGGTACGT-1,1,LHb,LHb,susceptible,c8-lhb-m37_5,Oval/Medial
TTCCTCTAGGCAGGGA-1,1,LHb,LHb,susceptible,c8-lhb-m37_5,Oval/Medial
TTCGCTGAGTGTACAA-1,1,LHb,LHb,susceptible,c8-lhb-m37_5,Oval/Medial
TTCGGTCCAGGGTCTC-1,1,LHb,LHb,susceptible,c8-lhb-m37_5,Oval/Medial
TTCTAACGTTAACAGA-1-1,1,LHb,LHb,susceptible,c8-lhb-m37_5,Oval/Medial
TTCTCTCAGAACGTGC-1,1,LHb,LHb,susceptible,c8-lhb-m37_5,Oval/Medial
TTCTCTCCAAAGTGTA-1,1,LHb,LHb,susceptible,c8-lhb-m37_5,Oval/Medial
TTCTCTCCATAGACTC-1,9,LHb,LHb,susceptible,c8-lhb-m37_5,Hbx
TTCTTCCAGCCAAGCA-1,1,LHb,LHb,susceptible,c8-lhb-m37_5,Oval/Medial
TTCTTCCAGTTTGTCG-1,1,LHb,LHb,susceptible,c8-lhb-m37_5,Oval/Medial
TTCTTGAAGACCGCCT-1,9,LHb,LHb,susceptible,c8-lhb-m37_5,Marginal
TTCTTGACACCTCTAC-1,1,LHb,LHb,susceptible,c8-lhb-m37_5,Oval/Medial
TTCTTGAGTCTTCAAG-1,1,LHb,LHb,susceptible,c8-lhb-m37_5,Oval/Medial
TTGAACGCAACCCTAA-1,1,LHb,LHb,susceptible,c8-lhb-m37_5,Lateral
TTGAACGGTTTGTTGG-1,0,LHb,LHb,susceptible,c8-lhb-m37_5,Hbx
TTGAACGTCTATCCAT-1,1,LHb,LHb,susceptible,c8-lhb-m37_5,Oval/Medial
TTGACCCTCAAACGAA-1,1,LHb,LHb,susceptible,c8-lhb-m37_5,Oval/Medial
TTGATGGTCAGTGATC-1,9,LHb,LHb,susceptible,c8-lhb-m37_5,Marginal
TTGCATTTCGTGCAGC-1,9,LHb,LHb,susceptible,c8-lhb-m37_5,Marginal
TTGCGTCCAACATCGT-1,1,LHb,LHb,susceptible,c8-lhb-m37_5,Oval/Medial
TTGCTGCTCGAAGGAC-1,1,LHb,LHb,susceptible,c8-lhb-m37_5,Oval/Medial
TTGGATGGTAGGACCA-1,1,LHb,LHb,susceptible,c8-lhb-m37_5,Oval/Medial
TTGGTTTCATGGATCT-1,0,LHb,LHb,susceptible,c8-lhb-m37_5,Hbx
TTGTTCAAGGCCATAG-1-1,1,LHb,LHb,susceptible,c8-lhb-m37_5,Oval/Medial
TTGTTCACAATATCCG-1,1,LHb,LHb,susceptible,c8-lhb-m37_5,Oval/Medial
TTGTTTGAGTCAACAA-1,1,LHb,LHb,susceptible,c8-lhb-m37_5,Oval/Medial
TTGTTTGCAACCGACC-1,1,LHb,LHb,susceptible,c8-lhb-m37_5,Oval/Medial
TTGTTTGCACACGGAA-1,1,LHb,LHb,susceptible,c8-lhb-m37_5,Oval/Medial
TTTACTGAGACTACGG-1,1,LHb,LHb,susceptible,c8-lhb-m37_5,Hbx
TTTAGTCAGCATTGAA-1,1,LHb,LHb,susceptible,c8-lhb-m37_5,Oval/Medial
TTTAGTCAGGCGAACT-1,0,LHb,LHb,susceptible,c8-lhb-m37_5,Hbx
TTTATGCAGCCACCGT-1,1,LHb,LHb,susceptible,c8-lhb-m37_5,Oval/Medial
TTTCAGTGTGAGAGGG-1,1,LHb,LHb,susceptible,c8-lhb-m37_5,Oval/Medial
TTTCAGTTCGGTCATA-1,1,LHb,LHb,susceptible,c8-lhb-m37_5,Oval/Medial
TTTCAGTTCTAAGAAG-1,1,LHb,LHb,susceptible,c8-lhb-m37_5,Oval/Medial
TTTCATGCAATTCACG-1,1,LHb,LHb,susceptible,c8-lhb-m37_5,Hbx
TTTCATGTCTTCCACG-1-1,1,LHb,LHb,susceptible,c8-lhb-m37_5,Oval/Medial
TTTCGATCACATCATG-1,1,LHb,LHb,susceptible,c8-lhb-m37_5,Oval/Medial
TTTGATCGTCACTCGG-1,1,LHb,LHb,susceptible,c8-lhb-m37_5,Oval/Medial
TTTGGAGGTATACCCA-1,9,LHb,LHb,susceptible,c8-lhb-m37_5,Marginal
TTTGGAGTCTGAGAGG-1,1,LHb,LHb,susceptible,c8-lhb-m37_5,Oval/Medial
TTTGTTGAGGAACTCG-1,9,LHb,LHb,susceptible,c8-lhb-m37_5,Marginal
AAACCCAAGATCCAAA-1,4,LHb,LHb,control,b6-lhb-m20_3,Oval/Medial
AAACGAAAGAATTTGG-1,4,LHb,LHb,control,b6-lhb-m20_3,Oval/Medial
AAACGAACAACCAATC-1,1,LHb,LHb,control,b6-lhb-m20_3,Oval/Medial
AAACGCTAGCCTGCCA-1,1,LHb,LHb,control,b6-lhb-m20_3,Oval/Medial
AAAGAACCACGTCTCT-1,4,LHb,LHb,control,b6-lhb-m20_3,Oval/Medial
AAAGGATAGTGTAGAT-1,1,LHb,LHb,control,b6-lhb-m20_3,Oval/Medial
AAAGGATCAGGCACAA-1,1,LHb,LHb,control,b6-lhb-m20_3,Oval/Medial
AAAGGTAAGATACTGA-1,1,LHb,LHb,control,b6-lhb-m20_3,Oval/Medial
AAAGGTAAGCCTCATA-1,1,LHb,LHb,control,b6-lhb-m20_3,Oval/Medial
AAAGTCCAGCTATCTG-1,4,LHb,LHb,control,b6-lhb-m20_3,Oval/Medial
AAAGTCCAGTGAGTGC-1,4,LHb,LHb,control,b6-lhb-m20_3,Oval/Medial
AAAGTCCGTCTGTGAT-1,1,LHb,LHb,control,b6-lhb-m20_3,Hbx
AAAGTCCGTGTTCAGT-1,0,LHb,LHb,control,b6-lhb-m20_3,Oval/Medial
AAAGTCCGTTTATGCG-1,13,LHb,LHb,control,b6-lhb-m20_3,Oval/Medial
AAAGTGAGTTCAGTAC-1,1,LHb,LHb,control,b6-lhb-m20_3,Oval/Medial
AAAGTGATCACGGGCT-1,0,LHb,LHb,control,b6-lhb-m20_3,Hbx
AAATGGACACACTGGC-1,1,LHb,LHb,control,b6-lhb-m20_3,Oval/Medial
AACAACCGTACCTGTA-1,1,LHb,LHb,control,b6-lhb-m20_3,Oval/Medial
AACAACCTCCCGTGTT-1,9,LHb,LHb,control,b6-lhb-m20_3,Marginal
AACAACCTCTTTGGAG-1-1,9,LHb,LHb,control,b6-lhb-m20_3,Oval/Medial
AACAAGAAGGGTAATT-1,4,LHb,LHb,control,b6-lhb-m20_3,Oval/Medial
AACACACCACATGGTT-1,4,LHb,LHb,control,b6-lhb-m20_3,Hbx
AACACACGTTCAAGGG-1,1,LHb,LHb,control,b6-lhb-m20_3,Oval/Medial
AACACACGTTGGTGTT-1,2,LHb,LHb,control,b6-lhb-m20_3,Oval/Medial
AACAGGGGTAAGATCA-1,4,LHb,LHb,control,b6-lhb-m20_3,Oval/Medial
AACAGGGGTCTAGATC-1,4,LHb,LHb,control,b6-lhb-m20_3,Oval/Medial
AACAGGGGTGAGTAGC-1,1,LHb,LHb,control,b6-lhb-m20_3,Oval/Medial
AACCAACAGGCACAAC-1,13,LHb,LHb,control,b6-lhb-m20_3,Hbx
AACCACAAGACGCCCT-1,0,LHb,LHb,control,b6-lhb-m20_3,Oval/Medial
AACCACATCGAGTGGA-1,0,LHb,LHb,control,b6-lhb-m20_3,Oval/Medial
AACCATGGTATGCGTT-1,0,LHb,LHb,control,b6-lhb-m20_3,Oval/Medial
AACCCAAGTCTGTGCG-1,1,LHb,LHb,control,b6-lhb-m20_3,Oval/Medial
AACCCAATCCCATAGA-1,4,LHb,LHb,control,b6-lhb-m20_3,Oval/Medial
AACCCAATCCTACCAC-1,1,LHb,LHb,control,b6-lhb-m20_3,Oval/Medial
AACCCAATCGTCTAAG-1,2,LHb,LHb,control,b6-lhb-m20_3,Oval/Medial
AACCTGAAGGCACCAA-1,13,LHb,LHb,control,b6-lhb-m20_3,Oval/Medial
AACCTGATCCCGTTCA-1,0,LHb,LHb,control,b6-lhb-m20_3,Oval/Medial
AACGAAAAGTTTGTCG-1,1,LHb,LHb,control,b6-lhb-m20_3,Oval/Medial
AACGAAACACCTGATA-1,4,LHb,LHb,control,b6-lhb-m20_3,Hbx
AACGAAAGTCTACGTA-1,4,LHb,LHb,control,b6-lhb-m20_3,Lateral
AACGAAAGTTACGATC-1,15,LHb,LHb,control,b6-lhb-m20_3,Oval/Medial
AACGGGAAGGCGATAC-1,4,LHb,LHb,control,b6-lhb-m20_3,Hbx
AACGGGAAGTGAGCCA-1,1,LHb,LHb,control,b6-lhb-m20_3,Oval/Medial
AACGGGACAGGAGACT-1,1,LHb,LHb,control,b6-lhb-m20_3,Oval/Medial
AACGGGAGTTGGGTTT-1,1,LHb,LHb,control,b6-lhb-m20_3,Oval/Medial
AACGGGATCGTCAAAC-1-1,0,LHb,LHb,control,b6-lhb-m20_3,Lateral
AACGTCATCTTACCGC-1,13,LHb,LHb,control,b6-lhb-m20_3,Lateral
AACTTCTTCGCTATTT-1,1,LHb,LHb,control,b6-lhb-m20_3,Oval/Medial
AACTTCTTCTGCGATA-1,1,LHb,LHb,control,b6-lhb-m20_3,Oval/Medial
AAGAACAAGCGTCAGA-1,4,LHb,LHb,control,b6-lhb-m20_3,Oval/Medial
AAGACAATCGATCCAA-1-1,1,LHb,LHb,control,b6-lhb-m20_3,Oval/Medial
AAGACAATCGCTCTAC-1,9,LHb,LHb,control,b6-lhb-m20_3,Marginal
AAGACTCGTGTATTGC-1,4,LHb,LHb,control,b6-lhb-m20_3,Oval/Medial
AAGACTCTCAGCAATC-1,1,LHb,LHb,control,b6-lhb-m20_3,Oval/Medial
AAGATAGAGCCGCACT-1,1,LHb,LHb,control,b6-lhb-m20_3,Oval/Medial
AAGATAGCAAAGACTA-1,1,LHb,LHb,control,b6-lhb-m20_3,Oval/Medial
AAGATAGCACTCTAGA-1,0,LHb,LHb,control,b6-lhb-m20_3,Oval/Medial
AAGCATCGTGACACAG-1,1,LHb,LHb,control,b6-lhb-m20_3,Hbx
AAGCATCTCGTCTCAC-1,13,LHb,LHb,control,b6-lhb-m20_3,Hbx
AAGCCATAGCGACTGA-1,13,LHb,LHb,control,b6-lhb-m20_3,Oval/Medial
AAGCGAGAGCGTGTCC-1,1,LHb,LHb,control,b6-lhb-m20_3,Hbx
AAGCGAGAGTGGTCAG-1-1,4,LHb,LHb,control,b6-lhb-m20_3,Lateral
AAGCGTTAGATGGGCT-1,1,LHb,LHb,control,b6-lhb-m20_3,Oval/Medial
AAGCGTTAGTGCCTCG-1,1,LHb,LHb,control,b6-lhb-m20_3,Oval/Medial
AAGCGTTGTAACGCGA-1,4,LHb,LHb,control,b6-lhb-m20_3,Marginal
AAGCGTTGTGTGTTTG-1,4,LHb,LHb,control,b6-lhb-m20_3,Oval/Medial
AAGGAATCAAGATGGC-1-1,4,LHb,LHb,control,b6-lhb-m20_3,Oval/Medial
AAGGTAATCGATACGT-1,1,LHb,LHb,control,b6-lhb-m20_3,Oval/Medial
AAGTCGTAGAAGCCAC-1,4,LHb,LHb,control,b6-lhb-m20_3,Marginal
AAGTCGTCAGCGTATT-1,1,LHb,LHb,control,b6-lhb-m20_3,Oval/Medial
AAGTTCGTCTCCAATT-1,9,LHb,LHb,control,b6-lhb-m20_3,Marginal
AATAGAGCACCAGCTG-1,4,LHb,LHb,control,b6-lhb-m20_3,Oval/Medial
AATCGACAGCGAGAAA-1,13,LHb,LHb,control,b6-lhb-m20_3,Oval/Medial
AATCGTGTCGCCCAGA-1,1,LHb,LHb,control,b6-lhb-m20_3,Oval/Medial
AATGAAGAGTCCGCCA-1,0,LHb,LHb,control,b6-lhb-m20_3,Lateral
AATGACCCAATGTCAC-1,13,LHb,LHb,control,b6-lhb-m20_3,Oval/Medial
AATGACCGTAGACAGC-1,1,LHb,LHb,control,b6-lhb-m20_3,Oval/Medial
AATGACCGTCCTTGTC-1,0,LHb,LHb,control,b6-lhb-m20_3,Oval/Medial
AATGCCACAAGTGCTT-1,1,LHb,LHb,control,b6-lhb-m20_3,Oval/Medial
AATGCCACAGTCGCAC-1,0,LHb,LHb,control,b6-lhb-m20_3,Oval/Medial
AATGGAAGTATAGGGC-1,1,LHb,LHb,control,b6-lhb-m20_3,Oval/Medial
AATGGCTGTAGCTTAC-1,4,LHb,LHb,control,b6-lhb-m20_3,Hbx
AATTCCTCACTATCGA-1,1,LHb,LHb,control,b6-lhb-m20_3,Oval/Medial
AATTCCTGTCCAGTTA-1,4,LHb,LHb,control,b6-lhb-m20_3,Oval/Medial
AATTCCTTCGAGAAAT-1,2,LHb,LHb,control,b6-lhb-m20_3,Oval/Medial
AATTTCCGTGAGATCG-1,13,LHb,LHb,control,b6-lhb-m20_3,Oval/Medial
ACAAAGAAGTGTTGTC-1,0,LHb,LHb,control,b6-lhb-m20_3,Oval/Medial
ACAACCACAGCTTCCT-1,1,LHb,LHb,control,b6-lhb-m20_3,Oval/Medial
ACAACCAGTCATAACC-1,1,LHb,LHb,control,b6-lhb-m20_3,Oval/Medial
ACAAGCTCAGCCGTTG-1,9,LHb,LHb,control,b6-lhb-m20_3,Oval/Medial
ACACAGTCACCCTGAG-1,1,LHb,LHb,control,b6-lhb-m20_3,Oval/Medial
ACACAGTCATACAGGG-1,4,LHb,LHb,control,b6-lhb-m20_3,Oval/Medial
ACACAGTGTTACTCAG-1,9,LHb,LHb,control,b6-lhb-m20_3,Marginal
ACACCAAAGGTTGACG-1,0,LHb,LHb,control,b6-lhb-m20_3,Hbx
ACACCAAGTGGTAACG-1,4,LHb,LHb,control,b6-lhb-m20_3,Oval/Medial
ACACGCGTCCACATAG-1,1,LHb,LHb,control,b6-lhb-m20_3,Oval/Medial
ACACTGAGTGGACTGA-1,4,LHb,LHb,control,b6-lhb-m20_3,Oval/Medial
ACACTGATCAAATGCC-1,1,LHb,LHb,control,b6-lhb-m20_3,Oval/Medial
ACAGAAAGTATACCCA-1,4,LHb,LHb,control,b6-lhb-m20_3,Oval/Medial
ACAGAAAGTGGAAATT-1,1,LHb,LHb,control,b6-lhb-m20_3,Oval/Medial
ACAGAAATCCGTGGCA-1,1,LHb,LHb,control,b6-lhb-m20_3,Oval/Medial
ACAGAAATCTAGGAAA-1,1,LHb,LHb,control,b6-lhb-m20_3,Oval/Medial
ACAGCCGGTCTTGTCC-1,1,LHb,LHb,control,b6-lhb-m20_3,Oval/Medial
ACAGGGAAGCGAGGAG-1,4,LHb,LHb,control,b6-lhb-m20_3,Marginal
ACAGGGAGTCCCACGA-1,0,LHb,LHb,control,b6-lhb-m20_3,Oval/Medial
ACAGGGATCAAGCCTA-1,1,LHb,LHb,control,b6-lhb-m20_3,Oval/Medial
ACATCCCAGGCTCAAG-1,1,LHb,LHb,control,b6-lhb-m20_3,Oval/Medial
ACATGCATCTCTCGCA-1,1,LHb,LHb,control,b6-lhb-m20_3,Oval/Medial
ACATTTCAGTCGAAGC-1,4,LHb,LHb,control,b6-lhb-m20_3,Oval/Medial
ACATTTCCACCGTGAC-1,1,LHb,LHb,control,b6-lhb-m20_3,Oval/Medial
ACCAAACGTGCCGGTT-1,1,LHb,LHb,control,b6-lhb-m20_3,Oval/Medial
ACCAACAAGTTGAAGT-1,4,LHb,LHb,control,b6-lhb-m20_3,Oval/Medial
ACCAACAGTGAGACCA-1,0,LHb,LHb,control,b6-lhb-m20_3,Oval/Medial
ACCACAAAGGGCGAAG-1,1,LHb,LHb,control,b6-lhb-m20_3,Oval/Medial
ACCACAAGTCTTCATT-1,1,LHb,LHb,control,b6-lhb-m20_3,Oval/Medial
ACCACAATCCGATTAG-1,4,LHb,LHb,control,b6-lhb-m20_3,Oval/Medial
ACCATTTAGAGGGCGA-1,1,LHb,LHb,control,b6-lhb-m20_3,Oval/Medial
ACCATTTGTATAGGGC-1,1,LHb,LHb,control,b6-lhb-m20_3,Oval/Medial
ACCATTTTCATAAGGA-1,1,LHb,LHb,control,b6-lhb-m20_3,Oval/Medial
ACCCAAAGTCACCGCA-1,4,LHb,LHb,control,b6-lhb-m20_3,Lateral
ACCCAAATCCTAGCTC-1,1,LHb,LHb,control,b6-lhb-m20_3,Oval/Medial
ACCCTCAAGAGTACCG-1,0,LHb,LHb,control,b6-lhb-m20_3,Oval/Medial
ACCCTTGAGGTCCGAA-1,1,LHb,LHb,control,b6-lhb-m20_3,Oval/Medial
ACCCTTGGTGACATCT-1,1,LHb,LHb,control,b6-lhb-m20_3,Oval/Medial
ACCCTTGTCTTTACAC-1,0,LHb,LHb,control,b6-lhb-m20_3,Lateral
ACCGTTCGTATGATCC-1,4,LHb,LHb,control,b6-lhb-m20_3,Oval/Medial
ACCTACCCAGCAGTTT-1,0,LHb,LHb,control,b6-lhb-m20_3,Lateral
ACCTGAAAGTTGTCGT-1,0,LHb,LHb,control,b6-lhb-m20_3,Oval/Medial
ACCTGAACAGATTAAG-1,1,LHb,LHb,control,b6-lhb-m20_3,Oval/Medial
ACCTGAAGTGAGTTTC-1,1,LHb,LHb,control,b6-lhb-m20_3,Oval/Medial
ACCTGTCAGGCTCACC-1,4,LHb,LHb,control,b6-lhb-m20_3,Oval/Medial
ACCTGTCGTCCATCTC-1,0,LHb,LHb,control,b6-lhb-m20_3,Oval/Medial
ACCTGTCTCATTTCGT-1,4,LHb,LHb,control,b6-lhb-m20_3,Lateral
ACGATCAAGGTATAGT-1,1,LHb,LHb,control,b6-lhb-m20_3,Oval/Medial
ACGATCAGTCAAGGCA-1,4,LHb,LHb,control,b6-lhb-m20_3,Hbx
ACGATCAGTCTGTCAA-1,4,LHb,LHb,control,b6-lhb-m20_3,Oval/Medial
ACGATCATCACCGGTG-1,1,LHb,LHb,control,b6-lhb-m20_3,Oval/Medial
ACGATGTAGCCTATCA-1,1,LHb,LHb,control,b6-lhb-m20_3,Oval/Medial
ACGATGTCACCAACAT-1,0,LHb,LHb,control,b6-lhb-m20_3,Oval/Medial
ACGCACGAGCATGGGT-1,4,LHb,LHb,control,b6-lhb-m20_3,Marginal
ACGCACGGTCACTAGT-1,0,LHb,LHb,control,b6-lhb-m20_3,Oval/Medial
ACGGAAGGTACAACGG-1,1,LHb,LHb,control,b6-lhb-m20_3,Oval/Medial
ACGGGTCGTCTTCAAG-1,0,LHb,LHb,control,b6-lhb-m20_3,Oval/Medial
ACGGTTACACTGGCGT-1,1,LHb,LHb,control,b6-lhb-m20_3,Oval/Medial
ACGGTTAGTTCCTACC-1,4,LHb,LHb,control,b6-lhb-m20_3,Hbx
ACGTAACCAGGAACCA-1,1,LHb,LHb,control,b6-lhb-m20_3,Oval/Medial
ACGTAACTCTGGGATT-1,4,LHb,LHb,control,b6-lhb-m20_3,Lateral
ACGTACATCAAAGACA-1,1,LHb,LHb,control,b6-lhb-m20_3,Oval/Medial
ACGTACATCCGATAGT-1,1,LHb,LHb,control,b6-lhb-m20_3,Hbx
ACGTACATCCTCAGAA-1,1,LHb,LHb,control,b6-lhb-m20_3,Oval/Medial
ACGTAGTCACTATCGA-1,1,LHb,LHb,control,b6-lhb-m20_3,Oval/Medial
ACGTCCTGTGAGGAAA-1,4,LHb,LHb,control,b6-lhb-m20_3,Oval/Medial
ACGTTCCGTGGCTAGA-1,1,LHb,LHb,control,b6-lhb-m20_3,Oval/Medial
ACGTTCCTCCGTACGG-1,1,LHb,LHb,control,b6-lhb-m20_3,Oval/Medial
ACGTTCCTCTACTTCA-1,1,LHb,LHb,control,b6-lhb-m20_3,Lateral
ACGTTCCTCTGAATCG-1,4,LHb,LHb,control,b6-lhb-m20_3,Oval/Medial
ACTACGACAGGCTCTG-1,0,LHb,LHb,control,b6-lhb-m20_3,Oval/Medial
ACTATCTGTCTACGAT-1,4,LHb,LHb,control,b6-lhb-m20_3,Oval/Medial
ACTATCTTCAAATGCC-1,4,LHb,LHb,control,b6-lhb-m20_3,Oval/Medial
ACTATGGTCGGACCAC-1,9,LHb,LHb,control,b6-lhb-m20_3,Oval/Medial
ACTATTCGTTCAAGTC-1,1,LHb,LHb,control,b6-lhb-m20_3,Oval/Medial
ACTATTCTCTACTATC-1,1,LHb,LHb,control,b6-lhb-m20_3,Oval/Medial
ACTCCCATCTGCGGGT-1,0,LHb,LHb,control,b6-lhb-m20_3,Lateral
ACTGCAACAGCGCGTT-1,1,LHb,LHb,control,b6-lhb-m20_3,Oval/Medial
ACTGCAATCGTGGACC-1,1,LHb,LHb,control,b6-lhb-m20_3,Oval/Medial
ACTGTGATCGATCCCT-1,1,LHb,LHb,control,b6-lhb-m20_3,Oval/Medial
ACTTAGGAGTCTTCCC-1,4,LHb,LHb,control,b6-lhb-m20_3,Oval/Medial
ACTTAGGGTACGTGTT-1,1,LHb,LHb,control,b6-lhb-m20_3,Oval/Medial
ACTTAGGGTATCGGTT-1,4,LHb,LHb,control,b6-lhb-m20_3,Oval/Medial
ACTTAGGGTCACAGAG-1,1,LHb,LHb,control,b6-lhb-m20_3,Oval/Medial
ACTTATCCAGCACCCA-1,1,LHb,LHb,control,b6-lhb-m20_3,Oval/Medial
ACTTATCCATGGGATG-1,13,LHb,LHb,control,b6-lhb-m20_3,Oval/Medial
ACTTATCGTTAAGCAA-1,1,LHb,LHb,control,b6-lhb-m20_3,Oval/Medial
ACTTCCGAGAGTTGAT-1,2,LHb,LHb,control,b6-lhb-m20_3,Oval/Medial
ACTTCCGCATGTTCAG-1,4,LHb,LHb,control,b6-lhb-m20_3,Oval/Medial
ACTTCCGCATTGCTTT-1,4,LHb,LHb,control,b6-lhb-m20_3,Oval/Medial
ACTTCGCCATCTGGGC-1,1,LHb,LHb,control,b6-lhb-m20_3,Oval/Medial
ACTTCGCTCTACAGGT-1,4,LHb,LHb,control,b6-lhb-m20_3,Oval/Medial
ACTTCGCTCTAGCAAC-1,1,LHb,LHb,control,b6-lhb-m20_3,Oval/Medial
ACTTTCACAATGCAAA-1,1,LHb,LHb,control,b6-lhb-m20_3,Oval/Medial
ACTTTCACAGAGCCCT-1,1,LHb,LHb,control,b6-lhb-m20_3,Oval/Medial
ACTTTGTCAATTGTGC-1,4,LHb,LHb,control,b6-lhb-m20_3,Hbx
ACTTTGTGTACTTGTG-1,1,LHb,LHb,control,b6-lhb-m20_3,Oval/Medial
ACTTTGTTCTTGATTC-1,4,LHb,LHb,control,b6-lhb-m20_3,Lateral
AGAAATGAGCGATGGT-1,1,LHb,LHb,control,b6-lhb-m20_3,Oval/Medial
AGAAATGTCAGTGGGA-1,0,LHb,LHb,control,b6-lhb-m20_3,Lateral
AGAACAAGTCCAACGC-1,1,LHb,LHb,control,b6-lhb-m20_3,Oval/Medial
AGAACCTCATCATCTT-1,0,LHb,LHb,control,b6-lhb-m20_3,Oval/Medial
AGAAGTATCAGCCTCT-1,4,LHb,LHb,control,b6-lhb-m20_3,Oval/Medial
AGACAAAGTATCGTAC-1,4,LHb,LHb,control,b6-lhb-m20_3,Lateral
AGACACTGTTTACGAC-1,1,LHb,LHb,control,b6-lhb-m20_3,Oval/Medial
AGACACTTCGAGATGG-1,1,LHb,LHb,control,b6-lhb-m20_3,Oval/Medial
AGACCATCAACGATCT-1,1,LHb,LHb,control,b6-lhb-m20_3,Oval/Medial
AGACCATGTAAGAACT-1,4,LHb,LHb,control,b6-lhb-m20_3,Marginal
AGACTCAGTTGTAGCT-1,0,LHb,LHb,control,b6-lhb-m20_3,Oval/Medial
AGAGAGCGTCAAAGCG-1,1,LHb,LHb,control,b6-lhb-m20_3,Oval/Medial
AGAGAGCTCGAGTCCG-1,1,LHb,LHb,control,b6-lhb-m20_3,Oval/Medial
AGAGCAGCACCCAAGC-1,1,LHb,LHb,control,b6-lhb-m20_3,Oval/Medial
AGAGCAGCAGTAGAAT-1,1,LHb,LHb,control,b6-lhb-m20_3,Oval/Medial
AGAGCAGTCGGCTCTT-1,0,LHb,LHb,control,b6-lhb-m20_3,Oval/Medial
AGAGCCCAGGACTATA-1,1,LHb,LHb,control,b6-lhb-m20_3,Oval/Medial
AGAGCCCCAATGAGCG-1,0,LHb,LHb,control,b6-lhb-m20_3,Oval/Medial
AGAGCCCCACAATGTC-1,4,LHb,LHb,control,b6-lhb-m20_3,Oval/Medial
AGATCCAGTCAGGAGT-1,1,LHb,LHb,control,b6-lhb-m20_3,Oval/Medial
AGATCGTAGACGCCAA-1,4,LHb,LHb,control,b6-lhb-m20_3,Hbx
AGATCGTTCTACACTT-1,1,LHb,LHb,control,b6-lhb-m20_3,Oval/Medial
AGATGAACAATAGAGT-1,1,LHb,LHb,control,b6-lhb-m20_3,Oval/Medial
AGATGAACATCCGGTG-1-1,1,LHb,LHb,control,b6-lhb-m20_3,Oval/Medial
AGATGAACATGGCCAC-1,4,LHb,LHb,control,b6-lhb-m20_3,Hbx
AGATGCTTCCAAGCCG-1,0,LHb,LHb,control,b6-lhb-m20_3,Oval/Medial
AGCATCACAAATGGTA-1,0,LHb,LHb,control,b6-lhb-m20_3,Oval/Medial
AGCATCAGTGCAAGAC-1,1,LHb,LHb,control,b6-lhb-m20_3,Oval/Medial
AGCCAATCACTCCCTA-1,13,LHb,LHb,control,b6-lhb-m20_3,Oval/Medial
AGCCAATGTCTTTCTA-1-1,4,LHb,LHb,control,b6-lhb-m20_3,Oval/Medial
AGCCACGGTCACAGAG-1,1,LHb,LHb,control,b6-lhb-m20_3,Oval/Medial
AGCCACGGTTAGGACG-1,4,LHb,LHb,control,b6-lhb-m20_3,Oval/Medial
AGCCACGTCTGACGCG-1,0,LHb,LHb,control,b6-lhb-m20_3,Lateral
AGCCAGCAGGCGTTAG-1,1,LHb,LHb,control,b6-lhb-m20_3,Oval/Medial
AGCGATTTCGCTTAAG-1,1,LHb,LHb,control,b6-lhb-m20_3,Oval/Medial
AGCGATTTCTACTGAG-1,1,LHb,LHb,control,b6-lhb-m20_3,Oval/Medial
AGCGCCAAGCCGTCGT-1,4,LHb,LHb,control,b6-lhb-m20_3,Oval/Medial
AGCGCCAAGGGCGAGA-1,1,LHb,LHb,control,b6-lhb-m20_3,Oval/Medial
AGCGCCAAGTCAGCGA-1,1,LHb,LHb,control,b6-lhb-m20_3,Oval/Medial
AGCGCCACACCCGTAG-1,1,LHb,LHb,control,b6-lhb-m20_3,Oval/Medial
AGCGCCAGTCCAAAGG-1,1,LHb,LHb,control,b6-lhb-m20_3,Oval/Medial
AGCGCCAGTTAAGGGC-1,1,LHb,LHb,control,b6-lhb-m20_3,Oval/Medial
AGCGCCAGTTCCAGGC-1,0,LHb,LHb,control,b6-lhb-m20_3,Hbx
AGCGCCAGTTGGTGTT-1,0,LHb,LHb,control,b6-lhb-m20_3,Oval/Medial
AGCGCTGCAGGTGACA-1,4,LHb,LHb,control,b6-lhb-m20_3,Oval/Medial
AGCGCTGGTTCTCCTG-1,1,LHb,LHb,control,b6-lhb-m20_3,Oval/Medial
AGCGCTGTCGGTAGGA-1,1,LHb,LHb,control,b6-lhb-m20_3,Oval/Medial
AGCGTCGGTTCGGCCA-1,0,LHb,LHb,control,b6-lhb-m20_3,Oval/Medial
AGCTACAAGATCCAAA-1,1,LHb,LHb,control,b6-lhb-m20_3,Oval/Medial
AGCTACACAGAGAGGG-1,1,LHb,LHb,control,b6-lhb-m20_3,Oval/Medial
AGCTACATCAGCTAGT-1,9,LHb,LHb,control,b6-lhb-m20_3,Marginal
AGCTCAACAACGTATC-1,1,LHb,LHb,control,b6-lhb-m20_3,Oval/Medial
AGCTCAAGTGATTGGG-1,4,LHb,LHb,control,b6-lhb-m20_3,Marginal
AGCTCAATCCTTATGT-1,1,LHb,LHb,control,b6-lhb-m20_3,Oval/Medial
AGCTTCCAGCTCGGCT-1,0,LHb,LHb,control,b6-lhb-m20_3,Oval/Medial
AGCTTCCAGGCAGGTT-1,1,LHb,LHb,control,b6-lhb-m20_3,Oval/Medial
AGGAAATAGACTTCCA-1,4,LHb,LHb,control,b6-lhb-m20_3,Hbx
AGGAAATAGATTGGGC-1,9,LHb,LHb,control,b6-lhb-m20_3,Oval/Medial
AGGAATACATCTCGTC-1,1,LHb,LHb,control,b6-lhb-m20_3,Oval/Medial
AGGAATATCTTCGGTC-1,1,LHb,LHb,control,b6-lhb-m20_3,Oval/Medial
AGGACGACACCGGTCA-1-1,1,LHb,LHb,control,b6-lhb-m20_3,Oval/Medial
AGGACGATCGGACTGC-1,4,LHb,LHb,control,b6-lhb-m20_3,Oval/Medial
AGGACTTCAACGCCCA-1,0,LHb,LHb,control,b6-lhb-m20_3,Oval/Medial
AGGACTTCAAGTATCC-1,1,LHb,LHb,control,b6-lhb-m20_3,Oval/Medial
AGGACTTCACATCATG-1,9,LHb,LHb,control,b6-lhb-m20_3,Marginal
AGGACTTGTCACATTG-1,0,LHb,LHb,control,b6-lhb-m20_3,Lateral
AGGAGGTTCGGTCACG-1,1,LHb,LHb,control,b6-lhb-m20_3,Oval/Medial
AGGAGGTTCTAGTTCT-1,1,LHb,LHb,control,b6-lhb-m20_3,Oval/Medial
AGGATAACAACAGCCC-1,4,LHb,LHb,control,b6-lhb-m20_3,Hbx
AGGATAAGTCCGCAGT-1,1,LHb,LHb,control,b6-lhb-m20_3,Hbx
AGGATAATCTGCGGGT-1,4,LHb,LHb,control,b6-lhb-m20_3,Marginal
AGGATCTAGGACATCG-1,4,LHb,LHb,control,b6-lhb-m20_3,Lateral
AGGCATTGTAGCGTTT-1,13,LHb,LHb,control,b6-lhb-m20_3,Lateral
AGGCCACAGAGGCCAT-1,1,LHb,LHb,control,b6-lhb-m20_3,Oval/Medial
AGGCCACCAATGCTCA-1,4,LHb,LHb,control,b6-lhb-m20_3,Oval/Medial
AGGCCACGTGTATCCA-1,1,LHb,LHb,control,b6-lhb-m20_3,Oval/Medial
AGGCCACTCCCAGGAC-1,9,LHb,LHb,control,b6-lhb-m20_3,Oval/Medial
AGGCTGCGTCCCGCAA-1,1,LHb,LHb,control,b6-lhb-m20_3,Oval/Medial
AGGGAGTAGGCCTAGA-1,13,LHb,LHb,control,b6-lhb-m20_3,Oval/Medial
AGGGAGTCATCATCCC-1,1,LHb,LHb,control,b6-lhb-m20_3,Oval/Medial
AGGGCCTTCATCGACA-1,1,LHb,LHb,control,b6-lhb-m20_3,Oval/Medial
AGGGCCTTCTGTTGGA-1,1,LHb,LHb,control,b6-lhb-m20_3,Oval/Medial
AGGGCTCCATATCTCT-1,1,LHb,LHb,control,b6-lhb-m20_3,Oval/Medial
AGGGCTCTCCCGTGAG-1,0,LHb,LHb,control,b6-lhb-m20_3,Oval/Medial
AGGGTCCGTAGGCAGT-1,1,LHb,LHb,control,b6-lhb-m20_3,Oval/Medial
AGGGTGACAAAGAACT-1,1,LHb,LHb,control,b6-lhb-m20_3,Oval/Medial
AGGGTGACACCTGCGA-1,1,LHb,LHb,control,b6-lhb-m20_3,Oval/Medial
AGGGTTTAGCCTTTGA-1,4,LHb,LHb,control,b6-lhb-m20_3,Oval/Medial
AGGTAGGAGCTCGGCT-1,4,LHb,LHb,control,b6-lhb-m20_3,Hbx
AGGTAGGAGTATAACG-1,1,LHb,LHb,control,b6-lhb-m20_3,Oval/Medial
AGGTAGGCACTGCTTC-1,0,LHb,LHb,control,b6-lhb-m20_3,Oval/Medial
AGGTCATCAAGTTGGG-1,1,LHb,LHb,control,b6-lhb-m20_3,Oval/Medial
AGGTCTACAATGTGGG-1-1,1,LHb,LHb,control,b6-lhb-m20_3,Oval/Medial
AGGTGTTTCTCCCTAG-1,4,LHb,LHb,control,b6-lhb-m20_3,Oval/Medial
AGGTTACGTTGTGCCG-1,1,LHb,LHb,control,b6-lhb-m20_3,Oval/Medial
AGGTTGTAGAACTGAT-1,1,LHb,LHb,control,b6-lhb-m20_3,Oval/Medial
AGTAACCAGGTGAGAA-1,4,LHb,LHb,control,b6-lhb-m20_3,Oval/Medial
AGTAACCGTTTCGCTC-1,1,LHb,LHb,control,b6-lhb-m20_3,Oval/Medial
AGTAACCTCTACTATC-1,4,LHb,LHb,control,b6-lhb-m20_3,Marginal
AGTACCAAGGGTCAAC-1,1,LHb,LHb,control,b6-lhb-m20_3,Oval/Medial
AGTACTGAGAAGAACG-1-1,0,LHb,LHb,control,b6-lhb-m20_3,Oval/Medial
AGTAGCTAGCATCGAG-1,0,LHb,LHb,control,b6-lhb-m20_3,Oval/Medial
AGTAGCTGTACCCAGC-1,0,LHb,LHb,control,b6-lhb-m20_3,Oval/Medial
AGTAGCTTCCGATCTC-1,1,LHb,LHb,control,b6-lhb-m20_3,Oval/Medial
AGTAGCTTCGAGTGAG-1,4,LHb,LHb,control,b6-lhb-m20_3,Hbx
AGTAGTCCAACAAGAT-1,1,LHb,LHb,control,b6-lhb-m20_3,Oval/Medial
AGTAGTCGTTTCCAAG-1,1,LHb,LHb,control,b6-lhb-m20_3,Oval/Medial
AGTAGTCTCCGAGGCT-1,1,LHb,LHb,control,b6-lhb-m20_3,Oval/Medial
AGTCACAAGCCGAATG-1,0,LHb,LHb,control,b6-lhb-m20_3,Oval/Medial
AGTCTCCAGGGCCTCT-1,0,LHb,LHb,control,b6-lhb-m20_3,Lateral
AGTCTCCCACAGCTGC-1,1,LHb,LHb,control,b6-lhb-m20_3,Oval/Medial
AGTGACTCACTCAGAT-1,4,LHb,LHb,control,b6-lhb-m20_3,Lateral
AGTGACTGTAGAGGAA-1,0,LHb,LHb,control,b6-lhb-m20_3,Oval/Medial
AGTGACTGTGCTCGTG-1,4,LHb,LHb,control,b6-lhb-m20_3,Hbx
AGTGACTTCGGAATGG-1,2,LHb,LHb,control,b6-lhb-m20_3,Oval/Medial
AGTGATCCACGAAGAC-1,0,LHb,LHb,control,b6-lhb-m20_3,Oval/Medial
AGTGATCCAGAACATA-1,4,LHb,LHb,control,b6-lhb-m20_3,Oval/Medial
AGTGATCCAGGCGAAT-1,4,LHb,LHb,control,b6-lhb-m20_3,Marginal
AGTGCCGAGTTATGGA-1,0,LHb,LHb,control,b6-lhb-m20_3,Lateral
AGTGCCGCACGTTCGG-1,1,LHb,LHb,control,b6-lhb-m20_3,Oval/Medial
AGTGCCGGTCGAACGA-1,13,LHb,LHb,control,b6-lhb-m20_3,Oval/Medial
AGTGTTGAGGTAGTAT-1,4,LHb,LHb,control,b6-lhb-m20_3,Hbx
AGTGTTGCAGTCACGC-1-1,0,LHb,LHb,control,b6-lhb-m20_3,Oval/Medial
AGTGTTGTCAAATGCC-1,4,LHb,LHb,control,b6-lhb-m20_3,Oval/Medial
AGTTAGCCACCTCTAC-1,9,LHb,LHb,control,b6-lhb-m20_3,Marginal
AGTTAGCGTGTAAACA-1,4,LHb,LHb,control,b6-lhb-m20_3,Oval/Medial
AGTTAGCGTTACGCCG-1,1,LHb,LHb,control,b6-lhb-m20_3,Oval/Medial
AGTTAGCTCACCTCTG-1,1,LHb,LHb,control,b6-lhb-m20_3,Oval/Medial
AGTTAGCTCTCAACGA-1,1,LHb,LHb,control,b6-lhb-m20_3,Oval/Medial
AGTTCCCGTAGTAAGT-1,1,LHb,LHb,control,b6-lhb-m20_3,Oval/Medial
AGTTCGACAAACTCGT-1,1,LHb,LHb,control,b6-lhb-m20_3,Oval/Medial
AGTTCGAGTGCCTTCT-1,1,LHb,LHb,control,b6-lhb-m20_3,Oval/Medial
ATACCTTAGGACCCAA-1,1,LHb,LHb,control,b6-lhb-m20_3,Oval/Medial
ATACCTTGTCAGATTC-1,0,LHb,LHb,control,b6-lhb-m20_3,Oval/Medial
ATACTTCAGCTGACAG-1,1,LHb,LHb,control,b6-lhb-m20_3,Oval/Medial
ATAGACCGTGATGGCA-1,4,LHb,LHb,control,b6-lhb-m20_3,Lateral
ATAGACCTCTATACGG-1,4,LHb,LHb,control,b6-lhb-m20_3,Marginal
ATAGGCTAGGTAACTA-1,9,LHb,LHb,control,b6-lhb-m20_3,Oval/Medial
ATAGGCTCATCATCTT-1,4,LHb,LHb,control,b6-lhb-m20_3,Oval/Medial
ATAGGCTTCACCTGTC-1,1,LHb,LHb,control,b6-lhb-m20_3,Oval/Medial
ATAGGCTTCTATTCGT-1-1,4,LHb,LHb,control,b6-lhb-m20_3,Oval/Medial
ATCACAGAGCTAAGTA-1,1,LHb,LHb,control,b6-lhb-m20_3,Oval/Medial
ATCACAGAGTTGTCAC-1,1,LHb,LHb,control,b6-lhb-m20_3,Oval/Medial
ATCACAGTCATACGGT-1,1,LHb,LHb,control,b6-lhb-m20_3,Oval/Medial
ATCACAGTCTACGGGC-1,4,LHb,LHb,control,b6-lhb-m20_3,Oval/Medial
ATCACTTCAGGAATCG-1,0,LHb,LHb,control,b6-lhb-m20_3,Hbx
ATCACTTTCCCGAAAT-1,1,LHb,LHb,control,b6-lhb-m20_3,Lateral
ATCAGGTAGGATAATC-1,1,LHb,LHb,control,b6-lhb-m20_3,Oval/Medial
ATCAGGTAGTTGCCTA-1,9,LHb,LHb,control,b6-lhb-m20_3,Marginal
ATCCACCCACAATGTC-1,9,LHb,LHb,control,b6-lhb-m20_3,Oval/Medial
ATCCACCGTGTGAATA-1,0,LHb,LHb,control,b6-lhb-m20_3,Oval/Medial
ATCCACCGTTGTGGCC-1,1,LHb,LHb,control,b6-lhb-m20_3,Oval/Medial
ATCCATTCACTACCGG-1,1,LHb,LHb,control,b6-lhb-m20_3,Oval/Medial
ATCCATTCATCCGTTC-1,1,LHb,LHb,control,b6-lhb-m20_3,Oval/Medial
ATCCCTGCACGGCGTT-1,2,LHb,LHb,control,b6-lhb-m20_3,Marginal
ATCCCTGCACGTCATA-1,0,LHb,LHb,control,b6-lhb-m20_3,Oval/Medial
ATCCCTGCAGTCAGTT-1,1,LHb,LHb,control,b6-lhb-m20_3,Oval/Medial
ATCCCTGGTGTACGCC-1,1,LHb,LHb,control,b6-lhb-m20_3,Oval/Medial
ATCCCTGTCTGGGCCA-1,0,LHb,LHb,control,b6-lhb-m20_3,Oval/Medial
ATCCGTCAGCCGTTGC-1,4,LHb,LHb,control,b6-lhb-m20_3,Oval/Medial
ATCCGTCCAGCCGGTT-1,4,LHb,LHb,control,b6-lhb-m20_3,Oval/Medial
ATCCGTCGTCCTCATC-1,4,LHb,LHb,control,b6-lhb-m20_3,Oval/Medial
ATCCGTCGTTCAAGTC-1,0,LHb,LHb,control,b6-lhb-m20_3,Oval/Medial
ATCCGTCTCAAGTCTG-1,1,LHb,LHb,control,b6-lhb-m20_3,Oval/Medial
ATCCGTCTCTGGAAGG-1,0,LHb,LHb,control,b6-lhb-m20_3,Oval/Medial
ATCCTATTCGACCACG-1,13,LHb,LHb,control,b6-lhb-m20_3,Hbx
ATCGATGAGTTGAATG-1,13,LHb,LHb,control,b6-lhb-m20_3,Oval/Medial
ATCGATGCAACTCCCT-1,4,LHb,LHb,control,b6-lhb-m20_3,Oval/Medial
ATCGCCTAGGAGACCT-1,13,LHb,LHb,control,b6-lhb-m20_3,Oval/Medial
ATCGCCTGTTGCTCAA-1,1,LHb,LHb,control,b6-lhb-m20_3,Oval/Medial
ATCGCCTTCGCTTACC-1,1,LHb,LHb,control,b6-lhb-m20_3,Oval/Medial
ATCGGATAGAGTCGAC-1,4,LHb,LHb,control,b6-lhb-m20_3,Lateral
ATCGGATTCCAGTGTA-1,4,LHb,LHb,control,b6-lhb-m20_3,Marginal
ATCGGCGCAAGATGTA-1,1,LHb,LHb,control,b6-lhb-m20_3,Oval/Medial
ATCGGCGGTAGAGCTG-1,4,LHb,LHb,control,b6-lhb-m20_3,Oval/Medial
ATCGTAGCACTGTTCC-1,0,LHb,LHb,control,b6-lhb-m20_3,Oval/Medial
ATCGTAGCATGTCGTA-1,1,LHb,LHb,control,b6-lhb-m20_3,Oval/Medial
ATCGTCCCATTGTAGC-1,1,LHb,LHb,control,b6-lhb-m20_3,Oval/Medial
ATCGTGAAGCGTGAAC-1,1,LHb,LHb,control,b6-lhb-m20_3,Oval/Medial
ATCGTGAAGGTGCTGA-1,9,LHb,LHb,control,b6-lhb-m20_3,Marginal
ATCGTGACAACCGACC-1,4,LHb,LHb,control,b6-lhb-m20_3,Oval/Medial
ATCGTGACAATGCAGG-1,9,LHb,LHb,control,b6-lhb-m20_3,Marginal
ATCGTGACATCTATCT-1,0,LHb,LHb,control,b6-lhb-m20_3,Oval/Medial
ATCTCTAAGATGAACT-1,1,LHb,LHb,control,b6-lhb-m20_3,Oval/Medial
ATCTTCAAGACGTCGA-1,1,LHb,LHb,control,b6-lhb-m20_3,Oval/Medial
ATCTTCAAGGTACAAT-1,0,LHb,LHb,control,b6-lhb-m20_3,Oval/Medial
ATGAAAGCAATTGAAG-1,0,LHb,LHb,control,b6-lhb-m20_3,Lateral
ATGACCAAGGCTGTAG-1,1,LHb,LHb,control,b6-lhb-m20_3,Oval/Medial
ATGACCACAGCAGTCC-1,1,LHb,LHb,control,b6-lhb-m20_3,Oval/Medial
ATGACCATCATCGCCT-1,1,LHb,LHb,control,b6-lhb-m20_3,Oval/Medial
ATGAGTCTCCGCTTAC-1,1,LHb,LHb,control,b6-lhb-m20_3,Oval/Medial
ATGATCGCATTACTCT-1,0,LHb,LHb,control,b6-lhb-m20_3,Lateral
ATGATCGGTTTCCCAC-1-1,4,LHb,LHb,control,b6-lhb-m20_3,Oval/Medial
ATGATCGTCGAGTGAG-1,4,LHb,LHb,control,b6-lhb-m20_3,Oval/Medial
ATGCATGAGATTAGCA-1,13,LHb,LHb,control,b6-lhb-m20_3,Oval/Medial
ATGCATGGTCGACGCT-1,4,LHb,LHb,control,b6-lhb-m20_3,Oval/Medial
ATGCATGGTGATACCT-1-1,1,LHb,LHb,control,b6-lhb-m20_3,Oval/Medial
ATGCCTCCATCCTTGC-1,0,LHb,LHb,control,b6-lhb-m20_3,Oval/Medial
ATGCCTCGTAAGATTG-1,4,LHb,LHb,control,b6-lhb-m20_3,Oval/Medial
ATGCGATCAGCTATAC-1,4,LHb,LHb,control,b6-lhb-m20_3,Hbx
ATGGAGGGTCATATGC-1,4,LHb,LHb,control,b6-lhb-m20_3,Marginal
ATGGAGGGTGACCGTC-1,1,LHb,LHb,control,b6-lhb-m20_3,Oval/Medial
ATGGATCTCCTACAAG-1,4,LHb,LHb,control,b6-lhb-m20_3,Oval/Medial
ATGGATCTCTAGGCCG-1,0,LHb,LHb,control,b6-lhb-m20_3,Oval/Medial
ATGGGTTCACCTGTCT-1,4,LHb,LHb,control,b6-lhb-m20_3,Oval/Medial
ATGGTTGCAATGTCTG-1,1,LHb,LHb,control,b6-lhb-m20_3,Oval/Medial
ATGTCCCAGGTCCTGC-1,4,LHb,LHb,control,b6-lhb-m20_3,Oval/Medial
ATGTCCCCAATCGAAA-1,1,LHb,LHb,control,b6-lhb-m20_3,Oval/Medial
ATGTCTTCATTGCCTC-1,0,LHb,LHb,control,b6-lhb-m20_3,Oval/Medial
ATGTCTTTCAGTCAGT-1,9,LHb,LHb,control,b6-lhb-m20_3,Marginal
ATTACCTCAAGCGCAA-1,4,LHb,LHb,control,b6-lhb-m20_3,Oval/Medial
ATTACCTTCAGTCACA-1,0,LHb,LHb,control,b6-lhb-m20_3,Oval/Medial
ATTACTCGTCCTATAG-1,1,LHb,LHb,control,b6-lhb-m20_3,Oval/Medial
ATTACTCTCATGGCCG-1,1,LHb,LHb,control,b6-lhb-m20_3,Oval/Medial
ATTACTCTCTGTTGGA-1,4,LHb,LHb,control,b6-lhb-m20_3,Oval/Medial
ATTATCCAGAATTGTG-1,0,LHb,LHb,control,b6-lhb-m20_3,Oval/Medial
ATTATCCCAGGAAGTC-1,1,LHb,LHb,control,b6-lhb-m20_3,Oval/Medial
ATTATCCGTAACACGG-1,4,LHb,LHb,control,b6-lhb-m20_3,Oval/Medial
ATTCACTCAAGGGCAT-1,1,LHb,LHb,control,b6-lhb-m20_3,Oval/Medial
ATTCAGGGTCGCCACA-1,9,LHb,LHb,control,b6-lhb-m20_3,Marginal
ATTCAGGGTCTGCCTT-1,1,LHb,LHb,control,b6-lhb-m20_3,Oval/Medial
ATTCAGGGTGGAGAAA-1,1,LHb,LHb,control,b6-lhb-m20_3,Oval/Medial
ATTCAGGTCACGGGAA-1,1,LHb,LHb,control,b6-lhb-m20_3,Oval/Medial
ATTCATCGTACTCCGG-1,1,LHb,LHb,control,b6-lhb-m20_3,Oval/Medial
ATTCCATAGAACCGCA-1,4,LHb,LHb,control,b6-lhb-m20_3,Lateral
ATTCCATCAGACCAGA-1,1,LHb,LHb,control,b6-lhb-m20_3,Oval/Medial
ATTCCATTCGTGGCGT-1,9,LHb,LHb,control,b6-lhb-m20_3,Oval/Medial
ATTCCCGCATTACTCT-1,4,LHb,LHb,control,b6-lhb-m20_3,Marginal
ATTCCCGTCACATACG-1,13,LHb,LHb,control,b6-lhb-m20_3,Oval/Medial
ATTCCTATCTCGACGG-1,1,LHb,LHb,control,b6-lhb-m20_3,Oval/Medial
ATTCGTTCACAATCTG-1,4,LHb,LHb,control,b6-lhb-m20_3,Oval/Medial
ATTCGTTCAGCAGACA-1,4,LHb,LHb,control,b6-lhb-m20_3,Oval/Medial
ATTCGTTCATGGCCCA-1,1,LHb,LHb,control,b6-lhb-m20_3,Oval/Medial
ATTCGTTGTACACGTT-1,4,LHb,LHb,control,b6-lhb-m20_3,Lateral
ATTCGTTGTACCGTGC-1,1,LHb,LHb,control,b6-lhb-m20_3,Oval/Medial
ATTCGTTGTCTTGCTC-1,1,LHb,LHb,control,b6-lhb-m20_3,Oval/Medial
ATTCGTTTCGAAGCCC-1,0,LHb,LHb,control,b6-lhb-m20_3,Oval/Medial
ATTCTACGTGGTAATA-1,1,LHb,LHb,control,b6-lhb-m20_3,Oval/Medial
ATTGGGTAGCATTTGC-1,1,LHb,LHb,control,b6-lhb-m20_3,Oval/Medial
ATTGGGTAGTTGTACC-1,4,LHb,LHb,control,b6-lhb-m20_3,Oval/Medial
ATTGGGTCATCGGTTA-1,4,LHb,LHb,control,b6-lhb-m20_3,Oval/Medial
ATTGGGTTCGAGCTGC-1,13,LHb,LHb,control,b6-lhb-m20_3,Oval/Medial
ATTGTTCAGGAAGTCC-1,1,LHb,LHb,control,b6-lhb-m20_3,Oval/Medial
ATTGTTCGTCTCGCGA-1,1,LHb,LHb,control,b6-lhb-m20_3,Oval/Medial
ATTTACCAGCTAGAGC-1,0,LHb,LHb,control,b6-lhb-m20_3,Oval/Medial
ATTTACCAGTTTCTTC-1,1,LHb,LHb,control,b6-lhb-m20_3,Oval/Medial
ATTTCACAGAATCGTA-1,1,LHb,LHb,control,b6-lhb-m20_3,Oval/Medial
ATTTCACCACCTGCTT-1,1,LHb,LHb,control,b6-lhb-m20_3,Oval/Medial
ATTTCACCAGCTAACT-1,1,LHb,LHb,control,b6-lhb-m20_3,Oval/Medial
ATTTCACTCTACTGCC-1,4,LHb,LHb,control,b6-lhb-m20_3,Hbx
ATTTCTGAGCCAAGCA-1,1,LHb,LHb,control,b6-lhb-m20_3,Oval/Medial
CAAAGAACATTCCTAT-1,1,LHb,LHb,control,b6-lhb-m20_3,Oval/Medial
CAAAGAATCACTTGGA-1,1,LHb,LHb,control,b6-lhb-m20_3,Oval/Medial
CAACAACCAAGCTCTA-1,4,LHb,LHb,control,b6-lhb-m20_3,Oval/Medial
CAACAACCATGCCGAC-1-1,1,LHb,LHb,control,b6-lhb-m20_3,Oval/Medial
CAACAACGTGAACGGT-1,13,LHb,LHb,control,b6-lhb-m20_3,Oval/Medial
CAACAACGTTGCATAC-1,4,LHb,LHb,control,b6-lhb-m20_3,Hbx
CAACAACTCTTACACT-1,1,LHb,LHb,control,b6-lhb-m20_3,Oval/Medial
CAACAGTAGCGACATG-1,4,LHb,LHb,control,b6-lhb-m20_3,Oval/Medial
CAACAGTCAAACTCGT-1,4,LHb,LHb,control,b6-lhb-m20_3,Oval/Medial
CAACAGTCAGGACATG-1,1,LHb,LHb,control,b6-lhb-m20_3,Oval/Medial
CAACAGTGTGGCAGAT-1,1,LHb,LHb,control,b6-lhb-m20_3,Oval/Medial
CAACCAAGTGAGCCAA-1,1,LHb,LHb,control,b6-lhb-m20_3,Oval/Medial
CAACCTCCACAAGTTC-1,4,LHb,LHb,control,b6-lhb-m20_3,Oval/Medial
CAACCTCCAGACTCTA-1,4,LHb,LHb,control,b6-lhb-m20_3,Oval/Medial
CAACCTCGTCATCGCG-1,1,LHb,LHb,control,b6-lhb-m20_3,Oval/Medial
CAACCTCGTGCGAACA-1,1,LHb,LHb,control,b6-lhb-m20_3,Oval/Medial
CAACCTCTCATTTGTC-1,1,LHb,LHb,control,b6-lhb-m20_3,Oval/Medial
CAACGATAGGGTTGCA-1,13,LHb,LHb,control,b6-lhb-m20_3,Lateral
CAACGATCACGTGTGC-1,4,LHb,LHb,control,b6-lhb-m20_3,Oval/Medial
CAACGATTCACTGAAC-1,0,LHb,LHb,control,b6-lhb-m20_3,Oval/Medial
CAACGGCAGGCTTAGG-1,1,LHb,LHb,control,b6-lhb-m20_3,Oval/Medial
CAACGGCAGTAAACAC-1,0,LHb,LHb,control,b6-lhb-m20_3,Oval/Medial
CAACGGCCAGCTTCCT-1,1,LHb,LHb,control,b6-lhb-m20_3,Oval/Medial
CAACGGCCATGTACGT-1,1,LHb,LHb,control,b6-lhb-m20_3,Hbx
CAACGGCGTAGCCAGA-1-1,1,LHb,LHb,control,b6-lhb-m20_3,Oval/Medial
CAACGGCGTCTCCTGT-1,4,LHb,LHb,control,b6-lhb-m20_3,Hbx
CAACGGCTCGTCTAAG-1,4,LHb,LHb,control,b6-lhb-m20_3,Oval/Medial
CAAGACTCAAGGCAAC-1,4,LHb,LHb,control,b6-lhb-m20_3,Oval/Medial
CAAGACTCACAAGTGG-1,1,LHb,LHb,control,b6-lhb-m20_3,Oval/Medial
CAAGACTCACGCGCTA-1,9,LHb,LHb,control,b6-lhb-m20_3,Marginal
CAAGACTGTGTATTGC-1,1,LHb,LHb,control,b6-lhb-m20_3,Oval/Medial
CAAGAGGAGCGTGTCC-1,1,LHb,LHb,control,b6-lhb-m20_3,Oval/Medial
CAAGAGGCACTCTAGA-1,9,LHb,LHb,control,b6-lhb-m20_3,Oval/Medial
CAAGAGGGTGATAGAT-1,1,LHb,LHb,control,b6-lhb-m20_3,Oval/Medial
CAAGCTACAAACCGGA-1,0,LHb,LHb,control,b6-lhb-m20_3,Oval/Medial
CAAGGGATCAAGCCCG-1,1,LHb,LHb,control,b6-lhb-m20_3,Oval/Medial
CAAGGGATCGGTGAAG-1,1,LHb,LHb,control,b6-lhb-m20_3,Oval/Medial
CAATACGAGAGTTCGG-1,1,LHb,LHb,control,b6-lhb-m20_3,Oval/Medial
CAATACGCAAAGACTA-1,1,LHb,LHb,control,b6-lhb-m20_3,Oval/Medial
CAATACGGTCATCACA-1,1,LHb,LHb,control,b6-lhb-m20_3,Lateral
CAATACGTCACCTGGG-1,1,LHb,LHb,control,b6-lhb-m20_3,Oval/Medial
CAATCGACAACTGGTT-1,4,LHb,LHb,control,b6-lhb-m20_3,Oval/Medial
CAATCGAGTCCTGTTC-1,1,LHb,LHb,control,b6-lhb-m20_3,Oval/Medial
CAATCGAGTTTGACAC-1,1,LHb,LHb,control,b6-lhb-m20_3,Oval/Medial
CAATCGATCCCGATCT-1,1,LHb,LHb,control,b6-lhb-m20_3,Oval/Medial
CAATTTCCATTCGATG-1-1,1,LHb,LHb,control,b6-lhb-m20_3,Oval/Medial
CACAACAAGCACCTGC-1,1,LHb,LHb,control,b6-lhb-m20_3,Oval/Medial
CACAACACATACCACA-1,1,LHb,LHb,control,b6-lhb-m20_3,Lateral
CACACAAGTGACTGAG-1,1,LHb,LHb,control,b6-lhb-m20_3,Oval/Medial
CACACAATCAGAGCAG-1,1,LHb,LHb,control,b6-lhb-m20_3,Oval/Medial
CACACAATCAGTCATG-1,1,LHb,LHb,control,b6-lhb-m20_3,Oval/Medial
CACACAATCGCGTCGA-1,1,LHb,LHb,control,b6-lhb-m20_3,Oval/Medial
CACAGATCACTAACCA-1,1,LHb,LHb,control,b6-lhb-m20_3,Hbx
CACAGGCAGCGTCAGA-1,4,LHb,LHb,control,b6-lhb-m20_3,Oval/Medial
CACAGGCAGCTTACGT-1,0,LHb,LHb,control,b6-lhb-m20_3,Lateral
CACAGGCCAACCAATC-1,4,LHb,LHb,control,b6-lhb-m20_3,Oval/Medial
CACATGACACTAGTAC-1,1,LHb,LHb,control,b6-lhb-m20_3,Oval/Medial
CACCAAAGTACATACC-1,1,LHb,LHb,control,b6-lhb-m20_3,Oval/Medial
CACCAAAGTATACCTG-1,4,LHb,LHb,control,b6-lhb-m20_3,Oval/Medial
CACCGTTAGTTCCAGT-1,0,LHb,LHb,control,b6-lhb-m20_3,Oval/Medial
CACCGTTGTTAGGGTG-1,0,LHb,LHb,control,b6-lhb-m20_3,Oval/Medial
CACCGTTGTTGCCATA-1,4,LHb,LHb,control,b6-lhb-m20_3,Oval/Medial
CACCGTTTCCTACTGC-1,1,LHb,LHb,control,b6-lhb-m20_3,Oval/Medial
CACGAATAGTAAGCAT-1,0,LHb,LHb,control,b6-lhb-m20_3,Oval/Medial
CACGAATAGTAATCCC-1,4,LHb,LHb,control,b6-lhb-m20_3,Oval/Medial
CACGAATAGTCAAGCG-1-1,4,LHb,LHb,control,b6-lhb-m20_3,Marginal
CACGAATAGTCACGAG-1,1,LHb,LHb,control,b6-lhb-m20_3,Oval/Medial
CACGAATGTCTTGCTC-1,1,LHb,LHb,control,b6-lhb-m20_3,Oval/Medial
CACGAATGTTTCGACA-1,4,LHb,LHb,control,b6-lhb-m20_3,Hbx
CACGGGTAGGTATAGT-1,0,LHb,LHb,control,b6-lhb-m20_3,Oval/Medial
CACGGGTCATCGATCA-1,0,LHb,LHb,control,b6-lhb-m20_3,Oval/Medial
CACGGGTTCACTGGTA-1,1,LHb,LHb,control,b6-lhb-m20_3,Oval/Medial
CACGTGGCATGGCACC-1,1,LHb,LHb,control,b6-lhb-m20_3,Oval/Medial
CACGTTCTCGACCACG-1,1,LHb,LHb,control,b6-lhb-m20_3,Hbx
CACTAAGGTGAATTAG-1,4,LHb,LHb,control,b6-lhb-m20_3,Oval/Medial
CACTAAGGTGCTGATT-1,4,LHb,LHb,control,b6-lhb-m20_3,Oval/Medial
CACTGAACAAATGGTA-1,0,LHb,LHb,control,b6-lhb-m20_3,Hbx
CACTGAATCAAGCCGC-1,0,LHb,LHb,control,b6-lhb-m20_3,Oval/Medial
CACTGGGAGCAGATAT-1,10,LHb,LHb,control,b6-lhb-m20_3,Oval/Medial
CACTGGGCAACTTCTT-1-1,1,LHb,LHb,control,b6-lhb-m20_3,Oval/Medial
CACTGGGGTATGCAAA-1,1,LHb,LHb,control,b6-lhb-m20_3,Oval/Medial
CACTGTCCAAGTTCCA-1,1,LHb,LHb,control,b6-lhb-m20_3,Oval/Medial
CACTTCGAGGAACATT-1,0,LHb,LHb,control,b6-lhb-m20_3,Oval/Medial
CACTTCGAGGAATGTT-1,1,LHb,LHb,control,b6-lhb-m20_3,Oval/Medial
CACTTCGCAAGCACCC-1,1,LHb,LHb,control,b6-lhb-m20_3,Lateral
CACTTCGCAGCTGGTC-1,4,LHb,LHb,control,b6-lhb-m20_3,Marginal
CACTTCGTCTTACACT-1-1,4,LHb,LHb,control,b6-lhb-m20_3,Oval/Medial
CAGAGCCAGTTGAATG-1,4,LHb,LHb,control,b6-lhb-m20_3,Lateral
CAGAGCCCAGAGGCAT-1,1,LHb,LHb,control,b6-lhb-m20_3,Lateral
CAGAGCCTCGTGGACC-1,1,LHb,LHb,control,b6-lhb-m20_3,Oval/Medial
CAGATACCATTCGATG-1,1,LHb,LHb,control,b6-lhb-m20_3,Oval/Medial
CAGATACGTAGGACTG-1,4,LHb,LHb,control,b6-lhb-m20_3,Oval/Medial
CAGATCATCATGAAAG-1,1,LHb,LHb,control,b6-lhb-m20_3,Oval/Medial
CAGATTGAGGGTTGCA-1,4,LHb,LHb,control,b6-lhb-m20_3,Oval/Medial
CAGATTGCAAAGCTAA-1,9,LHb,LHb,control,b6-lhb-m20_3,Oval/Medial
CAGATTGCAGCGTGAA-1,1,LHb,LHb,control,b6-lhb-m20_3,Oval/Medial
CAGATTGCATCTCGTC-1,1,LHb,LHb,control,b6-lhb-m20_3,Oval/Medial
CAGATTGTCCCGTTCA-1-1,1,LHb,LHb,control,b6-lhb-m20_3,Oval/Medial
CAGATTGTCTCGCAGG-1,1,LHb,LHb,control,b6-lhb-m20_3,Oval/Medial
CAGCAATAGCGTGCTC-1,0,LHb,LHb,control,b6-lhb-m20_3,Oval/Medial
CAGCAATCAGAACTAA-1,1,LHb,LHb,control,b6-lhb-m20_3,Oval/Medial
CAGCAATGTCTAGGCC-1,4,LHb,LHb,control,b6-lhb-m20_3,Hbx
CAGCAATTCACCTGTC-1,1,LHb,LHb,control,b6-lhb-m20_3,Oval/Medial
CAGCACGAGAGTGACC-1,9,LHb,LHb,control,b6-lhb-m20_3,Oval/Medial
CAGCAGCCATGAAGGC-1,4,LHb,LHb,control,b6-lhb-m20_3,Oval/Medial
CAGCGTGGTACGCGTC-1,1,LHb,LHb,control,b6-lhb-m20_3,Oval/Medial
CAGGCCAAGAAGTCCG-1,1,LHb,LHb,control,b6-lhb-m20_3,Oval/Medial
CAGGCCAAGAGGCGTT-1,4,LHb,LHb,control,b6-lhb-m20_3,Hbx
CAGGCCACAAACGTGG-1,1,LHb,LHb,control,b6-lhb-m20_3,Oval/Medial
CAGGCCAGTCTGCAAT-1,1,LHb,LHb,control,b6-lhb-m20_3,Hbx
CAGGTATTCCGGCAAC-1,4,LHb,LHb,control,b6-lhb-m20_3,Oval/Medial
CAGTGCGAGAACAAGG-1,1,LHb,LHb,control,b6-lhb-m20_3,Lateral
CAGTGCGCAGCAAGAC-1,1,LHb,LHb,control,b6-lhb-m20_3,Oval/Medial
CAGTGCGCAGCTATTG-1,1,LHb,LHb,control,b6-lhb-m20_3,Oval/Medial
CAGTGCGCATTGTCGA-1,1,LHb,LHb,control,b6-lhb-m20_3,Oval/Medial
CAGTGCGGTGGCCACT-1,0,LHb,LHb,control,b6-lhb-m20_3,Lateral
CAGTTAGCAGGTGTGA-1,1,LHb,LHb,control,b6-lhb-m20_3,Oval/Medial
CAGTTAGGTACAGCGA-1,4,LHb,LHb,control,b6-lhb-m20_3,Oval/Medial
CAGTTCCAGGCTCAAG-1,4,LHb,LHb,control,b6-lhb-m20_3,Oval/Medial
CAGTTCCCACTGTCGG-1,1,LHb,LHb,control,b6-lhb-m20_3,Oval/Medial
CATACAGCACCGAATT-1,0,LHb,LHb,control,b6-lhb-m20_3,Oval/Medial
CATACAGTCATGAGTC-1,1,LHb,LHb,control,b6-lhb-m20_3,Oval/Medial
CATACCCTCACTGGGC-1,4,LHb,LHb,control,b6-lhb-m20_3,Oval/Medial
CATACTTGTCTTTCTA-1,0,LHb,LHb,control,b6-lhb-m20_3,Oval/Medial
CATAGACTCAAGCTTG-1,4,LHb,LHb,control,b6-lhb-m20_3,Oval/Medial
CATAGACTCGGCCCAA-1,0,LHb,LHb,control,b6-lhb-m20_3,Oval/Medial
CATCCACGTAGTGTGG-1,1,LHb,LHb,control,b6-lhb-m20_3,Oval/Medial
CATCCCAGTAGATTAG-1,4,LHb,LHb,control,b6-lhb-m20_3,Oval/Medial
CATCGCTTCAAGTGGG-1,9,LHb,LHb,control,b6-lhb-m20_3,Marginal
CATCGGGCATGCTGCG-1,4,LHb,LHb,control,b6-lhb-m20_3,Hbx
CATCGGGGTCGAATTC-1,1,LHb,LHb,control,b6-lhb-m20_3,Oval/Medial
CATCGTCAGTCCCAAT-1,1,LHb,LHb,control,b6-lhb-m20_3,Oval/Medial
CATGAGTAGCGATGGT-1,1,LHb,LHb,control,b6-lhb-m20_3,Oval/Medial
CATGAGTTCCTTCTTC-1,1,LHb,LHb,control,b6-lhb-m20_3,Oval/Medial
CATGAGTTCTTCGCTG-1,0,LHb,LHb,control,b6-lhb-m20_3,Oval/Medial
CATGAGTTCTTGGTGA-1,4,LHb,LHb,control,b6-lhb-m20_3,Oval/Medial
CATGCAATCCGTATGA-1,1,LHb,LHb,control,b6-lhb-m20_3,Oval/Medial
CATGCCTCAGAGTGAC-1,1,LHb,LHb,control,b6-lhb-m20_3,Oval/Medial
CATGCCTCATAACCCA-1,4,LHb,LHb,control,b6-lhb-m20_3,Oval/Medial
CATGCGGAGCCTATTG-1,1,LHb,LHb,control,b6-lhb-m20_3,Oval/Medial
CATGCGGAGCCTCTTC-1,4,LHb,LHb,control,b6-lhb-m20_3,Oval/Medial
CATGCGGGTCAACCTA-1,1,LHb,LHb,control,b6-lhb-m20_3,Oval/Medial
CATGCGGTCGCATAGT-1,4,LHb,LHb,control,b6-lhb-m20_3,Oval/Medial
CATGCTCAGTAACGTA-1,13,LHb,LHb,control,b6-lhb-m20_3,Oval/Medial
CATGCTCGTAACACCT-1,1,LHb,LHb,control,b6-lhb-m20_3,Oval/Medial
CATGCTCGTTACTCAG-1,13,LHb,LHb,control,b6-lhb-m20_3,Oval/Medial
CATGCTCTCGAGGCAA-1,1,LHb,LHb,control,b6-lhb-m20_3,Oval/Medial
CATGGTAAGTACAGAT-1,1,LHb,LHb,control,b6-lhb-m20_3,Oval/Medial
CATGGTACACGCTGCA-1,13,LHb,LHb,control,b6-lhb-m20_3,Lateral
CATGGTATCTTACCAT-1-1,4,LHb,LHb,control,b6-lhb-m20_3,Hbx
CATTCATTCGACGATT-1,1,LHb,LHb,control,b6-lhb-m20_3,Oval/Medial
CATTCCGCAGACCGCT-1,0,LHb,LHb,control,b6-lhb-m20_3,Oval/Medial
CATTCCGGTTTCTTAC-1,0,LHb,LHb,control,b6-lhb-m20_3,Oval/Medial
CATTCTAAGACCACGA-1,1,LHb,LHb,control,b6-lhb-m20_3,Oval/Medial
CATTCTACAATCCAGT-1,9,LHb,LHb,control,b6-lhb-m20_3,Oval/Medial
CATTCTATCGAGTCCG-1,0,LHb,LHb,control,b6-lhb-m20_3,Oval/Medial
CATTCTATCGGCATCG-1,1,LHb,LHb,control,b6-lhb-m20_3,Oval/Medial
CATTGCCTCGATGCTA-1,4,LHb,LHb,control,b6-lhb-m20_3,Oval/Medial
CATTGCCTCTTTGCAT-1,4,LHb,LHb,control,b6-lhb-m20_3,Lateral
CATTGTTAGAGAGGTA-1,1,LHb,LHb,control,b6-lhb-m20_3,Oval/Medial
CATTGTTCACAGCATT-1,1,LHb,LHb,control,b6-lhb-m20_3,Oval/Medial
CCAATGACAAGAGAGA-1,1,LHb,LHb,control,b6-lhb-m20_3,Oval/Medial
CCAATGACAGAACGCA-1,1,LHb,LHb,control,b6-lhb-m20_3,Oval/Medial
CCAATGACATTCACCC-1,1,LHb,LHb,control,b6-lhb-m20_3,Oval/Medial
CCAATGATCCGGGACT-1,1,LHb,LHb,control,b6-lhb-m20_3,Oval/Medial
CCAATTTAGGATCACG-1,1,LHb,LHb,control,b6-lhb-m20_3,Oval/Medial
CCAATTTGTCTCACAA-1,1,LHb,LHb,control,b6-lhb-m20_3,Oval/Medial
CCAATTTGTGTTATCG-1,1,LHb,LHb,control,b6-lhb-m20_3,Hbx
CCAATTTGTTCCACGG-1,4,LHb,LHb,control,b6-lhb-m20_3,Oval/Medial
CCAATTTGTTCTAAGC-1,1,LHb,LHb,control,b6-lhb-m20_3,Oval/Medial
CCACAAAGTCACGTGC-1,1,LHb,LHb,control,b6-lhb-m20_3,Oval/Medial
CCACACTCATGGCCAC-1,0,LHb,LHb,control,b6-lhb-m20_3,Oval/Medial
CCACACTGTAACACCT-1,4,LHb,LHb,control,b6-lhb-m20_3,Oval/Medial
CCACACTGTACGACAG-1-1,9,LHb,LHb,control,b6-lhb-m20_3,Marginal
CCACACTGTATTTCCT-1,1,LHb,LHb,control,b6-lhb-m20_3,Oval/Medial
CCACACTTCATTGGTG-1,1,LHb,LHb,control,b6-lhb-m20_3,Oval/Medial
CCACCATTCCATTTCA-1,1,LHb,LHb,control,b6-lhb-m20_3,Oval/Medial
CCACGTTAGTGAGCCA-1,4,LHb,LHb,control,b6-lhb-m20_3,Oval/Medial
CCACGTTTCACAATGC-1,1,LHb,LHb,control,b6-lhb-m20_3,Oval/Medial
CCACGTTTCGTTGTTT-1,1,LHb,LHb,control,b6-lhb-m20_3,Oval/Medial
CCACTTGTCCAATCCC-1,4,LHb,LHb,control,b6-lhb-m20_3,Hbx
CCACTTGTCCGGCAGT-1,13,LHb,LHb,control,b6-lhb-m20_3,Hbx
CCACTTGTCGTCCTTG-1,1,LHb,LHb,control,b6-lhb-m20_3,Oval/Medial
CCACTTGTCTACGCAA-1,1,LHb,LHb,control,b6-lhb-m20_3,Oval/Medial
CCATAAGAGTCAACAA-1,1,LHb,LHb,control,b6-lhb-m20_3,Oval/Medial
CCATCACCAATTCTCT-1,0,LHb,LHb,control,b6-lhb-m20_3,Lateral
CCCAACTGTCGAGATG-1,4,LHb,LHb,control,b6-lhb-m20_3,Hbx
CCCAACTGTGAGATAT-1,0,LHb,LHb,control,b6-lhb-m20_3,Oval/Medial
CCCAACTTCTCGTTTA-1,1,LHb,LHb,control,b6-lhb-m20_3,Oval/Medial
CCCATTGCAAGATTGA-1,1,LHb,LHb,control,b6-lhb-m20_3,Oval/Medial
CCCGAAGAGGAGGCAG-1,4,LHb,LHb,control,b6-lhb-m20_3,Oval/Medial
CCCGAAGCAACAGCTT-1,4,LHb,LHb,control,b6-lhb-m20_3,Oval/Medial
CCCGAAGTCGACATCA-1,0,LHb,LHb,control,b6-lhb-m20_3,Oval/Medial
CCCTAACCACCTCAGG-1-1,0,LHb,LHb,control,b6-lhb-m20_3,Oval/Medial
CCCTAACCACTACGGC-1-1,1,LHb,LHb,control,b6-lhb-m20_3,Oval/Medial
CCCTAACGTTCTGACA-1,0,LHb,LHb,control,b6-lhb-m20_3,Oval/Medial
CCCTCAACAGACACAG-1,4,LHb,LHb,control,b6-lhb-m20_3,Oval/Medial
CCCTCAATCACCATAG-1,1,LHb,LHb,control,b6-lhb-m20_3,Oval/Medial
CCCTCTCAGTCAGAGC-1,1,LHb,LHb,control,b6-lhb-m20_3,Oval/Medial
CCCTCTCCAACTCATG-1,13,LHb,LHb,control,b6-lhb-m20_3,Lateral
CCCTGATCAAGGTCGA-1,1,LHb,LHb,control,b6-lhb-m20_3,Oval/Medial
CCCTTAGGTCAGCGTC-1,0,LHb,LHb,control,b6-lhb-m20_3,Oval/Medial
CCCTTAGTCATGCAGT-1,1,LHb,LHb,control,b6-lhb-m20_3,Oval/Medial
CCGAACGCAGCTGTGC-1,0,LHb,LHb,control,b6-lhb-m20_3,Lateral
CCGAACGCATCCGAGC-1,0,LHb,LHb,control,b6-lhb-m20_3,Lateral
CCGATCTAGCCATTGT-1,1,LHb,LHb,control,b6-lhb-m20_3,Oval/Medial
CCGATCTCATGACAAA-1,1,LHb,LHb,control,b6-lhb-m20_3,Oval/Medial
CCGATCTGTTGTGCAT-1-1,1,LHb,LHb,control,b6-lhb-m20_3,Oval/Medial
CCGATGGAGGATCATA-1,1,LHb,LHb,control,b6-lhb-m20_3,Lateral
CCGATGGAGGTAAGGA-1,0,LHb,LHb,control,b6-lhb-m20_3,Oval/Medial
CCGCAAGTCCAGCTCT-1,1,LHb,LHb,control,b6-lhb-m20_3,Oval/Medial
CCGGACACAACTGAAA-1,0,LHb,LHb,control,b6-lhb-m20_3,Hbx
CCGGACATCGGTCACG-1,1,LHb,LHb,control,b6-lhb-m20_3,Oval/Medial
CCGGACATCTGACGCG-1,1,LHb,LHb,control,b6-lhb-m20_3,Oval/Medial
CCGGGTACATGCCATA-1,4,LHb,LHb,control,b6-lhb-m20_3,Lateral
CCGGGTATCGTGAGAG-1,4,LHb,LHb,control,b6-lhb-m20_3,Oval/Medial
CCGGTAGAGATTAGTG-1,4,LHb,LHb,control,b6-lhb-m20_3,Hbx
CCGGTGACAGTGGCTC-1,1,LHb,LHb,control,b6-lhb-m20_3,Oval/Medial
CCGGTGATCCCGTGTT-1-1,1,LHb,LHb,control,b6-lhb-m20_3,Oval/Medial
CCGGTGATCTGGCCAG-1,1,LHb,LHb,control,b6-lhb-m20_3,Oval/Medial
CCGTAGGAGCACTCGC-1,1,LHb,LHb,control,b6-lhb-m20_3,Oval/Medial
CCGTAGGTCATGAAAG-1,1,LHb,LHb,control,b6-lhb-m20_3,Oval/Medial
CCGTGAGCAGCAGACA-1,0,LHb,LHb,control,b6-lhb-m20_3,Oval/Medial
CCGTGAGCAGTCCGTG-1,4,LHb,LHb,control,b6-lhb-m20_3,Oval/Medial
CCGTTCAGTGAACTAA-1,1,LHb,LHb,control,b6-lhb-m20_3,Oval/Medial
CCTAACCCAAGACTGG-1,1,LHb,LHb,control,b6-lhb-m20_3,Oval/Medial
CCTAACCGTCTTGTCC-1,1,LHb,LHb,control,b6-lhb-m20_3,Oval/Medial
CCTAAGAAGGTACCTT-1,4,LHb,LHb,control,b6-lhb-m20_3,Hbx
CCTAAGACAAACCATC-1,1,LHb,LHb,control,b6-lhb-m20_3,Oval/Medial
CCTAAGACAAGTCGTT-1,1,LHb,LHb,control,b6-lhb-m20_3,Oval/Medial
CCTACGTAGGATCATA-1,1,LHb,LHb,control,b6-lhb-m20_3,Oval/Medial
CCTACGTGTGCCAAGA-1,1,LHb,LHb,control,b6-lhb-m20_3,Oval/Medial
CCTATCGAGCTGACAG-1,4,LHb,LHb,control,b6-lhb-m20_3,Oval/Medial
CCTATCGAGTTTCGAC-1,4,LHb,LHb,control,b6-lhb-m20_3,Oval/Medial
CCTATCGCAGAAGCTG-1,1,LHb,LHb,control,b6-lhb-m20_3,Oval/Medial
CCTATCGTCTGAATGC-1,4,LHb,LHb,control,b6-lhb-m20_3,Oval/Medial
CCTCAACTCCGAGTGC-1,1,LHb,LHb,control,b6-lhb-m20_3,Oval/Medial
CCTCAACTCGAACCAT-1,1,LHb,LHb,control,b6-lhb-m20_3,Oval/Medial
CCTCACAGTCACGACC-1-1,1,LHb,LHb,control,b6-lhb-m20_3,Oval/Medial
CCTCACATCGCGGACT-1,1,LHb,LHb,control,b6-lhb-m20_3,Oval/Medial
CCTCACATCGGTAGGA-1,0,LHb,LHb,control,b6-lhb-m20_3,Oval/Medial
CCTCAGTAGTCCTGTA-1,1,LHb,LHb,control,b6-lhb-m20_3,Hbx
CCTCAGTCATGACTAC-1,13,LHb,LHb,control,b6-lhb-m20_3,Oval/Medial
CCTCATGAGGGTACAC-1,1,LHb,LHb,control,b6-lhb-m20_3,Oval/Medial
CCTCATGCAATCGTCA-1,13,LHb,LHb,control,b6-lhb-m20_3,Lateral
CCTCCAAAGAGGACTC-1,0,LHb,LHb,control,b6-lhb-m20_3,Oval/Medial
CCTCCAACAAAGAGTT-1,1,LHb,LHb,control,b6-lhb-m20_3,Oval/Medial
CCTCCAACAGAGCCCT-1,13,LHb,LHb,control,b6-lhb-m20_3,Oval/Medial
CCTCCTCAGCGCCCAT-1,13,LHb,LHb,control,b6-lhb-m20_3,Oval/Medial
CCTCCTCCACACCAGC-1,13,LHb,LHb,control,b6-lhb-m20_3,Lateral
CCTCCTCGTACTCCCT-1,1,LHb,LHb,control,b6-lhb-m20_3,Oval/Medial
CCTCTAGCAACGGGTA-1,4,LHb,LHb,control,b6-lhb-m20_3,Oval/Medial
CCTCTAGGTGGCCACT-1,0,LHb,LHb,control,b6-lhb-m20_3,Oval/Medial
CCTCTAGGTTACAGCT-1-1,1,LHb,LHb,control,b6-lhb-m20_3,Oval/Medial
CCTGTTGTCTGGTGGC-1,1,LHb,LHb,control,b6-lhb-m20_3,Hbx
CCTTCAGCAGGATCTT-1,1,LHb,LHb,control,b6-lhb-m20_3,Oval/Medial
CCTTCAGGTGAGTTTC-1,13,LHb,LHb,control,b6-lhb-m20_3,Oval/Medial
CCTTCAGGTTGGACCC-1-1,1,LHb,LHb,control,b6-lhb-m20_3,Oval/Medial
CCTTCAGGTTTCCATT-1,2,LHb,LHb,control,b6-lhb-m20_3,Oval/Medial
CCTTGTGGTCGGTGTC-1,1,LHb,LHb,control,b6-lhb-m20_3,Oval/Medial
CCTTTGGAGGATAATC-1,4,LHb,LHb,control,b6-lhb-m20_3,Oval/Medial
CGAAGGAAGGTCCAGA-1,4,LHb,LHb,control,b6-lhb-m20_3,Marginal
CGAAGGAGTACACTCA-1,1,LHb,LHb,control,b6-lhb-m20_3,Oval/Medial
CGAAGGATCCCAGGAC-1,1,LHb,LHb,control,b6-lhb-m20_3,Oval/Medial
CGAATTGCAAGGATGC-1,0,LHb,LHb,control,b6-lhb-m20_3,Lateral
CGAATTGCATGGATCT-1,4,LHb,LHb,control,b6-lhb-m20_3,Oval/Medial
CGACAGCGTTCAGCTA-1,2,LHb,LHb,control,b6-lhb-m20_3,Oval/Medial
CGACAGCTCGGACTTA-1,1,LHb,LHb,control,b6-lhb-m20_3,Oval/Medial
CGAGGAAGTCGAGTTT-1,1,LHb,LHb,control,b6-lhb-m20_3,Oval/Medial
CGAGGAATCATCACCC-1,1,LHb,LHb,control,b6-lhb-m20_3,Oval/Medial
CGAGGCTAGCACAAAT-1,0,LHb,LHb,control,b6-lhb-m20_3,Oval/Medial
CGAGGCTCATGAATAG-1,4,LHb,LHb,control,b6-lhb-m20_3,Oval/Medial
CGAGGCTGTGGAATGC-1,1,LHb,LHb,control,b6-lhb-m20_3,Oval/Medial
CGAGGCTTCTCGCGTT-1,4,LHb,LHb,control,b6-lhb-m20_3,Oval/Medial
CGAGTGCCACCGCTAG-1,1,LHb,LHb,control,b6-lhb-m20_3,Oval/Medial
CGAGTTACAGTCGGAA-1,1,LHb,LHb,control,b6-lhb-m20_3,Oval/Medial
CGAGTTAGTAGAGTTA-1,2,LHb,LHb,control,b6-lhb-m20_3,Hbx
CGAGTTAGTTAGAGAT-1,4,LHb,LHb,control,b6-lhb-m20_3,Oval/Medial
CGAGTTATCGATTCCC-1,1,LHb,LHb,control,b6-lhb-m20_3,Oval/Medial
CGATCGGGTAGGCTCC-1,0,LHb,LHb,control,b6-lhb-m20_3,Oval/Medial
CGATGCGTCCATGCAA-1,0,LHb,LHb,control,b6-lhb-m20_3,Oval/Medial
CGATGGCAGATTAGTG-1,1,LHb,LHb,control,b6-lhb-m20_3,Oval/Medial
CGATGGCTCGGCCCAA-1,0,LHb,LHb,control,b6-lhb-m20_3,Oval/Medial
CGCAGGTCAGCACGAA-1,4,LHb,LHb,control,b6-lhb-m20_3,Lateral
CGCAGGTTCGACATTG-1,0,LHb,LHb,control,b6-lhb-m20_3,Oval/Medial
CGCATAACAATTAGGA-1,1,LHb,LHb,control,b6-lhb-m20_3,Lateral
CGCATAAGTTGTGGCC-1,4,LHb,LHb,control,b6-lhb-m20_3,Marginal
CGCATGGAGCCGCTTG-1,10,LHb,LHb,control,b6-lhb-m20_3,Oval/Medial
CGCCAGAGTAAGAACT-1,1,LHb,LHb,control,b6-lhb-m20_3,Lateral
CGCCAGATCGAGAAGC-1,4,LHb,LHb,control,b6-lhb-m20_3,Oval/Medial
CGCCATTCAAACGGCA-1,1,LHb,LHb,control,b6-lhb-m20_3,Oval/Medial
CGCCATTTCGCTGTTC-1,4,LHb,LHb,control,b6-lhb-m20_3,Oval/Medial
CGGAACCAGGTACAGC-1,9,LHb,LHb,control,b6-lhb-m20_3,Oval/Medial
CGGAACCCACTAACGT-1,4,LHb,LHb,control,b6-lhb-m20_3,Oval/Medial
CGGAACCGTATAGGGC-1,1,LHb,LHb,control,b6-lhb-m20_3,Oval/Medial
CGGAATTGTGTTGCCG-1,1,LHb,LHb,control,b6-lhb-m20_3,Oval/Medial
CGGAATTTCTCGACCT-1,1,LHb,LHb,control,b6-lhb-m20_3,Lateral
CGGACACCAACCACGC-1,1,LHb,LHb,control,b6-lhb-m20_3,Oval/Medial
CGGACACCACCGTCTT-1,4,LHb,LHb,control,b6-lhb-m20_3,Oval/Medial
CGGAGAACAATTCACG-1,1,LHb,LHb,control,b6-lhb-m20_3,Oval/Medial
CGGAGAAGTGGAGGTT-1,1,LHb,LHb,control,b6-lhb-m20_3,Oval/Medial
CGGAGAATCGAGAATA-1,1,LHb,LHb,control,b6-lhb-m20_3,Oval/Medial
CGGAGAATCTACCAGA-1,0,LHb,LHb,control,b6-lhb-m20_3,Oval/Medial
CGGCAGTAGAAGTATC-1,1,LHb,LHb,control,b6-lhb-m20_3,Oval/Medial
CGGCAGTTCAAATGAG-1,1,LHb,LHb,control,b6-lhb-m20_3,Oval/Medial
CGGGACTAGACTCAAA-1,4,LHb,LHb,control,b6-lhb-m20_3,Oval/Medial
CGGGACTGTGGCCCAT-1,0,LHb,LHb,control,b6-lhb-m20_3,Oval/Medial
CGGGCATTCGCCGTGA-1,1,LHb,LHb,control,b6-lhb-m20_3,Oval/Medial
CGGGCATTCGTTCTAT-1,0,LHb,LHb,control,b6-lhb-m20_3,Lateral
CGGGTCAAGTCGCCAC-1,1,LHb,LHb,control,b6-lhb-m20_3,Oval/Medial
CGGGTCACAACGACAG-1,1,LHb,LHb,control,b6-lhb-m20_3,Oval/Medial
CGGGTCATCGTAACCA-1,4,LHb,LHb,control,b6-lhb-m20_3,Oval/Medial
CGGGTGTAGAATTGCA-1,1,LHb,LHb,control,b6-lhb-m20_3,Oval/Medial
CGGGTGTCAAGTTTGC-1,4,LHb,LHb,control,b6-lhb-m20_3,Oval/Medial
CGGGTGTCACTATCGA-1,1,LHb,LHb,control,b6-lhb-m20_3,Oval/Medial
CGGGTGTTCCGTCACT-1,4,LHb,LHb,control,b6-lhb-m20_3,Oval/Medial
CGGTCAGTCAGCTGTA-1,13,LHb,LHb,control,b6-lhb-m20_3,Oval/Medial
CGTAAGTAGGACAAGA-1,4,LHb,LHb,control,b6-lhb-m20_3,Oval/Medial
CGTAAGTTCTGATTCT-1,1,LHb,LHb,control,b6-lhb-m20_3,Oval/Medial
CGTAATGAGGCACAAC-1,4,LHb,LHb,control,b6-lhb-m20_3,Oval/Medial
CGTAATGGTGCCGTTG-1,4,LHb,LHb,control,b6-lhb-m20_3,Hbx
CGTAGTAAGGTTCTAC-1,1,LHb,LHb,control,b6-lhb-m20_3,Oval/Medial
CGTAGTAAGTAGATCA-1,1,LHb,LHb,control,b6-lhb-m20_3,Oval/Medial
CGTAGTAGTCAGTCGC-1,1,LHb,LHb,control,b6-lhb-m20_3,Oval/Medial
CGTCAAAAGATCCCAT-1,1,LHb,LHb,control,b6-lhb-m20_3,Oval/Medial
CGTGAATAGCCATTGT-1,1,LHb,LHb,control,b6-lhb-m20_3,Oval/Medial
CGTGAATAGTCATACC-1,1,LHb,LHb,control,b6-lhb-m20_3,Oval/Medial
CGTGAATGTAGACAGC-1,9,LHb,LHb,control,b6-lhb-m20_3,Marginal
CGTGATACAATCTGCA-1,4,LHb,LHb,control,b6-lhb-m20_3,Oval/Medial
CGTGCTTCAGAGTTGG-1,4,LHb,LHb,control,b6-lhb-m20_3,Oval/Medial
CGTGCTTCATGCCGAC-1,4,LHb,LHb,control,b6-lhb-m20_3,Oval/Medial
CGTGTCTAGTACGTCT-1,0,LHb,LHb,control,b6-lhb-m20_3,Oval/Medial
CGTGTCTCACCTCTGT-1,1,LHb,LHb,control,b6-lhb-m20_3,Oval/Medial
CGTTAGAGTTCGAGCC-1,13,LHb,LHb,control,b6-lhb-m20_3,Lateral
CGTTCTGCATTCGATG-1-1,1,LHb,LHb,control,b6-lhb-m20_3,Oval/Medial
CGTTCTGTCTTCGGAA-1,1,LHb,LHb,control,b6-lhb-m20_3,Oval/Medial
CTAACCCCAGTTCCAA-1,9,LHb,LHb,control,b6-lhb-m20_3,Marginal
CTAACCCGTCAAGCGA-1,4,LHb,LHb,control,b6-lhb-m20_3,Oval/Medial
CTAACTTCAGGTTCGC-1,1,LHb,LHb,control,b6-lhb-m20_3,Oval/Medial
CTACAGAAGTATGCAA-1,4,LHb,LHb,control,b6-lhb-m20_3,Oval/Medial
CTACATTAGTCTTCGA-1,0,LHb,LHb,control,b6-lhb-m20_3,Oval/Medial
CTACATTCATCCGTTC-1,0,LHb,LHb,control,b6-lhb-m20_3,Oval/Medial
CTACATTGTCACCGCA-1,0,LHb,LHb,control,b6-lhb-m20_3,Oval/Medial
CTACCCATCGAGGCAA-1,4,LHb,LHb,control,b6-lhb-m20_3,Lateral
CTACCCATCTTGGAAC-1,4,LHb,LHb,control,b6-lhb-m20_3,Oval/Medial
CTACCTGGTCCGCAGT-1,0,LHb,LHb,control,b6-lhb-m20_3,Oval/Medial
CTACCTGTCTAGAGCT-1,4,LHb,LHb,control,b6-lhb-m20_3,Oval/Medial
CTACGGGAGCGGGTTA-1,1,LHb,LHb,control,b6-lhb-m20_3,Oval/Medial
CTACGGGGTAGGAGGG-1,1,LHb,LHb,control,b6-lhb-m20_3,Oval/Medial
CTACTATCAGAGTGAC-1,13,LHb,LHb,control,b6-lhb-m20_3,Oval/Medial
CTACTATGTCTCTCTG-1,1,LHb,LHb,control,b6-lhb-m20_3,Oval/Medial
CTAGACAAGCGCAATG-1,1,LHb,LHb,control,b6-lhb-m20_3,Lateral
CTAGACACAGTTTCGA-1,1,LHb,LHb,control,b6-lhb-m20_3,Oval/Medial
CTAGACAGTACCATAC-1,0,LHb,LHb,control,b6-lhb-m20_3,Marginal
CTAGACATCTGGTGCG-1,0,LHb,LHb,control,b6-lhb-m20_3,Hbx
CTATAGGCACAGTCCG-1,4,LHb,LHb,control,b6-lhb-m20_3,Oval/Medial
CTATCCGAGATGCGAC-1,1,LHb,LHb,control,b6-lhb-m20_3,Oval/Medial
CTATCCGCAGCGTGCT-1,1,LHb,LHb,control,b6-lhb-m20_3,Oval/Medial
CTATCTATCAATCCGA-1,1,LHb,LHb,control,b6-lhb-m20_3,Oval/Medial
CTCAATTAGGATGAGA-1,4,LHb,LHb,control,b6-lhb-m20_3,Oval/Medial
CTCAATTCAACTAGAA-1,1,LHb,LHb,control,b6-lhb-m20_3,Oval/Medial
CTCAATTCATATCTGG-1,1,LHb,LHb,control,b6-lhb-m20_3,Oval/Medial
CTCACTGAGAGGTATT-1,1,LHb,LHb,control,b6-lhb-m20_3,Oval/Medial
CTCACTGAGGAACTCG-1,1,LHb,LHb,control,b6-lhb-m20_3,Oval/Medial
CTCACTGCAAGCGAGT-1,4,LHb,LHb,control,b6-lhb-m20_3,Oval/Medial
CTCACTGCAAGTAGTA-1,1,LHb,LHb,control,b6-lhb-m20_3,Oval/Medial
CTCACTGGTATCGCGC-1,1,LHb,LHb,control,b6-lhb-m20_3,Oval/Medial
CTCAGAAAGCCGCTTG-1,13,LHb,LHb,control,b6-lhb-m20_3,Oval/Medial
CTCAGAAAGCCTATCA-1,1,LHb,LHb,control,b6-lhb-m20_3,Oval/Medial
CTCAGAAGTAAGCGGT-1,0,LHb,LHb,control,b6-lhb-m20_3,Lateral
CTCAGAAGTCCAAAGG-1,4,LHb,LHb,control,b6-lhb-m20_3,Oval/Medial
CTCAGGGAGCTTAAGA-1,1,LHb,LHb,control,b6-lhb-m20_3,Oval/Medial
CTCAGGGGTACTGGGA-1,4,LHb,LHb,control,b6-lhb-m20_3,Oval/Medial
CTCAGGGTCGTCGGGT-1,1,LHb,LHb,control,b6-lhb-m20_3,Oval/Medial
CTCAGTCCATCACCAA-1,13,LHb,LHb,control,b6-lhb-m20_3,Lateral
CTCAGTCGTTGCGGCT-1,1,LHb,LHb,control,b6-lhb-m20_3,Oval/Medial
CTCATCGCAGTTAGAA-1,1,LHb,LHb,control,b6-lhb-m20_3,Oval/Medial
CTCATCGTCTGCGGAC-1,4,LHb,LHb,control,b6-lhb-m20_3,Hbx
CTCATGCAGCCAAGCA-1,9,LHb,LHb,control,b6-lhb-m20_3,Oval/Medial
CTCATGCTCCTGGGAC-1,9,LHb,LHb,control,b6-lhb-m20_3,Hbx
CTCCAACCAACAGTGG-1,1,LHb,LHb,control,b6-lhb-m20_3,Oval/Medial
CTCCAACGTAACCAGG-1,4,LHb,LHb,control,b6-lhb-m20_3,Oval/Medial
CTCCAACGTATCGAAA-1,1,LHb,LHb,control,b6-lhb-m20_3,Oval/Medial
CTCCACAAGTGAACAT-1,1,LHb,LHb,control,b6-lhb-m20_3,Oval/Medial
CTCCACATCCGTGCGA-1,1,LHb,LHb,control,b6-lhb-m20_3,Oval/Medial
CTCCACATCGACCCAG-1,4,LHb,LHb,control,b6-lhb-m20_3,Oval/Medial
CTCCACATCGTCGCTT-1,9,LHb,LHb,control,b6-lhb-m20_3,Marginal
CTCCATGAGTTCTCTT-1,4,LHb,LHb,control,b6-lhb-m20_3,Oval/Medial
CTCCATGGTACAAGCG-1,1,LHb,LHb,control,b6-lhb-m20_3,Oval/Medial
CTCCCAAGTGCTATTG-1-1,4,LHb,LHb,control,b6-lhb-m20_3,Oval/Medial
CTCCCAATCCGTACGG-1,9,LHb,LHb,control,b6-lhb-m20_3,Lateral
CTCCCTCAGCAGGCTA-1,1,LHb,LHb,control,b6-lhb-m20_3,Oval/Medial
CTCCCTCGTTGTCTAG-1,4,LHb,LHb,control,b6-lhb-m20_3,Oval/Medial
CTCCCTCGTTTCAGAC-1,1,LHb,LHb,control,b6-lhb-m20_3,Oval/Medial
CTCCCTCTCGATTGAC-1,0,LHb,LHb,control,b6-lhb-m20_3,Oval/Medial
CTCCGATAGCTGACAG-1,1,LHb,LHb,control,b6-lhb-m20_3,Oval/Medial
CTCCTCCGTAGCACGA-1,1,LHb,LHb,control,b6-lhb-m20_3,Oval/Medial
CTCCTTTCATACAGGG-1,4,LHb,LHb,control,b6-lhb-m20_3,Oval/Medial
CTCCTTTCATCCTCAC-1,13,LHb,LHb,control,b6-lhb-m20_3,Oval/Medial
CTCCTTTGTTGCTTGA-1,13,LHb,LHb,control,b6-lhb-m20_3,Oval/Medial
CTCCTTTTCGTTCCCA-1,1,LHb,LHb,control,b6-lhb-m20_3,Oval/Medial
CTCGAGGCACCAGCGT-1,13,LHb,LHb,control,b6-lhb-m20_3,Lateral
CTCGAGGTCCAGTACA-1,1,LHb,LHb,control,b6-lhb-m20_3,Oval/Medial
CTCTCAGGTAGGCTCC-1,1,LHb,LHb,control,b6-lhb-m20_3,Hbx
CTCTCGAAGTGAGTTA-1,1,LHb,LHb,control,b6-lhb-m20_3,Oval/Medial
CTCTCGACAAATGGCG-1-1,4,LHb,LHb,control,b6-lhb-m20_3,Oval/Medial
CTGAATGAGCTAAATG-1,10,LHb,LHb,control,b6-lhb-m20_3,Oval/Medial
CTGAATGCAAGAGGTC-1,4,LHb,LHb,control,b6-lhb-m20_3,Marginal
CTGAATGTCACCCATC-1,4,LHb,LHb,control,b6-lhb-m20_3,Oval/Medial
CTGAATGTCATGGAGG-1,13,LHb,LHb,control,b6-lhb-m20_3,Lateral
CTGAGCGGTGATTAGA-1,1,LHb,LHb,control,b6-lhb-m20_3,Oval/Medial
CTGAGGCAGGGCAGGA-1,1,LHb,LHb,control,b6-lhb-m20_3,Oval/Medial
CTGAGGCCACACGCCA-1,1,LHb,LHb,control,b6-lhb-m20_3,Oval/Medial
CTGAGGCTCAAGTCTG-1,9,LHb,LHb,control,b6-lhb-m20_3,Marginal
CTGATCCAGTTAACGA-1,4,LHb,LHb,control,b6-lhb-m20_3,Marginal
CTGATCCCAACGACTT-1,4,LHb,LHb,control,b6-lhb-m20_3,Lateral
CTGATCCCAATCGCGC-1,1,LHb,LHb,control,b6-lhb-m20_3,Oval/Medial
CTGATCCCACTAACGT-1,4,LHb,LHb,control,b6-lhb-m20_3,Hbx
CTGATCCCAGATCCAT-1,4,LHb,LHb,control,b6-lhb-m20_3,Oval/Medial
CTGATCCGTCGCATTA-1,4,LHb,LHb,control,b6-lhb-m20_3,Oval/Medial
CTGCAGGAGGGATCGT-1,4,LHb,LHb,control,b6-lhb-m20_3,Oval/Medial
CTGCCATAGATGAACT-1,1,LHb,LHb,control,b6-lhb-m20_3,Oval/Medial
CTGCCATAGTCCCGGT-1,1,LHb,LHb,control,b6-lhb-m20_3,Oval/Medial
CTGCCATGTGGCTTAT-1,1,LHb,LHb,control,b6-lhb-m20_3,Oval/Medial
CTGCCATTCCTTACCG-1,1,LHb,LHb,control,b6-lhb-m20_3,Oval/Medial
CTGCGAGCACAAGCTT-1,4,LHb,LHb,control,b6-lhb-m20_3,Marginal
CTGCTCAAGCTGAGTG-1,1,LHb,LHb,control,b6-lhb-m20_3,Oval/Medial
CTGCTCAAGGTGGCTA-1,1,LHb,LHb,control,b6-lhb-m20_3,Oval/Medial
CTGCTCATCGAGCCAC-1,4,LHb,LHb,control,b6-lhb-m20_3,Oval/Medial
CTGGACGAGGGTGGGA-1,1,LHb,LHb,control,b6-lhb-m20_3,Oval/Medial
CTGGACGTCATTTGGG-1,0,LHb,LHb,control,b6-lhb-m20_3,Oval/Medial
CTGGCAGGTATACGGG-1,4,LHb,LHb,control,b6-lhb-m20_3,Hbx
CTGGCAGGTTCGTAAC-1,1,LHb,LHb,control,b6-lhb-m20_3,Oval/Medial
CTGGTCTAGACCTCAT-1,1,LHb,LHb,control,b6-lhb-m20_3,Oval/Medial
CTGGTCTGTCCAATCA-1,0,LHb,LHb,control,b6-lhb-m20_3,Oval/Medial
CTGTACCAGTAGGGTC-1,1,LHb,LHb,control,b6-lhb-m20_3,Oval/Medial
CTGTACCCAGAAATTG-1,0,LHb,LHb,control,b6-lhb-m20_3,Marginal
CTGTACCGTAACATAG-1,4,LHb,LHb,control,b6-lhb-m20_3,Oval/Medial
CTGTACCGTATCTTCT-1,4,LHb,LHb,control,b6-lhb-m20_3,Oval/Medial
CTGTACCGTCAACGCC-1,4,LHb,LHb,control,b6-lhb-m20_3,Hbx
CTGTAGAAGTGGCCTC-1,1,LHb,LHb,control,b6-lhb-m20_3,Oval/Medial
CTGTCGTTCAATCCGA-1,1,LHb,LHb,control,b6-lhb-m20_3,Oval/Medial
CTGTGGGGTCAGGTAG-1,1,LHb,LHb,control,b6-lhb-m20_3,Oval/Medial
CTGTGGGTCTTGGCTC-1,1,LHb,LHb,control,b6-lhb-m20_3,Oval/Medial
CTTCAATAGTGTACAA-1,1,LHb,LHb,control,b6-lhb-m20_3,Oval/Medial
CTTCAATCACTAGAGG-1,4,LHb,LHb,control,b6-lhb-m20_3,Oval/Medial
CTTCAATCATCAACCA-1,4,LHb,LHb,control,b6-lhb-m20_3,Oval/Medial
CTTCAATTCGGAGATG-1,1,LHb,LHb,control,b6-lhb-m20_3,Oval/Medial
CTTCCGAAGCTGACCC-1,1,LHb,LHb,control,b6-lhb-m20_3,Oval/Medial
CTTCCGAGTTTCCCAC-1,1,LHb,LHb,control,b6-lhb-m20_3,Oval/Medial
CTTCCTTAGTAGATCA-1,1,LHb,LHb,control,b6-lhb-m20_3,Oval/Medial
CTTCCTTCAGCGAACA-1,1,LHb,LHb,control,b6-lhb-m20_3,Oval/Medial
CTTCGGTCAAGTACCT-1,4,LHb,LHb,control,b6-lhb-m20_3,Oval/Medial
CTTCTAATCCCGGTAG-1,1,LHb,LHb,control,b6-lhb-m20_3,Oval/Medial
CTTCTAATCTCACCCA-1,4,LHb,LHb,control,b6-lhb-m20_3,Oval/Medial
CTTCTCTCAAGCACAG-1,1,LHb,LHb,control,b6-lhb-m20_3,Oval/Medial
CTTCTCTTCAGTGGGA-1-1,4,LHb,LHb,control,b6-lhb-m20_3,Oval/Medial
CTTGATTAGTATGGAT-1,4,LHb,LHb,control,b6-lhb-m20_3,Hbx
CTTTCAAGTTTATGCG-1,1,LHb,LHb,control,b6-lhb-m20_3,Oval/Medial
CTTTCGGCACCAGCTG-1,1,LHb,LHb,control,b6-lhb-m20_3,Oval/Medial
CTTTCGGCATGGGTCC-1,1,LHb,LHb,control,b6-lhb-m20_3,Oval/Medial
GAAACCTCATTGGATC-1,1,LHb,LHb,control,b6-lhb-m20_3,Oval/Medial
GAAACCTGTTACGCCG-1,4,LHb,LHb,control,b6-lhb-m20_3,Oval/Medial
GAAACCTTCACCCTGT-1,13,LHb,LHb,control,b6-lhb-m20_3,Oval/Medial
GAAATGAAGTTCAACC-1,1,LHb,LHb,control,b6-lhb-m20_3,Oval/Medial
GAAATGACATAGACTC-1,1,LHb,LHb,control,b6-lhb-m20_3,Oval/Medial
GAAATGAGTGACTATC-1,2,LHb,LHb,control,b6-lhb-m20_3,Oval/Medial
GAACACTAGTACGTCT-1,0,LHb,LHb,control,b6-lhb-m20_3,Lateral
GAACACTGTAATGTGA-1,4,LHb,LHb,control,b6-lhb-m20_3,Oval/Medial
GAACACTTCCAAGAGG-1,4,LHb,LHb,control,b6-lhb-m20_3,Marginal
GAACGTTTCTTGTTAC-1-1,1,LHb,LHb,control,b6-lhb-m20_3,Oval/Medial
GAACTGTAGTGGACTG-1-1,1,LHb,LHb,control,b6-lhb-m20_3,Oval/Medial
GAACTGTGTACTAACC-1,1,LHb,LHb,control,b6-lhb-m20_3,Oval/Medial
GAACTGTGTCTTTCAT-1,1,LHb,LHb,control,b6-lhb-m20_3,Oval/Medial
GAACTGTGTGTAGGAC-1,2,LHb,LHb,control,b6-lhb-m20_3,Oval/Medial
GAACTGTGTTTCGTGA-1-1,1,LHb,LHb,control,b6-lhb-m20_3,Oval/Medial
GAACTGTTCCATTCAT-1,10,LHb,LHb,control,b6-lhb-m20_3,Oval/Medial
GAAGAATAGATCACTC-1,1,LHb,LHb,control,b6-lhb-m20_3,Oval/Medial
GAAGAATAGTCGGGAT-1,0,LHb,LHb,control,b6-lhb-m20_3,Oval/Medial
GAAGAATGTAGCTGCC-1,1,LHb,LHb,control,b6-lhb-m20_3,Oval/Medial
GAAGAATGTGCTATTG-1,4,LHb,LHb,control,b6-lhb-m20_3,Oval/Medial
GAAGAATTCATGGGAG-1,4,LHb,LHb,control,b6-lhb-m20_3,Oval/Medial
GAAGAATTCGTCACCT-1,1,LHb,LHb,control,b6-lhb-m20_3,Oval/Medial
GAAGCCCCAAGCTACT-1,0,LHb,LHb,control,b6-lhb-m20_3,Oval/Medial
GAAGCCCCATCATTGG-1,1,LHb,LHb,control,b6-lhb-m20_3,Oval/Medial
GAAGCCCCATGATAGA-1,1,LHb,LHb,control,b6-lhb-m20_3,Oval/Medial
GAAGCCCTCTCAACCC-1,4,LHb,LHb,control,b6-lhb-m20_3,Hbx
GAAGCGAAGGTTACAA-1,1,LHb,LHb,control,b6-lhb-m20_3,Oval/Medial
GAAGCGACAACGGCCT-1,4,LHb,LHb,control,b6-lhb-m20_3,Oval/Medial
GAAGGACAGTGTAGAT-1,1,LHb,LHb,control,b6-lhb-m20_3,Oval/Medial
GAAGGGTAGAAGGATG-1,1,LHb,LHb,control,b6-lhb-m20_3,Oval/Medial
GAAGGGTTCGCCTAGG-1,4,LHb,LHb,control,b6-lhb-m20_3,Oval/Medial
GAAGTAAGTTCAGCGC-1,4,LHb,LHb,control,b6-lhb-m20_3,Hbx
GAAGTAATCAGAATAG-1,1,LHb,LHb,control,b6-lhb-m20_3,Oval/Medial
GAAGTAATCCCTTGGT-1,1,LHb,LHb,control,b6-lhb-m20_3,Oval/Medial
GAAGTAATCTCGTCAC-1,1,LHb,LHb,control,b6-lhb-m20_3,Oval/Medial
GAATCACAGCCAAGCA-1,1,LHb,LHb,control,b6-lhb-m20_3,Oval/Medial
GAATCACTCATGGAGG-1,0,LHb,LHb,control,b6-lhb-m20_3,Oval/Medial
GAATCGTTCTGCTCTG-1-1,9,LHb,LHb,control,b6-lhb-m20_3,Oval/Medial
GACACGCTCGCTCTCA-1,1,LHb,LHb,control,b6-lhb-m20_3,Oval/Medial
GACAGCCAGGCGACAT-1,1,LHb,LHb,control,b6-lhb-m20_3,Oval/Medial
GACAGCCAGTGGATTA-1,4,LHb,LHb,control,b6-lhb-m20_3,Oval/Medial
GACAGCCCAGAAGTTA-1,13,LHb,LHb,control,b6-lhb-m20_3,Oval/Medial
GACAGCCGTTTAAGGA-1,1,LHb,LHb,control,b6-lhb-m20_3,Oval/Medial
GACATCACAAGAGTTA-1,1,LHb,LHb,control,b6-lhb-m20_3,Oval/Medial
GACCAATAGCACACAG-1,4,LHb,LHb,control,b6-lhb-m20_3,Marginal
GACCAATGTATGGAGC-1,1,LHb,LHb,control,b6-lhb-m20_3,Oval/Medial
GACCAATTCGACCATA-1,1,LHb,LHb,control,b6-lhb-m20_3,Oval/Medial
GACCCAGAGCGTACAG-1,1,LHb,LHb,control,b6-lhb-m20_3,Oval/Medial
GACCCAGAGTCGGCCT-1,1,LHb,LHb,control,b6-lhb-m20_3,Hbx
GACCCTTCATAACGGG-1,1,LHb,LHb,control,b6-lhb-m20_3,Oval/Medial
GACCGTGGTAGCGTCC-1,4,LHb,LHb,control,b6-lhb-m20_3,Oval/Medial
GACCTTCCAGTATACC-1,4,LHb,LHb,control,b6-lhb-m20_3,Oval/Medial
GACGTTACACCAAAGG-1,4,LHb,LHb,control,b6-lhb-m20_3,Oval/Medial
GACGTTACAGGGAGAG-1,0,LHb,LHb,control,b6-lhb-m20_3,Oval/Medial
GACTATGAGGCATTTC-1,4,LHb,LHb,control,b6-lhb-m20_3,Lateral
GACTATGTCGGCTGAC-1,1,LHb,LHb,control,b6-lhb-m20_3,Oval/Medial
GACTCAAAGATACGAT-1,4,LHb,LHb,control,b6-lhb-m20_3,Oval/Medial
GACTCAACACACGCCA-1,1,LHb,LHb,control,b6-lhb-m20_3,Oval/Medial
GACTCAAGTACGTTCA-1,4,LHb,LHb,control,b6-lhb-m20_3,Marginal
GACTCTCGTTGTCAGT-1,1,LHb,LHb,control,b6-lhb-m20_3,Oval/Medial
GACTCTCTCGTCGACG-1,1,LHb,LHb,control,b6-lhb-m20_3,Lateral
GACTGATAGAAATTCG-1,4,LHb,LHb,control,b6-lhb-m20_3,Oval/Medial
GACTGATTCAACCTTT-1,1,LHb,LHb,control,b6-lhb-m20_3,Oval/Medial
GACTTCCAGTTGGAAT-1,1,LHb,LHb,control,b6-lhb-m20_3,Oval/Medial
GACTTCCGTGTTTACG-1,1,LHb,LHb,control,b6-lhb-m20_3,Oval/Medial
GACTTCCGTTACCTGA-1,1,LHb,LHb,control,b6-lhb-m20_3,Oval/Medial
GACTTCCTCCATGCAA-1,1,LHb,LHb,control,b6-lhb-m20_3,Oval/Medial
GAGAAATCAAGACCGA-1,4,LHb,LHb,control,b6-lhb-m20_3,Oval/Medial
GAGAAATGTCACCGCA-1,1,LHb,LHb,control,b6-lhb-m20_3,Oval/Medial
GAGAAATTCTTAAGGC-1,1,LHb,LHb,control,b6-lhb-m20_3,Oval/Medial
GAGACCCCAAGTGGGT-1,4,LHb,LHb,control,b6-lhb-m20_3,Oval/Medial
GAGACCCTCGGTGTTA-1,1,LHb,LHb,control,b6-lhb-m20_3,Oval/Medial
GAGACTTGTGCTCTTC-1,1,LHb,LHb,control,b6-lhb-m20_3,Oval/Medial
GAGACTTTCTGGGCCA-1,1,LHb,LHb,control,b6-lhb-m20_3,Hbx
GAGAGGTAGATTCGCT-1,1,LHb,LHb,control,b6-lhb-m20_3,Oval/Medial
GAGAGGTTCGCCTCTA-1,4,LHb,LHb,control,b6-lhb-m20_3,Marginal
GAGATGGAGAACTGAT-1,1,LHb,LHb,control,b6-lhb-m20_3,Oval/Medial
GAGATGGTCGCCAACG-1,1,LHb,LHb,control,b6-lhb-m20_3,Oval/Medial
GAGCCTGAGAGGATCC-1,1,LHb,LHb,control,b6-lhb-m20_3,Oval/Medial
GAGCCTGGTCTACAGT-1,0,LHb,LHb,control,b6-lhb-m20_3,Oval/Medial
GAGCCTGGTGGGATTG-1,1,LHb,LHb,control,b6-lhb-m20_3,Oval/Medial
GAGCCTGTCATGCCCT-1,0,LHb,LHb,control,b6-lhb-m20_3,Marginal
GAGCTGCCACTTGAGT-1,4,LHb,LHb,control,b6-lhb-m20_3,Oval/Medial
GAGCTGCGTACCCGCA-1,0,LHb,LHb,control,b6-lhb-m20_3,Oval/Medial
GAGCTGCGTAGACGTG-1,1,LHb,LHb,control,b6-lhb-m20_3,Oval/Medial
GAGCTGCTCTATTGTC-1-1,4,LHb,LHb,control,b6-lhb-m20_3,Lateral
GAGGCAACAAGAGAGA-1,4,LHb,LHb,control,b6-lhb-m20_3,Hbx
GAGGCCTTCTACGCGG-1,4,LHb,LHb,control,b6-lhb-m20_3,Oval/Medial
GAGGGATGTCCCTCAT-1,4,LHb,LHb,control,b6-lhb-m20_3,Hbx
GAGGGATGTTTACTGG-1,0,LHb,LHb,control,b6-lhb-m20_3,Oval/Medial
GAGTCATCAGAGGAAA-1,4,LHb,LHb,control,b6-lhb-m20_3,Lateral
GAGTCATGTCGTGTTA-1,0,LHb,LHb,control,b6-lhb-m20_3,Oval/Medial
GAGTCTAAGGTCACTT-1,1,LHb,LHb,control,b6-lhb-m20_3,Oval/Medial
GAGTCTAGTATGTCCA-1,1,LHb,LHb,control,b6-lhb-m20_3,Oval/Medial
GAGTGAGCACGTACAT-1,1,LHb,LHb,control,b6-lhb-m20_3,Oval/Medial
GAGTGTTTCACTAGCA-1,1,LHb,LHb,control,b6-lhb-m20_3,Oval/Medial
GAGTTACTCATGCTAG-1,9,LHb,LHb,control,b6-lhb-m20_3,Marginal
GAGTTGTAGAATAGTC-1,1,LHb,LHb,control,b6-lhb-m20_3,Oval/Medial
GAGTTTGGTGGACCTC-1,1,LHb,LHb,control,b6-lhb-m20_3,Oval/Medial
GATAGAAAGTAACAGT-1,1,LHb,LHb,control,b6-lhb-m20_3,Oval/Medial
GATAGCTCACTTTAGG-1,1,LHb,LHb,control,b6-lhb-m20_3,Oval/Medial
GATCACACAGTAGTGG-1-1,1,LHb,LHb,control,b6-lhb-m20_3,Oval/Medial
GATCACAGTTCTCCCA-1,4,LHb,LHb,control,b6-lhb-m20_3,Marginal
GATCAGTCAAATTGCC-1,1,LHb,LHb,control,b6-lhb-m20_3,Oval/Medial
GATCAGTCACTCTAGA-1,4,LHb,LHb,control,b6-lhb-m20_3,Oval/Medial
GATCAGTTCGTGCATA-1,1,LHb,LHb,control,b6-lhb-m20_3,Oval/Medial
GATCATGGTAGAGGAA-1,1,LHb,LHb,control,b6-lhb-m20_3,Oval/Medial
GATCATGGTCCTGTCT-1,1,LHb,LHb,control,b6-lhb-m20_3,Oval/Medial
GATCATGGTCGTTTCC-1,1,LHb,LHb,control,b6-lhb-m20_3,Hbx
GATCATGTCAAACTGC-1,9,LHb,LHb,control,b6-lhb-m20_3,Oval/Medial
GATCATGTCGTAGGGA-1,4,LHb,LHb,control,b6-lhb-m20_3,Marginal
GATCCCTAGGTCCGAA-1,1,LHb,LHb,control,b6-lhb-m20_3,Oval/Medial
GATCCCTAGTGGTTGG-1,1,LHb,LHb,control,b6-lhb-m20_3,Oval/Medial
GATCCCTCAGCTTCCT-1,13,LHb,LHb,control,b6-lhb-m20_3,Hbx
GATCGTAGTACGACTT-1,4,LHb,LHb,control,b6-lhb-m20_3,Oval/Medial
GATGACTAGGAGAATG-1,4,LHb,LHb,control,b6-lhb-m20_3,Oval/Medial
GATGACTCAGTCGCTG-1,0,LHb,LHb,control,b6-lhb-m20_3,Hbx
GATGAGGCAATTGCCA-1,1,LHb,LHb,control,b6-lhb-m20_3,Oval/Medial
GATGAGGGTGCAACGA-1,4,LHb,LHb,control,b6-lhb-m20_3,Marginal
GATGATCAGCAACTCT-1,1,LHb,LHb,control,b6-lhb-m20_3,Oval/Medial
GATGATCTCAAAGGAT-1,1,LHb,LHb,control,b6-lhb-m20_3,Oval/Medial
GATGCTACAAAGAACT-1,4,LHb,LHb,control,b6-lhb-m20_3,Oval/Medial
GATGCTATCTAGCATG-1,0,LHb,LHb,control,b6-lhb-m20_3,Hbx
GATGGAGAGGATACGC-1,1,LHb,LHb,control,b6-lhb-m20_3,Oval/Medial
GATGGAGGTTGCATTG-1,0,LHb,LHb,control,b6-lhb-m20_3,Oval/Medial
GATGTTGTCACGTCCT-1,0,LHb,LHb,control,b6-lhb-m20_3,Hbx
GATGTTGTCGGCATCG-1,1,LHb,LHb,control,b6-lhb-m20_3,Oval/Medial
GATGTTGTCTTCGTGC-1,1,LHb,LHb,control,b6-lhb-m20_3,Oval/Medial
GATTCTTAGTGAACAT-1,13,LHb,LHb,control,b6-lhb-m20_3,Lateral
GATTCTTTCGTGGCTG-1,1,LHb,LHb,control,b6-lhb-m20_3,Oval/Medial
GATTGGTAGTGGTTGG-1,1,LHb,LHb,control,b6-lhb-m20_3,Oval/Medial
GATTGGTTCGCAGTGC-1,1,LHb,LHb,control,b6-lhb-m20_3,Oval/Medial
GATTGGTTCTGGACCG-1,0,LHb,LHb,control,b6-lhb-m20_3,Lateral
GATTTCTAGTCGCGAA-1,1,LHb,LHb,control,b6-lhb-m20_3,Oval/Medial
GATTTCTGTCGACTGC-1,1,LHb,LHb,control,b6-lhb-m20_3,Oval/Medial
GATTTCTGTGATTGGG-1-1,13,LHb,LHb,control,b6-lhb-m20_3,Lateral
GCAACATTCGGACTTA-1,1,LHb,LHb,control,b6-lhb-m20_3,Oval/Medial
GCAACATTCTCACGAA-1,4,LHb,LHb,control,b6-lhb-m20_3,Hbx
GCAACCGGTCGTCGGT-1,1,LHb,LHb,control,b6-lhb-m20_3,Oval/Medial
GCACATATCCGCTGTT-1,1,LHb,LHb,control,b6-lhb-m20_3,Oval/Medial
GCAGCCAAGAGGGTAA-1,4,LHb,LHb,control,b6-lhb-m20_3,Oval/Medial
GCAGCCAAGCTTGTTG-1,1,LHb,LHb,control,b6-lhb-m20_3,Oval/Medial
GCAGCCACACAAATAG-1,1,LHb,LHb,control,b6-lhb-m20_3,Oval/Medial
GCAGCCATCGAACGGA-1,4,LHb,LHb,control,b6-lhb-m20_3,Marginal
GCAGCTGAGAATGTTG-1,1,LHb,LHb,control,b6-lhb-m20_3,Oval/Medial
GCAGCTGCAAGCGATG-1,4,LHb,LHb,control,b6-lhb-m20_3,Lateral
GCAGGCTGTCGTACTA-1-1,0,LHb,LHb,control,b6-lhb-m20_3,Oval/Medial
GCAGGCTGTGTTGACT-1,4,LHb,LHb,control,b6-lhb-m20_3,Oval/Medial
GCAGTTAAGCGGTATG-1,1,LHb,LHb,control,b6-lhb-m20_3,Hbx
GCATCGGCAGCTGTCG-1,1,LHb,LHb,control,b6-lhb-m20_3,Oval/Medial
GCATCTCGTGAGATAT-1,1,LHb,LHb,control,b6-lhb-m20_3,Oval/Medial
GCATGATCAGGTTTAC-1,4,LHb,LHb,control,b6-lhb-m20_3,Lateral
GCATGATGTTGTATGC-1,1,LHb,LHb,control,b6-lhb-m20_3,Oval/Medial
GCATTAGAGCCTGGAA-1,4,LHb,LHb,control,b6-lhb-m20_3,Hbx
GCCAACGCATGGGTTT-1,4,LHb,LHb,control,b6-lhb-m20_3,Oval/Medial
GCCAACGGTTTGTGGT-1,1,LHb,LHb,control,b6-lhb-m20_3,Oval/Medial
GCCAACGTCATTACTC-1,13,LHb,LHb,control,b6-lhb-m20_3,Lateral
GCCAGGTTCGCGTCGA-1,13,LHb,LHb,control,b6-lhb-m20_3,Oval/Medial
GCCAGTGCACAAGTTC-1,0,LHb,LHb,control,b6-lhb-m20_3,Hbx
GCCAGTGTCGTGGGAA-1,4,LHb,LHb,control,b6-lhb-m20_3,Oval/Medial
GCCATGGCAACAGAGC-1,0,LHb,LHb,control,b6-lhb-m20_3,Oval/Medial
GCCATGGTCATCACAG-1,0,LHb,LHb,control,b6-lhb-m20_3,Oval/Medial
GCCATGGTCGTCCATC-1,4,LHb,LHb,control,b6-lhb-m20_3,Oval/Medial
GCCCGAAAGGTAATCA-1,4,LHb,LHb,control,b6-lhb-m20_3,Oval/Medial
GCCCGAATCGCACTCT-1,1,LHb,LHb,control,b6-lhb-m20_3,Oval/Medial
GCCGATGTCCACTAGA-1,0,LHb,LHb,control,b6-lhb-m20_3,Oval/Medial
GCCGTGATCAAATAGG-1,0,LHb,LHb,control,b6-lhb-m20_3,Hbx
GCCGTGATCACCATAG-1,4,LHb,LHb,control,b6-lhb-m20_3,Hbx
GCCTGTTCACCGAATT-1,1,LHb,LHb,control,b6-lhb-m20_3,Oval/Medial
GCCTGTTGTTCCATTT-1,0,LHb,LHb,control,b6-lhb-m20_3,Hbx
GCCTGTTTCGTCCTTG-1,0,LHb,LHb,control,b6-lhb-m20_3,Oval/Medial
GCGAGAAAGGAGAGTA-1,1,LHb,LHb,control,b6-lhb-m20_3,Oval/Medial
GCGAGAACAGCGTAGA-1,4,LHb,LHb,control,b6-lhb-m20_3,Oval/Medial
GCGAGAAGTTCGAGCC-1,13,LHb,LHb,control,b6-lhb-m20_3,Oval/Medial
GCGATCGCAACACACT-1,1,LHb,LHb,control,b6-lhb-m20_3,Oval/Medial
GCGATCGCACTATGTG-1,4,LHb,LHb,control,b6-lhb-m20_3,Oval/Medial
GCGATCGTCTTAATCC-1,1,LHb,LHb,control,b6-lhb-m20_3,Oval/Medial
GCGGAAACACGTTGGC-1,4,LHb,LHb,control,b6-lhb-m20_3,Lateral
GCGGAAACAGGTCTCG-1,1,LHb,LHb,control,b6-lhb-m20_3,Oval/Medial
GCGGATCCAGACCTAT-1,4,LHb,LHb,control,b6-lhb-m20_3,Lateral
GCGGATCGTTTGGAAA-1,4,LHb,LHb,control,b6-lhb-m20_3,Oval/Medial
GCGTGCATCGGCTGTG-1,1,LHb,LHb,control,b6-lhb-m20_3,Oval/Medial
GCTACAAAGTCACACT-1,1,LHb,LHb,control,b6-lhb-m20_3,Marginal
GCTACAACAAATGAAC-1,1,LHb,LHb,control,b6-lhb-m20_3,Oval/Medial
GCTACAATCGGAGTAG-1,1,LHb,LHb,control,b6-lhb-m20_3,Oval/Medial
GCTACAATCTCAATCT-1,1,LHb,LHb,control,b6-lhb-m20_3,Oval/Medial
GCTACCTCAACCACAT-1,1,LHb,LHb,control,b6-lhb-m20_3,Hbx
GCTACCTCACGTGTGC-1,1,LHb,LHb,control,b6-lhb-m20_3,Oval/Medial
GCTACCTTCGGCATAT-1,1,LHb,LHb,control,b6-lhb-m20_3,Oval/Medial
GCTCAAAAGATAGCAT-1,1,LHb,LHb,control,b6-lhb-m20_3,Oval/Medial
GCTCAAAAGGTGATAT-1,1,LHb,LHb,control,b6-lhb-m20_3,Oval/Medial
GCTCAAAGTCGCCACA-1,4,LHb,LHb,control,b6-lhb-m20_3,Lateral
GCTGAATAGAATTTGG-1,1,LHb,LHb,control,b6-lhb-m20_3,Oval/Medial
GCTGAATGTGTGTTTG-1,4,LHb,LHb,control,b6-lhb-m20_3,Oval/Medial
GCTGCAGAGGCCCGTT-1,1,LHb,LHb,control,b6-lhb-m20_3,Oval/Medial
GCTGCAGGTTGTAGCT-1,0,LHb,LHb,control,b6-lhb-m20_3,Oval/Medial
GCTGCAGTCCATTTCA-1,4,LHb,LHb,control,b6-lhb-m20_3,Marginal
GCTGCAGTCCGGGACT-1,9,LHb,LHb,control,b6-lhb-m20_3,Marginal
GCTTCACAGACTTGTC-1,10,LHb,LHb,control,b6-lhb-m20_3,Oval/Medial
GCTTCACAGTACAACA-1-1,0,LHb,LHb,control,b6-lhb-m20_3,Oval/Medial
GCTTCACCAAGCTACT-1-1,4,LHb,LHb,control,b6-lhb-m20_3,Oval/Medial
GCTTGGGCACGCACCA-1,0,LHb,LHb,control,b6-lhb-m20_3,Oval/Medial
GCTTTCGGTGAACCGA-1,1,LHb,LHb,control,b6-lhb-m20_3,Oval/Medial
GCTTTCGGTTTAGACC-1,1,LHb,LHb,control,b6-lhb-m20_3,Oval/Medial
GCTTTCGTCTGACGCG-1,1,LHb,LHb,control,b6-lhb-m20_3,Oval/Medial
GGAACCCCAAGCCATT-1,0,LHb,LHb,control,b6-lhb-m20_3,Lateral
GGAACCCGTCAGGAGT-1,0,LHb,LHb,control,b6-lhb-m20_3,Oval/Medial
GGAACCCGTCCACGCA-1,0,LHb,LHb,control,b6-lhb-m20_3,Oval/Medial
GGAACCCTCATAGGCT-1,1,LHb,LHb,control,b6-lhb-m20_3,Oval/Medial
GGAACCCTCTCATAGG-1,1,LHb,LHb,control,b6-lhb-m20_3,Oval/Medial
GGAATCTAGGGCAATC-1,1,LHb,LHb,control,b6-lhb-m20_3,Oval/Medial
GGAATCTAGTAAACGT-1,1,LHb,LHb,control,b6-lhb-m20_3,Oval/Medial
GGAATCTTCTCAACGA-1,1,LHb,LHb,control,b6-lhb-m20_3,Oval/Medial
GGACGTCAGCTCGCAC-1,1,LHb,LHb,control,b6-lhb-m20_3,Oval/Medial
GGACGTCCACACGGTC-1,13,LHb,LHb,control,b6-lhb-m20_3,Hbx
GGACGTCCACCAATTG-1,4,LHb,LHb,control,b6-lhb-m20_3,Lateral
GGACGTCGTTGTGTAC-1,1,LHb,LHb,control,b6-lhb-m20_3,Oval/Medial
GGACGTCTCTGAGGTT-1,1,LHb,LHb,control,b6-lhb-m20_3,Oval/Medial
GGAGAACAGTTGGGAC-1,4,LHb,LHb,control,b6-lhb-m20_3,Oval/Medial
GGAGAACGTCTGCGCA-1,4,LHb,LHb,control,b6-lhb-m20_3,Oval/Medial
GGAGAACTCTAGTCAG-1,1,LHb,LHb,control,b6-lhb-m20_3,Oval/Medial
GGAGATGCACGTAACT-1,9,LHb,LHb,control,b6-lhb-m20_3,Marginal
GGAGATGGTCAGTCCG-1,0,LHb,LHb,control,b6-lhb-m20_3,Oval/Medial
GGAGCAAAGAAATTCG-1,1,LHb,LHb,control,b6-lhb-m20_3,Oval/Medial
GGAGGATGTCAGACGA-1,4,LHb,LHb,control,b6-lhb-m20_3,Oval/Medial
GGAGGTAGTATACCCA-1,1,LHb,LHb,control,b6-lhb-m20_3,Oval/Medial
GGAGGTATCCGAGGCT-1,1,LHb,LHb,control,b6-lhb-m20_3,Oval/Medial
GGATGTTCAACAAGTA-1,2,LHb,LHb,control,b6-lhb-m20_3,Marginal
GGATGTTCATCATCCC-1,4,LHb,LHb,control,b6-lhb-m20_3,Oval/Medial
GGATGTTCATTGACCA-1,1,LHb,LHb,control,b6-lhb-m20_3,Lateral
GGATGTTGTACCGCGT-1,1,LHb,LHb,control,b6-lhb-m20_3,Oval/Medial
GGATGTTGTTCTCCCA-1,0,LHb,LHb,control,b6-lhb-m20_3,Oval/Medial
GGCACGTTCATTTGCT-1,4,LHb,LHb,control,b6-lhb-m20_3,Oval/Medial
GGCGTCAGTTTCTATC-1,1,LHb,LHb,control,b6-lhb-m20_3,Oval/Medial
GGCTGTGGTCCAAAGG-1,0,LHb,LHb,control,b6-lhb-m20_3,Oval/Medial
GGCTGTGTCAATCAGC-1,1,LHb,LHb,control,b6-lhb-m20_3,Oval/Medial
GGCTTGGGTATCACGT-1,1,LHb,LHb,control,b6-lhb-m20_3,Oval/Medial
GGCTTTCAGCAACTTC-1,1,LHb,LHb,control,b6-lhb-m20_3,Hbx
GGCTTTCAGCCATTTG-1,0,LHb,LHb,control,b6-lhb-m20_3,Oval/Medial
GGCTTTCTCGGCTTGG-1,13,LHb,LHb,control,b6-lhb-m20_3,Oval/Medial
GGGAAGTAGGACAGTC-1,4,LHb,LHb,control,b6-lhb-m20_3,Oval/Medial
GGGAAGTTCTCCTGTG-1,4,LHb,LHb,control,b6-lhb-m20_3,Oval/Medial
GGGACAAAGGAAGTGA-1,1,LHb,LHb,control,b6-lhb-m20_3,Oval/Medial
GGGACAAAGTACCCTA-1,4,LHb,LHb,control,b6-lhb-m20_3,Oval/Medial
GGGACAACAGAGCCCT-1,4,LHb,LHb,control,b6-lhb-m20_3,Oval/Medial
GGGACAAGTATGCAAA-1,4,LHb,LHb,control,b6-lhb-m20_3,Oval/Medial
GGGACCTAGGACGCAT-1,1,LHb,LHb,control,b6-lhb-m20_3,Oval/Medial
GGGACCTAGGTTACAA-1,4,LHb,LHb,control,b6-lhb-m20_3,Oval/Medial
GGGACTCGTCGTCAGC-1,4,LHb,LHb,control,b6-lhb-m20_3,Oval/Medial
GGGACTCGTGCAGGAT-1,1,LHb,LHb,control,b6-lhb-m20_3,Oval/Medial
GGGATCCTCCCTCTCC-1,1,LHb,LHb,control,b6-lhb-m20_3,Lateral
GGGATCCTCGCCTCTA-1,1,LHb,LHb,control,b6-lhb-m20_3,Oval/Medial
GGGATCCTCTATGCCC-1-1,1,LHb,LHb,control,b6-lhb-m20_3,Oval/Medial
GGGATGAAGGAATTAC-1,1,LHb,LHb,control,b6-lhb-m20_3,Oval/Medial
GGGATGACATGACTGT-1,1,LHb,LHb,control,b6-lhb-m20_3,Oval/Medial
GGGATGAGTATCTTCT-1,4,LHb,LHb,control,b6-lhb-m20_3,Oval/Medial
GGGCCATAGTTCATGC-1,1,LHb,LHb,control,b6-lhb-m20_3,Oval/Medial
GGGCCATCACAAGCTT-1,4,LHb,LHb,control,b6-lhb-m20_3,Oval/Medial
GGGCCATCATTCAGCA-1,0,LHb,LHb,control,b6-lhb-m20_3,Oval/Medial
GGGCTACAGGATGGCT-1,4,LHb,LHb,control,b6-lhb-m20_3,Lateral
GGGCTACAGTCATCGT-1,0,LHb,LHb,control,b6-lhb-m20_3,Oval/Medial
GGGCTACCAAGATTGA-1,1,LHb,LHb,control,b6-lhb-m20_3,Oval/Medial
GGGCTACCATTGAAAG-1,1,LHb,LHb,control,b6-lhb-m20_3,Oval/Medial
GGGCTCAAGTTTCAGC-1,4,LHb,LHb,control,b6-lhb-m20_3,Oval/Medial
GGGTAGACATGGGCAA-1,4,LHb,LHb,control,b6-lhb-m20_3,Lateral
GGGTAGAGTGAACCGA-1,0,LHb,LHb,control,b6-lhb-m20_3,Oval/Medial
GGGTATTCACTCATAG-1,1,LHb,LHb,control,b6-lhb-m20_3,Oval/Medial
GGGTATTTCAAATAGG-1,4,LHb,LHb,control,b6-lhb-m20_3,Marginal
GGGTCACCACGAAGAC-1,1,LHb,LHb,control,b6-lhb-m20_3,Oval/Medial
GGGTCTGCAAACTCTG-1,1,LHb,LHb,control,b6-lhb-m20_3,Oval/Medial
GGGTCTGGTCAGACTT-1,0,LHb,LHb,control,b6-lhb-m20_3,Hbx
GGGTCTGGTTCGTAAC-1,1,LHb,LHb,control,b6-lhb-m20_3,Oval/Medial
GGGTGAACAAACAGGC-1,4,LHb,LHb,control,b6-lhb-m20_3,Hbx
GGGTTATCACTCACTC-1,1,LHb,LHb,control,b6-lhb-m20_3,Oval/Medial
GGGTTTAAGTCACAGG-1,4,LHb,LHb,control,b6-lhb-m20_3,Lateral
GGGTTTACAGGAAGTC-1,1,LHb,LHb,control,b6-lhb-m20_3,Oval/Medial
GGTAACTAGTAGTCAA-1,1,LHb,LHb,control,b6-lhb-m20_3,Oval/Medial
GGTAACTGTCGAGTTT-1,13,LHb,LHb,control,b6-lhb-m20_3,Oval/Medial
GGTAACTTCAAGGTGG-1,1,LHb,LHb,control,b6-lhb-m20_3,Oval/Medial
GGTAACTTCTGAGAGG-1,4,LHb,LHb,control,b6-lhb-m20_3,Oval/Medial
GGTAATCGTAGGAAAG-1,1,LHb,LHb,control,b6-lhb-m20_3,Oval/Medial
GGTAATCGTGTTGCCG-1,1,LHb,LHb,control,b6-lhb-m20_3,Oval/Medial
GGTAGAGCACCCTAAA-1,4,LHb,LHb,control,b6-lhb-m20_3,Oval/Medial
GGTCACGAGAAGCCAC-1,1,LHb,LHb,control,b6-lhb-m20_3,Oval/Medial
GGTCACGAGATTCGAA-1,9,LHb,LHb,control,b6-lhb-m20_3,Marginal
GGTCACGCACTACCGG-1,1,LHb,LHb,control,b6-lhb-m20_3,Oval/Medial
GGTCACGCAGGTATGG-1,0,LHb,LHb,control,b6-lhb-m20_3,Oval/Medial
GGTCACGGTACCCAGC-1,1,LHb,LHb,control,b6-lhb-m20_3,Oval/Medial
GGTGAAGGTTAGTCGT-1,0,LHb,LHb,control,b6-lhb-m20_3,Oval/Medial
GGTGATTTCCGTGGTG-1,1,LHb,LHb,control,b6-lhb-m20_3,Oval/Medial
GGTGGCTAGAGACAAG-1,4,LHb,LHb,control,b6-lhb-m20_3,Oval/Medial
GGTGGCTAGAGGCGGA-1,1,LHb,LHb,control,b6-lhb-m20_3,Oval/Medial
GGTGGCTGTGTGCTTA-1,1,LHb,LHb,control,b6-lhb-m20_3,Oval/Medial
GGTGGCTTCCGACAGC-1,1,LHb,LHb,control,b6-lhb-m20_3,Oval/Medial
GGTGTCGCATCATGAC-1,4,LHb,LHb,control,b6-lhb-m20_3,Marginal
GGTGTTAGTCGCACGT-1,4,LHb,LHb,control,b6-lhb-m20_3,Oval/Medial
GGTGTTAGTTCCGGTG-1,4,LHb,LHb,control,b6-lhb-m20_3,Oval/Medial
GGTGTTATCATTTGGG-1,0,LHb,LHb,control,b6-lhb-m20_3,Oval/Medial
GGTTAACCAGACCAGA-1,9,LHb,LHb,control,b6-lhb-m20_3,Oval/Medial
GGTTCTCAGTGTTCAC-1,4,LHb,LHb,control,b6-lhb-m20_3,Hbx
GGTTCTCGTACTGCGC-1,1,LHb,LHb,control,b6-lhb-m20_3,Oval/Medial
GGTTCTCTCAAGGACG-1,4,LHb,LHb,control,b6-lhb-m20_3,Oval/Medial
GGTTGTAGTACAGTCT-1,4,LHb,LHb,control,b6-lhb-m20_3,Oval/Medial
GTAACCACAGAGGGTT-1,1,LHb,LHb,control,b6-lhb-m20_3,Oval/Medial
GTAACCAGTACGTTCA-1,1,LHb,LHb,control,b6-lhb-m20_3,Oval/Medial
GTAACCATCTGGGCAC-1,4,LHb,LHb,control,b6-lhb-m20_3,Oval/Medial
GTAATGCTCTGAGATC-1,0,LHb,LHb,control,b6-lhb-m20_3,Oval/Medial
GTACAACAGGAACGTC-1,1,LHb,LHb,control,b6-lhb-m20_3,Oval/Medial
GTACAACCACCGGCTA-1,1,LHb,LHb,control,b6-lhb-m20_3,Oval/Medial
GTACAACTCATTTGGG-1,1,LHb,LHb,control,b6-lhb-m20_3,Oval/Medial
GTACAGTGTGATATAG-1,1,LHb,LHb,control,b6-lhb-m20_3,Oval/Medial
GTACAGTTCCCGTTGT-1,1,LHb,LHb,control,b6-lhb-m20_3,Lateral
GTAGAAAAGCTGGCTC-1,4,LHb,LHb,control,b6-lhb-m20_3,Oval/Medial
GTAGAGGCAGACCTAT-1,0,LHb,LHb,control,b6-lhb-m20_3,Oval/Medial
GTAGATCAGGCATGGT-1,4,LHb,LHb,control,b6-lhb-m20_3,Hbx
GTAGATCCATTGAAGA-1,9,LHb,LHb,control,b6-lhb-m20_3,Marginal
GTAGATCGTAAGATTG-1,1,LHb,LHb,control,b6-lhb-m20_3,Oval/Medial
GTAGCTAAGTAAATGC-1,4,LHb,LHb,control,b6-lhb-m20_3,Hbx
GTAGCTAGTGCACATT-1,1,LHb,LHb,control,b6-lhb-m20_3,Oval/Medial
GTAGGAGTCATTACTC-1,1,LHb,LHb,control,b6-lhb-m20_3,Oval/Medial
GTAGGTTAGTATGGAT-1,1,LHb,LHb,control,b6-lhb-m20_3,Oval/Medial
GTAGGTTCATCATTGG-1,0,LHb,LHb,control,b6-lhb-m20_3,Oval/Medial
GTAGTACAGAACGCGT-1,1,LHb,LHb,control,b6-lhb-m20_3,Oval/Medial
GTAGTACCAGACCGCT-1,4,LHb,LHb,control,b6-lhb-m20_3,Lateral
GTAGTACGTGTCATGT-1,1,LHb,LHb,control,b6-lhb-m20_3,Oval/Medial
GTAGTACGTTACGCCG-1,1,LHb,LHb,control,b6-lhb-m20_3,Oval/Medial
GTATTTCTCACATACG-1,0,LHb,LHb,control,b6-lhb-m20_3,Lateral
GTCAAACAGACGAAGA-1-1,0,LHb,LHb,control,b6-lhb-m20_3,Oval/Medial
GTCAAACCAACGAGGT-1,4,LHb,LHb,control,b6-lhb-m20_3,Hbx
GTCAAACCACGTGAGA-1,1,LHb,LHb,control,b6-lhb-m20_3,Oval/Medial
GTCAAACTCCACATAG-1,1,LHb,LHb,control,b6-lhb-m20_3,Oval/Medial
GTCACGGCATGGAACG-1,0,LHb,LHb,control,b6-lhb-m20_3,Oval/Medial
GTCACGGGTCCTGGGT-1,1,LHb,LHb,control,b6-lhb-m20_3,Oval/Medial
GTCACTCGTGGGAGAG-1,1,LHb,LHb,control,b6-lhb-m20_3,Oval/Medial
GTCATCCTCCGTAGGC-1,13,LHb,LHb,control,b6-lhb-m20_3,Oval/Medial
GTCATGATCGTTCTAT-1,4,LHb,LHb,control,b6-lhb-m20_3,Oval/Medial
GTCATTTAGGTCATAA-1,1,LHb,LHb,control,b6-lhb-m20_3,Oval/Medial
GTCATTTAGTAATTGG-1,4,LHb,LHb,control,b6-lhb-m20_3,Hbx
GTCCACTAGACGAGCT-1,4,LHb,LHb,control,b6-lhb-m20_3,Oval/Medial
GTCCACTCAATTGGTC-1,1,LHb,LHb,control,b6-lhb-m20_3,Oval/Medial
GTCCACTCATGCCGAC-1,1,LHb,LHb,control,b6-lhb-m20_3,Oval/Medial
GTCCACTTCCGTAGTA-1-1,0,LHb,LHb,control,b6-lhb-m20_3,Oval/Medial
GTCCCATTCTATCCAT-1,1,LHb,LHb,control,b6-lhb-m20_3,Oval/Medial
GTCGAATCAACAGTGG-1,4,LHb,LHb,control,b6-lhb-m20_3,Marginal
GTCGCGACAATCTCTT-1,1,LHb,LHb,control,b6-lhb-m20_3,Oval/Medial
GTCGTAACACGACTAT-1,4,LHb,LHb,control,b6-lhb-m20_3,Oval/Medial
GTCGTTCAGCTGAGTG-1,4,LHb,LHb,control,b6-lhb-m20_3,Oval/Medial
GTCTAGAGTCGTACAT-1,1,LHb,LHb,control,b6-lhb-m20_3,Oval/Medial
GTCTAGAGTGCGCTCA-1,1,LHb,LHb,control,b6-lhb-m20_3,Oval/Medial
GTCTAGAGTTATGACC-1,1,LHb,LHb,control,b6-lhb-m20_3,Oval/Medial
GTCTCACCAGCACCCA-1,0,LHb,LHb,control,b6-lhb-m20_3,Marginal
GTCTCACGTTGTACGT-1,1,LHb,LHb,control,b6-lhb-m20_3,Oval/Medial
GTCTCACTCTTAATCC-1,1,LHb,LHb,control,b6-lhb-m20_3,Oval/Medial
GTCTGTCAGTCACTCA-1,1,LHb,LHb,control,b6-lhb-m20_3,Oval/Medial
GTCTGTCTCTTCCCGA-1,1,LHb,LHb,control,b6-lhb-m20_3,Oval/Medial
GTCTTTAAGGAACGCT-1,1,LHb,LHb,control,b6-lhb-m20_3,Oval/Medial
GTCTTTACACGCTATA-1,1,LHb,LHb,control,b6-lhb-m20_3,Oval/Medial
GTGACGCGTATTGGCT-1-1,4,LHb,LHb,control,b6-lhb-m20_3,Lateral
GTGACGCGTCAACATC-1,4,LHb,LHb,control,b6-lhb-m20_3,Oval/Medial
GTGACGCTCGAATGCT-1,1,LHb,LHb,control,b6-lhb-m20_3,Oval/Medial
GTGAGCCGTCAACACT-1,4,LHb,LHb,control,b6-lhb-m20_3,Hbx
GTGAGCCGTCTGTAGT-1,0,LHb,LHb,control,b6-lhb-m20_3,Hbx
GTGAGCCGTGACGTCC-1,9,LHb,LHb,control,b6-lhb-m20_3,Marginal
GTGAGCCGTGCTCTTC-1,4,LHb,LHb,control,b6-lhb-m20_3,Oval/Medial
GTGAGCCTCTGAGAAA-1,4,LHb,LHb,control,b6-lhb-m20_3,Hbx
GTGAGGAAGCACCGAA-1,1,LHb,LHb,control,b6-lhb-m20_3,Oval/Medial
GTGAGGACACCTATCC-1,1,LHb,LHb,control,b6-lhb-m20_3,Oval/Medial
GTGAGTTAGCAAATGT-1,1,LHb,LHb,control,b6-lhb-m20_3,Oval/Medial
GTGAGTTAGGAATTAC-1,1,LHb,LHb,control,b6-lhb-m20_3,Oval/Medial
GTGAGTTAGTGGTTAA-1,1,LHb,LHb,control,b6-lhb-m20_3,Oval/Medial
GTGAGTTGTGATAGAT-1,0,LHb,LHb,control,b6-lhb-m20_3,Hbx
GTGATGTCAACCGTGC-1,4,LHb,LHb,control,b6-lhb-m20_3,Oval/Medial
GTGCAGCGTCCATAGT-1,1,LHb,LHb,control,b6-lhb-m20_3,Oval/Medial
GTGCAGCTCCATTCGC-1,1,LHb,LHb,control,b6-lhb-m20_3,Oval/Medial
GTGCGTGGTTGAAGTA-1,1,LHb,LHb,control,b6-lhb-m20_3,Oval/Medial
GTGCTGGAGACCTTTG-1,1,LHb,LHb,control,b6-lhb-m20_3,Oval/Medial
GTGCTGGAGGTACCTT-1,0,LHb,LHb,control,b6-lhb-m20_3,Oval/Medial
GTGCTGGCATCCTTGC-1-1,1,LHb,LHb,control,b6-lhb-m20_3,Oval/Medial
GTGCTTCAGTTACGGG-1,4,LHb,LHb,control,b6-lhb-m20_3,Oval/Medial
GTGCTTCCAGGCGTTC-1,1,LHb,LHb,control,b6-lhb-m20_3,Oval/Medial
GTGCTTCTCTAGTCAG-1,4,LHb,LHb,control,b6-lhb-m20_3,Oval/Medial
GTGGAAGTCGAACTCA-1,1,LHb,LHb,control,b6-lhb-m20_3,Oval/Medial
GTGGAAGTCTCAACCC-1,1,LHb,LHb,control,b6-lhb-m20_3,Oval/Medial
GTGGAGAAGACTACCT-1,4,LHb,LHb,control,b6-lhb-m20_3,Oval/Medial
GTGGAGACAAGTTCCA-1,1,LHb,LHb,control,b6-lhb-m20_3,Oval/Medial
GTGGAGACACGTATAC-1,1,LHb,LHb,control,b6-lhb-m20_3,Oval/Medial
GTGGAGACAGGTACGA-1,13,LHb,LHb,control,b6-lhb-m20_3,Lateral
GTGGAGATCTTGTTAC-1,1,LHb,LHb,control,b6-lhb-m20_3,Oval/Medial
GTGGCGTGTTGTCAGT-1,1,LHb,LHb,control,b6-lhb-m20_3,Oval/Medial
GTGGGAATCCCATAGA-1,4,LHb,LHb,control,b6-lhb-m20_3,Oval/Medial
GTGGTTAAGTGCTCAT-1,1,LHb,LHb,control,b6-lhb-m20_3,Hbx
GTGTAACTCTTCTCAA-1,4,LHb,LHb,control,b6-lhb-m20_3,Oval/Medial
GTGTGATCAACCGACC-1,4,LHb,LHb,control,b6-lhb-m20_3,Hbx
GTGTGATCAGTGTATC-1,1,LHb,LHb,control,b6-lhb-m20_3,Oval/Medial
GTGTGATGTAGAGACC-1,1,LHb,LHb,control,b6-lhb-m20_3,Oval/Medial
GTGTGGCCAGGCTTGC-1,4,LHb,LHb,control,b6-lhb-m20_3,Oval/Medial
GTGTTCCAGCGTGCCT-1,4,LHb,LHb,control,b6-lhb-m20_3,Oval/Medial
GTGTTCCCACAGCTGC-1,1,LHb,LHb,control,b6-lhb-m20_3,Oval/Medial
GTTACAGAGATGAACT-1,1,LHb,LHb,control,b6-lhb-m20_3,Lateral
GTTACAGAGTCCTACA-1,1,LHb,LHb,control,b6-lhb-m20_3,Oval/Medial
GTTACAGGTACTCGCG-1,4,LHb,LHb,control,b6-lhb-m20_3,Oval/Medial
GTTACCCGTAACACGG-1,1,LHb,LHb,control,b6-lhb-m20_3,Oval/Medial
GTTACCCTCCGACATA-1,1,LHb,LHb,control,b6-lhb-m20_3,Oval/Medial
GTTACGAAGTACCATC-1,1,LHb,LHb,control,b6-lhb-m20_3,Oval/Medial
GTTACGAGTTACTCAG-1,4,LHb,LHb,control,b6-lhb-m20_3,Oval/Medial
GTTAGACGTATGTCCA-1,4,LHb,LHb,control,b6-lhb-m20_3,Oval/Medial
GTTAGACGTTAAACCC-1,1,LHb,LHb,control,b6-lhb-m20_3,Oval/Medial
GTTAGTGTCGTCCATC-1,4,LHb,LHb,control,b6-lhb-m20_3,Hbx
GTTATGGCAATCACGT-1,1,LHb,LHb,control,b6-lhb-m20_3,Oval/Medial
GTTCCGTAGCGATGAC-1,0,LHb,LHb,control,b6-lhb-m20_3,Lateral
GTTCCGTTCACAATGC-1,0,LHb,LHb,control,b6-lhb-m20_3,Oval/Medial
GTTCCGTTCAGACATC-1,1,LHb,LHb,control,b6-lhb-m20_3,Oval/Medial
GTTCCGTTCCTCAGAA-1,1,LHb,LHb,control,b6-lhb-m20_3,Oval/Medial
GTTCGCTAGAGTTCGG-1,1,LHb,LHb,control,b6-lhb-m20_3,Oval/Medial
GTTCGCTAGGTAAGTT-1,4,LHb,LHb,control,b6-lhb-m20_3,Oval/Medial
GTTGAACAGCTTAGTC-1,4,LHb,LHb,control,b6-lhb-m20_3,Oval/Medial
GTTGAACCAAGCGAAC-1,1,LHb,LHb,control,b6-lhb-m20_3,Oval/Medial
GTTGAACGTACGACAG-1,4,LHb,LHb,control,b6-lhb-m20_3,Hbx
GTTGAACGTAGGTCAG-1,1,LHb,LHb,control,b6-lhb-m20_3,Oval/Medial
GTTGAACGTATGCGGA-1-1,13,LHb,LHb,control,b6-lhb-m20_3,Lateral
GTTGCGGAGTGGGAAA-1,4,LHb,LHb,control,b6-lhb-m20_3,Oval/Medial
GTTGCGGGTCTAGGTT-1,1,LHb,LHb,control,b6-lhb-m20_3,Oval/Medial
GTTGCGGGTGATGAAT-1,1,LHb,LHb,control,b6-lhb-m20_3,Oval/Medial
GTTGTAGAGGTCTTTG-1,4,LHb,LHb,control,b6-lhb-m20_3,Oval/Medial
GTTGTAGGTAACTAAG-1,1,LHb,LHb,control,b6-lhb-m20_3,Oval/Medial
GTTGTCCCAATTCGTG-1,1,LHb,LHb,control,b6-lhb-m20_3,Oval/Medial
GTTGTCCTCAGCTAGT-1,2,LHb,LHb,control,b6-lhb-m20_3,Marginal
GTTGTGACATCCGGCA-1,4,LHb,LHb,control,b6-lhb-m20_3,Oval/Medial
GTTGTGAGTGGGCTCT-1,1,LHb,LHb,control,b6-lhb-m20_3,Oval/Medial
GTTGTGATCCTCGATC-1,1,LHb,LHb,control,b6-lhb-m20_3,Oval/Medial
GTTGTGATCCTTGACC-1,0,LHb,LHb,control,b6-lhb-m20_3,Hbx
GTTTACTGTCCACAGC-1,0,LHb,LHb,control,b6-lhb-m20_3,Oval/Medial
GTTTGGAAGGCCTGCT-1,4,LHb,LHb,control,b6-lhb-m20_3,Lateral
GTTTGGAAGTCTGCAT-1,13,LHb,LHb,control,b6-lhb-m20_3,Oval/Medial
GTTTGGAGTCGCATTA-1,4,LHb,LHb,control,b6-lhb-m20_3,Oval/Medial
GTTTGGATCACTTGGA-1,1,LHb,LHb,control,b6-lhb-m20_3,Oval/Medial
TAACACGAGCAACTTC-1,0,LHb,LHb,control,b6-lhb-m20_3,Lateral
TAACACGCAAGTGCAG-1,4,LHb,LHb,control,b6-lhb-m20_3,Hbx
TAACCAGAGCGGTAGT-1,4,LHb,LHb,control,b6-lhb-m20_3,Marginal
TAACCAGTCCGACATA-1,13,LHb,LHb,control,b6-lhb-m20_3,Oval/Medial
TAACTTCAGCACGATG-1,4,LHb,LHb,control,b6-lhb-m20_3,Oval/Medial
TAACTTCAGCCATATC-1,1,LHb,LHb,control,b6-lhb-m20_3,Oval/Medial
TAACTTCAGGCTCTCG-1,1,LHb,LHb,control,b6-lhb-m20_3,Oval/Medial
TAACTTCTCAACGTGT-1,4,LHb,LHb,control,b6-lhb-m20_3,Oval/Medial
TAAGCACAGCACTTTG-1,1,LHb,LHb,control,b6-lhb-m20_3,Oval/Medial
TAAGCACCAACGAGGT-1,0,LHb,LHb,control,b6-lhb-m20_3,Oval/Medial
TAAGCACCACAGTCCG-1,1,LHb,LHb,control,b6-lhb-m20_3,Oval/Medial
TAAGCACCATCGGATT-1,1,LHb,LHb,control,b6-lhb-m20_3,Oval/Medial
TAAGCACGTCGCACAC-1-1,4,LHb,LHb,control,b6-lhb-m20_3,Oval/Medial
TAAGCCAGTGACACGA-1,13,LHb,LHb,control,b6-lhb-m20_3,Oval/Medial
TAAGCCATCTCTCGAC-1,13,LHb,LHb,control,b6-lhb-m20_3,Oval/Medial
TAAGCGTAGCATGCAG-1,1,LHb,LHb,control,b6-lhb-m20_3,Oval/Medial
TAAGTCGGTAGACAAT-1,9,LHb,LHb,control,b6-lhb-m20_3,Marginal
TAATCTCCATCCGCGA-1,1,LHb,LHb,control,b6-lhb-m20_3,Oval/Medial
TAATTCCTCAAATGAG-1,9,LHb,LHb,control,b6-lhb-m20_3,Marginal
TAATTCCTCAGTCCGG-1,1,LHb,LHb,control,b6-lhb-m20_3,Oval/Medial
TACAACGGTATCGCTA-1,1,LHb,LHb,control,b6-lhb-m20_3,Oval/Medial
TACAACGGTGTTACAC-1,4,LHb,LHb,control,b6-lhb-m20_3,Lateral
TACAACGTCCATATGG-1,1,LHb,LHb,control,b6-lhb-m20_3,Oval/Medial
TACACCCAGGAATTAC-1,4,LHb,LHb,control,b6-lhb-m20_3,Oval/Medial
TACACCCGTTCAAGTC-1,1,LHb,LHb,control,b6-lhb-m20_3,Oval/Medial
TACAGGTAGTACAGAT-1,1,LHb,LHb,control,b6-lhb-m20_3,Oval/Medial
TACAGGTCAAACACGG-1,1,LHb,LHb,control,b6-lhb-m20_3,Oval/Medial
TACAGGTGTACCAATC-1,4,LHb,LHb,control,b6-lhb-m20_3,Marginal
TACAGGTTCCTAGCGG-1,1,LHb,LHb,control,b6-lhb-m20_3,Oval/Medial
TACATTCCACCTATCC-1,13,LHb,LHb,control,b6-lhb-m20_3,Oval/Medial
TACATTCCATCCGTTC-1,1,LHb,LHb,control,b6-lhb-m20_3,Oval/Medial
TACATTCGTCGCGGTT-1,4,LHb,LHb,control,b6-lhb-m20_3,Oval/Medial
TACATTCGTGCGGTAA-1,1,LHb,LHb,control,b6-lhb-m20_3,Oval/Medial
TACCCACTCAGCTAGT-1,1,LHb,LHb,control,b6-lhb-m20_3,Oval/Medial
TACCCACTCGAAGGAC-1,0,LHb,LHb,control,b6-lhb-m20_3,Hbx
TACCCGTAGGCCTAGA-1,4,LHb,LHb,control,b6-lhb-m20_3,Oval/Medial
TACCGAAAGTTGGACG-1,4,LHb,LHb,control,b6-lhb-m20_3,Hbx
TACCGAACACCTGTCT-1,1,LHb,LHb,control,b6-lhb-m20_3,Oval/Medial
TACCTCGTCCATTCGC-1,9,LHb,LHb,control,b6-lhb-m20_3,Marginal
TACCTCGTCCATTGGA-1,4,LHb,LHb,control,b6-lhb-m20_3,Hbx
TACCTGCGTTAAGCAA-1,4,LHb,LHb,control,b6-lhb-m20_3,Hbx
TACCTGCTCTATTCGT-1,1,LHb,LHb,control,b6-lhb-m20_3,Oval/Medial
TACGCTCAGTCATGAA-1,9,LHb,LHb,control,b6-lhb-m20_3,Oval/Medial
TACGCTCCAATGTTGC-1,4,LHb,LHb,control,b6-lhb-m20_3,Oval/Medial
TACGCTCGTCCCAAAT-1-2,1,LHb,LHb,control,b6-lhb-m20_3,Oval/Medial
TACGGGCAGCGCAATG-1,1,LHb,LHb,control,b6-lhb-m20_3,Oval/Medial
TACGGTACAAATCCCA-1,1,LHb,LHb,control,b6-lhb-m20_3,Oval/Medial
TACGTCCAGCTGAGTG-1,1,LHb,LHb,control,b6-lhb-m20_3,Oval/Medial
TACGTCCTCACTTGTT-1,0,LHb,LHb,control,b6-lhb-m20_3,Oval/Medial
TACTGCCCACCCGTAG-1-1,0,LHb,LHb,control,b6-lhb-m20_3,Hbx
TACTGCCGTGCCTACG-1,4,LHb,LHb,control,b6-lhb-m20_3,Lateral
TACTTACAGTGCGTCC-1,1,LHb,LHb,control,b6-lhb-m20_3,Oval/Medial
TACTTACCAGACCTGC-1,1,LHb,LHb,control,b6-lhb-m20_3,Oval/Medial
TACTTACCATTCTTCA-1,1,LHb,LHb,control,b6-lhb-m20_3,Hbx
TACTTACGTCATCAGT-1,1,LHb,LHb,control,b6-lhb-m20_3,Oval/Medial
TACTTACGTGATAGAT-1,4,LHb,LHb,control,b6-lhb-m20_3,Oval/Medial
TACTTCACACGGAAGT-1,4,LHb,LHb,control,b6-lhb-m20_3,Hbx
TACTTGTTCAGCCCAG-1,4,LHb,LHb,control,b6-lhb-m20_3,Lateral
TAGACCAAGGAGCAAA-1,4,LHb,LHb,control,b6-lhb-m20_3,Oval/Medial
TAGACCAGTTATCCAG-1,4,LHb,LHb,control,b6-lhb-m20_3,Lateral
TAGACTGAGACTGAGC-1,0,LHb,LHb,control,b6-lhb-m20_3,Oval/Medial
TAGACTGAGGGTGAGG-1,4,LHb,LHb,control,b6-lhb-m20_3,Hbx
TAGACTGAGTCTTCGA-1,1,LHb,LHb,control,b6-lhb-m20_3,Oval/Medial
TAGACTGCAGGTCCCA-1,4,LHb,LHb,control,b6-lhb-m20_3,Oval/Medial
TAGACTGGTACTTGTG-1,1,LHb,LHb,control,b6-lhb-m20_3,Oval/Medial
TAGACTGGTCACCTTC-1,13,LHb,LHb,control,b6-lhb-m20_3,Oval/Medial
TAGACTGTCCGGACGT-1,1,LHb,LHb,control,b6-lhb-m20_3,Oval/Medial
TAGAGTCTCGGCATCG-1,9,LHb,LHb,control,b6-lhb-m20_3,Marginal
TAGATCGAGGAACTCG-1,1,LHb,LHb,control,b6-lhb-m20_3,Oval/Medial
TAGCACAAGCTACGTT-1,0,LHb,LHb,control,b6-lhb-m20_3,Oval/Medial
TAGGAGGAGAGTCTTC-1,1,LHb,LHb,control,b6-lhb-m20_3,Oval/Medial
TAGGAGGTCTTACCGC-1,4,LHb,LHb,control,b6-lhb-m20_3,Oval/Medial
TAGGGTTCAAACAGGC-1,1,LHb,LHb,control,b6-lhb-m20_3,Oval/Medial
TAGGGTTCAACGGTAG-1,4,LHb,LHb,control,b6-lhb-m20_3,Marginal
TAGGTACAGTTGGAAT-1,1,LHb,LHb,control,b6-lhb-m20_3,Oval/Medial
TAGGTACTCACCTTAT-1,2,LHb,LHb,control,b6-lhb-m20_3,Oval/Medial
TAGGTTGAGTATGATG-1-1,0,LHb,LHb,control,b6-lhb-m20_3,Oval/Medial
TAGGTTGGTGCTATTG-1,1,LHb,LHb,control,b6-lhb-m20_3,Oval/Medial
TAGGTTGTCCGCTGTT-1,0,LHb,LHb,control,b6-lhb-m20_3,Oval/Medial
TAGTGCATCAATCGGT-1,1,LHb,LHb,control,b6-lhb-m20_3,Oval/Medial
TATACCTCAAGATGTA-1,0,LHb,LHb,control,b6-lhb-m20_3,Oval/Medial
TATACCTCACCATAAC-1,4,LHb,LHb,control,b6-lhb-m20_3,Lateral
TATATCCAGCGCGTTC-1,4,LHb,LHb,control,b6-lhb-m20_3,Marginal
TATATCCAGGTCGTAG-1,4,LHb,LHb,control,b6-lhb-m20_3,Oval/Medial
TATATCCTCTGTGCTC-1,4,LHb,LHb,control,b6-lhb-m20_3,Oval/Medial
TATCAGGAGGAGAATG-1,1,LHb,LHb,control,b6-lhb-m20_3,Oval/Medial
TATCAGGTCGTCAGAT-1,0,LHb,LHb,control,b6-lhb-m20_3,Oval/Medial
TATCAGGTCTCCGCAT-1,13,LHb,LHb,control,b6-lhb-m20_3,Oval/Medial
TATCGCCTCACCTCTG-1,4,LHb,LHb,control,b6-lhb-m20_3,Marginal
TATCGCCTCGGATAAA-1-1,1,LHb,LHb,control,b6-lhb-m20_3,Oval/Medial
TATCTGTCAAGCTGCC-1,1,LHb,LHb,control,b6-lhb-m20_3,Oval/Medial
TATCTTGAGATGCTAA-1,1,LHb,LHb,control,b6-lhb-m20_3,Oval/Medial
TATCTTGCACCCAAGC-1,4,LHb,LHb,control,b6-lhb-m20_3,Oval/Medial
TATCTTGGTACCATAC-1,1,LHb,LHb,control,b6-lhb-m20_3,Oval/Medial
TATCTTGGTTCCATTT-1,1,LHb,LHb,control,b6-lhb-m20_3,Oval/Medial
TATCTTGTCATGCCAA-1,1,LHb,LHb,control,b6-lhb-m20_3,Oval/Medial
TATGTTCCAAGCGGAT-1,9,LHb,LHb,control,b6-lhb-m20_3,Marginal
TATGTTCCACTACCCT-1,1,LHb,LHb,control,b6-lhb-m20_3,Oval/Medial
TATGTTCGTGTGGTCC-1,1,LHb,LHb,control,b6-lhb-m20_3,Oval/Medial
TATTCCAGTTCGGCGT-1,4,LHb,LHb,control,b6-lhb-m20_3,Oval/Medial
TATTCCAGTTGTCATG-1,1,LHb,LHb,control,b6-lhb-m20_3,Oval/Medial
TATTGCTAGACTAGAT-1,1,LHb,LHb,control,b6-lhb-m20_3,Oval/Medial
TATTGCTCAACGGCCT-1,1,LHb,LHb,control,b6-lhb-m20_3,Oval/Medial
TATTGGGGTTAAGGGC-1,1,LHb,LHb,control,b6-lhb-m20_3,Oval/Medial
TATTGGGGTTAGGCCC-1,0,LHb,LHb,control,b6-lhb-m20_3,Oval/Medial
TATTTCGTCGCCGAGT-1,1,LHb,LHb,control,b6-lhb-m20_3,Lateral
TCAAGACGTCTGTGCG-1,1,LHb,LHb,control,b6-lhb-m20_3,Oval/Medial
TCAAGACGTGGCGTAA-1,0,LHb,LHb,control,b6-lhb-m20_3,Oval/Medial
TCAAGCAAGCTAGCCC-1,4,LHb,LHb,control,b6-lhb-m20_3,Oval/Medial
TCAAGCACATGCCGGT-1,1,LHb,LHb,control,b6-lhb-m20_3,Oval/Medial
TCAAGTGTCAGCTCTC-1-1,1,LHb,LHb,control,b6-lhb-m20_3,Oval/Medial
TCAATCTTCTTGGTCC-1,13,LHb,LHb,control,b6-lhb-m20_3,Oval/Medial
TCAATTCAGGTACTGG-1,1,LHb,LHb,control,b6-lhb-m20_3,Oval/Medial
TCAATTCGTGAGATTA-1,4,LHb,LHb,control,b6-lhb-m20_3,Oval/Medial
TCAATTCTCGGCATTA-1,1,LHb,LHb,control,b6-lhb-m20_3,Oval/Medial
TCACAAGCAGCCGTTG-1-1,1,LHb,LHb,control,b6-lhb-m20_3,Oval/Medial
TCACAAGCATACAGCT-1,1,LHb,LHb,control,b6-lhb-m20_3,Oval/Medial
TCACAAGGTGGACCAA-1,1,LHb,LHb,control,b6-lhb-m20_3,Oval/Medial
TCACAAGTCTCGGTCT-1,1,LHb,LHb,control,b6-lhb-m20_3,Oval/Medial
TCACATTAGCTGGAGT-1,4,LHb,LHb,control,b6-lhb-m20_3,Oval/Medial
TCACATTCAGGTGGAT-1,0,LHb,LHb,control,b6-lhb-m20_3,Oval/Medial
TCACATTGTGGCTGCT-1,1,LHb,LHb,control,b6-lhb-m20_3,Oval/Medial
TCACGCTAGCCGATTT-1,13,LHb,LHb,control,b6-lhb-m20_3,Oval/Medial
TCACGCTCAGCGCGTT-1,4,LHb,LHb,control,b6-lhb-m20_3,Oval/Medial
TCACGCTCAGTTCTAG-1,1,LHb,LHb,control,b6-lhb-m20_3,Oval/Medial
TCACGCTTCGTGGCGT-1,0,LHb,LHb,control,b6-lhb-m20_3,Oval/Medial
TCACTATAGGTAAGAG-1,0,LHb,LHb,control,b6-lhb-m20_3,Oval/Medial
TCACTATGTTGCATAC-1,4,LHb,LHb,control,b6-lhb-m20_3,Hbx
TCAGCAAAGAGTACCG-1,4,LHb,LHb,control,b6-lhb-m20_3,Oval/Medial
TCAGCAAAGGAACATT-1,1,LHb,LHb,control,b6-lhb-m20_3,Oval/Medial
TCAGCAACAGAGATTA-1,0,LHb,LHb,control,b6-lhb-m20_3,Hbx
TCAGCCTTCTCTGGTC-1,1,LHb,LHb,control,b6-lhb-m20_3,Lateral
TCAGGGCGTACGACAG-1,1,LHb,LHb,control,b6-lhb-m20_3,Oval/Medial
TCAGGTACAGTTGAAA-1,4,LHb,LHb,control,b6-lhb-m20_3,Hbx
TCAGTCCTCAACTCTT-1,1,LHb,LHb,control,b6-lhb-m20_3,Oval/Medial
TCAGTTTAGGTTTACC-1,1,LHb,LHb,control,b6-lhb-m20_3,Oval/Medial
TCAGTTTGTGTGTACT-1,1,LHb,LHb,control,b6-lhb-m20_3,Oval/Medial
TCAGTTTTCTCCCATG-1-1,0,LHb,LHb,control,b6-lhb-m20_3,Oval/Medial
TCATATCAGGCTTTCA-1,4,LHb,LHb,control,b6-lhb-m20_3,Oval/Medial
TCATATCCACTAGGTT-1,1,LHb,LHb,control,b6-lhb-m20_3,Oval/Medial
TCATATCGTTGCGGCT-1,0,LHb,LHb,control,b6-lhb-m20_3,Lateral
TCATCATCAGCTGTAT-1,1,LHb,LHb,control,b6-lhb-m20_3,Oval/Medial
TCATCATCAGTCCGTG-1,13,LHb,LHb,control,b6-lhb-m20_3,Oval/Medial
TCATCCGAGTCATTGC-1,1,LHb,LHb,control,b6-lhb-m20_3,Lateral
TCATCCGGTCGGCACT-1,1,LHb,LHb,control,b6-lhb-m20_3,Hbx
TCATCCGTCTCTGCTG-1,1,LHb,LHb,control,b6-lhb-m20_3,Oval/Medial
TCATGAGTCCCGAGAC-1,1,LHb,LHb,control,b6-lhb-m20_3,Oval/Medial
TCATGAGTCGCCGATG-1,1,LHb,LHb,control,b6-lhb-m20_3,Oval/Medial
TCATGCCCATCCGCGA-1-1,1,LHb,LHb,control,b6-lhb-m20_3,Oval/Medial
TCATGTTAGTGAATAC-1,1,LHb,LHb,control,b6-lhb-m20_3,Oval/Medial
TCATGTTCAGAGAAAG-1,0,LHb,LHb,control,b6-lhb-m20_3,Marginal
TCATTACAGTCATACC-1,1,LHb,LHb,control,b6-lhb-m20_3,Oval/Medial
TCATTCACATGAGAAT-1,9,LHb,LHb,control,b6-lhb-m20_3,Marginal
TCATTCACATTGAGCT-1,9,LHb,LHb,control,b6-lhb-m20_3,Oval/Medial
TCATTGTTCGCTCCTA-1,1,LHb,LHb,control,b6-lhb-m20_3,Oval/Medial
TCATTGTTCTTCGTAT-1,1,LHb,LHb,control,b6-lhb-m20_3,Oval/Medial
TCATTTGAGACGACTG-1,1,LHb,LHb,control,b6-lhb-m20_3,Oval/Medial
TCATTTGAGGAAGTGA-1,1,LHb,LHb,control,b6-lhb-m20_3,Oval/Medial
TCATTTGAGTAGCATA-1,0,LHb,LHb,control,b6-lhb-m20_3,Oval/Medial
TCATTTGCAATTGCCA-1,4,LHb,LHb,control,b6-lhb-m20_3,Oval/Medial
TCATTTGGTCCTACAA-1,4,LHb,LHb,control,b6-lhb-m20_3,Oval/Medial
TCCACCAAGAGTTGAT-1,1,LHb,LHb,control,b6-lhb-m20_3,Oval/Medial
TCCACCAAGCTCGTGC-1,1,LHb,LHb,control,b6-lhb-m20_3,Oval/Medial
TCCACCAAGGCCATAG-1,1,LHb,LHb,control,b6-lhb-m20_3,Oval/Medial
TCCACGTGTGTAACGG-1,0,LHb,LHb,control,b6-lhb-m20_3,Oval/Medial
TCCAGAAAGCAAGGAA-1,4,LHb,LHb,control,b6-lhb-m20_3,Oval/Medial
TCCAGAAAGTTTCAGC-1-1,1,LHb,LHb,control,b6-lhb-m20_3,Oval/Medial
TCCAGAATCCTCGCAT-1,1,LHb,LHb,control,b6-lhb-m20_3,Oval/Medial
TCCAGAATCGAACCAT-1,1,LHb,LHb,control,b6-lhb-m20_3,Oval/Medial
TCCATCGGTACCACGC-1,4,LHb,LHb,control,b6-lhb-m20_3,Hbx
TCCATCGGTACGGTTT-1,1,LHb,LHb,control,b6-lhb-m20_3,Oval/Medial
TCCATCGTCTGTCTCG-1,0,LHb,LHb,control,b6-lhb-m20_3,Lateral
TCCATGCAGATGACCG-1,0,LHb,LHb,control,b6-lhb-m20_3,Lateral
TCCATGCAGGAGGGTG-1,1,LHb,LHb,control,b6-lhb-m20_3,Oval/Medial
TCCATGCCAGAAATCA-1,1,LHb,LHb,control,b6-lhb-m20_3,Oval/Medial
TCCCAGTAGACCCTTA-1,1,LHb,LHb,control,b6-lhb-m20_3,Oval/Medial
TCCCAGTCATCGGAAG-1,1,LHb,LHb,control,b6-lhb-m20_3,Oval/Medial
TCCCAGTTCCTACCGT-1,4,LHb,LHb,control,b6-lhb-m20_3,Oval/Medial
TCCCATGCAGTAGAGC-1,1,LHb,LHb,control,b6-lhb-m20_3,Oval/Medial
TCCCATGGTATCGCAT-1,4,LHb,LHb,control,b6-lhb-m20_3,Marginal
TCCCATGTCGATGCTA-1,4,LHb,LHb,control,b6-lhb-m20_3,Hbx
TCCGAAATCTCGTGAA-1,13,LHb,LHb,control,b6-lhb-m20_3,Oval/Medial
TCCGATCAGATGTAGT-1,1,LHb,LHb,control,b6-lhb-m20_3,Oval/Medial
TCCGATCCACCCTCTA-1,1,LHb,LHb,control,b6-lhb-m20_3,Oval/Medial
TCCGATCGTTAGAGTA-1,1,LHb,LHb,control,b6-lhb-m20_3,Oval/Medial
TCCGTGTCAACGACTT-1,4,LHb,LHb,control,b6-lhb-m20_3,Oval/Medial
TCCTAATCAGTTTCAG-1,1,LHb,LHb,control,b6-lhb-m20_3,Oval/Medial
TCCTAATGTGCAGATG-1,4,LHb,LHb,control,b6-lhb-m20_3,Oval/Medial
TCCTCCCCAGTCCGTG-1,1,LHb,LHb,control,b6-lhb-m20_3,Oval/Medial
TCCTCCCTCCGAGTGC-1,1,LHb,LHb,control,b6-lhb-m20_3,Oval/Medial
TCCTCGAGTTACGGAG-1,0,LHb,LHb,control,b6-lhb-m20_3,Lateral
TCCTCGATCGCCGAAC-1,1,LHb,LHb,control,b6-lhb-m20_3,Oval/Medial
TCCTCTTCAAGATGTA-1,4,LHb,LHb,control,b6-lhb-m20_3,Oval/Medial
TCCTCTTCAGTGCCTG-1,1,LHb,LHb,control,b6-lhb-m20_3,Oval/Medial
TCCTGCACAATCGTCA-1,1,LHb,LHb,control,b6-lhb-m20_3,Oval/Medial
TCCTGCAGTCCAAATC-1,1,LHb,LHb,control,b6-lhb-m20_3,Oval/Medial
TCCTGCAGTTAGGACG-1,1,LHb,LHb,control,b6-lhb-m20_3,Oval/Medial
TCCTTCTCATTCTCTA-1,1,LHb,LHb,control,b6-lhb-m20_3,Oval/Medial
TCCTTTCAGAGCCATG-1,1,LHb,LHb,control,b6-lhb-m20_3,Lateral
TCCTTTCTCGCCTCTA-1-1,1,LHb,LHb,control,b6-lhb-m20_3,Oval/Medial
TCGAACAAGCATGATA-1,4,LHb,LHb,control,b6-lhb-m20_3,Hbx
TCGAACAGTAAGATCA-1,4,LHb,LHb,control,b6-lhb-m20_3,Marginal
TCGAACATCGGAAACG-1,1,LHb,LHb,control,b6-lhb-m20_3,Oval/Medial
TCGAAGTTCCACCTGT-1,4,LHb,LHb,control,b6-lhb-m20_3,Hbx
TCGAAGTTCTTAGCAG-1,1,LHb,LHb,control,b6-lhb-m20_3,Oval/Medial
TCGACCTTCCCGAGAC-1,4,LHb,LHb,control,b6-lhb-m20_3,Lateral
TCGACGGGTTTATGCG-1,4,LHb,LHb,control,b6-lhb-m20_3,Oval/Medial
TCGATTTCAGAACATA-1,4,LHb,LHb,control,b6-lhb-m20_3,Oval/Medial
TCGATTTTCTGTCAGA-1,4,LHb,LHb,control,b6-lhb-m20_3,Hbx
TCGCACTCACTCAGAT-1,1,LHb,LHb,control,b6-lhb-m20_3,Oval/Medial
TCGCACTTCATACGAC-1,0,LHb,LHb,control,b6-lhb-m20_3,Oval/Medial
TCGCACTTCATTGGTG-1,1,LHb,LHb,control,b6-lhb-m20_3,Oval/Medial
TCGCAGGAGGTGGTTG-1,1,LHb,LHb,control,b6-lhb-m20_3,Oval/Medial
TCGCAGGGTGATCGTT-1,4,LHb,LHb,control,b6-lhb-m20_3,Marginal
TCGCAGGTCCTGGGAC-1,1,LHb,LHb,control,b6-lhb-m20_3,Oval/Medial
TCGCTCAAGACTTAAG-1,1,LHb,LHb,control,b6-lhb-m20_3,Oval/Medial
TCGCTTGCATTCCTCG-1,4,LHb,LHb,control,b6-lhb-m20_3,Oval/Medial
TCGCTTGGTGTCTTCC-1,0,LHb,LHb,control,b6-lhb-m20_3,Oval/Medial
TCGCTTGTCTTAGGAC-1,0,LHb,LHb,control,b6-lhb-m20_3,Oval/Medial
TCGGATAAGCCAGTAG-1,4,LHb,LHb,control,b6-lhb-m20_3,Oval/Medial
TCGGATAAGGATCATA-1,4,LHb,LHb,control,b6-lhb-m20_3,Oval/Medial
TCGGATAGTCACCCTT-1,1,LHb,LHb,control,b6-lhb-m20_3,Oval/Medial
TCGGGCATCAAACGAA-1,4,LHb,LHb,control,b6-lhb-m20_3,Lateral
TCGGGTGAGCACGATG-1,1,LHb,LHb,control,b6-lhb-m20_3,Oval/Medial
TCGGGTGCAAGACGAC-1,1,LHb,LHb,control,b6-lhb-m20_3,Oval/Medial
TCGGTCTAGCCTCTGG-1,0,LHb,LHb,control,b6-lhb-m20_3,Oval/Medial
TCGGTCTGTCGTTGGC-1,4,LHb,LHb,control,b6-lhb-m20_3,Hbx
TCGTAGACAGCCGTCA-1,4,LHb,LHb,control,b6-lhb-m20_3,Oval/Medial
TCGTAGATCCTTATGT-1,9,LHb,LHb,control,b6-lhb-m20_3,Marginal
TCGTAGATCTCCCATG-1,4,LHb,LHb,control,b6-lhb-m20_3,Oval/Medial
TCGTCCAAGCTGAAAT-1,4,LHb,LHb,control,b6-lhb-m20_3,Oval/Medial
TCGTGCTAGAGTGACC-1-1,4,LHb,LHb,control,b6-lhb-m20_3,Oval/Medial
TCGTGCTCACCTCTGT-1,1,LHb,LHb,control,b6-lhb-m20_3,Oval/Medial
TCTACATAGAGAATCT-1,1,LHb,LHb,control,b6-lhb-m20_3,Oval/Medial
TCTACATAGTGACACG-1,1,LHb,LHb,control,b6-lhb-m20_3,Oval/Medial
TCTACATGTAGGGTAC-1,1,LHb,LHb,control,b6-lhb-m20_3,Oval/Medial
TCTACATGTTAGGCTT-1,4,LHb,LHb,control,b6-lhb-m20_3,Oval/Medial
TCTACCGAGCGCCTTG-1,4,LHb,LHb,control,b6-lhb-m20_3,Oval/Medial
TCTACCGAGTCTAACC-1-1,1,LHb,LHb,control,b6-lhb-m20_3,Oval/Medial
TCTACCGGTCGGCTAC-1,1,LHb,LHb,control,b6-lhb-m20_3,Oval/Medial
TCTACCGTCCCATTCG-1,1,LHb,LHb,control,b6-lhb-m20_3,Oval/Medial
TCTATACAGGTATAGT-1,4,LHb,LHb,control,b6-lhb-m20_3,Oval/Medial
TCTATACGTACATACC-1,1,LHb,LHb,control,b6-lhb-m20_3,Oval/Medial
TCTATACTCCAAATGC-1,1,LHb,LHb,control,b6-lhb-m20_3,Oval/Medial
TCTATCAGTTGACGGA-1,1,LHb,LHb,control,b6-lhb-m20_3,Oval/Medial
TCTCACGTCTTTCTAG-1,13,LHb,LHb,control,b6-lhb-m20_3,Oval/Medial
TCTCAGCAGAATCGAT-1,1,LHb,LHb,control,b6-lhb-m20_3,Oval/Medial
TCTCAGCGTAGCGCTC-1,4,LHb,LHb,control,b6-lhb-m20_3,Oval/Medial
TCTCAGCGTTTACTGG-1,1,LHb,LHb,control,b6-lhb-m20_3,Oval/Medial
TCTCCGAAGCGAACTG-1,0,LHb,LHb,control,b6-lhb-m20_3,Oval/Medial
TCTCCGAGTGACACGA-1,1,LHb,LHb,control,b6-lhb-m20_3,Oval/Medial
TCTGCCACACCCTTGT-1-1,0,LHb,LHb,control,b6-lhb-m20_3,Oval/Medial
TCTGGCTAGAAGAACG-1,4,LHb,LHb,control,b6-lhb-m20_3,Lateral
TCTGGCTAGCCTTTGA-1,0,LHb,LHb,control,b6-lhb-m20_3,Oval/Medial
TCTGGCTAGGTACCTT-1,1,LHb,LHb,control,b6-lhb-m20_3,Oval/Medial
TCTGGCTCACAGGATG-1,4,LHb,LHb,control,b6-lhb-m20_3,Hbx
TCTGGCTTCATGCATG-1,1,LHb,LHb,control,b6-lhb-m20_3,Oval/Medial
TCTGTCGCAGTTTCAG-1,2,LHb,LHb,control,b6-lhb-m20_3,Oval/Medial
TCTTAGTGTCTCGGAC-1,1,LHb,LHb,control,b6-lhb-m20_3,Oval/Medial
TCTTAGTTCCTATTGT-1,1,LHb,LHb,control,b6-lhb-m20_3,Oval/Medial
TCTTCCTGTATGTCTG-1,1,LHb,LHb,control,b6-lhb-m20_3,Oval/Medial
TCTTCCTGTCGTAATC-1,0,LHb,LHb,control,b6-lhb-m20_3,Oval/Medial
TCTTGCGAGACCCTTA-1,1,LHb,LHb,control,b6-lhb-m20_3,Oval/Medial
TCTTGCGAGCTTTGTG-1,0,LHb,LHb,control,b6-lhb-m20_3,Oval/Medial
TCTTGCGGTATCGATC-1,1,LHb,LHb,control,b6-lhb-m20_3,Oval/Medial
TCTTGCGGTCCACTTC-1,4,LHb,LHb,control,b6-lhb-m20_3,Lateral
TCTTGCGTCTTGCAAG-1,4,LHb,LHb,control,b6-lhb-m20_3,Oval/Medial
TCTTTGAAGTAATTGG-1,4,LHb,LHb,control,b6-lhb-m20_3,Oval/Medial
TCTTTGAAGTCAACAA-1,1,LHb,LHb,control,b6-lhb-m20_3,Oval/Medial
TGAACGTCAATAACGA-1,0,LHb,LHb,control,b6-lhb-m20_3,Lateral
TGAACGTGTGACAGGT-1,0,LHb,LHb,control,b6-lhb-m20_3,Oval/Medial
TGAATGCTCGAGTCCG-1,1,LHb,LHb,control,b6-lhb-m20_3,Oval/Medial
TGACAGTGTAACACGG-1,1,LHb,LHb,control,b6-lhb-m20_3,Oval/Medial
TGACGCGCAGAGGACT-1,4,LHb,LHb,control,b6-lhb-m20_3,Oval/Medial
TGACTCCCAGAGTCAG-1,13,LHb,LHb,control,b6-lhb-m20_3,Lateral
TGACTCCTCGAGTCCG-1,10,LHb,LHb,control,b6-lhb-m20_3,Oval/Medial
TGAGCATCAAGCCCAC-1,4,LHb,LHb,control,b6-lhb-m20_3,Hbx
TGAGCATTCCCGAAAT-1-1,1,LHb,LHb,control,b6-lhb-m20_3,Oval/Medial
TGAGCATTCTACGGTA-1,4,LHb,LHb,control,b6-lhb-m20_3,Oval/Medial
TGAGCGCAGATTGGGC-1,1,LHb,LHb,control,b6-lhb-m20_3,Oval/Medial
TGAGCGCCAGAGACTG-1,1,LHb,LHb,control,b6-lhb-m20_3,Oval/Medial
TGAGGAGAGCAGGCAT-1,13,LHb,LHb,control,b6-lhb-m20_3,Hbx
TGAGGAGTCAGGACGA-1,1,LHb,LHb,control,b6-lhb-m20_3,Oval/Medial
TGAGGGAAGAGCAGAA-1,1,LHb,LHb,control,b6-lhb-m20_3,Oval/Medial
TGAGGGACACAAACGG-1,1,LHb,LHb,control,b6-lhb-m20_3,Oval/Medial
TGAGGGAGTATTTCTC-1,1,LHb,LHb,control,b6-lhb-m20_3,Oval/Medial
TGAGGGATCGATGCTA-1,2,LHb,LHb,control,b6-lhb-m20_3,Oval/Medial
TGAGGTTAGGATTTCC-1,4,LHb,LHb,control,b6-lhb-m20_3,Oval/Medial
TGAGGTTCACTGCGAC-1,1,LHb,LHb,control,b6-lhb-m20_3,Oval/Medial
TGAGGTTTCCTACCGT-1,4,LHb,LHb,control,b6-lhb-m20_3,Oval/Medial
TGAGGTTTCTGAACGT-1,0,LHb,LHb,control,b6-lhb-m20_3,Oval/Medial
TGAGTCAAGACTCATC-1,1,LHb,LHb,control,b6-lhb-m20_3,Oval/Medial
TGAGTCAAGAGATTCA-1-1,1,LHb,LHb,control,b6-lhb-m20_3,Oval/Medial
TGAGTCAAGATGCTGG-1,0,LHb,LHb,control,b6-lhb-m20_3,Oval/Medial
TGAGTCACAATACGAA-1,1,LHb,LHb,control,b6-lhb-m20_3,Oval/Medial
TGAGTCACAGTCCGTG-1,1,LHb,LHb,control,b6-lhb-m20_3,Oval/Medial
TGAGTCAGTCCGTACG-1,4,LHb,LHb,control,b6-lhb-m20_3,Lateral
TGAGTCAGTCGTGGTC-1,4,LHb,LHb,control,b6-lhb-m20_3,Lateral
TGATCAGTCAGTGTGT-1-1,4,LHb,LHb,control,b6-lhb-m20_3,Oval/Medial
TGATGCATCTACGGGC-1,0,LHb,LHb,control,b6-lhb-m20_3,Oval/Medial
TGATGGTAGTTGGGAC-1,1,LHb,LHb,control,b6-lhb-m20_3,Oval/Medial
TGATTCTCATAATCGC-1,4,LHb,LHb,control,b6-lhb-m20_3,Oval/Medial
TGATTCTCATAGAGGC-1-1,1,LHb,LHb,control,b6-lhb-m20_3,Oval/Medial
TGATTTCAGCGGTAGT-1,1,LHb,LHb,control,b6-lhb-m20_3,Oval/Medial
TGATTTCCACGACAGA-1,1,LHb,LHb,control,b6-lhb-m20_3,Oval/Medial
TGATTTCTCACAGAGG-1,4,LHb,LHb,control,b6-lhb-m20_3,Oval/Medial
TGCACGGCAAGTGACG-1,4,LHb,LHb,control,b6-lhb-m20_3,Oval/Medial
TGCACGGGTCCTACAA-1,0,LHb,LHb,control,b6-lhb-m20_3,Hbx
TGCACGGTCATTTCCA-1,13,LHb,LHb,control,b6-lhb-m20_3,Oval/Medial
TGCACGGTCCATCACC-1-1,4,LHb,LHb,control,b6-lhb-m20_3,Oval/Medial
TGCAGATAGCGGTAGT-1,4,LHb,LHb,control,b6-lhb-m20_3,Marginal
TGCAGATTCCACTTTA-1,4,LHb,LHb,control,b6-lhb-m20_3,Hbx
TGCAGGCTCGGCCTTT-1,4,LHb,LHb,control,b6-lhb-m20_3,Oval/Medial
TGCAGTAGTAAGTCAA-1,1,LHb,LHb,control,b6-lhb-m20_3,Oval/Medial
TGCAGTATCGTAATGC-1,0,LHb,LHb,control,b6-lhb-m20_3,Oval/Medial
TGCATCCGTCCTTTGC-1,13,LHb,LHb,control,b6-lhb-m20_3,Hbx
TGCATGACAGCCCAGT-1,4,LHb,LHb,control,b6-lhb-m20_3,Oval/Medial
TGCATGATCAGTGTGT-1,1,LHb,LHb,control,b6-lhb-m20_3,Oval/Medial
TGCCGAGCAATAGGGC-1,1,LHb,LHb,control,b6-lhb-m20_3,Oval/Medial
TGCCGAGTCCTCGCAT-1,0,LHb,LHb,control,b6-lhb-m20_3,Oval/Medial
TGCGACGCAACAGATA-1,1,LHb,LHb,control,b6-lhb-m20_3,Oval/Medial
TGCGACGCACCTTCCA-1,4,LHb,LHb,control,b6-lhb-m20_3,Oval/Medial
TGCGACGGTTTCGACA-1,4,LHb,LHb,control,b6-lhb-m20_3,Oval/Medial
TGCGATACAATGACCT-1,4,LHb,LHb,control,b6-lhb-m20_3,Oval/Medial
TGCGATATCACAGAGG-1,1,LHb,LHb,control,b6-lhb-m20_3,Oval/Medial
TGCGGGTAGCAATAAC-1,1,LHb,LHb,control,b6-lhb-m20_3,Oval/Medial
TGCTCCAAGAGCCTGA-1,1,LHb,LHb,control,b6-lhb-m20_3,Oval/Medial
TGCTCCAAGCTGTCCG-1,0,LHb,LHb,control,b6-lhb-m20_3,Oval/Medial
TGCTCGTAGGAGATAG-1,1,LHb,LHb,control,b6-lhb-m20_3,Oval/Medial
TGCTCGTCAATTGAGA-1,1,LHb,LHb,control,b6-lhb-m20_3,Oval/Medial
TGCTCGTTCCACACAA-1,4,LHb,LHb,control,b6-lhb-m20_3,Oval/Medial
TGCTGAAAGTTACGTC-1-1,4,LHb,LHb,control,b6-lhb-m20_3,Marginal
TGCTTGCAGGCATGGT-1,4,LHb,LHb,control,b6-lhb-m20_3,Oval/Medial
TGGAACTCACTCCACT-1,1,LHb,LHb,control,b6-lhb-m20_3,Lateral
TGGAGAGAGGGCGAGA-1,0,LHb,LHb,control,b6-lhb-m20_3,Oval/Medial
TGGAGAGAGTCATCGT-1,1,LHb,LHb,control,b6-lhb-m20_3,Oval/Medial
TGGAGGAGTGGTCTAT-1,4,LHb,LHb,control,b6-lhb-m20_3,Marginal
TGGATGTCACTCTCGT-1,1,LHb,LHb,control,b6-lhb-m20_3,Oval/Medial
TGGCGTGCACTGTGAT-1,0,LHb,LHb,control,b6-lhb-m20_3,Oval/Medial
TGGCGTGTCCTAAGTG-1,1,LHb,LHb,control,b6-lhb-m20_3,Oval/Medial
TGGGAAGGTCTTTCAT-1,2,LHb,LHb,control,b6-lhb-m20_3,Oval/Medial
TGGGAGAAGTGTTCAC-1,4,LHb,LHb,control,b6-lhb-m20_3,Marginal
TGGGAGAGTAGTTAGA-1,2,LHb,LHb,control,b6-lhb-m20_3,Oval/Medial
TGGGATTCAATCTCGA-1,4,LHb,LHb,control,b6-lhb-m20_3,Oval/Medial
TGGGCTGAGCGTTAGG-1,1,LHb,LHb,control,b6-lhb-m20_3,Oval/Medial
TGGGCTGGTTAAGCAA-1,4,LHb,LHb,control,b6-lhb-m20_3,Hbx
TGGGCTGGTTCAAGGG-1,4,LHb,LHb,control,b6-lhb-m20_3,Hbx
TGGTACACATGACGAG-1,1,LHb,LHb,control,b6-lhb-m20_3,Oval/Medial
TGGTAGTAGCAGGCAT-1,4,LHb,LHb,control,b6-lhb-m20_3,Hbx
TGGTAGTAGTTGAATG-1,4,LHb,LHb,control,b6-lhb-m20_3,Oval/Medial
TGGTAGTTCAGCAATC-1,1,LHb,LHb,control,b6-lhb-m20_3,Oval/Medial
TGGTGATCAGTGGCTC-1,0,LHb,LHb,control,b6-lhb-m20_3,Hbx
TGGTTAGAGGTTGACG-1,1,LHb,LHb,control,b6-lhb-m20_3,Oval/Medial
TGGTTAGCAGGCTTGC-1,1,LHb,LHb,control,b6-lhb-m20_3,Oval/Medial
TGGTTAGTCATGGATC-1-1,0,LHb,LHb,control,b6-lhb-m20_3,Marginal
TGTAACGAGTCCGCGT-1,4,LHb,LHb,control,b6-lhb-m20_3,Oval/Medial
TGTAAGCAGCACGTCC-1,1,LHb,LHb,control,b6-lhb-m20_3,Oval/Medial
TGTAAGCCATGGAAGC-1,1,LHb,LHb,control,b6-lhb-m20_3,Oval/Medial
TGTAAGCGTTGACTGT-1,0,LHb,LHb,control,b6-lhb-m20_3,Oval/Medial
TGTACAGAGCTAAATG-1,4,LHb,LHb,control,b6-lhb-m20_3,Marginal
TGTACAGAGGAACGCT-1,1,LHb,LHb,control,b6-lhb-m20_3,Oval/Medial
TGTACAGAGGGTATAT-1,1,LHb,LHb,control,b6-lhb-m20_3,Oval/Medial
TGTACAGAGTTGGCTT-1,1,LHb,LHb,control,b6-lhb-m20_3,Oval/Medial
TGTACAGCACCCTGTT-1,1,LHb,LHb,control,b6-lhb-m20_3,Oval/Medial
TGTACAGCACTTCCTG-1,0,LHb,LHb,control,b6-lhb-m20_3,Hbx
TGTACAGGTGATATAG-1,4,LHb,LHb,control,b6-lhb-m20_3,Oval/Medial
TGTAGACCAAGGGTCA-1,4,LHb,LHb,control,b6-lhb-m20_3,Marginal
TGTCAGAAGAACAAGG-1,0,LHb,LHb,control,b6-lhb-m20_3,Oval/Medial
TGTCAGAAGGTTTACC-1,1,LHb,LHb,control,b6-lhb-m20_3,Oval/Medial
TGTCAGACATGCAGGA-1,4,LHb,LHb,control,b6-lhb-m20_3,Oval/Medial
TGTCAGAGTCCGCAGT-1,13,LHb,LHb,control,b6-lhb-m20_3,Lateral
TGTCCACCAAGCGCTC-1,1,LHb,LHb,control,b6-lhb-m20_3,Oval/Medial
TGTCCACCATGACGTT-1,1,LHb,LHb,control,b6-lhb-m20_3,Oval/Medial
TGTCCCATCCGCGAGT-1,0,LHb,LHb,control,b6-lhb-m20_3,Oval/Medial
TGTCCTGAGCCAGTAG-1,1,LHb,LHb,control,b6-lhb-m20_3,Oval/Medial
TGTCCTGTCACGTAGT-1,4,LHb,LHb,control,b6-lhb-m20_3,Lateral
TGTGAGTAGCGAGGAG-1,4,LHb,LHb,control,b6-lhb-m20_3,Marginal
TGTGAGTGTATCACCA-1,4,LHb,LHb,control,b6-lhb-m20_3,Hbx
TGTGATGAGGATATGT-1-1,4,LHb,LHb,control,b6-lhb-m20_3,Oval/Medial
TGTGATGAGGATTTAG-1,1,LHb,LHb,control,b6-lhb-m20_3,Oval/Medial
TGTGCGGGTAGTCTGT-1,4,LHb,LHb,control,b6-lhb-m20_3,Marginal
TGTGCGGGTCAGGTAG-1,1,LHb,LHb,control,b6-lhb-m20_3,Oval/Medial
TGTGCGGTCAGCTTGA-1,4,LHb,LHb,control,b6-lhb-m20_3,Oval/Medial
TGTGGCGAGCTGTACT-1,1,LHb,LHb,control,b6-lhb-m20_3,Oval/Medial
TGTGGCGCACGCAGTC-1,1,LHb,LHb,control,b6-lhb-m20_3,Oval/Medial
TGTGGCGGTCAAAGTA-1,4,LHb,LHb,control,b6-lhb-m20_3,Marginal
TGTGTGATCGGCCTTT-1,1,LHb,LHb,control,b6-lhb-m20_3,Oval/Medial
TGTTACTGTTCCCACT-1,0,LHb,LHb,control,b6-lhb-m20_3,Oval/Medial
TGTTCCGAGCAACAGC-1,1,LHb,LHb,control,b6-lhb-m20_3,Oval/Medial
TGTTCCGAGGATTTAG-1,4,LHb,LHb,control,b6-lhb-m20_3,Oval/Medial
TGTTCTAAGATTGATG-1,1,LHb,LHb,control,b6-lhb-m20_3,Oval/Medial
TGTTCTACAATACCCA-1,0,LHb,LHb,control,b6-lhb-m20_3,Oval/Medial
TGTTCTAGTTCCTAAG-1,0,LHb,LHb,control,b6-lhb-m20_3,Oval/Medial
TGTTCTATCGAACACT-1,1,LHb,LHb,control,b6-lhb-m20_3,Oval/Medial
TGTTGAGTCCCTTGGT-1,1,LHb,LHb,control,b6-lhb-m20_3,Oval/Medial
TGTTGGAAGGAAGAAC-1,13,LHb,LHb,control,b6-lhb-m20_3,Oval/Medial
TGTTGGAAGTTCCTGA-1,4,LHb,LHb,control,b6-lhb-m20_3,Oval/Medial
TGTTTGTAGTCATGAA-1,1,LHb,LHb,control,b6-lhb-m20_3,Oval/Medial
TTAATCCAGAAAGTCT-1,1,LHb,LHb,control,b6-lhb-m20_3,Oval/Medial
TTAATCCAGATTGTGA-1,0,LHb,LHb,control,b6-lhb-m20_3,Oval/Medial
TTAATCCCACAAGCTT-1,1,LHb,LHb,control,b6-lhb-m20_3,Oval/Medial
TTAATCCTCCGCGATG-1,1,LHb,LHb,control,b6-lhb-m20_3,Oval/Medial
TTACAGGGTATCGCGC-1,1,LHb,LHb,control,b6-lhb-m20_3,Oval/Medial
TTACAGGGTCCAAGAG-1,1,LHb,LHb,control,b6-lhb-m20_3,Oval/Medial
TTACAGGGTGGTCCGT-1,1,LHb,LHb,control,b6-lhb-m20_3,Oval/Medial
TTACAGGGTTCGTGCG-1,0,LHb,LHb,control,b6-lhb-m20_3,Oval/Medial
TTACCATGTCTCTCCA-1,1,LHb,LHb,control,b6-lhb-m20_3,Oval/Medial
TTACCGCGTAGCTGTT-1,4,LHb,LHb,control,b6-lhb-m20_3,Oval/Medial
TTACGCCAGTAACGTA-1,1,LHb,LHb,control,b6-lhb-m20_3,Lateral
TTACGCCGTATCCTCC-1,1,LHb,LHb,control,b6-lhb-m20_3,Oval/Medial
TTACGCCTCTCGACGG-1,4,LHb,LHb,control,b6-lhb-m20_3,Marginal
TTACGTTGTGCATTAC-1,0,LHb,LHb,control,b6-lhb-m20_3,Lateral
TTACTGTAGGCCGCTT-1,0,LHb,LHb,control,b6-lhb-m20_3,Oval/Medial
TTAGGCACAATAGTCC-1,1,LHb,LHb,control,b6-lhb-m20_3,Oval/Medial
TTAGGCAGTGAACCGA-1,2,LHb,LHb,control,b6-lhb-m20_3,Oval/Medial
TTAGGCAGTGTGCCTG-1,4,LHb,LHb,control,b6-lhb-m20_3,Oval/Medial
TTAGGCATCATGCAGT-1,1,LHb,LHb,control,b6-lhb-m20_3,Oval/Medial
TTAGGGTCAGCACAAG-1,1,LHb,LHb,control,b6-lhb-m20_3,Oval/Medial
TTAGGGTGTATAGGAT-1,1,LHb,LHb,control,b6-lhb-m20_3,Oval/Medial
TTAGGGTTCAAAGGAT-1,1,LHb,LHb,control,b6-lhb-m20_3,Oval/Medial
TTAGTCTGTAAGTTAG-1,1,LHb,LHb,control,b6-lhb-m20_3,Oval/Medial
TTATTGCAGGCCCACT-1,4,LHb,LHb,control,b6-lhb-m20_3,Lateral
TTATTGCCAAATTGGA-1,0,LHb,LHb,control,b6-lhb-m20_3,Oval/Medial
TTATTGCGTAGCACAG-1,1,LHb,LHb,control,b6-lhb-m20_3,Oval/Medial
TTATTGCTCGAACCAT-1,1,LHb,LHb,control,b6-lhb-m20_3,Oval/Medial
TTATTGCTCTGCTGAA-1,0,LHb,LHb,control,b6-lhb-m20_3,Lateral
TTCAATCTCCATGCAA-1,1,LHb,LHb,control,b6-lhb-m20_3,Oval/Medial
TTCAATCTCTTGTTAC-1-1,1,LHb,LHb,control,b6-lhb-m20_3,Oval/Medial
TTCACCGAGCCGTAAG-1,4,LHb,LHb,control,b6-lhb-m20_3,Lateral
TTCACCGTCTATACGG-1,1,LHb,LHb,control,b6-lhb-m20_3,Oval/Medial
TTCACGCCAGCTACCG-1,1,LHb,LHb,control,b6-lhb-m20_3,Oval/Medial
TTCAGGAAGTTGAAAC-1,4,LHb,LHb,control,b6-lhb-m20_3,Oval/Medial
TTCATGTGTACCCACG-1,4,LHb,LHb,control,b6-lhb-m20_3,Oval/Medial
TTCATGTGTCCGGTCA-1-1,0,LHb,LHb,control,b6-lhb-m20_3,Oval/Medial
TTCATTGGTCCACTTC-1,1,LHb,LHb,control,b6-lhb-m20_3,Oval/Medial
TTCATTGGTCTAGGCC-1,1,LHb,LHb,control,b6-lhb-m20_3,Oval/Medial
TTCCAATGTGACTGTT-1,1,LHb,LHb,control,b6-lhb-m20_3,Oval/Medial
TTCCACGCAAAGGCGT-1,0,LHb,LHb,control,b6-lhb-m20_3,Oval/Medial
TTCCACGCAAGGTCGA-1,4,LHb,LHb,control,b6-lhb-m20_3,Oval/Medial
TTCCACGGTATCGATC-1,4,LHb,LHb,control,b6-lhb-m20_3,Lateral
TTCCGGTGTGGCATCC-1,1,LHb,LHb,control,b6-lhb-m20_3,Oval/Medial
TTCCGTGAGGATGAGA-1,4,LHb,LHb,control,b6-lhb-m20_3,Oval/Medial
TTCCGTGAGGCTTAGG-1,4,LHb,LHb,control,b6-lhb-m20_3,Marginal
TTCCGTGGTGATAGTA-1,1,LHb,LHb,control,b6-lhb-m20_3,Oval/Medial
TTCCTAAAGGACAGTC-1,4,LHb,LHb,control,b6-lhb-m20_3,Oval/Medial
TTCCTAAAGTCACGCC-1,1,LHb,LHb,control,b6-lhb-m20_3,Oval/Medial
TTCCTAACACGCTATA-1,1,LHb,LHb,control,b6-lhb-m20_3,Oval/Medial
TTCCTCTCAGTTGTTG-1,1,LHb,LHb,control,b6-lhb-m20_3,Oval/Medial
TTCGATTCACAATCTG-1,0,LHb,LHb,control,b6-lhb-m20_3,Oval/Medial
TTCGATTGTCGTCTCT-1,4,LHb,LHb,control,b6-lhb-m20_3,Hbx
TTCGGTCCAGTCCCGA-1,1,LHb,LHb,control,b6-lhb-m20_3,Oval/Medial
TTCTAACGTAGGCAAC-1,13,LHb,LHb,control,b6-lhb-m20_3,Lateral
TTCTAGTGTGCATTTG-1,13,LHb,LHb,control,b6-lhb-m20_3,Oval/Medial
TTCTCTCAGGGATCGT-1,1,LHb,LHb,control,b6-lhb-m20_3,Oval/Medial
TTCTCTCCAGAAACCG-1,1,LHb,LHb,control,b6-lhb-m20_3,Hbx
TTCTGTAAGAATAACC-1,1,LHb,LHb,control,b6-lhb-m20_3,Oval/Medial
TTCTGTACACACGCCA-1-1,1,LHb,LHb,control,b6-lhb-m20_3,Oval/Medial
TTCTTCCAGCAGTCTT-1,4,LHb,LHb,control,b6-lhb-m20_3,Oval/Medial
TTCTTCCTCCTGTTGC-1,13,LHb,LHb,control,b6-lhb-m20_3,Oval/Medial
TTCTTGACAATCCAGT-1,4,LHb,LHb,control,b6-lhb-m20_3,Oval/Medial
TTCTTGAGTCTCAGAT-1,1,LHb,LHb,control,b6-lhb-m20_3,Oval/Medial
TTCTTGAGTTCTCGCT-1,4,LHb,LHb,control,b6-lhb-m20_3,Oval/Medial
TTGACCCCAGCAGGAT-1,13,LHb,LHb,control,b6-lhb-m20_3,Oval/Medial
TTGACCCGTATCGTTG-1,4,LHb,LHb,control,b6-lhb-m20_3,Oval/Medial
TTGACCCGTTCATCTT-1,1,LHb,LHb,control,b6-lhb-m20_3,Lateral
TTGACCCGTTGGGTAG-1,1,LHb,LHb,control,b6-lhb-m20_3,Oval/Medial
TTGACCCTCCCTATTA-1,1,LHb,LHb,control,b6-lhb-m20_3,Oval/Medial
TTGAGTGCATTCCTCG-1,1,LHb,LHb,control,b6-lhb-m20_3,Oval/Medial
TTGATGGAGATGCTAA-1,1,LHb,LHb,control,b6-lhb-m20_3,Lateral
TTGATGGCACGTTGGC-1,1,LHb,LHb,control,b6-lhb-m20_3,Oval/Medial
TTGATGGTCTTACGTT-1,1,LHb,LHb,control,b6-lhb-m20_3,Oval/Medial
TTGCATTAGGTCATAA-1,1,LHb,LHb,control,b6-lhb-m20_3,Oval/Medial
TTGCATTCAACACAAA-1,13,LHb,LHb,control,b6-lhb-m20_3,Lateral
TTGCATTGTCCAAAGG-1,1,LHb,LHb,control,b6-lhb-m20_3,Oval/Medial
TTGCCTGTCATGTCAG-1-1,1,LHb,LHb,control,b6-lhb-m20_3,Oval/Medial
TTGCCTGTCATTCACT-1,24,LHb,LHb,control,b6-lhb-m20_3,Oval/Medial
TTGCCTGTCATTTGTC-1,4,LHb,LHb,control,b6-lhb-m20_3,Oval/Medial
TTGCCTGTCGCAAGAG-1-1,4,LHb,LHb,control,b6-lhb-m20_3,Hbx
TTGCGTCAGAAGCCTG-1,13,LHb,LHb,control,b6-lhb-m20_3,Lateral
TTGCGTCAGCTAGTTC-1,4,LHb,LHb,control,b6-lhb-m20_3,Oval/Medial
TTGCGTCTCTTTGCTA-1,4,LHb,LHb,control,b6-lhb-m20_3,Oval/Medial
TTGCTGCAGTCGAAGC-1,1,LHb,LHb,control,b6-lhb-m20_3,Oval/Medial
TTGCTGCCAACTGAAA-1,4,LHb,LHb,control,b6-lhb-m20_3,Oval/Medial
TTGCTGCCATGTTACG-1,1,LHb,LHb,control,b6-lhb-m20_3,Oval/Medial
TTGCTGCTCTTCTGGC-1,1,LHb,LHb,control,b6-lhb-m20_3,Oval/Medial
TTGGATGAGCCGAATG-1,4,LHb,LHb,control,b6-lhb-m20_3,Oval/Medial
TTGGATGAGGCTCCCA-1,4,LHb,LHb,control,b6-lhb-m20_3,Marginal
TTGGATGAGTCCCTAA-1,1,LHb,LHb,control,b6-lhb-m20_3,Oval/Medial
TTGGATGCAACTGCTA-1,1,LHb,LHb,control,b6-lhb-m20_3,Oval/Medial
TTGGATGCATAGGTTC-1-1,1,LHb,LHb,control,b6-lhb-m20_3,Oval/Medial
TTGGATGGTCTTCCGT-1,0,LHb,LHb,control,b6-lhb-m20_3,Oval/Medial
TTGGGATGTGGCTTAT-1,1,LHb,LHb,control,b6-lhb-m20_3,Oval/Medial
TTGGGATTCATTTCCA-1,0,LHb,LHb,control,b6-lhb-m20_3,Oval/Medial
TTGGGCGAGAGTGACC-1,1,LHb,LHb,control,b6-lhb-m20_3,Oval/Medial
TTGGGCGCACGACAGA-1,1,LHb,LHb,control,b6-lhb-m20_3,Oval/Medial
TTGGGTAAGGTGTGAC-1,1,LHb,LHb,control,b6-lhb-m20_3,Oval/Medial
TTGGGTACACTACTTT-1,1,LHb,LHb,control,b6-lhb-m20_3,Oval/Medial
TTGGTTTAGGTTCTTG-1,4,LHb,LHb,control,b6-lhb-m20_3,Oval/Medial
TTGGTTTAGTCATACC-1,1,LHb,LHb,control,b6-lhb-m20_3,Oval/Medial
TTGGTTTAGTGGCCTC-1,0,LHb,LHb,control,b6-lhb-m20_3,Hbx
TTGGTTTAGTTCTACG-1,1,LHb,LHb,control,b6-lhb-m20_3,Oval/Medial
TTGGTTTGTCTCGACG-1,1,LHb,LHb,control,b6-lhb-m20_3,Oval/Medial
TTGGTTTGTTTCGGCG-1,1,LHb,LHb,control,b6-lhb-m20_3,Oval/Medial
TTGGTTTTCAGTGCGC-1,1,LHb,LHb,control,b6-lhb-m20_3,Oval/Medial
TTGGTTTTCTCTCGAC-1,0,LHb,LHb,control,b6-lhb-m20_3,Oval/Medial
TTGTGGACACTACCCT-1,0,LHb,LHb,control,b6-lhb-m20_3,Oval/Medial
TTGTGGAGTCGAACAG-1,0,LHb,LHb,control,b6-lhb-m20_3,Oval/Medial
TTGTTCACAGGCTTGC-1,1,LHb,LHb,control,b6-lhb-m20_3,Oval/Medial
TTGTTCAGTCACTACA-1,1,LHb,LHb,control,b6-lhb-m20_3,Oval/Medial
TTGTTGTCATCTAACG-1,0,LHb,LHb,control,b6-lhb-m20_3,Oval/Medial
TTGTTTGAGCATTTCG-1,1,LHb,LHb,control,b6-lhb-m20_3,Oval/Medial
TTTACCATCTTTGCGC-1-1,1,LHb,LHb,control,b6-lhb-m20_3,Hbx
TTTACGTAGTTGCTCA-1,1,LHb,LHb,control,b6-lhb-m20_3,Oval/Medial
TTTACGTGTTGCTAGT-1,1,LHb,LHb,control,b6-lhb-m20_3,Oval/Medial
TTTACGTTCAGCCCAG-1,4,LHb,LHb,control,b6-lhb-m20_3,Lateral
TTTACTGGTTATGTGC-1,1,LHb,LHb,control,b6-lhb-m20_3,Oval/Medial
TTTACTGGTTGTCTAG-1,1,LHb,LHb,control,b6-lhb-m20_3,Oval/Medial
TTTACTGTCAAGGACG-1,1,LHb,LHb,control,b6-lhb-m20_3,Oval/Medial
TTTAGTCCAGAGAAAG-1,4,LHb,LHb,control,b6-lhb-m20_3,Oval/Medial
TTTAGTCGTCGCGTCA-1,0,LHb,LHb,control,b6-lhb-m20_3,Oval/Medial
TTTAGTCGTCTAACGT-1,9,LHb,LHb,control,b6-lhb-m20_3,Marginal
TTTAGTCTCGTTACCC-1,1,LHb,LHb,control,b6-lhb-m20_3,Oval/Medial
TTTCACAAGTATAGGT-1,4,LHb,LHb,control,b6-lhb-m20_3,Hbx
TTTCACACAAAGGCGT-1,1,LHb,LHb,control,b6-lhb-m20_3,Oval/Medial
TTTCACAGTCTTCTAT-1,13,LHb,LHb,control,b6-lhb-m20_3,Oval/Medial
TTTCACATCCGCTGTT-1,0,LHb,LHb,control,b6-lhb-m20_3,Oval/Medial
TTTCACATCGCCTTTG-1,0,LHb,LHb,control,b6-lhb-m20_3,Oval/Medial
TTTCACATCTTGAGCA-1,4,LHb,LHb,control,b6-lhb-m20_3,Oval/Medial
TTTCAGTAGACTCTTG-1,4,LHb,LHb,control,b6-lhb-m20_3,Lateral
TTTCAGTCACTAGGCC-1,4,LHb,LHb,control,b6-lhb-m20_3,Lateral
TTTCAGTTCTACCAGA-1,1,LHb,LHb,control,b6-lhb-m20_3,Oval/Medial
TTTCGATTCCAAATGC-1,4,LHb,LHb,control,b6-lhb-m20_3,Hbx
TTTGACTAGATAGCTA-1,1,LHb,LHb,control,b6-lhb-m20_3,Oval/Medial
TTTGACTGTACCCGAC-1,1,LHb,LHb,control,b6-lhb-m20_3,Lateral
TTTGACTTCTCGTTTA-1,0,LHb,LHb,control,b6-lhb-m20_3,Lateral
TTTGATCAGGCTTTCA-1-1,13,LHb,LHb,control,b6-lhb-m20_3,Oval/Medial
TTTGATCCAACACGAG-1,4,LHb,LHb,control,b6-lhb-m20_3,Oval/Medial
TTTGATCCAGAATCGG-1,0,LHb,LHb,control,b6-lhb-m20_3,Oval/Medial
TTTGATCGTTGTCCCT-1,4,LHb,LHb,control,b6-lhb-m20_3,Hbx
TTTGATCGTTGTGGCC-1,1,LHb,LHb,control,b6-lhb-m20_3,Oval/Medial
TTTGATCTCCATTTAC-1,0,LHb,LHb,control,b6-lhb-m20_3,Oval/Medial
TTTGGAGGTCTGTGTA-1,1,LHb,LHb,control,b6-lhb-m20_3,Oval/Medial
TTTGGTTAGTTCATCG-1,4,LHb,LHb,control,b6-lhb-m20_3,Oval/Medial
TTTGGTTTCGGATACT-1,4,LHb,LHb,control,b6-lhb-m20_3,Marginal
TTTGTTGAGAGCAAGA-1,1,LHb,LHb,control,b6-lhb-m20_3,Oval/Medial
AAAGAACGTCGTTATG-1,1,LHb,LHb,tst,b2-lhb-m04_3,Hbx
AAAGGTAGTAGCGTCC-1,13,LHb,LHb,tst,b2-lhb-m04_3,Oval/Medial
AACAACCAGTAAACGT-1,1,LHb,LHb,tst,b2-lhb-m04_3,Oval/Medial
AACACACAGTCTGGAG-1,1,LHb,LHb,tst,b2-lhb-m04_3,Oval/Medial
AACAGGGTCATCGCTC-1,1,LHb,LHb,tst,b2-lhb-m04_3,Hbx
AACCAACAGCGCTGCT-1,1,LHb,LHb,tst,b2-lhb-m04_3,Oval/Medial
AACCAACAGGCATCGA-1,13,LHb,LHb,tst,b2-lhb-m04_3,Lateral
AACCACAAGTGCTCAT-1,4,LHb,LHb,tst,b2-lhb-m04_3,Hbx
AACCACATCAAAGCCT-1,13,LHb,LHb,tst,b2-lhb-m04_3,Hbx
AACCCAACAGAGAGGG-1,1,LHb,LHb,tst,b2-lhb-m04_3,Oval/Medial
AACCTTTCAGCTATTG-1,1,LHb,LHb,tst,b2-lhb-m04_3,Hbx
AACGAAACAAAGGCAC-1-1,1,LHb,LHb,tst,b2-lhb-m04_3,Oval/Medial
AACGAAAGTCCGAAGA-1,1,LHb,LHb,tst,b2-lhb-m04_3,Hbx
AACGTCAAGTTCCATG-1,5,LHb,LHb,tst,b2-lhb-m04_3,Oval/Medial
AAGAACAAGAGTGAAG-1,1,LHb,LHb,tst,b2-lhb-m04_3,Oval/Medial
AAGAACAAGTTACTCG-1,1,LHb,LHb,tst,b2-lhb-m04_3,Oval/Medial
AAGAACAAGTTGAATG-1,9,LHb,LHb,tst,b2-lhb-m04_3,Oval/Medial
AAGAACATCGAACCAT-1,1,LHb,LHb,tst,b2-lhb-m04_3,Oval/Medial
AAGTACCCATACATCG-1,9,LHb,LHb,tst,b2-lhb-m04_3,Marginal
AAGTGAACAAGTGCTT-1,1,LHb,LHb,tst,b2-lhb-m04_3,Oval/Medial
AAGTTCGGTTGGACCC-1,1,LHb,LHb,tst,b2-lhb-m04_3,Lateral
AATGACCAGATGCGAC-1,1,LHb,LHb,tst,b2-lhb-m04_3,Oval/Medial
AATTTCCGTACAGAAT-1,1,LHb,LHb,tst,b2-lhb-m04_3,Oval/Medial
AATTTCCTCCTAACAG-1,1,LHb,LHb,tst,b2-lhb-m04_3,Oval/Medial
ACAAAGAGTGCCTATA-1,9,LHb,LHb,tst,b2-lhb-m04_3,Marginal
ACACCAAAGGTTTACC-1,4,LHb,LHb,tst,b2-lhb-m04_3,Hbx
ACACCAAGTCACTGAT-1-1,1,LHb,LHb,tst,b2-lhb-m04_3,Oval/Medial
ACACCAAGTTGCAAGG-1-1,1,LHb,LHb,tst,b2-lhb-m04_3,Oval/Medial
ACACGCGAGGTTCTTG-1,1,LHb,LHb,tst,b2-lhb-m04_3,Hbx
ACAGCCGAGGTTCATC-1,1,LHb,LHb,tst,b2-lhb-m04_3,Oval/Medial
ACATCGAAGTTTGGCT-1,4,LHb,LHb,tst,b2-lhb-m04_3,Hbx
ACATTTCAGAGGGTGG-1,1,LHb,LHb,tst,b2-lhb-m04_3,Oval/Medial
ACCAAACGTGCCCGTA-1,1,LHb,LHb,tst,b2-lhb-m04_3,Oval/Medial
ACCAACATCAGGCGAA-1,1,LHb,LHb,tst,b2-lhb-m04_3,Oval/Medial
ACCCTTGCAACCCTCT-1,1,LHb,LHb,tst,b2-lhb-m04_3,Oval/Medial
ACCTACCGTTGGTACT-1,1,LHb,LHb,tst,b2-lhb-m04_3,Oval/Medial
ACCTGAACATGACACT-1,1,LHb,LHb,tst,b2-lhb-m04_3,Oval/Medial
ACCTGTCGTGCCTGCA-1,1,LHb,LHb,tst,b2-lhb-m04_3,Lateral
ACGATCAAGAGCTGCA-1,1,LHb,LHb,tst,b2-lhb-m04_3,Oval/Medial
ACGGAAGGTTGTGTTG-1,1,LHb,LHb,tst,b2-lhb-m04_3,Oval/Medial
ACGGGTCGTGAGACGT-1,9,LHb,LHb,tst,b2-lhb-m04_3,Marginal
ACGGGTCTCCGGTAGC-1,1,LHb,LHb,tst,b2-lhb-m04_3,Lateral
ACGGTCGCACAAATAG-1,9,LHb,LHb,tst,b2-lhb-m04_3,Marginal
ACGGTTATCTAGACCA-1,1,LHb,LHb,tst,b2-lhb-m04_3,Oval/Medial
ACGTAACCAAGAAATC-1,1,LHb,LHb,tst,b2-lhb-m04_3,Oval/Medial
ACGTACACACGGCACT-1,2,LHb,LHb,tst,b2-lhb-m04_3,Oval/Medial
ACGTCCTAGGATTCAA-1,2,LHb,LHb,tst,b2-lhb-m04_3,Oval/Medial
ACTCTCGAGTGAGCCA-1,4,LHb,LHb,tst,b2-lhb-m04_3,Hbx
ACTGATGGTAATCAGA-1-1,1,LHb,LHb,tst,b2-lhb-m04_3,Lateral
ACTTAGGGTAGACGTG-1,1,LHb,LHb,tst,b2-lhb-m04_3,Oval/Medial
ACTTTCACATGCGGTC-1,9,LHb,LHb,tst,b2-lhb-m04_3,Marginal
AGAAATGCAAGGTCGA-1,1,LHb,LHb,tst,b2-lhb-m04_3,Hbx
AGAACCTGTCGGATTT-1,4,LHb,LHb,tst,b2-lhb-m04_3,Lateral
AGAAGTAAGTGCACTT-1-1,1,LHb,LHb,tst,b2-lhb-m04_3,Oval/Medial
AGACAAAGTTCAGCGC-1,1,LHb,LHb,tst,b2-lhb-m04_3,Oval/Medial
AGACAGGAGGTTCTAC-1,9,LHb,LHb,tst,b2-lhb-m04_3,Marginal
AGAGAGCGTGACGCCT-1,13,LHb,LHb,tst,b2-lhb-m04_3,Oval/Medial
AGAGCAGTCGAACTCA-1,9,LHb,LHb,tst,b2-lhb-m04_3,Marginal
AGATCCAGTTCAAAGA-1,1,LHb,LHb,tst,b2-lhb-m04_3,Oval/Medial
AGATCGTTCTAGCAAC-1,4,LHb,LHb,tst,b2-lhb-m04_3,Oval/Medial
AGCATCAGTCGCATTA-1,1,LHb,LHb,tst,b2-lhb-m04_3,Oval/Medial
AGCGATTAGTTAACAG-1,1,LHb,LHb,tst,b2-lhb-m04_3,Oval/Medial
AGCGATTTCACCTACC-1,1,LHb,LHb,tst,b2-lhb-m04_3,Oval/Medial
AGGAAATCACACAGCC-1,1,LHb,LHb,tst,b2-lhb-m04_3,Oval/Medial
AGGAAATCAGAGTAAT-1,1,LHb,LHb,tst,b2-lhb-m04_3,Oval/Medial
AGGAATAGTTCTCGCT-1,9,LHb,LHb,tst,b2-lhb-m04_3,Marginal
AGGACTTCAGCTGTAT-1,1,LHb,LHb,tst,b2-lhb-m04_3,Lateral
AGGATCTGTTCGAACT-1-1,1,LHb,LHb,tst,b2-lhb-m04_3,Oval/Medial
AGGCATTAGTGCCCGT-1,1,LHb,LHb,tst,b2-lhb-m04_3,Oval/Medial
AGGCTGCTCACTGTCC-1,9,LHb,LHb,tst,b2-lhb-m04_3,Marginal
AGGGCCTAGTTGGCGA-1,1,LHb,LHb,tst,b2-lhb-m04_3,Oval/Medial
AGGGCCTCATAGAGGC-1-1,1,LHb,LHb,tst,b2-lhb-m04_3,Oval/Medial
AGGGTCCGTCAAGGCA-1,1,LHb,LHb,tst,b2-lhb-m04_3,Oval/Medial
AGGGTGAGTCATCCGG-1,1,LHb,LHb,tst,b2-lhb-m04_3,Oval/Medial
AGGGTTTCATGAGGGT-1-1,4,LHb,LHb,tst,b2-lhb-m04_3,Lateral
AGGTAGGAGGTGCCAA-1,9,LHb,LHb,tst,b2-lhb-m04_3,Marginal
AGGTCTAAGAAGGTAG-1,1,LHb,LHb,tst,b2-lhb-m04_3,Lateral
AGGTCTATCCATAGAC-1,1,LHb,LHb,tst,b2-lhb-m04_3,Lateral
AGGTGTTAGATGGCGT-1,1,LHb,LHb,tst,b2-lhb-m04_3,Oval/Medial
AGGTTGTAGTCACGAG-1,1,LHb,LHb,tst,b2-lhb-m04_3,Oval/Medial
AGTAACCTCGGCCCAA-1,1,LHb,LHb,tst,b2-lhb-m04_3,Oval/Medial
AGTAGCTCAAGGGTCA-1,9,LHb,LHb,tst,b2-lhb-m04_3,Marginal
AGTAGCTTCTCTTGCG-1,1,LHb,LHb,tst,b2-lhb-m04_3,Oval/Medial
AGTCAACCACCAGCTG-1,1,LHb,LHb,tst,b2-lhb-m04_3,Lateral
AGTCTCCCAGACGGAT-1,9,LHb,LHb,tst,b2-lhb-m04_3,Marginal
AGTCTCCTCTCATGGA-1,9,LHb,LHb,tst,b2-lhb-m04_3,Oval/Medial
AGTGATCCACGACAAG-1,9,LHb,LHb,tst,b2-lhb-m04_3,Marginal
AGTGATCGTACTCGTA-1,1,LHb,LHb,tst,b2-lhb-m04_3,Oval/Medial
AGTGTTGTCTAGTTCT-1,1,LHb,LHb,tst,b2-lhb-m04_3,Oval/Medial
AGTTAGCGTATCCTTT-1,1,LHb,LHb,tst,b2-lhb-m04_3,Lateral
ATATCCTGTGGTCAAG-1,1,LHb,LHb,tst,b2-lhb-m04_3,Oval/Medial
ATCAGGTGTAATGTGA-1,1,LHb,LHb,tst,b2-lhb-m04_3,Hbx
ATCCCTGCAATAGGAT-1,9,LHb,LHb,tst,b2-lhb-m04_3,Oval/Medial
ATCCCTGGTACAGCGA-1,1,LHb,LHb,tst,b2-lhb-m04_3,Oval/Medial
ATCGATGGTATCAAGA-1,1,LHb,LHb,tst,b2-lhb-m04_3,Oval/Medial
ATCGCCTGTACGTGAG-1,1,LHb,LHb,tst,b2-lhb-m04_3,Oval/Medial
ATCGCCTTCCCGTGAG-1,9,LHb,LHb,tst,b2-lhb-m04_3,Marginal
ATCGTCCTCGCGCCAA-1,9,LHb,LHb,tst,b2-lhb-m04_3,Marginal
ATCGTGATCCACAGCG-1-1,9,LHb,LHb,tst,b2-lhb-m04_3,Marginal
ATCTTCACAATAACGA-1,1,LHb,LHb,tst,b2-lhb-m04_3,Oval/Medial
ATCTTCATCATGGAGG-1,1,LHb,LHb,tst,b2-lhb-m04_3,Oval/Medial
ATGAGGGTCGGTGTTA-1,9,LHb,LHb,tst,b2-lhb-m04_3,Marginal
ATGCATGGTCCGGATC-1,1,LHb,LHb,tst,b2-lhb-m04_3,Oval/Medial
ATGCCTCGTCCAGGTC-1,1,LHb,LHb,tst,b2-lhb-m04_3,Oval/Medial
ATGCGATCAATCGCGC-1,9,LHb,LHb,tst,b2-lhb-m04_3,Marginal
ATGGAGGGTAGCCAGA-1,9,LHb,LHb,tst,b2-lhb-m04_3,Marginal
ATGGATCAGGGTACGT-1,9,LHb,LHb,tst,b2-lhb-m04_3,Oval/Medial
ATGTCTTTCCAATCCC-1,1,LHb,LHb,tst,b2-lhb-m04_3,Hbx
ATTACCTGTCATGACT-1,1,LHb,LHb,tst,b2-lhb-m04_3,Oval/Medial
ATTATCCCATCCGAGC-1,1,LHb,LHb,tst,b2-lhb-m04_3,Oval/Medial
ATTATCCGTGAGAGGG-1,4,LHb,LHb,tst,b2-lhb-m04_3,Oval/Medial
ATTCATCTCCGTACGG-1,1,LHb,LHb,tst,b2-lhb-m04_3,Oval/Medial
ATTCCATTCGGAGTGA-1,1,LHb,LHb,tst,b2-lhb-m04_3,Oval/Medial
ATTCGTTCAGGTGTTT-1,9,LHb,LHb,tst,b2-lhb-m04_3,Marginal
ATTCGTTGTTAAGAAC-1,9,LHb,LHb,tst,b2-lhb-m04_3,Marginal
ATTCTACCACACACTA-1,1,LHb,LHb,tst,b2-lhb-m04_3,Oval/Medial
ATTGGGTTCCTAAACG-1,1,LHb,LHb,tst,b2-lhb-m04_3,Oval/Medial
ATTTCACAGACATATG-1,1,LHb,LHb,tst,b2-lhb-m04_3,Oval/Medial
ATTTCTGAGTCAGAGC-1,1,LHb,LHb,tst,b2-lhb-m04_3,Lateral
ATTTCTGCACACAGAG-1,1,LHb,LHb,tst,b2-lhb-m04_3,Oval/Medial
ATTTCTGTCCTGATAG-1,1,LHb,LHb,tst,b2-lhb-m04_3,Lateral
CAACAACCAAGTGGGT-1,1,LHb,LHb,tst,b2-lhb-m04_3,Oval/Medial
CAACAACCATTGCCGG-1,9,LHb,LHb,tst,b2-lhb-m04_3,Hbx
CAACAACGTCGCTCGA-1,1,LHb,LHb,tst,b2-lhb-m04_3,Oval/Medial
CAACGATCAAGAGTAT-1,1,LHb,LHb,tst,b2-lhb-m04_3,Oval/Medial
CAACGATGTTCCCAAA-1,9,LHb,LHb,tst,b2-lhb-m04_3,Oval/Medial
CAACGGCAGTTGCTGT-1,4,LHb,LHb,tst,b2-lhb-m04_3,Oval/Medial
CAACGGCCAGCTCTGG-1,1,LHb,LHb,tst,b2-lhb-m04_3,Oval/Medial
CAAGAGGGTACAACGG-1,9,LHb,LHb,tst,b2-lhb-m04_3,Marginal
CAAGCTATCAGCATTG-1,1,LHb,LHb,tst,b2-lhb-m04_3,Oval/Medial
CAATACGTCCCTTTGG-1,1,LHb,LHb,tst,b2-lhb-m04_3,Hbx
CACCAAACATAAGATG-1,1,LHb,LHb,tst,b2-lhb-m04_3,Oval/Medial
CACCGTTTCCCATAAG-1,1,LHb,LHb,tst,b2-lhb-m04_3,Oval/Medial
CACGGGTCAAGCAGGT-1,1,LHb,LHb,tst,b2-lhb-m04_3,Oval/Medial
CACGTGGAGCGGCTCT-1,1,LHb,LHb,tst,b2-lhb-m04_3,Oval/Medial
CACGTGGCAAACTGCT-1,9,LHb,LHb,tst,b2-lhb-m04_3,Oval/Medial
CACTGGGGTTCTCACC-1,1,LHb,LHb,tst,b2-lhb-m04_3,Oval/Medial
CACTGGGTCTGAGGCC-1,9,LHb,LHb,tst,b2-lhb-m04_3,Oval/Medial
CACTTCGGTCCTCCAT-1,1,LHb,LHb,tst,b2-lhb-m04_3,Oval/Medial
CAGATACAGGTCTGGA-1,9,LHb,LHb,tst,b2-lhb-m04_3,Oval/Medial
CAGATACAGTTTGTCG-1,0,LHb,LHb,tst,b2-lhb-m04_3,Oval/Medial
CAGATCAGTACAGAAT-1,1,LHb,LHb,tst,b2-lhb-m04_3,Lateral
CAGATTGTCGCTATTT-1,9,LHb,LHb,tst,b2-lhb-m04_3,Marginal
CAGCACGTCGTGCACG-1,1,LHb,LHb,tst,b2-lhb-m04_3,Lateral
CAGCAGCTCGACACCG-1,1,LHb,LHb,tst,b2-lhb-m04_3,Oval/Medial
CAGTTAGTCACCTTAT-1,9,LHb,LHb,tst,b2-lhb-m04_3,Marginal
CAGTTCCGTTCCGGTG-1,13,LHb,LHb,tst,b2-lhb-m04_3,Hbx
CATACAGAGTGTTGTC-1,13,LHb,LHb,tst,b2-lhb-m04_3,Hbx
CATACCCGTCAGTCTA-1,1,LHb,LHb,tst,b2-lhb-m04_3,Oval/Medial
CATAGACGTTGGTGTT-1,9,LHb,LHb,tst,b2-lhb-m04_3,Oval/Medial
CATCCACTCTAATTCC-1,9,LHb,LHb,tst,b2-lhb-m04_3,Marginal
CATCCCAGTGACACAG-1-1,1,LHb,LHb,tst,b2-lhb-m04_3,Lateral
CATCCGTGTTCTGAGT-1,9,LHb,LHb,tst,b2-lhb-m04_3,Oval/Medial
CATCGCTAGGTAACTA-1,9,LHb,LHb,tst,b2-lhb-m04_3,Marginal
CATGCAAGTCGTCGGT-1,4,LHb,LHb,tst,b2-lhb-m04_3,Hbx
CATGCAAGTTTACTTC-1,1,LHb,LHb,tst,b2-lhb-m04_3,Oval/Medial
CATGCTCGTTAACAGA-1,1,LHb,LHb,tst,b2-lhb-m04_3,Oval/Medial
CATGCTCGTTTCGGCG-1,9,LHb,LHb,tst,b2-lhb-m04_3,Lateral
CATGGTAAGTTACTCG-1,1,LHb,LHb,tst,b2-lhb-m04_3,Oval/Medial
CATTGCCGTACACGCC-1,1,LHb,LHb,tst,b2-lhb-m04_3,Hbx
CCAAGCGGTCATCGGC-1,9,LHb,LHb,tst,b2-lhb-m04_3,Oval/Medial
CCACCATAGAGCCTGA-1,1,LHb,LHb,tst,b2-lhb-m04_3,Oval/Medial
CCACGTTAGGGTAGCT-1,1,LHb,LHb,tst,b2-lhb-m04_3,Hbx
CCACTTGTCCCTCTAG-1,9,LHb,LHb,tst,b2-lhb-m04_3,Lateral
CCATCACGTTCGGCTG-1,1,LHb,LHb,tst,b2-lhb-m04_3,Oval/Medial
CCCAACTCATATGGCT-1,1,LHb,LHb,tst,b2-lhb-m04_3,Hbx
CCCGAAGTCTAGATCG-1,9,LHb,LHb,tst,b2-lhb-m04_3,Marginal
CCCGGAACACAATGAA-1,1,LHb,LHb,tst,b2-lhb-m04_3,Oval/Medial
CCCGGAACACTGGATT-1,2,LHb,LHb,tst,b2-lhb-m04_3,Oval/Medial
CCCGGAATCGCTAGCG-1,4,LHb,LHb,tst,b2-lhb-m04_3,Hbx
CCCTCAATCTGCTTAT-1,1,LHb,LHb,tst,b2-lhb-m04_3,Lateral
CCCTCTCGTTTACCAG-1,1,LHb,LHb,tst,b2-lhb-m04_3,Oval/Medial
CCCTGATAGCATCGAG-1,1,LHb,LHb,tst,b2-lhb-m04_3,Oval/Medial
CCGAACGGTTCGGCGT-1-1,1,LHb,LHb,tst,b2-lhb-m04_3,Oval/Medial
CCGGACAGTTTACCTT-1,1,LHb,LHb,tst,b2-lhb-m04_3,Oval/Medial
CCGGTGACAACAAGAT-1,1,LHb,LHb,tst,b2-lhb-m04_3,Oval/Medial
CCGGTGACAATCACGT-1,1,LHb,LHb,tst,b2-lhb-m04_3,Oval/Medial
CCGGTGATCCACAGCG-1,1,LHb,LHb,tst,b2-lhb-m04_3,Hbx
CCGTAGGCAAACAGGC-1,9,LHb,LHb,tst,b2-lhb-m04_3,Oval/Medial
CCGTAGGGTTCTCAGA-1,1,LHb,LHb,tst,b2-lhb-m04_3,Oval/Medial
CCTAAGACAGGCACAA-1,1,LHb,LHb,tst,b2-lhb-m04_3,Hbx
CCTACGTCACAATTCG-1,1,LHb,LHb,tst,b2-lhb-m04_3,Oval/Medial
CCTCAACCACCGTGCA-1,1,LHb,LHb,tst,b2-lhb-m04_3,Oval/Medial
CCTCAACTCCGTCAAA-1,1,LHb,LHb,tst,b2-lhb-m04_3,Oval/Medial
CCTCAACTCGAGATGG-1,1,LHb,LHb,tst,b2-lhb-m04_3,Oval/Medial
CCTCATGAGCCAAGGT-1,1,LHb,LHb,tst,b2-lhb-m04_3,Lateral
CCTCATGTCGTCGACG-1,1,LHb,LHb,tst,b2-lhb-m04_3,Oval/Medial
CGAAGGACATAGACTC-1,1,LHb,LHb,tst,b2-lhb-m04_3,Hbx
CGAAGTTCATGAAGGC-1,1,LHb,LHb,tst,b2-lhb-m04_3,Oval/Medial
CGAAGTTTCAACCCGG-1,1,LHb,LHb,tst,b2-lhb-m04_3,Hbx
CGAATTGTCGGCAGTC-1,1,LHb,LHb,tst,b2-lhb-m04_3,Oval/Medial
CGAGGCTAGTCCTACA-1,1,LHb,LHb,tst,b2-lhb-m04_3,Oval/Medial
CGAGTGCAGGATACAT-1,9,LHb,LHb,tst,b2-lhb-m04_3,Marginal
CGATCGGAGGTACAGC-1,1,LHb,LHb,tst,b2-lhb-m04_3,Hbx
CGATGGCGTTGGGCCT-1,1,LHb,LHb,tst,b2-lhb-m04_3,Oval/Medial
CGCATAACAAAGACTA-1,13,LHb,LHb,tst,b2-lhb-m04_3,Hbx
CGCCAGATCATCTCTA-1,13,LHb,LHb,tst,b2-lhb-m04_3,Oval/Medial
CGCCATTTCCATCCGT-1,2,LHb,LHb,tst,b2-lhb-m04_3,Oval/Medial
CGCGTGAAGAACTGAT-1,1,LHb,LHb,tst,b2-lhb-m04_3,Hbx
CGCGTGACAAAGGGCT-1,1,LHb,LHb,tst,b2-lhb-m04_3,Oval/Medial
CGCGTGACACTCCGAG-1,9,LHb,LHb,tst,b2-lhb-m04_3,Marginal
CGCGTGATCGGCTGAC-1,1,LHb,LHb,tst,b2-lhb-m04_3,Oval/Medial
CGGAGAATCGTTGTAG-1,1,LHb,LHb,tst,b2-lhb-m04_3,Oval/Medial
CGGGACTTCTTGGATG-1,1,LHb,LHb,tst,b2-lhb-m04_3,Lateral
CGGGTGTAGGTTGTTC-1,1,LHb,LHb,tst,b2-lhb-m04_3,Oval/Medial
CGGGTGTCATGATAGA-1,9,LHb,LHb,tst,b2-lhb-m04_3,Marginal
CGGTCAGAGTAATTGG-1,1,LHb,LHb,tst,b2-lhb-m04_3,Oval/Medial
CGTAAGTAGAGTAACT-1,13,LHb,LHb,tst,b2-lhb-m04_3,Hbx
CGTAATGTCGGTATGT-1,1,LHb,LHb,tst,b2-lhb-m04_3,Oval/Medial
CGTCAAACACCTTCGT-1,1,LHb,LHb,tst,b2-lhb-m04_3,Oval/Medial
CGTGATATCAAGTTGC-1,1,LHb,LHb,tst,b2-lhb-m04_3,Lateral
CTAACCCCACGTCGGT-1,1,LHb,LHb,tst,b2-lhb-m04_3,Oval/Medial
CTACCCATCCACATAG-1,1,LHb,LHb,tst,b2-lhb-m04_3,Oval/Medial
CTACTATAGAGATCGC-1,4,LHb,LHb,tst,b2-lhb-m04_3,Oval/Medial
CTACTATCAGTGTACT-1,9,LHb,LHb,tst,b2-lhb-m04_3,Marginal
CTACTATCATACAGGG-1,1,LHb,LHb,tst,b2-lhb-m04_3,Oval/Medial
CTATAGGTCCGCTAGG-1,1,LHb,LHb,tst,b2-lhb-m04_3,Oval/Medial
CTATCCGCACATAGCT-1,9,LHb,LHb,tst,b2-lhb-m04_3,Marginal
CTCAACCAGACCAAGC-1,9,LHb,LHb,tst,b2-lhb-m04_3,Marginal
CTCAACCAGTCAGCCC-1,1,LHb,LHb,tst,b2-lhb-m04_3,Lateral
CTCAACCCATCGGTTA-1,1,LHb,LHb,tst,b2-lhb-m04_3,Oval/Medial
CTCAGAAGTCTGCATA-1,1,LHb,LHb,tst,b2-lhb-m04_3,Lateral
CTCAGGGCAGTAGATA-1-1,9,LHb,LHb,tst,b2-lhb-m04_3,Marginal
CTCATCGCAAGTCATC-1,9,LHb,LHb,tst,b2-lhb-m04_3,Marginal
CTCATCGTCCGCGGAT-1,9,LHb,LHb,tst,b2-lhb-m04_3,Hbx
CTCATGCTCGGAAGGT-1,9,LHb,LHb,tst,b2-lhb-m04_3,Marginal
CTCCAACTCCTCACCA-1,1,LHb,LHb,tst,b2-lhb-m04_3,Oval/Medial
CTCCACAGTATTGGCT-1,1,LHb,LHb,tst,b2-lhb-m04_3,Oval/Medial
CTCCCAACATCCGAAT-1,13,LHb,LHb,tst,b2-lhb-m04_3,Lateral
CTCCCTCAGGCCTTCG-1,13,LHb,LHb,tst,b2-lhb-m04_3,Hbx
CTCCGATAGGTCGTGA-1,1,LHb,LHb,tst,b2-lhb-m04_3,Oval/Medial
CTCCGATCAGAGGTTG-1,1,LHb,LHb,tst,b2-lhb-m04_3,Oval/Medial
CTCGAGGCAACTAGAA-1,9,LHb,LHb,tst,b2-lhb-m04_3,Marginal
CTGAGCGCATCATCCC-1,13,LHb,LHb,tst,b2-lhb-m04_3,Oval/Medial
CTGAGGCGTCAGTCTA-1,1,LHb,LHb,tst,b2-lhb-m04_3,Lateral
CTGATCCTCGCGCTGA-1,1,LHb,LHb,tst,b2-lhb-m04_3,Oval/Medial
CTGCATCTCAATCTCT-1,1,LHb,LHb,tst,b2-lhb-m04_3,Hbx
CTGCCATGTGGACAGT-1,1,LHb,LHb,tst,b2-lhb-m04_3,Oval/Medial
CTGCGAGTCGACATTG-1,9,LHb,LHb,tst,b2-lhb-m04_3,Marginal
CTGCGAGTCTCCTGCA-1,13,LHb,LHb,tst,b2-lhb-m04_3,Hbx
CTGGACGCACGGCACT-1,1,LHb,LHb,tst,b2-lhb-m04_3,Lateral
CTGGACGCACTGGATT-1,1,LHb,LHb,tst,b2-lhb-m04_3,Oval/Medial
CTGGACGGTTCACGAT-1,9,LHb,LHb,tst,b2-lhb-m04_3,Marginal
CTGGTCTGTCACAATC-1,9,LHb,LHb,tst,b2-lhb-m04_3,Marginal
CTGGTCTTCTTCTGTA-1,1,LHb,LHb,tst,b2-lhb-m04_3,Oval/Medial
CTGTACCCAACCTAAC-1,9,LHb,LHb,tst,b2-lhb-m04_3,Marginal
CTGTAGACAGATCCAT-1,13,LHb,LHb,tst,b2-lhb-m04_3,Hbx
CTGTATTCAACGTAAA-1,1,LHb,LHb,tst,b2-lhb-m04_3,Oval/Medial
CTGTATTCAGAGCTAG-1,1,LHb,LHb,tst,b2-lhb-m04_3,Oval/Medial
CTGTATTTCTGCATAG-1,1,LHb,LHb,tst,b2-lhb-m04_3,Oval/Medial
CTGTCGTAGCATCAAA-1,1,LHb,LHb,tst,b2-lhb-m04_3,Oval/Medial
CTGTGGGGTTCTAACG-1,1,LHb,LHb,tst,b2-lhb-m04_3,Lateral
CTTACCGAGAGGGTAA-1-1,1,LHb,LHb,tst,b2-lhb-m04_3,Lateral
CTTGAGAAGGCCCAAA-1,1,LHb,LHb,tst,b2-lhb-m04_3,Lateral
CTTGATTTCAAAGCCT-1,9,LHb,LHb,tst,b2-lhb-m04_3,Marginal
CTTTCAAGTAACATAG-1,1,LHb,LHb,tst,b2-lhb-m04_3,Oval/Medial
CTTTCGGAGCGCCTCA-1,9,LHb,LHb,tst,b2-lhb-m04_3,Oval/Medial
CTTTCGGGTGAGGATC-1,1,LHb,LHb,tst,b2-lhb-m04_3,Hbx
GAACGTTGTTACCTGA-1,1,LHb,LHb,tst,b2-lhb-m04_3,Oval/Medial
GAAGAATTCGAAGTGG-1,9,LHb,LHb,tst,b2-lhb-m04_3,Marginal
GAAGAATTCGCTACGG-1,1,LHb,LHb,tst,b2-lhb-m04_3,Oval/Medial
GAAGCGATCCAAGCCG-1,1,LHb,LHb,tst,b2-lhb-m04_3,Oval/Medial
GACCCAGAGTGGTTCT-1,1,LHb,LHb,tst,b2-lhb-m04_3,Oval/Medial
GACCCAGTCTTCTGGC-1-1,9,LHb,LHb,tst,b2-lhb-m04_3,Oval/Medial
GACCCTTGTACGATGG-1,9,LHb,LHb,tst,b2-lhb-m04_3,Marginal
GACCGTGTCTCCTGCA-1,13,LHb,LHb,tst,b2-lhb-m04_3,Oval/Medial
GACGTTACAATTCTCT-1,1,LHb,LHb,tst,b2-lhb-m04_3,Hbx
GAGAAATCAGGTATGG-1,1,LHb,LHb,tst,b2-lhb-m04_3,Oval/Medial
GAGAAATTCCTAAGTG-1,1,LHb,LHb,tst,b2-lhb-m04_3,Oval/Medial
GAGACCCGTGACATCT-1,1,LHb,LHb,tst,b2-lhb-m04_3,Oval/Medial
GAGACTTAGGTAAACT-1,1,LHb,LHb,tst,b2-lhb-m04_3,Oval/Medial
GAGAGGTTCTATCGGA-1-1,1,LHb,LHb,tst,b2-lhb-m04_3,Oval/Medial
GAGATGGGTGAGTTTC-1,1,LHb,LHb,tst,b2-lhb-m04_3,Oval/Medial
GAGGCAACATGACCCG-1,9,LHb,LHb,tst,b2-lhb-m04_3,Marginal
GAGGGTACAATACGCT-1,13,LHb,LHb,tst,b2-lhb-m04_3,Oval/Medial
GAGGGTACAGCGACAA-1,9,LHb,LHb,tst,b2-lhb-m04_3,Marginal
GAGGGTAGTGTGAATA-1,1,LHb,LHb,tst,b2-lhb-m04_3,Oval/Medial
GAGTCATCAAGACGAC-1,9,LHb,LHb,tst,b2-lhb-m04_3,Oval/Medial
GAGTGAGAGCGTCAAG-1,9,LHb,LHb,tst,b2-lhb-m04_3,Marginal
GAGTGAGGTAGGTACG-1,9,LHb,LHb,tst,b2-lhb-m04_3,Marginal
GAGTGTTCAGAGGACT-1,9,LHb,LHb,tst,b2-lhb-m04_3,Marginal
GAGTTACCAACCCGCA-1,1,LHb,LHb,tst,b2-lhb-m04_3,Oval/Medial
GAGTTACCATACACCA-1,13,LHb,LHb,tst,b2-lhb-m04_3,Hbx
GAGTTTGGTAGCGTAG-1,1,LHb,LHb,tst,b2-lhb-m04_3,Oval/Medial
GATCAGTCACTGGCCA-1,1,LHb,LHb,tst,b2-lhb-m04_3,Lateral
GATCCCTTCCAACCGG-1,1,LHb,LHb,tst,b2-lhb-m04_3,Oval/Medial
GATGACTAGCGCAATG-1,9,LHb,LHb,tst,b2-lhb-m04_3,Oval/Medial
GATGCTATCTATACTC-1,9,LHb,LHb,tst,b2-lhb-m04_3,Marginal
GATGGAGAGAGGGCGA-1,4,LHb,LHb,tst,b2-lhb-m04_3,Oval/Medial
GATTTCTTCGCTTAAG-1,1,LHb,LHb,tst,b2-lhb-m04_3,Oval/Medial
GCAACATGTGTTCAGT-1-1,1,LHb,LHb,tst,b2-lhb-m04_3,Oval/Medial
GCACATAGTAGCGATG-1,1,LHb,LHb,tst,b2-lhb-m04_3,Oval/Medial
GCAGGCTCAGCGTGCT-1,1,LHb,LHb,tst,b2-lhb-m04_3,Lateral
GCATCGGGTAATGTGA-1,9,LHb,LHb,tst,b2-lhb-m04_3,Marginal
GCATGATAGCCGTTGC-1,1,LHb,LHb,tst,b2-lhb-m04_3,Oval/Medial
GCCAGGTAGCTGACAG-1-1,9,LHb,LHb,tst,b2-lhb-m04_3,Marginal
GCCAGTGAGAGCAAGA-1,1,LHb,LHb,tst,b2-lhb-m04_3,Oval/Medial
GCCATTCAGCAATAAC-1,9,LHb,LHb,tst,b2-lhb-m04_3,Marginal
GCCATTCCAGGTTACT-1,1,LHb,LHb,tst,b2-lhb-m04_3,Lateral
GCCCGAACATCTCAAG-1,0,LHb,LHb,tst,b2-lhb-m04_3,Hbx
GCCGATGCATGTGCCG-1,1,LHb,LHb,tst,b2-lhb-m04_3,Oval/Medial
GCCTGTTCATCCTTGC-1,1,LHb,LHb,tst,b2-lhb-m04_3,Oval/Medial
GCCTGTTTCTTGGTGA-1-1,4,LHb,LHb,tst,b2-lhb-m04_3,Oval/Medial
GCGATCGGTCCAGCCA-1,4,LHb,LHb,tst,b2-lhb-m04_3,Marginal
GCGTGCATCGCCGAAC-1,9,LHb,LHb,tst,b2-lhb-m04_3,Oval/Medial
GCGTTTCGTAATGTGA-1,1,LHb,LHb,tst,b2-lhb-m04_3,Oval/Medial
GCTGCAGAGGTTATAG-1,9,LHb,LHb,tst,b2-lhb-m04_3,Marginal
GCTGCAGGTTCTCGTC-1,9,LHb,LHb,tst,b2-lhb-m04_3,Marginal
GCTGCAGTCGTGAGAG-1,1,LHb,LHb,tst,b2-lhb-m04_3,Oval/Medial
GCTGGGTCACTGTCCT-1,13,LHb,LHb,tst,b2-lhb-m04_3,Oval/Medial
GCTGGGTCATGGACAG-1,4,LHb,LHb,tst,b2-lhb-m04_3,Hbx
GCTGGGTGTCAAGGCA-1,1,LHb,LHb,tst,b2-lhb-m04_3,Oval/Medial
GCTGGGTTCTCACCCA-1,9,LHb,LHb,tst,b2-lhb-m04_3,Marginal
GGAAGTGGTCTACAGT-1,1,LHb,LHb,tst,b2-lhb-m04_3,Oval/Medial
GGAATCTCATGTTCAG-1,9,LHb,LHb,tst,b2-lhb-m04_3,Hbx
GGAATGGAGTAAGAGG-1,9,LHb,LHb,tst,b2-lhb-m04_3,Marginal
GGAGAACTCGGCTGTG-1,1,LHb,LHb,tst,b2-lhb-m04_3,Lateral
GGAGAACTCTCAGGCG-1,9,LHb,LHb,tst,b2-lhb-m04_3,Lateral
GGAGGATCAAATCAAG-1,1,LHb,LHb,tst,b2-lhb-m04_3,Lateral
GGAGGATCACCTGTCT-1,9,LHb,LHb,tst,b2-lhb-m04_3,Marginal
GGCAGTCGTAGGCTGA-1,1,LHb,LHb,tst,b2-lhb-m04_3,Lateral
GGCGTCAAGAAGGGAT-1,1,LHb,LHb,tst,b2-lhb-m04_3,Oval/Medial
GGCTGTGGTCTTACAG-1,1,LHb,LHb,tst,b2-lhb-m04_3,Oval/Medial
GGCTTGGTCAGCCTTC-1,4,LHb,LHb,tst,b2-lhb-m04_3,Hbx
GGCTTTCAGCTGTCCG-1,1,LHb,LHb,tst,b2-lhb-m04_3,Oval/Medial
GGGAAGTCACGACAAG-1,1,LHb,LHb,tst,b2-lhb-m04_3,Hbx
GGGACAATCTCCGAGG-1,9,LHb,LHb,tst,b2-lhb-m04_3,Oval/Medial
GGGAGTACACTAACCA-1,1,LHb,LHb,tst,b2-lhb-m04_3,Oval/Medial
GGGCCATAGCGTGCCT-1,9,LHb,LHb,tst,b2-lhb-m04_3,Oval/Medial
GGGCCATTCAATCTTC-1,1,LHb,LHb,tst,b2-lhb-m04_3,Oval/Medial
GGGCTACTCTCAGGCG-1,9,LHb,LHb,tst,b2-lhb-m04_3,Oval/Medial
GGGCTCAGTAAGTTGA-1,1,LHb,LHb,tst,b2-lhb-m04_3,Lateral
GGGTATTGTCTCGGAC-1,4,LHb,LHb,tst,b2-lhb-m04_3,Oval/Medial
GGGTATTGTGGACAGT-1,9,LHb,LHb,tst,b2-lhb-m04_3,Oval/Medial
GGGTCACGTCCCTCAT-1,9,LHb,LHb,tst,b2-lhb-m04_3,Marginal
GGGTCACTCTTTACAC-1,1,LHb,LHb,tst,b2-lhb-m04_3,Oval/Medial
GGTAATCAGGTCATAA-1,9,LHb,LHb,tst,b2-lhb-m04_3,Oval/Medial
GGTAATCCAGCCGTCA-1,9,LHb,LHb,tst,b2-lhb-m04_3,Marginal
GGTAATCTCAAGTAAG-1,1,LHb,LHb,tst,b2-lhb-m04_3,Oval/Medial
GGTAATCTCTCTGCTG-1,9,LHb,LHb,tst,b2-lhb-m04_3,Marginal
GGTAGAGTCCCTCTAG-1,1,LHb,LHb,tst,b2-lhb-m04_3,Oval/Medial
GGTCTGGCAAAGCACG-1,1,LHb,LHb,tst,b2-lhb-m04_3,Hbx
GGTGAAGGTCCACACG-1,1,LHb,LHb,tst,b2-lhb-m04_3,Oval/Medial
GGTGGCTTCCCATTTA-1,1,LHb,LHb,tst,b2-lhb-m04_3,Oval/Medial
GGTGTTATCGCCAGTG-1,4,LHb,LHb,tst,b2-lhb-m04_3,Marginal
GGTTCTCTCCATTGGA-1,1,LHb,LHb,tst,b2-lhb-m04_3,Oval/Medial
GTAAGTCAGTTACGAA-1,1,LHb,LHb,tst,b2-lhb-m04_3,Oval/Medial
GTAAGTCTCGAAGCCC-1,13,LHb,LHb,tst,b2-lhb-m04_3,Oval/Medial
GTACAACAGGCACAAC-1,1,LHb,LHb,tst,b2-lhb-m04_3,Lateral
GTACAACGTATCCTTT-1,1,LHb,LHb,tst,b2-lhb-m04_3,Hbx
GTACAACGTGTGACCC-1,9,LHb,LHb,tst,b2-lhb-m04_3,Marginal
GTAGAAAAGAGTATAC-1,1,LHb,LHb,tst,b2-lhb-m04_3,Oval/Medial
GTAGATCAGGTGAGAA-1,13,LHb,LHb,tst,b2-lhb-m04_3,Hbx
GTAGCTACAATTGCCA-1,9,LHb,LHb,tst,b2-lhb-m04_3,Oval/Medial
GTAGCTATCGAGTCCG-1,1,LHb,LHb,tst,b2-lhb-m04_3,Oval/Medial
GTAGTACAGGCTAGCA-1,1,LHb,LHb,tst,b2-lhb-m04_3,Lateral
GTCAAGTGTCCCAAAT-1,9,LHb,LHb,tst,b2-lhb-m04_3,Marginal
GTCACGGGTGCGCTCA-1,9,LHb,LHb,tst,b2-lhb-m04_3,Marginal
GTCAGCGAGCGAGTCA-1-1,0,LHb,LHb,tst,b2-lhb-m04_3,Hbx
GTCAGCGTCAGCTAGT-1,1,LHb,LHb,tst,b2-lhb-m04_3,Hbx
GTCATCCGTGGCTACC-1,1,LHb,LHb,tst,b2-lhb-m04_3,Oval/Medial
GTCCACTTCTACTGAG-1,1,LHb,LHb,tst,b2-lhb-m04_3,Oval/Medial
GTCCCATAGTCCCGAC-1,1,LHb,LHb,tst,b2-lhb-m04_3,Oval/Medial
GTCCCATCAGTCGTTA-1-1,9,LHb,LHb,tst,b2-lhb-m04_3,Marginal
GTCCCATGTGTCCTAA-1,1,LHb,LHb,tst,b2-lhb-m04_3,Oval/Medial
GTCGTAACACGCCACA-1,4,LHb,LHb,tst,b2-lhb-m04_3,Oval/Medial
GTCGTTCGTGGTCTTA-1,13,LHb,LHb,tst,b2-lhb-m04_3,Hbx
GTCTACCAGGGCAATC-1,9,LHb,LHb,tst,b2-lhb-m04_3,Oval/Medial
GTCTACCCATGCGTGC-1,9,LHb,LHb,tst,b2-lhb-m04_3,Marginal
GTCTCACCAGAACCGA-1,1,LHb,LHb,tst,b2-lhb-m04_3,Oval/Medial
GTGAGCCCAAATTGGA-1,0,LHb,LHb,tst,b2-lhb-m04_3,Oval/Medial
GTGAGCCCAGTGTGCC-1,2,LHb,LHb,tst,b2-lhb-m04_3,Oval/Medial
GTGAGCCGTATCGATC-1,1,LHb,LHb,tst,b2-lhb-m04_3,Oval/Medial
GTGCACGTCTCAGAAC-1,1,LHb,LHb,tst,b2-lhb-m04_3,Oval/Medial
GTGCGTGAGTCTCTGA-1,4,LHb,LHb,tst,b2-lhb-m04_3,Lateral
GTGCTGGGTGCCGAAA-1,1,LHb,LHb,tst,b2-lhb-m04_3,Oval/Medial
GTGGCGTAGTTGCATC-1,1,LHb,LHb,tst,b2-lhb-m04_3,Oval/Medial
GTGGGAAGTGTGTCGC-1,1,LHb,LHb,tst,b2-lhb-m04_3,Lateral
GTGTAACAGATACGAT-1-1,1,LHb,LHb,tst,b2-lhb-m04_3,Oval/Medial
GTGTAACTCGCAATTG-1,1,LHb,LHb,tst,b2-lhb-m04_3,Oval/Medial
GTGTGATTCGACGACC-1,9,LHb,LHb,tst,b2-lhb-m04_3,Marginal
GTGTGGCAGTACAACA-1,4,LHb,LHb,tst,b2-lhb-m04_3,Hbx
GTGTGGCTCACTGCTC-1,1,LHb,LHb,tst,b2-lhb-m04_3,Lateral
GTTACAGTCTCAGAAC-1,1,LHb,LHb,tst,b2-lhb-m04_3,Oval/Medial
GTTACGACATTGCCTC-1,1,LHb,LHb,tst,b2-lhb-m04_3,Oval/Medial
GTTCCGTGTCCACACG-1,1,LHb,LHb,tst,b2-lhb-m04_3,Oval/Medial
GTTCTATAGGTAGCAC-1-1,9,LHb,LHb,tst,b2-lhb-m04_3,Marginal
GTTCTATAGTAACCGG-1,0,LHb,LHb,tst,b2-lhb-m04_3,Hbx
GTTGAACAGGTAAGTT-1,13,LHb,LHb,tst,b2-lhb-m04_3,Hbx
GTTGAACTCACGGTCG-1,1,LHb,LHb,tst,b2-lhb-m04_3,Oval/Medial
GTTGCGGGTAGATCCT-1,9,LHb,LHb,tst,b2-lhb-m04_3,Oval/Medial
GTTGTAGCAAGCACAG-1,9,LHb,LHb,tst,b2-lhb-m04_3,Hbx
GTTTGGATCCTCTGCA-1,1,LHb,LHb,tst,b2-lhb-m04_3,Lateral
TAACACGTCTGTGCGG-1,4,LHb,LHb,tst,b2-lhb-m04_3,Hbx
TAACTTCAGCGTGTTT-1,9,LHb,LHb,tst,b2-lhb-m04_3,Oval/Medial
TAACTTCGTAGTTAGA-1,13,LHb,LHb,tst,b2-lhb-m04_3,Hbx
TAACTTCGTATGGTTC-1,1,LHb,LHb,tst,b2-lhb-m04_3,Oval/Medial
TAAGCACGTGATACAA-1,9,LHb,LHb,tst,b2-lhb-m04_3,Marginal
TAATCTCAGGGAGATA-1,1,LHb,LHb,tst,b2-lhb-m04_3,Oval/Medial
TAATTCCTCACTCCGT-1,1,LHb,LHb,tst,b2-lhb-m04_3,Oval/Medial
TACAACGCAACAGCTT-1,4,LHb,LHb,tst,b2-lhb-m04_3,Oval/Medial
TACATTCTCTGGGATT-1,9,LHb,LHb,tst,b2-lhb-m04_3,Marginal
TACCCACGTACGGCAA-1,9,LHb,LHb,tst,b2-lhb-m04_3,Marginal
TACCGAATCGAGTTGT-1,1,LHb,LHb,tst,b2-lhb-m04_3,Oval/Medial
TACGCTCGTCTTAGTG-1,9,LHb,LHb,tst,b2-lhb-m04_3,Marginal
TACGGGCTCGACATAC-1,1,LHb,LHb,tst,b2-lhb-m04_3,Oval/Medial
TACTGCCCACAGACGA-1,1,LHb,LHb,tst,b2-lhb-m04_3,Oval/Medial
TACTTCATCAGCAATC-1,0,LHb,LHb,tst,b2-lhb-m04_3,Oval/Medial
TAGACCAGTAAGTAGT-1,9,LHb,LHb,tst,b2-lhb-m04_3,Marginal
TAGACTGGTAGGAAAG-1,1,LHb,LHb,tst,b2-lhb-m04_3,Oval/Medial
TAGAGTCCAACTAGAA-1,9,LHb,LHb,tst,b2-lhb-m04_3,Marginal
TAGATCGTCTTTCAGT-1,9,LHb,LHb,tst,b2-lhb-m04_3,Marginal
TAGCACATCGGATTAC-1,1,LHb,LHb,tst,b2-lhb-m04_3,Oval/Medial
TAGTGCATCACATCAG-1,1,LHb,LHb,tst,b2-lhb-m04_3,Hbx
TATACCTTCATTGCTT-1,1,LHb,LHb,tst,b2-lhb-m04_3,Oval/Medial
TATATCCAGTCACGAG-1,1,LHb,LHb,tst,b2-lhb-m04_3,Oval/Medial
TATCAGGGTTGCATTG-1,4,LHb,LHb,tst,b2-lhb-m04_3,Hbx
TATCCTAGTGAGTTGG-1,1,LHb,LHb,tst,b2-lhb-m04_3,Hbx
TATGTTCGTGCTCTCT-1,1,LHb,LHb,tst,b2-lhb-m04_3,Oval/Medial
TATTCCACAATACGAA-1,1,LHb,LHb,tst,b2-lhb-m04_3,Oval/Medial
TATTGCTAGGCGACAT-1,9,LHb,LHb,tst,b2-lhb-m04_3,Oval/Medial
TATTGGGCACCTATCC-1,1,LHb,LHb,tst,b2-lhb-m04_3,Oval/Medial
TCAAGTGGTCCGGTCA-1,13,LHb,LHb,tst,b2-lhb-m04_3,Oval/Medial
TCAAGTGTCACTTATC-1,1,LHb,LHb,tst,b2-lhb-m04_3,Oval/Medial
TCACATTAGGTTCCGC-1,1,LHb,LHb,tst,b2-lhb-m04_3,Oval/Medial
TCACTATTCTCTCGCA-1,9,LHb,LHb,tst,b2-lhb-m04_3,Marginal
TCACTCGGTTGCTGAT-1-1,1,LHb,LHb,tst,b2-lhb-m04_3,Oval/Medial
TCAGCCTCATGCAGCC-1,1,LHb,LHb,tst,b2-lhb-m04_3,Lateral
TCAGGGCGTGATATAG-1,9,LHb,LHb,tst,b2-lhb-m04_3,Marginal
TCAGGGCGTTCGTACA-1,13,LHb,LHb,tst,b2-lhb-m04_3,Oval/Medial
TCATCCGGTGTGATGG-1-1,1,LHb,LHb,tst,b2-lhb-m04_3,Lateral
TCATGAGGTATCAGCT-1,1,LHb,LHb,tst,b2-lhb-m04_3,Lateral
TCATGCCAGAAATGGG-1,1,LHb,LHb,tst,b2-lhb-m04_3,Lateral
TCATGCCCATCTCAAG-1,9,LHb,LHb,tst,b2-lhb-m04_3,Marginal
TCATTTGCAAATGAAC-1,13,LHb,LHb,tst,b2-lhb-m04_3,Lateral
TCCATCGGTATCCCTC-1,9,LHb,LHb,tst,b2-lhb-m04_3,Marginal
TCCCACACATGGAATA-1,9,LHb,LHb,tst,b2-lhb-m04_3,Marginal
TCCCAGTAGAGGCTGT-1,9,LHb,LHb,tst,b2-lhb-m04_3,Marginal
TCCTCCCAGCATGGGT-1,1,LHb,LHb,tst,b2-lhb-m04_3,Oval/Medial
TCCTCTTCAGACAAGC-1,1,LHb,LHb,tst,b2-lhb-m04_3,Oval/Medial
TCCTGCATCAAGCGTT-1,1,LHb,LHb,tst,b2-lhb-m04_3,Oval/Medial
TCCTTCTTCGTCGATA-1,1,LHb,LHb,tst,b2-lhb-m04_3,Oval/Medial
TCGCAGGTCCTGATAG-1,1,LHb,LHb,tst,b2-lhb-m04_3,Lateral
TCGCTTGAGCACTCAT-1,1,LHb,LHb,tst,b2-lhb-m04_3,Oval/Medial
TCGCTTGGTTAAGCAA-1,9,LHb,LHb,tst,b2-lhb-m04_3,Marginal
TCGGATAGTAGCGATG-1,4,LHb,LHb,tst,b2-lhb-m04_3,Oval/Medial
TCGGTCTTCCACTGGG-1-1,9,LHb,LHb,tst,b2-lhb-m04_3,Marginal
TCGTAGACAATAAGGT-1,13,LHb,LHb,tst,b2-lhb-m04_3,Oval/Medial
TCGTAGAGTAGTGTGG-1,9,LHb,LHb,tst,b2-lhb-m04_3,Oval/Medial
TCGTAGAGTCCAGAAG-1,1,LHb,LHb,tst,b2-lhb-m04_3,Oval/Medial
TCGTCCACAGACCTGC-1,13,LHb,LHb,tst,b2-lhb-m04_3,Hbx
TCGTGCTCAGTTAAAG-1,1,LHb,LHb,tst,b2-lhb-m04_3,Oval/Medial
TCGTGGGAGCGTATAA-1,13,LHb,LHb,tst,b2-lhb-m04_3,Hbx
TCTACCGCACCTGCGA-1,13,LHb,LHb,tst,b2-lhb-m04_3,Hbx
TCTCACGTCTACTATC-1,13,LHb,LHb,tst,b2-lhb-m04_3,Oval/Medial
TCTGCCAGTGCCTGAC-1,1,LHb,LHb,tst,b2-lhb-m04_3,Oval/Medial
TCTGCCATCTCTGAGA-1,9,LHb,LHb,tst,b2-lhb-m04_3,Marginal
TCTTCCTAGTCCGCCA-1,9,LHb,LHb,tst,b2-lhb-m04_3,Marginal
TCTTCCTTCAACCTCC-1,1,LHb,LHb,tst,b2-lhb-m04_3,Oval/Medial
TCTTCCTTCCACGTGG-1,9,LHb,LHb,tst,b2-lhb-m04_3,Marginal
TCTTGCGGTCCTACAA-1,1,LHb,LHb,tst,b2-lhb-m04_3,Lateral
TGAACGTTCGAAGCCC-1,4,LHb,LHb,tst,b2-lhb-m04_3,Hbx
TGACAGTGTACCTAAC-1,9,LHb,LHb,tst,b2-lhb-m04_3,Hbx
TGACAGTGTCGAGTTT-1,1,LHb,LHb,tst,b2-lhb-m04_3,Lateral
TGACTCCCACTTGTGA-1,1,LHb,LHb,tst,b2-lhb-m04_3,Hbx
TGAGACTGTGGACTAG-1,9,LHb,LHb,tst,b2-lhb-m04_3,Marginal
TGAGCGCGTATCAGCT-1,9,LHb,LHb,tst,b2-lhb-m04_3,Oval/Medial
TGAGTCATCAGCACCG-1,1,LHb,LHb,tst,b2-lhb-m04_3,Oval/Medial
TGATCAGGTAATGTGA-1,1,LHb,LHb,tst,b2-lhb-m04_3,Oval/Medial
TGATCTTAGCCTTTGA-1,9,LHb,LHb,tst,b2-lhb-m04_3,Marginal
TGATTTCTCTGAATCG-1,4,LHb,LHb,tst,b2-lhb-m04_3,Hbx
TGCATCCGTTCTCTAT-1,1,LHb,LHb,tst,b2-lhb-m04_3,Lateral
TGCGATAGTTCTATCT-1,1,LHb,LHb,tst,b2-lhb-m04_3,Oval/Medial
TGCGGCACACGTGAGA-1,1,LHb,LHb,tst,b2-lhb-m04_3,Oval/Medial
TGCTCGTGTACGTTCA-1,9,LHb,LHb,tst,b2-lhb-m04_3,Marginal
TGGATCAGTGTTTCTT-1,9,LHb,LHb,tst,b2-lhb-m04_3,Marginal
TGGATGTAGAGCACTG-1,1,LHb,LHb,tst,b2-lhb-m04_3,Oval/Medial
TGGATGTAGTCACGAG-1,1,LHb,LHb,tst,b2-lhb-m04_3,Oval/Medial
TGGGATTAGCCGTTGC-1-1,4,LHb,LHb,tst,b2-lhb-m04_3,Lateral
TGGGATTGTGAACCGA-1,1,LHb,LHb,tst,b2-lhb-m04_3,Lateral
TGGGCTGGTACAATAG-1,1,LHb,LHb,tst,b2-lhb-m04_3,Oval/Medial
TGGGTTAAGGATTTAG-1,9,LHb,LHb,tst,b2-lhb-m04_3,Marginal
TGGGTTAAGGCCTGAA-1,1,LHb,LHb,tst,b2-lhb-m04_3,Oval/Medial
TGGTACAGTGTTGCCG-1,1,LHb,LHb,tst,b2-lhb-m04_3,Oval/Medial
TGGTAGTAGACAACAT-1,9,LHb,LHb,tst,b2-lhb-m04_3,Marginal
TGGTAGTAGTTACTCG-1,1,LHb,LHb,tst,b2-lhb-m04_3,Oval/Medial
TGGTTAGAGTATAACG-1,1,LHb,LHb,tst,b2-lhb-m04_3,Lateral
TGGTTAGGTCTTGGTA-1,2,LHb,LHb,tst,b2-lhb-m04_3,Oval/Medial
TGTAACGGTCGTACTA-1,9,LHb,LHb,tst,b2-lhb-m04_3,Marginal
TGTAAGCTCGCTCCTA-1,1,LHb,LHb,tst,b2-lhb-m04_3,Oval/Medial
TGTAGACCATCGTCCT-1,9,LHb,LHb,tst,b2-lhb-m04_3,Marginal
TGTGATGTCCAGGACC-1,1,LHb,LHb,tst,b2-lhb-m04_3,Oval/Medial
TGTGTGACAAACACCT-1,0,LHb,LHb,tst,b2-lhb-m04_3,Hbx
TGTTCCGAGACAGCTG-1,2,LHb,LHb,tst,b2-lhb-m04_3,Marginal
TGTTCCGAGGATGAGA-1,13,LHb,LHb,tst,b2-lhb-m04_3,Hbx
TGTTCCGAGGGCTTCC-1,9,LHb,LHb,tst,b2-lhb-m04_3,Marginal
TGTTCCGGTTACCCAA-1,1,LHb,LHb,tst,b2-lhb-m04_3,Oval/Medial
TGTTCCGGTTGTGCCG-1,1,LHb,LHb,tst,b2-lhb-m04_3,Oval/Medial
TGTTGAGAGGGCAGTT-1,9,LHb,LHb,tst,b2-lhb-m04_3,Marginal
TTACCATAGTATGAAC-1,1,LHb,LHb,tst,b2-lhb-m04_3,Oval/Medial
TTACCATTCCGCTTAC-1,9,LHb,LHb,tst,b2-lhb-m04_3,Marginal
TTAGGGTAGTCACACT-1,9,LHb,LHb,tst,b2-lhb-m04_3,Marginal
TTAGTCTAGCTGGTGA-1,1,LHb,LHb,tst,b2-lhb-m04_3,Lateral
TTAGTCTGTACAGTCT-1,9,LHb,LHb,tst,b2-lhb-m04_3,Marginal
TTATTGCCAATAAGGT-1,1,LHb,LHb,tst,b2-lhb-m04_3,Oval/Medial
TTCATGTGTGCTGTCG-1,13,LHb,LHb,tst,b2-lhb-m04_3,Lateral
TTCCACGGTAACTGCT-1,9,LHb,LHb,tst,b2-lhb-m04_3,Marginal
TTCCTAACAATCGCGC-1,1,LHb,LHb,tst,b2-lhb-m04_3,Oval/Medial
TTCGATTTCCCGTGTT-1,1,LHb,LHb,tst,b2-lhb-m04_3,Oval/Medial
TTCGCTGGTGTTTCTT-1,1,LHb,LHb,tst,b2-lhb-m04_3,Oval/Medial
TTCTAACGTGTGGACA-1,1,LHb,LHb,tst,b2-lhb-m04_3,Lateral
TTCTAGTTCGGTAACT-1,9,LHb,LHb,tst,b2-lhb-m04_3,Marginal
TTCTCTCGTCCACTTC-1,1,LHb,LHb,tst,b2-lhb-m04_3,Oval/Medial
TTCTTCCCAGATCCAT-1,9,LHb,LHb,tst,b2-lhb-m04_3,Marginal
TTCTTCCGTCTGCAAT-1,9,LHb,LHb,tst,b2-lhb-m04_3,Marginal
TTGACCCCATTACGGT-1,13,LHb,LHb,tst,b2-lhb-m04_3,Lateral
TTGAGTGTCTTACACT-1,1,LHb,LHb,tst,b2-lhb-m04_3,Oval/Medial
TTGCTGCAGGGACTGT-1,9,LHb,LHb,tst,b2-lhb-m04_3,Oval/Medial
TTGCTGCAGGGAGGCA-1,1,LHb,LHb,tst,b2-lhb-m04_3,Oval/Medial
TTGGATGGTCATATGC-1,9,LHb,LHb,tst,b2-lhb-m04_3,Marginal
TTGGATGTCTTACACT-1,9,LHb,LHb,tst,b2-lhb-m04_3,Oval/Medial
TTGGGCGCAACCGGAA-1,4,LHb,LHb,tst,b2-lhb-m04_3,Hbx
TTGGGCGCAGAATTCC-1,1,LHb,LHb,tst,b2-lhb-m04_3,Oval/Medial
TTGGGTAAGTTCATCG-1,13,LHb,LHb,tst,b2-lhb-m04_3,Hbx
TTGTGTTAGCTCTATG-1-1,1,LHb,LHb,tst,b2-lhb-m04_3,Oval/Medial
TTGTGTTCAGTCAGAG-1,9,LHb,LHb,tst,b2-lhb-m04_3,Marginal
TTGTTCAAGCGTCAGA-1,9,LHb,LHb,tst,b2-lhb-m04_3,Marginal
TTGTTGTAGTCTTCGA-1,9,LHb,LHb,tst,b2-lhb-m04_3,Marginal
TTGTTTGCAAATGGCG-1,1,LHb,LHb,tst,b2-lhb-m04_3,Oval/Medial
TTTCATGCACGCGCTA-1,1,LHb,LHb,tst,b2-lhb-m04_3,Oval/Medial
TTTCATGCATCATTGG-1,1,LHb,LHb,tst,b2-lhb-m04_3,Lateral
TTTGTTGAGGCTCTCG-1-1,2,LHb,LHb,tst,b2-lhb-m04_3,Oval/Medial
AAACGAAAGAGTCAAT-1,1,LHb,LHb,resilient,b3-lhb-m28_3,Oval/Medial
AAACGCTAGTGGCGAT-1,9,LHb,LHb,resilient,b3-lhb-m28_3,Oval/Medial
AAACGCTCAGGTCAGA-1,1,LHb,LHb,resilient,b3-lhb-m28_3,Oval/Medial
AAATGGACAGCTTTGA-1,1,LHb,LHb,resilient,b3-lhb-m28_3,Oval/Medial
AACAACCTCCATTGCC-1,1,LHb,LHb,resilient,b3-lhb-m28_3,Oval/Medial
AACAAGAGTGTGAGCA-1,1,LHb,LHb,resilient,b3-lhb-m28_3,Oval/Medial
AACCACAGTGGATGAC-1,9,LHb,LHb,resilient,b3-lhb-m28_3,Marginal
AACCATGTCCCTCTAG-1,1,LHb,LHb,resilient,b3-lhb-m28_3,Oval/Medial
AACCCAAGTAGCTGAG-1,9,LHb,LHb,resilient,b3-lhb-m28_3,Hbx
AACCTTTTCTTGAACG-1,9,LHb,LHb,resilient,b3-lhb-m28_3,Marginal
AACGAAAAGAGTCACG-1,1,LHb,LHb,resilient,b3-lhb-m28_3,Oval/Medial
AACGAAATCTGGGCCA-1,1,LHb,LHb,resilient,b3-lhb-m28_3,Oval/Medial
AACGGGAAGGGAGGGT-1,1,LHb,LHb,resilient,b3-lhb-m28_3,Oval/Medial
AACGGGACATGTACGT-1,1,LHb,LHb,resilient,b3-lhb-m28_3,Oval/Medial
AACGGGATCGTTCTAT-1,1,LHb,LHb,resilient,b3-lhb-m28_3,Oval/Medial
AACGTCACACTGAGGA-1,1,LHb,LHb,resilient,b3-lhb-m28_3,Oval/Medial
AACGTCACAGTCTCTC-1,1,LHb,LHb,resilient,b3-lhb-m28_3,Hbx
AACGTCAGTAGAATGT-1,4,LHb,LHb,resilient,b3-lhb-m28_3,Marginal
AAGACAAAGTTGCATC-1,9,LHb,LHb,resilient,b3-lhb-m28_3,Marginal
AAGACAACACCACATA-1,9,LHb,LHb,resilient,b3-lhb-m28_3,Marginal
AAGACTCAGCTGTTAC-1,1,LHb,LHb,resilient,b3-lhb-m28_3,Oval/Medial
AAGATAGGTACCGTGC-1,9,LHb,LHb,resilient,b3-lhb-m28_3,Marginal
AAGCATCAGGTTCACT-1,9,LHb,LHb,resilient,b3-lhb-m28_3,Oval/Medial
AAGCCATCATGCCATA-1,1,LHb,LHb,resilient,b3-lhb-m28_3,Oval/Medial
AAGCCATGTGAATGTA-1,1,LHb,LHb,resilient,b3-lhb-m28_3,Lateral
AAGCGAGCAGGCACTC-1,1,LHb,LHb,resilient,b3-lhb-m28_3,Oval/Medial
AAGCGAGGTAGATCCT-1,1,LHb,LHb,resilient,b3-lhb-m28_3,Oval/Medial
AAGGAATAGCTCCATA-1,1,LHb,LHb,resilient,b3-lhb-m28_3,Oval/Medial
AAGGAATGTGACTGTT-1,1,LHb,LHb,resilient,b3-lhb-m28_3,Oval/Medial
AAGGTAATCCATTGGA-1,1,LHb,LHb,resilient,b3-lhb-m28_3,Oval/Medial
AAGTCGTAGATAGCAT-1,1,LHb,LHb,resilient,b3-lhb-m28_3,Hbx
AAGTCGTAGTCAGAGC-1,1,LHb,LHb,resilient,b3-lhb-m28_3,Oval/Medial
AAGTTCGAGCGTCAGA-1,1,LHb,LHb,resilient,b3-lhb-m28_3,Lateral
AAGTTCGTCTTGGTGA-1,9,LHb,LHb,resilient,b3-lhb-m28_3,Marginal
AATCACGGTAACGGTG-1-1,9,LHb,LHb,resilient,b3-lhb-m28_3,Marginal
AATCACGTCAGACCGC-1,1,LHb,LHb,resilient,b3-lhb-m28_3,Oval/Medial
AATGAAGCAGGTCAGA-1,1,LHb,LHb,resilient,b3-lhb-m28_3,Oval/Medial
AATGAAGTCAAGTCGT-1,9,LHb,LHb,resilient,b3-lhb-m28_3,Marginal
AATGAAGTCTAATTCC-1,1,LHb,LHb,resilient,b3-lhb-m28_3,Hbx
AATGCCACACTAAACC-1-1,9,LHb,LHb,resilient,b3-lhb-m28_3,Marginal
AATGCCAGTCTTACAG-1,9,LHb,LHb,resilient,b3-lhb-m28_3,Marginal
AATGGCTAGCAAATCA-1,1,LHb,LHb,resilient,b3-lhb-m28_3,Oval/Medial
AATTCCTGTAATGCGG-1,1,LHb,LHb,resilient,b3-lhb-m28_3,Oval/Medial
AATTTCCCAATCCAGT-1,1,LHb,LHb,resilient,b3-lhb-m28_3,Lateral
ACAAAGATCAAAGAAC-1,9,LHb,LHb,resilient,b3-lhb-m28_3,Marginal
ACAACCACAAGAGTGC-1,1,LHb,LHb,resilient,b3-lhb-m28_3,Oval/Medial
ACAAGCTGTGCCCTTT-1,1,LHb,LHb,resilient,b3-lhb-m28_3,Oval/Medial
ACACTGAGTAACATCC-1,1,LHb,LHb,resilient,b3-lhb-m28_3,Oval/Medial
ACAGAAAGTATCAAGA-1,1,LHb,LHb,resilient,b3-lhb-m28_3,Oval/Medial
ACAGCCGCAACACAAA-1,1,LHb,LHb,resilient,b3-lhb-m28_3,Oval/Medial
ACAGGGAAGTGGATTA-1,1,LHb,LHb,resilient,b3-lhb-m28_3,Lateral
ACATCCCAGCATCAAA-1,1,LHb,LHb,resilient,b3-lhb-m28_3,Oval/Medial
ACATCGAGTCCTCATC-1,1,LHb,LHb,resilient,b3-lhb-m28_3,Hbx
ACCAACACACATGGTT-1-1,1,LHb,LHb,resilient,b3-lhb-m28_3,Oval/Medial
ACCACAACACATACGT-1,1,LHb,LHb,resilient,b3-lhb-m28_3,Oval/Medial
ACCACAAGTTAGGCTT-1,1,LHb,LHb,resilient,b3-lhb-m28_3,Hbx
ACCATTTAGCGAACTG-1,9,LHb,LHb,resilient,b3-lhb-m28_3,Marginal
ACCATTTCACGGTGAA-1,9,LHb,LHb,resilient,b3-lhb-m28_3,Oval/Medial
ACCCTCATCATTGTGG-1,1,LHb,LHb,resilient,b3-lhb-m28_3,Lateral
ACCCTTGGTAACTAAG-1,9,LHb,LHb,resilient,b3-lhb-m28_3,Marginal
ACCGTTCCACAGACGA-1,1,LHb,LHb,resilient,b3-lhb-m28_3,Oval/Medial
ACCGTTCTCCTACACC-1,9,LHb,LHb,resilient,b3-lhb-m28_3,Marginal
ACCTACCTCGAAGAAT-1,9,LHb,LHb,resilient,b3-lhb-m28_3,Marginal
ACCTACCTCGGTTGTA-1,1,LHb,LHb,resilient,b3-lhb-m28_3,Lateral
ACCTGAACATCCTAAG-1,9,LHb,LHb,resilient,b3-lhb-m28_3,Oval/Medial
ACCTGAATCTCGGCTT-1,1,LHb,LHb,resilient,b3-lhb-m28_3,Oval/Medial
ACGATGTGTGACAACG-1,9,LHb,LHb,resilient,b3-lhb-m28_3,Marginal
ACGGAAGAGTCCTGCG-1,1,LHb,LHb,resilient,b3-lhb-m28_3,Oval/Medial
ACGGAAGGTATGGAAT-1,1,LHb,LHb,resilient,b3-lhb-m28_3,Hbx
ACGGAAGGTGCCCTTT-1,9,LHb,LHb,resilient,b3-lhb-m28_3,Marginal
ACGTACAGTGCCGTAC-1,1,LHb,LHb,resilient,b3-lhb-m28_3,Oval/Medial
ACGTACAGTGGACCTC-1,1,LHb,LHb,resilient,b3-lhb-m28_3,Oval/Medial
ACGTCCTCACCTGCTT-1,1,LHb,LHb,resilient,b3-lhb-m28_3,Oval/Medial
ACTATGGAGCCTCACG-1-1,1,LHb,LHb,resilient,b3-lhb-m28_3,Oval/Medial
ACTATGGAGCGCAATG-1,1,LHb,LHb,resilient,b3-lhb-m28_3,Oval/Medial
ACTATGGGTCGTGCCA-1,1,LHb,LHb,resilient,b3-lhb-m28_3,Oval/Medial
ACTATTCCAGCAGAAC-1,1,LHb,LHb,resilient,b3-lhb-m28_3,Oval/Medial
ACTCTCGTCCGCGGAT-1,1,LHb,LHb,resilient,b3-lhb-m28_3,Oval/Medial
ACTCTCGTCTCAGTCC-1,1,LHb,LHb,resilient,b3-lhb-m28_3,Lateral
ACTGATGGTAAGCTCT-1,1,LHb,LHb,resilient,b3-lhb-m28_3,Oval/Medial
ACTTCCGAGGATACAT-1,1,LHb,LHb,resilient,b3-lhb-m28_3,Oval/Medial
AGAACAACAAACCGGA-1,13,LHb,LHb,resilient,b3-lhb-m28_3,Oval/Medial
AGAAGTATCTTCGGAA-1,9,LHb,LHb,resilient,b3-lhb-m28_3,Marginal
AGACAAACACACCTTC-1,9,LHb,LHb,resilient,b3-lhb-m28_3,Marginal
AGACAGGCACTACTTT-1,9,LHb,LHb,resilient,b3-lhb-m28_3,Oval/Medial
AGACCATCATGGCTGC-1-1,1,LHb,LHb,resilient,b3-lhb-m28_3,Oval/Medial
AGACCATTCTGAATGC-1,1,LHb,LHb,resilient,b3-lhb-m28_3,Oval/Medial
AGAGAGCTCATGTCTT-1,1,LHb,LHb,resilient,b3-lhb-m28_3,Oval/Medial
AGAGAGCTCGGTAAGG-1,1,LHb,LHb,resilient,b3-lhb-m28_3,Oval/Medial
AGATAGAGTATCGCTA-1,1,LHb,LHb,resilient,b3-lhb-m28_3,Lateral
AGATAGATCGCCAACG-1,9,LHb,LHb,resilient,b3-lhb-m28_3,Marginal
AGATCCATCATCCCGT-1,1,LHb,LHb,resilient,b3-lhb-m28_3,Oval/Medial
AGATCCATCGCAATGT-1,9,LHb,LHb,resilient,b3-lhb-m28_3,Marginal
AGATCGTCAGAAACCG-1,9,LHb,LHb,resilient,b3-lhb-m28_3,Marginal
AGATCGTTCATGCGGC-1,9,LHb,LHb,resilient,b3-lhb-m28_3,Marginal
AGATGAAAGACATCCT-1,9,LHb,LHb,resilient,b3-lhb-m28_3,Oval/Medial
AGATGAAAGCCGATCC-1,9,LHb,LHb,resilient,b3-lhb-m28_3,Marginal
AGATGAAGTTAATCGC-1,9,LHb,LHb,resilient,b3-lhb-m28_3,Lateral
AGATGCTAGCAATAAC-1,1,LHb,LHb,resilient,b3-lhb-m28_3,Oval/Medial
AGCCAATGTCCGGCAT-1,1,LHb,LHb,resilient,b3-lhb-m28_3,Oval/Medial
AGCCACGAGACGTCCC-1-1,9,LHb,LHb,resilient,b3-lhb-m28_3,Marginal
AGCGATTGTCTTCCGT-1,9,LHb,LHb,resilient,b3-lhb-m28_3,Oval/Medial
AGCGATTTCTGAATGC-1,1,LHb,LHb,resilient,b3-lhb-m28_3,Oval/Medial
AGCGCCAGTCCTCCAT-1,9,LHb,LHb,resilient,b3-lhb-m28_3,Oval/Medial
AGCGCTGTCTCTCCGA-1,9,LHb,LHb,resilient,b3-lhb-m28_3,Marginal
AGCGTATGTAGTCTTG-1,1,LHb,LHb,resilient,b3-lhb-m28_3,Hbx
AGCTACACATAATGAG-1-1,1,LHb,LHb,resilient,b3-lhb-m28_3,Oval/Medial
AGCTCAAAGGCCACCT-1,9,LHb,LHb,resilient,b3-lhb-m28_3,Marginal
AGCTCAAGTCTGCCTT-1,9,LHb,LHb,resilient,b3-lhb-m28_3,Oval/Medial
AGGAATAAGGACGCTA-1,1,LHb,LHb,resilient,b3-lhb-m28_3,Oval/Medial
AGGAATACACCGTGGT-1,1,LHb,LHb,resilient,b3-lhb-m28_3,Oval/Medial
AGGATAACACCGTACG-1,9,LHb,LHb,resilient,b3-lhb-m28_3,Marginal
AGGATCTAGGAAAGAC-1,9,LHb,LHb,resilient,b3-lhb-m28_3,Marginal
AGGGAGTTCGTTCCCA-1,1,LHb,LHb,resilient,b3-lhb-m28_3,Oval/Medial
AGGGAGTTCTAGCCAA-1,1,LHb,LHb,resilient,b3-lhb-m28_3,Oval/Medial
AGGGCCTAGAGCGACT-1,1,LHb,LHb,resilient,b3-lhb-m28_3,Oval/Medial
AGGGCCTAGGAAAGGT-1,1,LHb,LHb,resilient,b3-lhb-m28_3,Oval/Medial
AGGGCCTTCAAGTCTG-1,1,LHb,LHb,resilient,b3-lhb-m28_3,Oval/Medial
AGGGTCCGTCATTGCA-1,1,LHb,LHb,resilient,b3-lhb-m28_3,Oval/Medial
AGGTAGGCACTAGGCC-1,1,LHb,LHb,resilient,b3-lhb-m28_3,Oval/Medial
AGGTCTATCATGCATG-1,9,LHb,LHb,resilient,b3-lhb-m28_3,Marginal
AGGTGTTTCGGACTTA-1,9,LHb,LHb,resilient,b3-lhb-m28_3,Marginal
AGGTTACTCCATTCAT-1,9,LHb,LHb,resilient,b3-lhb-m28_3,Marginal
AGGTTGTTCCGATAGT-1,1,LHb,LHb,resilient,b3-lhb-m28_3,Lateral
AGTACCAAGGTCCTGC-1,1,LHb,LHb,resilient,b3-lhb-m28_3,Oval/Medial
AGTACCAAGTAGAGTT-1,4,LHb,LHb,resilient,b3-lhb-m28_3,Oval/Medial
AGTAGCTTCTGAATCG-1,1,LHb,LHb,resilient,b3-lhb-m28_3,Oval/Medial
AGTAGTCCAATACGCT-1,9,LHb,LHb,resilient,b3-lhb-m28_3,Marginal
AGTAGTCCACCGTCGA-1,9,LHb,LHb,resilient,b3-lhb-m28_3,Marginal
AGTCAACAGACTGAGC-1,1,LHb,LHb,resilient,b3-lhb-m28_3,Oval/Medial
AGTCAACCAAAGCGTG-1,1,LHb,LHb,resilient,b3-lhb-m28_3,Oval/Medial
AGTCATGCAGTATTCG-1-1,1,LHb,LHb,resilient,b3-lhb-m28_3,Oval/Medial
AGTCATGTCGCGGACT-1,1,LHb,LHb,resilient,b3-lhb-m28_3,Oval/Medial
AGTCTCCGTGCCGGTT-1,9,LHb,LHb,resilient,b3-lhb-m28_3,Marginal
AGTGCCGAGGGATCGT-1,9,LHb,LHb,resilient,b3-lhb-m28_3,Oval/Medial
AGTGCCGGTCACTCAA-1,1,LHb,LHb,resilient,b3-lhb-m28_3,Oval/Medial
AGTTCGAAGCAAGTGC-1,1,LHb,LHb,resilient,b3-lhb-m28_3,Oval/Medial
ATACTTCCACCTTCGT-1,9,LHb,LHb,resilient,b3-lhb-m28_3,Marginal
ATACTTCGTATTTCCT-1,1,LHb,LHb,resilient,b3-lhb-m28_3,Oval/Medial
ATAGACCCAACTCATG-1,1,LHb,LHb,resilient,b3-lhb-m28_3,Hbx
ATAGAGAGTCATGGCC-1,1,LHb,LHb,resilient,b3-lhb-m28_3,Oval/Medial
ATCACAGGTGCCTATA-1,9,LHb,LHb,resilient,b3-lhb-m28_3,Marginal
ATCAGGTAGACTGTTC-1,9,LHb,LHb,resilient,b3-lhb-m28_3,Oval/Medial
ATCCACCGTTGGGTAG-1,1,LHb,LHb,resilient,b3-lhb-m28_3,Oval/Medial
ATCCGTCTCCACGAAT-1,9,LHb,LHb,resilient,b3-lhb-m28_3,Oval/Medial
ATCCTATAGGGCAAGG-1,1,LHb,LHb,resilient,b3-lhb-m28_3,Oval/Medial
ATCCTATCAGAGCCCT-1,1,LHb,LHb,resilient,b3-lhb-m28_3,Oval/Medial
ATCCTATGTTTGAACC-1,1,LHb,LHb,resilient,b3-lhb-m28_3,Oval/Medial
ATCCTATTCCATAGAC-1,1,LHb,LHb,resilient,b3-lhb-m28_3,Oval/Medial
ATCGATGGTGACAACG-1,9,LHb,LHb,resilient,b3-lhb-m28_3,Marginal
ATCGCCTCAGTTCCAA-1,9,LHb,LHb,resilient,b3-lhb-m28_3,Marginal
ATCGCCTGTACTCGTA-1,9,LHb,LHb,resilient,b3-lhb-m28_3,Marginal
ATCGGATCAACCCTAA-1,1,LHb,LHb,resilient,b3-lhb-m28_3,Oval/Medial
ATCGGATGTCAGGTAG-1,1,LHb,LHb,resilient,b3-lhb-m28_3,Oval/Medial
ATCGGATTCAACGAGG-1,4,LHb,LHb,resilient,b3-lhb-m28_3,Marginal
ATCGTAGGTCGCATTA-1,9,LHb,LHb,resilient,b3-lhb-m28_3,Oval/Medial
ATCGTCCAGCTAAATG-1,9,LHb,LHb,resilient,b3-lhb-m28_3,Marginal
ATCTTCAGTAACTGCT-1,9,LHb,LHb,resilient,b3-lhb-m28_3,Marginal
ATGACCACATCATTGG-1,9,LHb,LHb,resilient,b3-lhb-m28_3,Lateral
ATGAGGGTCTTCGGTC-1-1,0,LHb,LHb,resilient,b3-lhb-m28_3,Oval/Medial
ATGAGTCTCTCTCTAA-1,1,LHb,LHb,resilient,b3-lhb-m28_3,Oval/Medial
ATGCGATGTAACGTTC-1,1,LHb,LHb,resilient,b3-lhb-m28_3,Oval/Medial
ATGGAGGAGGTCACCC-1,1,LHb,LHb,resilient,b3-lhb-m28_3,Lateral
ATGGAGGTCTTCTGGC-1,1,LHb,LHb,resilient,b3-lhb-m28_3,Hbx
ATGGATCTCATGTCTT-1,1,LHb,LHb,resilient,b3-lhb-m28_3,Oval/Medial
ATGGATCTCCAGCAAT-1,1,LHb,LHb,resilient,b3-lhb-m28_3,Oval/Medial
ATGTCTTCACCATTCC-1,9,LHb,LHb,resilient,b3-lhb-m28_3,Marginal
ATTACCTAGACAACAT-1,1,LHb,LHb,resilient,b3-lhb-m28_3,Oval/Medial
ATTACTCTCTGTAACG-1,9,LHb,LHb,resilient,b3-lhb-m28_3,Marginal
ATTCAGGAGGTGGCTA-1,1,LHb,LHb,resilient,b3-lhb-m28_3,Oval/Medial
ATTCATCGTCGACTGC-1,1,LHb,LHb,resilient,b3-lhb-m28_3,Hbx
ATTCATCTCAAGTAAG-1,9,LHb,LHb,resilient,b3-lhb-m28_3,Marginal
ATTCCATTCCGATGTA-1,9,LHb,LHb,resilient,b3-lhb-m28_3,Marginal
ATTCCATTCGAGAAAT-1,9,LHb,LHb,resilient,b3-lhb-m28_3,Marginal
ATTCGTTAGCTCCATA-1,1,LHb,LHb,resilient,b3-lhb-m28_3,Oval/Medial
ATTCGTTCAATCTCGA-1,1,LHb,LHb,resilient,b3-lhb-m28_3,Oval/Medial
ATTCTACGTGTAAATG-1,1,LHb,LHb,resilient,b3-lhb-m28_3,Oval/Medial
ATTCTTGAGACTGAGC-1,1,LHb,LHb,resilient,b3-lhb-m28_3,Oval/Medial
ATTCTTGAGCAACTCT-1,9,LHb,LHb,resilient,b3-lhb-m28_3,Marginal
ATTCTTGCAAGTATCC-1,9,LHb,LHb,resilient,b3-lhb-m28_3,Oval/Medial
ATTGGGTTCATCCTGC-1,1,LHb,LHb,resilient,b3-lhb-m28_3,Lateral
ATTTCACCACTGTTCC-1,1,LHb,LHb,resilient,b3-lhb-m28_3,Oval/Medial
ATTTCACTCTTGGCTC-1,1,LHb,LHb,resilient,b3-lhb-m28_3,Oval/Medial
ATTTCTGTCCGTCACT-1,1,LHb,LHb,resilient,b3-lhb-m28_3,Oval/Medial
CAACAACGTCTACAGT-1,1,LHb,LHb,resilient,b3-lhb-m28_3,Oval/Medial
CAACAACTCTGAATCG-1,1,LHb,LHb,resilient,b3-lhb-m28_3,Oval/Medial
CAACCTCAGGCCCACT-1,9,LHb,LHb,resilient,b3-lhb-m28_3,Marginal
CAACCTCTCTGGACTA-1,1,LHb,LHb,resilient,b3-lhb-m28_3,Oval/Medial
CAACGGCAGATTACCC-1,9,LHb,LHb,resilient,b3-lhb-m28_3,Marginal
CAAGAGGTCATTGAGC-1,1,LHb,LHb,resilient,b3-lhb-m28_3,Lateral
CAAGAGGTCTTGGTGA-1,1,LHb,LHb,resilient,b3-lhb-m28_3,Oval/Medial
CAAGCTAGTGATACCT-1,1,LHb,LHb,resilient,b3-lhb-m28_3,Lateral
CAAGGGATCAACTACG-1,1,LHb,LHb,resilient,b3-lhb-m28_3,Oval/Medial
CAATCGACATGACAAA-1,1,LHb,LHb,resilient,b3-lhb-m28_3,Oval/Medial
CAATCGAGTATCACCA-1,1,LHb,LHb,resilient,b3-lhb-m28_3,Oval/Medial
CAATGACTCTCGTGAA-1,1,LHb,LHb,resilient,b3-lhb-m28_3,Lateral
CAATTTCCAGCAGTCC-1,9,LHb,LHb,resilient,b3-lhb-m28_3,Oval/Medial
CAATTTCTCTCAACCC-1,1,LHb,LHb,resilient,b3-lhb-m28_3,Hbx
CACAACACAGGCATTT-1,1,LHb,LHb,resilient,b3-lhb-m28_3,Oval/Medial
CACAGATGTATTGGCT-1,1,LHb,LHb,resilient,b3-lhb-m28_3,Oval/Medial
CACCAAACAATACGAA-1,9,LHb,LHb,resilient,b3-lhb-m28_3,Marginal
CACCAAATCATCTATC-1,9,LHb,LHb,resilient,b3-lhb-m28_3,Marginal
CACGAATCAGCTGAGA-1,9,LHb,LHb,resilient,b3-lhb-m28_3,Marginal
CACGGGTTCCCGAACG-1,1,LHb,LHb,resilient,b3-lhb-m28_3,Oval/Medial
CACGGGTTCCTGCCAT-1,1,LHb,LHb,resilient,b3-lhb-m28_3,Lateral
CACGTTCAGGAGAGGC-1,9,LHb,LHb,resilient,b3-lhb-m28_3,Marginal
CACTGAAAGAGATGCC-1,9,LHb,LHb,resilient,b3-lhb-m28_3,Oval/Medial
CACTGTCTCAGCACCG-1,1,LHb,LHb,resilient,b3-lhb-m28_3,Oval/Medial
CACTTCGGTGGGTTGA-1,1,LHb,LHb,resilient,b3-lhb-m28_3,Oval/Medial
CAGATCAAGGTTCAGG-1,1,LHb,LHb,resilient,b3-lhb-m28_3,Oval/Medial
CAGATCATCACGGTCG-1,9,LHb,LHb,resilient,b3-lhb-m28_3,Marginal
CAGCAATCACCTAAAC-1,1,LHb,LHb,resilient,b3-lhb-m28_3,Oval/Medial
CAGCAATTCTACACTT-1,9,LHb,LHb,resilient,b3-lhb-m28_3,Marginal
CAGCCAGCAACGTATC-1,9,LHb,LHb,resilient,b3-lhb-m28_3,Marginal
CAGCGTGCACACCGAC-1,1,LHb,LHb,resilient,b3-lhb-m28_3,Oval/Medial
CAGGCCAAGCGATGGT-1,1,LHb,LHb,resilient,b3-lhb-m28_3,Oval/Medial
CAGGGCTAGGCCTAGA-1,9,LHb,LHb,resilient,b3-lhb-m28_3,Marginal
CAGGTATCACGACAGA-1,1,LHb,LHb,resilient,b3-lhb-m28_3,Oval/Medial
CAGGTATGTACCTGTA-1,1,LHb,LHb,resilient,b3-lhb-m28_3,Oval/Medial
CAGGTATGTCCAAAGG-1,9,LHb,LHb,resilient,b3-lhb-m28_3,Marginal
CAGGTATTCAGGGATG-1-1,1,LHb,LHb,resilient,b3-lhb-m28_3,Oval/Medial
CAGTTAGAGCACTCTA-1,1,LHb,LHb,resilient,b3-lhb-m28_3,Oval/Medial
CAGTTAGGTGACAACG-1,9,LHb,LHb,resilient,b3-lhb-m28_3,Marginal
CATAAGCGTTCCTAGA-1,1,LHb,LHb,resilient,b3-lhb-m28_3,Oval/Medial
CATACTTGTATGTCTG-1,1,LHb,LHb,resilient,b3-lhb-m28_3,Oval/Medial
CATACTTGTCCTCCTA-1,1,LHb,LHb,resilient,b3-lhb-m28_3,Oval/Medial
CATACTTTCATAGGCT-1,1,LHb,LHb,resilient,b3-lhb-m28_3,Oval/Medial
CATCCACGTCAGGTAG-1,1,LHb,LHb,resilient,b3-lhb-m28_3,Oval/Medial
CATCCGTCAGATACTC-1,1,LHb,LHb,resilient,b3-lhb-m28_3,Oval/Medial
CATCCGTTCGCGAAGA-1,1,LHb,LHb,resilient,b3-lhb-m28_3,Oval/Medial
CATCGCTAGGTCATAA-1,9,LHb,LHb,resilient,b3-lhb-m28_3,Marginal
CATGCCTTCTGGGATT-1,9,LHb,LHb,resilient,b3-lhb-m28_3,Marginal
CATGCGGGTCCTTTGC-1,1,LHb,LHb,resilient,b3-lhb-m28_3,Oval/Medial
CATGCTCTCCGTGTGG-1,9,LHb,LHb,resilient,b3-lhb-m28_3,Marginal
CATGGATCACCTCAGG-1,0,LHb,LHb,resilient,b3-lhb-m28_3,Hbx
CATGGATTCCAGTGCG-1,1,LHb,LHb,resilient,b3-lhb-m28_3,Oval/Medial
CATGGTACAAGCAGGT-1,0,LHb,LHb,resilient,b3-lhb-m28_3,Hbx
CATTCCGCAACGGTAG-1,9,LHb,LHb,resilient,b3-lhb-m28_3,Oval/Medial
CATTCCGGTAGTTAGA-1,9,LHb,LHb,resilient,b3-lhb-m28_3,Marginal
CATTCTAGTTTGGAAA-1,1,LHb,LHb,resilient,b3-lhb-m28_3,Oval/Medial
CATTCTATCGAGCACC-1,9,LHb,LHb,resilient,b3-lhb-m28_3,Marginal
CATTGCCAGTCGAGGT-1,9,LHb,LHb,resilient,b3-lhb-m28_3,Marginal
CCAAGCGAGCGTTCAT-1,1,LHb,LHb,resilient,b3-lhb-m28_3,Oval/Medial
CCAAGCGAGTGTTGAA-1,9,LHb,LHb,resilient,b3-lhb-m28_3,Marginal
CCAATTTTCACTACGA-1,0,LHb,LHb,resilient,b3-lhb-m28_3,Hbx
CCATAAGTCATGTCAG-1,1,LHb,LHb,resilient,b3-lhb-m28_3,Oval/Medial
CCCAACTTCGTGCAGC-1,9,LHb,LHb,resilient,b3-lhb-m28_3,Marginal
CCCATTGTCTGACCCT-1-1,1,LHb,LHb,resilient,b3-lhb-m28_3,Oval/Medial
CCCGAAGTCCGGCTTT-1,9,LHb,LHb,resilient,b3-lhb-m28_3,Marginal
CCCGAAGTCTAGCCAA-1,1,LHb,LHb,resilient,b3-lhb-m28_3,Oval/Medial
CCCGGAAAGGCCTAAG-1,0,LHb,LHb,resilient,b3-lhb-m28_3,Oval/Medial
CCCGGAATCGGAAGGT-1,1,LHb,LHb,resilient,b3-lhb-m28_3,Oval/Medial
CCCTCAATCTCAACGA-1,1,LHb,LHb,resilient,b3-lhb-m28_3,Oval/Medial
CCGATGGAGAATGTTG-1,1,LHb,LHb,resilient,b3-lhb-m28_3,Oval/Medial
CCGATGGTCCGGGACT-1,1,LHb,LHb,resilient,b3-lhb-m28_3,Oval/Medial
CCGGTAGTCCCATTCG-1,1,LHb,LHb,resilient,b3-lhb-m28_3,Oval/Medial
CCGGTGACAATTAGGA-1,1,LHb,LHb,resilient,b3-lhb-m28_3,Oval/Medial
CCTAACCAGCACCGAA-1,1,LHb,LHb,resilient,b3-lhb-m28_3,Oval/Medial
CCTAAGACATCATTGG-1,1,LHb,LHb,resilient,b3-lhb-m28_3,Oval/Medial
CCTCAGTTCTCAACCC-1,9,LHb,LHb,resilient,b3-lhb-m28_3,Marginal
CCTCATGCATTGAGGG-1,1,LHb,LHb,resilient,b3-lhb-m28_3,Lateral
CCTCATGTCGCAAGAG-1,9,LHb,LHb,resilient,b3-lhb-m28_3,Marginal
CCTCCAAAGGATACGC-1,1,LHb,LHb,resilient,b3-lhb-m28_3,Oval/Medial
CCTCCTCGTGGCTGCT-1,1,LHb,LHb,resilient,b3-lhb-m28_3,Lateral
CCTCTAGGTAGGACCA-1,1,LHb,LHb,resilient,b3-lhb-m28_3,Lateral
CCTCTCCGTGAGACCA-1,9,LHb,LHb,resilient,b3-lhb-m28_3,Marginal
CCTGCATAGAGGGTCT-1,0,LHb,LHb,resilient,b3-lhb-m28_3,Hbx
CCTTCAGGTCACTGAT-1,9,LHb,LHb,resilient,b3-lhb-m28_3,Hbx
CCTTCAGGTGAGTGAC-1,1,LHb,LHb,resilient,b3-lhb-m28_3,Lateral
CCTTCAGGTGGCCTCA-1,9,LHb,LHb,resilient,b3-lhb-m28_3,Marginal
CCTTCAGTCGACACCG-1,1,LHb,LHb,resilient,b3-lhb-m28_3,Oval/Medial
CCTTCAGTCGATCCAA-1,1,LHb,LHb,resilient,b3-lhb-m28_3,Oval/Medial
CGAAGTTTCAGGTAAA-1,1,LHb,LHb,resilient,b3-lhb-m28_3,Oval/Medial
CGAATTGCAAGGACAC-1,1,LHb,LHb,resilient,b3-lhb-m28_3,Oval/Medial
CGAGGAAGTTTCAGAC-1,1,LHb,LHb,resilient,b3-lhb-m28_3,Lateral
CGAGGAATCCCTTGGT-1,9,LHb,LHb,resilient,b3-lhb-m28_3,Marginal
CGAGGCTCATTACTCT-1,1,LHb,LHb,resilient,b3-lhb-m28_3,Oval/Medial
CGAGTTAGTAGTGCGA-1,1,LHb,LHb,resilient,b3-lhb-m28_3,Lateral
CGAGTTAGTGCGTGCT-1,1,LHb,LHb,resilient,b3-lhb-m28_3,Oval/Medial
CGATGCGCACGCACCA-1,9,LHb,LHb,resilient,b3-lhb-m28_3,Oval/Medial
CGATGCGTCCGATCGG-1,1,LHb,LHb,resilient,b3-lhb-m28_3,Oval/Medial
CGATGGCGTAGTGCGA-1,9,LHb,LHb,resilient,b3-lhb-m28_3,Hbx
CGCAGGTTCAACGTGT-1,9,LHb,LHb,resilient,b3-lhb-m28_3,Marginal
CGCAGGTTCTAGCCTC-1,9,LHb,LHb,resilient,b3-lhb-m28_3,Oval/Medial
CGCCAGATCTACAGGT-1,1,LHb,LHb,resilient,b3-lhb-m28_3,Oval/Medial
CGCGTGACAGCGACAA-1,1,LHb,LHb,resilient,b3-lhb-m28_3,Oval/Medial
CGGAACCCACTTGTCC-1,1,LHb,LHb,resilient,b3-lhb-m28_3,Oval/Medial
CGGAATTCAGAGTCTT-1,9,LHb,LHb,resilient,b3-lhb-m28_3,Marginal
CGGCAGTAGATTGATG-1,9,LHb,LHb,resilient,b3-lhb-m28_3,Marginal
CGGCAGTGTAACATGA-1,9,LHb,LHb,resilient,b3-lhb-m28_3,Marginal
CGGGACTTCACCTCTG-1,1,LHb,LHb,resilient,b3-lhb-m28_3,Oval/Medial
CGGTCAGAGTACAGAT-1,1,LHb,LHb,resilient,b3-lhb-m28_3,Oval/Medial
CGGTCAGAGTATCTGC-1,1,LHb,LHb,resilient,b3-lhb-m28_3,Oval/Medial
CGTAATGTCTTACTGT-1,9,LHb,LHb,resilient,b3-lhb-m28_3,Marginal
CGTCAAACAGTTCACA-1,1,LHb,LHb,resilient,b3-lhb-m28_3,Oval/Medial
CGTGAATAGTTGTACC-1,1,LHb,LHb,resilient,b3-lhb-m28_3,Oval/Medial
CGTGAATGTATGTGTC-1,1,LHb,LHb,resilient,b3-lhb-m28_3,Oval/Medial
CGTGTCTCACCAGCCA-1,1,LHb,LHb,resilient,b3-lhb-m28_3,Oval/Medial
CGTTCTGCACATGACT-1,9,LHb,LHb,resilient,b3-lhb-m28_3,Marginal
CGTTGGGAGGACTAAT-1,1,LHb,LHb,resilient,b3-lhb-m28_3,Oval/Medial
CTAACCCAGTCCCGAC-1,1,LHb,LHb,resilient,b3-lhb-m28_3,Hbx
CTAACCCGTGTCCCTT-1,9,LHb,LHb,resilient,b3-lhb-m28_3,Marginal
CTAACCCGTTCCACGG-1,1,LHb,LHb,resilient,b3-lhb-m28_3,Oval/Medial
CTAAGTGCACGCACCA-1,1,LHb,LHb,resilient,b3-lhb-m28_3,Oval/Medial
CTAAGTGCAGCTACAT-1,1,LHb,LHb,resilient,b3-lhb-m28_3,Oval/Medial
CTACATTGTGGAGAAA-1,1,LHb,LHb,resilient,b3-lhb-m28_3,Hbx
CTACCCACAAAGGCAC-1,1,LHb,LHb,resilient,b3-lhb-m28_3,Oval/Medial
CTACGGGGTGATAGAT-1,9,LHb,LHb,resilient,b3-lhb-m28_3,Marginal
CTACTATTCCATGATG-1,1,LHb,LHb,resilient,b3-lhb-m28_3,Oval/Medial
CTAGGTAGTTCTCTCG-1,1,LHb,LHb,resilient,b3-lhb-m28_3,Oval/Medial
CTAGGTATCTGTACAG-1,1,LHb,LHb,resilient,b3-lhb-m28_3,Oval/Medial
CTATAGGTCAAAGGAT-1,9,LHb,LHb,resilient,b3-lhb-m28_3,Marginal
CTCAAGAAGCACACAG-1-1,1,LHb,LHb,resilient,b3-lhb-m28_3,Oval/Medial
CTCAATTAGCATACTC-1,1,LHb,LHb,resilient,b3-lhb-m28_3,Oval/Medial
CTCAGGGAGCTGGCTC-1,1,LHb,LHb,resilient,b3-lhb-m28_3,Oval/Medial
CTCAGGGTCACCATCC-1,1,LHb,LHb,resilient,b3-lhb-m28_3,Oval/Medial
CTCAGTCCAGTAACCT-1,1,LHb,LHb,resilient,b3-lhb-m28_3,Oval/Medial
CTCAGTCGTTATCTTC-1,1,LHb,LHb,resilient,b3-lhb-m28_3,Oval/Medial
CTCATCGTCATACGGT-1,9,LHb,LHb,resilient,b3-lhb-m28_3,Oval/Medial
CTCATGCAGTGATGGC-1-1,1,LHb,LHb,resilient,b3-lhb-m28_3,Oval/Medial
CTCATTATCGTCCTCA-1,9,LHb,LHb,resilient,b3-lhb-m28_3,Marginal
CTCCATGGTACTGAGG-1,1,LHb,LHb,resilient,b3-lhb-m28_3,Oval/Medial
CTCCATGTCCAATCTT-1-1,9,LHb,LHb,resilient,b3-lhb-m28_3,Oval/Medial
CTCCCTCTCCAACACA-1,1,LHb,LHb,resilient,b3-lhb-m28_3,Oval/Medial
CTCGAGGGTCACCGAC-1,1,LHb,LHb,resilient,b3-lhb-m28_3,Oval/Medial
CTCTGGTAGCGGCTCT-1,9,LHb,LHb,resilient,b3-lhb-m28_3,Marginal
CTGATCCTCAAGGCTT-1-1,1,LHb,LHb,resilient,b3-lhb-m28_3,Oval/Medial
CTGCAGGAGGTCCGAA-1,9,LHb,LHb,resilient,b3-lhb-m28_3,Marginal
CTGCAGGTCCTATGGA-1,1,LHb,LHb,resilient,b3-lhb-m28_3,Oval/Medial
CTGCATCAGTAGATCA-1,1,LHb,LHb,resilient,b3-lhb-m28_3,Oval/Medial
CTGCCTATCCAAATGC-1,9,LHb,LHb,resilient,b3-lhb-m28_3,Marginal
CTGCTCAGTAGATGTA-1,1,LHb,LHb,resilient,b3-lhb-m28_3,Oval/Medial
CTGCTCAGTCGCTGCA-1,1,LHb,LHb,resilient,b3-lhb-m28_3,Oval/Medial
CTGGACGAGCTTCATG-1,1,LHb,LHb,resilient,b3-lhb-m28_3,Oval/Medial
CTGGCAGTCTCTGCTG-1,0,LHb,LHb,resilient,b3-lhb-m28_3,Hbx
CTGGTCTTCTCCCTAG-1,9,LHb,LHb,resilient,b3-lhb-m28_3,Marginal
CTGTAGAAGACAGCGT-1,9,LHb,LHb,resilient,b3-lhb-m28_3,Oval/Medial
CTGTCGTGTGACGCCT-1,1,LHb,LHb,resilient,b3-lhb-m28_3,Oval/Medial
CTGTCGTGTTGCTTGA-1,1,LHb,LHb,resilient,b3-lhb-m28_3,Oval/Medial
CTGTGAAAGAGCATTA-1,9,LHb,LHb,resilient,b3-lhb-m28_3,Marginal
CTGTGAAAGCCTCAGC-1,1,LHb,LHb,resilient,b3-lhb-m28_3,Oval/Medial
CTTACCGTCTAGTCAG-1,9,LHb,LHb,resilient,b3-lhb-m28_3,Hbx
CTTAGGAAGACGCAGT-1,9,LHb,LHb,resilient,b3-lhb-m28_3,Marginal
CTTAGGAAGACTGGGT-1,1,LHb,LHb,resilient,b3-lhb-m28_3,Oval/Medial
CTTCCGATCAGTGATC-1,1,LHb,LHb,resilient,b3-lhb-m28_3,Oval/Medial
CTTCCTTCAGGAATCG-1,1,LHb,LHb,resilient,b3-lhb-m28_3,Oval/Medial
CTTCCTTGTATGTCTG-1,9,LHb,LHb,resilient,b3-lhb-m28_3,Marginal
CTTCGGTCAATAAGGT-1-1,9,LHb,LHb,resilient,b3-lhb-m28_3,Marginal
CTTCGGTGTACCGGAA-1,9,LHb,LHb,resilient,b3-lhb-m28_3,Marginal
CTTCTCTCAAGGGTCA-1,1,LHb,LHb,resilient,b3-lhb-m28_3,Oval/Medial
CTTCTCTCACGGTCTG-1,9,LHb,LHb,resilient,b3-lhb-m28_3,Marginal
CTTCTCTGTGATGGCA-1,9,LHb,LHb,resilient,b3-lhb-m28_3,Marginal
CTTGAGAAGTGACCTT-1,1,LHb,LHb,resilient,b3-lhb-m28_3,Oval/Medial
CTTGAGACAAGACGAC-1,9,LHb,LHb,resilient,b3-lhb-m28_3,Marginal
CTTGAGACAAGCAATA-1,9,LHb,LHb,resilient,b3-lhb-m28_3,Marginal
CTTTCAAAGGCTGTAG-1,9,LHb,LHb,resilient,b3-lhb-m28_3,Marginal
CTTTCAATCTTTCCAA-1,1,LHb,LHb,resilient,b3-lhb-m28_3,Oval/Medial
GAAACCTGTTTCTTAC-1,1,LHb,LHb,resilient,b3-lhb-m28_3,Oval/Medial
GAACACTGTGGGACAT-1,1,LHb,LHb,resilient,b3-lhb-m28_3,Oval/Medial
GAACGTTCAGCCTATA-1,7,LHb,LHb,resilient,b3-lhb-m28_3,Oval/Medial
GAACGTTGTATGCTTG-1,1,LHb,LHb,resilient,b3-lhb-m28_3,Oval/Medial
GAAGAATTCACTCTTA-1,1,LHb,LHb,resilient,b3-lhb-m28_3,Oval/Medial
GAAGCCCAGTCATTGC-1,9,LHb,LHb,resilient,b3-lhb-m28_3,Marginal
GAAGCCCCATACAGAA-1,9,LHb,LHb,resilient,b3-lhb-m28_3,Oval/Medial
GAAGCCCTCATTCTTG-1,1,LHb,LHb,resilient,b3-lhb-m28_3,Lateral
GAAGGGTAGCTTGTTG-1,9,LHb,LHb,resilient,b3-lhb-m28_3,Marginal
GAAGGGTCACGAGGAT-1,1,LHb,LHb,resilient,b3-lhb-m28_3,Oval/Medial
GAAGGGTGTGTCCCTT-1,9,LHb,LHb,resilient,b3-lhb-m28_3,Marginal
GAAGTAAAGAGGCGTT-1,1,LHb,LHb,resilient,b3-lhb-m28_3,Hbx
GAAGTAACATACTTTC-1,1,LHb,LHb,resilient,b3-lhb-m28_3,Hbx
GAATCGTTCCATTTAC-1,9,LHb,LHb,resilient,b3-lhb-m28_3,Oval/Medial
GAATCGTTCTTACCGC-1,1,LHb,LHb,resilient,b3-lhb-m28_3,Oval/Medial
GAATCGTTCTTTCAGT-1,9,LHb,LHb,resilient,b3-lhb-m28_3,Oval/Medial
GACACGCCAACGTTAC-1-1,9,LHb,LHb,resilient,b3-lhb-m28_3,Marginal
GACAGCCAGATTGACA-1,1,LHb,LHb,resilient,b3-lhb-m28_3,Oval/Medial
GACAGCCTCCATTTAC-1,9,LHb,LHb,resilient,b3-lhb-m28_3,Oval/Medial
GACCCAGAGCGTGTCC-1-1,9,LHb,LHb,resilient,b3-lhb-m28_3,Oval/Medial
GACCCTTTCAACTGAC-1,1,LHb,LHb,resilient,b3-lhb-m28_3,Lateral
GACGCTGAGCACTCAT-1,1,LHb,LHb,resilient,b3-lhb-m28_3,Oval/Medial
GACGCTGCATGTCTAG-1,9,LHb,LHb,resilient,b3-lhb-m28_3,Marginal
GACGTTATCGGTGAAG-1,1,LHb,LHb,resilient,b3-lhb-m28_3,Hbx
GACTATGGTTACCCTC-1,1,LHb,LHb,resilient,b3-lhb-m28_3,Oval/Medial
GACTCAAGTCGTCAGC-1,9,LHb,LHb,resilient,b3-lhb-m28_3,Oval/Medial
GACTCTCTCGTCGATA-1,1,LHb,LHb,resilient,b3-lhb-m28_3,Oval/Medial
GACTGATTCTTAGGAC-1,9,LHb,LHb,resilient,b3-lhb-m28_3,Oval/Medial
GACTTCCCAGTCAGTT-1,1,LHb,LHb,resilient,b3-lhb-m28_3,Oval/Medial
GAGAAATCAGTGTATC-1,9,LHb,LHb,resilient,b3-lhb-m28_3,Marginal
GAGACTTCACCTAAAC-1,1,LHb,LHb,resilient,b3-lhb-m28_3,Oval/Medial
GAGATGGAGGCATCGA-1,9,LHb,LHb,resilient,b3-lhb-m28_3,Marginal
GAGCCTGTCGTCAGAT-1,1,LHb,LHb,resilient,b3-lhb-m28_3,Oval/Medial
GAGGGATCAGCGCGTT-1,1,LHb,LHb,resilient,b3-lhb-m28_3,Hbx
GAGGGATTCCGCTTAC-1,9,LHb,LHb,resilient,b3-lhb-m28_3,Marginal
GAGGGTATCATTTGCT-1,2,LHb,LHb,resilient,b3-lhb-m28_3,Oval/Medial
GAGTCATCAGAAGCTG-1,1,LHb,LHb,resilient,b3-lhb-m28_3,Oval/Medial
GAGTGTTGTGTCCATA-1-1,1,LHb,LHb,resilient,b3-lhb-m28_3,Oval/Medial
GAGTTGTCAAACTCGT-1,9,LHb,LHb,resilient,b3-lhb-m28_3,Marginal
GAGTTGTGTTATAGCC-1,9,LHb,LHb,resilient,b3-lhb-m28_3,Marginal
GATAGAACATGACACT-1-1,9,LHb,LHb,resilient,b3-lhb-m28_3,Oval/Medial
GATCACACAAGGCTTT-1,1,LHb,LHb,resilient,b3-lhb-m28_3,Oval/Medial
GATCAGTTCCGAAGGA-1,9,LHb,LHb,resilient,b3-lhb-m28_3,Marginal
GATCCCTCAGTGTACT-1,1,LHb,LHb,resilient,b3-lhb-m28_3,Hbx
GATGACTGTTGATGTC-1,1,LHb,LHb,resilient,b3-lhb-m28_3,Oval/Medial
GATGAGGAGGCTGGAT-1,1,LHb,LHb,resilient,b3-lhb-m28_3,Oval/Medial
GATGATCGTAGCTAAA-1,1,LHb,LHb,resilient,b3-lhb-m28_3,Oval/Medial
GATGGAGAGCGACTAG-1,1,LHb,LHb,resilient,b3-lhb-m28_3,Oval/Medial
GATGTTGCAACTCATG-1,1,LHb,LHb,resilient,b3-lhb-m28_3,Oval/Medial
GATTCGAAGTCTCTGA-1,1,LHb,LHb,resilient,b3-lhb-m28_3,Lateral
GATTCGAGTGGCTCTG-1,1,LHb,LHb,resilient,b3-lhb-m28_3,Oval/Medial
GCAACATGTTCAAAGA-1,9,LHb,LHb,resilient,b3-lhb-m28_3,Marginal
GCAACCGCAGAGGCAT-1,9,LHb,LHb,resilient,b3-lhb-m28_3,Marginal
GCAACCGCAGCGATTT-1,1,LHb,LHb,resilient,b3-lhb-m28_3,Oval/Medial
GCACGTGAGAGCCGTA-1,9,LHb,LHb,resilient,b3-lhb-m28_3,Marginal
GCAGCCAGTGCCTACG-1,1,LHb,LHb,resilient,b3-lhb-m28_3,Hbx
GCAGCCATCACCTGGG-1,9,LHb,LHb,resilient,b3-lhb-m28_3,Marginal
GCATCTCCAGCAGGAT-1,9,LHb,LHb,resilient,b3-lhb-m28_3,Marginal
GCATCTCTCGGTGTAT-1,1,LHb,LHb,resilient,b3-lhb-m28_3,Oval/Medial
GCATCTCTCTGCTAGA-1,1,LHb,LHb,resilient,b3-lhb-m28_3,Oval/Medial
GCATCTCTCTTGAGCA-1,1,LHb,LHb,resilient,b3-lhb-m28_3,Oval/Medial
GCATGATAGGTCGAGT-1,1,LHb,LHb,resilient,b3-lhb-m28_3,Oval/Medial
GCATTAGAGTCTCGTA-1,1,LHb,LHb,resilient,b3-lhb-m28_3,Oval/Medial
GCATTAGCACTGCTTC-1,1,LHb,LHb,resilient,b3-lhb-m28_3,Oval/Medial
GCCAACGCATCACAGT-1,9,LHb,LHb,resilient,b3-lhb-m28_3,Marginal
GCCAACGTCACGGGCT-1,1,LHb,LHb,resilient,b3-lhb-m28_3,Oval/Medial
GCCAGCATCGACGCGT-1,1,LHb,LHb,resilient,b3-lhb-m28_3,Lateral
GCCAGTGGTTCGTACA-1,1,LHb,LHb,resilient,b3-lhb-m28_3,Oval/Medial
GCCATGGAGACCTCAT-1,1,LHb,LHb,resilient,b3-lhb-m28_3,Hbx
GCCGATGGTGACTGTT-1,1,LHb,LHb,resilient,b3-lhb-m28_3,Lateral
GCCGATGTCAGCTGTA-1,9,LHb,LHb,resilient,b3-lhb-m28_3,Oval/Medial
GCCGTGATCGGTGTTA-1,9,LHb,LHb,resilient,b3-lhb-m28_3,Marginal
GCGATCGAGAGCAGTC-1,1,LHb,LHb,resilient,b3-lhb-m28_3,Oval/Medial
GCGGAAATCCCTAGGG-1-1,9,LHb,LHb,resilient,b3-lhb-m28_3,Marginal
GCGGAAATCCCTTGTG-1,9,LHb,LHb,resilient,b3-lhb-m28_3,Marginal
GCGGATCCAGTAGTGG-1,9,LHb,LHb,resilient,b3-lhb-m28_3,Marginal
GCGTGCACACTATGTG-1,9,LHb,LHb,resilient,b3-lhb-m28_3,Marginal
GCGTTTCAGAGCATCG-1,9,LHb,LHb,resilient,b3-lhb-m28_3,Marginal
GCTACAATCCAAGCCG-1,9,LHb,LHb,resilient,b3-lhb-m28_3,Marginal
GCTTTCGAGCGCGTTC-1-1,1,LHb,LHb,resilient,b3-lhb-m28_3,Oval/Medial
GCTTTCGGTACGGTTT-1,9,LHb,LHb,resilient,b3-lhb-m28_3,Marginal
GGAAGTGGTTTCGTGA-1,1,LHb,LHb,resilient,b3-lhb-m28_3,Marginal
GGACGTCAGAGTCAAT-1,1,LHb,LHb,resilient,b3-lhb-m28_3,Oval/Medial
GGACGTCGTTCCAGGC-1,9,LHb,LHb,resilient,b3-lhb-m28_3,Marginal
GGAGAACGTAATGATG-1,9,LHb,LHb,resilient,b3-lhb-m28_3,Marginal
GGAGGATCACGGTGCT-1,9,LHb,LHb,resilient,b3-lhb-m28_3,Marginal
GGAGGATCAGCTGAAG-1,9,LHb,LHb,resilient,b3-lhb-m28_3,Marginal
GGAGGTAGTCAGTTTG-1,1,LHb,LHb,resilient,b3-lhb-m28_3,Hbx
GGAGGTATCCTTGAAG-1,9,LHb,LHb,resilient,b3-lhb-m28_3,Oval/Medial
GGATCTAAGTTACGGG-1,1,LHb,LHb,resilient,b3-lhb-m28_3,Oval/Medial
GGATCTAGTATCATGC-1,9,LHb,LHb,resilient,b3-lhb-m28_3,Oval/Medial
GGCACGTAGCAGCACA-1,1,LHb,LHb,resilient,b3-lhb-m28_3,Oval/Medial
GGCACGTAGCCTCTGG-1,1,LHb,LHb,resilient,b3-lhb-m28_3,Oval/Medial
GGCACGTTCACTCACC-1,1,LHb,LHb,resilient,b3-lhb-m28_3,Lateral
GGCAGTCAGTGTAGAT-1,9,LHb,LHb,resilient,b3-lhb-m28_3,Marginal
GGCAGTCGTATCCTCC-1,9,LHb,LHb,resilient,b3-lhb-m28_3,Marginal
GGCAGTCTCCTATGGA-1,1,LHb,LHb,resilient,b3-lhb-m28_3,Oval/Medial
GGCTTTCCATTCATCT-1,4,LHb,LHb,resilient,b3-lhb-m28_3,Oval/Medial
GGGAAGTGTTTGATCG-1,1,LHb,LHb,resilient,b3-lhb-m28_3,Oval/Medial
GGGACCTAGTCATCGT-1,9,LHb,LHb,resilient,b3-lhb-m28_3,Oval/Medial
GGGACTCAGGTCTACT-1,1,LHb,LHb,resilient,b3-lhb-m28_3,Oval/Medial
GGGAGTAGTCTGTCAA-1,9,LHb,LHb,resilient,b3-lhb-m28_3,Marginal
GGGAGTAGTTTAGACC-1,9,LHb,LHb,resilient,b3-lhb-m28_3,Marginal
GGGATCCCAGTATGAA-1,9,LHb,LHb,resilient,b3-lhb-m28_3,Marginal
GGGATGACAAGTTCGT-1,9,LHb,LHb,resilient,b3-lhb-m28_3,Oval/Medial
GGGCCATTCTCTAAGG-1,13,LHb,LHb,resilient,b3-lhb-m28_3,Oval/Medial
GGGCGTTAGCCTCATA-1,1,LHb,LHb,resilient,b3-lhb-m28_3,Oval/Medial
GGGCGTTCACCAAAGG-1,1,LHb,LHb,resilient,b3-lhb-m28_3,Hbx
GGGTAGACAATTTCTC-1,1,LHb,LHb,resilient,b3-lhb-m28_3,Hbx
GGGTATTTCACGTAGT-1,9,LHb,LHb,resilient,b3-lhb-m28_3,Hbx
GGGTCACGTTCCTACC-1,1,LHb,LHb,resilient,b3-lhb-m28_3,Oval/Medial
GGGTGTCTCAGCCTTC-1,9,LHb,LHb,resilient,b3-lhb-m28_3,Marginal
GGTAACTCACGACAAG-1,1,LHb,LHb,resilient,b3-lhb-m28_3,Oval/Medial
GGTAACTCATATTCGG-1,1,LHb,LHb,resilient,b3-lhb-m28_3,Oval/Medial
GGTAACTGTAGCTGAG-1,1,LHb,LHb,resilient,b3-lhb-m28_3,Oval/Medial
GGTAATCTCTAGGAAA-1-1,1,LHb,LHb,resilient,b3-lhb-m28_3,Oval/Medial
GGTCACGAGGTAGGCT-1,1,LHb,LHb,resilient,b3-lhb-m28_3,Oval/Medial
GGTGAAGCATGGAAGC-1,1,LHb,LHb,resilient,b3-lhb-m28_3,Oval/Medial
GGTGAAGTCTTCGACC-1,9,LHb,LHb,resilient,b3-lhb-m28_3,Marginal
GGTGGCTAGTGGTGGT-1,9,LHb,LHb,resilient,b3-lhb-m28_3,Marginal
GGTGGCTGTGTAAACA-1,9,LHb,LHb,resilient,b3-lhb-m28_3,Oval/Medial
GGTGTTAGTGGGTATG-1,1,LHb,LHb,resilient,b3-lhb-m28_3,Hbx
GGTGTTAGTGTTGCCG-1-1,1,LHb,LHb,resilient,b3-lhb-m28_3,Oval/Medial
GGTTAACCAAGTGATA-1,1,LHb,LHb,resilient,b3-lhb-m28_3,Oval/Medial
GGTTAACGTATCCCAA-1,1,LHb,LHb,resilient,b3-lhb-m28_3,Oval/Medial
GTAACCACAGAACCGA-1,1,LHb,LHb,resilient,b3-lhb-m28_3,Oval/Medial
GTAAGTCAGCCGAACA-1,9,LHb,LHb,resilient,b3-lhb-m28_3,Marginal
GTAATCGAGCATGTTC-1,1,LHb,LHb,resilient,b3-lhb-m28_3,Lateral
GTAATGCGTGTGTGTT-1,1,LHb,LHb,resilient,b3-lhb-m28_3,Oval/Medial
GTAGAAAGTGGCCTCA-1,1,LHb,LHb,resilient,b3-lhb-m28_3,Oval/Medial
GTAGAGGTCTTTCCAA-1,9,LHb,LHb,resilient,b3-lhb-m28_3,Marginal
GTAGATCAGCTAAGTA-1-1,1,LHb,LHb,resilient,b3-lhb-m28_3,Oval/Medial
GTAGGTTTCTCTTCAA-1,9,LHb,LHb,resilient,b3-lhb-m28_3,Oval/Medial
GTCAAGTCAAGGTCTT-1-2,4,LHb,LHb,resilient,b3-lhb-m28_3,Marginal
GTCACGGAGACCTGGA-1,1,LHb,LHb,resilient,b3-lhb-m28_3,Oval/Medial
GTCACGGCAGGACTAG-1,1,LHb,LHb,resilient,b3-lhb-m28_3,Oval/Medial
GTCATTTTCCGGCTTT-1-1,1,LHb,LHb,resilient,b3-lhb-m28_3,Oval/Medial
GTCCACTTCTCCTACG-1,1,LHb,LHb,resilient,b3-lhb-m28_3,Oval/Medial
GTCCCATGTCACAGAG-1,1,LHb,LHb,resilient,b3-lhb-m28_3,Oval/Medial
GTCCTCAAGAGTCTGG-1,1,LHb,LHb,resilient,b3-lhb-m28_3,Oval/Medial
GTCGTAAAGTAGCAAT-1,1,LHb,LHb,resilient,b3-lhb-m28_3,Oval/Medial
GTCTAGAAGGGAGATA-1,9,LHb,LHb,resilient,b3-lhb-m28_3,Oval/Medial
GTCTAGAGTTCGCGTG-1,1,LHb,LHb,resilient,b3-lhb-m28_3,Oval/Medial
GTCTGTCTCGCCAATA-1,1,LHb,LHb,resilient,b3-lhb-m28_3,Oval/Medial
GTCTTTATCGATCCAA-1,1,LHb,LHb,resilient,b3-lhb-m28_3,Oval/Medial
GTGACGCCACTATGTG-1,1,LHb,LHb,resilient,b3-lhb-m28_3,Lateral
GTGACGCGTAGCTTGT-1,1,LHb,LHb,resilient,b3-lhb-m28_3,Oval/Medial
GTGAGTTCACTGAGTT-1,1,LHb,LHb,resilient,b3-lhb-m28_3,Oval/Medial
GTGAGTTTCAGTCCGG-1,1,LHb,LHb,resilient,b3-lhb-m28_3,Lateral
GTGATGTAGACATATG-1,9,LHb,LHb,resilient,b3-lhb-m28_3,Oval/Medial
GTGCGTGAGCAAATCA-1,1,LHb,LHb,resilient,b3-lhb-m28_3,Oval/Medial
GTGCGTGAGCCTGGAA-1,1,LHb,LHb,resilient,b3-lhb-m28_3,Oval/Medial
GTGCTGGCAACACACT-1-1,1,LHb,LHb,resilient,b3-lhb-m28_3,Oval/Medial
GTGCTTCCAAGTGTCT-1,9,LHb,LHb,resilient,b3-lhb-m28_3,Marginal
GTGGAAGTCTTGCAGA-1,9,LHb,LHb,resilient,b3-lhb-m28_3,Oval/Medial
GTGGAGAAGACATGCG-1,9,LHb,LHb,resilient,b3-lhb-m28_3,Marginal
GTGGCGTAGCATCTTG-1,1,LHb,LHb,resilient,b3-lhb-m28_3,Oval/Medial
GTGGGAAAGATAGCAT-1,1,LHb,LHb,resilient,b3-lhb-m28_3,Oval/Medial
GTGTAACAGTGCCAGA-1,9,LHb,LHb,resilient,b3-lhb-m28_3,Marginal
GTGTAACCAGTGTGCC-1,1,LHb,LHb,resilient,b3-lhb-m28_3,Oval/Medial
GTGTGATGTACCTTCC-1,9,LHb,LHb,resilient,b3-lhb-m28_3,Hbx
GTGTGATGTCGCACGT-1,1,LHb,LHb,resilient,b3-lhb-m28_3,Lateral
GTGTGGCTCGTTCGCT-1,1,LHb,LHb,resilient,b3-lhb-m28_3,Oval/Medial
GTGTTCCAGAATTGCA-1,9,LHb,LHb,resilient,b3-lhb-m28_3,Oval/Medial
GTTACCCAGCGAGGAG-1,9,LHb,LHb,resilient,b3-lhb-m28_3,Marginal
GTTACCCTCGGTGTTA-1,1,LHb,LHb,resilient,b3-lhb-m28_3,Oval/Medial
GTTACGACATAACGGG-1,9,LHb,LHb,resilient,b3-lhb-m28_3,Marginal
GTTAGACCACTGTCCT-1,9,LHb,LHb,resilient,b3-lhb-m28_3,Oval/Medial
GTTAGTGTCAGCTTGA-1,1,LHb,LHb,resilient,b3-lhb-m28_3,Lateral
GTTCATTAGGAAGTCC-1,1,LHb,LHb,resilient,b3-lhb-m28_3,Oval/Medial
GTTCCGTTCGTAGTCA-1,1,LHb,LHb,resilient,b3-lhb-m28_3,Lateral
GTTCGCTCAAAGGCTG-1,0,LHb,LHb,resilient,b3-lhb-m28_3,Oval/Medial
GTTCTATAGGCCTGAA-1,9,LHb,LHb,resilient,b3-lhb-m28_3,Oval/Medial
GTTGTAGGTACCTAAC-1,1,LHb,LHb,resilient,b3-lhb-m28_3,Oval/Medial
GTTGTAGGTGTTGATC-1,1,LHb,LHb,resilient,b3-lhb-m28_3,Hbx
GTTGTCCCAAAGTGTA-1-1,1,LHb,LHb,resilient,b3-lhb-m28_3,Oval/Medial
GTTGTGAGTGTTTCTT-1,1,LHb,LHb,resilient,b3-lhb-m28_3,Oval/Medial
GTTTACTGTTCCATTT-1,1,LHb,LHb,resilient,b3-lhb-m28_3,Lateral
GTTTACTTCTTCACAT-1,9,LHb,LHb,resilient,b3-lhb-m28_3,Marginal
GTTTGGACATGAAAGT-1,1,LHb,LHb,resilient,b3-lhb-m28_3,Hbx
TAACCAGGTAGGATAT-1,9,LHb,LHb,resilient,b3-lhb-m28_3,Hbx
TAACTTCAGATTTGCC-1,9,LHb,LHb,resilient,b3-lhb-m28_3,Marginal
TAACTTCTCCGAACGC-1,1,LHb,LHb,resilient,b3-lhb-m28_3,Oval/Medial
TAAGCGTCAAGACCGA-1,1,LHb,LHb,resilient,b3-lhb-m28_3,Oval/Medial
TAAGCGTTCGAGTACT-1,9,LHb,LHb,resilient,b3-lhb-m28_3,Marginal
TAAGTCGCAGTTCACA-1,9,LHb,LHb,resilient,b3-lhb-m28_3,Marginal
TAATCTCAGGCCCACT-1,1,LHb,LHb,resilient,b3-lhb-m28_3,Lateral
TACACCCCATATCTCT-1,9,LHb,LHb,resilient,b3-lhb-m28_3,Marginal
TACCCGTCAATCACGT-1,1,LHb,LHb,resilient,b3-lhb-m28_3,Oval/Medial
TACCGGGGTACTAGCT-1,9,LHb,LHb,resilient,b3-lhb-m28_3,Marginal
TACCGGGTCGATGCAT-1,9,LHb,LHb,resilient,b3-lhb-m28_3,Marginal
TACGTCCTCACATCAG-1-1,1,LHb,LHb,resilient,b3-lhb-m28_3,Oval/Medial
TACTGCCAGTACGAGC-1,0,LHb,LHb,resilient,b3-lhb-m28_3,Hbx
TACTTACGTTCCCACT-1,1,LHb,LHb,resilient,b3-lhb-m28_3,Oval/Medial
TACTTCATCTCTCTAA-1,9,LHb,LHb,resilient,b3-lhb-m28_3,Marginal
TACTTGTTCGCTGCGA-1,1,LHb,LHb,resilient,b3-lhb-m28_3,Oval/Medial
TAGACCAGTGACTCGC-1,9,LHb,LHb,resilient,b3-lhb-m28_3,Marginal
TAGAGTCAGTGAACAT-1,1,LHb,LHb,resilient,b3-lhb-m28_3,Oval/Medial
TAGGAGGCAGTTAAAG-1,1,LHb,LHb,resilient,b3-lhb-m28_3,Oval/Medial
TAGGAGGGTATTTCCT-1,1,LHb,LHb,resilient,b3-lhb-m28_3,Oval/Medial
TAGGAGGGTCTCTCCA-1,1,LHb,LHb,resilient,b3-lhb-m28_3,Oval/Medial
TAGGTTGCAAGGACAC-1,1,LHb,LHb,resilient,b3-lhb-m28_3,Lateral
TATACCTAGCCACAAG-1,1,LHb,LHb,resilient,b3-lhb-m28_3,Oval/Medial
TATACCTTCGTAGGGA-1,9,LHb,LHb,resilient,b3-lhb-m28_3,Marginal
TATACCTTCGTTCTGC-1,1,LHb,LHb,resilient,b3-lhb-m28_3,Oval/Medial
TATCAGGGTTCGAAGG-1,1,LHb,LHb,resilient,b3-lhb-m28_3,Oval/Medial
TATCCTAAGAACGCGT-1,9,LHb,LHb,resilient,b3-lhb-m28_3,Marginal
TATCTTGGTCTGTAGT-1,1,LHb,LHb,resilient,b3-lhb-m28_3,Oval/Medial
TATTCCAGTTTCGTTT-1,1,LHb,LHb,resilient,b3-lhb-m28_3,Hbx
TATTCCATCAAACTGC-1,1,LHb,LHb,resilient,b3-lhb-m28_3,Oval/Medial
TATTGCTTCTTCGTGC-1,9,LHb,LHb,resilient,b3-lhb-m28_3,Marginal
TCAAGACTCCTACGAA-1,9,LHb,LHb,resilient,b3-lhb-m28_3,Marginal
TCAAGTGCACACACGC-1,1,LHb,LHb,resilient,b3-lhb-m28_3,Oval/Medial
TCAATTCTCCCTCTCC-1,1,LHb,LHb,resilient,b3-lhb-m28_3,Oval/Medial
TCAATTCTCCGTGTGG-1,1,LHb,LHb,resilient,b3-lhb-m28_3,Oval/Medial
TCACAAGCACAGTCCG-1,1,LHb,LHb,resilient,b3-lhb-m28_3,Hbx
TCACAAGCACCAGTAT-1,1,LHb,LHb,resilient,b3-lhb-m28_3,Oval/Medial
TCACACCCAGCAGTCC-1,1,LHb,LHb,resilient,b3-lhb-m28_3,Oval/Medial
TCACACCGTGTTGCCG-1,1,LHb,LHb,resilient,b3-lhb-m28_3,Oval/Medial
TCACACCTCGTTATCT-1,1,LHb,LHb,resilient,b3-lhb-m28_3,Oval/Medial
TCACTATCAACAAGTA-1-1,1,LHb,LHb,resilient,b3-lhb-m28_3,Oval/Medial
TCAGCAAAGTTGAATG-1-1,1,LHb,LHb,resilient,b3-lhb-m28_3,Oval/Medial
TCAGCAACAATTGCAC-1,1,LHb,LHb,resilient,b3-lhb-m28_3,Oval/Medial
TCAGCCTTCTTCGCTG-1,9,LHb,LHb,resilient,b3-lhb-m28_3,Oval/Medial
TCAGGTAAGAGATGCC-1,1,LHb,LHb,resilient,b3-lhb-m28_3,Oval/Medial
TCAGGTAAGGAGTATT-1,1,LHb,LHb,resilient,b3-lhb-m28_3,Oval/Medial
TCAGGTACAACGATCT-1,1,LHb,LHb,resilient,b3-lhb-m28_3,Oval/Medial
TCAGTGAAGATAGTCA-1,1,LHb,LHb,resilient,b3-lhb-m28_3,Oval/Medial
TCAGTGACAACAAAGT-1,9,LHb,LHb,resilient,b3-lhb-m28_3,Marginal
TCATACTTCAGGTAAA-1,1,LHb,LHb,resilient,b3-lhb-m28_3,Oval/Medial
TCATATCGTGTTGACT-1,9,LHb,LHb,resilient,b3-lhb-m28_3,Marginal
TCATCATGTTAGAAAC-1,9,LHb,LHb,resilient,b3-lhb-m28_3,Marginal
TCATCCGTCCACTTTA-1,1,LHb,LHb,resilient,b3-lhb-m28_3,Oval/Medial
TCATGTTCAATCGCCG-1,9,LHb,LHb,resilient,b3-lhb-m28_3,Oval/Medial
TCATTCAGTCGCAACC-1,1,LHb,LHb,resilient,b3-lhb-m28_3,Lateral
TCATTGTCAAGTCCCG-1,1,LHb,LHb,resilient,b3-lhb-m28_3,Oval/Medial
TCATTGTGTAGATCCT-1,1,LHb,LHb,resilient,b3-lhb-m28_3,Oval/Medial
TCATTTGAGGATTACA-1,1,LHb,LHb,resilient,b3-lhb-m28_3,Oval/Medial
TCATTTGGTTTGTTGG-1,1,LHb,LHb,resilient,b3-lhb-m28_3,Oval/Medial
TCCACGTGTCCAGTTA-1,9,LHb,LHb,resilient,b3-lhb-m28_3,Oval/Medial
TCCAGAACACTAGAGG-1,1,LHb,LHb,resilient,b3-lhb-m28_3,Oval/Medial
TCCATGCCATCACCAA-1,1,LHb,LHb,resilient,b3-lhb-m28_3,Oval/Medial
TCCCACAAGGATGTTA-1,1,LHb,LHb,resilient,b3-lhb-m28_3,Oval/Medial
TCCCATGCAAATCAAG-1,1,LHb,LHb,resilient,b3-lhb-m28_3,Oval/Medial
TCCCATGGTCCTTTGC-1,1,LHb,LHb,resilient,b3-lhb-m28_3,Oval/Medial
TCCGTGTCACCGCTAG-1,1,LHb,LHb,resilient,b3-lhb-m28_3,Oval/Medial
TCCTAATTCTACTGCC-1,9,LHb,LHb,resilient,b3-lhb-m28_3,Marginal
TCCTCGATCACCTGTC-1,1,LHb,LHb,resilient,b3-lhb-m28_3,Oval/Medial
TCCTCTTGTTACACAC-1,1,LHb,LHb,resilient,b3-lhb-m28_3,Oval/Medial
TCCTCTTTCGCGTGCA-1,1,LHb,LHb,resilient,b3-lhb-m28_3,Oval/Medial
TCCTTTCCAGGCTTGC-1,1,LHb,LHb,resilient,b3-lhb-m28_3,Hbx
TCGAACAGTTGTTGTG-1,1,LHb,LHb,resilient,b3-lhb-m28_3,Lateral
TCGAAGTAGAAGATCT-1,9,LHb,LHb,resilient,b3-lhb-m28_3,Marginal
TCGAAGTTCGCACGAC-1,1,LHb,LHb,resilient,b3-lhb-m28_3,Oval/Medial
TCGATTTCAGCTACCG-1,1,LHb,LHb,resilient,b3-lhb-m28_3,Oval/Medial
TCGATTTGTCGATTCA-1,9,LHb,LHb,resilient,b3-lhb-m28_3,Marginal
TCGCAGGAGTTCCGGC-1,0,LHb,LHb,resilient,b3-lhb-m28_3,Hbx
TCGCAGGCAGGATTCT-1,1,LHb,LHb,resilient,b3-lhb-m28_3,Oval/Medial
TCGCAGGGTACGAGTG-1,9,LHb,LHb,resilient,b3-lhb-m28_3,Marginal
TCGCTCACATGACACT-1,9,LHb,LHb,resilient,b3-lhb-m28_3,Marginal
TCGGTCTAGGCGCTCT-1,1,LHb,LHb,resilient,b3-lhb-m28_3,Oval/Medial
TCGTGCTTCGGCATCG-1,9,LHb,LHb,resilient,b3-lhb-m28_3,Lateral
TCGTGCTTCTGAGATC-1,9,LHb,LHb,resilient,b3-lhb-m28_3,Marginal
TCTAACTCACTGGCCA-1,9,LHb,LHb,resilient,b3-lhb-m28_3,Marginal
TCTACATGTGCGGTAA-1,9,LHb,LHb,resilient,b3-lhb-m28_3,Oval/Medial
TCTATCAAGTGATGGC-1-1,1,LHb,LHb,resilient,b3-lhb-m28_3,Oval/Medial
TCTATCACATAGAGGC-1,9,LHb,LHb,resilient,b3-lhb-m28_3,Oval/Medial
TCTCCGAAGTCATTGC-1,9,LHb,LHb,resilient,b3-lhb-m28_3,Marginal
TCTCTGGAGAGTTGCG-1,1,LHb,LHb,resilient,b3-lhb-m28_3,Oval/Medial
TCTCTGGAGTACTGGG-1,1,LHb,LHb,resilient,b3-lhb-m28_3,Oval/Medial
TCTGCCAAGAAATCCA-1,9,LHb,LHb,resilient,b3-lhb-m28_3,Marginal
TCTGCCAGTTCAAACC-1,9,LHb,LHb,resilient,b3-lhb-m28_3,Marginal
TCTGCCATCTAATTCC-1,1,LHb,LHb,resilient,b3-lhb-m28_3,Oval/Medial
TCTGTCGTCCGCACTT-1,1,LHb,LHb,resilient,b3-lhb-m28_3,Oval/Medial
TCTGTCGTCGACCCAG-1,1,LHb,LHb,resilient,b3-lhb-m28_3,Oval/Medial
TCTTCCTCATGCGGTC-1-1,1,LHb,LHb,resilient,b3-lhb-m28_3,Oval/Medial
TCTTTGAAGACCATTC-1-1,1,LHb,LHb,resilient,b3-lhb-m28_3,Oval/Medial
TGAATCGAGTTGAAAC-1,9,LHb,LHb,resilient,b3-lhb-m28_3,Marginal
TGACAGTGTCCCACGA-1,1,LHb,LHb,resilient,b3-lhb-m28_3,Oval/Medial
TGACCCTAGTGGCCTC-1,9,LHb,LHb,resilient,b3-lhb-m28_3,Marginal
TGACCCTCAGGTTTAC-1,9,LHb,LHb,resilient,b3-lhb-m28_3,Lateral
TGACGCGAGAAGATCT-1,1,LHb,LHb,resilient,b3-lhb-m28_3,Oval/Medial
TGACGCGAGACCTCCG-1,9,LHb,LHb,resilient,b3-lhb-m28_3,Marginal
TGACTCCGTTATTCCT-1,9,LHb,LHb,resilient,b3-lhb-m28_3,Oval/Medial
TGAGACTAGTTTCTTC-1,9,LHb,LHb,resilient,b3-lhb-m28_3,Oval/Medial
TGATCAGCAGTCGGAA-1,9,LHb,LHb,resilient,b3-lhb-m28_3,Marginal
TGATGGTAGAAAGTCT-1,9,LHb,LHb,resilient,b3-lhb-m28_3,Oval/Medial
TGCAGGCTCTTCTCAA-1,1,LHb,LHb,resilient,b3-lhb-m28_3,Oval/Medial
TGCAGTATCCCGAATA-1-1,9,LHb,LHb,resilient,b3-lhb-m28_3,Marginal
TGCATCCTCGCAGATT-1,1,LHb,LHb,resilient,b3-lhb-m28_3,Oval/Medial
TGCATGAGTTCTCACC-1,1,LHb,LHb,resilient,b3-lhb-m28_3,Oval/Medial
TGCCGAGAGTATTGCC-1,9,LHb,LHb,resilient,b3-lhb-m28_3,Marginal
TGCCGAGCAGCATGCC-1,9,LHb,LHb,resilient,b3-lhb-m28_3,Marginal
TGCGACGGTAGGCTCC-1,9,LHb,LHb,resilient,b3-lhb-m28_3,Marginal
TGCGGCAGTCCTCAGG-1,9,LHb,LHb,resilient,b3-lhb-m28_3,Marginal
TGCGGGTAGAGTGTTA-1,9,LHb,LHb,resilient,b3-lhb-m28_3,Oval/Medial
TGCGGGTCAGGTGTGA-1,1,LHb,LHb,resilient,b3-lhb-m28_3,Oval/Medial
TGCGGGTGTCCGATCG-1,9,LHb,LHb,resilient,b3-lhb-m28_3,Marginal
TGCGGGTGTCGTGCCA-1,9,LHb,LHb,resilient,b3-lhb-m28_3,Marginal
TGCTCCAAGGGTGAGG-1,1,LHb,LHb,resilient,b3-lhb-m28_3,Hbx
TGCTGAATCAGGCGAA-1,9,LHb,LHb,resilient,b3-lhb-m28_3,Marginal
TGGAACTCAACTCGAT-1,4,LHb,LHb,resilient,b3-lhb-m28_3,Marginal
TGGAACTTCCACTGGG-1,1,LHb,LHb,resilient,b3-lhb-m28_3,Hbx
TGGAGAGGTATGGGAC-1,9,LHb,LHb,resilient,b3-lhb-m28_3,Marginal
TGGATCAGTTGGGCCT-1,1,LHb,LHb,resilient,b3-lhb-m28_3,Lateral
TGGGAAGCATACGCAT-1,1,LHb,LHb,resilient,b3-lhb-m28_3,Oval/Medial
TGGGAAGTCGAATGCT-1,9,LHb,LHb,resilient,b3-lhb-m28_3,Marginal
TGGGAGAAGAACAGGA-1,1,LHb,LHb,resilient,b3-lhb-m28_3,Oval/Medial
TGGGCGTAGAGAGTTT-1,1,LHb,LHb,resilient,b3-lhb-m28_3,Oval/Medial
TGGGCTGAGCTCGACC-1,1,LHb,LHb,resilient,b3-lhb-m28_3,Oval/Medial
TGGGCTGCAGAAGTTA-1,9,LHb,LHb,resilient,b3-lhb-m28_3,Oval/Medial
TGGGTTAAGTCTAGAA-1,1,LHb,LHb,resilient,b3-lhb-m28_3,Lateral
TGGGTTAGTCATCGGC-1,1,LHb,LHb,resilient,b3-lhb-m28_3,Oval/Medial
TGGGTTATCGCTTGAA-1,1,LHb,LHb,resilient,b3-lhb-m28_3,Oval/Medial
TGGTACAGTTCAGGTT-1,9,LHb,LHb,resilient,b3-lhb-m28_3,Oval/Medial
TGGTGATGTAGGACCA-1,1,LHb,LHb,resilient,b3-lhb-m28_3,Oval/Medial
TGGTGATGTCCCTGTT-1,9,LHb,LHb,resilient,b3-lhb-m28_3,Oval/Medial
TGTAACGGTTGGGAAC-1,1,LHb,LHb,resilient,b3-lhb-m28_3,Oval/Medial
TGTAAGCGTCCCTGAG-1,1,LHb,LHb,resilient,b3-lhb-m28_3,Lateral
TGTAAGCTCTGGAAGG-1,1,LHb,LHb,resilient,b3-lhb-m28_3,Oval/Medial
TGTAGACCATTCCTAT-1,1,LHb,LHb,resilient,b3-lhb-m28_3,Oval/Medial
TGTCCTGGTAACATCC-1-1,9,LHb,LHb,resilient,b3-lhb-m28_3,Oval/Medial
TGTCCTGTCGATTGAC-1,9,LHb,LHb,resilient,b3-lhb-m28_3,Marginal
TGTGAGTGTACGATTC-1,1,LHb,LHb,resilient,b3-lhb-m28_3,Oval/Medial
TGTGATGAGTGGACTG-1,1,LHb,LHb,resilient,b3-lhb-m28_3,Oval/Medial
TGTGGCGTCCAGCACG-1,1,LHb,LHb,resilient,b3-lhb-m28_3,Oval/Medial
TGTTCATCACTAACCA-1,1,LHb,LHb,resilient,b3-lhb-m28_3,Oval/Medial
TGTTCTAGTAGGTACG-1,9,LHb,LHb,resilient,b3-lhb-m28_3,Marginal
TGTTCTATCTGATGGT-1,1,LHb,LHb,resilient,b3-lhb-m28_3,Oval/Medial
TGTTTGTCAGTTGTCA-1-1,1,LHb,LHb,resilient,b3-lhb-m28_3,Oval/Medial
TGTTTGTGTTTAGAGA-1,9,LHb,LHb,resilient,b3-lhb-m28_3,Marginal
TGTTTGTTCACGACTA-1,9,LHb,LHb,resilient,b3-lhb-m28_3,Marginal
TGTTTGTTCAGCCTCT-1,9,LHb,LHb,resilient,b3-lhb-m28_3,Marginal
TTAATCCTCCACTAGA-1,1,LHb,LHb,resilient,b3-lhb-m28_3,Oval/Medial
TTACCATTCTTGGTCC-1-1,1,LHb,LHb,resilient,b3-lhb-m28_3,Oval/Medial
TTACGTTAGAAGCGGG-1,1,LHb,LHb,resilient,b3-lhb-m28_3,Oval/Medial
TTAGGCACATGGAGAC-1,9,LHb,LHb,resilient,b3-lhb-m28_3,Oval/Medial
TTAGGCATCAGGGTAG-1,1,LHb,LHb,resilient,b3-lhb-m28_3,Oval/Medial
TTAGGGTCAAACCACT-1,1,LHb,LHb,resilient,b3-lhb-m28_3,Oval/Medial
TTAGGGTTCGTAGGAG-1,9,LHb,LHb,resilient,b3-lhb-m28_3,Marginal
TTAGTCTGTGTAAATG-1,1,LHb,LHb,resilient,b3-lhb-m28_3,Oval/Medial
TTAGTCTGTTCTCTCG-1,1,LHb,LHb,resilient,b3-lhb-m28_3,Oval/Medial
TTATTGCCATAGCTGT-1,9,LHb,LHb,resilient,b3-lhb-m28_3,Marginal
TTCAATCAGCCATCCG-1,1,LHb,LHb,resilient,b3-lhb-m28_3,Oval/Medial
TTCAATCCACGACCTG-1,1,LHb,LHb,resilient,b3-lhb-m28_3,Oval/Medial
TTCAATCCATTCAGGT-1,9,LHb,LHb,resilient,b3-lhb-m28_3,Marginal
TTCAATCTCAGTCACA-1,9,LHb,LHb,resilient,b3-lhb-m28_3,Marginal
TTCAATCTCCGACATA-1,1,LHb,LHb,resilient,b3-lhb-m28_3,Oval/Medial
TTCACCGGTGAGTGAC-1,1,LHb,LHb,resilient,b3-lhb-m28_3,Hbx
TTCACCGGTTTATGCG-1,1,LHb,LHb,resilient,b3-lhb-m28_3,Oval/Medial
TTCAGGACACTCAAGT-1,9,LHb,LHb,resilient,b3-lhb-m28_3,Oval/Medial
TTCAGGAGTAGACAGC-1,9,LHb,LHb,resilient,b3-lhb-m28_3,Hbx
TTCAGGATCTACTATC-1,1,LHb,LHb,resilient,b3-lhb-m28_3,Oval/Medial
TTCATTGTCATTCTTG-1,9,LHb,LHb,resilient,b3-lhb-m28_3,Marginal
TTCCAATAGCAGGTCA-1,9,LHb,LHb,resilient,b3-lhb-m28_3,Marginal
TTCCACGGTATCATGC-1,9,LHb,LHb,resilient,b3-lhb-m28_3,Oval/Medial
TTCCTAACAGCACCCA-1-1,1,LHb,LHb,resilient,b3-lhb-m28_3,Oval/Medial
TTCCTTCAGCAACCAG-1,9,LHb,LHb,resilient,b3-lhb-m28_3,Oval/Medial
TTCCTTCTCAACTTTC-1,9,LHb,LHb,resilient,b3-lhb-m28_3,Marginal
TTCGATTCAGTTAAAG-1,1,LHb,LHb,resilient,b3-lhb-m28_3,Lateral
TTCGGTCAGGCCTGCT-1,1,LHb,LHb,resilient,b3-lhb-m28_3,Oval/Medial
TTCGGTCCAACAGAGC-1,1,LHb,LHb,resilient,b3-lhb-m28_3,Hbx
TTCTAACTCACTGAAC-1,9,LHb,LHb,resilient,b3-lhb-m28_3,Marginal
TTCTAGTGTCTTTCAT-1,1,LHb,LHb,resilient,b3-lhb-m28_3,Lateral
TTCTCTCTCGGATACT-1,1,LHb,LHb,resilient,b3-lhb-m28_3,Oval/Medial
TTCTGTAAGGGTAATT-1,1,LHb,LHb,resilient,b3-lhb-m28_3,Oval/Medial
TTCTGTACAATTCGTG-1-1,9,LHb,LHb,resilient,b3-lhb-m28_3,Marginal
TTCTGTACACCCTTAC-1,1,LHb,LHb,resilient,b3-lhb-m28_3,Oval/Medial
TTCTTCCCAAACCACT-1,1,LHb,LHb,resilient,b3-lhb-m28_3,Oval/Medial
TTGAACGCAGGCGTTC-1,1,LHb,LHb,resilient,b3-lhb-m28_3,Lateral
TTGCCTGAGGTCTTTG-1,1,LHb,LHb,resilient,b3-lhb-m28_3,Oval/Medial
TTGCTGCAGCCAAGGT-1,1,LHb,LHb,resilient,b3-lhb-m28_3,Oval/Medial
TTGCTGCCAAGTTCGT-1,1,LHb,LHb,resilient,b3-lhb-m28_3,Oval/Medial
TTGGATGGTTTCACAG-1-1,9,LHb,LHb,resilient,b3-lhb-m28_3,Marginal
TTGGGATGTGCACGCT-1,1,LHb,LHb,resilient,b3-lhb-m28_3,Oval/Medial
TTGGGCGAGGGCGAAG-1,9,LHb,LHb,resilient,b3-lhb-m28_3,Marginal
TTGGGCGGTCGCACAC-1,1,LHb,LHb,resilient,b3-lhb-m28_3,Oval/Medial
TTGGTTTTCCTTCTGG-1,9,LHb,LHb,resilient,b3-lhb-m28_3,Hbx
TTGGTTTTCGAGGCAA-1,1,LHb,LHb,resilient,b3-lhb-m28_3,Hbx
TTGTGGAGTGAAAGTT-1,9,LHb,LHb,resilient,b3-lhb-m28_3,Marginal
TTGTGGAGTTACTCAG-1,1,LHb,LHb,resilient,b3-lhb-m28_3,Oval/Medial
TTGTGTTAGTAGATCA-1,4,LHb,LHb,resilient,b3-lhb-m28_3,Marginal
TTTAGTCGTCGGCTAC-1,1,LHb,LHb,resilient,b3-lhb-m28_3,Oval/Medial
TTTCAGTGTAGTACGG-1,1,LHb,LHb,resilient,b3-lhb-m28_3,Oval/Medial
TTTCATGAGTCGGCAA-1,1,LHb,LHb,resilient,b3-lhb-m28_3,Oval/Medial
TTTCCTCGTGCACATT-1,9,LHb,LHb,resilient,b3-lhb-m28_3,Lateral
TTTGATCAGCACTCCG-1,1,LHb,LHb,resilient,b3-lhb-m28_3,Oval/Medial
TTTGGTTGTAGAATAC-1,9,LHb,LHb,resilient,b3-lhb-m28_3,Oval/Medial
TTTGTTGGTGTTAACC-1,1,LHb,LHb,resilient,b3-lhb-m28_3,Oval/Medial
TTTGTTGTCCTCTCGA-1,9,LHb,LHb,resilient,b3-lhb-m28_3,Marginal
AAACCCATCTACTGAG-1,2,LHb,LHb,spt,b1-lhb-m01_3,Hbx
AAACGAAAGGAGGCAG-1,0,LHb,LHb,spt,b1-lhb-m01_3,Oval/Medial
AAAGAACAGCGTCAAG-1,2,LHb,LHb,spt,b1-lhb-m01_3,Hbx
AAAGTGAAGTATCTGC-1,1,LHb,LHb,spt,b1-lhb-m01_3,Oval/Medial
AACAGGGAGGCGAACT-1,4,LHb,LHb,spt,b1-lhb-m01_3,Oval/Medial
AACAGGGCAATGCTCA-1,2,LHb,LHb,spt,b1-lhb-m01_3,Hbx
AACAGGGCAGGTTACT-1,1,LHb,LHb,spt,b1-lhb-m01_3,Oval/Medial
AACCTGACACCTGCTT-1,9,LHb,LHb,spt,b1-lhb-m01_3,Marginal
AACCTGACAGTCGAGA-1-1,0,LHb,LHb,spt,b1-lhb-m01_3,Oval/Medial
AACCTTTTCTCCGCAT-1,1,LHb,LHb,spt,b1-lhb-m01_3,Lateral
AAGACTCGTAGGACCA-1,9,LHb,LHb,spt,b1-lhb-m01_3,Marginal
AAGATAGAGCAGCGAT-1,2,LHb,LHb,spt,b1-lhb-m01_3,Oval/Medial
AAGCGTTGTTGGCCTG-1,9,LHb,LHb,spt,b1-lhb-m01_3,Marginal
AAGGTAAGTGTTGAGG-1,2,LHb,LHb,spt,b1-lhb-m01_3,Oval/Medial
AAGTACCGTACCAGAG-1,9,LHb,LHb,spt,b1-lhb-m01_3,Oval/Medial
AAGTACCTCGAGAACG-1,1,LHb,LHb,spt,b1-lhb-m01_3,Oval/Medial
AAGTCGTAGGCACTCC-1,1,LHb,LHb,spt,b1-lhb-m01_3,Oval/Medial
AAGTGAAAGACTTGTC-1,2,LHb,LHb,spt,b1-lhb-m01_3,Hbx
AAGTGAAGTGATGTAA-1,1,LHb,LHb,spt,b1-lhb-m01_3,Oval/Medial
AAGTGAAGTTACGGAG-1,9,LHb,LHb,spt,b1-lhb-m01_3,Oval/Medial
AATAGAGCATGCCGAC-1,4,LHb,LHb,spt,b1-lhb-m01_3,Oval/Medial
AATCACGGTGACACGA-1,13,LHb,LHb,spt,b1-lhb-m01_3,Hbx
AATGCCAAGAGGTTTA-1,1,LHb,LHb,spt,b1-lhb-m01_3,Hbx
AATGCCAAGTGTTCAC-1,4,LHb,LHb,spt,b1-lhb-m01_3,Oval/Medial
AATGGAATCCACTGGG-1,9,LHb,LHb,spt,b1-lhb-m01_3,Oval/Medial
AATTCCTAGAAATTCG-1-1,4,LHb,LHb,spt,b1-lhb-m01_3,Hbx
ACAAAGATCCTCACTG-1,9,LHb,LHb,spt,b1-lhb-m01_3,Marginal
ACACTGATCACCTGGG-1,1,LHb,LHb,spt,b1-lhb-m01_3,Oval/Medial
ACATCGATCCTCACCA-1,1,LHb,LHb,spt,b1-lhb-m01_3,Oval/Medial
ACATTTCGTATGGAGC-1,1,LHb,LHb,spt,b1-lhb-m01_3,Lateral
ACCAAACCACTTACAG-1,1,LHb,LHb,spt,b1-lhb-m01_3,Oval/Medial
ACCAAACTCGGTAACT-1,1,LHb,LHb,spt,b1-lhb-m01_3,Oval/Medial
ACCAAACTCTGGACCG-1,0,LHb,LHb,spt,b1-lhb-m01_3,Oval/Medial
ACCAACACATTACGGT-1,2,LHb,LHb,spt,b1-lhb-m01_3,Hbx
ACCCTCAGTCTCCCTA-1,1,LHb,LHb,spt,b1-lhb-m01_3,Oval/Medial
ACCCTCAGTGCTTCAA-1,9,LHb,LHb,spt,b1-lhb-m01_3,Oval/Medial
ACCCTTGAGTCTTCGA-1,9,LHb,LHb,spt,b1-lhb-m01_3,Marginal
ACCCTTGTCGGTGAAG-1,1,LHb,LHb,spt,b1-lhb-m01_3,Oval/Medial
ACCTGAAAGTCCTACA-1,9,LHb,LHb,spt,b1-lhb-m01_3,Oval/Medial
ACGATCAAGCCTCTCT-1,0,LHb,LHb,spt,b1-lhb-m01_3,Hbx
ACGATCACAAGTTCCA-1,9,LHb,LHb,spt,b1-lhb-m01_3,Marginal
ACGATGTCACAATTCG-1,1,LHb,LHb,spt,b1-lhb-m01_3,Oval/Medial
ACGGGTCAGCCTCATA-1-1,1,LHb,LHb,spt,b1-lhb-m01_3,Oval/Medial
ACGGTTACATGATAGA-1,1,LHb,LHb,spt,b1-lhb-m01_3,Oval/Medial
ACGTAACAGGTAAGTT-1-1,1,LHb,LHb,spt,b1-lhb-m01_3,Oval/Medial
ACGTAGTTCCTGTAGA-1,9,LHb,LHb,spt,b1-lhb-m01_3,Marginal
ACGTTCCAGGGTCAAC-1,1,LHb,LHb,spt,b1-lhb-m01_3,Hbx
ACTATTCTCGTAGCTA-1,2,LHb,LHb,spt,b1-lhb-m01_3,Hbx
ACTGTGACAATCTGCA-1,1,LHb,LHb,spt,b1-lhb-m01_3,Oval/Medial
ACTTATCTCGCCCAGA-1,1,LHb,LHb,spt,b1-lhb-m01_3,Oval/Medial
ACTTCGCTCATTCCTA-1,2,LHb,LHb,spt,b1-lhb-m01_3,Hbx
AGAACAATCATTATCC-1,1,LHb,LHb,spt,b1-lhb-m01_3,Oval/Medial
AGAAGTACAGTCTACA-1-1,1,LHb,LHb,spt,b1-lhb-m01_3,Oval/Medial
AGACAGGAGGTTCTTG-1,1,LHb,LHb,spt,b1-lhb-m01_3,Oval/Medial
AGAGCCCAGCCTAGGA-1,1,LHb,LHb,spt,b1-lhb-m01_3,Oval/Medial
AGATCCACAGTTAAAG-1,0,LHb,LHb,spt,b1-lhb-m01_3,Oval/Medial
AGATCCACATCCTTCG-1-1,1,LHb,LHb,spt,b1-lhb-m01_3,Lateral
AGCCACGAGTCCTACA-1,1,LHb,LHb,spt,b1-lhb-m01_3,Oval/Medial
AGCCACGAGTTGCCTA-1-1,1,LHb,LHb,spt,b1-lhb-m01_3,Lateral
AGCGCCATCATTTGCT-1,1,LHb,LHb,spt,b1-lhb-m01_3,Hbx
AGCGCTGGTCGAATTC-1,2,LHb,LHb,spt,b1-lhb-m01_3,Oval/Medial
AGGAATAGTGGAAATT-1,1,LHb,LHb,spt,b1-lhb-m01_3,Oval/Medial
AGGACGACACTATCGA-1,4,LHb,LHb,spt,b1-lhb-m01_3,Oval/Medial
AGGCCACAGCGCCATC-1,0,LHb,LHb,spt,b1-lhb-m01_3,Lateral
AGGCTGCTCCATTCGC-1,4,LHb,LHb,spt,b1-lhb-m01_3,Lateral
AGGGTGATCCACAGGC-1,1,LHb,LHb,spt,b1-lhb-m01_3,Oval/Medial
AGGTAGGGTCTTTATC-1-1,1,LHb,LHb,spt,b1-lhb-m01_3,Oval/Medial
AGGTGTTTCTTTCTAG-1,9,LHb,LHb,spt,b1-lhb-m01_3,Marginal
AGGTTGTAGCATGTTC-1,1,LHb,LHb,spt,b1-lhb-m01_3,Oval/Medial
AGGTTGTCAGTTAGAA-1,4,LHb,LHb,spt,b1-lhb-m01_3,Oval/Medial
AGTACCAAGGGTAGCT-1,0,LHb,LHb,spt,b1-lhb-m01_3,Oval/Medial
AGTAGCTGTGCACATT-1,4,LHb,LHb,spt,b1-lhb-m01_3,Oval/Medial
AGTCACAGTGCTGATT-1,9,LHb,LHb,spt,b1-lhb-m01_3,Marginal
AGTCACATCTTCGTGC-1,1,LHb,LHb,spt,b1-lhb-m01_3,Oval/Medial
AGTGCCGGTTACTCAG-1,0,LHb,LHb,spt,b1-lhb-m01_3,Oval/Medial
AGTTCGACACAGCTGC-1,1,LHb,LHb,spt,b1-lhb-m01_3,Oval/Medial
ATAGAGATCCGCTTAC-1,1,LHb,LHb,spt,b1-lhb-m01_3,Oval/Medial
ATCAGGTAGCAGATAT-1,0,LHb,LHb,spt,b1-lhb-m01_3,Lateral
ATCATTCAGAATAACC-1,1,LHb,LHb,spt,b1-lhb-m01_3,Oval/Medial
ATCATTCTCTTTGGAG-1,13,LHb,LHb,spt,b1-lhb-m01_3,Lateral
ATCCACCAGGTTGGTG-1,1,LHb,LHb,spt,b1-lhb-m01_3,Oval/Medial
ATCCCTGTCCTGGCTT-1,1,LHb,LHb,spt,b1-lhb-m01_3,Oval/Medial
ATCCGTCTCCAAATGC-1,0,LHb,LHb,spt,b1-lhb-m01_3,Oval/Medial
ATCCTATTCGTGCTCT-1,1,LHb,LHb,spt,b1-lhb-m01_3,Oval/Medial
ATCGATGAGGTCCGAA-1,9,LHb,LHb,spt,b1-lhb-m01_3,Oval/Medial
ATCGCCTTCGTCACCT-1,9,LHb,LHb,spt,b1-lhb-m01_3,Marginal
ATCGGATTCTCAACCC-1,0,LHb,LHb,spt,b1-lhb-m01_3,Oval/Medial
ATCGTGATCGTTCAGA-1,9,LHb,LHb,spt,b1-lhb-m01_3,Marginal
ATCTCTAAGCTGACTT-1,0,LHb,LHb,spt,b1-lhb-m01_3,Oval/Medial
ATGACCATCGAGCCAC-1,1,LHb,LHb,spt,b1-lhb-m01_3,Lateral
ATGAGTCAGAAACCAT-1,1,LHb,LHb,spt,b1-lhb-m01_3,Oval/Medial
ATGCCTCTCCCGAAAT-1,1,LHb,LHb,spt,b1-lhb-m01_3,Oval/Medial
ATGGGTTTCACCGGGT-1,4,LHb,LHb,spt,b1-lhb-m01_3,Hbx
ATGGTTGAGTAGCCAG-1,0,LHb,LHb,spt,b1-lhb-m01_3,Marginal
ATGGTTGGTCCCTCAT-1,1,LHb,LHb,spt,b1-lhb-m01_3,Lateral
ATGTCCCCATCCGAAT-1,4,LHb,LHb,spt,b1-lhb-m01_3,Oval/Medial
ATGTCTTAGGTTTACC-1,1,LHb,LHb,spt,b1-lhb-m01_3,Oval/Medial
ATTACCTGTCAGTCCG-1,9,LHb,LHb,spt,b1-lhb-m01_3,Marginal
ATTCACTAGTCTTCGA-1,1,LHb,LHb,spt,b1-lhb-m01_3,Oval/Medial
ATTCACTTCCTGGGAC-1,1,LHb,LHb,spt,b1-lhb-m01_3,Lateral
ATTCCCGAGATTGAGT-1,1,LHb,LHb,spt,b1-lhb-m01_3,Lateral
ATTCTACAGAATAGTC-1,1,LHb,LHb,spt,b1-lhb-m01_3,Marginal
CAAAGAAGTGTCACAT-1,4,LHb,LHb,spt,b1-lhb-m01_3,Marginal
CAACGGCTCCAACTGA-1,9,LHb,LHb,spt,b1-lhb-m01_3,Marginal
CACAACAAGACCAAGC-1,1,LHb,LHb,spt,b1-lhb-m01_3,Lateral
CACACAATCCGTAGTA-1,0,LHb,LHb,spt,b1-lhb-m01_3,Oval/Medial
CACCGTTGTCAGACGA-1,4,LHb,LHb,spt,b1-lhb-m01_3,Hbx
CACGAATTCAGACATC-1,4,LHb,LHb,spt,b1-lhb-m01_3,Hbx
CACGTTCAGTGCAGCA-1,4,LHb,LHb,spt,b1-lhb-m01_3,Oval/Medial
CAGCAGCAGTGTCATC-1,0,LHb,LHb,spt,b1-lhb-m01_3,Oval/Medial
CAGCAGCGTTTACCAG-1,1,LHb,LHb,spt,b1-lhb-m01_3,Oval/Medial
CAGCCAGCACCCTGTT-1,9,LHb,LHb,spt,b1-lhb-m01_3,Marginal
CAGGCCATCTCGGTCT-1,1,LHb,LHb,spt,b1-lhb-m01_3,Oval/Medial
CAGTTAGGTTTCAGAC-1,2,LHb,LHb,spt,b1-lhb-m01_3,Hbx
CAGTTCCTCCATACAG-1,1,LHb,LHb,spt,b1-lhb-m01_3,Oval/Medial
CATACCCGTAGTGGCA-1,1,LHb,LHb,spt,b1-lhb-m01_3,Hbx
CATCCACGTGCGTGCT-1,2,LHb,LHb,spt,b1-lhb-m01_3,Hbx
CATCGCTTCTACACAG-1,1,LHb,LHb,spt,b1-lhb-m01_3,Oval/Medial
CATCGTCCACTACACA-1,9,LHb,LHb,spt,b1-lhb-m01_3,Marginal
CATGCAAGTGCTCCGA-1,4,LHb,LHb,spt,b1-lhb-m01_3,Marginal
CATGCGGAGTAGCAAT-1,4,LHb,LHb,spt,b1-lhb-m01_3,Oval/Medial
CATGCTCCAATGTCAC-1,4,LHb,LHb,spt,b1-lhb-m01_3,Hbx
CATTTCAAGCAACAGC-1,1,LHb,LHb,spt,b1-lhb-m01_3,Oval/Medial
CCACAAAAGACTTCAC-1,1,LHb,LHb,spt,b1-lhb-m01_3,Lateral
CCACACTAGTCAATCC-1,1,LHb,LHb,spt,b1-lhb-m01_3,Oval/Medial
CCACTTGCATGGGTCC-1,9,LHb,LHb,spt,b1-lhb-m01_3,Marginal
CCATAAGTCTCTCTTC-1,1,LHb,LHb,spt,b1-lhb-m01_3,Lateral
CCATCACAGAGTTGCG-1,4,LHb,LHb,spt,b1-lhb-m01_3,Hbx
CCCAACTTCGCTGTCT-1,1,LHb,LHb,spt,b1-lhb-m01_3,Oval/Medial
CCCATTGAGTGGTGAC-1,1,LHb,LHb,spt,b1-lhb-m01_3,Oval/Medial
CCCGGAACACGACCTG-1,1,LHb,LHb,spt,b1-lhb-m01_3,Oval/Medial
CCCTAACTCATGCCCT-1-2,9,LHb,LHb,spt,b1-lhb-m01_3,Marginal
CCCTCAACATATGGCT-1,0,LHb,LHb,spt,b1-lhb-m01_3,Marginal
CCCTTAGGTCTCGGAC-1,9,LHb,LHb,spt,b1-lhb-m01_3,Marginal
CCGAACGGTTGGAGAC-1,9,LHb,LHb,spt,b1-lhb-m01_3,Marginal
CCGAACGTCCAGCCTT-1,4,LHb,LHb,spt,b1-lhb-m01_3,Oval/Medial
CCGCAAGTCAGACTGT-1-1,9,LHb,LHb,spt,b1-lhb-m01_3,Marginal
CCGGACAGTCATTGCA-1,1,LHb,LHb,spt,b1-lhb-m01_3,Hbx
CCGGTAGCAGGAATAT-1,0,LHb,LHb,spt,b1-lhb-m01_3,Oval/Medial
CCGTTCACAGCTTTCC-1,1,LHb,LHb,spt,b1-lhb-m01_3,Lateral
CCGTTCAGTTACTCAG-1,9,LHb,LHb,spt,b1-lhb-m01_3,Marginal
CCTCAACCATGGATCT-1,4,LHb,LHb,spt,b1-lhb-m01_3,Hbx
CCTCCTCCATACGCAT-1,1,LHb,LHb,spt,b1-lhb-m01_3,Oval/Medial
CCTCTAGGTTTGGAGG-1,1,LHb,LHb,spt,b1-lhb-m01_3,Oval/Medial
CCTGCATGTCGTGGTC-1,1,LHb,LHb,spt,b1-lhb-m01_3,Oval/Medial
CCTTCAGGTGTGATGG-1,2,LHb,LHb,spt,b1-lhb-m01_3,Oval/Medial
CCTTTGGCATAATGCC-1,1,LHb,LHb,spt,b1-lhb-m01_3,Oval/Medial
CGAAGTTCAATGTCTG-1,4,LHb,LHb,spt,b1-lhb-m01_3,Hbx
CGAAGTTCACTGAATC-1,0,LHb,LHb,spt,b1-lhb-m01_3,Oval/Medial
CGAAGTTGTACCCGAC-1,9,LHb,LHb,spt,b1-lhb-m01_3,Oval/Medial
CGAATTGAGGATATGT-1,9,LHb,LHb,spt,b1-lhb-m01_3,Marginal
CGAGTTAAGTCATACC-1,9,LHb,LHb,spt,b1-lhb-m01_3,Marginal
CGCATAAGTACTGCCG-1,2,LHb,LHb,spt,b1-lhb-m01_3,Oval/Medial
CGCATAATCCGTAATG-1,4,LHb,LHb,spt,b1-lhb-m01_3,Hbx
CGCCAGAGTGCTTATG-1,1,LHb,LHb,spt,b1-lhb-m01_3,Oval/Medial
CGCCATTTCGAATGCT-1,0,LHb,LHb,spt,b1-lhb-m01_3,Hbx
CGCGTGATCTTCCACG-1,4,LHb,LHb,spt,b1-lhb-m01_3,Marginal
CGGAATTTCCAACCGG-1,4,LHb,LHb,spt,b1-lhb-m01_3,Oval/Medial
CGGAGAAGTAAGTAGT-1,1,LHb,LHb,spt,b1-lhb-m01_3,Lateral
CGGCAGTAGACGGAAA-1-1,1,LHb,LHb,spt,b1-lhb-m01_3,Oval/Medial
CGGGACTTCAATCTTC-1,9,LHb,LHb,spt,b1-lhb-m01_3,Marginal
CGGGTGTGTGTCGCTG-1,1,LHb,LHb,spt,b1-lhb-m01_3,Oval/Medial
CGGTCAGTCTAGCATG-1,1,LHb,LHb,spt,b1-lhb-m01_3,Oval/Medial
CGTCAAAGTTGGACTT-1,1,LHb,LHb,spt,b1-lhb-m01_3,Oval/Medial
CGTGAATTCAATGCAC-1,9,LHb,LHb,spt,b1-lhb-m01_3,Marginal
CTACATTTCTCTGCTG-1,9,LHb,LHb,spt,b1-lhb-m01_3,Marginal
CTACCTGCATATAGCC-1,1,LHb,LHb,spt,b1-lhb-m01_3,Oval/Medial
CTCAGTCGTCGGATTT-1-1,9,LHb,LHb,spt,b1-lhb-m01_3,Marginal
CTCATGCGTCCTCAGG-1-1,2,LHb,LHb,spt,b1-lhb-m01_3,Hbx
CTCCAACCACTCCTTG-1,9,LHb,LHb,spt,b1-lhb-m01_3,Marginal
CTCCAACTCGTAGGGA-1,2,LHb,LHb,spt,b1-lhb-m01_3,Oval/Medial
CTCCGATCATAGTCAC-1,1,LHb,LHb,spt,b1-lhb-m01_3,Oval/Medial
CTCCTCCTCAAGCGTT-1,1,LHb,LHb,spt,b1-lhb-m01_3,Oval/Medial
CTCTCAGAGAGCTGAC-1,4,LHb,LHb,spt,b1-lhb-m01_3,Marginal
CTCTCAGGTATGAAAC-1,4,LHb,LHb,spt,b1-lhb-m01_3,Hbx
CTGATCCTCTCCTACG-1,0,LHb,LHb,spt,b1-lhb-m01_3,Oval/Medial
CTGCATCAGCCTCAAT-1,4,LHb,LHb,spt,b1-lhb-m01_3,Oval/Medial
CTGCCATGTGATGAAT-1,4,LHb,LHb,spt,b1-lhb-m01_3,Oval/Medial
CTGCCATTCCGCAACG-1,2,LHb,LHb,spt,b1-lhb-m01_3,Hbx
CTGCCTATCGTCAGAT-1,1,LHb,LHb,spt,b1-lhb-m01_3,Oval/Medial
CTGGTCTAGCACTCAT-1,1,LHb,LHb,spt,b1-lhb-m01_3,Oval/Medial
CTGTATTCACAAGCAG-1,4,LHb,LHb,spt,b1-lhb-m01_3,Hbx
CTTCAATGTATTGACC-1,1,LHb,LHb,spt,b1-lhb-m01_3,Oval/Medial
CTTCCGATCCCTCAAC-1,9,LHb,LHb,spt,b1-lhb-m01_3,Marginal
CTTGATTAGTAATCCC-1,9,LHb,LHb,spt,b1-lhb-m01_3,Marginal
CTTGATTGTCTTTCTA-1,4,LHb,LHb,spt,b1-lhb-m01_3,Marginal
CTTTCAAGTATCGAAA-1,9,LHb,LHb,spt,b1-lhb-m01_3,Oval/Medial
CTTTCGGGTAACAGGC-1,1,LHb,LHb,spt,b1-lhb-m01_3,Oval/Medial
GAAACCTGTTTCGTAG-1,1,LHb,LHb,spt,b1-lhb-m01_3,Oval/Medial
GAACACTGTCTACAAC-1,0,LHb,LHb,spt,b1-lhb-m01_3,Lateral
GAACGTTAGAAGATCT-1,4,LHb,LHb,spt,b1-lhb-m01_3,Oval/Medial
GAAGCCCAGCAGCCTC-1,9,LHb,LHb,spt,b1-lhb-m01_3,Oval/Medial
GAAGCGAAGGAAGTAG-1,9,LHb,LHb,spt,b1-lhb-m01_3,Marginal
GAAGCGAAGGCGACAT-1,4,LHb,LHb,spt,b1-lhb-m01_3,Oval/Medial
GAAGCGAGTAACGCGA-1,9,LHb,LHb,spt,b1-lhb-m01_3,Marginal
GAAGTAACATTACGGT-1,1,LHb,LHb,spt,b1-lhb-m01_3,Oval/Medial
GAATCGTGTGGAAATT-1,1,LHb,LHb,spt,b1-lhb-m01_3,Oval/Medial
GACACGCTCCGCAGTG-1,4,LHb,LHb,spt,b1-lhb-m01_3,Oval/Medial
GACATCAAGCAGCAGT-1,0,LHb,LHb,spt,b1-lhb-m01_3,Oval/Medial
GACCTTCAGAGTACCG-1,9,LHb,LHb,spt,b1-lhb-m01_3,Marginal
GACTGATTCCCGTAAA-1,2,LHb,LHb,spt,b1-lhb-m01_3,Oval/Medial
GAGAAATCACGCTTAA-1,4,LHb,LHb,spt,b1-lhb-m01_3,Lateral
GAGAAATGTTGCACGC-1,1,LHb,LHb,spt,b1-lhb-m01_3,Oval/Medial
GAGACCCCACCCAACG-1,1,LHb,LHb,spt,b1-lhb-m01_3,Oval/Medial
GAGGCAAGTCTACACA-1,4,LHb,LHb,spt,b1-lhb-m01_3,Oval/Medial
GAGGCCTAGTCTCCTC-1-1,4,LHb,LHb,spt,b1-lhb-m01_3,Hbx
GAGGGTATCAGCTTGA-1,1,LHb,LHb,spt,b1-lhb-m01_3,Hbx
GAGGGTATCATCCTGC-1,9,LHb,LHb,spt,b1-lhb-m01_3,Marginal
GAGTCATAGACTGTTC-1,2,LHb,LHb,spt,b1-lhb-m01_3,Oval/Medial
GAGTTACAGATGCTTC-1,1,LHb,LHb,spt,b1-lhb-m01_3,Hbx
GAGTTGTCAACGACTT-1-1,0,LHb,LHb,spt,b1-lhb-m01_3,Oval/Medial
GAGTTTGTCTTCCCGA-1,4,LHb,LHb,spt,b1-lhb-m01_3,Oval/Medial
GATCACATCGCCAGAC-1,0,LHb,LHb,spt,b1-lhb-m01_3,Oval/Medial
GATGACTAGCAAGGAA-1,4,LHb,LHb,spt,b1-lhb-m01_3,Hbx
GATGATCTCGAACCAT-1,9,LHb,LHb,spt,b1-lhb-m01_3,Marginal
GATTCTTTCCAAACCA-1,9,LHb,LHb,spt,b1-lhb-m01_3,Marginal
GATTTCTAGAGTCAAT-1,4,LHb,LHb,spt,b1-lhb-m01_3,Hbx
GATTTCTAGGTATTGA-1,0,LHb,LHb,spt,b1-lhb-m01_3,Lateral
GCAACATCAACAACAA-1,1,LHb,LHb,spt,b1-lhb-m01_3,Oval/Medial
GCAGCTGAGAAACCCG-1,2,LHb,LHb,spt,b1-lhb-m01_3,Oval/Medial
GCATCGGTCACCATAG-1,1,LHb,LHb,spt,b1-lhb-m01_3,Oval/Medial
GCATGATCACTGCGAC-1,4,LHb,LHb,spt,b1-lhb-m01_3,Hbx
GCATTAGTCATAGGCT-1,1,LHb,LHb,spt,b1-lhb-m01_3,Hbx
GCCAGCAAGGATTTGA-1,1,LHb,LHb,spt,b1-lhb-m01_3,Oval/Medial
GCCAGGTCATTCTTCA-1,4,LHb,LHb,spt,b1-lhb-m01_3,Hbx
GCCAGTGCAATCGCAT-1,9,LHb,LHb,spt,b1-lhb-m01_3,Oval/Medial
GCCAGTGGTACTGTTG-1-1,0,LHb,LHb,spt,b1-lhb-m01_3,Oval/Medial
GCCATTCCAAATGGAT-1,2,LHb,LHb,spt,b1-lhb-m01_3,Oval/Medial
GCGGAAATCGACACCG-1,9,LHb,LHb,spt,b1-lhb-m01_3,Marginal
GCGTTTCGTAGCCCTG-1,9,LHb,LHb,spt,b1-lhb-m01_3,Marginal
GCTACCTTCTTCACGC-1,1,LHb,LHb,spt,b1-lhb-m01_3,Oval/Medial
GCTGAATGTAACATAG-1-1,9,LHb,LHb,spt,b1-lhb-m01_3,Marginal
GCTGGGTGTGACCGTC-1,4,LHb,LHb,spt,b1-lhb-m01_3,Hbx
GCTTGGGCACGTCGTG-1,9,LHb,LHb,spt,b1-lhb-m01_3,Marginal
GGAACCCTCAGCCTCT-1,1,LHb,LHb,spt,b1-lhb-m01_3,Oval/Medial
GGAATGGCAACCAGAG-1,9,LHb,LHb,spt,b1-lhb-m01_3,Marginal
GGCTGTGAGTTATGGA-1,1,LHb,LHb,spt,b1-lhb-m01_3,Lateral
GGCTGTGGTGGCCTCA-1,1,LHb,LHb,spt,b1-lhb-m01_3,Oval/Medial
GGCTTGGAGAGCCCAA-1,9,LHb,LHb,spt,b1-lhb-m01_3,Oval/Medial
GGGAAGTCATACATCG-1,9,LHb,LHb,spt,b1-lhb-m01_3,Marginal
GGGACTCCAAAGCGTG-1,4,LHb,LHb,spt,b1-lhb-m01_3,Hbx
GGGATCCAGGCTCTCG-1,1,LHb,LHb,spt,b1-lhb-m01_3,Oval/Medial
GGGTCACAGAGGTATT-1,4,LHb,LHb,spt,b1-lhb-m01_3,Oval/Medial
GGGTTTAGTAGCACGA-1,1,LHb,LHb,spt,b1-lhb-m01_3,Oval/Medial
GGGTTTATCTATCCAT-1,4,LHb,LHb,spt,b1-lhb-m01_3,Hbx
GGTAATCCACTTGAGT-1,9,LHb,LHb,spt,b1-lhb-m01_3,Marginal
GGTGATTCAATCGAAA-1,4,LHb,LHb,spt,b1-lhb-m01_3,Oval/Medial
GGTGGCTGTAATTAGG-1,4,LHb,LHb,spt,b1-lhb-m01_3,Hbx
GGTGTCGCATCTCGTC-1,4,LHb,LHb,spt,b1-lhb-m01_3,Hbx
GGTTAACCATCCTTGC-1,1,LHb,LHb,spt,b1-lhb-m01_3,Oval/Medial
GGTTAACGTGGTCAAG-1,4,LHb,LHb,spt,b1-lhb-m01_3,Hbx
GTAACCATCGACACCG-1,1,LHb,LHb,spt,b1-lhb-m01_3,Lateral
GTAAGTCTCAGAGCAG-1-1,0,LHb,LHb,spt,b1-lhb-m01_3,Oval/Medial
GTAGCTACACTCTAGA-1,2,LHb,LHb,spt,b1-lhb-m01_3,Oval/Medial
GTAGGAGAGGGCCTCT-1,4,LHb,LHb,spt,b1-lhb-m01_3,Hbx
GTAGTACGTGTCCGGT-1,1,LHb,LHb,spt,b1-lhb-m01_3,Lateral
GTATTTCAGTTTCTTC-1,9,LHb,LHb,spt,b1-lhb-m01_3,Oval/Medial
GTCAAACGTCAAATCC-1,1,LHb,LHb,spt,b1-lhb-m01_3,Oval/Medial
GTCAAGTCAGTTCACA-1,2,LHb,LHb,spt,b1-lhb-m01_3,Hbx
GTCACTCGTACGATCT-1,1,LHb,LHb,spt,b1-lhb-m01_3,Oval/Medial
GTCCTCACAACGCATT-1,9,LHb,LHb,spt,b1-lhb-m01_3,Marginal
GTGACGCGTAAGATCA-1,2,LHb,LHb,spt,b1-lhb-m01_3,Oval/Medial
GTGGAGATCCCGTGAG-1,9,LHb,LHb,spt,b1-lhb-m01_3,Marginal
GTGTAACCATGACCCG-1,1,LHb,LHb,spt,b1-lhb-m01_3,Oval/Medial
GTGTCCTGTCCTGAAT-1,0,LHb,LHb,spt,b1-lhb-m01_3,Oval/Medial
GTGTGATGTTGCATGT-1-1,1,LHb,LHb,spt,b1-lhb-m01_3,Hbx
GTGTGGCAGCACGGAT-1,2,LHb,LHb,spt,b1-lhb-m01_3,Hbx
GTGTGGCAGTCTAACC-1,0,LHb,LHb,spt,b1-lhb-m01_3,Oval/Medial
GTTACCCCAAATTGCC-1,4,LHb,LHb,spt,b1-lhb-m01_3,Hbx
GTTACCCCATCAGCAT-1,1,LHb,LHb,spt,b1-lhb-m01_3,Oval/Medial
GTTCTATAGGAAAGAC-1,1,LHb,LHb,spt,b1-lhb-m01_3,Oval/Medial
GTTGCGGCATCAGCTA-1,9,LHb,LHb,spt,b1-lhb-m01_3,Oval/Medial
GTTGTAGAGCGTCAGA-1,1,LHb,LHb,spt,b1-lhb-m01_3,Oval/Medial
TAACACGAGGATATGT-1-1,1,LHb,LHb,spt,b1-lhb-m01_3,Oval/Medial
TAACACGCAAATACGA-1,9,LHb,LHb,spt,b1-lhb-m01_3,Marginal
TACAACGCAGTTGTTG-1,4,LHb,LHb,spt,b1-lhb-m01_3,Marginal
TACAGGTAGAGTACCG-1,2,LHb,LHb,spt,b1-lhb-m01_3,Oval/Medial
TACCCACAGGAGAGTA-1,1,LHb,LHb,spt,b1-lhb-m01_3,Oval/Medial
TACCCGTCATGACTTG-1,2,LHb,LHb,spt,b1-lhb-m01_3,Hbx
TACGTCCCAGGCAATG-1,1,LHb,LHb,spt,b1-lhb-m01_3,Marginal
TACTGCCCAAGCAGGT-1,4,LHb,LHb,spt,b1-lhb-m01_3,Hbx
TACTTACTCAAGGCTT-1,4,LHb,LHb,spt,b1-lhb-m01_3,Marginal
TAGACTGGTGACCGAA-1,13,LHb,LHb,spt,b1-lhb-m01_3,Oval/Medial
TAGGAGGTCACGATCA-1,2,LHb,LHb,spt,b1-lhb-m01_3,Marginal
TAGGTACAGATCACTC-1,1,LHb,LHb,spt,b1-lhb-m01_3,Oval/Medial
TAGGTACTCTGTCAGA-1,4,LHb,LHb,spt,b1-lhb-m01_3,Hbx
TAGTGCATCGTGCGAC-1,4,LHb,LHb,spt,b1-lhb-m01_3,Hbx
TATATCCCATCGATAC-1,9,LHb,LHb,spt,b1-lhb-m01_3,Marginal
TATCAGGGTTACCCAA-1,1,LHb,LHb,spt,b1-lhb-m01_3,Oval/Medial
TATCCTACAACACAGG-1,1,LHb,LHb,spt,b1-lhb-m01_3,Oval/Medial
TATCTGTCAAGCTGCC-1-1,9,LHb,LHb,spt,b1-lhb-m01_3,Marginal
TATTGCTAGCCGGATA-1,1,LHb,LHb,spt,b1-lhb-m01_3,Oval/Medial
TATTGCTCATTGGCAT-1,1,LHb,LHb,spt,b1-lhb-m01_3,Hbx
TATTGGGTCTAGATCG-1,4,LHb,LHb,spt,b1-lhb-m01_3,Hbx
TATTTCGCACGACGTC-1,9,LHb,LHb,spt,b1-lhb-m01_3,Hbx
TCACAAGAGACGGTTG-1,1,LHb,LHb,spt,b1-lhb-m01_3,Oval/Medial
TCACAAGAGTTACGAA-1,4,LHb,LHb,spt,b1-lhb-m01_3,Oval/Medial
TCACAAGTCTGCGATA-1,1,LHb,LHb,spt,b1-lhb-m01_3,Oval/Medial
TCACATTTCAGGTGTT-1,1,LHb,LHb,spt,b1-lhb-m01_3,Oval/Medial
TCACGGGTCACAGTGT-1-1,4,LHb,LHb,spt,b1-lhb-m01_3,Hbx
TCACTATGTGCTTCAA-1,1,LHb,LHb,spt,b1-lhb-m01_3,Oval/Medial
TCACTATTCTAGAACC-1,1,LHb,LHb,spt,b1-lhb-m01_3,Hbx
TCAGCAATCCAAACCA-1,9,LHb,LHb,spt,b1-lhb-m01_3,Marginal
TCAGTTTCACTCTCGT-1,4,LHb,LHb,spt,b1-lhb-m01_3,Oval/Medial
TCATACTTCTCTTAAC-1,1,LHb,LHb,spt,b1-lhb-m01_3,Lateral
TCATATCAGTTGCGCC-1,1,LHb,LHb,spt,b1-lhb-m01_3,Lateral
TCATCCGGTCCCTGTT-1,9,LHb,LHb,spt,b1-lhb-m01_3,Marginal
TCATTACAGAATTTGG-1,9,LHb,LHb,spt,b1-lhb-m01_3,Marginal
TCATTGTCAGAGCCCT-1,9,LHb,LHb,spt,b1-lhb-m01_3,Oval/Medial
TCATTGTCATCAGTGT-1,4,LHb,LHb,spt,b1-lhb-m01_3,Hbx
TCATTTGAGTGGTGGT-1,4,LHb,LHb,spt,b1-lhb-m01_3,Oval/Medial
TCCACCACAGAGTGAC-1,1,LHb,LHb,spt,b1-lhb-m01_3,Oval/Medial
TCCACGTAGGGCCCTT-1,13,LHb,LHb,spt,b1-lhb-m01_3,Oval/Medial
TCCACGTTCCGAGATT-1,0,LHb,LHb,spt,b1-lhb-m01_3,Oval/Medial
TCCCACAAGGATCACG-1,9,LHb,LHb,spt,b1-lhb-m01_3,Marginal
TCCCAGTAGATGTTGA-1,0,LHb,LHb,spt,b1-lhb-m01_3,Oval/Medial
TCCCAGTAGGACGCTA-1,0,LHb,LHb,spt,b1-lhb-m01_3,Oval/Medial
TCCGAAAAGATGTTCC-1,4,LHb,LHb,spt,b1-lhb-m01_3,Oval/Medial
TCCGAAAGTTAGGCTT-1,1,LHb,LHb,spt,b1-lhb-m01_3,Oval/Medial
TCCTAATTCAAGCCTA-1,13,LHb,LHb,spt,b1-lhb-m01_3,Oval/Medial
TCCTGCACACATTCTT-1,1,LHb,LHb,spt,b1-lhb-m01_3,Oval/Medial
TCCTGCACAGCAGACA-1,0,LHb,LHb,spt,b1-lhb-m01_3,Oval/Medial
TCCTTCTCACTTCAAG-1,4,LHb,LHb,spt,b1-lhb-m01_3,Oval/Medial
TCCTTCTCAGGAACCA-1,0,LHb,LHb,spt,b1-lhb-m01_3,Oval/Medial
TCGAACAGTGTCTTGA-1,1,LHb,LHb,spt,b1-lhb-m01_3,Oval/Medial
TCGACCTAGCTCCGAC-1,0,LHb,LHb,spt,b1-lhb-m01_3,Hbx
TCGACCTAGTCCTACA-1,9,LHb,LHb,spt,b1-lhb-m01_3,Marginal
TCGACCTGTGGTCCGT-1,0,LHb,LHb,spt,b1-lhb-m01_3,Oval/Medial
TCGACCTTCAGACAAA-1,4,LHb,LHb,spt,b1-lhb-m01_3,Hbx
TCGTAGACAGGACAGT-1,4,LHb,LHb,spt,b1-lhb-m01_3,Hbx
TCTAACTTCAAGGTGG-1-1,9,LHb,LHb,spt,b1-lhb-m01_3,Marginal
TCTACATAGGACTTCT-1,1,LHb,LHb,spt,b1-lhb-m01_3,Oval/Medial
TCTACCGGTAACCAGG-1,13,LHb,LHb,spt,b1-lhb-m01_3,Oval/Medial
TCTATACGTTATGTCG-1,1,LHb,LHb,spt,b1-lhb-m01_3,Lateral
TCTCACGCACTACCCT-1,9,LHb,LHb,spt,b1-lhb-m01_3,Marginal
TCTCACGGTCCAGCAC-1,1,LHb,LHb,spt,b1-lhb-m01_3,Oval/Medial
TCTCACGGTTCTCAGA-1,1,LHb,LHb,spt,b1-lhb-m01_3,Hbx
TCTCTGGTCAGGTAAA-1,9,LHb,LHb,spt,b1-lhb-m01_3,Oval/Medial
TCTGGCTTCGCTAATG-1,0,LHb,LHb,spt,b1-lhb-m01_3,Oval/Medial
TCTGTCGAGTCAGAGC-1,1,LHb,LHb,spt,b1-lhb-m01_3,Oval/Medial
TCTGTCGGTCGTTGGC-1,0,LHb,LHb,spt,b1-lhb-m01_3,Hbx
TCTTCCTAGTACCGGA-1,1,LHb,LHb,spt,b1-lhb-m01_3,Oval/Medial
TCTTCCTCAACTGAAA-1,1,LHb,LHb,spt,b1-lhb-m01_3,Lateral
TGAACGTCAGCAATTC-1,2,LHb,LHb,spt,b1-lhb-m01_3,Hbx
TGAACGTGTCTAGGCC-1,1,LHb,LHb,spt,b1-lhb-m01_3,Oval/Medial
TGAATGCAGACTTCCA-1,2,LHb,LHb,spt,b1-lhb-m01_3,Hbx
TGACGCGAGGAAAGGT-1,4,LHb,LHb,spt,b1-lhb-m01_3,Hbx
TGAGCATGTGTTCGTA-1,1,LHb,LHb,spt,b1-lhb-m01_3,Oval/Medial
TGATCAGGTTTAGACC-1,4,LHb,LHb,spt,b1-lhb-m01_3,Oval/Medial
TGATCTTAGTAGGAAG-1,1,LHb,LHb,spt,b1-lhb-m01_3,Oval/Medial
TGATCTTCAGCGGTCT-1,1,LHb,LHb,spt,b1-lhb-m01_3,Lateral
TGATGGTCATCATGAC-1,1,LHb,LHb,spt,b1-lhb-m01_3,Oval/Medial
TGATGGTCATGTAACC-1,4,LHb,LHb,spt,b1-lhb-m01_3,Oval/Medial
TGCACGGCACATGGTT-1-1,1,LHb,LHb,spt,b1-lhb-m01_3,Oval/Medial
TGCGGGTCAGCAGTCC-1,1,LHb,LHb,spt,b1-lhb-m01_3,Oval/Medial
TGCTCCATCAGACATC-1,9,LHb,LHb,spt,b1-lhb-m01_3,Marginal
TGCTGAACACAACGTT-1,0,LHb,LHb,spt,b1-lhb-m01_3,Oval/Medial
TGCTTGCTCGTTCATT-1,4,LHb,LHb,spt,b1-lhb-m01_3,Lateral
TGGAGGAAGTCTCCTC-1,2,LHb,LHb,spt,b1-lhb-m01_3,Oval/Medial
TGGATCAGTCCGTTTC-1,1,LHb,LHb,spt,b1-lhb-m01_3,Lateral
TGGGAGATCATTACCT-1,1,LHb,LHb,spt,b1-lhb-m01_3,Oval/Medial
TGGGATTAGGAACGAA-1,1,LHb,LHb,spt,b1-lhb-m01_3,Hbx
TGGGCGTGTGGATACG-1,4,LHb,LHb,spt,b1-lhb-m01_3,Hbx
TGGTAGTAGTCACAGG-1,1,LHb,LHb,spt,b1-lhb-m01_3,Oval/Medial
TGGTAGTCAGAGACTG-1,4,LHb,LHb,spt,b1-lhb-m01_3,Oval/Medial
TGGTAGTGTCAGTCCG-1,9,LHb,LHb,spt,b1-lhb-m01_3,Lateral
TGGTAGTTCTGCACCT-1,1,LHb,LHb,spt,b1-lhb-m01_3,Oval/Medial
TGTAACGAGTCTTCCC-1,1,LHb,LHb,spt,b1-lhb-m01_3,Oval/Medial
TGTAGACGTGAATTGA-1,4,LHb,LHb,spt,b1-lhb-m01_3,Oval/Medial
TGTGATGCAGCTACCG-1,1,LHb,LHb,spt,b1-lhb-m01_3,Hbx
TGTGCGGGTGATACAA-1,9,LHb,LHb,spt,b1-lhb-m01_3,Marginal
TGTGGCGGTTGCTCCT-1,0,LHb,LHb,spt,b1-lhb-m01_3,Hbx
TTACCATGTGCACAAG-1,9,LHb,LHb,spt,b1-lhb-m01_3,Hbx
TTACCGCGTATCTCTT-1,4,LHb,LHb,spt,b1-lhb-m01_3,Hbx
TTACCGCTCTCGAGTA-1,4,LHb,LHb,spt,b1-lhb-m01_3,Hbx
TTACGCCTCGGCATAT-1,1,LHb,LHb,spt,b1-lhb-m01_3,Oval/Medial
TTAGGGTTCCTGTTGC-1,0,LHb,LHb,spt,b1-lhb-m01_3,Oval/Medial
TTAGTCTAGTGCGCTC-1,2,LHb,LHb,spt,b1-lhb-m01_3,Oval/Medial
TTAGTCTCACACACGC-1,2,LHb,LHb,spt,b1-lhb-m01_3,Oval/Medial
TTATTGCAGAATCTAG-1,9,LHb,LHb,spt,b1-lhb-m01_3,Marginal
TTCACCGAGTCTTCCC-1,1,LHb,LHb,spt,b1-lhb-m01_3,Oval/Medial
TTCATGTTCCGACGGT-1,4,LHb,LHb,spt,b1-lhb-m01_3,Oval/Medial
TTCATTGAGTACTCGT-1,9,LHb,LHb,spt,b1-lhb-m01_3,Oval/Medial
TTCCAATTCTGAGGTT-1,1,LHb,LHb,spt,b1-lhb-m01_3,Oval/Medial
TTCCACGGTTCTTGCC-1,2,LHb,LHb,spt,b1-lhb-m01_3,Oval/Medial
TTCCACGTCATTTACC-1-1,4,LHb,LHb,spt,b1-lhb-m01_3,Oval/Medial
TTCCGGTAGCCAGAGT-1,4,LHb,LHb,spt,b1-lhb-m01_3,Hbx
TTCCTCTAGTAAGCAT-1,0,LHb,LHb,spt,b1-lhb-m01_3,Oval/Medial
TTCCTTCGTGCATACT-1,1,LHb,LHb,spt,b1-lhb-m01_3,Oval/Medial
TTCTGTATCACTGTTT-1,9,LHb,LHb,spt,b1-lhb-m01_3,Marginal
TTCTTCCTCTGCCTCA-1,1,LHb,LHb,spt,b1-lhb-m01_3,Hbx
TTCTTGATCGTTGTGA-1,1,LHb,LHb,spt,b1-lhb-m01_3,Hbx
TTGAACGAGGAGGTTC-1,1,LHb,LHb,spt,b1-lhb-m01_3,Oval/Medial
TTGAACGTCGTGTCAA-1,1,LHb,LHb,spt,b1-lhb-m01_3,Lateral
TTGAGTGAGCTCCATA-1,4,LHb,LHb,spt,b1-lhb-m01_3,Oval/Medial
TTGCCTGCAACTGCTA-1-1,0,LHb,LHb,spt,b1-lhb-m01_3,Oval/Medial
TTGCGTCTCGCTGATA-1,4,LHb,LHb,spt,b1-lhb-m01_3,Hbx
TTGGATGTCATACGAC-1,0,LHb,LHb,spt,b1-lhb-m01_3,Lateral
TTGGGCGAGGTCCAGA-1,4,LHb,LHb,spt,b1-lhb-m01_3,Oval/Medial
TTTATGCAGGGTCACA-1,4,LHb,LHb,spt,b1-lhb-m01_3,Hbx
TTTATGCTCCTTCTTC-1,1,LHb,LHb,spt,b1-lhb-m01_3,Oval/Medial
TTTCATGTCCTGGTCT-1,1,LHb,LHb,spt,b1-lhb-m01_3,Oval/Medial
TTTCCTCGTGATGTAA-1,0,LHb,LHb,spt,b1-lhb-m01_3,Marginal
TTTCGATGTACAGTAA-1,9,LHb,LHb,spt,b1-lhb-m01_3,Marginal
TTTGACTTCAAGCCCG-1,0,LHb,LHb,spt,b1-lhb-m01_3,Oval/Medial
TTTGATCCACAGCCTG-1,1,LHb,LHb,spt,b1-lhb-m01_3,Oval/Medial
TTTGTTGCACGCGTCA-1,1,LHb,LHb,spt,b1-lhb-m01_3,Oval/Medial
AAACGCTAGAGTAACT-1,9,LHb,LHb,spt,a9-lhb-m13_1,Marginal
AAAGTGATCTGCATGA-1,1,LHb,LHb,spt,a9-lhb-m13_1,Oval/Medial
AACCCAATCACTTGGA-1,1,LHb,LHb,spt,a9-lhb-m13_1,Oval/Medial
AACGAAAAGAGCCATG-1,1,LHb,LHb,spt,a9-lhb-m13_1,Oval/Medial
AACGAAAAGGATTTAG-1,1,LHb,LHb,spt,a9-lhb-m13_1,Oval/Medial
AAGACTCTCATTACTC-1,1,LHb,LHb,spt,a9-lhb-m13_1,Oval/Medial
AATAGAGCAACGGGTA-1,1,LHb,LHb,spt,a9-lhb-m13_1,Oval/Medial
AATCGTGCAAATTGGA-1,1,LHb,LHb,spt,a9-lhb-m13_1,Oval/Medial
ACAAGCTAGAATACAC-1,1,LHb,LHb,spt,a9-lhb-m13_1,Oval/Medial
ACAAGCTAGGGAGTGG-1,1,LHb,LHb,spt,a9-lhb-m13_1,Oval/Medial
ACACCAACACAGTCGC-1-1,9,LHb,LHb,spt,a9-lhb-m13_1,Marginal
ACACGCGCACAAGTTC-1,1,LHb,LHb,spt,a9-lhb-m13_1,Oval/Medial
ACAGGGAGTAGTCCTA-1,1,LHb,LHb,spt,a9-lhb-m13_1,Oval/Medial
ACATCGACAGAGGTAC-1,1,LHb,LHb,spt,a9-lhb-m13_1,Oval/Medial
ACATTTCAGGACAGTC-1,1,LHb,LHb,spt,a9-lhb-m13_1,Oval/Medial
ACCAAACGTGTCTAAC-1,1,LHb,LHb,spt,a9-lhb-m13_1,Oval/Medial
ACCACAAGTCTCGGAC-1,1,LHb,LHb,spt,a9-lhb-m13_1,Oval/Medial
ACGCACGCACGCTGTG-1,1,LHb,LHb,spt,a9-lhb-m13_1,Oval/Medial
ACTATGGAGCTACGTT-1,1,LHb,LHb,spt,a9-lhb-m13_1,Oval/Medial
ACTCTCGTCTTGTGCC-1,1,LHb,LHb,spt,a9-lhb-m13_1,Oval/Medial
ACTTAGGTCGCAATGT-1,1,LHb,LHb,spt,a9-lhb-m13_1,Oval/Medial
AGAAGCGGTCGAAGCA-1,1,LHb,LHb,spt,a9-lhb-m13_1,Oval/Medial
AGACACTCAACTCCCT-1,1,LHb,LHb,spt,a9-lhb-m13_1,Oval/Medial
AGACCCGAGTATCTGC-1,1,LHb,LHb,spt,a9-lhb-m13_1,Oval/Medial
AGACTCATCTTTCTAG-1,1,LHb,LHb,spt,a9-lhb-m13_1,Oval/Medial
AGAGAATTCGGACCAC-1,1,LHb,LHb,spt,a9-lhb-m13_1,Oval/Medial
AGATAGATCGCTTGCT-1,9,LHb,LHb,spt,a9-lhb-m13_1,Marginal
AGCCACGGTCCCTGTT-1,9,LHb,LHb,spt,a9-lhb-m13_1,Marginal
AGGAAATCAGACAAGC-1,1,LHb,LHb,spt,a9-lhb-m13_1,Oval/Medial
AGGAATAAGCGCCGTT-1,1,LHb,LHb,spt,a9-lhb-m13_1,Oval/Medial
AGGAATAGTGCAGTGA-1,9,LHb,LHb,spt,a9-lhb-m13_1,Marginal
AGGCCACAGGTAAGAG-1,9,LHb,LHb,spt,a9-lhb-m13_1,Marginal
AGGCTGCGTCCATACA-1-1,9,LHb,LHb,spt,a9-lhb-m13_1,Marginal
AGGGAGTAGGTAGCAC-1,13,LHb,LHb,spt,a9-lhb-m13_1,Oval/Medial
AGGGTTTTCATCCCGT-1,9,LHb,LHb,spt,a9-lhb-m13_1,Marginal
AGGTTACAGGGAGGCA-1,1,LHb,LHb,spt,a9-lhb-m13_1,Oval/Medial
AGTAGTCAGCACTGGA-1,1,LHb,LHb,spt,a9-lhb-m13_1,Oval/Medial
AGTCAACAGTCCCGGT-1,1,LHb,LHb,spt,a9-lhb-m13_1,Oval/Medial
AGTGACTAGGCATCAG-1,9,LHb,LHb,spt,a9-lhb-m13_1,Marginal
ATACCGATCTGCGGCA-1,1,LHb,LHb,spt,a9-lhb-m13_1,Oval/Medial
ATACCTTAGCATGGGT-1,9,LHb,LHb,spt,a9-lhb-m13_1,Marginal
ATCATTCCACGGTGTC-1,1,LHb,LHb,spt,a9-lhb-m13_1,Oval/Medial
ATCCACCAGTTCCGGC-1,9,LHb,LHb,spt,a9-lhb-m13_1,Marginal
ATCCTATGTTACCTGA-1,1,LHb,LHb,spt,a9-lhb-m13_1,Oval/Medial
ATGAGGGTCTTCTTCC-1,1,LHb,LHb,spt,a9-lhb-m13_1,Oval/Medial
ATGCCTCCAACAAGAT-1,1,LHb,LHb,spt,a9-lhb-m13_1,Oval/Medial
ATGCCTCCACGCGCTA-1,1,LHb,LHb,spt,a9-lhb-m13_1,Oval/Medial
ATGGAGGAGCAGTAAT-1,9,LHb,LHb,spt,a9-lhb-m13_1,Marginal
ATGGGAGAGATTGGGC-1,9,LHb,LHb,spt,a9-lhb-m13_1,Marginal
ATGGTTGCATATGGCT-1,1,LHb,LHb,spt,a9-lhb-m13_1,Oval/Medial
ATGTCTTGTCTCGCGA-1,1,LHb,LHb,spt,a9-lhb-m13_1,Oval/Medial
ATTCCTAAGGTGTGAC-1,1,LHb,LHb,spt,a9-lhb-m13_1,Oval/Medial
ATTGGGTAGGTAGTAT-1,9,LHb,LHb,spt,a9-lhb-m13_1,Marginal
ATTTACCAGGTGCTAG-1,1,LHb,LHb,spt,a9-lhb-m13_1,Oval/Medial
ATTTACCCAGTCTTCC-1,1,LHb,LHb,spt,a9-lhb-m13_1,Oval/Medial
ATTTACCTCCGCGAGT-1,9,LHb,LHb,spt,a9-lhb-m13_1,Marginal
CAACAGTTCTCTTGCG-1,9,LHb,LHb,spt,a9-lhb-m13_1,Marginal
CAACGATAGCGCCGTT-1,9,LHb,LHb,spt,a9-lhb-m13_1,Marginal
CAAGACTTCTTACACT-1,1,LHb,LHb,spt,a9-lhb-m13_1,Hbx
CAAGAGGAGAATTGCA-1,9,LHb,LHb,spt,a9-lhb-m13_1,Marginal
CAATCGAGTATAATGG-1,9,LHb,LHb,spt,a9-lhb-m13_1,Marginal
CAATGACGTGCTCGTG-1,1,LHb,LHb,spt,a9-lhb-m13_1,Oval/Medial
CAGATACGTGCCTGCA-1,1,LHb,LHb,spt,a9-lhb-m13_1,Oval/Medial
CAGATCAAGGCCACCT-1,9,LHb,LHb,spt,a9-lhb-m13_1,Marginal
CAGCCAGTCAGTCACA-1,1,LHb,LHb,spt,a9-lhb-m13_1,Oval/Medial
CATACCCCAGGCCCTA-1,1,LHb,LHb,spt,a9-lhb-m13_1,Oval/Medial
CATACTTAGTAGTGCG-1,1,LHb,LHb,spt,a9-lhb-m13_1,Oval/Medial
CATACTTCAATGTGGG-1,9,LHb,LHb,spt,a9-lhb-m13_1,Marginal
CATCCACCAAAGGCGT-1,0,LHb,LHb,spt,a9-lhb-m13_1,Marginal
CATCCACCACATAGCT-1,1,LHb,LHb,spt,a9-lhb-m13_1,Oval/Medial
CATCCACCAGACCAGA-1,1,LHb,LHb,spt,a9-lhb-m13_1,Oval/Medial
CATCCCAAGACGGATC-1,9,LHb,LHb,spt,a9-lhb-m13_1,Marginal
CATCCGTTCCGATTAG-1,9,LHb,LHb,spt,a9-lhb-m13_1,Marginal
CCACGAGAGAGTCAGC-1,1,LHb,LHb,spt,a9-lhb-m13_1,Oval/Medial
CCACTTGCATACCATG-1,1,LHb,LHb,spt,a9-lhb-m13_1,Oval/Medial
CCCTCAAGTTTAAGGA-1,9,LHb,LHb,spt,a9-lhb-m13_1,Marginal
CCGGACACATGAGTAA-1,1,LHb,LHb,spt,a9-lhb-m13_1,Oval/Medial
CCGGTAGAGACTACGG-1,1,LHb,LHb,spt,a9-lhb-m13_1,Oval/Medial
CCTAACCTCGTAGTCA-1,1,LHb,LHb,spt,a9-lhb-m13_1,Oval/Medial
CCTAAGAAGCGGCTCT-1,9,LHb,LHb,spt,a9-lhb-m13_1,Marginal
CCTACGTTCACTGCTC-1,1,LHb,LHb,spt,a9-lhb-m13_1,Oval/Medial
CCTCTAGCATTCAGGT-1,9,LHb,LHb,spt,a9-lhb-m13_1,Marginal
CGAAGTTTCCGCGATG-1,9,LHb,LHb,spt,a9-lhb-m13_1,Marginal
CGAATTGAGTGAGCCA-1-1,1,LHb,LHb,spt,a9-lhb-m13_1,Hbx
CGAGTGCAGTAGACAT-1,1,LHb,LHb,spt,a9-lhb-m13_1,Oval/Medial
CGGCAGTCAGAGATGC-1,9,LHb,LHb,spt,a9-lhb-m13_1,Marginal
CGTCCATGTAGTTCCA-1,1,LHb,LHb,spt,a9-lhb-m13_1,Oval/Medial
CGTGATAAGGTTGCCC-1,1,LHb,LHb,spt,a9-lhb-m13_1,Oval/Medial
CGTGATAGTGAGACCA-1,1,LHb,LHb,spt,a9-lhb-m13_1,Oval/Medial
CTACATTAGCTAGTTC-1,13,LHb,LHb,spt,a9-lhb-m13_1,Oval/Medial
CTAGACACAGGCTACC-1,1,LHb,LHb,spt,a9-lhb-m13_1,Oval/Medial
CTCATCGAGAGGCGGA-1,9,LHb,LHb,spt,a9-lhb-m13_1,Marginal
CTCGAGGGTCCTTAAG-1,1,LHb,LHb,spt,a9-lhb-m13_1,Oval/Medial
CTCTCGAGTAAGATAC-1,1,LHb,LHb,spt,a9-lhb-m13_1,Hbx
CTGTGGGAGAACAGGA-1,9,LHb,LHb,spt,a9-lhb-m13_1,Marginal
CTTAGGACATCCGTGG-1,1,LHb,LHb,spt,a9-lhb-m13_1,Oval/Medial
CTTGAGATCTTTCCAA-1,1,LHb,LHb,spt,a9-lhb-m13_1,Oval/Medial
GAACACTAGCGAGGAG-1,9,LHb,LHb,spt,a9-lhb-m13_1,Marginal
GAACTGTCACTAGGTT-1,1,LHb,LHb,spt,a9-lhb-m13_1,Oval/Medial
GACCAATAGCAGATAT-1,9,LHb,LHb,spt,a9-lhb-m13_1,Marginal
GACGCTGTCAAGTTGC-1,1,LHb,LHb,spt,a9-lhb-m13_1,Marginal
GACTATGCAAAGGCGT-1,9,LHb,LHb,spt,a9-lhb-m13_1,Marginal
GAGACCCGTAATCAAG-1,1,LHb,LHb,spt,a9-lhb-m13_1,Oval/Medial
GAGACTTAGAGATCGC-1,4,LHb,LHb,spt,a9-lhb-m13_1,Marginal
GAGATGGAGGACTATA-1,9,LHb,LHb,spt,a9-lhb-m13_1,Marginal
GAGGCCTGTCCCTCAT-1,1,LHb,LHb,spt,a9-lhb-m13_1,Oval/Medial
GAGTGAGCAAGTGGTG-1,1,LHb,LHb,spt,a9-lhb-m13_1,Oval/Medial
GATGGAGAGGATAATC-1,9,LHb,LHb,spt,a9-lhb-m13_1,Marginal
GATGGAGCAGGATTCT-1,1,LHb,LHb,spt,a9-lhb-m13_1,Oval/Medial
GATTCGAGTAAGTAGT-1,1,LHb,LHb,spt,a9-lhb-m13_1,Oval/Medial
GATTGGTGTTCGTACA-1,9,LHb,LHb,spt,a9-lhb-m13_1,Marginal
GCACGGTTCTCTCTTC-1,1,LHb,LHb,spt,a9-lhb-m13_1,Oval/Medial
GCCATTCTCCGGCAAC-1,9,LHb,LHb,spt,a9-lhb-m13_1,Marginal
GCCCAGAGTGATGGCA-1,4,LHb,LHb,spt,a9-lhb-m13_1,Marginal
GCCCGAACAGTAGGAC-1,1,LHb,LHb,spt,a9-lhb-m13_1,Oval/Medial
GCCCGAATCCGTGGCA-1,4,LHb,LHb,spt,a9-lhb-m13_1,Marginal
GCCGATGAGTTCGGTT-1,1,LHb,LHb,spt,a9-lhb-m13_1,Oval/Medial
GCCTGTTAGTAAGCAT-1,1,LHb,LHb,spt,a9-lhb-m13_1,Oval/Medial
GCTACCTGTCCTCCTA-1,9,LHb,LHb,spt,a9-lhb-m13_1,Marginal
GGAATGGCATGGATCT-1,1,LHb,LHb,spt,a9-lhb-m13_1,Oval/Medial
GGAGGTATCGCCTATC-1,1,LHb,LHb,spt,a9-lhb-m13_1,Oval/Medial
GGGACTCAGTAGGATT-1,1,LHb,LHb,spt,a9-lhb-m13_1,Oval/Medial
GGGAGATCAGGATCTT-1,1,LHb,LHb,spt,a9-lhb-m13_1,Oval/Medial
GGGATCCTCTACCTTA-1,1,LHb,LHb,spt,a9-lhb-m13_1,Oval/Medial
GGGATGAGTGTGTTTG-1,1,LHb,LHb,spt,a9-lhb-m13_1,Oval/Medial
GGGCCATTCAAGTGTC-1,9,LHb,LHb,spt,a9-lhb-m13_1,Marginal
GGGCTACAGTATCCTG-1,1,LHb,LHb,spt,a9-lhb-m13_1,Oval/Medial
GGGTAGAAGCCAGAGT-1,1,LHb,LHb,spt,a9-lhb-m13_1,Oval/Medial
GGGTAGAGTAGGAGTC-1,9,LHb,LHb,spt,a9-lhb-m13_1,Marginal
GGGTCACTCTATCGGA-1-1,1,LHb,LHb,spt,a9-lhb-m13_1,Oval/Medial
GGGTGAAAGCCTTGAT-1,1,LHb,LHb,spt,a9-lhb-m13_1,Oval/Medial
GGGTGAAAGGCAATGC-1,1,LHb,LHb,spt,a9-lhb-m13_1,Oval/Medial
GGGTGAATCAGCCCAG-1,1,LHb,LHb,spt,a9-lhb-m13_1,Hbx
GGTCACGTCGAGTGGA-1,1,LHb,LHb,spt,a9-lhb-m13_1,Oval/Medial
GGTCTGGAGGGAGGCA-1,1,LHb,LHb,spt,a9-lhb-m13_1,Oval/Medial
GGTGAAGAGCACTTTG-1-1,9,LHb,LHb,spt,a9-lhb-m13_1,Marginal
GGTGAAGTCGGAGTGA-1,1,LHb,LHb,spt,a9-lhb-m13_1,Oval/Medial
GGTGATTAGTCATGAA-1,1,LHb,LHb,spt,a9-lhb-m13_1,Oval/Medial
GGTGATTGTATCGCGC-1-1,1,LHb,LHb,spt,a9-lhb-m13_1,Oval/Medial
GGTTAACAGCTGGCTC-1,1,LHb,LHb,spt,a9-lhb-m13_1,Oval/Medial
GGTTCTCTCATGCTAG-1,1,LHb,LHb,spt,a9-lhb-m13_1,Oval/Medial
GTAACACGTTGTGGCC-1,1,LHb,LHb,spt,a9-lhb-m13_1,Oval/Medial
GTAGCTAGTCCGATCG-1,1,LHb,LHb,spt,a9-lhb-m13_1,Oval/Medial
GTAGTACAGGAGGCAG-1,9,LHb,LHb,spt,a9-lhb-m13_1,Marginal
GTCAAACCAGAGAATT-1,1,LHb,LHb,spt,a9-lhb-m13_1,Oval/Medial
GTCACGGCACGCGCAT-1,1,LHb,LHb,spt,a9-lhb-m13_1,Oval/Medial
GTCACGGCATAACCCA-1,1,LHb,LHb,spt,a9-lhb-m13_1,Oval/Medial
GTCACGGGTGCGACAA-1,13,LHb,LHb,spt,a9-lhb-m13_1,Hbx
GTCACTCCAAATACGA-1,1,LHb,LHb,spt,a9-lhb-m13_1,Oval/Medial
GTCCCATAGAGTGAAG-1,1,LHb,LHb,spt,a9-lhb-m13_1,Hbx
GTCCTCATCCCTATTA-1,4,LHb,LHb,spt,a9-lhb-m13_1,Marginal
GTCGTTCCAGCTGGTC-1,1,LHb,LHb,spt,a9-lhb-m13_1,Oval/Medial
GTGACGCTCGGAATTC-1,13,LHb,LHb,spt,a9-lhb-m13_1,Oval/Medial
GTTGTCCCACTCATAG-1,1,LHb,LHb,spt,a9-lhb-m13_1,Oval/Medial
GTTTGGAGTTGTACGT-1,1,LHb,LHb,spt,a9-lhb-m13_1,Oval/Medial
TACCCACCACTGTTCC-1,1,LHb,LHb,spt,a9-lhb-m13_1,Oval/Medial
TACCTGCCAGACGGAT-1-1,9,LHb,LHb,spt,a9-lhb-m13_1,Marginal
TACCTGCTCGCGAAGA-1,1,LHb,LHb,spt,a9-lhb-m13_1,Marginal
TACGCTCCACATGTTG-1,1,LHb,LHb,spt,a9-lhb-m13_1,Oval/Medial
TACGCTCGTTTCGTTT-1,1,LHb,LHb,spt,a9-lhb-m13_1,Hbx
TACGGGCCAATGTTGC-1,1,LHb,LHb,spt,a9-lhb-m13_1,Oval/Medial
TCACTATCAGTTTCGA-1,9,LHb,LHb,spt,a9-lhb-m13_1,Marginal
TCACTATGTTGAGAGC-1,1,LHb,LHb,spt,a9-lhb-m13_1,Oval/Medial
TCAGCCTCACTCAGAT-1,1,LHb,LHb,spt,a9-lhb-m13_1,Oval/Medial
TCAGGGCAGCACTCGC-1,1,LHb,LHb,spt,a9-lhb-m13_1,Oval/Medial
TCAGTTTGTTGCTCGG-1,9,LHb,LHb,spt,a9-lhb-m13_1,Marginal
TCCATCGTCTCCCAAC-1-1,1,LHb,LHb,spt,a9-lhb-m13_1,Oval/Medial
TCGATTTAGATGGTAT-1,1,LHb,LHb,spt,a9-lhb-m13_1,Oval/Medial
TCTACATAGCGATCGA-1,1,LHb,LHb,spt,a9-lhb-m13_1,Oval/Medial
TCTCCGACACCTGCAG-1,9,LHb,LHb,spt,a9-lhb-m13_1,Marginal
TCTCTGGTCGCCTTGT-1-1,1,LHb,LHb,spt,a9-lhb-m13_1,Oval/Medial
TCTGCCAGTAGATCCT-1,1,LHb,LHb,spt,a9-lhb-m13_1,Oval/Medial
TCTGGCTTCGCAAGAG-1,1,LHb,LHb,spt,a9-lhb-m13_1,Oval/Medial
TGATCTTCACCGGTCA-1,1,LHb,LHb,spt,a9-lhb-m13_1,Oval/Medial
TGCAGGCGTAGCACGA-1,4,LHb,LHb,spt,a9-lhb-m13_1,Marginal
TGCCGAGGTATGGGAC-1,1,LHb,LHb,spt,a9-lhb-m13_1,Oval/Medial
TGCTCCAGTGAGCTCC-1,13,LHb,LHb,spt,a9-lhb-m13_1,Oval/Medial
TGCTTGCGTTAGCGGA-1,1,LHb,LHb,spt,a9-lhb-m13_1,Oval/Medial
TGGATCAGTAACAAGT-1,1,LHb,LHb,spt,a9-lhb-m13_1,Oval/Medial
TGGTGATGTAACATGA-1,9,LHb,LHb,spt,a9-lhb-m13_1,Marginal
TGTCAGACAGTCAGAG-1,1,LHb,LHb,spt,a9-lhb-m13_1,Oval/Medial
TGTGAGTGTTAGGCTT-1,1,LHb,LHb,spt,a9-lhb-m13_1,Oval/Medial
TGTTACTAGAGTATAC-1-1,9,LHb,LHb,spt,a9-lhb-m13_1,Marginal
TGTTCATCAGAAGTGC-1,1,LHb,LHb,spt,a9-lhb-m13_1,Oval/Medial
TGTTCATGTCTGTGGC-1,4,LHb,LHb,spt,a9-lhb-m13_1,Marginal
TGTTGAGGTGTACGCC-1,1,LHb,LHb,spt,a9-lhb-m13_1,Oval/Medial
TTACGTTTCGACATCA-1-1,1,LHb,LHb,spt,a9-lhb-m13_1,Oval/Medial
TTAGGGTGTGTCTTCC-1,1,LHb,LHb,spt,a9-lhb-m13_1,Oval/Medial
TTAGTCTTCATCTCTA-1,1,LHb,LHb,spt,a9-lhb-m13_1,Oval/Medial
TTCCGGTGTTGACTAC-1,9,LHb,LHb,spt,a9-lhb-m13_1,Marginal
TTCCGGTTCATTGCCC-1,9,LHb,LHb,spt,a9-lhb-m13_1,Marginal
TTCCTAACAGAGCGTA-1,13,LHb,LHb,spt,a9-lhb-m13_1,Hbx
TTCTAACAGCGAATGC-1,1,LHb,LHb,spt,a9-lhb-m13_1,Oval/Medial
TTCTCTCTCGACCACG-1,1,LHb,LHb,spt,a9-lhb-m13_1,Oval/Medial
TTGAGTGTCAAACGTC-1,1,LHb,LHb,spt,a9-lhb-m13_1,Oval/Medial
TTGATGGTCTTGCAAG-1,1,LHb,LHb,spt,a9-lhb-m13_1,Hbx
TTGTGGAAGCCATCCG-1,9,LHb,LHb,spt,a9-lhb-m13_1,Marginal
TTGTGGAGTCCCGCAA-1,9,LHb,LHb,spt,a9-lhb-m13_1,Marginal
TTTCACATCGCAGTGC-1,9,LHb,LHb,spt,a9-lhb-m13_1,Marginal
TTTCCTCCACAGTCCG-1,9,LHb,LHb,spt,a9-lhb-m13_1,Marginal
AAAGGGCGTGAGAGGG-1,1,LHb,LHb,si,a1-lhb-m23_1,Oval/Medial
AAAGTGAGTTGCTGAT-1,1,LHb,LHb,si,a1-lhb-m23_1,Oval/Medial
AAATGGACATTCATCT-1,9,LHb,LHb,si,a1-lhb-m23_1,Marginal
AACCTTTAGTCGGGAT-1,1,LHb,LHb,si,a1-lhb-m23_1,Oval/Medial
AACGTCAGTACGGTTT-1,9,LHb,LHb,si,a1-lhb-m23_1,Marginal
AAGCCATTCGGCTATA-1,1,LHb,LHb,si,a1-lhb-m23_1,Oval/Medial
AATCGTGAGGCTCCCA-1,9,LHb,LHb,si,a1-lhb-m23_1,Marginal
AATGGCTCAGCTGAAG-1,1,LHb,LHb,si,a1-lhb-m23_1,Oval/Medial
AATGGCTGTAGGAGTC-1,1,LHb,LHb,si,a1-lhb-m23_1,Oval/Medial
ACAAAGACAGTGGCTC-1,9,LHb,LHb,si,a1-lhb-m23_1,Marginal
ACAGAAACATGACTTG-1,1,LHb,LHb,si,a1-lhb-m23_1,Oval/Medial
ACGTCCTGTCCCGTGA-1,1,LHb,LHb,si,a1-lhb-m23_1,Oval/Medial
ACTGTGACAGCGTTTA-1,1,LHb,LHb,si,a1-lhb-m23_1,Oval/Medial
AGACTCAGTCTACTGA-1,1,LHb,LHb,si,a1-lhb-m23_1,Oval/Medial
AGAGCAGTCGAGCACC-1,9,LHb,LHb,si,a1-lhb-m23_1,Marginal
AGAGCCCGTCCTATAG-1,1,LHb,LHb,si,a1-lhb-m23_1,Oval/Medial
AGAGCCCGTCGTGGTC-1,1,LHb,LHb,si,a1-lhb-m23_1,Oval/Medial
AGCGCCACAGAGGCAT-1,1,LHb,LHb,si,a1-lhb-m23_1,Oval/Medial
AGGAAATAGCGTGCTC-1,1,LHb,LHb,si,a1-lhb-m23_1,Oval/Medial
AGGAGGTTCCTAGCTC-1,1,LHb,LHb,si,a1-lhb-m23_1,Oval/Medial
AGGGTTTAGTCATAGA-1,1,LHb,LHb,si,a1-lhb-m23_1,Oval/Medial
AGGGTTTGTGGTCTTA-1,1,LHb,LHb,si,a1-lhb-m23_1,Oval/Medial
AGGTTGTAGTAGAGTT-1,1,LHb,LHb,si,a1-lhb-m23_1,Oval/Medial
AGTTAGCTCGCTCATC-1,1,LHb,LHb,si,a1-lhb-m23_1,Oval/Medial
ATAGACCAGGATCATA-1,1,LHb,LHb,si,a1-lhb-m23_1,Oval/Medial
ATAGACCAGGGACACT-1,1,LHb,LHb,si,a1-lhb-m23_1,Oval/Medial
ATAGACCTCTTACCGC-1,1,LHb,LHb,si,a1-lhb-m23_1,Oval/Medial
ATAGAGAGTTCAAAGA-1,9,LHb,LHb,si,a1-lhb-m23_1,Marginal
ATCCACCCACTTGACA-1-2,1,LHb,LHb,si,a1-lhb-m23_1,Oval/Medial
ATCCGTCTCGTCCATC-1,9,LHb,LHb,si,a1-lhb-m23_1,Marginal
ATCTTCAAGGCTTCCG-1,1,LHb,LHb,si,a1-lhb-m23_1,Oval/Medial
ATCTTCAGTCTACATG-1,1,LHb,LHb,si,a1-lhb-m23_1,Oval/Medial
ATTACCTTCCTAGAGT-1,1,LHb,LHb,si,a1-lhb-m23_1,Oval/Medial
ATTCCCGAGCTACTGT-1,1,LHb,LHb,si,a1-lhb-m23_1,Oval/Medial
CAAAGAATCGATCCAA-1,9,LHb,LHb,si,a1-lhb-m23_1,Marginal
CAACAGTAGGGTTAGC-1,1,LHb,LHb,si,a1-lhb-m23_1,Oval/Medial
CAACCTCCATACACCA-1,1,LHb,LHb,si,a1-lhb-m23_1,Oval/Medial
CAACGGCTCCGGACTG-1,1,LHb,LHb,si,a1-lhb-m23_1,Oval/Medial
CAAGACTTCTAACACG-1,1,LHb,LHb,si,a1-lhb-m23_1,Oval/Medial
CACAACACAATACCTG-1,9,LHb,LHb,si,a1-lhb-m23_1,Marginal
CACAGGCCATGGAACG-1,9,LHb,LHb,si,a1-lhb-m23_1,Marginal
CACCGTTAGCAACTTC-1,9,LHb,LHb,si,a1-lhb-m23_1,Marginal
CACCGTTCAGCACCCA-1,9,LHb,LHb,si,a1-lhb-m23_1,Marginal
CACCGTTGTCAGTTTG-1,1,LHb,LHb,si,a1-lhb-m23_1,Oval/Medial
CAGAGCCTCTACTGAG-1,1,LHb,LHb,si,a1-lhb-m23_1,Oval/Medial
CATAAGCGTGTGACCC-1,9,LHb,LHb,si,a1-lhb-m23_1,Marginal
CATACCCCAGTCCCGA-1,1,LHb,LHb,si,a1-lhb-m23_1,Oval/Medial
CATACTTTCATGGTAC-1,1,LHb,LHb,si,a1-lhb-m23_1,Oval/Medial
CATCAAGTCGCACGAC-1,1,LHb,LHb,si,a1-lhb-m23_1,Oval/Medial
CATCCACGTACTGGGA-1,1,LHb,LHb,si,a1-lhb-m23_1,Oval/Medial
CATGCAAGTACGAAAT-1,9,LHb,LHb,si,a1-lhb-m23_1,Marginal
CATGCAATCAAGTCGT-1,9,LHb,LHb,si,a1-lhb-m23_1,Marginal
CATGCGGGTGATGTAA-1,9,LHb,LHb,si,a1-lhb-m23_1,Marginal
CATGGATCAGTACTAC-1,1,LHb,LHb,si,a1-lhb-m23_1,Oval/Medial
CATTGCCAGGCATCGA-1,1,LHb,LHb,si,a1-lhb-m23_1,Oval/Medial
CCCTGATTCACAGTGT-1,9,LHb,LHb,si,a1-lhb-m23_1,Marginal
CCGAACGGTCACTAGT-1,1,LHb,LHb,si,a1-lhb-m23_1,Oval/Medial
CCGATGGGTTTCACAG-1,1,LHb,LHb,si,a1-lhb-m23_1,Oval/Medial
CCGGGTACATGGAACG-1,1,LHb,LHb,si,a1-lhb-m23_1,Oval/Medial
CCTGCATTCCGCTTAC-1,0,LHb,LHb,si,a1-lhb-m23_1,Marginal
CCTTTGGCATCGGATT-1,1,LHb,LHb,si,a1-lhb-m23_1,Oval/Medial
CGATCGGGTTGCTCGG-1,1,LHb,LHb,si,a1-lhb-m23_1,Oval/Medial
CGGAGAACATGGCACC-1,1,LHb,LHb,si,a1-lhb-m23_1,Oval/Medial
CGTAGTAAGCCAGACA-1,1,LHb,LHb,si,a1-lhb-m23_1,Oval/Medial
CGTGAATTCATTATCC-1,13,LHb,LHb,si,a1-lhb-m23_1,Oval/Medial
CGTGAATTCTTTCAGT-1,1,LHb,LHb,si,a1-lhb-m23_1,Oval/Medial
CGTGTCTAGAGGCGGA-1,1,LHb,LHb,si,a1-lhb-m23_1,Oval/Medial
CGTTGGGTCCAGTACA-1,9,LHb,LHb,si,a1-lhb-m23_1,Marginal
CTACATTAGCTGCGAA-1,9,LHb,LHb,si,a1-lhb-m23_1,Marginal
CTCACTGGTAACTTCG-1,1,LHb,LHb,si,a1-lhb-m23_1,Oval/Medial
CTCACTGGTGGGTTGA-1,9,LHb,LHb,si,a1-lhb-m23_1,Marginal
CTCCATGAGTGGTTAA-1,1,LHb,LHb,si,a1-lhb-m23_1,Oval/Medial
CTCCCAAGTACGATGG-1,1,LHb,LHb,si,a1-lhb-m23_1,Oval/Medial
CTCCCTCAGGAAACGA-1,1,LHb,LHb,si,a1-lhb-m23_1,Oval/Medial
CTCTCAGCATACCACA-1,1,LHb,LHb,si,a1-lhb-m23_1,Oval/Medial
CTGCAGGCAAGAATAC-1,1,LHb,LHb,si,a1-lhb-m23_1,Oval/Medial
CTGCATCGTCAGATTC-1,9,LHb,LHb,si,a1-lhb-m23_1,Marginal
CTGTACCGTAGGTACG-1,1,LHb,LHb,si,a1-lhb-m23_1,Oval/Medial
CTTCCGAGTCTCAGAT-1,9,LHb,LHb,si,a1-lhb-m23_1,Marginal
GAAGGGTCAATTTCCT-1,1,LHb,LHb,si,a1-lhb-m23_1,Oval/Medial
GAATCACTCCTGCCAT-1,1,LHb,LHb,si,a1-lhb-m23_1,Oval/Medial
GAATCGTCATCACAGT-1,9,LHb,LHb,si,a1-lhb-m23_1,Marginal
GACATCAGTATCAAGA-1,1,LHb,LHb,si,a1-lhb-m23_1,Oval/Medial
GACCCAGAGAGAACCC-1,1,LHb,LHb,si,a1-lhb-m23_1,Oval/Medial
GACCTTCGTCTGATCA-1-1,9,LHb,LHb,si,a1-lhb-m23_1,Marginal
GAGAAATGTCCTCCTA-1,9,LHb,LHb,si,a1-lhb-m23_1,Marginal
GAGTCTAAGCCGGATA-1,1,LHb,LHb,si,a1-lhb-m23_1,Oval/Medial
GATGATCTCGCATTGA-1,1,LHb,LHb,si,a1-lhb-m23_1,Oval/Medial
GCAACATTCAACTTTC-1-2,1,LHb,LHb,si,a1-lhb-m23_1,Oval/Medial
GCACTAACAGACACAG-1,1,LHb,LHb,si,a1-lhb-m23_1,Oval/Medial
GCAGCTGAGGACAAGA-1,1,LHb,LHb,si,a1-lhb-m23_1,Oval/Medial
GCCAACGTCTGTCAGA-1,9,LHb,LHb,si,a1-lhb-m23_1,Marginal
GCGATCGAGTTGTCGT-1-1,1,LHb,LHb,si,a1-lhb-m23_1,Oval/Medial
GCGGAAATCCTATTTG-1,1,LHb,LHb,si,a1-lhb-m23_1,Oval/Medial
GCTGAATCAACGACAG-1,1,LHb,LHb,si,a1-lhb-m23_1,Oval/Medial
GCTGCAGTCATCGACA-1,1,LHb,LHb,si,a1-lhb-m23_1,Oval/Medial
GCTGGGTAGGGCTGAT-1,1,LHb,LHb,si,a1-lhb-m23_1,Oval/Medial
GCTTCACAGCGTTACT-1,9,LHb,LHb,si,a1-lhb-m23_1,Marginal
GGAGAACCATGCTGCG-1,1,LHb,LHb,si,a1-lhb-m23_1,Oval/Medial
GGAGATGAGTGCGCTC-1,9,LHb,LHb,si,a1-lhb-m23_1,Marginal
GGATGTTCAAAGACTA-1,9,LHb,LHb,si,a1-lhb-m23_1,Marginal
GGGAAGTAGGACTTCT-1,1,LHb,LHb,si,a1-lhb-m23_1,Oval/Medial
GGGCTCATCGTTAGTG-1,9,LHb,LHb,si,a1-lhb-m23_1,Marginal
GGGTAGATCTGGGATT-1,1,LHb,LHb,si,a1-lhb-m23_1,Oval/Medial
GGGTATTAGCTAAACA-1,9,LHb,LHb,si,a1-lhb-m23_1,Marginal
GGGTGTCCACTACGGC-1,1,LHb,LHb,si,a1-lhb-m23_1,Oval/Medial
GTAACACTCCTCATAT-1,1,LHb,LHb,si,a1-lhb-m23_1,Oval/Medial
GTAACCAAGCCGAATG-1,1,LHb,LHb,si,a1-lhb-m23_1,Oval/Medial
GTACAGTCAATGAAAC-1,1,LHb,LHb,si,a1-lhb-m23_1,Oval/Medial
GTAGATCAGCAAGTCG-1,1,LHb,LHb,si,a1-lhb-m23_1,Oval/Medial
GTAGGTTCAGAGTTGG-1,1,LHb,LHb,si,a1-lhb-m23_1,Oval/Medial
GTATTTCAGTCATGGG-1,1,LHb,LHb,si,a1-lhb-m23_1,Oval/Medial
GTCAAGTCAGCACCCA-1,1,LHb,LHb,si,a1-lhb-m23_1,Oval/Medial
GTCGAATCAAGAAACT-1-1,9,LHb,LHb,si,a1-lhb-m23_1,Marginal
GTCGTAAAGATGCAGC-1-1,1,LHb,LHb,si,a1-lhb-m23_1,Oval/Medial
GTCTAGAGTGGAGGTT-1,1,LHb,LHb,si,a1-lhb-m23_1,Oval/Medial
GTCTTTATCGTCTAAG-1,1,LHb,LHb,si,a1-lhb-m23_1,Oval/Medial
GTGAGCCAGCCTGACC-1,9,LHb,LHb,si,a1-lhb-m23_1,Marginal
GTGCACGAGACTACCT-1,9,LHb,LHb,si,a1-lhb-m23_1,Oval/Medial
GTGCACGAGAGGTATT-1,1,LHb,LHb,si,a1-lhb-m23_1,Oval/Medial
GTGGAAGTCCTACACC-1,0,LHb,LHb,si,a1-lhb-m23_1,Oval/Medial
GTGGCGTAGTCTGCGC-1,9,LHb,LHb,si,a1-lhb-m23_1,Marginal
GTGTGGCCAGCCGTCA-1-1,9,LHb,LHb,si,a1-lhb-m23_1,Marginal
GTTAGACAGCGATGAC-1,9,LHb,LHb,si,a1-lhb-m23_1,Marginal
GTTGTAGAGCGATGCA-1,1,LHb,LHb,si,a1-lhb-m23_1,Oval/Medial
TAAGTCGCAACCCTAA-1,1,LHb,LHb,si,a1-lhb-m23_1,Oval/Medial
TAAGTCGCAGGCCCTA-1,1,LHb,LHb,si,a1-lhb-m23_1,Oval/Medial
TACCGGGAGGACTGGT-1,1,LHb,LHb,si,a1-lhb-m23_1,Oval/Medial
TACTTACGTCGGAAAC-1,1,LHb,LHb,si,a1-lhb-m23_1,Oval/Medial
TAGACCAGTGGAACAC-1,9,LHb,LHb,si,a1-lhb-m23_1,Marginal
TAGAGTCTCACGAACT-1,1,LHb,LHb,si,a1-lhb-m23_1,Marginal
TAGGTTGGTGCCCACA-1,1,LHb,LHb,si,a1-lhb-m23_1,Oval/Medial
TATACCTAGCCACCGT-1,1,LHb,LHb,si,a1-lhb-m23_1,Oval/Medial
TATCTTGTCATGTCTT-1,1,LHb,LHb,si,a1-lhb-m23_1,Oval/Medial
TCAAGACAGAGTCCGA-1,1,LHb,LHb,si,a1-lhb-m23_1,Oval/Medial
TCACATTCACTGAGTT-1,1,LHb,LHb,si,a1-lhb-m23_1,Oval/Medial
TCAGTTTAGTTTGTCG-1,9,LHb,LHb,si,a1-lhb-m23_1,Marginal
TCCAGAAAGTAAGGGA-1,1,LHb,LHb,si,a1-lhb-m23_1,Oval/Medial
TCCCAGTGTCCAAATC-1,1,LHb,LHb,si,a1-lhb-m23_1,Oval/Medial
TCCCATGCACAGAGAC-1,9,LHb,LHb,si,a1-lhb-m23_1,Marginal
TCGCTTGGTGCCCAGT-1,1,LHb,LHb,si,a1-lhb-m23_1,Oval/Medial
TCGGGACGTCTTACTT-1,1,LHb,LHb,si,a1-lhb-m23_1,Oval/Medial
TCTCAGCCAGATGCGA-1-1,1,LHb,LHb,si,a1-lhb-m23_1,Oval/Medial
TGAATCGGTCGGAACA-1-1,1,LHb,LHb,si,a1-lhb-m23_1,Oval/Medial
TGATTTCCAGTCTACA-1,9,LHb,LHb,si,a1-lhb-m23_1,Marginal
TGATTTCGTCGATTCA-1,1,LHb,LHb,si,a1-lhb-m23_1,Oval/Medial
TGCAGATAGGGTACAC-1,9,LHb,LHb,si,a1-lhb-m23_1,Marginal
TGCTCCACAAAGACTA-1,1,LHb,LHb,si,a1-lhb-m23_1,Oval/Medial
TGGGAAGTCGCATAGT-1,1,LHb,LHb,si,a1-lhb-m23_1,Oval/Medial
TGGTGATCAGTCGGTC-1,1,LHb,LHb,si,a1-lhb-m23_1,Oval/Medial
TGTGAGTTCGCCTCTA-1,1,LHb,LHb,si,a1-lhb-m23_1,Oval/Medial
TGTGGCGTCAACCCGG-1,1,LHb,LHb,si,a1-lhb-m23_1,Oval/Medial
TGTGTGAAGCCATCCG-1,9,LHb,LHb,si,a1-lhb-m23_1,Marginal
TTAGGCATCACCATCC-1,1,LHb,LHb,si,a1-lhb-m23_1,Oval/Medial
TTCCACGTCGTTAGAC-1,1,LHb,LHb,si,a1-lhb-m23_1,Oval/Medial
TTCCTAAGTTATCTGG-1,1,LHb,LHb,si,a1-lhb-m23_1,Oval/Medial
TTCCTCTCATCAGCGC-1-1,1,LHb,LHb,si,a1-lhb-m23_1,Oval/Medial
TTGCTGCGTAGATTAG-1,1,LHb,LHb,si,a1-lhb-m23_1,Oval/Medial
TTGGGCGTCCGTAGTA-1,1,LHb,LHb,si,a1-lhb-m23_1,Oval/Medial
TTGTGGACAAGCCCAC-1,1,LHb,LHb,si,a1-lhb-m23_1,Oval/Medial
TTTAGTCGTTCTAAGC-1,1,LHb,LHb,si,a1-lhb-m23_1,Oval/Medial
TTTCAGTGTACAGTAA-1,1,LHb,LHb,si,a1-lhb-m23_1,Oval/Medial
