mouse_gene,scores,logFC_vs_other_region,pvals,pvals_adj,pct_nz_group,pct_nz_reference,region,mouse_gene_upper,is_region_marker
Kcnip4,82.05303,3.6027205,0.0,0.0,0.7593034504998387,0.3637766554433221,LHb,KCNIP4,True
Lingo2,66.30559,3.3233755,0.0,0.0,0.5740728797162206,0.18378226711560045,LHb,LINGO2,True
Lrrtm4,58.210983,3.1026418,0.0,0.0,0.5222186391486617,0.16968294051627386,LHb,LRRTM4,True
mt-Cytb,55.056717,0.6475604,0.0,0.0,0.9628506933247339,0.9581930415263749,LHb,MT-CYTB,True
Grm7,53.5221,3.7955983,0.0,0.0,0.41812318606901,0.0737233445566779,LHb,GRM7,True
Adgrb3,53.013153,2.096664,0.0,0.0,0.6250886810706224,0.3917648709315376,LHb,ADGRB3,True
Rbfox1,52.979103,3.0595815,0.0,0.0,0.4819735569171235,0.1747334455667789,LHb,RBFOX1,True
Grik2,49.121643,2.333989,0.0,0.0,0.5132537891002902,0.2556818181818182,LHb,GRIK2,True
Nrxn3,48.672207,2.7484822,0.0,0.0,0.4513382779748468,0.1447811447811448,LHb,NRXN3,True
Mast4,41.707382,2.6764836,0.0,0.0,0.3792325056433409,0.11693322109988777,LHb,MAST4,True
Lrp1b,41.454872,1.4598827,0.0,0.0,0.6468881006127056,0.4969837261503928,LHb,LRP1B,True
Cadps,41.36607,3.1056535,0.0,0.0,0.34298613350532087,0.07533670033670034,LHb,CADPS,True
Grm5,41.266136,1.9902973,0.0,0.0,0.4688810061270558,0.24242424242424243,LHb,GRM5,True
Csmd3,40.724117,1.7908839,0.0,0.0,0.5222831344727508,0.30990460157126826,LHb,CSMD3,True
Gabrb1,39.17728,2.330358,0.0,0.0,0.38935827152531444,0.14990179573512907,LHb,GABRB1,True
Spock3,38.31015,2.714404,0.0,0.0,0.3419542083198968,0.09876543209876543,LHb,SPOCK3,True
Cdh18,37.35686,3.396295,1.9619457528917552e-305,7.052105011783143e-303,0.2961625282167043,0.05015432098765432,LHb,CDH18,True
Kalrn,36.28532,3.516699,2.7574639736773532e-288,8.920395954846238e-286,0.2837149306675266,0.04580527497194164,LHb,KALRN,True
Zfhx3,35.601593,2.9581795,1.3237182804521154e-277,3.965026515983883e-275,0.29725894872621733,0.06397306397306397,LHb,ZFHX3,True
Nlgn1,35.240734,1.095518,4.757476501437433e-272,1.3267617657025943e-269,0.7164785553047404,0.6161616161616161,LHb,NLGN1,True
Gabrg3,34.50711,3.3120418,6.274867189709196e-261,1.637031883766875e-258,0.27378265075782005,0.04636644219977553,LHb,GABRG3,True
Kcnh7,33.989243,2.1203773,3.212541177243005e-253,7.99428516029317e-251,0.3527894227668494,0.1414141414141414,LHb,KCNH7,True
Grid2,33.324173,1.6130275,1.7245558905763156e-243,4.102160519128222e-241,0.4595291841341503,0.2826178451178451,LHb,GRID2,True
Cacna2d1,33.21801,3.4670773,5.915958067623579e-242,1.3868206049827738e-239,0.25746533376330216,0.03766835016835017,LHb,CACNA2D1,True
Kcnq3,32.94316,3.4218996,5.300396809808545e-238,1.1907488666479614e-235,0.25572396001289904,0.03731762065095398,LHb,KCNQ3,True
Kcnc2,32.52036,3.0914156,5.497352675709538e-232,1.2016172909405645e-229,0.26475330538535957,0.05057519640852974,LHb,KCNC2,True
Csmd1,32.331593,1.4738307,2.517424783115203e-229,5.357808666695843e-227,0.4871331828442438,0.3402777777777778,LHb,CSMD1,True
Unc5d,32.06849,3.381749,1.2128894640816757e-225,2.452310885190138e-223,0.2506933247339568,0.03851010101010101,LHb,UNC5D,True
Dab1,31.9113,3.4533367,1.861111700289413e-223,3.6711563112416165e-221,0.24811351177039664,0.03710718294051627,LHb,DAB1,True
Rora,31.29664,1.615407,5.184138061610338e-215,9.865109781946732e-213,0.4229603353756853,0.26374859708193044,LHb,RORA,True
Htr2c,30.772943,2.5208642,6.032693137592469e-208,1.1215955344891746e-205,0.2821025475653015,0.08333333333333333,LHb,HTR2C,True
Rasgrf1,30.639711,2.3383164,3.623351586442961e-206,6.585136169743246e-204,0.2835214446952596,0.08375420875420875,LHb,RASGRF1,True
Frmd4a,30.442957,1.4243747,1.4847705662833255e-203,2.6684626566258658e-201,0.4560464366333441,0.30625701459034793,LHb,FRMD4A,True
Cntn4,30.41178,2.5469177,3.837880238902843e-203,6.821726688379505e-201,0.2753305385359561,0.07814253647586981,LHb,CNTN4,True
Pcdh15,30.181904,2.2550704,4.092875188190028e-200,7.195897409671056e-198,0.2984198645598194,0.10816498316498316,LHb,PCDH15,True
Unc5c,29.815393,2.8730993,2.467729417588596e-195,4.201634034683741e-193,0.2507578200580458,0.05534511784511784,LHb,UNC5C,True
mt-Co1,29.074053,0.32508907,7.642441064649164e-186,1.2486513557646486e-183,0.9832312157368591,0.98253367003367,LHb,MT-CO1,True
Arpp21,28.881294,3.4858959,2.0509437421789638e-183,3.317401502974474e-181,0.22083198968074816,0.028689674523007858,LHb,ARPP21,True
Cacna1a,28.73736,3.6694198,1.3031440115060835e-181,2.066505331971657e-179,0.21696227023540793,0.025673400673400674,LHb,CACNA1A,True
Shisa9,28.107414,3.6225588,7.95154532772123e-174,1.2133608082631217e-171,0.21218961625282168,0.024831649831649833,LHb,SHISA9,True
Ntng1,28.102146,2.1228201,9.221982335897425e-174,1.3940706942349613e-171,0.2995162850693325,0.130331088664422,LHb,NTNG1,True
Grin2b,27.948885,2.2792234,6.80110087138964e-172,1.0092459320617195e-169,0.2752015478877781,0.10016835016835017,LHb,GRIN2B,True
Gria3,27.658583,2.0480025,2.2004859618183686e-168,3.1498106577355855e-166,0.2921638181231861,0.12135241301907969,LHb,GRIA3,True
Chl1,27.425318,2.6958594,1.368792334466149e-165,1.9252361747817358e-163,0.2344405030635279,0.05331088664421998,LHb,CHL1,True
Kctd16,27.2683,3.6028404,1.0084816888323529e-163,1.4062233893847679e-161,0.2090938406965495,0.028759820426487094,LHb,KCTD16,True
Frmd5,26.963417,2.2160754,3.9710656282741883e-160,5.44338868960466e-158,0.26275395033860044,0.08950617283950617,LHb,FRMD5,True
Lrfn5,26.90672,1.1084868,1.832555558896656e-159,2.4908895937103708e-157,0.5011286681715575,0.3891694725028058,LHb,LRFN5,True
mt-Co3,26.846266,0.27972054,9.325424651549497e-159,1.2569895311567757e-156,0.9856175427281522,0.9862514029180696,LHb,MT-CO3,True
March1,26.660952,2.965255,1.3360585712308046e-156,1.7713727368572348e-154,0.218381167365366,0.042368125701459036,LHb,MARCH1,True
Pcdh7,26.576578,2.8286815,1.266409418962227e-155,1.66537986599301e-153,0.2202515317639471,0.043911335578002246,LHb,PCDH7,True
Cntnap5b,26.46334,2.9544723,2.5623425582347994e-154,3.3156712703558303e-152,0.21715575620767494,0.04250841750841751,LHb,CNTNAP5B,True
Zfp804a,26.194616,3.3603766,3.060508114550646e-151,3.92886656768704e-149,0.20632054176072234,0.03338945005611672,LHb,ZFP804A,True
Negr1,25.745922,0.9581013,3.580896456724408e-146,4.5250781396497894e-144,0.5422766849403419,0.453493265993266,LHb,NEGR1,True
Slc24a3,25.722198,2.1494353,6.599597998861406e-146,8.275077335781647e-144,0.26397936149629153,0.10325476992143659,LHb,SLC24A3,True
Kcnj3,25.667608,2.7328076,2.6891772214025855e-145,3.295260723953547e-143,0.21780070944856497,0.048751402918069585,LHb,KCNJ3,True
mt-Atp6,25.580227,0.26952922,2.5322396080361014e-144,3.011689386763525e-142,0.9790390196710739,0.9797278338945006,LHb,MT-ATP6,True
Xkr4,24.843636,1.2685537,3.0296594143789144e-136,3.4510381005337284e-134,0.41347952273460176,0.30246913580246915,LHb,XKR4,True
Edil3,24.398842,1.9142865,1.7592841989410305e-131,1.922731210666971e-129,0.25952918413415027,0.10325476992143659,LHb,EDIL3,True
Plcb1,24.141926,2.209146,9.076954786483328e-129,9.659193662589989e-127,0.23224766204450178,0.07561728395061729,LHb,PLCB1,True
Sorcs3,23.946678,2.2737558,1.000660807306532e-126,1.0510187375443607e-124,0.22276684940341826,0.06565656565656566,LHb,SORCS3,True
Pde4b,23.833841,1.6518737,1.489560482079218e-125,1.5444641536943172e-123,0.28074814575943247,0.12773569023569023,LHb,PDE4B,True
Magi2,23.57884,0.73465526,6.354536701302178e-123,6.42403944647267e-121,0.6136085133827798,0.555976430976431,LHb,MAGI2,True
Adgrl3,23.522629,1.1116236,2.3936168834684522e-122,2.389923030253223e-120,0.42483069977426635,0.3079405162738496,LHb,ADGRL3,True
mt-Co2,23.472876,0.26824248,7.721213464187895e-122,7.662001704493203e-120,0.9734924217994195,0.9720117845117845,LHb,MT-CO2,True
Cit,23.321465,2.9716558,2.6855110611774555e-120,2.6486671594234963e-118,0.18697194453402127,0.03128507295173962,LHb,CIT,True
Dlgap1,23.23085,0.88579524,2.2217519137846203e-119,2.1648697111726648e-117,0.5209932279909707,0.45173961840628507,LHb,DLGAP1,True
Plxna4,23.110813,2.2731555,3.604646593047596e-118,3.470545157294337e-116,0.22283134472750726,0.07435465768799102,LHb,PLXNA4,True
Nell1,22.80578,2.9732234,4.01796195328762e-115,3.7566783002559103e-113,0.19019671073847147,0.04075476992143659,LHb,NELL1,True
Cntn6,22.327232,2.8117812,2.009924720434471e-110,1.826434401855481e-108,0.1838761689777491,0.035493827160493825,LHb,CNTN6,True
Gm20754,22.296371,3.550621,4.0070536732057085e-110,3.620899059447058e-108,0.17046114156723638,0.02251683501683502,LHb,GM20754,True
Celf2,21.996546,0.7944128,3.1076892385012824e-107,2.7926040795976805e-105,0.5595614317961948,0.5016835016835017,LHb,CELF2,True
Cntnap5a,21.953262,3.087432,8.060331199750827e-107,7.163508634943386e-105,0.17626572073524668,0.031004489337822672,LHb,CNTNAP5A,True
mt-Nd4,21.78838,0.29694802,2.9904939499575917e-105,2.6288717195958724e-103,0.946468881006127,0.936938832772166,LHb,MT-ND4,True
Hs6st3,21.742277,2.251733,8.173973244082721e-105,7.108280495862258e-103,0.21367300870686876,0.07484567901234568,LHb,HS6ST3,True
Gpr158,21.663008,1.4329649,4.5831420519521855e-104,3.9432086537407765e-102,0.29164785553047406,0.15958193041526375,LHb,GPR158,True
Stxbp6,21.515001,2.4960144,1.1267616320119743e-102,9.492379894684211e-101,0.18684295388584327,0.04377104377104377,LHb,STXBP6,True
Grik1,21.36877,3.4212627,2.60913374758373e-101,2.1642429931880427e-99,0.16420509513060302,0.021955667789001123,LHb,GRIK1,True
Brinp3,21.307436,1.3784972,9.685763376484643e-101,7.993225643604036e-99,0.3071912286359239,0.1800645342312009,LHb,BRINP3,True
Prkg1,21.301264,1.0876622,1.1049952979783773e-100,9.07274058111688e-99,0.38619800064495324,0.2636083052749719,LHb,PRKG1,True
Prickle1,21.289377,2.2976246,1.424079042613719e-100,1.1633575007210557e-98,0.20309577555627217,0.06530583613916947,LHb,PRICKLE1,True
Rab3c,21.033281,1.6670805,3.253486282934967e-98,2.5796637561996615e-96,0.25791680103192516,0.1284371492704826,LHb,RAB3C,True
Nrxn1,20.881746,0.5519525,7.847205459798861e-97,6.102334053473392e-95,0.7995485327313769,0.7496492704826038,LHb,NRXN1,True
Ppp2r2b,20.821066,1.689429,2.789108248516999e-96,2.148277424750593e-94,0.25585295066107705,0.12962962962962962,LHb,PPP2R2B,True
Gabrb2,20.524168,3.0654166,1.309871573189303e-93,9.947029434899989e-92,0.16330216059335698,0.02665544332210999,LHb,GABRB2,True
Syn2,20.500286,2.0953758,2.1403562981029816e-93,1.6177693047577443e-91,0.2071589809738794,0.0747053872053872,LHb,SYN2,True
Grid1,20.290695,1.4276066,1.5538235890547177e-91,1.1582072144221225e-89,0.2948081264108352,0.18076599326599327,LHb,GRID1,True
mt-Nd1,20.115673,0.306751,5.380308150212412e-90,3.9738120698486646e-88,0.90744920993228,0.8945707070707071,LHb,MT-ND1,True
mt-Nd2,19.996367,0.3364232,5.9234096737782006e-89,4.277283547917964e-87,0.8972589487262174,0.8768939393939394,LHb,MT-ND2,True
Cacna1b,19.879837,3.3865724,6.083102465941693e-88,4.315534315202056e-86,0.15027410512737827,0.01718574635241302,LHb,CACNA1B,True
Epha5,19.805202,1.0426682,2.684806994848466e-87,1.880273741866569e-85,0.3720735246694615,0.2785493827160494,LHb,EPHA5,True
Ntrk2,19.805193,1.3249898,2.6852750192963055e-87,1.880273741866569e-85,0.2837794259916156,0.16351010101010102,LHb,NTRK2,True
Cdh12,19.672474,1.6788077,3.712266686410887e-86,2.577077839171506e-84,0.2143824572718478,0.08396464646464646,LHb,CDH12,True
Gria2,19.474497,0.662818,1.8069338895832583e-84,1.2384387993224237e-82,0.52686230248307,0.4708894500561167,LHb,GRIA2,True
Gap43,19.419922,1.7617811,5.236941067402314e-84,3.559139569967749e-82,0.20219284101902613,0.07246071829405162,LHb,GAP43,True
Sez6l,19.393372,3.1671793,8.778957499288682e-84,5.941407428911901e-82,0.15027410512737827,0.020412457912457913,LHb,SEZ6L,True
Mctp1,19.254755,2.3795996,1.2878369396174241e-82,8.572330246218862e-81,0.17620122541115768,0.05022446689113356,LHb,MCTP1,True
Gpc6,19.175356,2.4905682,5.946113982293058e-82,3.925648720962866e-80,0.17207352466946146,0.04643658810325477,LHb,GPC6,True
Slit3,19.174221,3.0870132,6.07723924041627e-82,3.9959083216964705e-80,0.15653015156401162,0.030303030303030304,LHb,SLIT3,True
Ncam1,19.05114,0.81112444,6.428819121000811e-81,4.159445971287524e-79,0.44243792325056436,0.3651094276094276,LHb,NCAM1,True
Kirrel3,18.930712,1.5138674,6.369500805598401e-80,4.0883601401013547e-78,0.24153498871331827,0.12247474747474747,LHb,KIRREL3,True
Rmst,18.755299,1.2943074,1.7523046121942603e-78,1.1115108667545945e-76,0.30506288294098677,0.2084736251402918,LHb,RMST,True
Nav2,18.695288,1.4180385,5.407793716148584e-78,3.390351292972998e-76,0.26604321186713964,0.15733726150392818,LHb,NAV2,True
Mbp,18.692387,0.5017338,5.709977549083995e-78,3.56598018750709e-76,0.8267655594969364,0.7843714927048261,LHb,MBP,True
Nav1,18.481987,2.4671953,2.883628204215952e-76,1.7939494693535777e-74,0.15923895517574976,0.03598484848484849,LHb,NAV1,True
Rgs7,18.27923,1.3866657,1.2112287223646008e-74,7.421069918275538e-73,0.2789422766849403,0.1804152637485971,LHb,RGS7,True
Miat,18.211058,1.505991,4.217239143885537e-74,2.57410728876787e-72,0.23134472750725574,0.11763468013468013,LHb,MIAT,True
Nell2,18.001635,1.8386611,1.8915464748484274e-72,1.1331764529879005e-70,0.20599806514027733,0.09392536475869809,LHb,NELL2,True
Etl4,17.6922,2.9044113,4.815778652496476e-70,2.791943358570986e-68,0.1470493389229281,0.030022446689113354,LHb,ETL4,True
Pcdh10,17.691008,2.1185684,4.918734605043248e-70,2.8414475798776618e-68,0.16762334730732023,0.05057519640852974,LHb,PCDH10,True
Camk2a,17.573465,2.571668,3.93391154792934e-69,2.22486081425724e-67,0.15330538535956142,0.03717732884399551,LHb,CAMK2A,True
Mycbp2,17.5478,0.71333236,6.182891414387995e-69,3.472509327351591e-67,0.44617865204772655,0.3819444444444444,LHb,MYCBP2,True
Elavl2,17.417147,1.8431785,6.115198784284092e-68,3.4108048391653514e-66,0.19355046759109965,0.08228114478114477,LHb,ELAVL2,True
Grm1,17.413298,2.0257294,6.540616440948495e-68,3.6355488292901e-66,0.19187358916478556,0.08396464646464646,LHb,GRM1,True
Tenm1,17.329567,0.8347339,2.814392073207952e-67,1.5589997186348845e-65,0.4148339245404708,0.3461700336700337,LHb,TENM1,True
Ctnna2,17.291538,0.55245453,5.447941558189619e-67,2.9972943776774517e-65,0.5887133182844244,0.5542227833894501,LHb,CTNNA2,True
Cntn5,17.19533,0.9194012,2.8782052624347563e-66,1.5675074114438445e-64,0.4017413737504031,0.328493265993266,LHb,CNTN5,True
Cd47,17.092596,1.5969156,1.6850501372508565e-65,9.085228656677535e-64,0.20309577555627217,0.09287317620650953,LHb,CD47,True
Ppp3ca,16.80678,1.0199426,2.1768221766935685e-63,1.1394853950815039e-61,0.34633989035794904,0.27279741863075196,LHb,PPP3CA,True
Gabra1,16.800947,2.5817256,2.401776327559472e-63,1.2531849063959503e-61,0.14317961947758787,0.03149551066217733,LHb,GABRA1,True
Kcnq5,16.74173,1.6088787,6.506877742251406e-63,3.341230078759254e-61,0.2108352144469526,0.10760381593714927,LHb,KCNQ5,True
Ptprg,16.564495,1.8943285,1.2583000185379508e-61,6.400315345865206e-60,0.17620122541115768,0.06930415263748597,LHb,PTPRG,True
Fam189a1,16.539907,3.135978,1.8931194707721334e-61,9.569127324918518e-60,0.12970009674298613,0.01936026936026936,LHb,FAM189A1,True
Tenm4,16.405533,1.3422341,1.745893659392678e-60,8.74298140578222e-59,0.24585617542728153,0.15025252525252525,LHb,TENM4,True
Cdh11,16.391504,2.4308887,2.199306653355945e-60,1.0945780036317665e-58,0.14298613350532086,0.03409090909090909,LHb,CDH11,True
Shisa6,16.224657,2.9278538,3.375953745307266e-59,1.6547288433437887e-57,0.13195743308610125,0.0242003367003367,LHb,SHISA6,True
Tenm3,16.207422,0.8462905,4.469225394660871e-59,2.1839794791129783e-57,0.31705901322154145,0.2079124579124579,LHb,TENM3,True
Kcnt2,16.132004,3.211681,1.5200514088337597e-58,7.295795708571532e-57,0.12583037729764593,0.018308080808080808,LHb,KCNT2,True
Elmo1,16.022804,1.9737284,8.856313850834283e-58,4.213261074624839e-56,0.15962592712028378,0.05401234567901234,LHb,ELMO1,True
Tmem132b,15.957422,2.75976,2.529656898967661e-57,1.1929212927347498e-55,0.12982908739116414,0.023148148148148147,LHb,TMEM132B,True
Unc80,15.799986,0.91831297,3.1118817905034117e-56,1.4381339417540767e-54,0.3340857787810384,0.25904882154882153,LHb,UNC80,True
Slc12a5,15.763895,1.802099,5.51281695242396e-56,2.5189213052389138e-54,0.17020316027088037,0.06719977553310887,LHb,SLC12A5,True
D430041D05Rik,15.694631,2.418093,1.64596826612481e-55,7.457573306601905e-54,0.1362786198000645,0.031635802469135804,LHb,D430041D05RIK,True
Ldlrad4,15.682132,3.0730257,2.004150020521716e-55,9.029840273520545e-54,0.12267010641728475,0.01781705948372615,LHb,LDLRAD4,True
Chrm2,15.656089,2.5138774,3.0190336187370963e-55,1.3527110466225077e-53,0.13769751693002258,0.034161054994388325,LHb,CHRM2,True
Vsnl1,15.52167,2.5124447,2.4752451838799674e-54,1.0939095860453135e-52,0.13066752660432118,0.026725589225589225,LHb,VSNL1,True
Dlgap2,15.48257,1.9004121,4.5493293303143577e-54,1.9996033129846395e-52,0.17568526281844565,0.07891414141414141,LHb,DLGAP2,True
Csrnp3,15.481835,1.5075191,4.601542276625585e-54,2.0170717161089115e-52,0.19929055143502097,0.10185185185185185,LHb,CSRNP3,True
Pde10a,15.435859,1.2192428,9.394190962917695e-54,4.0737543920963466e-52,0.23689132537891003,0.14239618406285073,LHb,PDE10A,True
Hcn1,15.107479,3.2225878,1.4456518101014145e-51,6.042226880721028e-50,0.11647855530474041,0.015502244668911336,LHb,HCN1,True
Ccdc85a,15.044304,1.0366799,3.762712115328719e-51,1.5645724541244737e-49,0.2818445662689455,0.20019640852974185,LHb,CCDC85A,True
Prkce,14.992255,1.2373142,8.250343382020191e-51,3.3870381777709795e-49,0.25004837149306675,0.16715768799102132,LHb,PRKCE,True
Arl15,14.891677,1.541213,3.732865095793763e-50,1.5285846309990917e-48,0.19297000967429861,0.10065937149270483,LHb,ARL15,True
Cacna2d3,14.787622,2.5105512,1.760649787060201e-49,7.155404599421797e-48,0.13737504030957756,0.04131593714927048,LHb,CACNA2D3,True
Ank2,14.66724,0.40911004,1.0451006887530972e-48,4.1534406979315353e-47,0.563173169945179,0.541175645342312,LHb,ANK2,True
Slc35f1,14.659895,1.5707817,1.1645287713597969e-48,4.605440801160077e-47,0.18026443082876492,0.0872615039281706,LHb,SLC35F1,True
Rims1,14.613814,0.5752386,2.2931028751013848e-48,9.024559368555937e-47,0.4898419864559819,0.45307239057239057,LHb,RIMS1,True
Slc1a2,14.545401,0.927618,6.246426034439976e-48,2.4346009905317257e-46,0.26010964205095133,0.16645622895622897,LHb,SLC1A2,True
Matk,14.423019,2.241769,3.707592772310567e-47,1.4312723888334944e-45,0.13369880683650434,0.038369809203142535,LHb,MATK,True
Prr16,14.374468,2.605043,7.484306588566187e-47,2.8755025907377216e-45,0.12208964850048372,0.026585297418630752,LHb,PRR16,True
Camk1d,14.372315,0.51418555,7.720589314293167e-47,2.959254316556682e-45,0.6092228313447275,0.5432098765432098,LHb,CAMK1D,True
Epha4,14.241381,2.7124062,5.071481749583611e-46,1.894485387979559e-44,0.11783295711060948,0.023007856341189674,LHb,EPHA4,True
Csmd2,14.202494,1.9970337,8.840989220247263e-46,3.279885335722465e-44,0.14227668494034182,0.04910213243546577,LHb,CSMD2,True
Trank1,14.0944395,1.6941884,4.108996070599218e-45,1.5036880416729038e-43,0.163495646565624,0.07316217732884399,LHb,TRANK1,True
Fam168a,14.09253,1.408427,4.221576641723545e-45,1.5413995977399173e-43,0.1909061593034505,0.10220258136924804,LHb,FAM168A,True
Gabra4,14.029418,2.9882092,1.0299314332162024e-44,3.7185582438107306e-43,0.1109319574330861,0.01718574635241302,LHb,GABRA4,True
Pcdh17,13.943108,1.4162539,3.4651696410017493e-44,1.2372873938896974e-42,0.19361496291518865,0.10753367003367004,LHb,PCDH17,True
Pde7b,13.458613,3.1880333,2.7400829925935694e-41,9.252785470814402e-40,0.1038374717832957,0.013818742985409652,LHb,PDE7B,True
Rnf220,13.410219,1.5305924,5.268276818800712e-41,1.7716086807505513e-39,0.1948403740728797,0.11602132435465769,LHb,RNF220,True
Camta1,13.393319,0.77227217,6.61566533404173e-41,2.210917082192665e-39,0.3395033860045147,0.2818462401795735,LHb,CAMTA1,True
Ldb2,13.012637,2.5806258,1.037009414315763e-38,3.2940959175020395e-37,0.10996452757175104,0.023288439955106623,LHb,LDB2,True
Brinp1,12.943833,1.0126688,2.546008624955345e-38,7.980947579196261e-37,0.23766526926797807,0.16224747474747475,LHb,BRINP1,True
Robo2,12.8735895,1.055492,6.338619502704043e-38,1.9566253903862194e-36,0.20032247662044503,0.11630190796857463,LHb,ROBO2,True
Syt1,12.869585,0.33272633,6.676017506851813e-38,2.0568492033014875e-36,0.6790067720090294,0.6613355780022446,LHb,SYT1,True
Cdc42bpa,12.767276,0.80456775,2.4974307805309726e-37,7.578976149172323e-36,0.3048693969687198,0.24081088664421998,LHb,CDC42BPA,True
Rgs7bp,12.758713,1.3491704,2.78768629229992e-37,8.44397486478487e-36,0.1874234118026443,0.1095679012345679,LHb,RGS7BP,True
Rnf112,12.725513,1.9268662,4.2666106038765296e-37,1.2899518975271564e-35,0.1328603676233473,0.04980359147025814,LHb,RNF112,True
Kcnab1,12.669439,3.1561718,8.733625588521383e-37,2.6306591041775304e-35,0.10016123831022251,0.015782828282828284,LHb,KCNAB1,True
Adgrl2,12.509082,3.1981654,6.658983349873178e-36,1.9547922991687597e-34,0.09513060303128024,0.011293490460157127,LHb,ADGRL2,True
Galnt18,12.393277,3.2950358,2.841894169073245e-35,8.223191088508004e-34,0.09338922928087713,0.010311447811447811,LHb,GALNT18,True
Sobp,12.286546,1.1728661,1.0698095244298388e-34,3.0411544916788476e-33,0.20902934537246048,0.13734567901234568,LHb,SOBP,True
Ptprt,12.225644,2.0697162,2.267763009604671e-34,6.346205308019991e-33,0.11647855530474041,0.03542368125701459,LHb,PTPRT,True
Fut9,12.002187,1.3632226,3.46032142740968e-33,9.40684018291623e-32,0.17194453402128346,0.09757295173961841,LHb,FUT9,True
Pcdh11x,11.983818,1.3309404,4.31959167943608e-33,1.1683845387103444e-31,0.1655594969364721,0.08908529741863075,LHb,PCDH11X,True
Ano4,11.914179,1.6935178,9.984464267577803e-33,2.682702816080913e-31,0.126926797807159,0.04804994388327722,LHb,ANO4,True
Cacng2,11.900376,2.83103,1.1781502587117873e-32,3.149848005729448e-31,0.09409867784585618,0.01430976430976431,LHb,CACNG2,True
Zfpm2,11.703005,2.6243691,1.2301860675717694e-31,3.163475300949662e-30,0.0997742663656885,0.022166105499438832,LHb,ZFPM2,True
Osbpl6,11.690065,1.2774252,1.4327702179603655e-31,3.678580678652208e-30,0.1796194775878749,0.10872615039281706,LHb,OSBPL6,True
Hs3st5,11.678726,1.7661246,1.6373102991134075e-31,4.197067208900058e-30,0.12079974201870364,0.043420314253647584,LHb,HS3ST5,True
Fgf13,11.476144,1.4646386,1.7386350889277577e-30,4.3000646121416636e-29,0.17581425346662366,0.10886644219977554,LHb,FGF13,True
Nova1,11.469561,1.716813,1.876103433963738e-30,4.632972983872284e-29,0.1309900032247662,0.05667789001122334,LHb,NOVA1,True
Lingo1,11.434793,2.7932897,2.8020132223722356e-30,6.867055132101654e-29,0.09119638826185102,0.014590347923681257,LHb,LINGO1,True
A830018L16Rik,11.403213,2.278232,4.029675336183798e-30,9.84592123304727e-29,0.10693324733956788,0.03177609427609428,LHb,A830018L16RIK,True
Adgrb2,11.375426,2.0743601,5.543122620993472e-30,1.348270802925856e-28,0.10474040632054175,0.028759820426487094,LHb,ADGRB2,True
Plppr4,11.360473,1.5020576,6.578768713867308e-30,1.5953760711664722e-28,0.14305062882940986,0.0697250280583614,LHb,PLPPR4,True
Gnaq,11.356527,1.0509485,6.882677305112415e-30,1.666576428296307e-28,0.2035472428248952,0.13524130190796857,LHb,GNAQ,True
Gabrg2,11.328125,1.1409415,9.52209567380029e-30,2.2817762596106618e-28,0.1967107384714608,0.13012065095398428,LHb,GABRG2,True
Tshz2,11.325143,2.746911,9.851850283779568e-30,2.350349238055081e-28,0.09248629474363108,0.016835016835016835,LHb,TSHZ2,True
Plekha5,11.273839,0.96748704,1.766943756429653e-29,4.178408663779187e-28,0.22792647533053853,0.1657547699214366,LHb,PLEKHA5,True
Dcc,11.209336,0.5687985,3.6693355144215713e-29,8.626671794443156e-28,0.418381167365366,0.3813131313131313,LHb,DCC,True
Pitpnc1,11.203256,1.3360693,3.930202533339056e-29,9.213192170544816e-28,0.14105127378265075,0.06705948372615039,LHb,PITPNC1,True
Klhl32,11.203033,2.4920456,3.940074059782301e-29,9.222966413455677e-28,0.09493711705901323,0.020061728395061727,LHb,KLHL32,True
Chsy3,11.200001,2.8195307,4.0773106367041966e-29,9.530419009926354e-28,0.08964850048371494,0.014730639730639731,LHb,CHSY3,True
Necab1,11.155715,2.3327582,6.715063673674559e-29,1.5583379472264849e-27,0.0999032570138665,0.02574354657687991,LHb,NECAB1,True
Fgf12,11.136189,0.46267706,8.362092638060597e-29,1.932240691723288e-27,0.46397936149629154,0.4431818181818182,LHb,FGF12,True
Dlc1,11.123655,1.2995585,9.624596311284227e-29,2.220796652425426e-27,0.15001612383102225,0.07814253647586981,LHb,DLC1,True
Rasgrf2,11.099887,2.4398458,1.2560249199102884e-28,2.889929314302833e-27,0.09532408900354725,0.021254208754208755,LHb,RASGRF2,True
Cdh2,10.990167,1.0215032,4.2613767628727765e-28,9.694482298096647e-27,0.2166397936149629,0.15488215488215487,LHb,CDH2,True
Vwc2,10.937295,3.0661635,7.644670894837434e-28,1.724582311352796e-26,0.08519832312157369,0.012065095398428732,LHb,VWC2,True
Lin7a,10.844803,1.6221933,2.1109153177773002e-27,4.7160297327414127e-26,0.11370525636891325,0.041245791245791245,LHb,LIN7A,True
Scn1a,10.683999,0.7464104,1.209472054744144e-26,2.640109377258641e-25,0.2739761367300871,0.22117003367003368,LHb,SCN1A,True
Dst,10.595021,0.5042138,3.1427104562725026e-26,6.777778884027697e-25,0.3930345049983876,0.35802469135802467,LHb,DST,True
Adgrb1,10.565647,1.4707525,4.2999434427324055e-26,9.199945130449293e-25,0.13718155433731055,0.0693742985409652,LHb,ADGRB1,True
Pcdh19,10.561383,2.0368161,4.4997973636096304e-26,9.589489111513277e-25,0.0981618832634634,0.027637485970819303,LHb,PCDH19,True
Thrb,10.507733,1.5711758,7.95833443667935e-26,1.6804968604867947e-24,0.11854240567558852,0.04931257014590348,LHb,THRB,True
Gabra3,10.505225,2.401164,8.17274729630597e-26,1.721278483304024e-24,0.08919703321509191,0.018869248035914703,LHb,GABRA3,True
Pdzrn4,10.503235,2.5431514,8.346946304449059e-26,1.7556808384195517e-24,0.08990648178007095,0.01999158249158249,LHb,PDZRN4,True
Npas3,10.415058,1.0916066,2.1166804269272005e-25,4.395032850519572e-24,0.14937117059013222,0.08045735129068463,LHb,NPAS3,True
Cpne7,10.179682,3.5723488,2.443600827305532e-24,4.8856913945200225e-23,0.07513705256368913,0.006944444444444444,LHb,CPNE7,True
Srrm4,10.168437,1.3473349,2.7427427021261936e-24,5.477020148998912e-23,0.15124153498871332,0.08873456790123457,LHb,SRRM4,True
Sorcs1,10.161419,2.0763009,2.947538194138655e-24,5.871481562831618e-23,0.09590454692034828,0.02833894500561167,LHb,SORCS1,True
Ildr2,10.144829,1.3654457,3.493910177250915e-24,6.94275148857906e-23,0.12879716220574008,0.06207912457912458,LHb,ILDR2,True
Mapt,10.119197,0.67674947,4.541256167894503e-24,8.968842309608497e-23,0.28519832312157367,0.23393658810325477,LHb,MAPT,True
Gm13629,10.0925455,2.4633965,5.960330443390339e-24,1.1671712460271035e-22,0.08855207997420186,0.021464646464646464,LHb,GM13629,True
Kcnc1,10.062591,2.9378035,8.084222398465153e-24,1.5811644171121387e-22,0.07907126733311835,0.011714365881032548,LHb,KCNC1,True
Adcy1,10.031769,3.0551686,1.105184419465122e-23,2.143448199622104e-22,0.07720090293453724,0.009960718294051627,LHb,ADCY1,True
Fnbp1l,10.025381,1.5003333,1.1790345853894383e-23,2.2784808146564116e-22,0.11796194775878749,0.051837822671156004,LHb,FNBP1L,True
Cacna1g,10.003297,2.2342558,1.4740568270286832e-23,2.8452111189962946e-22,0.091002902289584,0.02441077441077441,LHb,CACNA1G,True
Luzp2,9.989986,0.7541944,1.686048396800841e-23,3.2466467640778095e-22,0.218574653337633,0.15677609427609426,LHb,LUZP2,True
Nos1ap,9.903472,2.8647761,4.0206856257755283e-23,7.615291568725898e-22,0.07971622057400839,0.013538159371492706,LHb,NOS1AP,True
Synpo2,9.881941,3.1976607,4.9857712248594495e-23,9.399166615629558e-22,0.07752337955498226,0.011644219977553312,LHb,SYNPO2,True
Ntm,9.848152,0.39021254,6.981598290888177e-23,1.3077584964367532e-21,0.5155756207674943,0.4912317620650954,LHb,NTM,True
Itpr1,9.826956,1.4204104,8.618425311234464e-23,1.6115957157134967e-21,0.1200257981296356,0.05534511784511784,LHb,ITPR1,True
Fstl4,9.685056,4.032112,3.490170551606732e-22,6.3502259473834516e-21,0.06946146404385682,0.004559483726150393,LHb,FSTL4,True
Mef2c,9.655429,1.4643602,4.662050302525394e-22,8.434973561895776e-21,0.12208964850048372,0.05955387205387205,LHb,MEF2C,True
Neto1,9.602083,2.1748378,7.834435710974261e-22,1.4049001953992093e-20,0.08758465011286681,0.02356902356902357,LHb,NETO1,True
Rph3a,9.446161,2.202421,3.5148378290392876e-21,6.126347185852422e-20,0.08216704288939052,0.018799102132435467,LHb,RPH3A,True
Otud7a,9.426957,0.8029409,4.221564248132729e-21,7.318735446253687e-20,0.2403095775556272,0.19297138047138046,LHb,OTUD7A,True
Limch1,9.390273,1.1024561,5.984473741045425e-21,1.033072174614832e-19,0.15001612383102225,0.09027777777777778,LHb,LIMCH1,True
Herc3,9.376246,2.0072265,6.836341173230321e-21,1.1763597710319195e-19,0.09364721057723314,0.03170594837261504,LHb,HERC3,True
Phactr1,9.359164,0.8717588,8.037024339438247e-21,1.3741952292855566e-19,0.23005482102547564,0.18315095398428732,LHb,PHACTR1,True
Fut8,9.3429985,1.1612644,9.364377133759156e-21,1.5877232718926031e-19,0.15962592712028378,0.10332491582491582,LHb,FUT8,True
Atp8a1,9.306211,0.8881754,1.3247393630823247e-20,2.2320478331100626e-19,0.1797484682360529,0.12156285072951739,LHb,ATP8A1,True
Nr3c2,9.219159,0.9396437,2.9943902797134305e-20,4.927188481624083e-19,0.19393743953563367,0.14169472502805835,LHb,NR3C2,True
Plxna2,9.124109,1.410849,7.232869688334938e-20,1.1699166720881761e-18,0.11209287326668817,0.05211840628507295,LHb,PLXNA2,True
Frmd4b,9.117898,1.6190335,7.659519172559689e-20,1.2364543175264767e-18,0.0962915188648823,0.03542368125701459,LHb,FRMD4B,True
Tox3,9.108307,2.8898692,8.36773907985181e-20,1.3467480558865974e-18,0.07313769751693003,0.012275533108866442,LHb,TOX3,True
Atp2b2,9.076621,0.8201916,1.1199794561640389e-19,1.7900857414479576e-18,0.22624959690422444,0.18055555555555555,LHb,ATP2B2,True
Ahi1,9.046953,0.42911914,1.4701324838811202e-19,2.338190061630002e-18,0.3868429538858433,0.3587261503928171,LHb,AHI1,True
Gpc5,9.044162,1.5346472,1.508174724331384e-19,2.3939868661491792e-18,0.1054498548855208,0.045875420875420875,LHb,GPC5,True
Tspan5,9.009283,1.2975156,2.0740816940638576e-19,3.2730020879495508e-18,0.12660432118671397,0.06853254769921437,LHb,TSPAN5,True
Slc4a4,8.96773,0.89720374,3.0269014880832815e-19,4.744198795518128e-18,0.1709126088358594,0.11475869809203143,LHb,SLC4A4,True
Nhs,8.956914,2.0458524,3.3389301284704277e-19,5.228189237948613e-18,0.08687520154788778,0.02749719416386083,LHb,NHS,True
Ptpn5,8.938897,1.459073,3.9307501672701176e-19,6.125229668168994e-18,0.11325378910029023,0.055134680134680134,LHb,PTPN5,True
Rims2,8.938307,0.46492204,3.9517969906533833e-19,6.146184261905622e-18,0.4019348597226701,0.38769640852974185,LHb,RIMS2,True
Sparcl1,8.928353,0.5319324,4.323968014596494e-19,6.699251210354243e-18,0.28074814575943247,0.2275533108866442,LHb,SPARCL1,True
Ptprm,8.9017105,1.154226,5.499239535952449e-19,8.471447570860083e-18,0.14066430183811673,0.08438552188552188,LHb,PTPRM,True
Gng2,8.89711,1.3301626,5.731967789011689e-19,8.813172907534608e-18,0.10628829409867785,0.04692760942760943,LHb,GNG2,True
Caln1,8.80602,2.90794,1.2966807015784085e-18,1.9565121593312272e-17,0.06881651080296679,0.009820426487093154,LHb,CALN1,True
March11,8.70716,2.2646124,3.1158193134930988e-18,4.5858396174477594e-17,0.07681393099000322,0.01865881032547699,LHb,MARCH11,True
Mobp,8.699852,0.41004825,3.3231620745505436e-18,4.873268046768363e-17,0.399806514027733,0.35395622895622897,LHb,MOBP,True
Ncam2,8.657983,0.31551078,4.801839479485754e-18,6.940996745369265e-17,0.5237020316027088,0.5225869809203143,LHb,NCAM2,True
Sidt1,8.644068,2.703175,5.424619196656779e-18,7.799396933859858e-17,0.06984843598839084,0.011994949494949494,LHb,SIDT1,True
Syndig1,8.615873,3.289212,6.94105985398319e-18,9.874374946189806e-17,0.06455981941309255,0.006804152637485971,LHb,SYNDIG1,True
Elmod1,8.60825,1.089474,7.418454235118505e-18,1.0534986589380318e-16,0.15749758142534667,0.10570987654320987,LHb,ELMOD1,True
Phactr3,8.58804,1.1284333,8.846542431929491e-18,1.248628480248338e-16,0.13376330216059334,0.0787037037037037,LHb,PHACTR3,True
Arhgap21,8.574731,1.0427371,9.931838614633468e-18,1.3969346921017072e-16,0.14582392776523703,0.09182098765432099,LHb,ARHGAP21,True
Rasgef1a,8.55009,2.0878603,1.2299286668461504e-17,1.7224325702369249e-16,0.07939374395356337,0.022376543209876542,LHb,RASGEF1A,True
Cdh7,8.489961,1.5741755,2.0670717027583682e-17,2.8479458937066955e-16,0.10151564011609158,0.046085858585858584,LHb,CDH7,True
Stmn1,8.483379,0.5928796,2.1874512237835377e-17,3.0086754714879863e-16,0.26204450177362143,0.21296296296296297,LHb,STMN1,True
Zfp704,8.474492,1.3400744,2.3610706436336738e-17,3.2364675983707353e-16,0.10996452757175104,0.05436307519640853,LHb,ZFP704,True
Nap1l5,8.463261,0.7045782,2.600035972319651e-17,3.5460018425185797e-16,0.2163818123186069,0.16701739618406286,LHb,NAP1L5,True
Cntn3,8.435722,1.0282823,3.2916221306920434e-17,4.444239395988632e-16,0.16123831022250887,0.11118125701459035,LHb,CNTN3,True
Atp8a2,8.431363,1.0242709,3.416619798080503e-17,4.601484199329903e-16,0.16285069332473395,0.11293490460157127,LHb,ATP8A2,True
Nav3,8.36876,0.3641834,5.822788662549482e-17,7.74536238624489e-16,0.4448887455659465,0.4304854096520763,LHb,NAV3,True
L1cam,8.33809,1.617476,7.550031184623505e-17,9.960991387543655e-16,0.09351821992905514,0.03851010101010101,LHb,L1CAM,True
Ak5,8.323029,3.4545143,8.574380364187407e-17,1.1266498975688976e-15,0.0635278942276685,0.00792648709315376,LHb,AK5,True
Trpc5,8.297851,2.1148875,1.0601174327530407e-16,1.3828547963532606e-15,0.0763624637213802,0.021043771043771045,LHb,TRPC5,True
Rorb,8.242335,1.7099507,1.6888156680970809e-16,2.178356732972112e-15,0.09706546275395034,0.043560606060606064,LHb,RORB,True
Chrm3,8.218885,0.9302566,2.0540292166315598e-16,2.638913628198211e-15,0.1887778136085134,0.1446408529741863,LHb,CHRM3,True
Dscaml1,8.206811,2.256958,2.2714021371794004e-16,2.906639997537722e-15,0.07223476297968397,0.01739618406285073,LHb,DSCAML1,True
C1qtnf4,8.205966,1.8628982,2.287445664825428e-16,2.924856413324213e-15,0.09700096742986133,0.04405162738496072,LHb,C1QTNF4,True
Grin1,8.200051,0.70791185,2.4028536040244173e-16,3.0627389318435734e-15,0.2402450822315382,0.20187991021324356,LHb,GRIN1,True
Disp2,8.162198,1.1431903,3.2898116473384993e-16,4.167008879851231e-15,0.14221218961625282,0.09210157126823794,LHb,DISP2,True
Tmem255a,8.144396,1.4517571,3.811811614781902e-16,4.809364498369521e-15,0.09712995807803934,0.043209876543209874,LHb,TMEM255A,True
Sdk1,8.143366,1.3273797,3.8443873827609094e-16,4.846684794712214e-15,0.11557562076749435,0.06369248035914703,LHb,SDK1,True
Gpr137c,8.096214,1.1406921,5.669582592454522e-16,7.000769305748018e-15,0.13531118993872945,0.08501683501683502,LHb,GPR137C,True
Scd2,8.094259,0.48188064,5.761375215921001e-16,7.102914947981874e-15,0.32234762979683973,0.2816358024691358,LHb,SCD2,True
Pcsk5,8.079464,3.4311514,6.50522013423166e-16,7.995587816960266e-15,0.05978716543050629,0.005611672278338945,LHb,PCSK5,True
Inpp5a,7.9773574,1.728573,1.494993750819759e-15,1.792551810193447e-14,0.08668171557562077,0.033950617283950615,LHb,INPP5A,True
Igsf8,7.871789,1.5132382,3.4960553596855438e-15,4.094764333302945e-14,0.0997742663656885,0.048540965207631875,LHb,IGSF8,True
Lmo7,7.8587103,2.550243,3.881081058611498e-15,4.5325982760318395e-14,0.0691389874234118,0.01690516273849607,LHb,LMO7,True
Ube2e2,7.832186,0.53040034,4.794588515314275e-15,5.571298077241983e-14,0.3111899387294421,0.2856341189674523,LHb,UBE2E2,True
Pkp4,7.7589903,0.80028135,8.560836560971718e-15,9.806765678025322e-14,0.18207029990325702,0.13636363636363635,LHb,PKP4,True
Man1a,7.6434603,2.0102654,2.114604588130375e-14,2.3654031267640954e-13,0.07184779103514995,0.020833333333333332,LHb,MAN1A,True
Zfp423,7.6186676,2.023473,2.5630798127262877e-14,2.851294083277008e-13,0.07236375362786197,0.021604938271604937,LHb,ZFP423,True
Cacng3,7.615196,2.3303926,2.6329090993700566e-14,2.920939964493187e-13,0.06623669783940664,0.015361952861952861,LHb,CACNG3,True
Kcnb2,7.6026163,0.4928637,2.90203100210311e-14,3.206308159768976e-13,0.309190583682683,0.2774971941638608,LHb,KCNB2,True
Syt16,7.5565987,1.0864166,4.137456437527766e-14,4.5066234260613877e-13,0.12770074169622703,0.08017676767676768,LHb,SYT16,True
Esrrg,7.537548,1.1526294,4.788903992476726e-14,5.195206041469553e-13,0.12447597549177684,0.07730078563411896,LHb,ESRRG,True
Ptpn4,7.526359,0.86791813,5.217476412981702e-14,5.637453639277156e-13,0.1876168977749113,0.14772727272727273,LHb,PTPN4,True
Ppfia2,7.4695535,0.37136796,8.046727288578787e-14,8.592200964747225e-13,0.4130280554659787,0.4093013468013468,LHb,PPFIA2,True
A830082K12Rik,7.4290094,3.06415,1.0941386369845977e-13,1.1552018572601742e-12,0.057400838439213155,0.0076459034792368125,LHb,A830082K12RIK,True
Stmn4,7.401464,0.85470766,1.346910285126913e-13,1.4137750721562502e-12,0.14247017091260883,0.09483726150392817,LHb,STMN4,True
AI593442,7.3789554,2.0188935,1.5953654094959477e-13,1.6637676014569281e-12,0.06952595936794582,0.02027216610549944,LHb,AI593442,True
Crim1,7.364627,1.6060987,1.776432487089924e-13,1.8430914354508995e-12,0.08435988390841664,0.03577441077441077,LHb,CRIM1,True
Tiam1,7.3607173,1.8576298,1.8292443428725179e-13,1.894239900509794e-12,0.07655594969364721,0.027847923681257016,LHb,TIAM1,True
Lrch1,7.3464212,1.1188636,2.0358388125680283e-13,2.097432661992857e-12,0.126991293131248,0.08143939393939394,LHb,LRCH1,True
Rtn3,7.3229074,0.2690817,2.426550062434592e-13,2.4841422316379447e-12,0.45920670751370524,0.4511784511784512,LHb,RTN3,True
Zfhx4,7.297526,0.87356406,2.931074915675745e-13,2.9836461146038498e-12,0.15001612383102225,0.10528900112233446,LHb,ZFHX4,True
Gab2,7.180351,1.2374709,6.953268145324714e-13,6.8536936167353595e-12,0.10222508868107062,0.05562570145903479,LHb,GAB2,True
Dgkg,7.169892,2.4763598,7.505696473497661e-13,7.371259287117466e-12,0.06488229603353757,0.017326038159371494,LHb,DGKG,True
Syt7,7.1574435,0.78413904,8.219541530900539e-13,8.047886456556672e-12,0.19922605611093197,0.16400112233445566,LHb,SYT7,True
Clmn,7.147414,1.8493835,8.842785537396775e-13,8.626782633739013e-12,0.06791357626572074,0.01999158249158249,LHb,CLMN,True
Phactr2,7.143928,1.2625368,9.070081716150338e-13,8.82723055106689e-12,0.09242179941954208,0.04510381593714927,LHb,PHACTR2,True
Plekhg1,7.1203704,2.1354296,1.0763738450234397e-12,1.0425357451050382e-11,0.06655917445985166,0.019219977553310886,LHb,PLEKHG1,True
Grin2a,7.1191955,0.4057492,1.085589104256041e-12,1.0502035742429105e-11,0.37381489841986454,0.36209315375982043,LHb,GRIN2A,True
Sh3rf3,7.1173835,3.4237146,1.0999505440449384e-12,1.0634608517589289e-11,0.0526926797807159,0.004980359147025814,LHb,SH3RF3,True
Ptn,7.108876,0.56816286,1.1699163303245935e-12,1.1290809452864141e-11,0.21567236375362786,0.17276936026936027,LHb,PTN,True
Cyp46a1,7.104112,1.9218326,1.2109864753465633e-12,1.1680206463166762e-11,0.07113834247017091,0.023919753086419752,LHb,CYP46A1,True
Tmem163,7.07653,0.60354924,1.4780861842571091e-12,1.4155147442485933e-11,0.2341825217671719,0.19935465768799102,LHb,TMEM163,True
Nrp1,7.068486,1.73678,1.56633147943075e-12,1.4964803118601524e-11,0.07313769751693003,0.026094276094276093,LHb,NRP1,True
Gabrb3,7.052468,0.3919061,1.7577190052617606e-12,1.6694718091667043e-11,0.36278619800064493,0.3519921436588103,LHb,GABRB3,True
Spats2l,7.0171666,1.8927352,2.2641225555091627e-12,2.1304352725631593e-11,0.06707513705256368,0.020131874298540964,LHb,SPATS2L,True
Adamts17,7.0001445,1.8288913,2.55698482247277e-12,2.3990272333815e-11,0.07410512737826508,0.027847923681257016,LHb,ADAMTS17,True
Macf1,6.999486,0.30996305,2.5690292545351316e-12,2.407534657711805e-11,0.418961625282167,0.4117564534231201,LHb,MACF1,True
Il1rapl1,6.995252,0.2620703,2.647824448738748e-12,2.4785046561544702e-11,0.5640761044824251,0.5555555555555556,LHb,IL1RAPL1,True
mt-Nd3,6.9881945,0.25715336,2.7844613187351174e-12,2.6018868764032653e-11,0.4708803611738149,0.4599466891133558,LHb,MT-ND3,True
Arid5b,6.978,0.89946204,2.994111251247858e-12,2.79134002818064e-11,0.1489197033215092,0.10697250280583614,LHb,ARID5B,True
Dgki,6.975278,0.5963589,3.05266289363702e-12,2.844286999111682e-11,0.2636568848758465,0.23926767676767677,LHb,DGKI,True
Raph1,6.963404,1.0545087,3.3214663136151666e-12,3.0840825271369297e-11,0.12570138664946792,0.08235129068462402,LHb,RAPH1,True
Sgk1,6.92254,1.7571635,4.436160630321062e-12,4.1002798968824675e-11,0.06713963237665269,0.02069304152637486,LHb,SGK1,True
Fign,6.915771,1.4380213,4.653257168015672e-12,4.2886857374731334e-11,0.09384069654950015,0.049172278338945004,LHb,FIGN,True
Epb41l4b,6.906831,1.1946877,4.956008064009995e-12,4.5599220952992986e-11,0.1108029667849081,0.06719977553310887,LHb,EPB41L4B,True
Syt11,6.877876,0.4761477,6.0751519750962465e-12,5.5580080993881104e-11,0.29764592067075135,0.2732884399551066,LHb,SYT11,True
Zfyve28,6.8467126,2.5429583,7.556643050830381e-12,6.824606440378639e-11,0.05746533376330216,0.011714365881032548,LHb,ZFYVE28,True
Fam110b,6.839885,2.1084352,7.92567095774025e-12,7.145915704651535e-11,0.06468881006127056,0.01914983164983165,LHb,FAM110B,True
Sgip1,6.8255115,0.41554224,8.761262669660086e-12,7.838131840804861e-11,0.3361496291518865,0.3218294051627385,LHb,SGIP1,True
Lrrn2,6.7902975,1.4713231,1.1190263230165357e-11,9.956133539489805e-11,0.08842308932602386,0.04426206509539843,LHb,LRRN2,True
Kndc1,6.782295,1.468317,1.1828153823936613e-11,1.0494810098857637e-10,0.07945823927765237,0.03444163860830528,LHb,KNDC1,True
Ppm1l,6.715467,0.9562276,1.8746478846240924e-11,1.6426018165652597e-10,0.14750080619155112,0.10851571268237935,LHb,PPM1L,True
Vwc2l,6.67356,2.0740182,2.496711980038817e-11,2.1723677394904715e-10,0.06107707191228636,0.016484287317620652,LHb,VWC2L,True
Srgap3,6.671693,0.7626862,2.5286921654865954e-11,2.1966485379562662e-10,0.17723315059658173,0.1400813692480359,LHb,SRGAP3,True
Ndst4,6.6629395,1.1558229,2.6840372720950226e-11,2.3241061496861343e-10,0.11396323766526927,0.07253086419753087,LHb,NDST4,True
Ppargc1a,6.657379,1.4796908,2.787530608044059e-11,2.4111394430541525e-10,0.08642373427926475,0.042999438832772165,LHb,PPARGC1A,True
Adgra1,6.6418977,2.001444,3.0967032084665034e-11,2.668576153273612e-10,0.0637213801999355,0.019430415263748595,LHb,ADGRA1,True
Maml2,6.6155663,1.5519626,3.7013203202394136e-11,3.1643158657437905e-10,0.07494356659142212,0.031144781144781145,LHb,MAML2,True
Plch1,6.5834007,1.823254,4.5980816442150467e-11,3.8959649342681185e-10,0.06565623992260561,0.021745230078563414,LHb,PLCH1,True
Arhgap18,6.5797215,2.2818673,4.7133014373183824e-11,3.9894113421572386e-10,0.05675588519832312,0.012696408529741863,LHb,ARHGAP18,True
Arhgap20,6.570622,1.5690821,5.010554025500551e-11,4.2321520293718754e-10,0.0780393421476943,0.03479236812570146,LHb,ARHGAP20,True
Tox,6.5429583,1.1342021,6.031362431875495e-11,5.046936747831668e-10,0.11106094808126411,0.07014590347923681,LHb,TOX,True
Clmp,6.5235767,2.3896222,6.865029480104016e-11,5.714969214651696e-10,0.05669138987423412,0.013117283950617283,LHb,CLMP,True
Plppr5,6.5087957,2.4642699,7.57556330229459e-11,6.280611810077652e-10,0.05366010964205095,0.010030864197530864,LHb,PLPPR5,True
Atp1b1,6.495472,0.3065546,8.277339549443731e-11,6.827433310160753e-10,0.4670106417284747,0.46113916947250283,LHb,ATP1B1,True
Rapgef5,6.488749,1.9179641,8.655207712421147e-11,7.12457937650952e-10,0.06501128668171557,0.021885521885521887,LHb,RAPGEF5,True
Gm30382,6.473167,4.112829,9.596971937905144e-11,7.875749421390954e-10,0.046501128668171555,0.0031565656565656565,LHb,GM30382,True
Atp1a3,6.4729133,0.38772985,9.613119218980874e-11,7.885000170741158e-10,0.34453402128345695,0.32842312008978675,LHb,ATP1A3,True
Ptk2b,6.4347634,3.748165,1.2366562401725517e-10,1.0041623837746497e-09,0.04675910996452757,0.003647586980920314,LHb,PTK2B,True
Gabra5,6.3982134,2.857393,1.572057082615455e-10,1.2688634386878735e-09,0.05114479200257981,0.00834736251402918,LHb,GABRA5,True
Grm8,6.3839083,0.939866,1.7262441742887216e-10,1.3843331442300483e-09,0.10415994840374072,0.06228956228956229,LHb,GRM8,True
Kcnh1,6.3810945,3.1622388,1.7582687782536247e-10,1.4079206677352663e-09,0.048435988390841664,0.005681818181818182,LHb,KCNH1,True
Sez6,6.377988,2.3742008,1.794295327882905e-10,1.4360577401536856e-09,0.056820380522412124,0.01430976430976431,LHb,SEZ6,True
Srgap1,6.375688,0.8840961,1.8214343555860675e-10,1.456337157765924e-09,0.14085778781038374,0.10283389450056117,LHb,SRGAP1,True
Grik4,6.3544188,0.79949135,2.0921610567408788e-10,1.662933911193303e-09,0.1547887778136085,0.11784511784511785,LHb,GRIK4,True
Fras1,6.3262806,1.6446315,2.511410559629301e-10,1.9767428614113846e-09,0.06436633344082554,0.02202581369248036,LHb,FRAS1,True
Epha10,6.279398,1.2670854,3.398864042007963e-10,2.65203212153781e-09,0.09326023863269912,0.05281986531986532,LHb,EPHA10,True
Kifc2,6.2491217,1.0429295,4.1276701364841785e-10,3.1945006917527073e-09,0.11660754595291842,0.07779180695847362,LHb,KIFC2,True
Pde8b,6.2107897,1.152326,5.27189251186858e-10,4.0318137768072944e-09,0.0944211544663012,0.05415263748597082,LHb,PDE8B,True
Enah,6.174929,0.49615353,6.61932462485692e-10,5.030727661823754e-09,0.2594646888100613,0.23295454545454544,LHb,ENAH,True
Cacnb2,6.174875,0.40582526,6.621588372193369e-10,5.030727661823754e-09,0.32795872299258305,0.31797138047138046,LHb,CACNB2,True
Tspan7,6.111015,0.53049153,9.899961407801139e-10,7.3963914905858405e-09,0.2566268945501451,0.23323512906846242,LHb,TSPAN7,True
Nebl,6.0808372,0.71320665,1.195567283522811e-09,8.85858946907076e-09,0.18071589809738794,0.1492003367003367,LHb,NEBL,True
Cacnb4,6.0271373,0.63198525,1.668890611180696e-09,1.2176051256584465e-08,0.21792970009674298,0.19255050505050506,LHb,CACNB4,True
Mkx,6.016276,1.6735669,1.7847519659038551e-09,1.2997912223545635e-08,0.06713963237665269,0.027356902356902357,LHb,MKX,True
Cpne6,6.007512,2.969046,1.8839189699173953e-09,1.3689303386529142e-08,0.04701709126088358,0.006804152637485971,LHb,CPNE6,True
Lrrtm3,5.9906554,0.6577558,2.0899730713066854e-09,1.5111897375228267e-08,0.18019993550467592,0.14737654320987653,LHb,LRRTM3,True
Rreb1,5.982827,1.749319,2.192974306979112e-09,1.5807201165502292e-08,0.06120606256046437,0.02132435465768799,LHb,RREB1,True
Gfod1,5.956555,1.8316944,2.576108590040692e-09,1.8461921330929636e-08,0.061141567236375365,0.0215347923681257,LHb,GFOD1,True
Ptprk,5.930429,1.587125,3.021445004021862e-09,2.152945944495754e-08,0.06397936149629152,0.024480920314253647,LHb,PTPRK,True
Mmp16,5.9047008,0.4855407,3.5328753941870107e-09,2.50109896657833e-08,0.2634633989035795,0.24088103254769921,LHb,MMP16,True
Rfx3,5.8733735,0.7599604,4.270144574173158e-09,3.00302558640221e-08,0.18252176717188004,0.15432098765432098,LHb,RFX3,True
Trpc3,5.870362,2.4594893,4.348450068713072e-09,3.054111153340596e-08,0.050241857465333765,0.01101290684624018,LHb,TRPC3,True
Prmt8,5.869383,2.8939195,4.3742078452738466e-09,3.06903686568423e-08,0.045920670751370525,0.006593714927048261,LHb,PRMT8,True
Upp2,5.869266,0.506356,4.37729091136539e-09,3.06903686568423e-08,0.25746533376330216,0.23639169472502805,LHb,UPP2,True
Klhl2,5.8502097,0.9696822,4.909538372512878e-09,3.4288334704402336e-08,0.09654950016123831,0.05808080808080808,LHb,KLHL2,True
Slc6a7,5.8134108,1.345989,6.121264278928038e-09,4.240319045467281e-08,0.07229925830377297,0.033740179573512906,LHb,SLC6A7,True
Nrbp2,5.802587,0.9840932,6.529948810655342e-09,4.511829218810344e-08,0.09912931312479845,0.06158810325476992,LHb,NRBP2,True
Galnt9,5.7763653,3.7580967,7.633158970092055e-09,5.244959487733177e-08,0.04166397936149629,0.002946127946127946,LHb,GALNT9,True
Adcy5,5.7668877,2.2752223,8.07489467201044e-09,5.532038175339639e-08,0.04792002579812964,0.009189113355780022,LHb,ADCY5,True
Lgi3,5.754603,1.7113316,8.684558774030534e-09,5.92461991437975e-08,0.06101257658819736,0.022727272727272728,LHb,LGI3,True
Paqr8,5.7529573,1.1549418,8.769558635845195e-09,5.975046795905478e-08,0.090873911641406,0.0537317620650954,LHb,PAQR8,True
Fam13a,5.7217207,2.1706245,1.054504565207122e-08,7.124733225657978e-08,0.049854885520799745,0.011503928170594837,LHb,FAM13A,True
Plekha7,5.716523,1.4826946,1.0872569227787636e-08,7.330713099602544e-08,0.06610770719122863,0.028128507295173962,LHb,PLEKHA7,True
Aff3,5.7081385,0.72145516,1.1421838350236076e-08,7.691433610119423e-08,0.1781360851338278,0.14983164983164984,LHb,AFF3,True
Tango2,5.686906,1.2731917,1.2936166739470886e-08,8.678660182950708e-08,0.08300548210254756,0.04601571268237935,LHb,TANGO2,True
Tmem150c,5.668596,1.8971684,1.4397245853779648e-08,9.626930619466134e-08,0.05649790390196711,0.01872895622895623,LHb,TMEM150C,True
Dnah7b,5.662104,1.503311,1.4952789329045374e-08,9.986018472225801e-08,0.0637213801999355,0.026024130190796857,LHb,DNAH7B,True
Gulp1,5.6396914,2.5926743,1.703554096044217e-08,1.1316216633887149e-07,0.04656562399226056,0.008838383838383838,LHb,GULP1,True
Far2,5.6381307,1.6982843,1.7190614174079476e-08,1.141453958397929e-07,0.060754595291841344,0.023288439955106623,LHb,FAR2,True
Zbtb20,5.6307163,0.36127308,1.794625212746336e-08,1.189674705580819e-07,0.38800386971944534,0.39358866442199775,LHb,ZBTB20,True
Slc1a1,5.627961,1.4563087,1.8235201190864196e-08,1.206357379395617e-07,0.07255723960012898,0.0356341189674523,LHb,SLC1A1,True
Mlip,5.6092997,4.0585,2.0314726475308858e-08,1.335191794953762e-07,0.040632054176072234,0.0030864197530864196,LHb,MLIP,True
Npas2,5.549654,2.6956801,2.8623579328644403e-08,1.8541705872680146e-07,0.045533698806836505,0.008417508417508417,LHb,NPAS2,True
Stau2,5.5433054,0.630596,2.9681456944686614e-08,1.9203902643212239e-07,0.1946468881006127,0.16743827160493827,LHb,STAU2,True
Clstn3,5.5227027,0.8001126,3.33824275181157e-08,2.1512381079901255e-07,0.16639793614962914,0.138327721661055,LHb,CLSTN3,True
Sncaip,5.51495,2.0403368,3.488798404585778e-08,2.244682346625893e-07,0.05249919380844889,0.015712682379349047,LHb,SNCAIP,True
Ust,5.4665155,1.9635528,4.5896879331668914e-08,2.912444186699665e-07,0.05359561431796195,0.01718574635241302,LHb,UST,True
Cacna1i,5.4129324,1.3845509,6.200086055329176e-08,3.8825548565601796e-07,0.07307320219284102,0.03773849607182941,LHb,CACNA1I,True
Wwox,5.376072,0.4986135,7.612831449834467e-08,4.7197220659667496e-07,0.23979361496291518,0.21850448933782268,LHb,WWOX,True
Rnf152,5.363538,1.1998234,8.16075108876313e-08,5.042022492770956e-07,0.07681393099000322,0.04159652076318743,LHb,RNF152,True
Cdh4,5.3629317,1.721908,8.18820637426415e-08,5.057053764937863e-07,0.056626894550145114,0.02097362514029181,LHb,CDH4,True
Plppr3,5.356088,1.2060636,8.504308224724521e-08,5.240273734663585e-07,0.0781683327958723,0.04313973063973064,LHb,PLPPR3,True
Ttc7b,5.354748,0.8172067,8.56759382333649e-08,5.275250479347839e-07,0.13369880683650434,0.10227272727272728,LHb,TTC7B,True
Prkcg,5.3367267,1.6882931,9.463957713472715e-08,5.794077063414881e-07,0.06243147371815543,0.02728675645342312,LHb,PRKCG,True
Gabrg1,5.3348465,1.7293117,9.562537900703339e-08,5.852215306238233e-07,0.054627539503386,0.019009539842873176,LHb,GABRG1,True
Lars2,5.3289695,0.33581427,9.8771600755059e-08,6.035627662308573e-07,0.3230570783618188,0.2975589225589226,LHb,LARS2,True
Nr3c1,5.327039,1.1063584,9.982685186697046e-08,6.09090655959354e-07,0.08661722025153176,0.05211840628507295,LHb,NR3C1,True
Ptpre,5.282176,2.2191381,1.2765839671700836e-07,7.696140763688447e-07,0.044372782973234444,0.008908529741863075,LHb,PTPRE,True
Adcy2,5.273198,1.1785756,1.340667631521579e-07,8.058453712323128e-07,0.08558529506610771,0.052048260381593714,LHb,ADCY2,True
Tmcc3,5.2122464,0.56933284,1.865675206776064e-07,1.1013611850220013e-06,0.1670428893905192,0.1364337822671156,LHb,TMCC3,True
Eml1,5.1875844,1.2516204,2.1303921290059117e-07,1.2476137830076257e-06,0.07404063205417608,0.04005331088664422,LHb,EML1,True
Ftx,5.167807,0.62997335,2.36856550736192e-07,1.378609106929797e-06,0.17594324411480167,0.1494107744107744,LHb,FTX,True
Cap2,5.139247,1.0602685,2.758419269612541e-07,1.5929108063542608e-06,0.09854885520799742,0.06656846240179573,LHb,CAP2,True
Lmtk3,5.136796,0.8842342,2.7946183200457717e-07,1.6132388053797415e-06,0.11035149951628508,0.07842312008978676,LHb,LMTK3,True
Phlpp1,5.1355953,0.6191754,2.8125207903132416e-07,1.6224152561810514e-06,0.16749435665914222,0.1393097643097643,LHb,PHLPP1,True
Runx2,5.118067,2.6944304,3.086833307458694e-07,1.7711787423960405e-06,0.043405353111899386,0.009259259259259259,LHb,RUNX2,True
Kcnt1,5.1081123,1.1856105,3.2539339231988353e-07,1.8611167329470002e-06,0.07487907126733312,0.041456228956228955,LHb,KCNT1,True
Chst9,5.096779,4.230785,3.454817852064087e-07,1.9697454620069303e-06,0.036375362786198004,0.002244668911335578,LHb,CHST9,True
Ttyh1,5.0920095,0.65295523,3.5428786365567016e-07,2.0171088330272667e-06,0.12957110609480813,0.09729236812570145,LHb,TTYH1,True
Adra1a,5.0808725,1.8132657,3.757047175649958e-07,2.130793761084785e-06,0.04933892292808771,0.015361952861952861,LHb,ADRA1A,True
Pvt1,5.0696216,2.241545,3.9860732467067616e-07,2.252785980624803e-06,0.04443727829732345,0.010521885521885523,LHb,PVT1,True
Adamts3,5.027728,2.5810678,4.963245914649347e-07,2.7855830211468833e-06,0.04237342792647533,0.008768237934904602,LHb,ADAMTS3,True
Ephb2,4.9631104,1.9861838,6.937311810382487e-07,3.833652836793192e-06,0.04643663334408255,0.013257575757575758,LHb,EPHB2,True
Tmem132d,4.9214473,2.4857569,8.590654253739934e-07,4.7007385843790065e-06,0.04147049338922928,0.00855780022446689,LHb,TMEM132D,True
Fndc3b,4.8740387,1.7213341,1.0933953798436483e-06,5.924847661296821e-06,0.05191873589164785,0.019500561167227835,LHb,FNDC3B,True
Jph1,4.854679,2.3043773,1.2058171483356954e-06,6.481918369667621e-06,0.04295388584327636,0.010521885521885523,LHb,JPH1,True
Syp,4.8510213,0.4557047,1.2282739470080987e-06,6.596059459779547e-06,0.25359561431796196,0.24039001122334455,LHb,SYP,True
Trim9,4.850621,0.63325685,1.2307523991167444e-06,6.60717559101007e-06,0.1798774588842309,0.15712682379349047,LHb,TRIM9,True
Slc17a6,4.8429523,0.48473725,1.2792413000756287e-06,6.853835054230969e-06,0.24598516607545953,0.23176206509539843,LHb,SLC17A6,True
B3galt1,4.83866,0.30020598,1.3071749374485198e-06,6.994229114531859e-06,0.3674943566591422,0.3666526374859708,LHb,B3GALT1,True
Mical3,4.835846,0.6173692,1.325805666429119e-06,7.084541346049223e-06,0.17046114156723638,0.1454124579124579,LHb,MICAL3,True
Kcna6,4.8348093,1.6676399,1.332732834813998e-06,7.116854936651178e-06,0.04830699774266366,0.015923120089786757,LHb,KCNA6,True
Add3,4.8165197,0.87652797,1.4608379804716815e-06,7.75995216227568e-06,0.08410190261206063,0.05225869809203142,LHb,ADD3,True
Parm1,4.800558,1.1375468,1.5822389466260583e-06,8.369102341947839e-06,0.07681393099000322,0.045664983164983165,LHb,PARM1,True
Adcyap1r1,4.7951303,1.5278661,1.625691471930947e-06,8.590512760040205e-06,0.050241857465333765,0.0180976430976431,LHb,ADCYAP1R1,True
Slc2a3,4.77247,1.3185576,1.8198021572816556e-06,9.578685289303865e-06,0.07358916478555305,0.042789001122334455,LHb,SLC2A3,True
Itga8,4.7372007,3.6332858,2.1669065611485373e-06,1.1313658368811359e-05,0.035214446952595936,0.0035072951739618407,LHb,ITGA8,True
Psap,4.7251325,0.27151406,2.2996552132401222e-06,1.1974042941033591e-05,0.4051596259271203,0.40937149270482603,LHb,PSAP,True
Bcas1,4.725097,0.33667475,2.3000526378850925e-06,1.1974042941033591e-05,0.254627539503386,0.2288860830527497,LHb,BCAS1,True
Peak1,4.7235527,0.9050672,2.317597059665024e-06,1.2053740334431434e-05,0.09197033215091906,0.061798540965207635,LHb,PEAK1,True
Fryl,4.722978,0.75773704,2.324158139616106e-06,1.2080095728885127e-05,0.12944211544663012,0.10185185185185185,LHb,FRYL,True
Slc22a17,4.715727,0.44539493,2.4084940749615656e-06,1.2494352682008763e-05,0.2524991938084489,0.23779461279461278,LHb,SLC22A17,True
Ltbp1,4.637969,2.7541933,3.5184942208196946e-06,1.7930574676042392e-05,0.036955820702999034,0.005892255892255892,LHb,LTBP1,True
Kif5c,4.6362553,0.5986088,3.547779677967253e-06,1.8074121666494588e-05,0.16736536601096422,0.14246632996632996,LHb,KIF5C,True
C1ql3,4.6312075,2.41554,3.6353962189475986e-06,1.8497179566365967e-05,0.03947113834247017,0.008487654320987654,LHb,C1QL3,True
Jazf1,4.618849,0.64156735,3.8587506671486484e-06,1.9553662920153315e-05,0.1490486939696872,0.12345679012345678,LHb,JAZF1,True
Slc8a2,4.611453,1.9771429,3.99864348538686e-06,2.022453357602641e-05,0.04566268945501451,0.01494107744107744,LHb,SLC8A2,True
Pdzd2,4.593164,1.4384131,4.365761402288804e-06,2.197143456192327e-05,0.060754595291841344,0.030653759820426486,LHb,PDZD2,True
Scg2,4.5909004,0.5500725,4.4133836073211994e-06,2.2197288510080973e-05,0.2076749435665914,0.19037598204264872,LHb,SCG2,True
Tcerg1l,4.5820074,2.5900154,4.605340227431701e-06,2.313396837848067e-05,0.03702031602708804,0.006313131313131313,LHb,TCERG1L,True
Vgf,4.5743856,2.014419,4.776190279394585e-06,2.396243106985342e-05,0.046114156723637535,0.015712682379349047,LHb,VGF,True
Dock11,4.5600424,1.727687,5.114327049308189e-06,2.552429497764886e-05,0.048049016446307644,0.017676767676767676,LHb,DOCK11,True
Col11a1,4.548129,1.4808356,5.412498140445519e-06,2.6891656960767356e-05,0.05288616575298291,0.02265712682379349,LHb,COL11A1,True
Baiap2,4.5291977,2.4253838,5.920810007464096e-06,2.9314080768512932e-05,0.03837471783295711,0.008066778900112233,LHb,BAIAP2,True
Sntg2,4.5267253,3.2682602,5.990470979597693e-06,2.964082841694484e-05,0.03431151241534989,0.003998316498316498,LHb,SNTG2,True
E130307A14Rik,4.478857,0.68266666,7.504380605881357e-06,3.6660633132023844e-05,0.127442760399871,0.10093995510662178,LHb,E130307A14RIK,True
Prkcd,4.470454,2.5447707,7.805365325655158e-06,3.80161951648516e-05,0.03702031602708804,0.007084736251402918,LHb,PRKCD,True
Flt3,4.43299,2.6892853,9.293514186205904e-06,4.479219069185951e-05,0.03605288616575298,0.0063832772166105495,LHb,FLT3,True
Lpar1,4.431809,0.71528995,9.344578149261973e-06,4.4984687965569165e-05,0.10770719122863592,0.07968574635241302,LHb,LPAR1,True
Tmem91,4.425062,1.7914062,9.641454545582815e-06,4.638623654812672e-05,0.044566268945501454,0.015011223344556677,LHb,TMEM91,True
Scn1b,4.422866,1.0009693,9.740014148977888e-06,4.684648494193201e-05,0.10158013544018059,0.07498597081930415,LHb,SCN1B,True
Camk4,4.421759,1.2523553,9.790051980106759e-06,4.707315421469287e-05,0.06933247339567881,0.040824915824915826,LHb,CAMK4,True
Nhsl2,4.4139185,1.0964785,1.0151626144416043e-05,4.871033903468689e-05,0.07223476297968397,0.04349046015712683,LHb,NHSL2,True
Msra,4.3969264,1.0522065,1.097944927207688e-05,5.2433596686106745e-05,0.09719445340212834,0.07098765432098765,LHb,MSRA,True
Tox2,4.3967814,2.1056147,1.098679293027076e-05,5.245318053339125e-05,0.03798774588842309,0.008487654320987654,LHb,TOX2,True
Ankrd55,4.387219,2.0259435,1.1480910918668575e-05,5.4683078359677326e-05,0.04256691389874234,0.013327721661054994,LHb,ANKRD55,True
Grm4,4.383135,1.9586889,1.1698360735476633e-05,5.5653230851863095e-05,0.04198645598194131,0.012696408529741863,LHb,GRM4,True
Iqgap2,4.3801465,2.0932055,1.1859941549922458e-05,5.63390762320105e-05,0.04327636246372138,0.014169472502805836,LHb,IQGAP2,True
Ppp4r4,4.3777103,1.1860205,1.199326354859232e-05,5.6938960345899845e-05,0.06604321186713963,0.037387766554433224,LHb,PPP4R4,True
Rgs20,4.376859,1.2002149,1.2040158854890403e-05,5.714482672472191e-05,0.06410835214446953,0.03535353535353535,LHb,RGS20,True
Brinp2,4.375991,0.89473224,1.2088202270600116e-05,5.7322389834933124e-05,0.10983553692357303,0.08424523007856341,LHb,BRINP2,True
Slc4a10,4.3686466,0.39019582,1.2501897864312445e-05,5.9197364740999355e-05,0.26262495969042243,0.2510521885521885,LHb,SLC4A10,True
Nat8l,4.366413,1.2709674,1.2630343193595497e-05,5.97790648059757e-05,0.0655272492744276,0.03710718294051627,LHb,NAT8L,True
Map3k5,4.3586006,2.845351,1.308966818746019e-05,6.172751688984507e-05,0.03411802644308288,0.004910213243546577,LHb,MAP3K5,True
Pou2f2,4.3557677,1.1098437,1.326012611550974e-05,6.240399764863836e-05,0.0690099967752338,0.04054433221099888,LHb,POU2F2,True
D030068K23Rik,4.354984,2.9738433,1.3307674576104387e-05,6.259134523654797e-05,0.03373105449854886,0.004559483726150393,LHb,D030068K23RIK,True
Jakmip1,4.350759,0.626058,1.3566699892323783e-05,6.37355128545853e-05,0.17342792647533053,0.15404040404040403,LHb,JAKMIP1,True
Lemd1,4.3502407,3.0683775,1.3598827854723352e-05,6.386789795300529e-05,0.033215091905836824,0.004068462401795735,LHb,LEMD1,True
Pdgfa,4.341653,1.0395105,1.4141488972326556e-05,6.626262576111878e-05,0.06514027732989358,0.03633557800224467,LHb,PDGFA,True
Acsl3,4.338959,0.6799143,1.4315920952788883e-05,6.706053327870262e-05,0.13202192841019025,0.10641133557800224,LHb,ACSL3,True
Ndrg4,4.309236,0.28798133,1.6381961245710397e-05,7.607758344799473e-05,0.2978394066430184,0.2854938271604938,LHb,NDRG4,True
Epha3,4.299501,0.6356062,1.7118330224703825e-05,7.936055929624086e-05,0.12679780715898098,0.10115039281705948,LHb,EPHA3,True
Slc43a2,4.291087,1.8704871,1.77800459887817e-05,8.221619321570726e-05,0.04166397936149629,0.01297699214365881,LHb,SLC43A2,True
Wscd2,4.285308,3.170435,1.8248617097406017e-05,8.411459372150202e-05,0.0326991293131248,0.003998316498316498,LHb,WSCD2,True
Sdc2,4.2761455,1.0736996,1.901568876760087e-05,8.743000733824448e-05,0.06681715575620767,0.03865039281705948,LHb,SDC2,True
Camkv,4.2609825,1.0205556,2.0353019411691645e-05,9.326064843742559e-05,0.07603998710093518,0.04847081930415264,LHb,CAMKV,True
Magi1,4.258117,0.33660012,2.061558754773715e-05,9.433016367316786e-05,0.3001612383102225,0.29285914702581367,LHb,MAGI1,True
Htr7,4.2293477,1.4862013,2.343700766385233e-05,0.00010672680150980053,0.048242502418574654,0.020061728395061727,LHb,HTR7,True
Glis3,4.2247095,1.7984663,2.3924912067381242e-05,0.000108826055312118,0.042437923250564336,0.014239618406285072,LHb,GLIS3,True
Nsf,4.200112,0.37321532,2.6678312522619523e-05,0.0001206716177442312,0.26204450177362143,0.252665544332211,LHb,NSF,True
Fam20c,4.1857553,1.8608322,2.8421971078483102e-05,0.00012812859035520185,0.04089003547242825,0.012906846240179574,LHb,FAM20C,True
Gm16083,4.1842856,1.870171,2.8606426676408188e-05,0.00012892419935661811,0.03843921315704611,0.010381593714927048,LHb,GM16083,True
Adarb2,4.17837,0.6201878,2.9360572213098997e-05,0.00013210215731484736,0.18710093518219928,0.17192760942760943,LHb,ADARB2,True
Col4a2,4.176723,1.2677234,2.9573884925339254e-05,0.0001329509696129412,0.053918090938406965,0.02616442199775533,LHb,COL4A2,True
Frmd3,4.1700497,0.9192318,3.0453324857954276e-05,0.00013656294138547558,0.08261851015801354,0.05590628507295174,LHb,FRMD3,True
Cers6,4.159023,0.9925981,3.1961206556097816e-05,0.0001428890315215263,0.08481135117703967,0.05885241301907969,LHb,CERS6,True
Dscam,4.1464195,0.2534849,3.377145663201735e-05,0.00015052447258828342,0.37033215091905836,0.37829685746352415,LHb,DSCAM,True
Arhgef2,4.12775,1.5185248,3.663304711767961e-05,0.00016238408800451295,0.04759754917768462,0.020131874298540964,LHb,ARHGEF2,True
Slit1,4.076436,0.9030487,4.5731244448903834e-05,0.00019991969701649176,0.0819735569171235,0.05590628507295174,LHb,SLIT1,True
Dock9,4.068006,0.69820046,4.7417116332972454e-05,0.00020673095867542571,0.11686552724927443,0.09259259259259259,LHb,DOCK9,True
Clstn2,4.067564,0.41464636,4.750718379920933e-05,0.00020701204147419475,0.20509513060303128,0.18588664421997755,LHb,CLSTN2,True
Aplp2,4.067387,0.40430298,4.7543256184084724e-05,0.0002071134308584892,0.253853595614318,0.24375701459034793,LHb,APLP2,True
Ankrd6,4.0650415,1.064094,4.802388220657695e-05,0.0002089820539928389,0.06765559496936473,0.04110549943883277,LHb,ANKRD6,True
Sdk2,4.0487776,0.85455924,5.14857943182701e-05,0.00022278831543553207,0.08384392131570462,0.058010662177328844,LHb,SDK2,True
Atp2a2,4.0311136,0.3641088,5.55132519666219e-05,0.00023906465669864464,0.2801676878426314,0.27258698092031425,LHb,ATP2A2,True
Cux2,4.0302496,0.9210739,5.571763559051705e-05,0.00023981712498047185,0.08842308932602386,0.06327160493827161,LHb,CUX2,True
Cnksr2,4.0245347,0.63492686,5.708808934888798e-05,0.0002453240821515045,0.17375040309577555,0.15747755331088664,LHb,CNKSR2,True
Dclk2,3.99188,0.68398774,6.55515479606291e-05,0.0002788785608267164,0.109190583682683,0.0848063973063973,LHb,DCLK2,True
Mirg,3.9756958,0.59901655,7.017377542406946e-05,0.00029729198991208057,0.14795227346017414,0.12696408529741862,LHb,MIRG,True
Hdac9,3.9746687,0.2842537,7.04772956558475e-05,0.0002984215333071553,0.3711060948081264,0.3833473625140292,LHb,HDAC9,True
Chga,3.974577,0.98472273,7.050449527878371e-05,0.0002984585739686801,0.10003224766204451,0.07673961840628507,LHb,CHGA,True
Lgi2,3.9739137,1.0360925,7.070118748704463e-05,0.0002991346344763136,0.07952273460174138,0.05443322109988777,LHb,LGI2,True
Scml4,3.969768,1.1872728,7.194262965354564e-05,0.00030404039411371735,0.05237020316027088,0.02595398428731762,LHb,SCML4,True
Gls,3.9693696,0.29522339,7.206302074278774e-05,0.0003044187413200814,0.3145436955820703,0.31123737373737376,LHb,GLS,True
Cntnap5c,3.9556375,0.704892,7.633084070772064e-05,0.00032185905851078766,0.10867462108997097,0.08473625140291807,LHb,CNTNAP5C,True
Tmem132c,3.9446368,3.6056743,7.992099258356086e-05,0.0003357719623478174,0.029151886488229604,0.002735690235690236,LHb,TMEM132C,True
Ctsb,3.9353347,0.55975854,8.308084422405768e-05,0.00034787280748747943,0.1889712995807804,0.17382154882154882,LHb,CTSB,True
Ptprn,3.9303172,0.43438187,8.483386843424206e-05,0.0003543873507034776,0.23508545630441793,0.22383557800224466,LHb,PTPRN,True
Epb41l4a,3.918311,1.2775989,8.917157160654427e-05,0.00037097483815222573,0.04817800709448565,0.02202581369248036,LHb,EPB41L4A,True
Tecr,3.9008236,0.31531468,9.586598512767954e-05,0.0003967047401717655,0.27513705256368914,0.26851851851851855,LHb,TECR,True
Atp1a2,3.893587,0.31974885,9.877270534629955e-05,0.0004078755447986712,0.22283134472750726,0.20173961840628507,LHb,ATP1A2,True
Pitpnm2,3.873975,1.0170863,0.00010707433709608374,0.0004401340285969897,0.07333118348919704,0.048540965207631875,LHb,PITPNM2,True
Chn2,3.8649728,1.4577391,0.0001111015972496549,0.00045541518892883127,0.041599484037407285,0.015712682379349047,LHb,CHN2,True
Sirpa,3.8587837,1.1696975,0.00011395275092979309,0.0004656861410534116,0.05978716543050629,0.034511784511784514,LHb,SIRPA,True
Cx3cl1,3.8499622,1.0366894,0.00011813602645726334,0.00048168647036708707,0.09197033215091906,0.06895342312008979,LHb,CX3CL1,True
Gramd1b,3.841255,0.66501707,0.00012240688174650657,0.0004973452178472102,0.1308610125765882,0.10984848484848485,LHb,GRAMD1B,True
Pip5k1b,3.8258379,0.89001644,0.00013032800594887128,0.0005272775128121543,0.10493389229280878,0.08284231200897868,LHb,PIP5K1B,True
Mal2,3.8229558,1.7644637,0.00013186143379649584,0.0005329481988151724,0.03798774588842309,0.012415824915824917,LHb,MAL2,True
Bdnf,3.8165696,2.2187433,0.00013531997294033876,0.0005459717042429483,0.034827475008061916,0.009329405162738495,LHb,BDNF,True
Plpp4,3.8148305,0.9841101,0.00013627638072109683,0.0005492824465895194,0.0635278942276685,0.03851010101010101,LHb,PLPP4,True
Nectin3,3.7984622,0.8626858,0.00014559669734214107,0.0005848091828927569,0.08061915511125443,0.0563973063973064,LHb,NECTIN3,True
Zdbf2,3.7957022,0.82279205,0.00014722617656838025,0.0005906208844230036,0.07732989358271525,0.05267957351290685,LHb,ZDBF2,True
Creg2,3.7752197,2.0265167,0.0001598666945368538,0.0006392691678945885,0.03411802644308288,0.008838383838383838,LHb,CREG2,True
Slc6a1,3.7720127,0.8942194,0.00016193599655916366,0.0006469041107296795,0.06101257658819736,0.03591470258136925,LHb,SLC6A1,True
Endod1,3.7670176,1.1253697,0.00016520939051531484,0.0006593293588909986,0.06565623992260561,0.04138608305274972,LHb,ENDOD1,True
Gpr63,3.7648938,2.7508075,0.00016661992217191946,0.0006643029926376134,0.030119316349564655,0.004910213243546577,LHb,GPR63,True
Pde7a,3.7509704,0.9556309,0.00017615144892828033,0.0007005777443852802,0.0710738471460819,0.04685746352413019,LHb,PDE7A,True
Kazn,3.7299984,1.1454852,0.00019148095389260377,0.0007576331774004075,0.04953240890035472,0.02462121212121212,LHb,KAZN,True
Trps1,3.7206988,0.5160612,0.00019867217661271666,0.0007837859650513883,0.16768784263140923,0.1494107744107744,LHb,TRPS1,True
Glra3,3.718603,2.736537,0.00020032776085111742,0.0007891625747118422,0.029538858432763625,0.004629629629629629,LHb,GLRA3,True
Tln2,3.7045856,0.6835115,0.00021173654431080812,0.0008310697899119925,0.12763624637213802,0.1074635241301908,LHb,TLN2,True
Kcnq2,3.698739,0.59615386,0.0002166733140943158,0.0008490045677024123,0.14350209609803288,0.12408810325476992,LHb,KCNQ2,True
Trpc6,3.6857326,3.0364938,0.00022804558498193243,0.0008901151875199704,0.029151886488229604,0.004489337822671156,LHb,TRPC6,True
Calb1,3.6835427,0.44037423,0.00023001470162824643,0.0008967191609633372,0.10228958400515963,0.07730078563411896,LHb,CALB1,True
Mctp2,3.666318,3.5449514,0.000246067967720463,0.0009551594379358026,0.027217026765559496,0.002665544332210999,LHb,MCTP2,True
Rapgef2,3.6619406,0.58372116,0.0002503118503841519,0.0009709338561063926,0.15711060948081265,0.13973063973063973,LHb,RAPGEF2,True
Iqsec3,3.6536965,0.99389035,0.00025849166271037607,0.0010007426147296153,0.07365366010964206,0.05043490460157127,LHb,IQSEC3,True
Rab30,3.6521103,0.8979003,0.00026009405921170124,0.0010067052902008298,0.07526604321186714,0.05190796857463524,LHb,RAB30,True
Fxyd6,3.6493025,1.0821512,0.00026295334212828346,0.0010163130965173202,0.0490809416317317,0.024691358024691357,LHb,FXYD6,True
Sst,3.6426475,1.4571041,0.0002698483404073004,0.001041087055214609,0.04076104482425024,0.016414141414141416,LHb,SST,True
Sema4g,3.6186197,1.3433738,0.0002961785281238837,0.001136311122486674,0.04579168010319252,0.021745230078563414,LHb,SEMA4G,True
Ccdc88a,3.6084747,0.29895115,0.00030800255617167695,0.0011791577150477809,0.3033215091905837,0.30225869809203143,LHb,CCDC88A,True
B4galnt4,3.6023998,0.89904296,0.00031529304838733837,0.001206212170687133,0.06733311834891971,0.04384118967452301,LHb,B4GALNT4,True
Gas7,3.5945535,1.1519518,0.00032494844299749647,0.0012408028955345858,0.04398581102870042,0.019851290684624018,LHb,GAS7,True
Cbln1,3.5906806,1.1494383,0.00032981558999102653,0.0012579031285321516,0.05578845533698807,0.03226711560044893,LHb,CBLN1,True
Mgat5b,3.5862534,0.9609854,0.00033546303926304115,0.0012773077100186557,0.06694614640438568,0.04370089786756454,LHb,MGAT5B,True
Sh3rf1,3.556605,1.1643052,0.0003756781889057011,0.0014210932426449287,0.045920670751370525,0.022166105499438832,LHb,SH3RF1,True
Ank,3.538832,0.7043396,0.00040190157018748027,0.0015118041622749984,0.11028700419219607,0.08964646464646464,LHb,ANK,True
Gm29514,3.534941,0.944639,0.0004078663390502862,0.0015324594736674517,0.06423734279264753,0.04117564534231201,LHb,GM29514,True
Kcnab2,3.5310194,1.2800955,0.0004139612747013191,0.0015531949938051117,0.04379232505643341,0.020202020202020204,LHb,KCNAB2,True
Rras2,3.530939,2.3037875,0.00041408706011818847,0.0015533066320528057,0.03050628829409868,0.0068742985409652076,LHb,RRAS2,True
Plekhg5,3.5199413,1.9550129,0.00043164244175478644,0.0016142928313025828,0.03747178329571106,0.0140993265993266,LHb,PLEKHG5,True
Gprin3,3.5178533,2.1736948,0.0004350529546587458,0.0016255443616551657,0.03031280232183167,0.006734006734006734,LHb,GPRIN3,True
Sorl1,3.5014145,0.72969395,0.0004627955301839898,0.0017212503335769223,0.10409545307965172,0.08333333333333333,LHb,SORL1,True
Gnb2,3.4934716,0.6030899,0.000476783685908215,0.0017692076438553285,0.09906481780070944,0.07680976430976431,LHb,GNB2,True
Ppp1r9a,3.4869826,0.41606486,0.0004885030007768406,0.001810202986842015,0.21896162528216703,0.20826318742985409,LHb,PPP1R9A,True
Grin2d,3.447452,2.500793,0.0005659006649369477,0.0020727905922452734,0.02876491454369558,0.005681818181818182,LHb,GRIN2D,True
Pde4a,3.4400177,0.8312789,0.0005816759450472304,0.002126719803602837,0.09113189293776201,0.07021604938271606,LHb,PDE4A,True
Pde1b,3.437072,1.7516999,0.0005880389460284314,0.0021485272084955675,0.03334408255401483,0.010311447811447811,LHb,PDE1B,True
Chrna7,3.4041028,1.6343023,0.0006638176691119665,0.0024090757904164364,0.03876168977749113,0.016133557800224466,LHb,CHRNA7,True
Stard9,3.3961134,1.4900038,0.0006835004684095496,0.0024744001961782597,0.03985811028700419,0.017255892255892257,LHb,STARD9,True
Adcy6,3.38913,2.0102203,0.0007011473328072875,0.0025320513748957082,0.03069977426636569,0.007996632996632997,LHb,ADCY6,True
Gabrd,3.3733525,3.3793144,0.0007425882838595192,0.002667414055391455,0.02566913898742341,0.0030864197530864196,LHb,GABRD,True
Glra2,3.3620434,2.779139,0.0007736799890182861,0.002774168437679179,0.02618510158013544,0.003647586980920314,LHb,GLRA2,True
Ptprf,3.351231,0.85448474,0.0008045313452102329,0.002880959599020482,0.0744276039987101,0.05303030303030303,LHb,PTPRF,True
Lpgat1,3.3476129,0.6084694,0.0008151079437574282,0.002916896236786814,0.14040632054176072,0.12345679012345678,LHb,LPGAT1,True
Sacs,3.345737,0.7054957,0.0008206423136708466,0.0029341046471321715,0.10067720090293454,0.08066778900112233,LHb,SACS,True
Gaa,3.342631,0.5274262,0.0008298811955582759,0.002963861412708128,0.19213157046114157,0.18167789001122334,LHb,GAA,True
Gucy1a2,3.3394952,0.46315497,0.0008393083100960595,0.0029955454359672905,0.18677845856175426,0.17410213243546577,LHb,GUCY1A2,True
Dnah9,3.3368216,1.0875684,0.0008474232369838387,0.0030218410181246896,0.04463076426959046,0.022306397306397305,LHb,DNAH9,True
Mcf2,3.3290193,2.9125211,0.0008715239011746831,0.003096178146606743,0.025540148339245405,0.0032267115600448934,LHb,MCF2,True
Atxn7l1,3.3253632,0.79188466,0.0008830343415772589,0.0031343165404898315,0.0853273137697517,0.06474466891133558,LHb,ATXN7L1,True
Zfp385a,3.323903,1.576516,0.0008876701150609439,0.0031477141798708906,0.03392454047081587,0.011644219977553312,LHb,ZFP385A,True
Chst8,3.3036394,0.949338,0.0009543846241895388,0.003365417766790013,0.06610770719122863,0.04489337822671156,LHb,CHST8,True
Osbpl1a,3.3026502,0.6240126,0.0009577577299292784,0.0033758403315768313,0.09332473395678813,0.0723905723905724,LHb,OSBPL1A,True
R3hdm1,3.2973337,0.34233877,0.0009760748987917347,0.0034344162471081807,0.2746855852950661,0.2745510662177329,LHb,R3HDM1,True
Hrh3,3.288134,2.947503,0.0010085381114709414,0.003541707328059591,0.025733634311512415,0.003717732884399551,LHb,HRH3,True
Tmem191c,3.2865167,0.7210933,0.0010143475943231518,0.00355979004950683,0.10828764914543695,0.08950617283950617,LHb,TMEM191C,True
Pxdn,3.2729805,2.3205495,0.0010641986813134914,0.003725040828878105,0.027410512737826506,0.005471380471380472,LHb,PXDN,True
Begain,3.270003,1.437759,0.00107546349330355,0.003760824453609082,0.03876168977749113,0.016975308641975308,LHb,BEGAIN,True
Cdkl1,3.2493787,2.4030786,0.0011565737696605015,0.004019677852225744,0.02689455014511448,0.005120650953984287,LHb,CDKL1,True
Syt14,3.2224946,0.6624597,0.001270796105892054,0.004393059844583025,0.09667849080941632,0.07716049382716049,LHb,SYT14,True
Raver2,3.2181401,2.3479574,0.0012902474630584315,0.0044545896936969325,0.028248951950983554,0.006734006734006734,LHb,RAVER2,True
Unc79,3.1972337,0.40705553,0.0013875248483957573,0.004755925921339558,0.21148016768784264,0.20251122334455668,LHb,UNC79,True
Vwa5b1,3.1929934,1.3021188,0.0014080613445067742,0.004819168905500862,0.03573040954530796,0.01430976430976431,LHb,VWA5B1,True
St3gal4,3.1897237,1.1858093,0.0014240888844273055,0.0048719622896809785,0.03960012899064818,0.01823793490460157,LHb,ST3GAL4,True
Plxdc2,3.175753,0.46309823,0.001494480734715815,0.005091243867739744,0.13028055465978716,0.11181257014590348,LHb,PLXDC2,True
Epb41l3,3.1653266,0.33145136,0.0015490899374055525,0.005265082945479053,0.26965495001612383,0.2699915824915825,LHb,EPB41L3,True
Gm26691,3.1624749,0.64153314,0.00156434294115189,0.005312460019553185,0.10596581747823283,0.0874719416386083,LHb,GM26691,True
Gm43154,3.1603537,2.949351,0.0015757774319657132,0.005346800915050433,0.02399226056110932,0.0028058361391694723,LHb,GM43154,True
Sergef,3.160004,0.83042777,0.0015776705333436008,0.005352101693966599,0.07475008061915511,0.05478395061728395,LHb,SERGEF,True
Atp11b,3.1585803,0.5448519,0.00158539612516943,0.005377182286562283,0.14279264753305385,0.1271043771043771,LHb,ATP11B,True
Rps6ka5,3.1517537,0.70116603,0.001622930804327533,0.005490672612423728,0.08042566913898742,0.0603956228956229,LHb,RPS6KA5,True
Reep5,3.1479235,0.49115574,0.0016443474170424167,0.005557317064492496,0.18477910351499516,0.1737514029180696,LHb,REEP5,True
Prlr,3.1365635,2.1401365,0.0017094034749641194,0.00575913376537068,0.02760399871009352,0.006593714927048261,LHb,PRLR,True
Grem2,3.1285195,2.2919862,0.0017568936608534872,0.005900696628800904,0.026572073524669462,0.005611672278338945,LHb,GREM2,True
Grik3,3.1240084,0.8554694,0.0017840530677382812,0.005986941570677738,0.06997742663656885,0.050084175084175085,LHb,GRIK3,True
Csgalnact1,3.1214688,1.40697,0.0017995137527339951,0.0060363199814335074,0.037149306675266044,0.016343995510662176,LHb,CSGALNACT1,True
Pla2g4e,3.104443,3.4219973,0.0019063758383867833,0.006358688995706599,0.02270235407932925,0.001893939393939394,LHb,PLA2G4E,True
Tmem59l,3.1015851,0.73690516,0.00192487435248769,0.006414265070351955,0.12653982586262497,0.11160213243546577,LHb,TMEM59L,True
Vstm2a,3.1008978,0.7417755,0.0019293486612283453,0.006426526893609654,0.0999677523379555,0.08200056116722783,LHb,VSTM2A,True
Lgi1,3.097191,0.6450655,0.0019536388874087664,0.006496732936644078,0.10615930345049984,0.08824354657687991,LHb,LGI1,True
Trpm2,3.0922413,1.653925,0.0019865138577856915,0.006596563672692171,0.033860045146726865,0.013257575757575758,LHb,TRPM2,True
Cachd1,3.0820603,0.97006446,0.002055731254875581,0.00681103093969941,0.04637213801999355,0.025813692480359147,LHb,CACHD1,True
Ccdc136,3.0790384,0.61714756,0.00207669885771354,0.006874302410109297,0.14118026443082876,0.12724466891133557,LHb,CCDC136,True
Atp11c,3.0755167,0.78166896,0.00210138114914144,0.00695036346024731,0.06784908094163174,0.047979797979797977,LHb,ATP11C,True
Mcu,3.0751765,0.73875695,0.002103780753804721,0.006955979904495373,0.08926152853918091,0.07063692480359147,LHb,MCU,True
Plxdc1,3.0624504,2.3916016,0.002195328238045665,0.007233537227620418,0.026249596904224445,0.0057519640852974185,LHb,PLXDC1,True
Ar,3.0605989,1.4670666,0.0022089488414440382,0.0072710108893686036,0.03508545630441793,0.014660493827160493,LHb,AR,True
Gprc5b,3.0571318,0.9400777,0.0022346599240641207,0.007352649363656866,0.04875846501128668,0.028479236812570145,LHb,GPRC5B,True
Col26a1,3.0509367,2.8367183,0.002281287191689426,0.007491754981350428,0.0236052886165753,0.0031565656565656565,LHb,COL26A1,True
Acap2,3.0476904,0.58143395,0.002306073255664048,0.007567607001494416,0.11557562076749435,0.09820426487093153,LHb,ACAP2,True
Ndrg2,3.0235667,0.35481513,0.0024981383878516644,0.008153226074152678,0.15420831989680747,0.13685465768799102,LHb,NDRG2,True
Man2a2,2.997684,0.73653257,0.0027203953665273623,0.008821650973051341,0.08287649145436955,0.06432379349046016,LHb,MAN2A2,True
Pde9a,2.9966717,2.4882557,0.0027294440756949895,0.008845673797709168,0.02457271847791035,0.004489337822671156,LHb,PDE9A,True
Gm9866,2.992805,1.2136751,0.0027642627686558226,0.008945968443979177,0.04772653982586263,0.028128507295173962,LHb,GM9866,True
Rnf182,2.9922378,1.4779645,0.0027694046334967347,0.008960816152592456,0.03618187681393099,0.01627384960718294,LHb,RNF182,True
Ache,2.980352,0.7270982,0.0028791744073917913,0.009271480398081271,0.10609480812641084,0.08957631874298541,LHb,ACHE,True
Timp2,2.978902,0.5640509,0.002892832676372323,0.009311754933397476,0.1654305062882941,0.1550925925925926,LHb,TIMP2,True
Gad2,2.9772198,1.8638154,0.0029087534216021764,0.009357415790456484,0.02760399871009352,0.0076459034792368125,LHb,GAD2,True
Rnf128,2.9752924,1.5332643,0.002927092487495485,0.009412668187920371,0.03508545630441793,0.015291806958473625,LHb,RNF128,True
Kcnc4,2.971178,1.4996625,0.002966598126900748,0.009532126480456813,0.03534343760077394,0.015572390572390573,LHb,KCNC4,True
Ddc,2.96288,1.3019389,0.00304775439051134,0.009773478839516441,0.03334408255401483,0.013468013468013467,LHb,DDC,True
Sgpp2,2.9622788,1.112401,0.003053710331486338,0.009790637187669279,0.052757175104804904,0.033529741863075196,LHb,SGPP2,True
Slc7a8,2.9588666,0.90804034,0.0030877270331554425,0.00989577665173158,0.0581747823282812,0.038930976430976434,LHb,SLC7A8,True
Ldlrad3,2.9554617,1.5306149,0.0031220137423464103,0.010003679136777573,0.03108674621089971,0.011293490460157127,LHb,LDLRAD3,True
Zmiz1,2.9408004,0.6075433,0.0032736539631765603,0.010458493552119467,0.09841986455981941,0.08052749719416386,LHb,ZMIZ1,True
Ptpru,2.939239,2.4165509,0.0032901912379618803,0.010505101317416781,0.024056755885198323,0.0043490460157126825,LHb,PTPRU,True
Col19a1,2.9332905,3.5419884,0.0033538999321672484,0.010679002244646702,0.02147694292163818,0.001823793490460157,LHb,COL19A1,True
Arhgap22,2.932464,2.360003,0.0033628405215199706,0.01070114999716418,0.02476620445017736,0.005120650953984287,LHb,ARHGAP22,True
Atp2b4,2.9323363,1.3115557,0.003364222986336602,0.010703443509833701,0.036375362786198004,0.016835016835016835,LHb,ATP2B4,True
Hlf,2.913195,0.91057575,0.003577511919600807,0.011324120410869483,0.0563689132537891,0.03731762065095398,LHb,HLF,True
Nckap5,2.902355,1.0544837,0.0037036848588527446,0.011705178310266344,0.053918090938406965,0.03500280583613917,LHb,NCKAP5,True
Nr2f1,2.901544,1.4348118,0.003713285793221021,0.011729556399880096,0.03198968074814576,0.01255611672278339,LHb,NR2F1,True
Pgm2l1,2.9015198,0.65394753,0.0037135739303731665,0.011729556399880096,0.09538858432763625,0.0779320987654321,LHb,PGM2L1,True
Naaladl2,2.900935,0.30672473,0.003720511357864246,0.011746880970808936,0.28061915511125446,0.28114478114478114,LHb,NAALADL2,True
Gpr176,2.891445,1.7256246,0.003834747394252927,0.012072214694830885,0.03147371815543373,0.012205387205387205,LHb,GPR176,True
Megf9,2.8827593,0.5718386,0.00394208533674433,0.012378806119557278,0.13189293776201225,0.1177749719416386,LHb,MEGF9,True
Onecut2,2.879734,2.4082363,0.003980108518842576,0.01249093040207192,0.02399226056110932,0.004699775533108867,LHb,ONECUT2,True
Arhgdig,2.8761177,1.2215841,0.004025994852114706,0.012630036216632149,0.037149306675266044,0.017957351290684626,LHb,ARHGDIG,True
Slc38a9,2.8704183,0.68865013,0.004099291795769469,0.012832600115457938,0.0779748468236053,0.059834455667789,LHb,SLC38A9,True
Foxn3,2.861906,0.48279828,0.004211016045963907,0.013134050239773657,0.1672363753627862,0.15635521885521886,LHb,FOXN3,True
Ldlr,2.8560467,1.1937724,0.0042895220026680616,0.013363447302225714,0.03798774588842309,0.01893939393939394,LHb,LDLR,True
Flrt1,2.8346329,1.5954151,0.004587836956408813,0.014216142293086695,0.02799097065462754,0.008978675645342313,LHb,FLRT1,True
Slc30a3,2.8197103,3.660003,0.004806703857624105,0.014823343164360323,0.02057400838439213,0.0016835016835016834,LHb,SLC30A3,True
Il1rapl2,2.816922,0.3628179,0.004848631533195612,0.014935557998369646,0.1617542728152209,0.14695566778900113,LHb,IL1RAPL2,True
Dennd6b,2.814391,0.70879775,0.0048869765684043,0.01503649343616883,0.09016446307642696,0.07351290684624018,LHb,DENND6B,True
Cdyl2,2.8099306,1.1049706,0.0049552192378161195,0.015223299367839645,0.049209932279909704,0.030934343434343436,LHb,CDYL2,True
Tmem164,2.7988193,0.76184684,0.0051289846168002615,0.01571534877377235,0.06610770719122863,0.04819023569023569,LHb,TMEM164,True
Lrrfip1,2.796698,0.6244788,0.00516277502744832,0.015797935313843468,0.11228635923895518,0.09708193041526375,LHb,LRRFIP1,True
Scarb2,2.7958755,0.7133579,0.00517593212828412,0.015832205403743502,0.08416639793614963,0.06705948372615039,LHb,SCARB2,True
Fnbp1,2.7899053,0.40933755,0.005272346270055736,0.016096678164996513,0.1705901322154144,0.15845959595959597,LHb,FNBP1,True
Gsg1l,2.7736778,3.3297334,0.005542652646413787,0.016842458492531093,0.021025475653015158,0.0024551066217732885,LHb,GSG1L,True
Serpine2,2.7624667,0.47784573,0.0057366427882228205,0.0173992494092451,0.09029345372460497,0.07246071829405162,LHb,SERPINE2,True
Astn1,2.7503774,0.3257111,0.005952665315690058,0.017966852301042488,0.26217349242179944,0.2641694725028058,LHb,ASTN1,True
Col4a1,2.7424974,1.1586105,0.00609739311020016,0.01837282666868249,0.038310222508868105,0.020061728395061727,LHb,COL4A1,True
Prokr2,2.7376697,1.5356337,0.006187618524695475,0.018630813409707615,0.033408577878103835,0.015221661054994388,LHb,PROKR2,True
Adarb1,2.7291057,0.596879,0.006350636538465161,0.019079039006254454,0.14317961947758787,0.13236531986531985,LHb,ADARB1,True
Lnx1,2.726986,0.9860299,0.0063915782779454585,0.01919134558117093,0.045727184779103515,0.02770763187429854,LHb,LNX1,True
Ghr,2.7222493,1.2207944,0.006483920825119585,0.01944695333697558,0.03663334408255402,0.018518518518518517,LHb,GHR,True
Asxl3,2.722019,0.7273042,0.006488440686396409,0.01945690176167258,0.0781038374717833,0.06130751964085297,LHb,ASXL3,True
D630045J12Rik,2.7204247,0.75495243,0.006519812915711089,0.019540110044770586,0.07371815543373106,0.05674803591470258,LHb,D630045J12RIK,True
Slc44a5,2.7182393,0.5991487,0.00656303351643851,0.019644164901627112,0.07500806191551113,0.057589786756453425,LHb,SLC44A5,True
Pgbd5,2.7164438,0.9518002,0.006598740262258419,0.019736431904961153,0.05888423089326024,0.04152637485970819,LHb,PGBD5,True
Lyst,2.700608,0.6685896,0.006921284943325711,0.02061347522708403,0.09106739761367301,0.07512626262626262,LHb,LYST,True
Fbn1,2.6961963,3.0751104,0.00701363122346871,0.020865456141181973,0.020316027088036117,0.002244668911335578,LHb,FBN1,True
Tshz3,2.6896088,1.243954,0.0071535819511150435,0.02125444306746617,0.03469848435988391,0.016764870931537598,LHb,TSHZ3,True
Actl6b,2.689273,1.0980659,0.00716077884551873,0.021271918792702564,0.054111576910673975,0.03689674523007856,LHb,ACTL6B,True
Syngr1,2.6804276,0.6117392,0.007352819434994001,0.021778402190263314,0.13692357304095454,0.12528058361391695,LHb,SYNGR1,True
Mical2,2.6753087,0.9501272,0.007466046183736097,0.02208546031856828,0.060948081264108354,0.044121773288439955,LHb,MICAL2,True
Adora1,2.6697314,1.5229135,0.007591193422108005,0.02242285493108053,0.028055465978716543,0.010171156004489338,LHb,ADORA1,True
Hpca,2.6458564,2.006957,0.008148441740969466,0.023946410821253834,0.02328281199613028,0.005541526374859708,LHb,HPCA,True
Klhl4,2.6363082,0.99381196,0.008381354285054819,0.024559493761007554,0.033860045146726865,0.016133557800224466,LHb,KLHL4,True
Slc23a2,2.6317494,0.6280429,0.008494650201495618,0.024859954226378076,0.09912931312479845,0.08403479236812571,LHb,SLC23A2,True
Adra1b,2.6272647,3.478672,0.008607434276594297,0.025171804271182926,0.019219606578523056,0.0016133557800224467,LHb,ADRA1B,True
Thsd4,2.6256042,0.7067516,0.008649533857584265,0.025285778085383244,0.06759109964527572,0.05085578002244669,LHb,THSD4,True
Wnt3,2.6250377,1.9731796,0.008663940104675234,0.025323316081156833,0.02328281199613028,0.005681818181818182,LHb,WNT3,True
Gnai1,2.6221414,0.60416335,0.008737920951809783,0.025530323590231798,0.07287971622057401,0.055836139169472505,LHb,GNAI1,True
Arhgap44,2.621152,0.5355404,0.008763319737287698,0.02559528652051797,0.12757175104804902,0.11433782267115601,LHb,ARHGAP44,True
Sipa1l3,2.6081417,0.85659283,0.009103527127284312,0.026498029743355,0.0672686230248307,0.051066217732884396,LHb,SIPA1L3,True
Kcnip2,2.5993,2.3933334,0.009341409608849249,0.02710265478441912,0.022444372782973235,0.005050505050505051,LHb,KCNIP2,True
Rgs11,2.5970175,1.4469246,0.009403713496069105,0.027249205625030058,0.030377297645920672,0.013047138047138047,LHb,RGS11,True
Zeb1,2.5920331,0.38430765,0.009541058435416791,0.027607624363661286,0.19529184134150274,0.18799102132435466,LHb,ZEB1,True
Cyld,2.591853,0.54427326,0.00954606009858981,0.027617156518456483,0.1252499193808449,0.11202300785634119,LHb,CYLD,True
Tspan9,2.5790594,1.3771251,0.009906977295021263,0.028605026373968032,0.028506933247339567,0.01122334455667789,LHb,TSPAN9,True
Nln,2.577698,1.0949397,0.009946090452814332,0.028692351181428898,0.04385682038052241,0.026936026936026935,LHb,NLN,True
Runx1t1,2.574002,0.46645895,0.010052968653975338,0.028959353157266447,0.14059980651402773,0.12829685746352412,LHb,RUNX1T1,True
Dlk2,2.5654325,1.9577097,0.010304726909363248,0.02963708352755166,0.025411157691067398,0.008277216610549944,LHb,DLK2,True
Spns2,2.5542853,2.0769463,0.01064060077507423,0.030510852249038413,0.022379877458884232,0.005260942760942761,LHb,SPNS2,True
B3gat2,2.552028,1.2760482,0.010709795645112147,0.030676632647368335,0.034440503063527896,0.017466329966329967,LHb,B3GAT2,True
Gigyf1,2.5457044,0.7908238,0.010905750395919931,0.031177184986568553,0.0618510158013544,0.04559483726150393,LHb,GIGYF1,True
Adamts2,2.5436609,2.026169,0.010969751412768933,0.031326929573011565,0.02231538213479523,0.005260942760942761,LHb,ADAMTS2,True
Baiap3,2.5427365,0.7552003,0.010998815760640665,0.03139330244015577,0.05546597871654305,0.03886083052749719,LHb,BAIAP3,True
Arntl,2.5398023,0.9432148,0.011091515348980917,0.03161883341025138,0.05320864237342793,0.036826599326599326,LHb,ARNTL,True
Cyth1,2.5332208,0.7456561,0.011301972613378565,0.03216210538729738,0.06997742663656885,0.05415263748597082,LHb,CYTH1,True
Kcna1,2.5311308,1.6461823,0.011369544567671057,0.03231459908312763,0.02618510158013544,0.009259259259259259,LHb,KCNA1,True
Ralgapa2,2.5213175,0.37655902,0.011691634871871592,0.03316594073176482,0.21212512092873267,0.20868406285072952,LHb,RALGAPA2,True
Arhgef3,2.5209365,1.3451482,0.011704297054204758,0.03319603802415605,0.029151886488229604,0.012275533108866442,LHb,ARHGEF3,True
Zdhhc22,2.5100143,1.4151365,0.012072629017436994,0.034180776187124694,0.03211867139632377,0.015432098765432098,LHb,ZDHHC22,True
Abcc8,2.5052164,1.5188202,0.01223765418459412,0.03461165526067667,0.027410512737826506,0.010662177328843996,LHb,ABCC8,True
Slc41a2,2.504957,0.9173535,0.012246629868463709,0.034630985685734354,0.05591744598516608,0.039913019079685745,LHb,SLC41A2,True
Specc1,2.496735,0.47122556,0.012534251318535009,0.03537011777343052,0.1547887778136085,0.1447811447811448,LHb,SPECC1,True
Gpc1,2.4929163,1.0446221,0.012669867225525424,0.03570920062256033,0.039535633666559176,0.023007856341189674,LHb,GPC1,True
Atp8b2,2.4807253,1.0104876,0.01311153870268644,0.03688974404521711,0.04385682038052241,0.027567340067340067,LHb,ATP8B2,True
Sptbn4,2.4800944,0.43745345,0.013134755264524118,0.036948637635422193,0.16852628184456628,0.16028338945005613,LHb,SPTBN4,True
Mrap2,2.474104,2.4158516,0.013357081567117998,0.037508818463217644,0.020638503708481134,0.004068462401795735,LHb,MRAP2,True
Ddah1,2.466654,0.90661204,0.013638203059488171,0.03823850485131239,0.06223798774588842,0.04671717171717172,LHb,DDAH1,True
Synj2,2.466511,1.4531686,0.013643656123359068,0.038247164262622695,0.02566913898742341,0.009118967452300786,LHb,SYNJ2,True
P4ha2,2.4640455,2.666934,0.013737869805796,0.03847155795870782,0.019735569171235087,0.0032267115600448934,LHb,P4HA2,True
Sulf1,2.4589171,2.1036377,0.013935674497505482,0.0389981894458739,0.021799419542083198,0.005331088664421998,LHb,SULF1,True
Daam1,2.453991,0.5257118,0.014128054433105422,0.03947508731309038,0.11318929377620122,0.09974747474747475,LHb,DAAM1,True
Tmem106c,2.4454226,1.2672988,0.014468243464207468,0.04032815376194582,0.026249596904224445,0.009820426487093154,LHb,TMEM106C,True
Pkp2,2.4454222,1.7293849,0.014468270558304271,0.04032815376194582,0.025733634311512415,0.009399551066217733,LHb,PKP2,True
Camkk1,2.4424117,1.5914953,0.014589501655701869,0.040631058760498925,0.027926475330538537,0.011644219977553312,LHb,CAMKK1,True
Pfkm,2.437378,0.7684194,0.01479420750175161,0.04112326969253003,0.06397936149629152,0.04847081930415264,LHb,PFKM,True
Lrrtm2,2.4270709,1.029537,0.015221281303712572,0.042116478385374675,0.050435343437600776,0.03479236812570146,LHb,LRRTM2,True
Tnrc6c,2.421139,0.27043936,0.015471956443045104,0.0427354671219697,0.27778136085133825,0.2829685746352413,LHb,TNRC6C,True
Ppfibp1,2.413525,1.5348469,0.015799039341404933,0.043527416342569375,0.024056755885198323,0.007856341189674524,LHb,PPFIBP1,True
Scn9a,2.4037704,0.40137044,0.01622695949142795,0.04460759173586796,0.1252499193808449,0.11174242424242424,LHb,SCN9A,True
Mboat2,2.4030702,0.6474694,0.016258067918521794,0.044677921947347946,0.07371815543373106,0.058712121212121215,LHb,MBOAT2,True
Wsb1,2.3978333,0.40539253,0.016492372140008746,0.04528333379131582,0.15356336665591744,0.14295735129068463,LHb,WSB1,True
Msrb3,2.3934243,1.6204157,0.016691929244698603,0.04578462871510936,0.026830054821025476,0.010872615039281707,LHb,MSRB3,True
Hdac7,2.3896546,0.79330677,0.016864219523804846,0.04624152412231622,0.053724604966139955,0.03822951739618406,LHb,HDAC7,True
Ccnd2,2.388758,1.465446,0.01690543781441065,0.04633098214979536,0.025411157691067398,0.009399551066217733,LHb,CCND2,True
Macrod1,2.3833299,1.0393931,0.017156812505003262,0.046964197371539645,0.0381812318606901,0.022376543209876542,LHb,MACROD1,True
Itgb8,2.3786933,0.77583313,0.017374125588732567,0.04747068942529548,0.04127700741696227,0.025392817059483725,LHb,ITGB8,True
Ergic1,2.3776824,0.7033208,0.017421825804800038,0.047584942990989636,0.07907126733311835,0.06474466891133558,LHb,ERGIC1,True
Myo18a,2.3765316,0.59601104,0.017476261554461293,0.04770945664867703,0.08294098677845856,0.06846240179573512,LHb,MYO18A,True
Gpc3,2.3740215,2.1052864,0.01759552202030315,0.04800262585231969,0.02108997097710416,0.005190796857463524,LHb,GPC3,True
Usp46,2.3725622,0.8369144,0.017665185450496574,0.04816018450392417,0.051209287326668816,0.035704264870931535,LHb,USP46,True
Lrrk2,2.3707368,1.0747,0.01775266134711968,0.0483660598432981,0.034440503063527896,0.01865881032547699,LHb,LRRK2,True
Zbtb7c,2.3649693,2.5523777,0.018031569260972026,0.049059530331505,0.019348597226701063,0.0035072951739618407,LHb,ZBTB7C,True
Ttc14,2.364129,0.26769522,0.018072510874294463,0.049154676877705215,0.2709448564979039,0.2732884399551066,LHb,TTC14,True
Gm3510,2.3606973,3.5700197,0.018240612767393367,0.04956188669789815,0.017220251531763948,0.0014029180695847362,LHb,GM3510,True
Kcna4,2.3588483,1.3226482,0.01833174629831137,0.04977606116756529,0.03173169945178975,0.01606341189674523,LHb,KCNA4,True
Kcnma1,85.739716,2.3602426,0.0,0.0,0.9205948372615039,0.7398903579490487,MHb,KCNMA1,True
Nwd2,82.27608,2.7982123,0.0,0.0,0.8451178451178452,0.48842308932602385,MHb,NWD2,True
Kcnip1,59.860878,2.8210135,0.0,0.0,0.5446829405162739,0.1781360851338278,MHb,KCNIP1,True
Trpm3,58.524784,1.9756263,0.0,0.0,0.8289141414141414,0.6111576910673976,MHb,TRPM3,True
Syt9,58.49667,2.4954484,0.0,0.0,0.5777216610549943,0.23044179297000966,MHb,SYT9,True
Kctd8,57.57034,2.2071083,0.0,0.0,0.6691919191919192,0.3599484037407288,MHb,KCTD8,True
Cadps2,56.695614,2.5002348,0.0,0.0,0.5537317620650954,0.20438568203805224,MHb,CADPS2,True
Asic2,56.258724,2.3069625,0.0,0.0,0.6415544332210998,0.35511125443405356,MHb,ASIC2,True
Rgs6,55.683876,2.4293501,0.0,0.0,0.5682519640852974,0.23966462431473717,MHb,RGS6,True
Scube1,55.055534,2.5980575,0.0,0.0,0.5162037037037037,0.1667849080941632,MHb,SCUBE1,True
Kcnd2,51.647476,1.6132587,0.0,0.0,0.8284231200897868,0.6811351177039665,MHb,KCND2,True
Gfra1,51.219944,2.496635,0.0,0.0,0.48751402918069586,0.15878748790712674,MHb,GFRA1,True
Vav3,46.77606,1.7625331,0.0,0.0,0.6049382716049383,0.3576910673976137,MHb,VAV3,True
Dach1,45.423462,2.0906246,0.0,0.0,0.48428731762065097,0.1925185424056756,MHb,DACH1,True
Ano1,45.105537,3.0258408,0.0,0.0,0.36882716049382713,0.06681715575620767,MHb,ANO1,True
Cpne4,44.565132,1.6844472,0.0,0.0,0.5984147025813692,0.35885198323121575,MHb,CPNE4,True
Pde1a,41.52871,1.8675799,0.0,0.0,0.4744668911335578,0.20206385037084812,MHb,PDE1A,True
Car10,40.92281,1.5214952,0.0,0.0,0.5938552188552189,0.3749758142534666,MHb,CAR10,True
Syne1,40.819557,1.3239102,0.0,0.0,0.66084455667789,0.49242179941954206,MHb,SYNE1,True
Gabbr2,40.17286,1.4083724,0.0,0.0,0.5978535353535354,0.4033537568526282,MHb,GABBR2,True
Robo3,39.641224,2.3825376,0.0,0.0,0.36153198653198654,0.09506610770719123,MHb,ROBO3,True
Opcml,39.241985,1.305338,0.0,0.0,0.7046156004489338,0.5394388906804257,MHb,OPCML,True
Pld5,38.689877,2.141062,0.0,0.0,0.38741582491582494,0.13337633021605932,MHb,PLD5,True
Msi2,38.588123,1.2419404,0.0,0.0,0.7059483726150393,0.5037729764592067,MHb,MSI2,True
St6galnac5,38.335243,1.6147485,0.0,0.0,0.49537037037037035,0.26023863269912934,MHb,ST6GALNAC5,True
Cntnap2,38.185184,1.0445715,0.0,0.0,0.8686868686868687,0.7934859722670107,MHb,CNTNAP2,True
Necab3,37.555183,2.1751478,1.1594297175601703e-308,4.3613431817525007e-306,0.36503928170594835,0.11505965817478232,MHb,NECAB3,True
Cdk14,37.526543,1.3413466,3.400464468437062e-308,1.2500571085674883e-305,0.5735129068462402,0.381296356014189,MHb,CDK14,True
Cacna1e,37.321793,1.2783952,7.273745352189896e-305,2.5576702406885123e-302,0.6206509539842873,0.42831344727507253,MHb,CACNA1E,True
Pbx1,37.257217,1.2460871,8.096206890964765e-304,2.7863009885394698e-301,0.6340488215488216,0.4560464366333441,MHb,PBX1,True
Pcp4,37.197056,1.2968467,7.614589524415483e-303,2.5659580324462595e-300,0.6353815937149271,0.4603676233473073,MHb,PCP4,True
Nrp2,36.42244,1.6297355,1.8792191294540437e-290,6.203340697738604e-288,0.4483726150392817,0.20599806514027733,MHb,NRP2,True
Tac2,36.234844,1.7679541,1.721843760470383e-287,5.4609456520800874e-285,0.42445286195286197,0.19593679458239277,MHb,TAC2,True
Sema3e,36.012547,2.0827339,5.322659736092889e-284,1.6556542544481247e-281,0.3541666666666667,0.11157691067397614,MHb,SEMA3E,True
Enox2,35.964325,2.1014123,3.0226137555111313e-283,9.224674999130669e-281,0.3568322109988777,0.11873589164785553,MHb,ENOX2,True
Etv1,35.58522,1.7040062,2.3718249360402833e-277,6.975321516445742e-275,0.4187710437710438,0.18439213157046114,MHb,ETV1,True
Tspan18,35.326027,2.7740338,2.3406995270343317e-273,6.760859794603628e-271,0.2946127946127946,0.057787810383747175,MHb,TSPAN18,True
Apba1,35.300068,1.3472887,5.857991941934477e-273,1.6623336782594767e-270,0.5398428731762065,0.3374395356336666,MHb,APBA1,True
Syt6,35.075195,2.0792987,1.6107097445968332e-269,4.415801715059962e-267,0.34420594837261503,0.10970654627539503,MHb,SYT6,True
Cnnm2,34.724415,1.7628806,3.373574351492439e-264,9.0945941892317e-262,0.39281705948372614,0.1656239922605611,MHb,CNNM2,True
Robo1,34.65783,1.0696925,3.4048840691876264e-263,9.028524560509812e-261,0.7516133557800224,0.6285069332473395,MHb,ROBO1,True
Necab2,34.288475,1.4883722,1.165565400430803e-257,2.992542913010832e-255,0.45265151515151514,0.2276039987100935,MHb,NECAB2,True
Lcorl,34.156734,1.46091,1.0621867022088474e-255,2.6845109231606416e-253,0.46562850729517397,0.24766204450177362,MHb,LCORL,True
Synpr,33.77219,1.8626246,5.05061002208413e-250,1.2377820773819819e-247,0.37282547699214363,0.15885198323121574,MHb,SYNPR,True
Gm5741,33.664318,1.8714747,1.924818903427554e-248,4.646857576558311e-246,0.36574074074074076,0.1527894227668494,MHb,GM5741,True
Pbx3,33.19847,1.6660132,1.1327238231697971e-241,2.617401119967353e-239,0.3818742985409652,0.15691712350854564,MHb,PBX3,True
Dpp6,33.153294,1.0035626,5.076978729504723e-241,1.1566215626723789e-238,0.6917789001122334,0.5712995807803934,MHb,DPP6,True
Cpne9,32.634693,2.137138,1.3212365499349947e-233,2.92753441030117e-231,0.312219416386083,0.09461464043856821,MHb,CPNE9,True
Mcc,32.374786,2.0214014,6.215365547383101e-230,1.3404471697189555e-227,0.3155162738496072,0.0964205095130603,MHb,MCC,True
Sox6,32.293365,2.2404122,8.668148174051288e-229,1.8208739833153193e-226,0.2902637485970819,0.07004192196065785,MHb,SOX6,True
Rbms3,32.282864,1.1665789,1.2170719691382859e-228,2.5238639872835607e-226,0.5836840628507295,0.399742018703644,MHb,RBMS3,True
Ccdc141,32.16807,2.1466162,4.936823062900364e-227,1.0107988992710556e-224,0.2976290684624018,0.07855530474040633,MHb,CCDC141,True
Prkcq,32.003468,2.0999882,9.757554138936602e-225,1.948499237003698e-222,0.30730920314253646,0.09158336020638504,MHb,PRKCQ,True
Rapgef4,31.36206,1.4902474,6.663058824267898e-216,1.2984936925606417e-213,0.4150533108866442,0.2273460174137375,MHb,RAPGEF4,True
Stxbp5l,31.306568,1.2434632,3.7982448941780295e-215,7.313882281348765e-213,0.5187289562289562,0.3517574975814253,MHb,STXBP5L,True
Ptprr,30.898136,1.6391588,1.265344493609838e-209,2.3798775795510614e-207,0.3571127946127946,0.15227346017413737,MHb,PTPRR,True
Plcl1,30.725973,1.2725041,2.561064010704423e-207,4.70741026967546e-205,0.4777637485970819,0.2858432763624637,MHb,PLCL1,True
Sox5,30.046442,1.6285725,2.4298944622217374e-198,4.2261874114447957e-196,0.34602974186307517,0.14492099322799096,MHb,SOX5,True
Lrrc3b,30.012365,1.9671696,6.768690010525299e-198,1.164718733194114e-195,0.3009960718294052,0.1017091260883586,MHb,LRRC3B,True
Tspan13,29.74691,1.2301154,1.9013369087500343e-194,3.203554635315813e-192,0.4718013468013468,0.28068365043534343,MHb,TSPAN13,True
Ano3,29.479961,1.7348119,5.201942545868425e-191,8.67437326591977e-189,0.32246071829405165,0.12479845211222186,MHb,ANO3,True
Zic1,29.30539,1.2077565,8.85442478964471e-189,1.4614318466581956e-186,0.4586139169472503,0.26146404385682037,MHb,ZIC1,True
Ebf1,28.745134,1.5204468,1.0418897178446503e-181,1.6685709095185365e-179,0.3454685746352413,0.15040309577555627,MHb,EBF1,True
Ap3s1,28.627848,1.4858708,3.025512614894618e-180,4.7512297617398485e-178,0.3515011223344557,0.15852950661077073,MHb,AP3S1,True
Lrrc55,28.5606,1.5209051,2.074559651633941e-179,3.2265386889595186e-177,0.3453984287317621,0.14988713318284425,MHb,LRRC55,True
Plch2,28.446356,2.068916,5.406029521692742e-178,8.327859763179057e-176,0.2662738496071829,0.07300870686875202,MHb,PLCH2,True
Mpp6,27.965652,1.4471221,4.253359902517052e-172,6.370194113260492e-170,0.3538860830527497,0.16613995485327313,MHb,MPP6,True
Thsd7a,27.889141,1.0237931,3.613478254769825e-171,5.313455524627447e-169,0.5582912457912458,0.38652047726539823,MHb,THSD7A,True
Alcam,27.83406,1.1661499,1.679764603560142e-170,2.4477650867193963e-168,0.44030583613916946,0.24675910996452757,MHb,ALCAM,True
Gdpd5,27.66946,2.0297384,1.6280216145689252e-168,2.3511830013975325e-166,0.26262626262626265,0.07591099645275717,MHb,GDPD5,True
Grip1,27.614803,1.0472779,7.390378725782224e-168,1.0485910165748024e-165,0.5195005611672279,0.3618832634633989,MHb,GRIP1,True
Cacnb3,26.967916,1.4507351,3.516809476439646e-160,4.861913955676178e-158,0.3343855218855219,0.15188648822960335,MHb,CACNB3,True
Aifm3,26.712725,1.538262,3.349063268079592e-157,4.476950277784082e-155,0.3016273849607183,0.11918735891647855,MHb,AIFM3,True
Tfrc,26.54146,1.4641148,3.222662149014971e-155,4.203754859702997e-153,0.31635802469135804,0.13421476942921637,MHb,TFRC,True
Mtus2,25.868824,1.4006406,1.4942943329674225e-147,1.9031662075392174e-145,0.32631874298540964,0.15401483392454046,MHb,MTUS2,True
Slit2,25.713474,1.1046046,8.262674407182231e-146,1.0280673733551738e-143,0.43764029180695846,0.27171880038697194,MHb,SLIT2,True
Ppia,25.674028,0.88631797,2.2800850814634364e-145,2.8152958925703115e-143,0.5528900112233446,0.4291518864882296,MHb,PPIA,True
Prkar2a,25.644152,1.6405475,4.9132836312779046e-145,5.975365619242114e-143,0.2845117845117845,0.11177039664624315,MHb,PRKAR2A,True
Pacrg,25.636984,1.5226665,5.9063020646904275e-145,7.1294355146543025e-143,0.2927188552188552,0.1180909384069655,MHb,PACRG,True
Tex15,25.5911,2.5321045,1.9164438604307785e-144,2.296183662405025e-142,0.21064814814814814,0.03727829732344405,MHb,TEX15,True
Chrna3,25.481398,2.1162086,3.1695237172637677e-143,3.742120155236602e-141,0.22818462401795736,0.05385359561431796,MHb,CHRNA3,True
Epha6,25.064741,1.0217608,1.2059774064072899e-138,1.413527865843327e-136,0.4757295173961841,0.3138342470170913,MHb,EPHA6,True
Nfat5,24.936262,1.1465992,3.009703276826331e-137,3.5022985973140937e-135,0.37492985409652074,0.20812641083521444,MHb,NFAT5,True
Rap1gap,24.911459,1.2657146,5.590319648254822e-137,6.458815736465839e-135,0.34097923681257014,0.17194453402128346,MHb,RAP1GAP,True
Nr4a2,24.895548,1.4636018,8.313980622563336e-137,9.537491955316452e-135,0.29903198653198654,0.13028055465978716,MHb,NR4A2,True
Nkain3,24.756065,1.3423879,2.667441989381691e-135,3.0171939984789407e-133,0.32007575757575757,0.15162850693324734,MHb,NKAIN3,True
Slc5a7,24.693506,2.2060406,1.2558267515137187e-134,1.410624840676e-132,0.21640011223344557,0.048049016446307644,MHb,SLC5A7,True
Klhl1,24.67402,1.295072,2.0330991165213264e-134,2.2679571179125832e-132,0.31334175084175087,0.14156723637536278,MHb,KLHL1,True
Cox8a,24.563948,0.8666711,3.0689792287886983e-133,3.4000506181956987e-131,0.5246212121212122,0.39761367300870687,MHb,COX8A,True
Hhip,24.405184,2.0749862,1.5066383298489484e-131,1.6578146248507986e-129,0.2185746352413019,0.05172524991938084,MHb,HHIP,True
Ryr2,24.36891,0.9914339,3.654655506659536e-131,3.967386095316644e-129,0.44219977553310885,0.2745565946468881,MHb,RYR2,True
Pam,24.22954,0.8265578,1.0866438398564819e-129,1.171764273978573e-127,0.605148709315376,0.4517897452434699,MHb,PAM,True
Tesc,24.210371,1.6069965,1.730057379609961e-129,1.8532237162378223e-127,0.27174523007856344,0.11067397613673009,MHb,TESC,True
Map1b,24.066729,0.709498,5.578034026188683e-128,5.8970392401047026e-126,0.6508838383838383,0.5381489841986457,MHb,MAP1B,True
Vav2,23.90673,1.9040898,2.6068992445707957e-126,2.720425501995653e-124,0.22474747474747475,0.0618510158013544,MHb,VAV2,True
Ubb,23.821331,0.80879754,2.0079548240064647e-125,2.068705049573539e-123,0.5735830527497194,0.46178652047726537,MHb,UBB,True
Prkd1,23.712538,1.1964191,2.677197031187654e-124,2.740738099965842e-122,0.3194444444444444,0.15253144147049338,MHb,PRKD1,True
Vat1l,23.649591,1.3201481,1.1917718962719489e-123,1.2123843032829418e-121,0.29797979797979796,0.1360206385037085,MHb,VAT1L,True
Cdc14a,23.543062,2.4788296,1.478545263175043e-122,1.4854328963885912e-120,0.1941638608305275,0.03489197033215092,MHb,CDC14A,True
Ndufa4,23.285364,0.983045,6.23805508387547e-120,6.115184301920347e-118,0.43280022446689115,0.3015801354401806,MHb,NDUFA4,True
Nlk,23.212263,1.0995165,3.423765993157735e-119,3.316132631097387e-117,0.3549382716049383,0.19787165430506287,MHb,NLK,True
Clec18a,23.073273,2.854849,8.591117362156664e-118,8.22256351082154e-116,0.1804152637485971,0.024637213801999354,MHb,CLEC18A,True
Zfand5,22.868225,1.2075775,9.626838208132602e-116,9.15965341273793e-114,0.32730078563411896,0.17594324411480167,MHb,ZFAND5,True
Zfp608,22.847988,1.141154,1.530237091491019e-115,1.447461108471768e-113,0.3245650953984287,0.1670428893905192,MHb,ZFP608,True
Tmem56,22.820192,1.3455936,2.890210970725434e-115,2.7179745611327845e-113,0.27125420875420875,0.11247984521122219,MHb,TMEM56,True
Gng8,22.746485,1.0762705,1.5546982974352183e-114,1.4452439632767045e-112,0.36973905723905726,0.22418574653337633,MHb,GNG8,True
B3gat1,22.468933,1.1690133,8.357560243037265e-112,7.724773538921587e-110,0.30176767676767674,0.14492099322799096,MHb,B3GAT1,True
Dpp10,22.429619,0.8163079,2.0236269231744566e-111,1.8597821296787975e-109,0.5709876543209876,0.43321509190583685,MHb,DPP10,True
Nkain2,22.328588,0.712702,1.9498651396469328e-110,1.7818682843948666e-108,0.7124719416386083,0.6280554659787165,MHb,NKAIN2,True
Rere,21.958368,0.86240536,7.203977095187918e-107,6.437808260478706e-105,0.4595959595959596,0.3231860690099968,MHb,RERE,True
Egfem1,21.918495,0.87272656,1.7308409069585914e-106,1.5298552825166786e-104,0.4718013468013468,0.33240890035472426,MHb,EGFEM1,True
Hsp90ab1,21.755302,0.6736546,6.154031317317544e-105,5.380619273384393e-103,0.5902076318742986,0.4883585940019349,MHb,HSP90AB1,True
Jakmip2,21.68163,0.98938185,3.058614757675643e-104,2.645619984246178e-102,0.372334455667789,0.2276039987100935,MHb,JAKMIP2,True
C530008M17Rik,21.611246,0.98915267,1.4079542248156348e-103,1.2049555336715816e-101,0.3635662177328844,0.2161883263463399,MHb,C530008M17RIK,True
Mgat4c,21.608692,0.76284724,1.488020507195667e-103,1.266775352836311e-101,0.6414842873176206,0.5052563689132538,MHb,MGAT4C,True
Snca,21.58249,1.3054926,2.623417052873877e-103,2.221663394253139e-101,0.277847923681257,0.13144147049338922,MHb,SNCA,True
Cacna1d,21.443422,0.9898494,5.259951293199563e-102,4.4082752418395307e-100,0.3626543209876543,0.21973556917123507,MHb,CACNA1D,True
Slc17a7,21.426651,1.3615878,7.541467983119948e-102,6.287796114792018e-100,0.24915824915824916,0.10016123831022251,MHb,SLC17A7,True
Cacna2d2,21.281939,1.0396438,1.6689422066162432e-100,1.3565397081415947e-98,0.3269500561167228,0.17716865527249273,MHb,CACNA2D2,True
Frmpd4,21.260067,0.82150096,2.660349037139109e-100,2.1515572837862545e-98,0.5119248035914703,0.38342470170912607,MHb,FRMPD4,True
Nfib,21.238049,1.1845165,4.2518407899123177e-100,3.421568396857301e-98,0.2821969696969697,0.13363431151241534,MHb,NFIB,True
Nrgn,21.168743,1.3487716,1.854357210129039e-99,1.4848627660315446e-97,0.27448092031425364,0.13653660109642052,MHb,NRGN,True
Ctnnbip1,21.109434,1.404125,6.514704881993228e-99,5.190904013115293e-97,0.2551206509539843,0.11389874234118026,MHb,CTNNBIP1,True
Tcf7l2,21.029661,0.842986,3.511481542686068e-98,2.770644583070593e-96,0.44753086419753085,0.29338922928087713,MHb,TCF7L2,True
Pcsk2,20.98404,0.7489872,9.175921750132442e-98,7.204880306232633e-96,0.5460157126823794,0.4113511770396646,MHb,PCSK2,True
Gabbr1,20.955393,0.6923542,1.6754105964092702e-97,1.3091674587884032e-95,0.6379068462401796,0.5048693969687198,MHb,GABBR1,True
Nek7,20.850857,1.0720031,1.4971752754976382e-96,1.1586990469461388e-94,0.29741863075196406,0.15033860045146727,MHb,NEK7,True
Hspa8,20.746586,0.7369242,1.3161100472674039e-95,1.0089137447654151e-93,0.5069444444444444,0.3925830377297646,MHb,HSPA8,True
Shroom3,20.640863,2.1651304,1.1793772582692761e-94,8.998314694578085e-93,0.17964365881032548,0.03966462431473718,MHb,SHROOM3,True
Kif13a,20.37108,1.4241887,3.0194167015807804e-92,2.271584425491587e-90,0.2311307519640853,0.09222831344727507,MHb,KIF13A,True
Ror1,20.348297,1.9315194,4.80688575769627e-92,3.5996007930896836e-90,0.18665824915824916,0.04811351177039665,MHb,ROR1,True
Ptpdc1,20.237408,1.4938718,4.5866972251709886e-91,3.403203101703704e-89,0.21738215488215487,0.07849080941631732,MHb,PTPDC1,True
Osbpl3,20.057388,1.3224528,1.739880454164275e-89,1.2792075611866886e-87,0.2356902356902357,0.09777491131892938,MHb,OSBPL3,True
Chchd2,20.041807,0.7684904,2.37966073086821e-89,1.7416747656920044e-87,0.4483726150392817,0.33544018058690744,MHb,CHCHD2,True
Lmo3,20.039812,1.825506,2.4770344719960825e-89,1.8047762425466954e-87,0.19556677890011223,0.05985166075459529,MHb,LMO3,True
Chrnb4,20.033506,2.1596115,2.811480791044889e-89,2.039269138796012e-87,0.17003367003367004,0.033602063850370845,MHb,CHRNB4,True
Srrm3,19.984995,0.8743025,7.439564802515173e-89,5.348220474697019e-87,0.3700196408529742,0.23392454047081587,MHb,SRRM3,True
Tmtc2,19.963463,0.96142423,1.1449585075647505e-88,8.194559230026478e-87,0.3265993265993266,0.1890357949048694,MHb,TMTC2,True
Wls,19.906103,1.1004725,3.6027061014250804e-88,2.5671264841652277e-86,0.2711840628507295,0.13150596581747823,MHb,WLS,True
Chat,19.862267,3.1993542,8.632666797769562e-88,6.097527749079592e-86,0.14779741863075196,0.013866494679135763,MHb,CHAT,True
Anks1b,19.72173,0.64646184,1.4034558757493188e-86,9.784870168209151e-85,0.6218434343434344,0.5312479845211222,MHb,ANKS1B,True
Gapdh,19.626898,0.7846912,9.110919967687477e-86,6.297826088775425e-84,0.43125701459034793,0.32396001289906484,MHb,GAPDH,True
Kif2a,19.618546,1.0627186,1.0737986185317686e-85,7.390933044575046e-84,0.29152637485970817,0.15659464688810062,MHb,KIF2A,True
Pigk,19.462498,1.076616,2.28383014940899e-84,1.5586899859363044e-82,0.2837401795735129,0.14995162850693325,MHb,PIGK,True
Zdhhc18,19.338758,1.5894257,2.5350065963300385e-83,1.7084888206515989e-81,0.19732042648709316,0.06488229603353757,MHb,ZDHHC18,True
Cox7a2,19.286434,0.9303421,6.982754889373314e-83,4.686558520149931e-81,0.34820426487093153,0.22999032570138664,MHb,COX7A2,True
Zic4,19.268887,1.1873273,9.80225467885653e-83,6.551713612830759e-81,0.24579124579124578,0.11189938729442116,MHb,ZIC4,True
Tmem117,19.238976,0.8833179,1.7462813784923132e-82,1.1576271023407035e-80,0.3362794612794613,0.20251531763947114,MHb,TMEM117,True
Cplx1,19.167782,1.129166,6.877985768313826e-82,4.504106064877576e-80,0.2673961840628507,0.13473073202192842,MHb,CPLX1,True
Gm4876,19.159346,1.360496,8.088342852326994e-82,5.275360711144723e-80,0.2225729517396184,0.09184134150274105,MHb,GM4876,True
Erc2,19.110569,0.6309023,2.062051500725985e-81,1.3395053423390685e-79,0.6007996632996633,0.5060948081264108,MHb,ERC2,True
Tsc22d1,19.027466,0.8516421,1.010202663394968e-80,6.50997134677833e-79,0.35395622895622897,0.2218639148661722,MHb,TSC22D1,True
Col25a1,18.880056,0.9543324,1.664059519028937e-79,1.063879949418698e-77,0.34764309764309764,0.23140922283134474,MHb,COL25A1,True
Rasgef1b,18.836382,0.8329491,3.800728928902342e-79,2.4203460797242278e-77,0.34364478114478114,0.20883585940019347,MHb,RASGEF1B,True
Pard3b,18.743612,1.09233,2.182963656859157e-78,1.3792748886600338e-76,0.24782547699214366,0.1163495646565624,MHb,PARD3B,True
Slc35f3,18.728848,1.4067202,2.8808239852845646e-78,1.8131256016333786e-76,0.20798260381593714,0.07971622057400839,MHb,SLC35F3,True
Olfm3,18.458519,0.920339,4.4539150822595247e-76,2.7602328143888053e-74,0.3172699214365881,0.1909061593034505,MHb,OLFM3,True
Pdzd8,18.42022,1.2487234,9.043458102258557e-76,5.583127282596647e-74,0.23218294051627386,0.10615930345049984,MHb,PDZD8,True
Cox6c,18.329006,0.69069093,4.857000049194632e-75,2.987147368658676e-73,0.4605078563411897,0.35395033860045144,MHb,COX6C,True
Kif21a,18.183811,0.74431014,6.9342147325982795e-74,4.216576063901398e-72,0.4121773288439955,0.2875201547887778,MHb,KIF21A,True
Cables1,18.174118,1.5019562,8.27486617030078e-74,5.012957314779592e-72,0.19044612794612795,0.06630119316349564,MHb,CABLES1,True
Sh3gl2,18.079031,0.8036914,4.662060814387009e-73,2.8137624504742484e-71,0.36237373737373735,0.236439858110287,MHb,SH3GL2,True
Adam11,18.071531,1.2328101,5.3411013631217986e-73,3.211610206263758e-71,0.21366442199775534,0.08842308932602386,MHb,ADAM11,True
Uqcr11,17.98107,0.97175264,2.7415398151257326e-72,1.6363249634560416e-70,0.3026094276094276,0.1854240567558852,MHb,UQCR11,True
Ror2,17.95851,3.0067973,4.117143624730715e-72,2.4483381665448278e-70,0.13650392817059484,0.015543373105449855,MHb,ROR2,True
Hsp90aa1,17.928326,0.58967656,7.088112042752465e-72,4.199641475879894e-70,0.5418771043771043,0.4476620445017736,MHb,HSP90AA1,True
H3f3b,17.887857,0.7967834,1.466393589790116e-71,8.656538801042018e-70,0.3721240179573513,0.26326991293131247,MHb,H3F3B,True
Atp2b3,17.87142,1.1500978,1.969150984191528e-71,1.1582188061562897e-69,0.2236952861952862,0.09932279909706546,MHb,ATP2B3,True
Slc25a4,17.819908,0.74895144,4.95175960461335e-71,2.901982304515251e-69,0.4003226711560045,0.2946791357626572,MHb,SLC25A4,True
Cdh8,17.73887,0.6712105,2.1011562019536883e-70,1.2269386847148342e-68,0.4956509539842873,0.3856175427281522,MHb,CDH8,True
Hs6st2,17.737045,0.8398666,2.1705218361307982e-70,1.2628845575329374e-68,0.3014870931537598,0.17355691712350854,MHb,HS6ST2,True
Cep112,17.673065,0.70147955,6.762104022941445e-70,3.892421087938714e-68,0.3883978675645342,0.25804579168010316,MHb,CEP112,True
Mdh1,17.649353,0.7876764,1.0292932905976664e-69,5.90383651610541e-68,0.37107182940516276,0.2637213801999355,MHb,MDH1,True
Ank1,17.60281,1.1295656,2.3440116450869737e-69,1.3397310374304523e-67,0.2328843995510662,0.11209287326668817,MHb,ANK1,True
Pou4f1,17.58999,1.111028,2.9392979741721823e-69,1.6740543919801077e-67,0.22909652076318743,0.10615930345049984,MHb,POU4F1,True
Casz1,17.581367,1.6008397,3.4222049068395814e-69,1.9422513813379027e-67,0.17354096520763188,0.05340212834569494,MHb,CASZ1,True
Xkr6,17.552048,0.80656505,5.737433913353214e-69,3.233553782177291e-67,0.32112794612794615,0.19690422444372782,MHb,XKR6,True
Tacr1,17.486969,1.409855,1.8008288464651467e-68,1.0079033422689877e-66,0.18651795735129068,0.06617220251531764,MHb,TACR1,True
Cox6b1,17.322176,0.8611912,3.200208745991503e-67,1.7666681387854116e-65,0.32596801346801346,0.21373750403095776,MHb,COX6B1,True
Cox4i1,17.285393,0.5458219,6.060670085731092e-67,3.3230962249728956e-65,0.5561868686868687,0.4698484359883908,MHb,COX4I1,True
Chd7,17.269907,1.3919986,7.926877674110769e-67,4.3316637290115435e-65,0.18588664421997755,0.0672686230248307,MHb,CHD7,True
Chst2,17.157454,1.2248317,5.528517701590406e-66,3.0007977793028465e-64,0.2111391694725028,0.09255079006772009,MHb,CHST2,True
Adcy8,17.1508,0.78490645,6.199271825563413e-66,3.353619457474522e-64,0.3247053872053872,0.2037407287971622,MHb,ADCY8,True
Aldoa,17.089556,0.7582176,1.7752131339175226e-65,9.539558950536853e-64,0.37149270482603813,0.2672041277007417,MHb,ALDOA,True
Rpl38,17.085197,0.5730176,1.9129728011260123e-65,1.0245806310666638e-63,0.5669191919191919,0.46455981941309255,MHb,RPL38,True
Uqcrq,17.074509,0.9172503,2.2974886860619455e-65,1.226464669869702e-63,0.30134680134680136,0.1909706546275395,MHb,UQCRQ,True
A330102I10Rik,17.047485,1.2260689,3.6490194455752036e-65,1.941542418821675e-63,0.20230078563411896,0.08481135117703967,MHb,A330102I10RIK,True
Scn3a,16.951265,0.7073834,1.883550028244631e-64,9.988990723559642e-63,0.37008978675645343,0.24869396968719767,MHb,SCN3A,True
Cox7c,16.879982,0.6746171,6.316339865177079e-64,3.3387842261189297e-62,0.42269921436588104,0.32396001289906484,MHb,COX7C,True
Samd4,16.863682,1.0415303,8.323868017691013e-64,4.385621015835574e-62,0.22881593714927048,0.11131892937762013,MHb,SAMD4,True
Tnks,16.861292,0.887216,8.66738435488948e-64,4.551783829231732e-62,0.2764450056116723,0.1582715253144147,MHb,TNKS,True
Galntl6,16.79627,0.6382638,2.598810857107581e-63,1.3516323348461453e-61,0.5312850729517397,0.40651402773298934,MHb,GALNTL6,True
Taok1,16.763573,0.78067976,4.5070109649851527e-63,2.3365673832895783e-61,0.31130751964085296,0.19116414059980652,MHb,TAOK1,True
Pcca,16.752384,0.77282244,5.440125640056115e-63,2.8113109337989667e-61,0.3167087542087542,0.19896807481457596,MHb,PCCA,True
Ddhd1,16.749678,0.8362504,5.693425770031585e-63,2.9328395487344234e-61,0.2743406285072952,0.15524024508223153,MHb,DDHD1,True
Rpl41,16.736536,0.5452538,7.100079817933767e-63,3.6342971852873004e-61,0.5700757575757576,0.46997742663656883,MHb,RPL41,True
Dok6,16.702028,0.67472446,1.2668539780045728e-62,6.464152395654247e-61,0.39863916947250283,0.2817800709448565,MHb,DOK6,True
Enox1,16.546211,0.73185927,1.70501364460032e-61,8.645327806084694e-60,0.35774410774410775,0.2454047081586585,MHb,ENOX1,True
Uqcrh,16.42234,0.7097965,1.323623873231404e-60,6.669662351874754e-59,0.37906846240179576,0.2750725572396001,MHb,UQCRH,True
Mvb12b,16.407078,1.0750659,1.702034012916071e-60,8.549813713949519e-59,0.21275252525252525,0.09880683650435343,MHb,MVB12B,True
Atp5g3,16.403866,0.88363105,1.794447005739837e-60,8.958388986988229e-59,0.2951038159371493,0.18793937439535632,MHb,ATP5G3,True
Sorcs2,16.330767,1.0384957,5.96293513433851e-60,2.9586035520836012e-58,0.2255892255892256,0.11293131247984521,MHb,SORCS2,True
Pip4k2a,16.285463,1.0434189,1.2517761437770712e-59,6.191889640854473e-58,0.21682098765432098,0.10338600451467268,MHb,PIP4K2A,True
Cd63,16.248564,0.9342732,2.286588508696085e-59,1.1276088148829016e-57,0.2647306397306397,0.15214446952595936,MHb,CD63,True
Sv2b,16.244005,0.7647342,2.463061716669844e-59,1.2109429564478642e-57,0.28324915824915825,0.16472105772331505,MHb,SV2B,True
Neurod1,16.204088,1.8430173,4.71835072738598e-59,2.298774789622537e-57,0.15004208754208753,0.040051596259271204,MHb,NEUROD1,True
Itga9,16.1923,2.4364624,5.715116595669297e-59,2.776036364412939e-57,0.13138327721661056,0.02199290551435021,MHb,ITGA9,True
Ldhb,16.175821,0.84671324,7.4694092462134435e-59,3.6172962442366004e-57,0.3068883277216611,0.2036762334730732,MHb,LDHB,True
Nrn1,16.16409,0.7670191,9.036417477430453e-59,4.363106050669778e-57,0.33129910213243546,0.2214769429216382,MHb,NRN1,True
Rit2,16.141792,0.66435254,1.2971729295140339e-58,6.244575040145683e-57,0.4003928170594837,0.2854563044179297,MHb,RIT2,True
Ddx5,16.061142,0.57915014,4.776819988794363e-58,2.285948618897894e-56,0.5044191919191919,0.3895517574975814,MHb,DDX5,True
Nedd4l,16.025692,0.66959244,8.454530034696196e-58,4.0339829885312974e-56,0.3793490460157127,0.26842953885843274,MHb,NEDD4L,True
Nrg3,16.003263,0.4083481,1.2124806211367227e-57,5.751282711696917e-56,0.8108164983164983,0.782199290551435,MHb,NRG3,True
Gnao1,15.994096,0.59908766,1.4048367005586504e-57,6.644220360098295e-56,0.48309483726150393,0.3667849080941632,MHb,GNAO1,True
Ccser1,15.955973,0.5252486,2.5890962159919423e-57,1.2174020724903972e-55,0.6078843995510662,0.5322799097065463,MHb,CCSER1,True
Gm12128,15.921967,2.3769205,4.461323272204789e-57,2.091649389214854e-55,0.13152356902356901,0.02418574653337633,MHb,GM12128,True
Zfp536,15.908974,1.074487,5.490616921897438e-57,2.56678406681188e-55,0.20279180695847362,0.09184134150274105,MHb,ZFP536,True
Tex2,15.867181,1.1180972,1.0693730098504435e-56,4.984757473870584e-55,0.19353254769921435,0.0833924540470816,MHb,TEX2,True
Ralyl,15.830703,0.5270375,1.9107521208669366e-56,8.881153895121465e-55,0.6177048260381593,0.5325378910029023,MHb,RALYL,True
Eif1,15.801882,0.618753,3.01966617365374e-56,1.399515769594534e-54,0.4262766554433221,0.3327958722992583,MHb,EIF1,True
Mtss1,15.796201,0.82315326,3.3043871625175083e-56,1.5227482152057178e-54,0.2601010101010101,0.14846823605288617,MHb,MTSS1,True
Nsa2,15.786461,0.92639154,3.856184469907075e-56,1.771982494339402e-54,0.21864478114478114,0.10699774266365689,MHb,NSA2,True
Zdhhc14,15.77206,0.91888875,4.8443651392477345e-56,2.2197622132388698e-54,0.24186307519640854,0.1327313769751693,MHb,ZDHHC14,True
Erbb4,15.733315,0.60245997,8.940452466931065e-56,4.073572356411549e-54,0.47853535353535354,0.3740083843921316,MHb,ERBB4,True
Bcl11a,15.715618,1.2336372,1.1822163022462306e-55,5.371446260908085e-54,0.17255892255892255,0.06339890357949049,MHb,BCL11A,True
Gria1,15.693423,0.5144501,1.6775838985131036e-55,7.579586468840629e-54,0.6249298540965208,0.5314414704933892,MHb,GRIA1,True
Hint1,15.661939,0.8349659,2.753738418052548e-55,1.237269969777777e-53,0.29931257014590346,0.1982586262495969,MHb,HINT1,True
A330008L17Rik,15.638129,0.77572083,4.003141440094295e-55,1.7886964860089838e-53,0.2875982042648709,0.17710415994840373,MHb,A330008L17RIK,True
Atp5e,15.603738,0.7521391,6.865378227114991e-55,3.059159581916942e-53,0.33129910213243546,0.23076426959045468,MHb,ATP5E,True
Sipa1l2,15.551707,1.3313031,1.5492067625710644e-54,6.884181149611803e-53,0.1755050505050505,0.06959045469203483,MHb,SIPA1L2,True
Chrnb3,15.5302,2.14379,2.167019676063209e-54,9.603162537074632e-53,0.13068181818181818,0.025411157691067398,MHb,CHRNB3,True
Lhx9,15.517746,0.8343203,2.6313365886870744e-54,1.1597239597278863e-52,0.2505611672278339,0.14079329248629474,MHb,LHX9,True
Impdh1,15.476865,1.5533295,4.9711725215153995e-54,2.1732085279867994e-52,0.15347923681257014,0.04785553047404063,MHb,IMPDH1,True
Atp5l,15.46456,0.7601449,6.0183659436617e-54,2.6239102193727223e-52,0.32631874298540964,0.2275395033860045,MHb,ATP5L,True
Ptma,15.453197,0.5675467,7.179265061310196e-54,3.1216293646960325e-52,0.4815516273849607,0.38400515962592713,MHb,PTMA,True
Atp2c1,15.394798,0.69429123,1.773762082057195e-53,7.67128387092918e-52,0.3138327721661055,0.20251531763947114,MHb,ATP2C1,True
Ndufb4,15.380065,0.98223895,2.227244308531075e-53,9.606847117464036e-52,0.24445847362514028,0.14298613350532086,MHb,NDUFB4,True
Atp5j,15.369559,0.75994587,2.619449772863628e-53,1.1268510658529038e-51,0.32189955106621776,0.22276684940341826,MHb,ATP5J,True
Rps8,15.33982,0.47242817,4.143431756506461e-53,1.7777190626390453e-51,0.6408529741863075,0.5549822637858756,MHb,RPS8,True
Ndufa7,15.323912,0.97304535,5.293409677605029e-53,2.265103215218554e-51,0.24838664421997755,0.14743631086746212,MHb,NDUFA7,True
Oaz1,15.302054,0.7344647,7.408060880410861e-53,3.1616196501489623e-51,0.33087822671156003,0.23218316672041278,MHb,OAZ1,True
Sh3bgrl2,15.274299,1.1189375,1.1344222147428162e-52,4.828757716701329e-51,0.1873597081930415,0.08158658497258948,MHb,SH3BGRL2,True
Nap1l1,15.2711115,0.77503794,1.1912589108841746e-52,5.057378709593576e-51,0.2967171717171717,0.19019671073847147,MHb,NAP1L1,True
Atp5h,15.248502,0.66175807,1.684549657555837e-52,7.132877149467451e-51,0.3706509539842873,0.27571751048049015,MHb,ATP5H,True
Atp6v1e1,15.225759,0.9779691,2.3857686372373694e-52,1.0075667808698289e-50,0.24403759820426488,0.1436955820702999,MHb,ATP6V1E1,True
Ndufa5,15.16081,0.8489201,6.4271676622714215e-52,2.7072770035739646e-50,0.2751122334455668,0.1727829732344405,MHb,NDUFA5,True
Pmepa1,15.120964,1.0512164,1.1780498020998566e-51,4.94933910362732e-50,0.19879349046015712,0.09345372460496613,MHb,PMEPA1,True
Nrg3os,15.114684,0.79157466,1.295913855670797e-51,5.430416221625685e-50,0.25848765432098764,0.15188648822960335,MHb,NRG3OS,True
Ndufa13,15.0689535,0.6734717,2.5918599425398376e-51,1.0804983136747906e-49,0.36195286195286197,0.26507578200580456,MHb,NDUFA13,True
Sema5a,15.044076,0.77966344,3.7757116735345065e-51,1.565952213318478e-49,0.27069304152637486,0.16310867462108997,MHb,SEMA5A,True
Scrn1,15.021554,0.9734721,5.304897333263578e-51,2.1945451244383215e-49,0.21485690235690236,0.11041599484037408,MHb,SCRN1,True
Tbl1x,15.020967,0.81156886,5.352182902742568e-51,2.2084581237719655e-49,0.244668911335578,0.1382134795227346,MHb,TBL1X,True
March4,15.002552,1.3259292,7.064957567324374e-51,2.9077783371875765e-49,0.1644219977553311,0.061722025153176395,MHb,MARCH4,True
Galnt13,14.88037,0.5242586,4.420477804943176e-50,1.8055865781554512e-48,0.5286195286195287,0.42799097065462754,MHb,GALNT13,True
Cox5a,14.80186,0.86050314,1.4248723062295014e-49,5.805367645657981e-48,0.26957070707070707,0.17349242179941954,MHb,COX5A,True
Fry,14.786473,0.60473007,1.7909487628546063e-49,7.260299809316606e-48,0.38895903479236815,0.28771364076104483,MHb,FRY,True
Gm12130,14.757642,2.7827108,2.747179914852054e-49,1.1108908780682994e-47,0.1154601571268238,0.016252821670428894,MHb,GM12130,True
Lef1,14.730693,1.0746324,4.094841350523972e-49,1.6517221657038713e-47,0.1663860830527497,0.06281844566268946,MHb,LEF1,True
Gnb1,14.706589,0.71499765,5.8482339176823695e-49,2.353114020361003e-47,0.3134820426487093,0.21296356014188972,MHb,GNB1,True
Mbnl2,14.690966,0.6158135,7.365684065763818e-49,2.9563260487277855e-47,0.3693181818181818,0.2641728474685585,MHb,MBNL2,True
Tmsb4x,14.687401,0.453294,7.763535077777172e-49,3.108296531758558e-47,0.5728114478114478,0.5042889390519187,MHb,TMSB4X,True
Macrod2,14.680815,0.46488222,8.555670637872273e-49,3.4169869769773833e-47,0.6522166105499438,0.5954208319896808,MHb,MACROD2,True
Chchd10,14.668666,0.74788356,1.0233760331594735e-48,4.077120033584848e-47,0.31067620650953987,0.2144469525959368,MHb,CHCHD10,True
Il1rap,14.666052,0.77419496,1.0635636205691298e-48,4.2164562653690377e-47,0.22797418630751964,0.1218316672041277,MHb,IL1RAP,True
Gmds,14.628322,0.7074062,1.8530239261827432e-48,7.310405367318506e-47,0.27637485970819303,0.17220251531763947,MHb,GMDS,True
Rbfox3,14.601113,0.7148174,2.7629435005737094e-48,1.084723570916984e-46,0.3005050505050505,0.19890357949048693,MHb,RBFOX3,True
Ndufc1,14.593028,0.8787539,3.110792369024357e-48,1.2183309096602656e-46,0.25680415263748596,0.15956143179619478,MHb,NDUFC1,True
Morf4l1,14.588354,0.6039154,3.331383948298475e-48,1.3015733179644404e-46,0.39485129068462405,0.29970977104159946,MHb,MORF4L1,True
Coro2b,14.507009,1.0103375,1.0938818459071579e-47,4.25325453306449e-46,0.19037598204264872,0.08964850048371494,MHb,CORO2B,True
Cox5b,14.500296,0.7308477,1.206297948944703e-47,4.67910535352052e-46,0.30941358024691357,0.21522089648500484,MHb,COX5B,True
Ppargc1b,14.437697,1.2150102,2.996882169091972e-47,1.1596786862455179e-45,0.16722783389450055,0.06823605288616576,MHb,PPARGC1B,True
Sema4d,14.362703,1.0076091,8.869923699565648e-47,3.391749783462751e-45,0.18455387205387205,0.08455336988068365,MHb,SEMA4D,True
Atp5g1,14.361062,0.8641405,9.082475748448727e-47,3.464835972432975e-45,0.2563131313131313,0.1616897774911319,MHb,ATP5G1,True
Lrrc4c,14.354853,0.50867647,9.933658673528242e-47,3.780633624572219e-45,0.6192480359147026,0.5262173492421799,MHb,LRRC4C,True
Cygb,14.343199,1.0968066,1.1751150199019293e-46,4.461851043876457e-45,0.19051627384960718,0.09177684617865205,MHb,CYGB,True
Rtn1,14.329903,0.44572115,1.4231921142815976e-46,5.391131720961321e-45,0.6480078563411896,0.5667849080941632,MHb,RTN1,True
Rpl6,14.324166,0.5690584,1.5457172984406609e-46,5.841583481840582e-45,0.42347081930415265,0.3289261528539181,MHb,RPL6,True
Kcnb1,14.285085,0.81380355,2.71078921895173e-46,1.0220749560966021e-44,0.22720258136924804,0.12576588197355693,MHb,KCNB1,True
Ywhae,14.272713,0.6149898,3.2373600142929687e-46,1.2177743774695061e-44,0.37570145903479235,0.2804256691389874,MHb,YWHAE,True
Pard3,14.254486,0.72940826,4.2038702485206835e-46,1.5776705631049202e-44,0.2673961840628507,0.1670428893905192,MHb,PARD3,True
Actb,14.24673,0.5200691,4.697682352604489e-46,1.7589123160504077e-44,0.49207351290684626,0.417994195420832,MHb,ACTB,True
Tom1l2,14.219895,0.67693824,6.895622197813009e-46,2.569969793770171e-44,0.2774971941638608,0.17536278619800064,MHb,TOM1L2,True
Vstm2b,14.212237,1.0033184,7.692801204619213e-46,2.8604841260854196e-44,0.188692480359147,0.08971299580780394,MHb,VSTM2B,True
Lix1,14.192749,1.5817441,1.0159687756471255e-45,3.760479392698457e-44,0.13895903479236812,0.04230893260238633,MHb,LIX1,True
Rps6ka3,14.175496,0.6600858,1.2992128130693721e-45,4.797892066529017e-44,0.2769360269360269,0.17439535633666559,MHb,RPS6KA3,True
Prkcb,14.174667,0.6103976,1.3146511978126111e-45,4.843845814264006e-44,0.3805415263748597,0.28848758465011287,MHb,PRKCB,True
Klf7,14.110493,0.77531415,3.2728541299191686e-45,1.2031458079873307e-43,0.23449775533108866,0.13479522734601743,MHb,KLF7,True
Cdh22,14.099165,1.1343788,3.842907074066621e-45,1.4095016309076553e-43,0.16526374859708193,0.06772009029345373,MHb,CDH22,True
Atpif1,14.058111,0.73749024,6.86950081193727e-45,2.502571523267688e-43,0.29257856341189675,0.19935504675910998,MHb,ATPIF1,True
Colgalt2,14.057271,1.8464382,6.951517966955559e-45,2.526759620573172e-43,0.12647306397306396,0.031215736859077716,MHb,COLGALT2,True
Nol4,14.052661,0.5842987,7.419348944747243e-45,2.6907616408360234e-43,0.3480639730639731,0.2435343437600774,MHb,NOL4,True
Grm3,14.043567,0.80852854,8.435837322437916e-45,3.0525652950879932e-43,0.22685185185185186,0.12821670428893905,MHb,GRM3,True
Unc13b,14.023813,0.9617942,1.1146122180856209e-44,4.0153346609209174e-43,0.19563692480359146,0.09861335053208642,MHb,UNC13B,True
Gabarapl2,14.014261,0.8168678,1.2751860309687656e-44,4.583585344648841e-43,0.2623456790123457,0.1689777491131893,MHb,GABARAPL2,True
Arid1b,14.003782,0.6985076,1.4779076539417543e-44,5.300478115855405e-43,0.2700617283950617,0.1707836181876814,MHb,ARID1B,True
Atp5k,13.947072,0.7662425,3.277865573999676e-44,1.1729972491027602e-42,0.2753226711560045,0.18058690744920994,MHb,ATP5K,True
Uqcr10,13.8961735,0.77939004,6.681892989580676e-44,2.3806083503627186e-42,0.27125420875420875,0.17852305707836183,MHb,UQCR10,True
Htr4,13.857224,0.9708519,1.1503654367590943e-43,4.089485920786451e-42,0.2018097643097643,0.10680425669138988,MHb,HTR4,True
Lbh,13.836237,1.1875908,1.5406262733612937e-43,5.464831134126957e-42,0.1606341189674523,0.06533376330216059,MHb,LBH,True
Rpl39,13.835571,0.53348243,1.5549589976967674e-43,5.503602141738559e-42,0.4384820426487093,0.34466301193163495,MHb,RPL39,True
Ubl3,13.827017,0.7418781,1.7513438924836785e-43,6.185150100638319e-42,0.25007014590347926,0.15188648822960335,MHb,UBL3,True
Clybl,13.805361,1.08825,2.365855380716313e-43,8.337191891739948e-42,0.1696127946127946,0.07429861335053209,MHb,CLYBL,True
Sulf2,13.791154,1.3177216,2.8811489613938335e-43,1.0130996619683751e-41,0.14429012345679013,0.04953240890035472,MHb,SULF2,True
Cox7b,13.782348,0.7515044,3.255108831428849e-43,1.142112480441684e-41,0.2808641975308642,0.19039019671073848,MHb,COX7B,True
Pex5l,13.759267,0.55395895,4.480471362762947e-43,1.568649876465166e-41,0.36251402918069586,0.26088358594001937,MHb,PEX5L,True
Lhfp,13.739652,0.95329446,5.875790888584213e-43,2.0527196030853056e-41,0.17831088664421998,0.08171557562076749,MHb,LHFP,True
Bex2,13.736926,0.74150157,6.101170870857639e-43,2.1268629059509118e-41,0.2890712682379349,0.1984521122218639,MHb,BEX2,True
Ndufab1,13.733227,0.8960286,6.420892337041282e-43,2.2335039473471556e-41,0.23232323232323232,0.14034182521767172,MHb,NDUFAB1,True
Ddx39b,13.7178,0.6617728,7.943911901949625e-43,2.7573556869964634e-41,0.2627665544332211,0.16272170267655595,MHb,DDX39B,True
Uqcrb,13.710806,0.8606052,8.748034762102364e-43,3.0299670723127567e-41,0.24221380471380471,0.15059658174782328,MHb,UQCRB,True
Edf1,13.658191,1.0377926,1.8041134233780673e-42,6.235370645970137e-41,0.19654882154882156,0.1038374717832957,MHb,EDF1,True
Hspe1,13.654799,0.83067685,1.8900808401096332e-42,6.518562385665953e-41,0.24621212121212122,0.15414382457271847,MHb,HSPE1,True
Zfand6,13.650921,0.8302626,1.9934342489463337e-42,6.860382761001479e-41,0.20868406285072952,0.11215736859077717,MHb,ZFAND6,True
Ebf4,13.634655,1.4518827,2.4916637024509353e-42,8.55682810767386e-41,0.1366442199775533,0.04353434376007739,MHb,EBF4,True
Magi3,13.62444,0.6629806,2.8660107277607516e-42,9.821551593544525e-41,0.2591189674523008,0.16072234762979684,MHb,MAGI3,True
Rab3a,13.600396,0.84203905,3.982720520232493e-42,1.3619556958723165e-40,0.24361672278338944,0.1525959367945824,MHb,RAB3A,True
Napb,13.585688,0.7478035,4.86935649680304e-42,1.6616422222740331e-40,0.24775533108866443,0.15149951628506933,MHb,NAPB,True
Rspo3,13.534812,1.0856164,9.743183796237338e-42,3.317810482192399e-40,0.16926206509539843,0.07558851983231216,MHb,RSPO3,True
Ubl5,13.532053,0.8189378,1.0115842706893684e-41,3.4374738610085154e-40,0.2429152637485971,0.14995162850693325,MHb,UBL5,True
Cox14,13.508764,1.1192961,1.3883253215859467e-41,4.707790791751087e-40,0.18258978675645343,0.09126088358594002,MHb,COX14,True
Fgf1,13.469087,1.1865547,2.377880007478708e-41,8.046487263800858e-40,0.15881032547699214,0.06623669783940664,MHb,FGF1,True
Ndufs6,13.432176,1.0079743,3.917329578966262e-41,1.320058457078735e-39,0.19837261503928172,0.1071912286359239,MHb,NDUFS6,True
Lrrn3,13.409225,0.965805,5.339363326977426e-41,1.791788419374686e-39,0.1737514029180696,0.08029667849080942,MHb,LRRN3,True
Rbfox2,13.40251,0.54844016,5.845273978910891e-41,1.9575011720265767e-39,0.3622334455667789,0.2630764269590455,MHb,RBFOX2,True
Ndufs5,13.382667,0.74817926,7.635795964793168e-41,2.5465773140315358e-39,0.2684483726150393,0.1782005804579168,MHb,NDUFS5,True
Cacng4,13.379406,0.9355089,7.978288574594405e-41,2.6553254669560596e-39,0.18055555555555555,0.0874556594646888,MHb,CACNG4,True
Ube2e3,13.3729515,0.84371495,8.701788046278456e-41,2.8901729291284192e-39,0.2139450056116723,0.12060625604643663,MHb,UBE2E3,True
Mt3,13.356919,0.51653993,1.0794036234918283e-40,3.577736395487771e-39,0.43469416386083054,0.34756530151564013,MHb,MT3,True
Trhde,13.3388195,1.1909828,1.3762151474319272e-40,4.5522045009634813e-39,0.15754769921436587,0.06604321186713963,MHb,TRHDE,True
Rpl37,13.33607,0.4431911,1.4279165636754403e-40,4.713581717846989e-39,0.5643237934904601,0.4807481457594324,MHb,RPL37,True
Atp5d,13.333691,0.79766595,1.4742030274512985e-40,4.856463130147608e-39,0.2532267115600449,0.16459206707513704,MHb,ATP5D,True
Homer2,13.295525,0.9238765,2.4574265351578865e-40,8.079039472800572e-39,0.18301066217732884,0.09035794904869397,MHb,HOMER2,True
Pbx4,13.292292,1.2214669,2.5659754730550157e-40,8.418793768086182e-39,0.1507435465768799,0.05972267010641728,MHb,PBX4,True
Atp5f1,13.283727,0.7630791,2.877106766975785e-40,9.420486225877191e-39,0.25939955106621776,0.17000967429861336,MHb,ATP5F1,True
Tmem266,13.2695465,1.6287458,3.47676634673368e-40,1.1360948617862076e-38,0.12717452300785634,0.03708481135117704,MHb,TMEM266,True
Tgfb2,13.251466,1.4452715,4.424756927713197e-40,1.4429524860032453e-38,0.13124298540965207,0.040632054176072234,MHb,TGFB2,True
Ttc39c,13.201327,1.0179782,8.62029560654035e-40,2.805498620438434e-38,0.16484287317620652,0.07326668816510803,MHb,TTC39C,True
Pde4d,13.184687,0.4523309,1.0749917915055714e-39,3.491564704337875e-38,0.6000982042648709,0.527636246372138,MHb,PDE4D,True
Pde2a,13.184254,2.248193,1.0811891983557096e-39,3.5046563694195596e-38,0.11005892255892256,0.02128345694937117,MHb,PDE2A,True
Fau,13.110418,0.44117448,2.87012668936033e-39,9.284859840080668e-38,0.5437008978675645,0.46101257658819733,MHb,FAU,True
Asph,13.096516,0.7270207,3.447240220294672e-39,1.1129562986679903e-37,0.21808361391694725,0.12415349887133183,MHb,ASPH,True
Ndufa1,13.094448,0.8301235,3.542413910330453e-39,1.1414052788763961e-37,0.2311307519640853,0.1417607223476298,MHb,NDUFA1,True
Nrg1,13.092251,0.46041596,3.646387545328262e-39,1.1725709452422393e-37,0.5519079685746352,0.45024185746533374,MHb,NRG1,True
Sumo1,13.079742,0.7934855,4.2989402002671594e-39,1.3796697964151053e-37,0.234006734006734,0.1437600773943889,MHb,SUMO1,True
Osbpl9,13.076618,0.5943633,4.479269257340486e-39,1.4346966383659872e-37,0.2925084175084175,0.19690422444372782,MHb,OSBPL9,True
Tmeff2,13.037622,0.50814486,7.475214924118331e-39,2.3895573398737947e-37,0.45307239057239057,0.36865527249274427,MHb,TMEFF2,True
Gm20642,13.033119,0.6508158,7.929825846934196e-39,2.529880336768454e-37,0.2596099887766554,0.16601096420509512,MHb,GM20642,True
H3f3a,13.0128,0.71024436,1.0347936451374615e-38,3.2940959175020395e-37,0.26452020202020204,0.17413737504030957,MHb,H3F3A,True
Ftl1,13.012517,0.66191584,1.0386330249929152e-38,3.2940959175020395e-37,0.29559483726150393,0.20625604643663334,MHb,FTL1,True
Rpl32,13.009528,0.49639776,1.0800644519571362e-38,3.4187950118212675e-37,0.43792087542087543,0.3522089648500484,MHb,RPL32,True
Nck2,13.008482,1.0800511,1.0949493195738761e-38,3.4591416492397357e-37,0.15558361391694725,0.06572073524669461,MHb,NCK2,True
Asb2,13.000807,1.9946378,1.2106005074791106e-38,3.817049358377118e-37,0.10788439955106621,0.019735569171235087,MHb,ASB2,True
Atp5j2,12.999917,0.68402046,1.2247616212248091e-38,3.854186619321262e-37,0.28584455667789,0.19780715898097387,MHb,ATP5J2,True
Fam219a,12.9618225,0.6569132,2.0140399663594866e-38,6.325649797255281e-37,0.24438832772166105,0.1509835536923573,MHb,FAM219A,True
Atp5b,12.92317,0.6097399,3.3312789577586317e-38,1.0422328267262257e-36,0.32968574635241304,0.2434053531118994,MHb,ATP5B,True
Cox6a1,12.896766,0.6566996,4.69385395994154e-38,1.4656966757153362e-36,0.29103535353535354,0.20251531763947114,MHb,COX6A1,True
Ndufv3,12.893911,0.89506114,4.870917173950124e-38,1.5180555932301205e-36,0.20643939393939395,0.1182199290551435,MHb,NDUFV3,True
Cntnap4,12.885652,0.55581605,5.421537482787943e-38,1.6864109381556724e-36,0.2840909090909091,0.18806836504353433,MHb,CNTNAP4,True
Ndufa2,12.8846245,0.74217296,5.494199481690428e-38,1.7057327565516828e-36,0.25280583613916946,0.16407610448242502,MHb,NDUFA2,True
Rnf216,12.876279,0.86343557,6.121661025934006e-38,1.896894005641428e-36,0.18532547699214366,0.09545307965172525,MHb,RNF216,True
Ndufc2,12.875918,0.7109242,6.150321637432867e-38,1.902131022666857e-36,0.26936026936026936,0.18123186069009997,MHb,NDUFC2,True
Kitl,12.852675,0.5671003,8.308563307984609e-38,2.5549621959439366e-36,0.3221099887766554,0.22650757820058046,MHb,KITL,True
Rpl34,12.824331,0.5058575,1.198152779376583e-37,3.677442354158677e-36,0.4172278338945006,0.3323444050306353,MHb,RPL34,True
Shank2,12.814258,0.70175815,1.3643801216729093e-37,4.179706149253657e-36,0.2239057239057239,0.1327313769751693,MHb,SHANK2,True
Piezo2,12.809565,2.3505282,1.449449481965916e-37,4.431917839470453e-36,0.10444725028058362,0.01805869074492099,MHb,PIEZO2,True
Rpl24,12.802178,0.4636811,1.5941538008365988e-37,4.8651769299116955e-36,0.4792368125701459,0.3953563366655917,MHb,RPL24,True
Calm3,12.783631,0.60175824,2.0239399599796214e-37,6.1652031737609e-36,0.3161475869809203,0.22644308287649145,MHb,CALM3,True
Rps11,12.769182,0.5042102,2.4370154203867573e-37,7.409534666307482e-36,0.41245791245791247,0.32673331183489196,MHb,RPS11,True
Rpl23,12.720987,0.4056249,4.521135774814068e-37,1.36435393950779e-35,0.5744248035914703,0.4993872944211545,MHb,RPL23,True
Pcbp3,12.62973,0.82836103,1.4477297197931724e-36,4.3526074754004765e-35,0.18967452300785634,0.10145114479200258,MHb,PCBP3,True
Fam49b,12.617457,0.54364973,1.691954644604604e-36,5.07743346502402e-35,0.31257014590347926,0.21876813930990002,MHb,FAM49B,True
Btbd11,12.613768,0.625709,1.7731033564774845e-36,5.311101257596909e-35,0.25119248035914704,0.16039987100935182,MHb,BTBD11,True
Cnst,12.602625,1.1551453,2.042327024632796e-36,6.106218044997315e-35,0.14436026936026936,0.05765881973556917,MHb,CNST,True
Sema6d,12.600003,0.47072297,2.1113546016468258e-36,6.300952155283655e-35,0.3987794612794613,0.3001612383102225,MHb,SEMA6D,True
Ap2a2,12.580817,0.7229834,2.6923149130915093e-36,8.019925178500029e-35,0.22109988776655443,0.13221541438245726,MHb,AP2A2,True
Stt3b,12.572236,0.85187066,3.001121176092859e-36,8.92337040869522e-35,0.1758557800224467,0.08771364076104482,MHb,STT3B,True
Usp3,12.569554,1.3331114,3.104694611167584e-36,9.214391804703794e-35,0.12948933782267116,0.04346984843598839,MHb,USP3,True
Prdx2,12.552421,0.77596533,3.8554125438742803e-36,1.1421483131349172e-34,0.239337822671156,0.1547887778136085,MHb,PRDX2,True
Stk39,12.548007,0.58253914,4.076418446261174e-36,1.2054125844291499e-34,0.2612233445566779,0.1691712350854563,MHb,STK39,True
Epha7,12.542675,0.48883593,4.3602619893707845e-36,1.2869933882859935e-34,0.3263888888888889,0.22799097065462753,MHb,EPHA7,True
Ccdc155,12.541444,2.0489447,4.428536634494881e-36,1.3047646641703953e-34,0.1055695847362514,0.020638503708481134,MHb,CCDC155,True
Ndufs7,12.540561,0.8178888,4.47817718554675e-36,1.3169911995676123e-34,0.2199074074074074,0.13395678813286035,MHb,NDUFS7,True
Dock4,12.467579,0.51981914,1.1218279510172238e-35,3.287240418062245e-34,0.3285634118967452,0.236504353434376,MHb,DOCK4,True
Slc35f4,12.433638,0.7117333,1.7164167392326894e-35,5.020441366562161e-34,0.21352413019079686,0.1250564334085779,MHb,SLC35F4,True
Sec61g,12.427747,0.8560909,1.8476963416666103e-35,5.394672983115058e-34,0.19809203142536475,0.11189938729442116,MHb,SEC61G,True
Lrp8,12.412647,0.7280697,2.2315147660764031e-35,6.50355880023168e-34,0.2019500561167228,0.11383424701709126,MHb,LRP8,True
Ints3,12.411935,0.8415518,2.251444149825344e-35,6.549839770400169e-34,0.17669753086419754,0.08971299580780394,MHb,INTS3,True
Pkia,12.405448,0.60132927,2.4414253518442605e-35,7.089776493012731e-34,0.2711840628507295,0.18226378587552403,MHb,PKIA,True
Map7d2,12.396138,0.5985961,2.742249878920129e-35,7.949084550453959e-34,0.27946127946127947,0.18929377620122542,MHb,MAP7D2,True
Ran,12.388567,0.86023915,3.013798929145883e-35,8.70503529980976e-34,0.2079124579124579,0.1236375362786198,MHb,RAN,True
Otx2os1,12.383679,2.2490838,3.203141070895954e-35,9.235437936139405e-34,0.10346520763187429,0.0199935504675911,MHb,OTX2OS1,True
Wwc1,12.348969,0.76145965,4.933958534289719e-35,1.4200494535967295e-33,0.19297138047138046,0.10583682683005483,MHb,WWC1,True
Kcnh8,12.348727,0.50957525,4.948806096411604e-35,1.4217928705054653e-33,0.25813692480359146,0.16220574008384392,MHb,KCNH8,True
Dmd,12.30323,0.44600272,8.702333678333832e-35,2.4957490646640024e-33,0.48807519640852975,0.4106417284746856,MHb,DMD,True
Khdrbs3,12.29927,0.6340889,9.139642361257347e-35,2.616525932625444e-33,0.22131032547699214,0.1312479845211222,MHb,KHDRBS3,True
Rps17,12.298418,0.56702995,9.236574039653304e-35,2.6396039768797206e-33,0.31958473625140293,0.23089326023863269,MHb,RPS17,True
Luzp1,12.296268,0.6940726,9.485614333262524e-35,2.7059931541538153e-33,0.21618967452300786,0.12841019026120606,MHb,LUZP1,True
Dennd2a,12.295848,1.6134298,9.53513332932274e-35,2.715330662003439e-33,0.11602132435465769,0.03250564334085779,MHb,DENND2A,True
Spata6,12.261706,1.4816859,1.4540496609327141e-34,4.1261847834362545e-33,0.12051066217732885,0.03702031602708804,MHb,SPATA6,True
Atp5g2,12.259184,0.73569125,1.5000213206629198e-34,4.2491847393559946e-33,0.23912738496071828,0.1545952918413415,MHb,ATP5G2,True
Bri3,12.254397,0.943566,1.5912693052873268e-34,4.499786890388551e-33,0.17704826038159371,0.09248629474363108,MHb,BRI3,True
Ndufb10,12.250509,0.77073777,1.6694521934887123e-34,4.712633373417089e-33,0.23070987654320987,0.1471138342470171,MHb,NDUFB10,True
Plxnc1,12.25006,0.71772134,1.6787083680094203e-34,4.7305065945213194e-33,0.20433501683501684,0.11751048049016447,MHb,PLXNC1,True
Ndufb2,12.235473,0.84724414,2.0093181529930486e-34,5.652299326028271e-33,0.20440516273849607,0.12054176072234762,MHb,NDUFB2,True
Atp6v1f,12.234403,0.84799594,2.0359633262511884e-34,5.717310208700169e-33,0.20307239057239057,0.11854240567558852,MHb,ATP6V1F,True
Irx2,12.229315,1.0708404,2.167598417319493e-34,6.076413240925963e-33,0.14716610549943884,0.06281844566268946,MHb,IRX2,True
Dnah7a,12.222211,1.9384958,2.365615922420962e-34,6.60860752075286e-33,0.10858585858585859,0.026120606256046435,MHb,DNAH7A,True
Celf5,12.221756,0.5973054,2.378899572418125e-34,6.634258721355719e-33,0.23863636363636365,0.14975814253466624,MHb,CELF5,True
Chmp4b,12.211507,0.85904145,2.6984407866281015e-34,7.505448992954592e-33,0.19107744107744107,0.10654627539503386,MHb,CHMP4B,True
Ndufb7,12.211443,0.8183982,2.7005695912825797e-34,7.505448992954592e-33,0.2074915824915825,0.12292808771364076,MHb,NDUFB7,True
Usp28,12.20851,1.1565609,2.7996687114761706e-34,7.767519967088689e-33,0.1387485970819304,0.05501451144792002,MHb,USP28,True
Eef1a1,12.196863,0.38990048,3.2302975960740838e-34,8.94692870145519e-33,0.5993967452300786,0.5231215736859077,MHb,EEF1A1,True
Dstyk,12.18006,0.9780676,3.969874360532088e-34,1.0976532954120773e-32,0.15291806958473625,0.06855852950661077,MHb,DSTYK,True
Foxp2,12.166096,0.58627003,4.7107973187606775e-34,1.3002926046237876e-32,0.2633978675645342,0.17433086101257658,MHb,FOXP2,True
Rgma,12.152381,1.1241382,5.571909275549061e-34,1.5353600090631357e-32,0.13650392817059484,0.052757175104804904,MHb,RGMA,True
Nr6a1,12.131447,0.61224294,7.1966857934079195e-34,1.9795693330279905e-32,0.23316498316498316,0.145372460496614,MHb,NR6A1,True
Rpl22l1,12.131312,0.6484569,7.2084472157866235e-34,1.9795693330279905e-32,0.2787598204264871,0.19554982263785875,MHb,RPL22L1,True
Nfam1,12.120964,2.1668937,8.17915047688651e-34,2.2423348976888017e-32,0.09883557800224467,0.016833279587229927,MHb,NFAM1,True
Arih1,12.093269,0.51086044,1.146326291034141e-33,3.137365102788025e-32,0.299172278338945,0.20973879393743955,MHb,ARIH1,True
Mapk4,12.075129,0.6509283,1.4294032493213586e-33,3.905506344218408e-32,0.21198092031425364,0.12486294743631086,MHb,MAPK4,True
Pafah1b1,12.044739,0.4836759,2.0673127864464524e-33,5.638918097937836e-32,0.38846801346801346,0.30054821025475653,MHb,PAFAH1B1,True
Cycs,12.025203,0.8877317,2.619444691324731e-33,7.132915468380054e-32,0.1973905723905724,0.11609158336020639,MHb,CYCS,True
Gabra2,11.989634,0.46086612,4.0268308813199947e-33,1.0928521729085724e-31,0.35402637485970817,0.2619800064495324,MHb,GABRA2,True
Calm2,11.986594,0.4709314,4.1772773463965766e-33,1.1317832676375985e-31,0.41119528619528617,0.3383424701709126,MHb,CALM2,True
Tmem178b,11.965559,0.44647503,5.383373694784675e-33,1.4536906429572975e-31,0.42697811447811446,0.33924540470815867,MHb,TMEM178B,True
Pgam1,11.93379,0.8065878,7.889803556265092e-33,2.126959542043131e-31,0.20854377104377103,0.12653982586262497,MHb,PGAM1,True
Wnk2,11.923905,0.54780024,8.884402095841797e-33,2.3911015624000174e-31,0.2616442199775533,0.17368590777168655,MHb,WNK2,True
Sh3bp4,11.911107,1.8844672,1.03592457603002e-32,2.7787860725183374e-31,0.10451739618406285,0.023927765237020317,MHb,SH3BP4,True
Ndufa11,11.901613,0.7824533,1.1608121050162265e-32,3.1086317547413015e-31,0.21611952861952863,0.13427926475330537,MHb,NDUFA11,True
Kcnn2,11.899706,0.49745947,1.1876552937931386e-32,3.1700205242745903e-31,0.3157267115600449,0.22837794259916155,MHb,KCNN2,True
Irf2,11.883706,0.708162,1.4384484586996203e-32,3.8330978285776533e-31,0.18834175084175084,0.1037729764592067,MHb,IRF2,True
Psip1,11.872447,0.55122167,1.6458187110746035e-32,4.378473297965742e-31,0.29980359147025815,0.21328603676233474,MHb,PSIP1,True
Atp5c1,11.863895,0.7068917,1.8229147428696693e-32,4.841649583894401e-31,0.23386644219977554,0.15188648822960335,MHb,ATP5C1,True
Kcna2,11.862009,0.62440866,1.8644691446558516e-32,4.943899740132525e-31,0.20629910213243546,0.11976781683327958,MHb,KCNA2,True
Calcrl,11.851145,2.2621226,2.1227067582912684e-32,5.61944055897893e-31,0.09848484848484848,0.018574653337633022,MHb,CALCRL,True
Tnr,11.847659,0.42964783,2.2128644622613383e-32,5.848542921091037e-31,0.44542648709315374,0.3582070299903257,MHb,TNR,True
Dnaja1,11.84195,0.62240404,2.368802809585718e-32,6.250470708817128e-31,0.2711840628507295,0.18851983231215738,MHb,DNAJA1,True
Rheb,11.836699,0.78601414,2.5218676119158834e-32,6.6435193196643995e-31,0.2018097643097643,0.11950983553692357,MHb,RHEB,True
Ndufa12,11.835947,0.72369945,2.5445417229830607e-32,6.692351604756261e-31,0.2257996632996633,0.14330861012576587,MHb,NDUFA12,True
Vdac1,11.827252,0.7331594,2.822301148680098e-32,7.410831344139706e-31,0.23372615039281705,0.15356336665591744,MHb,VDAC1,True
Cbx3,11.822866,0.7330353,2.9736068988667874e-32,7.795476756753692e-31,0.2172418630751964,0.13473073202192842,MHb,CBX3,True
Grin3a,11.812412,0.4927305,3.36760202169017e-32,8.814071634439887e-31,0.29636644219977554,0.20709448564979038,MHb,GRIN3A,True
Thsd7b,11.8058,0.5469891,3.6430924717068865e-32,9.51971255732777e-31,0.3157267115600449,0.23508545630441793,MHb,THSD7B,True
Pkm,11.777565,0.60120386,5.094341587567853e-32,1.3277370845566667e-30,0.2842312008978676,0.20328926152853918,MHb,PKM,True
Mrfap1,11.777513,0.6776279,5.097525375639505e-32,1.3277370845566667e-30,0.24172278338945005,0.15917445985166076,MHb,MRFAP1,True
Chst1,11.775977,0.6452194,5.191218506360198e-32,1.349967191967463e-30,0.2276936026936027,0.14253466623669783,MHb,CHST1,True
Acaca,11.771849,0.5490343,5.45164805566693e-32,1.4154158475186613e-30,0.25869809203142535,0.17323444050306352,MHb,ACACA,True
Purg,11.769372,0.56292254,5.614099165685781e-32,1.4552572757206331e-30,0.23947811447811448,0.1527249274427604,MHb,PURG,True
Ywhab,11.762891,0.62524575,6.062234776922581e-32,1.5689063602675639e-30,0.2680976430976431,0.18600451467268622,MHb,YWHAB,True
Chd4,11.7516775,0.5542294,6.923053690868193e-32,1.7888241765142658e-30,0.24088103254769921,0.15433731054498548,MHb,CHD4,True
Rimbp2,11.743797,0.5308,7.599564914091233e-32,1.9604938195442694e-30,0.263327721661055,0.17691067397613672,MHb,RIMBP2,True
Sumo2,11.743543,0.68894434,7.622482912822814e-32,1.9632748585176596e-30,0.2460016835016835,0.1658819735569171,MHb,SUMO2,True
Rpl36,11.668053,0.46336055,1.8562438772444789e-31,4.7507507459540264e-30,0.409652076318743,0.3288616575298291,MHb,RPL36,True
Nedd8,11.662077,0.7717143,1.991258792325573e-31,5.0882481778619495e-30,0.20882435465768798,0.12776523702031603,MHb,NEDD8,True
Atp6v1g1,11.653164,0.84220266,2.2109450015572387e-31,5.640699589935069e-30,0.19535634118967452,0.11557562076749435,MHb,ATP6V1G1,True
Nptx2,11.648692,0.7611087,2.330072082052378e-31,5.935262350739719e-30,0.16673681257014591,0.08442437923250565,MHb,NPTX2,True
Eef1a2,11.646278,0.6115672,2.396992460291581e-31,6.0961246926440765e-30,0.26318742985409654,0.1800709448564979,MHb,EEF1A2,True
Rab2a,11.644601,0.56742805,2.444643305096351e-31,6.2075518775405765e-30,0.2722362514029181,0.18716543050628828,MHb,RAB2A,True
Fos,11.63422,0.68104255,2.761028361027499e-31,6.999942592416897e-30,0.24761503928170595,0.16955820702999033,MHb,FOS,True
Rpl9,11.625352,0.40494457,3.0632847828444497e-31,7.754089415103126e-30,0.5046997755331089,0.4280554659787165,MHb,RPL9,True
Bach2,11.615939,0.67630136,3.420104058303899e-31,8.643778616103994e-30,0.19507575757575757,0.11228635923895518,MHb,BACH2,True
Stac,11.615783,1.882662,3.426352260773355e-31,8.646060502029488e-30,0.1029040404040404,0.02437923250564334,MHb,STAC,True
Inpp4b,11.604296,0.38624826,3.919019762422135e-31,9.873854307971657e-30,0.4070566778900112,0.30441792970009673,MHb,INPP4B,True
Nme1,11.583838,0.8086184,4.976654375637066e-31,1.2519033363286085e-29,0.20202020202020202,0.12260561109319575,MHb,NME1,True
Apbb1,11.57549,0.7530903,5.485693769603915e-31,1.3778120609214802e-29,0.19065656565656566,0.109126088358594,MHb,APBB1,True
Mif,11.570118,0.71957606,5.840229173119087e-31,1.4645846027162983e-29,0.2269219977553311,0.1473073202192841,MHb,MIF,True
Myl6,11.55438,0.56367487,7.015121315122812e-31,1.7564951590110135e-29,0.29959315375982043,0.21915511125443404,MHb,MYL6,True
Son,11.535349,0.465432,8.753147403815312e-31,2.1882868509538282e-29,0.35486812570145904,0.2666881651080297,MHb,SON,True
Purb,11.534605,0.58044785,8.829169774964672e-31,2.2038861282415675e-29,0.2784090909090909,0.19574330861012576,MHb,PURB,True
Zwint,11.502934,0.49569094,1.2750604052149662e-30,3.1778277433516303e-29,0.35514870931537595,0.273266688165108,MHb,ZWINT,True
St5,11.496002,1.1678578,1.3816811844256074e-30,3.4382604858591077e-29,0.13152356902356901,0.052950661077071914,MHb,ST5,True
Traf3,11.492917,0.7428246,1.4319298402098814e-30,3.557828750444675e-29,0.17578563411896744,0.09493711705901323,MHb,TRAF3,True
Cox17,11.480326,0.8177999,1.656551549515997e-30,4.109619833346818e-29,0.17922278338945005,0.09925830377297645,MHb,COX17,True
Srcin1,11.479471,0.48626867,1.673012523977079e-30,4.144100700662979e-29,0.2705527497194164,0.1836181876813931,MHb,SRCIN1,True
Marcks,11.462261,0.6236382,2.0411578343029585e-30,5.032885361257676e-29,0.2355499438832772,0.1529829087391164,MHb,MARCKS,True
Wnk1,11.459751,0.43898892,2.10118409316784e-30,5.173006500302864e-29,0.3226010101010101,0.2342470170912609,MHb,WNK1,True
Cacybp,11.457776,0.8186966,2.1496325983392115e-30,5.284241227680356e-29,0.18988496071829405,0.11022250886810707,MHb,CACYBP,True
Clta,11.446514,0.67930543,2.447921071234973e-30,6.008364693053974e-29,0.23449775533108866,0.15504675910996452,MHb,CLTA,True
Mark4,11.432615,1.0966481,2.873222755302512e-30,7.030919526023924e-29,0.12675364758698093,0.048049016446307644,MHb,MARK4,True
Hopx,11.401598,1.1189742,4.105156228175525e-30,1.0015219003128072e-28,0.14323793490460157,0.0655917445985166,MHb,HOPX,True
Olfm2,11.376745,0.6128028,5.459954065452784e-30,1.330041521215343e-28,0.20209034792368125,0.11976781683327958,MHb,OLFM2,True
Fstl5,11.361839,0.44171143,6.47663218982441e-30,1.5729658509070546e-28,0.29812008978675647,0.20793292486294743,MHb,FSTL5,True
Rpl15,11.355173,0.56281936,6.990140496555071e-30,1.6900676013718726e-28,0.3068883277216611,0.2309577555627217,MHb,RPL15,True
Mdh2,11.352004,0.76348275,7.248172246334604e-30,1.7498385982755555e-28,0.20686026936026936,0.1288616575298291,MHb,MDH2,True
Rpl35a,11.350745,0.38964114,7.353341780985847e-30,1.7725827616608954e-28,0.5169753086419753,0.44230893260238635,MHb,RPL35A,True
Rpl18a,11.347228,0.45313,7.655113940498483e-30,1.842581368862544e-28,0.39407968574635244,0.3106739761367301,MHb,RPL18A,True
Fam78b,11.337404,1.2786329,8.564763523974031e-30,2.058470282322139e-28,0.12086139169472503,0.04353434376007739,MHb,FAM78B,True
Cux1,11.329914,0.551352,9.329611519491657e-30,2.2389683431421004e-28,0.2288860830527497,0.14588842308932604,MHb,CUX1,True
Rps27a,11.327344,0.38012323,9.607398391878842e-30,2.2988116714295897e-28,0.5394921436588104,0.4668171557562077,MHb,RPS27A,True
Atp5a1,11.327106,0.5681314,9.633500610390896e-30,2.301652472275816e-28,0.2908249158249158,0.21328603676233474,MHb,ATP5A1,True
Hnrnpk,11.324577,0.5685759,9.915602456900778e-30,2.3620746648066284e-28,0.2713945005611672,0.1905836826830055,MHb,HNRNPK,True
Uqcc2,11.299549,0.86772317,1.318929396996985e-29,3.137306323003858e-28,0.17915263748597082,0.10158013544018059,MHb,UQCC2,True
Ndufb11,11.29768,0.69065475,1.347310787751652e-29,3.2001104246524187e-28,0.22832491582491582,0.1492421799419542,MHb,NDUFB11,True
Gm11418,11.287089,2.3345907,1.5198637282010144e-29,3.60466214129786e-28,0.08852413019079686,0.012318606900999677,MHb,GM11418,True
Agap3,11.274811,0.68666285,1.7475426907681553e-29,4.138580237653721e-28,0.18455387205387205,0.10474040632054175,MHb,AGAP3,True
Cds2,11.265166,0.47367278,1.9498410749983164e-29,4.604186771985075e-28,0.2944023569023569,0.20806191551112543,MHb,CDS2,True
Kcnh5,11.262617,0.49868363,2.007073164252986e-29,4.732421054197092e-28,0.25491021324354657,0.1707836181876814,MHb,KCNH5,True
Trp53i11,11.210801,0.8642023,3.60911403775423e-29,8.49744098408656e-28,0.15361952861952863,0.07539503386004515,MHb,TRP53I11,True
Tmem176b,11.204912,1.0279486,3.8573412358767366e-29,9.055514439812223e-28,0.1396604938271605,0.062302483069977425,MHb,TMEM176B,True
Focad,11.183689,0.5395381,4.900963515652997e-29,1.1439117585236252e-27,0.2467732884399551,0.16594646888100612,MHb,FOCAD,True
Zic5,11.180809,1.2375968,5.062620699151613e-29,1.179940775342613e-27,0.1194584736251403,0.04308287649145437,MHb,ZIC5,True
Gng3,11.179634,0.6805057,5.130097693485619e-29,1.1939471970090631e-27,0.21850448933782268,0.13943889068042567,MHb,GNG3,True
Tomm7,11.162014,0.72660446,6.255780655273928e-29,1.4538398290094221e-27,0.19703984287317622,0.11847791035149952,MHb,TOMM7,True
Vapa,11.145827,0.6411656,7.504342041647901e-29,1.739007629278722e-27,0.22790404040404041,0.1487907126733312,MHb,VAPA,True
Kcnn3,11.1439295,0.68591064,7.666021493681356e-29,1.7739327276151062e-27,0.18118686868686867,0.10209609803289262,MHb,KCNN3,True
Cabp1,11.11441,0.7555156,1.0675312806093103e-28,2.4597319749082043e-27,0.16343995510662176,0.08506933247339568,MHb,CABP1,True
Rps13,11.044362,0.47878447,2.3341953753842263e-28,5.363012812051117e-27,0.3536054994388328,0.2761689777491132,MHb,RPS13,True
Btf3,11.037303,0.7812574,2.5249781522717373e-28,5.7931236330489854e-27,0.19128787878787878,0.11486617220251531,MHb,BTF3,True
Smdt1,11.032407,0.6673682,2.666327822941848e-28,6.1087609824482145e-27,0.2271324354657688,0.15020960980328926,MHb,SMDT1,True
Grb10,11.022149,0.46509898,2.9883843200814394e-28,6.83693300952154e-27,0.26129349046015715,0.1781360851338278,MHb,GRB10,True
Rpl11,11.003498,0.42738268,3.6759077124630133e-28,8.397995374165147e-27,0.41975308641975306,0.34137375040309575,MHb,RPL11,True
Scoc,11.001738,0.60801715,3.748394694842656e-28,8.551521042183352e-27,0.2401094276094276,0.1616252821670429,MHb,SCOC,True
Tspan33,10.9984255,0.94690305,3.8886125986266086e-28,8.858916729969775e-27,0.13671436588103256,0.06062560464366334,MHb,TSPAN33,True
Npr1,10.972685,1.424728,5.17136750252115e-28,1.1748155808044888e-26,0.10935746352413019,0.03469848435988391,MHb,NPR1,True
Ctnnb1,10.965371,0.5623929,5.606994708055739e-28,1.2719935400112425e-26,0.24607182940516273,0.16749435665914222,MHb,CTNNB1,True
Mllt11,10.96311,0.87818056,5.748889897774133e-28,1.3023570601750223e-26,0.16358024691358025,0.08777813608513382,MHb,MLLT11,True
Cdc42,10.950569,0.55524373,6.60311902971824e-28,1.4937825217579375e-26,0.2728675645342312,0.19554982263785875,MHb,CDC42,True
Fkbp3,10.944221,0.6995809,7.082393455165933e-28,1.5999680745434215e-26,0.2178030303030303,0.14272815220896484,MHb,FKBP3,True
Slc25a3,10.9362755,0.5629433,7.731112344838728e-28,1.741653790776691e-26,0.2829685746352413,0.20896485004837148,MHb,SLC25A3,True
Me2,10.929556,1.1339393,8.325519268298213e-28,1.8729523527777968e-26,0.12317620650953984,0.04837149306675266,MHb,ME2,True
Ypel3,10.922895,0.81996953,8.959293512276586e-28,2.0127301744593582e-26,0.17333052749719416,0.09745243469848436,MHb,YPEL3,True
Prdx1,10.914197,0.68759036,9.859718613130209e-28,2.2119410342216523e-26,0.20321268237934906,0.12647533053853596,MHb,PRDX1,True
Naca,10.867939,0.51788485,1.6386101813865277e-27,3.6709861058070757e-26,0.3036616161616162,0.2271525314414705,MHb,NACA,True
Rufy3,10.846481,0.50269824,2.0725129420526933e-27,4.636638566763806e-26,0.2765151515151515,0.19619477587874878,MHb,RUFY3,True
Nectin2,10.816936,1.1094846,2.8618669612254178e-27,6.384923875561536e-26,0.11609147025813693,0.04166397936149629,MHb,NECTIN2,True
Gpx4,10.809089,0.5371939,3.1175179586904635e-27,6.945709777109951e-26,0.2890011223344557,0.2127700741696227,MHb,GPX4,True
Epb41l1,10.807514,0.4402294,3.171465999220713e-27,7.05618466814237e-26,0.27174523007856344,0.1891002902289584,MHb,EPB41L1,True
Vdac2,10.796693,0.7288589,3.568251479711878e-27,7.928086220376322e-26,0.20342312008978675,0.1290551435020961,MHb,VDAC2,True
Mrps33,10.79427,0.8274021,3.6636534990706606e-27,8.128888250681473e-26,0.17101571268237936,0.09609803289261529,MHb,MRPS33,True
Lamc3,10.788537,3.3624105,3.899491252841671e-27,8.637117072562363e-26,0.07891414141414141,0.0064495324089003546,MHb,LAMC3,True
Gpi1,10.7884445,0.503017,3.903389539439312e-27,8.637117072562363e-26,0.2652216610549944,0.18477910351499516,MHb,GPI1,True
Actg1,10.787794,0.5257515,3.931132508726981e-27,8.68662135637417e-26,0.2934904601571268,0.21709126088358593,MHb,ACTG1,True
Mthfs,10.785635,0.98518515,4.024545974571813e-27,8.880904657394145e-26,0.13545173961840629,0.06120606256046437,MHb,MTHFS,True
Shank1,10.769091,0.44348937,4.8173482033846935e-27,1.0615886538112726e-25,0.2810746352413019,0.1983231215736859,MHb,SHANK1,True
Hmgb1,10.744562,0.55048525,6.285958259256529e-27,1.3833384332445491e-25,0.26423961840628507,0.1876168977749113,MHb,HMGB1,True
Ghitm,10.741356,0.663529,6.508161817541255e-27,1.4302923559610028e-25,0.20356341189674523,0.12782973234440503,MHb,GHITM,True
Gm13889,10.723639,1.7898767,7.883949628440606e-27,1.7302969503395766e-25,0.09624017957351291,0.023669783940664303,MHb,GM13889,True
Park7,10.723131,0.72403806,7.927368600754038e-27,1.7374686601246147e-25,0.1991442199775533,0.12479845211222186,MHb,PARK7,True
Ndufb3,10.721537,0.6840204,8.06523462167568e-27,1.7652932341759693e-25,0.21212121212121213,0.13756852628184457,MHb,NDUFB3,True
Map3k6,10.714558,2.2551575,8.697246050558437e-27,1.901053444159226e-25,0.08578843995510663,0.013544018058690745,MHb,MAP3K6,True
Timm13,10.677537,0.79278857,1.2966574308485583e-26,2.8266083482446673e-25,0.17746913580246915,0.10332150919058368,MHb,TIMM13,True
Ndufb5,10.672237,0.6241283,1.372809214729481e-26,2.9885629940546136e-25,0.23323512906846242,0.15833602063850372,MHb,NDUFB5,True
Nppa,10.672112,1.4607022,1.374646595101473e-26,2.9885629940546136e-25,0.10907687991021324,0.03663334408255402,MHb,NPPA,True
Slc25a5,10.670345,0.8764053,1.4010448104318196e-26,3.0418657461388834e-25,0.1672979797979798,0.09416317316994519,MHb,SLC25A5,True
Atp6v1d,10.648136,0.70502186,1.7789077175051964e-26,3.857082081856106e-25,0.19886363636363635,0.12473395678813286,MHb,ATP6V1D,True
Sept6,10.627498,0.87465024,2.2198832212621984e-26,4.806775248181534e-25,0.14015151515151514,0.06636568848758465,MHb,SEPT6,True
Mapre2,10.62292,0.5552627,2.331515802308121e-26,5.041747072504526e-25,0.22095959595959597,0.1440180586907449,MHb,MAPRE2,True
Ndufb6,10.610102,0.91266936,2.67458201800782e-26,5.77588306292076e-25,0.15418069584736252,0.08113511770396646,MHb,NDUFB6,True
Gsk3b,10.587882,0.44187817,3.391807914375257e-26,7.305258723704365e-25,0.32246071829405165,0.24211544663011933,MHb,GSK3B,True
Ndufv2,10.584466,0.6606528,3.517810969134588e-26,7.566568141722336e-25,0.20398428731762064,0.1293131247984521,MHb,NDUFV2,True
Rpl18,10.57738,0.50960827,3.7941955480756896e-26,8.15021420851584e-25,0.2924382716049383,0.21670428893905191,MHb,RPL18,True
Tmem200a,10.57627,1.2116588,3.8393790227913876e-26,8.236333646372771e-25,0.11005892255892256,0.03760077394388907,MHb,TMEM200A,True
Vamp2,10.567393,0.5644112,4.220610274899751e-26,9.042168370397812e-25,0.22320426487093153,0.14621089970977105,MHb,VAMP2,True
Mgat4a,10.563151,1.0050843,4.4158243559464915e-26,9.43539748446955e-25,0.12934904601571268,0.056820380522412124,MHb,MGAT4A,True
Rpl8,10.562816,0.412351,4.4316454032131316e-26,9.456710342608497e-25,0.4174382716049383,0.34137375040309575,MHb,RPL8,True
Elfn1,10.548651,0.64373094,5.153170106471057e-26,1.0967437693706492e-24,0.16021324354657687,0.08500483714930668,MHb,ELFN1,True
Rps29,10.545543,0.3386681,5.326456705272839e-26,1.1321345230983991e-24,0.628858024691358,0.5573685907771686,MHb,RPS29,True
Als2,10.516448,1.1573306,7.255757438899957e-26,1.5401821072730553e-24,0.11735409652076319,0.0454692034827475,MHb,ALS2,True
Nptx1,10.514875,0.9147759,7.377840203943327e-26,1.5640441061439489e-24,0.13026094276094277,0.05727184779103515,MHb,NPTX1,True
Ube2q2,10.512831,0.7303705,7.539612419106264e-26,1.5962464774743954e-24,0.16421156004489337,0.09061593034504999,MHb,UBE2Q2,True
Skp1a,10.511296,0.67049813,7.663299200974403e-26,1.6203119552387054e-24,0.19956509539842873,0.12563689132537892,MHb,SKP1A,True
Dynll1,10.507082,0.6028554,8.013502682575434e-26,1.6899401028768926e-24,0.23176206509539843,0.15730409545307966,MHb,DYNLL1,True
Psma3,10.492233,0.57132155,9.378511045172801e-26,1.9700963137100007e-24,0.23253367003367004,0.15756207674943568,MHb,PSMA3,True
Txn1,10.488029,0.8766711,9.805265475554185e-26,2.057070934722295e-24,0.15460157126823793,0.08216704288939052,MHb,TXN1,True
Timm8b,10.475528,0.8192074,1.1191170798998143e-25,2.344782223753821e-24,0.1677188552188552,0.09506610770719123,MHb,TIMM8B,True
Rap1b,10.466504,0.7928013,1.2310619827910401e-25,2.575993217547875e-24,0.15046296296296297,0.07752337955498226,MHb,RAP1B,True
Bex1,10.464186,0.7510819,1.261560529081589e-25,2.636400718074251e-24,0.1827300785634119,0.10957755562721702,MHb,BEX1,True
Glce,10.459241,0.6648263,1.3291626592214962e-25,2.7740910984397034e-24,0.17431257014590348,0.10041921960657853,MHb,GLCE,True
Acly,10.423874,0.77439094,1.9293049090245363e-25,4.021457075189674e-24,0.15095398428731763,0.0781038374717833,MHb,ACLY,True
Ywhaz,10.42126,0.4808338,1.9830807074165467e-25,4.124883692064664e-24,0.3103956228956229,0.23624637213802,MHb,YWHAZ,True
Rpl19,10.421215,0.3753175,1.984024428084271e-25,4.124883692064664e-24,0.47320426487093153,0.4011609158336021,MHb,RPL19,True
Sdhb,10.413595,0.7745904,2.1494823809498425e-25,4.45742019382868e-24,0.16947250280583614,0.09693647210577233,MHb,SDHB,True
Abr,10.407189,0.42389685,2.2991031739577193e-25,4.761586919176199e-24,0.283179012345679,0.20425669138987423,MHb,ABR,True
Wwp1,10.398822,0.5428221,2.510169810198226e-25,5.192071186695179e-24,0.200827721661055,0.1252499193808449,MHb,WWP1,True
Romo1,10.396955,0.7646961,2.55983217525516e-25,5.2880313454345105e-24,0.17080527497194165,0.09803289261528539,MHb,ROMO1,True
Psmb4,10.393665,0.8210154,2.649700372016076e-25,5.46669687721429e-24,0.15965207631874298,0.08758465011286681,MHb,PSMB4,True
Akr1a1,10.392248,0.7795534,2.6893835850902454e-25,5.541500571826079e-24,0.1720679012345679,0.10009674298613351,MHb,AKR1A1,True
Ccdc12,10.344854,1.0071971,4.415873089472304e-25,9.087372420129074e-24,0.12738496071829405,0.05617542728152209,MHb,CCDC12,True
Rpl26,10.333149,0.35684282,4.989494765774256e-25,1.0254774820381015e-23,0.5095398428731762,0.4383747178329571,MHb,RPL26,True
Htr5b,10.332905,1.3296193,5.002230313718008e-25,1.0267902959947815e-23,0.10465768799102132,0.03418252176717188,MHb,HTR5B,True
Gas6,10.327941,0.63110805,5.267928114870403e-25,1.079958647123305e-23,0.1677188552188552,0.09403418252176717,MHb,GAS6,True
Top1,10.320405,0.50358576,5.698216286256382e-25,1.1666917522809745e-23,0.2524551066217733,0.17697516930022572,MHb,TOP1,True
Ndufaf2,10.319685,0.7661378,5.741099553443076e-25,1.1739859074202498e-23,0.15193602693602692,0.0799097065462754,MHb,NDUFAF2,True
Nop10,10.309721,0.9644559,6.368616158688477e-25,1.3006611914998247e-23,0.14667508417508418,0.0764269590454692,MHb,NOP10,True
Nnat,10.302558,0.39428294,6.861227053924232e-25,1.399499969700182e-23,0.3744388327721661,0.3017736214124476,MHb,NNAT,True
Tspan12,10.29736,1.3979175,7.242153227347727e-25,1.475337889828079e-23,0.09827441077441078,0.028119961302805547,MHb,TSPAN12,True
Gnal,10.279331,0.5191373,8.733172515905245e-25,1.776843590500218e-23,0.2122615039281706,0.13685907771686553,MHb,GNAL,True
Smad4,10.273456,0.8164895,9.281950849198293e-25,1.8861250626354572e-23,0.13720538720538722,0.06572073524669461,MHb,SMAD4,True
Psma7,10.27327,0.6910776,9.299841218564083e-25,1.88738935646517e-23,0.1896043771043771,0.11751048049016447,MHb,PSMA7,True
Spop,10.268999,0.42942807,9.720745017212388e-25,1.9703389806191774e-23,0.2838804713804714,0.20464366333440825,MHb,SPOP,True
Nfic,10.267358,0.7813521,9.887545829307634e-25,2.001640222641439e-23,0.14246632996632996,0.07068687520154789,MHb,NFIC,True
Rpl36a,10.264946,0.4717903,1.0137792588266135e-24,2.049734938940059e-23,0.2876683501683502,0.21109319574330862,MHb,RPL36A,True
Prima1,10.264676,2.114893,1.0166203506808237e-24,2.0529131301201404e-23,0.08431537598204265,0.015027410512737826,MHb,PRIMA1,True
Dixdc1,10.251493,0.6283955,1.1652928300398318e-24,2.3502009383908076e-23,0.17634680134680134,0.1035794904869397,MHb,DIXDC1,True
Scp2,10.247598,0.7036717,1.2132171743521671e-24,2.4438091899310466e-23,0.17697811447811448,0.10467591099645275,MHb,SCP2,True
Slc39a11,10.239664,1.1739029,1.316929292109519e-24,2.649419315904412e-23,0.11314534231200898,0.043211867139632376,MHb,SLC39A11,True
Bend7,10.231176,1.4402092,1.4376260138229688e-24,2.8886460588306234e-23,0.09897586980920314,0.02947436310867462,MHb,BEND7,True
Akap9,10.213409,0.42507452,1.726873625189882e-24,3.465531127474732e-23,0.2903338945005612,0.21193163495646566,MHb,AKAP9,True
Rap1gap2,10.187862,0.6463472,2.2465043033501493e-24,4.5027518099985953e-23,0.1710858585858586,0.09893582715253144,MHb,RAP1GAP2,True
Dstn,10.185875,0.6258511,2.2928722713258714e-24,4.5900011124623726e-23,0.19619809203142535,0.12402450822315382,MHb,DSTN,True
Ndufa8,10.167836,0.81727517,2.759715564030672e-24,5.504118279678929e-23,0.16414141414141414,0.09403418252176717,MHb,NDUFA8,True
Tspyl4,10.154833,0.57391983,3.153512048773287e-24,6.274053799373668e-23,0.23912738496071828,0.16788132860367624,MHb,TSPYL4,True
Ptges3,10.138766,0.587456,3.717666069922501e-24,7.378312721594657e-23,0.2090347923681257,0.13660109642050952,MHb,PTGES3,True
Rps21,10.131289,0.33056313,4.0132386544783316e-24,7.955163631885664e-23,0.5612373737373737,0.49712995807803934,MHb,RPS21,True
B230219D22Rik,10.127758,0.7793336,4.160779401613718e-24,8.237528374675874e-23,0.1583894500561167,0.08777813608513382,MHb,B230219D22RIK,True
Scube3,10.126069,1.5723311,4.233277490515629e-24,8.3708145976883e-23,0.09385521885521886,0.025153176394711384,MHb,SCUBE3,True
Prkar1a,10.117303,0.45584556,4.629984180582285e-24,9.123752669435019e-23,0.28647586980920314,0.21173814898419865,MHb,PRKAR1A,True
Dynlrb1,10.117282,0.723794,4.630974307020804e-24,9.123752669435019e-23,0.18244949494949494,0.11209287326668817,MHb,DYNLRB1,True
Ubqln2,10.10934,0.8231443,5.022157189815446e-24,9.882407852222e-23,0.1497615039281706,0.07971622057400839,MHb,UBQLN2,True
Sdcbp,10.107717,0.78282803,5.106021832226477e-24,1.0035225168440251e-22,0.1520763187429854,0.0818445662689455,MHb,SDCBP,True
Mpped2,10.097985,0.5556721,5.6388707238840906e-24,1.1069021111507908e-22,0.18153759820426488,0.10867462108997097,MHb,MPPED2,True
Vcp,10.09401,0.5826623,5.872025912580621e-24,1.15127295922414e-22,0.20384399551066218,0.13157046114156723,MHb,VCP,True
Gnl3l,10.061526,0.60975045,8.172107372356969e-24,1.5964231491289127e-22,0.19661896745230079,0.1253144147049339,MHb,GNL3L,True
Rbx1,10.053978,0.6489091,8.82319297589133e-24,1.7215337320270477e-22,0.19163860830527496,0.12054176072234762,MHb,RBX1,True
Sphkap,10.040485,0.40969762,1.0117463262034339e-23,1.9716863646193428e-22,0.29257856341189675,0.2127700741696227,MHb,SPHKAP,True
Asap1,10.039236,0.43184525,1.0246484641797212e-23,1.9944270647541503e-22,0.25273569023569026,0.1765237020316027,MHb,ASAP1,True
Jam3,10.037084,0.68450063,1.0472459099872136e-23,2.0359618502455745e-22,0.15284792368125702,0.08210254756530151,MHb,JAM3,True
Zfp618,10.035403,0.7364391,1.0652295298391509e-23,2.068437892574822e-22,0.15284792368125702,0.08274750080619155,MHb,ZFP618,True
Dpysl5,10.029765,0.67342037,1.127849501782233e-23,2.184786310338637e-22,0.15649551066217732,0.08577878103837472,MHb,DPYSL5,True
Tma7,10.027188,0.64726657,1.1576599593895383e-23,2.239850459704041e-22,0.19388327721661056,0.12286359238955176,MHb,TMA7,True
Rnf115,9.991873,0.7706386,1.6542564557906712e-23,3.189225050347331e-22,0.14604377104377103,0.0764914543695582,MHb,RNF115,True
Rpl7a,9.984857,0.5237656,1.7755715845311236e-23,3.4149667514614655e-22,0.25413860830527496,0.18265075782005805,MHb,RPL7A,True
Pknox2,9.983658,0.6839812,1.7971725235535376e-23,3.4524068371114575e-22,0.16077441077441076,0.09074492099322799,MHb,PKNOX2,True
Ndufb9,9.974735,0.53443444,1.966246099354897e-23,3.7727201253932933e-22,0.26480078563411896,0.1963882618510158,MHb,NDUFB9,True
Rpl31,9.971695,0.46516258,2.0273826513407972e-23,3.885416396378838e-22,0.28352974186307517,0.20870686875201547,MHb,RPL31,True
Gpr26,9.960512,0.68440616,2.2689181034304142e-23,4.343165718696681e-22,0.14260662177328845,0.07236375362786197,MHb,GPR26,True
Vbp1,9.954514,0.69592,2.4099811714434334e-23,4.607735868569449e-22,0.1553030303030303,0.0854563044179297,MHb,VBP1,True
Rpl35,9.940099,0.53018194,2.7855058194309727e-23,5.3194281734706e-22,0.2262205387205387,0.15395033860045146,MHb,RPL35,True
Dynll2,9.937261,0.41432175,2.8660026074897245e-23,5.46669719058329e-22,0.3461700336700337,0.2710738471460819,MHb,DYNLL2,True
Ppp1ca,9.930424,0.8294876,3.069479316395166e-23,5.847918485593853e-22,0.14162457912457913,0.072621734924218,MHb,PPP1CA,True
Gabarap,9.928175,0.6551753,3.1394839698402187e-23,5.974253319078298e-22,0.18511503928170595,0.11486617220251531,MHb,GABARAP,True
Tmcc2,9.920547,0.80134547,3.3889385916409183e-23,6.44137270502842e-22,0.12948933782267116,0.06043211867139632,MHb,TMCC2,True
Dnmt3a,9.9131365,0.38043252,3.6500483496947076e-23,6.9295225418206455e-22,0.30787037037037035,0.23140922283134474,MHb,DNMT3A,True
Acot7,9.913003,0.5090326,3.654937909995314e-23,6.93067065582347e-22,0.22278338945005613,0.15020960980328926,MHb,ACOT7,True
Rps26,9.90017,0.4061488,4.155656931276941e-23,7.861725247181816e-22,0.3717732884399551,0.29803289261528537,MHb,RPS26,True
Eid1,9.898016,0.5296006,4.2461609165651795e-23,8.023557573065629e-22,0.2442480359147026,0.17304095453079651,MHb,EID1,True
Rplp2,9.882516,0.40359494,4.957254132452444e-23,9.356311037621737e-22,0.38026094276094274,0.31002902289584006,MHb,RPLP2,True
Rpl27a,9.872417,0.35367897,5.482717761998386e-23,1.032397669386774e-21,0.49130190796857465,0.42134795227346017,MHb,RPL27A,True
St13,9.857275,0.5594097,6.375618943078627e-23,1.1991353070267068e-21,0.2074915824915825,0.13685907771686553,MHb,ST13,True
Dctn3,9.8501215,0.8767978,6.846109664233412e-23,1.2861303579439657e-21,0.14618406285072952,0.07836181876813932,MHb,DCTN3,True
Cldnd1,9.848204,0.65786815,6.977987919179185e-23,1.3077584964367532e-21,0.1571969696969697,0.08752015478877781,MHb,CLDND1,True
Uqcrfs1,9.848096,0.8450279,6.985492061337587e-23,1.3077584964367532e-21,0.1514450056116723,0.0835214446952596,MHb,UQCRFS1,True
Eif2s2,9.820767,0.582096,9.164287214785958e-23,1.7116899041473772e-21,0.20089786756453423,0.13053853595614318,MHb,EIF2S2,True
Golga7b,9.820647,1.0230283,9.175283387914439e-23,1.7117671141812694e-21,0.11398709315375982,0.04663011931634956,MHb,GOLGA7B,True
Pfn2,9.817853,0.65831196,9.433158198225193e-23,1.757026496967249e-21,0.188692480359147,0.11976781683327958,MHb,PFN2,True
Arl3,9.817783,0.52380645,9.439604487570568e-23,1.757026496967249e-21,0.21843434343434343,0.1472428248951951,MHb,ARL3,True
Ppm1e,9.810943,0.3873293,1.0102016085520944e-22,1.8781621860149573e-21,0.29342031425364756,0.2163818123186069,MHb,PPM1E,True
Galnt14,9.809221,0.7133875,1.027581855045145e-22,1.9082820327617935e-21,0.1598625140291807,0.09145436955820703,MHb,GALNT14,True
Dgkz,9.807471,0.4370983,1.0455588105116279e-22,1.9394396513790804e-21,0.22383557800224466,0.15059658174782328,MHb,DGKZ,True
Bnip3l,9.80417,0.62764364,1.0803182766353446e-22,2.001620632826655e-21,0.1802749719416386,0.11028700419219607,MHb,BNIP3L,True
Ywhaq,9.784584,0.50293976,1.3113338804471415e-22,2.4268679080357568e-21,0.255331088664422,0.18426314092228313,MHb,YWHAQ,True
Mark1,9.78003,0.55185944,1.371701252510897e-22,2.535687743927287e-21,0.1736111111111111,0.10325701386649468,MHb,MARK1,True
Rpl27,9.77894,0.6307931,1.3865425433912074e-22,2.5601969907936962e-21,0.18329124579124578,0.11409222831344727,MHb,RPL27,True
Ssb,9.768782,0.58959436,1.5328360177046528e-22,2.8270949357323555e-21,0.20742143658810325,0.1383424701709126,MHb,SSB,True
Mt1,9.764254,0.38089043,1.6028802109369143e-22,2.9529142838160125e-21,0.3784371492704826,0.3013866494679136,MHb,MT1,True
Phf14,9.757628,0.3768794,1.711100779034315e-22,3.1486979636951127e-21,0.29769921436588104,0.22263785875524025,MHb,PHF14,True
Reln,9.747526,1.0624799,1.8901765906280426e-22,3.474273449250976e-21,0.11539001122334455,0.048435988390841664,MHb,RELN,True
Srp14,9.746936,0.68344647,1.9012073992512132e-22,3.490582256854526e-21,0.18188832772166105,0.11376975169300226,MHb,SRP14,True
Set,9.740874,0.5543901,2.0181093783643926e-22,3.7010112466036344e-21,0.2151374859708193,0.145178974524347,MHb,SET,True
R3hdm2,9.731542,0.398418,2.212149388091688e-22,4.052266857574525e-21,0.2774270482603816,0.20232183166720413,MHb,R3HDM2,True
Atxn7l3b,9.7263,0.63089687,2.3291146404316395e-22,4.2617001480748605e-21,0.1873597081930415,0.11847791035149952,MHb,ATXN7L3B,True
Tagln3,9.719903,0.67543185,2.480183245717169e-22,4.532990282426577e-21,0.1804152637485971,0.11241534988713318,MHb,TAGLN3,True
Psmb6,9.7018795,0.79630744,2.959944144411624e-22,5.403735500661176e-21,0.1480780022446689,0.08049016446307643,MHb,PSMB6,True
Atox1,9.69638,0.8318778,3.123874616737866e-22,5.6965808259002236e-21,0.14225589225589225,0.07500806191551113,MHb,ATOX1,True
H2afz,9.685322,0.59338045,3.481094581962399e-22,6.34084514225696e-21,0.21906565656565657,0.15137052563689132,MHb,H2AFZ,True
Hnrnpa1,9.679675,0.5287042,3.6788257617990424e-22,6.685955808662866e-21,0.2040544332210999,0.13421476942921637,MHb,HNRNPA1,True
Pag1,9.677473,0.78234816,3.758914187827308e-22,6.823842535141045e-21,0.13713524130190796,0.06978394066430184,MHb,PAG1,True
Cisd1,9.667754,0.6483532,4.1334872768119505e-22,7.495421154981312e-21,0.1882716049382716,0.1201547887778136,MHb,CISD1,True
Zc2hc1a,9.6587515,0.677918,4.5132900925900955e-22,8.174968336802328e-21,0.15298821548821548,0.0853273137697517,MHb,ZC2HC1A,True
Arhgap26,9.647245,0.35775205,5.049378765346645e-22,9.12555324351754e-21,0.3367704826038159,0.2611415672363754,MHb,ARHGAP26,True
Kcnip3,9.633598,0.9322319,5.767365981775919e-22,1.0411511691431417e-20,0.11763468013468013,0.051015801354401806,MHb,KCNIP3,True
Cnbp,9.63246,0.6128493,5.831682270193298e-22,1.0515881908626154e-20,0.1827300785634119,0.11428571428571428,MHb,CNBP,True
Tubb2a,9.631826,0.611811,5.867711122014471e-22,1.0569067639040542e-20,0.20664983164983164,0.13930990003224766,MHb,TUBB2A,True
Sfr1,9.626807,0.7516086,6.16143317952292e-22,1.108578216671671e-20,0.1545314253647587,0.0873266688165108,MHb,SFR1,True
Rpl30,9.615015,0.32973498,6.909933793191264e-22,1.2418686567207632e-20,0.5248316498316499,0.4584972589487262,MHb,RPL30,True
Ndufa6,9.608721,0.6041311,7.345561514544249e-22,1.3186954217286707e-20,0.19255050505050506,0.12389551757497581,MHb,NDUFA6,True
Npm1,9.600369,0.4924243,7.96581500938204e-22,1.4268777162431285e-20,0.2513327721661055,0.18090938406965495,MHb,NPM1,True
Ssu72,9.591486,0.7741125,8.682575589055579e-22,1.5535471255859957e-20,0.1440796857463524,0.07739438890680425,MHb,SSU72,True
Nedd4,9.579281,0.38161778,9.772294916125753e-22,1.7465952515838017e-20,0.3397166105499439,0.2637858755240245,MHb,NEDD4,True
Cftr,9.570655,1.2510793,1.0623086454331359e-21,1.896560964666774e-20,0.10493827160493827,0.0399226056110932,MHb,CFTR,True
Cdca7l,9.569133,2.1951153,1.0780568989944754e-21,1.9225546131461566e-20,0.07772166105499438,0.013221541438245728,MHb,CDCA7L,True
Cct7,9.561847,0.6907693,1.1567388413162616e-21,2.06060030377649e-20,0.1630892255892256,0.09603353756852628,MHb,CCT7,True
Sf3b6,9.554385,0.80882007,1.2431961768381113e-21,2.2121780154407536e-20,0.14513187429854096,0.07894227668494035,MHb,SF3B6,True
Cfap36,9.5481615,0.55106056,1.3201777245273457e-21,2.3465796367285514e-20,0.20089786756453423,0.13260238632699128,MHb,CFAP36,True
Map1lc3a,9.546003,0.6090127,1.3479604975287779e-21,2.3933327165233792e-20,0.1964786756453423,0.12860367623347307,MHb,MAP1LC3A,True
Pou3f1,9.54375,1.714668,1.377586337924422e-21,2.4432520850797725e-20,0.08508698092031425,0.020445017736214124,MHb,POU3F1,True
Dnajb6,9.535624,0.5672402,1.489873970970347e-21,2.6395083768286267e-20,0.20664983164983164,0.13885843276362464,MHb,DNAJB6,True
Fchsd2,9.534347,0.38283166,1.5083234147533099e-21,2.6692703756712022e-20,0.27174523007856344,0.1985166075459529,MHb,FCHSD2,True
Abl2,9.530103,0.59469515,1.5712818165081348e-21,2.7776484570512655e-20,0.16589506172839505,0.0983553692357304,MHb,ABL2,True
Swi5,9.52938,0.59367985,1.5822562772267757e-21,2.793995118356233e-20,0.1893939393939394,0.12099322799097066,MHb,SWI5,True
Axin2,9.527408,0.9422077,1.6125926103964386e-21,2.8444586121223985e-20,0.1122334455667789,0.04656562399226056,MHb,AXIN2,True
Pop5,9.526257,0.974434,1.6305714693887145e-21,2.873038509516607e-20,0.12422839506172839,0.05894872621734924,MHb,POP5,True
Rhoa,9.524199,0.5556798,1.6631966498686275e-21,2.927334691145272e-20,0.18581649831649832,0.11770396646243148,MHb,RHOA,True
Dapk1,9.511008,0.4426447,1.888232120604872e-21,3.3197994076938916e-20,0.2199074074074074,0.1490486939696872,MHb,DAPK1,True
Rell1,9.508653,1.4274194,1.9314862442309664e-21,3.392159609167848e-20,0.09196127946127947,0.027410512737826506,MHb,RELL1,True
Gdap1l1,9.479599,1.0884802,2.5526224082531053e-21,4.478163498209759e-20,0.10353535353535354,0.038697194453402126,MHb,GDAP1L1,True
Sstr2,9.477376,1.0705796,2.6075790620678372e-21,4.569619862291145e-20,0.10374579124579125,0.03876168977749113,MHb,SSTR2,True
Mrps21,9.474538,0.8172391,2.6794479400952756e-21,4.6904838128832344e-20,0.13867845117845118,0.07300870686875202,MHb,MRPS21,True
Uchl1,9.465969,0.46101597,2.908523557151603e-21,5.085985787775911e-20,0.29531425364758696,0.2310222508868107,MHb,UCHL1,True
Napg,9.463361,0.6033779,2.9820146197185754e-21,5.208864630015978e-20,0.1873597081930415,0.12041277007416962,MHb,NAPG,True
Eif4g3,9.461409,0.3655978,3.0382276284508328e-21,5.30133030099161e-20,0.3117283950617284,0.236310867462109,MHb,EIF4G3,True
Psmc5,9.437807,0.6060744,3.8066330064973025e-21,6.627802893443904e-20,0.18280022446689112,0.11551112544340535,MHb,PSMC5,True
Ndufb8,9.437461,0.59383076,3.819211586014706e-21,6.642553484278266e-20,0.20777216610549945,0.14137375040309577,MHb,NDUFB8,True
Rps16,9.433332,0.38616487,3.972631886943402e-21,6.901967859431743e-20,0.3768939393939394,0.30615930345049985,MHb,RPS16,True
Acot13,9.432939,0.9169783,3.9875757843294276e-21,6.920497672910782e-20,0.12871773288439955,0.06397936149629152,MHb,ACOT13,True
Dpysl2,9.42237,0.39386016,4.410209541277952e-21,7.637595217363047e-20,0.33747194163860833,0.26797807158980974,MHb,DPYSL2,True
Sec61b,9.420552,0.92779,4.487213344342506e-21,7.762639127779683e-20,0.12289562289562289,0.05798129635601419,MHb,SEC61B,True
Pdgfc,9.391007,1.4591942,5.942908962204668e-21,1.0269930818767148e-19,0.09273288439955106,0.0290873911641406,MHb,PDGFC,True
Mapk8,9.381799,0.43834192,6.4856494312788325e-21,1.1183942382828903e-19,0.20819304152637486,0.13879393743953564,MHb,MAPK8,True
Pfn1,9.379115,0.7797636,6.652894127454136e-21,1.1460123803149165e-19,0.1527777777777778,0.08790712673331183,MHb,PFN1,True
Cltb,9.36842,0.6194506,7.362633741195637e-21,1.2655749284148717e-19,0.17389169472502805,0.10764269590454692,MHb,CLTB,True
Ranbp17,9.367553,0.5890722,7.423354770362197e-21,1.27465778567525e-19,0.17059483726150393,0.10428893905191873,MHb,RANBP17,True
D8Ertd738e,9.366867,0.71264064,7.471752698599243e-21,1.281607634144674e-19,0.15614478114478114,0.09068042566913899,MHb,D8ERTD738E,True
Nudc,9.360735,0.5970847,7.91842772569447e-21,1.3567856828719073e-19,0.1790824915824916,0.11254434053531119,MHb,NUDC,True
Psmb3,9.359746,0.778404,7.992869750786272e-21,1.368091727184846e-19,0.14302749719416386,0.0779748468236053,MHb,PSMB3,True
Metap2,9.357591,0.55787486,8.157533671192756e-21,1.392631628997822e-19,0.1813973063973064,0.1145436955820703,MHb,METAP2,True
Coa3,9.3575325,0.84793967,8.162069763770852e-21,1.392631628997822e-19,0.13439955106621773,0.06959045469203483,MHb,COA3,True
Nfe2l1,9.354209,0.44346508,8.422747882001576e-21,1.4355948049670758e-19,0.22004769921436587,0.14988713318284425,MHb,NFE2L1,True
Svop,9.35315,0.47205558,8.507525883350292e-21,1.4485182227704314e-19,0.18469416386083054,0.1162205740083844,MHb,SVOP,True
Agpat3,9.3501215,0.45306253,8.754706053049134e-21,1.48903649219842e-19,0.18595679012345678,0.11725249919380845,MHb,AGPAT3,True
Hcfc1r1,9.346086,0.7511627,9.095126373724171e-21,1.545311650157442e-19,0.15137485970819303,0.08635923895517575,MHb,HCFC1R1,True
Hspd1,9.343521,0.60261816,9.318247378062243e-21,1.5815598251852758e-19,0.1817480359147026,0.11557562076749435,MHb,HSPD1,True
Spcs2,9.342435,0.5717019,9.414395688892343e-21,1.594532463537525e-19,0.18329124579124578,0.11609158336020639,MHb,SPCS2,True
Top2b,9.32416,0.498097,1.118664210552225e-20,1.8927189964102762e-19,0.18602693602693604,0.11880038697194453,MHb,TOP2B,True
Hp1bp3,9.322283,0.5128316,1.1386332440373344e-20,1.9244924474716702e-19,0.20510662177328845,0.13776201225411158,MHb,HP1BP3,True
Psma4,9.318116,0.7957453,1.1842377520919923e-20,1.9994828434329828e-19,0.13952020202020202,0.07487907126733312,MHb,PSMA4,True
Cend1,9.314414,0.6765592,1.2262772967497174e-20,2.0683039911289552e-19,0.16512345679012347,0.09970977104159949,MHb,CEND1,True
Sema6a,9.2988615,0.43883708,1.419571707634518e-20,2.389341557855185e-19,0.19956509539842873,0.1308610125765882,MHb,SEMA6A,True
Sod1,9.296249,0.5369964,1.4548779551060888e-20,2.4462215097547805e-19,0.19774130190796857,0.1309255079006772,MHb,SOD1,True
Irx1,9.295909,1.1443627,1.4595313582414766e-20,2.451497374824079e-19,0.10192199775533109,0.038503708481135115,MHb,IRX1,True
Fibcd1,9.293158,1.0618912,1.497776994206816e-20,2.5131268549061463e-19,0.10129068462401795,0.037536278619800065,MHb,FIBCD1,True
Uqcrc2,9.284816,0.665895,1.6198743057162362e-20,2.7151779165761785e-19,0.16168630751964086,0.09654950016123831,MHb,UQCRC2,True
Rpl37a,9.284384,0.34459153,1.6264511867660695e-20,2.7233797045487757e-19,0.44991582491582494,0.37929700096742985,MHb,RPL37A,True
Tulp4,9.278218,0.33685023,1.723356179488273e-20,2.8826562774790916e-19,0.2732182940516274,0.19922605611093197,MHb,TULP4,True
Anapc13,9.276674,0.77502227,1.748511042339906e-20,2.9217113749842956e-19,0.13496071829405162,0.07042889390519187,MHb,ANAPC13,True
Rasgrp1,9.273033,0.81879216,1.8092640405275262e-20,3.020107931427527e-19,0.11917789001122335,0.05482102547565301,MHb,RASGRP1,True
Hprt,9.271731,0.6284353,1.831490042070825e-20,3.0540568485047005e-19,0.1718574635241302,0.10641728474685586,MHb,HPRT,True
Tax1bp1,9.267662,0.48748305,1.9027009065926998e-20,3.1695352383251206e-19,0.21268237934904602,0.14550145114479202,MHb,TAX1BP1,True
Arf5,9.26589,0.74027103,1.9345639413020576e-20,3.2192975052017265e-19,0.1539702581369248,0.08964850048371494,MHb,ARF5,True
Atp6v1g2,9.265447,0.6249171,1.9426240767612174e-20,3.229387917945806e-19,0.16035353535353536,0.09467913576265721,MHb,ATP6V1G2,True
Eif4g2,9.25781,0.45043403,2.0866846336964383e-20,3.4653104671498857e-19,0.2335858585858586,0.1654950016123831,MHb,EIF4G2,True
Rpl28,9.252952,0.35227463,2.1837711079542978e-20,3.622820273965207e-19,0.4245230078563412,0.3576910673976137,MHb,RPL28,True
Ddx24,9.252206,0.53029853,2.199060224626621e-20,3.644446632513893e-19,0.21415544332210998,0.14788777813608514,MHb,DDX24,True
Psma2,9.251773,0.67366445,2.2079997953058898e-20,3.6555165495468545e-19,0.16414141414141414,0.09932279909706546,MHb,PSMA2,True
Sub1,9.2387,0.5877264,2.4951115432281895e-20,4.1266287537541887e-19,0.18918350168350168,0.1235730409545308,MHb,SUB1,True
Pgap1,9.233044,0.45325914,2.630497589947246e-20,4.346097907803545e-19,0.19500561167227834,0.127378265075782,MHb,PGAP1,True
Nrip1,9.230465,0.9085633,2.6945957561412512e-20,4.447457791386197e-19,0.1154601571268238,0.05185424056755885,MHb,NRIP1,True
Lamtor5,9.225499,1.0200547,2.822440112020928e-20,4.653717513959073e-19,0.11553030303030302,0.05243469848435989,MHb,LAMTOR5,True
Mrpl23,9.2235155,0.8186442,2.875157425922608e-20,4.735811747891872e-19,0.13503086419753085,0.07113834247017091,MHb,MRPL23,True
Polr1d,9.206858,0.9180174,3.3581275027274565e-20,5.520092719168354e-19,0.11728395061728394,0.053918090938406965,MHb,POLR1D,True
Yjefn3,9.202156,1.4289091,3.508367557288175e-20,5.761202562348856e-19,0.09111952861952861,0.02876491454369558,MHb,YJEFN3,True
Pomp,9.1978855,0.64758444,3.650609277293448e-20,5.98870233876486e-19,0.1682800224466891,0.10319251854240567,MHb,POMP,True
Tbca,9.185248,0.5965383,4.1057840302438446e-20,6.728577172157466e-19,0.16989337822671155,0.10441792970009674,MHb,TBCA,True
Snrpd2,9.1788025,0.7442713,4.359108847362933e-20,7.136496518835571e-19,0.14562289562289563,0.08165108029667849,MHb,SNRPD2,True
Amigo2,9.169436,0.72607744,4.754986527647843e-20,7.776734791173292e-19,0.14295735129068463,0.07907126733311835,MHb,AMIGO2,True
Akain1,9.166088,0.9754279,4.904953669742431e-20,8.013901576574124e-19,0.1074635241301908,0.04450177362141245,MHb,AKAIN1,True
Cox20,9.158548,0.8990988,5.2600002424355553e-20,8.585318256447539e-19,0.11980920314253647,0.056820380522412124,MHb,COX20,True
Rps7,9.157252,0.36897916,5.323532394327968e-20,8.680255693372468e-19,0.39169472502805835,0.32628184456626896,MHb,RPS7,True
Tmsb10,9.151281,0.4342912,5.626236698944742e-20,9.164589990476456e-19,0.24417789001122334,0.1765237020316027,MHb,TMSB10,True
Lrch3,9.151148,0.43520096,5.633170395158931e-20,9.166653032363754e-19,0.20608866442199775,0.13872944211544663,MHb,LRCH3,True
Pebp1,9.148493,0.50519735,5.773342954095184e-20,9.385308772109508e-19,0.24831649831649832,0.18439213157046114,MHb,PEBP1,True
Nars,9.143888,0.56696683,6.024617365595918e-20,9.783954406477306e-19,0.19009539842873177,0.1251209287326669,MHb,NARS,True
Aurkaip1,9.136567,0.8545105,6.446631189274737e-20,1.0458802355719045e-18,0.12836700336700338,0.06520477265398258,MHb,AURKAIP1,True
Stk3,9.134329,0.52964073,6.581361618265234e-20,1.066668578912226e-18,0.17199775533108866,0.10641728474685586,MHb,STK3,True
Sncg,9.126255,0.9955195,7.090972711896752e-20,1.148112949098398e-18,0.11426767676767677,0.05172524991938084,MHb,SNCG,True
Elf2,9.1189375,0.816522,7.586430685668814e-20,1.225879284122808e-18,0.12001964085297419,0.05694937117059013,MHb,ELF2,True
Zc3h15,9.11775,0.6035908,7.670023865625706e-20,1.2369156134246838e-18,0.1717171717171717,0.1071912286359239,MHb,ZC3H15,True
Rbms1,9.109573,0.39546794,8.270659989381763e-20,1.3324494554606576e-18,0.2149270482603816,0.14646888100612707,MHb,RBMS1,True
Pcnp,9.092309,0.4838121,9.695737530931801e-20,1.55893195390479e-18,0.20952581369248036,0.14343760077394388,MHb,PCNP,True
Eif5,9.089906,0.46877065,9.912536812516471e-20,1.5922073777800787e-18,0.2151374859708193,0.14840374072879717,MHb,EIF5,True
Ttll7,9.087069,0.41312802,1.0174541246877433e-19,1.6326706812325644e-18,0.2474747474747475,0.17910351499516286,MHb,TTLL7,True
Rraga,9.084875,0.8127571,1.0381790653567806e-19,1.6642761528390413e-18,0.13320707070707072,0.07029990325701387,MHb,RRAGA,True
Pou6f2,9.081161,0.5238908,1.0742358558979218e-19,1.720372769222662e-18,0.1790824915824916,0.11402773298935827,MHb,POU6F2,True
Prkab2,9.077958,1.218819,1.106309036329859e-19,1.7699850309233897e-18,0.0954685746352413,0.033602063850370845,MHb,PRKAB2,True
Hecw2,9.076064,0.31801265,1.1257246135340313e-19,1.797492164255968e-18,0.3301767676767677,0.255207997420187,MHb,HECW2,True
Hnrnpa2b1,9.072081,0.3458563,1.1676543818997037e-19,1.862604499726598e-18,0.3900112233445567,0.3165430506288294,MHb,HNRNPA2B1,True
Rps18,9.063897,0.4270317,1.2587138631993022e-19,2.0058814519456863e-18,0.283179012345679,0.21573685907771686,MHb,RPS18,True
Thoc7,9.060332,0.59713805,1.3005409129454379e-19,2.0704969750878402e-18,0.16715768799102132,0.10299903257013866,MHb,THOC7,True
Snrpd1,9.045,0.76673675,1.4966508655718098e-19,2.3780282662695506e-18,0.13594276094276095,0.07294421154466302,MHb,SNRPD1,True
Smyd3,9.043245,0.3257001,1.5208855268461985e-19,2.4117964114448293e-18,0.3111672278338945,0.23856820380522412,MHb,SMYD3,True
Nucks1,9.040564,0.51156425,1.558664379438183e-19,2.4692846559659757e-18,0.20629910213243546,0.14072879716220574,MHb,NUCKS1,True
Ndufs4,9.037273,0.49058345,1.6062838328987297e-19,2.5422349312267077e-18,0.19689955106621773,0.1308610125765882,MHb,NDUFS4,True
Psmb5,9.02793,0.7729568,1.749487593684598e-19,2.766174176720271e-18,0.14534231200897868,0.08281199613028055,MHb,PSMB5,True
Cetn2,9.024754,0.95245886,1.8010069700435094e-19,2.8448523184036883e-18,0.11314534231200898,0.051209287326668816,MHb,CETN2,True
Ppp2r5e,9.007882,0.39550808,2.1007483226173572e-19,3.311852253249099e-18,0.21275252525252525,0.14479200257981295,MHb,PPP2R5E,True
Trappc2,8.995248,1.1041315,2.356989815546361e-19,3.71220158388144e-18,0.10627104377104377,0.04501773621412448,MHb,TRAPPC2,True
Atp6v0d1,8.99085,0.6126892,2.4532563819013087e-19,3.8600605036238976e-18,0.15698653198653198,0.09351821992905514,MHb,ATP6V0D1,True
Idh3b,8.990503,0.61411345,2.4610169807563134e-19,3.868508227768063e-18,0.16133557800224466,0.09777491131892938,MHb,IDH3B,True
Dlg4,8.982984,0.45900163,2.6352210321363647e-19,4.13832040726269e-18,0.18532547699214366,0.11970332150919058,MHb,DLG4,True
Mrpl20,8.979315,0.8377042,2.72458699676708e-19,4.2745096675758985e-18,0.12759539842873177,0.0654627539503386,MHb,MRPL20,True
Pcbp1,8.955528,0.7778336,3.381137659297171e-19,5.289158765873476e-18,0.13047138047138046,0.06836504353434376,MHb,PCBP1,True
Hnrnpa3,8.950907,0.3866667,3.525737255322945e-19,5.5100289956375496e-18,0.27314814814814814,0.20451467268623025,MHb,HNRNPA3,True
Ppdpf,8.942613,0.9748323,3.8007761313346026e-19,5.934126826673475e-18,0.11132154882154882,0.04998387616897775,MHb,PPDPF,True
Rps15,8.941884,0.35319218,3.825902816256252e-19,5.9675967264170566e-18,0.3976571268237935,0.33034504998387615,MHb,RPS15,True
Cdc37,8.938641,0.7574706,3.939863245628067e-19,6.133521462755918e-18,0.12927890011223345,0.06713963237665269,MHb,CDC37,True
Dad1,8.936324,0.56152475,4.0233173806183813e-19,6.2514081298273124e-18,0.20040684624017957,0.13718155433731055,MHb,DAD1,True
Sugt1,8.933518,0.6168577,4.126722583826834e-19,6.4059249321880075e-18,0.15761784511784513,0.0945501451144792,MHb,SUGT1,True
Eif5a,8.930893,0.6256816,4.225833063800707e-19,6.553485120515478e-18,0.16687710437710437,0.1038374717832957,MHb,EIF5A,True
Esd,8.924538,0.8544313,4.475665851564198e-19,6.927645468808699e-18,0.12289562289562289,0.061335053208642375,MHb,ESD,True
Frmd6,8.920465,1.1846794,4.643309665502109e-19,7.180261361328546e-18,0.09196127946127947,0.03108674621089971,MHb,FRMD6,True
Sec62,8.919796,0.38030997,4.671481552337961e-19,7.216925893893651e-18,0.3250561167227834,0.2571428571428571,MHb,SEC62,True
Smoc1,8.916882,1.3556489,4.7960011052735905e-19,7.402224988339726e-18,0.09392536475869809,0.03353756852628184,MHb,SMOC1,True
Fmnl2,8.909183,0.4182678,5.141032061728593e-19,7.927187187651094e-18,0.23849607182940516,0.17342792647533053,MHb,FMNL2,True
Rtn4r,8.900461,1.0714467,5.561494986806511e-19,8.559198992539992e-18,0.09560886644219978,0.03469848435988391,MHb,RTN4R,True
Nol7,8.8881445,0.68114865,6.213768807335259e-19,9.544891781448037e-18,0.14162457912457913,0.07920025798129636,MHb,NOL7,True
Prdx5,8.88582,0.58698565,6.345079121600332e-19,9.737348651981534e-18,0.18532547699214366,0.12234762979683973,MHb,PRDX5,True
Auh,8.880271,0.5613083,6.669778597090305e-19,1.0225940171368312e-17,0.15670594837261503,0.09338922928087713,MHb,AUH,True
Psmb1,8.879871,0.5962821,6.693792787389237e-19,1.0253039615153495e-17,0.17431257014590348,0.11131892937762013,MHb,PSMB1,True
Rps4x,8.878545,0.35169473,6.774074780492414e-19,1.0366192958795156e-17,0.39604377104377103,0.3298290873911641,MHb,RPS4X,True
Grip2,8.875719,1.0366315,6.948330155208972e-19,1.0622801536909748e-17,0.10585016835016835,0.04521122218639149,MHb,GRIP2,True
Serf2,8.874872,0.47137788,7.001401172540797e-19,1.069383040281845e-17,0.239337822671156,0.1747178329571106,MHb,SERF2,True
Eno1,8.868421,0.727688,7.419057616169465e-19,1.1321061975617084e-17,0.13916947250280584,0.07752337955498226,MHb,ENO1,True
Dennd1b,8.863755,0.38900164,7.736361820617969e-19,1.1794123699198459e-17,0.22278338945005613,0.15646565623992262,MHb,DENND1B,True
Rps3a1,8.859445,0.29933026,8.041402462404754e-19,1.224761627395451e-17,0.5244809203142536,0.46410835214446955,MHb,RPS3A1,True
Rack1,8.858545,0.50235975,8.106540696153754e-19,1.2335211266254653e-17,0.1914983164983165,0.12686230248306998,MHb,RACK1,True
Sh3kbp1,8.856231,0.37429717,8.276534839129483e-19,1.2582044269071372e-17,0.21141975308641975,0.14466301193163494,MHb,SH3KBP1,True
Mrpl42,8.850886,0.7795604,8.68272696706623e-19,1.3187146356084157e-17,0.1289983164983165,0.06765559496936473,MHb,MRPL42,True
Impact,8.84528,0.41185713,9.129940457056224e-19,1.3853357119407544e-17,0.24431818181818182,0.17755562721702678,MHb,IMPACT,True
Syt13,8.834735,0.41506356,1.0033595986293913e-18,1.5210254459072545e-17,0.20531705948372614,0.1398903579490487,MHb,SYT13,True
Churc1,8.834512,0.90312356,1.0053677576479932e-18,1.5226426479359822e-17,0.11468855218855219,0.053918090938406965,MHb,CHURC1,True
Arid2,8.80917,0.5811406,1.2607571774834728e-18,1.9076470856683977e-17,0.15368967452300786,0.09145436955820703,MHb,ARID2,True
Eif4a2,8.808972,0.40738845,1.2629842488862433e-18,1.909230862218223e-17,0.27735690235690236,0.21102870041921962,MHb,EIF4A2,True
Eno3,8.807366,1.3367013,1.2812035613766069e-18,1.9349642955431013e-17,0.08733164983164983,0.02747500806191551,MHb,ENO3,True
Rpl23a,8.80586,0.35595402,1.298540313550076e-18,1.957492038366494e-17,0.3624438832772166,0.29364721057723314,MHb,RPL23A,True
Hspa4,8.803152,0.51236546,1.3302633843836963e-18,2.003446018846023e-17,0.18623737373737373,0.12318606900999678,MHb,HSPA4,True
Eef1g,8.797959,0.4640142,1.3932627061208752e-18,2.0963743508376888e-17,0.19956509539842873,0.13505320864237344,MHb,EEF1G,True
Slc38a2,8.794693,0.46818745,1.434394771204559e-18,2.1562579390551807e-17,0.16947250280583614,0.10564334085778782,MHb,SLC38A2,True
Snrpf,8.793559,0.68304867,1.448959615973068e-18,2.1761301567654942e-17,0.1374158249158249,0.07584650112866817,MHb,SNRPF,True
Zfp706,8.793072,0.6078891,1.4552550617202202e-18,2.183557571736972e-17,0.15116442199775534,0.0889390519187359,MHb,ZFP706,True
Abhd8,8.791468,0.70851785,1.4761841318946916e-18,2.212908093919985e-17,0.13313692480359146,0.07178329571106094,MHb,ABHD8,True
Cxxc5,8.784794,0.73590404,1.566514417996021e-18,2.3461454362116333e-17,0.12093153759820427,0.05985166075459529,MHb,CXXC5,True
Ubxn6,8.782951,0.78451383,1.5923953445514501e-18,2.3827007121294827e-17,0.12324635241301908,0.06243147371815543,MHb,UBXN6,True
Rnf187,8.772615,0.5583817,1.7456311560226205e-18,2.6095733778803964e-17,0.1701739618406285,0.10764269590454692,MHb,RNF187,True
Gtf2h5,8.770559,0.7069447,1.777809010060487e-18,2.6552225981281972e-17,0.13860830527497195,0.07752337955498226,MHb,GTF2H5,True
Ntng2,8.7684145,0.6145111,1.8119952724170435e-18,2.703784458611225e-17,0.14085297418630752,0.07900677200902935,MHb,NTNG2,True
Sel1l3,8.767046,0.8669046,1.8341412905404182e-18,2.7343074077872134e-17,0.11517957351290685,0.05475653015156401,MHb,SEL1L3,True
Bzw2,8.766531,0.53918356,1.8425617200979203e-18,2.744331107051921e-17,0.14983164983164984,0.0872621734924218,MHb,BZW2,True
Rwdd1,8.765975,0.8031557,1.85167512972148e-18,2.7553675458367013e-17,0.12450897867564534,0.06391486617220252,MHb,RWDD1,True
Pdcd5,8.761459,0.64930284,1.9273919619261306e-18,2.8654011933966144e-17,0.14260662177328845,0.08094163173169945,MHb,PDCD5,True
Ephx4,8.758039,1.2518018,1.986758356854834e-18,2.9509473298555495e-17,0.08768237934904602,0.028055465978716543,MHb,EPHX4,True
Fkbp1a,8.754885,0.5109263,2.0431287621532783e-18,3.031890617232044e-17,0.19304152637485972,0.13002257336343115,MHb,FKBP1A,True
Mapk8ip2,8.750577,0.54375416,2.1226403055233148e-18,3.1469942201502855e-17,0.16112514029180697,0.09867784585617542,MHb,MAPK8IP2,True
Mapk10,8.746261,0.3284112,2.2053904308767105e-18,3.2666840860284604e-17,0.439884960718294,0.36659142212189616,MHb,MAPK10,True
Snap25,8.740626,0.29778925,2.3182061328950305e-18,3.430648142687751e-17,0.5445426487093153,0.4820380522412125,MHb,SNAP25,True
Ndufa3,8.735116,0.5172384,2.434053925271172e-18,3.5987954516692144e-17,0.19767115600448934,0.13466623669783942,MHb,NDUFA3,True
Dtna,8.7304325,0.31384367,2.5370053128833924e-18,3.747585473597157e-17,0.3399270482603816,0.26830054821025473,MHb,DTNA,True
Pcyt1a,8.724827,1.0850704,2.665881479830538e-18,3.934364319001729e-17,0.0968013468013468,0.03721380199935505,MHb,PCYT1A,True
Rpl29,8.722339,0.4828541,2.7251279460714124e-18,4.018135326135378e-17,0.2248877665544332,0.1617542728152209,MHb,RPL29,True
Baz1b,8.716173,0.43062675,2.877619088667777e-18,4.239115551839826e-17,0.19654882154882156,0.1328603676233473,MHb,BAZ1B,True
Tuba1a,8.706909,0.39031598,3.1227298598061024e-18,4.5918323165785183e-17,0.314884960718294,0.25178974524346986,MHb,TUBA1A,True
Bcl7c,8.703529,0.750218,3.217191064525936e-18,4.726436464006086e-17,0.1156705948372615,0.05527249274427604,MHb,BCL7C,True
Rab18,8.70211,0.6595119,3.2576796348791645e-18,4.781576052102585e-17,0.1428872053872054,0.0818445662689455,MHb,RAB18,True
Trappc6b,8.698129,0.63721806,3.374008242917847e-18,4.943349939238783e-17,0.15284792368125702,0.09151886488229603,MHb,TRAPPC6B,True
Rnf114,8.693887,0.88492054,3.502466667055636e-18,5.1269138768891327e-17,0.10774410774410774,0.04798452112221864,MHb,RNF114,True
Tpk1,8.692907,0.8549593,3.532817352072971e-18,5.166665521679955e-17,0.11665263748597082,0.056820380522412124,MHb,TPK1,True
Ptov1,8.69237,0.57522887,3.549556384881547e-18,5.186456596699099e-17,0.16736812570145904,0.10557884553369881,MHb,PTOV1,True
Vta1,8.690594,0.77340215,3.605513421663119e-18,5.2634638624008086e-17,0.12065095398428732,0.06049661399548533,MHb,VTA1,True
Neurl1a,8.68956,0.95751756,3.638453549227748e-18,5.306761601330822e-17,0.10058922558922559,0.04095453079651725,MHb,NEURL1A,True
Ina,8.687046,0.5339364,3.719854071973461e-18,5.420598163438805e-17,0.1762766554433221,0.11389874234118026,MHb,INA,True
Arl2,8.686843,0.69220144,3.726513217989056e-18,5.421888126346621e-17,0.13706509539842873,0.0762979683972912,MHb,ARL2,True
Sarnp,8.686814,0.50427115,3.727443336319903e-18,5.421888126346621e-17,0.1672979797979798,0.10486939696871977,MHb,SARNP,True
Pfdn5,8.685568,0.37317127,3.768551454771241e-18,5.4767582911882143e-17,0.3052749719416386,0.23766526926797807,MHb,PFDN5,True
Cyc1,8.683705,0.6009799,3.830803910222255e-18,5.55938847105391e-17,0.15705667789001124,0.09532408900354725,MHb,CYC1,True
Cbln4,8.683661,1.3244407,3.832283242797595e-18,5.55938847105391e-17,0.08564814814814815,0.026572073524669462,MHb,CBLN4,True
Mphosph8,8.683407,0.48121348,3.840874500013513e-18,5.566858874347544e-17,0.18237934904601572,0.11931634956465656,MHb,MPHOSPH8,True
Ext1,8.677729,0.37648788,4.0374981601463755e-18,5.84660096153694e-17,0.21317340067340068,0.14782328281199614,MHb,EXT1,True
Mrpl18,8.666522,0.93809056,4.45519062646395e-18,6.445680535156922e-17,0.11104096520763188,0.051596259271202836,MHb,MRPL18,True
Jund,8.65499,0.50991863,4.9295331493650885e-18,7.119214168837527e-17,0.18686868686868688,0.12473395678813286,MHb,JUND,True
Mapk8ip3,8.652496,0.43100366,5.038490695703691e-18,7.270079126048812e-17,0.18637766554433222,0.12292808771364076,MHb,MAPK8IP3,True
Map7d1,8.649093,0.49909395,5.191034923355274e-18,7.483510684961815e-17,0.15958193041526375,0.09764592067075137,MHb,MAP7D1,True
Cct2,8.6477785,0.69853,5.251146170635858e-18,7.563427365096617e-17,0.13425925925925927,0.07391164140599807,MHb,CCT2,True
Psma5,8.644842,0.74274594,5.3879801119547035e-18,7.75361017000599e-17,0.12696408529741862,0.06688165108029667,MHb,PSMA5,True
Rragd,8.641429,0.9035175,5.551422021119713e-18,7.974622663553406e-17,0.1069023569023569,0.04759754917768462,MHb,RRAGD,True
Got2,8.637991,0.6046197,5.721006822650653e-18,8.210939250787426e-17,0.14779741863075196,0.08687520154788778,MHb,GOT2,True
Ptchd1,8.635875,0.8412593,5.827934900066802e-18,8.356989983030188e-17,0.11363636363636363,0.054111576910673975,MHb,PTCHD1,True
Snap47,8.634441,0.6062037,5.901487307385616e-18,8.454965207879746e-17,0.16835016835016836,0.10777168655272493,MHb,SNAP47,True
Syn3,8.63241,0.38737866,6.007236798684113e-18,8.598854444134118e-17,0.21548821548821548,0.15059658174782328,MHb,SYN3,True
Sod2,8.6244755,0.6227985,6.438694105085113e-18,9.208300366909965e-17,0.14835858585858586,0.08764914543695582,MHb,SOD2,True
Ost4,8.623215,0.79724556,6.51004855450434e-18,9.302123265822234e-17,0.12247474747474747,0.06275395033860046,MHb,OST4,True
Gdi1,8.6196,0.4391496,6.718796468607489e-18,9.59192699732799e-17,0.2010381593714927,0.13776201225411158,MHb,GDI1,True
Agtpbp1,8.619113,0.39134946,6.747463594779674e-18,9.624358346169421e-17,0.2084736251402918,0.1438890680425669,MHb,AGTPBP1,True
Ggact,8.617242,0.8316075,6.8586117935948794e-18,9.774277159594464e-17,0.1164421997755331,0.05714285714285714,MHb,GGACT,True
Smim10l1,8.616602,0.49839094,6.897050584831059e-18,9.820404331834718e-17,0.18104657687991021,0.11880038697194453,MHb,SMIM10L1,True
Hsbp1,8.609019,0.55856067,7.36881046350543e-18,1.0473682710650291e-16,0.1722783389450056,0.1107384714608191,MHb,HSBP1,True
Prkar2b,8.600804,0.6671155,7.915920852244829e-18,1.123158068290001e-16,0.13285634118967452,0.07294421154466302,MHb,PRKAR2B,True
Rpl10a,8.599485,0.43989223,8.007413786475141e-18,1.1351438912904066e-16,0.23674242424242425,0.1725249919380845,MHb,RPL10A,True
Polr2k,8.594131,0.7782148,8.389709285020312e-18,1.188297265194427e-16,0.12443883277216611,0.06481780070944856,MHb,POLR2K,True
Ndrg3,8.593294,0.40204963,8.451053062468519e-18,1.1959386114210698e-16,0.21085858585858586,0.14672686230248308,MHb,NDRG3,True
Rpl13,8.590286,0.28847525,8.67530310827985e-18,1.226599893150582e-16,0.5680415263748597,0.507255723960013,MHb,RPL13,True
Akap8l,8.589632,0.30737737,8.724851568768432e-18,1.2325281582954531e-16,0.29790965207631875,0.22831344727507255,MHb,AKAP8L,True
Arl6,8.587866,0.96508557,8.859964149959002e-18,1.2494326078952645e-16,0.10311447811447812,0.044372782973234444,MHb,ARL6,True
Mrpl34,8.585845,1.0312946,9.017143059529348e-18,1.2704903221941395e-16,0.10178170594837262,0.043018381167365366,MHb,MRPL34,True
St3gal1,8.582347,1.932946,9.295702287150058e-18,1.308598646602717e-16,0.07112794612794612,0.013157046114156724,MHb,ST3GAL1,True
Mien1,8.570451,0.8949647,1.0308089515511486e-17,1.4485955509417748e-16,0.1162317620650954,0.05727184779103515,MHb,MIEN1,True
Lsm4,8.567792,0.94316083,1.0548815255133464e-17,1.4811379058314564e-16,0.10620089786756454,0.04746855852950661,MHb,LSM4,True
BC031181,8.562736,0.57677513,1.1022075700454196e-17,1.5462452251070825e-16,0.1728395061728395,0.11209287326668817,MHb,BC031181,True
Eif1b,8.553244,0.5905844,1.1967650801730023e-17,1.6774415226861623e-16,0.16280864197530864,0.10209609803289262,MHb,EIF1B,True
Rab7,8.547279,0.5265269,1.2602414442635238e-17,1.763356865135164e-16,0.16365039281705948,0.10280554659787165,MHb,RAB7,True
Dgcr6,8.534706,0.8893045,1.405125377515038e-17,1.964382280147428e-16,0.10739337822671156,0.04869396968719768,MHb,DGCR6,True
Rpl36al,8.533799,0.60216576,1.4161814729543422e-17,1.9781291299686083e-16,0.14618406285072952,0.08590777168655273,MHb,RPL36AL,True
Sqstm1,8.530042,0.5631294,1.4629522212924814e-17,2.0416956151342437e-16,0.15347923681257014,0.0928732666881651,MHb,SQSTM1,True
Suclg1,8.517741,0.5795667,1.6269464116153914e-17,2.268438883807376e-16,0.1617564534231201,0.10145114479200258,MHb,SUCLG1,True
Socs2,8.517651,1.046552,1.6282272297374735e-17,2.268438883807376e-16,0.09406565656565656,0.035794904869396967,MHb,SOCS2,True
Rab14,8.511523,0.43562934,1.7166271942777012e-17,2.389539145218745e-16,0.23274410774410775,0.16968719767816834,MHb,RAB14,True
H2afv,8.510797,0.7398672,1.7274200096665783e-17,2.4024951553187364e-16,0.12198372615039282,0.06294743631086747,MHb,H2AFV,True
Fkbp4,8.507614,0.70406485,1.7754880651289826e-17,2.467226757170214e-16,0.12836700336700338,0.0691389874234118,MHb,FKBP4,True
Fzd1,8.506769,1.2534593,1.78847759421701e-17,2.4831437842455054e-16,0.08417508417508418,0.026249596904224445,MHb,FZD1,True
Bptf,8.504493,0.35413435,1.8239197550523917e-17,2.5301802776991796e-16,0.23085016835016836,0.16594646888100612,MHb,BPTF,True
Gabarapl1,8.503227,0.47193387,1.8439214859611586e-17,2.5541267174558274e-16,0.18644781144781145,0.12415349887133183,MHb,GABARAPL1,True
Brdt,8.503201,0.96501887,1.8443400346141616e-17,2.5541267174558274e-16,0.1015712682379349,0.04334085778781038,MHb,BRDT,True
Scand1,8.496939,0.70630664,1.946565985885242e-17,2.6933879231560127e-16,0.13496071829405162,0.07558851983231216,MHb,SCAND1,True
Smap2,8.495367,0.54801357,1.973084262036715e-17,2.7273355024357407e-16,0.1547418630751964,0.0943566591422122,MHb,SMAP2,True
Ap2m1,8.495285,0.55156666,1.9744728737881e-17,2.7273355024357407e-16,0.1625280583613917,0.10203160270880361,MHb,AP2M1,True
Ubxn2a,8.495053,0.64854413,1.9784259322350657e-17,2.730464117227149e-16,0.13804713804713806,0.07849080941631732,MHb,UBXN2A,True
Sh3bgrl,8.491255,0.63339823,2.0441842442671672e-17,2.818813312107539e-16,0.12731481481481483,0.06772009029345373,MHb,SH3BGRL,True
Rps15a,8.487528,0.343223,2.1107857158269986e-17,2.9056986343405705e-16,0.3686868686868687,0.30383747178329573,MHb,RPS15A,True
Ola1,8.483079,0.49305925,2.1931104085901138e-17,3.013896419621503e-16,0.17445286195286194,0.11331828442437923,MHb,OLA1,True
Ypel2,8.481847,0.5651024,2.216470915142144e-17,3.043414011241441e-16,0.14604377104377103,0.08616575298290874,MHb,YPEL2,True
Cpsf6,8.478281,0.31317866,2.285447873729161e-17,3.135463898012653e-16,0.2692199775533109,0.20199935504675912,MHb,CPSF6,True
Dhps,8.473132,1.0470437,2.3888122709232355e-17,3.27172214074372e-16,0.09652076318742986,0.038697194453402126,MHb,DHPS,True
Rnps1,8.466929,0.5816646,2.5194627990506467e-17,3.447742028311693e-16,0.14379910213243546,0.08410190261206063,MHb,RNPS1,True
Sf3b2,8.466529,0.47670522,2.528136010214792e-17,3.4566863875929214e-16,0.1900252525252525,0.1289261528539181,MHb,SF3B2,True
Higd1a,8.46565,0.626819,2.5472825212459415e-17,3.4799235457054987e-16,0.15593434343434343,0.0963560141889713,MHb,HIGD1A,True
Ube2n,8.4638405,0.5608512,2.5871445821133597e-17,3.5313977734754084e-16,0.1598625140291807,0.0997742663656885,MHb,UBE2N,True
Ppa1,8.462221,0.7757004,2.6233183203714868e-17,3.5747408451565964e-16,0.12247474747474747,0.06378587552402451,MHb,PPA1,True
Tra2b,8.45777,0.45507887,2.725377203635948e-17,3.7106882381154426e-16,0.16954264870931537,0.10848113511770396,MHb,TRA2B,True
Rab1a,8.453575,0.57953864,2.825165162679514e-17,3.8433176203819294e-16,0.1499719416386083,0.09048693969687198,MHb,RAB1A,True
Phip,8.449851,0.30420512,2.9167399719083656e-17,3.964560424001497e-16,0.2852833894500561,0.218252176717188,MHb,PHIP,True
Pls3,8.448583,0.5707642,2.9486099364950854e-17,4.004514334408733e-16,0.13496071829405162,0.07520154788777814,MHb,PLS3,True
Tmem108,8.44386,0.28837147,3.070266341257338e-17,4.166238093107168e-16,0.23870650953984288,0.1706546275395034,MHb,TMEM108,True
Trnp1,8.4433155,0.7320256,3.0846026183585017e-17,4.182183348864104e-16,0.1271043771043771,0.06842953885843277,MHb,TRNP1,True
Rpl7,8.440239,0.36469513,3.166908632118039e-17,4.2901798261733067e-16,0.31067620650953987,0.2454692034827475,MHb,RPL7,True
Hnrnph2,8.439505,0.70248336,3.1868592617598375e-17,4.3135940216707425e-16,0.12563131313131312,0.06701064172847468,MHb,HNRNPH2,True
Hsd17b12,8.436438,0.3916265,3.271553590200296e-17,4.424530043602825e-16,0.1816077441077441,0.11899387294421154,MHb,HSD17B12,True
Gde1,8.436291,0.49912325,3.2756749005326925e-17,4.4264028000097166e-16,0.18371212121212122,0.12254111576910674,MHb,GDE1,True
Txnl1,8.434543,0.5471044,3.32499433084239e-17,4.485553236144759e-16,0.16351010101010102,0.10345049983876169,MHb,TXNL1,True
Pxylp1,8.43293,1.2946751,3.3711712646379745e-17,4.54405793379327e-16,0.08564814814814815,0.02837794259916156,MHb,PXYLP1,True
Hnrnpc,8.427892,0.43114752,3.51949617531965e-17,4.736094062878148e-16,0.18665824915824916,0.1251854240567559,MHb,HNRNPC,True
Hsph1,8.426013,0.5614847,3.576434742017032e-17,4.808714210484247e-16,0.15944163860830526,0.10016123831022251,MHb,HSPH1,True
Psmd4,8.424655,0.55760336,3.6181583226251094e-17,4.860773327945278e-16,0.16168630751964086,0.1017091260883586,MHb,PSMD4,True
Tcf25,8.418465,0.39176548,3.8145169570147303e-17,5.120316330266661e-16,0.30176767676767674,0.24134150274105126,MHb,TCF25,True
Pcgf5,8.416688,0.5554389,3.872767371789743e-17,5.194196703043043e-16,0.13804713804713806,0.07849080941631732,MHb,PCGF5,True
Swt1,8.41483,0.63057303,3.934659383945606e-17,5.272834758518656e-16,0.130331088664422,0.07139632376652692,MHb,SWT1,True
Cdc5l,8.413332,0.80123806,3.985251044911945e-17,5.336211560550555e-16,0.11370650953984288,0.05565946468881006,MHb,CDC5L,True
Tubb4a,8.407676,0.478995,4.182157537336529e-17,5.595235580348913e-16,0.17059483726150393,0.11015801354401805,MHb,TUBB4A,True
Rps23,8.403935,0.30942285,4.3176105496598465e-17,5.7716818711362e-16,0.44963524130190796,0.3831022250886811,MHb,RPS23,True
Pafah1b3,8.39029,1.0655705,4.849438949759412e-17,6.477264658328528e-16,0.09574915824915825,0.038503708481135115,MHb,PAFAH1B3,True
Irx5,8.385831,1.4743434,5.0368592149485286e-17,6.722046023250202e-16,0.07666947250280584,0.019864559819413093,MHb,IRX5,True
Scamp1,8.378095,0.3509565,5.379155541006022e-17,7.172946486048838e-16,0.20223063973063973,0.13872944211544663,MHb,SCAMP1,True
Phc2,8.3779745,0.45313513,5.384619731657507e-17,7.174318299799026e-16,0.16259820426487093,0.10203160270880361,MHb,PHC2,True
Mob4,8.3741,0.5782806,5.564754636657655e-17,7.408222736455767e-16,0.1505331088664422,0.09151886488229603,MHb,MOB4,True
Ankrd12,8.364316,0.31049028,6.046457332806372e-17,8.036273406585298e-16,0.3127104377104377,0.24398581102870043,MHb,ANKRD12,True
Cacng5,8.361928,1.2960047,6.170167784945693e-17,8.188365761065117e-16,0.08066778900112233,0.02379877458884231,MHb,CACNG5,True
Smarcd1,8.361912,0.7152451,6.171015680209198e-17,8.188365761065117e-16,0.11931818181818182,0.061141567236375365,MHb,SMARCD1,True
Isoc1,8.35111,1.6855484,6.762397525540613e-17,8.96571967013274e-16,0.07358305274971942,0.017155756207674944,MHb,ISOC1,True
Tmem256,8.347725,0.7092308,6.959048566297714e-17,9.21888702374001e-16,0.12401795735129069,0.06597871654305063,MHb,TMEM256,True
Ddt,8.346826,0.8028082,7.012231417766722e-17,9.281738394629847e-16,0.11728395061728394,0.059593679458239276,MHb,DDT,True
Pfdn1,8.344108,0.5578682,7.175385481838973e-17,9.489931330232657e-16,0.15593434343434343,0.0964205095130603,MHb,PFDN1,True
Rasa3,8.341291,0.9622165,7.34836547067828e-17,9.71076891243637e-16,0.10058922558922559,0.04346984843598839,MHb,RASA3,True
Eif3h,8.341026,0.5121677,7.364878406725074e-17,9.724645569696169e-16,0.1699635241301908,0.11009351821992905,MHb,EIF3H,True
Anapc16,8.337361,0.9145928,7.596641728042929e-17,1.0014317844424969e-15,0.10304433221099887,0.04585617542728152,MHb,ANAPC16,True
Grsf1,8.335785,0.79903716,7.698577655679113e-17,1.0140431073339547e-15,0.10872615039281706,0.051209287326668816,MHb,GRSF1,True
Pgk1,8.332379,0.57242423,7.923358165954898e-17,1.0428016137861715e-15,0.17312008978675644,0.11447920025798129,MHb,PGK1,True
Vti1b,8.327835,0.5249102,8.233395887659052e-17,1.0827250283161396e-15,0.15228675645342313,0.0927442760399871,MHb,VTI1B,True
Ndfip2,8.320233,0.39693865,8.779021485827854e-17,1.1526028614713113e-15,0.21696127946127947,0.15401483392454046,MHb,NDFIP2,True
Camk2d,8.31862,0.27355716,8.89937397235148e-17,1.1674563990493527e-15,0.31600729517396187,0.2451467268623025,MHb,CAMK2D,True
Slc9a9,8.31539,0.49509895,9.14513705154972e-17,1.1987244068785794e-15,0.1587401795735129,0.09880683650435343,MHb,SLC9A9,True
Fam174a,8.314169,0.5864196,9.239769687407598e-17,1.2101479732292947e-15,0.1442199775533109,0.0853273137697517,MHb,FAM174A,True
Egf,8.313396,2.187651,9.300093042409194e-17,1.217063146933404e-15,0.06895342312008979,0.013028055465978716,MHb,EGF,True
Sh3bgrl3,8.311282,0.6034112,9.467331896153717e-17,1.2379474003256779e-15,0.14379910213243546,0.08519832312157369,MHb,SH3BGRL3,True
Ube2d3,8.30853,0.39401063,9.689496837340054e-17,1.2659742434893004e-15,0.20068742985409652,0.13892292808771364,MHb,UBE2D3,True
Cct8,8.300343,0.5737682,1.0381159741761365e-16,1.355248255229944e-15,0.14772727272727273,0.08881006127055789,MHb,CCT8,True
Psmd7,8.293593,0.6178216,1.098773338521809e-16,1.4321239927953475e-15,0.13706509539842873,0.07868429538858433,MHb,PSMD7,True
Cuta,8.292654,0.7688549,1.1074882892116703e-16,1.4423206987116558e-15,0.11531986531986532,0.057787810383747175,MHb,CUTA,True
Irf2bpl,8.292047,0.913801,1.1131632860892006e-16,1.4485451450114899e-15,0.10178170594837262,0.04488874556594647,MHb,IRF2BPL,True
Fis1,8.291312,0.4498633,1.1200620215882926e-16,1.4563507394847775e-15,0.1947250280583614,0.13389229280877135,MHb,FIS1,True
Elof1,8.287495,0.79003805,1.1565839637711816e-16,1.5026301697991054e-15,0.11230359147025813,0.05501451144792002,MHb,ELOF1,True
Klhl7,8.282359,0.3818655,1.207591443832431e-16,1.5676397756010893e-15,0.1992845117845118,0.13769751693002258,MHb,KLHL7,True
Psmc2,8.27179,0.70378196,1.3196293969753857e-16,1.7117085401825874e-15,0.12254489337822672,0.06494679135762657,MHb,PSMC2,True
Sec24b,8.270131,0.39503285,1.3381172904273761e-16,1.7342986516556737e-15,0.1893939393939394,0.12860367623347307,MHb,SEC24B,True
Pik3ca,8.259661,0.42637178,1.4608716472849485e-16,1.8918814167200994e-15,0.16133557800224466,0.10125765881973557,MHb,PIK3CA,True
Bcas2,8.253452,0.5856767,1.5388283559535454e-16,1.991243892603888e-15,0.15165544332210998,0.09319574330861012,MHb,BCAS2,True
Vdac3,8.251283,0.5989994,1.5670393720363595e-16,2.0261280449790656e-15,0.1566358024691358,0.09848435988390841,MHb,VDAC3,True
Ttc9b,8.249707,1.0896395,1.5878361784992531e-16,2.0513778104812637e-15,0.09448653198653198,0.0382457271847791,MHb,TTC9B,True
Rps2,8.243291,0.35739768,1.675377267968548e-16,2.1627475905340193e-15,0.3049943883277217,0.24101902612060624,MHb,RPS2,True
Gbf1,8.2326765,0.34300995,1.8307614581434943e-16,2.359567058603269e-15,0.21640011223344557,0.15395033860045146,MHb,GBF1,True
Gdi2,8.232373,0.47212136,1.8354027950587066e-16,2.3636656218212246e-15,0.17410213243546577,0.11480167687842631,MHb,GDI2,True
Tspyl1,8.221971,0.7071063,2.001856080929384e-16,2.5759763014345893e-15,0.12037037037037036,0.06326991293131248,MHb,TSPYL1,True
Ppp2ca,8.221044,0.4619315,2.0173954386488446e-16,2.5939086820465074e-15,0.19774130190796857,0.1382134795227346,MHb,PPP2CA,True
Chmp2a,8.216798,0.57081985,2.0900947556457963e-16,2.6831176724262503e-15,0.14990179573512907,0.09171235085456304,MHb,CHMP2A,True
Myl12b,8.215603,0.5619782,2.1110086269619435e-16,2.7078163791522157e-15,0.1627384960718294,0.10441792970009674,MHb,MYL12B,True
Vps29,8.213979,0.6635165,2.139772780570171e-16,2.742537616935223e-15,0.13538159371492706,0.0779748468236053,MHb,VPS29,True
Sybu,8.211504,0.3126496,2.1843513109527656e-16,2.797457043124385e-15,0.2838804713804714,0.21696227023540793,MHb,SYBU,True
Lsm6,8.204443,0.6538142,2.316624230754692e-16,2.9598259820266304e-15,0.12661335578002245,0.06926797807158981,MHb,LSM6,True
Rps28,8.202251,0.31863448,2.3592578240721767e-16,3.0119175457275028e-15,0.39863916947250283,0.3342147694292164,MHb,RPS28,True
Hibadh,8.200305,0.5316669,2.397783590492117e-16,3.058686875095425e-15,0.1423260381593715,0.08429538858432764,MHb,HIBADH,True
Ndufs3,8.191569,0.6235861,2.5784226370801283e-16,3.28393591769851e-15,0.13685465768799102,0.07932924862947437,MHb,NDUFS3,True
Cct3,8.191025,0.6329057,2.5901113501924923e-16,3.2962274657249064e-15,0.13629349046015712,0.07900677200902935,MHb,CCT3,True
Nefm,8.189117,0.7384993,2.631493705228334e-16,3.3462587014204643e-15,0.11889730639730639,0.06198000644953241,MHb,NEFM,True
Trappc9,8.18763,0.34635097,2.664201334871279e-16,3.3851890488250543e-15,0.20917508417508418,0.1471783295711061,MHb,TRAPPC9,True
Higd2a,8.186187,0.71859634,2.6963265203002046e-16,3.4233187963780067e-15,0.12584175084175084,0.06875201547887778,MHb,HIGD2A,True
Mpc2,8.182391,0.5627404,2.782660459916628e-16,3.5301594462079577e-15,0.17711840628507294,0.11983231215736859,MHb,MPC2,True
Hras,8.1732435,0.6775356,3.002069986987613e-16,3.8055236708091414e-15,0.12857744107744107,0.07146081909061593,MHb,HRAS,True
Bicd1,8.1587105,0.2767873,3.386201143523163e-16,4.285743622573331e-15,0.3214786756453423,0.254240567558852,MHb,BICD1,True
Srsf3,8.153465,0.44282776,3.5364121219920033e-16,4.472358567100911e-15,0.18301066217732884,0.1235085456304418,MHb,SRSF3,True
Hint2,8.151046,0.85932094,3.607901398622647e-16,4.5592035252126025e-15,0.10739337822671156,0.05133827797484682,MHb,HINT2,True
Pcbp2,8.148899,0.34232253,3.672521191467738e-16,4.6372388971109024e-15,0.2382154882154882,0.17536278619800064,MHb,PCBP2,True
Micu3,8.143137,0.35592613,3.8516660061150646e-16,4.8520792561457304e-15,0.23716329966329966,0.1749113189293776,MHb,MICU3,True
Mapre3,8.139499,0.42596194,3.969168963943692e-16,4.9962107386606395e-15,0.1853956228956229,0.12583037729764593,MHb,MAPRE3,True
Arnt2,8.137521,0.44353804,4.034532628171354e-16,5.074538511716302e-15,0.15593434343434343,0.09712995807803934,MHb,ARNT2,True
Cltc,8.134235,0.33710036,4.145475259873218e-16,5.210028152948664e-15,0.2507716049382716,0.18793937439535632,MHb,CLTC,True
Mrpl36,8.133921,1.1002455,4.156233124183005e-16,5.2194930732655364e-15,0.09196127946127947,0.036568848758465014,MHb,MRPL36,True
Eif3k,8.133638,0.5730092,4.165950332240653e-16,5.227637441737204e-15,0.15004208754208753,0.09222831344727507,MHb,EIF3K,True
Tbcb,8.133406,0.5927372,4.1739449173035904e-16,5.233609227704309e-15,0.143658810325477,0.08616575298290874,MHb,TBCB,True
Scg3,8.131071,0.3261294,4.2551300086873715e-16,5.331272493456099e-15,0.2105780022446689,0.14756530151564012,MHb,SCG3,True
Polr2m,8.125972,0.56328046,4.4379104136113124e-16,5.5559753049661745e-15,0.1425364758698092,0.08500483714930668,MHb,POLR2M,True
Susd4,8.123797,0.312732,4.518187515017785e-16,5.6521023244712045e-15,0.22720258136924804,0.163947113834247,MHb,SUSD4,True
Cdv3,8.122748,0.6740183,4.557440243703566e-16,5.6924012310351485e-15,0.12114197530864197,0.06462431473718155,MHb,CDV3,True
Mzt1,8.121916,0.7037834,4.588798183455132e-16,5.7271458809712005e-15,0.11686307519640853,0.06049661399548533,MHb,MZT1,True
Hagh,8.115358,0.7526737,4.843528807972146e-16,6.040406975246681e-15,0.12030022446689113,0.06410835214446953,MHb,HAGH,True
Ube4b,8.114735,0.40231457,4.868480348995876e-16,6.066846659861965e-15,0.17964365881032548,0.12028377942599161,MHb,UBE4B,True
Slc25a27,8.114202,0.45912212,4.889886601637323e-16,6.0888310840249196e-15,0.1545314253647587,0.09603353756852628,MHb,SLC25A27,True
Arpc3,8.114017,0.6728175,4.897342135472926e-16,6.093423772405737e-15,0.1289983164983165,0.07236375362786197,MHb,ARPC3,True
Sdha,8.110714,0.38408518,5.032326505098425e-16,6.256562737891393e-15,0.20012626262626262,0.13950338600451467,MHb,SDHA,True
Trmt112,8.109371,0.7088357,5.088234449479171e-16,6.320153669182502e-15,0.12177328843995511,0.06526926797807159,MHb,TRMT112,True
Ndufs2,8.109299,0.584924,5.091289169053972e-16,6.320153669182502e-15,0.14576318742985409,0.08835859400193485,MHb,NDUFS2,True
Rps10,8.103362,0.29642645,5.346093828445718e-16,6.62628871073636e-15,0.44297138047138046,0.3844566268945501,MHb,RPS10,True
Paip1,8.10288,0.5491088,5.367332272074376e-16,6.64751910419625e-15,0.14148428731762064,0.08423089326023864,MHb,PAIP1,True
Igfbp7,8.101065,1.1437238,5.448006833823449e-16,6.742273185699641e-15,0.0859287317620651,0.03050628829409868,MHb,IGFBP7,True
Sucla2,8.099907,0.57449794,5.500121525030079e-16,6.801564653468006e-15,0.14906004489337824,0.09197033215091906,MHb,SUCLA2,True
Rab21,8.096209,0.51572305,5.669865712846926e-16,7.000769305748018e-15,0.1526374859708193,0.09487262173492422,MHb,RAB21,True
Map1lc3b,8.095375,0.6176058,5.708816863194751e-16,7.043486862103364e-15,0.1400813692480359,0.08326346339890357,MHb,MAP1LC3B,True
Txn2,8.0940485,0.7531133,5.771354883996414e-16,7.104979666486047e-15,0.11216329966329966,0.05617542728152209,MHb,TXN2,True
Cfl2,8.094039,0.53500485,5.771835104644616e-16,7.104979666486047e-15,0.15382996632996632,0.0962915188648823,MHb,CFL2,True
Psmb2,8.087531,0.51462734,6.088608159845613e-16,7.489219542623786e-15,0.16000280583613916,0.10209609803289262,MHb,PSMB2,True
Acyp2,8.073511,0.35025308,6.830502316779267e-16,8.38901860090392e-15,0.23365600448933782,0.17168655272492744,MHb,ACYP2,True
Ap2s1,8.058126,0.5988522,7.747270239246224e-16,9.507746291335938e-15,0.13313692480359146,0.07616897774911319,MHb,AP2S1,True
Mrpl12,8.056542,0.8271106,7.848251929979117e-16,9.624372628310251e-15,0.10704264870931537,0.05153176394711383,MHb,MRPL12,True
Snx29,8.056266,0.3698701,7.866040282655984e-16,9.638878906966709e-15,0.20117845117845118,0.14118026443082876,MHb,SNX29,True
Eif3i,8.05382,0.7215841,8.024920592567031e-16,9.826123435637526e-15,0.11609147025813693,0.060109642050951304,MHb,EIF3I,True
Pigp,8.052275,0.72781575,8.126954466260298e-16,9.943531655957664e-15,0.11307519640852974,0.05727184779103515,MHb,PIGP,True
Dnaja2,8.046455,0.5103908,8.522655187668739e-16,1.0419799520827048e-14,0.16645622895622897,0.10893260238632699,MHb,DNAJA2,True
Btbd1,8.043064,0.43123356,8.761914112232454e-16,1.070422664390936e-14,0.16610549943883277,0.10783618187681393,MHb,BTBD1,True
Hspa1a,8.042187,0.85581034,8.824932116304395e-16,1.0773077508016875e-14,0.11539001122334455,0.060303128023218314,MHb,HSPA1A,True
Psmd8,8.041407,0.8137664,8.881295657667385e-16,1.0833707184220961e-14,0.10802469135802469,0.0526281844566269,MHb,PSMD8,True
Kif1bp,8.029254,0.6813286,9.806709487458272e-16,1.1953543779927472e-14,0.1191077441077441,0.06333440825540149,MHb,KIF1BP,True
Synj1,8.028093,0.31526873,9.89992495066551e-16,1.2058078770859535e-14,0.2269219977553311,0.16426959045469203,MHb,SYNJ1,True
Fbxo2,8.027538,0.76085126,9.944807147778323e-16,1.210363097180695e-14,0.10914702581369248,0.05359561431796195,MHb,FBXO2,True
P3h2,8.024872,1.6077507,1.0163181621563383e-15,1.23601099796081e-14,0.07407407407407407,0.01980006449532409,MHb,P3H2,True
Ccdc6,8.024512,0.8984615,1.0193022895592447e-15,1.2387088304748897e-14,0.09708193041526375,0.042050951306030315,MHb,CCDC6,True
Meaf6,8.023211,0.55845284,1.0301632509710069e-15,1.2507513703722582e-14,0.13980078563411896,0.08306997742663656,MHb,MEAF6,True
Polr2f,8.02314,0.77915436,1.0307583163562411e-15,1.2507513703722582e-14,0.10774410774410774,0.05224121251209287,MHb,POLR2F,True
Gtf2i,8.021251,0.3349233,1.0467349752119167e-15,1.2691857739169979e-14,0.21906565656565657,0.1580780393421477,MHb,GTF2I,True
Lca5,8.020144,0.7515253,1.0562101588254382e-15,1.279715304794117e-14,0.11153198653198654,0.05611093195743309,MHb,LCA5,True
Psma6,8.019463,0.7099454,1.062091070021896e-15,1.2858774743715697e-14,0.12191358024691358,0.06617220251531764,MHb,PSMA6,True
Ube2k,8.018274,0.33109042,1.0724102780169253e-15,1.297399868879863e-14,0.23674242424242425,0.1747178329571106,MHb,UBE2K,True
Mrpl52,8.016013,0.56238306,1.0923250241953988e-15,1.320505027381209e-14,0.13952020202020202,0.08274750080619155,MHb,MRPL52,True
Tcaf1,8.007831,0.30036628,1.1674989598705039e-15,1.4103282805007768e-14,0.28808922558922556,0.22308932602386328,MHb,TCAF1,True
Uqcrc1,7.994113,0.5470421,1.3051007880320377e-15,1.5753735258521052e-14,0.14814814814814814,0.09145436955820703,MHb,UQCRC1,True
Tomm22,7.993098,0.76301855,1.3158947197025735e-15,1.587218276747884e-14,0.11033950617283951,0.055079006772009026,MHb,TOMM22,True
Rps19,7.99059,0.31868643,1.342945707094077e-15,1.618639851881274e-14,0.33585858585858586,0.2704933892292809,MHb,RPS19,True
Dtnbp1,7.9874444,0.6246119,1.3776476936299648e-15,1.6592294448596188e-14,0.12142255892255892,0.0655917445985166,MHb,DTNBP1,True
Ube2l3,7.984675,0.48815143,1.4089301869557382e-15,1.6956432867566267e-14,0.14316778900112234,0.08610125765881974,MHb,UBE2L3,True
Hspa1b,7.982958,0.87996405,1.428678593673231e-15,1.7181320633951312e-14,0.11047979797979798,0.05585295066107707,MHb,HSPA1B,True
C1qbp,7.9798985,0.9100668,1.464535314154712e-15,1.759944926185176e-14,0.09785353535353536,0.04314737181554337,MHb,C1QBP,True
Ndufv1,7.9794984,0.5608956,1.4692942721063648e-15,1.764352995643686e-14,0.14400953984287318,0.0873266688165108,MHb,NDUFV1,True
Oaz2,7.9781976,0.5928723,1.4848561715226886e-15,1.781717253292247e-14,0.12450897867564534,0.06855852950661077,MHb,OAZ2,True
Cotl1,7.972103,0.83005965,1.5599671629099234e-15,1.869071767412445e-14,0.09988776655443322,0.04508223153821348,MHb,COTL1,True
Cited2,7.9707036,0.8530134,1.577732796562853e-15,1.8889584000299147e-14,0.10697250280583614,0.052112221863914863,MHb,CITED2,True
Immp1l,7.969512,0.5131775,1.5930232310113652e-15,1.9058543462728427e-14,0.13994107744107745,0.0833924540470816,MHb,IMMP1L,True
Emid1,7.964012,2.6810417,1.665487506696244e-15,1.9910761582270325e-14,0.059694163860830526,0.006127055788455337,MHb,EMID1,True
H2afy,7.9624085,0.428289,1.687224750023098e-15,2.0155731411834278e-14,0.17901234567901234,0.12067075137052563,MHb,H2AFY,True
Arf1,7.9563904,0.5112324,1.7713121358644998e-15,2.1144630108936003e-14,0.15488215488215487,0.0981618832634634,MHb,ARF1,True
Mrpl27,7.9485188,0.86273336,1.88754521631456e-15,2.2515519081038356e-14,0.10009820426487093,0.0454692034827475,MHb,MRPL27,True
Tbc1d4,7.9469495,0.74782443,1.9116025288478746e-15,2.2785682316959744e-14,0.11665263748597082,0.0617865204772654,MHb,TBC1D4,True
Rpl3,7.9456463,0.3136449,1.9318105970119996e-15,2.3009599710360155e-14,0.3869949494949495,0.3253789100290229,MHb,RPL3,True
Ica1,7.9366403,0.29633227,2.0773112600369427e-15,2.472443681464132e-14,0.25526094276094274,0.19309900032247662,MHb,ICA1,True
Ppp1r1b,7.9350986,1.6146741,2.1032792816636598e-15,2.500719973170644e-14,0.0691638608305275,0.015478877781360851,MHb,PPP1R1B,True
Tbc1d5,7.934099,0.3431318,2.1202840923576113e-15,2.5180319525612602e-14,0.21387485970819303,0.15388584327636246,MHb,TBC1D5,True
Fem1b,7.9301887,0.70609367,2.188132290282508e-15,2.596701378966953e-14,0.10900673400673401,0.05404708158658497,MHb,FEM1B,True
Mrps36,7.926815,0.8470352,2.24838088517994e-15,2.6662434617144813e-14,0.10683221099887767,0.05237020316027088,MHb,MRPS36,True
Rhobtb3,7.9235344,0.61987644,2.3085308556733317e-15,2.7355667831879958e-14,0.12177328843995511,0.06636568848758465,MHb,RHOBTB3,True
Actr2,7.9208345,0.3569833,2.359219043704648e-15,2.7935847753969753e-14,0.1985830527497194,0.13943889068042567,MHb,ACTR2,True
Ngly1,7.919413,0.7721041,2.3863458785102604e-15,2.823638960124613e-14,0.10255331088664423,0.04792002579812964,MHb,NGLY1,True
Sf3b5,7.913215,0.90004396,2.5082551084254237e-15,2.965718302542488e-14,0.09883557800224467,0.044566268945501454,MHb,SF3B5,True
Samd14,7.9071937,0.7390828,2.6325639785240247e-15,3.1104252996805037e-14,0.1053591470258137,0.05069332473395679,MHb,SAMD14,True
Extl2,7.9036226,0.5017677,2.709127269505695e-15,3.198549896660921e-14,0.1351010101010101,0.07868429538858433,MHb,EXTL2,True
C1d,7.902578,0.72855175,2.731937450645131e-15,3.223128246840627e-14,0.11188271604938271,0.05714285714285714,MHb,C1D,True
Zcchc18,7.9011807,0.35641745,2.7627402461705224e-15,3.2570935482367494e-14,0.27946127946127947,0.21941309255079006,MHb,ZCCHC18,True
Cox7a2l,7.897381,0.4275293,2.8482541028862667e-15,3.355463227544455e-14,0.19718013468013468,0.13898742341180265,MHb,COX7A2L,True
Actr10,7.8958254,0.5540632,2.883999839630744e-15,3.3951017034954354e-14,0.14127384960718295,0.08558529506610771,MHb,ACTR10,True
Hnrnpd,7.8951745,0.36359364,2.899093267686576e-15,3.410387898533117e-14,0.20384399551066218,0.14440503063527893,MHb,HNRNPD,True
Slirp,7.887597,0.7057453,3.0806070360873654e-15,3.6212804366797335e-14,0.1122334455667789,0.05746533376330216,MHb,SLIRP,True
Tmem176a,7.8873453,1.0525126,3.0868291264459732e-15,3.625959413236283e-14,0.08684062850729517,0.03295711060948081,MHb,TMEM176A,True
Tmem63c,7.881031,0.96448684,3.246905236509334e-15,3.81122584909568e-14,0.09560886644219978,0.0417929700096743,MHb,TMEM63C,True
Ppp2r1a,7.8783135,0.5839351,3.318288197814953e-15,3.892190833912753e-14,0.13173400673400673,0.0764914543695582,MHb,PPP2R1A,True
Eif3c,7.876038,0.5247755,3.3792567964829644e-15,3.960831788631301e-14,0.15691638608305275,0.10099967752337956,MHb,EIF3C,True
Psenen,7.87103,0.60996616,3.5173346490400492e-15,4.116706797990072e-14,0.13124298540965207,0.07584650112866817,MHb,PSENEN,True
Nhlh2,7.868189,0.6825684,3.5981184368824916e-15,4.208211548559241e-14,0.11889730639730639,0.06436633344082554,MHb,NHLH2,True
Atp6v1b2,7.862787,0.3495158,3.75680787044317e-15,4.3906334757527656e-14,0.20819304152637486,0.14872621734924218,MHb,ATP6V1B2,True
Smim11,7.856946,0.9497532,3.93612639635383e-15,4.593567421430245e-14,0.09273288439955106,0.03901967107384715,MHb,SMIM11,True
Ppp1r37,7.855585,0.5633993,3.9790985319256085e-15,4.640369052191544e-14,0.12008978675645342,0.06481780070944856,MHb,PPP1R37,True
Polr2g,7.855171,0.7004962,3.992262835523453e-15,4.6523668130109406e-14,0.11861672278338944,0.06397936149629152,MHb,POLR2G,True
Mat2b,7.8509817,0.8341,4.127931535833529e-15,4.807004506271226e-14,0.10185185185185185,0.04785553047404063,MHb,MAT2B,True
Fhit,7.8395557,0.51348084,4.521434112114806e-15,5.2614530045652505e-14,0.15228675645342313,0.09667849080941632,MHb,FHIT,True
Pdap1,7.83458,0.57683986,4.704121138180953e-15,5.470104918050102e-14,0.130331088664422,0.07513705256368913,MHb,PDAP1,True
Sgsm2,7.818473,0.3950728,5.346798714621727e-15,6.208504609404625e-14,0.16470258136924804,0.10764269590454692,MHb,SGSM2,True
Rps25,7.81739,0.32506478,5.392993214859391e-15,6.257651739623433e-14,0.35725308641975306,0.29751693002257334,MHb,RPS25,True
BC029722,7.8158426,0.86360455,5.459655044128755e-15,6.330460239339256e-14,0.09694163860830528,0.04334085778781038,MHb,BC029722,True
Emc2,7.813629,0.5165162,5.556448576955555e-15,6.438077058184534e-14,0.1381172839506173,0.08268300548210254,MHb,EMC2,True
Kctd12b,7.809376,1.5013107,5.747181497278654e-15,6.654306422224927e-14,0.07091750841750842,0.01805869074492099,MHb,KCTD12B,True
Trappc3,7.8041797,0.56309015,5.988986335739018e-15,6.929317165992748e-14,0.12163299663299663,0.06675266043211867,MHb,TRAPPC3,True
Psmc3,7.8016515,0.58811605,6.110230740601106e-15,7.064544834111714e-14,0.1339786756453423,0.07920025798129636,MHb,PSMC3,True
Aff4,7.801554,0.30349347,6.114941921263783e-15,7.064941826888692e-14,0.23056958473625142,0.16988068365043535,MHb,AFF4,True
Phf20,7.79737,0.44285676,6.321075954658507e-15,7.297887477987248e-14,0.14828843995510663,0.09222831344727507,MHb,PHF20,True
Elavl4,7.796849,0.27918333,6.3472339863986785e-15,7.322860893723154e-14,0.33031705948372614,0.2624959690422444,MHb,ELAVL4,True
Zmat2,7.7933545,0.5027076,6.525317876765996e-15,7.52295200689166e-14,0.1465347923681257,0.090938406965495,MHb,ZMAT2,True
Wbp4,7.785906,0.53866255,6.9215376619830856e-15,7.974064934656439e-14,0.13937991021324356,0.08416639793614963,MHb,WBP4,True
Nrcam,7.7830744,0.28191188,7.0782911346160234e-15,8.148851181666489e-14,0.42767957351290686,0.36659142212189616,MHb,NRCAM,True
Arl1,7.7818136,0.6178986,7.149207477056041e-15,8.22463946951504e-14,0.12345679012345678,0.06888100612705579,MHb,ARL1,True
Ranbp1,7.7773266,0.7034928,7.407331929370414e-15,8.51553617324566e-14,0.11973905723905724,0.06584972589487262,MHb,RANBP1,True
Polr2i,7.771918,0.86265683,7.730653006156512e-15,8.880917072058352e-14,0.09694163860830528,0.043598839084166396,MHb,POLR2I,True
Wbp2,7.7695975,0.6004986,7.8735845105717e-15,9.038696200035292e-14,0.12913860830527496,0.07487907126733312,MHb,WBP2,True
Pxmp4,7.7641215,1.3071897,8.221297318364723e-15,9.431169086847474e-14,0.07498597081930415,0.02231538213479523,MHb,PXMP4,True
Trim36,7.7602096,1.8832599,8.478911440233057e-15,9.71980103088375e-14,0.06628787878787878,0.013930990003224767,MHb,TRIM36,True
Anapc11,7.755176,0.6433151,8.822105776360876e-15,1.0098907355459106e-13,0.1164421997755331,0.062302483069977425,MHb,ANAPC11,True
Brms1l,7.7542853,0.5737662,8.884242351569629e-15,1.0162844415603873e-13,0.12605218855218855,0.07171880038697194,MHb,BRMS1L,True
Trappc4,7.752644,0.75829387,8.999846556472683e-15,1.0287810462964357e-13,0.10753367003367004,0.053918090938406965,MHb,TRAPPC4,True
Bcas3,7.7517815,0.2930277,9.061238535358099e-15,1.0350673256314777e-13,0.24242424242424243,0.182005804579168,MHb,BCAS3,True
Rnf7,7.749219,0.47572508,9.245931101541452e-15,1.0554194464885886e-13,0.15895061728395063,0.10332150919058368,MHb,RNF7,True
Mapkap1,7.7441864,0.3791698,9.619596260079383e-15,1.0972987976500988e-13,0.16603535353535354,0.10931957433086101,MHb,MAPKAP1,True
Mrps34,7.739305,0.8872349,9.996161123706471e-15,1.1394496559263717e-13,0.09595959595959595,0.04288939051918736,MHb,MRPS34,True
Ccdc124,7.736614,0.75018823,1.0209936967141517e-14,1.1629981017148876e-13,0.10893658810325477,0.05546597871654305,MHb,CCDC124,True
Lonp2,7.7322927,0.42296052,1.056266053690273e-14,1.2023295860971263e-13,0.15137485970819303,0.09564656562399226,MHb,LONP2,True
Rundc3a,7.731289,0.3517814,1.064632809126059e-14,1.2110011032077357e-13,0.1919191919191919,0.13408577878103836,MHb,RUNDC3A,True
Slc18a3,7.72801,2.1237595,1.0924065986021916e-14,1.2417200795776843e-13,0.06130751964085297,0.009222831344727508,MHb,SLC18A3,True
Stx7,7.723531,0.52025443,1.1315072314382733e-14,1.285261900878797e-13,0.13538159371492706,0.08087713640761045,MHb,STX7,True
Kcnd3,7.721411,0.2694921,1.1504881350856843e-14,1.3059049533341013e-13,0.2859848484848485,0.22276684940341826,MHb,KCND3,True
Lhfpl4,7.7169547,0.4860489,1.1914184501354235e-14,1.3514160891262607e-13,0.130331088664422,0.07545952918413415,MHb,LHFPL4,True
Rps27,7.7168264,0.30051225,1.1926179026879512e-14,1.3518286318134275e-13,0.37282547699214363,0.3111899387294421,MHb,RPS27,True
Dnajc15,7.715679,0.53846264,1.2033964870431055e-14,1.3630909088180834e-13,0.13362794612794612,0.07900677200902935,MHb,DNAJC15,True
Atp6v1c1,7.71126,0.5207037,1.245815075172412e-14,1.410151073541901e-13,0.14127384960718295,0.08655272492744276,MHb,ATP6V1C1,True
Ufc1,7.710815,0.7160389,1.2501674256558382e-14,1.4140879797191037e-13,0.11040965207631874,0.057013866494679134,MHb,UFC1,True
Mrps12,7.690373,0.73511577,1.4670655445155803e-14,1.6582659107295254e-13,0.10907687991021324,0.05578845533698807,MHb,MRPS12,True
Pum1,7.6887827,0.32819808,1.485413893488128e-14,1.677833081506318e-13,0.1932519640852974,0.13544018058690746,MHb,PUM1,True
Mrps14,7.687901,0.6689236,1.4956863708761316e-14,1.6882572958074968e-13,0.12142255892255892,0.06778458561754273,MHb,MRPS14,True
Limk2,7.685893,0.50629103,1.5193321745169224e-14,1.7137515985224e-13,0.1308922558922559,0.0764269590454692,MHb,LIMK2,True
Hdgf,7.683998,0.5176713,1.5419869426888987e-14,1.7380932960273823e-13,0.1419753086419753,0.08758465011286681,MHb,HDGF,True
Pam16,7.6810007,0.55494744,1.5785065366384103e-14,1.7780183307887385e-13,0.13082210998877666,0.0763624637213802,MHb,PAM16,True
Rps5,7.677053,0.33910805,1.627902390862861e-14,1.8323814316079875e-13,0.30303030303030304,0.24379232505643342,MHb,RPS5,True
B230118H07Rik,7.675994,0.76055515,1.64140786091078e-14,1.846298480544636e-13,0.10262345679012345,0.04972589487262173,MHb,B230118H07RIK,True
Psmd11,7.6711373,0.50592005,1.7047796379106113e-14,1.9162481336486544e-13,0.1402216610549944,0.08584327636246372,MHb,PSMD11,True
Rpl10,7.6707582,0.31776357,1.709822847687733e-14,1.9205822612047976e-13,0.325827721661055,0.26520477265398257,MHb,RPL10,True
Eml4,7.6679897,0.39557543,1.747128817148007e-14,1.9611248173052752e-13,0.15502244668911336,0.09925830377297645,MHb,EML4,True
Rsrc2,7.658926,0.38395265,1.87494552975337e-14,2.1031375827850736e-13,0.18876262626262627,0.13202192841019025,MHb,RSRC2,True
Prkacb,7.6588078,0.30907202,1.876671359127537e-14,2.1036146385230708e-13,0.22615039281705948,0.1670428893905192,MHb,PRKACB,True
Sdhaf4,7.657864,0.92775357,1.8905045560871746e-14,2.1176531298275658e-13,0.09490740740740741,0.04256691389874234,MHb,SDHAF4,True
Tprgl,7.657615,0.5871306,1.8941751371117322e-14,2.120296390503963e-13,0.12717452300785634,0.07320219284101903,MHb,TPRGL,True
Atg10,7.6367598,0.5593285,2.2275628164783926e-14,2.490036527749689e-13,0.12626262626262627,0.072686230248307,MHb,ATG10,True
Cmpk1,7.636044,0.5608059,2.2399758805698814e-14,2.502183001948745e-13,0.13138327721661056,0.07758787487907126,MHb,CMPK1,True
Coq7,7.633874,0.8758889,2.278030633131344e-14,2.5429361967494473e-13,0.0960297418630752,0.0436633344082554,MHb,COQ7,True
Rps14,7.6251693,0.2808631,2.4371462573477158e-14,2.7179003593938187e-13,0.44388327721661053,0.3855530474040632,MHb,RPS14,True
Psmb7,7.6251173,0.56032026,2.4381288540837288e-14,2.7179003593938187e-13,0.12836700336700338,0.07468558529506611,MHb,PSMB7,True
Prrc2c,7.6213436,0.27941406,2.5104872925930124e-14,2.7966344323479326e-13,0.3079405162738496,0.24463076426959046,MHb,PRRC2C,True
Tmem234,7.619791,0.44193053,2.540866369293838e-14,2.828528115851881e-13,0.16035353535353536,0.1052563689132538,MHb,TMEM234,True
Mrpl41,7.617935,0.71107185,2.5776532226681486e-14,2.8655354554403646e-13,0.11987934904601572,0.06713963237665269,MHb,MRPL41,True
Rps6,7.6171303,0.3104962,2.5937726923951344e-14,2.8814748145255015e-13,0.3491161616161616,0.2874556594646888,MHb,RPS6,True
Naa38,7.6162105,0.81848884,2.6123124704845703e-14,2.9000792182627264e-13,0.0973625140291807,0.044953240890035474,MHb,NAA38,True
Supt4a,7.611073,0.80582666,2.7182966072621604e-14,3.013601619086048e-13,0.10044893378226712,0.048049016446307644,MHb,SUPT4A,True
Fuom,7.609549,0.7871887,2.7505435490595423e-14,3.0472631442491845e-13,0.10213243546576879,0.04966139954853273,MHb,FUOM,True
Taf10,7.608981,0.7769569,2.7626553281155988e-14,3.0585865798952645e-13,0.10311447811447812,0.05069332473395679,MHb,TAF10,True
Uhrf1bp1l,7.605245,0.46438056,2.8436428709490987e-14,3.1460959943639993e-13,0.13952020202020202,0.08526281844566269,MHb,UHRF1BP1L,True
Capza2,7.604093,0.4186837,2.869086248568068e-14,3.172075876321839e-13,0.18076599326599327,0.1253144147049339,MHb,CAPZA2,True
Snx6,7.6009583,0.5253885,2.939456243567331e-14,3.2454405965666607e-13,0.13187429854096522,0.07829732344405031,MHb,SNX6,True
Vti1a,7.6005316,0.27579844,2.949167344166805e-14,3.253941459201778e-13,0.24565095398428732,0.1855530474040632,MHb,VTI1A,True
Snrpe,7.59991,0.6624809,2.963375642734877e-14,3.267389299334467e-13,0.11840628507295174,0.0654627539503386,MHb,SNRPE,True
Strbp,7.5990305,0.2773045,2.983576565561188e-14,3.287421726699742e-13,0.46787317620650953,0.4039342147694292,MHb,STRBP,True
Aebp1,7.595941,1.524216,3.0556389569772924e-14,3.3645309822401436e-13,0.07196969696969698,0.020638503708481134,MHb,AEBP1,True
Ybx1,7.5934763,0.37991577,3.1143565926725584e-14,3.4268515569033084e-13,0.19086700336700338,0.13485972267010643,MHb,YBX1,True
Ube2e1,7.5911384,0.5304681,3.171074652635204e-14,3.486888681602612e-13,0.13825757575757575,0.08461786520477266,MHb,UBE2E1,True
Zmiz2,7.5899444,0.580695,3.2004304883275783e-14,3.516777387819197e-13,0.11791526374859708,0.06481780070944856,MHb,ZMIZ2,True
Mtmr3,7.5865083,0.34656933,3.2864109853331885e-14,3.6088050025637693e-13,0.18721941638608305,0.1310544985488552,MHb,MTMR3,True
Hmgn3,7.583847,0.4500842,3.354566225839499e-14,3.681147130458202e-13,0.15712682379349047,0.10241857465333763,MHb,HMGN3,True
Ppp1r11,7.5833406,0.67703325,3.3676931891027144e-14,3.6930465988973834e-13,0.1167929292929293,0.06397936149629152,MHb,PPP1R11,True
Psmd12,7.5819774,0.5771754,3.403282537737544e-14,3.729545734952898e-13,0.12605218855218855,0.07281522089648501,MHb,PSMD12,True
Kdm1a,7.5815444,0.48319677,3.414658746514331e-14,3.738019085160543e-13,0.14015151515151514,0.08635923895517575,MHb,KDM1A,True
Mnat1,7.581507,0.40622023,3.415636604554734e-14,3.738019085160543e-13,0.15614478114478114,0.10125765881973557,MHb,MNAT1,True
Enho,7.575978,0.4990651,3.5643275838169335e-14,3.8981067388937726e-13,0.1385381593714927,0.08423089326023864,MHb,ENHO,True
Pin1,7.5713725,0.7431997,3.6930205946395785e-14,4.03612217015508e-13,0.1026936026936027,0.05030635278942277,MHb,PIN1,True
Rab10,7.570265,0.31893876,3.724642491427674e-14,4.067933308497139e-13,0.2059483726150393,0.14853273137697517,MHb,RAB10,True
Fam171b,7.5678973,0.32498965,3.79313968097283e-14,4.1399483360145425e-13,0.200827721661055,0.14330861012576587,MHb,FAM171B,True
Sdhd,7.563016,0.8871118,3.938286848593768e-14,4.295467955226176e-13,0.09210157126823794,0.04030957755562722,MHb,SDHD,True
Reep1,7.5571237,0.2757324,4.120806478186812e-14,4.491512451797283e-13,0.22685185185185186,0.1673008706868752,MHb,REEP1,True
Stip1,7.551212,0.54880184,4.3122637431367295e-14,4.693867163205692e-13,0.12885802469135801,0.07571751048049016,MHb,STIP1,True
Cul3,7.5509987,0.3310529,4.3193360663604786e-14,4.698403555708187e-13,0.20601851851851852,0.1491131892937762,MHb,CUL3,True
Ralgps2,7.543563,0.33881724,4.573022224252868e-14,4.971010381538316e-13,0.18202861952861954,0.12589487262173493,MHb,RALGPS2,True
Ptprn2,7.540539,0.2580631,4.680333035734884e-14,5.084243576427921e-13,0.46085858585858586,0.3960657852305708,MHb,PTPRN2,True
Cdh3,7.5388565,1.9449025,4.741095159991506e-14,5.146792900192122e-13,0.06397306397306397,0.013157046114156724,MHb,CDH3,True
Morf4l2,7.5368376,0.41798064,4.815054118749337e-14,5.220073751392127e-13,0.17410213243546577,0.11912286359238955,MHb,MORF4L2,True
Epha8,7.5331674,1.7480661,4.9524075051824424e-14,5.365384554341997e-13,0.06551627384960718,0.014640438568203806,MHb,EPHA8,True
Caprin1,7.5322685,0.35363132,4.9866274955111954e-14,5.398842017395823e-13,0.19907407407407407,0.14305062882940986,MHb,CAPRIN1,True
Clip3,7.5304675,0.4573628,5.055897154727116e-14,5.470176353024154e-13,0.14148428731762064,0.08758465011286681,MHb,CLIP3,True
Mlf2,7.527472,0.39955565,5.173214057255795e-14,5.593364797868482e-13,0.1728395061728395,0.11770396646243148,MHb,MLF2,True
Prrc2a,7.5257945,0.42595866,5.2400720298149985e-14,5.655103062050637e-13,0.14618406285072952,0.09216381812318607,MHb,PRRC2A,True
Taldo1,7.5257764,0.58425325,5.2408033941353355e-14,5.655103062050637e-13,0.12086139169472503,0.06823605288616576,MHb,TALDO1,True
Stxbp5,7.5234966,0.27491793,5.3330462723512795e-14,5.750801563685462e-13,0.23372615039281705,0.17433086101257658,MHb,STXBP5,True
Kdm4c,7.522284,0.3320784,5.3827393791120864e-14,5.80052028362012e-13,0.18953423120089788,0.13331183489197032,MHb,KDM4C,True
Ash1l,7.5213695,0.25095052,5.4205527179943925e-14,5.837379508226318e-13,0.2780583613916947,0.21509190583682683,MHb,ASH1L,True
Cmas,7.5108266,0.49423888,5.875522319798477e-14,6.318921111884333e-13,0.1307519640852974,0.07745888423089325,MHb,CMAS,True
Tcp11l1,7.5042024,0.4359151,6.180369889980546e-14,6.642357672454175e-13,0.14506172839506173,0.09126088358594002,MHb,TCP11L1,True
Cct4,7.5039964,0.62290716,6.190093909771809e-14,6.648391035229682e-13,0.11560044893378227,0.06326991293131248,MHb,CCT4,True
Ablim3,7.5025144,0.38460177,6.26051998767129e-14,6.719569396189988e-13,0.16764870931537598,0.11293131247984521,MHb,ABLIM3,True
Celf3,7.4966426,0.41156197,6.547320435161686e-14,7.022739259863413e-13,0.16056397306397308,0.10654627539503386,MHb,CELF3,True
Mtx2,7.4937615,0.5393937,6.692717068537408e-14,7.173936287845764e-13,0.12780583613916946,0.07500806191551113,MHb,MTX2,True
Pdpk1,7.493314,0.4396306,6.715597054062817e-14,7.193694195328878e-13,0.14534231200897868,0.09158336020638504,MHb,PDPK1,True
BC005624,7.4922166,0.6030126,6.772001145687834e-14,7.249312940536116e-13,0.12093153759820427,0.06862302483069978,MHb,BC005624,True
Bola2,7.481435,0.66480017,7.351547368189549e-14,7.864502558231875e-13,0.11076038159371493,0.05888423089326024,MHb,BOLA2,True
Rtn4,7.4698153,0.2703246,8.030762674209614e-14,8.585432006301422e-13,0.4654882154882155,0.4,MHb,RTN4,True
Rmnd5a,7.4695373,0.43985885,8.047718368835887e-14,8.592200964747225e-13,0.14927048260381592,0.09590454692034828,MHb,RMND5A,True
Tcp1,7.4676337,0.55021334,8.164967615851861e-14,8.711632664010809e-13,0.1284371492704826,0.07597549177684618,MHb,TCP1,True
Tmem258,7.466696,0.605622,8.223355483136869e-14,8.768146007893135e-13,0.11293490460157127,0.060754595291841344,MHb,TMEM258,True
Sept11,7.4663944,0.45391396,8.242190397165201e-14,8.782439372473462e-13,0.13594276094276095,0.08255401483392454,MHb,SEPT11,True
Rbbp4,7.46532,0.4650122,8.309725598127654e-14,8.848572188921317e-13,0.1379769921436588,0.08481135117703967,MHb,RBBP4,True
Tpd52,7.462761,0.45108068,8.472803415431189e-14,9.016289160828914e-13,0.1385381593714927,0.0853273137697517,MHb,TPD52,True
Rpl12,7.4601183,0.33015996,8.644473870641164e-14,9.192923396293282e-13,0.2734287317620651,0.21483392454047082,MHb,RPL12,True
Arpc1a,7.459091,0.4307719,8.712121700763378e-14,9.25877585478631e-13,0.1646324354657688,0.11041599484037408,MHb,ARPC1A,True
Pnmal1,7.458643,0.47955486,8.741816601324766e-14,9.284233980724102e-13,0.14737654320987653,0.09416317316994519,MHb,PNMAL1,True
Chmp5,7.4542184,0.47731882,9.040216114416195e-14,9.594848795976506e-13,0.14576318742985409,0.09235730409545308,MHb,CHMP5,True
Cwc15,7.452765,0.55834866,9.140392263669247e-14,9.69480949933443e-13,0.12780583613916946,0.07539503386004515,MHb,CWC15,True
Eef2,7.4479685,0.28846,9.478844838783649e-14,1.0047202835342433e-12,0.29524410774410775,0.2342470170912609,MHb,EEF2,True
Snx3,7.447751,0.46476033,9.494476307322183e-14,1.0057181026256472e-12,0.1486391694725028,0.09538858432763625,MHb,SNX3,True
Ccdc59,7.4460783,0.77983093,9.615572182053438e-14,1.0178787961041516e-12,0.0981341189674523,0.04695259593679458,MHb,CCDC59,True
Rpl14,7.443558,0.30684334,9.800894530097459e-14,1.0368179792303885e-12,0.3428030303030303,0.2837794259916156,MHb,RPL14,True
Aimp1,7.442314,0.5270226,9.893653393521596e-14,1.0459466904589009e-12,0.12871773288439955,0.07623347307320219,MHb,AIMP1,True
Fam76a,7.433384,0.5962647,1.0585393999627082e-13,1.1183458389547227e-12,0.11616161616161616,0.06436633344082554,MHb,FAM76A,True
Sgms1,7.4244113,0.35903543,1.1328251448348563e-13,1.1952672353361905e-12,0.16806958473625142,0.11357626572073524,MHb,SGMS1,True
Mgst3,7.423475,0.7441105,1.1408688647840025e-13,1.202969614594605e-12,0.10816498316498316,0.05688487584650113,MHb,MGST3,True
Anp32a,7.4211574,0.46910596,1.161014350068426e-13,1.2234141441274782e-12,0.14765712682379348,0.09461464043856821,MHb,ANP32A,True
Pnmal2,7.4147196,0.34210375,1.2188242545176132e-13,1.283494942501458e-12,0.23162177328843994,0.17516930022573363,MHb,PNMAL2,True
Btbd3,7.414475,0.37724313,1.2210743539826173e-13,1.285027825352559e-12,0.1651936026936027,0.1108674621089971,MHb,BTBD3,True
Clcn3,7.4103003,0.27755737,1.2601362323986538e-13,1.3252733133321342e-12,0.25084175084175087,0.19142212189616253,MHb,CLCN3,True
Rnf11,7.4049606,0.38833514,1.3118916346181485e-13,1.3788074847270014e-12,0.1710858585858586,0.1162850693324734,MHb,RNF11,True
Rpl13a,7.403896,0.57567865,1.3224609946142852e-13,1.3890134147977962e-12,0.12387766554433222,0.07242824895195098,MHb,RPL13A,True
Cct5,7.400133,0.63359326,1.3604800862863108e-13,1.4270924381116134e-12,0.1177749719416386,0.06617220251531764,MHb,CCT5,True
Ndn,7.396234,0.4104958,1.4010104438113626e-13,1.4686548236324555e-12,0.18455387205387205,0.12963560141889713,MHb,NDN,True
Grb2,7.387115,0.4529916,1.5004906715050577e-13,1.571919469662844e-12,0.14260662177328845,0.08990648178007095,MHb,GRB2,True
Pak2,7.386268,0.52111834,1.5100732584456302e-13,1.5809343013176743e-12,0.1295594837261504,0.07765237020316026,MHb,PAK2,True
Klhdc2,7.385056,0.63580877,1.5238946823623538e-13,1.5943723471675984e-12,0.1154601571268238,0.06404385682038052,MHb,KLHDC2,True
Twf1,7.3831863,0.8192175,1.5454521483442882e-13,1.6158816095325702e-12,0.09385521885521886,0.043211867139632376,MHb,TWF1,True
A730056A06Rik,7.381167,1.7143693,1.5690832311515225e-13,1.6384713533812701e-12,0.06558641975308642,0.01580135440180587,MHb,A730056A06RIK,True
Dnajc7,7.3771715,0.34471706,1.6168743119690867e-13,1.6848983116050969e-12,0.17424242424242425,0.11938084488874556,MHb,DNAJC7,True
Gadd45gip1,7.377103,0.8195685,1.6177107127806586e-13,1.6848983116050969e-12,0.09448653198653198,0.04379232505643341,MHb,GADD45GIP1,True
Psma1,7.372244,0.50601614,1.6777949108001444e-13,1.7463272691760416e-12,0.1398709315375982,0.08752015478877781,MHb,PSMA1,True
Cnot4,7.3721604,0.28560013,1.6788493994242626e-13,1.7463272691760416e-12,0.21429573512906847,0.15730409545307966,MHb,CNOT4,True
Riiad1,7.3697186,0.9881187,1.7098876453297753e-13,1.7774699655018712e-12,0.0872615039281706,0.03702031602708804,MHb,RIIAD1,True
Xpo6,7.368812,0.50322485,1.7215496880585768e-13,1.7884435584038202e-12,0.12998035914702583,0.07778136085133827,MHb,XPO6,True
Snrnp27,7.3669796,0.67456526,1.7453738149446386e-13,1.8120296185320622e-12,0.10872615039281706,0.05772331505965817,MHb,SNRNP27,True
Dyrk2,7.361831,1.0467968,1.8140457158673334e-13,1.8809095803944948e-12,0.08157968574635241,0.03140922283134473,MHb,DYRK2,True
Cfdp1,7.360856,0.38295987,1.827348095202587e-13,1.8934884971109443e-12,0.16533389450056116,0.11112544340535312,MHb,CFDP1,True
Snrpd3,7.360511,0.6504367,1.832078436566124e-13,1.895960890048436e-12,0.10949775533108866,0.05830377297645921,MHb,SNRPD3,True
Rab11fip2,7.359426,0.46663776,1.847023681595082e-13,1.910205118273686e-12,0.13825757575757575,0.08577878103837472,MHb,RAB11FIP2,True
Fgf10,7.358515,2.1151826,1.859679231018026e-13,1.9220646365314105e-12,0.06081649831649832,0.011286681715575621,MHb,FGF10,True
B230217C12Rik,7.3583584,0.81836903,1.861853255610838e-13,1.9230827847704537e-12,0.09357463524130191,0.04308287649145437,MHb,B230217C12RIK,True
Cirbp,7.357547,0.5101219,1.8732060756570036e-13,1.933574235721253e-12,0.13629349046015712,0.08390841663979362,MHb,CIRBP,True
Ttc8,7.352736,0.33752736,1.9419012962415891e-13,2.0032049404788077e-12,0.1709455667789001,0.11647855530474041,MHb,TTC8,True
Pou6f1,7.3493524,0.5113257,1.9916979686647332e-13,2.0532641582633563e-12,0.12380751964085297,0.07184779103514995,MHb,POU6F1,True
St6galnac4,7.3410206,1.0570759,2.1197156908307333e-13,2.182457116434571e-12,0.07624859708193042,0.026249596904224445,MHb,ST6GALNAC4,True
Nudcd3,7.339667,0.32988557,2.1412584246974493e-13,2.20323505212985e-12,0.17536475869809204,0.12067075137052563,MHb,NUDCD3,True
Atg3,7.335105,0.5286389,2.2154813516026108e-13,2.2781570796040836e-12,0.12135241301907969,0.06984843598839084,MHb,ATG3,True
Cope,7.3329525,0.5613318,2.2513661662130944e-13,2.3135862603873447e-12,0.12275533108866442,0.07120283779425991,MHb,COPE,True
Gpd1,7.3317485,1.2112243,2.2716907350016353e-13,2.33267363360935e-12,0.07175925925925926,0.021928410190261205,MHb,GPD1,True
Hmgn1,7.3316817,0.41174728,2.2728245110159724e-13,2.33267363360935e-12,0.14870931537598203,0.09571106094808127,MHb,HMGN1,True
Rab5a,7.3281417,0.53941286,2.333657971180527e-13,2.3935902145748273e-12,0.12703423120089788,0.07558851983231216,MHb,RAB5A,True
Kcng4,7.3249254,1.2688403,2.390317816834934e-13,2.450151501096645e-12,0.07533670033670034,0.025604643663334408,MHb,KCNG4,True
Klc1,7.324311,0.3226198,2.401295753318306e-13,2.459845396448613e-12,0.2574354657687991,0.20103192518542407,MHb,KLC1,True
Rasl10b,7.3222675,0.7501764,2.4381577650704644e-13,2.4928699020236893e-12,0.09322390572390572,0.042824895195098356,MHb,RASL10B,True
Psmd1,7.322175,0.38930416,2.4398397540250865e-13,2.4930137726693478e-12,0.16147586980920314,0.10815865849725895,MHb,PSMD1,True
Fars2,7.316174,0.29045075,2.551405097853713e-13,2.6053647384964526e-12,0.1989337822671156,0.14311512415349886,MHb,FARS2,True
Zic2,7.3025603,1.1906997,2.82342993973164e-13,2.8813236135747178e-12,0.07519640852974187,0.02566913898742341,MHb,ZIC2,True
Maoa,7.302003,0.570153,2.8351486029323127e-13,2.891458300909846e-12,0.12324635241301908,0.07229925830377297,MHb,MAOA,True
Cript,7.300704,0.6787462,2.862663882746606e-13,2.917680422396115e-12,0.10248316498316498,0.05191873589164785,MHb,CRIPT,True
Bola3,7.299287,0.71508324,2.892966521931564e-13,2.946708658201703e-12,0.09953703703703703,0.0491454369558207,MHb,BOLA3,True
Gstm5,7.2973785,0.48700202,2.9342825947432347e-13,2.9850327654070324e-12,0.13916947250280584,0.08706868752015479,MHb,GSTM5,True
Tceal3,7.295808,0.4949463,2.968723026565686e-13,3.01817064454431e-12,0.14134399551066218,0.08919703321509191,MHb,TCEAL3,True
Iscu,7.294708,0.49609533,2.9930792581560834e-13,3.041021168384086e-12,0.13937991021324356,0.0873911641405998,MHb,ISCU,True
Mrpl33,7.2903914,0.5433796,3.090560543511657e-13,3.1380927050408693e-12,0.1181257014590348,0.06688165108029667,MHb,MRPL33,True
Trappc2l,7.289048,0.67439723,3.1215250409111e-13,3.1675450148517594e-12,0.10949775533108866,0.058819735569171236,MHb,TRAPPC2L,True
Wac,7.288563,0.25615603,3.1327931544665055e-13,3.1758867165529074e-12,0.23183221099887766,0.17400838439213157,MHb,WAC,True
Dctn6,7.2885246,0.6419632,3.1336724572602415e-13,3.1758867165529074e-12,0.10528900112233446,0.054692034827475006,MHb,DCTN6,True
Tpi1,7.287307,0.4162908,3.1621286117430984e-13,3.2027194924824433e-12,0.18181818181818182,0.12808771364076105,MHb,TPI1,True
Pin4,7.2766414,0.68107086,3.4223290924549025e-13,3.4640909305668364e-12,0.10108024691358025,0.05069332473395679,MHb,PIN4,True
Gtf2a2,7.276493,0.5975214,3.426098314706692e-13,3.465737350868089e-12,0.11209315375982043,0.061335053208642375,MHb,GTF2A2,True
Slc43a3,7.2726445,2.1560013,3.5251715822395366e-13,3.5637281464202817e-12,0.05941358024691358,0.010448242502418575,MHb,SLC43A3,True
Fbxo21,7.2717166,0.58278465,3.549475440934488e-13,3.58605654323019e-12,0.11370650953984288,0.06301193163495647,MHb,FBXO21,True
Uqcc3,7.2647204,0.93777955,3.738102022540784e-13,3.774269676316928e-12,0.08143939393939394,0.03179619477587875,MHb,UQCC3,True
Aamp,7.263959,0.5422822,3.7592246317321383e-13,3.793155880595946e-12,0.12149270482603816,0.07042889390519187,MHb,AAMP,True
Sv2c,7.263877,0.63426864,3.7614973925662427e-13,3.793155880595946e-12,0.1026936026936027,0.05191873589164785,MHb,SV2C,True
Tceal8,7.2621017,0.88249654,3.8112127923346067e-13,3.840895134954035e-12,0.08866442199775533,0.03895517574975814,MHb,TCEAL8,True
Atxn10,7.2603364,0.31462947,3.8612841312843566e-13,3.8889334261223205e-12,0.23218294051627386,0.17581425346662366,MHb,ATXN10,True
Arid1a,7.2586856,0.39980897,3.908702672888444e-13,3.9342418004959915e-12,0.1492003367003367,0.09680748145759432,MHb,ARID1A,True
Dnajc12,7.253867,1.0227795,4.0503728212125257e-13,4.074302262631381e-12,0.0832631874298541,0.03392454047081587,MHb,DNAJC12,True
Bbx,7.2509346,0.35759246,4.139061965129905e-13,4.1609277368537115e-12,0.15600448933782268,0.10293453724604966,MHb,BBX,True
Mrpl17,7.248647,0.81817716,4.2095494366323915e-13,4.229159138976952e-12,0.09504769921436589,0.04527571751048049,MHb,MRPL17,True
Cggbp1,7.2474413,0.7491654,4.2471915003786204e-13,4.264327903080335e-12,0.09771324354657689,0.04785553047404063,MHb,CGGBP1,True
Radil,7.247317,1.115123,4.251088246941493e-13,4.265592580290239e-12,0.07919472502805835,0.029925830377297645,MHb,RADIL,True
Stub1,7.245926,0.43261418,4.2949552564529804e-13,4.30693746268611e-12,0.15481200897867564,0.10235407932924863,MHb,STUB1,True
Hypk,7.241396,0.68370664,4.4409026904766954e-13,4.4477771528458545e-12,0.10472783389450056,0.054627539503386,MHb,HYPK,True
Arpc5l,7.238769,0.5269182,4.527757677561613e-13,4.531960422930637e-12,0.12570145903479238,0.0745565946468881,MHb,ARPC5L,True
Gpx1,7.237483,0.6746578,4.570875592211953e-13,4.57228897365667e-12,0.10164141414141414,0.05146726862302483,MHb,GPX1,True
Wdr83os,7.230358,0.75090456,4.817221767753791e-13,4.815733133091321e-12,0.09427609427609428,0.04443727829732345,MHb,WDR83OS,True
Zfp771,7.2298408,0.5704576,4.835605584235366e-13,4.831125406115321e-12,0.11209315375982043,0.061528539180909385,MHb,ZFP771,True
Anp32b,7.226966,0.4582001,4.939034697503345e-13,4.931412730377569e-12,0.13194444444444445,0.08055465978716543,MHb,ANP32B,True
Prmt1,7.2257133,0.6225641,4.984780835631316e-13,4.9740178911990465e-12,0.11314534231200898,0.06281844566268946,MHb,PRMT1,True
Lgr4,7.22367,0.527608,5.060299357905315e-13,5.046260302966613e-12,0.12015993265993266,0.06933247339567881,MHb,LGR4,True
Klf9,7.2193465,0.5420373,5.223792552123833e-13,5.206090236019902e-12,0.11139169472502806,0.06069009996775234,MHb,KLF9,True
Ift22,7.218541,0.74222684,5.254827361385159e-13,5.233795109015083e-12,0.09581930415263748,0.04604966139954853,MHb,IFT22,True
Ppp2r2a,7.2175856,0.3967517,5.291872047862363e-13,5.267448023026075e-12,0.15179573512906847,0.0997742663656885,MHb,PPP2R2A,True
Fnta,7.2172613,0.5976918,5.30449659026658e-13,5.2767670570456295e-12,0.11272446689113355,0.062495969042244436,MHb,FNTA,True
Mrps24,7.2132077,0.7304436,5.46490166814142e-13,5.43299228532191e-12,0.09932659932659933,0.049596904224443725,MHb,MRPS24,True
Metap1d,7.2127943,0.63172317,5.481519867962657e-13,5.446166085030465e-12,0.11097081930415263,0.06088358594001935,MHb,METAP1D,True
Fam204a,7.2123632,0.57799655,5.498896889577529e-13,5.4600771755013214e-12,0.11314534231200898,0.06281844566268946,MHb,FAM204A,True
Ppp1r2,7.210893,0.45762727,5.558599316864478e-13,5.51597202148975e-12,0.1366442199775533,0.0853273137697517,MHb,PPP1R2,True
Lamtor1,7.210137,0.6678042,5.589561846862876e-13,5.543296313489088e-12,0.10395622895622895,0.05404708158658497,MHb,LAMTOR1,True
Fam133b,7.206046,0.47808877,5.759993758596516e-13,5.708817343461927e-12,0.12885802469135801,0.07771686552724927,MHb,FAM133B,True
Eif3f,7.2059407,0.42934272,5.76444927432946e-13,5.709734660886651e-12,0.14569304152637486,0.09390519187358916,MHb,EIF3F,True
Trim37,7.2043834,0.31201357,5.830706966279136e-13,5.771828958357712e-12,0.18995510662177328,0.13563366655917447,MHb,TRIM37,True
Syt15,7.1962624,1.5643138,6.18855129087561e-13,6.122312974306605e-12,0.07028619528619529,0.021734924217994195,MHb,SYT15,True
AW554918,7.1960144,0.34908184,6.199804067294994e-13,6.129696258465558e-12,0.17010381593714927,0.11712350854563044,MHb,AW554918,True
Bex4,7.1903763,0.7669951,6.461292663836033e-13,6.384325524590582e-12,0.09581930415263748,0.04624314737181554,MHb,BEX4,True
Clpp,7.1896396,0.56846476,6.496252507420095e-13,6.4149502019243e-12,0.12023007856341189,0.06991293131247985,MHb,CLPP,True
Emc6,7.18442,0.77313435,6.749292878759704e-13,6.660757310185369e-12,0.0931537598204265,0.0437278297323444,MHb,EMC6,True
Ube2v2,7.1825666,0.4225616,6.841469937717447e-13,6.747608307474373e-12,0.14906004489337824,0.09719445340212834,MHb,UBE2V2,True
Mrps18a,7.180222,0.7212376,6.959831312997984e-13,6.8559848652705466e-12,0.10108024691358025,0.05153176394711383,MHb,MRPS18A,True
Gnb5,7.1765003,0.5412265,7.151842297922936e-13,7.0408429195924225e-12,0.1191077441077441,0.06881651080296679,MHb,GNB5,True
Drap1,7.173385,0.45755765,7.316555942551306e-13,7.198618757345947e-12,0.14450056116722784,0.09326023863269912,MHb,DRAP1,True
Mrpl43,7.1708646,0.80452627,7.452568925194951e-13,7.327981906688652e-12,0.09308361391694725,0.04379232505643341,MHb,MRPL43,True
Lsm12,7.170511,0.7799835,7.471858589357977e-13,7.342485582191087e-12,0.09652076318742986,0.0472750725572396,MHb,LSM12,True
Mrpl51,7.1696353,0.68836236,7.519778126722674e-13,7.380607475712332e-12,0.10276374859708193,0.05320864237342793,MHb,MRPL51,True
Timm17a,7.159955,0.57994515,8.070355714104849e-13,7.916191854193204e-12,0.11693322109988777,0.06668816510802966,MHb,TIMM17A,True
Xpr1,7.1581836,0.25155002,8.175296960493927e-13,8.01426838399935e-12,0.2374438832772166,0.18052241212512093,MHb,XPR1,True
Chchd1,7.1579094,0.6190341,8.191659502977415e-13,8.025444728083566e-12,0.10683221099887767,0.05688487584650113,MHb,CHCHD1,True
Tctex1d2,7.1562343,0.842727,8.292348989936969e-13,8.114261640183332e-12,0.08515712682379349,0.03611738148984198,MHb,TCTEX1D2,True
Pbrm1,7.154739,0.28170952,8.383227529733296e-13,8.198228856918747e-12,0.19675925925925927,0.1421476942921638,MHb,PBRM1,True
Mocs2,7.1539097,0.7075202,8.434054238396811e-13,8.242950290396883e-12,0.0981341189674523,0.04875846501128668,MHb,MOCS2,True
Rps3,7.152448,0.2704603,8.524358960591721e-13,8.32617790987748e-12,0.4182098765432099,0.3596259271202838,MHb,RPS3,True
Senp6,7.148521,0.25150198,8.771792504240927e-13,8.562688217024563e-12,0.21310325476992142,0.15685262818445664,MHb,SENP6,True
R3hdm4,7.147283,0.48832357,8.851225851821045e-13,8.629811823580795e-12,0.12345679012345678,0.07300870686875202,MHb,R3HDM4,True
Ppp3cb,7.145979,0.2626924,8.935669648468431e-13,8.706894973733548e-12,0.22250280583613916,0.16633344082554014,MHb,PPP3CB,True
Ndufa10,7.1448545,0.41148457,9.009115541215128e-13,8.773175429208591e-12,0.16280864197530864,0.11060948081264109,MHb,NDUFA10,True
Ubc,7.1429462,0.32922173,9.135133586430577e-13,8.885194573693e-12,0.22271324354657687,0.1688487584650113,MHb,UBC,True
Srsf2,7.142761,0.28370357,9.14744350323248e-13,8.891820833220273e-12,0.21822390572390574,0.16278619800064495,MHb,SRSF2,True
Cebpzos,7.1393366,0.86165434,9.378227928525483e-13,9.110680885519501e-12,0.08768237934904602,0.03876168977749113,MHb,CEBPZOS,True
Sncb,7.1345687,0.33718407,9.709122376543983e-13,9.426473855978327e-12,0.2143658810325477,0.1600773943889068,MHb,SNCB,True
Coprs,7.1322517,0.74772716,9.874016817887333e-13,9.58081715832799e-12,0.09441638608305275,0.04527571751048049,MHb,COPRS,True
Etfb,7.125108,0.7326877,1.0399938616463578e-12,1.0085072369382396e-11,0.0943462401795735,0.04527571751048049,MHb,ETFB,True
Got1,7.123828,0.43820187,1.0497006816356567e-12,1.0173102771394096e-11,0.18013468013468015,0.1288616575298291,MHb,GOT1,True
Rtn4rl1,7.1193275,0.28766382,1.0845472065344983e-12,1.049823522782496e-11,0.17487373737373738,0.12131570461141568,MHb,RTN4RL1,True
Nfu1,7.114115,0.6761082,1.126330894274944e-12,1.0883155444980417e-11,0.10192199775533109,0.0526926797807159,MHb,NFU1,True
Rpl4,7.112011,0.31146264,1.1436420917048852e-12,1.104382736318001e-11,0.20819304152637486,0.15336988068365043,MHb,RPL4,True
Greb1l,7.102584,0.65884364,1.2244575908734304e-12,1.1803099840511166e-11,0.11924803591470258,0.07036439858110287,MHb,GREB1L,True
Paip2,7.0982537,0.3436893,1.263430376362531e-12,1.2171522535833198e-11,0.23330527497194165,0.1800709448564979,MHb,PAIP2,True
Wfikkn2,7.096848,1.5923648,1.2763448230840806e-12,1.2288617567491074e-11,0.06341189674523008,0.015478877781360851,MHb,WFIKKN2,True
Mef2d,7.0937247,0.40797502,1.3054984866642226e-12,1.2561831065909459e-11,0.135662177328844,0.08481135117703967,MHb,MEF2D,True
St8sia1,7.0904994,0.39663061,1.336289595076753e-12,1.2850466230895647e-11,0.14036195286195285,0.0890680425669139,MHb,ST8SIA1,True
Psmc1,7.087607,0.5177248,1.3645076060188065e-12,1.3114028833840878e-11,0.12338664421997755,0.07346017413737504,MHb,PSMC1,True
Hnrnpdl,7.085531,0.28381068,1.3851198396822095e-12,1.3304224113337136e-11,0.21948653198653198,0.16459206707513704,MHb,HNRNPDL,True
Gcc2,7.0834703,0.3447125,1.4058866918726761e-12,1.3495677887857885e-11,0.16659652076318743,0.11441470493389229,MHb,GCC2,True
Apoo,7.0822735,0.5009469,1.418083838746683e-12,1.360468925962491e-11,0.11496913580246913,0.06507578200580458,MHb,APOO,True
Tle4,7.07963,0.3486811,1.4454010964810102e-12,1.3858543411725158e-11,0.15137485970819303,0.09970977104159949,MHb,TLE4,True
Ndufaf3,7.07706,0.8487065,1.4724452988897598e-12,1.4109480278164612e-11,0.08901515151515152,0.04050306352789423,MHb,NDUFAF3,True
Mia2,7.0726986,0.348821,1.5194939137431954e-12,1.454308523952437e-11,0.15368967452300786,0.1019026120606256,MHb,MIA2,True
Ndufs8,7.0723553,0.60524786,1.5232562292818685e-12,1.4570472802267427e-11,0.1137766554433221,0.06430183811673654,MHb,NDUFS8,True
Crebrf,7.069243,0.3179625,1.557811390807919e-12,1.4892198136121803e-11,0.17466329966329966,0.12215414382457272,MHb,CREBRF,True
Gpr4,7.066889,2.0018756,1.5844567534059675e-12,1.5129036591701016e-11,0.057800224466891134,0.01019026120606256,MHb,GPR4,True
Denr,7.0660615,0.5426078,1.5939258428585506e-12,1.521047227624605e-11,0.11616161616161616,0.06662366978394066,MHb,DENR,True
Cep170,7.065525,0.28049207,1.600100771909247e-12,1.5260395038698155e-11,0.20251122334455668,0.14866172202515318,MHb,CEP170,True
Vamp4,7.063062,0.4549885,1.6287298706156774e-12,1.5524281471543066e-11,0.12570145903479238,0.07571751048049016,MHb,VAMP4,True
Zcchc12,7.062201,0.46851453,1.6388567464745713e-12,1.561160652192355e-11,0.14800785634118968,0.09777491131892938,MHb,ZCCHC12,True
Slc25a36,7.061471,0.32170898,1.6474911169699991e-12,1.5684619668622563e-11,0.16533389450056116,0.11312479845211222,MHb,SLC25A36,True
Rif1,7.060418,0.4582832,1.6600221034780215e-12,1.5794622072798234e-11,0.1295594837261504,0.07952273460174138,MHb,RIF1,True
Sult4a1,7.0581703,0.4803439,1.6870938899805883e-12,1.6034897451422615e-11,0.12717452300785634,0.07726539825862624,MHb,SULT4A1,True
Atg12,7.0581565,0.69436836,1.6872578338374833e-12,1.6034897451422615e-11,0.09652076318742986,0.04785553047404063,MHb,ATG12,True
Rac1,7.051428,0.3784838,1.7709085784037359e-12,1.681012104206598e-11,0.14695566778900113,0.09609803289261529,MHb,RAC1,True
Pcbd2,7.050887,0.64549416,1.7778072029389334e-12,1.6865707629054105e-11,0.0986952861952862,0.049854885520799745,MHb,PCBD2,True
Sox4,7.0475364,0.9078719,1.821133777723316e-12,1.726661128644469e-11,0.08375420875420875,0.035601418897129956,MHb,SOX4,True
Anp32e,7.0468125,0.59824425,1.8306293102606527e-12,1.7336316799453196e-11,0.10683221099887767,0.057852305707836185,MHb,ANP32E,True
Psmd13,7.0397043,0.6249726,1.9264840982317876e-12,1.8233399817963234e-11,0.10599046015712682,0.05714285714285714,MHb,PSMD13,True
Snrpn,7.039482,0.28836873,1.9295581433786537e-12,1.8251814601841943e-11,0.32189955106621776,0.26643018381167366,MHb,SNRPN,True
Wasl,7.0378804,0.4047763,1.9518640172007463e-12,1.8452016644197587e-11,0.14162457912457913,0.091002902289584,MHb,WASL,True
Bcat1,7.0367236,0.6118461,1.968129866235973e-12,1.8594918566803074e-11,0.09981762065095398,0.0509513060303128,MHb,BCAT1,True
Ncl,7.0320077,0.34685773,2.035824095268933e-12,1.9223266048438405e-11,0.19900392817059484,0.14646888100612707,MHb,NCL,True
Acyp1,7.029588,0.9002327,2.0714395277238464e-12,1.9548153069389273e-11,0.08235129068462402,0.03431151241534989,MHb,ACYP1,True
Ncor2,7.0282154,0.444317,2.0919188020100912e-12,1.9729904736159318e-11,0.13103254769921435,0.08107062237987746,MHb,NCOR2,True
Myo6,7.0205975,0.3178512,2.209217282862051e-12,2.082406150949515e-11,0.18097643097643099,0.1289906481780071,MHb,MYO6,True
Hnrnpab,7.019928,0.65799266,2.2198245895849596e-12,2.0911859485461108e-11,0.09862514029180695,0.050048371493066755,MHb,HNRNPAB,True
Tubb4b,7.0190406,0.44767162,2.233966232608362e-12,2.1032831089895375e-11,0.15095398428731763,0.10099967752337956,MHb,TUBB4B,True
Pfdn2,7.0151935,0.3515448,2.296307893431665e-12,2.1582091909504464e-11,0.1896043771043771,0.13705256368913254,MHb,PFDN2,True
Ccdc107,7.0040426,0.55594873,2.4868079016565536e-12,2.33589534316462e-11,0.10592031425364759,0.05694937117059013,MHb,CCDC107,True
Mrpl28,7.003723,0.78291565,2.4924869349278777e-12,2.3398709328182486e-11,0.09111952861952861,0.043018381167365366,MHb,MRPL28,True
Stx8,6.9998446,0.3838731,2.5624627884793826e-12,2.4027730784726965e-11,0.13446969696969696,0.08403740728797163,MHb,STX8,True
Tbrg1,6.9973016,0.9723532,2.609391996141564e-12,2.4439441538847596e-11,0.0800364758698092,0.03237665269267978,MHb,TBRG1,True
Gpr156,6.9923673,1.1799035,2.7028632975038257e-12,2.5285606614878182e-11,0.07730078563411896,0.029925830377297645,MHb,GPR156,True
Colec12,6.988621,1.7053154,2.776005634396951e-12,2.5954850367844326e-11,0.06102693602693603,0.01380199935504676,MHb,COLEC12,True
Glrx2,6.9879904,0.58902234,2.7885107648158184e-12,2.6041663753404075e-11,0.11019921436588104,0.061528539180909385,MHb,GLRX2,True
Myrip,6.985128,0.3244833,2.84596366000322e-12,2.6562874899337614e-11,0.1461139169472503,0.09474363108674622,MHb,MYRIP,True
Trim11,6.9787498,1.0563092,2.9781824454322387e-12,2.7780911796347438e-11,0.07428451178451179,0.026765559496936472,MHb,TRIM11,True
Vezf1,6.9743834,0.7209845,3.072153043888966e-12,2.860798818935177e-11,0.09168069584736252,0.0436633344082554,MHb,VEZF1,True
Smap1,6.9735885,0.40742698,3.0895684846423504e-12,2.875360773250289e-11,0.1474466891133558,0.09706546275395034,MHb,SMAP1,True
Cntln,6.9670835,0.44861484,3.235788725860653e-12,3.0097114802067893e-11,0.13713524130190796,0.08758465011286681,MHb,CNTLN,True
Mrpl55,6.9643517,0.77144617,3.2991918119882846e-12,3.066921124075316e-11,0.08810325476992144,0.040245082231538214,MHb,MRPL55,True
Rpl17,6.9634714,0.27324605,3.3198897324920767e-12,3.0840825271369297e-11,0.3819444444444444,0.3255723960012899,MHb,RPL17,True
Dnajc19,6.9597545,0.4514417,3.408664551388454e-12,3.1632328811651316e-11,0.12759539842873177,0.0781038374717833,MHb,DNAJC19,True
Capzb,6.9558086,0.44157284,3.5054542344042077e-12,3.2511882019201874e-11,0.13292648709315377,0.0834569493711706,MHb,CAPZB,True
Smarca5,6.9477625,0.37105468,3.71125153017887e-12,3.440085587429411e-11,0.16182659932659932,0.11131892937762013,MHb,SMARCA5,True
Pmm1,6.9463115,0.53519523,3.749609919672439e-12,3.4736506558248395e-11,0.11230359147025813,0.0635278942276685,MHb,PMM1,True
Cops6,6.936824,0.6087343,4.010128624869492e-12,3.7128695195915306e-11,0.10388608305274973,0.05559496936472106,MHb,COPS6,True
Tmem222,6.9307904,0.57091784,4.184962120815072e-12,3.8725264476077686e-11,0.10893658810325477,0.060561109319574334,MHb,TMEM222,True
Gzf1,6.9250793,0.9879669,4.3573152766216896e-12,4.02970695250748e-11,0.07716049382716049,0.02999032570138665,MHb,GZF1,True
Kifap3,6.921038,0.29004568,4.483453334726502e-12,4.141625224968656e-11,0.25126262626262624,0.1963237665269268,MHb,KIFAP3,True
Ift81,6.9200354,0.44252545,4.515306241188813e-12,4.168668861371521e-11,0.12836700336700338,0.07926475330538536,MHb,IFT81,True
Pja2,6.919732,0.25610223,4.524980790603884e-12,4.175217586310201e-11,0.30443322109988774,0.24643663334408256,MHb,PJA2,True
Mrpl54,6.918933,0.79587114,4.5505898455109225e-12,4.196453292539291e-11,0.0885942760942761,0.04108352144469526,MHb,MRPL54,True
Morn2,6.9116454,0.8264577,4.790636021501875e-12,4.412786881992758e-11,0.08698092031425365,0.03966462431473718,MHb,MORN2,True
Lamtor2,6.911096,0.48601434,4.809238786055595e-12,4.427401102131431e-11,0.12871773288439955,0.07971622057400839,MHb,LAMTOR2,True
Arid4a,6.9064584,0.37756518,4.969018304192282e-12,4.569293409341112e-11,0.14618406285072952,0.0963560141889713,MHb,ARID4A,True
Psmc4,6.905609,0.6144942,4.9988478672630205e-12,4.594111605282918e-11,0.1013608305274972,0.05340212834569494,MHb,PSMC4,True
Tceal5,6.899309,0.591619,5.225600761840762e-12,4.799778098965038e-11,0.11174242424242424,0.0635923895517575,MHb,TCEAL5,True
Eif1ax,6.8959146,0.484912,5.3519371456603745e-12,4.913029700968023e-11,0.11560044893378227,0.06701064172847468,MHb,EIF1AX,True
Smim14,6.8921943,0.375245,5.493825987320237e-12,5.0404217438970404e-11,0.15810886644219976,0.10802966784908094,MHb,SMIM14,True
Commd1,6.89004,0.8687425,5.577665871205146e-12,5.1144413529899796e-11,0.0834736251402918,0.036375362786198004,MHb,COMMD1,True
Tomm20,6.889522,0.36377054,5.598010503953899e-12,5.1301880963996777e-11,0.1867283950617284,0.13505320864237344,MHb,TOMM20,True
Krtcap2,6.889382,0.4901963,5.60354021763871e-12,5.1323478493944584e-11,0.12731481481481483,0.07842631409222832,MHb,KRTCAP2,True
Akr1b3,6.8883257,0.85090226,5.645291237239161e-12,5.167661899396912e-11,0.0805976430976431,0.03347307320219284,MHb,AKR1B3,True
Ptpn11,6.8765955,0.3529581,6.129979401153059e-12,5.604998124005129e-11,0.14604377104377103,0.09596904224443728,MHb,PTPN11,True
Slc25a11,6.876415,0.6173325,6.137768284267457e-12,5.608949265425205e-11,0.10016835016835017,0.05237020316027088,MHb,SLC25A11,True
Lurap1l,6.8724437,0.82942355,6.3111204889219095e-12,5.764109198662444e-11,0.08249158249158249,0.035407932924862946,MHb,LURAP1L,True
Snx2,6.8718677,0.47977448,6.336663629344424e-12,5.7841723591786714e-11,0.1210016835016835,0.072621734924218,MHb,SNX2,True
Rgs10,6.869985,0.56814337,6.4208592524236325e-12,5.857721286404527e-11,0.12086139169472503,0.07275072557239601,MHb,RGS10,True
Cstb,6.8694706,0.8059589,6.444061253750957e-12,5.875574452053085e-11,0.08585858585858586,0.03876168977749113,MHb,CSTB,True
Yipf4,6.868533,0.48147047,6.486535549274884e-12,5.910969718846268e-11,0.12170314253647586,0.07320219284101903,MHb,YIPF4,True
Cnih2,6.8677,0.54638183,6.5245275877880524e-12,5.942242890341878e-11,0.11454826038159371,0.06630119316349564,MHb,CNIH2,True
Mrps18c,6.8651543,0.8063326,6.641953162159482e-12,6.045784603147418e-11,0.08761223344556678,0.04056755885198323,MHb,MRPS18C,True
Wdpcp,6.8639836,0.70650107,6.6966240058334575e-12,6.092119982809684e-11,0.10164141414141414,0.05436955820702999,MHb,WDPCP,True
Bend5,6.861404,1.1667576,6.818695410250403e-12,6.199685118650943e-11,0.06958473625140292,0.023024830699774266,MHb,BEND5,True
Armc1,6.860136,0.67533094,6.879505446907913e-12,6.251460708075028e-11,0.09918630751964086,0.05185424056755885,MHb,ARMC1,True
Rrp1,6.859203,0.40710744,6.924594029582449e-12,6.288899967911068e-11,0.15810886644219976,0.10802966784908094,MHb,RRP1,True
Spryd7,6.857527,0.8229628,7.006298973879023e-12,6.359533440095017e-11,0.08375420875420875,0.03682683005482103,MHb,SPRYD7,True
Rpp21,6.85631,0.7470893,7.066210201358639e-12,6.410316882051373e-11,0.09196127946127947,0.04482425024185747,MHb,RPP21,True
Vps35,6.8557405,0.3921888,7.094409570484717e-12,6.432291188486003e-11,0.13973063973063973,0.09042244437278298,MHb,VPS35,True
Usp14,6.851358,0.37331572,7.315232006286714e-12,6.62878866676121e-11,0.16680695847362514,0.11686552724927443,MHb,USP14,True
Yeats4,6.8502393,0.82483834,7.372647480228541e-12,6.677075755470137e-11,0.08417508417508418,0.03727829732344405,MHb,YEATS4,True
Sestd1,6.847735,0.33344677,7.502849751015411e-12,6.786417126026763e-11,0.15754769921436587,0.1073847146081909,MHb,SESTD1,True
Klhl9,6.8476753,0.61713105,7.505966144335011e-12,6.786417126026763e-11,0.10465768799102132,0.05727184779103515,MHb,KLHL9,True
Cnr1,6.847589,0.9535609,7.510501344486961e-12,6.786723980283609e-11,0.07786195286195287,0.03108674621089971,MHb,CNR1,True
Gatad1,6.8420925,0.53886986,7.804457148360165e-12,7.044480712875316e-11,0.10795454545454546,0.06017413737504031,MHb,GATAD1,True
Ubxn4,6.840997,0.30419073,7.864371756266728e-12,7.094601960826231e-11,0.18258978675645343,0.1310544985488552,MHb,UBXN4,True
Efr3b,6.8391604,0.26077467,7.96585823006578e-12,7.178148015114986e-11,0.19844276094276095,0.14575943244114803,MHb,EFR3B,True
Napa,6.8388457,0.41952115,7.983373540448967e-12,7.189925780443322e-11,0.12605218855218855,0.07726539825862624,MHb,NAPA,True
Tubb3,6.8380947,0.5167111,8.02532234131008e-12,7.22368329831333e-11,0.12114197530864197,0.07281522089648501,MHb,TUBB3,True
Psmd6,6.8366165,0.6230793,8.10853162681245e-12,7.292803068835315e-11,0.10381593714927048,0.0563044179297001,MHb,PSMD6,True
Ift74,6.8365707,0.56158876,8.11112996651297e-12,7.292803068835315e-11,0.11054994388327721,0.06294743631086747,MHb,IFT74,True
Med30,6.830175,0.7309106,8.481109218048734e-12,7.621218977885459e-11,0.08929573512906847,0.04230893260238633,MHb,MED30,True
Arf4,6.828617,0.4199861,8.573705997150905e-12,7.695876498552491e-11,0.1369949494949495,0.08816510802966784,MHb,ARF4,True
Larp4,6.8282633,0.4117594,8.594875594248162e-12,7.71059970809562e-11,0.13068181818181818,0.0819735569171235,MHb,LARP4,True
Jkamp,6.8272514,0.38954043,8.655677671628246e-12,7.760841814777542e-11,0.13173400673400673,0.08236052886165753,MHb,JKAMP,True
Brk1,6.827076,0.42934725,8.666273604349708e-12,7.76603742661255e-11,0.1353114478114478,0.08661722025153176,MHb,BRK1,True
Ptms,6.8257403,0.29099423,8.747301391393713e-12,7.831777497191171e-11,0.23253367003367004,0.17923250564334087,MHb,PTMS,True
Mff,6.8257074,0.3213145,8.749318044775546e-12,7.831777497191171e-11,0.1696127946127946,0.11886488229603354,MHb,MFF,True
Eps15,6.82144,0.273625,9.013237483268066e-12,8.05909985029635e-11,0.16877104377104377,0.11751048049016447,MHb,EPS15,True
Tln1,6.820452,0.58154005,9.075444349080301e-12,8.110238251180876e-11,0.10150112233445567,0.05404708158658497,MHb,TLN1,True
Eif4h,6.8193927,0.3798584,9.142625816507062e-12,8.161855897592627e-11,0.13671436588103256,0.08758465011286681,MHb,EIF4H,True
Nono,6.8193345,0.5245942,9.146322217794256e-12,8.161855897592627e-11,0.11405723905723905,0.06630119316349564,MHb,NONO,True
Rnf10,6.8193026,0.4889539,9.148342962803977e-12,8.161855897592627e-11,0.1207912457912458,0.07281522089648501,MHb,RNF10,True
Usp33,6.8107233,0.27641308,9.710938835177504e-12,8.659009683516876e-11,0.18076599326599327,0.12950661077071912,MHb,USP33,True
Tpgs1,6.804921,0.8572507,1.0110474060252109e-11,9.010298508241205e-11,0.08150953984287318,0.035020960980328926,MHb,TPGS1,True
Ccdc30,6.7965364,0.36945617,1.0716419649765623e-11,9.54504888959025e-11,0.14379910213243546,0.09467913576265721,MHb,CCDC30,True
Psmc6,6.795848,0.39863664,1.0767751807776724e-11,9.585491771644937e-11,0.14906004489337824,0.0999677523379555,MHb,PSMC6,True
Dap,6.7892914,1.1365967,1.1268579227268221e-11,1.00203006597616e-10,0.06853254769921437,0.022444372782973235,MHb,DAP,True
Dync1li1,6.788204,0.44415426,1.1353806089201842e-11,1.0090539202903286e-10,0.13005050505050506,0.0818445662689455,MHb,DYNC1LI1,True
Commd6,6.786649,0.7558405,1.1476762433634895e-11,1.019421374871194e-10,0.08985690235690236,0.04327636246372138,MHb,COMMD6,True
Smim7,6.7829556,0.7133753,1.1774186481430248e-11,1.045266006241132e-10,0.08943602693602694,0.04276039987100935,MHb,SMIM7,True
Msantd4,6.778364,0.6967101,1.2154413285520466e-11,1.077837910599197e-10,0.09406565656565656,0.04740406320541761,MHb,MSANTD4,True
Pafah1b2,6.774196,0.38100755,1.2509973842368265e-11,1.1087606953441463e-10,0.14204545454545456,0.09326023863269912,MHb,PAFAH1B2,True
Gdap1,6.7692,0.32430947,1.2949664579205964e-11,1.1464741355700956e-10,0.15979236812570147,0.10990003224766204,MHb,GDAP1,True
H2afj,6.7673793,0.5335245,1.3113609646653198e-11,1.1603535888108069e-10,0.1042368125701459,0.05694937117059013,MHb,H2AFJ,True
Mrpl48,6.7664676,0.48359954,1.3196465930033741e-11,1.1670466725986647e-10,0.11588103254769921,0.06823605288616576,MHb,MRPL48,True
Akirin2,6.764709,0.59260863,1.3357737433810779e-11,1.1806634043272642e-10,0.10472783389450056,0.057787810383747175,MHb,AKIRIN2,True
Slc35g1,6.764439,1.7256025,1.338268075280139e-11,1.18222207087145e-10,0.05751964085297419,0.011867139632376653,MHb,SLC35G1,True
Cops4,6.756773,0.52523404,1.410990455605307e-11,1.2457844224571965e-10,0.1114618406285073,0.06410835214446953,MHb,COPS4,True
Cyth3,6.7550273,0.511461,1.4280836430679279e-11,1.2601883757023313e-10,0.10837542087542087,0.060948081264108354,MHb,CYTH3,True
Csnk1a1,6.7542562,0.25816113,1.4356994958880157e-11,1.2662180668478002e-10,0.2871071829405163,0.23147371815543374,MHb,CSNK1A1,True
Lrrc8d,6.74768,0.59882367,1.5022774192156013e-11,1.324214564349447e-10,0.10444725028058362,0.057594324411480165,MHb,LRRC8D,True
Zyg11b,6.746572,0.3088201,1.513790635147358e-11,1.3336363574895707e-10,0.15845959595959597,0.10880361173814898,MHb,ZYG11B,True
Galk2,6.738859,0.5365071,1.5963484658671715e-11,1.4056035076429776e-10,0.10585016835016835,0.05875524024508223,MHb,GALK2,True
Mrpl11,6.7369604,0.67009634,1.6173423249601122e-11,1.4233140427763774e-10,0.0941358024691358,0.047533053853595617,MHb,MRPL11,True
Klhdc8b,6.733717,0.6716063,1.6538275964866717e-11,1.4546308522660093e-10,0.09490740740740741,0.048435988390841664,MHb,KLHDC8B,True
Rnf14,6.733307,0.3694982,1.6584955648756042e-11,1.4579437914055923e-10,0.14758698092031425,0.09867784585617542,MHb,RNF14,True
Pak1ip1,6.729557,0.7056629,1.701802698659312e-11,1.4952014476270705e-10,0.08915544332210999,0.042824895195098356,MHb,PAK1IP1,True
Capns1,6.728124,0.39701155,1.7186426942179364e-11,1.509177284417759e-10,0.13460998877665545,0.08629474363108675,MHb,CAPNS1,True
Acaa1a,6.722882,0.55304503,1.7816509905670573e-11,1.5636573397950164e-10,0.10725308641975309,0.06043211867139632,MHb,ACAA1A,True
Idh3a,6.7218413,0.4531991,1.7944248846074492e-11,1.5740142358202544e-10,0.12429854096520764,0.0764914543695582,MHb,IDH3A,True
Otub1,6.7121687,0.49323732,1.9175255332770253e-11,1.6792623443831013e-10,0.1154601571268238,0.06823605288616576,MHb,OTUB1,True
U2af1,6.704351,0.41665837,2.023034795316357e-11,1.7707028038009784e-10,0.132996632996633,0.08494034182521767,MHb,U2AF1,True
Rtcb,6.702029,0.56952775,2.0554478973866586e-11,1.7981000400340294e-10,0.10472783389450056,0.0581102870041922,MHb,RTCB,True
Cops7a,6.701163,0.80892235,2.0676737073143074e-11,1.8078174170707524e-10,0.08403479236812571,0.0381812318606901,MHb,COPS7A,True
Asns,6.7006936,0.82014096,2.0743261184055883e-11,1.812653968947077e-10,0.08536756453423121,0.039535633666559176,MHb,ASNS,True
Sap18,6.6997514,0.72164094,2.0877421036688624e-11,1.8233924690520438e-10,0.08698092031425365,0.04089003547242825,MHb,SAP18,True
Stmn3,6.698026,0.25393108,2.1125346691472247e-11,1.8440500957073047e-10,0.3693883277216611,0.3213157046114157,MHb,STMN3,True
Csde1,6.690733,0.26587638,2.2205557613940434e-11,1.9372971650781368e-10,0.20840347923681257,0.15749758142534667,MHb,CSDE1,True
Trip4,6.6876864,0.47696635,2.267259016108149e-11,1.976976527522874e-10,0.11588103254769921,0.06881651080296679,MHb,TRIP4,True
Mrps16,6.6850114,0.7383173,2.309070586662241e-11,2.0123500398309132e-10,0.08620931537598205,0.040245082231538214,MHb,MRPS16,True
Med28,6.6823173,0.5957627,2.3519294195722177e-11,2.0485976500581918e-10,0.09757295173961841,0.05114479200257981,MHb,MED28,True
Chordc1,6.6725087,0.3537627,2.5146713276286562e-11,2.1868176733544902e-10,0.15123456790123457,0.10254756530151564,MHb,CHORDC1,True
Usp25,6.6723,0.51477784,2.5182505232073824e-11,2.1887534773175396e-10,0.1148989898989899,0.06797807158980974,MHb,USP25,True
Spire2,6.667895,1.3445092,2.594981914090393e-11,2.2530237498879286e-10,0.06214927048260382,0.017026765559496938,MHb,SPIRE2,True
Kpna4,6.666992,0.32038572,2.6109896080518635e-11,2.2644909871441763e-10,0.15095398428731763,0.10222508868107062,MHb,KPNA4,True
Isca2,6.6668525,0.65256506,2.6134766127470687e-11,2.265433237469659e-10,0.09539842873176206,0.04927442760399871,MHb,ISCA2,True
Dhx36,6.6656857,0.28283554,2.6343283706692487e-11,2.2822850238658327e-10,0.19886363636363635,0.14756530151564012,MHb,DHX36,True
Sostdc1,6.662212,1.2140914,2.6973696111834072e-11,2.3344009342371116e-10,0.06334175084175084,0.018123186069009995,MHb,SOSTDC1,True
Rnf130,6.6567383,0.30078563,2.799706763463546e-11,2.4203771725827284e-10,0.16379068462401797,0.11441470493389229,MHb,RNF130,True
Zc3h12b,6.653003,0.3528647,2.8717151144689698e-11,2.479978215511777e-10,0.1482182940516274,0.0999677523379555,MHb,ZC3H12B,True
Hnrnph3,6.648466,0.28180337,2.9616316637038876e-11,2.556264256158505e-10,0.17333052749719416,0.12337955498226379,MHb,HNRNPH3,True
Zcrb1,6.6457725,0.34554857,3.0163117004686985e-11,2.6020715602709974e-10,0.1773989898989899,0.12789422766849404,MHb,ZCRB1,True
Mrpl30,6.6422644,0.60451895,3.0890066180222753e-11,2.6633625824365833e-10,0.10122053872053872,0.055079006772009026,MHb,MRPL30,True
Tmem167,6.6408286,0.40496415,3.11924823933143e-11,2.6865729643868947e-10,0.13117283950617284,0.08377942599161561,MHb,TMEM167,True
Phf5a,6.6385326,0.8202024,3.168215329228077e-11,2.725844837780008e-10,0.08017676767676768,0.03476297968397291,MHb,PHF5A,True
Tomm5,6.6365175,0.67660666,3.211810454442954e-11,2.761883790569632e-10,0.09210157126823794,0.046307642695904545,MHb,TOMM5,True
Actr6,6.6355658,0.75748634,3.232598945109746e-11,2.7782830997423025e-10,0.08557800224466891,0.040051596259271204,MHb,ACTR6,True
Cetn3,6.6341767,0.3905635,3.2631847228195054e-11,2.8030808758154806e-10,0.1308922558922559,0.08326346339890357,MHb,CETN3,True
Tmem126a,6.631222,0.580024,3.329197146180821e-11,2.858267719717345e-10,0.10753367003367004,0.06139954853273138,MHb,TMEM126A,True
Helz,6.6309004,0.26188454,3.33645598463315e-11,2.862980135354971e-10,0.18862233445566778,0.1382779748468236,MHb,HELZ,True
Mdm1,6.6271586,1.3046567,3.422102360602746e-11,2.9349154656813053e-10,0.06544612794612795,0.02057400838439213,MHb,MDM1,True
Serp2,6.6205754,0.44873503,3.578027214504629e-11,3.0670159085645137e-10,0.13159371492704827,0.08442437923250565,MHb,SERP2,True
Cp,6.6198387,1.4908516,3.595905117138366e-11,3.0807079062348026e-10,0.062219416386083054,0.01747823282811996,MHb,CP,True
Cir1,6.6196074,0.54511553,3.60154379917353e-11,3.083905291245731e-10,0.10339506172839506,0.05727184779103515,MHb,CIR1,True
Pdcd6,6.6183977,0.6279317,3.6311274346663776e-11,3.1075918653824684e-10,0.0941358024691358,0.04837149306675266,MHb,PDCD6,True
Mcee,6.6170053,0.7799893,3.665481991664238e-11,3.135334278961875e-10,0.08256172839506173,0.03721380199935505,MHb,MCEE,True
Map4k2,6.6126995,0.43942004,3.7737358587595713e-11,3.2245207350996337e-10,0.12724466891133557,0.08023218316672041,MHb,MAP4K2,True
Aldh2,6.611863,0.7135492,3.7951321099813405e-11,3.24109091229927e-10,0.08705106621773288,0.041599484037407285,MHb,ALDH2,True
Bzw1,6.61175,0.39990643,3.798025090807284e-11,3.2418499126019954e-10,0.12759539842873177,0.08023218316672041,MHb,BZW1,True
Ube2d2a,6.61121,0.2939304,3.81191363792652e-11,3.2519885597817224e-10,0.1657547699214366,0.11641405998065141,MHb,UBE2D2A,True
Zc3h6,6.6061096,0.39125934,3.945512477188484e-11,3.364188946680217e-10,0.12387766554433222,0.07668494034182521,MHb,ZC3H6,True
Sept3,6.6032686,0.3149922,4.021902190752636e-11,3.427516751076074e-10,0.1566358024691358,0.10790067720090293,MHb,SEPT3,True
Prkaca,6.597691,0.36024758,4.17609960710216e-11,3.557051666396916e-10,0.1455527497194164,0.09796839729119639,MHb,PRKACA,True
Dpy30,6.5968585,0.67978513,4.199610776713083e-11,3.5751949638596903e-10,0.08957631874298541,0.04411480167687842,MHb,DPY30,True
Tet3,6.596213,0.40075502,4.217929128486075e-11,3.588900770818636e-10,0.13271604938271606,0.08564979039019671,MHb,TET3,True
Sytl1,6.5942397,2.8052292,4.274404908547551e-11,3.635042029219592e-10,0.048751402918069585,0.0044501773621412445,MHb,SYTL1,True
Cwf19l2,6.59221,0.35950124,4.333276174266649e-11,3.683170894312299e-10,0.13916947250280584,0.09171235085456304,MHb,CWF19L2,True
Cbr1,6.5920296,0.63821864,4.338543457395616e-11,3.6857111566898155e-10,0.09476711560044894,0.0490809416317317,MHb,CBR1,True
March3,6.589718,0.6093432,4.4066287051156505e-11,3.739623258407432e-10,0.11616161616161616,0.07075137052563689,MHb,MARCH3,True
Stx12,6.5888186,0.4249336,4.433404471504766e-11,3.760373221111148e-10,0.1221240179573513,0.07539503386004515,MHb,STX12,True
Adamts18,6.588518,1.1398115,4.442385251970693e-11,3.766015799299054e-10,0.07035634118967453,0.025604643663334408,MHb,ADAMTS18,True
Psmd2,6.5803766,0.5452969,4.692582237970082e-11,3.9739538062390613e-10,0.10676206509539843,0.060948081264108354,MHb,PSMD2,True
Sfxn1,6.5789995,0.3982152,4.7362389499233505e-11,4.0067293417892364e-10,0.12303591470258136,0.07603998710093518,MHb,SFXN1,True
Igsf3,6.5720673,0.57563275,4.962150754377664e-11,4.193458121842148e-10,0.0960297418630752,0.05030635278942277,MHb,IGSF3,True
Wdr61,6.569929,0.6596354,5.033923967145653e-11,4.249672242619047e-10,0.09392536475869809,0.048629474363108674,MHb,WDR61,True
Nudt4,6.566812,0.3732261,5.1403917358576854e-11,4.3372893232915e-10,0.13194444444444445,0.08494034182521767,MHb,NUDT4,True
Gm16286,6.5649347,0.57850736,5.205571793182837e-11,4.3899960247514283e-10,0.09939674523007856,0.05378910029022896,MHb,GM16286,True
Sdhc,6.564412,0.47139812,5.2238624772262534e-11,4.40312535534834e-10,0.11033950617283951,0.06417284746855853,MHb,SDHC,True
Hmg20b,6.5639005,0.8011937,5.241812235142628e-11,4.41595379705375e-10,0.07765151515151515,0.0326991293131248,MHb,HMG20B,True
Eif4a1,6.5624294,0.36313042,5.2938174937644366e-11,4.4574439334533974e-10,0.1531986531986532,0.10551435020960981,MHb,EIF4A1,True
Pik3c3,6.562208,0.7439924,5.301665291991728e-11,4.4617292454717065e-10,0.08270202020202021,0.03760077394388907,MHb,PIK3C3,True
Phtf2,6.5614715,0.4071936,5.3279310344410695e-11,4.4815020531505095e-10,0.13271604938271606,0.08584327636246372,MHb,PHTF2,True
Csnk1e,6.5590954,0.37736762,5.413521106621171e-11,4.5511280613096386e-10,0.12696408529741862,0.0799742018703644,MHb,CSNK1E,True
Ilf2,6.552348,0.39502135,5.663921708629668e-11,4.759165383744669e-10,0.11875701459034792,0.07204127700741696,MHb,ILF2,True
Nub1,6.5514216,0.36241743,5.699180459362687e-11,4.786305500009941e-10,0.13173400673400673,0.08461786520477266,MHb,NUB1,True
Ccny,6.5485587,0.2924234,5.809505791274262e-11,4.87389814179778e-10,0.16280864197530864,0.11428571428571428,MHb,CCNY,True
Snapc5,6.548277,0.9022174,5.820468344591938e-11,4.88056378816872e-10,0.07379349046015712,0.029151886488229604,MHb,SNAPC5,True
Gm10076,6.5474167,0.5772564,5.854086146124101e-11,4.906209503293126e-10,0.09357463524130191,0.04811351177039665,MHb,GM10076,True
Nt5c,6.547024,0.62810135,5.86950685754971e-11,4.916585884042805e-10,0.09322390572390572,0.04798452112221864,MHb,NT5C,True
Rasa2,6.5370293,0.4095716,6.275277498067964e-11,5.245613102390146e-10,0.12962962962962962,0.08306997742663656,MHb,RASA2,True
Lman2l,6.5343046,0.46649,6.390583635701294e-11,5.339240201832047e-10,0.10592031425364759,0.0600451467268623,MHb,LMAN2L,True
Pfdn4,6.53408,0.7203456,6.400162768390344e-11,5.344482848668757e-10,0.08677048260381594,0.041857465333763305,MHb,PFDN4,True
Mapk8ip1,6.5321712,0.34438646,6.482300598649278e-11,5.410279266416516e-10,0.13306677890011223,0.08584327636246372,MHb,MAPK8IP1,True
Gm3764,6.5316634,0.8183355,6.504322819099098e-11,5.425859803967401e-10,0.07863355780022446,0.03379554982263786,MHb,GM3764,True
Fkbp8,6.531102,0.37244636,6.528743654680106e-11,5.443424155384057e-10,0.12808641975308643,0.08126410835214447,MHb,FKBP8,True
Fundc2,6.520687,0.70534074,6.998605900582112e-11,5.823171319028583e-10,0.08564814814814815,0.040825540148339244,MHb,FUNDC2,True
Pcnx,6.516954,0.26206943,7.174940182122288e-11,5.963754236681808e-10,0.17564534231200898,0.12608835859400194,MHb,PCNX,True
Magee1,6.511496,0.49867547,7.440587123087223e-11,6.178208250304714e-10,0.10767396184062851,0.06217349242179942,MHb,MAGEE1,True
Ier3ip1,6.509331,0.49272665,7.548608634085872e-11,6.261474084940461e-10,0.11139169472502806,0.06565623992260561,MHb,IER3IP1,True
Eno2,6.5065646,0.2697602,7.688885359120057e-11,6.371297166176584e-10,0.20629910213243546,0.1560786842953886,MHb,ENO2,True
Pgp,6.5064545,0.6210402,7.694518705893574e-11,6.372700464302537e-10,0.09974747474747475,0.054627539503386,MHb,PGP,True
Ctbp1,6.5049567,0.41393617,7.77157598698527e-11,6.433226284006486e-10,0.11903759820426488,0.07287971622057401,MHb,CTBP1,True
Zfp428,6.5043063,0.83150446,7.805266797174368e-11,6.457810252905136e-10,0.07786195286195287,0.033408577878103835,MHb,ZFP428,True
Serbp1,6.50362,0.2891995,7.840966651821513e-11,6.484030449550765e-10,0.22278338945005613,0.17239600128990648,MHb,SERBP1,True
Atp6v1a,6.5024843,0.30745947,7.900419455171544e-11,6.529856141410307e-10,0.19907407407407407,0.15001612383102225,MHb,ATP6V1A,True
Ube2s,6.5010366,0.46016708,7.976841708941349e-11,6.589653454654051e-10,0.11938832772166105,0.07358916478555305,MHb,UBE2S,True
Prdx3,6.4977684,0.75796044,8.152029664033043e-11,6.73093822438665e-10,0.08045735129068463,0.03585940019348597,MHb,PRDX3,True
Jup,6.4966216,1.0992478,8.214377252092137e-11,6.778956737377056e-10,0.06832210998877665,0.024250241857465334,MHb,JUP,True
Rab6a,6.494143,0.25322235,8.350730421058916e-11,6.884457928676247e-10,0.2231341189674523,0.17207352466946146,MHb,RAB6A,True
Nap1l4,6.493088,0.3467352,8.409470973745605e-11,6.929352674494914e-10,0.14092312008978675,0.09396968719767816,MHb,NAP1L4,True
Tmed2,6.491993,0.3939281,8.47081803089451e-11,6.976348352837001e-10,0.12289562289562289,0.0764914543695582,MHb,TMED2,True
Atp6v1h,6.488238,0.2775799,8.684618978641611e-11,7.145153203434794e-10,0.17676767676767677,0.12763624637213802,MHb,ATP6V1H,True
Csnk2b,6.4858317,0.5997116,8.82436763569712e-11,7.252751346920778e-10,0.09792368125701459,0.05288616575298291,MHb,CSNK2B,True
Fbxo9,6.4747972,0.41738826,9.493932783359208e-11,7.799104254486297e-10,0.12675364758698093,0.08049016446307643,MHb,FBXO9,True
Lztfl1,6.4732537,0.38379723,9.591481043589379e-11,7.875238877160315e-10,0.13082210998877666,0.08455336988068365,MHb,LZTFL1,True
Dut,6.4701505,0.8846827,9.790532536783115e-11,8.026450267737804e-10,0.07631874298540965,0.03218316672041277,MHb,DUT,True
Fgfr1op2,6.467205,0.48606256,9.98322428216371e-11,8.176134317164456e-10,0.1074635241301908,0.06217349242179942,MHb,FGFR1OP2,True
Shf,6.466339,1.1973454,1.0040558315883325e-10,8.218928682156518e-10,0.06418350168350169,0.02038052241212512,MHb,SHF,True
Neto2,6.465007,0.39322236,1.0129424944560841e-10,8.287478425810399e-10,0.12037037037037036,0.07429861335053209,MHb,NETO2,True
Tsn,6.4634495,0.31009158,1.0234265170863681e-10,8.369021190026291e-10,0.1785213243546577,0.12976459206707514,MHb,TSN,True
Ate1,6.459283,0.5383983,1.0520022583774776e-10,8.598350949598636e-10,0.10360549943883277,0.058626249596904226,MHb,ATE1,True
Tcea1,6.4541535,0.42811236,1.0882551199017539e-10,8.890164931520641e-10,0.12443883277216611,0.07874879071267334,MHb,TCEA1,True
Trappc1,6.452874,0.82001185,1.0974830033319555e-10,8.956502310239344e-10,0.07709034792368126,0.03295711060948081,MHb,TRAPPC1,True
Cbx1,6.450868,0.5069262,1.1121125164280237e-10,9.07131616400569e-10,0.1095679012345679,0.06449532408900355,MHb,CBX1,True
Sar1b,6.450517,0.4593566,1.1146925788416657e-10,9.087778459054406e-10,0.11637205387205388,0.07075137052563689,MHb,SAR1B,True
H2-D1,6.4488306,0.45002073,1.1271635717259732e-10,9.184821547943384e-10,0.10108024691358025,0.05565946468881006,MHb,H2-D1,True
Ech1,6.446826,0.7737058,1.1421694840571097e-10,9.30241259044499e-10,0.07905443322109988,0.03489197033215092,MHb,ECH1,True
Mme,6.4442034,0.37045056,1.162089932499749e-10,9.459891624651959e-10,0.11391694725028058,0.06778458561754273,MHb,MME,True
Xiap,6.4414797,0.2962593,1.1831446449341563e-10,9.62160112207641e-10,0.14983164983164984,0.10254756530151564,MHb,XIAP,True
Dctn2,6.4398446,0.37899745,1.1959591605257087e-10,9.720924332413738e-10,0.13517115600448934,0.0889390519187359,MHb,DCTN2,True
Dynlt3,6.4366713,0.5129352,1.2212196348846736e-10,9.921259464721042e-10,0.10353535353535354,0.05856175427281522,MHb,DYNLT3,True
Cisd3,6.432422,0.9412989,1.255861734076284e-10,1.0192455368130406e-09,0.07210998877665545,0.028313447275072557,MHb,CISD3,True
Avpi1,6.430375,1.0356326,1.2728962618677972e-10,1.0325525093135215e-09,0.06684904601571268,0.023153821347952273,MHb,AVPI1,True
Cdkn1b,6.423045,0.668482,1.3357480814918463e-10,1.0824511632329967e-09,0.08894500561167228,0.044759754917768464,MHb,CDKN1B,True
Ociad2,6.4220614,0.45113254,1.344412657549722e-10,1.0889271274845646e-09,0.11475869809203143,0.06939696871976782,MHb,OCIAD2,True
Arhgap35,6.41141,0.2954059,1.4418002515705792e-10,1.1672231766343402e-09,0.15691638608305275,0.10970654627539503,MHb,ARHGAP35,True
Nhp2,6.405798,0.92343473,1.495847935364419e-10,1.2097670177259738e-09,0.07161896745230079,0.02799097065462754,MHb,NHP2,True
Strap,6.4048796,0.5317919,1.5048798083523098e-10,1.2164633133482563e-09,0.09715207631874298,0.052563689132537894,MHb,STRAP,True
Mafg,6.4000316,0.3788578,1.5534464306454178e-10,1.2544680986365269e-09,0.12759539842873177,0.0819090615930345,MHb,MAFG,True
Ublcp1,6.3948007,0.55048496,1.607566831777007e-10,1.2964945202182586e-09,0.09848484848484848,0.05398258626249597,MHb,UBLCP1,True
Tpbgl,6.3947697,2.1725495,1.6078936677328142e-10,1.2964945202182586e-09,0.04980359147025814,0.006772009029345372,MHb,TPBGL,True
Atxn7,6.3946815,0.3611569,1.6088247954901123e-10,1.2965989570031174e-09,0.1447811447811448,0.09861335053208642,MHb,ATXN7,True
Bag1,6.3941627,0.3785774,1.614294229318212e-10,1.3003590218736096e-09,0.13040123456790123,0.08429538858432764,MHb,BAG1,True
Tmem183a,6.393148,0.6537256,1.6250507051366745e-10,1.3083720834039676e-09,0.0848063973063973,0.04076104482425024,MHb,TMEM183A,True
Psme2,6.3925743,0.9208973,1.6311576388951737e-10,1.3126089704247364e-09,0.07274130190796857,0.029216381812318608,MHb,PSME2,True
Inpp5f,6.3925014,0.27462238,1.6319360986238918e-10,1.3126089704247364e-09,0.15600448933782268,0.10854563044179297,MHb,INPP5F,True
Gtf2b,6.3917937,0.7795262,1.6395089185572369e-10,1.318044570460403e-09,0.08143939393939394,0.037729764592067075,MHb,GTF2B,True
Pfdn6,6.3877563,0.5571674,1.6833742824966206e-10,1.3526368116931366e-09,0.09715207631874298,0.0526926797807159,MHb,PFDN6,True
Fam117b,6.386418,0.27630678,1.698166871078367e-10,1.3638455382171094e-09,0.15333894500561168,0.10603031280232184,MHb,FAM117B,True
Eef1b2,6.3851204,0.27055067,1.7126253620818743e-10,1.3747749494627453e-09,0.24915824915824916,0.19774266365688487,MHb,EEF1B2,True
Immt,6.384113,0.340686,1.7239378882917063e-10,1.3831694118610294e-09,0.13594276094276095,0.08964850048371494,MHb,IMMT,True
Otx2,6.382737,1.5994242,1.739500629410321e-10,1.3942726799163498e-09,0.05632716049382716,0.013221541438245728,MHb,OTX2,True
Eif3e,6.3814774,0.3407107,1.7538773404172348e-10,1.4050998504828516e-09,0.12892817059483727,0.08281199613028055,MHb,EIF3E,True
Synrg,6.3773503,0.38310966,1.8017772947745624e-10,1.4413327271502743e-09,0.12422839506172839,0.07874879071267334,MHb,SYNRG,True
Srp72,6.374449,0.44018507,1.836221460465385e-10,1.4674348875013639e-09,0.11714365881032547,0.07210577233150596,MHb,SRP72,True
Mtus1,6.373849,0.67082113,1.8434193399890877e-10,1.4724596456456044e-09,0.09196127946127947,0.048049016446307644,MHb,MTUS1,True
Snrpb,6.370141,0.46128964,1.8885440141124634e-10,1.5077591030734993e-09,0.1124438832772166,0.06759109964527572,MHb,SNRPB,True
Mpc1,6.3665085,0.2996249,1.9337939095890047e-10,1.5431236550371067e-09,0.20959595959595959,0.16130280554659787,MHb,MPC1,True
Spag7,6.3626413,0.7372787,1.983135448051913e-10,1.581716758986178e-09,0.08080808080808081,0.037149306675266044,MHb,SPAG7,True
Fam222a,6.3591485,1.0392735,2.0287508041924288e-10,1.6165046432419968e-09,0.06755050505050506,0.024314737181554337,MHb,FAM222A,True
Spcs1,6.3566484,0.36432615,2.0620290197460155e-10,1.6422116885471097e-09,0.13769640852974185,0.09132537891002902,MHb,SPCS1,True
Psme1,6.3557577,0.66122454,2.0740142132233969e-10,1.650943892661833e-09,0.08957631874298541,0.045727184779103515,MHb,PSME1,True
Fam104a,6.35566,0.53953314,2.0753359110916253e-10,1.6511833921252847e-09,0.09771324354657689,0.05340212834569494,MHb,FAM104A,True
Bcl7b,6.3547864,0.79489684,2.0871674187529844e-10,1.659780383398698e-09,0.08031705948372615,0.03689132537891003,MHb,BCL7B,True
Fn3k,6.352128,0.8512839,2.123562162882104e-10,1.6862355417092798e-09,0.07309203142536476,0.029732344405030635,MHb,FN3K,True
Sys1,6.351169,0.46028444,2.136843959593276e-10,1.6959495116006495e-09,0.10844556677890012,0.0636568848758465,MHb,SYS1,True
Prr13,6.3493648,0.6746565,2.1620565500521269e-10,1.7151184255563097e-09,0.08578843995510663,0.04211544663011932,MHb,PRR13,True
Lrig2,6.349136,0.29720506,2.165276002695266e-10,1.7168303599801924e-09,0.16133557800224466,0.1146081909061593,MHb,LRIG2,True
Akap17b,6.3480844,0.5575208,2.1801229402087767e-10,1.7273413614051245e-09,0.09981762065095398,0.05565946468881006,MHb,AKAP17B,True
Nxf1,6.348046,0.37828234,2.180668352389035e-10,1.7273413614051245e-09,0.12815656565656566,0.08274750080619155,MHb,NXF1,True
Rpl5,6.3467035,0.25098333,2.1997744138023282e-10,1.741622669762734e-09,0.29278900112233447,0.24114801676878425,MHb,RPL5,True
Slc35g2,6.344228,0.47125354,2.2354369410598144e-10,1.768991806342588e-09,0.10297418630751964,0.058432763624637216,MHb,SLC35G2,True
Rab11a,6.343832,0.51207787,2.241189605384669e-10,1.772676863916725e-09,0.10318462401795735,0.05894872621734924,MHb,RAB11A,True
Nsfl1c,6.337231,0.56263804,2.33930902513908e-10,1.8493804243218285e-09,0.0941358024691358,0.05011286681715576,MHb,NSFL1C,True
Mrps9,6.3347635,0.37758917,2.377054209231537e-10,1.8783024833571132e-09,0.12037037037037036,0.07513705256368913,MHb,MRPS9,True
Mettl7a1,6.3328595,0.82724077,2.4065903906174375e-10,1.900712869542825e-09,0.07730078563411896,0.03398903579490487,MHb,METTL7A1,True
Rhoq,6.3314757,0.6132165,2.4282758008274484e-10,1.916903908169057e-09,0.09715207631874298,0.05340212834569494,MHb,RHOQ,True
Dnajc13,6.330803,0.30552098,2.438885697834877e-10,1.9243403006087384e-09,0.1604236812570146,0.11383424701709126,MHb,DNAJC13,True
Copg1,6.3272076,0.46176413,2.49637210091172e-10,1.967778690655316e-09,0.11461840628507296,0.07004192196065785,MHb,COPG1,True
Gpr151,6.3271055,0.39428976,2.4980216885551306e-10,1.968119864217206e-09,0.13446969696969696,0.0890035472428249,MHb,GPR151,True
Pced1b,6.3264165,0.3791638,2.50920349251785e-10,1.97596720990634e-09,0.12829685746352412,0.08300548210254756,MHb,PCED1B,True
Mrps7,6.3214874,0.74658686,2.5905770797514087e-10,2.038063437012599e-09,0.07933501683501684,0.03598839084166398,MHb,MRPS7,True
Dpm3,6.320005,0.5271242,2.615548367410309e-10,2.056708548510537e-09,0.09848484848484848,0.05443405353111899,MHb,DPM3,True
Ahdc1,6.3192453,0.46035364,2.628437827306974e-10,2.064836418489087e-09,0.11097081930415263,0.06649467913576265,MHb,AHDC1,True
Gm5089,6.3183093,2.0830069,2.6444029563242413e-10,2.0763697970167283e-09,0.05324074074074074,0.010770719122863592,MHb,GM5089,True
Rtf1,6.318133,0.30008903,2.6474199550167884e-10,2.0777301199610168e-09,0.1433080808080808,0.09693647210577233,MHb,RTF1,True
Eif3m,6.317003,0.40126973,2.6668504393022834e-10,2.0919643964943954e-09,0.12023007856341189,0.07526604321186714,MHb,EIF3M,True
Grcc10,6.3148174,0.99415255,2.704807028358183e-10,2.1207103094374024e-09,0.07218013468013468,0.029345372460496615,MHb,GRCC10,True
Eif3j1,6.310553,0.49547368,2.780404090986585e-10,2.1789261711098842e-09,0.10521885521885523,0.061141567236375365,MHb,EIF3J1,True
Chchd6,6.3082094,0.31354463,2.822817928741874e-10,2.2110934623438164e-09,0.14948092031425364,0.10332150919058368,MHb,CHCHD6,True
Scn2b,6.3054066,0.2662899,2.874386132369038e-10,2.250396693662594e-09,0.1757154882154882,0.12757175104804902,MHb,SCN2B,True
Chmp3,6.304159,0.41622105,2.8976262296739157e-10,2.2674941589247987e-09,0.11763468013468013,0.07300870686875202,MHb,CHMP3,True
Lmtk2,6.2991457,0.34558573,2.992904679170305e-10,2.3409203668075283e-09,0.12829685746352412,0.08294098677845856,MHb,LMTK2,True
Mrpl21,6.2843857,0.6732001,3.2915241749307775e-10,2.5707582583054238e-09,0.08529741863075196,0.042050951306030315,MHb,MRPL21,True
Lzts1,6.280831,1.0561768,3.367680201954257e-10,2.6289684974232677e-09,0.06846240179573512,0.025798129635601418,MHb,LZTS1,True
Mrpl57,6.2738743,0.63511616,3.521732913089616e-10,2.7465781036270266e-09,0.08424523007856341,0.04095453079651725,MHb,MRPL57,True
Grpel1,6.271481,0.7418333,3.5763027185418024e-10,2.7877926010801762e-09,0.0805976430976431,0.03760077394388907,MHb,GRPEL1,True
Aco2,6.2706203,0.29721823,3.596120533534652e-10,2.801890637279528e-09,0.16666666666666666,0.1200902934537246,MHb,ACO2,True
Hdac2,6.267842,0.42516616,3.660866976978566e-10,2.849592076642363e-09,0.11054994388327721,0.06636568848758465,MHb,HDAC2,True
Stambpl1,6.2667165,0.58144206,3.6874026630675243e-10,2.868866670279808e-09,0.09041806958473625,0.04701709126088358,MHb,STAMBPL1,True
Necap1,6.2662683,0.5057624,3.6980309645198517e-10,2.8757524447648364e-09,0.09757295173961841,0.05385359561431796,MHb,NECAP1,True
Ubald2,6.265746,1.0110985,3.710441649513345e-10,2.8840169957173646e-09,0.06712962962962964,0.02457271847791035,MHb,UBALD2,True
Ptbp3,6.2638083,0.5394299,3.7568768765403774e-10,2.918707179540855e-09,0.09883557800224467,0.05520799742018704,MHb,PTBP3,True
Ascc1,6.26359,0.67386776,3.7621382443196687e-10,2.9213915555386765e-09,0.08340347923681257,0.04030957755562722,MHb,ASCC1,True
Ubxn1,6.2605424,0.3332319,3.836407514750152e-10,2.97763395158751e-09,0.1390993265993266,0.09371170590132215,MHb,UBXN1,True
Rabggtb,6.2602262,0.56143624,3.8441906857942514e-10,2.9822438533679625e-09,0.08978675645342311,0.04637213801999355,MHb,RABGGTB,True
Tmem199,6.2588553,0.75514793,3.878129841780229e-10,3.0056899947673793e-09,0.07968574635241302,0.03682683005482103,MHb,TMEM199,True
Snw1,6.2575245,0.49155217,3.9113623896813857e-10,3.029994571508449e-09,0.09918630751964086,0.05546597871654305,MHb,SNW1,True
Tm2d2,6.249443,0.5520475,4.1191846787959697e-10,3.1894596543573386e-09,0.09617003367003367,0.0526926797807159,MHb,TM2D2,True
Gcsh,6.2465854,0.63811725,4.1952280098153606e-10,3.245232570959515e-09,0.0872615039281706,0.04417929700096743,MHb,GCSH,True
Atf4,6.2460375,0.4501631,4.209956244264158e-10,3.2550689412510874e-09,0.1040263748597082,0.060109642050951304,MHb,ATF4,True
Vamp7,6.2442183,0.6180375,4.259244063591267e-10,3.2916040481886644e-09,0.08396464646464646,0.04089003547242825,MHb,VAMP7,True
Ccdc186,6.2436433,0.52274,4.2749486534394914e-10,3.302163059664937e-09,0.09659090909090909,0.053144147049338925,MHb,CCDC186,True
Fam149a,6.242083,1.1856517,4.3178129121616647e-10,3.3336813295567982e-09,0.06523569023569023,0.022960335375685263,MHb,FAM149A,True
Dld,6.2369423,0.49800375,4.4620700046839824e-10,3.4417731199696433e-09,0.09806397306397306,0.054563044179297,MHb,DLD,True
Tsen34,6.2365236,0.58025837,4.4740232590500057e-10,3.449348246669868e-09,0.09329405162738497,0.05011286681715576,MHb,TSEN34,True
Sptssa,6.233005,0.45280004,4.5757116859637784e-10,3.526066532656699e-09,0.10641133557800224,0.06262495969042245,MHb,SPTSSA,True
Rab11b,6.2325315,0.4552049,4.589564780991723e-10,3.535057634882911e-09,0.10732323232323232,0.0635278942276685,MHb,RAB11B,True
Gpbp1,6.231906,0.4516114,4.607946939886395e-10,3.5475269753766033e-09,0.10900673400673401,0.06526926797807159,MHb,GPBP1,True
Srp9,6.2317004,0.37308058,4.6139908094289327e-10,3.5504900733831107e-09,0.12563131313131312,0.08081264108352144,MHb,SRP9,True
Mbd3,6.22984,0.460496,4.669117332192471e-10,3.5912017521737147e-09,0.10044893378226712,0.05675588519832312,MHb,MBD3,True
Tceal1,6.2256284,0.5817638,4.796303021494035e-10,3.68552025523354e-09,0.08719135802469136,0.04405030635278942,MHb,TCEAL1,True
Dnajb4,6.2254596,0.35147476,4.801470913997276e-10,3.687739412816047e-09,0.13404882154882156,0.08939051918735892,MHb,DNAJB4,True
Grip1os2,6.2199726,1.8307998,4.972417810446103e-10,3.815410725045812e-09,0.05562570145903479,0.01380199935504676,MHb,GRIP1OS2,True
Zfp612,6.219585,0.45060363,4.984716679910495e-10,3.823034248342924e-09,0.10753367003367004,0.06378587552402451,MHb,ZFP612,True
Jtb,6.218968,0.668005,5.004361893063812e-10,3.836282162099866e-09,0.0819304152637486,0.039148661722025156,MHb,JTB,True
Cab39l,6.2170315,0.3972368,5.06647573739706e-10,3.882058031852082e-09,0.12030022446689113,0.07623347307320219,MHb,CAB39L,True
Smarcb1,6.2165136,0.5925063,5.083220032317067e-10,3.893043751076163e-09,0.09118967452300786,0.048242502418574654,MHb,SMARCB1,True
Dctn4,6.211148,0.36791018,5.259897247963601e-10,4.025373328245081e-09,0.13096240179573512,0.08661722025153176,MHb,DCTN4,True
Ube2h,6.2111154,0.25730646,5.260982513700217e-10,4.025373328245081e-09,0.17003367003367004,0.12337955498226379,MHb,UBE2H,True
Eif4e,6.2080245,0.34353963,5.365477186195001e-10,4.101445816951992e-09,0.13937991021324356,0.0945501451144792,MHb,EIF4E,True
Mrps15,6.2060056,0.4584903,5.434830868432696e-10,4.152498313504905e-09,0.10367564534231201,0.0600451467268623,MHb,MRPS15,True
Nudt21,6.200577,0.5209153,5.625663683080583e-10,4.2962752631647045e-09,0.09511784511784512,0.05198323121573686,MHb,NUDT21,True
Glrx3,6.1988673,0.41929,5.687087575100201e-10,4.341134569478328e-09,0.11770482603815938,0.07378265075782006,MHb,GLRX3,True
Mrps17,6.197565,0.7023272,5.734340725455465e-10,4.3751396808604784e-09,0.0805976430976431,0.03805224121251209,MHb,MRPS17,True
Guk1,6.1946545,0.4016447,5.841307784140583e-10,4.452551998514323e-09,0.1164421997755331,0.07229925830377297,MHb,GUK1,True
Acox1,6.194459,0.38525835,5.848549525422883e-10,4.455972141955493e-09,0.12184343434343434,0.07784585617542727,MHb,ACOX1,True
Commd3,6.1794505,0.56287426,6.432501564439465e-10,4.896268837873335e-09,0.09111952861952861,0.048242502418574654,MHb,COMMD3,True
Ostc,6.178133,0.4135012,6.486398127426155e-10,4.934971294031893e-09,0.10676206509539843,0.06301193163495647,MHb,OSTC,True
Adamts16,6.178042,0.81187415,6.490143769915149e-10,4.9354995523449715e-09,0.08038720538720538,0.038116736536601095,MHb,ADAMTS16,True
Gmps,6.169966,0.33804753,6.830461153186448e-10,5.186981650365765e-09,0.13390852974186307,0.08945501451144793,MHb,GMPS,True
Zfp106,6.167309,0.26269943,6.946199772536419e-10,5.27239705869435e-09,0.17087542087542087,0.12466946146404385,MHb,ZFP106,True
Khdrbs1,6.165506,0.2941754,7.02581860754635e-10,5.33032907959954e-09,0.15565375982042648,0.11015801354401805,MHb,KHDRBS1,True
Ube2m,6.164734,0.37784904,7.060174125237196e-10,5.353882628959759e-09,0.13271604938271606,0.08822960335375685,MHb,UBE2M,True
Pias1,6.163851,0.317911,7.099690200409468e-10,5.3813256322222665e-09,0.14534231200897868,0.10054821025475653,MHb,PIAS1,True
Chmp2b,6.1612177,0.7128193,7.218767636913413e-10,5.469019509464845e-09,0.0787037037037037,0.03643985811028701,MHb,CHMP2B,True
Cfap20,6.1578026,0.39914852,7.376116499928664e-10,5.580387482990932e-09,0.11581088664421997,0.07210577233150596,MHb,CFAP20,True
Gm4221,6.1553473,0.90281814,7.491313352582405e-10,5.664889830669491e-09,0.07687991021324354,0.03495646565623992,MHb,GM4221,True
Zrsr2,6.1542635,0.6326967,7.542720013277615e-10,5.701097953961001e-09,0.08705106621773288,0.04463076426959046,MHb,ZRSR2,True
Znhit1,6.153543,0.51374394,7.577085281053409e-10,5.724397684308215e-09,0.09301346801346802,0.05017736214124476,MHb,ZNHIT1,True
Rad23a,6.14803,0.54471755,7.845129335962818e-10,5.921370369071329e-09,0.09476711560044894,0.05204772653982586,MHb,RAD23A,True
Dhx9,6.145517,0.3491004,7.970346225453345e-10,6.0130760352942094e-09,0.12507014590347923,0.08107062237987746,MHb,DHX9,True
Pgrmc2,6.145031,0.38415802,7.994799336839404e-10,6.028712320437173e-09,0.11209315375982043,0.06849403418252177,MHb,PGRMC2,True
Mrps23,6.143412,0.91879374,8.076736297384543e-10,6.087661212031453e-09,0.06790123456790123,0.026120606256046435,MHb,MRPS23,True
Ciapin1,6.1408663,0.7179106,8.207266539654742e-10,6.183164242147901e-09,0.08122895622895623,0.039148661722025156,MHb,CIAPIN1,True
Plce1,6.1387115,1.5816816,8.319355743241684e-10,6.26469176661705e-09,0.057800224466891134,0.0163818123186069,MHb,PLCE1,True
Ppid,6.1378727,0.49225608,8.363385536157182e-10,6.294916754180662e-09,0.10606060606060606,0.06314092228313448,MHb,PPID,True
Sirt2,6.1370792,0.28444317,8.405249301878996e-10,6.3205442797718626e-09,0.14842873176206509,0.10351499516285069,MHb,SIRT2,True
Imp3,6.1339073,0.71765333,8.574648418644462e-10,6.444932071169804e-09,0.07779180695847362,0.03573040954530796,MHb,IMP3,True
Ccdc167,6.133287,0.98822284,8.608179813661689e-10,6.464127599163316e-09,0.06586700336700337,0.02418574653337633,MHb,CCDC167,True
Snx10,6.1320004,0.31291136,8.678095030211996e-10,6.513604970472346e-09,0.14393939393939395,0.09919380844888745,MHb,SNX10,True
Rad23b,6.131821,0.35837385,8.687864541874969e-10,6.51791321729256e-09,0.1289983164983165,0.08513382779748468,MHb,RAD23B,True
Klhl13,6.1310806,0.5532446,8.728420865892045e-10,6.54530401046842e-09,0.10171156004489337,0.059206707513705256,MHb,KLHL13,True
Gkap1,6.1271677,0.28246644,8.94570839394589e-10,6.705135925490026e-09,0.14162457912457913,0.09667849080941632,MHb,GKAP1,True
Supt16,6.1246505,0.32895833,9.08829610433388e-10,6.8088554649189685e-09,0.13061167227833895,0.08655272492744276,MHb,SUPT16,True
Spryd3,6.121997,0.6404682,9.240970245339176e-10,6.920032116590794e-09,0.08354377104377105,0.041405998065140275,MHb,SPRYD3,True
Exoc3,6.1166863,0.3183293,9.554101637128711e-10,7.1445951909642575e-09,0.132996632996633,0.08861657529829087,MHb,EXOC3,True
Zmat5,6.115101,0.68651396,9.649584457929158e-10,7.212663059473389e-09,0.07849326599326599,0.03650435343437601,MHb,ZMAT5,True
Pet100,6.1071815,0.6224731,1.0140573286849658e-09,7.572658029307166e-09,0.08431537598204265,0.042244437278297325,MHb,PET100,True
Mtmr6,6.104194,0.38876763,1.033205679298129e-09,7.708534069486733e-09,0.11819584736251403,0.07487907126733312,MHb,MTMR6,True
Glo1,6.1037965,0.4454499,1.0357814871667351e-09,7.720629287982461e-09,0.10479797979797979,0.0618510158013544,MHb,GLO1,True
Hspb11,6.098869,0.5914923,1.0682166002411412e-09,7.958730312713247e-09,0.08768237934904602,0.045533698806836505,MHb,HSPB11,True
Ttc33,6.0981,0.64335036,1.0733634651875826e-09,7.993395050372536e-09,0.08424523007856341,0.04230893260238633,MHb,TTC33,True
Eps8,6.096275,0.45927632,1.0856855131672482e-09,8.081437264371946e-09,0.10304433221099887,0.06023863269912931,MHb,EPS8,True
Banf1,6.0955863,0.7752915,1.0903710945519492e-09,8.112581625748748e-09,0.07491582491582492,0.03327958722992583,MHb,BANF1,True
Mro,6.094151,1.4621992,1.1001961352254785e-09,8.181918384952697e-09,0.05618686868686869,0.015027410512737826,MHb,MRO,True
Cuedc1,6.0938387,0.38704625,1.102348262622488e-09,8.19415585841854e-09,0.119668911335578,0.0762979683972912,MHb,CUEDC1,True
Bax,6.0920854,0.465616,1.1144912896024515e-09,8.28061396845184e-09,0.09995791245791245,0.05733634311512415,MHb,BAX,True
Pop7,6.0869217,1.1363591,1.1510236666071208e-09,8.548121123677768e-09,0.06172839506172839,0.020509513060303127,MHb,POP7,True
Arl8a,6.084061,0.3325261,1.171760299566382e-09,8.69812888732732e-09,0.12542087542087543,0.08165108029667849,MHb,ARL8A,True
Prelid1,6.0820837,0.6426736,1.1863062545425271e-09,8.802065902396962e-09,0.08270202020202021,0.040825540148339244,MHb,PRELID1,True
Rida,6.081874,0.5668244,1.1878615683013654e-09,8.8095648176408e-09,0.08957631874298541,0.04746855852950661,MHb,RIDA,True
Smc3,6.0795174,0.27175418,1.205446912345005e-09,8.92770320841596e-09,0.1478675645342312,0.10306352789422767,MHb,SMC3,True
Tomm70a,6.0793486,0.31555435,1.2067166672760698e-09,8.933016976288525e-09,0.13194444444444445,0.08797162205740083,MHb,TOMM70A,True
Bola1,6.0749483,1.1198334,1.240275293579857e-09,9.168854147008313e-09,0.0638327721661055,0.02270235407932925,MHb,BOLA1,True
Ntan1,6.0742903,0.51191986,1.245374347392274e-09,9.20234356741436e-09,0.09399551066217733,0.05172524991938084,MHb,NTAN1,True
Ago2,6.0730023,0.349516,1.2554067159212443e-09,9.27223910046855e-09,0.12647306397306396,0.08306997742663656,MHb,AGO2,True
Snf8,6.0676727,0.42997095,1.2977692705288273e-09,9.576376802373989e-09,0.1042368125701459,0.06159303450499839,MHb,SNF8,True
Kiz,6.0619273,0.5914864,1.3449991955439153e-09,9.915844114823532e-09,0.08999719416386083,0.048049016446307644,MHb,KIZ,True
Eapp,6.0598326,0.55665046,1.3626325477060723e-09,1.0041267179565249e-08,0.08705106621773288,0.04508223153821348,MHb,EAPP,True
Appbp2,6.054708,0.33671477,1.406727682671585e-09,1.0361484638985833e-08,0.130331088664422,0.08681070622379877,MHb,APPBP2,True
Fam32a,6.0473547,0.76747787,1.4724353867302018e-09,1.0840529076177066e-08,0.07589786756453423,0.0345694937117059,MHb,FAM32A,True
Stag2,6.046677,0.26903796,1.4786361213203025e-09,1.0881228053847085e-08,0.15151515151515152,0.10680425669138988,MHb,STAG2,True
Coro7,6.045577,0.6163424,1.488761178232354e-09,1.0950755824423976e-08,0.0861391694725028,0.044372782973234444,MHb,CORO7,True
Irak1,6.0454617,0.44373283,1.4898279402008992e-09,1.0953621333067974e-08,0.10451739618406285,0.06204450177362141,MHb,IRAK1,True
Insig2,6.0431986,0.36495548,1.510883708874142e-09,1.110338209497467e-08,0.10893658810325477,0.06604321186713963,MHb,INSIG2,True
Ube2q1,6.040753,0.5466653,1.5339684427371424e-09,1.1267910790768972e-08,0.09224186307519641,0.05037084811351177,MHb,UBE2Q1,True
Luc7l,6.039225,0.26880473,1.5485592385851522e-09,1.1369925412671283e-08,0.14323793490460157,0.09867784585617542,MHb,LUC7L,True
Bcor,6.0389247,0.8154197,1.551445544452838e-09,1.138594903880429e-08,0.07267115600448934,0.03140922283134473,MHb,BCOR,True
Ralbp1,6.0363255,0.3374067,1.576630238585174e-09,1.1565530208215503e-08,0.1316638608305275,0.08816510802966784,MHb,RALBP1,True
Smim20,6.0351744,0.8993124,1.5879132789671487e-09,1.1637742314133951e-08,0.0680415263748597,0.026959045469203483,MHb,SMIM20,True
Frg1,6.032689,0.6428717,1.6125349825918706e-09,1.1812841188144704e-08,0.08445566778900113,0.04295388584327636,MHb,FRG1,True
Ctcf,6.032248,0.330871,1.6169426928892017e-09,1.1834410885738841e-08,0.11819584736251403,0.07494356659142212,MHb,CTCF,True
Ndufs1,6.031746,0.29269078,1.6219789577714635e-09,1.1865902144709824e-08,0.14127384960718295,0.09719445340212834,MHb,NDUFS1,True
Tm2d1,6.030255,0.39269385,1.6370154613407972e-09,1.1970490545744752e-08,0.10585016835016835,0.06314092228313448,MHb,TM2D1,True
Polr2e,6.0301156,0.5847231,1.6384252316161458e-09,1.1975385504469571e-08,0.0867003367003367,0.04501773621412448,MHb,POLR2E,True
Lamtor3,6.029491,0.5571598,1.6447701079960761e-09,1.2016330847712978e-08,0.08943602693602694,0.04766204450177362,MHb,LAMTOR3,True
Alg14,6.0290546,0.75050235,1.6492154261089733e-09,1.2043367727906384e-08,0.07442480359147026,0.03315059658174782,MHb,ALG14,True
Smim8,6.02727,0.8458739,1.6675249490036762e-09,1.2171577639952376e-08,0.07035634118967453,0.02928087713640761,MHb,SMIM8,True
Polr2j,6.021881,0.6144531,1.7240169309394211e-09,1.2572576130723687e-08,0.08157968574635241,0.040051596259271204,MHb,POLR2J,True
Alkbh5,6.021692,0.5582955,1.7260325985988595e-09,1.2581603101548695e-08,0.09294332210998878,0.05127378265075782,MHb,ALKBH5,True
Med21,6.015254,0.6743919,1.7960457539500386e-09,1.3074275459109754e-08,0.07919472502805835,0.03785875524024508,MHb,MED21,True
Mrps6,6.0138235,0.6486012,1.8119801616422417e-09,1.3184336083924094e-08,0.08249158249158249,0.04108352144469526,MHb,MRPS6,True
Ahsa1,6.0080256,0.6549093,1.877958754714933e-09,1.3652127126972602e-08,0.08094837261503929,0.03966462431473718,MHb,AHSA1,True
Gm17018,6.003672,0.44255334,1.9290392647165927e-09,1.4010871175029585e-08,0.10030864197530864,0.0581747823282812,MHb,GM17018,True
Wdr12,6.003239,0.46017876,1.9341913704658367e-09,1.4041986273467194e-08,0.09588945005611672,0.053918090938406965,MHb,WDR12,True
Pabpc1,6.0022445,0.3439765,1.946081618729127e-09,1.4121969575120516e-08,0.1324354657687991,0.08951950983553693,MHb,PABPC1,True
Eef1akmt1,5.998533,0.75467867,1.991086130234861e-09,1.443559756008466e-08,0.07407407407407407,0.033021605933569814,MHb,EEF1AKMT1,True
Rnh1,5.9980655,0.7637353,1.9968229672574404e-09,1.4464464231754008e-08,0.07295173961840629,0.03192518542405676,MHb,RNH1,True
Tnfrsf19,5.9980626,0.86118084,1.9968561749308627e-09,1.4464464231754008e-08,0.07673961840628507,0.03585940019348597,MHb,TNFRSF19,True
Fcho2,5.9915237,0.2632093,2.0788409658265258e-09,1.505159025167594e-08,0.16056397306397308,0.11589809738793938,MHb,FCHO2,True
Ndst1,5.9911976,0.94739336,2.0830152075333835e-09,1.507506531626509e-08,0.0664983164983165,0.025733634311512415,MHb,NDST1,True
Mroh1,5.9907846,0.42260078,2.0883073659366314e-09,1.5106606280869863e-08,0.10781425364758698,0.0655272492744276,MHb,MROH1,True
Tlk1,5.9902596,0.28403062,2.0950649505791273e-09,1.5141946191071218e-08,0.14246632996632996,0.09867784585617542,MHb,TLK1,True
Lamtor4,5.9866858,0.40621412,2.1415990008841554e-09,1.5471354997454763e-08,0.11005892255892256,0.06759109964527572,MHb,LAMTOR4,True
Lsm7,5.986171,0.39975324,2.148390785677578e-09,1.5513491499256617e-08,0.10697250280583614,0.06462431473718155,MHb,LSM7,True
Bbip1,5.985311,0.3352958,2.159769030298658e-09,1.5588694361928066e-08,0.12654320987654322,0.0834569493711706,MHb,BBIP1,True
Ddx42,5.983035,0.3127795,2.1901746867631315e-09,1.580110417412741e-08,0.12920875420875422,0.08603676233473073,MHb,DDX42,True
Phax,5.982955,0.62952065,2.191255945242501e-09,1.5801856849887407e-08,0.08108866442199776,0.0399226056110932,MHb,PHAX,True
Csnk2a1,5.980882,0.33263415,2.2193218379232833e-09,1.598999141577243e-08,0.1263327721661055,0.0834569493711706,MHb,CSNK2A1,True
Arl6ip5,5.980314,0.32194844,2.22708291225395e-09,1.6038764962470012e-08,0.12429854096520764,0.08113511770396646,MHb,ARL6IP5,True
Slc25a1,5.976403,0.7231499,2.28118184540526e-09,1.6421057565389443e-08,0.07786195286195287,0.03689132537891003,MHb,SLC25A1,True
Hnrnpll,5.9759994,0.40288284,2.28684067709958e-09,1.645446972957549e-08,0.10921717171717171,0.06701064172847468,MHb,HNRNPLL,True
Med29,5.9756103,0.87615037,2.2923042515122633e-09,1.648644787381541e-08,0.06881313131313131,0.028119961302805547,MHb,MED29,True
Wrnip1,5.9754853,0.7369626,2.2940617415058944e-09,1.649175496393682e-08,0.07610830527497194,0.035214446952595936,MHb,WRNIP1,True
Gna11,5.969193,0.46447253,2.3843005629139428e-09,1.71328572212941e-08,0.09553872053872053,0.05385359561431796,MHb,GNA11,True
Dcun1d5,5.966075,0.339093,2.4302850111303057e-09,1.7455532884117536e-08,0.12352693602693603,0.08074814575943244,MHb,DCUN1D5,True
Arpc5,5.965512,0.45266765,2.4386831031783756e-09,1.750807776027973e-08,0.10115039281705948,0.059400193485972266,MHb,ARPC5,True
Map2k1,5.9651303,0.39961845,2.444388511630756e-09,1.7533474135533247e-08,0.11321548821548821,0.0710738471460819,MHb,MAP2K1,True
Ldha,5.965052,0.6619998,2.445561495088046e-09,1.7534112226528876e-08,0.0893658810325477,0.04837149306675266,MHb,LDHA,True
Sf3a1,5.9563665,0.6945226,2.57907875464246e-09,1.8475021636998136e-08,0.07723063973063973,0.036375362786198004,MHb,SF3A1,True
Mcts1,5.9558005,0.4361069,2.588019961082282e-09,1.8530864484509035e-08,0.1095679012345679,0.06752660432118672,MHb,MCTS1,True
Spred2,5.9542418,0.34245518,2.612801979416653e-09,1.870003186595768e-08,0.11854657687991021,0.07591099645275717,MHb,SPRED2,True
Reps1,5.9533706,0.30213723,2.6267538078349694e-09,1.8791571358571707e-08,0.13783670033670034,0.0943566591422122,MHb,REPS1,True
Bcl2l1,5.9519944,0.43711862,2.6489435150073046e-09,1.8941936938657452e-08,0.10395622895622895,0.06217349242179942,MHb,BCL2L1,True
Phyh,5.947677,0.48067296,2.7197413755149782e-09,1.9439600861226145e-08,0.09189113355780022,0.050435343437600776,MHb,PHYH,True
Rexo2,5.944097,0.41363716,2.7798520714276004e-09,1.986047140253597e-08,0.10318462401795735,0.06127055788455337,MHb,REXO2,True
Zcchc17,5.939544,0.34500557,2.8581595482811347e-09,2.040191116215682e-08,0.12598204264870932,0.08319896807481457,MHb,ZCCHC17,True
Puf60,5.936084,0.45745647,2.9191067178448476e-09,2.0827768487490257e-08,0.09848484848484848,0.057013866494679134,MHb,PUF60,True
Mreg,5.933248,1.546697,2.9699933103614585e-09,2.1181499909654583e-08,0.053942199775533106,0.013930990003224767,MHb,MREG,True
Ufm1,5.9324055,0.5661057,2.9852832958913323e-09,2.1281162323068447e-08,0.08375420875420875,0.04276039987100935,MHb,UFM1,True
Bod1,5.9298344,0.6014722,3.03240013484249e-09,2.1598006244419762e-08,0.0832631874298541,0.04237342792647533,MHb,BOD1,True
Dnajc8,5.92863,0.3289215,3.0547279810025677e-09,2.1747458227428052e-08,0.1210016835016835,0.07842631409222832,MHb,DNAJC8,True
Klf13,5.9258003,0.4275223,3.107799717586652e-09,2.211555672325741e-08,0.10199214365881032,0.060303128023218314,MHb,KLF13,True
Cops3,5.923488,0.47387633,3.151834690829769e-09,2.241905282505344e-08,0.09967732884399551,0.05830377297645921,MHb,COPS3,True
Cisd2,5.921652,0.29338938,3.1872350745377693e-09,2.2660891134350955e-08,0.13313692480359146,0.09009996775233796,MHb,CISD2,True
Chac2,5.920138,0.73036283,3.2167160343865805e-09,2.2860448970212186e-08,0.07568742985409652,0.03514995162850693,MHb,CHAC2,True
Chchd7,5.9143934,0.45511952,3.3310120589384954e-09,2.365194032191842e-08,0.09427609427609428,0.05288616575298291,MHb,CHCHD7,True
Xpo1,5.913099,0.26623416,3.357308668023654e-09,2.3828199958439052e-08,0.15312850729517397,0.10938406965495001,MHb,XPO1,True
Med31,5.912236,0.68120295,3.374938066664956e-09,2.394281720539722e-08,0.07610830527497194,0.03553692357304095,MHb,MED31,True
Tceal6,5.9112706,0.6034731,3.394786654568956e-09,2.4073070643425195e-08,0.08578843995510663,0.044953240890035474,MHb,TCEAL6,True
Eif6,5.9103436,0.7256979,3.4139509905583836e-09,2.4198359891446913e-08,0.07274130190796857,0.03231215736859078,MHb,EIF6,True
Fam162a,5.9046836,0.47752452,3.533237179988553e-09,2.50109896657833e-08,0.09287317620650953,0.05172524991938084,MHb,FAM162A,True
Kdm5b,5.902741,0.31518626,3.575113276700786e-09,2.529635050333999e-08,0.12906846240179573,0.08648822960335376,MHb,KDM5B,True
Dph3,5.9000926,0.7485459,3.632978914841651e-09,2.5694549168152036e-08,0.07407407407407407,0.03373105449854886,MHb,DPH3,True
Rdh14,5.896192,0.74061567,3.7198620432094802e-09,2.6297538701448137e-08,0.0712682379349046,0.030957755562721703,MHb,RDH14,True
Chtop,5.895555,0.42415744,3.734237479335371e-09,2.6387632690366808e-08,0.10044893378226712,0.05907771686552725,MHb,CHTOP,True
Snrpc,5.893136,0.71747875,3.789337262506339e-09,2.6765297039755475e-08,0.07421436588103254,0.033860045146726865,MHb,SNRPC,True
Fam169a,5.892345,0.3242382,3.8075366697743825e-09,2.6882106343780285e-08,0.12436868686868686,0.08210254756530151,MHb,FAM169A,True
Adrm1,5.889772,0.8888913,3.867290069393271e-09,2.7280164357800332e-08,0.06755050505050506,0.02747500806191551,MHb,ADRM1,True
Ankra2,5.889163,0.54933274,3.881569481255608e-09,2.7368956564651027e-08,0.08663019079685746,0.04585617542728152,MHb,ANKRA2,True
Upf3b,5.8882227,0.36915845,3.903706766217988e-09,2.7513053134455757e-08,0.11132154882154882,0.06952595936794582,MHb,UPF3B,True
Dnajb1,5.88659,0.66886926,3.9424532343555335e-09,2.777403356520068e-08,0.08908529741863075,0.04875846501128668,MHb,DNAJB1,True
Rabac1,5.879674,0.26818845,4.110747954315568e-09,2.8934442193670283e-08,0.21934624017957352,0.1726539825862625,MHb,RABAC1,True
Tyrp1,5.8780656,2.0449734,4.150883412994554e-09,2.9204236278898178e-08,0.04769921436588103,0.008126410835214447,MHb,TYRP1,True
Timm10,5.8731766,0.845879,4.275229041904938e-09,3.005294643755427e-08,0.06979517396184062,0.029796839729119638,MHb,TIMM10,True
Ophn1,5.869591,0.30187368,4.368706354614815e-09,3.067006305811399e-08,0.12934904601571268,0.08668171557562077,MHb,OPHN1,True
Nop58,5.8692975,0.44205347,4.376453106214499e-09,3.06903686568423e-08,0.10521885521885523,0.06404385682038052,MHb,NOP58,True
Thrap3,5.86177,0.2559727,4.579589505716182e-09,3.206703907141093e-08,0.14457070707070707,0.10125765881973557,MHb,THRAP3,True
Eif3a,5.8580365,0.2592205,4.683722150167716e-09,3.2782001635206755e-08,0.15060325476992142,0.1073847146081909,MHb,EIF3A,True
Ugp2,5.8533125,0.4568246,4.818771008887829e-09,3.37126388705712e-08,0.10332491582491582,0.06243147371815543,MHb,UGP2,True
Tsen15,5.8530674,0.542372,4.825881722216124e-09,3.3747789389038396e-08,0.0859287317620651,0.0454047081586585,MHb,TSEN15,True
Vps50,5.8522253,0.36888024,4.850386749846018e-09,3.390449683611035e-08,0.11574074074074074,0.07416962270235408,MHb,VPS50,True
Kmt5a,5.851273,0.51408505,4.878240784073858e-09,3.4084468545310864e-08,0.09189113355780022,0.05127378265075782,MHb,KMT5A,True
Grk5,5.8478312,0.59073967,4.980234348885958e-09,3.476706542651289e-08,0.09132996632996633,0.0508868107062238,MHb,GRK5,True
Pgls,5.843244,0.60762775,5.119396351269805e-09,3.5723138904999607e-08,0.08221099887766554,0.04198645598194131,MHb,PGLS,True
N4bp1,5.836144,0.34940347,5.342277042158228e-09,3.726232477658876e-08,0.11391694725028058,0.07242824895195098,MHb,N4BP1,True
Sumo3,5.835364,0.49162772,5.367329233767734e-09,3.742092687766944e-08,0.09329405162738497,0.0526926797807159,MHb,SUMO3,True
Yaf2,5.832523,0.3095985,5.459549957226654e-09,3.804748839213318e-08,0.1334175084175084,0.091002902289584,MHb,YAF2,True
Tmem128,5.831956,0.48466715,5.478147161367456e-09,3.816065044578751e-08,0.08656004489337822,0.04598516607545953,MHb,TMEM128,True
Cyb5a,5.8301444,0.41703728,5.5379388386233525e-09,3.8560551319299495e-08,0.10220258136924804,0.06127055788455337,MHb,CYB5A,True
Srsf4,5.8274364,0.42017505,5.628522463585528e-09,3.9157570257417595e-08,0.09995791245791245,0.05907771686552725,MHb,SRSF4,True
Cpt1c,5.821473,0.32150528,5.833121457134462e-09,4.0528668199806667e-08,0.12850729517396184,0.08661722025153176,MHb,CPT1C,True
Brd2,5.8200684,0.3263129,5.882354080173151e-09,4.0835655470729926e-08,0.10984848484848485,0.06836504353434376,MHb,BRD2,True
Cdc123,5.817026,0.35547712,5.990375113144572e-09,4.1567703755947425e-08,0.11517957351290685,0.07378265075782006,MHb,CDC123,True
Smndc1,5.8163204,0.65112334,6.015706516623722e-09,4.172558014853718e-08,0.0800364758698092,0.04011609158336021,MHb,SMNDC1,True
Pdhb,5.8148584,0.385098,6.068519360286383e-09,4.2055827186217756e-08,0.10578002244668912,0.06468881006127056,MHb,PDHB,True
Mta3,5.808031,0.4438928,6.3211717826325566e-09,4.3750515012443986e-08,0.10178170594837262,0.06107707191228636,MHb,MTA3,True
Lrif1,5.8078976,0.43365076,6.3262206219564935e-09,4.3766731633937677e-08,0.10507856341189674,0.06430183811673654,MHb,LRIF1,True
Nsrp1,5.807007,0.5448715,6.3599542883698595e-09,4.3981299963395675e-08,0.08761223344556678,0.04740406320541761,MHb,NSRP1,True
Cep19,5.8040586,0.5600473,6.472868262389956e-09,4.474301031801604e-08,0.08115881032547699,0.04108352144469526,MHb,CEP19,True
Trim32,5.7992806,0.59255165,6.659994819426201e-09,4.5977557065394276e-08,0.08368406285072952,0.0437278297323444,MHb,TRIM32,True
Rbm11,5.796303,1.5030171,6.779285610571459e-09,4.678111977431457e-08,0.052048260381593714,0.012963560141889712,MHb,RBM11,True
Dnlz,5.792974,0.65685743,6.915075092922175e-09,4.769779941493227e-08,0.07414421997755331,0.03437600773943889,MHb,DNLZ,True
Pura,5.791483,0.2594058,6.97675793099541e-09,4.810275342448881e-08,0.21997755331088664,0.1749113189293776,MHb,PURA,True
Tmem160,5.7871747,0.48019466,7.158012139404558e-09,4.933142154020824e-08,0.08824354657687991,0.04798452112221864,MHb,TMEM160,True
Map2k2,5.787042,0.30414993,7.16365233472212e-09,4.93492659770572e-08,0.12219416386083053,0.08055465978716543,MHb,MAP2K2,True
Sra1,5.7847505,0.4356791,7.262007958373605e-09,5.000552521357729e-08,0.09645061728395062,0.05591744598516608,MHb,SRA1,True
Atf7ip,5.7836,0.25796348,7.311882547393249e-09,5.0327532001738636e-08,0.14134399551066218,0.09880683650435343,MHb,ATF7IP,True
Rbm3,5.783026,0.2785089,7.33685620194602e-09,5.047794515800803e-08,0.13201459034792368,0.08971299580780394,MHb,RBM3,True
Epc2,5.7825866,0.4171249,7.356061778577325e-09,5.058856261415315e-08,0.11265432098765432,0.07197678168332795,MHb,EPC2,True
Lysmd2,5.7783947,0.6548463,7.541681204674773e-09,5.1843048655169766e-08,0.07680976430976431,0.037149306675266044,MHb,LYSMD2,True
Polr2c,5.7697344,0.5973669,7.939652924929777e-09,5.453243569458137e-08,0.08375420875420875,0.04398581102870042,MHb,POLR2C,True
Crmp1,5.769283,0.2698041,7.960965263224483e-09,5.4632419657469674e-08,0.13313692480359146,0.091002902289584,MHb,CRMP1,True
Spg21,5.768493,0.9373759,7.998339700873259e-09,5.4865625386609395e-08,0.06320145903479236,0.02399226056110932,MHb,SPG21,True
Xbp1,5.768173,0.41145846,8.013542655914175e-09,5.494660977507917e-08,0.1013608305274972,0.060754595291841344,MHb,XBP1,True
Cops2,5.766997,0.3528438,8.069656868983435e-09,5.530792366771486e-08,0.11293490460157127,0.07191228635923895,MHb,COPS2,True
Smc1a,5.7660837,0.388694,8.113471344450328e-09,5.5561134206809506e-08,0.10458754208754209,0.06391486617220252,MHb,SMC1A,True
Ufsp2,5.7626114,0.51948017,8.282231461880939e-09,5.66928031722066e-08,0.09231200897867564,0.05237020316027088,MHb,UFSP2,True
Aip,5.761407,0.7258588,8.341575844400951e-09,5.705073542629403e-08,0.07498597081930415,0.035601418897129956,MHb,AIP,True
Fundc1,5.760406,0.70680207,8.391188445737358e-09,5.736579590439636e-08,0.07561728395061729,0.03618187681393099,MHb,FUNDC1,True
Cep120,5.759769,0.43148455,8.42290628321992e-09,5.753399878846377e-08,0.10935746352413019,0.0689455014511448,MHb,CEP120,True
Ppp6c,5.755565,0.44763333,8.635228029168546e-09,5.893452041004271e-08,0.09504769921436589,0.05482102547565301,MHb,PPP6C,True
Atg5,5.753866,0.57014036,8.722512155918296e-09,5.9480031248726157e-08,0.08487654320987655,0.045146726862302484,MHb,ATG5,True
Ppp1cc,5.749147,0.39630732,8.969496616334974e-09,6.100992757326249e-08,0.10234287317620651,0.0618510158013544,MHb,PPP1CC,True
Adh5,5.74404,0.64383805,9.244387561527068e-09,6.285328659424142e-08,0.07723063973063973,0.03779425991615608,MHb,ADH5,True
Egln2,5.7430124,0.5520574,9.300696419930809e-09,6.320956495478185e-08,0.08094837261503929,0.04127700741696227,MHb,EGLN2,True
Mrpl4,5.74157,0.56624854,9.380283841720177e-09,6.372368380504993e-08,0.07905443322109988,0.03947113834247017,MHb,MRPL4,True
Rrm2b,5.741197,0.4458277,9.40095878730592e-09,6.383732509851943e-08,0.08957631874298541,0.04953240890035472,MHb,RRM2B,True
Txndc9,5.7379355,0.5237695,9.583764153509354e-09,6.505135760932177e-08,0.08431537598204265,0.044566268945501454,MHb,TXNDC9,True
Fam98b,5.7376904,0.556619,9.597641687749891e-09,6.511822747456145e-08,0.08845398428731763,0.048822960335375684,MHb,FAM98B,True
Rgs2,5.7350125,0.88226014,9.75050175126359e-09,6.61276166988212e-08,0.06376262626262626,0.024701709126088357,MHb,RGS2,True
Arpc4,5.7305174,0.53637135,1.0012482303023696e-08,6.784746596204788e-08,0.08515712682379349,0.045533698806836505,MHb,ARPC4,True
Rad21,5.730081,0.53294855,1.0038266249440292e-08,6.799370041235207e-08,0.09301346801346802,0.05340212834569494,MHb,RAD21,True
Erich1,5.728476,1.2438722,1.0133696789655685e-08,6.861136273448335e-08,0.05695847362514029,0.018252176717188005,MHb,ERICH1,True
Slc22a15,5.723981,0.456631,1.0405633958311692e-08,7.042306664254879e-08,0.0968013468013468,0.05675588519832312,MHb,SLC22A15,True
Naa20,5.7238793,0.38646096,1.0411884752465084e-08,7.043025758540699e-08,0.10802469135802469,0.06746210899709772,MHb,NAA20,True
Psmg4,5.7238216,0.8914069,1.041540501664875e-08,7.043025758540699e-08,0.06390291806958473,0.024959690422444374,MHb,PSMG4,True
Hdhd2,5.7234173,0.41077513,1.0440245345566336e-08,7.056872898643355e-08,0.09967732884399551,0.05946468881006127,MHb,HDHD2,True
Tdrd9,5.720093,2.442999,1.0646593456542494e-08,7.190340257184753e-08,0.044753086419753084,0.006320541760722348,MHb,TDRD9,True
Rbm27,5.719567,0.37969148,1.0679606478820891e-08,7.209625826165606e-08,0.10865600448933782,0.06823605288616576,MHb,RBM27,True
Abhd17a,5.7187443,0.4479681,1.073142323583648e-08,7.241584098442014e-08,0.0893658810325477,0.04946791357626572,MHb,ABHD17A,True
Nmt1,5.7105236,0.49253422,1.1262900651878963e-08,7.587564266728122e-08,0.09125982042648709,0.051596259271202836,MHb,NMT1,True
Tfg,5.7068777,0.28919902,1.1506730508133108e-08,7.745193600347358e-08,0.11882716049382716,0.07765237020316026,MHb,TFG,True
Glrx5,5.706811,0.48832917,1.1511249097517804e-08,7.745193600347358e-08,0.08782267115600449,0.04811351177039665,MHb,GLRX5,True
Fbll1,5.7055125,0.8911829,1.1599362085322792e-08,7.801234167571565e-08,0.0638327721661055,0.025024185746533378,MHb,FBLL1,True
Fh1,5.704332,0.6156774,1.1680024879558828e-08,7.852219552238739e-08,0.07912457912457913,0.03985811028700419,MHb,FH1,True
Rai1,5.6925097,0.28828844,1.2518559922958674e-08,8.408957921671784e-08,0.14870931537598203,0.10712673331183489,MHb,RAI1,True
March8,5.6892757,0.4485519,1.2757946129177392e-08,8.562646416574453e-08,0.10781425364758698,0.06797807158980974,MHb,MARCH8,True
Uba1,5.680372,0.4254025,1.3440176486625965e-08,9.009318469588686e-08,0.1002384960718294,0.06043211867139632,MHb,UBA1,True
Gfra4,5.6788445,0.86728,1.3560789943673458e-08,9.08640336946637e-08,0.06642817059483726,0.02779748468236053,MHb,GFRA4,True
Rprd1b,5.6740165,0.55099183,1.3948766032024864e-08,9.342496503851023e-08,0.08606902356902357,0.04682360528861657,MHb,RPRD1B,True
Mrpl13,5.6727037,0.5517321,1.4056118136467738e-08,9.410501277208842e-08,0.0805976430976431,0.041405998065140275,MHb,MRPL13,True
Camk2n2,5.671576,0.2998766,1.4148979874616413e-08,9.464836620013254e-08,0.1135662177328844,0.072686230248307,MHb,CAMK2N2,True
Txndc17,5.667132,0.52062273,1.4520757951023652e-08,9.705506605694528e-08,0.08515712682379349,0.045920670751370525,MHb,TXNDC17,True
Nup93,5.6611304,0.26977208,1.5037899648923686e-08,1.0038713447021899e-07,0.12780583613916946,0.08655272492744276,MHb,NUP93,True
Fam98c,5.657551,0.6775318,1.535484065436132e-08,1.02376153167475e-07,0.07288159371492704,0.03411802644308288,MHb,FAM98C,True
Setd7,5.6540494,0.29457173,1.5671118273556798e-08,1.044418368664117e-07,0.1289983164983165,0.08816510802966784,MHb,SETD7,True
Nkiras1,5.6492724,0.39029595,1.611284539443862e-08,1.0729735457185866e-07,0.10297418630751964,0.06301193163495647,MHb,NKIRAS1,True
Eid2,5.6471767,0.73303473,1.631040225725964e-08,1.0856821255603896e-07,0.06909371492704826,0.03050628829409868,MHb,EID2,True
Bcap31,5.6454873,0.2755876,1.6471406881860258e-08,1.0959481954508008e-07,0.12443883277216611,0.0833924540470816,MHb,BCAP31,True
Borcs7,5.644598,0.5563907,1.6556775318893255e-08,1.1011753321673454e-07,0.08143939393939394,0.042437923250564336,MHb,BORCS7,True
Gps1,5.644447,0.41779697,1.6571337777336388e-08,1.1016908694961615e-07,0.09182098765432099,0.05224121251209287,MHb,GPS1,True
Wtap,5.637599,0.505848,1.724373585658013e-08,1.1445113971283695e-07,0.0906986531986532,0.051596259271202836,MHb,WTAP,True
Klhl24,5.635535,0.28078908,1.7451596529537665e-08,1.1578325425154706e-07,0.12724466891133557,0.08642373427926475,MHb,KLHL24,True
Eif2s1,5.634426,0.6009628,1.7564246665099545e-08,1.1648285764985041e-07,0.07512626262626262,0.036375362786198004,MHb,EIF2S1,True
Bnip3,5.6293855,0.5482569,1.8085280510976364e-08,1.1978548348430675e-07,0.08536756453423121,0.04643663334408255,MHb,BNIP3,True
Lsm1,5.6293225,0.6098446,1.809186622269931e-08,1.1978548348430675e-07,0.07758136924803591,0.038890680425669136,MHb,LSM1,True
Rbm8a,5.6291614,0.5248431,1.8108801477623542e-08,1.1984855315080227e-07,0.08417508417508418,0.04521122218639149,MHb,RBM8A,True
Med19,5.626854,0.7025538,1.8352615864846515e-08,1.2136286247501735e-07,0.07028619528619529,0.03179619477587875,MHb,MED19,True
Hsdl1,5.6246634,0.6365038,1.858703390221455e-08,1.2286280072264827e-07,0.07491582491582492,0.036310867462109,MHb,HSDL1,True
Eef1e1,5.6238894,0.68445855,1.867053910657765e-08,1.233643668500382e-07,0.07246071829405162,0.03392454047081587,MHb,EEF1E1,True
Azin1,5.6230235,0.34109733,1.876438588118534e-08,1.2389760643031568e-07,0.11062008978675646,0.07068687520154789,MHb,AZIN1,True
Igsf9b,5.622933,0.26245573,1.8774221536983228e-08,1.2389760643031568e-07,0.1452020202020202,0.1038374717832957,MHb,IGSF9B,True
Abcd3,5.620867,0.35733062,1.9000194074234762e-08,1.2528664457837232e-07,0.1109006734006734,0.0710093518219929,MHb,ABCD3,True
Esf1,5.6204944,0.3921649,1.9041163520340145e-08,1.2550563159800401e-07,0.10486812570145904,0.06526926797807159,MHb,ESF1,True
Rnaseh2c,5.6169596,0.70567435,1.943471365801071e-08,1.2804745149422536e-07,0.0712682379349046,0.032828119961302804,MHb,RNASEH2C,True
Rab1b,5.6145344,0.71867734,1.9709228068499847e-08,1.2980324267426098e-07,0.07007575757575757,0.03166720412770074,MHb,RAB1B,True
Use1,5.6131816,0.31702608,1.9863979353267778e-08,1.307691762470925e-07,0.11447811447811448,0.07416962270235408,MHb,USE1,True
Ccdc85b,5.6126475,0.70670456,1.9925416183395886e-08,1.311202631271068e-07,0.0699354657687991,0.031538213479522736,MHb,CCDC85B,True
Hmox2,5.611489,0.4032442,2.0059332491611137e-08,1.3194782555990652e-07,0.0943462401795735,0.05495001612383102,MHb,HMOX2,True
Tbc1d15,5.611252,0.44904602,2.008683191057795e-08,1.3207500250146275e-07,0.0920314253647587,0.05288616575298291,MHb,TBC1D15,True
Car2,5.6072116,0.3729359,2.0561243488545836e-08,1.3508453023039353e-07,0.1501122334455668,0.11099645275717511,MHb,CAR2,True
Rps27l,5.606706,0.6304352,2.062131441833187e-08,1.3542418218291434e-07,0.07765151515151515,0.039148661722025156,MHb,RPS27L,True
Ubtf,5.603716,0.3486553,2.098042663878606e-08,1.3767075086505657e-07,0.11083052749719416,0.0710093518219929,MHb,UBTF,True
Mrps28,5.600137,0.5463696,2.1418245100552733e-08,1.404297180792219e-07,0.08284231200897868,0.04417929700096743,MHb,MRPS28,True
Sec22b,5.597699,0.5698402,2.172152167780884e-08,1.4236045913231685e-07,0.07680976430976431,0.0382457271847791,MHb,SEC22B,True
Cenpc1,5.5965548,0.2603416,2.1865353053981358e-08,1.4324507316652428e-07,0.12682379349046016,0.08603676233473073,MHb,CENPC1,True
Snapin,5.5953655,0.63076144,2.2015764049115392e-08,1.4417205809491557e-07,0.07575757575757576,0.037342792647533055,MHb,SNAPIN,True
Fzd7,5.590969,1.6172976,2.2580566275594487e-08,1.4769133016892069e-07,0.04776936026936027,0.010061270557884553,MHb,FZD7,True
Emc4,5.590641,0.31494755,2.2623290863979942e-08,1.479109659356813e-07,0.1135662177328844,0.07326668816510803,MHb,EMC4,True
Ik,5.5903635,0.37957117,2.2659483381246115e-08,1.4808773482491147e-07,0.10669191919191919,0.06720412770074169,MHb,IK,True
Dpysl3,5.5803294,0.28838363,2.4006378777830906e-08,1.5670023274068398e-07,0.13194444444444445,0.09151886488229603,MHb,DPYSL3,True
Tcte2,5.576401,0.34645763,2.4554555266350282e-08,1.6014916590049023e-07,0.1207912457912458,0.08094163173169945,MHb,TCTE2,True
Srp19,5.5751877,0.39624837,2.4726341622077595e-08,1.6120458514192063e-07,0.09897586980920314,0.05972267010641728,MHb,SRP19,True
Hpcal1,5.5721817,0.47001737,2.5156878019368135e-08,1.6394540772090233e-07,0.09294332210998878,0.054111576910673975,MHb,HPCAL1,True
Ccdc157,5.570707,1.0034009,2.5370784036007536e-08,1.6526329744095363e-07,0.061658249158249155,0.023863269912931313,MHb,CCDC157,True
Cdc26,5.570647,0.43398982,2.5379538228335632e-08,1.6526329744095363e-07,0.08824354657687991,0.049403418252176715,MHb,CDC26,True
Vapb,5.569297,0.27768162,2.557693743019808e-08,1.6648167522472994e-07,0.11721380471380471,0.07700741696227023,MHb,VAPB,True
Ilkap,5.5678883,0.35590345,2.5784516279652196e-08,1.6776530604319158e-07,0.10886644219977554,0.06939696871976782,MHb,ILKAP,True
Taf3,5.565956,0.3600647,2.6071876454504417e-08,1.6949863410434442e-07,0.10683221099887767,0.06739761367300871,MHb,TAF3,True
Xrcc4,5.5648413,0.29926717,2.623911531812039e-08,1.705173524590588e-07,0.11994949494949494,0.0798452112221864,MHb,XRCC4,True
Manf,5.5628343,0.31081295,2.6542792924842795e-08,1.72421556449531e-07,0.12156285072951739,0.08152208964850048,MHb,MANF,True
Pdcl3,5.5612493,0.58871704,2.6785015807638718e-08,1.7392518293398487e-07,0.0737233445566779,0.03547242824895195,MHb,PDCL3,True
Lrp11,5.556054,0.2568669,2.759410667207047e-08,1.7896338228578182e-07,0.1194584736251403,0.07920025798129636,MHb,LRP11,True
Pdha1,5.5545897,0.36517245,2.7826478741878092e-08,1.8039811368732593e-07,0.10444725028058362,0.06526926797807159,MHb,PDHA1,True
Lyrm9,5.553099,0.6964377,2.8064870413075203e-08,1.8187070470011674e-07,0.07225028058361392,0.034247017091260885,MHb,LYRM9,True
Cpox,5.5400934,0.5114264,3.023099327063887e-08,1.9551631993306027e-07,0.08249158249158249,0.04411480167687842,MHb,CPOX,True
Fam216a,5.538868,0.48465642,3.044330068663169e-08,1.9681070687700541e-07,0.0867003367003367,0.048242502418574654,MHb,FAM216A,True
Arl4a,5.5347257,0.6950166,3.117157692855809e-08,2.0139361848397268e-07,0.07295173961840629,0.03508545630441793,MHb,ARL4A,True
Trim62,5.5333643,1.1279933,3.1414601454266545e-08,2.0284677785339774e-07,0.05674803591470258,0.01928410190261206,MHb,TRIM62,True
Sin3b,5.5234413,0.3903129,3.3242300338979605e-08,2.1439162997727076e-07,0.09687149270482603,0.0581102870041922,MHb,SIN3B,True
Rsbn1l,5.5228014,0.34131867,3.336369373934651e-08,2.1508877888956948e-07,0.10914702581369248,0.06997742663656885,MHb,RSBN1L,True
Ankrd44,5.515934,0.38646236,3.469320052143558e-08,2.2339272230661647e-07,0.11959876543209877,0.08055465978716543,MHb,ANKRD44,True
Fopnl,5.5156717,0.50406176,3.4745066097445045e-08,2.2363766180906233e-07,0.08691077441077441,0.04869396968719768,MHb,FOPNL,True
Trim66,5.5130215,0.68812543,3.527247849129891e-08,2.267616612069793e-07,0.07351290684624018,0.03573040954530796,MHb,TRIM66,True
Cops5,5.5125747,0.399576,3.5362217959479584e-08,2.2724826201612327e-07,0.09539842873176206,0.05669138987423412,MHb,COPS5,True
Ccdc32,5.509394,0.8722781,3.600711983423436e-08,2.3130070028544114e-07,0.06137766554433221,0.023927765237020317,MHb,CCDC32,True
Ndufa9,5.508613,0.45455316,3.6167136464450836e-08,2.3223637646387148e-07,0.08270202020202021,0.044372782973234444,MHb,NDUFA9,True
Cox19,5.5078273,0.8129541,3.6328957252956414e-08,2.3318289030419442e-07,0.06621773288439955,0.028700419219606577,MHb,COX19,True
Med27,5.505282,0.40482673,3.685776091767502e-08,2.3648325380539207e-07,0.10086980920314254,0.06217349242179942,MHb,MED27,True
Pde6d,5.504367,0.45275095,3.704969030322079e-08,2.3752625471842897e-07,0.08508698092031425,0.04682360528861657,MHb,PDE6D,True
Enc1,5.502546,0.37747994,3.7434596490773015e-08,2.3983871898884486e-07,0.09371492704826039,0.05501451144792002,MHb,ENC1,True
Tecpr1,5.50252,0.3711529,3.7440047322833586e-08,2.3983871898884486e-07,0.09785353535353536,0.05907771686552725,MHb,TECPR1,True
Fosb,5.4992323,0.5032647,3.814487588275385e-08,2.442570733980774e-07,0.09553872053872053,0.057400838439213155,MHb,FOSB,True
Pde11a,5.4963984,1.5164692,3.876259052967872e-08,2.4801617951643723e-07,0.06411335578002245,0.02779748468236053,MHb,PDE11A,True
Rprd2,5.4963036,0.29447007,3.8783515424640214e-08,2.4805194226712354e-07,0.12731481481481483,0.08771364076104482,MHb,RPRD2,True
Pole4,5.4961586,0.6764179,3.881529470606015e-08,2.481570718855822e-07,0.07456509539842873,0.036955820702999034,MHb,POLE4,True
Irx3,5.4960136,1.2616458,3.884724791743772e-08,2.4826322997414267e-07,0.051416947250280585,0.014253466623669784,MHb,IRX3,True
Ccdc191,5.4958987,0.6811327,3.887253130447482e-08,2.48326695833286e-07,0.08038720538720538,0.04276039987100935,MHb,CCDC191,True
Epm2aip1,5.491188,0.34131974,3.992391771861715e-08,2.546409184142872e-07,0.11118125701459035,0.07223476297968397,MHb,EPM2AIP1,True
Phyhipl,5.490651,0.30045804,4.004547193243695e-08,2.55315533506964e-07,0.12303591470258136,0.0834569493711706,MHb,PHYHIPL,True
Amer2,5.490476,0.37767807,4.008515005850609e-08,2.5546781016404095e-07,0.10234287317620651,0.0636568848758465,MHb,AMER2,True
Acsl1,5.4896917,0.5478097,4.0263635116816e-08,2.5650425286116534e-07,0.08494668911335577,0.04695259593679458,MHb,ACSL1,True
Rab12,5.4876604,0.28121647,4.0729255611747846e-08,2.5926631622196826e-07,0.1177749719416386,0.07823282811996131,MHb,RAB12,True
Bmp7,5.4846444,1.4389858,4.1430209873072723e-08,2.6362456518369446e-07,0.04980359147025814,0.012770074169622702,MHb,BMP7,True
Pigyl,5.4797006,0.6132531,4.260464338261779e-08,2.7099099752805456e-07,0.07302188552188552,0.035407932924862946,MHb,PIGYL,True
Mettl9,5.4760747,0.35785297,4.34863883333523e-08,2.764906962625682e-07,0.10129068462401795,0.06262495969042245,MHb,METTL9,True
Fermt2,5.473658,0.2929266,4.408396430772522e-08,2.801800089105915e-07,0.11819584736251403,0.07887778136085134,MHb,FERMT2,True
Pdcd10,5.470284,0.27750617,4.493146330051708e-08,2.8534213540866264e-07,0.11854657687991021,0.07894227668494035,MHb,PDCD10,True
Uba2,5.470149,0.4113725,4.4965717153265205e-08,2.8544759613581815e-07,0.09757295173961841,0.059206707513705256,MHb,UBA2,True
Yy1,5.4635305,0.3245418,4.667570293328969e-08,2.960703901748866e-07,0.10725308641975309,0.06842953885843277,MHb,YY1,True
Bphl,5.4609365,0.44615144,4.7362895652901104e-08,3.003115786694141e-07,0.08656004489337822,0.04850048371493067,MHb,BPHL,True
Mid1ip1,5.4568815,0.4282463,4.845694351530882e-08,3.070078579553937e-07,0.09574915824915825,0.05765881973556917,MHb,MID1IP1,True
Snx17,5.453805,0.47031206,4.930330244077518e-08,3.122478140092163e-07,0.0813692480359147,0.04353434376007739,MHb,SNX17,True
Mea1,5.4517136,0.85453373,4.988678798637011e-08,3.15819489502754e-07,0.06306116722783389,0.02599161560786843,MHb,MEA1,True
Rnf6,5.447474,0.5293076,5.1090191334701894e-08,3.231849217202984e-07,0.07905443322109988,0.041405998065140275,MHb,RNF6,True
Taf11,5.4455547,0.81288725,5.164416930074536e-08,3.2656154747441604e-07,0.06776094276094276,0.03069977426636569,MHb,TAF11,True
Tsg101,5.444845,0.38050255,5.1850506881724975e-08,3.2773815897299785e-07,0.0954685746352413,0.05714285714285714,MHb,TSG101,True
Srpk1,5.4442196,0.32132515,5.203296577710086e-08,3.287629771267994e-07,0.11258417508417508,0.07378265075782006,MHb,SRPK1,True
Ascl4,5.444103,1.5266042,5.206712259088318e-08,3.2885033498927586e-07,0.047629068462401794,0.010899709771041599,MHb,ASCL4,True
Rnf165,5.4416656,0.3345016,5.2784652674792206e-08,3.3325205191833096e-07,0.10283389450056117,0.06417284746855853,MHb,RNF165,True
Abracl,5.44097,0.990852,5.2991185774279677e-08,3.342950194613782e-07,0.05667789001122334,0.01980006449532409,MHb,ABRACL,True
Akap10,5.4393425,0.36538985,5.347749791740771e-08,3.3709997225801627e-07,0.11202300785634119,0.07346017413737504,MHb,AKAP10,True
Znhit3,5.4391313,0.92354786,5.354097443896078e-08,3.37368625457807e-07,0.05976430976430976,0.022831344727507256,MHb,ZNHIT3,True
Schip1,5.4388666,0.8990199,5.3620575189153867e-08,3.377386307182881e-07,0.06446408529741864,0.02747500806191551,MHb,SCHIP1,True
Mrps5,5.432242,0.3793095,5.565039250740299e-08,3.5022214752545157e-07,0.09638047138047139,0.0581747823282812,MHb,MRPS5,True
Cdkn2d,5.432187,0.6785094,5.566745850311814e-08,3.5022214752545157e-07,0.06944444444444445,0.032247662044501774,MHb,CDKN2D,True
Reep3,5.4293833,0.40245348,5.654907450410566e-08,3.556303577386893e-07,0.10213243546576879,0.06391486617220252,MHb,REEP3,True
Mllt6,5.4269037,0.41195285,5.734003199659019e-08,3.6046444521758505e-07,0.10493827160493827,0.06681715575620767,MHb,MLLT6,True
Fam57b,5.4262714,0.42702252,5.754335695638139e-08,3.616020974240361e-07,0.08656004489337822,0.04869396968719768,MHb,FAM57B,True
Sat1,5.4239926,0.4180556,5.8282317250169775e-08,3.6610348796951304e-07,0.08641975308641975,0.04850048371493067,MHb,SAT1,True
Mrpl32,5.4227066,0.54537684,5.8703248713156815e-08,3.686044440742669e-07,0.07400392817059484,0.03663334408255402,MHb,MRPL32,True
Arxes2,5.421536,0.26992914,5.90891589255882e-08,3.70883642072716e-07,0.11321548821548821,0.07397613673008707,MHb,ARXES2,True
Trim35,5.420378,0.26697135,5.947303334160379e-08,3.731482987976886e-07,0.12612233445566778,0.08681070622379877,MHb,TRIM35,True
Ccni,5.4137893,0.25626755,6.170471138514313e-08,3.8655062225201015e-07,0.117003367003367,0.07784585617542727,MHb,CCNI,True
Chchd4,5.407967,0.5882251,6.374414430340324e-08,3.990176215586484e-07,0.07765151515151515,0.040438568203805224,MHb,CHCHD4,True
Upf3a,5.403716,0.58716416,6.527424261573731e-08,4.0843747555495203e-07,0.0718294051627385,0.03469848435988391,MHb,UPF3A,True
Herpud1,5.4007077,0.4563591,6.637853844504949e-08,4.151867205524654e-07,0.08789281705948372,0.05030635278942277,MHb,HERPUD1,True
Klhl5,5.400406,0.3376426,6.649033368718782e-08,4.1572522125638306e-07,0.1082351290684624,0.06984843598839084,MHb,KLHL5,True
Keap1,5.3963575,0.6125773,6.800743254513387e-08,4.247182322075445e-07,0.07302188552188552,0.03598839084166398,MHb,KEAP1,True
Copz2,5.3944597,2.2209897,6.873002384674097e-08,4.2873433695373507e-07,0.04110549943883277,0.004837149306675266,MHb,COPZ2,True
Tiprl,5.3940105,0.37056065,6.890211374020684e-08,4.2962516923092804e-07,0.09967732884399551,0.06165752982908739,MHb,TIPRL,True
Pnrc1,5.3939486,0.3848,6.892595450721844e-08,4.2962516923092804e-07,0.10521885521885523,0.06720412770074169,MHb,PNRC1,True
Rbbp7,5.393195,0.35585082,6.921579050878458e-08,4.312655668257283e-07,0.10122053872053872,0.06320541760722348,MHb,RBBP7,True
Dgkd,5.3906484,0.35132483,7.020391632537574e-08,4.372538877793425e-07,0.10388608305274973,0.06565623992260561,MHb,DGKD,True
Gemin7,5.389328,0.6719764,7.072155486625488e-08,4.4030837180972773e-07,0.0667087542087542,0.02986133505320864,MHb,GEMIN7,True
Azi2,5.388644,0.29510546,7.099122588515298e-08,4.416473379585959e-07,0.12001964085297419,0.08139309900032247,MHb,AZI2,True
Gm15155,5.38571,0.50592005,7.215925080244231e-08,4.485687477822846e-07,0.09532828282828283,0.05791680103192519,MHb,GM15155,True
Hibch,5.385539,0.47176236,7.222783281956096e-08,4.488225877281592e-07,0.0867003367003367,0.04927442760399871,MHb,HIBCH,True
Gpr139,5.3836637,0.7108581,7.298477040506372e-08,4.533520204692418e-07,0.08691077441077441,0.05030635278942277,MHb,GPR139,True
Yipf1,5.382693,0.5009833,7.337974527350171e-08,4.5563047209170453e-07,0.08115881032547699,0.04392131570461141,MHb,YIPF1,True
Ube2a,5.3821497,0.71830755,7.36014811517932e-08,4.568319100653319e-07,0.06684904601571268,0.030119316349564655,MHb,UBE2A,True
Gab1,5.381776,0.9004871,7.375464680737645e-08,4.576069858493725e-07,0.06691919191919192,0.03031280232183167,MHb,GAB1,True
Mapk3,5.3790116,0.41404146,7.489585286458153e-08,4.6450936352937356e-07,0.08712121212121213,0.049596904224443725,MHb,MAPK3,True
Cdk2ap2,5.3734593,0.8022597,7.724021106937501e-08,4.78682150975916e-07,0.06285072951739619,0.026249596904224445,MHb,CDK2AP2,True
Magoh,5.3729825,0.7250354,7.744479536753022e-08,4.7976620646105e-07,0.06860269360269361,0.03192518542405676,MHb,MAGOH,True
Usp19,5.3724957,0.3552595,7.765426794813502e-08,4.808797029330337e-07,0.10507856341189674,0.06713963237665269,MHb,USP19,True
Mrpl35,5.3681417,0.78676873,7.955216749276796e-08,4.920674222545016e-07,0.06299102132435466,0.026443082876491456,MHb,MRPL35,True
Coq2,5.3643246,0.38113147,8.125265410603154e-08,5.022016355235233e-07,0.09490740740740741,0.05727184779103515,MHb,COQ2,True
Timm10b,5.3617024,0.4495392,8.244125323422908e-08,5.089264376510354e-07,0.08487654320987655,0.047533053853595617,MHb,TIMM10B,True
Fbxo22,5.361647,0.63730025,8.246653434827598e-08,5.089264376510354e-07,0.07098765432098765,0.034247017091260885,MHb,FBXO22,True
Zhx3,5.359842,0.3177397,8.329476027955558e-08,5.136457291352694e-07,0.11083052749719416,0.07255723960012898,MHb,ZHX3,True
Bloc1s1,5.3551655,0.90605164,8.547810151090717e-08,5.265073465113951e-07,0.060465768799102135,0.024121251209287327,MHb,BLOC1S1,True
AI413582,5.3503256,0.67057264,8.779606194875959e-08,5.401678592701356e-07,0.06621773288439955,0.029603353756852628,MHb,AI413582,True
Chst11,5.3485436,0.30855,8.866480715850015e-08,5.450170980337108e-07,0.10697250280583614,0.06868752015478878,MHb,CHST11,True
Ccnh,5.3485017,0.25541803,8.86853169721624e-08,5.450170980337108e-07,0.1282267115600449,0.08926152853918091,MHb,CCNH,True
Vps4b,5.3466053,0.42981276,8.961904342886983e-08,5.503371402665032e-07,0.08957631874298541,0.052305707836181874,MHb,VPS4B,True
Gm3693,5.345754,1.2481513,9.004144599541997e-08,5.527212102375401e-07,0.056257014590347924,0.02018703643985811,MHb,GM3693,True
Smim18,5.3449154,0.73797363,9.045936790348011e-08,5.550759771770829e-07,0.0638327721661055,0.027346017413737503,MHb,SMIM18,True
Gtf2f2,5.3441143,0.4970542,9.086019881196435e-08,5.573241243016774e-07,0.08964646464646464,0.0526281844566269,MHb,GTF2F2,True
Calb2,5.343753,0.30394006,9.104157436060876e-08,5.582249678858403e-07,0.2080527497194164,0.17142857142857143,MHb,CALB2,True
Abcf2,5.338612,0.7097428,9.366082614904317e-08,5.73632662991584e-07,0.06776094276094276,0.03128023218316672,MHb,ABCF2,True
Tmf1,5.333136,0.34446105,9.653093392740109e-08,5.90540036412902e-07,0.10283389450056117,0.06514027732989358,MHb,TMF1,True
Hcn4,5.3293896,0.9359523,9.854345609487145e-08,6.023962215927988e-07,0.05562570145903479,0.019413092550790066,MHb,HCN4,True
Kctd13,5.3284616,0.5571261,9.904811116799122e-08,6.047954692873756e-07,0.08242143658810326,0.04579168010319252,MHb,KCTD13,True
Ube2d1,5.3235855,0.2638449,1.0174169903180368e-07,6.205399629862083e-07,0.10998877665544332,0.07171880038697194,MHb,UBE2D1,True
Llph,5.322987,0.4432783,1.0207703943540468e-07,6.223505890944858e-07,0.08115881032547699,0.04417929700096743,MHb,LLPH,True
Ppp2cb,5.3209314,0.6294696,1.0323732823423226e-07,6.287137741674348e-07,0.07098765432098765,0.0345049983876169,MHb,PPP2CB,True
Abcf1,5.3138065,0.348076,1.0735871229489403e-07,6.530752806957168e-07,0.1040263748597082,0.06649467913576265,MHb,ABCF1,True
Arhgdia,5.3125677,0.32095838,1.0809116180450551e-07,6.570366562149104e-07,0.10283389450056117,0.06520477265398258,MHb,ARHGDIA,True
Nr1d2,5.3097715,0.28482333,1.0976279521757521e-07,6.669471121879336e-07,0.12275533108866442,0.08455336988068365,MHb,NR1D2,True
Gspt1,5.3090672,0.25276783,1.1018776032564427e-07,6.692778908251207e-07,0.11847643097643097,0.0800386971944534,MHb,GSPT1,True
Ano6,5.3088474,0.39793456,1.1032050501011734e-07,6.698326458478408e-07,0.11440796857463524,0.07700741696227023,MHb,ANO6,True
Osgep,5.3062334,0.60804766,1.1191354410631217e-07,6.78995339804801e-07,0.07196969696969698,0.03553692357304095,MHb,OSGEP,True
Xpa,5.305213,0.49071833,1.1254138981306813e-07,6.825485490162643e-07,0.07814253647586981,0.041405998065140275,MHb,XPA,True
Pantr1,5.304998,0.6735381,1.1267437472266111e-07,6.830989546997914e-07,0.06446408529741864,0.028119961302805547,MHb,PANTR1,True
Rab10os,5.303381,0.35010153,1.1367725119017563e-07,6.886627483150152e-07,0.0981341189674523,0.06069009996775234,MHb,RAB10OS,True
Stard10,5.302091,0.7200349,1.1448356368443455e-07,6.932877733417181e-07,0.06600729517396184,0.029796839729119638,MHb,STARD10,True
Commd4,5.3017535,0.45772433,1.1469555257783093e-07,6.943115879290477e-07,0.07779180695847362,0.041019026120606254,MHb,COMMD4,True
Pgm2,5.301667,0.39004514,1.1474988277248154e-07,6.943806037579083e-07,0.08887485970819305,0.05178974524346985,MHb,PGM2,True
Txnl4a,5.2987967,0.55402714,1.1656845416199812e-07,7.051214458004187e-07,0.07246071829405162,0.03598839084166398,MHb,TXNL4A,True
Casc3,5.2967443,0.33378762,1.1788559613958485e-07,7.128222495543122e-07,0.10500841750841751,0.06746210899709772,MHb,CASC3,True
Ap3b1,5.2915754,0.3073299,1.2126706565641082e-07,7.327212502773422e-07,0.11973905723905724,0.0817800709448565,MHb,AP3B1,True
Sdhaf1,5.291223,0.969089,1.215010679602307e-07,7.338610060704748e-07,0.056046576879910215,0.02018703643985811,MHb,SDHAF1,True
Mrpl14,5.2906995,0.5698697,1.2184929118956525e-07,7.356895427365502e-07,0.07477553310886645,0.03837471783295711,MHb,MRPL14,True
Fdx1,5.2835584,0.7285775,1.2669842291370546e-07,7.641114804732236e-07,0.06481481481481481,0.02876491454369558,MHb,FDX1,True
Yae1d1,5.2814684,0.49139804,1.2815259304401022e-07,7.72305585874391e-07,0.07547699214365881,0.03895517574975814,MHb,YAE1D1,True
Gfpt1,5.2789693,0.40036651,1.29912694693934e-07,7.826211682213715e-07,0.09441638608305275,0.05746533376330216,MHb,GFPT1,True
Uimc1,5.2770643,0.4084703,1.312699742663612e-07,7.90503288815485e-07,0.0981341189674523,0.061141567236375365,MHb,UIMC1,True
Rer1,5.276252,0.28548267,1.318529418887853e-07,7.937183978604772e-07,0.1007996632996633,0.06314092228313448,MHb,RER1,True
Plekhj1,5.2753725,0.47293663,1.324867064757439e-07,7.971721851204464e-07,0.07666947250280584,0.04018058690744921,MHb,PLEKHJ1,True
Asic1,5.275319,0.33355656,1.3252525538107451e-07,7.971721851204464e-07,0.10115039281705948,0.0637213801999355,MHb,ASIC1,True
Rab24,5.2732067,0.3526543,1.3406034754239277e-07,8.058453712323128e-07,0.0968013468013468,0.059593679458239276,MHb,RAB24,True
Eci1,5.272014,0.8526384,1.3493460917382206e-07,8.106384384594009e-07,0.05920314253647587,0.023347307320219283,MHb,ECI1,True
Frs2,5.2719736,0.29349366,1.3496440895030396e-07,8.106384384594009e-07,0.1167929292929293,0.07900677200902935,MHb,FRS2,True
Nck1,5.271108,0.4090949,1.3560265417159796e-07,8.141696106999246e-07,0.09645061728395062,0.059593679458239276,MHb,NCK1,True
Exosc7,5.2698946,0.6181155,1.365022094287178e-07,8.192665074246791e-07,0.07253086419753087,0.036375362786198004,MHb,EXOSC7,True
Nudt2,5.267297,0.75089866,1.3844741607673118e-07,8.306331435612488e-07,0.06376262626262626,0.027861980006449533,MHb,NUDT2,True
Ddx25,5.2660155,0.47911105,1.3941646410966038e-07,8.358270225996132e-07,0.07863355780022446,0.04217994195420832,MHb,DDX25,True
Arpp19,5.264018,0.26758692,1.4094060879069292e-07,8.443634719386838e-07,0.1087962962962963,0.0710738471460819,MHb,ARPP19,True
Btg1,5.264013,0.54346186,1.4094475265746191e-07,8.443634719386838e-07,0.07989618406285073,0.043598839084166396,MHb,BTG1,True
Tmem70,5.2623906,0.6309043,1.4219429284638762e-07,8.515337603814586e-07,0.06979517396184062,0.03373105449854886,MHb,TMEM70,True
Filip1,5.26193,0.66779786,1.4255102347295982e-07,8.533541097983438e-07,0.07379349046015712,0.037729764592067075,MHb,FILIP1,True
Vps4a,5.261344,0.5342887,1.430062963616404e-07,8.557627982425205e-07,0.07779180695847362,0.04153498871331828,MHb,VPS4A,True
Camk1,5.2565966,0.3974381,1.467457687899793e-07,8.774908725241832e-07,0.09652076318742986,0.05965817478232828,MHb,CAMK1,True
Pdzd11,5.25631,0.65276873,1.469743060191311e-07,8.785326680929215e-07,0.06523569023569023,0.02928087713640761,MHb,PDZD11,True
Idh3g,5.254909,0.31496656,1.4809771058375582e-07,8.845939692364292e-07,0.09974747474747475,0.062495969042244436,MHb,IDH3G,True
Mrpl2,5.2518754,0.6960287,1.5055819874793448e-07,8.989586064037802e-07,0.06488496071829405,0.029022895840051598,MHb,MRPL2,True
Arxes1,5.2461543,0.34605515,1.5530675355353125e-07,9.259442457531765e-07,0.08740179573512907,0.05056433408577878,MHb,ARXES1,True
Nap1l3,5.2459707,0.4311978,1.5546158427961886e-07,9.265258385124669e-07,0.08501683501683502,0.048435988390841664,MHb,NAP1L3,True
Mrpl46,5.245586,0.8177862,1.5578653003659898e-07,9.281204874187803e-07,0.060255331088664425,0.02457271847791035,MHb,MRPL46,True
Nudt19,5.2443614,0.6111642,1.5682445847996184e-07,9.339600942243678e-07,0.0683922558922559,0.032441148016768784,MHb,NUDT19,True
Slc24a5,5.2404065,0.40451878,1.6022344375314581e-07,9.535004424971058e-07,0.09743265993265993,0.060754595291841344,MHb,SLC24A5,True
Mad1l1,5.2389355,0.71422815,1.61505481107833e-07,9.607764460901797e-07,0.07140852974186307,0.035601418897129956,MHb,MAD1L1,True
Kat6a,5.23656,0.32571512,1.6359726089405225e-07,9.728623878534173e-07,0.10634118967452301,0.0690744920993228,MHb,KAT6A,True
Ppp4r2,5.2262096,0.25383812,1.730202990375043e-07,1.027387421781069e-06,0.117003367003367,0.07926475330538536,MHb,PPP4R2,True
Esco1,5.2259927,0.2825709,1.732231539991869e-07,1.0278823363627004e-06,0.11040965207631874,0.07294421154466302,MHb,ESCO1,True
Gatad2a,5.2259846,0.68304753,1.7323074181914816e-07,1.0278823363627004e-06,0.0691638608305275,0.033408577878103835,MHb,GATAD2A,True
Rbm42,5.224527,0.53840655,1.7460115970559937e-07,1.0356339414147671e-06,0.07449494949494949,0.038503708481135115,MHb,RBM42,True
Rbpj,5.2239466,0.52044654,1.7514931666435397e-07,1.0385044710578906e-06,0.08515712682379349,0.0490809416317317,MHb,RBPJ,True
Blmh,5.2205896,0.27021623,1.7835430247671726e-07,1.057120132854856e-06,0.10662177328843996,0.06926797807158981,MHb,BLMH,True
Dpf3,5.2190046,0.2896933,1.798871324405058e-07,1.0658147865293705e-06,0.12584175084175084,0.08797162205740083,MHb,DPF3,True
Hlcs,5.2188473,0.39544272,1.80039998216033e-07,1.0663299052157942e-06,0.09441638608305275,0.057787810383747175,MHb,HLCS,True
Ssna1,5.2170105,0.567476,1.8183384168631532e-07,1.0753793013806766e-06,0.07014590347923681,0.03431151241534989,MHb,SSNA1,True
Armcx1,5.215066,0.3973156,1.8375203508181876e-07,1.0863264500907963e-06,0.0880331088664422,0.051596259271202836,MHb,ARMCX1,True
Surf1,5.213937,0.50102353,1.8487461218752334e-07,1.0925637019120167e-06,0.07161896745230079,0.03566591422121896,MHb,SURF1,True
Impa1,5.2129583,0.53661984,1.8585282730429097e-07,1.0979435652472265e-06,0.0733726150392817,0.03747178329571106,MHb,IMPA1,True
Cebpb,5.2127824,0.85528034,1.8602888107919273e-07,1.0985823846133416e-06,0.057168911335578006,0.021734924217994195,MHb,CEBPB,True
Gm37240,5.212166,0.3207333,1.8664837857449317e-07,1.101436528070933e-06,0.10900673400673401,0.07197678168332795,MHb,GM37240,True
Map2k6,5.211419,0.6070325,1.8740150365895415e-07,1.1050744884008687e-06,0.0697250280583614,0.033860045146726865,MHb,MAP2K6,True
Ncapd3,5.2113156,0.43988872,1.8750591924037716e-07,1.1052872608283893e-06,0.09308361391694725,0.05675588519832312,MHb,NCAPD3,True
Ctnnbl1,5.207713,0.44371846,1.9118219061571807e-07,1.125317297383275e-06,0.08648989898989899,0.050241857465333765,MHb,CTNNBL1,True
Cerkl,5.2069964,1.4573182,1.9192157049700136e-07,1.1292584222586384e-06,0.04861111111111111,0.013479522734601741,MHb,CERKL,True
Usf2,5.1991467,0.3107547,2.0020516755785705e-07,1.1771423428747138e-06,0.09806397306397306,0.06120606256046437,MHb,USF2,True
Lpcat1,5.1975737,0.64596075,2.019066719769688e-07,1.186715268614633e-06,0.07161896745230079,0.03592389551757497,MHb,LPCAT1,True
Zfp326,5.195763,0.2988496,2.0388179214352522e-07,1.1978888441414894e-06,0.10101010101010101,0.06404385682038052,MHb,ZFP326,True
Pcp4l1,5.1920714,0.6851425,2.0796741292873826e-07,1.2205634630342313e-06,0.07863355780022446,0.04314737181554337,MHb,PCP4L1,True
Fbxl15,5.191737,0.84428513,2.0834122023396961e-07,1.2223138328924406e-06,0.06074635241301908,0.0254756530151564,MHb,FBXL15,True
Uqcc1,5.191639,0.31973565,2.084508422498094e-07,1.2225135509030699e-06,0.10072951739618406,0.06397936149629152,MHb,UQCC1,True
Nrg4,5.189655,1.4089446,2.106840559301986e-07,1.2349706866968246e-06,0.05078563411896745,0.01580135440180587,MHb,NRG4,True
Cystm1,5.1896167,0.30937487,2.1072761021843807e-07,1.2349706866968246e-06,0.1109006734006734,0.07391164140599807,MHb,CYSTM1,True
Tmem230,5.1880755,0.5438416,2.1247847524531917e-07,1.2447806363973336e-06,0.07077721661054995,0.03508545630441793,MHb,TMEM230,True
Cnot3,5.187213,0.34538618,2.1346437972872869e-07,1.249651227691707e-06,0.10199214365881032,0.06533376330216059,MHb,CNOT3,True
Snrpg,5.1858296,0.54175895,2.1505554869650383e-07,1.2583017310935708e-06,0.07954545454545454,0.04385682038052241,MHb,SNRPG,True
Trappc13,5.185793,0.42569414,2.1509763749451148e-07,1.2583017310935708e-06,0.08599887766554433,0.04991938084488875,MHb,TRAPPC13,True
Bpnt1,5.185591,0.5569557,2.1533082882638098e-07,1.259210468643063e-06,0.07365319865319865,0.03798774588842309,MHb,BPNT1,True
Abcg1,5.184612,0.4700441,2.1646515917819638e-07,1.2653863208194168e-06,0.07898428731762065,0.04308287649145437,MHb,ABCG1,True
Zhx1,5.181016,0.63191783,2.2068063803464804e-07,1.2886315235416724e-06,0.07056677890011223,0.03508545630441793,MHb,ZHX1,True
Rbmx,5.174227,0.520304,2.2885624329863637e-07,1.3354075524370286e-06,0.07912457912457913,0.043405353111899386,MHb,RBMX,True
Pkib,5.173647,0.6161865,2.295682398930882e-07,1.3390790769097375e-06,0.07379349046015712,0.0381812318606901,MHb,PKIB,True
Polr2h,5.173013,0.75987977,2.3034899428985515e-07,1.3431488762214876e-06,0.061798540965207635,0.026572073524669462,MHb,POLR2H,True
Tmod1,5.172597,0.8018034,2.3086257538912536e-07,1.3456584349258029e-06,0.0611672278338945,0.02586262495969042,MHb,TMOD1,True
Tmbim4,5.1709948,0.27025276,2.328513895904137e-07,1.3562733981364571e-06,0.09883557800224467,0.06198000644953241,MHb,TMBIM4,True
Ivns1abp,5.165829,0.32256448,2.393753364443678e-07,1.3927683694200178e-06,0.10044893378226712,0.06385037084811351,MHb,IVNS1ABP,True
Rps19bp1,5.1624236,0.80620235,2.4377280607265524e-07,1.417334701015528e-06,0.060255331088664425,0.025153176394711384,MHb,RPS19BP1,True
Chrac1,5.162118,0.81533647,2.4417161778284144e-07,1.4191433408686526e-06,0.05765993265993266,0.022573363431151242,MHb,CHRAC1,True
Wdr41,5.1597056,0.45404908,2.4733848816210417e-07,1.4370330625079149e-06,0.08466610549943883,0.04875846501128668,MHb,WDR41,True
Lima1,5.1585803,0.8107898,2.488290675488153e-07,1.445174207397518e-06,0.06888327721661056,0.03379554982263786,MHb,LIMA1,True
Eif3d,5.157365,0.49593404,2.504492896648492e-07,1.454062189637091e-06,0.07154882154882154,0.03598839084166398,MHb,EIF3D,True
Rragc,5.1566105,0.47834775,2.514598468461608e-07,1.4594054620511844e-06,0.07961560044893379,0.04392131570461141,MHb,RRAGC,True
Rnf146,5.15624,0.35871115,2.519579733495902e-07,1.46177195800919e-06,0.09701178451178451,0.060754595291841344,MHb,RNF146,True
Snx15,5.154895,0.50000143,2.537733994954802e-07,1.4717765280887028e-06,0.0733726150392817,0.03779425991615608,MHb,SNX15,True
Wbp11,5.152395,0.38487518,2.571808661819022e-07,1.4910037672015297e-06,0.09392536475869809,0.057852305707836185,MHb,WBP11,True
Dpm2,5.149803,0.49387726,2.607601583058757e-07,1.510671762391669e-06,0.07898428731762065,0.043405353111899386,MHb,DPM2,True
Dusp3,5.1461134,0.28054765,2.6593897072535633e-07,1.5379202186208934e-06,0.11174242424242424,0.07487907126733312,MHb,DUSP3,True
Sae1,5.1435323,0.4084919,2.6962038542450313e-07,1.558095653533883e-06,0.08796296296296297,0.052112221863914863,MHb,SAE1,True
Ddx1,5.1307178,0.33470038,2.886393888342891e-07,1.6638425211670087e-06,0.09862514029180695,0.06236697839406643,MHb,DDX1,True
Ttc1,5.1245894,0.38425794,2.981867393594124e-07,1.7164307861702831e-06,0.08171997755331088,0.04598516607545953,MHb,TTC1,True
Nefh,5.1238027,0.5007,2.99434244232871e-07,1.722998541610348e-06,0.07063692480359147,0.03527894227668494,MHb,NEFH,True
Slc35b1,5.123298,0.36902687,3.002367965617064e-07,1.727002199283642e-06,0.08052749719416386,0.044759754917768464,MHb,SLC35B1,True
Itgb1bp1,5.1224346,0.84038556,3.016157372372336e-07,1.7337009771898555e-06,0.05632716049382716,0.021541438245727185,MHb,ITGB1BP1,True
Mrpl15,5.1216726,0.5711198,3.0283695210871883e-07,1.7401022026140417e-06,0.07154882154882154,0.036375362786198004,MHb,MRPL15,True
Bub3,5.120618,0.44571954,3.045359174374935e-07,1.7486221031421572e-06,0.07856341189674523,0.04308287649145437,MHb,BUB3,True
Rpl7l1,5.118422,0.62660486,3.0810264763707797e-07,1.7684742106209143e-06,0.06684904601571268,0.03179619477587875,MHb,RPL7L1,True
Spen,5.115826,0.37184557,3.123707009893507e-07,1.7917007406038113e-06,0.09652076318742986,0.06062560464366334,MHb,SPEN,True
Ccdc90b,5.1104865,0.49278486,3.213301700300671e-07,1.8404799930015352e-06,0.08129910213243546,0.04598516607545953,MHb,CCDC90B,True
Arl2bp,5.109855,0.27741408,3.2240588457292645e-07,1.8459876753865791e-06,0.10970819304152638,0.07320219284101903,MHb,ARL2BP,True
Trappc10,5.108973,0.33071622,3.239142547835548e-07,1.853967824176928e-06,0.09624017957351291,0.06023863269912931,MHb,TRAPPC10,True
Tbc1d10a,5.1059446,1.3755193,3.291462704975948e-07,1.8819161984088353e-06,0.04664702581369248,0.01218961625282167,MHb,TBC1D10A,True
Cbl,5.10449,0.27691582,3.316879470854949e-07,1.8944394576652117e-06,0.12149270482603816,0.08468236052886166,MHb,CBL,True
Dcbld1,5.095679,0.9220212,3.4749415050549763e-07,1.9805207485646315e-06,0.054503367003367005,0.019864559819413093,MHb,DCBLD1,True
Slc7a1,5.0953565,0.4904155,3.4808554507156256e-07,1.9831925648230094e-06,0.07512626262626262,0.03985811028700419,MHb,SLC7A1,True
Fam131a,5.090994,0.33887926,3.5619108879513407e-07,2.0272311264114334e-06,0.08810325476992144,0.05237020316027088,MHb,FAM131A,True
Rsl1d1,5.090161,0.402261,3.577600108766621e-07,2.0347286131962056e-06,0.08487654320987655,0.049403418252176715,MHb,RSL1D1,True
Rdh5,5.087613,1.1921518,3.6259853176580365e-07,2.0607980503555427e-06,0.04776936026936027,0.013350532086423735,MHb,RDH5,True
Phb2,5.0865593,0.40449592,3.646174880808676e-07,2.0715447382184873e-06,0.08186026936026936,0.04643663334408255,MHb,PHB2,True
Rnf34,5.0864043,0.43516147,3.6491607093723936e-07,2.0725131486691877e-06,0.07940516273849607,0.04411480167687842,MHb,RNF34,True
Echdc1,5.0863075,0.51575464,3.651018305390592e-07,2.0728403330885513e-06,0.08171997755331088,0.04663011931634956,MHb,ECHDC1,True
Bud31,5.085903,0.7561227,3.6588093472643075e-07,2.0765347786666726e-06,0.0585016835016835,0.023863269912931313,MHb,BUD31,True
Tdrd3,5.0837083,0.34450322,3.7013617872142533e-07,2.099948330697669e-06,0.10928731762065096,0.07326668816510803,MHb,TDRD3,True
Sirt3,5.0797296,0.5224605,3.7797269919210367e-07,2.1429051557771735e-06,0.07533670033670034,0.04030957755562722,MHb,SIRT3,True
Syt10,5.0774894,0.70860714,3.824545911848311e-07,2.1675553652468965e-06,0.07414421997755331,0.03947113834247017,MHb,SYT10,True
Ppp1r7,5.0745997,0.46132985,3.8831212992646416e-07,2.198746463524042e-06,0.08263187429854096,0.04746855852950661,MHb,PPP1R7,True
Dda1,5.073656,0.46333116,3.9024455010400185e-07,2.2086093764633415e-06,0.07842312008978676,0.04327636246372138,MHb,DDA1,True
Emc9,5.072572,0.4186256,3.9247454442971e-07,2.220453220059657e-06,0.08073793490460157,0.0454692034827475,MHb,EMC9,True
Mipol1,5.072198,0.27665836,3.932471254264313e-07,2.224046242577806e-06,0.11167227833894501,0.07533053853595614,MHb,MIPOL1,True
Asb13,5.068535,0.7030401,4.00889098066071e-07,2.2648903811451965e-06,0.06130751964085297,0.02670106417284747,MHb,ASB13,True
Rilpl1,5.0677705,0.5948786,4.0250197003254143e-07,2.273208577261298e-06,0.06923400673400673,0.034440503063527896,MHb,RILPL1,True
Fxr2,5.063155,0.26984215,4.123743222324948e-07,2.328151714523771e-06,0.11202300785634119,0.07571751048049016,MHb,FXR2,True
Mettl23,5.062063,0.6371692,4.1474383739298683e-07,2.340712341183378e-06,0.06726992143658811,0.032634633989035794,MHb,METTL23,True
Spa17,5.0476575,0.98537904,4.4725978680542935e-07,2.521584890755601e-06,0.05436307519640853,0.02018703643985811,MHb,SPA17,True
Hnrnpa0,5.044237,0.30743405,4.553341176547183e-07,2.566212318141139e-06,0.09806397306397306,0.06236697839406643,MHb,HNRNPA0,True
Galk1,5.0420303,1.1409252,4.606182081787756e-07,2.5941850686948797e-06,0.05148709315375982,0.017413737504030958,MHb,GALK1,True
Cndp2,5.03965,0.88345116,4.6638414774254337e-07,2.625744375125527e-06,0.053170594837261505,0.018961625282167043,MHb,CNDP2,True
Slc12a2,5.039411,0.27560288,4.6696702709050814e-07,2.6281112258834272e-06,0.1322250280583614,0.09590454692034828,MHb,SLC12A2,True
Pou3f3,5.0288525,0.607282,4.934234893460254e-07,2.774113639267279e-06,0.06271043771043772,0.02818445662689455,MHb,POU3F3,True
Avl9,5.0287485,0.40278018,4.936911316543131e-07,2.7741981051580126e-06,0.08838383838383838,0.05327313769751693,MHb,AVL9,True
Prpf19,5.0287137,0.3392004,4.937815359969038e-07,2.7741981051580126e-06,0.09715207631874298,0.061722025153176395,MHb,PRPF19,True
Sf1,5.028542,0.26333728,4.942233559468882e-07,2.775716243903096e-06,0.11335578002244669,0.07726539825862624,MHb,SF1,True
Rfc1,5.0235825,0.35343143,5.071640132658703e-07,2.8444444918777573e-06,0.08894500561167228,0.053724604966139955,MHb,RFC1,True
Ing3,5.022812,0.6869076,5.092036394348857e-07,2.854893888339437e-06,0.06320145903479236,0.028893905191873587,MHb,ING3,True
Strip1,5.022576,0.56227565,5.098308753954219e-07,2.8569528143490814e-06,0.07751122334455668,0.04295388584327636,MHb,STRIP1,True
Mrps25,5.0225406,0.39089373,5.099241282859844e-07,2.8569528143490814e-06,0.08221099887766554,0.0472105772331506,MHb,MRPS25,True
Ttc5,5.0222487,0.41774747,5.106994808078926e-07,2.8603061295248136e-06,0.08031705948372615,0.0454047081586585,MHb,TTC5,True
Hsd17b10,5.018802,0.6649676,5.199466259549327e-07,2.911089191699909e-06,0.062008978675645345,0.027732989358271527,MHb,HSD17B10,True
Arap2,5.016751,0.37143156,5.255271367213264e-07,2.9413153759402956e-06,0.09778338945005612,0.06243147371815543,MHb,ARAP2,True
Gtf2e1,5.013011,1.0634538,5.358488505125127e-07,2.9980474427671716e-06,0.05457351290684624,0.020638503708481134,MHb,GTF2E1,True
Lmo1,5.012901,1.2723423,5.361555915879842e-07,2.998726381028923e-06,0.0497334455667789,0.015865849725894873,MHb,LMO1,True
Slx4ip,5.01177,0.48255363,5.393175104094668e-07,3.015368382603915e-06,0.08389450056116723,0.0491454369558207,MHb,SLX4IP,True
Cby1,5.0092645,0.6904979,5.463850665677517e-07,3.053828075927223e-06,0.06158810325476992,0.027410512737826506,MHb,CBY1,True
Uba3,5.004957,0.38961968,5.587443906253852e-07,3.119672253491752e-06,0.08487654320987655,0.04998387616897775,MHb,UBA3,True
Arl6ip4,5.003716,0.544491,5.623558199726707e-07,3.137670020026888e-06,0.0691638608305275,0.03476297968397291,MHb,ARL6IP4,True
Mettl16,5.002412,0.41021708,5.661742199055344e-07,3.1578855196455238e-06,0.08796296296296297,0.053144147049338925,MHb,METTL16,True
Smarce1,5.0022154,0.502796,5.667518122660919e-07,3.160017429646342e-06,0.07695005611672279,0.042437923250564336,MHb,SMARCE1,True
Ahsa2,5.0014606,0.36684373,5.689761666790849e-07,3.1713264975996543e-06,0.08873456790123457,0.053724604966139955,MHb,AHSA2,True
Tmem208,5.000039,0.26151115,5.731871023778818e-07,3.1936966520710433e-06,0.0941358024691358,0.05856175427281522,MHb,TMEM208,True
Bad,4.998663,0.7082311,5.772926234821426e-07,3.2154642509723333e-06,0.05941358024691358,0.025346662366978395,MHb,BAD,True
Pa2g4,4.9976363,0.42260846,5.803730821487314e-07,3.2303973171905476e-06,0.07968574635241302,0.04501773621412448,MHb,PA2G4,True
Pts,4.995793,0.5073993,5.859455803594895e-07,3.259171169984437e-06,0.07400392817059484,0.039535633666559176,MHb,PTS,True
Hnrnpf,4.988647,0.35446176,6.080370782125056e-07,3.38088681336792e-06,0.09399551066217733,0.059013221541438246,MHb,HNRNPF,True
Tcf7,4.9874697,2.823905,6.117520206245706e-07,3.400374203987089e-06,0.03689674523007856,0.003418252176717188,MHb,TCF7,True
Dnajc30,4.98627,0.809545,6.155619464759979e-07,3.4203759822223515e-06,0.057168911335578006,0.02328281199613028,MHb,DNAJC30,True
Nabp2,4.9853215,0.5418087,6.185883155194501e-07,3.436011677035407e-06,0.07161896745230079,0.037342792647533055,MHb,NABP2,True
Gdf11,4.9740334,0.4995067,6.557402331946714e-07,3.6336410660924324e-06,0.0723905723905724,0.03805224121251209,MHb,GDF11,True
Glmn,4.9725037,0.31190658,6.609367758147512e-07,3.66118231123411e-06,0.09666105499438833,0.06146404385682038,MHb,GLMN,True
Krt10,4.968406,0.87323093,6.750547825031676e-07,3.7355494721138336e-06,0.055134680134680134,0.021412447597549178,MHb,KRT10,True
Uba5,4.966532,0.33593303,6.816076063139235e-07,3.770520872820695e-06,0.08775252525252525,0.05288616575298291,MHb,UBA5,True
Cnih1,4.965666,0.29061595,6.846579341247655e-07,3.786099857937806e-06,0.09708193041526375,0.0618510158013544,MHb,CNIH1,True
Pex13,4.965173,0.30674183,6.863993733147238e-07,3.7944326258939367e-06,0.09224186307519641,0.057207352466946144,MHb,PEX13,True
Pi4k2a,4.959109,0.3624821,7.081737209129161e-07,3.908123485420136e-06,0.0832631874298541,0.048629474363108674,MHb,PI4K2A,True
Cand1,4.95726,0.391639,7.149415867733634e-07,3.94412693248948e-06,0.0874719416386083,0.05288616575298291,MHb,CAND1,True
Flrt3,4.955744,0.43283537,7.205418515230682e-07,3.973666705893497e-06,0.08270202020202021,0.048242502418574654,MHb,FLRT3,True
Ten1,4.952019,0.5760445,7.344730531607351e-07,4.049114394981217e-06,0.06698933782267115,0.033021605933569814,MHb,TEN1,True
Dvl3,4.9480896,0.4375995,7.494534139700966e-07,4.1274800718305456e-06,0.08150953984287318,0.047146081909061596,MHb,DVL3,True
Snrpa1,4.9379163,0.50751144,7.896166459024669e-07,4.341281185408702e-06,0.07147867564534231,0.03747178329571106,MHb,SNRPA1,True
Ino80d,4.937085,0.25215647,7.929885820167621e-07,4.3583385369083e-06,0.10991863075196409,0.07436310867462109,MHb,INO80D,True
Ctxn2,4.935193,0.50484455,8.00715570163843e-07,4.397818114567117e-06,0.07421436588103254,0.04011609158336021,MHb,CTXN2,True
Hipk1,4.934746,0.26070836,8.025517098818505e-07,4.404911403915484e-06,0.11560044893378227,0.08016768784263141,MHb,HIPK1,True
Mrps10,4.93018,0.56659883,8.215378962461825e-07,4.507590051486432e-06,0.0667087542087542,0.03289261528539181,MHb,MRPS10,True
Faxc,4.9293766,0.5216784,8.249241114721402e-07,4.524634622944004e-06,0.07786195286195287,0.04385682038052241,MHb,FAXC,True
Hes6,4.9280868,1.1032925,8.303872490367068e-07,4.553055509548723e-06,0.04861111111111111,0.015285391809093841,MHb,HES6,True
Aasdhppt,4.9259534,0.6774694,8.394994347516229e-07,4.601458270792104e-06,0.06432379349046016,0.03069977426636569,MHb,AASDHPPT,True
Mfhas1,4.9251614,0.28704724,8.429074275638985e-07,4.618573049067093e-06,0.10381593714927048,0.06868752015478878,MHb,MFHAS1,True
Ascc2,4.924217,0.41473693,8.469865313383368e-07,4.639352233118049e-06,0.08719135802469136,0.05282167042889391,MHb,ASCC2,True
Unc119,4.9228086,0.67704713,8.531084565511502e-07,4.669722262170847e-06,0.06172839506172839,0.028119961302805547,MHb,UNC119,True
Wdyhv1,4.9202843,0.7634225,8.641853714383186e-07,4.727155354418262e-06,0.05948372615039282,0.02599161560786843,MHb,WDYHV1,True
Rnmt,4.918822,0.33688387,8.706671798515289e-07,4.761001228566085e-06,0.0872615039281706,0.052757175104804904,MHb,RNMT,True
B230354K17Rik,4.9183187,1.1157175,8.729074118581302e-07,4.771638184118032e-06,0.05092592592592592,0.01767171880038697,MHb,B230354K17RIK,True
Pja1,4.917104,0.30978104,8.783399540808696e-07,4.798091441154362e-06,0.09771324354657689,0.06288294098677846,MHb,PJA1,True
Csnk2a2,4.91591,0.2806047,8.837105952150578e-07,4.825799756111938e-06,0.10451739618406285,0.06946146404385682,MHb,CSNK2A2,True
Tuba4a,4.9123073,0.37846777,9.001090453173801e-07,4.913690114076484e-06,0.0928030303030303,0.05836826830054821,MHb,TUBA4A,True
Tex9,4.911535,0.64442366,9.036633687159468e-07,4.931428808697854e-06,0.06923400673400673,0.035601418897129956,MHb,TEX9,True
Gm2990,4.910289,2.8101666,9.094241366141458e-07,4.961192381023207e-06,0.035283389450056116,0.0023218316672041278,MHb,GM2990,True
Anks1,4.907886,0.42324144,9.206335234734543e-07,5.020649778214135e-06,0.09455667789001122,0.060303128023218314,MHb,ANKS1,True
Tvp23b,4.905465,0.44338933,9.320624601742291e-07,5.0795519856193245e-06,0.07680976430976431,0.042824895195098356,MHb,TVP23B,True
Ptpn2,4.9044533,0.29271364,9.368784225708797e-07,5.104078304171094e-06,0.09911616161616162,0.06430183811673654,MHb,PTPN2,True
Tusc2,4.9038086,0.6395122,9.399611745291941e-07,5.117425781894889e-06,0.06018518518518518,0.02670106417284747,MHb,TUSC2,True
Dap3,4.89132,0.2835778,1.0016183568552783e-06,5.445773755339202e-06,0.09154040404040405,0.05694937117059013,MHb,DAP3,True
Mrpl40,4.891233,0.7133209,1.0020618290450734e-06,5.446354195162655e-06,0.05885241301907969,0.025540148339245405,MHb,MRPL40,True
Babam1,4.8909664,0.4517497,1.0034209234824905e-06,5.451909115663179e-06,0.07225028058361392,0.03843921315704611,MHb,BABAM1,True
Asna1,4.887204,0.6173402,1.0227793306330281e-06,5.555223530218008e-06,0.06292087542087542,0.02947436310867462,MHb,ASNA1,True
Nicn1,4.8819795,0.6948132,1.0502614995685604e-06,5.702577964256954e-06,0.06264029180695847,0.029345372460496615,MHb,NICN1,True
Crkl,4.878858,0.5523758,1.0670167025487792e-06,5.7916091153444645e-06,0.07218013468013468,0.03863269912931312,MHb,CRKL,True
Josd2,4.8782296,0.27665487,1.0704226572369624e-06,5.8081470918510125e-06,0.10578002244668912,0.0709448564979039,MHb,JOSD2,True
Alyref,4.87424,0.60932076,1.0922815129974622e-06,5.922780245636591e-06,0.06327160493827161,0.029925830377297645,MHb,ALYREF,True
Polr2b,4.8740387,0.47610885,1.0933953798436483e-06,5.924847661296821e-06,0.07673961840628507,0.04308287649145437,MHb,POLR2B,True
Etf1,4.872137,0.3958192,1.1039751587251204e-06,5.980173540649304e-06,0.08627946127946128,0.05237020316027088,MHb,ETF1,True
Ngrn,4.8714557,0.5781448,1.107789914433628e-06,5.998828880470015e-06,0.06712962962962964,0.03373105449854886,MHb,NGRN,True
Abcb7,4.871308,0.29124048,1.108619567910744e-06,6.001312419998756e-06,0.10030864197530864,0.06572073524669461,MHb,ABCB7,True
Nsmce4a,4.869716,0.53361714,1.1175866923814553e-06,6.045807608451519e-06,0.06769079685746353,0.034247017091260885,MHb,NSMCE4A,True
Copb1,4.868399,0.25534558,1.125058118836938e-06,6.084190930186383e-06,0.10318462401795735,0.06842953885843277,MHb,COPB1,True
Spin1,4.8681817,0.26765805,1.1262964766765676e-06,6.088852109038597e-06,0.10304433221099887,0.06836504353434376,MHb,SPIN1,True
Rai2,4.867477,0.91152424,1.1303205518432477e-06,6.108564960262122e-06,0.056257014590347924,0.023218316672041276,MHb,RAI2,True
Bpgm,4.8648877,0.42854285,1.1452176483903612e-06,6.182875655111513e-06,0.07666947250280584,0.04295388584327636,MHb,BPGM,True
Dlst,4.864635,0.28677207,1.1466809055976845e-06,6.188709925940122e-06,0.10044893378226712,0.06591422121896162,MHb,DLST,True
Tug1,4.860964,0.3493917,1.16815715400723e-06,6.2983139886889815e-06,0.09154040404040405,0.05746533376330216,MHb,TUG1,True
Oprm1,4.8591733,0.33194163,1.1787684965958524e-06,6.351292615735481e-06,0.18813131313131312,0.1559496936472106,MHb,OPRM1,True
Rab4a,4.8569517,0.6433044,1.1920666194784393e-06,6.414397062562793e-06,0.0611672278338945,0.02799097065462754,MHb,RAB4A,True
Nrbp1,4.8555803,0.31724393,1.2003478141692382e-06,6.454662863759118e-06,0.09125982042648709,0.05707836181876814,MHb,NRBP1,True
Zfhx2os,4.8521004,2.442666,1.2216077506502503e-06,6.564619723178671e-06,0.03780864197530864,0.005224121251209288,MHb,ZFHX2OS,True
Nap1l2,4.8512263,0.4838728,1.227003094944165e-06,6.591423135410784e-06,0.07316217732884399,0.03966462431473718,MHb,NAP1L2,True
Tpgs2,4.8485928,0.53362656,1.2434031978936834e-06,6.670662263990158e-06,0.0691638608305275,0.03585940019348597,MHb,TPGS2,True
Mmgt2,4.8466363,0.8465357,1.2557218155856525e-06,6.734516036836183e-06,0.054503367003367005,0.021605933569816188,MHb,MMGT2,True
Rsl24d1,4.8439612,0.6116478,1.2727592365388271e-06,6.823626334443331e-06,0.06467452300785634,0.031538213479522736,MHb,RSL24D1,True
Rars,4.843017,0.5067416,1.2788238290170945e-06,6.853835054230969e-06,0.07112794612794612,0.03779425991615608,MHb,RARS,True
Nol3,4.8420386,0.79455864,1.2851389943834463e-06,6.883153388792134e-06,0.0563973063973064,0.02347629796839729,MHb,NOL3,True
Chp1,4.8387375,0.3053343,1.30666435817776e-06,6.99381071923404e-06,0.09399551066217733,0.05985166075459529,MHb,CHP1,True
Arcn1,4.8371897,0.31268856,1.3168767031029708e-06,7.0438097462601024e-06,0.09441638608305275,0.060303128023218314,MHb,ARCN1,True
Mrpl50,4.83563,0.771621,1.3272469034128697e-06,7.08990048305917e-06,0.0563973063973064,0.023540793292486296,MHb,MRPL50,True
Smu1,4.834678,0.6289925,1.3336107944198078e-06,7.119192937208049e-06,0.065165544332211,0.03211867139632377,MHb,SMU1,True
Parp4,4.83288,1.4542072,1.3457187431706577e-06,7.179089930997819e-06,0.04496352413019079,0.01238310222508868,MHb,PARP4,True
Mrps26,4.832409,0.38555166,1.3489098083550147e-06,7.1937409001458506e-06,0.08129910213243546,0.04759754917768462,MHb,MRPS26,True
Txlng,4.829672,0.29696387,1.3675833222656834e-06,7.290922952421697e-06,0.10241301907968575,0.06810706223798775,MHb,TXLNG,True
Golt1b,4.8269987,0.58102864,1.3860589261626704e-06,7.3869862045078065e-06,0.06207912457912458,0.029022895840051598,MHb,GOLT1B,True
St8sia2,4.826469,0.7384144,1.3897516542405391e-06,7.4042269457644015e-06,0.06558641975308642,0.032634633989035794,MHb,ST8SIA2,True
Lsm3,4.824367,0.71168584,1.4044841660277492e-06,7.477791766128652e-06,0.05878226711560045,0.025927120283779425,MHb,LSM3,True
Manbal,4.8230453,0.4020323,1.413830379252802e-06,7.525076138339609e-06,0.07596801346801346,0.04250241857465334,MHb,MANBAL,True
Nipsnap1,4.821005,0.26392642,1.4283680872219609e-06,7.597452749363768e-06,0.09918630751964086,0.06481780070944856,MHb,NIPSNAP1,True
Sdf2l1,4.8204594,0.8962512,1.432280657298905e-06,7.615759247800721e-06,0.05085578002244669,0.018187681393099002,MHb,SDF2L1,True
Pim1,4.8192344,1.3904707,1.4411021458412127e-06,7.660146963188173e-06,0.043209876543209874,0.010706223798774589,MHb,PIM1,True
Map9,4.818993,0.29691732,1.4428443799968433e-06,7.66688825441818e-06,0.09792368125701459,0.06385037084811351,MHb,MAP9,True
Tmem184c,4.815136,0.29577258,1.470997097754926e-06,7.811351955412321e-06,0.08179012345679013,0.04792002579812964,MHb,TMEM184C,True
Kansl3,4.814698,0.2651607,1.4742240514797003e-06,7.825918619194012e-06,0.10528900112233446,0.0708803611738149,MHb,KANSL3,True
Exosc4,4.8125987,0.7838168,1.489801360703553e-06,7.906016079192904e-06,0.05618686868686869,0.02347629796839729,MHb,EXOSC4,True
Ino80dos,4.812504,0.58977485,1.4905115643154831e-06,7.907190735586402e-06,0.0750561167227834,0.042050951306030315,MHb,INO80DOS,True
Eif1a,4.8104243,0.5638797,1.5061016069379628e-06,7.987276554826736e-06,0.06762065095398428,0.034633989035794906,MHb,EIF1A,True
Rpa1,4.807969,0.70194936,1.5247138538886993e-06,8.083332214568899e-06,0.060676206509539844,0.027861980006449533,MHb,RPA1,True
Znrf3,4.8047066,0.3111357,1.5497855141547935e-06,8.210868225173201e-06,0.10732323232323232,0.07320219284101903,MHb,ZNRF3,True
C79798,4.8045344,1.5827402,1.551119852433164e-06,8.212557647498011e-06,0.04370089786756454,0.011351177039664625,MHb,C79798,True
Paics,4.802998,0.4735007,1.5630732244192478e-06,8.273137894300174e-06,0.07533670033670034,0.04217994195420832,MHb,PAICS,True
Kcnk3,4.8019156,0.68195987,1.5715488828357208e-06,8.315277454978013e-06,0.05976430976430976,0.026959045469203483,MHb,KCNK3,True
Raly,4.8001995,0.62675303,1.5850746898485568e-06,8.381360937659499e-06,0.062219416386083054,0.029409867784585618,MHb,RALY,True
Stx4a,4.792401,0.25751325,1.6479732492767348e-06,8.699728233371796e-06,0.10220258136924804,0.06804256691389875,MHb,STX4A,True
Rrp7a,4.78431,0.58931476,1.7157571646947739e-06,9.051654317983683e-06,0.06214927048260382,0.029409867784585618,MHb,RRP7A,True
Akirin1,4.783985,0.4179849,1.7185336743560369e-06,9.063346000231136e-06,0.07540684624017957,0.042244437278297325,MHb,AKIRIN1,True
Timm17b,4.7832747,0.69250816,1.7246212646557257e-06,9.092486621840405e-06,0.05808080808080808,0.0254756530151564,MHb,TIMM17B,True
Ube2i,4.7800694,0.37399518,1.7523493411812768e-06,9.235663275857658e-06,0.08108866442199776,0.04779103514995163,MHb,UBE2I,True
Pmpcb,4.775845,0.45041192,1.7895407117878223e-06,9.42860619321434e-06,0.07077721661054995,0.03779425991615608,MHb,PMPCB,True
Nt5m,4.7727456,0.44536316,1.817313518007418e-06,9.568699919847e-06,0.07267115600448934,0.03966462431473718,MHb,NT5M,True
Micu1,4.7716994,0.25631773,1.8267792042089408e-06,9.608866956150678e-06,0.1095679012345679,0.07533053853595614,MHb,MICU1,True
D3Ertd751e,4.7716403,0.3057236,1.8273183775653472e-06,9.608866956150678e-06,0.09841470258136925,0.06462431473718155,MHb,D3ERTD751E,True
Kxd1,4.768759,0.64605856,1.8536464120904112e-06,9.744143878960805e-06,0.06313131313131314,0.030570783618187682,MHb,KXD1,True
Lgals8,4.765258,0.38878304,1.8861230505144357e-06,9.905207903269805e-06,0.08424523007856341,0.051015801354401806,MHb,LGALS8,True
Bag5,4.7635784,0.87295985,1.9018969455096786e-06,9.984804639279147e-06,0.052749719416386086,0.020445017736214124,MHb,BAG5,True
Rap2a,4.761659,0.32802954,1.920077619059219e-06,1.0073712451600021e-05,0.09231200897867564,0.058819735569171236,MHb,RAP2A,True
Ece1,4.7570424,0.43242005,1.9645014217940734e-06,1.0303440498547062e-05,0.07702020202020202,0.04398581102870042,MHb,ECE1,True
Bhlhb9,4.7542567,0.32441923,1.9917796562573536e-06,1.0439844122718899e-05,0.08698092031425365,0.05359561431796195,MHb,BHLHB9,True
Tmem14c,4.7542543,0.30053514,1.9917996267518098e-06,1.0439844122718899e-05,0.08340347923681257,0.04998387616897775,MHb,TMEM14C,True
Rhbdl3,4.754131,0.577643,1.9930181907117948e-06,1.0442847176794067e-05,0.06376262626262626,0.03108674621089971,MHb,RHBDL3,True
Pitpnb,4.750296,0.33822316,2.03119157694094e-06,1.0635974022991164e-05,0.09055836139169472,0.05727184779103515,MHb,PITPNB,True
Borcs8,4.749336,0.47819933,2.0408594330787655e-06,1.0683139589012632e-05,0.06642817059483726,0.03373105449854886,MHb,BORCS8,True
Triqk,4.7460146,0.6147767,2.074637742568885e-06,1.0849423047543393e-05,0.065165544332211,0.0326991293131248,MHb,TRIQK,True
Snhg12,4.7426076,0.3482396,2.1098459971984916e-06,1.1029980285935876e-05,0.08431537598204265,0.05114479200257981,MHb,SNHG12,True
Phb,4.7399964,0.4613837,2.1372209732408185e-06,1.1165875078220361e-05,0.06951459034792368,0.03682683005482103,MHb,PHB,True
Kctd4,4.7320313,0.56832194,2.222842417679127e-06,1.1601960666653721e-05,0.0726010101010101,0.04011609158336021,MHb,KCTD4,True
Psmd5,4.728545,0.46474162,2.261341639079903e-06,1.179148968798112e-05,0.07281144781144781,0.04018058690744921,MHb,PSMD5,True
Slc29a1,4.7281685,0.52944887,2.26554145576724e-06,1.1805777399173682e-05,0.07056677890011223,0.03798774588842309,MHb,SLC29A1,True
Apopt1,4.7280416,0.34476295,2.2669581338336356e-06,1.1809355173835445e-05,0.07947530864197531,0.04643663334408255,MHb,APOPT1,True
Flt3l,4.7233496,1.5112354,2.319915688372391e-06,1.2061921009136427e-05,0.04496352413019079,0.013157046114156724,MHb,FLT3L,True
Api5,4.721527,0.38375548,2.3408060791616273e-06,1.2162717099402287e-05,0.08129910213243546,0.048435988390841664,MHb,API5,True
Snhg6,4.719098,0.43617418,2.368927940621867e-06,1.229698634132179e-05,0.07077721661054995,0.0381812318606901,MHb,SNHG6,True
Gtf3c6,4.7162495,0.6222147,2.4023181341337984e-06,1.2466312422077057e-05,0.058922558922558925,0.02670106417284747,MHb,GTF3C6,True
Emc8,4.71529,0.6440718,2.413668344560379e-06,1.2517180337692891e-05,0.0611672278338945,0.028958400515962594,MHb,EMC8,True
Terf1,4.708779,0.36505932,2.492054628817197e-06,1.2919546032409667e-05,0.08354377104377105,0.050628829409867786,MHb,TERF1,True
Dnajc9,4.7081757,0.5806207,2.4994368130133664e-06,1.2953665636171485e-05,0.06214927048260382,0.029925830377297645,MHb,DNAJC9,True
Sgtb,4.7061763,0.48951784,2.524065078573338e-06,1.3077114876977494e-05,0.06867283950617284,0.03624637213801999,MHb,SGTB,True
Tmem237,4.702948,0.34439626,2.5643152330587204e-06,1.326440642619917e-05,0.07631874298540965,0.04353434376007739,MHb,TMEM237,True
Ncbp2,4.7013283,0.5294776,2.584747579066387e-06,1.3365822279858954e-05,0.0683922558922559,0.03611738148984198,MHb,NCBP2,True
Fbxw2,4.695838,0.38709843,2.655159500900621e-06,1.3721151733887395e-05,0.08543771043771044,0.052757175104804904,MHb,FBXW2,True
Zfp24,4.6941357,0.50806487,2.6773646545793035e-06,1.3831483004733386e-05,0.06642817059483726,0.03418252176717188,MHb,ZFP24,True
Btg2,4.692888,0.48880425,2.693755065280602e-06,1.3902836050068199e-05,0.07982603815937149,0.047533053853595617,MHb,BTG2,True
Mfn2,4.692401,0.2817737,2.700175886618143e-06,1.39315294947523e-05,0.09420594837261503,0.06101257658819736,MHb,MFN2,True
Snx1,4.6902227,0.33881068,2.729076143637062e-06,1.4076150071214758e-05,0.09048821548821549,0.057594324411480165,MHb,SNX1,True
Brd1,4.688457,0.26068267,2.7527276997810505e-06,1.4193615092113002e-05,0.09953703703703703,0.06617220251531764,MHb,BRD1,True
Ccndbp1,4.686398,0.40079165,2.7805530008603575e-06,1.4332519053191932e-05,0.07133838383838384,0.038890680425669136,MHb,CCNDBP1,True
Dusp23,4.682254,1.3607512,2.8373800969019134e-06,1.4620778294803584e-05,0.04194725028058362,0.01038374717832957,MHb,DUSP23,True
Ebf3,4.6808667,2.0454497,2.856647304249181e-06,1.471537265803519e-05,0.03907126823793491,0.007610448242502419,MHb,EBF3,True
Ddx18,4.680573,0.49994078,2.8607438276056606e-06,1.4731783321082953e-05,0.06902356902356903,0.03682683005482103,MHb,DDX18,True
Pmvk,4.678766,0.28922167,2.886068775737153e-06,1.48574673607729e-05,0.08978675645342311,0.05675588519832312,MHb,PMVK,True
Msantd3,4.674034,1.1023946,2.953404285885944e-06,1.5199272772575612e-05,0.04713804713804714,0.015543373105449855,MHb,MSANTD3,True
Creb1,4.673338,0.26456743,2.963438256518745e-06,1.5246060368699332e-05,0.11454826038159371,0.08100612705578845,MHb,CREB1,True
Tpd52l2,4.6718884,0.4500315,2.984428698107125e-06,1.5349168264509617e-05,0.07196969696969698,0.03972911963882619,MHb,TPD52L2,True
Mrpl38,4.6717563,0.42648587,2.9863529047759683e-06,1.53541825285287e-05,0.07112794612794612,0.03882618510158013,MHb,MRPL38,True
Gng5,4.6715875,0.44108188,2.9888089773389906e-06,1.5361927298525e-05,0.10093995510662178,0.06868752015478878,MHb,GNG5,True
Lsm2,4.668588,0.83481723,3.0327629722037376e-06,1.5577942545378044e-05,0.051416947250280585,0.019735569171235087,MHb,LSM2,True
Ssr2,4.667578,0.28528887,3.047708493012045e-06,1.564974122999042e-05,0.07512626262626262,0.04250241857465334,MHb,SSR2,True
Gnpda2,4.6668916,0.5172587,3.0579089647088902e-06,1.5697136624616408e-05,0.06320145903479236,0.031151241534988713,MHb,GNPDA2,True
Dbnl,4.6668115,0.3801799,3.059094618500601e-06,1.5698240943606353e-05,0.07554713804713804,0.04314737181554337,MHb,DBNL,True
Cebpz,4.6661663,0.36216408,3.0687166968399843e-06,1.5742623714363065e-05,0.08494668911335577,0.05237020316027088,MHb,CEBPZ,True
Lyrm2,4.662699,0.9065309,3.1208887128484125e-06,1.6000118836869438e-05,0.05415263748597082,0.022573363431151242,MHb,LYRM2,True
Kcnmb4,4.661006,0.45401454,3.1466731437225275e-06,1.6127198383939125e-05,0.11104096520763188,0.07920025798129636,MHb,KCNMB4,True
Sdhaf2,4.6596007,0.56076825,3.1682312613733605e-06,1.6232543760758347e-05,0.06341189674523008,0.03147371815543373,MHb,SDHAF2,True
Clns1a,4.658061,0.4144902,3.192013542533963e-06,1.6349214392174433e-05,0.0763888888888889,0.04411480167687842,MHb,CLNS1A,True
Glrx,4.6545496,0.6847048,3.2468961109389435e-06,1.6609280390397664e-05,0.0550645342312009,0.023347307320219283,MHb,GLRX,True
Itgb3bp,4.6518965,0.4022698,3.2889631849136123e-06,1.6819152550103598e-05,0.07961560044893379,0.0472750725572396,MHb,ITGB3BP,True
Irs2,4.649676,0.49355054,3.3245684708700833e-06,1.6995858096183186e-05,0.06923400673400673,0.03721380199935505,MHb,IRS2,True
Glod4,4.6458426,0.30424505,3.3869157087219304e-06,1.729818806080746e-05,0.08691077441077441,0.05424056755885198,MHb,GLOD4,True
Tcp11l2,4.6443067,0.7890956,3.412202956283412e-06,1.7416340428489805e-05,0.05478395061728395,0.023218316672041276,MHb,TCP11L2,True
Eif3g,4.6413856,0.34354278,3.4608094634038146e-06,1.765329330512668e-05,0.07442480359147026,0.04211544663011932,MHb,EIF3G,True
Stk16,4.638152,0.3890152,3.515380939673328e-06,1.79203550895733e-05,0.07631874298540965,0.04411480167687842,MHb,STK16,True
Dnajc2,4.635874,0.4566182,3.5543308279835367e-06,1.8101795070098776e-05,0.07014590347923681,0.0381812318606901,MHb,DNAJC2,True
Vegfb,4.6339374,0.25693128,3.5877527176212573e-06,1.8266257540926608e-05,0.0893658810325477,0.05656239922605611,MHb,VEGFB,True
Parl,4.6305957,0.28808847,3.6461555886415573e-06,1.8546090140338737e-05,0.0805976430976431,0.04811351177039665,MHb,PARL,True
Mrps11,4.6299214,0.57787067,3.6580428568949847e-06,1.8600705190278647e-05,0.060886644219977554,0.029216381812318608,MHb,MRPS11,True
Gclm,4.6272745,0.2736364,3.705094914049551e-06,1.8828121342994497e-05,0.09567901234567901,0.06288294098677846,MHb,GCLM,True
Bbs7,4.6238756,0.4632549,3.766357575520673e-06,1.9103428593304134e-05,0.07442480359147026,0.042437923250564336,MHb,BBS7,True
Coa6,4.620077,0.72928345,3.8359751525037295e-06,1.945043827327518e-05,0.056257014590347924,0.024830699774266364,MHb,COA6,True
Ift80,4.6194057,0.5136633,3.848404909239556e-06,1.950734860763078e-05,0.07386363636363637,0.042050951306030315,MHb,IFT80,True
Aprt,4.617016,0.64017105,3.892973514246425e-06,1.9708559184017502e-05,0.05976430976430976,0.028248951950983554,MHb,APRT,True
Vps26a,4.613942,0.57165575,3.951027197910182e-06,1.9996203043240674e-05,0.06558641975308642,0.03398903579490487,MHb,VPS26A,True
Zfp871,4.6138487,0.37910354,3.952800067681626e-06,1.9998918077807415e-05,0.08305274971941638,0.0508868107062238,MHb,ZFP871,True
Hars,4.611071,0.43094844,4.005990676909828e-06,2.0255360799942625e-05,0.06909371492704826,0.03727829732344405,MHb,HARS,True
Bbs9,4.6096687,0.27863875,4.0331110961928135e-06,2.0379747572920576e-05,0.11251402918069585,0.07952273460174138,MHb,BBS9,True
Hps3,4.6072865,0.7183903,4.079581706151825e-06,2.0608130573705738e-05,0.06081649831649832,0.029409867784585618,MHb,HPS3,True
Jmy,4.6046677,0.38894704,4.131254449000175e-06,2.0862641496277815e-05,0.08768237934904602,0.05559496936472106,MHb,JMY,True
Mrpl3,4.6022243,0.26537058,4.180027897966939e-06,2.1095772620784784e-05,0.09539842873176206,0.06275395033860046,MHb,MRPL3,True
Aida,4.5997534,0.41316804,4.2299150081358736e-06,2.1327579568764885e-05,0.0760381593714927,0.04417929700096743,MHb,AIDA,True
Zfp277,4.5991774,0.46347997,4.241626616231019e-06,2.1379965882685177e-05,0.07365319865319865,0.041857465333763305,MHb,ZFP277,True
Abce1,4.598957,0.28891936,4.246110766431511e-06,2.1389237510753562e-05,0.08978675645342311,0.05727184779103515,MHb,ABCE1,True
Tbc1d24,4.593521,0.26787484,4.35829097190583e-06,2.194066494571329e-05,0.09378507295173961,0.06120606256046437,MHb,TBC1D24,True
Lama4,4.5907874,2.3475263,4.415769162069197e-06,2.2202383026568e-05,0.03612514029180696,0.005288616575298291,MHb,LAMA4,True
Csnk1g2,4.589027,0.30591366,4.45317008546551e-06,2.238347611323947e-05,0.08438552188552188,0.05217671718800387,MHb,CSNK1G2,True
Zkscan1,4.5798836,0.50869966,4.652352293488049e-06,2.3355617115819115e-05,0.06726992143658811,0.035794904869396967,MHb,ZKSCAN1,True
Zfp329,4.5782714,0.31063163,4.688340130821603e-06,2.352897971332281e-05,0.09090909090909091,0.05869074492099323,MHb,ZFP329,True
Gm42372,4.5734153,0.35060292,4.798374729578375e-06,2.4051351487737903e-05,0.07709034792368126,0.04521122218639149,MHb,GM42372,True
Ccdc28b,4.5728507,0.46779627,4.811326297700671e-06,2.4108798904990197e-05,0.06488496071829405,0.033408577878103835,MHb,CCDC28B,True
Ankrd13b,4.5718927,0.49761564,4.833386564641578e-06,2.420434293593731e-05,0.07295173961840629,0.041405998065140275,MHb,ANKRD13B,True
Dohh,4.566962,0.6046101,4.9484464802828895e-06,2.475753845300827e-05,0.059694163860830526,0.028506933247339567,MHb,DOHH,True
Uso1,4.564691,0.2817665,5.002300198650004e-06,2.5003771852028375e-05,0.09574915824915825,0.0634633989035795,MHb,USO1,True
Slc25a14,4.5627766,0.2517464,5.048148011779688e-06,2.5217354567800013e-05,0.08417508417508418,0.05198323121573686,MHb,SLC25A14,True
Bcl7a,4.560073,0.35470477,5.113587000602739e-06,2.552429497764886e-05,0.07758136924803591,0.04585617542728152,MHb,BCL7A,True
March5,4.557167,0.35455486,5.18481798657827e-06,2.5868115648643897e-05,0.0800364758698092,0.048242502418574654,MHb,MARCH5,True
Mmadhc,4.555427,0.61884296,5.227930962068384e-06,2.6051073108889746e-05,0.060465768799102135,0.029345372460496615,MHb,MMADHC,True
Jun,4.5539093,0.2589849,5.265803017429653e-06,2.6225234509287644e-05,0.16168630751964086,0.12989358271525314,MHb,JUN,True
Cops8,4.552978,0.2925254,5.289175293375021e-06,2.63319207049372e-05,0.07863355780022446,0.04675910996452757,MHb,COPS8,True
Rpgrip1l,4.5525737,0.31260777,5.2993584857312746e-06,2.637449954052411e-05,0.08873456790123457,0.05669138987423412,MHb,RPGRIP1L,True
Tac1,4.5524817,0.7528173,5.30167314282332e-06,2.637790313293362e-05,0.07302188552188552,0.042244437278297325,MHb,TAC1,True
Inpp1,4.5501485,0.46304408,5.360801347859324e-06,2.6655690686020463e-05,0.06846240179573512,0.03708481135117704,MHb,INPP1,True
Mrpl24,4.5485444,0.37015933,5.401829581693577e-06,2.685144237366122e-05,0.07617845117845118,0.044566268945501454,MHb,MRPL24,True
Dkc1,4.5481,0.58591765,5.413244826229274e-06,2.6891656960767356e-05,0.05941358024691358,0.028313447275072557,MHb,DKC1,True
Tbc1d22a,4.54733,0.50358295,5.433076685566298e-06,2.6973608161152508e-05,0.0697250280583614,0.03837471783295711,MHb,TBC1D22A,True
Tmem201,4.546196,0.32345328,5.462411898155047e-06,2.7110927417200947e-05,0.07968574635241302,0.04785553047404063,MHb,TMEM201,True
Rpp25l,4.5452476,0.86172587,5.487076306247237e-06,2.7224987501088668e-05,0.04938271604938271,0.018574653337633022,MHb,RPP25L,True
Wipf1,4.538149,0.8338504,5.675024179399202e-06,2.8148885649120545e-05,0.058010662177328844,0.027152531441470493,MHb,WIPF1,True
Ebpl,4.5351667,0.37027693,5.755803976357144e-06,2.854081217583593e-05,0.06895342312008979,0.037536278619800065,MHb,EBPL,True
Max,4.5344515,0.30965278,5.775338741154832e-06,2.8620129944295162e-05,0.07884399551066218,0.04708158658497259,MHb,MAX,True
Kctd9,4.533001,0.91315615,5.815156737385748e-06,2.880862487816676e-05,0.054713804713804715,0.02399226056110932,MHb,KCTD9,True
Maea,4.5293427,0.38347125,5.916743213480719e-06,2.930291533314471e-05,0.07877384960718294,0.0472750725572396,MHb,MAEA,True
Mapre1,4.526258,0.2780231,6.003726098613008e-06,2.9697330166686668e-05,0.0968013468013468,0.06475330538535956,MHb,MAPRE1,True
Rab3ip,4.5249066,0.43681633,6.0422129619516435e-06,2.9878567612218845e-05,0.07140852974186307,0.04011609158336021,MHb,RAB3IP,True
Ypel5,4.522258,0.47422215,6.118353513625242e-06,3.02458337661639e-05,0.06853254769921437,0.03740728797162206,MHb,YPEL5,True
Jmjd6,4.520439,0.55887395,6.171151855547471e-06,3.048820441767879e-05,0.05899270482603816,0.028055465978716543,MHb,JMJD6,True
Ap1s1,4.520046,0.26175344,6.182619570348353e-06,3.053553329782736e-05,0.08354377104377105,0.05172524991938084,MHb,AP1S1,True
Cnih4,4.519434,0.30166313,6.20051196340049e-06,3.061455464224754e-05,0.07975589225589226,0.04811351177039665,MHb,CNIH4,True
Smim15,4.518841,0.43430537,6.217918487855742e-06,3.0672409741099916e-05,0.06362233445566778,0.03250564334085779,MHb,SMIM15,True
Ccdc173,4.5160575,0.7707272,6.300150551179521e-06,3.105910855389477e-05,0.05303030303030303,0.02231538213479523,MHb,CCDC173,True
Acbd3,4.5149193,0.28341395,6.3340927361690635e-06,3.12169256573841e-05,0.0848063973063973,0.05307965172524992,MHb,ACBD3,True
Sbds,4.5145006,0.2928159,6.346618386955349e-06,3.125960791991558e-05,0.08810325476992144,0.0563044179297001,MHb,SBDS,True
Dnajb11,4.51257,0.29664248,6.404685056874157e-06,3.153600633027078e-05,0.07849326599326599,0.046888100612705576,MHb,DNAJB11,True
Hist1h4d,4.5110235,0.96861863,6.451561541753231e-06,3.175715396769888e-05,0.04980359147025814,0.01928410190261206,MHb,HIST1H4D,True
Lap3,4.5106554,0.4216536,6.462765996278201e-06,3.1802628533556404e-05,0.06691919191919192,0.035794904869396967,MHb,LAP3,True
Rab9,4.503526,0.54608184,6.683512066041104e-06,3.283894522120743e-05,0.06355218855218855,0.0326991293131248,MHb,RAB9,True
Alad,4.502142,0.74251044,6.7272056272740015e-06,3.304359277897266e-05,0.05064534231200898,0.020058045791680103,MHb,ALAD,True
Hadha,4.500781,0.31641087,6.770419409769418e-06,3.324576015574388e-05,0.08564814814814815,0.054111576910673975,MHb,HADHA,True
Urgcp,4.498993,0.27031007,6.827612444128626e-06,3.351642831070729e-05,0.09995791245791245,0.06797807158980974,MHb,URGCP,True
Psmb10,4.496119,0.5127611,6.920505450797418e-06,3.394153294925659e-05,0.06264029180695847,0.03179619477587875,MHb,PSMB10,True
Stk11,4.4955764,0.3708671,6.938167050402304e-06,3.401783935745901e-05,0.07351290684624018,0.04230893260238633,MHb,STK11,True
Zbtb8os,4.4938283,0.60293716,6.995404918013074e-06,3.428808319662469e-05,0.059132996632996634,0.028442437923250564,MHb,ZBTB8OS,True
Mydgf,4.491932,0.27967057,7.0579949418241175e-06,3.457391525863267e-05,0.0752665544332211,0.04385682038052241,MHb,MYDGF,True
Pdcd2,4.4905357,0.77957183,7.10443255045679e-06,3.478032581829255e-05,0.05260942760942761,0.022121896162528215,MHb,PDCD2,True
Zdhhc3,4.4903903,0.4106503,7.109277179564018e-06,3.4793512368970646e-05,0.0733726150392817,0.04230893260238633,MHb,ZDHHC3,True
Eif4ebp2,4.4891567,0.57136035,7.150572957111983e-06,3.498010781317504e-05,0.06474466891133558,0.03398903579490487,MHb,EIF4EBP2,True
Lcmt1,4.489122,0.28167838,7.151728997723021e-06,3.498010781317504e-05,0.08536756453423121,0.05378910029022896,MHb,LCMT1,True
Twistnb,4.4870105,0.46287253,7.222952628936964e-06,3.530711960503336e-05,0.06453423120089787,0.033666559174459855,MHb,TWISTNB,True
Gm16599,4.4771395,0.6107733,7.56497661529584e-06,3.691766811738586e-05,0.0625,0.03186069009996775,MHb,GM16599,True
Slc25a51,4.477107,0.27060127,7.566124872280317e-06,3.691766811738586e-05,0.08494668911335577,0.05340212834569494,MHb,SLC25A51,True
Gpr85,4.476694,0.32103166,7.5807797646008015e-06,3.697801950917309e-05,0.07968574635241302,0.04837149306675266,MHb,GPR85,True
Tmlhe,4.4764867,0.41577902,7.588141375049258e-06,3.700276959343435e-05,0.08705106621773288,0.05598194130925508,MHb,TMLHE,True
Gm5441,4.473344,0.4728322,7.700581215845162e-06,3.753975321467616e-05,0.07673961840628507,0.04585617542728152,MHb,GM5441,True
Plk2,4.4730377,0.31207985,7.711610294327171e-06,3.758219238045857e-05,0.0773709315375982,0.04604966139954853,MHb,PLK2,True
Fbl,4.4721007,0.36062208,7.745497695940153e-06,3.773597145537108e-05,0.07786195286195287,0.04675910996452757,MHb,FBL,True
Wdr91,4.4689627,1.1127484,7.859991431658257e-06,3.825921197925739e-05,0.04657687991021325,0.0163818123186069,MHb,WDR91,True
Tspan17,4.4671054,0.2614289,7.92850669385963e-06,3.858110582827301e-05,0.08179012345679013,0.05030635278942277,MHb,TSPAN17,True
Mvb12a,4.466557,0.49034774,7.948846323610339e-06,3.8666424042916786e-05,0.061447811447811446,0.030764269590454692,MHb,MVB12A,True
Stoml2,4.4664536,0.48212537,7.952684371663443e-06,3.8666424042916786e-05,0.0638327721661055,0.03315059658174782,MHb,STOML2,True
Pold4,4.463998,0.7018062,8.044442869951538e-06,3.908647143931095e-05,0.055134680134680134,0.02476620445017736,MHb,POLD4,True
Atg101,4.462809,0.91747314,8.089208755917866e-06,3.9292177665757204e-05,0.04755892255892256,0.017349242179941955,MHb,ATG101,True
Psmg2,4.4626613,0.54137856,8.094795687208134e-06,3.9307511330108546e-05,0.059694163860830526,0.029151886488229604,MHb,PSMG2,True
Rab5c,4.4622135,0.4077954,8.111732043282552e-06,3.937793091239354e-05,0.07498597081930415,0.04411480167687842,MHb,RAB5C,True
H1f0,4.459554,0.5081092,8.213028610273328e-06,3.985770710206153e-05,0.06348204264870931,0.03289261528539181,MHb,H1F0,True
Mapkbp1,4.4593754,0.3111576,8.219888409275171e-06,3.987903269946787e-05,0.08957631874298541,0.0581102870041922,MHb,MAPKBP1,True
Ebna1bp2,4.4563274,0.46758148,8.337556289068197e-06,4.042565137160614e-05,0.06832210998877665,0.03766526926797807,MHb,EBNA1BP2,True
Arl5b,4.4549637,0.52926844,8.390743957875042e-06,4.065916222846879e-05,0.06172839506172839,0.031151241534988713,MHb,ARL5B,True
Pycr2,4.453122,0.69898736,8.46306192998162e-06,4.0972770642757474e-05,0.05197811447811448,0.02167042889390519,MHb,PYCR2,True
Mrps31,4.4529877,0.6105932,8.468362516060706e-06,4.0986165079976636e-05,0.058010662177328844,0.02760399871009352,MHb,MRPS31,True
Rpf2,4.4502325,0.669067,8.577739829587388e-06,4.150312346502423e-05,0.056818181818181816,0.02650757820058046,MHb,RPF2,True
Hspbp1,4.4478445,0.38850704,8.673624422739079e-06,4.195450808546788e-05,0.0718294051627385,0.041019026120606254,MHb,HSPBP1,True
Srek1ip1,4.446992,0.3628727,8.708120406877052e-06,4.210877356688679e-05,0.08017676767676768,0.049209932279909704,MHb,SREK1IP1,True
Gm26936,4.4411516,1.3678049,8.94786750775633e-06,4.324223392230614e-05,0.04335016835016835,0.013415027410512738,MHb,GM26936,True
Utp3,4.440793,0.6249606,8.962792025403746e-06,4.3301422046268096e-05,0.05667789001122334,0.026378587552402452,MHb,UTP3,True
Gm17750,4.4349446,1.1050035,9.20960572713633e-06,4.442748960227562e-05,0.041456228956228955,0.011480167687842631,MHb,GM17750,True
Larp1b,4.434642,0.33484498,9.222547490549423e-06,4.44633996004879e-05,0.08684062850729517,0.05572396001289907,MHb,LARP1B,True
Pdcd6ip,4.4329247,0.36767507,9.296339210375233e-06,4.4792459555501754e-05,0.07982603815937149,0.04895195098355369,MHb,PDCD6IP,True
Paxip1,4.4326277,0.58916557,9.309164057731769e-06,4.4840895960039115e-05,0.06684904601571268,0.03650435343437601,MHb,PAXIP1,True
Gmfb,4.4301248,0.26927775,9.417857056826194e-06,4.5323962479667864e-05,0.08964646464646464,0.05836826830054821,MHb,GMFB,True
Arrb2,4.4198155,0.40594876,9.87851053940426e-06,4.747026380714911e-05,0.07400392817059484,0.04334085778781038,MHb,ARRB2,True
Ehd3,4.418743,0.55826885,9.92764580647964e-06,4.769220995539298e-05,0.05920314253647587,0.028958400515962594,MHb,EHD3,True
Papss1,4.418189,0.28181505,9.953140316983494e-06,4.7800488309741095e-05,0.08971661054994388,0.058626249596904226,MHb,PAPSS1,True
Fam229b,4.414352,0.54032034,1.0131305134301725e-05,4.862725832264997e-05,0.06327160493827161,0.033021605933569814,MHb,FAM229B,True
Letm1,4.411844,0.34294048,1.0249403102491058e-05,4.9164915534636085e-05,0.07365319865319865,0.04295388584327636,MHb,LETM1,True
Polr2a,4.4073124,0.32191354,1.0466109038638468e-05,5.016605032913311e-05,0.08529741863075196,0.05436955820702999,MHb,POLR2A,True
Smim19,4.406918,0.31262472,1.0485175470746562e-05,5.0236289466624896e-05,0.07610830527497194,0.045340212834569495,MHb,SMIM19,True
Mdm2,4.4065385,0.28019398,1.0503554961373974e-05,5.0309446698319226e-05,0.09020763187429855,0.05907771686552725,MHb,MDM2,True
Cdk6,4.4057345,1.4877133,1.0542606827618093e-05,5.0466607113561004e-05,0.0409652076318743,0.011286681715575621,MHb,CDK6,True
Irak1bp1,4.404267,0.33255243,1.0614215149566872e-05,5.079435800125567e-05,0.07498597081930415,0.044308287649145434,MHb,IRAK1BP1,True
Gopc,4.403832,0.28207862,1.063552637447863e-05,5.0881289295235685e-05,0.08957631874298541,0.05849725894872622,MHb,GOPC,True
Mkrn1,4.403229,0.28992254,1.0665145116277778e-05,5.099282360502307e-05,0.08606902356902357,0.055143502096098036,MHb,MKRN1,True
Fam160b1,4.3942995,0.5992928,1.1113045746686267e-05,5.30246356792479e-05,0.058571829405162736,0.028506933247339567,MHb,FAM160B1,True
Dse,4.392657,0.8247929,1.1197391015041282e-05,5.341132399536795e-05,0.05485409652076319,0.025024185746533378,MHb,DSE,True
Dmwd,4.391537,0.510071,1.1255218978019843e-05,5.365551634820836e-05,0.06509539842873176,0.03495646565623992,MHb,DMWD,True
Wdfy1,4.3908234,0.43305492,1.12922338735741e-05,5.381611163967621e-05,0.0726010101010101,0.042244437278297325,MHb,WDFY1,True
Tmem65,4.3901176,0.38361493,1.1328942761946908e-05,5.397515439602098e-05,0.07575757575757576,0.04527571751048049,MHb,TMEM65,True
Dhrs7,4.38657,0.4882184,1.1515202973973147e-05,5.481412834138189e-05,0.06130751964085297,0.031215736859077716,MHb,DHRS7,True
Cetn4,4.384082,0.8672421,1.164760593931483e-05,5.542807474798981e-05,0.04847081930415264,0.018768139309900032,MHb,CETN4,True
Gpbp1l1,4.3803587,0.3239086,1.1848405842911787e-05,5.630081213545774e-05,0.08031705948372615,0.04966139954853273,MHb,GPBP1L1,True
Fam114a2,4.3784695,0.29607013,1.1951577117886435e-05,5.67577098889645e-05,0.08242143658810326,0.05172524991938084,MHb,FAM114A2,True
Pdrg1,4.376569,0.4953487,1.2056202822770365e-05,5.720418910481392e-05,0.0664983164983165,0.03643985811028701,MHb,PDRG1,True
Zfx,4.376239,0.35717055,1.2074472967411502e-05,5.72740763190267e-05,0.08101851851851852,0.05049983876168978,MHb,ZFX,True
Tmem60,4.369814,0.39355868,1.2435239907562144e-05,5.891622891178023e-05,0.06734006734006734,0.037149306675266044,MHb,TMEM60,True
Polr2l,4.365087,0.76023006,1.2707220767816538e-05,6.00992093331674e-05,0.05148709315375982,0.0218639148661722,MHb,POLR2L,True
Tmem184b,4.362449,0.3034175,1.2861443778960212e-05,6.0783745217174195e-05,0.07828282828282829,0.04772653982586263,MHb,TMEM184B,True
Psmd9,4.361595,0.4746051,1.2911772243693113e-05,6.0995302582282744e-05,0.06411335578002245,0.03411802644308288,MHb,PSMD9,True
Poldip2,4.3608155,0.402646,1.2957848382194306e-05,6.117723221891211e-05,0.06572671156004489,0.035601418897129956,MHb,POLDIP2,True
Coro1a,4.3591313,0.46979287,1.3057963598411731e-05,6.16319116440939e-05,0.060465768799102135,0.03050628829409868,MHb,CORO1A,True
Timm22,4.359014,0.42822957,1.3064975851078247e-05,6.164701995075573e-05,0.06453423120089787,0.0345049983876169,MHb,TIMM22,True
Siah1a,4.3574862,0.35195726,1.3156462691998382e-05,6.200634733189797e-05,0.07610830527497194,0.04579168010319252,MHb,SIAH1A,True
Zfp260,4.357365,0.3107748,1.316376900525661e-05,6.202271006700427e-05,0.07582772166105499,0.0454047081586585,MHb,ZFP260,True
Ccs,4.35609,0.63094246,1.324063771257119e-05,6.234856331902154e-05,0.05829124579124579,0.02857142857142857,MHb,CCS,True
Usp5,4.3557963,0.29432517,1.3258409057454668e-05,6.240399764863836e-05,0.08207070707070707,0.05153176394711383,MHb,USP5,True
Ankrd29,4.351293,0.4596611,1.353368546079589e-05,6.361736772111988e-05,0.06060606060606061,0.03069977426636569,MHb,ANKRD29,True
Ndel1,4.3471503,0.25390837,1.3791766621058243e-05,6.4755246762153e-05,0.08571829405162738,0.05501451144792002,MHb,NDEL1,True
Xkr7,4.3470182,1.97401,1.3800088644720472e-05,6.477551765187279e-05,0.03612514029180696,0.00690099967752338,MHb,XKR7,True
Rgl2,4.345706,0.26266688,1.3882846575420426e-05,6.512617266746676e-05,0.10830527497194165,0.07713640761044824,MHb,RGL2,True
Stxbp4,4.3453813,0.2715189,1.3903406719604561e-05,6.520371229040411e-05,0.10178170594837262,0.07081586584972589,MHb,STXBP4,True
Maz,4.344601,0.39554408,1.3952895375821056e-05,6.539787965920186e-05,0.0726010101010101,0.04250241857465334,MHb,MAZ,True
Naa16,4.3383646,0.34717536,1.4354677122094916e-05,6.722261217425745e-05,0.08487654320987655,0.054498548855207996,MHb,NAA16,True
Pttg1,4.33509,0.37955165,1.4570033515648957e-05,6.817190978178244e-05,0.07379349046015712,0.0437278297323444,MHb,PTTG1,True
Krcc1,4.334347,0.40123773,1.4619359135524947e-05,6.838291903328976e-05,0.07589786756453423,0.04585617542728152,MHb,KRCC1,True
Whamm,4.3320537,0.57451373,1.4772507510503666e-05,6.905933785618405e-05,0.0653759820426487,0.03573040954530796,MHb,WHAMM,True
Mok,4.328899,0.7867895,1.498565507283096e-05,7.001530063634916e-05,0.05190796857463524,0.02250886810706224,MHb,MOK,True
Rab8a,4.3280835,0.7260081,1.504125405730142e-05,7.024888404208125e-05,0.051206509539842876,0.021799419542083198,MHb,RAB8A,True
Caml,4.325965,0.25842392,1.5186556555959935e-05,7.081076745247967e-05,0.08333333333333333,0.05288616575298291,MHb,CAML,True
Prep,4.325965,0.70171434,1.5186556555959935e-05,7.081076745247967e-05,0.05723905723905724,0.02779748468236053,MHb,PREP,True
Soat1,4.3234577,0.3966476,1.5360268355715588e-05,7.157947008173427e-05,0.06705948372615039,0.037149306675266044,MHb,SOAT1,True
Pepd,4.323185,0.31357837,1.5379283262789065e-05,7.164743858744617e-05,0.07709034792368126,0.046888100612705576,MHb,PEPD,True
Ddit3,4.3223677,0.3793684,1.5436368204332664e-05,7.189267368415804e-05,0.06488496071829405,0.035020960980328926,MHb,DDIT3,True
Slc11a2,4.320846,0.3895745,1.5543198089834937e-05,7.234058207040799e-05,0.0821408529741863,0.05204772653982586,MHb,SLC11A2,True
Krt222,4.320807,0.3723487,1.554595754415692e-05,7.234058207040799e-05,0.07358305274971942,0.043598839084166396,MHb,KRT222,True
Mt2,4.320439,0.2697322,1.557190972229097e-05,7.244050611390752e-05,0.08712121212121213,0.05656239922605611,MHb,MT2,True
Slc25a33,4.3199677,0.38748744,1.5605207883573254e-05,7.257453637630748e-05,0.06818181818181818,0.038310222508868105,MHb,SLC25A33,True
Jagn1,4.3195267,0.38108286,1.563642076257913e-05,7.269879443366412e-05,0.06544612794612795,0.035601418897129956,MHb,JAGN1,True
Tom1,4.3163643,0.47094962,1.586201462657173e-05,7.37052819835673e-05,0.0707070707070707,0.04095453079651725,MHb,TOM1,True
Zfp637,4.316299,0.79314965,1.5866720039011146e-05,7.370597261085734e-05,0.05036475869809203,0.02108997097710416,MHb,ZFP637,True
Pbdc1,4.307289,0.31277627,1.652676629908768e-05,7.672802666123514e-05,0.07035634118967453,0.04037407287971622,MHb,PBDC1,True
Svbp,4.30716,0.7568273,1.653640265953385e-05,7.67507354427432e-05,0.05155723905723906,0.02231538213479523,MHb,SVBP,True
Fam174b,4.3036513,0.7633463,1.680061582822036e-05,7.795466466479183e-05,0.05127665544332211,0.02205740083843921,MHb,FAM174B,True
Mpp1,4.299937,0.51738304,1.7084668218750624e-05,7.922720998804225e-05,0.0625,0.033021605933569814,MHb,MPP1,True
Pdxk,4.2990794,0.2600196,1.7150905850145836e-05,7.948879717080484e-05,0.08733164983164983,0.057013866494679134,MHb,PDXK,True
Myg1,4.297716,0.48292086,1.725671204889058e-05,7.995626393320112e-05,0.05927328843995511,0.029796839729119638,MHb,MYG1,True
Prkch,4.2959933,0.44003323,1.7391287427859678e-05,8.05106108029852e-05,0.08543771043771044,0.05572396001289907,MHb,PRKCH,True
Lurap1,4.2956142,1.0925608,1.7421016250461613e-05,8.062516104469716e-05,0.04461279461279461,0.015607868429538858,MHb,LURAP1,True
Lsm8,4.294658,0.6440045,1.749626921676994e-05,8.095027304955771e-05,0.05331088664421998,0.024056755885198323,MHb,LSM8,True
Thumpd1,4.294584,0.6749974,1.7502128086442294e-05,8.095422413445928e-05,0.05611672278338945,0.02689455014511448,MHb,THUMPD1,True
Ctdspl,4.2905307,0.27805376,1.7824658356910337e-05,8.235185630477711e-05,0.09055836139169472,0.06017413737504031,MHb,CTDSPL,True
Mrpl22,4.2893105,0.6129308,1.7922865220630018e-05,8.275830572186427e-05,0.054713804713804715,0.0254756530151564,MHb,MRPL22,True
Dnaja4,4.288644,0.69359255,1.79767241776398e-05,8.2983308668186e-05,0.05485409652076319,0.02566913898742341,MHb,DNAJA4,True
Wbp1,4.287475,0.6174762,1.807155453680205e-05,8.337347251362612e-05,0.05218855218855219,0.022960335375685263,MHb,WBP1,True
Hbp1,4.2858815,0.53353035,1.8201611823822376e-05,8.394954982900682e-05,0.06327160493827161,0.033860045146726865,MHb,HBP1,True
Mpdu1,4.2855496,0.4475198,1.8228782180211658e-05,8.405089845066236e-05,0.06313131313131314,0.033666559174459855,MHb,MPDU1,True
Prpf31,4.284513,0.5814147,1.8313973563283263e-05,8.437155294392105e-05,0.05457351290684624,0.025346662366978395,MHb,PRPF31,True
Lrrc9,4.2818823,1.1697426,1.8531905020791086e-05,8.535124251460587e-05,0.0444023569023569,0.015478877781360851,MHb,LRRC9,True
Adsl,4.2816358,0.6888082,1.8552448192666185e-05,8.54215341635e-05,0.05190796857463524,0.022766849403418252,MHb,ADSL,True
Cemip,4.281566,0.6738527,1.8558249230277757e-05,8.542392751842422e-05,0.06081649831649832,0.031538213479522736,MHb,CEMIP,True
Ssbp1,4.2810955,0.29215977,1.8597550227124054e-05,8.558047650746275e-05,0.07891414141414141,0.04895195098355369,MHb,SSBP1,True
Ap3m2,4.27889,0.45383355,1.8782765179374253e-05,8.638363001887362e-05,0.06705948372615039,0.03760077394388907,MHb,AP3M2,True
Galm,4.270673,1.7769611,1.9488398910190156e-05,8.950166166164843e-05,0.03556397306397306,0.006836504353434376,MHb,GALM,True
Unc45a,4.268194,0.39956862,1.970619384795807e-05,9.047620933599822e-05,0.0680415263748597,0.038503708481135115,MHb,UNC45A,True
Bloc1s2,4.267961,0.4277992,1.972678091460427e-05,9.054502874396257e-05,0.061798540965207635,0.032441148016768784,MHb,BLOC1S2,True
Mycbp,4.2676854,0.54301775,1.9751153792254645e-05,9.0631180876516e-05,0.06334175084175084,0.03411802644308288,MHb,MYCBP,True
P4ha1,4.267185,0.2682487,1.9795492594013064e-05,9.080887484633049e-05,0.08733164983164983,0.05714285714285714,MHb,P4HA1,True
Dcp2,4.264349,0.2968972,2.0048602297382445e-05,9.191784074834497e-05,0.07912457912457913,0.04927442760399871,MHb,DCP2,True
Rnf181,4.2633348,0.4663134,2.013986497477181e-05,9.231009236807424e-05,0.062429854096520764,0.03315059658174782,MHb,RNF181,True
Mtfr1l,4.2607327,0.37386456,2.0375788659206562e-05,9.333853910016034e-05,0.06867283950617284,0.03921315704611416,MHb,MTFR1L,True
Adrb1,4.2606406,0.84640163,2.0384163990441476e-05,9.335046787808348e-05,0.047839506172839504,0.018961625282167043,MHb,ADRB1,True
Ift52,4.260339,0.4976596,2.041171483217957e-05,9.345018041621979e-05,0.06264029180695847,0.033408577878103835,MHb,IFT52,True
Wdr20,4.25815,0.29449385,2.0612536972606532e-05,9.433016367316786e-05,0.08466610549943883,0.054692034827475006,MHb,WDR20,True
Map3k10,4.2578316,0.34525743,2.064193998285781e-05,9.44240325856123e-05,0.07407407407407407,0.04443727829732345,MHb,MAP3K10,True
Scnm1,4.256827,0.43549696,2.0734895829937454e-05,9.482243145299359e-05,0.060676206509539844,0.03140922283134473,MHb,SCNM1,True
Thap2,4.2552247,0.31221935,2.0883899971084428e-05,9.547684624994081e-05,0.07989618406285073,0.05011286681715576,MHb,THAP2,True
Aamdc,4.250333,0.3188865,2.134528951209368e-05,9.753108979042805e-05,0.07477553310886645,0.045146726862302484,MHb,AAMDC,True
Sik1,4.2498956,0.53720176,2.1387031877847466e-05,9.769422214746759e-05,0.06186868686868687,0.0327636246372138,MHb,SIK1,True
Cdk2ap1,4.247214,0.47076455,2.1644534870326437e-05,9.884256113143143e-05,0.06285072951739619,0.033666559174459855,MHb,CDK2AP1,True
Fam185a,4.2434654,0.4738203,2.2009444835586534e-05,0.0001004806012462919,0.06677890011223345,0.037536278619800065,MHb,FAM185A,True
AW549877,4.2413955,0.39215043,2.221343247918797e-05,0.00010135466018360096,0.07540684624017957,0.04598516607545953,MHb,AW549877,True
Acadm,4.23298,0.43142822,2.3061508919417992e-05,0.00010510563729827728,0.06488496071829405,0.03573040954530796,MHb,ACADM,True
Sp3os,4.2323284,0.5332836,2.3128449764387317e-05,0.0001053810351940746,0.058712121212121215,0.029732344405030635,MHb,SP3OS,True
Anapc10,4.2308636,0.28238365,2.3279586103012334e-05,0.00010603979307694298,0.0861391694725028,0.0563689132537891,MHb,ANAPC10,True
BC003965,4.2231374,0.48449072,2.4092475648007535e-05,0.00010955743424417258,0.05829124579124579,0.029345372460496615,MHb,BC003965,True
Nelfb,4.222727,0.2770245,2.413642149643437e-05,0.00010972642431276728,0.07533670033670034,0.04579168010319252,MHb,NELFB,True
Lama1,4.2217607,2.0795512,2.424015443498518e-05,0.00011013609493985542,0.03437149270482604,0.00599806514027733,MHb,LAMA1,True
Dguok,4.2209806,0.35573748,2.4324189371399458e-05,0.0001104868753390582,0.06853254769921437,0.03927765237020316,MHb,DGUOK,True
Tsc22d3,4.220885,0.49217907,2.4334540051277557e-05,0.00011050285944116072,0.06214927048260382,0.033215091905836824,MHb,TSC22D3,True
Invs,4.220611,0.3308613,2.4364084380605025e-05,0.00011060596824481793,0.08705106621773288,0.05746533376330216,MHb,INVS,True
Srm,4.217906,0.7969831,2.465816192260231e-05,0.00011190958728902704,0.04910213243546577,0.020509513060303127,MHb,SRM,True
Gm26782,4.2163215,0.2504503,2.4831944602503764e-05,0.0001126350824300332,0.08733164983164983,0.05752982908739116,MHb,GM26782,True
Fsd1,4.212983,0.28412405,2.5201999649686154e-05,0.00011428156555471645,0.0750561167227834,0.04559819413092551,MHb,FSD1,True
Iars2,4.208729,0.3039125,2.5681155217643653e-05,0.00011638909656637324,0.07645903479236812,0.04701709126088358,MHb,IARS2,True
Msi1,4.20791,0.5165042,2.5774323997730494e-05,0.00011677862483565567,0.06621773288439955,0.037342792647533055,MHb,MSI1,True
Btbd2,4.207817,0.6353039,2.5784952687230136e-05,0.00011679406600838629,0.05660774410774411,0.027926475330538537,MHb,BTBD2,True
Stk24,4.2035937,0.5428296,2.627103182241992e-05,0.00011892917428705351,0.06060606060606061,0.03179619477587875,MHb,STK24,True
Ccdc92,4.2008853,0.29927725,2.6587351793180322e-05,0.00012029382244886481,0.0750561167227834,0.045727184779103515,MHb,CCDC92,True
Kin,4.1997905,0.48795232,2.6716213782952112e-05,0.00012080926976216114,0.058571829405162736,0.029796839729119638,MHb,KIN,True
Acot8,4.1995964,0.86338556,2.673909075150228e-05,0.00012087892479193666,0.045664983164983165,0.017220251531763948,MHb,ACOT8,True
Rbm10,4.197235,0.25376806,2.701933961190563e-05,0.0001221117122723033,0.0920314253647587,0.062302483069977425,MHb,RBM10,True
Pou3f4,4.1969233,1.4568045,2.7056572397060715e-05,0.00012224582640292097,0.036826599326599326,0.008577878103837472,MHb,POU3F4,True
Snrpb2,4.1928964,0.5747724,2.7541533018287256e-05,0.00012440220513007438,0.056818181818181816,0.02818445662689455,MHb,SNRPB2,True
Mcrs1,4.191784,0.46823758,2.767693048049676e-05,0.00012497888065941796,0.05927328843995511,0.03050628829409868,MHb,MCRS1,True
Aimp2,4.18836,0.85679317,2.8097711607147274e-05,0.00012678486858646549,0.04461279461279461,0.016252821670428894,MHb,AIMP2,True
Rab2b,4.1883388,0.38833353,2.8100386638793124e-05,0.00012678486858646549,0.07140852974186307,0.042437923250564336,MHb,RAB2B,True
Med10,4.187442,0.5643856,2.8211614220122502e-05,0.00012725121584229824,0.054503367003367005,0.025927120283779425,MHb,MED10,True
Commd10,4.183693,0.26778528,2.8681174902900013e-05,0.00012922507076724448,0.09378507295173961,0.06410835214446953,MHb,COMMD10,True
Terf2ip,4.182365,0.5247673,2.88492235445686e-05,0.00012994602919337152,0.05927328843995511,0.030635278942276686,MHb,TERF2IP,True
Lrriq1,4.1779923,1.0823046,2.9409332272047254e-05,0.00013228474680210354,0.04748877665544332,0.01928410190261206,MHb,LRRIQ1,True
Fam45a,4.17758,0.32285017,2.9462716189317843e-05,0.00013248802734562584,0.07267115600448934,0.043598839084166396,MHb,FAM45A,True
Brix1,4.175873,0.5239576,2.9684571538038683e-05,0.00013341148780988488,0.05499438832772166,0.026443082876491456,MHb,BRIX1,True
Ptcd2,4.1756263,0.6156919,2.9716734535705882e-05,0.00013351893919862296,0.05303030303030303,0.02457271847791035,MHb,PTCD2,True
Mtx1,4.175209,0.4546237,2.977126686610889e-05,0.00013372680965268295,0.058922558922558925,0.030248306997742665,MHb,MTX1,True
Itfg2,4.170924,0.45797554,3.0336678455008173e-05,0.00013611533259632653,0.06285072951739619,0.03418252176717188,MHb,ITFG2,True
Plcg1,4.17078,0.41106513,3.0355835090386402e-05,0.0001361635143058791,0.07751122334455668,0.04856497903901967,MHb,PLCG1,True
Rbm41,4.167264,0.45406443,3.082772974775366e-05,0.00013816528918534648,0.06909371492704826,0.04030957755562722,MHb,RBM41,True
Adprm,4.163616,0.6790261,3.132465980140252e-05,0.0001402758505779861,0.05155723905723906,0.023218316672041276,MHb,ADPRM,True
Trpm4,4.1606336,0.69667757,3.173662637904504e-05,0.00014204203975679401,0.04938271604938271,0.02108997097710416,MHb,TRPM4,True
Eif2b3,4.159235,0.3591077,3.1931553113420506e-05,0.00014287150888853443,0.06986531986531987,0.041019026120606254,MHb,EIF2B3,True
Tmed8,4.1591287,0.37649903,3.194637656578117e-05,0.00014287150888853443,0.0733726150392817,0.04450177362141245,MHb,TMED8,True
Eif2a,4.1568394,0.28632224,3.226804907380624e-05,0.0001441811308753635,0.07856341189674523,0.04946791357626572,MHb,EIF2A,True
Tdp2,4.1561904,0.5788107,3.235979539233081e-05,0.00014455114346063265,0.05765993265993266,0.02928087713640761,MHb,TDP2,True
Pcif1,4.1545873,0.45365712,3.2587503783864734e-05,0.00014548795851615016,0.057800224466891134,0.02928087713640761,MHb,PCIF1,True
Arl5a,4.1513696,0.29161426,3.304915325422948e-05,0.00014742693157395527,0.08171997755331088,0.0526281844566269,MHb,ARL5A,True
Zfp1,4.149747,0.5203815,3.3284314034016925e-05,0.00014843500951205508,0.059834455667789,0.03140922283134473,MHb,ZFP1,True
Gtf2e2,4.1422396,0.6289435,3.439307686845883e-05,0.00015325289761634203,0.055134680134680134,0.02689455014511448,MHb,GTF2E2,True
Cradd,4.1401935,0.6034328,3.4701306442164076e-05,0.00015454119815583808,0.059132996632996634,0.030828764914543696,MHb,CRADD,True
Coq10b,4.1399174,0.38922957,3.4743112755370175e-05,0.0001546847918574491,0.06418350168350169,0.035601418897129956,MHb,COQ10B,True
Rgs4,4.138858,0.41931963,3.490393367612822e-05,0.00015531530322183604,0.06867283950617284,0.04011609158336021,MHb,RGS4,True
Smim4,4.138433,0.32741433,3.496860384973709e-05,0.00015556027702681445,0.07435465768799102,0.045533698806836505,MHb,SMIM4,True
Emd,4.133158,0.9116225,3.578122558100243e-05,0.0001590003636738226,0.04727833894500561,0.019348597226701063,MHb,EMD,True
Alkbh6,4.1319823,0.49696526,3.596477946867121e-05,0.00015977212521443474,0.05744949494949495,0.029151886488229604,MHb,ALKBH6,True
Hat1,4.13119,0.6521186,3.608905881498554e-05,0.0001602362136514936,0.054503367003367005,0.026378587552402452,MHb,HAT1,True
S100pbp,4.1297765,0.2922071,3.6311635434020674e-05,0.00016113599537593537,0.08845398428731763,0.059400193485972266,MHb,S100PBP,True
Tor1aip1,4.128894,0.28585845,3.6451286612182366e-05,0.00016171134419968453,0.08108866442199776,0.052112221863914863,MHb,TOR1AIP1,True
Wdr45b,4.128072,0.35258323,3.65817797703513e-05,0.00016220128502890136,0.07491582491582492,0.04624314737181554,MHb,WDR45B,True
Polr3gl,4.1255956,0.5564829,3.6977661829539586e-05,0.00016386676166926106,0.06102693602693603,0.032828119961302804,MHb,POLR3GL,True
Spag1,4.124486,0.47851476,3.715635325912087e-05,0.00016461353436490826,0.056818181818181816,0.028506933247339567,MHb,SPAG1,True
Stambp,4.1202297,0.52755666,3.784949692280711e-05,0.0001674614170163168,0.05843153759820426,0.030248306997742665,MHb,STAMBP,True
Dnajb9,4.1202207,0.29493085,3.785093914136966e-05,0.0001674614170163168,0.07344276094276095,0.044759754917768464,MHb,DNAJB9,True
Slc25a39,4.119758,0.36105785,3.7927006803924474e-05,0.00016775207411908076,0.06642817059483726,0.037923250564334085,MHb,SLC25A39,True
Coro1b,4.1113,0.49655527,3.9343727749078196e-05,0.00017378066530347893,0.05597643097643098,0.02779748468236053,MHb,CORO1B,True
Hsdl2,4.109454,0.4507306,3.965958323915268e-05,0.00017508017437044068,0.05885241301907969,0.030635278942276686,MHb,HSDL2,True
C330007P06Rik,4.108475,0.3372645,3.982795855870199e-05,0.00017567963722034486,0.0726010101010101,0.04405030635278942,MHb,C330007P06RIK,True
Sp3,4.108015,0.2555488,3.990744226234997e-05,0.00017593428143731552,0.09364478114478114,0.06455981941309255,MHb,SP3,True
Gnb4,4.1018925,0.7541829,4.097844417366576e-05,0.00018040999850545554,0.06137766554433221,0.033602063850370845,MHb,GNB4,True
Vps36,4.098009,0.55262685,4.167190999267664e-05,0.0001834131004439577,0.05794051627384961,0.029925830377297645,MHb,VPS36,True
Copb2,4.0965457,0.3947533,4.193608744430941e-05,0.00018444895130734868,0.06895342312008979,0.04069654950016124,MHb,COPB2,True
Pih1d1,4.095754,0.84151524,4.2079626431159605e-05,0.00018500624015330432,0.044121773288439955,0.0163818123186069,MHb,PIH1D1,True
Sri,4.091171,0.26453733,4.2920063052783205e-05,0.00018859875573995336,0.07716049382716049,0.04850048371493067,MHb,SRI,True
Tmem263,4.089196,0.4939268,4.3287029541075885e-05,0.0001901079833904161,0.05955387205387205,0.031538213479522736,MHb,TMEM263,True
Echs1,4.0880857,0.40074328,4.349478577258474e-05,0.00019091673266528037,0.06481481481481481,0.03663334408255402,MHb,ECHS1,True
Lsm5,4.0845995,0.49521664,4.4152881805988045e-05,0.00019359524619459384,0.05443322109988777,0.02650757820058046,MHb,LSM5,True
Smpd3,4.084067,0.65082276,4.425429862087855e-05,0.00019393478195413452,0.0497334455667789,0.021928410190261205,MHb,SMPD3,True
Trp53i13,4.082751,1.0556723,4.450576786516944e-05,0.00019493116577826042,0.041456228956228955,0.013866494679135763,MHb,TRP53I13,True
Kctd2,4.0826297,0.39559218,4.4528931125432045e-05,0.00019497982159010917,0.06860269360269361,0.040438568203805224,MHb,KCTD2,True
Zfp131,4.0804005,0.29319286,4.495814790803987e-05,0.0001968059654702422,0.07463524130190796,0.046114156723637535,MHb,ZFP131,True
Thyn1,4.0739083,0.36924207,4.623068780968781e-05,0.00020199388852558086,0.06607744107744108,0.037923250564334085,MHb,THYN1,True
Asf1a,4.0734,0.6881958,4.633178658053097e-05,0.0002023809473238154,0.047208193041526375,0.019542083198968076,MHb,ASF1A,True
Kcnk9,4.0726104,0.40414038,4.6489153535099004e-05,0.0002029587202240827,0.0712682379349046,0.043018381167365366,MHb,KCNK9,True
Erh,4.0677233,0.54510397,4.747471333273779e-05,0.0002069262969973144,0.05667789001122334,0.028893905191873587,MHb,ERH,True
Nrbf2,4.0671825,0.650026,4.758500586711291e-05,0.00020723949108792446,0.05113636363636364,0.02347629796839729,MHb,NRBF2,True
Dazap2,4.0650415,0.3063783,4.802388220657695e-05,0.0002089820539928389,0.06719977553310887,0.03895517574975814,MHb,DAZAP2,True
Hltf,4.0646725,0.26765564,4.80999997742589e-05,0.000209256992024916,0.09427609427609428,0.0655272492744276,MHb,HLTF,True
Hsf2,4.0640907,0.33126396,4.8220043646452123e-05,0.0002097228303257228,0.08038720538720538,0.05204772653982586,MHb,HSF2,True
Rfxap,4.060988,0.6461659,4.886551353323629e-05,0.00021241593157755897,0.051416947250280585,0.02379877458884231,MHb,RFXAP,True
Lgalsl,4.0597944,0.45056722,4.911590165690813e-05,0.0002133896613753664,0.05751964085297419,0.02966784908094163,MHb,LGALSL,True
Eif2b2,4.0592604,0.49397016,4.922838189853245e-05,0.0002138209122472509,0.05148709315375982,0.023734279264753307,MHb,EIF2B2,True
Eci2,4.0581894,0.4511343,4.945464723876407e-05,0.0002146883840813228,0.059132996632996634,0.03128023218316672,MHb,ECI2,True
Pck2,4.057722,0.6674668,4.955367942032328e-05,0.00021506057542895868,0.05169753086419753,0.024056755885198323,MHb,PCK2,True
Wdr18,4.055032,0.42847744,5.0127496507103724e-05,0.00021737593994702485,0.06278058361391695,0.03489197033215092,MHb,WDR18,True
Opa3,4.05345,0.56277156,5.0467749198268965e-05,0.0002187341487893892,0.057028619528619526,0.029345372460496615,MHb,OPA3,True
Stam2,4.0498495,0.34402496,5.125058115115678e-05,0.00022194863457027065,0.0733726150392817,0.04521122218639149,MHb,STAM2,True
Ppp1r10,4.049251,0.35446173,5.138177151840285e-05,0.00022239768646244745,0.07119809203142537,0.04308287649145437,MHb,PPP1R10,True
Akr7a5,4.04859,0.55018884,5.152710254147456e-05,0.00022290743075912035,0.05225869809203142,0.024637213801999354,MHb,AKR7A5,True
Ankmy2,4.048188,0.3514381,5.1615619604643004e-05,0.0002232306543061766,0.06923400673400673,0.04114801676878426,MHb,ANKMY2,True
Arhgef28,4.046749,0.2691225,5.1933828357385024e-05,0.0002244868181936672,0.08543771043771044,0.056820380522412124,MHb,ARHGEF28,True
Kremen1,4.0460515,1.0807128,5.208874789420193e-05,0.00022509631236674224,0.04384118967452301,0.016510802966784907,MHb,KREMEN1,True
Kdm5c,4.044795,0.26308027,5.2368948790873013e-05,0.0002262467272148427,0.08634960718294052,0.057787810383747175,MHb,KDM5C,True
Padi2,4.043017,1.0514138,5.27678265858001e-05,0.00022790910414561194,0.04152637485970819,0.01418897129958078,MHb,PADI2,True
Vps45,4.042751,0.34973136,5.282776139538837e-05,0.00022810705834767935,0.07933501683501684,0.051209287326668816,MHb,VPS45,True
Rnf5,4.0415196,0.42322907,5.310591467901278e-05,0.0002292469095097496,0.06060606060606061,0.032828119961302804,MHb,RNF5,True
Rgs8,4.0410748,0.37498257,5.3206805948166717e-05,0.00022962115427203753,0.0667087542087542,0.03876168977749113,MHb,RGS8,True
Nit1,4.0392404,0.30451077,5.3624538765754585e-05,0.0002312401782401781,0.07512626262626262,0.04695259593679458,MHb,NIT1,True
Arl13b,4.0392394,0.4521741,5.362484751647036e-05,0.0002312401782401781,0.06769079685746353,0.03985811028700419,MHb,ARL13B,True
Xpnpep1,4.0374193,0.36063558,5.404242295273946e-05,0.00023297872901400872,0.06755050505050506,0.039535633666559176,MHb,XPNPEP1,True
Mob1b,4.035422,0.36848983,5.45042946081001e-05,0.00023484468974054853,0.07814253647586981,0.05011286681715576,MHb,MOB1B,True
Prr5,4.034733,1.2494481,5.4664426012050164e-05,0.0002354719282942507,0.03822951739618406,0.011028700419219606,MHb,PRR5,True
Mmp24,4.0308576,0.31620488,5.557374183002608e-05,0.00023926145171697415,0.07407407407407407,0.045920670751370525,MHb,MMP24,True
Rbm7,4.02949,0.47872755,5.589799914227631e-05,0.00024052943232942786,0.056046576879910215,0.028442437923250564,MHb,RBM7,True
Tsr3,4.0251055,0.30697927,5.694983290198778e-05,0.00024479498995207344,0.06369248035914703,0.035794904869396967,MHb,TSR3,True
Syap1,4.0231295,0.56048393,5.742993331231971e-05,0.0002465310964243024,0.057800224466891134,0.03031280232183167,MHb,SYAP1,True
Eif2s3x,4.02249,0.33156517,5.75861371964046e-05,0.0002470704957962452,0.06944444444444445,0.04153498871331828,MHb,EIF2S3X,True
Mrpl49,4.0202127,0.7204455,5.8145608794773315e-05,0.000249404726135099,0.04804994388327722,0.02076749435665914,MHb,MRPL49,True
Ube2j1,4.0197406,0.326798,5.8262227038114985e-05,0.00024983868566848087,0.07147867564534231,0.043598839084166396,MHb,UBE2J1,True
Spr,4.0188346,0.58802164,5.8486741869156014e-05,0.0002507349721000791,0.05260942760942761,0.025217671718800388,MHb,SPR,True
Sdr39u1,4.017243,0.55783594,5.888304943451143e-05,0.0002523670706420833,0.05267957351290685,0.02528216704288939,MHb,SDR39U1,True
Utp18,4.0164785,0.39130253,5.90742873903993e-05,0.00025305259495225335,0.06404320987654322,0.036310867462109,MHb,UTP18,True
Nfix,4.0161963,0.3042474,5.914505210239979e-05,0.00025328864648035916,0.0739337822671156,0.04579168010319252,MHb,NFIX,True
Hist1h1e,4.0156755,0.7296851,5.9275788080432744e-05,0.0002537813319748543,0.04847081930415264,0.021218961625282168,MHb,HIST1H1E,True
Oard1,4.015419,0.4462433,5.934032408354289e-05,0.0002539904054118302,0.05408249158249158,0.026572073524669462,MHb,OARD1,True
Timm50,4.015197,0.3903296,5.939625241120761e-05,0.00025416253511938706,0.05660774410774411,0.029022895840051598,MHb,TIMM50,True
Vat1,4.014056,0.4425185,5.968416060542561e-05,0.0002552594653074456,0.06726992143658811,0.03966462431473718,MHb,VAT1,True
Gps2,4.0109086,0.34307992,6.04855490558331e-05,0.0002584818377749274,0.06411335578002245,0.036375362786198004,MHb,GPS2,True
Ythdf1,4.0072536,0.6115419,6.142884289891982e-05,0.00026230505118532947,0.05387205387205387,0.026572073524669462,MHb,YTHDF1,True
Nr2c1,4.0068803,0.5748572,6.152600940897373e-05,0.00026265062079444446,0.058922558922558925,0.031538213479522736,MHb,NR2C1,True
Foxp4,4.0066338,0.5844963,6.15902225189987e-05,0.00026285536919387967,0.05380190796857463,0.026443082876491456,MHb,FOXP4,True
Nxt1,4.00596,1.0385232,6.17661210725955e-05,0.0002635365360984522,0.03942199775533109,0.01238310222508868,MHb,NXT1,True
Ppp1r35,4.005138,0.84592086,6.198126223449469e-05,0.00026438473540162224,0.04264870931537598,0.015543373105449855,MHb,PPP1R35,True
Mrto4,4.0011992,0.41225663,6.302230522776325e-05,0.0002685420935350555,0.056818181818181816,0.029345372460496615,MHb,MRTO4,True
Yipf3,3.9995365,0.2706153,6.346665902781286e-05,0.00027036429016983753,0.06551627384960718,0.037729764592067075,MHb,YIPF3,True
Nf2,3.9988492,0.29045382,6.365125792701998e-05,0.0002710792777697599,0.07442480359147026,0.04643663334408255,MHb,NF2,True
Adipor1,3.9974067,0.36102188,6.404024251091097e-05,0.00027266410176730323,0.06551627384960718,0.03785875524024508,MHb,ADIPOR1,True
Drc1,3.9940321,0.6192454,6.495904823768873e-05,0.0002765033171696356,0.050505050505050504,0.02328281199613028,MHb,DRC1,True
Copz1,3.9929361,0.25552422,6.52601462318734e-05,0.00027771188247844046,0.07414421997755331,0.04617865204772654,MHb,COPZ1,True
Ppp5c,3.9870672,0.26027355,6.689509938418863e-05,0.00028444485608287355,0.06888327721661056,0.04108352144469526,MHb,PPP5C,True
Cep57,3.9849412,0.5526331,6.749680713809762e-05,0.000286927951500323,0.0577300785634119,0.03050628829409868,MHb,CEP57,True
Macrod2os1,3.9837947,0.7844709,6.782348494243578e-05,0.00028824090093113475,0.052749719416386086,0.025733634311512415,MHb,MACROD2OS1,True
Cfap54,3.9834697,0.36544025,6.79162959922324e-05,0.0002885595186956551,0.08186026936026936,0.054111576910673975,MHb,CFAP54,True
Stau1,3.9832618,0.34509882,6.797578903639424e-05,0.0002887364463402513,0.07056677890011223,0.04288939051918736,MHb,STAU1,True
Ecsit,3.9788191,0.41085437,6.925842167926492e-05,0.0002937988383588015,0.060255331088664425,0.03289261528539181,MHb,ECSIT,True
Cbll1,3.9780648,0.60950696,6.947845157505144e-05,0.0002946549434259195,0.052960157126823795,0.02586262495969042,MHb,CBLL1,True
Osbpl7,3.976856,0.7741285,6.983243058328115e-05,0.0002959771520501603,0.04959315375982043,0.022573363431151242,MHb,OSBPL7,True
Tmem218,3.9748342,0.41014984,7.042832138247244e-05,0.00029829224885087504,0.05352132435465769,0.026249596904224445,MHb,TMEM218,True
Wdr1,3.9739406,0.3035601,7.069316545305177e-05,0.0002991346344763136,0.07814253647586981,0.050435343437600776,MHb,WDR1,True
Emg1,3.9730918,0.39750755,7.094566995488266e-05,0.00030009053648541505,0.05997474747474747,0.032634633989035794,MHb,EMG1,True
Mrpl10,3.9727557,0.6333154,7.104594330873376e-05,0.0003003575883478224,0.05127665544332211,0.024250241857465334,MHb,MRPL10,True
Exoc7,3.96616,0.42279786,7.303985812140151e-05,0.00030846467496440456,0.061658249158249155,0.03437600773943889,MHb,EXOC7,True
Ino80e,3.9635465,0.6253586,7.384445762150842e-05,0.00031178128478932354,0.050715488215488214,0.023734279264753307,MHb,INO80E,True
Otulin,3.9570408,0.48219466,7.588399465812242e-05,0.0003201417875834977,0.06397306397306397,0.03682683005482103,MHb,OTULIN,True
Smim12,3.9561353,0.38011998,7.617207476301855e-05,0.00032127335313998043,0.058361391694725026,0.031151241534988713,MHb,SMIM12,True
Mcts2,3.955499,0.9086873,7.637505779026244e-05,0.0003219615740832669,0.04117564534231201,0.014446952595936794,MHb,MCTS2,True
Mcl1,3.9546225,0.35566303,7.66555900813519e-05,0.00032297581911067125,0.06565656565656566,0.038310222508868105,MHb,MCL1,True
Wdtc1,3.9542942,0.42935225,7.67608780726873e-05,0.0003233352090691972,0.058010662177328844,0.030828764914543696,MHb,WDTC1,True
Hist3h2ba,3.952386,0.5281124,7.737582260800061e-05,0.0003257464661521585,0.05331088664421998,0.02631409222831345,MHb,HIST3H2BA,True
Ciao1,3.9523306,0.5424947,7.739373535843865e-05,0.0003257464661521585,0.05211840628507295,0.025153176394711384,MHb,CIAO1,True
Tmem243,3.9516275,0.3233286,7.762148101735219e-05,0.0003266200456440353,0.07709034792368126,0.04953240890035472,MHb,TMEM243,True
Pla2g12a,3.9491432,0.4503719,7.843144446474289e-05,0.0003299424224232032,0.05667789001122334,0.029603353756852628,MHb,PLA2G12A,True
Slc10a7,3.9457357,0.4519961,7.955536768946182e-05,0.0003344095822185668,0.06881313131313131,0.041599484037407285,MHb,SLC10A7,True
Esam,3.9422786,1.6448715,8.071109678151183e-05,0.0003389153661580877,0.03465207631874299,0.008126410835214447,MHb,ESAM,True
Vsig8,3.9417243,1.503358,8.089792630292802e-05,0.0003396117202049989,0.03402076318742985,0.007481457594324411,MHb,VSIG8,True
Med9,3.941411,0.7059772,8.100369642948481e-05,0.00033996751161051295,0.04552469135802469,0.018768139309900032,MHb,MED9,True
Mrps18b,3.9398842,0.62355244,8.152097087503471e-05,0.0003418723629514354,0.04734848484848485,0.02057400838439213,MHb,MRPS18B,True
Fcf1,3.9381588,0.58098805,8.210926416780444e-05,0.0003442502197807768,0.052960157126823795,0.026120606256046435,MHb,FCF1,True
Nudt5,3.9376125,0.39930493,8.229637271335695e-05,0.0003448559141550644,0.06635802469135803,0.03921315704611416,MHb,NUDT5,True
Dtymk,3.9374309,0.4354383,8.235867726439416e-05,0.0003450276106582687,0.0585016835016835,0.03147371815543373,MHb,DTYMK,True
Prpf8,3.9369938,0.32997677,8.25087150635057e-05,0.0003455666665334554,0.07140852974186307,0.04405030635278942,MHb,PRPF8,True
Ctbp2,3.935251,0.41571742,8.310981762437003e-05,0.000347904063166197,0.06207912457912458,0.03495646565623992,MHb,CTBP2,True
Surf2,3.932435,0.47254327,8.408974385054388e-05,0.0003517775051894343,0.051837822671156004,0.024959690422444374,MHb,SURF2,True
Zfp346,3.9312742,0.4186501,8.449686879747366e-05,0.00035325325737894453,0.06719977553310887,0.040051596259271204,MHb,ZFP346,True
Tsfm,3.9310837,0.5766648,8.456383477402983e-05,0.0003533505625083783,0.05225869809203142,0.0254756530151564,MHb,TSFM,True
Mdp1,3.929852,0.5343407,8.499818919086184e-05,0.00035489645770019935,0.05366161616161616,0.026830054821025476,MHb,MDP1,True
Serf1,3.929848,0.6441674,8.499962146093183e-05,0.00035489645770019935,0.05155723905723906,0.024830699774266364,MHb,SERF1,True
Xrcc5,3.9290376,0.33474877,8.528653432984023e-05,0.0003560025013639137,0.07631874298540965,0.04895195098355369,MHb,XRCC5,True
Tram1,3.9278955,0.28759453,8.569239612526394e-05,0.0003575121246649843,0.0773709315375982,0.04991938084488875,MHb,TRAM1,True
Ngdn,3.9241512,0.62203354,8.703610921789165e-05,0.0003626504550745485,0.050715488215488214,0.02399226056110932,MHb,NGDN,True
Mrpl9,3.922564,0.49092457,8.761156708079963e-05,0.00036495418427296783,0.05709876543209876,0.030248306997742665,MHb,MRPL9,True
Ankrd46,3.9213102,0.25712827,8.806884185392546e-05,0.00036672480276770097,0.06958473625140292,0.042244437278297325,MHb,ANKRD46,True
Slc33a1,3.9212203,0.31194222,8.810167866247577e-05,0.00036672480276770097,0.06846240179573512,0.041212512092873264,MHb,SLC33A1,True
Kdm4b,3.9154756,0.43638194,9.022619727605975e-05,0.00037516934214402737,0.06755050505050506,0.04056755885198323,MHb,KDM4B,True
Pno1,3.914283,0.8853591,9.067325816147427e-05,0.0003768345197229821,0.04110549943883277,0.014640438568203806,MHb,PNO1,True
B9d1,3.9129298,0.59047467,9.118310261959129e-05,0.0003788560711204442,0.04819023569023569,0.021541438245727185,MHb,B9D1,True
Cdc16,3.9119167,0.3604083,9.156649337063018e-05,0.000380351317480725,0.06600729517396184,0.03895517574975814,MHb,CDC16,True
Nat14,3.9098423,0.30365217,9.235643487316536e-05,0.00038353410374157885,0.06726992143658811,0.04011609158336021,MHb,NAT14,True
Mpv17,3.9082127,0.3835822,9.298142829544204e-05,0.00038603044216601,0.06313131313131314,0.03618187681393099,MHb,MPV17,True
Gamt,3.9049132,0.7680174,9.425920889884375e-05,0.00039093402665097375,0.04531425364758698,0.018832634633989036,MHb,GAMT,True
Rhobtb2,3.9047544,0.25488135,9.432108184903422e-05,0.0003910903611658878,0.07912457912457913,0.05166075459529184,MHb,RHOBTB2,True
Aggf1,3.901854,0.2966869,9.545868729635569e-05,0.0003953006315971719,0.07232042648709315,0.045146726862302484,MHb,AGGF1,True
Gtf2f1,3.9005778,0.3390084,9.596338084215775e-05,0.00039698406269102345,0.06762065095398428,0.040632054176072234,MHb,GTF2F1,True
Ccpg1os,3.8997607,1.0555121,9.62878132640283e-05,0.0003980207972260817,0.04005331088664422,0.013737504030957755,MHb,CCPG1OS,True
Ing1,3.8987174,0.47446337,9.67035734634107e-05,0.00039963727664043636,0.054924242424242424,0.028248951950983554,MHb,ING1,True
Pick1,3.8967638,0.27894136,9.748664355107168e-05,0.00040277048772377634,0.06691919191919192,0.03979361496291519,MHb,PICK1,True
Ikzf2,3.895426,0.5957126,9.802630494726114e-05,0.0004048967013590268,0.06109708193041526,0.0345049983876169,MHb,IKZF2,True
Dnaja3,3.8928802,0.3331705,9.906112364268403e-05,0.00040885778895647214,0.06579685746352414,0.03882618510158013,MHb,DNAJA3,True
Map2k7,3.8919556,0.29472634,9.943944321761844e-05,0.00041031453929718834,0.06691919191919192,0.03985811028700419,MHb,MAP2K7,True
Pinx1,3.89078,0.5368438,9.992253445131873e-05,0.0004120976529194494,0.055134680134680134,0.028506933247339567,MHb,PINX1,True
Hdac1,3.8853066,0.35522297,0.00010220081228978966,0.0004212788325146146,0.06572671156004489,0.03882618510158013,MHb,HDAC1,True
Abhd10,3.883779,0.47217414,0.00010284534828006474,0.00042382764545988464,0.057379349046015715,0.030764269590454692,MHb,ABHD10,True
Odf2l,3.8823833,0.30173934,0.00010343767373045849,0.0004260515336364059,0.07898428731762065,0.05178974524346985,MHb,ODF2L,True
Mxra7,3.8803182,0.39388028,0.00010431989102338817,0.00042957592599371277,0.05541526374859708,0.02876491454369558,MHb,MXRA7,True
Pigf,3.877074,0.4714423,0.00010572017414855157,0.0004348992413155701,0.05218855218855219,0.02566913898742341,MHb,PIGF,True
Zfat,3.8737671,0.47768238,0.00010716580812076739,0.00044039810628897675,0.06600729517396184,0.039342147694292166,MHb,ZFAT,True
Cfap97,3.869427,0.42134616,0.00010909142838357273,0.00044774266787726185,0.058712121212121215,0.03211867139632377,MHb,CFAP97,True
Eif4a3,3.866831,0.31219313,0.00011025869796917063,0.0004521892595464845,0.05927328843995511,0.03257013866494679,MHb,EIF4A3,True
Dnajc24,3.8666482,0.33216298,0.0001103414329310227,0.00045241385998968117,0.0752665544332211,0.04837149306675266,MHb,DNAJC24,True
Mpv17l2,3.8645096,0.5442699,0.00011131265399292325,0.0004561647272195423,0.047629068462401794,0.02128345694937117,MHb,MPV17L2,True
Saysd1,3.8640044,0.66709924,0.00011154321685378189,0.00045687807865533607,0.045454545454545456,0.019219606578523056,MHb,SAYSD1,True
Agt,3.863356,0.32060614,0.00011183978656591381,0.0004579768475199129,0.06811167227833895,0.041212512092873264,MHb,AGT,True
Rbm22,3.862776,0.4912498,0.00011210578507749643,0.00045894990474019357,0.0550645342312009,0.028635923895517574,MHb,RBM22,True
Tbcc,3.861054,0.74672675,0.00011289893943211511,0.00046196315338084033,0.044542648709315374,0.018381167365366012,MHb,TBCC,True
Ccdc74a,3.8608346,1.0256817,0.00011300040719533195,0.0004622614027274897,0.0396324354657688,0.013544018058690745,MHb,CCDC74A,True
Mitd1,3.8589215,0.73507595,0.00011388854408549284,0.0004655413698718339,0.04734848484848485,0.021154466301193164,MHb,MITD1,True
Blvra,3.8576837,0.49844784,0.00011446668768207796,0.0004674321315974782,0.05176767676767677,0.025411157691067398,MHb,BLVRA,True
Kdm3a,3.8562877,0.4167717,0.00011512195723692288,0.0004699893130507894,0.06867283950617284,0.042050951306030315,MHb,KDM3A,True
Lage3,3.8545375,0.49923947,0.00011594865984763029,0.00047300619748686507,0.0550645342312009,0.028700419219606577,MHb,LAGE3,True
Cc2d2a,3.8525925,0.25698146,0.00011687378364279752,0.0004766599723707135,0.08599887766554433,0.05875524024508223,MHb,CC2D2A,True
Prpsap2,3.8482997,0.34147683,0.00011894049959943597,0.00048484440045889034,0.06776094276094276,0.04108352144469526,MHb,PRPSAP2,True
Sec13,3.8472044,0.5020808,0.00011947331735399103,0.00048689365285986514,0.05267957351290685,0.026378587552402452,MHb,SEC13,True
Ap3s2,3.8470457,0.3763049,0.00011955069991464974,0.0004870862899545238,0.07246071829405162,0.04585617542728152,MHb,AP3S2,True
Mettl5,3.8469234,0.635194,0.00011961033316534735,0.0004872065320950626,0.04938271604938271,0.023218316672041276,MHb,METTL5,True
Mlh3,3.846696,0.5656842,0.00011972143776159199,0.0004875363181756673,0.054503367003367005,0.028248951950983554,MHb,MLH3,True
Dnajc21,3.8465872,0.26262212,0.00011977455174851024,0.00048762984508737806,0.06762065095398428,0.040825540148339244,MHb,DNAJC21,True
Csad,3.8462644,0.35594305,0.00011993237514109213,0.00048814951381659924,0.06292087542087542,0.036310867462109,MHb,CSAD,True
Znrd1,3.8428075,0.5537528,0.00012163487738597722,0.0004947055925869202,0.04980359147025814,0.0236052886165753,MHb,ZNRD1,True
Ankrd16,3.8379974,0.45842418,0.0001240418220483438,0.0005036085521164561,0.060676206509539844,0.034247017091260885,MHb,ANKRD16,True
Wwp2,3.837913,0.35251486,0.000124084459166918,0.0005036552389021076,0.06895342312008979,0.04230893260238633,MHb,WWP2,True
Pex3,3.8363497,0.29087332,0.00012487660018733804,0.000506743353745658,0.0737233445566779,0.04695259593679458,MHb,PEX3,True
Abhd15,3.8328037,1.4910499,0.00012669107858404117,0.0005138485948086424,0.03289842873176207,0.00709448564979039,MHb,ABHD15,True
Ggh,3.8315456,0.44728738,0.0001273407875315888,0.0005163542838614813,0.052048260381593714,0.025798129635601418,MHb,GGH,True
Lin7c,3.829515,0.34856972,0.00012839608801773773,0.0005202421652522315,0.06741021324354658,0.04089003547242825,MHb,LIN7C,True
Sf3b4,3.8280563,0.6309461,0.00012915921644927574,0.0005232031870941736,0.04594556677890011,0.019929055143502097,MHb,SF3B4,True
Chmp1a,3.8276916,0.4094835,0.00012935066535186415,0.0005238475243030552,0.055836139169472505,0.029538858432763625,MHb,CHMP1A,True
Sde2,3.8271472,0.48907214,0.00012963691811593642,0.0005248753818586412,0.054924242424242424,0.02876491454369558,MHb,SDE2,True
Zfp467,3.8266294,0.39302695,0.00012990987420495074,0.0005258489027189885,0.0603956228956229,0.034053531118993875,MHb,ZFP467,True
Zrsr1,3.8235562,0.588115,0.00013154063449410665,0.0005317844946118908,0.05113636363636364,0.02508868107062238,MHb,ZRSR1,True
Nolc1,3.8227262,0.40582818,0.00013198431896862802,0.0005333116061247959,0.057028619528619526,0.030764269590454692,MHb,NOLC1,True
Usp20,3.8202207,0.319589,0.0001333322446204367,0.0005386236405433475,0.07288159371492704,0.046307642695904545,MHb,USP20,True
Ubl4a,3.8197799,0.6982951,0.00013357083238307356,0.0005394527375271448,0.04559483726150393,0.019671073847146083,MHb,UBL4A,True
Polr3k,3.8193288,0.40319392,0.0001338153169091502,0.0005403052299065164,0.055485409652076316,0.02928087713640761,MHb,POLR3K,True
Lmo2,3.818353,0.88992196,0.00013434562263483138,0.0005423110671620658,0.04054433221099888,0.014704933892292809,MHb,LMO2,True
Klhdc1,3.815275,0.41885334,0.0001360313821251954,0.0005487051386222034,0.058361391694725026,0.03211867139632377,MHb,KLHDC1,True
Gm2115,3.8149042,1.6585591,0.00013623576714093415,0.0005492824465895194,0.03212682379349046,0.0064495324089003546,MHb,GM2115,True
Gm4924,3.8080683,0.25299934,0.00014005666017738778,0.0005636766554787876,0.08249158249158249,0.05559496936472106,MHb,GM4924,True
Rfk,3.8050537,0.54493946,0.00014177345419559242,0.0005704441844810217,0.05387205387205387,0.027926475330538537,MHb,RFK,True
Ppil3,3.801403,0.5481114,0.00014387906450335467,0.0005786285102789065,0.05043490460157127,0.024508223153821347,MHb,PPIL3,True
Ccdc34,3.799947,0.2796436,0.00014472700212040955,0.0005817493189109404,0.08031705948372615,0.053724604966139955,MHb,CCDC34,True
Elp5,3.7996223,0.41078505,0.00014491681655280495,0.0005823675795631354,0.057379349046015715,0.03128023218316672,MHb,ELP5,True
Hint3,3.7991273,0.45558256,0.00014520652727081682,0.0005833868799318088,0.057379349046015715,0.031344727507255726,MHb,HINT3,True
Mrpl16,3.7980123,0.64031136,0.00014586106694404932,0.0005857256101837135,0.04559483726150393,0.01980006449532409,MHb,MRPL16,True
Hnmt,3.797468,0.5497535,0.00014618161426953002,0.0005867214915160416,0.05176767676767677,0.02586262495969042,MHb,HNMT,True
Msrb1,3.792489,0.82010186,0.00014914481102367027,0.0005980211498036358,0.04159652076318743,0.015930345049983877,MHb,MSRB1,True
Dync2li1,3.7896008,0.69930154,0.00015088955327201276,0.0006047171764556012,0.047208193041526375,0.02147694292163818,MHb,DYNC2LI1,True
Celf6,3.7861838,0.25344798,0.00015297852115190422,0.0006126337161753034,0.08978675645342311,0.06301193163495647,MHb,CELF6,True
Rbmxl1,3.7833517,0.47263685,0.00015473057246398174,0.0006194967845556694,0.053942199775533106,0.028055465978716543,MHb,RBMXL1,True
Mrpl39,3.7831821,0.7111637,0.0001548360249078833,0.0006197655785412058,0.04727833894500561,0.021605933569816188,MHb,MRPL39,True
Tet1,3.7825475,0.31979784,0.000155231547752147,0.0006211950234762439,0.07175925925925926,0.0454047081586585,MHb,TET1,True
Dhrs1,3.7823894,0.46947676,0.00015533015541972537,0.0006214358802656586,0.0537317620650954,0.027861980006449533,MHb,DHRS1,True
Sf3a3,3.7773063,0.43539461,0.0001585336659249561,0.0006340954615074592,0.05485409652076319,0.028958400515962594,MHb,SF3A3,True
Znhit2,3.7675483,0.7619116,0.00016485862854209742,0.0006582543363782833,0.040333894500561164,0.014833924540470816,MHb,ZNHIT2,True
Gna13,3.7668278,0.42751062,0.00016533496044022984,0.0006596677318995357,0.061447811447811446,0.03553692357304095,MHb,GNA13,True
Gsk3a,3.764635,0.26509988,0.0001667924693577493,0.0006648270556583526,0.07442480359147026,0.04811351177039665,MHb,GSK3A,True
Rnd2,3.7531295,0.25890988,0.00017464065187080947,0.0006952529027837419,0.06474466891133558,0.03863269912931312,MHb,RND2,True
Dnttip2,3.752839,0.67543155,0.00017484314406364583,0.0006957165695521453,0.04643658810325477,0.020960980328926154,MHb,DNTTIP2,True
Etv5,3.7507768,0.6596589,0.00017628767520300927,0.0007009471844662426,0.047979797979797977,0.022444372782973235,MHb,ETV5,True
Rit1,3.7503471,0.6231452,0.0001765899095274076,0.0007019763545357135,0.05099607182940516,0.0254756530151564,MHb,RIT1,True
Timm8a1,3.749979,0.74805796,0.00017684928723638385,0.0007028191272399605,0.04138608305274972,0.01599484037407288,MHb,TIMM8A1,True
Tars,3.749923,0.6419151,0.00017688882021600492,0.0007028191272399605,0.047418630751964085,0.021928410190261205,MHb,TARS,True
Fdps,3.7460868,0.2698938,0.0001796145227339083,0.0007131234426168303,0.06677890011223345,0.04069654950016124,MHb,FDPS,True
Nudt11,3.7443802,0.621683,0.0001808396059651772,0.0007178111966838629,0.04945286195286195,0.02399226056110932,MHb,NUDT11,True
Ift122,3.7367203,0.3940808,0.00018643607352732654,0.0007385754321098472,0.06264029180695847,0.03689132537891003,MHb,IFT122,True
Ak6,3.7353609,0.632404,0.00018744611209781166,0.0007423949224246091,0.0444023569023569,0.019026120606256046,MHb,AK6,True
Gsr,3.7345445,0.41520175,0.0001880552072170052,0.0007446249637050328,0.060886644219977554,0.035214446952595936,MHb,GSR,True
Gnl1,3.7312977,0.25803083,0.00019049593946433055,0.0007541047040713525,0.06895342312008979,0.04295388584327636,MHb,GNL1,True
Mphosph6,3.7305264,0.47803193,0.00019108002379846588,0.0007562318044874445,0.05001402918069585,0.024508223153821347,MHb,MPHOSPH6,True
Nkap,3.727782,0.39598525,0.00019317226759315716,0.0007641382803422149,0.057028619528619526,0.03140922283134473,MHb,NKAP,True
Cep85,3.7273865,0.60417736,0.0001934757243059159,0.000765151550280731,0.05464365881032548,0.029216381812318608,MHb,CEP85,True
Poldip3,3.726965,0.41630623,0.00019379935155968035,0.000766244075159577,0.05499438832772166,0.029409867784585618,MHb,POLDIP3,True
Lrrc73,3.725688,0.51686615,0.0001947831967792913,0.0007697576857818316,0.048961840628507294,0.023540793292486296,MHb,LRRC73,True
Crbn,3.7243207,0.29739177,0.0001958419622082075,0.0007735637945586705,0.06811167227833895,0.042244437278297325,MHb,CRBN,True
Pqbp1,3.720988,0.5377429,0.00019844490483121778,0.0007830803453634905,0.05169753086419753,0.02631409222831345,MHb,PQBP1,True
Paip2b,3.7205422,0.42604327,0.00019879547284827191,0.0007839172496877085,0.05920314253647587,0.033666559174459855,MHb,PAIP2B,True
Maats1,3.7205334,1.2684456,0.00019880238381570202,0.0007839172496877085,0.0356341189674523,0.010577233150596582,MHb,MAATS1,True
Rybp,3.7196941,0.31413326,0.00019946422225942348,0.0007863353144153485,0.0683922558922559,0.04256691389874234,MHb,RYBP,True
Cdk4,3.7196212,0.4526795,0.00019952182476807556,0.000786370739674372,0.054292929292929296,0.028829409867784584,MHb,CDK4,True
Sephs2,3.7180564,0.71075016,0.00020076138263321026,0.0007906781991945888,0.0470679012345679,0.0218639148661722,MHb,SEPHS2,True
Eif2b5,3.7142878,0.37399873,0.00020377689394419164,0.0008017735975546826,0.05303030303030303,0.027539503386004513,MHb,EIF2B5,True
Atp6v0c,3.7134976,0.91046625,0.00020441443679958596,0.0008035002467152619,0.05281986531986532,0.027926475330538537,MHb,ATP6V0C,True
Ifngr2,3.7128932,0.56599045,0.00020490339416493427,0.0008051448396636544,0.04636644219977553,0.02108997097710416,MHb,IFNGR2,True
Malsu1,3.7051637,0.34470016,0.00021125423597803162,0.0008293779774137529,0.06593714927048261,0.04030957755562722,MHb,MALSU1,True
Mrpl19,3.701362,0.58968675,0.0002144454482421889,0.0008409308583685981,0.0484006734006734,0.023218316672041276,MHb,MRPL19,True
Psmg3,3.7013483,0.79505676,0.00021445686496262547,0.0008409308583685981,0.03942199775533109,0.01438245727184779,MHb,PSMG3,True
Smn1,3.698895,0.62731165,0.00021654020678521909,0.0008487856863447141,0.0470679012345679,0.021928410190261205,MHb,SMN1,True
Tmem11,3.698866,0.49874827,0.00021656497851898829,0.0008487856863447141,0.05169753086419753,0.026443082876491456,MHb,TMEM11,True
Phpt1,3.6986735,0.5038037,0.00021672923053963716,0.0008490179956354157,0.053381032547699214,0.028119961302805547,MHb,PHPT1,True
Slc25a16,3.6982317,0.46952918,0.00021710658798384434,0.0008502903294524654,0.05043490460157127,0.025153176394711384,MHb,SLC25A16,True
Tox4,3.696093,0.32528558,0.00021894268721546324,0.000857273775286884,0.06453423120089787,0.03895517574975814,MHb,TOX4,True
Ptrhd1,3.6939301,0.7548176,0.00022081447894351902,0.0008639753741924094,0.04061447811447812,0.015607868429538858,MHb,PTRHD1,True
Rspo4,3.6936707,1.7253898,0.00022103988936332858,0.0008646481766509891,0.031425364758698095,0.006578523057078362,MHb,RSPO4,True
Gm14325,3.6914234,0.3481792,0.00022300251515590337,0.0008719037183095811,0.05878226711560045,0.03334408255401483,MHb,GM14325,True
Cinp,3.6913416,0.57519287,0.00022307417991419582,0.000871973141641401,0.04601571268237935,0.02089648500483715,MHb,CINP,True
Tnfaip2,3.6891897,2.326516,0.00022496954876918628,0.0008789571138506252,0.028058361391694726,0.003289261528539181,MHb,TNFAIP2,True
Ppil6,3.6874561,0.66299623,0.00022650717242697095,0.0008845373042023792,0.046997755331088666,0.021928410190261205,MHb,PPIL6,True
Fam192a,3.6842573,0.31686294,0.00022937054771574156,0.0008948549467684805,0.06060606060606061,0.03514995162850693,MHb,FAM192A,True
Eepd1,3.683665,1.0615872,0.00022990438113817578,0.0008965051506533252,0.04040404040404041,0.015543373105449855,MHb,EEPD1,True
Rgl3,3.6757255,1.9276906,0.00023717444115334114,0.0009235186773363728,0.03037317620650954,0.005675588519832312,MHb,RGL3,True
Commd8,3.6739528,0.39489,0.00023882683056694005,0.0009297289974537318,0.053381032547699214,0.02818445662689455,MHb,COMMD8,True
Nr2c2ap,3.6735194,0.7319807,0.00023923259847308245,0.0009310845236530579,0.039913019079685745,0.015027410512737826,MHb,NR2C2AP,True
Ccdc181,3.673366,0.79645336,0.0002393762256447581,0.0009313086540811025,0.04292929292929293,0.01805869074492099,MHb,CCDC181,True
Ythdf2,3.6733348,0.41515273,0.00023940534056687628,0.0009313086540811025,0.05955387205387205,0.03431151241534989,MHb,YTHDF2,True
Spats2,3.67196,0.2811991,0.00024069732528336408,0.0009361094581530209,0.07035634118967453,0.044759754917768464,MHb,SPATS2,True
Snrnp35,3.6704278,0.88010085,0.00024214487074796393,0.0009412865379351879,0.038930976430976434,0.014124475975491777,MHb,SNRNP35,True
Coq9,3.6696613,0.36579004,0.00024287202308263917,0.0009438863463146777,0.057379349046015715,0.03211867139632377,MHb,COQ9,True
Cyth2,3.6693223,0.53454393,0.00024319428877338128,0.0009449117513594624,0.05057519640852974,0.025540148339245405,MHb,CYTH2,True
Nt5dc3,3.6691325,0.36878324,0.00024337485560027572,0.0009453862366317146,0.060465768799102135,0.03514995162850693,MHb,NT5DC3,True
Mtfr1,3.6636324,0.9486076,0.00024866370745403853,0.0009647722398822434,0.0382996632996633,0.013544018058690745,MHb,MTFR1,True
Nsmce1,3.660037,0.88097996,0.0002521788371675124,0.0009778098530298985,0.04131593714927048,0.01657529829087391,MHb,NSMCE1,True
Spred3,3.6553025,0.7857529,0.00025687891576155707,0.000995451955544606,0.04503367003367004,0.020251531763947114,MHb,SPRED3,True
Mkrn2,3.6546063,0.46849105,0.0002575769724371615,0.000997917971058943,0.052749719416386086,0.027732989358271527,MHb,MKRN2,True
Prorsd1,3.6542552,0.74710965,0.00025792972200809193,0.0009988061416042343,0.0430695847362514,0.01831667204127701,MHb,PRORSD1,True
Bloc1s6,3.6516194,0.8467592,0.0002605918746063117,0.0010083908066404526,0.04159652076318743,0.01689777491131893,MHb,BLOC1S6,True
Nacc1,3.6515527,0.45930937,0.0002606597342170778,0.0010084121504332058,0.051837822671156004,0.026830054821025476,MHb,NACC1,True
Fads2,3.6514425,0.7580398,0.00026077149876499933,0.0010086032980688342,0.04790965207631874,0.023153821347952273,MHb,FADS2,True
Galnt7,3.649661,0.34875152,0.0002625865611776898,0.0010153807379988363,0.07491582491582492,0.04953240890035472,MHb,GALNT7,True
Hmgn2,3.6462374,0.45484337,0.00026610825304800863,0.0010280155225821685,0.0577300785634119,0.0327636246372138,MHb,HMGN2,True
Zfp580,3.6436522,0.62883806,0.00026879651792177233,0.0010378154335992176,0.04285914702581369,0.018123186069009995,MHb,ZFP580,True
Cgrrf1,3.6409018,0.3901982,0.000271684777332925,0.0010478066936957706,0.0577300785634119,0.0326991293131248,MHb,CGRRF1,True
Nip7,3.6394472,0.52674216,0.0002732239635056023,0.0010534916828851292,0.04861111111111111,0.02379877458884231,MHb,NIP7,True
Otud6b,3.638256,0.3053151,0.00027449055011998576,0.0010581231287394588,0.0707070707070707,0.0454692034827475,MHb,OTUD6B,True
Psmd10,3.6379097,0.5501082,0.000274859925770346,0.0010592945673898848,0.044332210998877665,0.01960657852305708,MHb,PSMD10,True
Gid8,3.6375394,0.53655374,0.00027525501706358673,0.001060311955466424,0.04734848484848485,0.022573363431151242,MHb,GID8,True
Syndig1l,3.6358466,0.9749761,0.0002770692842326404,0.001067046588681657,0.03851010101010101,0.013930990003224767,MHb,SYNDIG1L,True
Rprm,3.6348748,0.8142308,0.00027811571672461206,0.0010705668058116611,0.05380190796857463,0.02928087713640761,MHb,RPRM,True
Ilk,3.6342509,0.30836567,0.0002787895955541886,0.0010729054742062813,0.06081649831649832,0.03566591422121896,MHb,ILK,True
Rab22a,3.63034,0.40000182,0.00028304797601509023,0.0010887755082150021,0.058922558922558925,0.03398903579490487,MHb,RAB22A,True
Endog,3.627516,0.5294258,0.0002861610025322,0.0011004884013215252,0.04748877665544332,0.022766849403418252,MHb,ENDOG,True
Tmem64,3.6239977,0.50750434,0.00029008413680960826,0.001115310414284624,0.049663299663299666,0.02489519509835537,MHb,TMEM64,True
Bach1,3.6214356,0.7222875,0.0002929726656496658,0.001125613507573241,0.04503367003367004,0.020445017736214124,MHb,BACH1,True
Haus7,3.6205044,0.8627171,0.00029402921501588174,0.001129404548297765,0.04054433221099888,0.016059335698161883,MHb,HAUS7,True
Prps1,3.62017,0.68756807,0.000294409339217736,0.0011305961685296488,0.04370089786756454,0.019155111254434053,MHb,PRPS1,True
Nhlrc2,3.6197238,0.28370744,0.0002949176571931861,0.001132279398314689,0.07232042648709315,0.04701709126088358,MHb,NHLRC2,True
Arhgap28,3.6190343,2.5030723,0.0002957044358830607,0.0011347613879972734,0.02770763187429854,0.003418252176717188,MHb,ARHGAP28,True
Ulk1,3.6119714,0.4272201,0.0003038781125642048,0.001164470142318411,0.06032547699214366,0.03547242824895195,MHb,ULK1,True
Rnf41,3.6090946,0.36763185,0.000307267537761532,0.0011769008816700877,0.05976430976430976,0.03489197033215092,MHb,RNF41,True
Dusp15,3.6051834,0.4077648,0.0003119326919867417,0.0011939212713879667,0.05632716049382716,0.031538213479522736,MHb,DUSP15,True
Utp14a,3.6035018,0.4185046,0.0003139585692373487,0.0012013910237554093,0.05941358024691358,0.034633989035794906,MHb,UTP14A,True
Lzts2,3.5997276,0.5156116,0.0003185507481010821,0.001217811002253605,0.050715488215488214,0.026120606256046435,MHb,LZTS2,True
Stxbp2,3.596104,0.48372054,0.00032301879654973855,0.0012340172494548938,0.06320145903479236,0.038503708481135115,MHb,STXBP2,True
Eif2b4,3.592343,0.391772,0.0003277178557821089,0.0012501972446404743,0.05415263748597082,0.02947436310867462,MHb,EIF2B4,True
Diaph3,3.5897446,0.9571943,0.000331002045449159,0.001261833156997442,0.044542648709315374,0.020316027088036117,MHb,DIAPH3,True
Ctso,3.5887675,0.7201763,0.00033224497934663925,0.001265974685731894,0.04215768799102133,0.017800709448564978,MHb,CTSO,True
Prpf38a,3.5886865,0.47218895,0.0003323482519756715,0.0012660699424650226,0.05401234567901234,0.02947436310867462,MHb,PRPF38A,True
Lrrc59,3.5861974,0.39123422,0.00033553511343859465,0.0012773077100186557,0.05310044893378227,0.028506933247339567,MHb,LRRC59,True
Ccdc91,3.5853019,0.29884142,0.00033668853005114954,0.0012813739950301834,0.06684904601571268,0.04192196065785231,MHb,CCDC91,True
D030056L22Rik,3.5823448,0.6765904,0.00034052399720288756,0.001295080097520975,0.04117564534231201,0.01689777491131893,MHb,D030056L22RIK,True
Tor1b,3.5815823,0.36880866,0.00034151946994124215,0.0012982555643477301,0.0563973063973064,0.03173169945178975,MHb,TOR1B,True
Vps33a,3.581065,0.3817479,0.00034219642431921764,0.0013005232996624403,0.06235970819304153,0.03766526926797807,MHb,VPS33A,True
Timmdc1,3.5739083,0.41095883,0.00035169219375491616,0.0013353570971797579,0.05885241301907969,0.03431151241534989,MHb,TIMMDC1,True
Lpin1,3.570906,0.29429775,0.0003557487093226915,0.001349492348333615,0.07288159371492704,0.04798452112221864,MHb,LPIN1,True
Spint2,3.5689096,0.2827597,0.0003584699268278934,0.0013591774651760843,0.06755050505050506,0.04276039987100935,MHb,SPINT2,True
Terf2,3.5685923,0.31628516,0.0003589043860655144,0.0013605058459361836,0.06691919191919192,0.04217994195420832,MHb,TERF2,True
Mrpl44,3.565808,0.77788174,0.0003627367717731115,0.0013747111723125772,0.03921156004489338,0.01509190583682683,MHb,MRPL44,True
Hcfc1,3.562934,0.32884848,0.0003667328946734391,0.001389204817644702,0.058361391694725026,0.03379554982263786,MHb,HCFC1,True
Alas1,3.5610573,0.48953992,0.0003693643775933157,0.001398845424390513,0.050505050505050504,0.02618510158013544,MHb,ALAS1,True
Marc2,3.5589862,0.31441385,0.0003722890594036,0.0014095916516510371,0.06053591470258137,0.03592389551757497,MHb,MARC2,True
Mettl25,3.5582676,0.36742494,0.00037330873445596456,0.0014131216428329573,0.06944444444444445,0.04482425024185747,MHb,METTL25,True
Slu7,3.557849,0.28643748,0.0003739041092991989,0.001415044213363253,0.06257014590347924,0.037923250564334085,MHb,SLU7,True
Pole3,3.553763,0.76171356,0.00037976156368688346,0.0014351970309895655,0.040824915824915826,0.01676878426314092,MHb,POLE3,True
Nr1h2,3.5495205,0.37669486,0.00038593329284210043,0.0014568193726303322,0.05211840628507295,0.027732989358271527,MHb,NR1H2,True
Gm11417,3.547798,1.1315542,0.0003884661727461403,0.0014660383444164303,0.03612514029180696,0.01218961625282167,MHb,GM11417,True
Med8,3.5464,0.4752554,0.00039053287722154255,0.0014731504871871386,0.0484006734006734,0.02418574653337633,MHb,MED8,True
Prmt5,3.5446436,0.4151441,0.00039314430289399147,0.0014826554206832157,0.053381032547699214,0.0290873911641406,MHb,PRMT5,True
Ppp2r3c,3.5442257,0.4978805,0.00039376818311113857,0.0014843160945753125,0.049663299663299666,0.0254756530151564,MHb,PPP2R3C,True
Psmg1,3.5425866,0.61966294,0.0003962232526724469,0.0014925270405162618,0.04419191919191919,0.020122541115769107,MHb,PSMG1,True
Gpatch2l,3.542507,0.29728362,0.00039634298121529103,0.0014926304356594488,0.061447811447811446,0.03682683005482103,MHb,GPATCH2L,True
Rnf215,3.5414157,0.3360825,0.00039798605849000924,0.001498120664667419,0.05674803591470258,0.03231215736859078,MHb,RNF215,True
Dtd2,3.5408356,0.67772275,0.0003988620400309746,0.0015010687523268997,0.0444023569023569,0.02038052241212512,MHb,DTD2,True
Tfam,3.5395038,0.51006025,0.0004008798434190761,0.0015083115764837301,0.04910213243546577,0.024959690422444374,MHb,TFAM,True
Nt5dc2,3.5348768,1.3799162,0.0004079653715344592,0.001532475588613534,0.031144781144781145,0.0073524669461464045,MHb,NT5DC2,True
Mrpl45,3.5326617,0.3659875,0.00041139840547520945,0.0015442954765749622,0.054713804713804715,0.030441792970009676,MHb,MRPL45,True
Zmat3,3.5313368,0.27462223,0.00041346482388496426,0.0015516922334893961,0.06797138047138047,0.043405353111899386,MHb,ZMAT3,True
Pdcl,3.5307393,0.7661931,0.0004144000929744872,0.0015541204506984306,0.04054433221099888,0.016639793614962914,MHb,PDCL,True
Rpp30,3.523843,0.454792,0.00042533604831729397,0.0015915611983055044,0.04650673400673401,0.022444372782973235,MHb,RPP30,True
Itpa,3.520353,0.3154893,0.0004309725593264921,0.0016121603022909367,0.05555555555555555,0.03128023218316672,MHb,ITPA,True
Zfp219,3.5186129,0.45164794,0.0004338091652755968,0.0016216462325705523,0.05478395061728395,0.030635278942276686,MHb,ZFP219,True
Chchd5,3.5157807,0.9868519,0.0004384629616257402,0.00163752907049096,0.03668630751964085,0.012963560141889712,MHb,CHCHD5,True
Tdrkh,3.5123224,0.26554525,0.0004442085785352267,0.001658221499609345,0.06137766554433221,0.03702031602708804,MHb,TDRKH,True
Cdk5rap3,3.5120165,0.308624,0.0004447202004627835,0.0016595045997400244,0.05751964085297419,0.03327958722992583,MHb,CDK5RAP3,True
Med1,3.5119944,0.29186884,0.00044475749241873296,0.0016595045997400244,0.06663860830527497,0.042244437278297325,MHb,MED1,True
Pithd1,3.511529,0.33364207,0.0004455367702173369,0.0016620288879763436,0.05885241301907969,0.034633989035794906,MHb,PITHD1,True
Psmf1,3.5078,0.54401547,0.00045182849553445997,0.0016847224332111317,0.047979797979797977,0.024056755885198323,MHb,PSMF1,True
Capn10,3.5055168,0.40716094,0.00045572160608576526,0.0016984555249855422,0.05415263748597082,0.030119316349564655,MHb,CAPN10,True
Ruvbl1,3.5049098,0.48810476,0.0004567620307596279,0.0017019409922914032,0.05099607182940516,0.02708803611738149,MHb,RUVBL1,True
Rab39b,3.5032208,0.2775447,0.00045966814354886853,0.0017111926862837627,0.05709876543209876,0.03289261528539181,MHb,RAB39B,True
Gorasp2,3.50254,0.33643577,0.0004608442904020341,0.0017147817799063494,0.06453423120089787,0.04030957755562722,MHb,GORASP2,True
Fbxo32,3.5022268,0.728364,0.0004613866345727431,0.0017164049710704048,0.04384118967452301,0.020058045791680103,MHb,FBXO32,True
Mtmr14,3.5004137,0.7986678,0.00046453669562820563,0.0017273289774221209,0.04426206509539843,0.02057400838439213,MHb,MTMR14,True
Lzic,3.499028,0.9797868,0.00046695763169158814,0.0017351343194604728,0.03780864197530864,0.01418897129958078,MHb,LZIC,True
Il18,3.4964383,0.44644356,0.0004715137251734304,0.0017508573243067576,0.05401234567901234,0.030054821025475652,MHb,IL18,True
Flywch2,3.4943833,0.40611997,0.00047515837060602037,0.001763581148359885,0.04882154882154882,0.02489519509835537,MHb,FLYWCH2,True
Snrpa,3.490944,0.3243051,0.00048131718510147114,0.0017848018039927317,0.05765993265993266,0.033602063850370845,MHb,SNRPA,True
Tmem14a,3.486572,0.30809948,0.000489253492021985,0.0018121537058519827,0.054713804713804715,0.03069977426636569,MHb,TMEM14A,True
Ccdc58,3.485553,0.28431645,0.0004911207906216128,0.0018182373056316293,0.06264029180695847,0.03843921315704611,MHb,CCDC58,True
Gm2464,3.4841154,1.4328324,0.000493766607548201,0.0018276143883506064,0.029812008978675645,0.006385037084811351,MHb,GM2464,True
Plekha3,3.476482,0.28761807,0.0005080386963256481,0.001877862411578464,0.057168911335578006,0.03315059658174782,MHb,PLEKHA3,True
Irf2bp1,3.4762805,0.6830127,0.0005084200936651734,0.0018788428181480874,0.04264870931537598,0.01909061593034505,MHb,IRF2BP1,True
Ormdl2,3.475797,0.80685514,0.0005093375625412055,0.0018818033517825489,0.03977272727272727,0.016252821670428894,MHb,ORMDL2,True
Phf2,3.4745767,0.4190516,0.0005116598853856905,0.0018886578379994393,0.05352132435465769,0.02966784908094163,MHb,PHF2,True
Pef1,3.4717567,0.55634654,0.0005170646185981545,0.0019077372732265395,0.04685746352413019,0.023218316672041276,MHb,PEF1,True
Apex1,3.4698896,0.63618124,0.000520672413823749,0.0019197347375425442,0.044121773288439955,0.02057400838439213,MHb,APEX1,True
Pias4,3.4667177,0.47380346,0.0005268549273976545,0.0019416446686391117,0.04924242424242424,0.025540148339245405,MHb,PIAS4,True
Tstd3,3.465199,0.6386208,0.0005298393744931821,0.001952198606475449,0.04194725028058362,0.018445662689455015,MHb,TSTD3,True
Ism1,3.465099,1.4145027,0.0005300363235050653,0.00195247951097573,0.033179012345679014,0.009867784585617543,MHb,ISM1,True
Fam50a,3.4636729,0.34445396,0.0005328542823431423,0.0019619663138858018,0.05843153759820426,0.0345694937117059,MHb,FAM50A,True
Coq5,3.4600031,0.2719247,0.000540168951682068,0.0019870895595764044,0.06151795735129068,0.037536278619800065,MHb,COQ5,True
Them4,3.4581494,0.3451995,0.0005438994405690106,0.0019999030350542728,0.05260942760942761,0.028829409867784584,MHb,THEM4,True
Ints8,3.4579592,0.25788206,0.0005442840385582576,0.0020008623462908675,0.0747053872053872,0.05049983876168978,MHb,INTS8,True
E2f3,3.4576566,0.2586623,0.0005448955521087664,0.002002655204580617,0.065165544332211,0.041019026120606254,MHb,E2F3,True
Mterf2,3.4547217,0.50965315,0.0005508610913273146,0.002024120434397845,0.045664983164983165,0.022121896162528215,MHb,MTERF2,True
Fuz,3.4546516,0.7122832,0.0005510045895227043,0.0020241878799749586,0.043209876543209874,0.01980006449532409,MHb,FUZ,True
Slc25a20,3.4535527,0.74773,0.0005532540466818798,0.0020319900556492747,0.041456228956228955,0.01805869074492099,MHb,SLC25A20,True
B230369F24Rik,3.453452,0.7964419,0.0005534604780454039,0.0020322867723914662,0.03956228956228956,0.01618832634633989,MHb,B230369F24RIK,True
Mtpap,3.4529152,0.35573888,0.0005545631203039463,0.002035411497825353,0.059834455667789,0.03598839084166398,MHb,MTPAP,True
Adam9,3.4510887,0.27487847,0.0005583302222295026,0.002048772991053132,0.06698933782267115,0.04295388584327636,MHb,ADAM9,True
Sgpp1,3.4502006,0.35635766,0.0005601701461500855,0.00205412652776641,0.059343434343434344,0.03553692357304095,MHb,SGPP1,True
Fahd1,3.449511,0.5122551,0.0005616026034035795,0.0020584459800709037,0.044753086419753084,0.02128345694937117,MHb,FAHD1,True
Klf2,3.448684,0.6749163,0.000563325773490849,0.0020642941518383513,0.04769921436588103,0.024314737181554337,MHb,KLF2,True
H2-Ke6,3.446795,0.3422372,0.0005672787015126062,0.002077367669677701,0.05941358024691358,0.03566591422121896,MHb,H2-KE6,True
Psph,3.4465094,0.7669194,0.0005678787603110146,0.00207909437483718,0.04061447811447812,0.01728474685585295,MHb,PSPH,True
Yif1a,3.440791,0.65257674,0.0005800163477501915,0.0021220910257542065,0.03984287317620651,0.016510802966784907,MHb,YIF1A,True
Txnrd1,3.4402277,0.2538642,0.0005812247355358029,0.0021255505533103354,0.0712682379349046,0.0472750725572396,MHb,TXNRD1,True
Hip1r,3.43955,0.44684425,0.0005826825465500532,0.0021299186871066916,0.056046576879910215,0.032441148016768784,MHb,HIP1R,True
Dnaic2,3.4304638,2.3238964,0.0006025506088858926,0.002198568937227456,0.02644500561167228,0.003418252176717188,MHb,DNAIC2,True
Scrt1,3.4262755,0.26853886,0.0006119193799920165,0.002231746554987794,0.061237373737373736,0.03747178329571106,MHb,SCRT1,True
Ap1m1,3.4248338,0.2514585,0.0006151757616133534,0.0022422679555891907,0.0683922558922559,0.04450177362141245,MHb,AP1M1,True
Sox2,3.4225755,0.46196303,0.0006203085780790475,0.002260304404241629,0.0470679012345679,0.0236052886165753,MHb,SOX2,True
Hax1,3.4179814,0.37879056,0.0006308739494891381,0.0022951835656740464,0.04685746352413019,0.02347629796839729,MHb,HAX1,True
Slitrk2,3.4172347,0.47525,0.0006326073568008441,0.0023009723400615363,0.0484006734006734,0.025024185746533378,MHb,SLITRK2,True
Igbp1,3.415786,0.41218036,0.0006359817996867779,0.002312206250827969,0.051066217732884396,0.027668494034182523,MHb,IGBP1,True
Ell2,3.408569,0.28988388,0.0006530451728947391,0.0023715773847266287,0.0667087542087542,0.04295388584327636,MHb,ELL2,True
Rcan1,3.4055452,0.31725526,0.0006603207446605735,0.0023974608406026436,0.06137766554433221,0.03779425991615608,MHb,RCAN1,True
Bicd2,3.402765,0.2985139,0.0006670762202081802,0.002418730746887988,0.06628787878787878,0.042631409222831346,MHb,BICD2,True
Ddx54,3.3951275,0.61843807,0.0006859666702261107,0.002482370272122057,0.04110549943883277,0.01805869074492099,MHb,DDX54,True
Iah1,3.3933628,0.62957144,0.0006904011556631061,0.0024977049190003896,0.041666666666666664,0.018639148661722026,MHb,IAH1,True
Gchfr,3.3907845,1.2062205,0.0006969285565387406,0.0025196288337090145,0.03437149270482604,0.011544663011931635,MHb,GCHFR,True
Tubb2b,3.3906164,0.29504657,0.0006973562425116629,0.0025206116698605913,0.06081649831649832,0.037342792647533055,MHb,TUBB2B,True
Arfip2,3.389732,0.4852758,0.0006996103373598996,0.002527940803377504,0.051066217732884396,0.027926475330538537,MHb,ARFIP2,True
Hmgn5,3.389698,0.6724769,0.0006996965055159868,0.002527940803377504,0.04264870931537598,0.019671073847146083,MHb,HMGN5,True
Cep41,3.3893192,0.9626627,0.0007006639886001807,0.002530870928005342,0.03668630751964085,0.01380199935504676,MHb,CEP41,True
Smad2,3.3862128,0.25663912,0.0007086440215561982,0.002557981934539501,0.07147867564534231,0.04785553047404063,MHb,SMAD2,True
Spry4,3.3860838,0.97313005,0.0007089771854203248,0.002558613559610387,0.03402076318742985,0.011157691067397614,MHb,SPRY4,True
Tcf3,3.3783085,0.528648,0.0007293321704146149,0.00262855344395196,0.050084175084175085,0.027023540793292486,MHb,TCF3,True
Dnal4,3.3780255,0.5818849,0.000730083035589599,0.002630673446349246,0.043209876543209874,0.020251531763947114,MHb,DNAL4,True
Gtf3a,3.37722,0.6373147,0.0007322248752853954,0.002637216067187992,0.041666666666666664,0.018768139309900032,MHb,GTF3A,True
Alkbh7,3.3764198,0.513447,0.0007343581290951276,0.0026437219537310676,0.046997755331088666,0.02399226056110932,MHb,ALKBH7,True
Dapk3,3.3757267,0.34777516,0.0007362098102933311,0.0026492088279187163,0.051416947250280585,0.028248951950983554,MHb,DAPK3,True
Wrap73,3.3750312,0.42877582,0.0007380730718671339,0.0026553229398244864,0.046085858585858584,0.023024830699774266,MHb,WRAP73,True
Snrnp40,3.3748455,0.31880715,0.0007385712849126846,0.002656524468192723,0.0611672278338945,0.03785875524024508,MHb,SNRNP40,True
Ppp4r1,3.3746943,0.27154714,0.0007389773329027517,0.002657394032837263,0.07596801346801346,0.052305707836181874,MHb,PPP4R1,True
Bag2,3.3742223,0.8137952,0.0007402457535601639,0.0026613636505524894,0.0356341189674523,0.012834569493711706,MHb,BAG2,True
Tbc1d20,3.3740203,0.40153793,0.0007407889427235117,0.0026621331145418353,0.05267957351290685,0.029538858432763625,MHb,TBC1D20,True
Rfesd,3.3737907,0.69820815,0.000741407065833143,0.0026637626143605256,0.04026374859708193,0.017413737504030958,MHb,RFESD,True
Szrd1,3.367345,0.44931284,0.0007589566939771238,0.002722582507225544,0.04727833894500561,0.024250241857465334,MHb,SZRD1,True
Il17ra,3.3567915,1.7493702,0.0007885255547171756,0.002825520790330154,0.02861952861952862,0.006062560464366333,MHb,IL17RA,True
Cmc2,3.3510346,0.5423498,0.0008051024878253747,0.0028823666977811947,0.04159652076318743,0.018832634633989036,MHb,CMC2,True
Atf3,3.349002,0.73957574,0.0008110322966525096,0.0029029536176929283,0.05660774410774411,0.034247017091260885,MHb,ATF3,True
Zfp182,3.3469613,0.25839812,0.0008170264926376645,0.0029231151334691936,0.06586700336700337,0.04250241857465334,MHb,ZFP182,True
Fahd2a,3.343942,0.39313376,0.0008259702357335721,0.0029518489975675047,0.04804994388327722,0.025153176394711384,MHb,FAHD2A,True
Tcta,3.3430169,0.6213909,0.000828728896405641,0.0029603997127564583,0.04152637485970819,0.018832634633989036,MHb,TCTA,True
Snrnp200,3.3422632,0.30370566,0.0008309824119139481,0.0029671391860282806,0.05864197530864197,0.03553692357304095,MHb,SNRNP200,True
Bhlhe41,3.3398888,0.25313407,0.0008381194177152907,0.002991962388334766,0.07435465768799102,0.051015801354401806,MHb,BHLHE41,True
Mrps22,3.3356864,0.71862954,0.0008508908111715705,0.0030315327909031173,0.04117564534231201,0.018574653337633022,MHb,MRPS22,True
Pdia4,3.3355987,0.37620726,0.0008511595231769234,0.003031822349127227,0.050715488215488214,0.027861980006449533,MHb,PDIA4,True
Mphosph10,3.3350165,0.49244633,0.0008529432824410165,0.003036838563390588,0.04489337822671156,0.022186391486617222,MHb,MPHOSPH10,True
Slc30a7,3.3340259,0.41698804,0.0008559869565770559,0.00304500167965371,0.05829124579124579,0.03534343760077394,MHb,SLC30A7,True
Usf1,3.3306527,0.4850987,0.0008664260822696927,0.003080774209873,0.04377104377104377,0.02108997097710416,MHb,USF1,True
Lrrc75a,3.3284843,1.1234108,0.0008731990018152838,0.0031014479258590724,0.03423120089786756,0.01180264430828765,MHb,LRRC75A,True
Slc25a19,3.3260803,0.5486761,0.0008807654240158722,0.0031269492391257096,0.044121773288439955,0.02147694292163818,MHb,SLC25A19,True
Zc3h8,3.3236175,0.4672496,0.0008885797488557453,0.0031498526052469167,0.04994388327721661,0.027217026765559496,MHb,ZC3H8,True
Card19,3.323481,0.79704857,0.0008890144413968623,0.00315070302138349,0.037948933782267116,0.015478877781360851,MHb,CARD19,True
Tab3,3.3192997,0.43793997,0.0009024352942499244,0.0031961661669569798,0.05723905723905724,0.034440503063527896,MHb,TAB3,True
Ptgr2,3.317596,0.26514605,0.0009079574224701942,0.003214316329274544,0.05457351290684624,0.03166720412770074,MHb,PTGR2,True
Dctn5,3.3136468,0.29624602,0.0009208776630660521,0.003258629665301552,0.05864197530864197,0.03573040954530796,MHb,DCTN5,True
Klhl28,3.311772,0.3595025,0.0009270702434399988,0.003279108066398859,0.06018518518518518,0.037342792647533055,MHb,KLHL28,True
Rpap3,3.307765,0.34730312,0.00094043715845166,0.0033242069575951925,0.05765993265993266,0.03489197033215092,MHb,RPAP3,True
H1fx,3.3068182,0.5623959,0.0009436212683930725,0.00333473323492636,0.04601571268237935,0.023540793292486296,MHb,H1FX,True
Polr2d,3.306334,0.86165845,0.0009452535182302721,0.0033397718779761146,0.0361952861952862,0.013866494679135763,MHb,POLR2D,True
Naa10,3.3062382,0.40613797,0.0009455770912258249,0.0033401855100628343,0.04664702581369248,0.024056755885198323,MHb,NAA10,True
Thoc3,3.3054001,0.44499016,0.0009484093067819201,0.003348727469372966,0.04426206509539843,0.021734924217994195,MHb,THOC3,True
Ndufaf1,3.304853,0.64560527,0.0009502621284062261,0.0033541205029796613,0.03843995510662177,0.016059335698161883,MHb,NDUFAF1,True
Gbe1,3.3046598,0.33836472,0.000950917135096107,0.003355384960772149,0.06053591470258137,0.03766526926797807,MHb,GBE1,True
Rpp14,3.3038232,0.39382893,0.0009537595671639307,0.0033646806976830052,0.04384118967452301,0.02128345694937117,MHb,RPP14,True
Zfp938,3.3029115,0.3030814,0.0009568656058650812,0.0033734309448273077,0.0590628507295174,0.03624637213801999,MHb,ZFP938,True
Irf3,3.3003056,0.41905823,0.0009657960183587776,0.003401949171810372,0.05366161616161616,0.031022250886810706,MHb,IRF3,True
Pdcd11,3.2991757,0.34674406,0.0009696915722930718,0.0034141839751502907,0.05632716049382716,0.033602063850370845,MHb,PDCD11,True
Lyrm4,3.298285,0.46948433,0.0009727730959628095,0.003423543260922203,0.05218855218855219,0.02966784908094163,MHb,LYRM4,True
Dnajb12,3.2962816,0.34049326,0.000979737943475024,0.0034465552926725785,0.05310044893378227,0.030441792970009676,MHb,DNAJB12,True
Ubald1,3.2959635,0.30541608,0.0009808478241479218,0.0034497094054343628,0.05057519640852974,0.027926475330538537,MHb,UBALD1,True
Fbxl12,3.2953482,0.40402314,0.000982997840368141,0.0034565195799901474,0.05576599326599327,0.03315059658174782,MHb,FBXL12,True
Rexo1,3.2950065,0.2795425,0.0009841939158149989,0.0034592296488720037,0.05688832772166105,0.03411802644308288,MHb,REXO1,True
Lats2,3.2937052,1.0515474,0.0009887612788845688,0.0034745195928650658,0.031635802469135804,0.009416317316994518,MHb,LATS2,True
Ninj1,3.291489,0.5963185,0.000996585455882048,0.003501253203495249,0.038580246913580245,0.016252821670428894,MHb,NINJ1,True
Mrpl47,3.2908432,0.54132897,0.00099887528429358,0.0035085358791419447,0.04264870931537598,0.020251531763947114,MHb,MRPL47,True
Stat1,3.2837217,0.50707513,0.0010244605233406992,0.0035945008600945356,0.04580527497194164,0.023411802644308286,MHb,STAT1,True
Gtf2h1,3.2830544,0.253029,0.001026888286580531,0.0036014566425498886,0.06502525252525253,0.04217994195420832,MHb,GTF2H1,True
Nudt18,3.2703009,0.56874937,0.0010743318121901485,0.0037580702989134193,0.041035353535353536,0.018832634633989036,MHb,NUDT18,True
Rbm18,3.2699711,0.25865287,0.0010755841683088479,0.003760824453609082,0.058361391694725026,0.03573040954530796,MHb,RBM18,True
Rrn3,3.2681413,0.2653018,0.0010825634569502252,0.0037835920302873582,0.06684904601571268,0.04411480167687842,MHb,RRN3,True
Pgs1,3.26779,0.26191783,0.0010839074367967312,0.0037874708987226456,0.052398989898989896,0.02986133505320864,MHb,PGS1,True
Gin1,3.2677252,0.48027518,0.0010841557248420103,0.0037875202698314284,0.04601571268237935,0.023734279264753307,MHb,GIN1,True
Mplkip,3.2667913,0.34217414,0.0010877384670653267,0.0037992160882707104,0.0484006734006734,0.02599161560786843,MHb,MPLKIP,True
Nosip,3.261975,0.6012523,0.0011063887926978247,0.0038618555722674396,0.041666666666666664,0.019542083198968076,MHb,NOSIP,True
Pex2,3.2614212,0.2860097,0.001108551958851038,0.0038677368279584853,0.05709876543209876,0.0345694937117059,MHb,PEX2,True
Mknk2,3.2595763,0.82804734,0.0011157872471600602,0.0038913020100935693,0.03843995510662177,0.0163818123186069,MHb,MKNK2,True
Lsm11,3.2587512,0.7650169,0.0011190376408111002,0.0039009555689912814,0.03598484848484849,0.013930990003224767,MHb,LSM11,True
Tdg,3.2529187,0.49610767,0.0011422619537337954,0.003973352064869707,0.04727833894500561,0.02508868107062238,MHb,TDG,True
F8a,3.2527592,0.8124196,0.0011429027505681399,0.003974726293364796,0.03500280583613917,0.013028055465978716,MHb,F8A,True
Mlycd,3.248474,0.52133393,0.0011602587685144146,0.004031618814333116,0.043911335578002246,0.021799419542083198,MHb,MLYCD,True
Pqlc1,3.2468107,0.55473924,0.0011670603322194602,0.004052640805850101,0.04208754208754209,0.0199935504675911,MHb,PQLC1,True
Zfp622,3.2405052,0.27602297,0.0011931803918088584,0.004138900458397659,0.05408249158249158,0.03173169945178975,MHb,ZFP622,True
Gm13483,3.2387266,0.64200634,0.0012006460256275644,0.004163904259117893,0.04650673400673401,0.024508223153821347,MHb,GM13483,True
Cnot8,3.235313,0.47426105,0.0012150945918542088,0.004212206391607764,0.04398148148148148,0.021928410190261205,MHb,CNOT8,True
Ppie,3.2348666,0.65554905,0.0012169957380282232,0.004217892878210094,0.04159652076318743,0.019671073847146083,MHb,PPIE,True
Rwdd4a,3.233046,0.4353097,0.0012247783740453246,0.00424395676953366,0.04748877665544332,0.025411157691067398,MHb,RWDD4A,True
Fam122a,3.230613,0.7371885,0.001235251050618814,0.004277496412708053,0.036616161616161616,0.014769429216381812,MHb,FAM122A,True
Ddx21,3.2279441,0.4003388,0.0012468332106109429,0.004315755870240103,0.05022446689113356,0.028119961302805547,MHb,DDX21,True
Clk2,3.2231793,0.38575464,0.0012677619730787654,0.0043844451388815545,0.052960157126823795,0.030828764914543696,MHb,CLK2,True
Prkrip1,3.2229295,0.328782,0.0012688683266116267,0.004387333301184922,0.05057519640852974,0.028442437923250564,MHb,PRKRIP1,True
Cox18,3.2224019,0.36532605,0.0012712065566322787,0.00439353975502716,0.04559483726150393,0.023540793292486296,MHb,COX18,True
Akr1e1,3.2213721,0.31556314,0.0012757837133775486,0.004407475771867119,0.04868125701459035,0.026572073524669462,MHb,AKR1E1,True
Wnt11,3.213937,2.1289818,0.0013092834009600929,0.004515757823085065,0.024480920314253647,0.0029022895840051595,MHb,WNT11,True
Oma1,3.2139204,0.53352517,0.0013093603827059631,0.004515757823085065,0.044542648709315374,0.022637858755240246,MHb,OMA1,True
Fancl,3.2135928,0.45484093,0.0013108546553785854,0.004519947569974124,0.05478395061728395,0.0327636246372138,MHb,FANCL,True
Rpap2,3.212095,0.40644386,0.0013177083327566307,0.004540675816433426,0.049172278338945004,0.027152531441470493,MHb,RPAP2,True
Ppp4c,3.2109132,0.5509682,0.0013231391984961012,0.00455647786580252,0.041877104377104374,0.020058045791680103,MHb,PPP4C,True
Atf5,3.2102008,0.7562302,0.001326423205655157,0.004566814676771427,0.03514309764309764,0.013415027410512738,MHb,ATF5,True
Pms1,3.2100873,0.5464927,0.0013269468501910869,0.0045676453079039865,0.04910213243546577,0.027217026765559496,MHb,PMS1,True
Tes,3.2085598,1.4970636,0.0013340159484445,0.0045890489081432985,0.030653759820426486,0.009093840696549501,MHb,TES,True
Tmem241,3.2081459,0.25907522,0.001335937642876738,0.004593705649135042,0.06320145903479236,0.040825540148339244,MHb,TMEM241,True
Pdk2,3.207769,0.4624082,0.0013376891380180258,0.004598750649828176,0.04776936026936027,0.02586262495969042,MHb,PDK2,True
Mak16,3.2055311,0.47149098,0.00134813511635502,0.00463269290568142,0.0444023569023569,0.022573363431151242,MHb,MAK16,True
Rpgrip1,3.2044182,0.6679248,0.0013533577048865568,0.004649651842935441,0.04868125701459035,0.027023540793292486,MHb,RPGRIP1,True
Phlda1,3.2009208,0.5552983,0.0013698919249481758,0.004701464435823624,0.04110549943883277,0.019348597226701063,MHb,PHLDA1,True
Rtca,3.1989813,0.26882017,0.0013791410414946649,0.004732064132162515,0.05590628507295174,0.03379554982263786,MHb,RTCA,True
Commd9,3.1988132,0.46256104,0.0013799456391962717,0.004732956046225549,0.042999438832772165,0.021218961625282168,MHb,COMMD9,True
Asb1,3.1982505,0.55240947,0.0013826404731375058,0.004740188565705628,0.042017396184062854,0.020251531763947114,MHb,ASB1,True
Akt1s1,3.197164,0.34520707,0.0013878594866000781,0.004756065083846666,0.04882154882154882,0.02689455014511448,MHb,AKT1S1,True
Gpatch11,3.1954172,0.27946705,0.0013962888779421002,0.004783938275940155,0.05408249158249158,0.032054176072234764,MHb,GPATCH11,True
Ift46,3.191876,0.3818859,0.0014135207683992723,0.00483683063864147,0.049663299663299666,0.02779748468236053,MHb,IFT46,True
Orai1,3.189293,0.82643384,0.0014262132281451264,0.0048771668002637256,0.03303872053872054,0.011480167687842631,MHb,ORAI1,True
Tomm34,3.187883,0.29152375,0.001433186067885894,0.004897442263582583,0.05794051627384961,0.03592389551757497,MHb,TOMM34,True
Cpsf2,3.1862864,0.29365724,0.0014411185278610922,0.004922933936251989,0.05310044893378227,0.031151241534988713,MHb,CPSF2,True
Trmt2b,3.1835759,0.39113098,0.0014546803590299105,0.004966115408887464,0.05352132435465769,0.03166720412770074,MHb,TRMT2B,True
Tshz1,3.1816964,0.43143567,0.0014641520349719,0.004996341596133012,0.05190796857463524,0.030119316349564655,MHb,TSHZ1,True
Tnip1,3.1804736,0.7325067,0.001470346092397291,0.005016420173913981,0.039141414141414144,0.017607223476297968,MHb,TNIP1,True
Pigx,3.1767924,0.3228878,0.001489135848791446,0.005075250246248622,0.04980359147025814,0.02799097065462754,MHb,PIGX,True
Stradb,3.176735,0.28028664,0.0014894305902949086,0.005075250246248622,0.05401234567901234,0.032054176072234764,MHb,STRADB,True
Crnkl1,3.1767268,0.4810945,0.0014894722051896265,0.005075250246248622,0.043560606060606064,0.021928410190261205,MHb,CRNKL1,True
Mospd1,3.1704447,0.8481959,0.0015220584363275897,0.005178648550189054,0.034511784511784514,0.01309255079006772,MHb,MOSPD1,True
Seh1l,3.1692371,0.54281,0.001528396123119412,0.005199118252672238,0.044121773288439955,0.022573363431151242,MHb,SEH1L,True
Ankrd50,3.1681607,0.8312082,0.0015340666481351755,0.0052173103518895,0.03689674523007856,0.015478877781360851,MHb,ANKRD50,True
Wdr19,3.1656365,0.3766531,0.0015474403591998636,0.005260581717120176,0.053170594837261505,0.03140922283134473,MHb,WDR19,True
Ankrd34a,3.1619325,0.9942874,0.0015672588890138946,0.00532124528333328,0.03324915824915825,0.011931634956465657,MHb,ANKRD34A,True
Abhd11,3.1607318,0.39082214,0.001573733188761179,0.005340984961857337,0.04636644219977553,0.02476620445017736,MHb,ABHD11,True
Fam163a,3.1581664,0.9674096,0.0015876492316335728,0.005383695245633762,0.04054433221099888,0.01928410190261206,MHb,FAM163A,True
Rbm34,3.1558185,0.27958915,0.0016004849632071001,0.005421538069083737,0.05043490460157127,0.028700419219606577,MHb,RBM34,True
Med7,3.1557434,0.5099105,0.001600896301103879,0.005421795994630495,0.04061447811447812,0.019155111254434053,MHb,MED7,True
Polr1c,3.1533089,0.4036099,0.001614308538983738,0.005464931062800745,0.04292929292929293,0.021412447597549178,MHb,POLR1C,True
Prmt7,3.151025,0.2846235,0.0016269850657168246,0.00550323785821197,0.05941358024691358,0.03760077394388907,MHb,PRMT7,True
St6galnac6,3.1490128,0.34552073,0.0016382306611332316,0.005537801660152565,0.05352132435465769,0.03186069009996775,MHb,ST6GALNAC6,True
Cd3eap,3.146697,0.5598116,0.0016512591271500199,0.005579510420232206,0.040333894500561164,0.018961625282167043,MHb,CD3EAP,True
Patz1,3.1451912,0.4209302,0.0016597830900947211,0.0056059702406101725,0.05310044893378227,0.031538213479522736,MHb,PATZ1,True
Pim3,3.1449277,0.48118874,0.0016612779807452555,0.005609847878612632,0.044121773288439955,0.02270235407932925,MHb,PIM3,True
Ubfd1,3.1400204,0.25863132,0.0016893603470956409,0.005697540369948288,0.05380190796857463,0.03211867139632377,MHb,UBFD1,True
Atpaf2,3.13898,0.6040932,0.001695371176045234,0.005716620548787088,0.03942199775533109,0.018123186069009995,MHb,ATPAF2,True
Ddx41,3.1385098,0.2997692,0.0016980924393300955,0.0057246030025352845,0.05015432098765432,0.02857142857142857,MHb,DDX41,True
Oser1,3.1370552,0.7273686,0.001706539757856964,0.005750696700330445,0.0361952861952862,0.014962915188648823,MHb,OSER1,True
Lhpp,3.1370544,1.1344689,0.001706543688506098,0.005750696700330445,0.031144781144781145,0.00999677523379555,MHb,LHPP,True
Zfpl1,3.1364138,0.58861595,0.0017102776303364084,0.005760878940168972,0.04005331088664422,0.018768139309900032,MHb,ZFPL1,True
Maf1,3.135448,0.37714592,0.0017159183118387034,0.005777129574768118,0.04510381593714927,0.023669783940664303,MHb,MAF1,True
Dand5,3.1353683,0.9732422,0.0017163845300003843,0.005777129574768118,0.03107463524130191,0.009932279909706547,MHb,DAND5,True
Phf23,3.1353433,0.6234485,0.0017165307410408391,0.005777129574768118,0.04208754208754209,0.020831989680748144,MHb,PHF23,True
Trappc6a,3.1343472,0.71835154,0.00172236876308422,0.005795572028892711,0.03591470258136925,0.014704933892292809,MHb,TRAPPC6A,True
AI837181,3.131588,0.40301806,0.0017386365584338528,0.0058454471695422085,0.043560606060606064,0.022186391486617222,MHb,AI837181,True
Asnsd1,3.131114,0.82510895,0.0017414456466789017,0.005853674841028935,0.033529741863075196,0.01238310222508868,MHb,ASNSD1,True
Josd1,3.1295993,0.45041272,0.0017504491170007481,0.005881494488468446,0.04580527497194164,0.024443727829732344,MHb,JOSD1,True
Tmem126b,3.1292326,0.29858762,0.0017526351606052528,0.005887616557173409,0.05464365881032548,0.03308610125765882,MHb,TMEM126B,True
Mettl15,3.1211762,0.31206447,0.0018013016079519144,0.006039812087193661,0.05457351290684624,0.033021605933569814,MHb,METTL15,True
Golph3,3.1182199,0.2593101,0.001819470273545239,0.006094415339530802,0.06095679012345679,0.039342147694292166,MHb,GOLPH3,True
Ncoa4,3.1170847,0.4096349,0.0018264910429021545,0.00611539901033789,0.05085578002244669,0.029538858432763625,MHb,NCOA4,True
Dnpep,3.1139674,0.60194993,0.001845898200482009,0.00617524520951451,0.03787878787878788,0.01676878426314092,MHb,DNPEP,True
Sall2,3.1139073,0.41748276,0.001846274240074941,0.00617524520951451,0.04622615039281706,0.024959690422444374,MHb,SALL2,True
Nr6a1os,3.1120646,0.85290414,0.001857838935707244,0.006211356921261817,0.036826599326599326,0.01580135440180587,MHb,NR6A1OS,True
Stx2,3.1117842,0.48169443,0.0018596034012836643,0.0062159712783143774,0.04945286195286195,0.02818445662689455,MHb,STX2,True
Bloc1s4,3.1114938,0.6917028,0.0018614332666197146,0.0062208022908210505,0.03542368125701459,0.01438245727184779,MHb,BLOC1S4,True
Pcgf1,3.1098428,0.5298706,0.001871869446934603,0.0062518043163673764,0.038930976430976434,0.017800709448564978,MHb,PCGF1,True
H2-T22,3.1043277,0.3806493,0.0019071201208192199,0.006359032767316199,0.046787317620650956,0.025540148339245405,MHb,H2-T22,True
Eif2ak2,3.102572,0.99383986,0.0019184696205751342,0.006394239874882092,0.03177609427609428,0.010835214446952596,MHb,EIF2AK2,True
Stk4,3.1010652,0.26830694,0.001928257773806083,0.0064242161671088345,0.05555555555555555,0.03411802644308288,MHb,STK4,True
Setd1b,3.0999835,0.3153073,0.0019353145540783405,0.006445071631092683,0.05723905723905724,0.03585940019348597,MHb,SETD1B,True
Rsph10b,3.0996735,0.5577648,0.0019373408064918291,0.006450491466654042,0.043911335578002246,0.022831344727507256,MHb,RSPH10B,True
Ubtd1,3.096376,0.72710735,0.0019590176872740055,0.006513280799929505,0.03851010101010101,0.017542728152208965,MHb,UBTD1,True
Cep68,3.0948086,0.4139398,0.001969399072861629,0.006543761299000997,0.05022446689113356,0.029022895840051598,MHb,CEP68,True
Fam136a,3.0945594,0.46879277,0.0019710541836888626,0.006547915674916277,0.04222783389450056,0.021154466301193164,MHb,FAM136A,True
Zfp330,3.0925848,0.25750822,0.0019842146953759766,0.006590281868112201,0.05064534231200898,0.029345372460496615,MHb,ZFP330,True
Arl6ip6,3.092029,0.394359,0.001987933420854036,0.006599922635942946,0.05092592592592592,0.029732344405030635,MHb,ARL6IP6,True
E2f6,3.091963,0.27835318,0.0019883766598080034,0.006600039497721004,0.05324074074074074,0.03192518542405676,MHb,E2F6,True
Tap2,3.0884454,1.1196045,0.002012067128320196,0.006677305252478287,0.030303030303030304,0.009480812641083521,MHb,TAP2,True
Gspt2,3.0879726,0.39001435,0.002015270388511119,0.006685192480346052,0.04748877665544332,0.026378587552402452,MHb,GSPT2,True
Taf12,3.0874655,0.51052827,0.0020187122322883554,0.006693864361882769,0.04377104377104377,0.022766849403418252,MHb,TAF12,True
Lsp1,3.0863762,1.6233544,0.0020261228764599233,0.006717060366210137,0.02707631874298541,0.006320541760722348,MHb,LSP1,True
Farp2,3.0847926,0.37145638,0.0020369410985975733,0.006751541448732736,0.05457351290684624,0.03334408255401483,MHb,FARP2,True
Nop14,3.0821455,0.31242675,0.0020551437033487227,0.006810479287372586,0.05169753086419753,0.03050628829409868,MHb,NOP14,True
Arid3a,3.081951,0.87752235,0.0020564869047085144,0.00681213919386857,0.03598484848484849,0.015156401160915834,MHb,ARID3A,True
D830030K20Rik,3.0815034,1.2870215,0.002059582127885513,0.006820995274068012,0.02770763187429854,0.006965495001612383,MHb,D830030K20RIK,True
Lrp12,3.079002,0.25410137,0.002076953068204274,0.006874302410109297,0.06628787878787878,0.04482425024185747,MHb,LRP12,True
Gpn1,3.078584,0.39214167,0.0020798691132995727,0.006882545603032035,0.04510381593714927,0.024056755885198323,MHb,GPN1,True
Zfpm1,3.0754783,1.4187886,0.002101652407052216,0.00695036346024731,0.02700617283950617,0.006320541760722348,MHb,ZFPM1,True
Nudt7,3.0713806,0.9035087,0.002130713842704224,0.007036401879489756,0.031635802469135804,0.010899709771041599,MHb,NUDT7,True
Ano2,3.0701287,1.4589103,0.0021396664114083238,0.007064524230359183,0.029671717171717172,0.009029345372460496,MHb,ANO2,True
Topors,3.0660996,0.5428003,0.0021687095256821168,0.0071545740521942154,0.040824915824915826,0.0199935504675911,MHb,TOPORS,True
Commd2,3.0654852,0.511583,0.0021731711324314623,0.00716636963650946,0.03907126823793491,0.018252176717188005,MHb,COMMD2,True
Rabif,3.0637944,0.70234907,0.002185491371120557,0.007205528521784551,0.03556397306397306,0.014833924540470816,MHb,RABIF,True
Ino80b,3.0616057,0.653026,0.002201532874968222,0.007252503921102035,0.037948933782267116,0.017220251531763948,MHb,INO80B,True
Midn,3.0610127,0.45886105,0.0022058971223433213,0.007263922221885834,0.04398148148148148,0.02308932602386327,MHb,MIDN,True
Mthfr,3.0608041,0.3743092,0.002207434944429456,0.007267506661133005,0.05232884399551066,0.03128023218316672,MHb,MTHFR,True
Cbwd1,3.058519,0.3206939,0.002224340755498777,0.007320185497495974,0.051206509539842876,0.03018381167365366,MHb,CBWD1,True
Abtb1,3.0570176,0.40323976,0.002235510919724838,0.007353485188926759,0.04664702581369248,0.025733634311512415,MHb,ABTB1,True
Cd276,3.0569758,1.0461664,0.0022358231937645626,0.007353485188926759,0.031004489337822672,0.01038374717832957,MHb,CD276,True
Yrdc,3.0550518,0.48466247,0.00225021588196864,0.007396310077391333,0.03921156004489338,0.018445662689455015,MHb,YRDC,True
Mrps35,3.0545115,0.35243154,0.002254272590812111,0.00740813879650262,0.04461279461279461,0.023734279264753307,MHb,MRPS35,True
Pard6a,3.0508995,0.368586,0.002281569399575407,0.007491754981350428,0.04335016835016835,0.02250886810706224,MHb,PARD6A,True
Mtmr10,3.0474014,0.5285282,0.002308292043541649,0.007573351684439385,0.04489337822671156,0.024121251209287327,MHb,MTMR10,True
Ift27,3.04546,0.3642492,0.0023232470367519544,0.007617782448705222,0.04377104377104377,0.022960335375685263,MHb,IFT27,True
Tada3,3.0429614,0.42258224,0.002342624040015502,0.0076782054401723894,0.044121773288439955,0.023347307320219283,MHb,TADA3,True
Thap7,3.0421875,0.9686931,0.0023486556233549894,0.0076964150542477615,0.031144781144781145,0.010641728474685586,MHb,THAP7,True
Nudt22,3.0410564,0.98001456,0.0023574970031713842,0.007722258814559972,0.030232884399551067,0.009738793937439535,MHb,NUDT22,True
Pop4,3.040537,0.6565445,0.002361566318558318,0.007734022110281594,0.0361952861952862,0.015607868429538858,MHb,POP4,True
Dck,3.0400467,0.4970539,0.0023654139918687484,0.007745054922768625,0.03886083052749719,0.018187681393099002,MHb,DCK,True
Spg11,3.039801,0.3331049,0.0023673452878945392,0.0077498097615248274,0.05815095398428732,0.037149306675266044,MHb,SPG11,True
Commd7,3.035908,0.2811327,0.0023981261105980823,0.007845811051562294,0.05232884399551066,0.03140922283134473,MHb,COMMD7,True
Fech,3.0353568,0.2974783,0.002402512421476929,0.007856983100968324,0.05331088664421998,0.03237665269267978,MHb,FECH,True
Taf13,3.0351813,0.27846572,0.002403911562535811,0.007859969582376539,0.05281986531986532,0.03192518542405676,MHb,TAF13,True
Wasf2,3.034564,0.40747666,0.0024088360031107397,0.007874479052206186,0.05499438832772166,0.03418252176717188,MHb,WASF2,True
Mettl1,3.0331647,0.4015513,0.002420033716061444,0.007907887950968456,0.04131593714927048,0.020638503708481134,MHb,METTL1,True
Ubxn2b,3.0220163,0.28196472,0.002510969797767511,0.008193450974155636,0.05113636363636364,0.03031280232183167,MHb,UBXN2B,True
Cryl1,3.0212235,0.4767121,0.0025175540754889137,0.008213278977618633,0.048751402918069585,0.028119961302805547,MHb,CRYL1,True
Nup50,3.0205448,0.34000316,0.0025232030738666193,0.008228389056409791,0.051837822671156004,0.03108674621089971,MHb,NUP50,True
Zc3h18,3.0162196,0.4471221,0.002559478148626626,0.008341639946410573,0.04482323232323232,0.024250241857465334,MHb,ZC3H18,True
Surf4,3.015187,0.28698522,0.002568207946833091,0.008368405225629583,0.049172278338945004,0.028442437923250564,MHb,SURF4,True
Them6,3.0139208,0.30415875,0.0025789503908218063,0.008400566906149537,0.04313973063973064,0.02250886810706224,MHb,THEM6,True
Gosr2,3.0139012,0.37543955,0.0025791168628091876,0.008400566906149537,0.04636644219977553,0.025733634311512415,MHb,GOSR2,True
Pex11b,3.0131505,0.46401152,0.002585507619394872,0.008417992299458948,0.038930976430976434,0.018445662689455015,MHb,PEX11B,True
Golga5,3.012342,0.29351464,0.002592403057551124,0.008437346506927257,0.05751964085297419,0.03669783940664302,MHb,GOLGA5,True
Faap20,3.0123312,0.5444876,0.0025924953409229346,0.008437346506927257,0.03935185185185185,0.01889712995807804,MHb,FAAP20,True
Tomm6,3.0111487,0.7106277,0.0026026127724490065,0.008466866772800216,0.038930976430976434,0.018574653337633022,MHb,TOMM6,True
Taf6l,3.008992,0.46646082,0.0026211610168385474,0.008523779543096804,0.04138608305274972,0.02089648500483715,MHb,TAF6L,True
Igf2bp3,3.0074906,0.3458225,0.002634141692883555,0.00856426972510382,0.05064534231200898,0.02999032570138665,MHb,IGF2BP3,True
Zfp667,3.003869,0.48893952,0.00266569988932093,0.008659910767175346,0.043209876543209874,0.022766849403418252,MHb,ZFP667,True
Hist1h2be,3.003466,0.6116125,0.0026692341844654,0.008669651191511614,0.04194725028058362,0.021541438245727185,MHb,HIST1H2BE,True
Gadd45b,3.0032072,0.6940528,0.0026715038343310357,0.008675280971753565,0.03367003367003367,0.013350532086423735,MHb,GADD45B,True
Polr3d,3.002692,0.46206015,0.002676030613723033,0.008686493111974726,0.042368125701459036,0.021928410190261205,MHb,POLR3D,True
Gm2087,3.0001292,0.7882328,0.0026986501700926036,0.008756402507772891,0.03647586980920314,0.01618832634633989,MHb,GM2087,True
Parp2,2.9998646,0.30503124,0.0027009965578897338,0.008762258187698845,0.04847081930415264,0.027861980006449533,MHb,PARP2,True
Wdr66,2.9963963,0.96281093,0.0027319117228740107,0.008851897459432516,0.03612514029180696,0.015930345049983877,MHb,WDR66,True
Bag4,2.9950106,0.25631416,0.0027443534685413105,0.008888649850551801,0.05878226711560045,0.03805224121251209,MHb,BAG4,True
Golph3l,2.9935365,0.50030476,0.0027576463052411126,0.008928128300095076,0.04138608305274972,0.021025475653015158,MHb,GOLPH3L,True
Tpcn1,2.9928894,0.4612609,0.002763498356026155,0.008945284352356024,0.044121773288439955,0.023669783940664303,MHb,TPCN1,True
Cxxc1,2.9919655,0.446812,0.002771874604165765,0.00896701434447625,0.046085858585858584,0.02566913898742341,MHb,CXXC1,True
Dr1,2.9916186,0.45309776,0.0027750278090910656,0.008973625512204717,0.045664983164983165,0.02528216704288939,MHb,DR1,True
Ankrd39,2.9913733,0.8036541,0.0027772566569569668,0.008979037862538265,0.03226711560044893,0.012060625604643663,MHb,ANKRD39,True
Baz1a,2.9890633,2.0057838,0.002798342317222063,0.009039981422222261,0.024270482603815938,0.00419219606578523,MHb,BAZ1A,True
Erap1,2.9866133,0.85276973,0.002820863496857281,0.009107278854624055,0.03591470258136925,0.015736859077716867,MHb,ERAP1,True
Exosc5,2.9856334,0.5978396,0.0028299169693313062,0.009134685088591873,0.03598484848484849,0.015736859077716867,MHb,EXOSC5,True
Eif3l,2.977301,0.3514392,0.002907984635038152,0.009356803555150608,0.04559483726150393,0.025217671718800388,MHb,EIF3L,True
Ykt6,2.9742734,0.36380208,0.002936831519555053,0.009442108890638637,0.046085858585858584,0.025733634311512415,MHb,YKT6,True
Zdhhc13,2.9715703,0.3428674,0.002962810178060635,0.00952184673755827,0.04847081930415264,0.028055465978716543,MHb,ZDHHC13,True
Atp5o,2.970633,0.3017539,0.002971866860713365,0.00954715918014671,0.07877384960718294,0.05830377297645921,MHb,ATP5O,True
Dnajc4,2.9686396,0.40704423,0.0029912126679394555,0.009605492337486737,0.040333894500561164,0.020122541115769107,MHb,DNAJC4,True
Oxld1,2.9681966,0.8051788,0.002995527308680662,0.009617438312407644,0.03170594837261504,0.011673653660109641,MHb,OXLD1,True
Isca1,2.965051,0.46096468,0.003026327545939905,0.009712555133724796,0.04313973063973064,0.022960335375685263,MHb,ISCA1,True
Prcc,2.9647207,0.46016866,0.003029577673901735,0.009720971806260775,0.04426206509539843,0.024056755885198323,MHb,PRCC,True
Gar1,2.9639218,0.44147763,0.0030374536299209768,0.009742378041636288,0.0417368125701459,0.021541438245727185,MHb,GAR1,True
Cog4,2.953015,0.26649955,0.0031468648699743145,0.010081311006503176,0.05660774410774411,0.03618187681393099,MHb,COG4,True
Brap,2.948579,0.3190545,0.003192383753523781,0.010217017652007748,0.056046576879910215,0.03573040954530796,MHb,BRAP,True
Znfx1,2.9433105,0.5424571,0.0032472256721843805,0.010384316972633917,0.04194725028058362,0.021928410190261205,MHb,ZNFX1,True
Ecd,2.9420807,0.25281194,0.0032601488030037287,0.01042358309717045,0.05667789001122334,0.036310867462109,MHb,ECD,True
Pot1a,2.9416628,0.4215342,0.0032645523334590867,0.010433537639537784,0.04748877665544332,0.027346017413737503,MHb,POT1A,True
Nme5,2.9412684,0.5700638,0.003268711843044666,0.010444767692858055,0.0396324354657688,0.019671073847146083,MHb,NME5,True
Poc5,2.9407208,0.5158279,0.0032744961564819377,0.010459118351322145,0.04250841750841751,0.02250886810706224,MHb,POC5,True
Tsr2,2.9389534,0.3405387,0.0032932250948171553,0.010512712829813989,0.04559483726150393,0.0254756530151564,MHb,TSR2,True
Ube2z,2.9378886,0.2871741,0.003304558187221884,0.010542648654499796,0.048961840628507294,0.02876491454369558,MHb,UBE2Z,True
Rcan3,2.9377122,0.3437907,0.003306437283263626,0.010546563410922727,0.05085578002244669,0.03069977426636569,MHb,RCAN3,True
Magohb,2.9375982,0.53508097,0.003307654535020721,0.010547940536652279,0.03766835016835017,0.017736214124475975,MHb,MAGOHB,True
Fastkd2,2.9372072,0.57351756,0.0033118279780940383,0.010556443480449547,0.04110549943883277,0.021154466301193164,MHb,FASTKD2,True
Lsm14b,2.9370322,0.29371992,0.0033136964071745077,0.010559306419631138,0.05085578002244669,0.030635278942276686,MHb,LSM14B,True
Sufu,2.9368188,0.4032915,0.0033159773351963996,0.010564493479771866,0.049873737373737376,0.029732344405030635,MHb,SUFU,True
Ruvbl2,2.9336584,0.67555964,0.003349926001562418,0.010668449118974624,0.03514309764309764,0.015285391809093841,MHb,RUVBL2,True
Gmpr2,2.9302604,0.40116158,0.003386780933511757,0.010773093726559031,0.039913019079685745,0.019929055143502097,MHb,GMPR2,True
Ppcs,2.9299471,0.81618947,0.003390197843878253,0.01078184233675398,0.032617845117845115,0.012834569493711706,MHb,PPCS,True
Zcchc10,2.9280865,0.59015805,0.0034105504726999673,0.01084443756554393,0.036616161616161616,0.01676878426314092,MHb,ZCCHC10,True
Arf2,2.9271567,0.4724675,0.0034207647300676354,0.0108747778122728,0.04482323232323232,0.02489519509835537,MHb,ARF2,True
Tle2,2.9265604,0.6090977,0.003427329259333382,0.01089136557361836,0.043420314253647584,0.023540793292486296,MHb,TLE2,True
Exosc3,2.925507,0.5758188,0.0034389548747829827,0.010924017105187499,0.03640572390572391,0.01657529829087391,MHb,EXOSC3,True
Nfkbib,2.9246392,0.63711673,0.0034485580518902807,0.010952371193662927,0.03345959595959596,0.013673008706868751,MHb,NFKBIB,True
Msl3l2,2.923897,0.6710003,0.003456790554985062,0.010976361842733292,0.03331930415263749,0.013544018058690745,MHb,MSL3L2,True
Plxnb1,2.9221373,0.6256895,0.0034763833942487695,0.011034242818283722,0.04250841750841751,0.022637858755240246,MHb,PLXNB1,True
Ebag9,2.9210622,0.27242574,0.0034884022938251706,0.01106994312070855,0.04727833894500561,0.027217026765559496,MHb,EBAG9,True
Nt5dc1,2.9204848,0.3367088,0.003494872764025728,0.011086402619752137,0.053381032547699214,0.03327958722992583,MHb,NT5DC1,True
Thap11,2.9181936,0.9433619,0.003520658125433465,0.0111616317481157,0.029601571268237935,0.009932279909706547,MHb,THAP11,True
Mthfsl,2.9160643,0.31409365,0.0035447746345099603,0.011230184429161466,0.04755892255892256,0.027539503386004513,MHb,MTHFSL,True
Fbxo7,2.9157805,0.3657893,0.00354799842822278,0.011237296764539547,0.04804994388327722,0.028055465978716543,MHb,FBXO7,True
Sap30bp,2.913405,0.3403514,0.0035751064608314,0.011318721276952026,0.05043490460157127,0.030441792970009676,MHb,SAP30BP,True
Smad5,2.90645,0.38569093,0.0036555522935105035,0.01156209588336574,0.04882154882154882,0.028893905191873587,MHb,SMAD5,True
Polk,2.9061995,0.39002538,0.0036584806641003476,0.01156909574620198,0.04959315375982043,0.02966784908094163,MHb,POLK,True
Tbc1d14,2.9035368,0.26069364,0.0036897355509238976,0.011665651394877647,0.059343434343434344,0.03921315704611416,MHb,TBC1D14,True
Zfp511,2.9013956,0.48106897,0.003715046948826355,0.01173191807834172,0.04005331088664422,0.020316027088036117,MHb,ZFP511,True
Prex1,2.9004846,0.53884417,0.0037258626481511364,0.011761480939470069,0.03956228956228956,0.01980006449532409,MHb,PREX1,True
Ubxn8,2.8996978,0.6035162,0.0037352261398174704,0.011786438316727972,0.03647586980920314,0.016833279587229927,MHb,UBXN8,True
H2afy2,2.8985991,0.3200478,0.003748338675550795,0.011818744929094068,0.04910213243546577,0.029216381812318608,MHb,H2AFY2,True
Mrps30,2.898595,0.5245719,0.0037483871088873303,0.011818744929094068,0.036616161616161616,0.016962270235407934,MHb,MRPS30,True
Nbeal2,2.897826,0.9761247,0.0037575916806406066,0.011845458085044204,0.032968574635241304,0.013415027410512738,MHb,NBEAL2,True
Gm37459,2.89726,0.5604969,0.0037643769009749403,0.01186453553649058,0.043560606060606064,0.023863269912931313,MHb,GM37459,True
Med22,2.8928158,0.575036,0.0038180510709114207,0.012029017544213523,0.03521324354657688,0.015607868429538858,MHb,MED22,True
Tufm,2.892601,0.5507959,0.003820662183236855,0.012034899866378991,0.037948933782267116,0.01831667204127701,MHb,TUFM,True
Rbmx2,2.8921764,1.2075044,0.0038258317098777963,0.012048837209360078,0.028479236812570145,0.009029345372460496,MHb,RBMX2,True
Dock2,2.8919704,0.80041414,0.0038283406833839084,0.01205439177608229,0.03458193041526375,0.015027410512737826,MHb,DOCK2,True
A930024E05Rik,2.889621,1.2616817,0.003857065402955301,0.012140111479432183,0.0268658810325477,0.007416962270235408,MHb,A930024E05RIK,True
Nudt16,2.8884845,1.0199932,0.00387103141620263,0.012176960940699639,0.029391133557800226,0.009932279909706547,MHb,NUDT16,True
Lipa,2.887855,0.32266358,0.0038787851662317797,0.012198979207427385,0.04868125701459035,0.028829409867784584,MHb,LIPA,True
Tnfaip8l1,2.886427,1.322548,0.00389643321530971,0.012249719583602442,0.025603254769921438,0.00619155111254434,MHb,TNFAIP8L1,True
Zfp945,2.886131,0.37508354,0.0039000970922411066,0.012258855512436825,0.04861111111111111,0.028829409867784584,MHb,ZFP945,True
Gm10837,2.8846278,1.7038326,0.003918766027621322,0.0123127506792492,0.025883838383838384,0.006514027732989358,MHb,GM10837,True
Mlf1,2.875468,0.9187328,0.0040342888165812,0.012653601242621855,0.03409090909090909,0.014704933892292809,MHb,MLF1,True
Ttl,2.8740778,0.34187698,0.004052092808261277,0.012702461890824737,0.04861111111111111,0.028893905191873587,MHb,TTL,True
Slc25a44,2.8740675,0.3263667,0.004052222773209004,0.012702461890824737,0.04517396184062851,0.0254756530151564,MHb,SLC25A44,True
Osbpl11,2.873757,0.32220694,0.004056210202596303,0.012712497583219375,0.052048260381593714,0.032247662044501774,MHb,OSBPL11,True
Gipc1,2.8725035,0.5187152,0.004072334813062329,0.012758089405632998,0.0361952861952862,0.016704288939051917,MHb,GIPC1,True
Rbfa,2.87052,0.42582053,0.004097969870728002,0.012830945152734308,0.03900112233445567,0.01947758787487907,MHb,RBFA,True
Senp8,2.8703358,0.3741183,0.0041003601237975746,0.012833460720283622,0.04959315375982043,0.029925830377297645,MHb,SENP8,True
Il15ra,2.8692722,0.7777823,0.004114174768132272,0.012869227784672112,0.03275813692480359,0.013350532086423735,MHb,IL15RA,True
Ndufaf6,2.86773,0.35153058,0.0041342832371943136,0.012917139532860347,0.047629068462401794,0.02799097065462754,MHb,NDUFAF6,True
Trmt10b,2.8654723,0.29388097,0.004163876016909968,0.013007086630652517,0.04538439955106622,0.025733634311512415,MHb,TRMT10B,True
Mfap1b,2.8649004,0.39307356,0.004171404249454107,0.013025572149598489,0.04335016835016835,0.02379877458884231,MHb,MFAP1B,True
Jade2,2.8640435,0.3700693,0.004182706377217894,0.013058343109727743,0.04903198653198653,0.029409867784585618,MHb,JADE2,True
Cul4b,2.8638678,0.37058157,0.004185025448160949,0.013063061872636693,0.046296296296296294,0.02670106417284747,MHb,CUL4B,True
Amz2,2.8623052,0.25786147,0.0042057166247300645,0.013120051379943836,0.05611672278338945,0.036310867462109,MHb,AMZ2,True
Tigd2,2.8604205,0.44953525,0.004230796446728534,0.013188115730551942,0.04335016835016835,0.023863269912931313,MHb,TIGD2,True
Hmgxb3,2.8594062,0.28197747,0.004244349434567916,0.013227813507540664,0.05281986531986532,0.03308610125765882,MHb,HMGXB3,True
Vrk2,2.8520658,0.97390056,0.004343612164514812,0.013521540947079885,0.030022446689113354,0.010770719122863592,MHb,VRK2,True
Col5a3,2.850156,0.533729,0.004369779597823648,0.0135977654857248,0.05352132435465769,0.03418252176717188,MHb,COL5A3,True
Xpnpep3,2.845712,0.3384988,0.0044312275254502044,0.01377837470668148,0.04889169472502806,0.029345372460496615,MHb,XPNPEP3,True
Lrrc42,2.845418,0.4160485,0.0044353166549522165,0.013788438764914876,0.044121773288439955,0.024701709126088357,MHb,LRRC42,True
Cd164l2,2.8443146,0.5257086,0.004450707307430343,0.013830968433753277,0.038930976430976434,0.01960657852305708,MHb,CD164L2,True
Arl16,2.8439183,0.50692695,0.004456248067608558,0.013845526794769194,0.03780864197530864,0.01851015801354402,MHb,ARL16,True
Rnasel,2.8418937,0.78118706,0.004484644136446122,0.013923055452402308,0.03367003367003367,0.014446952595936794,MHb,RNASEL,True
Spata24,2.8415506,0.75367635,0.004489471956483062,0.013935369199023898,0.03345959595959596,0.014253466623669784,MHb,SPATA24,True
Fkrp,2.840406,0.29133812,0.004505614616533375,0.013982792866927734,0.0436307519640853,0.02418574653337633,MHb,FKRP,True
Spty2d1,2.83993,0.5652674,0.004512344291193705,0.014000991542309263,0.03654601571268238,0.01728474685585295,MHb,SPTY2D1,True
Stk33,2.8389494,0.8102531,0.004526233256485556,0.014038700464746666,0.03843995510662177,0.01928410190261206,MHb,STK33,True
Gfer,2.8367662,0.5554246,0.00455729741739236,0.014132340054892913,0.0369668911335578,0.017736214124475975,MHb,GFER,True
Tsta3,2.8362117,0.44462797,0.004565216650673132,0.014154184267709011,0.040474186307519644,0.021154466301193164,MHb,TSTA3,True
Eed,2.8319175,0.26706526,0.0046269779297281695,0.014329191654863706,0.05457351290684624,0.035020960980328926,MHb,EED,True
Chd1l,2.8312504,0.9431131,0.004636641421276967,0.01435362200749377,0.030653759820426486,0.011544663011931635,MHb,CHD1L,True
Gm6994,2.8303888,0.91168106,0.004649148842338549,0.014389587165102571,0.03367003367003367,0.014575943244114802,MHb,GM6994,True
Slc2a8,2.8295412,0.5938222,0.004661480211496774,0.014419476462222284,0.0348625140291807,0.015672363753627863,MHb,SLC2A8,True
Pgap2,2.8289464,0.30093238,0.004670154417383135,0.01444354640557786,0.052048260381593714,0.03257013866494679,MHb,PGAP2,True
Cog8,2.8283114,0.4057073,0.004679425641651953,0.014463923132757565,0.03886083052749719,0.01960657852305708,MHb,COG8,True
Gmnn,2.8261464,1.1203496,0.004711171902071867,0.014553706171889313,0.027918069584736253,0.008900354724282489,MHb,GMNN,True
Eid2b,2.8245049,0.5130074,0.004735373830549327,0.014614514731756414,0.03766835016835017,0.01851015801354402,MHb,EID2B,True
Rabepk,2.824321,0.3297194,0.004738088726946408,0.014620103998160654,0.04285914702581369,0.023540793292486296,MHb,RABEPK,True
Gm5617,2.8201823,0.6807028,0.004799638465613699,0.014804376846167349,0.03338945005611672,0.014317961947758787,MHb,GM5617,True
Dcps,2.8174095,0.43922776,0.004841276241618535,0.014918583198357746,0.041456228956228955,0.022250886810706225,MHb,DCPS,True
Krr1,2.817136,0.3532772,0.004845400888195917,0.014928449403155991,0.04538439955106622,0.026120606256046435,MHb,KRR1,True
Mgat4b,2.816117,0.33832055,0.0048607970229464495,0.014967331400372895,0.04931257014590348,0.02999032570138665,MHb,MGAT4B,True
Sbsn,2.81578,0.43259445,0.004865897985691024,0.014980186509050687,0.03865039281705948,0.01947758787487907,MHb,SBSN,True
Urod,2.8151991,0.44993433,0.004874700590568216,0.015004430457172388,0.03731762065095398,0.018187681393099002,MHb,UROD,True
Uspl1,2.8149765,0.37038165,0.004878082157044076,0.015011982285043366,0.04552469135802469,0.026249596904224445,MHb,USPL1,True
Dock5,2.8142917,1.3911151,0.004888486071131401,0.01503827732988787,0.02770763187429854,0.008771364076104482,MHb,DOCK5,True
Apool,2.8132422,0.6932934,0.004904469488329836,0.015078843180713761,0.034511784511784514,0.015478877781360851,MHb,APOOL,True
Hscb,2.8122408,0.51199704,0.00491976671213966,0.015123000108106993,0.03514309764309764,0.016059335698161883,MHb,HSCB,True
Spag16,2.8103566,0.8013534,0.004948662728131563,0.015206044762068396,0.04068462401795735,0.021734924217994195,MHb,SPAG16,True
Slc37a1,2.8091972,0.6653537,0.004966521898231261,0.015252229296352886,0.036265432098765434,0.017220251531763948,MHb,SLC37A1,True
Saxo2,2.8003318,0.6225887,0.005105009267021576,0.015650781822227823,0.03851010101010101,0.019542083198968076,MHb,SAXO2,True
Zfp946,2.8002474,0.38550955,0.005106344503810579,0.015651908726385468,0.046787317620650956,0.02760399871009352,MHb,ZFP946,True
Cdkn2aipnl,2.797632,0.53011715,0.005147872208468972,0.01576426220597986,0.036265432098765434,0.01728474685585295,MHb,CDKN2AIPNL,True
Diablo,2.7973316,0.29994628,0.005152663155798061,0.015774954952399667,0.05169753086419753,0.032441148016768784,MHb,DIABLO,True
Drg2,2.7972295,0.26511216,0.005154289763427032,0.015774954952399667,0.04377104377104377,0.02457271847791035,MHb,DRG2,True
Rbbp9,2.7941785,0.60912424,0.005203173891011726,0.01590951563083453,0.035704264870931535,0.01676878426314092,MHb,RBBP9,True
Cytip,2.7932155,0.8010879,0.0052186897582595475,0.015953941946673253,0.03640572390572391,0.017542728152208965,MHb,CYTIP,True
Metap1,2.7918453,0.2822614,0.005240838741230487,0.016009549884684254,0.05303030303030303,0.03379554982263786,MHb,METAP1,True
Smarcal1,2.7899113,0.36303228,0.0052722473025432265,0.016096678164996513,0.04769921436588103,0.02857142857142857,MHb,SMARCAL1,True
Ddx52,2.7894845,0.34618905,0.005279201101190674,0.016114564599312917,0.04559483726150393,0.02650757820058046,MHb,DDX52,True
Rhoj,2.7886884,0.75812626,0.005292195603566535,0.016151181865601643,0.03640572390572391,0.017542728152208965,MHb,RHOJ,True
Ganc,2.7885249,0.5293835,0.005294866409067021,0.016156284506066605,0.038369809203142535,0.019413092550790066,MHb,GANC,True
Ak1,2.7880192,0.275934,0.005303140379324522,0.01617542817944072,0.04980359147025814,0.030635278942276686,MHb,AK1,True
Exosc9,2.7869158,0.31459644,0.0053212312097263206,0.01622143136398855,0.042789001122334455,0.023734279264753307,MHb,EXOSC9,True
Myo3b,2.786204,0.9195714,0.00533293012290413,0.01625096924227097,0.03801907968574635,0.01928410190261206,MHb,MYO3B,True
Clic5,2.7833738,1.2843132,0.005379678442617083,0.016387250246578403,0.02595398428731762,0.007223476297968397,MHb,CLIC5,True
Casp8ap2,2.781246,0.2964103,0.005415069468650709,0.016488845755915894,0.05457351290684624,0.035407932924862946,MHb,CASP8AP2,True
Rxfp2,2.779264,2.102572,0.005448223391432707,0.016583555392627784,0.023919753086419752,0.005288616575298291,MHb,RXFP2,True
Adck5,2.776548,0.33195695,0.005493953730975296,0.016707031697410304,0.046085858585858584,0.027023540793292486,MHb,ADCK5,True
Ccsap,2.77619,0.75652564,0.005500005621845918,0.016722291528826642,0.029320987654320986,0.010577233150596582,MHb,CCSAP,True
Mlx,2.7752628,0.31147596,0.005515711438060827,0.016766892033571484,0.04349046015712683,0.024508223153821347,MHb,MLX,True
St6gal1,2.7748678,0.3300384,0.005522415571089898,0.016784117223295585,0.049172278338945004,0.030054821025475652,MHb,ST6GAL1,True
Enkur,2.7720168,0.6801294,0.005571018395092027,0.016922295312791276,0.03668630751964085,0.017929700096742985,MHb,ENKUR,True
Naa60,2.7718067,0.394795,0.005574613782743823,0.016927842210025575,0.04075476992143659,0.0218639148661722,MHb,NAA60,True
Rpain,2.7694445,0.5681603,0.005615197674656428,0.01704368969554658,0.03612514029180696,0.017349242179941955,MHb,RPAIN,True
Fam207a,2.7641852,0.5715962,0.005706513200932484,0.017314359599527842,0.03647586980920314,0.017736214124475975,MHb,FAM207A,True
Nufip1,2.7621534,0.48450485,0.005742151399028437,0.017409428093586688,0.041035353535353536,0.022250886810706225,MHb,NUFIP1,True
Ydjc,2.7606745,0.45904186,0.0057682155351280765,0.017478622383045456,0.035844556677890015,0.01709126088358594,MHb,YDJC,True
Mynn,2.757749,0.4952571,0.00582008697869309,0.017619297563234274,0.03900112233445567,0.020251531763947114,MHb,MYNN,True
Lyar,2.7562904,0.5233188,0.005846107652453563,0.017684830985306974,0.034301346801346805,0.015607868429538858,MHb,LYAR,True
Vps72,2.755958,0.29791513,0.005852049228245878,0.017699494440328548,0.04636644219977553,0.02747500806191551,MHb,VPS72,True
Ppm1d,2.75534,0.3489538,0.005863113587335952,0.017729643349253883,0.04615600448933782,0.0272815220896485,MHb,PPM1D,True
Hbb-bs,2.7547474,0.4264461,0.005873748259975395,0.017755163166716877,0.08536756453423121,0.06746210899709772,MHb,HBB-BS,True
Morn4,2.7520885,0.2920706,0.005921648809308961,0.01788992706211663,0.04538439955106622,0.02650757820058046,MHb,MORN4,True
Tmem216,2.7516289,0.4724823,0.005929969998603948,0.017909484307484097,0.03928170594837262,0.02057400838439213,MHb,TMEM216,True
Mcm9,2.7506056,0.6958543,0.005948519705566575,0.017957690600511264,0.035072951739618406,0.016446307642695904,MHb,MCM9,True
Lypla1,2.7472265,0.44920447,0.006010161007052238,0.018130241381773583,0.039141414141414144,0.020445017736214124,MHb,LYPLA1,True
Ldb1,2.7434645,0.28490347,0.0060794633583190205,0.01832904376902333,0.04868125701459035,0.029796839729119638,MHb,LDB1,True
Gpn3,2.7432835,0.37221813,0.006082815309792203,0.01833573194854433,0.037387766554433224,0.01870364398581103,MHb,GPN3,True
Olfml1,2.7426493,1.3068515,0.0060945727854094965,0.01836775010322314,0.026725589225589225,0.008255401483392454,MHb,OLFML1,True
Oat,2.7406957,0.2776989,0.006130925621268929,0.01846639503212654,0.05464365881032548,0.035794904869396967,MHb,OAT,True
Tmem19,2.736138,0.25763032,0.006216492444867129,0.01870725600316584,0.05022446689113356,0.031344727507255726,MHb,TMEM19,True
Ly75,2.736057,1.168519,0.006218023539108383,0.01870725600316584,0.029180695847362513,0.010770719122863592,MHb,LY75,True
Rpa3,2.7357984,0.5484615,0.006222912552924657,0.01871617897797626,0.035704264870931535,0.017155756207674944,MHb,RPA3,True
Rarres2,2.7356365,0.36109245,0.006225977928279609,0.018721917268994734,0.07014590347923681,0.05153176394711383,MHb,RARRES2,True
Wdr45,2.7341352,0.59585816,0.006254435645318856,0.018803995643686337,0.03535353535353535,0.016833279587229927,MHb,WDR45,True
Hddc3,2.7271385,0.9616491,0.006388622662058951,0.019186032595396127,0.027918069584736253,0.009545307965172525,MHb,HDDC3,True
Zfp931,2.722537,0.472033,0.006478278291560431,0.01943363341357381,0.03731762065095398,0.018832634633989036,MHb,ZFP931,True
Mrrf,2.7215545,0.35491544,0.006497568566024309,0.01947705180790274,0.039913019079685745,0.021347952273460175,MHb,MRRF,True
Rxrb,2.7201545,0.27777344,0.0065251414854142435,0.019552457118669025,0.046997755331088666,0.028313447275072557,MHb,RXRB,True
Tmem120b,2.7192328,0.49939167,0.006543354732648255,0.019596141973816983,0.04005331088664422,0.021541438245727185,MHb,TMEM120B,True
Zfp688,2.7180524,0.69920665,0.006566745123943474,0.019651637813096336,0.029320987654320986,0.010964205095130602,MHb,ZFP688,True
Sema4b,2.7128823,0.4808366,0.0066700801855298555,0.01994016672201638,0.03886083052749719,0.02038052241212512,MHb,SEMA4B,True
Pcsk2os1,2.7128587,0.48863465,0.006670555927841152,0.01994016672201638,0.03843995510662177,0.0199935504675911,MHb,PCSK2OS1,True
Plpp5,2.7117336,0.49446213,0.006693236577149923,0.02000057299748753,0.03654601571268238,0.018123186069009995,MHb,PLPP5,True
Ptp4a3,2.7091682,0.29297516,0.006745215016401415,0.020148449287219372,0.0382996632996633,0.01980006449532409,MHb,PTP4A3,True
Pold2,2.708083,0.7084714,0.006767311192834743,0.020206988839597925,0.03107463524130191,0.012770074169622702,MHb,POLD2,True
Uxt,2.7064385,0.99872196,0.00680091631118831,0.020303584594586734,0.027777777777777776,0.009545307965172525,MHb,UXT,True
Mmgt1,2.705679,0.31248719,0.006816492876920374,0.020342577912211633,0.039913019079685745,0.021412447597549178,MHb,MMGT1,True
Nfrkb,2.7028642,0.29141748,0.006874482111841402,0.020492950268896918,0.054924242424242424,0.03624637213801999,MHb,NFRKB,True
Yes1,2.702465,0.2600673,0.006882740454331369,0.020513787884431527,0.058922558922558925,0.04018058690744921,MHb,YES1,True
Tango6,2.6991494,0.35673428,0.0069516957331715885,0.020700235361570406,0.04755892255892256,0.029022895840051598,MHb,TANGO6,True
N6amt1,2.699082,0.25604546,0.00695310654252764,0.02070062549703379,0.04517396184062851,0.026636568848758466,MHb,N6AMT1,True
Tor2a,2.697911,0.29561424,0.006977610903699134,0.02076975641651334,0.03808922558922559,0.019671073847146083,MHb,TOR2A,True
Nifk,2.6962726,0.48778075,0.007012024569712798,0.02086451387327162,0.036616161616161616,0.01831667204127701,MHb,NIFK,True
Yod1,2.6948383,0.3470992,0.007042279321187662,0.020939130150773977,0.039702581369248036,0.02128345694937117,MHb,YOD1,True
A230077H06Rik,2.6923904,0.8493395,0.00709418550987258,0.021089588425324202,0.034161054994388325,0.01599484037407288,MHb,A230077H06RIK,True
Vrk3,2.6912146,0.48760018,0.0071192366891670794,0.021160171526511857,0.03808922558922559,0.01980006449532409,MHb,VRK3,True
Usp50,2.6862047,0.42353034,0.00722688098798732,0.02144465235382405,0.04496352413019079,0.026636568848758466,MHb,USP50,True
Sgf29,2.6841106,0.36479592,0.007272305478620343,0.021563618903150145,0.03907126823793491,0.02076749435665914,MHb,SGF29,True
Ptk7,2.6782057,0.40703484,0.00740177344859301,0.021915373518395013,0.04657687991021325,0.028248951950983554,MHb,PTK7,True
Pwp1,2.6771388,0.5757191,0.007425387030271384,0.02198126559565147,0.03872053872053872,0.02057400838439213,MHb,PWP1,True
Dusp28,2.6770558,0.7034177,0.007427228134502712,0.0219826926030341,0.032407407407407406,0.014317961947758787,MHb,DUSP28,True
Usp39,2.6762662,0.5696327,0.007444746557125879,0.022026481719683754,0.03381032547699214,0.015672363753627863,MHb,USP39,True
Hddc2,2.674449,0.3249755,0.007485214318037608,0.02213811329205674,0.04370089786756454,0.025411157691067398,MHb,HDDC2,True
Gfm1,2.6738765,0.28067514,0.007498007514778454,0.022171896078892413,0.04713804713804714,0.02876491454369558,MHb,GFM1,True
Kbtbd3,2.6734753,0.27408302,0.007506980460938501,0.022194371953149376,0.045454545454545456,0.02708803611738149,MHb,KBTBD3,True
Zfp617,2.6660118,0.4526707,0.007675697242090624,0.022668322601938257,0.040333894500561164,0.022186391486617222,MHb,ZFP617,True
Lrrc51,2.6631129,0.5761808,0.007742144123449792,0.022847871044845904,0.036826599326599326,0.018768139309900032,MHb,LRRC51,True
Rnf113a2,2.662164,0.9639198,0.00776400234264266,0.022908197353565307,0.028058361391694726,0.010125765881973557,MHb,RNF113A2,True
Rp2,2.6615908,0.51569045,0.007777237405858777,0.02293887947479317,0.04117564534231201,0.02308932602386327,MHb,RP2,True
Tfpt,2.6584985,0.48152417,0.007848968589289783,0.023133993587647193,0.03598484848484849,0.017929700096742985,MHb,TFPT,True
Trub2,2.6564476,0.30180144,0.007896870282075787,0.02326627992943094,0.045454545454545456,0.027217026765559496,MHb,TRUB2,True
Gart,2.6556163,0.3354709,0.007916360939028848,0.023310966355141384,0.043911335578002246,0.025733634311512415,MHb,GART,True
Ccdc43,2.6521285,0.50369674,0.007998609837655442,0.02354030460772867,0.03766835016835017,0.019671073847146083,MHb,CCDC43,True
Zcchc9,2.6500797,0.36150628,0.008047280082984578,0.02367843030378082,0.0436307519640853,0.025540148339245405,MHb,ZCCHC9,True
Cstf2t,2.6500297,0.3124022,0.008048470467399503,0.02367843030378082,0.043209876543209874,0.02508868107062238,MHb,CSTF2T,True
Lyplal1,2.6459637,0.76425624,0.008145855797743632,0.023943161462566462,0.028759820426487094,0.010899709771041599,MHb,LYPLAL1,True
Snhg18,2.6456869,1.386195,0.008152525448753032,0.023951478147268116,0.022166105499438832,0.004385682038052241,MHb,SNHG18,True
Sorbs2os,2.645583,0.42462584,0.00815503189722241,0.023952722160445337,0.04489337822671156,0.026830054821025476,MHb,SORBS2OS,True
Amt,2.6449108,0.37980875,0.008171242789253326,0.023995978960815643,0.04159652076318743,0.023540793292486296,MHb,AMT,True
Tmem107,2.6440473,0.4175487,0.008192123071098125,0.024048564550818902,0.04271885521885522,0.024701709126088357,MHb,TMEM107,True
Otx1,2.6425784,1.8168997,0.00822774064506866,0.024148739781162328,0.02251683501683502,0.004772653982586262,MHb,OTX1,True
Sat2,2.6384854,0.45586982,0.008327727206086788,0.02441562217844006,0.036826599326599326,0.01889712995807804,MHb,SAT2,True
Myl12a,2.6340961,0.54130644,0.008436162519673355,0.024711142476587563,0.03612514029180696,0.018252176717188005,MHb,MYL12A,True
Rcbtb2,2.634003,0.25953838,0.008438478311097853,0.024713450422235703,0.051627384960718295,0.03347307320219284,MHb,RCBTB2,True
Slc13a3,2.6324713,1.1798726,0.008476619378259597,0.02482065866099728,0.024691358024691357,0.006965495001612383,MHb,SLC13A3,True
Kcnk12,2.6307445,0.30545208,0.00851980539120245,0.02492906154173293,0.049172278338945004,0.03108674621089971,MHb,KCNK12,True
Cdr2,2.626817,0.5943309,0.00861876716764026,0.025200390263301016,0.03444163860830528,0.016639793614962914,MHb,CDR2,True
Dok4,2.6160386,0.69819766,0.008895650470282035,0.0259349578869524,0.029110549943883277,0.011415672363753628,MHb,DOK4,True
Entpd7,2.612835,0.46336973,0.008979464851978338,0.026167700608634617,0.037387766554433224,0.01960657852305708,MHb,ENTPD7,True
Zfp788,2.6128018,0.3222427,0.008980334224329568,0.026167700608634617,0.048120089786756456,0.03018381167365366,MHb,ZFP788,True
Chrna4,2.6119206,0.32544377,0.00900351559251125,0.026230523182433265,0.04068462401795735,0.022766849403418252,MHb,CHRNA4,True
Cntrl,2.6110542,0.25169703,0.009026358239895279,0.02628760254416747,0.060886644219977554,0.04276039987100935,MHb,CNTRL,True
Brms1,2.6090755,0.37784755,0.00907871836106062,0.026430574062303012,0.039141414141414144,0.021347952273460175,MHb,BRMS1,True
Art3,2.6075926,1.464868,0.009118139252136885,0.02653525253505568,0.023007856341189674,0.005482102547565301,MHb,ART3,True
Nudt14,2.607538,0.855193,0.009119596219003061,0.02653525253505568,0.029320987654320986,0.011738148984198645,MHb,NUDT14,True
Pym1,2.606729,0.56360734,0.009141169219534452,0.026588457494330118,0.034301346801346805,0.016639793614962914,MHb,PYM1,True
Qrsl1,2.6057923,0.45794022,0.009166202531930033,0.02665168541326052,0.0375280583613917,0.01980006449532409,MHb,QRSL1,True
Pmm2,2.6047018,0.33174145,0.009195428001379461,0.026731856204585333,0.04026374859708193,0.022444372782973235,MHb,PMM2,True
Gm28501,2.6042655,0.9161473,0.009207141456748077,0.026761098483899397,0.03058361391694725,0.013028055465978716,MHb,GM28501,True
Zfp422,2.6038482,0.5773343,0.009218359669911868,0.026788891063748554,0.03303872053872054,0.015414382457271848,MHb,ZFP422,True
Gm2000,2.602168,0.4989146,0.009263646473818795,0.026910826457259163,0.0375280583613917,0.019864559819413093,MHb,GM2000,True
Ppp1r16a,2.6020715,0.27763706,0.009266255396006009,0.0269135717418562,0.044121773288439955,0.026249596904224445,MHb,PPP1R16A,True
Bet1l,2.6018176,0.43324596,0.009273118348119107,0.026928669529771375,0.03612514029180696,0.018445662689455015,MHb,BET1L,True
Pifo,2.5983126,0.8391627,0.009368313465691228,0.027166093637066263,0.03247755331088664,0.014962915188648823,MHb,PIFO,True
Bcl10,2.5976772,0.6462854,0.009385666376780507,0.02721153497838765,0.03233726150392817,0.014769429216381812,MHb,BCL10,True
Mzt2,2.5971572,0.43518066,0.009399887214865428,0.02724299869207101,0.033950617283950615,0.016317316994517897,MHb,MZT2,True
Coq4,2.5953393,0.4153484,0.009449755927305402,0.027372815566648435,0.03493265993265993,0.01728474685585295,MHb,COQ4,True
Mex3c,2.5947816,0.30244848,0.00946510463696276,0.02741236660749734,0.04748877665544332,0.02966784908094163,MHb,MEX3C,True
Ubr7,2.5937147,0.38496545,0.00949452611080002,0.027487732207300934,0.03928170594837262,0.021605933569816188,MHb,UBR7,True
Eif1ad,2.5923789,0.48633096,0.009531473767876908,0.02758482522730524,0.03500280583613917,0.017413737504030958,MHb,EIF1AD,True
Ptrh2,2.5887835,0.49728176,0.009631560156283981,0.027849568381818627,0.03381032547699214,0.016252821670428894,MHb,PTRH2,True
Nfkbil1,2.5886931,0.39176315,0.009634091278303367,0.027851908208499903,0.035072951739618406,0.01747823282811996,MHb,NFKBIL1,True
Recql,2.5884278,0.51034266,0.00964151806392334,0.027868397906354543,0.0348625140291807,0.01728474685585295,MHb,RECQL,True
Nsun6,2.5874681,0.29353583,0.009668414267686946,0.027941147182389915,0.050294612794612795,0.03250564334085779,MHb,NSUN6,True
Med4,2.5842063,0.36787277,0.009760335595113072,0.02820175567183886,0.03928170594837262,0.02167042889390519,MHb,MED4,True
Coil,2.5815241,0.44623047,0.009836510812494764,0.028416781995374674,0.036054994388327724,0.01851015801354402,MHb,COIL,True
Fam183b,2.57989,0.5279129,0.009883180974934905,0.028546509333852162,0.04790965207631874,0.030441792970009676,MHb,FAM183B,True
Hist3h2a,2.578854,0.25369278,0.00991286652327752,0.02861692236552095,0.03675645342312009,0.019155111254434053,MHb,HIST3H2A,True
Entpd3,2.5787075,0.59118295,0.00991707225491944,0.028618848121912923,0.031144781144781145,0.013673008706868751,MHb,ENTPD3,True
Wbp1l,2.5773516,0.46023953,0.009956065284425563,0.02871593449899223,0.042578563411896746,0.025024185746533378,MHb,WBP1L,True
Ercc1,2.5771246,0.44749278,0.00996260333616311,0.02872461835337581,0.03381032547699214,0.016317316994517897,MHb,ERCC1,True
Cep97,2.5755289,0.25023487,0.010008691869340955,0.028836941750372273,0.05324074074074074,0.035407932924862946,MHb,CEP97,True
Tmem141,2.5711408,0.6206749,0.010136411078749887,0.02918932690026338,0.03177609427609428,0.01438245727184779,MHb,TMEM141,True
Rmnd5b,2.5675774,0.3479285,0.010241196970112304,0.029475331137289413,0.035283389450056116,0.017800709448564978,MHb,RMND5B,True
Tapbpl,2.5674057,0.66776216,0.010246264908150643,0.029484670857380654,0.02882996632996633,0.011480167687842631,MHb,TAPBPL,True
Cdpf1,2.5667622,0.6500756,0.010265299558855679,0.029534190744306403,0.027847923681257016,0.010512737826507579,MHb,CDPF1,True
Klf4,2.5651643,0.618531,0.01031269276397594,0.02965472097018859,0.0369668911335578,0.01960657852305708,MHb,KLF4,True
Noa1,2.5626576,0.5411476,0.010387440103221889,0.029832536162928632,0.03128507295173962,0.013930990003224767,MHb,NOA1,True
Fam217b,2.5575862,0.3512861,0.010540142433940273,0.030254978503812587,0.037948933782267116,0.020509513060303127,MHb,FAM217B,True
Ikzf5,2.5563166,0.27583534,0.010578679984182694,0.030349441068491502,0.04222783389450056,0.024701709126088357,MHb,IKZF5,True
Rrp8,2.5563166,0.58727294,0.010578679984182694,0.030349441068491502,0.028900112233445567,0.011609158336020638,MHb,RRP8,True
Ddx23,2.5548425,0.29391974,0.010623585847849051,0.030467464732084823,0.0470679012345679,0.029538858432763625,MHb,DDX23,True
Dnajc17,2.5527012,0.4745437,0.010689117555957603,0.0306282509242895,0.03851010101010101,0.021154466301193164,MHb,DNAJC17,True
Lxn,2.5517151,0.5473354,0.010719410496827293,0.030698120938815195,0.031144781144781145,0.013866494679135763,MHb,LXN,True
Ptgfrn,2.5507488,0.6347733,0.010749175776644805,0.0307676372654804,0.031144781144781145,0.013866494679135763,MHb,PTGFRN,True
Tmem192,2.5494618,0.29819363,0.010788935324124447,0.03087051633959189,0.041035353535353536,0.0236052886165753,MHb,TMEM192,True
Morn1,2.54599,0.3531564,0.010896830277390206,0.03115719104415531,0.04243827160493827,0.025024185746533378,MHb,MORN1,True
Pdcd2l,2.544601,0.29736573,0.010940268762581558,0.031253770263998004,0.038790684624017954,0.021412447597549178,MHb,PDCD2L,True
Zfp386,2.5437393,0.2829966,0.010967291831473082,0.03132543623063343,0.044542648709315374,0.02708803611738149,MHb,ZFP386,True
Pnrc2,2.5435584,0.47855276,0.010972975054316943,0.031330603972387745,0.03745791245791246,0.02018703643985811,MHb,PNRC2,True
Nat9,2.5412002,0.3946387,0.011047266155340196,0.03151490830028707,0.03521324354657688,0.017929700096742985,MHb,NAT9,True
Sharpin,2.540647,0.32550064,0.011064754659833012,0.03155923234399559,0.03928170594837262,0.021928410190261205,MHb,SHARPIN,True
Mfap1a,2.540393,0.29426393,0.011072791804984048,0.031576588054586914,0.040333894500561164,0.022960335375685263,MHb,MFAP1A,True
Tbc1d7,2.537415,0.39057177,0.011167445120006543,0.0318128610102335,0.036616161616161616,0.019348597226701063,MHb,TBC1D7,True
Dph5,2.537143,0.38099694,0.011176130578218785,0.031831997200684775,0.04194725028058362,0.024637213801999354,MHb,DPH5,True
Mettl22,2.536646,0.49599308,0.011192008339526889,0.03186599804468358,0.034161054994388325,0.016962270235407934,MHb,METTL22,True
Scly,2.532865,0.29996964,0.011313453153608783,0.032177792291123976,0.04026374859708193,0.02289584005159626,MHb,SCLY,True
Satb1,2.5325253,0.33758655,0.01132442051749373,0.032203323113653495,0.04650673400673401,0.029151886488229604,MHb,SATB1,True
Nat8f1,2.5315657,0.72531956,0.01135545488442361,0.03228589958789803,0.028900112233445567,0.01180264430828765,MHb,NAT8F1,True
Triap1,2.5311842,0.6369411,0.011367815340096567,0.03231459908312763,0.031425364758698095,0.014317961947758787,MHb,TRIAP1,True
Umodl1,2.5305467,0.7884458,0.011388493797370003,0.032362770058408256,0.0295314253647587,0.012447597549177685,MHb,UMODL1,True
Slc25a38,2.5285783,0.52116996,0.011452558207915913,0.03253432993632319,0.03177609427609428,0.014640438568203806,MHb,SLC25A38,True
Pdpr,2.528568,0.25879925,0.01145288869597677,0.03253432993632319,0.050294612794612795,0.032828119961302804,MHb,PDPR,True
Ttc9c,2.5274012,0.45172355,0.011491017623832728,0.03263691133722465,0.033740179573512906,0.01657529829087391,MHb,TTC9C,True
Trim26,2.5243502,0.28753057,0.011591241752001664,0.03290423575616478,0.044332210998877665,0.027023540793292486,MHb,TRIM26,True
Rpf1,2.523113,0.7308146,0.011632102071736105,0.03300864052812833,0.030513468013468013,0.013479522734601741,MHb,RPF1,True
St3gal2,2.5165186,0.3025274,0.011852060726698699,0.03360923601934633,0.046085858585858584,0.028829409867784584,MHb,ST3GAL2,True
Mtf1,2.515208,0.25366747,0.011896219022984987,0.03372854385570239,0.04945286195286195,0.03211867139632377,MHb,MTF1,True
Alkbh3,2.514794,0.32114983,0.01191019522495299,0.03376225162348661,0.04250841750841751,0.02528216704288939,MHb,ALKBH3,True
Pggt1b,2.5144036,0.37599212,0.01192338677204143,0.033789291521202705,0.04510381593714927,0.027926475330538537,MHb,PGGT1B,True
Tnfaip8,2.5121617,0.79296494,0.011999409493206858,0.033982151436446575,0.029110549943883277,0.012125120928732667,MHb,TNFAIP8,True
Nelfcd,2.5121334,0.33987567,0.012000373972487348,0.033982151436446575,0.03717732884399551,0.020058045791680103,MHb,NELFCD,True
Sugct,2.509871,0.7122671,0.012077524369500563,0.03418865185101008,0.033740179573512906,0.01676878426314092,MHb,SUGCT,True
Rnf2,2.5053303,0.32332686,0.012233705796126525,0.034606539218668506,0.04313973063973064,0.02599161560786843,MHb,RNF2,True
Pex19,2.5026603,0.28608966,0.012326380382517018,0.034838232166208766,0.04384118967452301,0.02670106417284747,MHb,PEX19,True
Dnajc14,2.5021303,0.46987668,0.012344853173647367,0.03488434662539241,0.03479236812570146,0.017800709448564978,MHb,DNAJC14,True
Timm21,2.501679,0.4087293,0.012360592003555583,0.03492272063886665,0.03500280583613917,0.01799419542083199,MHb,TIMM21,True
Neurod2,2.5009735,0.31527197,0.012385249029078258,0.03498012688541961,0.034301346801346805,0.017220251531763948,MHb,NEUROD2,True
Taf7,2.500912,0.48290804,0.012387398256549215,0.03498012688541961,0.03612514029180696,0.019155111254434053,MHb,TAF7,True
Flcn,2.4944258,0.35761333,0.012616113908920583,0.03557009630064327,0.042017396184062854,0.024959690422444374,MHb,FLCN,True
Clec11a,2.4914606,1.579772,0.012721912542192747,0.03584339581431244,0.021184062850729518,0.0044501773621412445,MHb,CLEC11A,True
Enpp4,2.4890435,0.41562608,0.012808726588484691,0.0360817054282027,0.035704264870931535,0.018768139309900032,MHb,ENPP4,True
Prpf4,2.486279,0.26859394,0.012908675203679932,0.036350595651031145,0.040123456790123455,0.02308932602386327,MHb,PRPF4,True
Atg14,2.4827363,0.3940146,0.013037756300044919,0.03670130667476968,0.04026374859708193,0.023347307320219283,MHb,ATG14,True
Zfp780b,2.480805,0.37392685,0.013108608144599241,0.03688974404521711,0.038580246913580245,0.02167042889390519,MHb,ZFP780B,True
Dbt,2.480734,0.34459755,0.013111215816195856,0.03688974404521711,0.04159652076318743,0.024637213801999354,MHb,DBT,True
Cbfb,2.4786556,0.44777334,0.013187861952533136,0.037085129882166806,0.04398148148148148,0.02708803611738149,MHb,CBFB,True
Cyp4f13,2.476535,0.8064564,0.013266459925446571,0.03729318548733026,0.02988215488215488,0.013157046114156724,MHb,CYP4F13,True
Hspa2,2.4763567,0.79853904,0.013273086996633118,0.03730533139366476,0.03037317620650954,0.013673008706868751,MHb,HSPA2,True
Tmem212,2.4755018,0.37013295,0.013304907498918194,0.037381775020844506,0.05765993265993266,0.040825540148339244,MHb,TMEM212,True
Ppp1r8,2.4753919,0.3144943,0.013309009347604813,0.03738680552231814,0.040333894500561164,0.023411802644308286,MHb,PPP1R8,True
Nkrf,2.474944,0.5412154,0.013325705076940841,0.037427206046104895,0.03191638608305275,0.015156401160915834,MHb,NKRF,True
A830011K09Rik,2.4720376,1.9165149,0.01343453970179184,0.037719784703433956,0.019430415263748595,0.002837794259916156,MHb,A830011K09RIK,True
Tex10,2.470259,0.25002435,0.013501532079549721,0.03789079402625142,0.048961840628507294,0.03192518542405676,MHb,TEX10,True
Ier5,2.46993,0.27341598,0.013513950575646298,0.037916418137220964,0.03921156004489338,0.02231538213479523,MHb,IER5,True
Cdr1,2.4685645,0.9619184,0.013565619567873234,0.038054786075329444,0.027146464646464648,0.010512737826507579,MHb,CDR1,True
Utp6,2.4576719,0.33613276,0.013984083828042365,0.039126890835250866,0.041245791245791245,0.024443727829732344,MHb,UTP6,True
Adamts20,2.4570143,0.3732621,0.014009713476854264,0.0391782703126068,0.04790965207631874,0.03108674621089971,MHb,ADAMTS20,True
Gtpbp1,2.4558992,0.5171934,0.014053252288666985,0.039279653666699235,0.03388047138047138,0.017220251531763948,MHb,GTPBP1,True
AU022252,2.4528193,0.6463961,0.014174152484184778,0.03959704947006715,0.02904040404040404,0.012447597549177685,MHb,AU022252,True
Zfp287,2.4519577,0.25483367,0.014208139789234693,0.039685142650815255,0.050505050505050504,0.03353756852628184,MHb,ZFP287,True
Pycrl,2.4513578,0.27810568,0.014231834809156643,0.039744462713761856,0.03633557800224467,0.01960657852305708,MHb,PYCRL,True
Cacnb1,2.4512167,0.33047652,0.014237416743432369,0.03975318761004981,0.04489337822671156,0.028119961302805547,MHb,CACNB1,True
Usp1,2.448681,0.26829973,0.014338034224558465,0.04001423154848194,0.04075476992143659,0.02399226056110932,MHb,USP1,True
Sephs1,2.4486737,0.52274,0.014338329895208736,0.04001423154848194,0.03479236812570146,0.018187681393099002,MHb,SEPHS1,True
Airn,2.4477959,0.4072683,0.014373310688422455,0.0400911019805541,0.03843995510662177,0.021734924217994195,MHb,AIRN,True
Gm8797,2.4460514,0.87133795,0.014443038263286065,0.04027864550149174,0.026024130190796857,0.009545307965172525,MHb,GM8797,True
Cdkn2aip,2.4437723,0.3637925,0.01453459515933833,0.04049209037242464,0.03500280583613917,0.018381167365366012,MHb,CDKN2AIP,True
Rtn4rl2,2.4412117,1.8429554,0.01463807457530984,0.04074970550215438,0.020833333333333332,0.0044501773621412445,MHb,RTN4RL2,True
Samhd1,2.4408402,0.40226087,0.014653137261754037,0.04078019532155395,0.04264870931537598,0.02599161560786843,MHb,SAMHD1,True
Adprhl2,2.4378526,0.2930309,0.014774793806894306,0.04108342613486598,0.03780864197530864,0.021154466301193164,MHb,ADPRHL2,True
Tfb2m,2.4365177,0.43373224,0.014829446936081568,0.04119290815578214,0.035072951739618406,0.01851015801354402,MHb,TFB2M,True
Col8a2,2.4331715,1.3764933,0.014967208819745007,0.04153278481032347,0.022937710437710437,0.006578523057078362,MHb,COL8A2,True
Rab37,2.4330142,0.38809943,0.014973714489454401,0.041543710440295874,0.03907126823793491,0.022444372782973235,MHb,RAB37,True
Yipf6,2.4325705,0.26547033,0.01499207222014064,0.04158037862839075,0.04503367003367004,0.028313447275072557,MHb,YIPF6,True
Umad1,2.4319053,0.31853408,0.015019631989621321,0.041649673826868655,0.04117564534231201,0.02457271847791035,MHb,UMAD1,True
Cnppd1,2.431634,0.42378166,0.015030892550196111,0.0416737550564659,0.03745791245791246,0.02089648500483715,MHb,CNPPD1,True
Rabl3,2.4291291,0.8257497,0.01513513794372713,0.04190898478044995,0.02728675645342312,0.010899709771041599,MHb,RABL3,True
Nqo2,2.4290974,0.70899564,0.015136463003857101,0.04190898478044995,0.029110549943883277,0.012705578845533699,MHb,NQO2,True
Tmem251,2.4281197,0.6192629,0.015177336222886067,0.04201496036371421,0.029952300785634118,0.013544018058690745,MHb,TMEM251,True
Nubp2,2.42648,0.68688613,0.015246090401536943,0.04217595487421468,0.026374859708193043,0.00999677523379555,MHb,NUBP2,True
Trmt10c,2.4262376,0.5262948,0.015256279515846903,0.04219017287892352,0.031004489337822672,0.014575943244114802,MHb,TRMT10C,True
Rab33a,2.4250424,0.3390183,0.015306603238050628,0.04232108919408158,0.03247755331088664,0.01599484037407288,MHb,RAB33A,True
Zfp281,2.424989,0.38750905,0.01530885272794877,0.04232108919408158,0.04117564534231201,0.024637213801999354,MHb,ZFP281,True
Eif5a2,2.4243596,0.3060324,0.015335412992159217,0.04238727018936694,0.038930976430976434,0.022379877458884232,MHb,EIF5A2,True
Lsm10,2.4242368,0.99627984,0.015340604384912958,0.042394374837855305,0.024761503928170593,0.008448887455659465,MHb,LSM10,True
Gmppa,2.4220088,0.26467797,0.015434974054232359,0.04264059868953175,0.044121773288439955,0.02747500806191551,MHb,GMPPA,True
Tmem42,2.420867,0.6748637,0.015483543802548261,0.04274557450182934,0.02770763187429854,0.011351177039664625,MHb,TMEM42,True
Wdr89,2.4187822,0.29030725,0.015572557150208197,0.042969312846232954,0.04292929292929293,0.026378587552402452,MHb,WDR89,True
Gemin8,2.4183116,0.7524814,0.015592717278074037,0.04301760224677598,0.028128507295173962,0.01180264430828765,MHb,GEMIN8,True
Pcna,2.4146974,0.5731739,0.015748285942696307,0.04339497872625431,0.031425364758698095,0.01509190583682683,MHb,PCNA,True
Angptl6,2.4072955,0.6577612,0.016071160486659263,0.04422439960389819,0.028058361391694726,0.01180264430828765,MHb,ANGPTL6,True
Leo1,2.4066284,0.31481576,0.016100547592975484,0.044290196822513346,0.03900112233445567,0.022573363431151242,MHb,LEO1,True
Gm10785,2.406485,0.28936958,0.016106859479944308,0.04430002586092487,0.0457351290684624,0.029216381812318608,MHb,GM10785,True
Pradc1,2.404121,0.72776616,0.016211409928941174,0.04457242148574256,0.02770763187429854,0.011480167687842631,MHb,PRADC1,True
Slc27a3,2.4034288,0.8161048,0.016242132183050668,0.04464171419895405,0.02925084175084175,0.013028055465978716,MHb,SLC27A3,True
Samd10,2.4019876,0.3281143,0.016306258607248703,0.04478752470236844,0.03598484848484849,0.01960657852305708,MHb,SAMD10,True
Serp1,2.398081,0.2940548,0.016481217354110712,0.04526038891387789,0.03942199775533109,0.023024830699774266,MHb,SERP1,True
Dhx8,2.397638,0.3293147,0.016501160820508023,0.045299775334643126,0.037247474747474744,0.02089648500483715,MHb,DHX8,True
Tcof1,2.396224,0.49277574,0.016564963718442266,0.04546721332866174,0.03437149270482604,0.018123186069009995,MHb,TCOF1,True
Snn,2.3961172,0.27689463,0.016569786660657754,0.0454727348551305,0.04026374859708193,0.023863269912931313,MHb,SNN,True
Efcab12,2.3910816,0.6396106,0.016798818333187106,0.04607000449971201,0.03577441077441077,0.01960657852305708,MHb,EFCAB12,True
Gm19412,2.3893063,0.8862354,0.01688022457413993,0.046277564828256505,0.026094276094276093,0.00999677523379555,MHb,GM19412,True
Fam110a,2.3849688,1.035955,0.017080568889149293,0.04677132246182323,0.02307800224466891,0.007029990325701387,MHb,FAM110A,True
Nadk2,2.3813553,0.2541211,0.01724906565999386,0.0471608581897229,0.04552469135802469,0.029151886488229604,MHb,NADK2,True
Fitm2,2.3810434,0.4041426,0.017263681645660407,0.047192842761290696,0.034511784511784514,0.01831667204127701,MHb,FITM2,True
Gm6277,2.380674,0.76945466,0.017281000763067298,0.04723220468783602,0.026515151515151516,0.010448242502418575,MHb,GM6277,True
Gm14305,2.3800993,0.5407875,0.017307975426637905,0.04729793926775944,0.031846240179573514,0.015736859077716867,MHb,GM14305,True
Pex5,2.377057,0.32819298,0.017451389200648593,0.047649598298529876,0.040824915824915826,0.02457271847791035,MHb,PEX5,True
Sin3a,2.3760712,0.29806855,0.01749809038457884,0.047752929301596546,0.049523007856341186,0.033215091905836824,MHb,SIN3A,True
Asb8,2.3732119,0.26483026,0.017634143982338556,0.04809987840039227,0.041666666666666664,0.025411157691067398,MHb,ASB8,True
Mipep,2.3720706,0.30001566,0.017688708115487593,0.04821618701853923,0.04685746352413019,0.030570783618187682,MHb,MIPEP,True
Borcs6,2.371132,0.45781928,0.017733697151089228,0.04832253224711393,0.032196969696969696,0.016123831022250887,MHb,BORCS6,True
Cpped1,2.3684564,0.25733832,0.017862482787730543,0.048640683348744364,0.04271885521885522,0.026443082876491456,MHb,CPPED1,True
Fam167a,2.3671086,1.074822,0.017927673030512806,0.048793913474582847,0.025533108866442198,0.009609803289261528,MHb,FAM167A,True
Tle3,2.3649092,0.35978535,0.018034495663130062,0.049059530331505,0.03977272727272727,0.0236052886165753,MHb,TLE3,True
BC051226,2.3638172,0.70327604,0.01808773659834814,0.04918781766615352,0.02665544332210999,0.010706223798774589,MHb,BC051226,True
Snap29,2.36357,0.54625463,0.018099806509435486,0.04921236683310119,0.030653759820426486,0.014640438568203806,MHb,SNAP29,True
Disp1,2.3618588,0.38727623,0.018183566147655785,0.049423488899064415,0.047418630751964085,0.03128023218316672,MHb,DISP1,True
Gyg,2.358978,0.34973612,0.01832534266368914,0.04976702780140561,0.037948933782267116,0.0218639148661722,MHb,GYG,True
