compartment,mouse_region,human_cluster,human_marker_depth,mouse_marker_depth,n_mouse_markers,n_human_markers,n_overlap,odds_ratio,p_value,overlap_genes,p_adj_grid,p_adj_all_sensitivity_tests,neg_log10_p_adj_grid
LHb,Hbx,LHb.1,25,50,47,25,3,44.01136363636363,7.320034527010293e-05,EBF1;NDST4;SEMA3D,0.0005199343609640286,0.00020280615139768777,3.284051480346844
LHb,Hbx,LHb.2,25,50,47,25,3,44.01136363636363,7.320034527010293e-05,ERBB4;SLC8A1;THSD7B,0.0005199343609640286,0.00020280615139768777,3.284051480346844
LHb,Hbx,LHb.3,25,50,47,25,2,27.43961352657005,0.0030351765027497872,SNTG1;SORCS3,0.009734614837705732,0.006475043205866213,2.0116812272120743
LHb,Hbx,LHb.4,25,50,47,25,2,27.43961352657005,0.0030351765027497872,CDH10;SNTG1,0.009734614837705732,0.006475043205866213,2.0116812272120743
LHb,Hbx,LHb.5,25,50,47,25,1,12.861413043478262,0.07923093997414747,SEMA3D,0.15399883967322497,0.1221874736950708,0.8124825514064852
LHb,Hbx,LHb.6,25,50,47,25,2,27.43961352657005,0.0030351765027497872,NDST4;THSD7B,0.009734614837705732,0.006475043205866213,2.0116812272120743
LHb,Hbx,LHb.7,25,50,47,25,2,27.43961352657005,0.0030351765027497872,HTR2C;PRKD1,0.009734614837705732,0.006475043205866213,2.0116812272120743
LHb,Hbx,MHb.1,25,50,47,25,0,0.0,1.0,,1.0,1.0,-0.0
LHb,Hbx,MHb.2,25,50,47,25,3,44.01136363636363,7.320034527010293e-05,KCTD8;LCORL;SYT9,0.0005199343609640286,0.00020280615139768777,3.284051480346844
LHb,Hbx,MHb.3,25,50,47,25,0,0.0,1.0,,1.0,1.0,-0.0
LHb,Lateral,LHb.1,25,50,46,25,0,0.0,1.0,,1.0,1.0,-0.0
LHb,Lateral,LHb.2,25,50,46,25,1,13.148148148148149,0.07760975351730927,ERBB4,0.15399883967322497,0.11997643055815926,0.8124825514064852
LHb,Lateral,LHb.3,25,50,46,25,1,13.148148148148149,0.07760975351730927,SNTG1,0.15399883967322497,0.11997643055815926,0.8124825514064852
LHb,Lateral,LHb.4,25,50,46,25,1,13.148148148148149,0.07760975351730927,SNTG1,0.15399883967322497,0.11997643055815926,0.8124825514064852
LHb,Lateral,LHb.5,25,50,46,25,0,0.0,1.0,,1.0,1.0,-0.0
LHb,Lateral,LHb.6,25,50,46,25,0,0.0,1.0,,1.0,1.0,-0.0
LHb,Lateral,LHb.7,25,50,46,25,4,64.41269841269842,1.1375533830775822e-06,CHRM2;GRIK2;HTR2C;NLGN1,4.550213532310329e-05,4.022288205357196e-06,4.341968222303746
LHb,Lateral,MHb.1,25,50,46,25,1,13.148148148148149,0.07760975351730927,RIMS1,0.15399883967322497,0.11997643055815926,0.8124825514064852
LHb,Lateral,MHb.2,25,50,46,25,1,13.148148148148149,0.07760975351730927,KCTD8,0.15399883967322497,0.11997643055815926,0.8124825514064852
LHb,Lateral,MHb.3,25,50,46,25,0,0.0,1.0,,1.0,1.0,-0.0
LHb,Marginal,LHb.1,25,50,48,25,0,0.0,1.0,,1.0,1.0,-0.0
LHb,Marginal,LHb.2,25,50,48,25,0,0.0,1.0,,1.0,1.0,-0.0
LHb,Marginal,LHb.3,25,50,48,25,0,0.0,1.0,,1.0,1.0,-0.0
LHb,Marginal,LHb.4,25,50,48,25,0,0.0,1.0,,1.0,1.0,-0.0
LHb,Marginal,LHb.5,25,50,48,25,0,0.0,1.0,,1.0,1.0,-0.0
LHb,Marginal,LHb.6,25,50,48,25,0,0.0,1.0,,1.0,1.0,-0.0
LHb,Marginal,LHb.7,25,50,48,25,0,0.0,1.0,,1.0,1.0,-0.0
LHb,Marginal,MHb.1,25,50,48,25,0,0.0,1.0,,1.0,1.0,-0.0
LHb,Marginal,MHb.2,25,50,48,25,0,0.0,1.0,,1.0,1.0,-0.0
LHb,Marginal,MHb.3,25,50,48,25,0,0.0,1.0,,1.0,1.0,-0.0
LHb,Oval/Medial,LHb.1,25,50,48,25,2,26.841209829867676,0.003163749822254363,CADPS;NTNG1,0.009734614837705732,0.0066825078753887535,2.0116812272120743
LHb,Oval/Medial,LHb.2,25,50,48,25,2,26.841209829867676,0.003163749822254363,CSMD1;KIRREL3,0.009734614837705732,0.0066825078753887535,2.0116812272120743
LHb,Oval/Medial,LHb.3,25,50,48,25,3,43.03030303030303,7.799015414460428e-05,MARCH1;PTPRD;RMST,0.0005199343609640286,0.00021422188262895596,3.284051480346844
LHb,Oval/Medial,LHb.4,25,50,48,25,3,43.03030303030303,7.799015414460428e-05,ARPP21;DAB1;RMST,0.0005199343609640286,0.00021422188262895596,3.284051480346844
LHb,Oval/Medial,LHb.5,25,50,48,25,1,12.586879432624114,0.08084939082844311,CACNA2D1,0.15399883967322497,0.12408539599569206,0.8124825514064852
LHb,Oval/Medial,LHb.6,25,50,48,25,0,0.0,1.0,,1.0,1.0,-0.0
LHb,Oval/Medial,LHb.7,25,50,48,25,1,12.586879432624114,0.08084939082844311,GRIK2,0.15399883967322497,0.12408539599569206,0.8124825514064852
LHb,Oval/Medial,MHb.1,25,50,48,25,0,0.0,1.0,,1.0,1.0,-0.0
LHb,Oval/Medial,MHb.2,25,50,48,25,2,26.841209829867676,0.003163749822254363,ASIC2;EPHA6,0.009734614837705732,0.0066825078753887535,2.0116812272120743
LHb,Oval/Medial,MHb.3,25,50,48,25,0,0.0,1.0,,1.0,1.0,-0.0
LHb,Hbx,LHb.1,25,100,94,25,3,21.20979020979021,0.0005731373098575835,EBF1;NDST4;SEMA3D,0.0029557176459629603,0.0013686861130927368,2.5293370556145254
LHb,Hbx,LHb.2,25,100,94,25,5,39.764044943820224,5.332960197663705e-07,ERBB4;FOXP2;SGCZ;SLC8A1;THSD7B,5.332960197663705e-06,2.031603884824269e-06,5.2730316576446175
LHb,Hbx,LHb.3,25,100,94,25,2,13.377126654064272,0.011671231453035075,SNTG1;SORCS3,0.02802238332650088,0.02108768987383983,1.5524949303803628
LHb,Hbx,LHb.4,25,100,94,25,2,13.377126654064272,0.011671231453035075,CDH10;SNTG1,0.02802238332650088,0.02108768987383983,1.5524949303803628
LHb,Hbx,LHb.5,25,100,94,25,2,13.377126654064272,0.011671231453035075,PBX1;SEMA3D,0.02802238332650088,0.02108768987383983,1.5524949303803628
LHb,Hbx,LHb.6,25,100,94,25,2,13.377126654064272,0.011671231453035075,NDST4;THSD7B,0.02802238332650088,0.02108768987383983,1.5524949303803628
LHb,Hbx,LHb.7,25,100,94,25,7,63.28607918263091,1.8718651803675988e-10,CDH18;HTR2C;NLGN1;PBX3;PRKD1;SGCZ;SLC2A13,3.7437303607351975e-09,1.0508716802063712e-09,8.426695438529507
LHb,Hbx,MHb.1,25,100,94,25,1,6.340501792114695,0.15241614758958622,SYT6,0.25651816503717967,0.21871375438864388,0.5908818754017565
LHb,Hbx,MHb.2,25,100,94,25,3,21.20979020979021,0.0005731373098575835,KCTD8;LCORL;SYT9,0.0029557176459629603,0.0013686861130927368,2.5293370556145254
LHb,Hbx,MHb.3,25,100,94,25,0,0.0,1.0,,1.0,1.0,-0.0
LHb,Lateral,LHb.1,25,100,93,25,0,0.0,1.0,,1.0,1.0,-0.0
LHb,Lateral,LHb.2,25,100,93,25,2,13.525083612040135,0.011435101790414272,ERBB4;SGCZ,0.02802238332650088,0.020909900416757526,1.5524949303803628
LHb,Lateral,LHb.3,25,100,93,25,2,13.525083612040135,0.011435101790414272,SNTG1;TMEFF2,0.02802238332650088,0.020909900416757526,1.5524949303803628
LHb,Lateral,LHb.4,25,100,93,25,1,6.409873188405797,0.15091886124770798,SNTG1,0.25651816503717967,0.21705184538996203,0.5908818754017565
LHb,Lateral,LHb.5,25,100,93,25,1,6.409873188405797,0.15091886124770798,PBX1,0.25651816503717967,0.21705184538996203,0.5908818754017565
LHb,Lateral,LHb.6,25,100,93,25,0,0.0,1.0,,1.0,1.0,-0.0
LHb,Lateral,LHb.7,25,100,93,25,8,78.39446366782006,2.3645398493267156e-12,CCDC85A;CHRM2;GRIK2;HTR2C;NLGN1;PBX3;SGCZ;SLC2A13,9.458159397306862e-11,1.5441892893562222e-11,10.024193371142387
LHb,Lateral,MHb.1,25,100,93,25,1,6.409873188405797,0.15091886124770798,RIMS1,0.25651816503717967,0.21705184538996203,0.5908818754017565
LHb,Lateral,MHb.2,25,100,93,25,1,6.409873188405797,0.15091886124770798,KCTD8,0.25651816503717967,0.21705184538996203,0.5908818754017565
LHb,Lateral,MHb.3,25,100,93,25,0,0.0,1.0,,1.0,1.0,-0.0
LHb,Marginal,LHb.1,25,100,95,25,0,0.0,1.0,,1.0,1.0,-0.0
LHb,Marginal,LHb.2,25,100,95,25,1,6.272606382978723,0.15391089902230778,GPM6A,0.25651816503717967,0.21889550083172662,0.5908818754017565
LHb,Marginal,LHb.3,25,100,95,25,0,0.0,1.0,,1.0,1.0,-0.0
LHb,Marginal,LHb.4,25,100,95,25,0,0.0,1.0,,1.0,1.0,-0.0
LHb,Marginal,LHb.5,25,100,95,25,0,0.0,1.0,,1.0,1.0,-0.0
LHb,Marginal,LHb.6,25,100,95,25,0,0.0,1.0,,1.0,1.0,-0.0
LHb,Marginal,LHb.7,25,100,95,25,0,0.0,1.0,,1.0,1.0,-0.0
LHb,Marginal,MHb.1,25,100,95,25,0,0.0,1.0,,1.0,1.0,-0.0
LHb,Marginal,MHb.2,25,100,95,25,0,0.0,1.0,,1.0,1.0,-0.0
LHb,Marginal,MHb.3,25,100,95,25,0,0.0,1.0,,1.0,1.0,-0.0
LHb,Oval/Medial,LHb.1,25,100,95,25,4,29.626373626373628,2.0946583583985663e-05,CADPS;FAM135B;NTNG1;SHISA9,0.0001675726686718853,6.445102641226358e-05,3.7757968139451488
LHb,Oval/Medial,LHb.2,25,100,95,25,2,13.232351566152408,0.011909512913762873,CSMD1;KIRREL3,0.02802238332650088,0.02117246740224511,1.5524949303803628
LHb,Oval/Medial,LHb.3,25,100,95,25,3,20.977766798418973,0.0005911435291925921,MARCH1;PTPRD;RMST,0.0029557176459629603,0.0013960585191264167,2.5293370556145254
LHb,Oval/Medial,LHb.4,25,100,95,25,6,50.22826729745712,1.1866126585128322e-08,ARPP21;CHRM3;DAB1;FGF13;RMST;SHISA9,1.582150211350443e-07,5.3107139961413466e-08,6.800752286411208
LHb,Oval/Medial,LHb.5,25,100,95,25,2,13.232351566152408,0.011909512913762873,CACNA2D1;FAM135B,0.02802238332650088,0.02117246740224511,1.5524949303803628
LHb,Oval/Medial,LHb.6,25,100,95,25,0,0.0,1.0,,1.0,1.0,-0.0
LHb,Oval/Medial,LHb.7,25,100,95,25,1,6.272606382978723,0.15391089902230778,GRIK2,0.25651816503717967,0.21889550083172662,0.5908818754017565
LHb,Oval/Medial,MHb.1,25,100,95,25,0,0.0,1.0,,1.0,1.0,-0.0
LHb,Oval/Medial,MHb.2,25,100,95,25,2,13.232351566152408,0.011909512913762873,ASIC2;EPHA6,0.02802238332650088,0.02117246740224511,1.5524949303803628
LHb,Oval/Medial,MHb.3,25,100,95,25,0,0.0,1.0,,1.0,1.0,-0.0
LHb,Hbx,LHb.1,25,200,182,25,3,10.715591670898933,0.0038176648738838196,EBF1;NDST4;SEMA3D,0.010180439663690186,0.007856287843362201,1.9922334656739817
LHb,Hbx,LHb.2,25,200,182,25,8,38.05544286680189,5.393639505630086e-10,ERBB4;FOXP2;GPR151;HTR4;OPRM1;SGCZ;SLC8A1;THSD7B,9.710377963649088e-09,2.852834118680376e-09,8.012763865423354
LHb,Hbx,LHb.3,25,200,182,25,2,6.794685990338165,0.040053542295116505,SNTG1;SORCS3,0.0742240196899514,0.0671054111750643,1.12945552961681
LHb,Hbx,LHb.4,25,200,182,25,4,15.052969502407704,0.0002626022518661087,BTBD11;CDH10;GABRG3;SNTG1,0.0008753408395536957,0.000685981392629835,3.057822808789386
LHb,Hbx,LHb.5,25,200,182,25,2,6.794685990338165,0.040053542295116505,PBX1;SEMA3D,0.0742240196899514,0.0671054111750643,1.12945552961681
LHb,Hbx,LHb.6,25,200,182,25,4,15.052969502407704,0.0002626022518661087,NDST4;PLD5;RAB27B;THSD7B,0.0008753408395536957,0.000685981392629835,3.057822808789386
LHb,Hbx,LHb.7,25,200,182,25,7,31.266666666666666,1.9365506144001766e-08,CDH18;HTR2C;NLGN1;PBX3;PRKD1;SGCZ;SLC2A13,1.9365506144001766e-07,8.431240770177641e-08,6.712971147649012
LHb,Hbx,MHb.1,25,200,182,25,1,3.2375690607734806,0.27470253673785927,SYT6,0.39826268045794794,0.375661588701346,0.3998303876166158
LHb,Hbx,MHb.2,25,200,182,25,4,15.052969502407704,0.0002626022518661087,KCTD8;LCORL;PLD5;SYT9,0.0008753408395536957,0.000685981392629835,3.057822808789386
LHb,Hbx,MHb.3,25,200,182,25,0,0.0,1.0,,1.0,1.0,-0.0
LHb,Lateral,LHb.1,25,200,182,25,0,0.0,1.0,,1.0,1.0,-0.0
LHb,Lateral,LHb.2,25,200,182,25,6,25.24342105263158,5.738471881511145e-07,ERBB4;HTR4;SGCZ;SLC8A1;THSD7B;UNC5D,4.590777505208916e-06,2.1477321661796097e-06,5.338113755067035
LHb,Lateral,LHb.3,25,200,182,25,4,15.052969502407704,0.0002626022518661087,KCNH8;PTPRD;SNTG1;TMEFF2,0.0008753408395536957,0.000685981392629835,3.057822808789386
LHb,Lateral,LHb.4,25,200,182,25,3,10.715591670898933,0.0038176648738838196,BTBD11;NELL1;SNTG1,0.010180439663690186,0.007856287843362201,1.9922334656739817
LHb,Lateral,LHb.5,25,200,182,25,3,10.715591670898933,0.0038176648738838196,IL1RAPL2;KCNC2;PBX1,0.010180439663690186,0.007856287843362201,1.9922334656739817
LHb,Lateral,LHb.6,25,200,182,25,1,3.2375690607734806,0.27470253673785927,THSD7B,0.39826268045794794,0.375661588701346,0.3998303876166158
LHb,Lateral,LHb.7,25,200,182,25,11,64.66750208855473,4.091025681780895e-15,CCDC85A;CHRM2;COL25A1;GRIK2;HTR2C;KCNH7;NLGN1;PBX3;PRKD1;SGCZ;SLC2A13,1.636410272712358e-13,3.445074258341807e-14,12.786107802842517
LHb,Lateral,MHb.1,25,200,182,25,1,3.2375690607734806,0.27470253673785927,RIMS1,0.39826268045794794,0.375661588701346,0.3998303876166158
LHb,Lateral,MHb.2,25,200,182,25,2,6.794685990338165,0.040053542295116505,KCTD8;LCORL,0.0742240196899514,0.0671054111750643,1.12945552961681
LHb,Lateral,MHb.3,25,200,182,25,0,0.0,1.0,,1.0,1.0,-0.0
LHb,Marginal,LHb.1,25,200,193,25,1,3.0496961805555554,0.28874044333201226,SPARCL1,0.39826268045794794,0.38180554490183444,0.3998303876166158
LHb,Marginal,LHb.2,25,200,193,25,2,6.398361028909629,0.04453441181397084,GPM6A;GPR151,0.0742240196899514,0.07054956326965678,1.12945552961681
LHb,Marginal,LHb.3,25,200,193,25,2,6.398361028909629,0.04453441181397084,LGI2;TMEM47,0.0742240196899514,0.07054956326965678,1.12945552961681
LHb,Marginal,LHb.4,25,200,193,25,0,0.0,1.0,,1.0,1.0,-0.0
LHb,Marginal,LHb.5,25,200,193,25,0,0.0,1.0,,1.0,1.0,-0.0
LHb,Marginal,LHb.6,25,200,193,25,0,0.0,1.0,,1.0,1.0,-0.0
LHb,Marginal,LHb.7,25,200,193,25,0,0.0,1.0,,1.0,1.0,-0.0
LHb,Marginal,MHb.1,25,200,193,25,0,0.0,1.0,,1.0,1.0,-0.0
LHb,Marginal,MHb.2,25,200,193,25,0,0.0,1.0,,1.0,1.0,-0.0
LHb,Marginal,MHb.3,25,200,193,25,0,0.0,1.0,,1.0,1.0,-0.0
LHb,Oval/Medial,LHb.1,25,200,189,25,5,19.10461956521739,1.655883017230433e-05,CADPS;FAM135B;NTNG1;SHISA9;TOX,8.279415086152165e-05,5.1695860050120835e-05,4.0820003436292875
LHb,Oval/Medial,LHb.2,25,200,189,25,2,6.537084398976982,0.04288387002933961,CSMD1;KIRREL3,0.0742240196899514,0.0693072646938822,1.12945552961681
LHb,Oval/Medial,LHb.3,25,200,189,25,5,19.10461956521739,1.655883017230433e-05,GRIK1;MARCH1;PCDH7;PTPRD;RMST,8.279415086152165e-05,5.1695860050120835e-05,4.0820003436292875
LHb,Oval/Medial,LHb.4,25,200,189,25,8,36.56548586285343,7.282783472736815e-10,ARPP21;CHRM3;DAB1;EDIL3;FGF13;GABRG3;RMST;SHISA9,9.710377963649088e-09,3.6991916051996524e-09,8.012763865423354
LHb,Oval/Medial,LHb.5,25,200,189,25,5,19.10461956521739,1.655883017230433e-05,CACNA2D1;CAMK2A;FAM135B;GRIK1;KCNC2,8.279415086152165e-05,5.1695860050120835e-05,4.0820003436292875
LHb,Oval/Medial,LHb.6,25,200,189,25,0,0.0,1.0,,1.0,1.0,-0.0
LHb,Oval/Medial,LHb.7,25,200,189,25,3,10.307184750733137,0.004243598616247426,CDH18;GRIK2;PLCB1,0.010608996540618565,0.008472330732162843,1.9743256922043708
LHb,Oval/Medial,MHb.1,25,200,189,25,1,3.1154698581560285,0.28366619960613493,RIMS1,0.39826268045794794,0.3799169051072261,0.3998303876166158
LHb,Oval/Medial,MHb.2,25,200,189,25,2,6.537084398976982,0.04288387002933961,ASIC2;EPHA6,0.0742240196899514,0.0693072646938822,1.12945552961681
LHb,Oval/Medial,MHb.3,25,200,189,25,2,6.537084398976982,0.04288387002933961,NXPH1;SLIT3,0.0742240196899514,0.0693072646938822,1.12945552961681
LHb,Hbx,LHb.1,25,500,450,25,3,4.209273947528981,0.042852023316292995,EBF1;NDST4;SEMA3D,0.0770695104181784,0.0693072646938822,1.1131173998482835
LHb,Hbx,LHb.2,25,500,450,25,10,20.916666666666668,1.8827544158382452e-09,ERBB4;FOXP2;GPR151;HTR4;OPRM1;PTPRQ;SGCZ;SLC8A1;THSD7B;VWA5B1,2.5103392211176606e-08,9.128506258609674e-09,7.60026758851684
LHb,Hbx,LHb.3,25,500,450,25,2,2.6779891304347827,0.1856908806714149,SNTG1;SORCS3,0.25773148064619905,0.26176688024164213,0.5888325312514983
LHb,Hbx,LHb.4,25,500,450,25,5,7.752808988764045,0.0009609999385092649,BTBD11;CDH10;GABRG3;SNTG1;TMEM196,0.002939868269925598,0.0022203608687578684,2.531672129086524
LHb,Hbx,LHb.5,25,500,450,25,4,5.8932308349348705,0.0072958657527046385,CDH7;PBX1;SEMA3D;TRPC4,0.017219313749746636,0.013814657046541329,1.7639841607010067
LHb,Hbx,LHb.6,25,500,450,25,6,9.81578947368421,0.0001011107614693533,CASZ1;MARCH4;NDST4;PLD5;RAB27B;THSD7B,0.00044559297872503496,0.0002753654780441962,3.35106166102328
LHb,Hbx,LHb.7,25,500,450,25,9,17.607142857142858,3.712825459449556e-08,CDH18;HTR2C;KCNH7;NLGN1;PBX3;PRKCA;PRKD1;SGCZ;SLC2A13,3.712825459449556e-07,1.542992398732283e-07,6.430295466550741
LHb,Hbx,MHb.1,25,500,450,25,3,4.209273947528981,0.042852023316292995,GUCY1A1;RIMS1;SYT6,0.0770695104181784,0.0693072646938822,1.1131173998482835
LHb,Hbx,MHb.2,25,500,450,25,5,7.752808988764045,0.0009609999385092649,GABBR2;KCTD8;LCORL;PLD5;SYT9,0.002939868269925598,0.0022203608687578684,2.531672129086524
LHb,Hbx,MHb.3,25,500,450,25,2,2.6779891304347827,0.1856908806714149,NXPH1;SLIT3,0.25773148064619905,0.26176688024164213,0.5888325312514983
LHb,Lateral,LHb.1,25,500,466,25,2,2.582646176911544,0.19589456088147064,DPF3;GRIK4,0.25773148064619905,0.2743381158952762,0.5888325312514983
LHb,Lateral,LHb.2,25,500,466,25,9,16.971006564551423,5.0151318663750786e-08,ERBB4;HTR4;PTPRQ;SGCZ;SLC8A1;SPHKAP;THSD7B;UNC5D;VWC2,4.012105493100063e-07,2.0443849646369749e-07,6.39662765629247
LHb,Lateral,LHb.3,25,500,466,25,6,9.463386727688787,0.00012253806914938462,KCNH8;PTCHD4;PTPRD;SNTG1;SORCS3;TMEFF2,0.00044559297872503496,0.0003309044905299838,3.35106166102328
LHb,Lateral,LHb.4,25,500,466,25,4,5.682539682539683,0.008236950734044764,BTBD11;DAB1;NELL1;SNTG1,0.017219313749746636,0.015459379676799556,1.7639841607010067
LHb,Lateral,LHb.5,25,500,466,25,4,5.682539682539683,0.008236950734044764,IL1RAPL2;KCNC2;PBX1;TRPC4,0.017219313749746636,0.015459379676799556,1.7639841607010067
LHb,Lateral,LHb.6,25,500,466,25,2,2.582646176911544,0.19589456088147064,MME;THSD7B,0.25773148064619905,0.2743381158952762,0.5888325312514983
LHb,Lateral,LHb.7,25,500,466,25,13,32.98307579102281,1.4810181533091655e-13,CCDC85A;CHRM2;COL25A1;GRIK2;GRM3;HTR2C;KCNH7;NLGN1;PBX3;PRKD1;RUNX1T1;SGCZ;SLC2A13,2.9620363066183307e-12,1.077104111497575e-12,11.528409622496998
LHb,Lateral,MHb.1,25,500,466,25,2,2.582646176911544,0.19589456088147064,MME;RIMS1,0.25773148064619905,0.2743381158952762,0.5888325312514983
LHb,Lateral,MHb.2,25,500,466,25,6,9.463386727688787,0.00012253806914938462,GABBR2;KCTD8;LCORL;MCC;ROBO3;VAV2,0.00044559297872503496,0.0003309044905299838,3.35106166102328
LHb,Lateral,MHb.3,25,500,466,25,0,0.0,1.0,,1.0,1.0,-0.0
LHb,Marginal,LHb.1,25,500,472,25,1,1.2185067232837934,0.5689858800412949,SPARCL1,0.6502695771900513,0.6962733522493858,0.1869065639492778
LHb,Marginal,LHb.2,25,500,472,25,2,2.5485661424606847,0.19974189750080426,GPM6A;GPR151,0.25773148064619905,0.2785072209161541,0.5888325312514983
LHb,Marginal,LHb.3,25,500,472,25,2,2.5485661424606847,0.19974189750080426,LGI2;TMEM47,0.25773148064619905,0.2785072209161541,0.5888325312514983
LHb,Marginal,LHb.4,25,500,472,25,1,1.2185067232837934,0.5689858800412949,SEZ6L,0.6502695771900513,0.6962733522493858,0.1869065639492778
LHb,Marginal,LHb.5,25,500,472,25,0,0.0,1.0,,1.0,1.0,-0.0
LHb,Marginal,LHb.6,25,500,472,25,1,1.2185067232837934,0.5689858800412949,RET,0.6502695771900513,0.6962733522493858,0.1869065639492778
LHb,Marginal,LHb.7,25,500,472,25,0,0.0,1.0,,1.0,1.0,-0.0
LHb,Marginal,MHb.1,25,500,472,25,4,5.607244607244607,0.008609656874873318,CALB2;CCK;TAC1;TMEM158,0.017219313749746636,0.01611163859625416,1.7639841607010067
LHb,Marginal,MHb.2,25,500,472,25,0,0.0,1.0,,1.0,1.0,-0.0
LHb,Marginal,MHb.3,25,500,472,25,0,0.0,1.0,,1.0,1.0,-0.0
LHb,Oval/Medial,LHb.1,25,500,464,25,5,7.508714596949891,0.0011024506012220993,CADPS;FAM135B;NTNG1;SHISA9;TOX,0.002939868269925598,0.0025109195187976636,2.531672129086524
LHb,Oval/Medial,LHb.2,25,500,464,25,3,4.077302307237232,0.04624170625090704,CSMD1;KIRREL3;SGCZ,0.0770695104181784,0.07271423095965726,1.1131173998482835
LHb,Oval/Medial,LHb.3,25,500,464,25,7,11.733041575492342,1.0614794155799087e-05,GRIK1;MARCH1;PCDH7;PTPRD;RMST;SORCS1;TMEFF2,5.307397077899543e-05,3.396734129855708e-05,4.275118419005334
LHb,Oval/Medial,LHb.4,25,500,464,25,13,33.13414634146341,1.401704947748109e-13,ALK;ARPP21;CHRM3;DAB1;EDIL3;EPHA3;FGF13;GABRG3;HS3ST4;NELL1;RMST;RPH3A;SHISA9,2.9620363066183307e-12,1.0311392719066549e-12,11.528409622496998
LHb,Oval/Medial,LHb.5,25,500,464,25,7,11.733041575492342,1.0614794155799087e-05,CACNA2D1;CAMK2A;FAM135B;GRIK1;HS3ST4;IL1RAPL2;KCNC2,5.307397077899543e-05,3.396734129855708e-05,4.275118419005334
LHb,Oval/Medial,LHb.6,25,500,464,25,1,1.240280777537797,0.5626892161888896,BCL11A,0.6502695771900513,0.692540573770941,0.1869065639492778
LHb,Oval/Medial,LHb.7,25,500,464,25,8,14.23013415892673,7.815954418137626e-07,CCDC85A;CDH18;GRIK2;KCNH7;NLGN1;PCSK5;PLCB1;SGCZ,5.2106362787584174e-06,2.8261078122079554e-06,5.283109241099446
LHb,Oval/Medial,MHb.1,25,500,464,25,3,4.077302307237232,0.04624170625090704,BCL11A;RIMS1;SOX5,0.0770695104181784,0.07271423095965726,1.1131173998482835
LHb,Oval/Medial,MHb.2,25,500,464,25,5,7.508714596949891,0.0011024506012220993,ANO3;ASIC2;EPHA6;PDZRN4;SGCD,0.002939868269925598,0.0025109195187976636,2.531672129086524
LHb,Oval/Medial,MHb.3,25,500,464,25,4,5.708074534161491,0.00811513910339888,ADCY2;NECAB1;NXPH1;SLIT3,0.017219313749746636,0.015320616596387266,1.7639841607010067
LHb,Hbx,LHb.1,50,50,47,50,3,20.564796905222437,0.0005888232097853752,EBF1;NDST4;SEMA3D,0.002278305151088122,0.0013957290898616301,2.642388107931088
LHb,Hbx,LHb.2,50,50,47,50,4,28.669362992922142,2.128718167198242e-05,ERBB4;OPCML;SLC8A1;THSD7B,0.0001544173888499545,6.487522033366072e-05,3.811303795604172
LHb,Hbx,LHb.3,50,50,47,50,2,13.125,0.011762977007751281,SNTG1;SORCS3,0.027215933745843617,0.02108768987383983,1.5651767609717158
LHb,Hbx,LHb.4,50,50,47,50,2,13.125,0.011762977007751281,CDH10;SNTG1,0.027215933745843617,0.02108768987383983,1.5651767609717158
LHb,Hbx,LHb.5,50,50,47,50,2,13.125,0.011762977007751281,ERBB4;SEMA3D,0.027215933745843617,0.02108768987383983,1.5651767609717158
LHb,Hbx,LHb.6,50,50,47,50,5,37.507936507936506,5.905514586351645e-07,BRINP3;NDST4;ROBO1;TENM2;THSD7B,7.87401944846886e-06,2.1974007763168913e-06,5.103803516856905
LHb,Hbx,LHb.7,50,50,47,50,3,20.564796905222437,0.0005888232097853752,HTR2C;PRKD1;THSD7A,0.002278305151088122,0.0013957290898616301,2.642388107931088
LHb,Hbx,MHb.1,50,50,47,50,0,0.0,1.0,,1.0,1.0,-0.0
LHb,Hbx,MHb.2,50,50,47,50,4,28.669362992922142,2.128718167198242e-05,BRINP3;KCTD8;LCORL;SYT9,0.0001544173888499545,6.487522033366072e-05,3.811303795604172
LHb,Hbx,MHb.3,50,50,47,50,0,0.0,1.0,,1.0,1.0,-0.0
LHb,Lateral,LHb.1,50,50,46,50,1,6.428571428571429,0.14931714990064465,LHFPL3,0.24845994260939394,0.21669609055875866,0.6047436194296283
LHb,Lateral,LHb.2,50,50,46,50,2,13.424242424242424,0.011287481101454867,ERBB4;PCDH15,0.027215933745843617,0.020758585933710102,1.5651767609717158
LHb,Lateral,LHb.3,50,50,46,50,1,6.428571428571429,0.14931714990064465,SNTG1,0.24845994260939394,0.21669609055875866,0.6047436194296283
LHb,Lateral,LHb.4,50,50,46,50,1,6.428571428571429,0.14931714990064465,SNTG1,0.24845994260939394,0.21669609055875866,0.6047436194296283
LHb,Lateral,LHb.5,50,50,46,50,1,6.428571428571429,0.14931714990064465,ERBB4,0.24845994260939394,0.21669609055875866,0.6047436194296283
LHb,Lateral,LHb.6,50,50,46,50,2,13.424242424242424,0.011287481101454867,ROBO1;TENM2,0.027215933745843617,0.020758585933710102,1.5651767609717158
LHb,Lateral,LHb.7,50,50,46,50,8,71.08771929824562,2.9792372229959726e-12,CHRM2;CPNE4;GRID1;GRIK2;HTR2C;KLHL29;NLGN1;THSD7A,1.191694889198389e-10,1.9067118227174223e-11,9.923834923202435
LHb,Lateral,MHb.1,50,50,46,50,1,6.428571428571429,0.14931714990064465,RIMS1,0.24845994260939394,0.21669609055875866,0.6047436194296283
LHb,Lateral,MHb.2,50,50,46,50,2,13.424242424242424,0.011287481101454867,KCNMA1;KCTD8,0.027215933745843617,0.020758585933710102,1.5651767609717158
LHb,Lateral,MHb.3,50,50,46,50,0,0.0,1.0,,1.0,1.0,-0.0
LHb,Marginal,LHb.1,50,50,48,50,0,0.0,1.0,,1.0,1.0,-0.0
LHb,Marginal,LHb.2,50,50,48,50,0,0.0,1.0,,1.0,1.0,-0.0
LHb,Marginal,LHb.3,50,50,48,50,1,6.154146765089014,0.15528746413087122,GABRA1,0.24845994260939394,0.2198760554065433,0.6047436194296283
LHb,Marginal,LHb.4,50,50,48,50,0,0.0,1.0,,1.0,1.0,-0.0
LHb,Marginal,LHb.5,50,50,48,50,0,0.0,1.0,,1.0,1.0,-0.0
LHb,Marginal,LHb.6,50,50,48,50,0,0.0,1.0,,1.0,1.0,-0.0
LHb,Marginal,LHb.7,50,50,48,50,0,0.0,1.0,,1.0,1.0,-0.0
LHb,Marginal,MHb.1,50,50,48,50,0,0.0,1.0,,1.0,1.0,-0.0
LHb,Marginal,MHb.2,50,50,48,50,0,0.0,1.0,,1.0,1.0,-0.0
LHb,Marginal,MHb.3,50,50,48,50,0,0.0,1.0,,1.0,1.0,-0.0
LHb,Oval/Medial,LHb.1,50,50,48,50,3,20.106382978723403,0.0006265339165492336,CADPS;CNTN4;NTNG1,0.002278305151088122,0.0014634368853704727,2.642388107931088
LHb,Oval/Medial,LHb.2,50,50,48,50,3,20.106382978723403,0.0006265339165492336,CSMD1;KIRREL3;LRRC7,0.002278305151088122,0.0014634368853704727,2.642388107931088
LHb,Oval/Medial,LHb.3,50,50,48,50,4,28.015810276679844,2.3162608327493172e-05,LRRC4C;MARCH1;PTPRD;RMST,0.0001544173888499545,7.025625274689871e-05,3.811303795604172
LHb,Oval/Medial,LHb.4,50,50,48,50,6,46.032467532467535,1.489323516612285e-08,ARPP21;DAB1;LRRTM4;NRXN3;PTPRD;RMST,2.97864703322457e-07,6.573565866426638e-08,6.52598095720958
LHb,Oval/Medial,LHb.5,50,50,48,50,3,20.106382978723403,0.0006265339165492336,CACNA2D1;CNTN4;RBFOX1,0.002278305151088122,0.0014634368853704727,2.642388107931088
LHb,Oval/Medial,LHb.6,50,50,48,50,0,0.0,1.0,,1.0,1.0,-0.0
LHb,Oval/Medial,LHb.7,50,50,48,50,1,6.154146765089014,0.15528746413087122,GRIK2,0.24845994260939394,0.2198760554065433,0.6047436194296283
LHb,Oval/Medial,MHb.1,50,50,48,50,0,0.0,1.0,,1.0,1.0,-0.0
LHb,Oval/Medial,MHb.2,50,50,48,50,2,12.83876811594203,0.012247170185629628,ASIC2;EPHA6,0.027215933745843617,0.02171243467812455,1.5651767609717158
LHb,Oval/Medial,MHb.3,50,50,48,50,0,0.0,1.0,,1.0,1.0,-0.0
LHb,Hbx,LHb.1,50,100,94,50,3,9.910451250876783,0.00433716098545261,EBF1;NDST4;SEMA3D,0.011565762627873627,0.008514671873281197,1.936825725266258
LHb,Hbx,LHb.2,50,100,94,50,7,26.445068163592623,3.402807055018402e-08,ERBB4;FOXP2;OPCML;PBX3;SGCZ;SLC8A1;THSD7B,2.2685380366789347e-07,1.423396415171096e-07,6.644253934501874
LHb,Hbx,LHb.3,50,100,94,50,3,9.910451250876783,0.00433716098545261,HS6ST2;SNTG1;SORCS3,0.011565762627873627,0.008514671873281197,1.936825725266258
LHb,Hbx,LHb.4,50,100,94,50,2,6.398550724637682,0.042872132581275174,CDH10;SNTG1,0.07945097388220221,0.0693072646938822,1.0999007749943708
LHb,Hbx,LHb.5,50,100,94,50,4,13.652173913043478,0.0003224764225641655,ERBB4;LUZP2;PBX1;SEMA3D,0.0011192898656709402,0.0008157506341544107,2.9510574284320517
LHb,Hbx,LHb.6,50,100,94,50,7,26.445068163592623,3.402807055018402e-08,BRINP3;GRM5;NDST4;PTPRZ1;ROBO1;TENM2;THSD7B,2.2685380366789347e-07,1.423396415171096e-07,6.644253934501874
LHb,Hbx,LHb.7,50,100,94,50,8,31.30454042081949,1.1204442740536682e-09,CDH18;HTR2C;NLGN1;PBX3;PRKD1;SGCZ;SLC2A13;THSD7A,1.2202628356982508e-08,5.5160333491872895e-09,7.913546615391496
LHb,Hbx,MHb.1,50,100,94,50,1,3.100065832784727,0.28181094263428463,SYT6,0.37912541155491936,0.3799169051072261,0.42121710523800027
LHb,Hbx,MHb.2,50,100,94,50,4,13.652173913043478,0.0003224764225641655,BRINP3;KCTD8;LCORL;SYT9,0.0011192898656709402,0.0008157506341544107,2.9510574284320517
LHb,Hbx,MHb.3,50,100,94,50,0,0.0,1.0,,1.0,1.0,-0.0
LHb,Lateral,LHb.1,50,100,93,50,2,6.469322344322344,0.04205223956859809,FSTL5;LHFPL3,0.07945097388220221,0.0693072646938822,1.0999007749943708
LHb,Lateral,LHb.2,50,100,93,50,5,17.843434343434343,1.7729028866851935e-05,ERBB4;PBX3;PCDH15;SGCZ;ZFHX4,8.864514433425968e-05,5.5080478032938044e-05,4.0523450485186965
LHb,Lateral,LHb.3,50,100,93,50,2,6.469322344322344,0.04205223956859809,SNTG1;TMEFF2,0.07945097388220221,0.0693072646938822,1.0999007749943708
LHb,Lateral,LHb.4,50,100,93,50,1,3.133984028393966,0.2792690403996782,SNTG1,0.37912541155491936,0.3794738553201572,0.42121710523800027
LHb,Lateral,LHb.5,50,100,93,50,2,6.469322344322344,0.04205223956859809,ERBB4;PBX1,0.07945097388220221,0.0693072646938822,1.0999007749943708
LHb,Lateral,LHb.6,50,100,93,50,3,10.02127659574468,0.0042090327547221265,GRM5;ROBO1;TENM2,0.011565762627873627,0.008471009317679752,1.936825725266258
LHb,Lateral,LHb.7,50,100,93,50,12,55.12280701754386,2.794792555827655e-16,CCDC85A;CHRM2;CPNE4;GRID1;GRIK2;HTR2C;KLHL29;NLGN1;PBX3;SGCZ;SLC2A13;THSD7A,7.297780445709744e-15,2.7101018723177263e-15,14.136809206557976
LHb,Lateral,MHb.1,50,100,93,50,1,3.133984028393966,0.2792690403996782,RIMS1,0.37912541155491936,0.3794738553201572,0.42121710523800027
LHb,Lateral,MHb.2,50,100,93,50,2,6.469322344322344,0.04205223956859809,KCNMA1;KCTD8,0.07945097388220221,0.0693072646938822,1.0999007749943708
LHb,Lateral,MHb.3,50,100,93,50,0,0.0,1.0,,1.0,1.0,-0.0
LHb,Marginal,LHb.1,50,100,95,50,0,0.0,1.0,,1.0,1.0,-0.0
LHb,Marginal,LHb.2,50,100,95,50,1,3.066869300911854,0.2843440586661895,GPM6A,0.37912541155491936,0.3799169051072261,0.42121710523800027
LHb,Marginal,LHb.3,50,100,95,50,1,3.066869300911854,0.2843440586661895,GABRA1,0.37912541155491936,0.3799169051072261,0.42121710523800027
LHb,Marginal,LHb.4,50,100,95,50,0,0.0,1.0,,1.0,1.0,-0.0
LHb,Marginal,LHb.5,50,100,95,50,0,0.0,1.0,,1.0,1.0,-0.0
LHb,Marginal,LHb.6,50,100,95,50,0,0.0,1.0,,1.0,1.0,-0.0
LHb,Marginal,LHb.7,50,100,95,50,1,3.066869300911854,0.2843440586661895,CBLN2,0.37912541155491936,0.3799169051072261,0.42121710523800027
LHb,Marginal,MHb.1,50,100,95,50,0,0.0,1.0,,1.0,1.0,-0.0
LHb,Marginal,MHb.2,50,100,95,50,1,3.066869300911854,0.2843440586661895,TSPAN13,0.37912541155491936,0.3799169051072261,0.42121710523800027
LHb,Marginal,MHb.3,50,100,95,50,0,0.0,1.0,,1.0,1.0,-0.0
LHb,Oval/Medial,LHb.1,50,100,95,50,6,21.651174668028602,9.313371487146786e-07,CADPS;CNTN4;FAM135B;KCNJ3;NTNG1;SHISA9,5.321926564083878e-06,3.3299205317172867e-06,5.273931122462793
LHb,Oval/Medial,LHb.2,50,100,95,50,4,13.501194457716197,0.00033578695970128207,CSMD1;KIRREL3;LRRC7;RGS7,0.0011192898656709402,0.0008394673992532051,2.9510574284320517
LHb,Oval/Medial,LHb.3,50,100,95,50,8,30.942528735632184,1.2202628356982509e-09,CACNA1A;GRM1;HS6ST3;INPP4B;LRRC4C;MARCH1;PTPRD;RMST,1.2202628356982508e-08,5.961589426312066e-09,7.913546615391496
LHb,Oval/Medial,LHb.4,50,100,95,50,12,53.78693722257451,3.648890222854872e-16,ARPP21;CACNA1A;CHRM3;DAB1;FAM135B;FGF13;GABRB1;LRRTM4;NRXN3;PTPRD;RMST;SHISA9,7.297780445709744e-15,3.4855070785479373e-15,14.136809206557976
LHb,Oval/Medial,LHb.5,50,100,95,50,4,13.501194457716197,0.00033578695970128207,CACNA2D1;CNTN4;FAM135B;RBFOX1,0.0011192898656709402,0.0008394673992532051,2.9510574284320517
LHb,Oval/Medial,LHb.6,50,100,95,50,0,0.0,1.0,,1.0,1.0,-0.0
LHb,Oval/Medial,LHb.7,50,100,95,50,2,6.329301075268817,0.04369803563521122,GRIK2;RYR3,0.07945097388220221,0.07026819800636981,1.0999007749943708
LHb,Oval/Medial,MHb.1,50,100,95,50,0,0.0,1.0,,1.0,1.0,-0.0
LHb,Oval/Medial,MHb.2,50,100,95,50,2,6.329301075268817,0.04369803563521122,ASIC2;EPHA6,0.07945097388220221,0.07026819800636981,1.0999007749943708
LHb,Oval/Medial,MHb.3,50,100,95,50,1,3.066869300911854,0.2843440586661895,CACNA2D3,0.37912541155491936,0.3799169051072261,0.42121710523800027
LHb,Hbx,LHb.1,50,200,182,50,4,6.859794821690278,0.003732087609840063,EBF1;LHFPL3;NDST4;SEMA3D,0.007857026547031711,0.007754987241226105,2.1047417794744376
LHb,Hbx,LHb.2,50,200,182,50,11,23.172739541160595,2.6008472306364498e-11,ERBB4;FOXP2;GPR151;HTR4;KCNMB4;OPCML;OPRM1;PBX3;SGCZ;SLC8A1;THSD7B,2.0806777845091599e-10,1.5412428033401183e-10,9.681795169785698
LHb,Hbx,LHb.3,50,200,182,50,4,6.859794821690278,0.003732087609840063,HS6ST2;PCSK1;SNTG1;SORCS3,0.007857026547031711,0.007754987241226105,2.1047417794744376
LHb,Hbx,LHb.4,50,200,182,50,4,6.859794821690278,0.003732087609840063,BTBD11;CDH10;GABRG3;SNTG1,0.007857026547031711,0.007754987241226105,2.1047417794744376
LHb,Hbx,LHb.5,50,200,182,50,5,8.815442561205273,0.0004251585401498483,ERBB4;LUZP2;PBX1;SEMA3D;TLL1,0.0011337561070662622,0.0010385552125797822,2.945480360564232
LHb,Hbx,LHb.6,50,200,182,50,10,20.41860465116279,5.872035390449981e-10,BRINP3;GRM5;NDST4;PLD5;PTPRZ1;RAB27B;ROBO1;RSPO3;TENM2;THSD7B,3.914690260299988e-09,3.0553680080390145e-09,8.407302594669666
LHb,Hbx,LHb.7,50,200,182,50,9,17.82362892993092,1.1701919875636468e-08,CDH18;HTR2C;NLGN1;PBX3;PCDH11X;PRKD1;SGCZ;SLC2A13;THSD7A,5.850959937818234e-08,5.274104732681225e-08,7.232772875542339
LHb,Hbx,MHb.1,50,200,182,50,1,1.5829293043184125,0.4742421899196008,SYT6,0.581664217530038,0.6106941681057233,0.2353276520469781
LHb,Hbx,MHb.2,50,200,182,50,6,10.881198347107437,3.9526763141751995e-05,BRINP3;KCNMA1;KCTD8;LCORL;PLD5;SYT9,0.00013175587713917333,0.00011821088042393121,3.880230003423311
LHb,Hbx,MHb.3,50,200,182,50,0,0.0,1.0,,1.0,1.0,-0.0
LHb,Lateral,LHb.1,50,200,182,50,2,3.25,0.1334489659199123,FSTL5;LHFPL3,0.20945339334339613,0.20335080521129492,0.6789125992637342
LHb,Lateral,LHb.2,50,200,182,50,11,23.172739541160595,2.6008472306364498e-11,COL25A1;ERBB4;HTR4;PBX3;PCDH15;SGCZ;SLC8A1;SRGAP1;THSD7B;UNC5D;ZFHX4,2.0806777845091599e-10,1.5412428033401183e-10,9.681795169785698
LHb,Lateral,LHb.3,50,200,182,50,5,8.815442561205273,0.0004251585401498483,INPP4B;KCNH8;PTPRD;SNTG1;TMEFF2,0.0011337561070662622,0.0010385552125797822,2.945480360564232
LHb,Lateral,LHb.4,50,200,182,50,4,6.859794821690278,0.003732087609840063,BTBD11;NELL1;PTPRD;SNTG1,0.007857026547031711,0.007754987241226105,2.1047417794744376
LHb,Lateral,LHb.5,50,200,182,50,6,10.881198347107437,3.9526763141751995e-05,ADGRL3;CNTN6;ERBB4;IL1RAPL2;KCNC2;PBX1,0.00013175587713917333,0.00011821088042393121,3.880230003423311
LHb,Lateral,LHb.6,50,200,182,50,5,8.815442561205273,0.0004251585401498483,GRM5;PARM1;ROBO1;TENM2;THSD7B,0.0011337561070662622,0.0010385552125797822,2.945480360564232
LHb,Lateral,LHb.7,50,200,182,50,18,48.21036585365854,4.295979231912004e-22,CCDC85A;CHRM2;COL25A1;CPNE4;GRID1;GRIK2;HTR2C;KCNH7;KLHL29;MAPK4;NLGN1;PBX3;PCDH11X;PRKD1;SGCZ;SLC24A3;SLC2A13;THSD7A,1.7183916927648015e-20,6.248697064599278e-21,19.764877835488875
LHb,Lateral,MHb.1,50,200,182,50,1,1.5829293043184125,0.4742421899196008,RIMS1,0.581664217530038,0.6106941681057233,0.2353276520469781
LHb,Lateral,MHb.2,50,200,182,50,3,5.00689409247593,0.025810251402346877,KCNMA1;KCTD8;LCORL,0.04692772982244887,0.04464475918243784,1.3285704547248716
LHb,Lateral,MHb.3,50,200,182,50,0,0.0,1.0,,1.0,1.0,-0.0
LHb,Marginal,LHb.1,50,200,193,50,1,1.4910714285714286,0.49441458490053236,SPARCL1,0.581664217530038,0.6141369295194427,0.2353276520469781
LHb,Marginal,LHb.2,50,200,193,50,2,3.0604275741710296,0.14661737534037728,GPM6A;GPR151,0.20945339334339613,0.21669609055875866,0.6789125992637342
LHb,Marginal,LHb.3,50,200,193,50,4,6.455486542443064,0.004597403532408398,GABRA1;LGI2;PCDH17;TMEM47,0.008756959109349328,0.008889239458433154,2.057646678227165
LHb,Marginal,LHb.4,50,200,193,50,1,1.4910714285714286,0.49441458490053236,CBLN1,0.581664217530038,0.6141369295194427,0.2353276520469781
LHb,Marginal,LHb.5,50,200,193,50,0,0.0,1.0,,1.0,1.0,-0.0
LHb,Marginal,LHb.6,50,200,193,50,0,0.0,1.0,,1.0,1.0,-0.0
LHb,Marginal,LHb.7,50,200,193,50,2,3.0604275741710296,0.14661737534037728,CBLN2;CNTN1,0.20945339334339613,0.21669609055875866,0.6789125992637342
LHb,Marginal,MHb.1,50,200,193,50,0,0.0,1.0,,1.0,1.0,-0.0
LHb,Marginal,MHb.2,50,200,193,50,1,1.4910714285714286,0.49441458490053236,TSPAN13,0.581664217530038,0.6141369295194427,0.2353276520469781
LHb,Marginal,MHb.3,50,200,193,50,0,0.0,1.0,,1.0,1.0,-0.0
LHb,Oval/Medial,LHb.1,50,200,189,50,9,17.121951219512194,1.6260214185898245e-08,CADPS;CNTN4;FAM135B;GPC6;KCNJ3;NTNG1;SHISA9;SRRM4;TOX,7.22676186039922e-08,7.127765122585532e-08,7.14105625611893
LHb,Oval/Medial,LHb.2,50,200,189,50,7,12.556350626118068,3.948631818765236e-06,CSMD1;KIRREL3;LDB2;LRRC7;OPCML;PRICKLE2;RGS7,1.5794527275060942e-05,1.330065454741974e-05,4.8014933678534675
LHb,Oval/Medial,LHb.3,50,200,189,50,12,25.05441570026762,1.6056973412660459e-12,CACNA1A;CSMD2;GRIK1;GRM1;HS6ST3;INPP4B;LRRC4C;MARCH1;PCDH7;PTPRD;PTPRG;RMST,2.140929788354728e-11,1.117006846098119e-11,10.66939757512971
LHb,Oval/Medial,LHb.4,50,200,189,50,16,38.210132607956474,1.5675781649695266e-18,ARPP21;CACNA1A;CAMK2A;CHRM3;DAB1;EDIL3;FAM135B;FGF13;GABRB1;GABRG3;GRM8;LRRTM4;NRXN3;PTPRD;RMST;SHISA9,3.135156329939053e-17,1.700423772170334e-17,16.50374079884055
LHb,Oval/Medial,LHb.5,50,200,189,50,10,19.610335195530727,8.49163625281569e-10,ADGRL3;CACNA2D1;CAMK2A;CNTN4;FAM135B;GRIK1;KCNC2;PLXNA4;PTPRG;RBFOX1,4.852363573037537e-09,4.245818126407845e-09,8.314046666204389
LHb,Oval/Medial,LHb.6,50,200,189,50,1,1.523230568823274,0.48716850137829376,PRICKLE1,0.581664217530038,0.6141369295194427,0.2353276520469781
LHb,Oval/Medial,LHb.7,50,200,189,50,4,6.596944770857815,0.004268546337297568,CDH18;GRIK2;PLCB1;RYR3,0.008537092674595136,0.008472330732162843,2.068690004059547
LHb,Oval/Medial,MHb.1,50,200,189,50,2,3.126782531194296,0.14179666115771875,PLEKHA5;RIMS1,0.20945339334339613,0.21252895349166273,0.6789125992637342
LHb,Oval/Medial,MHb.2,50,200,189,50,3,4.816060398078243,0.02843653174448072,ASIC2;EPHA6;PEX5L,0.04739421957413454,0.048791904333693466,1.3242746237297298
LHb,Oval/Medial,MHb.3,50,200,189,50,3,4.816060398078243,0.02843653174448072,CACNA2D3;NXPH1;SLIT3,0.04739421957413454,0.048791904333693466,1.3242746237297298
LHb,Hbx,LHb.1,50,500,450,50,5,3.439450686641698,0.020168690453218067,EBF1;FSTL5;LHFPL3;NDST4;SEMA3D,0.03226990472514891,0.03526765543732121,1.49120231682117
LHb,Hbx,LHb.2,50,500,450,50,14,12.29459734964322,2.6122679798914234e-10,ERBB4;FOXP2;GPR151;HTR4;KCNMB4;OPCML;OPRM1;PBX3;PPP1R9A;PTPRQ;SGCZ;SLC8A1;THSD7B;VWA5B1,1.3061339899457116e-09,1.4412512992504405e-09,8.884012268612874
LHb,Hbx,LHb.3,50,500,450,50,6,4.2309582309582305,0.004669644166073773,GPR158;HS6ST2;PCSK1;SNTG1;SORCS3;TENM3,0.008894560316330997,0.008974691490351997,2.050875515473346
LHb,Hbx,LHb.4,50,500,450,50,5,3.439450686641698,0.020168690453218067,BTBD11;CDH10;GABRG3;SNTG1;TMEM196,0.03226990472514891,0.03526765543732121,1.49120231682117
LHb,Hbx,LHb.5,50,500,450,50,7,5.062680455666964,0.0009147031829622719,CDH7;ERBB4;LUZP2;PBX1;SEMA3D;TLL1;TRPC4,0.0022867579574056794,0.0021287637712576507,2.640779800992733
LHb,Hbx,LHb.6,50,500,450,50,14,12.29459734964322,2.6122679798914234e-10,AMIGO2;BRINP3;CASZ1;GRM5;MARCH4;NDST4;PLD5;PTPRZ1;RAB27B;ROBO1;RSPO3;SSTR2;TENM2;THSD7B,1.3061339899457116e-09,1.4412512992504405e-09,8.884012268612874
LHb,Hbx,LHb.7,50,500,450,50,15,13.58128078817734,1.9685162805290994e-11,CBLN2;CDH18;CPNE4;HTR2C;KCNH7;NLGN1;PBX3;PCDH11X;PRKCA;PRKD1;PTPRQ;SGCZ;SLC2A13;SV2B;THSD7A,1.5748130244232795e-10,1.188538131640211e-10,9.80277100205315
LHb,Hbx,MHb.1,50,500,450,50,6,4.2309582309582305,0.004669644166073773,CABLES1;GUCY1A1;KCNK13;MYO1B;RIMS1;SYT6,0.008894560316330997,0.008974691490351997,2.050875515473346
LHb,Hbx,MHb.2,50,500,450,50,8,5.937513466925232,0.00015405109152554576,BRINP3;GABBR2;GUCY1A1;KCNMA1;KCTD8;LCORL;PLD5;SYT9,0.0004740033585401408,0.00041425503603508104,3.324218581131225
LHb,Hbx,MHb.3,50,500,450,50,2,1.2808779761904763,0.4708476412528165,NXPH1;SLIT3,0.566979986717057,0.6087727078824294,0.2464322705810694
LHb,Lateral,LHb.1,50,500,466,50,5,3.316220776090624,0.023058552051900202,DPF3;FSTL5;GRIK4;LHFPL3;RAB3C,0.034160817854666965,0.040101829655478614,1.466471740280545
LHb,Lateral,LHb.2,50,500,466,50,15,13.084257206208425,3.227548443199915e-11,COL25A1;ERBB4;HTR4;PBX3;PCDH15;PTPRQ;RGS7;SGCZ;SLC8A1;SPHKAP;SRGAP1;THSD7B;UNC5D;VWC2;ZFHX4,2.1516989621332767e-10,1.8950743152733444e-10,9.667218489617914
LHb,Lateral,LHb.3,50,500,466,50,14,11.845624385447394,4.127813526326011e-10,FRMD3;GPR158;HS6ST2;INPP4B;KCNH8;LRRC4C;NEDD4L;PLCL2;PTCHD4;PTPRD;SNTG1;SORCS3;TENM3;TMEFF2,1.834583789478227e-09,2.2388141159734297e-09,8.736462448270512
LHb,Lateral,LHb.4,50,500,466,50,7,4.880528955768354,0.0011213162958782913,BTBD11;DAB1;NEDD4L;NELL1;PLCB4;PTPRD;SNTG1,0.002360665886059561,0.002535838973010977,2.6269654759067547
LHb,Lateral,LHb.5,50,500,466,50,8,5.723435225618632,0.0001956883181333062,ADGRL3;CNTN6;ERBB4;IL1RAPL2;KCNC2;PBX1;TLL1;TRPC4,0.0005218355150221498,0.0005218355150221498,3.2824663670654823
LHb,Lateral,LHb.6,50,500,466,50,8,5.723435225618632,0.0001956883181333062,GRM5;MCC;MME;PARM1;PTPRZ1;ROBO1;TENM2;THSD7B,0.0005218355150221498,0.0005218355150221498,3.2824663670654823
LHb,Lateral,LHb.7,50,500,466,50,27,36.85124294344855,1.9332213099181026e-27,CBLN2;CCDC85A;CHRM2;COL25A1;CPNE4;GRID1;GRIK2;GRM3;HIPK2;HTR2C;KCNH7;KLHL29;LRRC3B;MAPK4;NLGN1;PBX3;PCDH11X;PLCH1;PRKD1;PTPRQ;RUNX1T1;SGCZ;SLC24A3;SLC2A13;SV2B;THSD7A;VWC2,7.73288523967241e-26,4.7586986090291755e-26,25.11165843494633
LHb,Lateral,MHb.1,50,500,466,50,3,1.8965580625890355,0.22333510027465625,FRMD4B;MME;RIMS1,0.2861199259762702,0.30938195709043287,0.5434518959864132
LHb,Lateral,MHb.2,50,500,466,50,7,4.880528955768354,0.0011213162958782913,GABBR2;KCNMA1;KCTD8;LCORL;MCC;ROBO3;VAV2,0.002360665886059561,0.002535838973010977,2.6269654759067547
LHb,Lateral,MHb.3,50,500,466,50,0,0.0,1.0,,1.0,1.0,-0.0
LHb,Marginal,LHb.1,50,500,472,50,1,0.5957363837254647,0.8145059267370272,SPARCL1,0.8573746597231865,0.9725443901337637,0.06682935649720856
LHb,Marginal,LHb.2,50,500,472,50,2,1.2189716312056738,0.4961074883774248,GPM6A;GPR151,0.566979986717057,0.6141369295194427,0.2464322705810694
LHb,Marginal,LHb.3,50,500,472,50,6,4.024775653531019,0.005876072825733584,GABRA1;HS6ST2;LGI2;PCDH17;PCSK1;TMEM47,0.010219257088232321,0.011159307443529654,1.9905806750632011
LHb,Marginal,LHb.4,50,500,472,50,2,1.2189716312056738,0.4961074883774248,CBLN1;SEZ6L,0.566979986717057,0.6141369295194427,0.2464322705810694
LHb,Marginal,LHb.5,50,500,472,50,0,0.0,1.0,,1.0,1.0,-0.0
LHb,Marginal,LHb.6,50,500,472,50,4,2.5551839464882944,0.08276614382624943,ADCYAP1;AMIGO2;PARM1;RET,0.1141601983810337,0.12672328241339625,0.9424852852007554
LHb,Marginal,LHb.7,50,500,472,50,3,1.8714784738919386,0.22889594078101613,CBLN2;CNTN1;SV2B,0.2861199259762702,0.31640043650075667,0.5434518959864132
LHb,Marginal,MHb.1,50,500,472,50,5,3.2721865334285036,0.024208495588285577,CALB2;CCK;PTN;TAC1;TMEM158,0.034583565126122255,0.04198763462466875,1.4611302385116722
LHb,Marginal,MHb.2,50,500,472,50,1,0.5957363837254647,0.8145059267370272,TSPAN13,0.8573746597231865,0.9725443901337637,0.06682935649720856
LHb,Marginal,MHb.3,50,500,472,50,1,0.5957363837254647,0.8145059267370272,CHST2,0.8573746597231865,0.9725443901337637,0.06682935649720856
LHb,Oval/Medial,LHb.1,50,500,464,50,13,10.72673338526997,4.547295898387898e-09,AK5;CADPS;CAMK1D;CNTN4;ESRRG;FAM135B;GPC6;HCN1;KCNJ3;NTNG1;SHISA9;SRRM4;TOX,1.8189183593551592e-08,2.1557550925690775e-08,7.740186793447374
LHb,Oval/Medial,LHb.2,50,500,464,50,9,6.640846957920129,2.876195202022654e-05,CSMD1;KIRREL3;LDB2;LRRC7;NELL2;OPCML;PRICKLE2;RGS7;SGCZ,9.587317340075513e-05,8.682853440068389e-05,4.018302897249268
LHb,Oval/Medial,LHb.3,50,500,464,50,16,14.466386554621849,2.151784041945981e-12,CACNA1A;CSMD2;GRIK1;GRM1;HS6ST3;INPP4B;LRRC4C;MARCH1;PCDH7;PTPRD;PTPRG;RMST;SDK1;SORCS1;TENM3;TMEFF2,2.151784041945981e-11,1.4197338008715752e-11,10.667201317623439
LHb,Oval/Medial,LHb.4,50,500,464,50,24,28.90909090909091,6.034810373110387e-23,ALK;ARPP21;CACNA1A;CAMK2A;CHRM3;DAB1;EDIL3;EPHA3;FAM135B;FGF13;FRAS1;GABRB1;GABRG3;GRM8;HS3ST4;LRRTM4;NELL1;NRXN3;PLCB4;PTPRD;RMST;RPH3A;SHISA9;VSNL1,1.2069620746220774e-21,9.42019180192841e-22,20.91830637616705
LHb,Oval/Medial,LHb.5,50,500,464,50,16,14.466386554621849,2.151784041945981e-12,ADGRL3;CACNA2D1;CAMK1D;CAMK2A;CNTN4;FAM135B;FUT8;GRIK1;HS3ST4;IL1RAPL2;KCNC2;NOS1AP;PHACTR1;PLXNA4;PTPRG;RBFOX1,2.151784041945981e-11,1.4197338008715752e-11,10.667201317623439
LHb,Oval/Medial,LHb.6,50,500,464,50,3,1.9050629990307841,0.22148798623341703,BCL11A;PRICKLE1;ROBO1,0.2861199259762702,0.3074887444455247,0.5434518959864132
LHb,Oval/Medial,LHb.7,50,500,464,50,10,7.580396475770925,3.831463070462559e-06,CCDC85A;CDH18;GRIK2;KCNH7;NLGN1;PCSK5;PLCB1;RYR3;SGCZ;SLC24A3,1.3932592983500215e-05,1.3043278537744883e-05,4.855968049862554
LHb,Oval/Medial,MHb.1,50,500,464,50,5,3.3311546840958606,0.022683338193172996,BCL11A;NFIB;PLEKHA5;RIMS1;SOX5,0.034160817854666965,0.039556775050764895,1.466471740280545
LHb,Oval/Medial,MHb.2,50,500,464,50,6,4.097459309249702,0.005413590861860258,ANO3;ASIC2;EPHA6;PDZRN4;PEX5L;SGCD,0.009842892476109559,0.010342382542061388,2.006877259107167
LHb,Oval/Medial,MHb.3,50,500,464,50,7,4.902600376571167,0.0010936442561311416,ADCY2;CACNA2D3;NECAB1;NFIB;NXPH1;PROX1;SLIT3,0.002360665886059561,0.002508718006895809,2.6269654759067547
LHb,Hbx,LHb.1,100,50,47,100,4,13.688953488372093,0.0003213574466174457,EBF1;NDST4;SEMA3D;SORCS3,0.0008717465143876804,0.0008157506341544107,3.059609780442061
LHb,Hbx,LHb.2,100,50,47,99,10,42.92134831460674,6.79437231160914e-13,ERBB4;GALNT13;GRIN3A;NCAM2;OPCML;PARD3B;PDE1A;PRKG1;SLC8A1;THSD7B,6.794372311609139e-12,4.8858407634043254e-12,11.16785065875431
LHb,Hbx,LHb.3,100,50,47,100,3,9.929240862230554,0.004330360605529433,MGAT4C;SNTG1;SORCS3,0.00911654864321986,0.008514671873281197,2.040169546419149
LHb,Hbx,LHb.4,100,50,47,100,2,6.405895691609977,0.04285497191355036,CDH10;SNTG1,0.06848986763788362,0.0693072646938822,1.1643736730979182
LHb,Hbx,LHb.5,100,50,47,100,2,6.405895691609977,0.04285497191355036,ERBB4;SEMA3D,0.06848986763788362,0.0693072646938822,1.1643736730979182
LHb,Hbx,LHb.6,100,50,47,100,11,48.524968789013734,1.6089739165672642e-14,BRINP3;GALNTL6;KCTD8;LCORL;NDST4;OPCML;PCDH9;ROBO1;SYT9;TENM2;THSD7B,2.1452985554230191e-13,1.211462713650646e-13,12.668512259679696
LHb,Hbx,LHb.7,100,50,47,100,5,17.704260651629074,1.8560931394178852e-05,HTR2C;KLHL1;PRKD1;RBMS3;THSD7A,7.424372557671541e-05,5.738645455205056e-05,4.1293402431898825
LHb,Hbx,MHb.1,100,50,47,100,2,6.405895691609977,0.04285497191355036,GNG8;THSD7B,0.06848986763788362,0.0693072646938822,1.1643736730979182
LHb,Hbx,MHb.2,100,50,47,100,7,26.588709677419356,3.354922111589305e-08,BRINP3;DACH1;GNG8;KCTD8;LCORL;MCTP1;SYT9,2.231618652794111e-07,1.421953742660368e-07,6.651380017233124
LHb,Hbx,MHb.3,100,50,47,100,0,0.0,1.0,,1.0,1.0,-0.0
LHb,Lateral,LHb.1,100,50,46,100,4,14.015873015873016,0.0002955875304282316,AGBL4;LHFPL3;MACROD2;MAST4,0.0008717465143876804,0.0007597430500966596,3.059609780442061
LHb,Lateral,LHb.2,100,50,46,99,6,22.79193548387097,7.161699785578196e-07,CSMD3;ERBB4;GALNT13;NCAM2;PCDH15;PLCL1,3.5808498927890982e-06,2.6191359215828834e-06,5.44601388398663
LHb,Lateral,LHb.3,100,50,46,100,3,10.160872692399904,0.004074466786875477,LSAMP;MGAT4C;SNTG1,0.00905437063750106,0.008304645680255749,2.043141731783895
LHb,Lateral,LHb.4,100,50,46,100,1,3.170594837261504,0.2767514407404556,SNTG1,0.37017478715421487,0.3776565502641612,0.43159316465574593
LHb,Lateral,LHb.5,100,50,46,100,4,14.015873015873016,0.0002955875304282316,DLG2;ERBB4;LSAMP;TENM1,0.0008717465143876804,0.0007597430500966596,3.059609780442061
LHb,Lateral,LHb.6,100,50,46,100,4,14.015873015873016,0.0002955875304282316,KCTD8;RIMS1;ROBO1;TENM2,0.0008717465143876804,0.0007597430500966596,3.059609780442061
LHb,Lateral,LHb.7,100,50,46,100,11,49.91492776886035,1.239503329514106e-14,ADGRB3;CHRM2;CPNE4;CTNNA2;GRID1;GRIK2;HTR2C;KLHL29;NLGN1;RBMS3;THSD7A,2.1452985554230191e-13,9.557616034807563e-14,12.668512259679696
LHb,Lateral,MHb.1,100,50,46,100,2,6.5519480519480515,0.04121562675150689,DLG2;RIMS1,0.06848986763788362,0.0688720655899854,1.1643736730979182
LHb,Lateral,MHb.2,100,50,46,100,3,10.160872692399904,0.004074466786875477,DPP10;KCNMA1;KCTD8,0.00905437063750106,0.008304645680255749,2.043141731783895
LHb,Lateral,MHb.3,100,50,46,100,0,0.0,1.0,,1.0,1.0,-0.0
LHb,Marginal,LHb.1,100,50,48,100,0,0.0,1.0,,1.0,1.0,-0.0
LHb,Marginal,LHb.2,100,50,48,99,0,0.0,1.0,,1.0,1.0,-0.0
LHb,Marginal,LHb.3,100,50,48,100,1,3.035246077799269,0.28688546004451654,GABRA1,0.37017478715421487,0.3801380837028791,0.43159316465574593
LHb,Marginal,LHb.4,100,50,48,100,0,0.0,1.0,,1.0,1.0,-0.0
LHb,Marginal,LHb.5,100,50,48,100,1,3.035246077799269,0.28688546004451654,GABRA1,0.37017478715421487,0.3801380837028791,0.43159316465574593
LHb,Marginal,LHb.6,100,50,48,100,1,3.035246077799269,0.28688546004451654,OLFM1,0.37017478715421487,0.3801380837028791,0.43159316465574593
LHb,Marginal,LHb.7,100,50,48,100,0,0.0,1.0,,1.0,1.0,-0.0
LHb,Marginal,MHb.1,100,50,48,100,2,6.266193433895297,0.04451841396462435,ITM2C;PCSK1N,0.06848986763788362,0.07054956326965678,1.1643736730979182
LHb,Marginal,MHb.2,100,50,48,100,0,0.0,1.0,,1.0,1.0,-0.0
LHb,Marginal,MHb.3,100,50,48,100,0,0.0,1.0,,1.0,1.0,-0.0
LHb,Oval/Medial,LHb.1,100,50,48,100,6,21.47112462006079,9.84554893558083e-07,CADPS;CNTN4;KALRN;KCNIP4;NTNG1;RMST,4.375799526924813e-06,3.5006396215398506e-06,5.3589425830056765
LHb,Oval/Medial,LHb.2,100,50,48,99,4,13.51866028708134,0.00033557484936901137,CACNA1C;CSMD1;KIRREL3;LRRC7,0.0008717465143876804,0.0008394673992532051,3.059609780442061
LHb,Oval/Medial,LHb.3,100,50,48,100,7,25.938368738526094,3.905332642389694e-08,KALRN;LRRC4C;LRRTM4;MARCH1;PTPRD;RMST;UNC5C,2.231618652794111e-07,1.6125244458899383e-07,6.651380017233124
LHb,Oval/Medial,LHb.4,100,50,48,100,14,67.68262653898769,1.062781910064338e-19,ARPP21;CACNA2D1;CADPS;CELF2;DAB1;FRMD4A;KALRN;LRRTM4;MARCH1;NRXN3;NTNG1;PTPRD;RBFOX1;RMST,4.251127640257351e-18,1.2146078972163862e-18,17.371495855129975
LHb,Oval/Medial,LHb.5,100,50,48,100,10,41.32163742690059,9.458764190724116e-13,CACNA2D1;CADPS;CNTN4;DLG2;KCNIP4;MARCH1;NTNG1;RBFOX1;RMST;XKR4,7.567011352579293e-12,6.726232313403816e-12,11.121075614471861
LHb,Oval/Medial,LHb.6,100,50,48,100,0,0.0,1.0,,1.0,1.0,-0.0
LHb,Oval/Medial,LHb.7,100,50,48,100,2,6.266193433895297,0.04451841396462435,CTNNA2;GRIK2,0.06848986763788362,0.07054956326965678,1.1643736730979182
LHb,Oval/Medial,MHb.1,100,50,48,100,4,13.37689393939394,0.0003486986057550722,ASIC2;DLG2;KCND2;PPP3CA,0.0008717465143876804,0.0008683545046040708,3.059609780442061
LHb,Oval/Medial,MHb.2,100,50,48,100,2,6.266193433895297,0.04451841396462435,ASIC2;EPHA6,0.06848986763788362,0.07054956326965678,1.1643736730979182
LHb,Oval/Medial,MHb.3,100,50,48,100,1,3.035246077799269,0.28688546004451654,ARPP21,0.37017478715421487,0.3801380837028791,0.43159316465574593
LHb,Hbx,LHb.1,100,100,94,100,8,14.240647118301315,2.968804609493354e-07,ARL15;EBF1;LUZP2;MACROD2;NDST4;SEMA3D;SORCS3;TMTC2,9.938419609426478e-07,1.149503954825231e-06,6.002682670881755
LHb,Hbx,LHb.2,100,100,94,99,17,37.947101678809,6.497727236281415e-20,CSMD3;ERBB4;FOXP2;GALNT13;GRIN3A;LHX9;NCAM2;OPCML;PARD3B;PBX3;PDE1A;PRKG1;RIMBP2;SGCZ;SLC8A1;TCF7L2;THSD7B,6.497727236281415e-19,7.70101005781501e-19,18.187238523564165
LHb,Hbx,LHb.3,100,100,94,100,5,8.32702542874039,0.0005122594128309802,HS6ST2;MGAT4C;PBX1;SNTG1;SORCS3,0.001078440869117853,0.001237154808346518,2.9672036622627216
LHb,Hbx,LHb.4,100,100,94,100,4,6.518518518518518,0.004275879416388434,CDH10;GRM5;NEGR1;SNTG1,0.006831066066457969,0.008472330732162843,2.165511514378357
LHb,Hbx,LHb.5,100,100,94,100,4,6.518518518518518,0.004275879416388434,ERBB4;LUZP2;PBX1;SEMA3D,0.006831066066457969,0.008472330732162843,2.165511514378357
LHb,Hbx,LHb.6,100,100,94,100,15,31.476545048399107,9.607630458126547e-17,BRINP3;GALNTL6;GRM5;KCTD8;LCORL;NDST4;OLFM1;OPCML;PCDH9;PTPRZ1;ROBO1;SYT9;SYTL2;TENM2;THSD7B,6.405086972084365e-16,9.459820758770753e-16,15.193474968770213
LHb,Hbx,LHb.7,100,100,94,100,15,31.476545048399107,9.607630458126547e-17,CDH18;DOK6;DPP6;GRIN2A;HTR2C;KCNH5;KLHL1;NLGN1;PBX3;PRKD1;RBMS3;SGCZ;SLC2A13;TCF7L2;THSD7A,6.405086972084365e-16,9.459820758770753e-16,15.193474968770213
LHb,Hbx,MHb.1,100,100,94,100,4,6.518518518518518,0.004275879416388434,GNG8;SYT6;SYTL2;THSD7B,0.006831066066457969,0.008472330732162843,2.165511514378357
LHb,Hbx,MHb.2,100,100,94,100,8,14.240647118301315,2.968804609493354e-07,BRINP3;CDK14;DACH1;GNG8;KCTD8;LCORL;MCTP1;SYT9,9.938419609426478e-07,1.149503954825231e-06,6.002682670881755
LHb,Hbx,MHb.3,100,100,94,100,2,3.1228926353149955,0.14078468783843912,FOXP2;GRM5,0.19749961029573646,0.21150751224554232,0.7044337569822208
LHb,Lateral,LHb.1,100,100,93,100,6,10.332355099046222,4.7443292519323135e-05,AGBL4;CTNND2;FSTL5;LHFPL3;MACROD2;MAST4,0.00011860823129830783,0.0001367734559115622,3.9258851703023887
LHb,Lateral,LHb.2,100,100,93,99,10,19.07134154595912,8.158047486656722e-10,CSMD3;ERBB4;GALNT13;NCAM2;PBX3;PCDH15;PLCL1;SGCZ;TCF7L2;ZFHX4,3.6257988829585434e-09,4.111142040519923e-09,8.440596289165963
LHb,Lateral,LHb.3,100,100,93,100,7,12.326581645411354,3.886287703875322e-06,DCC;GRIA1;LSAMP;MGAT4C;PBX1;SNTG1;TMEFF2,1.1957808319616374e-05,1.3159916034286804e-05,4.922348412481356
LHb,Lateral,LHb.4,100,100,93,100,4,6.592228464419476,0.004115725373683864,GRM5;NEGR1;SNTG1;TMEFF2,0.006831066066457969,0.008362108695738644,2.165511514378357
LHb,Lateral,LHb.5,100,100,93,100,6,10.332355099046222,4.7443292519323135e-05,DLG2;ERBB4;LSAMP;PBX1;RALYL;TENM1,0.00011860823129830783,0.0001367734559115622,3.9258851703023887
LHb,Lateral,LHb.6,100,100,93,100,6,10.332355099046222,4.7443292519323135e-05,GRM5;KCTD8;RIMS1;ROBO1;TENM2;TNR,0.00011860823129830783,0.0001367734559115622,3.9258851703023887
LHb,Lateral,LHb.7,100,100,93,100,20,48.27739726027397,7.746161816232589e-25,ADGRB3;CCDC85A;CHRM2;CPNE4;CTNNA2;DPP6;GRID1;GRIK2;HTR2C;KCNH5;KLHL29;NLGN1;NRXN1;NTM;PBX3;RBMS3;SGCZ;SLC2A13;TCF7L2;THSD7A,1.5492323632465178e-23,1.5022859279966233e-23,22.80988343924045
LHb,Lateral,MHb.1,100,100,93,100,2,3.1574344023323615,0.1383911704309175,DLG2;RIMS1,0.19749961029573646,0.20889233272591323,0.7044337569822208
LHb,Lateral,MHb.2,100,100,93,100,5,8.42224880382775,0.0004876920715738337,DACH1;DPP10;KCNMA1;KCTD8;MDGA2,0.001078440869117853,0.0011859637249611544,2.9672036622627216
LHb,Lateral,MHb.3,100,100,93,100,1,1.5456741326306545,0.4811476985767155,GRM5,0.5280451615031789,0.6141369295194427,0.2773289324796815
LHb,Marginal,LHb.1,100,100,95,100,1,1.5125725338491296,0.48844177439044056,CHL1,0.5280451615031789,0.6141369295194427,0.2773289324796815
LHb,Marginal,LHb.2,100,100,95,99,1,1.528115501519757,0.4849892288211798,GPM6A,0.5280451615031789,0.6141369295194427,0.2773289324796815
LHb,Marginal,LHb.3,100,100,95,100,1,1.5125725338491296,0.48844177439044056,GABRA1,0.5280451615031789,0.6141369295194427,0.2773289324796815
LHb,Marginal,LHb.4,100,100,95,100,0,0.0,1.0,,1.0,1.0,-0.0
LHb,Marginal,LHb.5,100,100,95,100,1,1.5125725338491296,0.48844177439044056,GABRA1,0.5280451615031789,0.6141369295194427,0.2773289324796815
LHb,Marginal,LHb.6,100,100,95,100,1,1.5125725338491296,0.48844177439044056,OLFM1,0.5280451615031789,0.6141369295194427,0.2773289324796815
LHb,Marginal,LHb.7,100,100,95,100,1,1.5125725338491296,0.48844177439044056,CBLN2,0.5280451615031789,0.6141369295194427,0.2773289324796815
LHb,Marginal,MHb.1,100,100,95,100,2,3.089093701996928,0.14318721746440893,ITM2C;PCSK1N,0.19749961029573646,0.21411172704958348,0.7044337569822208
LHb,Marginal,MHb.2,100,100,95,100,1,1.5125725338491296,0.48844177439044056,TSPAN13,0.5280451615031789,0.6141369295194427,0.2773289324796815
LHb,Marginal,MHb.3,100,100,95,100,0,0.0,1.0,,1.0,1.0,-0.0
LHb,Oval/Medial,LHb.1,100,100,95,100,12,23.144030668127055,2.4103077669652227e-12,CADPS;CNTN4;CTNND2;FAM135B;INPP4B;KALRN;KCNIP4;KCNJ3;NTNG1;RMST;RYR2;SHISA9,1.2051538834826113e-11,1.558178758442164e-11,10.918957495429
LHb,Oval/Medial,LHb.2,100,100,95,99,8,14.231653404067197,2.981525882827943e-07,CACNA1C;CEP112;CSMD1;GABRB1;GRIN2B;KIRREL3;LRRC7;RGS7,9.938419609426478e-07,1.149503954825231e-06,6.002682670881755
LHb,Oval/Medial,LHb.3,100,100,95,100,14,28.315532586850416,3.452011609671407e-15,CACNA1A;DCC;GRM1;HS6ST3;INPP4B;KALRN;LRRC4C;LRRTM4;LSAMP;MARCH1;PTPRD;RMST;TENM4;UNC5C,1.9725780626693757e-14,2.9457165735862674e-14,13.704965801038329
LHb,Oval/Medial,LHb.4,100,100,95,100,21,50.635648306534385,2.495623970069044e-26,ARPP21;CACNA1A;CACNA2D1;CADPS;CELF2;CHRM3;DAB1;FAM135B;FGF13;FRMD4A;GABRB1;INPP4B;KALRN;LRRTM4;MARCH1;NRXN3;NTNG1;PTPRD;RBFOX1;RMST;SHISA9,9.982495880276174e-25,5.507583933945476e-25,24.000760860364647
LHb,Oval/Medial,LHb.5,100,100,95,100,18,40.176433322774784,2.4027760454584094e-21,CACNA2D1;CACNA2D3;CADPS;CNTN4;DLG2;DLGAP2;FAM135B;FGF13;KCNIP4;LSAMP;MARCH1;NTNG1;PDE10A;RALYL;RBFOX1;RMST;TENM4;XKR4,3.203701393944546e-20,3.075553338186764e-20,19.49434796980553
LHb,Oval/Medial,LHb.6,100,100,95,100,0,0.0,1.0,,1.0,1.0,-0.0
LHb,Oval/Medial,LHb.7,100,100,95,100,6,10.09873296677026,5.3488577182892864e-05,ADGRB3;CTNNA2;GRIK2;NTM;RYR3;ZFHX3,0.0001258554757244538,0.00015283298268299727,3.9001278844050007
LHb,Oval/Medial,MHb.1,100,100,95,100,4,6.446428571428571,0.00444019294319768,ASIC2;DLG2;KCND2;PPP3CA,0.006831066066457969,0.008611283283777318,2.165511514378357
LHb,Oval/Medial,MHb.2,100,100,95,100,4,6.446428571428571,0.00444019294319768,ASIC2;EPHA6;MDGA2;TCF4,0.006831066066457969,0.008611283283777318,2.165511514378357
LHb,Oval/Medial,MHb.3,100,100,95,100,4,6.446428571428571,0.00444019294319768,ARPP21;CACNA2D3;GRM1;TCF4,0.006831066066457969,0.008611283283777318,2.165511514378357
LHb,Hbx,LHb.1,100,200,182,100,10,9.042635658914728,5.708654620656504e-07,ARL15;EBF1;LHFPL3;LUZP2;MACROD2;NDST4;SEMA3D;SORCS3;TLL1;TMTC2,1.5223078988417344e-06,2.1477321661796097e-06,5.817497499178983
LHb,Hbx,LHb.2,100,200,182,99,24,28.380759493670887,1.9426243085309993e-24,CSMD3;ERBB4;FOXP2;GALNT13;GPR151;GRIN3A;HTR4;KCNMB4;LHX9;NCAM2;OPCML;OPRM1;PARD3B;PBX3;PDE1A;POU6F2;PRKG1;RIMBP2;SGCZ;SLC8A1;TCF7L2;THSD7B;TLL1;TMEM117,1.942624308530999e-23,3.453554326277332e-23,22.711611181133623
LHb,Hbx,LHb.3,100,200,182,100,8,6.994502748625687,4.111327130816357e-05,GLCE;GRIA1;HS6ST2;MGAT4C;PBX1;PCSK1;SNTG1;SORCS3,8.655425538560752e-05,0.00012181710017233649,4.062711575448242
LHb,Hbx,LHb.4,100,200,182,100,7,6.019354838709678,0.00028858733040642925,BASP1;BTBD11;CDH10;GABRG3;GRM5;NEGR1;SNTG1,0.0005247042371025986,0.0007507963067484338,3.280085428763643
LHb,Hbx,LHb.5,100,200,182,100,6,5.075193423597679,0.0017540005436294471,ERBB4;LUZP2;PBX1;POU6F2;SEMA3D;TLL1,0.002698462374814534,0.00387089775145809,2.5688836330089386
LHb,Hbx,LHb.6,100,200,182,100,18,18.74687685901249,4.2134693932845434e-16,BRINP3;GALNTL6;GRM5;KCTD8;LCORL;NDST4;OLFM1;OPCML;PCDH9;PLD5;PTPRZ1;RAB27B;ROBO1;RSPO3;SYT9;SYTL2;TENM2;THSD7B,1.8726530636820193e-15,3.852314873860154e-15,14.727542674565367
LHb,Hbx,LHb.7,100,200,182,100,18,18.74687685901249,4.2134693932845434e-16,CDH18;DOK6;DPP6;GPR151;GRIN2A;HTR2C;KCNH5;KLHL1;NLGN1;NRXN1;PBX3;PCDH11X;PRKD1;RBMS3;SGCZ;SLC2A13;TCF7L2;THSD7A,1.8726530636820193e-15,3.852314873860154e-15,14.727542674565367
LHb,Hbx,MHb.1,100,200,182,100,6,5.075193423597679,0.0017540005436294471,GNG8;HSPA8;PCSK1N;SYT6;SYTL2;THSD7B,0.002698462374814534,0.00387089775145809,2.5688836330089386
LHb,Hbx,MHb.2,100,200,182,100,10,9.042635658914728,5.708654620656504e-07,BRINP3;CDK14;DACH1;GNG8;KCNMA1;KCTD8;LCORL;MCTP1;PLD5;SYT9,1.5223078988417344e-06,2.1477321661796097e-06,5.817497499178983
LHb,Hbx,MHb.3,100,200,182,100,2,1.5861678004535147,0.36539652601411,FOXP2;GRM5,0.4490436858107995,0.48217273535882554,0.3477114060263984
LHb,Lateral,LHb.1,100,200,182,100,9,8.00184208854729,5.14191956637775e-06,AGBL4;CHL1;CNTN6;CTNND2;FSTL5;INPP4B;LHFPL3;MACROD2;MAST4,1.2098634273830001e-05,1.6963033621040004e-05,4.917263651238514
LHb,Lateral,LHb.2,100,200,182,99,22,25.019642857142856,1.4207302009008671e-21,ADCY8;COL25A1;CSMD3;ERBB4;GALNT13;GRIN3A;HTR4;NCAM2;PARD3B;PBX3;PCDH15;PDE1A;PLCL1;SGCZ;SLC8A1;SPOCK3;SRGAP1;TCF7L2;THSD7B;TMEM117;UNC5D;ZFHX4,1.1365841607206937e-20,1.8948398961338744e-20,19.944398400516814
LHb,Lateral,LHb.3,100,200,182,100,12,11.229946524064172,5.097388952916837e-09,DCC;GRIA1;INPP4B;KCNH8;LSAMP;MGAT4C;NELL1;PBX1;PTPRD;SLC24A3;SNTG1;TMEFF2,1.8535959828788498e-08,2.3987712719608646e-08,7.7319849204219215
LHb,Lateral,LHb.4,100,200,182,100,8,6.994502748625687,4.111327130816357e-05,BTBD11;GRM5;INPP4B;NEGR1;NELL1;PTPRD;SNTG1;TMEFF2,8.655425538560752e-05,0.00012181710017233649,4.062711575448242
LHb,Lateral,LHb.5,100,200,182,100,11,10.118207503778173,5.6776986825006195e-08,ADGRL3;CNTN6;DLG2;ERBB4;IL1RAPL2;KCNC2;LSAMP;MLLT3;PBX1;RALYL;TENM1,1.7469842100001904e-07,2.2853629916983625e-07,6.757711020340925
LHb,Lateral,LHb.6,100,200,182,100,9,8.00184208854729,5.14191956637775e-06,GRM5;KCTD8;LCORL;PARM1;RIMS1;ROBO1;TENM2;THSD7B;TNR,1.2098634273830001e-05,1.6963033621040004e-05,4.917263651238514
LHb,Lateral,LHb.7,100,200,182,100,32,43.984313725490196,9.747499444327665e-37,ADGRB3;CCDC85A;CHRM2;COL25A1;CPNE4;CTNNA2;DPP6;ELAVL4;FLRT2;GRID1;GRIK2;GRIN2A;HTR2C;KCNH5;KCNH7;KLHL1;KLHL29;MAPK4;NLGN1;NRXN1;NTM;PBX3;PCDH11X;PRKD1;RBMS3;SGCZ;SLC24A3;SLC2A13;SRGAP1;TCF7L2;THSD7A;TMTC1,3.8989997777310656e-35,4.7987689572074654e-35,34.409046789569686
LHb,Lateral,MHb.1,100,200,182,100,4,3.2752808988764044,0.03903167903534413,DLG2;RIMS1;SCUBE1;THSD7B,0.05575954147906305,0.06591101472986872,1.253680806178546
LHb,Lateral,MHb.2,100,200,182,100,11,10.118207503778173,5.6776986825006195e-08,CDK14;DACH1;DPP10;KCNMA1;KCTD8;LCORL;MDGA2;RGS6;SCUBE1;SLC24A2;SV2C,1.7469842100001904e-07,2.2853629916983625e-07,6.757711020340925
LHb,Lateral,MHb.3,100,200,182,100,1,0.7806797254311066,0.7242080214486748,GRM5,0.7641035213910614,0.8811656534736727,0.1168477988546329
LHb,Marginal,LHb.1,100,200,193,100,2,1.493642483171279,0.3929132250844496,CHL1;SPARCL1,0.4490436858107995,0.5100699068033423,0.3477114060263984
LHb,Marginal,LHb.2,100,200,193,99,2,1.509148809845091,0.38812569868139407,GPM6A;GPR151,0.4490436858107995,0.5059072243504933,0.3477114060263984
LHb,Marginal,LHb.3,100,200,193,100,4,3.082231040564374,0.0467022372965028,GABRA1;LGI2;PCDH17;TMEM47,0.06441687902965904,0.0732584114454946,1.1910003203892163
LHb,Marginal,LHb.4,100,200,193,100,2,1.493642483171279,0.3929132250844496,CBLN1;STMN2,0.4490436858107995,0.5100699068033423,0.3477114060263984
LHb,Marginal,LHb.5,100,200,193,100,1,0.7353745791245792,0.7450009333562848,GABRA1,0.7641035213910614,0.8996237685811741,0.1168477988546329
LHb,Marginal,LHb.6,100,200,193,100,1,0.7353745791245792,0.7450009333562848,OLFM1,0.7641035213910614,0.8996237685811741,0.1168477988546329
LHb,Marginal,LHb.7,100,200,193,100,3,2.27563754747694,0.1535369049316832,CBLN2;CNTN1;GPR151,0.19811213539572026,0.21889550083172662,0.7030889208573337
LHb,Marginal,MHb.1,100,200,193,100,3,2.27563754747694,0.1535369049316832,HSPA8;ITM2C;PCSK1N,0.19811213539572026,0.21889550083172662,0.7030889208573337
LHb,Marginal,MHb.2,100,200,193,100,1,0.7353745791245792,0.7450009333562848,TSPAN13,0.7641035213910614,0.8996237685811741,0.1168477988546329
LHb,Marginal,MHb.3,100,200,193,100,0,0.0,1.0,,1.0,1.0,-0.0
LHb,Oval/Medial,LHb.1,100,200,189,100,20,20.71153846153846,2.127992787165853e-18,CADPS;CNTN4;CTNND2;FAM135B;GPC6;INPP4B;KALRN;KCNIP4;KCNJ3;MAST4;NTNG1;OSBPL6;PCDH7;PDE4B;R3HDM1;RMST;RYR2;SHISA9;SRRM4;TOX,1.4186618581105685e-17,2.26985897297691e-17,16.84812110747185
LHb,Oval/Medial,LHb.2,100,200,189,99,14,13.172705882352941,4.4794925328310616e-11,CACNA1C;CEP112;CIT;CSMD1;GABRB1;GRIN2B;KCNT2;KIRREL3;LDB2;LRRC7;OPCML;PRICKLE2;PRKG1;RGS7,1.7917970131324246e-10,2.6062502009198905e-10,9.746711191699427
LHb,Oval/Medial,LHb.3,100,200,189,100,19,19.317356572258532,4.341807552638454e-17,CACNA1A;CSMD2;DCC;GABRB2;GRIK1;GRM1;HS6ST3;INPP4B;KALRN;LRRC4C;LRRTM4;LSAMP;MARCH1;PCDH7;PTPRD;PTPRG;RMST;TENM4;UNC5C,2.481032887221974e-16,4.481865860788081e-16,15.605367478918293
LHb,Oval/Medial,LHb.4,100,200,189,100,27,31.98173515981735,2.460187521754154e-28,ARPP21;CACNA1A;CACNA1B;CACNA2D1;CADPS;CAMK2A;CELF2;CHRM3;DAB1;EDIL3;FAM135B;FGF13;FRMD4A;GABRB1;GABRG3;GRM8;INPP4B;KALRN;LRRTM4;MARCH1;NRXN3;NTNG1;PCDH7;PTPRD;RBFOX1;RMST;SHISA9,3.2802500290055385e-27,6.84573919096808e-27,26.484093051995956
LHb,Oval/Medial,LHb.5,100,200,189,100,28,33.83816425120773,7.404911739244072e-30,ADGRL3;CACNA2D1;CACNA2D3;CADPS;CAMK2A;CNTN4;DLG2;DLGAP2;FAM135B;FGF13;GALNT17;GRIK1;KCNC2;KCNIP4;LSAMP;MARCH1;NTNG1;PCDH7;PDE10A;PLXNA4;PTPRG;RALYL;RBFOX1;RMST;SRRM4;TENM4;TOX;XKR4,1.4809823478488143e-28,2.154156142325548e-28,27.829450117898467
LHb,Oval/Medial,LHb.6,100,200,189,100,5,4.000572082379863,0.0105675537924868,CSMD2;OPCML;PRICKLE1;RIMS1;SLIT3,0.01565563524812859,0.019660565195324282,1.8053293056159183
LHb,Oval/Medial,LHb.7,100,200,189,100,8,6.720634158059092,5.373034547449123e-05,ADGRB3;CDH18;CTNNA2;GRIK2;NTM;PLCB1;RYR3;ZFHX3,0.0001023435151895071,0.00015283298268299727,3.9899396704087717
LHb,Oval/Medial,MHb.1,100,200,189,100,7,5.78494623655914,0.0003627767584969486,ASIC2;DLG2;KCND2;LDB2;PLEKHA5;PPP3CA;RIMS1,0.0006046279308282478,0.0008964367777530777,3.2185117944317696
LHb,Oval/Medial,MHb.2,100,200,189,100,7,5.78494623655914,0.0003627767584969486,ASIC2;EPHA6;GABRA2;MDGA2;NXPH1;PEX5L;TCF4,0.0006046279308282478,0.0008964367777530777,3.2185117944317696
LHb,Oval/Medial,MHb.3,100,200,189,100,8,6.720634158059092,5.373034547449123e-05,ARPP21;CACNA2D3;GRM1;NXPH1;PEX5L;SLIT3;TCF4;TMEM108,0.0001023435151895071,0.00015283298268299727,3.9899396704087717
LHb,Hbx,LHb.1,100,500,450,100,13,4.695783687103816,1.5010826998819418e-05,AGBL4;ARL15;EBF1;FSTL5;LHFPL3;LUZP2;MACROD2;NDST4;NECTIN3;SEMA3D;SORCS3;TLL1;TMTC2,2.7292412725126213e-05,4.7559055837843704e-05,4.563958069793951
LHb,Hbx,LHb.2,100,500,450,99,30,14.234989648033126,9.81263004427865e-22,ADCY8;CSMD3;ERBB4;FOXP2;GALNT13;GPR151;GRIN3A;HTR4;KCNMB4;LHX9;MAOA;NCAM2;OPCML;OPRM1;PARD3B;PBX3;PDE1A;PLCL1;POU6F2;PPP1R9A;PRKG1;PTPRQ;RIMBP2;SGCZ;SLC8A1;TCF7L2;THSD7B;TLL1;TMEM117;VWA5B1,4.906315022139325e-21,1.3955740507418523e-20,20.309244570278736
LHb,Hbx,LHb.3,100,500,450,100,12,4.275217932752179,7.104180035883517e-05,CDH7;GLCE;GPR158;GRIA1;HS6ST2;LSAMP;MGAT4C;PBX1;PCSK1;SNTG1;SORCS3;TENM3,0.00011840300059805861,0.00019941557995462503,3.92663729147571
LHb,Hbx,LHb.4,100,500,450,100,10,3.467171717171717,0.0012086947637691217,BASP1;BTBD11;CDH10;GABRG3;GRM5;NEGR1;SCN9A;SNTG1;STMN2;TMEM196,0.0018595304057986487,0.002723819185958584,2.7305967159537796
LHb,Hbx,LHb.5,100,500,450,100,12,4.275217932752179,7.104180035883517e-05,CDH7;ERBB4;LSAMP;LUZP2;MLLT3;PBX1;POU6F2;SEMA3D;SEMA6A;TENM3;TLL1;TRPC4,0.00011840300059805861,0.00019941557995462503,3.92663729147571
LHb,Hbx,LHb.6,100,500,450,100,31,14.74459548268825,9.358806269600956e-23,AMIGO2;BRINP3;CASZ1;EPB41L4A;GALNTL6;GPR139;GRM5;GUCY1A1;KCTD8;LCORL;MARCH4;NDST4;OLFM1;OPCML;PCDH9;PLD5;PTPRZ1;RAB27B;RAP1GAP;RBMS1;RIMS1;ROBO1;RSPO3;SLIT3;SORCS2;SSTR2;SYT9;SYTL2;TENM2;THSD7B;TNR,5.347889296914833e-22,1.4261038125106218e-21,21.271817591357067
LHb,Hbx,LHb.7,100,500,450,100,25,10.780392156862746,4.1670503808309855e-16,CBLN2;CDH18;CPNE4;DOK6;DPP6;ELAVL4;GPR151;GRIN2A;HTR2C;KCNH5;KCNH7;KLHL1;NLGN1;NRXN1;PBX3;PCDH11X;PRKCA;PRKD1;PTPRQ;RBMS3;SGCZ;SLC2A13;SV2B;TCF7L2;THSD7A,1.852022391480438e-15,3.852314873860154e-15,14.732353766877837
LHb,Hbx,MHb.1,100,500,450,100,15,5.572008113590264,5.219205751712079e-07,CABLES1;GNG8;GPR139;GUCY1A1;HSPA8;KCNK13;MYO1B;NHLH2;PCSK1N;RIMS1;SORCS2;SYT6;SYTL2;THSD7B;TUBA1A,1.0987801582551746e-06,2.000174659338761e-06,5.959089191659642
LHb,Hbx,MHb.2,100,500,450,100,17,6.49792704304516,1.3352979518542558e-08,BRINP3;CABLES1;CDK14;DACH1;ETV1;GABBR2;GNG8;GUCY1A1;KCNMA1;KCTD8;LCORL;MCTP1;NRP2;NXPH1;PLD5;RGS6;SYT9,3.3382448796356393e-08,5.934657563796692e-08,7.476481808467526
LHb,Hbx,MHb.3,100,500,450,100,4,1.2821375186846038,0.38773929302247573,FOXP2;GRM5;NXPH1;SLIT3,0.4699870218454251,0.5059072243504933,0.327914134444574
LHb,Lateral,LHb.1,100,500,466,100,17,6.259076394665522,2.233672105827747e-08,AGBL4;CHL1;CNTN6;CTNND2;DPF3;FSTL5;GRIK4;INPP4B;LHFPL3;MACROD2;MAST4;NECTIN3;RAB3C;SORCS3;SYN3;TLL1;TMTC2,4.9637157907283265e-08,9.530334318198387e-08,7.304193093017783
LHb,Lateral,LHb.2,100,500,466,99,33,15.863741339491916,8.096901553071646e-25,ADCY8;COL25A1;CSMD3;ERBB4;GALNT13;GRIN3A;HTR4;LHX9;MAGI3;NCAM2;PARD3B;PBX3;PCDH15;PDE1A;PLCL1;PLXNC1;POU6F2;PTPRQ;RELN;RGS7;SGCZ;SLC8A1;SPHKAP;SPOCK3;SRGAP1;TCF7L2;THSD7B;TLL1;TMEM117;TNIK;UNC5D;VWC2;ZFHX4,8.096901553071645e-24,1.5241226452840746e-23,23.09168114110145
LHb,Lateral,LHb.3,100,500,466,100,25,10.377173091458806,9.4032567679372e-16,DCC;FRMD3;FRMD4B;GLCE;GPR158;GRIA1;GRIK4;HS6ST2;INPP4B;KCNH8;LRRC4C;LSAMP;MGAT4C;NEDD4L;NELL1;PBX1;PLCL2;PTCHD4;PTPRD;SLC24A3;SNTG1;SORCS3;SRGAP3;TENM3;TMEFF2,3.76130270717488e-15,8.358450460388623e-15,14.424661713436024
LHb,Lateral,LHb.4,100,500,466,100,17,6.259076394665522,2.233672105827747e-08,ADGRL2;BTBD11;DAB1;FRMD4A;GRIA2;GRM5;INPP4B;NEDD4L;NEGR1;NELL1;PLCB4;PTPRD;RAB3C;SNTG1;SRGAP3;TMEFF2;TMEM255A,4.9637157907283265e-08,9.530334318198387e-08,7.304193093017783
LHb,Lateral,LHb.5,100,500,466,100,19,7.201287043941779,4.6475105759836473e-10,ADGRL3;CNTN6;DLG2;ERBB4;IL1RAPL2;KCNC2;LSAMP;MLLT3;PBX1;POU6F2;RALYL;SEMA6A;SLC35F1;TBL1X;TENM1;TENM3;TLL1;TRPC4;XKR4,1.4300032541488146e-09,2.499501486243306e-09,8.844662974243144
LHb,Lateral,LHb.6,100,500,466,100,18,6.723540940766551,3.3321756116743687e-09,COL11A1;GALNT14;GRM5;KCTD8;LCORL;MCC;MME;PARM1;PTCHD4;PTPRZ1;RBMS1;RIMS1;ROBO1;ROBO3;SYTL2;TENM2;THSD7B;TNR,8.88580163113165e-09,1.591486859307161e-08,8.051303386286069
LHb,Lateral,LHb.7,100,500,466,100,48,30.368789105631212,8.401713254175137e-45,ADGRB3;CBLN2;CCDC85A;CHRM2;COL25A1;CPNE4;CTNNA2;DOK6;DPP6;ELAVL4;FLRT2;FRY;GRID1;GRIK2;GRIN2A;GRM3;HIPK2;HTR2C;KCNH5;KCNH7;KLHL1;KLHL29;LRRC3B;MAPK4;NLGN1;NRXN1;NTM;NTRK3;PBX3;PCDH11X;PLCH1;PRKD1;PTPRQ;RBMS3;RELN;RGS20;RUNX1T1;SFMBT2;SGCZ;SLC24A3;SLC2A13;SRGAP1;SV2B;TCF7L2;THSD7A;TMTC1;VWC2;ZFHX3,3.360685301670055e-43,8.961827471120146e-43,42.47357215344751
LHb,Lateral,MHb.1,100,500,466,100,7,2.248389439407782,0.04521484496911975,DLG2;FRMD4B;MME;RIMS1;SCUBE1;SYTL2;THSD7B,0.06236530340568241,0.07145061921046084,1.2050569604830483
LHb,Lateral,MHb.2,100,500,466,100,18,6.723540940766551,3.3321756116743687e-09,ADAM22;CDK14;DACH1;DPP10;ETV1;GABBR2;KCNMA1;KCTD8;LCORL;MCC;MDGA2;NRP2;RGS6;ROBO3;SCUBE1;SLC24A2;SV2C;VAV2,8.88580163113165e-09,1.591486859307161e-08,8.051303386286069
LHb,Lateral,MHb.3,100,500,466,100,1,0.29770826545020096,0.9642737089387585,GRM5,0.9657989937803535,1.0,0.015113251406026195
LHb,Marginal,LHb.1,100,500,472,100,2,0.5948762483716891,0.8479591884246843,CHL1;SPARCL1,0.9167126361347938,1.0,0.03776678221401349
LHb,Marginal,LHb.2,100,500,472,99,3,0.9129797441364605,0.6406790870092729,GPM6A;GPR151;PLXNC1,0.7322046708677404,0.7825088085609441,0.1353675050015853
LHb,Marginal,LHb.3,100,500,472,100,7,2.218406752225691,0.047855862644963006,GABRA1;HS6ST2;LGI2;PCDH17;PCSK1;SEZ6L;TMEM47,0.06380781685995067,0.07488447944444089,1.195126114206886
LHb,Marginal,LHb.4,100,500,472,100,4,1.2199074074074074,0.4226975541538028,CBLN1;SEZ6L;STMN2;TMEM255A,0.49729124018094445,0.5476243616567485,0.30338919082726623
LHb,Marginal,LHb.5,100,500,472,100,1,0.2937871281820326,0.9657989937803535,GABRA1,0.9657989937803535,1.0,0.015113251406026195
LHb,Marginal,LHb.6,100,500,472,100,5,1.544348022089485,0.23616759701394152,ADCYAP1;AMIGO2;OLFM1;PARM1;RET,0.2952094962674269,0.32504787546004854,0.5298696762859594
LHb,Marginal,LHb.7,100,500,472,100,5,1.544348022089485,0.23616759701394152,CBLN2;CNTN1;ELMOD1;GPR151;SV2B,0.2952094962674269,0.32504787546004854,0.5298696762859594
LHb,Marginal,MHb.1,100,500,472,100,9,2.927942467899271,0.00583688531542503,CALB2;CCK;HSPA8;ITM2C;PCSK1N;PTN;TAC1;TMEM158;TUBA1A,0.008338407593464329,0.01111787679128577,2.078916879746306
LHb,Marginal,MHb.2,100,500,472,100,2,0.5948762483716891,0.8479591884246843,NRP2;TSPAN13,0.9167126361347938,1.0,0.03776678221401349
LHb,Marginal,MHb.3,100,500,472,100,1,0.2937871281820326,0.9657989937803535,CHST2,0.9657989937803535,1.0,0.015113251406026195
LHb,Oval/Medial,LHb.1,100,500,464,100,32,14.965141612200435,1.582214401609309e-23,AGBL4;AK5;CADPS;CAMK1D;CNTN4;CTNND2;EFNA5;EPHA4;ESRRG;FAM135B;GLIS3;GPC6;HCN1;INPP4B;KALRN;KCNIP4;KCNJ3;LIMCH1;MACROD2;MAST4;NKAIN3;NTNG1;OSBPL6;PCDH7;PDE4B;PKP4;R3HDM1;RMST;RYR2;SHISA9;SRRM4;TOX,1.0548096010728727e-22,2.5315430425748945e-22,21.976825925831587
LHb,Oval/Medial,LHb.2,100,500,464,99,19,7.325674157303371,3.608932552698877e-10,CACNA1C;CEP112;CIT;CSMD1;FNBP1L;GABRB1;GRIN2B;KCNT2;KIRREL3;LDB2;LEF1;LRRC7;NELL2;OPCML;PRICKLE2;PRKG1;RGS7;SGCZ;TNIK,1.2029775175662924e-09,1.9741169519036595e-09,8.919742489109147
LHb,Oval/Medial,LHb.3,100,500,464,100,33,15.70062679641237,1.0219229450789116e-24,AK5;BRINP2;CACNA1A;CDH11;CSMD2;DCC;GABRB2;GRIK1;GRM1;HS6ST3;INPP4B;KALRN;LRRC4C;LRRTM4;LSAMP;MARCH1;NELL1;NKAIN3;PCDH7;PHACTR1;PTPRD;PTPRG;RMST;SDK1;SETBP1;SLC24A3;SORCS1;SRGAP3;TENM3;TENM4;TMEFF2;UNC5C;VSNL1,8.175383560631293e-24,1.868659099572867e-23,23.087491862599425
LHb,Oval/Medial,LHb.4,100,500,464,100,45,26.85159470600998,1.6059119010190417e-40,AK5;ALK;ARHGAP26;ARPP21;BRINP2;CACNA1A;CACNA1B;CACNA2D1;CADPS;CAMK2A;CELF2;CHRM3;DAB1;EDIL3;EPHA3;FAM135B;FGF13;FRAS1;FRMD4A;GABRB1;GABRG3;GRIA2;GRM8;HS3ST4;INPP4B;KALRN;LRRTM4;MARCH1;NELL1;NKAIN3;NRXN3;NTNG1;PCDH7;PHACTR3;PLCB4;PTPRD;RBFOX1;RMST;RPH3A;SETBP1;SHISA9;SRGAP3;SYNDIG1;TMEFF2;VSNL1,3.211823802038083e-39,1.0277836166521867e-38,38.49324828777116
LHb,Oval/Medial,LHb.5,100,500,464,100,42,23.59110965844092,2.5862271877528243e-36,ADGRL3;ARHGAP26;CACNA2D1;CACNA2D3;CADPS;CAMK1D;CAMK2A;CNTN4;DLG2;DLGAP2;EPHA4;FAM135B;FGF13;FUT8;GALNT17;GRIK1;GUCY1A2;HS3ST4;IL1RAPL2;KCNC2;KCNIP4;KHDRBS3;KIF26B;LIMCH1;LSAMP;MARCH1;NOS1AP;NTNG1;PCDH7;PDE10A;PHACTR1;PLXNA4;PTPRG;RALYL;RBFOX1;RMST;SLC35F1;SRRM4;TENM3;TENM4;TOX;XKR4,3.448302917003766e-35,1.1822752858298625e-34,34.462394590467746
LHb,Oval/Medial,LHb.6,100,500,464,100,10,3.356828193832599,0.00151937884603576,BCL11A;BRINP1;CSMD2;OPCML;PCDH9;PDZRN4;PRICKLE1;RIMS1;ROBO1;SLIT3,0.002250931623756681,0.0034000086065135884,2.647637697303429
LHb,Oval/Medial,LHb.7,100,500,464,100,20,7.728603603603603,5.6257447246767016e-11,ADGRB3;CCDC85A;CDH12;CDH18;CTNNA2;GRIK2;GUCY1A2;KCNH7;MEF2C;NLGN1;NTM;PCSK5;PIP5K1B;PLCB1;PRR16;RYR3;SGCZ;SLC24A3;TSHZ2;ZFHX3,2.0457253544278913e-10,3.243672634047828e-10,9.689152672218562
LHb,Oval/Medial,MHb.1,100,500,464,100,12,4.138576025744167,9.506809287582894e-05,ASIC2;BCL11A;DLG2;FTH1;KCND2;LDB2;LEF1;NFIB;PLEKHA5;PPP3CA;RIMS1;SOX5,0.00015210894860132632,0.000260015296754404,3.817845235560034
LHb,Oval/Medial,MHb.2,100,500,464,100,14,4.963307493540052,4.155016190936235e-06,ANO3;ASIC2;DGKG;EPHA6;GABRA2;MDGA2;NFIB;NXPH1;PDZRN4;PEX5L;SGCD;SHANK2;SOX5;TCF4,7.914316554164257e-06,1.3922567341357018e-05,5.101586582958375
LHb,Oval/Medial,MHb.3,100,500,464,100,15,5.392768243154723,7.684493820355377e-07,ADCY2;ARPP21;CACNA2D3;GRM1;KCNQ5;NECAB1;NFIB;NXPH1;PEX5L;PLEKHG1;PROX1;PTPRT;SLIT3;TCF4;TMEM108,1.5368987640710754e-06,2.794361389220137e-06,5.813354738650745
LHb,Hbx,LHb.1,200,50,47,200,8,14.990384615384615,2.5476645010290284e-07,DACH1;EBF1;LRP1B;NDST4;SEMA3D;SLIT2;SNTG1;SORCS3,8.492215003430095e-07,1.000309988134097e-06,6.070979019025439
LHb,Hbx,LHb.2,200,50,47,199,14,32.191973791973794,1.5150710786220679e-15,ERBB4;GALNT13;GRIN3A;HTR2C;NCAM2;OPCML;PARD3B;PDE1A;PRKD1;PRKG1;SLC8A1;THSD7B;TRPM3;VAV3,1.0100473857480453e-14,1.3103317436731397e-14,13.995658251082551
LHb,Hbx,LHb.3,200,50,47,200,6,10.582599949710838,4.678809856871479e-05,CDH10;EBF1;LRP1B;MGAT4C;SNTG1;SORCS3,9.850126014466271e-05,0.0001367323428492122,4.006558213457995
LHb,Hbx,LHb.4,200,50,47,200,2,3.1481481481481484,0.14055849624574146,CDH10;SNTG1,0.1661531723856104,0.21150751224554232,0.7794913622612124
LHb,Hbx,LHb.5,200,50,47,200,5,8.564102564102564,0.0004892100365464761,ERBB4;GALNTL6;NDST4;SEMA3D;SORCS3,0.0009784200730929523,0.0011859637249611544,3.009474645971691
LHb,Hbx,LHb.6,200,50,47,200,19,52.64364640883978,1.268043425172319e-23,BRINP3;CNTNAP2;DLGAP1;ERBB4;GALNT13;GALNTL6;GNG8;KCTD8;LCORL;NDST4;OPCML;PCDH9;PRKD1;ROBO1;SYT9;TENM2;THSD7B;TRPM3;VAV3,1.6907245668964255e-22,2.0808917746417543e-22,21.771927136825653
LHb,Hbx,LHb.7,200,50,47,199,14,32.191973791973794,1.5150710786220679e-15,FGF14;HTR2C;KLHL1;LRP1B;MGAT4C;MSI2;NWD2;PDE4D;PRKD1;PRKG1;RBMS3;SLC8A1;THSD7A;TRPM3,1.0100473857480453e-14,1.3103317436731397e-14,13.995658251082551
LHb,Hbx,MHb.1,200,50,47,195,3,4.982599431818182,0.026241778901214367,GNG8;OPCML;THSD7B,0.040371967540329796,0.04526883691853691,1.3939200845979627
LHb,Hbx,MHb.2,200,50,47,200,12,25.595744680851062,1.4032076063681932e-12,BRINP3;DACH1;DLGAP1;GNG8;KCTD8;LCORL;MCTP1;NWD2;PDE1A;SYT9;THSD7B;VAV3,8.018329179246819e-12,9.868712835996085e-12,11.095916118477627
LHb,Hbx,MHb.3,200,50,47,200,4,6.657332700522069,0.004171160051942795,DACH1;ERBB4;LCORL;SYT9,0.006951933419904658,0.00842126950549965,2.157894395866996
LHb,Lateral,LHb.1,200,50,46,200,7,13.048624950179354,3.221882952082091e-06,AGBL4;LHFPL3;LINGO2;LSAMP;MACROD2;MAST4;SNTG1,8.59168787221891e-06,1.1026765183596462e-05,5.065921508859981
LHb,Lateral,LHb.2,200,50,46,199,10,20.627572016460906,5.844290680081696e-10,ADGRB3;CSMD3;ERBB4;GALNT13;GRID1;HTR2C;NCAM2;PCDH15;PLCL1;TRPM3,2.3377162720326783e-09,3.0553680080390145e-09,8.631208200175012
LHb,Lateral,LHb.3,200,50,46,200,7,13.048624950179354,3.221882952082091e-06,CTNNA2;KLHL29;LRFN5;LSAMP;MGAT4C;NLGN1;SNTG1,8.59168787221891e-06,1.1026765183596462e-05,5.065921508859981
LHb,Lateral,LHb.4,200,50,46,200,2,3.219926538108356,0.13576896184351867,LSAMP;SNTG1,0.1661531723856104,0.20541876023605662,0.7794913622612124
LHb,Lateral,LHb.5,200,50,46,200,7,13.048624950179354,3.221882952082091e-06,AGBL4;CSMD3;DLG2;ERBB4;LINGO2;LSAMP;TENM1,8.59168787221891e-06,1.1026765183596462e-05,5.065921508859981
LHb,Lateral,LHb.6,200,50,46,200,8,15.385964912280702,2.1395300238841497e-07,CNTNAP2;ERBB4;GALNT13;KCTD8;RIMS1;ROBO1;TENM2;TRPM3,7.780109177760543e-07,8.452464291887999e-07,6.10901430854164
LHb,Lateral,LHb.7,200,50,46,199,21,66.28449438202247,1.8870065262367553e-27,ADGRB3;CHRM2;CPNE4;CTNNA2;FGF14;GRID1;GRIK2;HTR2C;KLHL29;LINGO2;LRFN5;MGAT4C;MSI2;NLGN1;NRG1;NWD2;PDE4D;RBMS3;SYT1;THSD7A;TRPM3,7.548026104947021e-26,4.7586986090291755e-26,25.122166606491362
LHb,Lateral,MHb.1,200,50,46,195,4,6.99725754176016,0.003524472013684785,DLG2;KCNMA1;PLCL1;RIMS1,0.006408130933972336,0.007419941081441653,2.193268623122205
LHb,Lateral,MHb.2,200,50,46,200,4,6.816326530612245,0.003857802603823959,DPP10;KCNMA1;KCTD8;NWD2,0.006709221919693842,0.00791344123861325,2.173327842808212
LHb,Lateral,MHb.3,200,50,46,200,2,3.219926538108356,0.13576896184351867,DPP10;ERBB4,0.1661531723856104,0.20541876023605662,0.7794913622612124
LHb,Marginal,LHb.1,200,50,48,200,0,0.0,1.0,,1.0,1.0,-0.0
LHb,Marginal,LHb.2,200,50,48,199,2,3.0953431913484883,0.14422589873540878,LY6H;SPOCK2,0.1661531723856104,0.21516217993161219,0.7794913622612124
LHb,Marginal,LHb.3,200,50,48,200,1,1.4993050358173847,0.4926859498928149,GABRA1,0.5186167893608578,0.6141369295194427,0.28515342777347724
LHb,Marginal,LHb.4,200,50,48,200,3,4.746192893401015,0.029571315637387123,GABRA1;SCG2;SLC22A17,0.040788021568809826,0.050334154276403614,1.3894673597132252
LHb,Marginal,LHb.5,200,50,48,200,2,3.079490557751427,0.1453840258374091,GABRA1;SCG2,0.1661531723856104,0.2158834722411643,0.7794913622612124
LHb,Marginal,LHb.6,200,50,48,200,3,4.746192893401015,0.029571315637387123,GABBR1;OLFM1;THY1,0.040788021568809826,0.050334154276403614,1.3894673597132252
LHb,Marginal,LHb.7,200,50,48,199,1,1.5069847410272943,0.49094944027253845,APP,0.5186167893608578,0.6141369295194427,0.28515342777347724
LHb,Marginal,MHb.1,200,50,48,195,6,10.606953892668178,4.589290701993647e-05,ITM2B;ITM2C;PCSK1N;SCG2;SYT4;TIMP2,9.850126014466271e-05,0.0001347314701502722,4.006558213457995
LHb,Marginal,MHb.2,200,50,48,200,1,1.4993050358173847,0.4926859498928149,GABBR1,0.5186167893608578,0.6141369295194427,0.28515342777347724
LHb,Marginal,MHb.3,200,50,48,200,2,3.079490557751427,0.1453840258374091,PRNP;SYT4,0.1661531723856104,0.2158834722411643,0.7794913622612124
LHb,Oval/Medial,LHb.1,200,50,48,200,12,24.882978723404257,1.8481800380027185e-12,CACNA2D1;CADPS;CNTN4;DAB1;FAM155A;FRMD4A;KALRN;KCNIP4;LINGO2;NTNG1;RBFOX1;RMST,8.214133502234305e-12,1.2544209813716433e-11,11.085438242946633
LHb,Oval/Medial,LHb.2,200,50,48,199,5,8.408055622152961,0.0005277717516764366,CACNA1C;CSMD1;KCNQ3;KIRREL3;LRRC7,0.0010052795270027364,0.0012698267709508248,2.997713161969364
LHb,Oval/Medial,LHb.3,200,50,48,200,12,24.882978723404257,1.8481800380027185e-12,ADARB2;CADPS;CELF2;CTNNA2;KALRN;KCTD16;LRRC4C;LRRTM4;MARCH1;PTPRD;RMST;UNC5C,8.214133502234305e-12,1.2544209813716433e-11,11.085438242946633
LHb,Oval/Medial,LHb.4,200,50,48,200,20,55.72222222222222,3.869122703412511e-25,ARPP21;CACNA2D1;CADPS;CELF2;DAB1;FRMD4A;GRM7;KALRN;KCNIP4;KCTD16;LRRC4C;LRRTM4;MARCH1;NAV3;NRXN3;NTNG1;PTPRD;RBFOX1;RMST;XKR4,7.738245406825021e-24,7.738245406825021e-24,23.111357501399482
LHb,Oval/Medial,LHb.5,200,50,48,200,18,46.285714285714285,1.0149457999367111e-21,CACNA2D1;CADPS;CNTN4;CNTN5;DLG2;FRMD4A;GRM7;KALRN;KCNIP4;KCTD16;LINGO2;LRRC7;MARCH1;NAV3;NTNG1;RBFOX1;RMST;XKR4,1.014945799936711e-20,1.412098504259772e-20,19.993557149294514
LHb,Oval/Medial,LHb.6,200,50,48,200,0,0.0,1.0,,1.0,1.0,-0.0
LHb,Oval/Medial,LHb.7,200,50,48,199,4,6.539393939393939,0.004422043715267453,CNTN5;CTNNA2;GRIK2;LINGO2,0.007075269944427925,0.008611283283777318,2.1502569857486917
LHb,Oval/Medial,MHb.1,200,50,48,195,6,10.606953892668178,4.589290701993647e-05,ASIC2;CNTN4;DLG2;IL1RAPL1;KCND2;PPP3CA,9.850126014466271e-05,0.0001347314701502722,4.006558213457995
LHb,Oval/Medial,MHb.2,200,50,48,200,3,4.746192893401015,0.029571315637387123,ASIC2;EPHA6;IL1RAPL1,0.040788021568809826,0.050334154276403614,1.3894673597132252
LHb,Oval/Medial,MHb.3,200,50,48,200,7,12.41033741943637,4.328283808140817e-06,ARPP21;ASIC2;AUTS2;CACNA2D1;CSMD1;NTNG1;RBFOX1,1.0820709520352042e-05,1.4427612693802724e-05,4.965744261348582
LHb,Hbx,LHb.1,200,100,94,200,15,14.359562093739308,3.285100180541882e-12,ARL15;CDH18;DACH1;EBF1;GRIN2A;LRP1B;LUZP2;MACROD2;MYO16;NDST4;SEMA3D;SLIT2;SNTG1;SORCS3;TMTC2,1.1945818838334115e-11,2.081647639155252e-11,10.92278407573564
LHb,Hbx,LHb.2,200,100,94,199,25,29.156255205730467,1.56414292251819e-25,CSMD3;ERBB4;FOXP2;GALNT13;GRIN3A;HTR2C;KCNH5;LHX9;MYO16;NCALD;NCAM2;NEK7;OPCML;PARD3B;PBX3;PDE1A;PRKD1;PRKG1;RIMBP2;SGCZ;SLC8A1;TCF7L2;THSD7B;TRPM3;VAV3,1.04276194834546e-24,3.2291982916504567e-24,23.981814825149577
LHb,Hbx,LHb.3,200,100,94,200,11,9.807930133231338,7.792808313524102e-08,CDH10;CDH18;EBF1;HS6ST2;LRP1B;LUZP2;MGAT4C;NLGN1;PBX1;SNTG1;SORCS3,1.7317351807831337e-07,3.1171233254096407e-07,6.761518520123431
LHb,Hbx,LHb.4,200,100,94,200,5,4.027945836934601,0.010325386492879235,CDH10;GRM5;NCALD;NEGR1;SNTG1,0.013767181990505646,0.01926602727534318,1.861154946541881
LHb,Hbx,LHb.5,200,100,94,200,12,10.888427607680333,7.21528051075957e-09,CSMD3;DOK6;ERBB4;GALNTL6;LUZP2;NCALD;NDST4;NEGR1;PBX1;SEMA3D;SORCS3;TMTC2,1.8038201276898922e-08,3.3221435445223916e-08,7.743806771365273
LHb,Hbx,LHb.6,200,100,94,200,26,30.7684246112238,5.8898746513777076e-27,BRINP3;CADPS2;CNTNAP2;DLGAP1;ERBB4;GALNT13;GALNTL6;GNG8;GRM5;KCTD8;LCORL;LPAR1;NDST4;OLFM1;OPCML;PCDH9;PRKD1;PTPRZ1;ROBO1;SYT6;SYT9;SYTL2;TENM2;THSD7B;TRPM3;VAV3,4.711899721102166e-26,1.3961184358821232e-25,25.326803960800625
LHb,Hbx,LHb.7,200,100,94,199,28,34.74570264043948,4.691008937891229e-30,CADPS2;CDH18;DOK6;DPP6;FGF14;GNAO1;GRIN2A;HTR2C;KCNH5;KLHL1;LPAR1;LRP1B;MGAT4C;MSI2;NLGN1;NRG1;NWD2;PBX3;PDE4D;PRKD1;PRKG1;RBMS3;SGCZ;SLC2A13;SLC8A1;TCF7L2;THSD7A;TRPM3,4.691008937891229e-29,1.4296408191668506e-28,28.328733739580418
LHb,Hbx,MHb.1,200,100,94,195,6,5.045815295815296,0.001812735311196392,GNG8;NCALD;OPCML;SYT6;SYTL2;THSD7B,0.0028895732621871052,0.0039867718184388,2.5391662899637377
LHb,Hbx,MHb.2,200,100,94,200,17,16.881768504719325,1.2812490572231671e-14,BRINP3;CACNA1E;CADPS2;CDK14;DACH1;DLGAP1;GNG8;KCTD8;LCORL;MCTP1;NEK7;NWD2;PDE1A;SYT9;THSD7B;VAV3;ZIC1,5.1249962288926684e-14,9.761897578843177e-14,13.29030644983742
LHb,Hbx,MHb.3,200,100,94,200,6,4.914011246485473,0.0020596087972422346,DACH1;ERBB4;FOXP2;GRM5;LCORL;SYT9,0.0029231749923422537,0.004468303831305187,2.53414518534944
LHb,Lateral,LHb.1,200,100,93,200,13,12.157085561497325,5.29333754837615e-10,AGBL4;CTNND2;DACH1;FSTL5;GRIA1;HDAC9;LHFPL3;LINGO2;LRP1B;LSAMP;MACROD2;MAST4;SNTG1,1.7644458494587168e-09,2.8231133591339467e-09,8.75339166552285
LHb,Lateral,LHb.2,200,100,93,199,17,17.20033256217467,9.77101064651135e-15,ADGRB3;CCDC85A;CSMD3;ERBB4;GALNT13;GRID1;HTR2C;KCNH5;NCAM2;PBX3;PCDH15;PLCL1;PTPRN2;SGCZ;TCF7L2;TRPM3;ZFHX4,4.3426713984494885e-14,7.915755460464891e-14,13.362243031618496
LHb,Lateral,LHb.3,200,100,93,200,12,11.023640661938535,6.3716457426831056e-09,CTNNA2;DCC;GRIA1;KLHL29;LRFN5;LRP1B;LSAMP;MGAT4C;NLGN1;PBX1;SNTG1;TMEFF2,1.6991055313821615e-08,2.954966141534194e-08,7.769779646278919
LHb,Lateral,LHb.4,200,100,93,200,6,4.970849626733025,0.001950461951976296,GRM5;LSAMP;MAGI1;NEGR1;SNTG1;TMEFF2,0.0028895732621871052,0.004245903568927992,2.5391662899637377
LHb,Lateral,LHb.5,200,100,93,200,10,8.869372225745085,6.870915586892643e-07,AGBL4;CSMD3;DLG2;ERBB4;LINGO2;LSAMP;NEGR1;PBX1;RALYL;TENM1,1.3741831173785286e-06,2.5272333193168343e-06,5.861955391317148
LHb,Lateral,LHb.6,200,100,93,200,12,11.023640661938535,6.3716457426831056e-09,CNTNAP2;DCC;ERBB4;GALNT13;GRM5;KCTD8;RCAN2;RIMS1;ROBO1;TENM2;TNR;TRPM3,1.6991055313821615e-08,2.954966141534194e-08,7.769779646278919
LHb,Lateral,LHb.7,200,100,93,199,36,54.30029060381014,2.2958034966884644e-43,ADGRB3;CAMK2D;CCDC85A;CHRM2;CNTNAP4;CPNE4;CTNNA2;DPP6;FGF14;GNAO1;GRID1;GRIK2;HTR2C;KCNH5;KLHL29;LINGO2;LRFN5;LRP1B;MGAT4C;MSI2;NLGN1;NRG1;NRXN1;NTM;NWD2;PBX3;PDE4D;PRKCB;RBMS3;SGCZ;SLC2A13;SYT1;TCF7L2;THSD7A;TMEM163;TRPM3,9.183213986753858e-42,2.0990203398294533e-41,41.03700529565865
LHb,Lateral,MHb.1,200,100,93,195,4,3.2910171186540387,0.03856349863508832,DLG2;KCNMA1;PLCL1;RIMS1,0.04975935307753331,0.06529269610173684,1.3031252745528454
LHb,Lateral,MHb.2,200,100,93,200,10,8.869372225745085,6.870915586892643e-07,CACNA1E;DACH1;DPP10;EML5;FAT3;KCNMA1;KCTD8;MDGA2;NWD2;TNR,1.3741831173785286e-06,2.5272333193168343e-06,5.861955391317148
LHb,Lateral,MHb.3,200,100,93,200,6,4.970849626733025,0.001950461951976296,DACH1;DPP10;ERBB4;GRM5;RASGEF1B;TMEFF2,0.0028895732621871052,0.004245903568927992,2.5391662899637377
LHb,Marginal,LHb.1,200,100,95,200,1,0.747139955094622,0.7395516702667841,CHL1,0.7395516702667841,0.8981272655991306,0.13103147774847784
LHb,Marginal,LHb.2,200,100,95,199,6,4.883972754264423,0.002119301869448134,CALY;CBLN2;GPM6A;LY6H;SPOCK2;TSPAN13,0.0029231749923422537,0.004582274312320289,2.53414518534944
LHb,Marginal,LHb.3,200,100,95,200,3,2.3137276539395275,0.14854407904394232,CHGA;GABRA1;PCDH10,0.1697646617645055,0.21669609055875866,0.7701527074837171
LHb,Marginal,LHb.4,200,100,95,200,3,2.3137276539395275,0.14854407904394232,GABRA1;SCG2;SLC22A17,0.1697646617645055,0.21669609055875866,0.7701527074837171
LHb,Marginal,LHb.5,200,100,95,200,4,3.135007849293564,0.044501501523646306,CD47;CHL1;GABRA1;SCG2,0.05562687690455788,0.07054956326965678,1.2547153222484813
LHb,Marginal,LHb.6,200,100,95,200,3,2.3137276539395275,0.14854407904394232,GABBR1;OLFM1;THY1,0.1697646617645055,0.21669609055875866,0.7701527074837171
LHb,Marginal,LHb.7,200,100,95,199,2,1.525899241307789,0.38310974816953836,APP;CBLN2,0.3953631778079246,0.5045066642561822,0.40300378120216435
LHb,Marginal,MHb.1,200,100,95,195,7,5.918097195357833,0.000320090684018872,ITM2B;ITM2C;PCSK1N;SCG2;SYT4;TIMP2;TSPAN13,0.0005566794504676036,0.0008157506341544107,3.2543948101520987
LHb,Marginal,MHb.2,200,100,95,200,2,1.5180840664711632,0.3854790983627265,GABBR1;TSPAN13,0.3953631778079246,0.5045125213745295,0.40300378120216435
LHb,Marginal,MHb.3,200,100,95,200,2,1.5180840664711632,0.3854790983627265,PRNP;SYT4,0.3953631778079246,0.5045125213745295,0.40300378120216435
LHb,Oval/Medial,LHb.1,200,100,95,200,21,22.189038200211385,1.0246952297313699e-19,CACNA2D1;CADPS;CNTN4;CTNND2;DAB1;FAM135B;FAM155A;FGF13;FRMD4A;INPP4B;KALRN;KCNIP4;KCNJ3;LINGO2;LSAMP;NTNG1;PPP2R2B;RBFOX1;RMST;RYR2;SHISA9,5.123476148656849e-19,1.1923726309601396e-18,18.29043528122594
LHb,Oval/Medial,LHb.2,200,100,95,199,13,11.923485444531865,6.528194630943364e-10,ADGRB3;CACNA1C;CACNB2;CEP112;CSMD1;GABRB1;GRIN2B;KCNQ3;KIRREL3;LRRC7;PDE10A;RGS7;ZFHX3,2.0086752710594963e-09,3.3693907772610907e-09,8.697090267027699
LHb,Oval/Medial,LHb.3,200,100,95,200,23,25.263182674199623,1.7696357734282786e-22,ADARB2;CACNA1A;CADPS;CELF2;CTNNA2;DCC;GRM1;HS6ST3;INPP4B;KALRN;KCTD16;LRFN5;LRRC4C;LRRTM4;LSAMP;MARCH1;PDE10A;PTPRD;RMST;SHISA9;TENM4;UNC5C;ZFHX3,1.0112204419590164e-21,2.633876499986275e-21,20.995154159650827
LHb,Oval/Medial,LHb.4,200,100,95,200,30,38.022624434389144,5.782601754982029e-33,ARPP21;CACNA1A;CACNA2D1;CADPS;CELF2;CHRM3;DAB1;FAM135B;FGF13;FRMD4A;GABRB1;GRM7;INPP4B;KALRN;KCNIP4;KCTD16;LRRC4C;LRRTM4;LSAMP;MARCH1;NAV2;NAV3;NRXN3;NTNG1;PTPRD;RBFOX1;RMST;SHISA9;XKR4;ZFHX3,7.710135673309372e-32,2.3130407019928114e-31,31.112937979711536
LHb,Oval/Medial,LHb.5,200,100,95,200,31,40.14293639053255,1.4696842594461737e-34,CACNA1A;CACNA2D1;CACNA2D3;CACNB2;CADPS;CNTN4;CNTN5;DLG2;DLGAP2;DMD;FAM135B;FGF13;FRMD4A;GRM7;KALRN;KCNIP4;KCTD16;LINGO2;LRRC7;LSAMP;MARCH1;NAV3;NTNG1;PDE10A;RALYL;RBFOX1;RMST;SHISA9;SORBS2;TENM4;XKR4,2.9393685188923472e-33,6.270652840303675e-33,32.53174596149858
LHb,Oval/Medial,LHb.6,200,100,95,200,2,1.5180840664711632,0.3854790983627265,DCC;DLGAP1,0.3953631778079246,0.5045125213745295,0.40300378120216435
LHb,Oval/Medial,LHb.7,200,100,95,199,10,8.705882352941176,8.01150649735814e-07,ADGRB3;CNTN5;CTNNA2;GRIK2;LINGO2;LRFN5;NTM;RYR3;ZBTB20;ZFHX3,1.5260012375920265e-06,2.880541661971466e-06,5.816445114166741
LHb,Oval/Medial,MHb.1,200,100,95,195,6,4.98876404494382,0.0019133630388712816,ASIC2;CNTN4;DLG2;IL1RAPL1;KCND2;PPP3CA,0.0028895732621871052,0.004193672413964453,2.5391662899637377
LHb,Oval/Medial,MHb.2,200,100,95,200,9,7.66199926945087,7.238404042418458e-06,ASIC2;DLGAP1;EPHA6;IL1RAPL1;MDGA2;NAV2;RYR2;TCF4;UBE2E2,1.3160734622579014e-05,2.375681326742468e-05,4.880719868045177
LHb,Oval/Medial,MHb.3,200,100,95,200,12,10.756472699307869,8.158051369677962e-09,ARPP21;ASIC2;AUTS2;CACNA2D1;CACNA2D3;CACNB2;CSMD1;GABRB1;GRM1;NTNG1;RBFOX1;TCF4,1.9195414987477558e-08,3.7293949118527825e-08,7.716802494391933
LHb,Hbx,LHb.1,200,200,182,200,21,10.135292688851106,9.965750412688129e-14,ARL15;CDH18;DACH1;EBF1;GLCE;GRIA1;GRIN2A;HTR4;LHFPL3;LRP1B;LUZP2;MACROD2;MYO16;NDST4;PCDH11X;SEMA3D;SLIT2;SNTG1;SORCS3;TLL1;TMTC2,3.066384742365578e-13,7.416372400140004e-13,12.513373354699088
LHb,Hbx,LHb.2,200,200,182,199,33,18.574674537074472,1.3276497232765005e-27,CSMD3;ERBB4;FOXP2;GALNT13;GPR151;GRIN3A;HTR2C;HTR4;KCNH5;KCNMB4;LHX9;MYO16;NCALD;NCAM2;NEK7;OPCML;OPRM1;PARD3B;PBX3;PDE1A;POU6F2;PRKD1;PRKG1;PTPRN2;RIMBP2;SGCZ;SLC8A1;TCF7L2;THSD7B;TLL1;TMEM117;TRPM3;VAV3,7.586569847294289e-27,3.540399262070668e-26,26.11995453940271
LHb,Hbx,LHb.3,200,200,182,200,17,7.828614008941877,7.110504716159676e-10,BASP1;CDH10;CDH18;EBF1;GABRG3;GLCE;GRIA1;HS6ST2;LRP1B;LUZP2;MGAT4C;NLGN1;PBX1;PCDH11X;PCSK1;SNTG1;SORCS3,1.4221009432319352e-09,3.640578414673754e-09,8.847069575524191
LHb,Hbx,LHb.4,200,200,182,200,9,3.785158732560603,0.0010707566181301714,BASP1;BTBD11;CDH10;GABRG3;GRM5;MAGI1;NCALD;NEGR1;SNTG1,0.0015296523116145307,0.00246505120720615,2.815407272650967
LHb,Hbx,LHb.5,200,200,182,200,15,6.750121378863894,4.044088908798859e-08,CSMD3;DOK6;ERBB4;FOCAD;GALNTL6;LUZP2;NCALD;NDST4;NEGR1;PBX1;POU6F2;SEMA3D;SORCS3;TLL1;TMTC2,7.352888925088834e-08,1.6591133984815833e-07,7.133541994559383
LHb,Hbx,LHb.6,200,200,182,200,30,16.158668730650156,8.426585372995257e-24,BRINP3;CADPS2;CNTNAP2;DLGAP1;ERBB4;GALNT13;GALNTL6;GNG8;GRM5;KCTD8;LCORL;LPAR1;NDST4;OLFM1;OPCML;PCDH9;PLD5;PRKD1;PTPRZ1;RAB27B;RCAN2;ROBO1;RSPO3;SYT6;SYT9;SYTL2;TENM2;THSD7B;TRPM3;VAV3,3.745149054664558e-23,1.4192143786097275e-22,22.426530892963147
LHb,Hbx,LHb.7,200,200,182,199,32,17.783313373253492,2.440781992505552e-26,CADPS2;CAMK2D;CDH18;DOK6;DPP6;FGF14;GNAO1;GPR151;GRIN2A;HTR2C;KCNH5;KLHL1;LPAR1;LRP1B;MGAT4C;MSI2;NLGN1;NRG1;NRXN1;NWD2;PBX3;PCDH11X;PDE4D;PRKD1;PRKG1;RBMS3;SGCZ;SLC2A13;SLC8A1;TCF7L2;THSD7A;TRPM3,1.2203909962527759e-25,5.507583933945476e-25,24.913501005136613
LHb,Hbx,MHb.1,200,200,182,195,13,5.877430262045647,1.2847246207444004e-06,GNG8;H3F3B;HSPA8;KCNMA1;NCALD;OAZ1;OPCML;PCSK1N;PLD5;SYT6;SYTL2;THSD7B;TMSB10,2.2343036882511315e-06,4.517712952068221e-06,5.650857797573151
LHb,Hbx,MHb.2,200,200,182,200,22,10.745084269662922,9.332713332903065e-15,BRINP3;CACNA1E;CACNB3;CADPS2;CDK14;DACH1;DLGAP1;FSTL1;GNG8;KCNMA1;KCTD8;LCORL;MCTP1;NEK7;NWD2;PDE1A;PLD5;SPOCK1;SYT9;THSD7B;VAV3;ZIC1,3.110904444301022e-14,7.6576109398179e-14,13.5071133286374
LHb,Hbx,MHb.3,200,200,182,200,8,3.3275862068965516,0.0041532038235301055,DACH1;ERBB4;FOXP2;GRM5;LCORL;PLD5;STXBP5;SYT9,0.005191504779412631,0.00841155204765591,2.284706741829026
LHb,Lateral,LHb.1,200,200,182,200,24,12.006904487917145,6.934028250756192e-17,AGBL4;ALCAM;CHL1;CNTN6;CTNND2;DACH1;FSTL5;GRIA1;GRIN2A;HDAC9;HTR4;INPP4B;KCNH8;LHFPL3;LINGO2;LRP1B;LSAMP;MACROD2;MAST4;NELL1;PCDH11X;PCLO;SLIT2;SNTG1,2.7736113003024767e-16,7.044092191244385e-16,15.556954401936816
LHb,Lateral,LHb.2,200,200,182,199,37,21.93537675606641,7.657460198841903e-33,ADCY8;ADGRB3;ANO4;CCDC85A;COL25A1;CSMD3;ERBB4;GALNT13;GPHN;GRID1;GRIN3A;HTR2C;HTR4;KCNH5;KCNH7;LRRTM3;NCAM2;PARD3B;PBX3;PCDH15;PDE1A;PLCL1;PRKD1;PTPRN2;RIT2;SGCZ;SLC8A1;SPOCK3;SRGAP1;TCF7L2;THSD7B;TMEM117;TMTC1;TRPM3;UNC5D;VAV3;ZFHX4,7.657460198841902e-32,2.8828085454463633e-31,31.11591525184666
LHb,Lateral,LHb.3,200,200,182,200,18,8.386089520235862,8.504999950186639e-11,CTNNA2;DCC;GRIA1;INPP4B;KCNH8;KLHL29;LRFN5;LRP1B;LSAMP;MGAT4C;NELL1;NLGN1;PBX1;PCDH11X;PTPRD;SLC24A3;SNTG1;TMEFF2,1.8899999889303642e-10,4.859999971535223e-10,9.723538198370397
LHb,Lateral,LHb.4,200,200,182,200,12,5.2190237797246555,9.814401499367737e-06,BTBD11;GRM5;INPP4B;LRRTM3;LSAMP;MAGI1;NEGR1;NELL1;PTPRD;RIT2;SNTG1;TMEFF2,1.5703042398988378e-05,3.17233179777543e-05,4.804016196693554
LHb,Lateral,LHb.5,200,200,182,200,19,8.956140053553876,9.534697332198266e-12,ADGRL3;AGBL4;ALCAM;CHL1;CNTN6;CSMD3;DLG2;ERBB4;IL1RAPL2;KCNC2;LINGO2;LSAMP;MLLT3;NEGR1;PBX1;PCLO;RALYL;RIT2;TENM1,2.3836743330495664e-11,5.924472128744553e-11,10.622753079896901
LHb,Lateral,LHb.6,200,200,182,200,19,8.956140053553876,9.534697332198266e-12,CADM2;CNTNAP2;DCC;ERBB4;GALNT13;GRM5;KCTD8;LCORL;MMP16;PARM1;PRKD1;RCAN2;RIMS1;ROBO1;TENM2;THSD7B;TNR;TRPM3;VAV3,2.3836743330495664e-11,5.924472128744553e-11,10.622753079896901
LHb,Lateral,LHb.7,200,200,182,199,50,35.4357331706325,1.0612019265024612e-51,ADGRB3;CAMK2D;CCDC85A;CHRM2;CNTNAP4;COL25A1;CPNE4;CTNNA2;DPP6;ELAVL4;FGF14;FLRT2;GNAO1;GRID1;GRIK2;GRIN2A;HTR2C;KCNH5;KCNH7;KLHL1;KLHL29;LINGO2;LRFN5;LRP1B;MAPK4;MGAT4C;MSI2;NLGN1;NRG1;NRXN1;NTM;NWD2;PBX3;PCDH11X;PDE4D;PRKCB;PRKD1;RBMS3;RGS6;SGCZ;SLC24A3;SLC2A13;SLC8A1;SRGAP1;SYT1;TCF7L2;THSD7A;TMEM163;TMTC1;TRPM3,4.2448077060098446e-50,1.6979230824039378e-49,49.37214197894426
LHb,Lateral,MHb.1,200,200,182,195,7,2.9574468085106385,0.012586459240142813,CNTN6;DLG2;KCNMA1;PLCL1;RIMS1;SCUBE1;THSD7B,0.015256314230476138,0.022252303628981767,1.8165503748154581
LHb,Lateral,MHb.2,200,200,182,200,23,11.36883061507302,8.265041116375922e-16,CACNA1E;CDK14;CNNM2;DACH1;DGKB;DPP10;EML5;FAT3;KCNMA1;KCTD8;LCORL;MDGA2;NDST3;NWD2;PDE1A;RGS6;SCUBE1;SEMA6D;SLC24A2;SV2C;THSD7B;TNR;VAV3,3.0054694968639714e-15,7.450177907719142e-15,14.522087675418167
LHb,Lateral,MHb.3,200,200,182,200,10,4.252753977968176,0.0002474102824861786,AUTS2;DACH1;DPP10;ERBB4;GRM5;LCORL;NDST3;RASGEF1B;SLC24A2;TMEFF2,0.0003665337518313757,0.0006570231568097688,3.4358860276825895
LHb,Marginal,LHb.1,200,200,193,200,2,0.7339891057168544,0.7565018594028063,CHL1;SPARCL1,0.7565018594028063,0.9100774248454813,0.1211900001888632
LHb,Marginal,LHb.2,200,200,193,199,7,2.721634184587814,0.01865827141448915,CALY;CBLN2;GPM6A;GPR151;LY6H;SPOCK2;TSPAN13,0.021950907546457822,0.03280575193756334,1.658547519418634
LHb,Marginal,LHb.3,200,200,193,200,9,3.5560550876394266,0.0016109103601136914,CHGA;GABRA1;GABRG2;GLRB;LGI2;PCDH10;PCDH17;STMN2;TMEM47,0.0020785940130499244,0.0035798008002526473,2.682230327941285
LHb,Marginal,LHb.4,200,200,193,200,9,3.5560550876394266,0.0016109103601136914,CALM1;CBLN1;GABRA1;GLRB;SCG2;SLC12A5;SLC22A17;STMN2;TMEM47,0.0020785940130499244,0.0035798008002526473,2.682230327941285
LHb,Marginal,LHb.5,200,200,193,200,5,1.8933442444080741,0.13512979066869465,CD47;CHL1;GABRA1;PCDH17;SCG2,0.15443404647850817,0.20541876023605662,0.8112569490278446
LHb,Marginal,LHb.6,200,200,193,200,3,1.1124766230296554,0.5099707032817146,GABBR1;OLFM1;THY1,0.5368112666123311,0.6288656071296673,0.27017837775669235
LHb,Marginal,LHb.7,200,200,193,199,4,1.5066612399945734,0.2830490781864259,APP;CBLN2;CNTN1;GPR151,0.3144989757626954,0.3799169051072261,0.5023807645949726
LHb,Marginal,MHb.1,200,200,193,195,9,3.652962833099579,0.0013521448245868946,HSPA8;ITM2B;ITM2C;NRN1;PCSK1N;SCG2;SYT4;TIMP2;TSPAN13,0.0018650273442577857,0.0030363953955635527,2.729314796362955
LHb,Marginal,MHb.2,200,200,193,200,3,1.1124766230296554,0.5099707032817146,GABBR1;PCSK2;TSPAN13,0.5368112666123311,0.6288656071296673,0.27017837775669235
LHb,Marginal,MHb.3,200,200,193,200,2,0.7339891057168544,0.7565018594028063,PRNP;SYT4,0.7565018594028063,0.9100774248454813,0.1211900001888632
LHb,Oval/Medial,LHb.1,200,200,189,200,37,20.78487245721666,4.0601398214606627e-32,CACNA2D1;CADPS;CDH18;CNTN4;CTNND2;DAB1;FAM135B;FAM155A;FGF13;FRMD4A;GPC6;HDAC9;INPP4B;KALRN;KCNIP4;KCNJ3;LINGO2;LRP1B;LSAMP;MAST4;NTNG1;OSBPL6;OXR1;PCDH7;PCLO;PDE4B;PLXNA4;PPP2R2B;PTPRG;R3HDM1;RBFOX1;RMST;RYR2;SHISA9;SRRM4;SYN2;TOX,2.7067598809737753e-31,1.3676260451235917e-30,30.567550269162425
LHb,Oval/Medial,LHb.2,200,200,189,199,20,9.191101120624111,1.862031144223533e-12,ADGRB3;CACNA1C;CACNB2;CEP112;CIT;CSMD1;GABRB1;GRIN2B;KCNQ3;KCNT2;KIRREL3;LDB2;LRRC7;OPCML;PDE10A;PITPNC1;PRICKLE2;PRKG1;RGS7;ZFHX3,5.3200889834958085e-12,1.2544209813716433e-11,11.274081103660212
LHb,Oval/Medial,LHb.3,200,200,189,200,37,20.78487245721666,4.0601398214606627e-32,ADARB2;CACNA1A;CACNA1B;CADPS;CDH18;CELF2;CNKSR2;CSMD2;CTNNA2;DCC;GABRB2;GABRG3;GRIK1;GRM1;HS6ST3;INPP4B;KALRN;KCTD16;LRFN5;LRP1B;LRRC4C;LRRTM4;LSAMP;MARCH1;PCDH7;PDE10A;PLXNA4;PTPRD;PTPRG;RMST;SHISA9;SOBP;SYNPO2;TENM4;TRIM9;UNC5C;ZFHX3,2.7067598809737753e-31,1.3676260451235917e-30,30.567550269162425
LHb,Oval/Medial,LHb.4,200,200,189,200,42,25.17721518987342,6.194621766088371e-39,ARPP21;CACNA1A;CACNA1B;CACNA2D1;CADPS;CAMK2A;CELF2;CHRM3;CNKSR2;CSMD2;DAB1;EDIL3;FAM135B;FGF13;FRMD4A;GABRB1;GABRG3;GRIK1;GRM7;GRM8;INPP4B;KALRN;KCNIP4;KCTD16;LRRC4C;LRRTM4;LSAMP;MARCH1;NAV2;NAV3;NRXN3;NTNG1;PCDH7;PTPRD;PTPRG;RBFOX1;RMST;SHISA9;SOBP;SYN2;XKR4;ZFHX3,8.259495688117828e-38,3.3037982752471313e-37,37.083046469211574
LHb,Oval/Medial,LHb.5,200,200,189,200,48,31.195968645016798,1.2264925374529072e-47,ADGRL3;CACNA1A;CACNA1B;CACNA2D1;CACNA2D3;CACNB2;CADPS;CAMK2A;CNTN4;CNTN5;CSMD2;DLG2;DLGAP2;DMD;FAM135B;FGF13;FRMD4A;GALNT17;GRIK1;GRM7;IL1RAP;KALRN;KCNC2;KCNIP4;KCTD16;LINGO2;LRRC7;LSAMP;MARCH1;NAV3;NTNG1;PCDH7;PCLO;PDE10A;PDE4B;PITPNC1;PLXNA4;PTPRG;RALYL;RBFOX1;RMST;SHISA9;SORBS2;SRRM4;SYNPO2;TENM4;TOX;XKR4,2.4529850749058142e-46,1.5699104479397212e-45,45.610305094233794
LHb,Oval/Medial,LHb.6,200,200,189,200,12,5.010097367472052,1.4372817027061192e-05,CADM2;CSMD2;DCC;DLGAP1;GRIP1;MBP;OPCML;PRICKLE1;PRICKLE2;RIMS1;ROBO2;SLIT3,2.2112026195478757e-05,4.576419351900081e-05,4.655371459809462
LHb,Oval/Medial,LHb.7,200,200,189,199,19,8.631339869281046,1.7039123737783676e-11,ADGRB3;CDH18;CLSTN2;CNTN5;CTNNA2;FGF14;GPC6;GRIK2;LINGO2;LRFN5;LRP1B;NEBL;NTM;PLCB1;PRICKLE2;PRKG1;RYR3;ZBTB20;ZFHX3,4.009205585360865e-11,1.0485614607866878e-10,10.396941673283386
LHb,Oval/Medial,MHb.1,200,200,189,195,13,5.640827922077922,1.9628620434440155e-06,ASIC2;CNTN4;DLG2;IL1RAPL1;KCND2;LDB2;OPCML;PEX5L;PLEKHA5;PPP3CA;RIMS1;ROBO2;SYT7,3.271436739073359e-06,6.864654141006393e-06,5.485261473390071
LHb,Oval/Medial,MHb.2,200,200,189,200,16,6.985172153807489,9.570907308451275e-09,ASIC2;ATRNL1;DLGAP1;EPHA6;GABRA2;IL1RAPL1;MDGA2;NAV2;NXPH1;PEX5L;PLEKHA5;ROBO2;RYR2;SLIT3;TCF4;UBE2E2,1.8230299635145284e-08,4.344241615183557e-08,7.73920619317603
LHb,Oval/Medial,MHb.3,200,200,189,200,18,8.038750722961248,1.5920549739793265e-10,ARPP21;ASIC2;AUTS2;CACNA2D1;CACNA2D3;CACNB2;CSMD1;GABRB1;GRM1;KCNB2;NTNG1;NXPH1;PEX5L;RBFOX1;ROBO2;SLIT3;TCF4;TMEM108,3.35169468206174e-10,9.016948525192645e-10,9.474735549688253
LHb,Hbx,LHb.1,200,500,450,200,33,6.469779864730969,4.325758249777734e-15,ABLIM1;AGBL4;ARL15;ASTN2;CASZ1;CDH18;CDH7;DACH1;EBF1;FSTL5;GLCE;GPR158;GRIA1;GRIN2A;HTR4;LHFPL3;LRP1B;LSAMP;LUZP2;MACROD2;MYO16;NDST4;NECTIN3;PCDH11X;SEMA3D;SLIT2;SNTG1;SORCS3;SSTR2;TENM3;TESC;TLL1;TMTC2,9.612796110617187e-15,3.595435428386688e-14,14.017150269065532
LHb,Hbx,LHb.2,200,500,450,199,45,9.86002886002886,4.149126620272425e-26,ADCY8;CALY;CBLN2;CHSY3;CSMD3;ERBB4;FOXP2;GALNT13;GPR151;GRIN3A;HPCAL1;HTR2C;HTR4;KCNH5;KCNH7;KCNMB4;LHX9;MAOA;MYO16;NCALD;NCAM2;NEK7;NHLH2;OPCML;OPRM1;PARD3B;PBX3;PDE1A;PLCL1;POU6F2;PPP1R9A;PRKD1;PRKG1;PTPRN2;PTPRQ;RIMBP2;SGCZ;SLC8A1;TCF7L2;THSD7B;TLL1;TMEM117;TRPM3;VAV3;VWA5B1,2.074563310136212e-25,8.85147012324784e-25,24.683073307124108
LHb,Hbx,LHb.3,200,500,450,200,23,4.151801426322127,8.506466223011394e-08,BASP1;CDH10;CDH18;CDH7;EBF1;GABRG3;GLCE;GPR158;GRIA1;HS6ST2;LRP1B;LSAMP;LUZP2;MGAT4C;NLGN1;PBX1;PCDH11X;PCSK1;SCN9A;SNTG1;SORCS3;STMN2;TENM3,1.361034595681823e-07,3.381452411631858e-07,6.866130835470613
LHb,Hbx,LHb.4,200,500,450,200,18,3.1222527472527473,6.412831967606785e-05,ABLIM1;BASP1;BTBD11;CDH10;EPB41L4A;GABRG3;GPR158;GRM5;ID4;LSAMP;MAGI1;NCALD;NEGR1;SCN9A;SNTG1;STMN2;TMEM196;TRPC4,8.845285472561083e-05,0.00018160232120656382,4.05328814611691
LHb,Hbx,LHb.5,200,500,450,200,26,4.809097809585773,8.712585560661653e-10,AGBL4;ASTN2;CDH7;CHSY3;CSMD3;DOK6;ERBB4;FOCAD;GALNTL6;GPR158;LSAMP;LUZP2;MLLT3;NCALD;NDST4;NEGR1;PBX1;POU6F2;SEMA3D;SEMA6A;SORCS3;TENM3;TLL1;TMEM196;TMTC2;TRPC4,1.515232271419418e-09,4.322523068855394e-09,8.819520788637709
LHb,Hbx,LHb.6,200,500,450,200,50,11.391666666666667,3.7654232214163434e-31,AMIGO2;BRINP3;BTBD3;CADM2;CADPS2;CASZ1;CELF4;CNIH3;CNTNAP2;DLGAP1;EPB41L4A;ERBB4;ETV1;GABBR1;GALNT13;GALNTL6;GNG8;GPR139;GRM5;GUCY1A1;KCTD8;LCORL;LPAR1;LRP8;MARCH4;NDST4;OLFM1;OPCML;PCDH9;PLD5;PRKD1;PTPRZ1;RAB27B;RAP1GAP;RBMS1;RCAN2;RIMS1;ROBO1;RSPO3;SLIT3;SORCS2;SSTR2;SYT6;SYT9;SYTL2;TENM2;THSD7B;TNR;TRPM3;VAV3,2.1516704122379106e-30,1.2049354308532299e-29,29.667224252108156
LHb,Hbx,LHb.7,200,500,450,199,43,9.253953253953254,3.8668746784120254e-24,ASTN2;CADPS2;CAMK2D;CBLN2;CDH18;CPNE4;DOK6;DPP6;ELAVL4;FGF14;GNAO1;GPR151;GRIN2A;HTR2C;KCNH5;KCNH7;KLHL1;LPAR1;LRP1B;MGAT4C;MSI2;NLGN1;NRG1;NRXN1;NWD2;PBX3;PCDH11X;PDE4D;PLEKHA6;PRKCA;PRKD1;PRKG1;PTPRQ;RBMS3;RGS6;SGCZ;SLC2A13;SLC8A1;SV2B;TCF7L2;THSD7A;TMEM163;TRPM3,1.7186109681831222e-23,6.688648092388368e-23,22.76482242086531
LHb,Hbx,MHb.1,200,500,450,195,28,5.424468598348327,1.767006970157183e-11,CABLES1;CELF4;GNG8;GPR139;GUCY1A1;H3F3B;HSPA8;KCNK13;KCNMA1;MYL6;MYO1B;NCALD;NHLH2;OAZ1;OPCML;PCSK1N;PIP4K2A;PLCL1;PLD5;RIMS1;SELENOM;SLC4A4;SORCS2;SYT6;SYTL2;THSD7B;TMSB10;TUBA1A,3.2127399457403324e-11,1.0770328199053307e-10,10.493124426860806
LHb,Hbx,MHb.2,200,500,450,200,39,8.05036949721177,2.759322532827269e-20,AKAIN1;AMIGO2;BRINP3;CABLES1;CACNA1E;CACNB3;CADPS2;CASZ1;CDK14;CELF4;CNNM2;DACH1;DGKB;DLGAP1;ETV1;FSTL1;GABBR1;GABBR2;GNG8;GUCY1A1;KCNMA1;KCTD8;LCORL;MBNL2;MCTP1;NEK7;NRP2;NWD2;NXPH1;PDE1A;PLD5;RGS6;SLIT3;SPOCK1;SYT9;THSD7B;TNR;VAV3;ZIC1,7.88377866522077e-20,3.3320121151121745e-19,19.103265576911948
LHb,Hbx,MHb.3,200,500,450,200,13,2.168761242795433,0.010963822791614064,DACH1;ERBB4;FOXP2;GRM5;LCORL;NRP2;NXPH1;PLD5;RASGEF1B;SLIT3;STXBP5;STXBP5L;SYT9,0.014146868118211696,0.020338685758356526,1.8493396950885133
LHb,Lateral,LHb.1,200,500,466,200,41,8.278875323714391,1.4507367954774976e-21,ABLIM1;AGBL4;ALCAM;CHL1;CNTN6;CTNND2;DAB1;DACH1;DLC1;DPF3;FRMD4A;FSTL5;GLCE;GPR158;GRIA1;GRIK4;GRIN2A;HDAC9;HTR4;INPP4B;KCNH8;LHFPL3;LINGO2;LRP1B;LSAMP;MACROD2;MAST4;NECTIN3;NELL1;OXR1;PCDH11X;PCLO;PLCL2;RAB3C;SLIT2;SNTG1;SORCS3;SYN3;TENM3;TLL1;TMTC2,5.2754065290090815e-21,1.8948398961338744e-20,20.27774406749899
LHb,Lateral,LHb.2,200,500,466,199,59,14.148402948402948,1.9517070321648146e-40,ADCY8;ADGRB3;ANO4;CBLN2;CCDC85A;COL25A1;CSMD3;DOCK4;ERBB4;FRY;GALNT13;GPHN;GRID1;GRIN3A;HTR2C;HTR4;IMMP2L;KCNH5;KCNH7;LHX9;LRRTM3;MAGI3;NCALD;NCAM2;NEK7;OLFM3;PARD3B;PBX3;PCDH15;PDE1A;PLCL1;PLXNC1;PMFBP1;POU6F2;PPM1E;PRKD1;PTPRN2;PTPRQ;RELN;RGS7;RIT2;SGCZ;SLC8A1;SPHKAP;SPOCK3;SRGAP1;TCF7L2;THSD7B;TLL1;TMEM117;TMTC1;TNIK;TRPM3;UNC5D;VAV3;VWC2;XPR1;ZFHX3;ZFHX4,1.3011380214432098e-39,1.135538636895892e-38,38.885676632130334
LHb,Lateral,LHb.3,200,500,466,200,38,7.476577823929849,7.356232102146505e-19,ADGRL2;CTNNA2;DCC;FRMD3;FRMD4B;GLCE;GPR158;GRIA1;GRIA3;GRIK4;HS6ST2;INPP4B;KCNH8;KLHL29;LRFN5;LRP1B;LRRC4C;LSAMP;MGAT4C;NEDD4L;NELL1;NLGN1;NTRK3;PBX1;PCDH10;PCDH11X;PLCH1;PLCL2;PTCHD4;PTPRD;RAB3C;SLC24A3;SNTG1;SORCS3;SRGAP3;TENM3;TMEFF2;ZFHX3,1.839058025536626e-18,8.117221629954765e-18,17.735404567785952
LHb,Lateral,LHb.4,200,500,466,200,36,6.963131026659104,3.945152604134822e-17,ABLIM1;ADGRL2;ARHGEF11;BTBD11;DAB1;DNAH9;EPB41L3;FHIT;FRMD3;FRMD4A;GPR158;GRIA2;GRIK4;GRM5;INPP4B;LRRC4C;LRRTM3;LSAMP;MAGI1;NAV3;NCALD;NEDD4L;NEGR1;NELL1;PEG3;PLCB4;PTPRD;RAB3C;RIT2;SNTG1;SRGAP3;TMEFF2;TMEM255A;TRPC4;XKR4;ZFHX3,9.282712009728993e-17,4.13917650269883e-16,16.0323251230494
LHb,Lateral,LHb.5,200,500,466,200,40,8.007042253521126,1.1960053581574446e-20,ADGRL3;AGBL4;ALCAM;CDH13;CHL1;CNTN5;CNTN6;CSMD3;DLG2;DOK6;ERBB4;FOCAD;FRMD4A;GPR158;GRIK4;IL1RAPL2;KCNC2;LINGO2;LSAMP;MLLT3;NAV3;NCALD;NEGR1;PBX1;PCLO;POU6F2;RAB3C;RALGPS2;RALYL;RIT2;SEMA6A;SLC35F1;SORCS3;TBL1X;TENM1;TENM3;TLL1;TMTC2;TRPC4;XKR4,3.680016486638291e-20,1.4720065946553164e-19,19.43415023566344
LHb,Lateral,LHb.6,200,500,466,200,33,6.223409992947131,1.1847588443280005e-14,CADM2;CNTNAP2;COL11A1;DCC;ERBB4;ETV1;GABBR1;GALNT13;GALNT14;GRM5;KCTD8;LCORL;LPAR1;MAGI3;MCC;MME;MMP16;PARM1;PRKD1;PTCHD4;PTPRZ1;RBMS1;RCAN2;RIMS1;ROBO1;ROBO3;SYTL2;TENM2;THSD7B;TNR;TRPM3;VAV2;VAV3,2.256683513005715e-14,9.246898297194151e-14,13.646529343976269
LHb,Lateral,LHb.7,200,500,466,199,75,21.161620328355745,2.6841370444115835e-60,ADGRB3;ARID1B;ARID5B;CAMK2D;CBLN2;CCDC85A;CHRM2;CNTN5;CNTNAP4;COL25A1;CPNE4;CTNNA2;DOK6;DPP6;ELAVL4;FGF14;FLRT2;FRY;GNAO1;GRIA3;GRID1;GRIK2;GRIN2A;GRM3;HIPK2;HTR2C;KCNH5;KCNH7;KLHL1;KLHL29;LIN7A;LINGO2;LPAR1;LRFN5;LRP1B;LRRC3B;MAPK4;MDGA1;MGAT4C;MSI2;NFAT5;NLGN1;NRG1;NRXN1;NTM;NTRK3;NWD2;PBX3;PCDH11X;PDE4D;PLCH1;PLEKHA6;PRKCB;PRKD1;PTPRQ;RBMS3;RELN;RGS20;RGS6;RUNX1T1;SFMBT2;SGCZ;SLC24A3;SLC2A13;SLC8A1;SRGAP1;SV2B;SYT1;TCF7L2;THSD7A;TMEM163;TMTC1;TRPM3;VWC2;ZFHX3,5.985201317074717e-59,9.576322107319548e-58,58.22292123716664
LHb,Lateral,MHb.1,200,500,466,195,14,2.331222803500709,0.004864405925884646,CFTR;CNTN6;DLG2;EPHA7;FRMD4B;IL1RAPL1;KCNMA1;MME;NCALD;PLCL1;RIMS1;SCUBE1;SYTL2;THSD7B,0.006485874567846195,0.009321017343012496,2.188031454525056
LHb,Lateral,MHb.2,200,500,466,200,41,8.278875323714391,1.4507367954774976e-21,ADAM22;ANK1;CACNA1E;CDK14;CFTR;CNNM2;DACH1;DGKB;DPP10;DYNC2H1;EML5;EPHA7;ETV1;FAT3;GABBR1;GABBR2;IL1RAPL1;KCNMA1;KCTD8;LCORL;MBNL2;MCC;MDGA2;NDST3;NEK7;NRP2;NWD2;PCSK2;PDE1A;PTPRR;RGS6;ROBO3;SCUBE1;SEMA6D;SLC24A2;ST6GALNAC5;SV2C;THSD7B;TNR;VAV2;VAV3,5.2754065290090815e-21,1.8948398961338744e-20,20.27774406749899
LHb,Lateral,MHb.3,200,500,466,200,20,3.39412057797708,8.937918047273599e-06,AUTS2;DACH1;DPP10;EPHA7;ERBB4;FRMD4B;GRM5;KCNB2;LCORL;LRRC3B;NDST3;NRP2;RASGEF1B;RELN;SLC24A2;SLC9A9;STXBP5;STXBP5L;SYN3;TMEFF2,1.2768454353247998e-05,2.903689111804621e-05,4.893861671764209
LHb,Marginal,LHb.1,200,500,472,200,5,0.7468840937791688,0.795581196776611,ALCAM;ATP2B2;CHL1;SPARCL1;VSTM2A,0.795581196776611,0.9552944951914278,0.0993154897917708
LHb,Marginal,LHb.2,200,500,472,199,10,1.5585560823656062,0.1246451487916392,ADCYAP1;CALY;CBLN2;FXYD6;GPM6A;GPR151;LY6H;PLXNC1;SPOCK2;TSPAN13,0.14664135151957552,0.1903887714239835,0.8337435453536072
LHb,Marginal,LHb.3,200,500,472,200,12,1.8885291396854764,0.03418057611700481,CHGA;GABRA1;GABRG2;GLRB;HS6ST2;LGI2;PCDH10;PCDH17;PCSK1;SEZ6L;STMN2;TMEM47,0.04143100135394523,0.058025381206586416,1.3826745700268952
LHb,Marginal,LHb.4,200,500,472,200,13,2.061479850407186,0.015760947480020014,CALM1;CBLN1;GABRA1;GLRB;IGFBP5;SCG2;SEZ6L;SLC12A5;SLC22A17;STMN2;TMEM255A;TMEM47;TUBA1B,0.019701184350025016,0.02778789638350636,1.7055076651470493
LHb,Marginal,LHb.5,200,500,472,200,7,1.0611733244191877,0.4938093117834543,ALCAM;CD47;CHL1;GABRA1;LRRTM2;PCDH17;SCG2,0.5197992755615308,0.6141369295194427,0.28416433010597364
LHb,Marginal,LHb.6,200,500,472,200,7,1.0611733244191877,0.4938093117834543,ADCYAP1;AMIGO2;GABBR1;OLFM1;PARM1;RET;THY1,0.5197992755615308,0.6141369295194427,0.28416433010597364
LHb,Marginal,LHb.7,200,500,472,199,9,1.3922018870069341,0.21411872800747014,APP;ATP2B1;ATP2B2;CBLN2;CNTN1;ELMOD1;GPR151;RET;SV2B,0.24470711772282303,0.29790431722778454,0.6113533982706502
LHb,Marginal,MHb.1,200,500,472,195,20,3.4445006321112515,7.374972095424308e-06,BSCL2;CALB2;CCK;HSPA8;ITM2B;ITM2C;NRN1;OAZ1;PCSK1N;PTN;SCG2;SELENOM;SSR4;SYT4;TAC1;TIMP2;TMEM158;TMSB10;TSPAN13;TUBA1A,1.092588458581379e-05,2.4081541536079372e-05,4.9615433914114915
LHb,Marginal,MHb.2,200,500,472,200,7,1.0611733244191877,0.4938093117834543,AMIGO2;CHST2;GABBR1;LRRC55;NRP2;PCSK2;TSPAN13,0.5197992755615308,0.6141369295194427,0.28416433010597364
LHb,Marginal,MHb.3,200,500,472,200,6,0.9028804035219681,0.6529442694640352,CHST2;NRP2;PRNP;RET;SERPINI1;SYT4,0.6696864302195232,0.795970157060919,0.17412850103468616
LHb,Oval/Medial,LHb.1,200,500,464,200,61,14.882749879500865,9.851245710653605e-43,AGBL4;AK5;ASTN2;BRINP1;CACNA2D1;CADPS;CAMK1D;CAMTA1;CDH18;CNTN4;CTNND2;DAB1;EFNA5;EPHA4;ESRRG;FAM135B;FAM155A;FGF13;FRMD4A;GLIS3;GPC5;GPC6;HCN1;HDAC9;INPP4B;KALRN;KCNIP4;KCNJ3;LEF1;LIMCH1;LINGO2;LRP1B;LSAMP;MACROD2;MAML2;MAST4;MYRIP;NELL1;NKAIN3;NOS1AP;NTNG1;OSBPL6;OXR1;PCDH7;PCLO;PDE4B;PHACTR3;PKP4;PLXNA4;PPP2R2B;PTPRG;R3HDM1;RBFOX1;RMST;RYR2;SHISA9;SLC35F3;SRRM4;SYN2;TENM3;TOX,9.851245710653604e-42,7.880996568522884e-41,41.00650884858301
LHb,Oval/Medial,LHb.2,200,500,464,199,38,7.559997667162395,5.297456418166469e-19,ADGRB3;CACNA1C;CACNB2;CCDC85A;CDH12;CEP112;CIT;CSMD1;DOCK4;FNBP1L;FUT8;GABRB1;GPHN;GRIN2B;GUCY1A2;KCNH7;KCNQ3;KCNT2;KIRREL3;LDB2;LEF1;LRRC7;NELL2;OPCML;PDE10A;PITPNC1;PPM1E;PRICKLE2;PRKG1;RAPGEF2;REV3L;RGS7;SGCZ;SH3KBP1;TNIK;TRPC5;UNC13C;ZFHX3,1.4126550448443917e-18,5.94802124145007e-18,17.849963875242985
LHb,Oval/Medial,LHb.3,200,500,464,200,60,14.497171145685996,1.4547590268710732e-41,ADARB2;AK5;ARHGAP26;BRINP2;CACNA1A;CACNA1B;CADPS;CDH11;CDH18;CELF2;CNKSR2;CSMD2;CTNNA2;DCC;FRAS1;FSTL4;GABRB2;GABRG3;GALNT18;GRIK1;GRM1;HS6ST3;INPP4B;KALRN;KCTD16;KIF26B;LIMCH1;LRCH1;LRFN5;LRP1B;LRRC4C;LRRTM4;LSAMP;MARCH1;NELL1;NKAIN3;NLGN1;PCDH7;PDE10A;PHACTR1;PLXNA4;PTPRD;PTPRG;RMST;SDK1;SETBP1;SHISA9;SLC24A3;SOBP;SORCS1;SRGAP3;SYNPO2;TENM3;TENM4;TMEFF2;TRIM9;TRPS1;UNC5C;VSNL1;ZFHX3,1.1638072214968586e-40,1.0344953079972076e-39,39.934118952309724
LHb,Oval/Medial,LHb.4,200,500,464,200,71,19.154328658500503,4.9491672354168545e-55,ADCY1;AK5;ALK;ARHGAP24;ARHGAP26;ARPP21;BRINP2;CACNA1A;CACNA1B;CACNA2D1;CADPS;CAMK2A;CELF2;CHRM3;CNKSR2;CSMD2;CSRNP3;DAB1;EDIL3;ELMO1;EPHA3;EPHA5;FAM135B;FGF13;FRAS1;FRMD4A;FSTL4;GABRB1;GABRG3;GRIA2;GRIK1;GRM7;GRM8;HS3ST4;INPP4B;KALRN;KCNIP4;KCTD16;KHDRBS3;LRCH1;LRRC4C;LRRTM4;LSAMP;MARCH1;NAV2;NAV3;NELL1;NKAIN3;NR3C1;NRXN3;NTNG1;PCDH7;PHACTR3;PLCB4;PTPRD;PTPRG;PTPRK;RBFOX1;RMST;RPH3A;SETBP1;SHC3;SHISA9;SOBP;SRGAP3;SYN2;SYNDIG1;TMEFF2;VSNL1;XKR4;ZFHX3,6.598889647222473e-54,1.0558223435555957e-52,53.18052913425389
LHb,Oval/Medial,LHb.5,200,500,464,200,75,21.101799485861182,2.992600658537359e-60,ADGRL3;AGBL4;ARHGAP26;ASTN2;CACNA1A;CACNA1B;CACNA2D1;CACNA2D3;CACNB2;CADPS;CAMK1D;CAMK2A;CNTN4;CNTN5;CSMD2;DLG2;DLGAP2;DMD;EPHA4;FAM135B;FGF13;FRMD4A;FSTL4;FUT8;GABRA4;GALNT17;GNAQ;GRIK1;GRM7;GUCY1A2;HS3ST4;IL1RAP;IL1RAPL2;KALRN;KCNC2;KCNIP4;KCTD16;KHDRBS3;KIF26B;LEF1;LIMCH1;LINGO2;LRRC7;LSAMP;MARCH1;MYRIP;NAV3;NELL2;NOS1AP;NPAS3;NTNG1;PCDH7;PCLO;PDE10A;PDE4B;PHACTR1;PITPNC1;PLXNA4;PTPRG;RALYL;RBFOX1;RMST;SETBP1;SHISA9;SLC35F1;SORBS2;SRRM4;SYNPO2;TENM3;TENM4;THRB;TMCC3;TOX;TRPS1;XKR4,5.985201317074717e-59,9.576322107319548e-58,58.22292123716664
LHb,Oval/Medial,LHb.6,200,500,464,200,21,3.6087998284928813,2.298665659341726e-06,BCL11A;BRINP1;CADM2;CELF4;CSMD2;DCC;DLGAP1;GPC5;GRIP1;MBP;OPCML;PCDH9;PDZRN4;PRICKLE1;PRICKLE2;RIMS1;ROBO1;ROBO2;SLIT3;ST6GALNAC3;UNC13C,3.536408706679578e-06,7.995358815101657e-06,5.451437548863042
LHb,Oval/Medial,LHb.7,200,500,464,199,40,8.097187611249556,8.424262021744809e-21,ADGRB3;ASTN2;BRINP1;CCDC85A;CDH11;CDH12;CDH18;CLSTN2;CNTN5;CTNNA2;FGF14;GPC6;GRIK2;GUCY1A2;KCNH7;KIF26B;LINGO2;LRFN5;LRP1B;MAML2;MEF2C;MTUS2;NEBL;NLGN1;NTM;PCSK5;PIP5K1B;PLCB1;PRICKLE2;PRKG1;PRR16;RBFOX3;RYR3;SDK1;SGCZ;SLC24A3;TRPC5;TSHZ2;ZBTB20;ZFHX3,2.8080873405816034e-20,1.0571622929248389e-19,19.55158938837174
LHb,Oval/Medial,MHb.1,200,500,464,195,24,4.349282296650718,2.1165762452013576e-08,ASIC2;BCL11A;BRINP1;CELF4;CERS6;CNTN4;DLG2;EPHA7;FTH1;IL1RAPL1;KCND2;LDB2;LEF1;NFIB;NIN;OPCML;PEX5L;PLEKHA5;PPP3CA;RIMS1;ROBO2;SOX5;ST6GALNAC3;SYT7,3.5276270753355965e-08,9.152762141411275e-08,7.452517332747815
LHb,Oval/Medial,MHb.2,200,500,464,200,33,6.253205885213332,1.0470257619593387e-14,ANO3;ASIC2;ATRNL1;BCL11A;CELF4;CERS6;DGKG;DLGAP1;EPHA6;EPHA7;GABRA2;GPC5;IL1RAPL1;MDGA2;NAV2;NFIB;NXPH1;PDZRN4;PEX5L;PLEKHA5;PLXDC2;PRKAG2;PTK2B;PTPN3;ROBO2;RYR2;SEMA6D;SGCD;SHANK2;SLIT3;SOX5;TCF4;UBE2E2,2.0940515239186775e-14,8.272796143876257e-14,13.67901263675542
LHb,Oval/Medial,MHb.3,200,500,464,200,33,6.253205885213332,1.0470257619593387e-14,ADCY2;ARPP21;ASIC2;AUTS2;CACNA2D1;CACNA2D3;CACNB2;CSMD1;DGKG;EPB41L4B;EPHA7;GABRB1;GRM1;KCNB2;KCNQ5;NECAB1;NFIB;NIN;NTNG1;NXPH1;PEX5L;PLEKHG1;PROX1;PTPN3;PTPRT;RBFOX1;ROBO2;SLIT3;STXBP5L;TCF4;TMEFF2;TMEM108;VSNL1,2.0940515239186775e-14,8.272796143876257e-14,13.67901263675542
