compartment,mouse_region,human_cluster,human_marker_depth,mouse_marker_depth,n_mouse_markers,n_human_markers,n_overlap,odds_ratio,p_value,overlap_genes,p_adj_grid,p_adj_all_sensitivity_tests,neg_log10_p_adj_grid
MHb,Ventral,LHb.1,25,50,46,25,1,12.476851851851851,0.08159998606403739,SPARCL1,0.3940614493368828,0.17178944434534188,0.404436049679392
MHb,Ventral,LHb.2,25,50,46,25,0,0.0,1.0,,1.0,1.0,-0.0
MHb,Ventral,LHb.3,25,50,46,25,0,0.0,1.0,,1.0,1.0,-0.0
MHb,Ventral,LHb.4,25,50,46,25,0,0.0,1.0,,1.0,1.0,-0.0
MHb,Ventral,LHb.5,25,50,46,25,0,0.0,1.0,,1.0,1.0,-0.0
MHb,Ventral,LHb.6,25,50,46,25,0,0.0,1.0,,1.0,1.0,-0.0
MHb,Ventral,LHb.7,25,50,46,25,0,0.0,1.0,,1.0,1.0,-0.0
MHb,Ventral,MHb.1,25,50,46,25,0,0.0,1.0,,1.0,1.0,-0.0
MHb,Ventral,MHb.2,25,50,46,25,0,0.0,1.0,,1.0,1.0,-0.0
MHb,Ventral,MHb.3,25,50,46,25,0,0.0,1.0,,1.0,1.0,-0.0
MHb,Ventral/Dorsal,LHb.1,25,50,41,25,0,0.0,1.0,,1.0,1.0,-0.0
MHb,Ventral/Dorsal,LHb.2,25,50,41,25,0,0.0,1.0,,1.0,1.0,-0.0
MHb,Ventral/Dorsal,LHb.3,25,50,41,25,0,0.0,1.0,,1.0,1.0,-0.0
MHb,Ventral/Dorsal,LHb.4,25,50,41,25,0,0.0,1.0,,1.0,1.0,-0.0
MHb,Ventral/Dorsal,LHb.5,25,50,41,25,0,0.0,1.0,,1.0,1.0,-0.0
MHb,Ventral/Dorsal,LHb.6,25,50,41,25,0,0.0,1.0,,1.0,1.0,-0.0
MHb,Ventral/Dorsal,LHb.7,25,50,41,25,0,0.0,1.0,,1.0,1.0,-0.0
MHb,Ventral/Dorsal,MHb.1,25,50,41,25,0,0.0,1.0,,1.0,1.0,-0.0
MHb,Ventral/Dorsal,MHb.2,25,50,41,25,0,0.0,1.0,,1.0,1.0,-0.0
MHb,Ventral/Dorsal,MHb.3,25,50,41,25,0,0.0,1.0,,1.0,1.0,-0.0
MHb,Lateral,LHb.1,25,50,49,25,0,0.0,1.0,,1.0,1.0,-0.0
MHb,Lateral,LHb.2,25,50,49,25,2,24.92691951896392,0.0036471679482568474,CSMD1;ERBB4,0.02605119963040605,0.011487143144116054,1.5841722730988175
MHb,Lateral,LHb.3,25,50,49,25,2,24.92691951896392,0.0036471679482568474,PTPRD;SNTG1,0.02605119963040605,0.011487143144116054,1.5841722730988175
MHb,Lateral,LHb.4,25,50,49,25,1,11.694444444444445,0.08669351885411422,SNTG1,0.3940614493368828,0.18108306810258845,0.404436049679392
MHb,Lateral,LHb.5,25,50,49,25,0,0.0,1.0,,1.0,1.0,-0.0
MHb,Lateral,LHb.6,25,50,49,25,0,0.0,1.0,,1.0,1.0,-0.0
MHb,Lateral,LHb.7,25,50,49,25,3,39.94268774703557,9.675615268245035e-05,COL25A1;NLGN1;SLC2A13,0.0024189038170612585,0.00039899444405134166,2.616381400158179
MHb,Lateral,MHb.1,25,50,49,25,2,24.92691951896392,0.0036471679482568474,PDE11A;RIMS1,0.02605119963040605,0.011487143144116054,1.5841722730988175
MHb,Lateral,MHb.2,25,50,49,25,0,0.0,1.0,,1.0,1.0,-0.0
MHb,Lateral,MHb.3,25,50,49,25,0,0.0,1.0,,1.0,1.0,-0.0
MHb,Dorsal,LHb.1,25,50,48,25,0,0.0,1.0,,1.0,1.0,-0.0
MHb,Dorsal,LHb.2,25,50,48,25,0,0.0,1.0,,1.0,1.0,-0.0
MHb,Dorsal,LHb.3,25,50,48,25,2,25.47069943289225,0.0035022531810905443,PTPRD;TMEFF2,0.02605119963040605,0.011207210179489741,1.5841722730988175
MHb,Dorsal,LHb.4,25,50,48,25,0,0.0,1.0,,1.0,1.0,-0.0
MHb,Dorsal,LHb.5,25,50,48,25,1,11.944148936170214,0.08499869536623955,PBX1,0.3940614493368828,0.17847495090024051,0.404436049679392
MHb,Dorsal,LHb.6,25,50,48,25,0,0.0,1.0,,1.0,1.0,-0.0
MHb,Dorsal,LHb.7,25,50,48,25,0,0.0,1.0,,1.0,1.0,-0.0
MHb,Dorsal,MHb.1,25,50,48,25,0,0.0,1.0,,1.0,1.0,-0.0
MHb,Dorsal,MHb.2,25,50,48,25,5,78.3546511627907,2.2725469955387815e-08,ASIC2;EPHA6;GABBR2;KCTD8;SYT9,1.1362734977693907e-06,1.8180375964310252e-07,5.944517122607323
MHb,Dorsal,MHb.3,25,50,48,25,0,0.0,1.0,,1.0,1.0,-0.0
MHb,Superior/Dorsal,LHb.1,25,50,49,25,0,0.0,1.0,,1.0,1.0,-0.0
MHb,Superior/Dorsal,LHb.2,25,50,49,25,2,24.92691951896392,0.0036471679482568474,GPM6A;GPR151,0.02605119963040605,0.011487143144116054,1.5841722730988175
MHb,Superior/Dorsal,LHb.3,25,50,49,25,0,0.0,1.0,,1.0,1.0,-0.0
MHb,Superior/Dorsal,LHb.4,25,50,49,25,0,0.0,1.0,,1.0,1.0,-0.0
MHb,Superior/Dorsal,LHb.5,25,50,49,25,0,0.0,1.0,,1.0,1.0,-0.0
MHb,Superior/Dorsal,LHb.6,25,50,49,25,0,0.0,1.0,,1.0,1.0,-0.0
MHb,Superior/Dorsal,LHb.7,25,50,49,25,0,0.0,1.0,,1.0,1.0,-0.0
MHb,Superior/Dorsal,MHb.1,25,50,49,25,0,0.0,1.0,,1.0,1.0,-0.0
MHb,Superior/Dorsal,MHb.2,25,50,49,25,1,11.694444444444445,0.08669351885411422,CHRNA3,0.3940614493368828,0.18108306810258845,0.404436049679392
MHb,Superior/Dorsal,MHb.3,25,50,49,25,0,0.0,1.0,,1.0,1.0,-0.0
MHb,Ventral,LHb.1,25,100,94,25,2,12.69187145557656,0.012886212403128051,CADPS;SPARCL1,0.05365218818192123,0.03293600614218033,1.2704125608191033
MHb,Ventral,LHb.2,25,100,94,25,0,0.0,1.0,,1.0,1.0,-0.0
MHb,Ventral,LHb.3,25,100,94,25,0,0.0,1.0,,1.0,1.0,-0.0
MHb,Ventral,LHb.4,25,100,94,25,1,6.01568100358423,0.159917802746834,EDIL3,0.3955871551438266,0.3178403496392706,0.4027578185428135
MHb,Ventral,LHb.5,25,100,94,25,1,6.01568100358423,0.159917802746834,PLPP3,0.3955871551438266,0.3178403496392706,0.4027578185428135
MHb,Ventral,LHb.6,25,100,94,25,0,0.0,1.0,,1.0,1.0,-0.0
MHb,Ventral,LHb.7,25,100,94,25,3,20.123376623376622,0.0006664287552597263,CDH18;HTR2C;PLCB1,0.006270897338555006,0.0023834535749879975,2.202670309041907
MHb,Ventral,MHb.1,25,100,94,25,1,6.01568100358423,0.159917802746834,CALB2,0.3955871551438266,0.3178403496392706,0.4027578185428135
MHb,Ventral,MHb.2,25,100,94,25,0,0.0,1.0,,1.0,1.0,-0.0
MHb,Ventral,MHb.3,25,100,94,25,0,0.0,1.0,,1.0,1.0,-0.0
MHb,Ventral/Dorsal,LHb.1,25,100,83,25,0,0.0,1.0,,1.0,1.0,-0.0
MHb,Ventral/Dorsal,LHb.2,25,100,83,25,0,0.0,1.0,,1.0,1.0,-0.0
MHb,Ventral/Dorsal,LHb.3,25,100,83,25,0,0.0,1.0,,1.0,1.0,-0.0
MHb,Ventral/Dorsal,LHb.4,25,100,83,25,0,0.0,1.0,,1.0,1.0,-0.0
MHb,Ventral/Dorsal,LHb.5,25,100,83,25,0,0.0,1.0,,1.0,1.0,-0.0
MHb,Ventral/Dorsal,LHb.6,25,100,83,25,0,0.0,1.0,,1.0,1.0,-0.0
MHb,Ventral/Dorsal,LHb.7,25,100,83,25,0,0.0,1.0,,1.0,1.0,-0.0
MHb,Ventral/Dorsal,MHb.1,25,100,83,25,0,0.0,1.0,,1.0,1.0,-0.0
MHb,Ventral/Dorsal,MHb.2,25,100,83,25,0,0.0,1.0,,1.0,1.0,-0.0
MHb,Ventral/Dorsal,MHb.3,25,100,83,25,0,0.0,1.0,,1.0,1.0,-0.0
MHb,Lateral,LHb.1,25,100,98,25,0,0.0,1.0,,1.0,1.0,-0.0
MHb,Lateral,LHb.2,25,100,98,25,4,27.20567375886525,2.9003987699132633e-05,CSMD1;ERBB4;KIRREL3;THSD7B,0.0004833997949855439,0.0001362278263558745,3.3156935381167547
MHb,Lateral,LHb.3,25,100,98,25,2,12.159420289855072,0.013949568927299521,PTPRD;SNTG1,0.05365218818192123,0.03444444456313754,1.2704125608191033
MHb,Lateral,LHb.4,25,100,98,25,3,19.270334928229666,0.0007525076806266007,CHRM3;GRM8;SNTG1,0.006270897338555006,0.0025948540711262093,2.202670309041907
MHb,Lateral,LHb.5,25,100,98,25,0,0.0,1.0,,1.0,1.0,-0.0
MHb,Lateral,LHb.6,25,100,98,25,1,5.765893470790378,0.16614660516040716,THSD7B,0.3955871551438266,0.3195127022315522,0.4027578185428135
MHb,Lateral,LHb.7,25,100,98,25,5,36.094086021505376,8.473751894795488e-07,COL25A1;GRM3;KCNH7;NLGN1;SLC2A13,2.118437973698872e-05,5.511383346208448e-06,4.673984247298898
MHb,Lateral,MHb.1,25,100,98,25,3,19.270334928229666,0.0007525076806266007,PDE11A;RIMS1;SYT6,0.006270897338555006,0.0025948540711262093,2.202670309041907
MHb,Lateral,MHb.2,25,100,98,25,2,12.159420289855072,0.013949568927299521,EPHA6;KCTD8,0.05365218818192123,0.03444444456313754,1.2704125608191033
MHb,Lateral,MHb.3,25,100,98,25,0,0.0,1.0,,1.0,1.0,-0.0
MHb,Dorsal,LHb.1,25,100,98,25,1,5.765893470790378,0.16614660516040716,EBF1,0.3955871551438266,0.3195127022315522,0.4027578185428135
MHb,Dorsal,LHb.2,25,100,98,25,1,5.765893470790378,0.16614660516040716,SGCZ,0.3955871551438266,0.3195127022315522,0.4027578185428135
MHb,Dorsal,LHb.3,25,100,98,25,2,12.159420289855072,0.013949568927299521,PTPRD;TMEFF2,0.05365218818192123,0.03444444456313754,1.2704125608191033
MHb,Dorsal,LHb.4,25,100,98,25,0,0.0,1.0,,1.0,1.0,-0.0
MHb,Dorsal,LHb.5,25,100,98,25,1,5.765893470790378,0.16614660516040716,PBX1,0.3955871551438266,0.3195127022315522,0.4027578185428135
MHb,Dorsal,LHb.6,25,100,98,25,1,5.765893470790378,0.16614660516040716,PLD5,0.3955871551438266,0.3195127022315522,0.4027578185428135
MHb,Dorsal,LHb.7,25,100,98,25,2,12.159420289855072,0.013949568927299521,PRKD1;SGCZ,0.05365218818192123,0.03444444456313754,1.2704125608191033
MHb,Dorsal,MHb.1,25,100,98,25,0,0.0,1.0,,1.0,1.0,-0.0
MHb,Dorsal,MHb.2,25,100,98,25,9,84.8869382022472,6.931673062550149e-14,ANO3;ASIC2;EPHA6;GABBR2;KCTD8;LCORL;PLD5;ROBO3;SYT9,3.4658365312750746e-12,1.1552788437583583e-12,11.460191924957186
MHb,Dorsal,MHb.3,25,100,98,25,0,0.0,1.0,,1.0,1.0,-0.0
MHb,Superior/Dorsal,LHb.1,25,100,97,25,0,0.0,1.0,,1.0,1.0,-0.0
MHb,Superior/Dorsal,LHb.2,25,100,97,25,2,12.288329519450802,0.013680241146755165,GPM6A;GPR151,0.05365218818192123,0.03430781478810073,1.2704125608191033
MHb,Superior/Dorsal,LHb.3,25,100,97,25,0,0.0,1.0,,1.0,1.0,-0.0
MHb,Superior/Dorsal,LHb.4,25,100,97,25,0,0.0,1.0,,1.0,1.0,-0.0
MHb,Superior/Dorsal,LHb.5,25,100,97,25,0,0.0,1.0,,1.0,1.0,-0.0
MHb,Superior/Dorsal,LHb.6,25,100,97,25,0,0.0,1.0,,1.0,1.0,-0.0
MHb,Superior/Dorsal,LHb.7,25,100,97,25,0,0.0,1.0,,1.0,1.0,-0.0
MHb,Superior/Dorsal,MHb.1,25,100,97,25,0,0.0,1.0,,1.0,1.0,-0.0
MHb,Superior/Dorsal,MHb.2,25,100,97,25,2,12.288329519450802,0.013680241146755165,CHRNA3;SLC5A7,0.05365218818192123,0.03430781478810073,1.2704125608191033
MHb,Superior/Dorsal,MHb.3,25,100,97,25,0,0.0,1.0,,1.0,1.0,-0.0
MHb,Ventral,LHb.1,25,200,105,25,2,11.32714225411566,0.0158990886695232,CADPS;SPARCL1,0.07226858486146909,0.038426800409723745,1.1410504494036544
MHb,Ventral,LHb.2,25,200,105,25,0,0.0,1.0,,1.0,1.0,-0.0
MHb,Ventral,LHb.3,25,200,105,25,0,0.0,1.0,,1.0,1.0,-0.0
MHb,Ventral,LHb.4,25,200,105,25,1,5.375,0.17694047587995293,EDIL3,0.4423511896998823,0.33306442518579377,0.354232800359517
MHb,Ventral,LHb.5,25,200,105,25,1,5.375,0.17694047587995293,PLPP3,0.4423511896998823,0.33306442518579377,0.354232800359517
MHb,Ventral,LHb.6,25,200,105,25,0,0.0,1.0,,1.0,1.0,-0.0
MHb,Ventral,LHb.7,25,200,105,25,3,17.93850267379679,0.0009196110486976734,CDH18;HTR2C;PLCB1,0.006568650347840523,0.0030526507840586666,2.1825238552040864
MHb,Ventral,MHb.1,25,200,105,25,1,5.375,0.17694047587995293,CALB2,0.4423511896998823,0.33306442518579377,0.354232800359517
MHb,Ventral,MHb.2,25,200,105,25,0,0.0,1.0,,1.0,1.0,-0.0
MHb,Ventral,MHb.3,25,200,105,25,0,0.0,1.0,,1.0,1.0,-0.0
MHb,Ventral/Dorsal,LHb.1,25,200,181,25,0,0.0,1.0,,1.0,1.0,-0.0
MHb,Ventral/Dorsal,LHb.2,25,200,181,25,0,0.0,1.0,,1.0,1.0,-0.0
MHb,Ventral/Dorsal,LHb.3,25,200,181,25,0,0.0,1.0,,1.0,1.0,-0.0
MHb,Ventral/Dorsal,LHb.4,25,200,181,25,0,0.0,1.0,,1.0,1.0,-0.0
MHb,Ventral/Dorsal,LHb.5,25,200,181,25,0,0.0,1.0,,1.0,1.0,-0.0
MHb,Ventral/Dorsal,LHb.6,25,200,181,25,0,0.0,1.0,,1.0,1.0,-0.0
MHb,Ventral/Dorsal,LHb.7,25,200,181,25,0,0.0,1.0,,1.0,1.0,-0.0
MHb,Ventral/Dorsal,MHb.1,25,200,181,25,0,0.0,1.0,,1.0,1.0,-0.0
MHb,Ventral/Dorsal,MHb.2,25,200,181,25,0,0.0,1.0,,1.0,1.0,-0.0
MHb,Ventral/Dorsal,MHb.3,25,200,181,25,0,0.0,1.0,,1.0,1.0,-0.0
MHb,Lateral,LHb.1,25,200,193,25,0,0.0,1.0,,1.0,1.0,-0.0
MHb,Lateral,LHb.2,25,200,193,25,8,33.92050874403816,1.2917265914579906e-09,CSMD1;ERBB4;KIRREL3;OPRM1;PTPRQ;SLC8A1;THSD7B;WLS,3.2293164786449765e-08,1.2157426743134029e-08,7.49088939128076
MHb,Lateral,LHb.3,25,200,193,25,2,6.068290462098793,0.0488980485636983,PTPRD;SNTG1,0.14515426841520376,0.10957545896627072,0.8381701887547086
MHb,Lateral,LHb.4,25,200,193,25,3,9.566985645933014,0.0052001160558816616,CHRM3;GRM8;SNTG1,0.026000580279408308,0.0156394467846065,1.585016959362537
MHb,Lateral,LHb.5,25,200,193,25,0,0.0,1.0,,1.0,1.0,-0.0
MHb,Lateral,LHb.6,25,200,193,25,1,2.892361111111111,0.30169741592337196,THSD7B,0.5827017361286666,0.5397036568877229,0.23455368795073456
MHb,Lateral,LHb.7,25,200,193,25,5,17.72872340425532,2.349917328671347e-05,COL25A1;GRM3;KCNH7;NLGN1;SLC2A13,0.0003916528881118912,0.00011604530018130107,3.4070986665516494
MHb,Lateral,MHb.1,25,200,193,25,4,13.435122197026958,0.0003997905368309346,PDE11A;RIMS1;SOX5;SYT6,0.003397500005733067,0.001515793504572264,2.4688405338626236
MHb,Lateral,MHb.2,25,200,193,25,2,6.068290462098793,0.0488980485636983,EPHA6;KCTD8,0.14515426841520376,0.10957545896627072,0.8381701887547086
MHb,Lateral,MHb.3,25,200,193,25,0,0.0,1.0,,1.0,1.0,-0.0
MHb,Dorsal,LHb.1,25,200,193,25,2,6.068290462098793,0.0488980485636983,EBF1;SEMA3E,0.14515426841520376,0.10957545896627072,0.8381701887547086
MHb,Dorsal,LHb.2,25,200,193,25,2,6.068290462098793,0.0488980485636983,FOXP2;SGCZ,0.14515426841520376,0.10957545896627072,0.8381701887547086
MHb,Dorsal,LHb.3,25,200,193,25,3,9.566985645933014,0.0052001160558816616,PTPRD;SNTG1;TMEFF2,0.026000580279408308,0.0156394467846065,1.585016959362537
MHb,Dorsal,LHb.4,25,200,193,25,3,9.566985645933014,0.0052001160558816616,BTBD11;CDH10;SNTG1,0.026000580279408308,0.0156394467846065,1.585016959362537
MHb,Dorsal,LHb.5,25,200,193,25,2,6.068290462098793,0.0488980485636983,PBX1;SOX6,0.14515426841520376,0.10957545896627072,0.8381701887547086
MHb,Dorsal,LHb.6,25,200,193,25,1,2.892361111111111,0.30169741592337196,PLD5,0.5827017361286666,0.5397036568877229,0.23455368795073456
MHb,Dorsal,LHb.7,25,200,193,25,4,13.435122197026958,0.0003997905368309346,NLGN1;PBX3;PRKD1;SGCZ,0.003397500005733067,0.001515793504572264,2.4688405338626236
MHb,Dorsal,MHb.1,25,200,193,25,1,2.892361111111111,0.30169741592337196,RIMS1,0.5827017361286666,0.5397036568877229,0.23455368795073456
MHb,Dorsal,MHb.2,25,200,193,25,13,80.28703703703704,2.974676072468258e-18,ANO3;ASIC2;CPNE9;EPHA6;GABBR2;KCTD8;LCORL;MCC;PLD5;ROBO3;SOX6;SYNPR;SYT9,1.487338036234129e-16,8.206002958533126e-17,15.827590315548646
MHb,Dorsal,MHb.3,25,200,193,25,1,2.892361111111111,0.30169741592337196,NXPH1,0.5827017361286666,0.5397036568877229,0.23455368795073456
MHb,Superior/Dorsal,LHb.1,25,200,194,25,1,2.8771588946459414,0.3030049027869066,SEMA3E,0.5827017361286666,0.5397036568877229,0.23455368795073456
MHb,Superior/Dorsal,LHb.2,25,200,194,25,2,6.036231884057971,0.04935245126116928,GPM6A;GPR151,0.14515426841520376,0.11007187146270178,0.8381701887547086
MHb,Superior/Dorsal,LHb.3,25,200,194,25,0,0.0,1.0,,1.0,1.0,-0.0
MHb,Superior/Dorsal,LHb.4,25,200,194,25,0,0.0,1.0,,1.0,1.0,-0.0
MHb,Superior/Dorsal,LHb.5,25,200,194,25,0,0.0,1.0,,1.0,1.0,-0.0
MHb,Superior/Dorsal,LHb.6,25,200,194,25,0,0.0,1.0,,1.0,1.0,-0.0
MHb,Superior/Dorsal,LHb.7,25,200,194,25,0,0.0,1.0,,1.0,1.0,-0.0
MHb,Superior/Dorsal,MHb.1,25,200,194,25,1,2.8771588946459414,0.3030049027869066,TAC1,0.5827017361286666,0.5397036568877229,0.23455368795073456
MHb,Superior/Dorsal,MHb.2,25,200,194,25,4,13.363408521303258,0.00040770000068796806,CHRNA3;GABBR2;PDE2A;SLC5A7,0.003397500005733067,0.0015384905686338416,2.4688405338626236
MHb,Superior/Dorsal,MHb.3,25,200,194,25,0,0.0,1.0,,1.0,1.0,-0.0
MHb,Ventral,LHb.1,25,500,105,25,2,11.32714225411566,0.0158990886695232,CADPS;SPARCL1,0.04676202549859764,0.038426800409723745,1.3301066856237032
MHb,Ventral,LHb.2,25,500,105,25,0,0.0,1.0,,1.0,1.0,-0.0
MHb,Ventral,LHb.3,25,500,105,25,0,0.0,1.0,,1.0,1.0,-0.0
MHb,Ventral,LHb.4,25,500,105,25,1,5.375,0.17694047587995293,EDIL3,0.3402701459229864,0.33306442518579377,0.46817615266635376
MHb,Ventral,LHb.5,25,500,105,25,1,5.375,0.17694047587995293,PLPP3,0.3402701459229864,0.33306442518579377,0.46817615266635376
MHb,Ventral,LHb.6,25,500,105,25,0,0.0,1.0,,1.0,1.0,-0.0
MHb,Ventral,LHb.7,25,500,105,25,3,17.93850267379679,0.0009196110486976734,CDH18;HTR2C;PLCB1,0.005747569054360458,0.0030526507840586666,2.2405158021817733
MHb,Ventral,MHb.1,25,500,105,25,1,5.375,0.17694047587995293,CALB2,0.3402701459229864,0.33306442518579377,0.46817615266635376
MHb,Ventral,MHb.2,25,500,105,25,0,0.0,1.0,,1.0,1.0,-0.0
MHb,Ventral,MHb.3,25,500,105,25,0,0.0,1.0,,1.0,1.0,-0.0
MHb,Ventral/Dorsal,LHb.1,25,500,471,25,0,0.0,1.0,,1.0,1.0,-0.0
MHb,Ventral/Dorsal,LHb.2,25,500,471,25,0,0.0,1.0,,1.0,1.0,-0.0
MHb,Ventral/Dorsal,LHb.3,25,500,471,25,0,0.0,1.0,,1.0,1.0,-0.0
MHb,Ventral/Dorsal,LHb.4,25,500,471,25,0,0.0,1.0,,1.0,1.0,-0.0
MHb,Ventral/Dorsal,LHb.5,25,500,471,25,0,0.0,1.0,,1.0,1.0,-0.0
MHb,Ventral/Dorsal,LHb.6,25,500,471,25,0,0.0,1.0,,1.0,1.0,-0.0
MHb,Ventral/Dorsal,LHb.7,25,500,471,25,0,0.0,1.0,,1.0,1.0,-0.0
MHb,Ventral/Dorsal,MHb.1,25,500,471,25,0,0.0,1.0,,1.0,1.0,-0.0
MHb,Ventral/Dorsal,MHb.2,25,500,471,25,0,0.0,1.0,,1.0,1.0,-0.0
MHb,Ventral/Dorsal,MHb.3,25,500,471,25,0,0.0,1.0,,1.0,1.0,-0.0
MHb,Lateral,LHb.1,25,500,483,25,3,3.7045454545454546,0.0579732653063368,DPF3;GRIK4;NDST4,0.1260288376224713,0.12302019163148392,0.8995300692686058
MHb,Lateral,LHb.2,25,500,483,25,11,21.720338983050848,3.0029465229562647e-10,CSMD1;DPYD;ERBB4;GPM6A;KIRREL3;OPRM1;PTPRQ;SGCZ;SLC8A1;THSD7B;WLS,7.507366307390662e-09,3.2031429578200157e-09,8.124512393058984
MHb,Lateral,LHb.3,25,500,483,25,6,8.63488910956637,0.0001979465293493764,KCNH8;PLCXD3;PTPRD;RMST;SNTG1;SORCS3,0.0014139037810669741,0.0007762608994093192,2.8495801441271613
MHb,Lateral,LHb.4,25,500,483,25,5,6.821129707112971,0.0016603880139990077,ALK;CHRM3;GRM8;RMST;SNTG1,0.008301940069995038,0.0054662979884741,2.0808204060290962
MHb,Lateral,LHb.5,25,500,483,25,4,5.18580375782881,0.011141033129219451,KCNC2;PBX1;SNTB1;SOX6,0.034815728528810784,0.028751053236695356,1.4582245126603939
MHb,Lateral,LHb.6,25,500,483,25,3,3.7045454545454546,0.0579732653063368,NDST4;PLD5;THSD7B,0.1260288376224713,0.12302019163148392,0.8995300692686058
MHb,Lateral,LHb.7,25,500,483,25,9,15.481803797468354,1.0624448891856908e-07,CCDC85A;COL25A1;GRM3;KCNH7;NLGN1;PRKCA;RUNX1T1;SGCZ;SLC2A13,1.7707414819761513e-06,7.869962142116228e-07,5.751844838666748
MHb,Lateral,MHb.1,25,500,483,25,4,5.18580375782881,0.011141033129219451,PDE11A;RIMS1;SOX5;SYT6,0.034815728528810784,0.028751053236695356,1.4582245126603939
MHb,Lateral,MHb.2,25,500,483,25,6,8.63488910956637,0.0001979465293493764,EPHA6;KCTD8;PLD5;SOX6;SYT9;VAV2,0.0014139037810669741,0.0007762608994093192,2.8495801441271613
MHb,Lateral,MHb.3,25,500,483,25,1,1.1270746887966805,0.5969020122152712,NXPH1,0.9627451809923728,0.9531369456531277,0.016488646554785828
MHb,Dorsal,LHb.1,25,500,481,25,2,2.3674321503131526,0.2222060077167927,EBF1;SEMA3E,0.3967964423514155,0.4163110214834524,0.40143223035373415
MHb,Dorsal,LHb.2,25,500,481,25,6,8.672576177285318,0.000193527795236219,CSMD1;FOXP2;SGCZ;SLC8A1;SPHKAP;THSD7B,0.0014139037810669741,0.0007664467138068079,2.8495801441271613
MHb,Dorsal,LHb.3,25,500,481,25,4,5.208345812119397,0.010984366854928415,KCNH8;PTPRD;SNTG1;TMEFF2,0.034815728528810784,0.028530822999814066,1.4582245126603939
MHb,Dorsal,LHb.4,25,500,481,25,3,3.720616203879802,0.057392216751726746,BTBD11;CDH10;SNTG1,0.1260288376224713,0.12243672907035039,0.8995300692686058
MHb,Dorsal,LHb.5,25,500,481,25,4,5.208345812119397,0.010984366854928415,IL1RAPL2;PBX1;SOX6;TRHDE,0.034815728528810784,0.028530822999814066,1.4582245126603939
MHb,Dorsal,LHb.6,25,500,481,25,4,5.208345812119397,0.010984366854928415,BCL11A;MARCH4;PLD5;THSD7B,0.034815728528810784,0.028530822999814066,1.4582245126603939
MHb,Dorsal,LHb.7,25,500,481,25,5,6.850840336134453,0.0016302123368970598,COL25A1;NLGN1;PBX3;PRKD1;SGCZ,0.008301940069995038,0.0053891316922216855,2.0808204060290962
MHb,Dorsal,MHb.1,25,500,481,25,3,3.720616203879802,0.057392216751726746,BCL11A;RIMS1;SOX5,0.1260288376224713,0.12243672907035039,0.8995300692686058
MHb,Dorsal,MHb.2,25,500,481,25,14,35.573681136850304,1.3116764745445533e-14,ANO3;ASIC2;CPNE9;EPHA6;GABBR2;KCTD8;LCORL;MCC;PLD5;ROBO3;SOX6;SYNPR;SYT9;VAV2,6.558382372722766e-13,2.384866317353733e-13,12.183203266300007
MHb,Dorsal,MHb.3,25,500,481,25,1,1.1319444444444444,0.5953547313236377,NXPH1,0.9627451809923728,0.9525675701178203,0.016488646554785828
MHb,Superior/Dorsal,LHb.1,25,500,481,25,2,2.3674321503131526,0.2222060077167927,SEMA3D;SEMA3E,0.3967964423514155,0.4163110214834524,0.40143223035373415
MHb,Superior/Dorsal,LHb.2,25,500,481,25,4,5.208345812119397,0.010984366854928415,GPM6A;GPR151;OPRM1;WLS,0.034815728528810784,0.028530822999814066,1.4582245126603939
MHb,Superior/Dorsal,LHb.3,25,500,481,25,3,3.720616203879802,0.057392216751726746,CBLN4;LGI2;TMEM47,0.1260288376224713,0.12243672907035039,0.8995300692686058
MHb,Superior/Dorsal,LHb.4,25,500,481,25,0,0.0,1.0,,1.0,1.0,-0.0
MHb,Superior/Dorsal,LHb.5,25,500,481,25,1,1.1319444444444444,0.5953547313236377,SEMA3D,0.9627451809923728,0.9525675701178203,0.016488646554785828
MHb,Superior/Dorsal,LHb.6,25,500,481,25,0,0.0,1.0,,1.0,1.0,-0.0
MHb,Superior/Dorsal,LHb.7,25,500,481,25,0,0.0,1.0,,1.0,1.0,-0.0
MHb,Superior/Dorsal,MHb.1,25,500,481,25,3,3.720616203879802,0.057392216751726746,CCK;TAC1;TMEM158,0.1260288376224713,0.12243672907035039,0.8995300692686058
MHb,Superior/Dorsal,MHb.2,25,500,481,25,6,8.672576177285318,0.000193527795236219,CHRNA3;CHRNB3;GABBR2;PDE2A;SLC5A7;SYNPR,0.0014139037810669741,0.0007664467138068079,2.8495801441271613
MHb,Superior/Dorsal,MHb.3,25,500,481,25,0,0.0,1.0,,1.0,1.0,-0.0
MHb,Ventral,LHb.1,50,50,46,50,2,12.737689393939394,0.012462715807650225,CAMK1D;SPARCL1,0.0439421807151771,0.0319556815580775,1.357118394182293
MHb,Ventral,LHb.2,50,50,46,50,0,0.0,1.0,,1.0,1.0,-0.0
MHb,Ventral,LHb.3,50,50,46,50,0,0.0,1.0,,1.0,1.0,-0.0
MHb,Ventral,LHb.4,50,50,46,50,0,0.0,1.0,,1.0,1.0,-0.0
MHb,Ventral,LHb.5,50,50,46,50,1,6.099773242630386,0.15667450968970772,CAMK1D,0.3608945851561598,0.3157168961001667,0.4426196340237347
MHb,Ventral,LHb.6,50,50,46,50,0,0.0,1.0,,1.0,1.0,-0.0
MHb,Ventral,LHb.7,50,50,46,50,0,0.0,1.0,,1.0,1.0,-0.0
MHb,Ventral,MHb.1,50,50,46,50,1,6.099773242630386,0.15667450968970772,PTN,0.3608945851561598,0.3157168961001667,0.4426196340237347
MHb,Ventral,MHb.2,50,50,46,50,0,0.0,1.0,,1.0,1.0,-0.0
MHb,Ventral,MHb.3,50,50,46,50,0,0.0,1.0,,1.0,1.0,-0.0
MHb,Ventral/Dorsal,LHb.1,50,50,41,50,0,0.0,1.0,,1.0,1.0,-0.0
MHb,Ventral/Dorsal,LHb.2,50,50,41,50,0,0.0,1.0,,1.0,1.0,-0.0
MHb,Ventral/Dorsal,LHb.3,50,50,41,50,0,0.0,1.0,,1.0,1.0,-0.0
MHb,Ventral/Dorsal,LHb.4,50,50,41,50,0,0.0,1.0,,1.0,1.0,-0.0
MHb,Ventral/Dorsal,LHb.5,50,50,41,50,0,0.0,1.0,,1.0,1.0,-0.0
MHb,Ventral/Dorsal,LHb.6,50,50,41,50,0,0.0,1.0,,1.0,1.0,-0.0
MHb,Ventral/Dorsal,LHb.7,50,50,41,50,0,0.0,1.0,,1.0,1.0,-0.0
MHb,Ventral/Dorsal,MHb.1,50,50,41,50,0,0.0,1.0,,1.0,1.0,-0.0
MHb,Ventral/Dorsal,MHb.2,50,50,41,50,1,6.864795918367347,0.14088470165409378,NRGN,0.3608945851561598,0.28825514404929675,0.4426196340237347
MHb,Ventral/Dorsal,MHb.3,50,50,41,50,0,0.0,1.0,,1.0,1.0,-0.0
MHb,Lateral,LHb.1,50,50,49,50,0,0.0,1.0,,1.0,1.0,-0.0
MHb,Lateral,LHb.2,50,50,49,50,4,25.99033816425121,3.079934069548573e-05,COL25A1;CSMD1;ERBB4;OPCML,0.0005133223449247621,0.0001407969860365062,3.289609830486352
MHb,Lateral,LHb.3,50,50,49,50,3,18.661887141535615,0.0007737811914874862,PTPRD;SNTG1;TENM3,0.004836132446796789,0.002622987089788089,2.3155018136579733
MHb,Lateral,LHb.4,50,50,49,50,4,25.99033816425121,3.079934069548573e-05,LRRTM4;NRXN3;PTPRD;SNTG1,0.0005133223449247621,0.0001407969860365062,3.289609830486352
MHb,Lateral,LHb.5,50,50,49,50,2,11.921985815602836,0.014061497828856673,ADGRL3;ERBB4,0.0439421807151771,0.03444444456313754,1.357118394182293
MHb,Lateral,LHb.6,50,50,49,50,3,18.661887141535615,0.0007737811914874862,BRINP3;GRM5;OPCML,0.004836132446796789,0.002622987089788089,2.3155018136579733
MHb,Lateral,LHb.7,50,50,49,50,3,18.661887141535615,0.0007737811914874862,COL25A1;NLGN1;SLC2A13,0.004836132446796789,0.002622987089788089,2.3155018136579733
MHb,Lateral,MHb.1,50,50,49,50,2,11.921985815602836,0.014061497828856673,PDE11A;RIMS1,0.0439421807151771,0.03444444456313754,1.357118394182293
MHb,Lateral,MHb.2,50,50,49,50,1,5.717261904761905,0.16601150917183352,BRINP3,0.3608945851561598,0.3195127022315522,0.4426196340237347
MHb,Lateral,MHb.3,50,50,49,50,0,0.0,1.0,,1.0,1.0,-0.0
MHb,Dorsal,LHb.1,50,50,48,50,1,5.839339991315676,0.16291048853218085,LHFPL3,0.3608945851561598,0.3190191945297187,0.4426196340237347
MHb,Dorsal,LHb.2,50,50,48,50,2,12.182065217391305,0.013519142047739546,LRRC7;OPCML,0.0439421807151771,0.03411770863782851,1.357118394182293
MHb,Dorsal,LHb.3,50,50,48,50,3,19.078014184397162,0.0007282925067451193,LRRC4C;PTPRD;TMEFF2,0.004836132446796789,0.00255541230436884,2.3155018136579733
MHb,Dorsal,LHb.4,50,50,48,50,1,5.839339991315676,0.16291048853218085,PTPRD,0.3608945851561598,0.3190191945297187,0.4426196340237347
MHb,Dorsal,LHb.5,50,50,48,50,2,12.182065217391305,0.013519142047739546,PBX1;RALYL,0.0439421807151771,0.03411770863782851,1.357118394182293
MHb,Dorsal,LHb.6,50,50,48,50,2,12.182065217391305,0.013519142047739546,OPCML;ROBO1,0.0439421807151771,0.03411770863782851,1.357118394182293
MHb,Dorsal,LHb.7,50,50,48,50,2,12.182065217391305,0.013519142047739546,CPNE4;CTNNA2,0.0439421807151771,0.03411770863782851,1.357118394182293
MHb,Dorsal,MHb.1,50,50,48,50,0,0.0,1.0,,1.0,1.0,-0.0
MHb,Dorsal,MHb.2,50,50,48,50,7,53.41917186613727,3.95932576837809e-10,ASIC2;EPHA6;GABBR2;KCNIP1;KCNMA1;KCTD8;SYT9,1.979662884189045e-08,4.167711335134832e-09,7.703408759234219
MHb,Dorsal,MHb.3,50,50,48,50,0,0.0,1.0,,1.0,1.0,-0.0
MHb,Superior/Dorsal,LHb.1,50,50,49,50,0,0.0,1.0,,1.0,1.0,-0.0
MHb,Superior/Dorsal,LHb.2,50,50,49,50,2,11.921985815602836,0.014061497828856673,GPM6A;GPR151,0.0439421807151771,0.03444444456313754,1.357118394182293
MHb,Superior/Dorsal,LHb.3,50,50,49,50,0,0.0,1.0,,1.0,1.0,-0.0
MHb,Superior/Dorsal,LHb.4,50,50,49,50,0,0.0,1.0,,1.0,1.0,-0.0
MHb,Superior/Dorsal,LHb.5,50,50,49,50,0,0.0,1.0,,1.0,1.0,-0.0
MHb,Superior/Dorsal,LHb.6,50,50,49,50,0,0.0,1.0,,1.0,1.0,-0.0
MHb,Superior/Dorsal,LHb.7,50,50,49,50,0,0.0,1.0,,1.0,1.0,-0.0
MHb,Superior/Dorsal,MHb.1,50,50,49,50,0,0.0,1.0,,1.0,1.0,-0.0
MHb,Superior/Dorsal,MHb.2,50,50,49,50,3,18.661887141535615,0.0007737811914874862,CHRNA3;SLC17A7;TSPAN13,0.004836132446796789,0.002622987089788089,2.3155018136579733
MHb,Superior/Dorsal,MHb.3,50,50,49,50,1,5.717261904761905,0.16601150917183352,CHST2,0.3608945851561598,0.3195127022315522,0.4426196340237347
MHb,Ventral,LHb.1,50,100,94,50,5,16.736579275905118,2.3937344070258702e-05,CADPS;CAMK1D;MAST4;PLPP3;SPARCL1,0.00020920701904652154,0.00011748389727734333,3.6794237486669283
MHb,Ventral,LHb.2,50,100,94,50,0,0.0,1.0,,1.0,1.0,-0.0
MHb,Ventral,LHb.3,50,100,94,50,0,0.0,1.0,,1.0,1.0,-0.0
MHb,Ventral,LHb.4,50,100,94,50,1,2.9409699363616415,0.29449026517284554,EDIL3,0.5445056208405478,0.5391126135887333,0.26399763273569204
MHb,Ventral,LHb.5,50,100,94,50,2,6.070199275362318,0.047072286237789175,CAMK1D;PLPP3,0.11526207372853992,0.10790208879722446,0.9383135711093374
MHb,Ventral,LHb.6,50,100,94,50,0,0.0,1.0,,1.0,1.0,-0.0
MHb,Ventral,LHb.7,50,100,94,50,3,9.401917231704466,0.005011414417784271,CDH18;HTR2C;PLCB1,0.01758749509445227,0.01541973667010545,1.7547960106916745
MHb,Ventral,MHb.1,50,100,94,50,2,6.070199275362318,0.047072286237789175,CALB2;PTN,0.11526207372853992,0.10790208879722446,0.9383135711093374
MHb,Ventral,MHb.2,50,100,94,50,0,0.0,1.0,,1.0,1.0,-0.0
MHb,Ventral,MHb.3,50,100,94,50,0,0.0,1.0,,1.0,1.0,-0.0
MHb,Ventral/Dorsal,LHb.1,50,100,83,50,0,0.0,1.0,,1.0,1.0,-0.0
MHb,Ventral/Dorsal,LHb.2,50,100,83,50,0,0.0,1.0,,1.0,1.0,-0.0
MHb,Ventral/Dorsal,LHb.3,50,100,83,50,0,0.0,1.0,,1.0,1.0,-0.0
MHb,Ventral/Dorsal,LHb.4,50,100,83,50,0,0.0,1.0,,1.0,1.0,-0.0
MHb,Ventral/Dorsal,LHb.5,50,100,83,50,0,0.0,1.0,,1.0,1.0,-0.0
MHb,Ventral/Dorsal,LHb.6,50,100,83,50,0,0.0,1.0,,1.0,1.0,-0.0
MHb,Ventral/Dorsal,LHb.7,50,100,83,50,0,0.0,1.0,,1.0,1.0,-0.0
MHb,Ventral/Dorsal,MHb.1,50,100,83,50,0,0.0,1.0,,1.0,1.0,-0.0
MHb,Ventral/Dorsal,MHb.2,50,100,83,50,1,3.3382279741164758,0.2650021224759139,NRGN,0.5445056208405478,0.49188328997849456,0.26399763273569204
MHb,Ventral/Dorsal,MHb.3,50,100,83,50,0,0.0,1.0,,1.0,1.0,-0.0
MHb,Lateral,LHb.1,50,100,98,50,1,2.8188512518409428,0.3049231476707068,CNTN4,0.5445056208405478,0.5397036568877229,0.26399763273569204
MHb,Lateral,LHb.2,50,100,98,50,6,19.86610671936759,1.5103341160450063e-06,COL25A1;CSMD1;ERBB4;KIRREL3;OPCML;THSD7B,1.887917645056258e-05,9.084716487488759e-06,4.724016954464705
MHb,Lateral,LHb.3,50,100,98,50,3,9.003359462486003,0.005627998430224727,PTPRD;SNTG1;TENM3,0.01758749509445227,0.015853516704858385,1.7547960106916745
MHb,Lateral,LHb.4,50,100,98,50,6,19.86610671936759,1.5103341160450063e-06,CHRM3;GRM8;LRRTM4;NRXN3;PTPRD;SNTG1,1.887917645056258e-05,9.084716487488759e-06,4.724016954464705
MHb,Lateral,LHb.5,50,100,98,50,3,9.003359462486003,0.005627998430224727,ADGRL3;CNTN4;ERBB4,0.01758749509445227,0.015853516704858385,1.7547960106916745
MHb,Lateral,LHb.6,50,100,98,50,5,16.01194743130227,2.928898266651302e-05,BRINP3;GRM5;OPCML;ROBO1;THSD7B,0.00020920701904652154,0.0001362278263558745,3.6794237486669283
MHb,Lateral,LHb.7,50,100,98,50,7,23.978533094812164,6.471691363126012e-08,COL25A1;CPNE4;GRM3;KCNH7;KLHL29;NLGN1;SLC2A13,1.617922840781503e-06,4.930812467143627e-07,5.7910421938621
MHb,Lateral,MHb.1,50,100,98,50,3,9.003359462486003,0.005627998430224727,PDE11A;RIMS1;SYT6,0.01758749509445227,0.015853516704858385,1.7547960106916745
MHb,Lateral,MHb.2,50,100,98,50,3,9.003359462486003,0.005627998430224727,BRINP3;EPHA6;KCTD8,0.01758749509445227,0.015853516704858385,1.7547960106916745
MHb,Lateral,MHb.3,50,100,98,50,0,0.0,1.0,,1.0,1.0,-0.0
MHb,Dorsal,LHb.1,50,100,98,50,2,5.815538194444445,0.05071531244055756,EBF1;LHFPL3,0.11526207372853992,0.1108531419465739,0.9383135711093374
MHb,Dorsal,LHb.2,50,100,98,50,3,9.003359462486003,0.005627998430224727,LRRC7;OPCML;SGCZ,0.01758749509445227,0.015853516704858385,1.7547960106916745
MHb,Dorsal,LHb.3,50,100,98,50,4,12.396854764107308,0.0004597809436671746,LRRC4C;NEDD4L;PTPRD;TMEFF2,0.0025543385759287476,0.0016872695180446772,2.5927215378040085
MHb,Dorsal,LHb.4,50,100,98,50,2,5.815538194444445,0.05071531244055756,NEDD4L;PTPRD,0.11526207372853992,0.1108531419465739,0.9383135711093374
MHb,Dorsal,LHb.5,50,100,98,50,2,5.815538194444445,0.05071531244055756,PBX1;RALYL,0.11526207372853992,0.1108531419465739,0.9383135711093374
MHb,Dorsal,LHb.6,50,100,98,50,3,9.003359462486003,0.005627998430224727,OPCML;PLD5;ROBO1,0.01758749509445227,0.015853516704858385,1.7547960106916745
MHb,Dorsal,LHb.7,50,100,98,50,5,16.01194743130227,2.928898266651302e-05,CPNE4;CTNNA2;PRKD1;SGCZ;THSD7A,0.00020920701904652154,0.0001362278263558745,3.6794237486669283
MHb,Dorsal,MHb.1,50,100,98,50,0,0.0,1.0,,1.0,1.0,-0.0
MHb,Dorsal,MHb.2,50,100,98,50,11,43.468317123489534,4.7307088867517686e-14,ANO3;ASIC2;EPHA6;GABBR2;KCNIP1;KCNMA1;KCTD8;LCORL;PLD5;ROBO3;SYT9,2.3653544433758843e-12,8.14821656160081e-13,11.62610377193739
MHb,Dorsal,MHb.3,50,100,98,50,0,0.0,1.0,,1.0,1.0,-0.0
MHb,Superior/Dorsal,LHb.1,50,100,97,50,0,0.0,1.0,,1.0,1.0,-0.0
MHb,Superior/Dorsal,LHb.2,50,100,97,50,2,5.87719298245614,0.04979516317504059,GPM6A;GPR151,0.11526207372853992,0.11007187146270178,0.9383135711093374
MHb,Superior/Dorsal,LHb.3,50,100,97,50,0,0.0,1.0,,1.0,1.0,-0.0
MHb,Superior/Dorsal,LHb.4,50,100,97,50,0,0.0,1.0,,1.0,1.0,-0.0
MHb,Superior/Dorsal,LHb.5,50,100,97,50,0,0.0,1.0,,1.0,1.0,-0.0
MHb,Superior/Dorsal,LHb.6,50,100,97,50,1,2.848426870748299,0.30232919016835813,AMIGO2,0.5445056208405478,0.5397036568877229,0.26399763273569204
MHb,Superior/Dorsal,LHb.7,50,100,97,50,0,0.0,1.0,,1.0,1.0,-0.0
MHb,Superior/Dorsal,MHb.1,50,100,97,50,1,2.848426870748299,0.30232919016835813,NPTX1,0.5445056208405478,0.5397036568877229,0.26399763273569204
MHb,Superior/Dorsal,MHb.2,50,100,97,50,4,12.531089294062646,0.0004422098432181683,CHRNA3;SLC17A7;SLC5A7;TSPAN13,0.0025543385759287476,0.0016454319747652775,2.5927215378040085
MHb,Superior/Dorsal,MHb.3,50,100,97,50,1,2.848426870748299,0.30232919016835813,CHST2,0.5445056208405478,0.5397036568877229,0.26399763273569204
MHb,Ventral,LHb.1,50,200,105,50,6,18.451790633608816,2.2644734222067955e-06,CADPS;CAMK1D;MAST4;PLPP3;RAB3C;SPARCL1,2.2644734222067952e-05,1.3032940559463572e-05,4.645032772201897
MHb,Ventral,LHb.2,50,200,105,50,0,0.0,1.0,,1.0,1.0,-0.0
MHb,Ventral,LHb.3,50,200,105,50,0,0.0,1.0,,1.0,1.0,-0.0
MHb,Ventral,LHb.4,50,200,105,50,1,2.6277472527472527,0.32281806956840176,EDIL3,0.5764608385150031,0.5626458728861033,0.23923019087496267
MHb,Ventral,LHb.5,50,200,105,50,2,5.41747572815534,0.05732593793029486,CAMK1D;PLPP3,0.12462160419629317,0.12243672907035039,0.9044066625732017
MHb,Ventral,LHb.6,50,200,105,50,0,0.0,1.0,,1.0,1.0,-0.0
MHb,Ventral,LHb.7,50,200,105,50,3,8.3811013767209,0.006812650040965683,CDH18;HTR2C;PLCB1,0.017928026423593903,0.018728934820524214,1.746467516378586
MHb,Ventral,MHb.1,50,200,105,50,2,5.41747572815534,0.05732593793029486,CALB2;PTN,0.12462160419629317,0.12243672907035039,0.9044066625732017
MHb,Ventral,MHb.2,50,200,105,50,0,0.0,1.0,,1.0,1.0,-0.0
MHb,Ventral,MHb.3,50,200,105,50,0,0.0,1.0,,1.0,1.0,-0.0
MHb,Ventral/Dorsal,LHb.1,50,200,181,50,0,0.0,1.0,,1.0,1.0,-0.0
MHb,Ventral/Dorsal,LHb.2,50,200,181,50,0,0.0,1.0,,1.0,1.0,-0.0
MHb,Ventral/Dorsal,LHb.3,50,200,181,50,0,0.0,1.0,,1.0,1.0,-0.0
MHb,Ventral/Dorsal,LHb.4,50,200,181,50,0,0.0,1.0,,1.0,1.0,-0.0
MHb,Ventral/Dorsal,LHb.5,50,200,181,50,0,0.0,1.0,,1.0,1.0,-0.0
MHb,Ventral/Dorsal,LHb.6,50,200,181,50,0,0.0,1.0,,1.0,1.0,-0.0
MHb,Ventral/Dorsal,LHb.7,50,200,181,50,0,0.0,1.0,,1.0,1.0,-0.0
MHb,Ventral/Dorsal,MHb.1,50,200,181,50,0,0.0,1.0,,1.0,1.0,-0.0
MHb,Ventral/Dorsal,MHb.2,50,200,181,50,2,3.0996275605214154,0.14381554667065324,NRGN;TSPAN13,0.29723958623672525,0.2935011156543944,0.5268933519124678
MHb,Ventral/Dorsal,MHb.3,50,200,181,50,0,0.0,1.0,,1.0,1.0,-0.0
MHb,Lateral,LHb.1,50,200,193,50,1,1.4140093537414966,0.5126998172304013,CNTN4,0.7795827851007221,0.8487004340890337,0.10813775962407915
MHb,Lateral,LHb.2,50,200,193,50,11,20.631586362355595,8.503328705499976e-11,COL25A1;CSMD1;ERBB4;KIRREL3;OPCML;OPRM1;PCDH15;PTPRQ;SLC8A1;THSD7B;WLS,1.4172214509166628e-09,1.0153228305074598e-09,8.848562282852948
MHb,Lateral,LHb.3,50,200,193,50,4,6.121923165401427,0.005519036525305025,LRRC4C;PTPRD;SNTG1;TENM3,0.0156113599008128,0.015853516704858385,1.8065592640295232
MHb,Lateral,LHb.4,50,200,193,50,6,9.704423918327661,7.304550977846921e-05,CHRM3;GRM8;LRRTM4;NRXN3;PTPRD;SNTG1,0.00036522754889234605,0.00031918534246092847,3.4374364713330126
MHb,Lateral,LHb.5,50,200,193,50,3,4.46976483762598,0.03422669985641626,ADGRL3;CNTN4;ERBB4,0.08149214251527681,0.08006245580448247,1.0888842639810872
MHb,Lateral,LHb.6,50,200,193,50,7,11.648287071767943,6.362132384424075e-06,BRINP3;GRM5;OPCML;PTPRZ1;ROBO1;RSPO3;THSD7B,4.7013427738042555e-05,3.51014200519949e-05,4.327778083348069
MHb,Lateral,LHb.7,50,200,193,50,11,20.631586362355595,8.503328705499976e-11,CNTN1;COL25A1;CPNE4;CTNNA2;GRID1;GRM3;KCNH7;KLHL29;NLGN1;PTPRQ;SLC2A13,1.4172214509166628e-09,1.0153228305074598e-09,8.848562282852948
MHb,Lateral,MHb.1,50,200,193,50,5,7.864657210401892,0.0007024230887571596,PDE11A;RIMS1;ROR2;SOX5;SYT6,0.0027016272644506136,0.0024754998722719282,2.568374569510376
MHb,Lateral,MHb.2,50,200,193,50,4,6.121923165401427,0.005519036525305025,BRINP3;EPHA6;KCNMA1;KCTD8,0.0156113599008128,0.015853516704858385,1.8065592640295232
MHb,Lateral,MHb.3,50,200,193,50,0,0.0,1.0,,1.0,1.0,-0.0
MHb,Dorsal,LHb.1,50,200,193,50,4,6.121923165401427,0.005519036525305025,EBF1;FSTL5;LHFPL3;SEMA3E,0.0156113599008128,0.015853516704858385,1.8065592640295232
MHb,Dorsal,LHb.2,50,200,193,50,5,7.864657210401892,0.0007024230887571596,FOXP2;LRRC7;OPCML;PBX3;SGCZ,0.0027016272644506136,0.0024754998722719282,2.568374569510376
MHb,Dorsal,LHb.3,50,200,193,50,6,9.704423918327661,7.304550977846921e-05,INPP4B;LRRC4C;NEDD4L;PTPRD;SNTG1;TMEFF2,0.00036522754889234605,0.00031918534246092847,3.4374364713330126
MHb,Dorsal,LHb.4,50,200,193,50,6,9.704423918327661,7.304550977846921e-05,BTBD11;CDH10;NEDD4L;PTPRD;SEMA5A;SNTG1,0.00036522754889234605,0.00031918534246092847,3.4374364713330126
MHb,Dorsal,LHb.5,50,200,193,50,3,4.46976483762598,0.03422669985641626,PBX1;RALYL;SOX6,0.08149214251527681,0.08006245580448247,1.0888842639810872
MHb,Dorsal,LHb.6,50,200,193,50,5,7.864657210401892,0.0007024230887571596,GFRA1;MCC;OPCML;PLD5;ROBO1,0.0027016272644506136,0.0024754998722719282,2.568374569510376
MHb,Dorsal,LHb.7,50,200,193,50,8,13.703989703989704,4.7276826778760583e-07,CPNE4;CTNNA2;LRRC3B;NLGN1;PBX3;PRKD1;SGCZ;THSD7A,5.9096033473450724e-06,3.1782740691603755e-06,5.228441667991896
MHb,Dorsal,MHb.1,50,200,193,50,1,1.4140093537414966,0.5126998172304013,RIMS1,0.7795827851007221,0.8487004340890337,0.10813775962407915
MHb,Dorsal,MHb.2,50,200,193,50,19,46.922321097515756,7.028775359530908e-23,ANO3;ASIC2;CPNE9;EPHA6;GABBR2;GDPD5;GFRA1;KCNIP1;KCNMA1;KCTD8;LCORL;MCC;PEX5L;PLCH2;PLD5;ROBO3;SOX6;SYNPR;SYT9,3.514387679765454e-21,3.1378642496437276e-21,20.454150332227158
MHb,Dorsal,MHb.3,50,200,193,50,1,1.4140093537414966,0.5126998172304013,NXPH1,0.7795827851007221,0.8487004340890337,0.10813775962407915
MHb,Superior/Dorsal,LHb.1,50,200,194,50,1,1.4065771386274717,0.5145246381664766,SEMA3E,0.7795827851007221,0.8487004340890337,0.10813775962407915
MHb,Superior/Dorsal,LHb.2,50,200,194,50,2,2.886935763888889,0.16050937656783165,GPM6A;GPR151,0.29723958623672525,0.3178403496392706,0.5268933519124678
MHb,Superior/Dorsal,LHb.3,50,200,194,50,2,2.886935763888889,0.16050937656783165,HS6ST2;PCSK1,0.29723958623672525,0.3178403496392706,0.5268933519124678
MHb,Superior/Dorsal,LHb.4,50,200,194,50,0,0.0,1.0,,1.0,1.0,-0.0
MHb,Superior/Dorsal,LHb.5,50,200,194,50,0,0.0,1.0,,1.0,1.0,-0.0
MHb,Superior/Dorsal,LHb.6,50,200,194,50,4,6.089244851258581,0.005620089564292607,ADCYAP1;AMIGO2;GFRA1;SSTR2,0.0156113599008128,0.015853516704858385,1.8065592640295232
MHb,Superior/Dorsal,LHb.7,50,200,194,50,4,6.089244851258581,0.005620089564292607,CBLN2;CNTN1;SV2B;THSD7A,0.0156113599008128,0.015853516704858385,1.8065592640295232
MHb,Superior/Dorsal,MHb.1,50,200,194,50,2,2.886935763888889,0.16050937656783165,NPTX1;TAC1,0.29723958623672525,0.3178403496392706,0.5268933519124678
MHb,Superior/Dorsal,MHb.2,50,200,194,50,7,11.585126228081084,6.581879883325958e-06,CHRNA3;GABBR2;GFRA1;PDE2A;SLC17A7;SLC5A7;TSPAN13,4.7013427738042555e-05,3.606509525110114e-05,4.327778083348069
MHb,Superior/Dorsal,MHb.3,50,200,194,50,1,1.4065771386274717,0.5145246381664766,CHST2,0.7795827851007221,0.8487004340890337,0.10813775962407915
MHb,Ventral,LHb.1,50,500,105,50,6,18.451790633608816,2.2644734222067955e-06,CADPS;CAMK1D;MAST4;PLPP3;RAB3C;SPARCL1,1.2580407901148864e-05,1.3032940559463572e-05,4.900305277305203
MHb,Ventral,LHb.2,50,500,105,50,0,0.0,1.0,,1.0,1.0,-0.0
MHb,Ventral,LHb.3,50,500,105,50,0,0.0,1.0,,1.0,1.0,-0.0
MHb,Ventral,LHb.4,50,500,105,50,1,2.6277472527472527,0.32281806956840176,EDIL3,0.5380301159473363,0.5626458728861033,0.26919341425240584
MHb,Ventral,LHb.5,50,500,105,50,2,5.41747572815534,0.05732593793029486,CAMK1D;PLPP3,0.11465187586058972,0.12243672907035039,0.9406188352276463
MHb,Ventral,LHb.6,50,500,105,50,0,0.0,1.0,,1.0,1.0,-0.0
MHb,Ventral,LHb.7,50,500,105,50,3,8.3811013767209,0.006812650040965683,CDH18;HTR2C;PLCB1,0.01957312039179361,0.018728934820524214,1.708339932599049
MHb,Ventral,MHb.1,50,500,105,50,2,5.41747572815534,0.05732593793029486,CALB2;PTN,0.11465187586058972,0.12243672907035039,0.9406188352276463
MHb,Ventral,MHb.2,50,500,105,50,0,0.0,1.0,,1.0,1.0,-0.0
MHb,Ventral,MHb.3,50,500,105,50,0,0.0,1.0,,1.0,1.0,-0.0
MHb,Ventral/Dorsal,LHb.1,50,500,471,50,0,0.0,1.0,,1.0,1.0,-0.0
MHb,Ventral/Dorsal,LHb.2,50,500,471,50,0,0.0,1.0,,1.0,1.0,-0.0
MHb,Ventral/Dorsal,LHb.3,50,500,471,50,0,0.0,1.0,,1.0,1.0,-0.0
MHb,Ventral/Dorsal,LHb.4,50,500,471,50,0,0.0,1.0,,1.0,1.0,-0.0
MHb,Ventral/Dorsal,LHb.5,50,500,471,50,0,0.0,1.0,,1.0,1.0,-0.0
MHb,Ventral/Dorsal,LHb.6,50,500,471,50,0,0.0,1.0,,1.0,1.0,-0.0
MHb,Ventral/Dorsal,LHb.7,50,500,471,50,0,0.0,1.0,,1.0,1.0,-0.0
MHb,Ventral/Dorsal,MHb.1,50,500,471,50,0,0.0,1.0,,1.0,1.0,-0.0
MHb,Ventral/Dorsal,MHb.2,50,500,471,50,3,1.7767321331151118,0.2515927619429316,ETV1;NRGN;TSPAN13,0.4337806240395373,0.4702668447531432,0.36272985080187164
MHb,Ventral/Dorsal,MHb.3,50,500,471,50,1,0.565566652192792,0.830154106016016,CHST2,1.0,1.0,-0.0
MHb,Lateral,LHb.1,50,500,483,50,7,4.4524623803009575,0.0018569771316356014,CNTN4;DPF3;GRIK4;KCNJ3;NDST4;SCN1A;UTRN,0.005803053536361254,0.006088449611920004,2.236343422811478
MHb,Lateral,LHb.2,50,500,483,50,20,18.764578833693303,1.3114721237054233e-16,COL25A1;CSMD1;DPYD;ERBB4;GPM6A;KIRREL3;LRRC7;NELL2;OPCML;OPRM1;PCDH15;PLCE1;PPP1R9A;PRICKLE2;PTPRQ;RGS17;SGCZ;SLC8A1;THSD7B;WLS,3.2786803092635583e-15,2.9976505684695392e-15,14.484300927548809
MHb,Lateral,LHb.3,50,500,483,50,12,8.732148843446195,1.3033312824828433e-07,FRMD3;INPP4B;KCNH8;LRRC4C;PLCL2;PLCXD3;PTPRD;RMST;SDK1;SNTG1;SORCS3;TENM3,1.086109402069036e-06,9.478772963511587e-07,5.964126426752816
MHb,Lateral,LHb.4,50,500,483,50,11,7.782105606258149,1.121226924503615e-06,ALK;CHRM3;FRAS1;GABRB1;GRM8;LRRTM4;NRXN3;PTPRD;RMST;SCN9A;SNTG1,7.007668278147594e-06,7.0628467685267094e-06,5.154426464542569
MHb,Lateral,LHb.5,50,500,483,50,9,6.030101883297314,5.8895678810152e-05,ADGRL3;CNTN4;ERBB4;KCNC2;PBX1;RALYL;RMST;SNTB1;SOX6,0.0002265218415775077,0.0002632209108833609,3.644889916303417
MHb,Lateral,LHb.6,50,500,483,50,11,7.782105606258149,1.121226924503615e-06,BRINP3;GFRA1;GRM5;MTSS1;NDST4;OPCML;PLD5;PTPRZ1;ROBO1;RSPO3;THSD7B,7.007668278147594e-06,7.0628467685267094e-06,5.154426464542569
MHb,Lateral,LHb.7,50,500,483,50,17,14.40323839250878,6.125200359193526e-13,CCDC85A;CNTN1;COL25A1;CPNE4;CTNNA2;GRID1;GRM3;KCNH7;KLHL29;NLGN1;PCDH11X;PRKCA;PTPRQ;RUNX1T1;RYR3;SGCZ;SLC2A13,1.0208667265322544e-11,9.029859890152836e-12,10.991030951066424
MHb,Lateral,MHb.1,50,500,483,50,9,6.030101883297314,5.8895678810152e-05,CABLES1;GPR139;MYO1B;NFIB;PDE11A;RIMS1;ROR2;SOX5;SYT6,0.0002265218415775077,0.0002632209108833609,3.644889916303417
MHb,Lateral,MHb.2,50,500,483,50,10,6.882663847780127,8.623790824871738e-06,BRINP3;EPHA6;GFRA1;KCNIP1;KCNMA1;KCTD8;PLD5;SOX6;SYT9;VAV2,4.3118954124358686e-05,4.538837276248283e-05,4.365331781762143
MHb,Lateral,MHb.3,50,500,483,50,2,1.1273388773388773,0.5367548841295257,NFIB;NXPH1,0.7667926916136081,0.8720426074095784,0.11532203508323872
MHb,Dorsal,LHb.1,50,500,481,50,5,3.0389822595704947,0.031587752428963355,EBF1;FSTL5;LHFPL3;RAP1GAP2;SEMA3E,0.06866902701948555,0.07432412336226672,1.1632391061380805
MHb,Dorsal,LHb.2,50,500,481,50,14,10.848917439923865,1.2192693904178152e-09,COL25A1;CSMD1;FOXP2;HTR4;LRRC7;OPCML;PBX3;PRICKLE2;RGS7;SGCZ;SHROOM3;SLC8A1;SPHKAP;THSD7B,1.2192693904178151e-08,1.1612089432550621e-08,7.913900328962153
MHb,Dorsal,LHb.3,50,500,481,50,8,5.24393436021343,0.00034447271546968157,HS6ST2;INPP4B;KCNH8;LRRC4C;NEDD4L;PTPRD;SNTG1;TMEFF2,0.0011482423848989385,0.0013185558486877764,2.939966426125442
MHb,Dorsal,LHb.4,50,500,481,50,6,3.737799043062201,0.008220710564553316,BTBD11;CDH10;NEDD4L;PTPRD;SEMA5A;SNTG1,0.01957312039179361,0.02184906462339752,1.708339932599049
MHb,Dorsal,LHb.5,50,500,481,50,6,3.737799043062201,0.008220710564553316,IL1RAPL2;LMO3;PBX1;RALYL;SOX6;TRHDE,0.01957312039179361,0.02184906462339752,1.708339932599049
MHb,Dorsal,LHb.6,50,500,481,50,8,5.24393436021343,0.00034447271546968157,BCL11A;GFRA1;MARCH4;MCC;OPCML;PLD5;ROBO1;THSD7B,0.0011482423848989385,0.0013185558486877764,2.939966426125442
MHb,Dorsal,LHb.7,50,500,481,50,14,10.848917439923865,1.2192693904178152e-09,CNTN1;COL25A1;CPNE4;CTNNA2;KLHL29;LRRC3B;MAPK4;NLGN1;PBX3;PRKD1;RYR3;SGCZ;SV2B;THSD7A,1.2192693904178151e-08,1.1612089432550621e-08,7.913900328962153
MHb,Dorsal,MHb.1,50,500,481,50,4,2.3731656184486374,0.1009104026050535,BCL11A;NFIB;RIMS1;SOX5,0.1801971475090241,0.2086003154626429,0.7442520881122034
MHb,Dorsal,MHb.2,50,500,481,50,23,24.248018761119198,1.2052110410411104e-20,ANO3;ASIC2;CHAT;CPNE9;EPHA6;ETV1;GABBR2;GDPD5;GFRA1;KCNIP1;KCNMA1;KCTD8;LCORL;MCC;PEX5L;PLCH2;PLD5;ROBO3;SHROOM3;SOX6;SYNPR;SYT9;VAV2,6.026055205205552e-19,3.8566753313315534e-19,18.219966894035657
MHb,Dorsal,MHb.3,50,500,481,50,2,1.1322199025748085,0.5344908606022097,NFIB;NXPH1,0.7667926916136081,0.8708608726716248,0.11532203508323872
MHb,Superior/Dorsal,LHb.1,50,500,481,50,2,1.1322199025748085,0.5344908606022097,SEMA3D;SEMA3E,0.7667926916136081,0.8708608726716248,0.11532203508323872
MHb,Superior/Dorsal,LHb.2,50,500,481,50,6,3.737799043062201,0.008220710564553316,GPM6A;GPR151;KCNMB4;LRRN3;OPRM1;WLS,0.01957312039179361,0.02184906462339752,1.708339932599049
MHb,Superior/Dorsal,LHb.3,50,500,481,50,5,3.0389822595704947,0.031587752428963355,CBLN4;HS6ST2;LGI2;PCSK1;TMEM47,0.06866902701948555,0.07432412336226672,1.1632391061380805
MHb,Superior/Dorsal,LHb.4,50,500,481,50,2,1.1322199025748085,0.5344908606022097,CBLN1;SCN9A,0.7667926916136081,0.8708608726716248,0.11532203508323872
MHb,Superior/Dorsal,LHb.5,50,500,481,50,1,0.5533588435374149,0.8365411722848446,SEMA3D,1.0,1.0,-0.0
MHb,Superior/Dorsal,LHb.6,50,500,481,50,4,2.3731656184486374,0.1009104026050535,ADCYAP1;AMIGO2;GFRA1;SSTR2,0.1801971475090241,0.2086003154626429,0.7442520881122034
MHb,Superior/Dorsal,LHb.7,50,500,481,50,4,2.3731656184486374,0.1009104026050535,CBLN2;CNTN1;SV2B;THSD7A,0.1801971475090241,0.2086003154626429,0.7442520881122034
MHb,Superior/Dorsal,MHb.1,50,500,481,50,6,3.737799043062201,0.008220710564553316,CCK;CNR1;GPR139;NPTX1;TAC1;TMEM158,0.01957312039179361,0.02184906462339752,1.708339932599049
MHb,Superior/Dorsal,MHb.2,50,500,481,50,9,6.056583298883837,5.7034839506283605e-05,CHRNA3;CHRNB3;GABBR2;GFRA1;PDE2A;SLC17A7;SLC5A7;SYNPR;TSPAN13,0.0002265218415775077,0.00025778458533913496,3.644889916303417
MHb,Superior/Dorsal,MHb.3,50,500,481,50,2,1.1322199025748085,0.5344908606022097,CHST2;UMODL1,0.7667926916136081,0.8708608726716248,0.11532203508323872
MHb,Ventral,LHb.1,100,50,46,100,3,9.639415008391273,0.00470924626585097,CAMK1D;PDE4B;SPARCL1,0.0175789193736835,0.014545934411894888,1.7550078257622965
MHb,Ventral,LHb.2,100,50,46,99,0,0.0,1.0,,1.0,1.0,-0.0
MHb,Ventral,LHb.3,100,50,46,100,1,3.0078563411896746,0.28925257984087666,SLC1A2,0.4764571345961929,0.5307386786071131,0.32197616542593765
MHb,Ventral,LHb.4,100,50,46,100,0,0.0,1.0,,1.0,1.0,-0.0
MHb,Ventral,LHb.5,100,50,46,100,1,3.0078563411896746,0.28925257984087666,CAMK1D,0.4764571345961929,0.5307386786071131,0.32197616542593765
MHb,Ventral,LHb.6,100,50,46,100,0,0.0,1.0,,1.0,1.0,-0.0
MHb,Ventral,LHb.7,100,50,46,100,0,0.0,1.0,,1.0,1.0,-0.0
MHb,Ventral,MHb.1,100,50,46,100,2,6.215677179962894,0.04526465948774497,FTH1;PTN,0.1102373929744477,0.10435656366050712,0.9576710660296954
MHb,Ventral,MHb.2,100,50,46,100,0,0.0,1.0,,1.0,1.0,-0.0
MHb,Ventral,MHb.3,100,50,46,100,0,0.0,1.0,,1.0,1.0,-0.0
MHb,Ventral/Dorsal,LHb.1,100,50,41,100,0,0.0,1.0,,1.0,1.0,-0.0
MHb,Ventral/Dorsal,LHb.2,100,50,41,99,0,0.0,1.0,,1.0,1.0,-0.0
MHb,Ventral/Dorsal,LHb.3,100,50,41,100,0,0.0,1.0,,1.0,1.0,-0.0
MHb,Ventral/Dorsal,LHb.4,100,50,41,100,0,0.0,1.0,,1.0,1.0,-0.0
MHb,Ventral/Dorsal,LHb.5,100,50,41,100,0,0.0,1.0,,1.0,1.0,-0.0
MHb,Ventral/Dorsal,LHb.6,100,50,41,100,0,0.0,1.0,,1.0,1.0,-0.0
MHb,Ventral/Dorsal,LHb.7,100,50,41,100,0,0.0,1.0,,1.0,1.0,-0.0
MHb,Ventral/Dorsal,MHb.1,100,50,41,100,2,7.015175300889586,0.03671890025234181,HSPA8;PCSK1N,0.10799676544806415,0.08539279128451585,0.9665892516342853
MHb,Ventral/Dorsal,MHb.2,100,50,41,100,1,3.38510101010101,0.26233743832520096,NRGN,0.4764571345961929,0.4880696526980483,0.32197616542593765
MHb,Ventral/Dorsal,MHb.3,100,50,41,100,1,3.38510101010101,0.26233743832520096,NRGN,0.4764571345961929,0.4880696526980483,0.32197616542593765
MHb,Lateral,LHb.1,100,50,49,100,1,2.819234006734007,0.30493256614156344,KCNIP4,0.4764571345961929,0.5397036568877229,0.32197616542593765
MHb,Lateral,LHb.2,100,50,49,99,8,28.74296435272045,2.153532779518962e-09,COL25A1;CSMD1;CSMD3;ERBB4;GALNT13;NCAM2;OPCML;PRKG1,5.383831948797405e-08,1.9142513595724107e-08,7.268908504662424
MHb,Lateral,LHb.3,100,50,49,100,6,19.894111825828798,1.5057097910088581e-06,GRIA1;LRRTM4;MGAT4C;PTPRD;SNTG1;TENM3,1.2547581591740484e-05,9.084716487488759e-06,4.901439971599087
MHb,Lateral,LHb.4,100,50,49,100,5,16.029904306220097,2.9232112686978195e-05,GRM5;LRRTM4;NRXN3;PTPRD;SNTG1,0.0001827007042936137,0.0001362278263558745,3.7382597784808476
MHb,Lateral,LHb.5,100,50,49,100,6,19.894111825828798,1.5057097910088581e-06,ADGRL3;DLG2;DMD;ERBB4;KCNIP4;TENM3,1.2547581591740484e-05,9.084716487488759e-06,4.901439971599087
MHb,Lateral,LHb.6,100,50,49,100,6,19.894111825828798,1.5057097910088581e-06,BRINP3;GALNTL6;GRM5;OPCML;PCDH9;RIMS1,1.2547581591740484e-05,9.084716487488759e-06,4.901439971599087
MHb,Lateral,LHb.7,100,50,49,100,4,12.407407407407407,0.00045928017427133587,CDH12;COL25A1;NLGN1;SLC2A13,0.0019136673927972329,0.0016872695180446772,2.7181335430613593
MHb,Lateral,MHb.1,100,50,49,100,3,9.008740475123263,0.00562525419957872,DLG2;PDE11A;RIMS1,0.0175789193736835,0.015853516704858385,1.7550078257622965
MHb,Lateral,MHb.2,100,50,49,100,4,12.407407407407407,0.00045928017427133587,BRINP3;DACH1;IL1RAPL1;MDGA2,0.0019136673927972329,0.0016872695180446772,2.7181335430613593
MHb,Lateral,MHb.3,100,50,49,100,1,2.819234006734007,0.30493256614156344,GRM5,0.4764571345961929,0.5397036568877229,0.32197616542593765
MHb,Dorsal,LHb.1,100,50,48,100,2,5.944543034605147,0.048869039683810504,LHFPL3;MACROD2,0.1102373929744477,0.10957545896627072,0.9576710660296954
MHb,Dorsal,LHb.2,100,50,48,99,2,6.006275212909009,0.04799783829164588,LRRC7;OPCML,0.1102373929744477,0.10957545896627072,0.9576710660296954
MHb,Dorsal,LHb.3,100,50,48,100,6,20.369300911854104,1.329226287015924e-06,LRRC4C;LSAMP;MGAT4C;PBX1;PTPRD;TMEFF2,1.2547581591740484e-05,8.307664293849526e-06,4.901439971599087
MHb,Dorsal,LHb.4,100,50,48,100,2,5.944543034605147,0.048869039683810504,PTPRD;TMEFF2,0.1102373929744477,0.10957545896627072,0.9576710660296954
MHb,Dorsal,LHb.5,100,50,48,100,3,9.209621993127147,0.005308970075580307,LSAMP;PBX1;RALYL,0.0175789193736835,0.015853516704858385,1.7550078257622965
MHb,Dorsal,LHb.6,100,50,48,100,4,12.690340909090908,0.0004241742100603681,KCTD8;OPCML;ROBO1;SYT9,0.0019136673927972329,0.0015856979815340863,2.7181335430613593
MHb,Dorsal,LHb.7,100,50,48,100,5,16.40391676866585,2.640288790167518e-05,CPNE4;CTNNA2;DPP6;NTM;RBMS3,0.0001827007042936137,0.00012572803762702468,3.7382597784808476
MHb,Dorsal,MHb.1,100,50,48,100,4,12.690340909090908,0.0004241742100603681,ASIC2;KCND2;KCNMA1;SCUBE1,0.0019136673927972329,0.0015856979815340863,2.7181335430613593
MHb,Dorsal,MHb.2,100,50,48,100,12,50.791666666666664,7.43573858973096e-16,ASIC2;CDK14;DPP10;EPHA6;GABBR2;IL1RAPL1;KCNIP1;KCNMA1;KCTD8;RGS6;SCUBE1;SYT9,3.71786929486548e-14,1.487147717946192e-14,13.429705882320029
MHb,Dorsal,MHb.3,100,50,48,100,0,0.0,1.0,,1.0,1.0,-0.0
MHb,Superior/Dorsal,LHb.1,100,50,49,100,0,0.0,1.0,,1.0,1.0,-0.0
MHb,Superior/Dorsal,LHb.2,100,50,49,99,2,5.878043430576881,0.04980752183687256,GPM6A;GPR151,0.1102373929744477,0.11007187146270178,0.9576710660296954
MHb,Superior/Dorsal,LHb.3,100,50,49,100,0,0.0,1.0,,1.0,1.0,-0.0
MHb,Superior/Dorsal,LHb.4,100,50,49,100,0,0.0,1.0,,1.0,1.0,-0.0
MHb,Superior/Dorsal,LHb.5,100,50,49,100,0,0.0,1.0,,1.0,1.0,-0.0
MHb,Superior/Dorsal,LHb.6,100,50,49,100,1,2.819234006734007,0.30493256614156344,OLFM1,0.4764571345961929,0.5397036568877229,0.32197616542593765
MHb,Superior/Dorsal,LHb.7,100,50,49,100,1,2.819234006734007,0.30493256614156344,GPR151,0.4764571345961929,0.5397036568877229,0.32197616542593765
MHb,Superior/Dorsal,MHb.1,100,50,49,100,2,5.817629179331307,0.05070920076824595,ITM2C;PCSK1N,0.1102373929744477,0.1108531419465739,0.9576710660296954
MHb,Superior/Dorsal,MHb.2,100,50,49,100,3,9.008740475123263,0.00562525419957872,CHRNA3;SLC17A7;TSPAN13,0.0175789193736835,0.015853516704858385,1.7550078257622965
MHb,Superior/Dorsal,MHb.3,100,50,49,100,1,2.819234006734007,0.30493256614156344,CHST2,0.4764571345961929,0.5397036568877229,0.32197616542593765
MHb,Ventral,LHb.1,100,100,94,100,7,11.556791496724756,5.8564948054647105e-06,CADPS;CAMK1D;KCNIP4;MAST4;PDE4B;PLPP3;SPARCL1,2.7597891523356607e-05,3.288055461254208e-05,4.5591240967300815
MHb,Ventral,LHb.2,100,100,94,99,0,0.0,1.0,,1.0,1.0,-0.0
MHb,Ventral,LHb.3,100,100,94,100,1,1.4502009340719018,0.5029023411748921,SLC1A2,0.7610623460674989,0.8416775584517022,0.11857976445938764
MHb,Ventral,LHb.4,100,100,94,100,2,2.96206743566992,0.15293844116320707,CADPS;EDIL3,0.2636869675227708,0.3097487415963687,0.5789113342672871
MHb,Ventral,LHb.5,100,100,94,100,4,6.18287037037037,0.005134240925738284,CADPS;CAMK1D;KCNIP4;PLPP3,0.011894687165107685,0.01561746289197957,1.9246469755900677
MHb,Ventral,LHb.6,100,100,94,100,0,0.0,1.0,,1.0,1.0,-0.0
MHb,Ventral,LHb.7,100,100,94,100,4,6.18287037037037,0.005134240925738284,CDH18;HTR2C;PLCB1;ZFHX3,0.011894687165107685,0.01561746289197957,1.9246469755900677
MHb,Ventral,MHb.1,100,100,94,100,4,6.18287037037037,0.005134240925738284,CALB2;FTH1;HSPA8;PTN,0.011894687165107685,0.01561746289197957,1.9246469755900677
MHb,Ventral,MHb.2,100,100,94,100,0,0.0,1.0,,1.0,1.0,-0.0
MHb,Ventral,MHb.3,100,100,94,100,0,0.0,1.0,,1.0,1.0,-0.0
MHb,Ventral/Dorsal,LHb.1,100,100,83,100,0,0.0,1.0,,1.0,1.0,-0.0
MHb,Ventral/Dorsal,LHb.2,100,100,83,99,0,0.0,1.0,,1.0,1.0,-0.0
MHb,Ventral/Dorsal,LHb.3,100,100,83,100,0,0.0,1.0,,1.0,1.0,-0.0
MHb,Ventral/Dorsal,LHb.4,100,100,83,100,0,0.0,1.0,,1.0,1.0,-0.0
MHb,Ventral/Dorsal,LHb.5,100,100,83,100,0,0.0,1.0,,1.0,1.0,-0.0
MHb,Ventral/Dorsal,LHb.6,100,100,83,100,0,0.0,1.0,,1.0,1.0,-0.0
MHb,Ventral/Dorsal,LHb.7,100,100,83,100,0,0.0,1.0,,1.0,1.0,-0.0
MHb,Ventral/Dorsal,MHb.1,100,100,83,100,3,5.166881443298969,0.023443876083845593,GNG8;HSPA8;PCSK1N,0.04508437708431844,0.0561529966080134,1.34597392644835
MHb,Ventral/Dorsal,MHb.2,100,100,83,100,2,3.367094986142605,0.12523994776346767,GNG8;NRGN,0.2236427638633351,0.25822669641952095,0.6504451492018728
MHb,Ventral/Dorsal,MHb.3,100,100,83,100,1,1.6460950973146096,0.46039705590006985,NRGN,0.7610623460674989,0.7795901086856073,0.11857976445938764
MHb,Lateral,LHb.1,100,100,98,100,4,5.9179964539007095,0.005947343582553843,AGBL4;CNTN4;CTNND2;KCNIP4,0.011894687165107685,0.01646323483059887,1.9246469755900677
MHb,Lateral,LHb.2,100,100,98,99,13,23.761012311901506,2.4351166106592357e-13,CEP112;COL25A1;CSMD1;CSMD3;ERBB4;GALNT13;KIRREL3;NCAM2;OPCML;PDE1A;POU6F2;PRKG1;THSD7B,6.087791526648089e-12,3.819790761818409e-12,11.215540228178444
MHb,Lateral,LHb.3,100,100,98,100,7,11.045492142266335,7.72740962653985e-06,DCC;GRIA1;LRRTM4;MGAT4C;PTPRD;SNTG1;TENM3,2.7597891523356607e-05,4.093991855120451e-05,4.5591240967300815
MHb,Lateral,LHb.4,100,100,98,100,8,12.903381642512077,6.054901350212595e-07,CELF2;CHRM3;GRM5;GRM8;LRRTM4;NRXN3;PTPRD;SNTG1,3.784313343882872e-06,4.0366009001417305e-06,5.42201291088409
MHb,Lateral,LHb.5,100,100,98,100,9,14.841832324978393,4.1349320188594445e-08,ADGRL3;CNTN4;DLG2;DMD;ERBB4;KCNIP4;PDE10A;POU6F2;TENM3,2.9535228706138886e-07,3.180716937584188e-07,6.529659661832457
MHb,Lateral,LHb.6,100,100,98,100,10,16.86489898989899,2.4896653783180372e-09,BRINP1;BRINP3;GALNTL6;GRM5;KCTD8;OPCML;PCDH9;RIMS1;ROBO1;THSD7B,2.489665378318037e-08,2.188716816103769e-08,7.603859020018991
MHb,Lateral,LHb.7,100,100,98,100,12,21.182346723044397,6.412582050471111e-12,CDH12;COL25A1;CPNE4;DPP6;GRM3;KCNH7;KLHL29;NLGN1;NRG1;NRXN1;RBMS3;SLC2A13,1.0687636750785185e-10,8.550109400628149e-11,9.971118315329834
MHb,Lateral,MHb.1,100,100,98,100,7,11.045492142266335,7.72740962653985e-06,COL16A1;DLG2;KCND2;PDE11A;RIMS1;SYT6;THSD7B,2.7597891523356607e-05,4.093991855120451e-05,4.5591240967300815
MHb,Lateral,MHb.2,100,100,98,100,7,11.045492142266335,7.72740962653985e-06,BRINP3;DACH1;EPHA6;IL1RAPL1;KCTD8;MDGA2;PDE1A,2.7597891523356607e-05,4.093991855120451e-05,4.5591240967300815
MHb,Lateral,MHb.3,100,100,98,100,1,1.389982297198792,0.5175223953258993,GRM5,0.7610623460674989,0.8512423389947192,0.11857976445938764
MHb,Dorsal,LHb.1,100,100,98,100,6,9.264338575393154,8.4709693417957e-05,CTNND2;EBF1;LHFPL3;MACROD2;NKAIN3;RYR2,0.0002647177919311156,0.000354804998609244,3.5772168683781653
MHb,Dorsal,LHb.2,100,100,98,99,7,11.16638795986622,7.228875262133555e-06,CACNA1C;CEP112;GALNT13;LRRC7;OPCML;PLCL1;SGCZ,2.7597891523356607e-05,3.934081775310778e-05,4.5591240967300815
MHb,Dorsal,LHb.3,100,100,98,100,9,14.841832324978393,4.1349320188594445e-08,GRIA1;LRRC4C;LSAMP;MGAT4C;NEDD4L;NKAIN3;PBX1;PTPRD;TMEFF2,2.9535228706138886e-07,3.180716937584188e-07,6.529659661832457
MHb,Dorsal,LHb.4,100,100,98,100,4,5.9179964539007095,0.005947343582553843,NEDD4L;NKAIN3;PTPRD;TMEFF2,0.011894687165107685,0.01646323483059887,1.9246469755900677
MHb,Dorsal,LHb.5,100,100,98,100,6,9.264338575393154,8.4709693417957e-05,DLG2;DMD;LSAMP;PBX1;RALYL;TENM1,0.0002647177919311156,0.000354804998609244,3.5772168683781653
MHb,Dorsal,LHb.6,100,100,98,100,7,11.045492142266335,7.72740962653985e-06,KCTD8;LCORL;OPCML;PLD5;ROBO1;ROBO3;SYT9,2.7597891523356607e-05,4.093991855120451e-05,4.5591240967300815
MHb,Dorsal,LHb.7,100,100,98,100,11,18.976882345344183,1.334151401775237e-10,CPNE4;CTNNA2;DOK6;DPP6;NRG1;NRXN1;NTM;PRKD1;RBMS3;SGCZ;THSD7A,1.667689252219046e-09,1.5100287257381396e-09,8.777884870136663
MHb,Dorsal,MHb.1,100,100,98,100,5,7.55631013016412,0.000782804386434455,ASIC2;DLG2;KCND2;KCNMA1;SCUBE1,0.0021744566289845974,0.002642377675728118,2.662649250210882
MHb,Dorsal,MHb.2,100,100,98,100,18,36.672256097560975,1.0930250721004294e-20,ANO3;ASIC2;CDK14;DACH1;DPP10;EPHA6;GABBR2;IL1RAPL1;KCNIP1;KCNMA1;KCTD8;LCORL;MDGA2;PLD5;RGS6;ROBO3;SCUBE1;SYT9,5.465125360502147e-19,3.643416907001432e-19,18.26239987163744
MHb,Dorsal,MHb.3,100,100,98,100,0,0.0,1.0,,1.0,1.0,-0.0
MHb,Superior/Dorsal,LHb.1,100,100,97,100,0,0.0,1.0,,1.0,1.0,-0.0
MHb,Superior/Dorsal,LHb.2,100,100,97,99,4,6.045500848896435,0.005536971714181502,GPM6A;GPR151;LY6H;PLXNC1,0.011894687165107685,0.015853516704858385,1.9246469755900677
MHb,Superior/Dorsal,LHb.3,100,100,97,100,0,0.0,1.0,,1.0,1.0,-0.0
MHb,Superior/Dorsal,LHb.4,100,100,97,100,0,0.0,1.0,,1.0,1.0,-0.0
MHb,Superior/Dorsal,LHb.5,100,100,97,100,0,0.0,1.0,,1.0,1.0,-0.0
MHb,Superior/Dorsal,LHb.6,100,100,97,100,3,4.3927396358850626,0.03496134013521111,AMIGO2;OLFM1;SLC5A7,0.06474322247261316,0.08154248428037575,1.1888056882012152
MHb,Superior/Dorsal,LHb.7,100,100,97,100,1,1.4045664983164983,0.5139077893574092,GPR151,0.7610623460674989,0.8487004340890337,0.11857976445938764
MHb,Superior/Dorsal,MHb.1,100,100,97,100,4,5.982078853046595,0.00573654606434489,ITM2C;NPTX1;PCSK1N;TIMP2,0.011894687165107685,0.016046282697468224,1.9246469755900677
MHb,Superior/Dorsal,MHb.2,100,100,97,100,5,7.639016018306636,0.0007471873102601427,CHRNA3;CHRNB4;SLC17A7;SLC5A7;TSPAN13,0.0021744566289845974,0.0025948540711262093,2.662649250210882
MHb,Superior/Dorsal,MHb.3,100,100,97,100,1,1.4045664983164983,0.5139077893574092,CHST2,0.7610623460674989,0.8487004340890337,0.11857976445938764
MHb,Ventral,LHb.1,100,200,105,100,8,11.965934558493949,1.0283008776835578e-06,CADPS;CAMK1D;KCNIP4;MAST4;PDE4B;PLPP3;RAB3C;SPARCL1,3.955003375705991e-06,6.58112561717477e-06,5.40285314148366
MHb,Ventral,LHb.2,100,200,105,99,1,1.309065934065934,0.5384863100754147,SPOCK3,0.7744146812345803,0.8720426074095784,0.11102642233353675
MHb,Ventral,LHb.3,100,200,105,100,1,1.2957459207459208,0.5420902768642062,SLC1A2,0.7744146812345803,0.8743391562325906,0.11102642233353675
MHb,Ventral,LHb.4,100,200,105,100,3,4.045785324439054,0.042634828470095094,CADPS;EDIL3;RAB3C,0.07350832494843983,0.09857763808114473,1.1336634735085658
MHb,Ventral,LHb.5,100,200,105,100,4,5.5049504950495045,0.007568770874734273,CADPS;CAMK1D;KCNIP4;PLPP3,0.015768272655696403,0.02038726161544585,1.802215879098943
MHb,Ventral,LHb.6,100,200,105,100,0,0.0,1.0,,1.0,1.0,-0.0
MHb,Ventral,LHb.7,100,200,105,100,4,5.5049504950495045,0.007568770874734273,CDH18;HTR2C;PLCB1;ZFHX3,0.015768272655696403,0.02038726161544585,1.802215879098943
MHb,Ventral,MHb.1,100,200,105,100,4,5.5049504950495045,0.007568770874734273,CALB2;FTH1;HSPA8;PTN,0.015768272655696403,0.02038726161544585,1.802215879098943
MHb,Ventral,MHb.2,100,200,105,100,0,0.0,1.0,,1.0,1.0,-0.0
MHb,Ventral,MHb.3,100,200,105,100,0,0.0,1.0,,1.0,1.0,-0.0
MHb,Ventral/Dorsal,LHb.1,100,200,181,100,0,0.0,1.0,,1.0,1.0,-0.0
MHb,Ventral/Dorsal,LHb.2,100,200,181,99,1,0.7520408163265306,0.7372931604109523,LY6H,0.9106542783313882,1.0,0.04064646771409864
MHb,Ventral/Dorsal,LHb.3,100,200,181,100,0,0.0,1.0,,1.0,1.0,-0.0
MHb,Ventral/Dorsal,LHb.4,100,200,181,100,1,0.7443883277216611,0.7408295234903528,STMN2,0.9106542783313882,1.0,0.04064646771409864
MHb,Ventral/Dorsal,LHb.5,100,200,181,100,0,0.0,1.0,,1.0,1.0,-0.0
MHb,Ventral/Dorsal,LHb.6,100,200,181,100,1,0.7443883277216611,0.7408295234903528,OLFM1,0.9106542783313882,1.0,0.04064646771409864
MHb,Ventral/Dorsal,LHb.7,100,200,181,100,0,0.0,1.0,,1.0,1.0,-0.0
MHb,Ventral/Dorsal,MHb.1,100,200,181,100,5,3.9680023923444976,0.010935476821460413,GNG8;HSPA8;PCSK1N;TMSB10;TUBA1A,0.021870953642920826,0.028530822999814066,1.6601322799331584
MHb,Ventral/Dorsal,MHb.2,100,200,181,100,3,2.3051662226340786,0.1496762923070021,GNG8;NRGN;TSPAN13,0.24141337468871307,0.30391125341523273,0.6172386729602906
MHb,Ventral/Dorsal,MHb.3,100,200,181,100,1,0.7443883277216611,0.7408295234903528,NRGN,0.9106542783313882,1.0,0.04064646771409864
MHb,Lateral,LHb.1,100,200,193,100,5,3.711366181410974,0.014122222270886392,AGBL4;CNTN4;CTNND2;KCNIP4;RYR2,0.02573774342114616,0.03444444456313754,1.5894295329057964
MHb,Lateral,LHb.2,100,200,193,99,23,23.63374613003096,6.814814204737606e-22,CACNA1C;CEP112;COL25A1;CSMD1;CSMD3;ERBB4;GALNT13;GRIN2B;KIRREL3;MAGI3;NCAM2;OPCML;OPRM1;PCDH15;PDE1A;PLCL1;POU6F2;PRKG1;PTPRQ;SLC8A1;THSD7B;TMEM117;WLS,1.7037035511844016e-20,2.5961196970428978e-20,19.76860597135641
MHb,Lateral,LHb.3,100,200,193,100,9,7.127866698518872,1.2507764158366637e-05,DCC;GRIA1;LRRC4C;LRRTM4;LSAMP;MGAT4C;PTPRD;SNTG1;TENM3,3.8343848974312795e-05,6.293214670876295e-05,4.416304294577288
MHb,Lateral,LHb.4,100,200,193,100,9,7.127866698518872,1.2507764158366637e-05,ARHGAP26;CELF2;CHRM3;GRM5;GRM8;LRRTM4;NRXN3;PTPRD;SNTG1,3.8343848974312795e-05,6.293214670876295e-05,4.416304294577288
MHb,Lateral,LHb.5,100,200,193,100,11,9.006852697863934,1.7357910060272198e-07,ADGRL3;ARHGAP26;CNTN4;DLG2;DMD;ERBB4;KCNIP4;LSAMP;PDE10A;POU6F2;TENM3,7.232462525113416e-07,1.218098951598049e-06,6.140713807963922
MHb,Lateral,LHb.6,100,200,193,100,14,12.064700532675069,1.3401504940925988e-10,BRINP1;BRINP3;GALNTL6;GRM5;KCTD8;MAML3;OPCML;PCDH9;PTPRZ1;RIMS1;ROBO1;RSPO3;THSD7B;TNR,9.572503529232847e-10,1.5100287257381396e-09,9.018974464862639
MHb,Lateral,LHb.7,100,200,193,100,18,16.645296167247388,2.9146025267356817e-15,CDH12;CNTN1;COL25A1;CPNE4;CTNNA2;DPP6;GRID1;GRM3;KCNH5;KCNH7;KLHL29;LINGO2;NLGN1;NRG1;NRXN1;PTPRQ;RBMS3;SLC2A13,4.857670877892803e-14,5.5516238604489176e-14,13.313571913317856
MHb,Lateral,MHb.1,100,200,193,100,10,8.052216150576806,1.5562656556440896e-06,COL16A1;DLG2;KCND2;KCNMA1;PDE11A;RIMS1;ROR2;SOX5;SYT6;THSD7B,5.558091627300319e-06,9.29113824265128e-06,5.255074297986334
MHb,Lateral,MHb.2,100,200,193,100,13,11.011813537675607,1.6012482985388023e-09,BRINP3;CDK14;DACH1;DNM3;DPP10;EPHA6;IL1RAPL1;KCNMA1;KCTD8;MDGA2;PDE1A;RGS6;SOX5,1.0007801865867514e-08,1.4895333009663277e-08,7.999661301377406
MHb,Lateral,MHb.3,100,200,193,100,2,1.4161769419809809,0.4182950991386163,GRM5;TMEM108,0.6376549379286652,0.7213589003151979,0.19541427283618146
MHb,Dorsal,LHb.1,100,200,193,100,11,9.006852697863934,1.7357910060272198e-07,AGBL4;CTNND2;EBF1;FSTL5;INPP4B;LHFPL3;MACROD2;NKAIN3;RYR2;SEMA3E;TMTC2,7.232462525113416e-07,1.218098951598049e-06,6.140713807963922
MHb,Dorsal,LHb.2,100,200,193,99,16,14.45129671227282,6.208028674480076e-13,ADCY8;CACNA1C;CEP112;FOXP2;GALNT13;LRRC7;NCAM2;OPCML;PBX3;PDE1A;PLCL1;RIMBP2;SEMA5A;SGCZ;TMEM117;TNIK,6.2080286744800756e-12,9.029859890152836e-12,11.207046285767312
MHb,Dorsal,LHb.3,100,200,193,100,12,9.992968357609241,1.748629586547401e-08,DCC;GRIA1;INPP4B;LRRC4C;LSAMP;MGAT4C;NEDD4L;NKAIN3;PBX1;PTPRD;SNTG1;TMEFF2,9.714608814152228e-08,1.4421687311731143e-07,7.012574682792
MHb,Dorsal,LHb.4,100,200,193,100,14,12.064700532675069,1.3401504940925988e-10,BTBD11;CDH10;CELF2;FRMD4A;GRIA2;INPP4B;NEDD4L;NEGR1;NKAIN3;PACRG;PTPRD;SEMA5A;SNTG1;TMEFF2,9.572503529232847e-10,1.5100287257381396e-09,9.018974464862639
MHb,Dorsal,LHb.5,100,200,193,100,8,6.232667450058754,8.93027344757246e-05,DLG2;DMD;LSAMP;PBX1;RALYL;SEMA3E;SOX6;TENM1,0.00024806315132145724,0.0003720947269821859,3.6054377434516853
MHb,Dorsal,LHb.6,100,200,193,100,11,9.006852697863934,1.7357910060272198e-07,GFRA1;KCTD8;LCORL;MCC;OPCML;PLD5;RIMS1;ROBO1;ROBO3;SYT9;TNR,7.232462525113416e-07,1.218098951598049e-06,6.140713807963922
MHb,Dorsal,LHb.7,100,200,193,100,17,15.441744249726177,4.7870772299404756e-14,CPNE4;CTNNA2;DOK6;DPP6;FRY;GRIN2A;KLHL1;LRRC3B;NLGN1;NRG1;NRXN1;NTM;PBX3;PRKD1;RBMS3;SGCZ;THSD7A,5.983846537425595e-13,8.14821656160081e-13,12.223019552978466
MHb,Dorsal,MHb.1,100,200,193,100,7,5.365533587698,0.0005602479565398555,ASIC2;CPNE9;DLG2;KCND2;KCNMA1;RIMS1;SCUBE1,0.001474336727736462,0.0020372652965085654,2.8314033154616225
MHb,Dorsal,MHb.2,100,200,193,100,31,36.83780640543925,1.401768081043352e-33,ANO3;ASIC2;CDK14;CPNE9;DACH1;DPP10;EPHA6;GABBR2;GDPD5;GFRA1;IL1RAPL1;KCNIP1;KCNMA1;KCTD8;LCORL;MCC;MDGA2;NRP2;NXPH1;PARD3;PDE1A;PEX5L;PLCH2;PLD5;RGS6;ROBO3;SCUBE1;SLC24A2;SOX6;SYNPR;SYT9,7.00884040521676e-32,1.602020664049545e-31,31.154353829005302
MHb,Dorsal,MHb.3,100,200,193,100,5,3.711366181410974,0.014122222270886392,FOXP2;NXPH1;PEX5L;SYNPR;ZDHHC14,0.02573774342114616,0.03444444456313754,1.5894295329057964
MHb,Superior/Dorsal,LHb.1,100,200,194,100,1,0.6935678023760925,0.7649495937983661,SEMA3E,0.9106542783313882,1.0,0.04064646771409864
MHb,Superior/Dorsal,LHb.2,100,200,194,99,4,2.937617728531856,0.053788566658280336,GPM6A;GPR151;LY6H;PLXNC1,0.0896476110971339,0.11725028154393534,1.0474612788977353
MHb,Superior/Dorsal,LHb.3,100,200,194,100,2,1.4086947278911566,0.42085225903291906,HS6ST2;PCSK1,0.6376549379286652,0.722521778273618,0.19541427283618146
MHb,Superior/Dorsal,LHb.4,100,200,194,100,0,0.0,1.0,,1.0,1.0,-0.0
MHb,Superior/Dorsal,LHb.5,100,200,194,100,1,0.6935678023760925,0.7649495937983661,SEMA3E,0.9106542783313882,1.0,0.04064646771409864
MHb,Superior/Dorsal,LHb.6,100,200,194,100,6,4.501018560434586,0.003125671371570112,ADCYAP1;AMIGO2;GFRA1;OLFM1;SLC5A7;SSTR2,0.007442074694214552,0.010082810876032619,2.12830597538914
MHb,Superior/Dorsal,LHb.7,100,200,194,100,5,3.691450849345586,0.014413136315841851,CBLN2;CNTN1;GPR151;SV2B;THSD7A,0.02573774342114616,0.03504713997773094,1.5894295329057964
MHb,Superior/Dorsal,MHb.1,100,200,194,100,6,4.501018560434586,0.003125671371570112,ITM2C;NPTX1;PCSK1N;PDE2A;TAC1;TIMP2,0.007442074694214552,0.010082810876032619,2.12830597538914
MHb,Superior/Dorsal,MHb.2,100,200,194,100,9,7.088803088803089,1.3036908651266351e-05,CHRNA3;CHRNB4;GABBR2;GFRA1;NRP2;PDE2A;SLC17A7;SLC5A7;TSPAN13,3.8343848974312795e-05,6.518454325633176e-05,4.416304294577288
MHb,Superior/Dorsal,MHb.3,100,200,194,100,1,0.6935678023760925,0.7649495937983661,CHST2,0.9106542783313882,1.0,0.04064646771409864
MHb,Ventral,LHb.1,100,500,105,100,8,11.965934558493949,1.0283008776835578e-06,CADPS;CAMK1D;KCNIP4;MAST4;PDE4B;PLPP3;RAB3C;SPARCL1,3.427669592278526e-06,6.58112561717477e-06,5.465001048232504
MHb,Ventral,LHb.2,100,500,105,99,1,1.309065934065934,0.5384863100754147,SPOCK3,0.7529031623113975,0.8720426074095784,0.12326087875054839
MHb,Ventral,LHb.3,100,500,105,100,1,1.2957459207459208,0.5420902768642062,SLC1A2,0.7529031623113975,0.8743391562325906,0.12326087875054839
MHb,Ventral,LHb.4,100,500,105,100,3,4.045785324439054,0.042634828470095094,CADPS;EDIL3;RAB3C,0.07613362226802695,0.09857763808114473,1.118423506951829
MHb,Ventral,LHb.5,100,500,105,100,4,5.5049504950495045,0.007568770874734273,CADPS;CAMK1D;KCNIP4;PLPP3,0.015137541749468545,0.02038726161544585,1.8199446460593747
MHb,Ventral,LHb.6,100,500,105,100,0,0.0,1.0,,1.0,1.0,-0.0
MHb,Ventral,LHb.7,100,500,105,100,4,5.5049504950495045,0.007568770874734273,CDH18;HTR2C;PLCB1;ZFHX3,0.015137541749468545,0.02038726161544585,1.8199446460593747
MHb,Ventral,MHb.1,100,500,105,100,4,5.5049504950495045,0.007568770874734273,CALB2;FTH1;HSPA8;PTN,0.015137541749468545,0.02038726161544585,1.8199446460593747
MHb,Ventral,MHb.2,100,500,105,100,0,0.0,1.0,,1.0,1.0,-0.0
MHb,Ventral,MHb.3,100,500,105,100,0,0.0,1.0,,1.0,1.0,-0.0
MHb,Ventral/Dorsal,LHb.1,100,500,471,100,1,0.27885235332043845,0.9713449784685432,KIFAP3,1.0,1.0,-0.0
MHb,Ventral/Dorsal,LHb.2,100,500,471,99,2,0.5705053524718089,0.8635956140162664,LY6H;TCF7L2,1.0,1.0,-0.0
MHb,Ventral/Dorsal,LHb.3,100,500,471,100,1,0.27885235332043845,0.9713449784685432,BASP1,1.0,1.0,-0.0
MHb,Ventral/Dorsal,LHb.4,100,500,471,100,2,0.5646403550759322,0.8673255939497286,BASP1;STMN2,1.0,1.0,-0.0
MHb,Ventral/Dorsal,LHb.5,100,500,471,100,0,0.0,1.0,,1.0,1.0,-0.0
MHb,Ventral/Dorsal,LHb.6,100,500,471,100,1,0.27885235332043845,0.9713449784685432,OLFM1,1.0,1.0,-0.0
MHb,Ventral/Dorsal,LHb.7,100,500,471,100,1,0.27885235332043845,0.9713449784685432,TCF7L2,1.0,1.0,-0.0
MHb,Ventral/Dorsal,MHb.1,100,500,471,100,6,1.7817433081674674,0.13508490258173492,GNG8;HSPA8;ITM2C;PCSK1N;TMSB10;TUBA1A,0.2329050044512671,0.2770972360650973,0.6328211796395571
MHb,Ventral/Dorsal,MHb.2,100,500,471,100,4,1.1579229122055674,0.46064558766758823,ETV1;GNG8;NRGN;TSPAN13,0.6979478601024064,0.7795901086856073,0.15617701994932978
MHb,Ventral/Dorsal,MHb.3,100,500,471,100,2,0.5646403550759322,0.8673255939497286,CHST2;NRGN,1.0,1.0,-0.0
MHb,Lateral,LHb.1,100,500,483,100,15,4.893288084464555,2.4061323487242997e-06,AGBL4;CNTN4;CTNND2;DPF3;GRIK4;INPP4B;KCNIP4;KCNJ3;NDST4;RMST;RYR2;SCN1A;SORCS3;SYN3;UTRN,7.519163589763437e-06,1.3749327706996e-05,5.123830466396782
MHb,Lateral,LHb.2,100,500,483,99,38,18.199963160803094,1.0867130409435982e-29,ADCY8;CACNA1C;CEP112;COL25A1;CSMD1;CSMD3;DPYD;ERBB4;GABRB1;GALNT13;GPM6A;GRIN2B;KIRREL3;LRRC7;MAGI3;NCAM2;NELL2;OPCML;OPRM1;PARD3B;PCDH15;PDE1A;PLCE1;PLCL1;POU6F2;PPP1R9A;PRICKLE2;PRKG1;PTPRQ;RELN;RGS17;SGCZ;SLC8A1;SLIT1;THSD7B;TMEM117;TNIK;WLS,2.7167826023589955e-28,7.9033675704988955e-28,27.565945112547624
MHb,Lateral,LHb.3,100,500,483,100,23,8.431818181818182,5.804390796281591e-13,CDH11;DCC;FRMD3;GLCE;GNG2;GRIA1;GRIK4;INPP4B;KCNH8;LRRC4C;LRRTM4;LSAMP;MGAT4C;PBX1;PEAK1;PLCL2;PLCXD3;PTPRD;RMST;SDK1;SNTG1;SORCS3;TENM3,3.224661553489773e-12,8.761344598160891e-12,11.491515860304688
MHb,Lateral,LHb.4,100,500,483,100,21,7.4700805523590335,3.832905746498664e-11,ALK;ARHGAP26;CELF2;CHRM3;CPNE8;FRAS1;FRMD3;GABRB1;GRIA2;GRM5;GRM8;INPP4B;LRRTM4;NRXN3;PEAK1;PLCXD3;PTPRD;RMST;SCN9A;SLIT1;SNTG1,1.916452873249332e-10,4.867181900315764e-10,9.717501855845795
MHb,Lateral,LHb.5,100,500,483,100,26,9.985451534685671,7.074314135797747e-16,ADGRL3;ARHGAP26;CACNB2;CNTN4;DLG2;DMD;ERBB4;GUCY1A2;KCNC2;KCNIP4;LSAMP;MLLT3;NDST4;NTRK2;PBX1;PDE10A;POU6F2;RALYL;RMST;SEMA6A;SLC35F1;SNTB1;SOX6;TBL1X;TENM3;XKR4,5.053081525569819e-15,1.4511413611892814e-14,14.296443694870915
MHb,Lateral,LHb.6,100,500,483,100,23,8.431818181818182,5.804390796281591e-13,BRINP1;BRINP3;COL11A1;DPYD;GALNT14;GALNTL6;GFRA1;GPR139;GRM5;KCTD8;MAML3;MTSS1;NDST4;OPCML;PCDH9;PLD5;PTPRZ1;RIMS1;ROBO1;RSPO3;SYT9;THSD7B;TNR,3.224661553489773e-12,8.761344598160891e-12,11.491515860304688
MHb,Lateral,LHb.7,100,500,483,100,32,13.558367027520543,2.580897350319422e-22,ADGRB3;CCDC85A;CDH12;CNTN1;COL25A1;CPNE4;CTNNA2;DOK6;DPP6;GRID1;GRM3;GUCY1A2;KCNH5;KCNH7;KLHL1;KLHL29;L3MBTL4;LINGO2;NLGN1;NRG1;NRXN1;NTRK3;PCDH11X;PRKCA;PTPRQ;RBMS3;RELN;RUNX1T1;RYR3;SGCZ;SLC2A13;TMTC1,4.301495583865703e-21,1.086693621187125e-20,20.36638051863186
MHb,Lateral,MHb.1,100,500,483,100,16,5.293361884368308,4.535625159968952e-07,ABR;CABLES1;COL16A1;DLG2;GNG2;GPR139;KCND2;KCNMA1;MYO1B;NFIB;PDE11A;RIMS1;ROR2;SOX5;SYT6;THSD7B,1.61986612856034e-06,3.075000108453527e-06,5.790520875599279
MHb,Lateral,MHb.2,100,500,483,100,26,9.985451534685671,7.074314135797747e-16,ADAM22;BRINP3;CABLES1;CDK14;DACH1;DNM3;DPP10;EPHA6;GFRA1;IL1RAPL1;KCNIP1;KCNMA1;KCTD8;MCTP1;MDGA2;NFIB;NRP2;NXPH1;PDE1A;PLD5;RGS6;SOX5;SOX6;SPOCK1;SYT9;VAV2,5.053081525569819e-15,1.4511413611892814e-14,14.296443694870915
MHb,Lateral,MHb.3,100,500,483,100,5,1.427769213829553,0.2851758135644447,GRM5;KCNQ5;NFIB;NXPH1;TMEM108,0.44558720869444485,0.5256697024229395,0.3510672847848518
MHb,Dorsal,LHb.1,100,500,481,100,14,4.523977889547333,1.1288715171867967e-05,AGBL4;CTNND2;EBF1;FSTL5;INPP4B;LHFPL3;MACROD2;NKAIN3;R3HDM1;RAP1GAP2;RYR2;SEMA3E;SYN3;TMTC2,2.970714518912623e-05,5.752211552544187e-05,4.527139081221589
MHb,Dorsal,LHb.2,100,500,481,99,29,11.909797724399494,3.503697746797685e-19,ADCY8;CACNA1C;CEP112;COL25A1;CSMD1;FOXP2;GALNT13;GRIN3A;HTR4;LRRC7;MAGI3;NCAM2;OPCML;PARD3B;PBX3;PDE1A;PLCL1;PRICKLE2;RGS7;RIMBP2;SEMA5A;SGCZ;SHROOM3;SLC8A1;SPHKAP;TCF7L2;THSD7B;TMEM117;TNIK,4.379622183497106e-18,1.0780608451685184e-17,17.358563353125962
MHb,Dorsal,LHb.3,100,500,481,100,14,4.523977889547333,1.1288715171867967e-05,DCC;GRIA1;HS6ST2;INPP4B;KCNH8;LRRC4C;LSAMP;MGAT4C;NEDD4L;NKAIN3;PBX1;PTPRD;SNTG1;TMEFF2,2.970714518912623e-05,5.752211552544187e-05,4.527139081221589
MHb,Dorsal,LHb.4,100,500,481,100,17,5.730084129621936,7.48822763299698e-08,ARHGAP26;BTBD11;CDH10;CELF2;FRMD4A;GRIA2;INPP4B;MGAT5;NEDD4L;NEGR1;NKAIN3;PACRG;PTPRD;SEMA5A;SLC8A3;SNTG1;TMEFF2,3.120094847082075e-07,5.651492553205267e-07,6.505832203757751
MHb,Dorsal,LHb.5,100,500,481,100,16,5.31694828469022,4.290878602648961e-07,ARHGAP26;CACNB2;DLG2;DMD;IL1RAPL2;KIF26B;LMO3;LSAMP;MLLT3;PBX1;RALYL;SEMA3E;SOX6;TENM1;TRHDE;XKR4,1.61986612856034e-06,2.959226622516525e-06,5.790520875599279
MHb,Dorsal,LHb.6,100,500,481,100,19,6.591764202875314,1.8549441035586917e-09,BCL11A;GALNTL6;GFRA1;KCTD8;LCORL;MARCH4;MCC;OPCML;PCDH9;PLD5;RAP1GAP;RBMS1;RIMS1;ROBO1;ROBO3;SORCS2;SYT9;THSD7B;TNR,8.431564107084963e-09,1.677337029220831e-08,8.074091853599858
MHb,Dorsal,LHb.7,100,500,481,100,28,11.153298994358597,5.541519110323658e-18,ADGRB3;CNTN1;COL25A1;CPNE4;CTNNA2;DOK6;DPP6;FLRT2;FRY;GRIN2A;KCNH5;KLHL1;KLHL29;LRRC3B;MAPK4;NLGN1;NRG1;NRXN1;NTM;NTRK3;PBX3;PRKD1;RBMS3;RYR3;SGCZ;SV2B;TCF7L2;THSD7A,5.541519110323658e-17,1.4300694478254602e-16,16.256371164731053
MHb,Dorsal,MHb.1,100,500,481,100,14,4.523977889547333,1.1288715171867967e-05,ABR;ASIC2;BCL11A;CDC14A;CPNE9;DLG2;KCND2;KCNMA1;NFIB;RIMS1;SCUBE1;SORCS2;SOX5;THSD7B,2.970714518912623e-05,5.752211552544187e-05,4.527139081221589
MHb,Dorsal,MHb.2,100,500,481,100,41,20.53948382126348,2.0102588221897968e-33,ADAM22;ANO3;ASIC2;CDK14;CHAT;CPNE9;DACH1;DPP10;EPHA6;ETV1;GABBR2;GABRA2;GDPD5;GFRA1;IL1RAPL1;KCNIP1;KCNMA1;KCTD8;LCORL;MCC;MDGA2;NFIB;NRP2;NXPH1;PARD3;PDE1A;PEX5L;PLCH2;PLD5;RGS6;ROBO3;SCUBE1;SHANK2;SHROOM3;SLC24A2;SOX5;SOX6;SYNPR;SYT9;TCF4;VAV2,1.0051294110948985e-31,2.010258822189797e-31,30.99777801893384
MHb,Dorsal,MHb.3,100,500,481,100,9,2.718313466194822,0.009101685574896889,FOXP2;LMO3;NFIB;NXPH1;PEX5L;SYNPR;TCF4;TMEM108;ZDHHC14,0.01685497328684609,0.02403085300302809,1.7732719314482321
MHb,Superior/Dorsal,LHb.1,100,500,481,100,2,0.5524263985343616,0.8750134783650053,SEMA3D;SEMA3E,1.0,1.0,-0.0
MHb,Superior/Dorsal,LHb.2,100,500,481,99,9,2.748728813559322,0.00854218684727427,GPM6A;GPR151;GRIN3A;KCNMB4;LRRN3;LY6H;OPRM1;PLXNC1;WLS,0.016427282398604366,0.022628309529203364,1.7844342769124455
MHb,Superior/Dorsal,LHb.3,100,500,481,100,5,1.4339893852277754,0.28231444698416613,CBLN4;HS6ST2;LGI2;PCSK1;TMEM47,0.44558720869444485,0.5215971306866811,0.3510672847848518
MHb,Superior/Dorsal,LHb.4,100,500,481,100,3,0.8389984040029331,0.6946052607467237,CBLN1;SCN9A;STMN2,0.9386557577658429,1.0,0.02749365151836788
MHb,Superior/Dorsal,LHb.5,100,500,481,100,2,0.5524263985343616,0.8750134783650053,SEMA3D;SEMA3E,1.0,1.0,-0.0
MHb,Superior/Dorsal,LHb.6,100,500,481,100,11,3.4120248625388476,0.000826934853744689,ADCYAP1;AMIGO2;CHRNA4;GFRA1;GPR139;OLFM1;PMEPA1;SLC5A7;SSTR2;SYT15;TNR,0.001879397394874293,0.0027679827740407998,2.7259813794773198
MHb,Superior/Dorsal,LHb.7,100,500,481,100,5,1.4339893852277754,0.28231444698416613,CBLN2;CNTN1;GPR151;SV2B;THSD7A,0.44558720869444485,0.5215971306866811,0.3510672847848518
MHb,Superior/Dorsal,MHb.1,100,500,481,100,11,3.4120248625388476,0.000826934853744689,CCK;CNR1;GNG8;GPR139;ITM2C;NPTX1;PCSK1N;PDE2A;TAC1;TIMP2;TMEM158,0.001879397394874293,0.0027679827740407998,2.7259813794773198
MHb,Superior/Dorsal,MHb.2,100,500,481,100,12,3.7728241907346387,0.00021566995719967695,CHRNA3;CHRNB3;CHRNB4;GABBR2;GFRA1;GNG8;NRP2;PDE2A;SLC17A7;SLC5A7;SYNPR;TSPAN13,0.0005391748929991924,0.0008416388573645931,3.268270339183745
MHb,Superior/Dorsal,MHb.3,100,500,481,100,4,1.13277428371768,0.4769059072227168,CHST2;CNR1;SYNPR;UMODL1,0.7013322165039952,0.8049044847640789,0.1540762108252304
MHb,Ventral,LHb.1,200,50,46,200,3,4.710895998111203,0.03025205111943704,CAMK1D;PDE4B;SPARCL1,0.05402151985613756,0.07160248785665571,1.2674332014175698
MHb,Ventral,LHb.2,200,50,46,199,1,1.4928170594837262,0.4943835756376679,GAP43,0.6527977588377535,0.8320776464850193,0.1852213452561369
MHb,Ventral,LHb.3,200,50,46,199,2,3.069220119981541,0.14640878061377544,GAP43;SLC1A2,0.2524289320927163,0.29803314119852503,0.5978608699979556
MHb,Ventral,LHb.4,200,50,46,200,1,1.4852037967615856,0.49612629671669267,GRM7,0.6527977588377535,0.8320776464850193,0.1852213452561369
MHb,Ventral,LHb.5,200,50,46,200,3,4.710895998111203,0.03025205111943704,CAMK1D;GRM7;PDE4B,0.05402151985613756,0.07160248785665571,1.2674332014175698
MHb,Ventral,LHb.6,200,50,46,200,1,1.4852037967615856,0.49612629671669267,MBP,0.6527977588377535,0.8320776464850193,0.1852213452561369
MHb,Ventral,LHb.7,200,50,46,199,0,0.0,1.0,,1.0,1.0,-0.0
MHb,Ventral,MHb.1,200,50,46,192,3,4.913252122554448,0.027252065354668516,FTH1;HSP90AA1;PTN,0.05240781798974714,0.06488586989206789,1.280603921860839
MHb,Ventral,MHb.2,200,50,46,200,0,0.0,1.0,,1.0,1.0,-0.0
MHb,Ventral,MHb.3,200,50,46,200,0,0.0,1.0,,1.0,1.0,-0.0
MHb,Ventral/Dorsal,LHb.1,200,50,41,200,0,0.0,1.0,,1.0,1.0,-0.0
MHb,Ventral/Dorsal,LHb.2,200,50,41,199,0,0.0,1.0,,1.0,1.0,-0.0
MHb,Ventral/Dorsal,LHb.3,200,50,41,199,0,0.0,1.0,,1.0,1.0,-0.0
MHb,Ventral/Dorsal,LHb.4,200,50,41,200,1,1.6714824120603016,0.457090433120863,CALM1,0.6527977588377535,0.7795901086856073,0.1852213452561369
MHb,Ventral/Dorsal,LHb.5,200,50,41,200,0,0.0,1.0,,1.0,1.0,-0.0
MHb,Ventral/Dorsal,LHb.6,200,50,41,200,0,0.0,1.0,,1.0,1.0,-0.0
MHb,Ventral/Dorsal,LHb.7,200,50,41,199,0,0.0,1.0,,1.0,1.0,-0.0
MHb,Ventral/Dorsal,MHb.1,200,50,41,192,5,9.890819964349376,0.00026900035832274846,H3F3B;HSP90AA1;HSPA8;OAZ1;PCSK1N,0.0007472232175631902,0.0010396149113922647,3.1265496422612036
MHb,Ventral/Dorsal,MHb.2,200,50,41,200,1,1.6714824120603016,0.457090433120863,NRGN,0.6527977588377535,0.7795901086856073,0.1852213452561369
MHb,Ventral/Dorsal,MHb.3,200,50,41,200,1,1.6714824120603016,0.457090433120863,NRGN,0.6527977588377535,0.7795901086856073,0.1852213452561369
MHb,Lateral,LHb.1,200,50,49,200,6,9.56748981059698,7.924115963602103e-05,DACH1;GRIA1;KCNIP4;LRP1B;SNTG1;TENM3,0.00023306223422359126,0.00033541231591966575,3.632528094549296
MHb,Lateral,LHb.2,200,50,49,199,11,20.49104143337066,9.341414014928783e-11,CDH12;COL25A1;CSMD1;CSMD3;ERBB4;GALNT13;NCAM2;OLFM3;OPCML;PRKG1;TRPM3,9.341414014928783e-10,1.0989898841092685e-09,9.029587379401566
MHb,Lateral,LHb.3,200,50,49,199,10,18.05318138651472,1.8660374450081746e-09,ADARB2;GRIA1;LRFN5;LRP1B;LRRTM4;MGAT4C;NLGN1;PTPRD;SNTG1;TENM3,1.555031204173479e-08,1.677337029220831e-08,7.808260891740433
MHb,Lateral,LHb.4,200,50,49,200,6,9.56748981059698,7.924115963602103e-05,GRM5;KCNIP4;LRRTM4;NRXN3;PTPRD;SNTG1,0.00023306223422359126,0.00033541231591966575,3.632528094549296
MHb,Lateral,LHb.5,200,50,49,200,9,15.673429319371728,3.436137627087256e-08,ADGRL3;CNTN5;CSMD3;DLG2;DMD;ERBB4;GALNTL6;KCNIP4;TENM3,2.4543840193480396e-07,2.695009903597848e-07,6.610057485441168
MHb,Lateral,LHb.6,200,50,49,200,13,25.70068330362448,1.7664893636321433e-13,BRINP3;CADM2;CNTNAP2;ERBB4;GALNT13;GALNTL6;GRIP1;GRM5;OPCML;PCDH9;RIMS1;ROBO2;TRPM3,4.4162234090803585e-12,2.8263829818114293e-12,11.354948964518758
MHb,Lateral,LHb.7,200,50,49,199,12,23.082526376644022,4.158146624443827e-12,CDH12;CNTN5;COL25A1;FGF14;LRFN5;LRP1B;MGAT4C;NLGN1;PDE4D;PRKG1;SLC2A13;TRPM3,6.930244374073046e-11,5.638164914500105e-11,10.159251451038953
MHb,Lateral,MHb.1,200,50,49,192,6,9.984996249062265,6.319358066476656e-05,DLG2;IL1RAPL1;OPCML;PDE11A;RIMS1;ROBO2,0.00023306223422359126,0.0002808603585100736,3.632528094549296
MHb,Lateral,MHb.2,200,50,49,200,5,7.751165501165501,0.0007512458815016507,BRINP3;DACH1;IL1RAPL1;MDGA2;ROBO2,0.0018781147037541268,0.0025948540711262093,2.7262778872103572
MHb,Lateral,MHb.3,200,50,49,200,6,9.56748981059698,7.924115963602103e-05,CSMD1;DACH1;ERBB4;GRM5;KCNB2;ROBO2,0.00023306223422359126,0.00033541231591966575,3.632528094549296
MHb,Dorsal,LHb.1,200,50,48,200,4,6.169294990723563,0.005404689657810867,FAM155A;LHFPL3;LSAMP;MACROD2,0.011636658209187807,0.015853516704858385,1.934171721548944
MHb,Dorsal,LHb.2,200,50,48,199,5,7.973507552145769,0.0006673670009966394,LRRC7;MSI2;OPCML;TRPM3;VAV3,0.0017562289499911564,0.0023834535749879975,2.755418868135882
MHb,Dorsal,LHb.3,200,50,48,199,7,11.831173780487806,5.877399136991897e-06,CTNNA2;LRRC4C;LSAMP;MGAT4C;PBX1;PTPRD;TMEFF2,2.7610748507815118e-05,3.288055461254208e-05,4.558921819785674
MHb,Dorsal,LHb.4,200,50,48,200,4,6.169294990723563,0.005404689657810867,LRRC4C;LSAMP;PTPRD;TMEFF2,0.011636658209187807,0.015853516704858385,1.934171721548944
MHb,Dorsal,LHb.5,200,50,48,200,4,6.169294990723563,0.005404689657810867,LRRC7;LSAMP;PBX1;RALYL,0.011636658209187807,0.015853516704858385,1.934171721548944
MHb,Dorsal,LHb.6,200,50,48,200,8,13.859375,4.4677796522136503e-07,CNTNAP2;GRIP1;KCTD8;OPCML;ROBO1;SYT9;TRPM3;VAV3,2.7923622826335314e-06,3.0548920698896757e-06,5.5540282367861
MHb,Dorsal,LHb.7,200,50,48,199,11,21.046434732604947,7.33770803784045e-11,CPNE4;CTNNA2;DPP6;FGF14;MGAT4C;MSI2;NTM;NWD2;RBMS3;RGS6;TRPM3,9.172135047300563e-10,9.031025277342092e-10,9.037529559495342
MHb,Dorsal,MHb.1,200,50,48,192,6,10.223502304147466,5.611085915151731e-05,ASIC2;IL1RAPL1;KCND2;KCNMA1;OPCML;SCUBE1,0.00023306223422359126,0.00025504935977962415,3.632528094549296
MHb,Dorsal,MHb.2,200,50,48,200,16,36.17663043478261,4.1523376894244245e-18,ANKS1B;ASIC2;CACNA1E;CDK14;DPP10;EPHA6;GABBR2;IL1RAPL1;KCNIP1;KCNMA1;KCTD8;NWD2;RGS6;SCUBE1;SYT9;VAV3,2.0761688447122121e-16,1.1072900505131799e-16,15.682737330329836
MHb,Dorsal,MHb.3,200,50,48,200,7,11.76898774169089,6.074364671719326e-06,ASIC2;AUTS2;CDK14;DPP10;STXBP5L;SYT9;TMEFF2,2.7610748507815118e-05,3.37464703984407e-05,4.558921819785674
MHb,Superior/Dorsal,LHb.1,200,50,49,200,0,0.0,1.0,,1.0,1.0,-0.0
MHb,Superior/Dorsal,LHb.2,200,50,49,199,4,6.063133903133903,0.005716987440132063,GPM6A;GPR151;SPOCK2;TSPAN13,0.011636658209187807,0.016046282697468224,1.934171721548944
MHb,Superior/Dorsal,LHb.3,200,50,49,199,0,0.0,1.0,,1.0,1.0,-0.0
MHb,Superior/Dorsal,LHb.4,200,50,49,200,2,2.8579411132602623,0.1630985632033187,SCG2;SLC22A17,0.25484150500518543,0.3190191945297187,0.5937298387904465
MHb,Superior/Dorsal,LHb.5,200,50,49,200,1,1.3920644891122278,0.5181937738630353,SCG2,0.6643509921320966,0.8512423389947192,0.17760241209002117
MHb,Superior/Dorsal,LHb.6,200,50,49,200,4,6.031746031746032,0.0058183291045939035,GABBR1;NSG2;OLFM1;THY1,0.011636658209187807,0.016218338967509138,1.934171721548944
MHb,Superior/Dorsal,LHb.7,200,50,49,199,2,2.872664434604169,0.16182323253245778,APP;GPR151,0.25484150500518543,0.3190191945297187,0.5937298387904465
MHb,Superior/Dorsal,MHb.1,200,50,49,192,7,11.991891891891893,5.351354973231191e-06,CHRNA3;ITM2B;ITM2C;PCSK1N;SCG2;SYT4;TSPAN13,2.7610748507815118e-05,3.036229772046066e-05,4.558921819785674
MHb,Superior/Dorsal,MHb.2,200,50,49,200,6,9.56748981059698,7.924115963602103e-05,CHRNA3;CHST2;GABBR1;LRRC55;SLC17A7;TSPAN13,0.00023306223422359126,0.00033541231591966575,3.632528094549296
MHb,Superior/Dorsal,MHb.3,200,50,49,200,2,2.8579411132602623,0.1630985632033187,CHST2;SYT4,0.25484150500518543,0.3190191945297187,0.5937298387904465
MHb,Ventral,LHb.1,200,100,94,200,8,6.423934108527132,7.381161044408972e-05,CADPS;CAMK1D;CDH18;KCNIP4;MAST4;PDE4B;PLPP3;SPARCL1,0.00016775366010020389,0.00031918534246092847,3.775327995486953
MHb,Ventral,LHb.2,200,100,94,199,4,3.0213105413105414,0.04966690357978757,GAP43;HTR2C;PITPNC1;ZFHX3,0.07760453684341807,0.11007187146270178,1.110112888684248
MHb,Ventral,LHb.3,200,100,94,199,5,3.83904783968493,0.012453881454570092,CADPS;CDH18;GAP43;SLC1A2;ZFHX3,0.020756469090950153,0.0319556815580775,1.6828465229207847
MHb,Ventral,LHb.4,200,100,94,200,6,4.659208059981256,0.0026668510589823876,CADPS;CALM1;EDIL3;GRM7;KCNIP4;ZFHX3,0.00476223403389712,0.008672686370674431,2.3221892655601644
MHb,Ventral,LHb.5,200,100,94,200,8,6.423934108527132,7.381161044408972e-05,CADPS;CAMK1D;GRM7;KCNIP4;NPAS3;PDE4B;PITPNC1;PLPP3,0.00016775366010020389,0.00031918534246092847,3.775327995486953
MHb,Ventral,LHb.6,200,100,94,200,2,1.4550944224857267,0.4054573670035723,MBP;SLC4A4,0.5687418051951114,0.7036136520669367,0.24508484788943893
MHb,Ventral,LHb.7,200,100,94,199,4,3.0213105413105414,0.04966690357978757,CDH18;HTR2C;PLCB1;ZFHX3,0.07760453684341807,0.11007187146270178,1.110112888684248
MHb,Ventral,MHb.1,200,100,94,192,6,4.862536656891495,0.0021747199856046073,CALB2;FTH1;HSP90AA1;HSPA8;PTN;SLC4A4,0.004027259232601124,0.00710112648360688,2.3949904141808336
MHb,Ventral,MHb.2,200,100,94,200,0,0.0,1.0,,1.0,1.0,-0.0
MHb,Ventral,MHb.3,200,100,94,200,0,0.0,1.0,,1.0,1.0,-0.0
MHb,Ventral/Dorsal,LHb.1,200,100,83,200,0,0.0,1.0,,1.0,1.0,-0.0
MHb,Ventral/Dorsal,LHb.2,200,100,83,199,0,0.0,1.0,,1.0,1.0,-0.0
MHb,Ventral/Dorsal,LHb.3,200,100,83,199,0,0.0,1.0,,1.0,1.0,-0.0
MHb,Ventral/Dorsal,LHb.4,200,100,83,200,1,0.8127834293418311,0.710170720851558,CALM1,0.8877134010644474,1.0,0.05172722389078596
MHb,Ventral/Dorsal,LHb.5,200,100,83,200,0,0.0,1.0,,1.0,1.0,-0.0
MHb,Ventral/Dorsal,LHb.6,200,100,83,200,1,0.8127834293418311,0.710170720851558,GNG8,0.8877134010644474,1.0,0.05172722389078596
MHb,Ventral/Dorsal,LHb.7,200,100,83,199,0,0.0,1.0,,1.0,1.0,-0.0
MHb,Ventral/Dorsal,MHb.1,200,100,83,192,7,6.610170697012802,0.00017241118796586087,GNG8;H3F3B;HSP90AA1;HSPA8;NRN1;OAZ1;PCSK1N,0.00037480693036056706,0.0006896447518634435,3.426192387395985
MHb,Ventral/Dorsal,MHb.2,200,100,83,200,2,1.6540715799975059,0.34741975697731,GNG8;NRGN,0.5109114073195734,0.6042082730040174,0.2916544005460842
MHb,Ventral/Dorsal,MHb.3,200,100,83,200,1,0.8127834293418311,0.710170720851558,NRGN,0.8877134010644474,1.0,0.05172722389078596
MHb,Lateral,LHb.1,200,100,98,200,12,9.840920336467095,2.0650940989117488e-08,AGBL4;BRINP1;CNTN4;CTNND2;DACH1;FAM155A;GRIA1;HDAC9;KCNIP4;LRP1B;SNTG1;TENM3,7.942669611199034e-08,1.6687629082115142e-07,7.10003350228976
MHb,Lateral,LHb.2,200,100,98,199,19,17.726652601969057,1.9726747488512897e-16,CDH12;CEP112;COL25A1;CSMD1;CSMD3;ERBB4;GALNT13;KCNH7;KIRREL3;NCAM2;OLFM3;OPCML;PDE10A;PDE1A;POU6F2;PRKG1;PTPRN2;THSD7B;TRPM3,1.9726747488512896e-15,4.2652427002190045e-15,14.704944514556932
MHb,Lateral,LHb.3,200,100,98,199,14,11.947747747747748,1.5261350261567159e-10,ADARB2;CELF2;DCC;GRIA1;KLHL29;LRFN5;LRP1B;LRRTM4;MGAT4C;NLGN1;PDE10A;PTPRD;SNTG1;TENM3,9.063468059960937e-10,1.6957055846185732e-09,9.042705591384161
MHb,Lateral,LHb.4,200,100,98,200,9,7.018295193834931,1.411179286919786e-05,CELF2;CHRM3;GRM5;GRM8;KCNIP4;LRRTM4;NRXN3;PTPRD;SNTG1,3.527948217299465e-05,7.012070990905769e-05,4.452477798003411
MHb,Lateral,LHb.5,200,100,98,200,14,11.882616487455197,1.6314242507929686e-10,ADGRL3;AGBL4;CNTN4;CNTN5;CSMD3;DLG2;DMD;ERBB4;FOCAD;GALNTL6;KCNIP4;PDE10A;POU6F2;TENM3,9.063468059960937e-10,1.7637018927491552e-09,9.042705591384161
MHb,Lateral,LHb.6,200,100,98,200,23,22.991337099811677,1.2161942781441092e-21,BRINP1;BRINP3;CADM2;CADPS2;CELF4;CNTNAP2;DCC;DLGAP1;ERBB4;GALNT13;GALNTL6;GRIP1;GRM5;KCTD8;MMP16;OPCML;PCDH9;RIMS1;ROBO1;ROBO2;SYT6;THSD7B;TRPM3,2.0269904635735153e-20,4.422524647796761e-20,19.693148294536957
MHb,Lateral,LHb.7,200,100,98,199,25,26.123838765548733,1.741763976225939e-24,BRINP1;CADPS2;CDH12;CNTN5;CNTNAP4;COL25A1;CPNE4;DPP6;FGF14;GRM3;KCNH7;KLHL29;LRFN5;LRP1B;MGAT4C;MTUS2;NLGN1;NRG1;NRXN1;PDE4D;PRKG1;RBMS3;SLC2A13;TMEM163;TRPM3,4.354409940564848e-23,9.289407873205009e-23,22.36107068725071
MHb,Lateral,MHb.1,200,100,98,192,13,11.336444298389747,1.1638818663446793e-09,BRINP1;CELF4;CNTN4;COL16A1;DLG2;IL1RAPL1;KCND2;OPCML;PDE11A;RIMS1;ROBO2;SYT6;THSD7B,5.819409331723396e-09,1.1354945037509068e-08,8.23512109387095
MHb,Lateral,MHb.2,200,100,98,200,14,11.882616487455197,1.6314242507929686e-10,BRINP3;CACNA1E;CADPS2;CELF4;DACH1;DLGAP1;EPHA6;IL1RAPL1;KCTD8;MARCH3;MDGA2;PDE1A;ROBO2;THSD7B,9.063468059960937e-10,1.7637018927491552e-09,9.042705591384161
MHb,Lateral,MHb.3,200,100,98,200,6,4.455289108023308,0.00328473200910754,CSMD1;DACH1;ERBB4;GRM5;KCNB2;ROBO2,0.005663331050185415,0.010553355852554345,2.246928050934562
MHb,Dorsal,LHb.1,200,100,98,200,11,8.869306087696891,2.0189809742367046e-07,CTNND2;DACH1;EBF1;FAM155A;GRIA1;LHFPL3;LSAMP;MACROD2;NKAIN3;RYR2;SLIT2,6.729936580789016e-07,1.404508503816838e-06,6.171989028308437
MHb,Dorsal,LHb.2,200,100,98,199,13,10.90404807084124,1.8057781990808772e-09,CACNA1C;CEP112;GALNT13;LRRC7;MSI2;OPCML;PLCL1;PRKD1;PTPRN2;SGCZ;THSD7A;TRPM3;VAV3,8.208082723094896e-09,1.660485700304255e-08,8.085758275282624
MHb,Dorsal,LHb.3,200,100,98,199,12,9.894291754756871,1.9527082857564065e-08,CTNNA2;EBF1;GRIA1;LRRC4C;LSAMP;MGAT4C;NEDD4L;NKAIN3;NRCAM;PBX1;PTPRD;TMEFF2,7.942669611199034e-08,1.5940475802093115e-07,7.10003350228976
MHb,Dorsal,LHb.4,200,100,98,200,7,5.282582702271822,0.0006131700904284366,LRRC4C;LSAMP;NAV3;NEDD4L;NKAIN3;PTPRD;TMEFF2,0.0011791732508239165,0.0022096219474898615,2.928422381207659
MHb,Dorsal,LHb.5,200,100,98,200,10,7.928827751196172,1.7828025711140011e-06,DLG2;DMD;DOK6;LRRC7;LSAMP;NAV3;PBX1;RALYL;RYR2;TENM1,4.952229364205559e-06,1.0410525962709496e-05,5.3051992490238815
MHb,Dorsal,LHb.6,200,100,98,200,15,12.955389124063823,1.272924702750748e-11,CADM2;CADPS2;CNTNAP2;GALNT13;GRIP1;KCTD8;LCORL;OPCML;PLD5;PRKD1;ROBO1;ROBO3;SYT9;TRPM3;VAV3,1.0607705856256233e-10,1.6694094462304893e-10,9.974378531433262
MHb,Dorsal,LHb.7,200,100,98,199,19,17.726652601969057,1.9726747488512897e-16,CADPS2;CPNE4;CTNNA2;DOK6;DPP6;FGF14;MGAT4C;MSI2;NRG1;NRXN1;NTM;NWD2;PDE4D;PRKD1;RBMS3;RGS6;SGCZ;THSD7A;TRPM3,1.9726747488512896e-15,4.2652427002190045e-15,14.704944514556932
MHb,Dorsal,MHb.1,200,100,98,192,9,7.3295266163197645,1.0169286466934887e-05,ASIC2;DLG2;IL1RAPL1;KCND2;KCNMA1;OPCML;PLCL1;PLD5;SCUBE1,2.676128017614444e-05,5.3172739696391566e-05,4.5724931151143355
MHb,Dorsal,MHb.2,200,100,98,200,28,30.872093023255815,8.417246325499128e-29,ANKS1B;ANO3;ASIC2;CACNA1E;CADPS2;CDK14;CNNM2;DACH1;DPP10;EPHA6;GABBR2;IL1RAPL1;KCNIP1;KCNMA1;KCTD8;LCORL;MDGA2;NWD2;PLD5;PTPRR;RGS6;ROBO3;RYR2;SCUBE1;SEMA6D;ST6GALNAC5;SYT9;VAV3,4.2086231627495636e-27,5.611497550332752e-27,26.375859958943153
MHb,Dorsal,MHb.3,200,100,98,200,10,7.928827751196172,1.7828025711140011e-06,ASIC2;AUTS2;CDK14;DACH1;DPP10;LCORL;PLD5;STXBP5L;SYT9;TMEFF2,4.952229364205559e-06,1.0410525962709496e-05,5.3051992490238815
MHb,Superior/Dorsal,LHb.1,200,100,97,200,0,0.0,1.0,,1.0,1.0,-0.0
MHb,Superior/Dorsal,LHb.2,200,100,97,199,7,5.369907407407408,0.0005595141592497656,CALY;GPM6A;GPR151;LY6H;PLXNC1;SPOCK2;TSPAN13,0.0011529206246126491,0.0020372652965085654,2.938200591646636
MHb,Superior/Dorsal,LHb.3,200,100,97,199,0,0.0,1.0,,1.0,1.0,-0.0
MHb,Superior/Dorsal,LHb.4,200,100,97,200,2,1.4088250930356194,0.42086893584438245,SCG2;SLC22A17,0.5687418051951114,0.722521778273618,0.24508484788943893
MHb,Superior/Dorsal,LHb.5,200,100,97,200,1,0.6935196817420436,0.7649879791418491,SCG2,0.9329121696851819,1.0,0.030159241587458672
MHb,Superior/Dorsal,LHb.6,200,100,97,200,7,5.34168105929764,0.0005764603123063246,AMIGO2;GABBR1;NSG2;OLFM1;SLC5A7;THY1;TIMP2,0.0011529206246126491,0.0020867341621948403,2.938200591646636
MHb,Superior/Dorsal,LHb.7,200,100,97,199,2,1.4160833555971146,0.41838816218281477,APP;GPR151,0.5687418051951114,0.7213589003151979,0.24508484788943893
MHb,Superior/Dorsal,MHb.1,200,100,97,192,11,9.375369394834896,1.200086811046429e-07,CHRNA3;CHRNB4;ITM2B;ITM2C;NPTX1;PCSK1N;SCG2;SYT4;TIMP2;TSPAN13;TSPAN7,4.286024325165818e-07,8.807976594836176e-07,6.367945368465607
MHb,Superior/Dorsal,MHb.2,200,100,97,200,10,8.020568663036903,1.6214857880843784e-06,AMIGO2;CHRNA3;CHRNB4;CHST2;GABBR1;LRRC55;PCSK2;SLC17A7;SLC5A7;TSPAN13,4.952229364205559e-06,9.60880467012965e-06,5.3051992490238815
MHb,Superior/Dorsal,MHb.3,200,100,97,200,3,2.14672210821903,0.17279156968759815,CHST2;PRNP;SYT4,0.26180540861757295,0.33070156878009216,0.5820213856366637
MHb,Ventral,LHb.1,200,200,105,200,9,6.503108638743456,2.465720570582634e-05,CADPS;CAMK1D;CDH18;KCNIP4;MAST4;PDE4B;PLPP3;RAB3C;SPARCL1,5.1369178553804875e-05,0.00011811835068659325,4.2892973790372375
MHb,Ventral,LHb.2,200,200,105,199,5,3.4139175257731957,0.019275471848871163,GAP43;HTR2C;PITPNC1;SPOCK3;ZFHX3,0.031089470723985747,0.04630743987716796,1.5073866714469657
MHb,Ventral,LHb.3,200,200,105,199,6,4.159836709059507,0.004503883442979868,CADPS;CDH18;GAP43;RAB3C;SLC1A2;ZFHX3,0.007506472404966448,0.013965530055751529,2.124564107600227
MHb,Ventral,LHb.4,200,200,105,200,8,5.690721649484536,0.00016102733405203934,CADPS;CALM1;EDIL3;GRM7;IGFBP5;KCNIP4;RAB3C;ZFHX3,0.0002875488108072131,0.0006473460665408617,3.54128842413975
MHb,Ventral,LHb.5,200,200,105,200,9,6.503108638743456,2.465720570582634e-05,CADPS;CAMK1D;GRM7;KCNIP4;NPAS3;PDE4B;PITPNC1;PLPP3;RAB3C,5.1369178553804875e-05,0.00011811835068659325,4.2892973790372375
MHb,Ventral,LHb.6,200,200,105,200,2,1.298617240364813,0.46093265176036535,MBP;SLC4A4,0.5761658147004567,0.7795901086856073,0.23945251302433893
MHb,Ventral,LHb.7,200,200,105,199,4,2.69002284843869,0.06894910983425735,CDH18;HTR2C;PLCB1;ZFHX3,0.10446834823372325,0.14553901811980444,0.9810152719417559
MHb,Ventral,MHb.1,200,200,105,192,6,4.318670576735093,0.003783209111014106,CALB2;FTH1;HSP90AA1;HSPA8;PTN;SLC4A4,0.006522774329334666,0.01182252847191908,2.1855676466530545
MHb,Ventral,MHb.2,200,200,105,200,0,0.0,1.0,,1.0,1.0,-0.0
MHb,Ventral,MHb.3,200,200,105,200,0,0.0,1.0,,1.0,1.0,-0.0
MHb,Ventral/Dorsal,LHb.1,200,200,181,200,1,0.3675321049692909,0.9335089175414873,TESC,1.0,1.0,-0.0
MHb,Ventral/Dorsal,LHb.2,200,200,181,199,2,0.7467884184556051,0.7481902828143694,LY6H;TSPAN13,0.8728806750135158,1.0,0.059045121386221026
MHb,Ventral/Dorsal,LHb.3,200,200,181,199,1,0.3694163860830528,0.9325947598563381,STMN2,1.0,1.0,-0.0
MHb,Ventral/Dorsal,LHb.4,200,200,181,200,2,0.7429603295525083,0.7506773805116236,CALM1;STMN2,0.8728806750135158,1.0,0.059045121386221026
MHb,Ventral/Dorsal,LHb.5,200,200,181,200,0,0.0,1.0,,1.0,1.0,-0.0
MHb,Ventral/Dorsal,LHb.6,200,200,181,200,2,0.7429603295525083,0.7506773805116236,GNG8;OLFM1,0.8728806750135158,1.0,0.059045121386221026
MHb,Ventral/Dorsal,LHb.7,200,200,181,199,0,0.0,1.0,,1.0,1.0,-0.0
MHb,Ventral/Dorsal,MHb.1,200,200,181,192,12,5.200788954635108,1.0287985967412735e-05,GNG8;H3F3B;HSP90AA1;HSPA8;ITM2B;MYL6;NRN1;OAZ1;PCSK1N;TMSB10;TSPAN13;TUBA1A,2.33817862895744e-05,5.3444082947598624e-05,4.631122313273787
MHb,Ventral/Dorsal,MHb.2,200,200,181,200,5,1.918560606060606,0.13025191682638337,CACNB3;GNG8;NRGN;TSPAN13;ZFAND5,0.1915469365093873,0.26787026596685526,0.7177247894794295
MHb,Ventral/Dorsal,MHb.3,200,200,181,200,1,0.3675321049692909,0.9335089175414873,NRGN,1.0,1.0,-0.0
MHb,Lateral,LHb.1,200,200,193,200,17,6.950850720317933,3.810462017493207e-09,AGBL4;ALCAM;BRINP1;CNTN4;CTNND2;DACH1;FAM155A;GRIA1;HDAC9;KCNIP4;LINGO2;LRP1B;LSAMP;MTCL1;RYR2;SNTG1;TENM3,1.1207241227921197e-08,3.2778167892414684e-08,7.950501280085042
MHb,Lateral,LHb.2,200,200,193,199,35,17.813368323556652,1.6625645171845481e-28,CACNA1C;CDH12;CEP112;COL25A1;CSMD1;CSMD3;ERBB4;GALNT13;GPHN;GRID1;GRIN2B;KCNH5;KCNH7;KIRREL3;LRRTM3;MAGI3;MSI2;NCAM2;OLFM3;OPCML;OPRM1;PCDH15;PDE10A;PDE1A;PLCL1;POU6F2;PRKG1;PTPRN2;PTPRQ;RIT2;SLC8A1;THSD7B;TMEM117;TRPM3;WLS,2.770940861974247e-27,1.0231166259597218e-26,26.557372742926653
MHb,Lateral,LHb.3,200,200,193,199,18,7.484704025256511,4.724177073434035e-10,ADARB2;ARHGAP26;CELF2;CTNNA2;DCC;GRIA1;KLHL29;LRFN5;LRP1B;LRRC4C;LRRTM4;LSAMP;MGAT4C;NLGN1;PDE10A;PTPRD;SNTG1;TENM3,1.6872060976550125e-09,4.78397678322434e-09,8.77283186370175
MHb,Lateral,LHb.4,200,200,193,200,15,5.997722441542666,1.7151395689054708e-07,ARHGAP26;CELF2;CHRM3;GRM5;GRM8;KCNIP4;LRRC4C;LRRTM3;LRRTM4;LSAMP;NAV3;NRXN3;PTPRD;RIT2;SNTG1,4.2878489222636767e-07,1.218098951598049e-06,6.367760524943807
MHb,Lateral,LHb.5,200,200,193,200,24,10.631522323830016,8.560752417380275e-16,ADGRL3;AGBL4;ALCAM;ARHGAP26;CNTN4;CNTN5;CSMD3;DLG2;DMD;ERBB4;FOCAD;GALNTL6;KCNIP4;LINGO2;LSAMP;MAML3;NAV3;PDE10A;POU6F2;RIT2;RYR2;SLC44A5;SORBS2;TENM3,5.350470260862672e-15,1.6703907155863953e-14,14.271608045507307
MHb,Lateral,LHb.6,200,200,193,200,29,13.630330908572244,3.0647263144571095e-21,BRINP1;BRINP3;CADM2;CADPS2;CELF4;CNTNAP2;DCC;DLGAP1;ERBB4;GALNT13;GALNTL6;GRIP1;GRM5;KCTD8;MAGI3;MAML3;MMP16;OPCML;PCDH9;PTPRZ1;RIMS1;ROBO1;ROBO2;RSPO3;SLC35F4;SYT6;THSD7B;TNR;TRPM3,3.064726314457109e-20,1.065991761550299e-19,19.51360830268818
MHb,Lateral,LHb.7,200,200,193,199,39,20.880194805194805,1.1539273994122617e-33,BRINP1;CADPS2;CDH12;CNTN1;CNTN5;CNTNAP4;COL25A1;CPNE4;CTNNA2;DPP6;FGF14;GRID1;GRM3;KCNH5;KCNH7;KCNN2;KLHL29;LIN7A;LINGO2;LRFN5;LRP1B;MGAT4C;MSI2;MTUS2;NLGN1;NRG1;NRXN1;PDE4D;PRKG1;PTPRQ;RBMS3;RGS6;SLC2A13;SLC44A5;SLC8A1;SYT1;TMEM163;TRPM3;ZBTB20,2.884818498530654e-32,1.5385698658830156e-31,31.539881505754774
MHb,Lateral,MHb.1,200,200,193,192,19,8.318417380904924,3.166090071836373e-11,BRINP1;CELF4;CFTR;CNTN4;COL16A1;DLG2;IL1RAPL1;KCND2;KCNMA1;OPCML;PDE11A;PLCL1;PLPPR1;RIMS1;ROBO2;ROR2;SOX5;SYT6;THSD7B,1.439131850834715e-10,4.0852775120469327e-10,9.84189941491208
MHb,Lateral,MHb.2,200,200,193,200,27,12.390591266801309,5.343839848898297e-19,BRINP3;CACNA1E;CADPS2;CDK14;CELF4;CFTR;DACH1;DLGAP1;DNM3;DPP10;EPHA6;IL1RAPL1;KCNMA1;KCTD8;MARCH3;MDGA2;PCSK2;PDE1A;PLXDC2;RGS6;ROBO2;RYR2;SEMA6D;SOX5;THSD7B;TNR;UBE2E2,4.453199874081914e-18,1.583359955229125e-17,17.351327811883646
MHb,Lateral,MHb.3,200,200,193,200,11,4.209343566486424,0.00013826145456109236,AUTS2;CDK14;CSMD1;DACH1;DPP10;ERBB4;GRM5;KCNB2;RASGEF1B;ROBO2;TMEM108,0.0002658874126174853,0.0005643324675962954,3.5753022221274913
MHb,Dorsal,LHb.1,200,200,193,200,23,10.070621468926554,9.044416273943364e-15,AGBL4;CDH10;CTNND2;DACH1;EBF1;FAM155A;FRMD4A;FSTL5;GRIA1;GRIN2A;HDAC9;INPP4B;LHFPL3;LSAMP;MACROD2;NKAIN3;PCLO;RYR2;SEMA3E;SLC35F3;SLIT2;SNTG1;TMTC2,5.024675707746314e-14,1.6826820974778353e-13,13.298891962341514
MHb,Dorsal,LHb.2,200,200,193,199,25,11.270183360700601,6.812749187617509e-17,ADCY8;CACNA1C;CEP112;DOCK4;FOXP2;FRY;GALNT13;GPHN;LRRC7;MSI2;NCAM2;OPCML;PBX3;PDE1A;PLCL1;PRKD1;PTPRN2;RIMBP2;SEMA5A;SGCZ;THSD7A;TMEM117;TNIK;TRPM3;VAV3,4.866249419726791e-16,1.6515755606345474e-15,15.312805635060982
MHb,Dorsal,LHb.3,200,200,193,199,18,7.484704025256511,4.724177073434035e-10,CDH10;CELF2;CTNNA2;DCC;EBF1;GRIA1;INPP4B;LRRC4C;LSAMP;MGAT4C;NEDD4L;NKAIN3;NLGN1;NRCAM;PBX1;PTPRD;SNTG1;TMEFF2,1.6872060976550125e-09,4.78397678322434e-09,8.77283186370175
MHb,Dorsal,LHb.4,200,200,193,200,17,6.950850720317933,3.810462017493207e-09,BTBD11;CDH10;CELF2;FRMD4A;GRIA2;INPP4B;LRRC4C;LSAMP;NAV3;NEDD4L;NEGR1;NKAIN3;PACRG;PTPRD;SEMA5A;SNTG1;TMEFF2,1.1207241227921197e-08,3.2778167892414684e-08,7.950501280085042
MHb,Dorsal,LHb.5,200,200,193,200,18,7.443014128728414,5.127415422209914e-10,AGBL4;DLG2;DMD;DOK6;FRMD4A;LRRC7;LSAMP;NAV3;NEGR1;PBX1;PCLO;RALYL;RYR2;SEMA3E;SORBS2;SOX6;TENM1;TMTC2,1.7091384740699714e-09,5.064113997244359e-09,8.767222749398512
MHb,Dorsal,LHb.6,200,200,193,200,21,8.985091594127582,8.579550680495148e-13,CADM2;CADPS2;CNTNAP2;DCC;DLGAP1;GALNT13;GFRA1;GRIP1;KCTD8;LCORL;MCC;OPCML;PLD5;PRKD1;RIMS1;ROBO1;ROBO3;SYT9;TNR;TRPM3;VAV3,4.289775340247574e-12,1.2041474639291437e-11,11.367565451648753
MHb,Dorsal,LHb.7,200,200,193,199,31,15.017048794826573,1.2519529519254169e-23,CADPS2;CPNE4;CTNNA2;DOK6;DPP6;FGF14;FRY;GRIN2A;KCNN2;KLHL1;LRRC3B;MGAT4C;MSI2;MTUS2;NFAT5;NLGN1;NRG1;NRXN1;NTM;NWD2;PBX3;PDE4D;PRKCB;PRKD1;RBFOX3;RBMS3;RGS6;SGCZ;SYT1;THSD7A;TRPM3,1.564941189906771e-22,6.259764759627084e-22,21.80550197848742
MHb,Dorsal,MHb.1,200,200,193,192,14,5.788588286987634,6.30947815088682e-07,ASIC2;CPNE9;DLG2;EPHA7;GDPD5;IL1RAPL1;KCND2;KCNMA1;OPCML;PEX5L;PLCL1;PLD5;RIMS1;SCUBE1,1.5022567025921e-06,4.17155580223922e-06,5.82325584962641
MHb,Dorsal,MHb.2,200,200,193,200,48,28.747731397459166,4.2087916276218955e-46,ANK1;ANKS1B;ANO3;ASIC2;ATRNL1;CACNA1E;CADPS2;CDK14;CNNM2;CPNE9;DACH1;DGKB;DLGAP1;DPP10;EPHA6;EPHA7;GABBR2;GDPD5;GFRA1;HECW2;IL1RAPL1;KCNIP1;KCNMA1;KCTD8;LCORL;MCC;MDGA2;NRP2;NWD2;NXPH1;PARD3;PDE1A;PEX5L;PLCH2;PLD5;PTPRR;RGS6;ROBO3;RYR2;SCUBE1;SEMA6D;SLC24A2;SOX6;ST6GALNAC5;SYNPR;SYT9;TNR;VAV3,2.1043958138109476e-44,1.683516651048758e-43,43.67687257079838
MHb,Dorsal,MHb.3,200,200,193,200,19,7.945926208166635,6.46989324700115e-11,ASIC2;AUTS2;CDK14;DACH1;DPP10;EPHA7;FOXP2;LCORL;LRRC3B;NRP2;NXPH1;PEX5L;PLD5;SLC24A2;STXBP5L;SYNPR;SYT9;TMEFF2;ZDHHC14,2.695788852917146e-10,8.087366558751438e-10,9.569314126826647
MHb,Superior/Dorsal,LHb.1,200,200,194,200,4,1.4129967776584318,0.3219690439985197,ALCAM;KCNG4;SEMA3E;SSTR2,0.4127808256391278,0.5626458728861033,0.3842804846185553
MHb,Superior/Dorsal,LHb.2,200,200,194,199,12,4.641476170887936,2.9485804124230388e-05,ADCYAP1;CALY;CBLN2;GPM6A;GPR151;LY6H;PLXNC1;SPOCK2;SULF2;THSD7A;TSPAN13;TUSC3,5.8971608248460776e-05,0.00013635053930279947,4.2293570281674535
MHb,Superior/Dorsal,LHb.3,200,200,194,199,4,1.4203508771929825,0.31872598595507484,B3GAT1;GLRB;HS6ST2;PCSK1,0.4127808256391278,0.5626458728861033,0.3842804846185553
MHb,Superior/Dorsal,LHb.4,200,200,194,200,4,1.4129967776584318,0.3219690439985197,B3GAT1;GLRB;SCG2;SLC22A17,0.4127808256391278,0.5626458728861033,0.3842804846185553
MHb,Superior/Dorsal,LHb.5,200,200,194,200,4,1.4129967776584318,0.3219690439985197,ALCAM;GLRB;SCG2;SEMA3E,0.4127808256391278,0.5626458728861033,0.3842804846185553
MHb,Superior/Dorsal,LHb.6,200,200,194,200,11,4.1860236505045245,0.0001447100674452346,ADCYAP1;AMIGO2;GABBR1;GFRA1;NSG2;OLFM1;PDE2A;SLC5A7;SSTR2;THY1;TIMP2,0.0002679816063800641,0.000587655096224303,3.5718950138883057
MHb,Superior/Dorsal,LHb.7,200,200,194,199,7,2.565535873440285,0.024564925273775358,APP;CBLN2;CNTN1;GPR151;SULF2;SV2B;THSD7A,0.038382695740273996,0.05866250811647847,1.4158645266299354
MHb,Superior/Dorsal,MHb.1,200,200,194,192,16,6.728804902962207,1.595849998999842e-08,BSCL2;CHRNA3;CHRNB4;ITM2B;ITM2C;NPTX1;NRN1;PCSK1N;PDE2A;RNASEK;SCG2;SYT4;TAC1;TIMP2;TSPAN13;TSPAN7,4.4329166638884506e-08,1.329874999166535e-07,7.353310433093534
MHb,Superior/Dorsal,MHb.2,200,200,194,200,16,6.432340009770396,2.8488596045851963e-08,AMIGO2;CHRNA3;CHRNB4;CHST2;FZD1;GABBR1;GABBR2;GFRA1;LRRC55;NRP2;PCSK2;PDE2A;SLC17A7;SLC5A7;TSPAN13;ZIC1,7.496998959434727e-08,2.2565224590773832e-07,7.125112549432904
MHb,Superior/Dorsal,MHb.3,200,200,194,200,4,1.4129967776584318,0.3219690439985197,CHST2;NRP2;PRNP;SYT4,0.4127808256391278,0.5626458728861033,0.3842804846185553
MHb,Ventral,LHb.1,200,500,105,200,9,6.503108638743456,2.465720570582634e-05,CADPS;CAMK1D;CDH18;KCNIP4;MAST4;PDE4B;PLPP3;RAB3C;SPARCL1,5.1369178553804875e-05,0.00011811835068659325,4.2892973790372375
MHb,Ventral,LHb.2,200,500,105,199,5,3.4139175257731957,0.019275471848871163,GAP43;HTR2C;PITPNC1;SPOCK3;ZFHX3,0.031089470723985747,0.04630743987716796,1.5073866714469657
MHb,Ventral,LHb.3,200,500,105,199,6,4.159836709059507,0.004503883442979868,CADPS;CDH18;GAP43;RAB3C;SLC1A2;ZFHX3,0.007506472404966448,0.013965530055751529,2.124564107600227
MHb,Ventral,LHb.4,200,500,105,200,8,5.690721649484536,0.00016102733405203934,CADPS;CALM1;EDIL3;GRM7;IGFBP5;KCNIP4;RAB3C;ZFHX3,0.0002981987667630358,0.0006473460665408617,3.525494156956518
MHb,Ventral,LHb.5,200,500,105,200,9,6.503108638743456,2.465720570582634e-05,CADPS;CAMK1D;GRM7;KCNIP4;NPAS3;PDE4B;PITPNC1;PLPP3;RAB3C,5.1369178553804875e-05,0.00011811835068659325,4.2892973790372375
MHb,Ventral,LHb.6,200,500,105,200,2,1.298617240364813,0.46093265176036535,MBP;SLC4A4,0.6064903312636386,0.7795901086856073,0.2171761183131867
MHb,Ventral,LHb.7,200,500,105,199,4,2.69002284843869,0.06894910983425735,CDH18;HTR2C;PLCB1;ZFHX3,0.10773298411602711,0.14553901811980444,0.9676513103837744
MHb,Ventral,MHb.1,200,500,105,192,6,4.318670576735093,0.003783209111014106,CALB2;FTH1;HSP90AA1;HSPA8;PTN;SLC4A4,0.006522774329334666,0.01182252847191908,2.1855676466530545
MHb,Ventral,MHb.2,200,500,105,200,0,0.0,1.0,,1.0,1.0,-0.0
MHb,Ventral,MHb.3,200,500,105,200,0,0.0,1.0,,1.0,1.0,-0.0
MHb,Ventral/Dorsal,LHb.1,200,500,471,200,3,0.41900950149681115,0.9721148746742879,KIFAP3;SNCA;TESC,1.0,1.0,-0.0
MHb,Ventral/Dorsal,LHb.2,200,500,471,199,5,0.7123578602716694,0.8264403909431067,CALY;LY6H;NCALD;TCF7L2;TSPAN13,0.9647528095761916,1.0,0.01558394799195339
MHb,Ventral/Dorsal,LHb.3,200,500,471,199,2,0.27874406069723895,0.9931407605761831,BASP1;STMN2,1.0,1.0,-0.0
MHb,Ventral/Dorsal,LHb.4,200,500,471,200,4,0.5627758598085916,0.921061883615352,BASP1;CALM1;NCALD;STMN2,1.0,1.0,-0.0
MHb,Ventral/Dorsal,LHb.5,200,500,471,200,1,0.13765636694108843,0.9992007631986835,NCALD,1.0,1.0,-0.0
MHb,Ventral/Dorsal,LHb.6,200,500,471,200,7,1.0068675183133822,0.5470852925708813,CAMK2N1;ETV1;GABBR1;GNG8;MARCKS;NSG2;OLFM1,0.7013914007318991,0.8806201892489036,0.15403956300196178
MHb,Ventral/Dorsal,LHb.7,200,500,471,199,3,0.42118001046572473,0.9713490798084039,CPLX1;GNAO1;TCF7L2,1.0,1.0,-0.0
MHb,Ventral/Dorsal,MHb.1,200,500,471,192,18,2.9458780543503083,0.00012971262108295165,GNG8;H3F3B;HSP90AA1;HSPA8;ITM2B;ITM2C;MARCKS;MYL6;NCALD;NECAB3;NRN1;OAZ1;PCSK1N;RACK1;SYT4;TMSB10;TSPAN13;TUBA1A,0.00024944734823644546,0.0005321543429044171,3.603021108491287
MHb,Ventral/Dorsal,MHb.2,200,500,471,200,10,1.4709441717090992,0.15972281196876542,CACNB3;CHST2;ETV1;GABBR1;GNG8;NR4A2;NRGN;TSPAN13;ZFAND5;ZIC1,0.2348864881893609,0.3178403496392706,0.6291419652299667
MHb,Ventral/Dorsal,MHb.3,200,500,471,200,5,0.7086497193793331,0.8296874162355248,CHST2;CYGB;NRGN;PRNP;SYT4,0.9647528095761916,1.0,0.01558394799195339
MHb,Lateral,LHb.1,200,500,483,200,39,7.038484136310223,1.9660231324573936e-18,ABLIM1;ADAM23;AGBL4;ALCAM;BRINP1;CAMTA1;CNTN4;CTNND2;DACH1;DLC1;DPF3;FAM155A;GLCE;GRIA1;GRIK4;HDAC9;INPP4B;KCNH8;KCNIP4;KCNJ3;LINGO2;LRP1B;LSAMP;MTCL1;NDST4;NTRK2;OXR1;PCDH11X;PCLO;PLCL2;PPP2R2B;RMST;RYR2;SCN1A;SNTG1;SORCS3;SYN3;TENM3;UTRN,9.830115662286967e-18,5.617208949878267e-17,17.007441372178295
MHb,Lateral,LHb.2,200,500,483,199,65,15.002499464400486,3.674866867279628e-45,ADCY8;ADGRB3;CACNA1C;CACNB2;CCDC85A;CDH12;CEP112;COL25A1;CPNE8;CPSF6;CSMD1;CSMD3;DPYD;DPYSL3;ERBB4;GABRB1;GALNT13;GPHN;GPM6A;GRID1;GRIN2B;GUCY1A2;IMMP2L;KCNH5;KCNH7;KIF13A;KIRREL3;LRRC7;LRRTM3;MAGI3;MEF2A;MSI2;MTSS1;NCAM2;NELL2;OLFM3;OPCML;OPRM1;OSBPL3;PARD3B;PCDH15;PDE10A;PDE1A;PLCE1;PLCL1;POU6F2;PPP1R9A;PRICKLE2;PRKG1;PTPRN2;PTPRQ;RELN;RGS17;RIT2;SGCZ;SLC8A1;SLIT1;THSD7B;TMEM117;TMTC1;TNIK;TRPC5;TRPM3;WLS;XPR1,9.18716716819907e-44,9.799644979412343e-43,43.036818381201115
MHb,Lateral,LHb.3,200,500,483,199,43,8.085052447552448,4.7269151985829615e-22,ADAM23;ADARB2;ARHGAP26;CAMTA1;CDH11;CELF2;CNKSR2;CTNNA2;CUBN;DCC;FRAS1;FRMD3;GLCE;GNG2;GRIA1;GRIK4;INPP4B;KCNH8;KLHL29;LRFN5;LRP1B;LRRC4C;LRRTM4;LSAMP;MGAT4C;NLGN1;NTRK3;PBX1;PCDH11X;PDE10A;PEAK1;PLCL2;PLCXD3;PTPRD;RMST;SCN1A;SCN9A;SDK1;SNTG1;SORCS3;ST8SIA2;TENM3;TRPS1,2.6260639992127563e-21,1.8907660794331844e-20,20.58069469402481
MHb,Lateral,LHb.4,200,500,483,200,37,6.56500866598806,9.357065250503858e-17,ABLIM1;ALK;ARHGAP26;CELF2;CHRM3;CNKSR2;CPNE8;EPB41L3;FRAS1;FRMD3;GABRB1;GRIA2;GRIK4;GRM5;GRM8;INPP4B;KCNIP4;LRRC4C;LRRTM3;LRRTM4;LSAMP;MAGI1;NAV2;NAV3;NRXN3;PEAK1;PLCXD3;PTPRD;RIT2;RMST;RORA;SCN1A;SCN9A;SHC3;SLIT1;SNTG1;XKR4,3.898777187709941e-16,2.2016624118832606e-15,15.409071583717651
MHb,Lateral,LHb.5,200,500,483,200,52,10.527497334921929,1.1090475743078633e-30,ADGRL3;AGBL4;ALCAM;ARHGAP26;CACNB2;CASK;CDH13;CNTN4;CNTN5;CSMD3;DLG2;DMD;DOK6;ERBB4;FOCAD;GALNTL6;GRIK4;GUCY1A2;KCNC2;KCNIP4;LINGO2;LRRC7;LSAMP;MAML3;MLLT3;NAV3;NDST4;NELL2;NTRK2;PBX1;PCLO;PDE10A;PLCXD3;POU6F2;RALYL;RIT2;RMST;RYR2;SCN1A;SEMA6A;SLC35F1;SLC44A5;SLIT1;SNTB1;SORBS2;SORCS3;SOX6;TBL1X;TENM3;THRB;TRPS1;XKR4,9.242063119232194e-30,8.872380594462906e-29,29.034231069766605
MHb,Lateral,LHb.6,200,500,483,200,44,8.291922200806027,7.060194561698387e-23,BRINP1;BRINP3;CADM2;CADPS2;CELF4;CNTNAP2;COL11A1;CPNE8;DCC;DLGAP1;DPYD;ERBB4;GALNT13;GALNT14;GALNTL6;GFRA1;GPR139;GRIP1;GRM5;KCTD8;MAGI3;MAML3;MMP16;MTSS1;NDST4;OPCML;PCDH9;PEAK1;PLD5;PRICKLE2;PRKCA;PTPRZ1;RIMS1;ROBO1;ROBO2;RSPO3;SDK2;SLC35F4;SYT6;SYT9;THSD7B;TNR;TRPM3;VAV2,4.412621601061492e-22,3.1378642496437276e-21,21.355303313345235
MHb,Lateral,LHb.7,200,500,483,199,63,14.256617647058823,7.936059822732478e-43,ADGRB3;ARID1B;BRINP1;CADPS2;CAMK2D;CCDC85A;CDH11;CDH12;CNTN1;CNTN5;CNTNAP4;COL25A1;CPNE4;CTNNA2;DOK6;DPP6;FGF14;GRID1;GRM3;GUCY1A2;KCNH5;KCNH7;KCNN2;KLHL1;KLHL29;L3MBTL4;LIN7A;LINGO2;LRFN5;LRP1B;MAGI1;MGAT4C;MSI2;MTUS2;NEBL;NFAT5;NLGN1;NRG1;NRXN1;NTRK3;NWD2;PCDH11X;PDE4D;PRICKLE2;PRKCA;PRKG1;PTPRQ;RBMS3;RELN;RGS6;RUNX1T1;RYR3;SDK1;SGCZ;SLC2A13;SLC44A5;SLC8A1;SYT1;TMEM163;TMTC1;TRPC5;TRPM3;ZBTB20,1.3226766371220797e-41,1.5872119645464955e-40,40.87854631747433
MHb,Lateral,MHb.1,200,500,483,192,31,5.4956714120815695,1.4132871300320205e-12,ABR;BRINP1;CABLES1;CELF4;CFTR;CLYBL;CNTN4;COL11A1;COL16A1;DLG2;EPHA7;GNG2;GPR139;IL1RAPL1;KCND2;KCNMA1;MYO1B;NFIB;OPCML;PDE11A;PLCL1;PLD5;PLPPR1;RIMS1;ROBO2;ROR2;SIPA1L2;SOX5;SYT6;SYT7;THSD7B,4.4165222813500636e-12,1.949361558664856e-11,11.354919574206363
MHb,Lateral,MHb.2,200,500,483,200,53,10.82890365448505,1.030629138371772e-31,ABR;ADAM22;BRINP3;CABLES1;CACNA1E;CADPS2;CDK14;CELF4;CEMIP;CFTR;DACH1;DLGAP1;DNM3;DPP10;EPHA6;EPHA7;GFRA1;HECW2;IL1RAPL1;KCNIP1;KCNMA1;KCTD8;MARCH3;MCTP1;MDGA2;MTUS1;NAV2;NFIB;NRP2;NWD2;NXPH1;PCBP3;PCSK2;PDE1A;PLCE1;PLD5;PLXDC2;PTPRR;RGS6;ROBO2;RYR2;SEMA6D;SIPA1L2;SOX5;SOX6;SPOCK1;ST6GALNAC5;SYT9;THSD7B;TNFRSF11A;TNR;UBE2E2;VAV2,1.030629138371772e-30,9.161147896637974e-30,29.98689758314878
MHb,Lateral,MHb.3,200,500,483,200,26,4.213989285444805,1.1168927867560836e-08,AUTS2;CACNB2;CDK14;CSMD1;DACH1;DOCK5;DPP10;EPHA7;ERBB4;GABRB1;GRM5;HMGCLL1;KCNB2;KCNQ5;NFIB;NRP2;NXPH1;PLD5;RASGEF1B;RELN;ROBO2;SLC9A9;STXBP5;SYN3;SYT9;TMEM108,2.792231966890209e-08,9.405412941103863e-08,7.554048505190826
MHb,Dorsal,LHb.1,200,500,481,200,34,5.9099754723592355,2.092975429110808e-14,ADAM23;AGBL4;ALCAM;CDH10;CTNND2;DACH1;EBF1;FAM155A;FRMD4A;FSTL5;GRIA1;GRIN2A;HDAC9;HTR4;INPP4B;KCNH8;LHFPL3;LRP1B;LSAMP;MACROD2;MYRIP;NKAIN3;OXR1;PCLO;R3HDM1;RAP1GAP2;RYR2;SEMA3E;SLC35F3;SLIT2;SNTG1;SYN3;TMEM266;TMTC2,8.04990549658003e-14,3.720845207308103e-13,13.094209218086135
MHb,Dorsal,LHb.2,200,500,481,199,49,9.765216049382715,7.509192006878859e-28,ADCY8;ADGRB3;CACNA1C;CACNB2;CEP112;COL25A1;CPSF6;CSMD1;DOCK4;FOXP2;FRY;GALNT13;GPHN;GRIN3A;HTR4;IMMP2L;KCNH5;KIF13A;LRRC7;MAGI3;MSI2;NCAM2;OLFM3;OPCML;OSBPL3;PARD3B;PBX3;PDE1A;PLCL1;PPM1E;PRICKLE2;PRKD1;PTPRN2;RGS7;RIMBP2;RIT2;SEMA5A;SGCZ;SH3KBP1;SHROOM3;SLC8A1;SPHKAP;TCF7L2;THSD7A;THSD7B;TMEM117;TNIK;TRPM3;VAV3,5.363708576342041e-27,4.290966861073633e-26,26.270534826481278
MHb,Dorsal,LHb.3,200,500,481,199,28,4.660341066057343,4.4068493782123626e-10,ADAM23;ARHGAP26;B3GAT1;CDH10;CELF2;CTNNA2;DCC;EBF1;GRIA1;HS6ST2;INPP4B;KCNH8;KIF26B;KLHL29;LRFN5;LRP1B;LRRC4C;LSAMP;MGAT4C;NEDD4L;NKAIN3;NLGN1;NRCAM;NTRK3;PBX1;PTPRD;SNTG1;TMEFF2,1.2961321700624595e-09,4.578544808532325e-09,8.88735071003792
MHb,Dorsal,LHb.4,200,500,481,200,28,4.632886698495816,4.957803944684631e-10,ARHGAP26;B3GAT1;BTBD11;CDH10;CELF2;DOCK10;EPHA5;FRMD4A;GRIA2;INPP4B;LMO3;LRRC4C;LSAMP;MAGI1;MGAT5;NAV3;NEDD4L;NEGR1;NKAIN3;PACRG;PEG3;PTPRD;RIT2;SEMA5A;SLC8A3;SNTG1;TMEFF2;XKR4,1.3771677624123975e-09,4.95780394468463e-09,8.861013152079963
MHb,Dorsal,LHb.5,200,500,481,200,33,5.688636120615911,1.2358417719156048e-13,AGBL4;ALCAM;ARHGAP26;CACNB2;DLG2;DMD;DOK6;FOCAD;FRMD4A;GALNTL6;IL1RAP;IL1RAPL2;KIF26B;LMO3;LRRC7;LSAMP;MLLT3;MYRIP;NAV3;NEGR1;PBX1;PCLO;PRKCQ;RALYL;RIT2;RYR2;SEMA3E;SORBS2;SOX6;TENM1;TMTC2;TRHDE;XKR4,4.4137206139843024e-13,2.01770085210711e-12,12.355195160899127
MHb,Dorsal,LHb.6,200,500,481,200,38,6.831591561463646,1.1995816801472092e-17,BCL11A;CADM2;CADPS2;CDC14A;CNTNAP2;DCC;DLGAP1;ETV1;EXT1;GALNT13;GALNTL6;GFRA1;GRIP1;KCTD8;LCORL;LRP8;MAGI3;MARCH4;MCC;OPCML;PCDH9;PLD5;PRICKLE2;PRKD1;RAP1GAP;RBMS1;RCAN2;RIMS1;ROBO1;ROBO3;SLC35F4;SORCS2;SYT9;THSD7B;TNR;TRPM3;VAV2;VAV3,5.452644000669133e-17,2.9989542003680227e-16,16.26339285617197
MHb,Dorsal,LHb.7,200,500,481,199,55,11.583854981742306,4.9190823786310965e-34,ADGRB3;ARID1B;CADPS2;CAMK2D;CLSTN2;CNTN1;CNTNAP4;COL25A1;CPNE4;CTNNA2;DOK6;DPP6;FGF14;FLRT2;FRY;GRIN2A;HTR4;KCNH5;KCNN2;KIF26B;KLHL1;KLHL29;LRFN5;LRP1B;LRRC3B;MAGI1;MAPK4;MGAT4C;MSI2;MTUS2;NFAT5;NLGN1;NRG1;NRXN1;NTM;NTRK3;NWD2;PBX3;PDE4D;PLEKHA6;PRICKLE2;PRKCB;PRKD1;RBFOX3;RBMS3;RGS6;RYR3;SGCZ;SLC8A1;SV2B;SYT1;TCF7L2;THSD7A;TRPM3;ZBTB20,6.1488529732888706e-33,7.870531805809754e-32,32.21120589135163
MHb,Dorsal,MHb.1,200,500,481,192,24,4.031259768677712,8.147620113720889e-08,ABR;ASIC2;BCL11A;CDC14A;CPNE9;DLG2;EPHA7;GDPD5;IL1RAPL1;KCND2;KCNMA1;NECAB3;NFIB;OPCML;PEX5L;PIP4K2A;PLCL1;PLD5;RIMS1;SCUBE1;SHROOM3;SORCS2;SOX5;THSD7B,1.939909550885926e-07,6.09167858969786e-07,6.712218518764042
MHb,Dorsal,MHb.2,200,500,481,200,66,15.34580111490739,2.648935463445238e-46,ABR;ADAM22;ANK1;ANKS1B;ANO3;ASIC2;ATRNL1;BCL11A;CACNA1E;CADPS2;CDK14;CHAT;CHD7;CNNM2;CPNE9;DACH1;DGKB;DLGAP1;DPP10;EPHA6;EPHA7;ETV1;GABBR2;GABRA2;GDPD5;GFRA1;HECW2;IL1RAPL1;KCNIP1;KCNMA1;KCTD8;LCORL;MBNL2;MCC;MDGA2;MPP6;NFIB;NRP2;NWD2;NXPH1;PARD3;PCSK2;PDE1A;PEX5L;PLCH2;PLD5;PTPRR;RBMS1;RGS6;ROBO3;RYR2;SCUBE1;SEMA6D;SHANK2;SHROOM3;SLC24A2;SOX5;SOX6;ST6GALNAC5;SYNPR;SYT9;TCF4;THSD7B;TNR;VAV2;VAV3,1.324467731722619e-44,1.683516651048758e-43,43.87795861804287
MHb,Dorsal,MHb.3,200,500,481,200,32,5.470781631137979,7.027790154678289e-13,ASIC2;ATP2C1;AUTS2;CACNB2;CDK14;CSMD1;DACH1;DPP10;EPHA7;FOXP2;KCNB2;LCORL;LMO3;LRRC3B;NFIB;NRP2;NXPH1;PEX5L;PLD5;POU2F1;RASGEF1B;SLC24A2;SLC9A9;STXBP5;STXBP5L;SYN3;SYNPR;SYT9;TCF4;TMEFF2;TMEM108;ZDHHC14,2.3425967182260967e-12,1.0039700220968983e-11,11.630302469458424
MHb,Superior/Dorsal,LHb.1,200,500,481,200,7,0.9848604096980826,0.5695287223516182,ALCAM;ATP2B2;KCNG4;SEMA3D;SEMA3E;SSTR2;VSTM2A,0.7119109029395227,0.9149055780748886,0.1475743557774078
MHb,Superior/Dorsal,LHb.2,200,500,481,199,18,2.7671324415593714,0.00026312625265759453,ADCYAP1;CALY;CBLN2;FZD3;GPM6A;GPR151;GRIN3A;KCNMB4;LRRN3;LY6H;OPRM1;PLXNC1;SPOCK2;SULF2;THSD7A;TSPAN13;TUSC3;WLS,0.000469868308317133,0.0010218495248838623,3.328023846288268
MHb,Superior/Dorsal,LHb.3,200,500,481,199,11,1.6029425079221367,0.09786113719382585,B3GAT1;CBLN4;CHGA;GABRG2;GLRB;HS6ST2;LGI2;PCSK1;SCN9A;STMN2;TMEM47,0.1482744502936755,0.20387736915380386,0.8289336773763403
MHb,Superior/Dorsal,LHb.4,200,500,481,200,10,1.4385964912280702,0.17489978079953675,B3GAT1;CBLN1;GLRB;SCG2;SCN9A;SLC12A2;SLC12A5;SLC22A17;STMN2;TMEM47,0.24291636222157884,0.33306442518579377,0.6145432312499691
MHb,Superior/Dorsal,LHb.5,200,500,481,200,6,0.8379815518176885,0.7188030668513785,ALCAM;CD47;GLRB;SCG2;SEMA3D;SEMA3E,0.8765891059163153,1.0,0.057203930978236874
MHb,Superior/Dorsal,LHb.6,200,500,481,200,19,2.927184233814068,9.37733651916903e-05,ADCYAP1;AMIGO2;CHRNA4;CHRNB3;GABBR1;GFRA1;GNG8;GPR139;MARCKS;NSG2;OLFM1;PDE2A;PMEPA1;SLC5A7;SSTR2;SYT15;THY1;TIMP2;TNR,0.0001875467303833806,0.00038869788680493387,3.726890502768035
MHb,Superior/Dorsal,LHb.7,200,500,481,199,10,1.4463204484435908,0.17117722024789797,APP;ATP2B2;CBLN2;CNTN1;CPLX1;GPR151;SULF2;SV2B;SYT1;THSD7A,0.24291636222157884,0.32839754484009204,0.6145432312499691
MHb,Superior/Dorsal,MHb.1,200,500,481,192,26,4.439931153184165,4.290754213737254e-09,BSCL2;CCK;CHRNA3;CHRNB3;CHRNB4;CNR1;GNG8;GPR139;ITM2B;ITM2C;MARCKS;NPTX1;NRN1;PCSK1N;PDE2A;PMEPA1;RNASEK;RTN4R;SCG2;SSR4;SYT4;TAC1;TIMP2;TMEM158;TSPAN13;TSPAN7,1.12914584572033e-08,3.65170571381894e-08,7.947249958960127
MHb,Superior/Dorsal,MHb.2,200,500,481,200,23,3.656292403720425,6.879003664721397e-07,AMIGO2;CACNB3;CHRNA3;CHRNB3;CHRNB4;CHST2;FSTL1;FZD1;GABBR1;GABBR2;GFRA1;GNG8;LRRC55;NRP2;PCSK2;PDE2A;SLC17A7;SLC5A7;SYNPR;TNR;TSPAN13;ZFAND5;ZIC1,1.5634099238003176e-06,4.510822075227146e-06,5.80592713567042
MHb,Superior/Dorsal,MHb.3,200,500,481,200,8,1.1338971106412967,0.4168529301981285,CHST2;CNR1;NRP2;PRNP;SERPINI1;SYNPR;SYT4;UMODL1,0.5633147705380115,0.7213589003151979,0.24924886108658703
