mouse_gene,human_gene_upper,human_gene,in_bulk,in_sce
A1bg,A1BG,A1BG,True,True
A2m,A2M,A2M,True,True
A2ml1,A2ML1,A2ML1,True,True
A3galt2,A3GALT2,A3GALT2,False,True
A4galt,A4GALT,A4GALT,True,True
Aaas,AAAS,AAAS,True,True
Aacs,AACS,AACS,True,True
Aaed1,AAED1,AAED1,True,False
Aagab,AAGAB,AAGAB,True,True
Aak1,AAK1,AAK1,True,True
Aamdc,AAMDC,AAMDC,True,True
Aamp,AAMP,AAMP,True,True
Aanat,AANAT,AANAT,False,True
Aar2,AAR2,AAR2,True,True
Aard,AARD,AARD,True,True
Aars,AARS,AARS,True,True
Aars2,AARS2,AARS2,True,True
Aarsd1,AARSD1,AARSD1,True,True
Aasdh,AASDH,AASDH,True,True
Aasdhppt,AASDHPPT,AASDHPPT,True,True
Aass,AASS,AASS,True,True
Aatf,AATF,AATF,True,True
Aatk,AATK,AATK,True,True
Abat,ABAT,ABAT,True,True
Abca1,ABCA1,ABCA1,True,True
Abca13,ABCA13,ABCA13,True,True
Abca2,ABCA2,ABCA2,True,True
Abca3,ABCA3,ABCA3,True,True
Abca4,ABCA4,ABCA4,True,True
Abca5,ABCA5,ABCA5,True,True
Abca6,ABCA6,ABCA6,True,True
Abca7,ABCA7,ABCA7,True,True
Abca9,ABCA9,ABCA9,True,True
Abcb10,ABCB10,ABCB10,True,True
Abcb4,ABCB4,ABCB4,True,True
Abcb6,ABCB6,ABCB6,True,True
Abcb7,ABCB7,ABCB7,True,True
Abcb8,ABCB8,ABCB8,True,True
Abcb9,ABCB9,ABCB9,True,True
Abcc1,ABCC1,ABCC1,True,True
Abcc10,ABCC10,ABCC10,True,True
Abcc12,ABCC12,ABCC12,False,True
Abcc2,ABCC2,ABCC2,True,True
Abcc3,ABCC3,ABCC3,True,True
Abcc4,ABCC4,ABCC4,True,True
Abcc5,ABCC5,ABCC5,True,True
Abcc6,ABCC6,ABCC6,True,True
Abcc8,ABCC8,ABCC8,True,True
Abcc9,ABCC9,ABCC9,True,True
Abcd1,ABCD1,ABCD1,True,True
Abcd2,ABCD2,ABCD2,True,True
Abcd3,ABCD3,ABCD3,True,True
Abcd4,ABCD4,ABCD4,True,True
Abce1,ABCE1,ABCE1,True,True
Abcf1,ABCF1,ABCF1,True,True
Abcf2,ABCF2,ABCF2,True,True
Abcf3,ABCF3,ABCF3,True,True
Abcg1,ABCG1,ABCG1,True,True
Abcg2,ABCG2,ABCG2,True,True
Abcg4,ABCG4,ABCG4,True,True
Abhd10,ABHD10,ABHD10,True,True
Abhd11,ABHD11,ABHD11,True,True
Abhd12,ABHD12,ABHD12,True,True
Abhd12b,ABHD12B,ABHD12B,True,True
Abhd13,ABHD13,ABHD13,True,True
Abhd14a,ABHD14A,ABHD14A,True,True
Abhd14b,ABHD14B,ABHD14B,True,True
Abhd15,ABHD15,ABHD15,True,True
Abhd16a,ABHD16A,ABHD16A,True,True
Abhd17a,ABHD17A,ABHD17A,True,True
Abhd17b,ABHD17B,ABHD17B,True,True
Abhd17c,ABHD17C,ABHD17C,True,True
Abhd18,ABHD18,ABHD18,True,True
Abhd2,ABHD2,ABHD2,True,True
Abhd3,ABHD3,ABHD3,True,True
Abhd4,ABHD4,ABHD4,True,True
Abhd5,ABHD5,ABHD5,True,True
Abhd6,ABHD6,ABHD6,True,True
Abhd8,ABHD8,ABHD8,True,True
Abi1,ABI1,ABI1,True,True
Abi2,ABI2,ABI2,True,True
Abi3,ABI3,ABI3,True,True
Abi3bp,ABI3BP,ABI3BP,True,True
Abitram,ABITRAM,ABITRAM,False,True
Abl1,ABL1,ABL1,True,True
Abl2,ABL2,ABL2,True,True
Ablim1,ABLIM1,ABLIM1,True,True
Ablim2,ABLIM2,ABLIM2,True,True
Ablim3,ABLIM3,ABLIM3,True,True
Abr,ABR,ABR,True,True
Abra,ABRA,ABRA,False,True
Abracl,ABRACL,ABRACL,True,True
Abraxas1,ABRAXAS1,ABRAXAS1,False,True
Abraxas2,ABRAXAS2,ABRAXAS2,False,True
Abt1,ABT1,ABT1,True,True
Abtb1,ABTB1,ABTB1,True,True
Abtb2,ABTB2,ABTB2,True,True
Acaa2,ACAA2,ACAA2,True,True
Acaca,ACACA,ACACA,True,True
Acacb,ACACB,ACACB,True,True
Acad10,ACAD10,ACAD10,True,True
Acad11,ACAD11,ACAD11,True,True
Acad8,ACAD8,ACAD8,True,True
Acad9,ACAD9,ACAD9,True,True
Acadl,ACADL,ACADL,True,True
Acadm,ACADM,ACADM,True,True
Acads,ACADS,ACADS,True,True
Acadsb,ACADSB,ACADSB,True,True
Acadvl,ACADVL,ACADVL,True,True
Acan,ACAN,ACAN,True,True
Acap1,ACAP1,ACAP1,True,True
Acap2,ACAP2,ACAP2,True,True
Acap3,ACAP3,ACAP3,True,True
Acat1,ACAT1,ACAT1,True,True
Acat2,ACAT2,ACAT2,True,True
Acbd3,ACBD3,ACBD3,True,True
Acbd4,ACBD4,ACBD4,True,True
Acbd5,ACBD5,ACBD5,True,True
Acbd6,ACBD6,ACBD6,True,True
Acbd7,ACBD7,ACBD7,True,True
Accs,ACCS,ACCS,True,True
Acd,ACD,ACD,True,True
Ace,ACE,ACE,True,True
Ace2,ACE2,ACE2,True,True
Acer2,ACER2,ACER2,True,True
Acer3,ACER3,ACER3,True,True
Ache,ACHE,ACHE,True,True
Acin1,ACIN1,ACIN1,True,True
Ackr1,ACKR1,ACKR1,True,True
Ackr3,ACKR3,ACKR3,True,True
Ackr4,ACKR4,ACKR4,True,True
Acly,ACLY,ACLY,True,True
Acmsd,ACMSD,ACMSD,False,True
Aco1,ACO1,ACO1,True,True
Aco2,ACO2,ACO2,True,True
Acot1,ACOT1,ACOT1,True,True
Acot11,ACOT11,ACOT11,True,True
Acot12,ACOT12,ACOT12,True,True
Acot13,ACOT13,ACOT13,True,True
Acot2,ACOT2,ACOT2,True,True
Acot4,ACOT4,ACOT4,True,True
Acot6,ACOT6,ACOT6,False,True
Acot7,ACOT7,ACOT7,True,True
Acot8,ACOT8,ACOT8,True,True
Acot9,ACOT9,ACOT9,True,True
Acox1,ACOX1,ACOX1,True,True
Acox2,ACOX2,ACOX2,True,True
Acox3,ACOX3,ACOX3,True,True
Acoxl,ACOXL,ACOXL,False,True
Acp1,ACP1,ACP1,True,True
Acp2,ACP2,ACP2,True,True
Acp4,ACP4,ACP4,False,True
Acp5,ACP5,ACP5,True,True
Acp6,ACP6,ACP6,True,True
Acpp,ACPP,ACPP,True,True
Acr,ACR,ACR,False,True
Acrbp,ACRBP,ACRBP,True,True
Acsbg1,ACSBG1,ACSBG1,True,True
Acsbg2,ACSBG2,ACSBG2,False,True
Acsf2,ACSF2,ACSF2,True,True
Acsf3,ACSF3,ACSF3,True,True
Acsl1,ACSL1,ACSL1,True,True
Acsl3,ACSL3,ACSL3,True,True
Acsl4,ACSL4,ACSL4,True,True
Acsl5,ACSL5,ACSL5,True,True
Acsl6,ACSL6,ACSL6,True,True
Acsm3,ACSM3,ACSM3,False,True
Acsm5,ACSM5,ACSM5,True,True
Acss1,ACSS1,ACSS1,True,True
Acss2,ACSS2,ACSS2,True,True
Acss3,ACSS3,ACSS3,True,True
Acta1,ACTA1,ACTA1,True,True
Acta2,ACTA2,ACTA2,True,True
Actb,ACTB,ACTB,True,True
Actg1,ACTG1,ACTG1,True,True
Actg2,ACTG2,ACTG2,True,True
Actl10,ACTL10,ACTL10,False,True
Actl6a,ACTL6A,ACTL6A,True,True
Actl6b,ACTL6B,ACTL6B,True,True
Actn1,ACTN1,ACTN1,True,True
Actn2,ACTN2,ACTN2,True,True
Actn3,ACTN3,ACTN3,False,True
Actn4,ACTN4,ACTN4,True,True
Actr10,ACTR10,ACTR10,True,True
Actr1a,ACTR1A,ACTR1A,True,True
Actr1b,ACTR1B,ACTR1B,True,True
Actr2,ACTR2,ACTR2,True,True
Actr3,ACTR3,ACTR3,True,True
Actr3b,ACTR3B,ACTR3B,True,True
Actr5,ACTR5,ACTR5,True,True
Actr6,ACTR6,ACTR6,True,True
Actr8,ACTR8,ACTR8,True,True
Actrt3,ACTRT3,ACTRT3,True,True
Acvr1,ACVR1,ACVR1,True,True
Acvr1b,ACVR1B,ACVR1B,True,True
Acvr1c,ACVR1C,ACVR1C,True,True
Acvr2a,ACVR2A,ACVR2A,True,True
Acvr2b,ACVR2B,ACVR2B,True,True
Acvrl1,ACVRL1,ACVRL1,True,True
Acy1,ACY1,ACY1,True,True
Acy3,ACY3,ACY3,True,True
Acyp1,ACYP1,ACYP1,True,True
Acyp2,ACYP2,ACYP2,True,True
Ada,ADA,ADA,True,True
Adal,ADAL,ADAL,True,True
Adam10,ADAM10,ADAM10,True,True
Adam11,ADAM11,ADAM11,True,True
Adam12,ADAM12,ADAM12,True,True
Adam15,ADAM15,ADAM15,True,True
Adam17,ADAM17,ADAM17,True,True
Adam18,ADAM18,ADAM18,False,True
Adam19,ADAM19,ADAM19,True,True
Adam2,ADAM2,ADAM2,True,True
Adam21,ADAM21,ADAM21,True,True
Adam22,ADAM22,ADAM22,True,True
Adam23,ADAM23,ADAM23,True,True
Adam28,ADAM28,ADAM28,True,True
Adam32,ADAM32,ADAM32,True,True
Adam33,ADAM33,ADAM33,True,True
Adam7,ADAM7,ADAM7,False,True
Adam8,ADAM8,ADAM8,True,True
Adam9,ADAM9,ADAM9,True,True
Adamts1,ADAMTS1,ADAMTS1,True,True
Adamts10,ADAMTS10,ADAMTS10,True,True
Adamts12,ADAMTS12,ADAMTS12,True,True
Adamts14,ADAMTS14,ADAMTS14,True,True
Adamts15,ADAMTS15,ADAMTS15,True,True
Adamts16,ADAMTS16,ADAMTS16,True,True
Adamts17,ADAMTS17,ADAMTS17,True,True
Adamts18,ADAMTS18,ADAMTS18,True,True
Adamts19,ADAMTS19,ADAMTS19,True,True
Adamts2,ADAMTS2,ADAMTS2,True,True
Adamts20,ADAMTS20,ADAMTS20,True,True
Adamts3,ADAMTS3,ADAMTS3,True,True
Adamts4,ADAMTS4,ADAMTS4,True,True
Adamts5,ADAMTS5,ADAMTS5,True,True
Adamts6,ADAMTS6,ADAMTS6,True,True
Adamts7,ADAMTS7,ADAMTS7,True,True
Adamts8,ADAMTS8,ADAMTS8,True,True
Adamts9,ADAMTS9,ADAMTS9,True,True
Adamtsl1,ADAMTSL1,ADAMTSL1,True,True
Adamtsl2,ADAMTSL2,ADAMTSL2,True,True
Adamtsl3,ADAMTSL3,ADAMTSL3,True,True
Adamtsl4,ADAMTSL4,ADAMTSL4,True,True
Adamtsl5,ADAMTSL5,ADAMTSL5,True,True
Adap1,ADAP1,ADAP1,True,True
Adap2,ADAP2,ADAP2,True,True
Adar,ADAR,ADAR,True,True
Adarb1,ADARB1,ADARB1,True,True
Adarb2,ADARB2,ADARB2,True,True
Adat1,ADAT1,ADAT1,True,True
Adat2,ADAT2,ADAT2,True,True
Adck1,ADCK1,ADCK1,True,True
Adck2,ADCK2,ADCK2,True,True
Adck5,ADCK5,ADCK5,True,True
Adcy1,ADCY1,ADCY1,True,True
Adcy10,ADCY10,ADCY10,True,True
Adcy2,ADCY2,ADCY2,True,True
Adcy3,ADCY3,ADCY3,True,True
Adcy4,ADCY4,ADCY4,True,True
Adcy5,ADCY5,ADCY5,True,True
Adcy6,ADCY6,ADCY6,True,True
Adcy7,ADCY7,ADCY7,True,True
Adcy8,ADCY8,ADCY8,True,True
Adcy9,ADCY9,ADCY9,True,True
Adcyap1,ADCYAP1,ADCYAP1,True,True
Adcyap1r1,ADCYAP1R1,ADCYAP1R1,True,True
Add1,ADD1,ADD1,True,True
Add2,ADD2,ADD2,True,True
Add3,ADD3,ADD3,True,True
Adgb,ADGB,ADGB,True,True
Adgra1,ADGRA1,ADGRA1,True,True
Adgra2,ADGRA2,ADGRA2,True,True
Adgra3,ADGRA3,ADGRA3,True,True
Adgrb1,ADGRB1,ADGRB1,True,True
Adgrb2,ADGRB2,ADGRB2,True,True
Adgrb3,ADGRB3,ADGRB3,True,True
Adgrd1,ADGRD1,ADGRD1,True,True
Adgre1,ADGRE1,ADGRE1,False,True
Adgre5,ADGRE5,ADGRE5,True,True
Adgrf2,ADGRF2,ADGRF2,False,True
Adgrf4,ADGRF4,ADGRF4,False,True
Adgrf5,ADGRF5,ADGRF5,True,True
Adgrg1,ADGRG1,ADGRG1,True,True
Adgrg2,ADGRG2,ADGRG2,True,True
Adgrg3,ADGRG3,ADGRG3,True,True
Adgrg4,ADGRG4,ADGRG4,False,True
Adgrg6,ADGRG6,ADGRG6,True,True
Adgrl1,ADGRL1,ADGRL1,True,True
Adgrl2,ADGRL2,ADGRL2,True,True
Adgrl3,ADGRL3,ADGRL3,True,True
Adgrl4,ADGRL4,ADGRL4,True,True
Adgrv1,ADGRV1,ADGRV1,True,True
Adh5,ADH5,ADH5,True,True
Adhfe1,ADHFE1,ADHFE1,True,True
Adi1,ADI1,ADI1,True,True
Adig,ADIG,ADIG,False,True
Adipor1,ADIPOR1,ADIPOR1,True,True
Adipor2,ADIPOR2,ADIPOR2,True,True
Adk,ADK,ADK,True,True
Adm,ADM,ADM,True,True
Adnp,ADNP,ADNP,True,True
Adnp2,ADNP2,ADNP2,True,True
Ado,ADO,ADO,True,True
Adora1,ADORA1,ADORA1,True,True
Adora2a,ADORA2A,ADORA2A,True,True
Adora2b,ADORA2B,ADORA2B,True,True
Adora3,ADORA3,ADORA3,True,True
Adpgk,ADPGK,ADPGK,True,True
Adprh,ADPRH,ADPRH,True,True
Adprhl1,ADPRHL1,ADPRHL1,True,True
Adprhl2,ADPRHL2,ADPRHL2,True,True
Adprm,ADPRM,ADPRM,True,True
Adra1a,ADRA1A,ADRA1A,True,True
Adra1b,ADRA1B,ADRA1B,True,True
Adra2a,ADRA2A,ADRA2A,True,True
Adra2b,ADRA2B,ADRA2B,True,True
Adra2c,ADRA2C,ADRA2C,True,True
Adrb1,ADRB1,ADRB1,True,True
Adrb2,ADRB2,ADRB2,True,True
Adrb3,ADRB3,ADRB3,False,True
Adrm1,ADRM1,ADRM1,True,True
Adsl,ADSL,ADSL,True,True
Adss,ADSS,ADSS,True,True
Adssl1,ADSSL1,ADSSL1,True,True
Adtrp,ADTRP,ADTRP,True,True
Aebp1,AEBP1,AEBP1,True,True
Aebp2,AEBP2,AEBP2,True,True
Aen,AEN,AEN,True,True
Aes,AES,AES,True,False
Afap1,AFAP1,AFAP1,True,True
Afap1l1,AFAP1L1,AFAP1L1,True,True
Afap1l2,AFAP1L2,AFAP1L2,True,True
Afdn,AFDN,AFDN,False,True
Aff1,AFF1,AFF1,True,True
Aff2,AFF2,AFF2,True,True
Aff3,AFF3,AFF3,True,True
Aff4,AFF4,AFF4,True,True
Afg1l,AFG1L,AFG1L,False,True
Afg3l2,AFG3L2,AFG3L2,True,True
Afm,AFM,AFM,False,True
Afmid,AFMID,AFMID,True,True
Afp,AFP,AFP,False,True
Aftph,AFTPH,AFTPH,True,True
Aga,AGA,AGA,True,True
Agap1,AGAP1,AGAP1,True,True
Agap2,AGAP2,AGAP2,True,True
Agap3,AGAP3,AGAP3,True,True
Agbl1,AGBL1,AGBL1,True,True
Agbl2,AGBL2,AGBL2,True,True
Agbl3,AGBL3,AGBL3,True,True
Agbl4,AGBL4,AGBL4,True,True
Agbl5,AGBL5,AGBL5,True,True
Ager,AGER,AGER,True,True
Agfg1,AGFG1,AGFG1,True,True
Agfg2,AGFG2,AGFG2,True,True
Aggf1,AGGF1,AGGF1,True,True
Agk,AGK,AGK,True,True
Agl,AGL,AGL,True,True
Agmat,AGMAT,AGMAT,True,True
Agmo,AGMO,AGMO,True,True
Ago1,AGO1,AGO1,True,True
Ago2,AGO2,AGO2,True,True
Ago3,AGO3,AGO3,True,True
Ago4,AGO4,AGO4,True,True
Agpat1,AGPAT1,AGPAT1,True,True
Agpat2,AGPAT2,AGPAT2,True,True
Agpat3,AGPAT3,AGPAT3,True,True
Agpat4,AGPAT4,AGPAT4,True,True
Agpat5,AGPAT5,AGPAT5,True,True
Agps,AGPS,AGPS,True,True
Agr2,AGR2,AGR2,False,True
Agr3,AGR3,AGR3,False,True
Agrn,AGRN,AGRN,True,True
Agrp,AGRP,AGRP,False,True
Agt,AGT,AGT,True,True
Agtpbp1,AGTPBP1,AGTPBP1,True,True
Agtrap,AGTRAP,AGTRAP,True,True
Ahctf1,AHCTF1,AHCTF1,True,True
Ahcy,AHCY,AHCY,True,True
Ahcyl1,AHCYL1,AHCYL1,True,True
Ahcyl2,AHCYL2,AHCYL2,True,True
Ahdc1,AHDC1,AHDC1,True,True
Ahi1,AHI1,AHI1,True,True
Ahnak,AHNAK,AHNAK,True,True
Ahnak2,AHNAK2,AHNAK2,True,True
Ahr,AHR,AHR,True,True
Ahrr,AHRR,AHRR,True,True
Ahsa1,AHSA1,AHSA1,True,True
Ahsa2,AHSA2,AHSA2,True,False
Aida,AIDA,AIDA,True,True
Aif1,AIF1,AIF1,True,True
Aif1l,AIF1L,AIF1L,True,True
Aifm1,AIFM1,AIFM1,True,True
Aifm2,AIFM2,AIFM2,True,True
Aifm3,AIFM3,AIFM3,True,True
Aig1,AIG1,AIG1,True,True
Aim2,AIM2,AIM2,True,True
Aimp1,AIMP1,AIMP1,True,True
Aimp2,AIMP2,AIMP2,True,True
Aip,AIP,AIP,True,True
Airn,AIRN,AIRN,False,True
Ajap1,AJAP1,AJAP1,True,True
Ajm1,AJM1,AJM1,False,True
Ajuba,AJUBA,AJUBA,True,True
Ak1,AK1,AK1,True,True
Ak2,AK2,AK2,True,True
Ak3,AK3,AK3,True,True
Ak4,AK4,AK4,True,True
Ak5,AK5,AK5,True,True
Ak6,AK6,AK6,True,True
Ak7,AK7,AK7,True,True
Ak8,AK8,AK8,True,True
Ak9,AK9,AK9,True,True
Akain1,AKAIN1,AKAIN1,True,True
Akap1,AKAP1,AKAP1,True,True
Akap10,AKAP10,AKAP10,True,True
Akap11,AKAP11,AKAP11,True,True
Akap12,AKAP12,AKAP12,True,True
Akap13,AKAP13,AKAP13,True,True
Akap14,AKAP14,AKAP14,True,True
Akap2,AKAP2,AKAP2,True,False
Akap5,AKAP5,AKAP5,True,True
Akap6,AKAP6,AKAP6,True,True
Akap7,AKAP7,AKAP7,True,True
Akap8,AKAP8,AKAP8,True,True
Akap8l,AKAP8L,AKAP8L,True,True
Akap9,AKAP9,AKAP9,True,True
Akip1,AKIP1,AKIP1,True,True
Akirin1,AKIRIN1,AKIRIN1,True,True
Akirin2,AKIRIN2,AKIRIN2,True,True
Akna,AKNA,AKNA,True,True
Akr1a1,AKR1A1,AKR1A1,True,True
Akr1b10,AKR1B10,AKR1B10,False,True
Akt1,AKT1,AKT1,True,True
Akt1s1,AKT1S1,AKT1S1,True,True
Akt2,AKT2,AKT2,True,True
Akt3,AKT3,AKT3,True,True
Aktip,AKTIP,AKTIP,True,True
Alad,ALAD,ALAD,True,True
Alas1,ALAS1,ALAS1,True,True
Alas2,ALAS2,ALAS2,True,True
Alcam,ALCAM,ALCAM,True,True
Aldh16a1,ALDH16A1,ALDH16A1,True,True
Aldh18a1,ALDH18A1,ALDH18A1,True,True
Aldh1a1,ALDH1A1,ALDH1A1,True,True
Aldh1a2,ALDH1A2,ALDH1A2,True,True
Aldh1a3,ALDH1A3,ALDH1A3,True,True
Aldh1b1,ALDH1B1,ALDH1B1,True,True
Aldh1l1,ALDH1L1,ALDH1L1,True,True
Aldh1l2,ALDH1L2,ALDH1L2,True,True
Aldh2,ALDH2,ALDH2,True,True
Aldh3a2,ALDH3A2,ALDH3A2,True,True
Aldh3b1,ALDH3B1,ALDH3B1,True,True
Aldh3b2,ALDH3B2,ALDH3B2,False,True
Aldh4a1,ALDH4A1,ALDH4A1,True,True
Aldh5a1,ALDH5A1,ALDH5A1,True,True
Aldh6a1,ALDH6A1,ALDH6A1,True,True
Aldh7a1,ALDH7A1,ALDH7A1,True,True
Aldh8a1,ALDH8A1,ALDH8A1,True,True
Aldh9a1,ALDH9A1,ALDH9A1,True,True
Aldoa,ALDOA,ALDOA,True,True
Aldob,ALDOB,ALDOB,True,True
Aldoc,ALDOC,ALDOC,True,True
Alg1,ALG1,ALG1,True,True
Alg10b,ALG10B,ALG10B,True,True
Alg11,ALG11,ALG11,True,True
Alg12,ALG12,ALG12,True,True
Alg13,ALG13,ALG13,True,True
Alg14,ALG14,ALG14,True,True
Alg2,ALG2,ALG2,True,True
Alg3,ALG3,ALG3,True,True
Alg5,ALG5,ALG5,True,True
Alg6,ALG6,ALG6,True,True
Alg8,ALG8,ALG8,True,True
Alg9,ALG9,ALG9,True,True
Alk,ALK,ALK,True,True
Alkal2,ALKAL2,ALKAL2,False,True
Alkbh1,ALKBH1,ALKBH1,True,True
Alkbh2,ALKBH2,ALKBH2,True,True
Alkbh3,ALKBH3,ALKBH3,True,True
Alkbh4,ALKBH4,ALKBH4,True,True
Alkbh5,ALKBH5,ALKBH5,True,True
Alkbh6,ALKBH6,ALKBH6,True,True
Alkbh7,ALKBH7,ALKBH7,True,True
Alkbh8,ALKBH8,ALKBH8,True,True
Alms1,ALMS1,ALMS1,True,True
Alox12,ALOX12,ALOX12,False,True
Alox12b,ALOX12B,ALOX12B,True,True
Alox5,ALOX5,ALOX5,True,True
Alox5ap,ALOX5AP,ALOX5AP,True,True
Aloxe3,ALOXE3,ALOXE3,True,True
Alpk1,ALPK1,ALPK1,True,True
Alpk2,ALPK2,ALPK2,False,True
Alpk3,ALPK3,ALPK3,True,True
Alpl,ALPL,ALPL,True,True
Als2,ALS2,ALS2,True,True
Als2cl,ALS2CL,ALS2CL,True,True
Als2cr12,ALS2CR12,ALS2CR12,True,False
Alx1,ALX1,ALX1,False,True
Alx3,ALX3,ALX3,False,True
Alx4,ALX4,ALX4,True,True
Alyref,ALYREF,ALYREF,True,True
Amacr,AMACR,AMACR,True,True
Ambp,AMBP,AMBP,False,True
Ambra1,AMBRA1,AMBRA1,True,True
Amd1,AMD1,AMD1,True,True
Amdhd2,AMDHD2,AMDHD2,True,True
Amelx,AMELX,AMELX,False,True
Amer1,AMER1,AMER1,True,True
Amer2,AMER2,AMER2,True,True
Amer3,AMER3,AMER3,True,True
Amfr,AMFR,AMFR,True,True
Amh,AMH,AMH,True,True
Amhr2,AMHR2,AMHR2,False,True
Amigo1,AMIGO1,AMIGO1,True,True
Amigo2,AMIGO2,AMIGO2,True,True
Amigo3,AMIGO3,AMIGO3,False,True
Ammecr1,AMMECR1,AMMECR1,True,True
Ammecr1l,AMMECR1L,AMMECR1L,True,True
Amn,AMN,AMN,False,True
Amn1,AMN1,AMN1,True,True
Amot,AMOT,AMOT,True,True
Amotl1,AMOTL1,AMOTL1,True,True
Amotl2,AMOTL2,AMOTL2,True,True
Ampd1,AMPD1,AMPD1,False,True
Ampd2,AMPD2,AMPD2,True,True
Ampd3,AMPD3,AMPD3,True,True
Amph,AMPH,AMPH,True,True
Amt,AMT,AMT,True,True
Amz1,AMZ1,AMZ1,True,True
Amz2,AMZ2,AMZ2,True,True
Anapc1,ANAPC1,ANAPC1,True,True
Anapc10,ANAPC10,ANAPC10,True,True
Anapc11,ANAPC11,ANAPC11,True,True
Anapc13,ANAPC13,ANAPC13,True,True
Anapc15,ANAPC15,ANAPC15,True,True
Anapc16,ANAPC16,ANAPC16,True,True
Anapc2,ANAPC2,ANAPC2,True,True
Anapc4,ANAPC4,ANAPC4,True,True
Anapc5,ANAPC5,ANAPC5,True,True
Anapc7,ANAPC7,ANAPC7,True,True
Ang,ANG,ANG,True,True
Angel1,ANGEL1,ANGEL1,True,True
Angel2,ANGEL2,ANGEL2,True,True
Angpt1,ANGPT1,ANGPT1,True,True
Angpt2,ANGPT2,ANGPT2,True,True
Angpt4,ANGPT4,ANGPT4,True,True
Angptl1,ANGPTL1,ANGPTL1,True,True
Angptl2,ANGPTL2,ANGPTL2,True,True
Angptl3,ANGPTL3,ANGPTL3,False,True
Angptl4,ANGPTL4,ANGPTL4,True,True
Angptl6,ANGPTL6,ANGPTL6,True,True
Angptl7,ANGPTL7,ANGPTL7,True,True
Ank1,ANK1,ANK1,True,True
Ank2,ANK2,ANK2,True,True
Ank3,ANK3,ANK3,True,True
Ankar,ANKAR,ANKAR,True,True
Ankdd1a,ANKDD1A,ANKDD1A,True,True
Ankdd1b,ANKDD1B,ANKDD1B,True,True
Ankef1,ANKEF1,ANKEF1,True,True
Ankfn1,ANKFN1,ANKFN1,True,True
Ankfy1,ANKFY1,ANKFY1,True,True
Ankhd1,ANKHD1,ANKHD1,True,True
Ankib1,ANKIB1,ANKIB1,True,True
Ankk1,ANKK1,ANKK1,True,True
Ankle1,ANKLE1,ANKLE1,True,True
Ankle2,ANKLE2,ANKLE2,True,True
Ankmy1,ANKMY1,ANKMY1,True,True
Ankmy2,ANKMY2,ANKMY2,True,True
Ankra2,ANKRA2,ANKRA2,True,True
Ankrd10,ANKRD10,ANKRD10,True,True
Ankrd11,ANKRD11,ANKRD11,True,True
Ankrd12,ANKRD12,ANKRD12,True,True
Ankrd13a,ANKRD13A,ANKRD13A,True,True
Ankrd13b,ANKRD13B,ANKRD13B,True,True
Ankrd13c,ANKRD13C,ANKRD13C,True,True
Ankrd13d,ANKRD13D,ANKRD13D,True,True
Ankrd16,ANKRD16,ANKRD16,True,True
Ankrd17,ANKRD17,ANKRD17,True,True
Ankrd2,ANKRD2,ANKRD2,True,True
Ankrd23,ANKRD23,ANKRD23,True,True
Ankrd24,ANKRD24,ANKRD24,True,True
Ankrd26,ANKRD26,ANKRD26,True,True
Ankrd27,ANKRD27,ANKRD27,True,True
Ankrd28,ANKRD28,ANKRD28,True,True
Ankrd29,ANKRD29,ANKRD29,True,True
Ankrd33b,ANKRD33B,ANKRD33B,True,True
Ankrd34a,ANKRD34A,ANKRD34A,True,True
Ankrd34b,ANKRD34B,ANKRD34B,True,True
Ankrd34c,ANKRD34C,ANKRD34C,True,True
Ankrd35,ANKRD35,ANKRD35,True,True
Ankrd36,ANKRD36,ANKRD36,True,True
Ankrd37,ANKRD37,ANKRD37,True,True
Ankrd39,ANKRD39,ANKRD39,True,True
Ankrd40,ANKRD40,ANKRD40,True,True
Ankrd42,ANKRD42,ANKRD42,True,True
Ankrd44,ANKRD44,ANKRD44,True,True
Ankrd45,ANKRD45,ANKRD45,True,True
Ankrd46,ANKRD46,ANKRD46,True,True
Ankrd49,ANKRD49,ANKRD49,True,True
Ankrd50,ANKRD50,ANKRD50,True,True
Ankrd52,ANKRD52,ANKRD52,True,True
Ankrd54,ANKRD54,ANKRD54,True,True
Ankrd55,ANKRD55,ANKRD55,True,True
Ankrd6,ANKRD6,ANKRD6,True,True
Ankrd61,ANKRD61,ANKRD61,False,True
Ankrd65,ANKRD65,ANKRD65,True,True
Ankrd66,ANKRD66,ANKRD66,True,True
Ankrd9,ANKRD9,ANKRD9,True,True
Anks1b,ANKS1B,ANKS1B,True,True
Anks3,ANKS3,ANKS3,True,True
Anks6,ANKS6,ANKS6,True,True
Ankub1,ANKUB1,ANKUB1,True,True
Ankzf1,ANKZF1,ANKZF1,True,True
Anln,ANLN,ANLN,True,True
Ano1,ANO1,ANO1,True,True
Ano10,ANO10,ANO10,True,True
Ano2,ANO2,ANO2,True,True
Ano3,ANO3,ANO3,True,True
Ano4,ANO4,ANO4,True,True
Ano5,ANO5,ANO5,True,True
Ano6,ANO6,ANO6,True,True
Ano7,ANO7,ANO7,True,True
Ano8,ANO8,ANO8,True,True
Anp32a,ANP32A,ANP32A,True,True
Anp32b,ANP32B,ANP32B,True,True
Anp32e,ANP32E,ANP32E,True,True
Anpep,ANPEP,ANPEP,True,True
Antxr1,ANTXR1,ANTXR1,True,True
Antxr2,ANTXR2,ANTXR2,True,True
Anxa1,ANXA1,ANXA1,True,True
Anxa10,ANXA10,ANXA10,False,True
Anxa11,ANXA11,ANXA11,True,True
Anxa2,ANXA2,ANXA2,True,True
Anxa3,ANXA3,ANXA3,True,True
Anxa4,ANXA4,ANXA4,True,True
Anxa5,ANXA5,ANXA5,True,True
Anxa6,ANXA6,ANXA6,True,True
Anxa7,ANXA7,ANXA7,True,True
Anxa8,ANXA8,ANXA8,False,True
Anxa9,ANXA9,ANXA9,False,True
Aoah,AOAH,AOAH,True,True
Aoc1,AOC1,AOC1,False,True
Aoc2,AOC2,AOC2,True,True
Aoc3,AOC3,AOC3,True,True
Aopep,AOPEP,AOPEP,False,True
Aox1,AOX1,AOX1,True,True
Ap1ar,AP1AR,AP1AR,True,True
Ap1b1,AP1B1,AP1B1,True,True
Ap1g1,AP1G1,AP1G1,True,True
Ap1g2,AP1G2,AP1G2,True,True
Ap1m1,AP1M1,AP1M1,True,True
Ap1s1,AP1S1,AP1S1,True,True
Ap1s2,AP1S2,AP1S2,True,True
Ap1s3,AP1S3,AP1S3,True,True
Ap2a1,AP2A1,AP2A1,True,True
Ap2a2,AP2A2,AP2A2,True,True
Ap2b1,AP2B1,AP2B1,True,True
Ap2m1,AP2M1,AP2M1,True,True
Ap2s1,AP2S1,AP2S1,True,True
Ap3b1,AP3B1,AP3B1,True,True
Ap3b2,AP3B2,AP3B2,True,True
Ap3d1,AP3D1,AP3D1,True,True
Ap3m1,AP3M1,AP3M1,True,True
Ap3m2,AP3M2,AP3M2,True,True
Ap3s1,AP3S1,AP3S1,True,True
Ap3s2,AP3S2,AP3S2,True,True
Ap4b1,AP4B1,AP4B1,True,True
Ap4e1,AP4E1,AP4E1,True,True
Ap4m1,AP4M1,AP4M1,True,True
Ap4s1,AP4S1,AP4S1,True,True
Ap5b1,AP5B1,AP5B1,True,True
Ap5m1,AP5M1,AP5M1,True,True
Ap5s1,AP5S1,AP5S1,True,True
Ap5z1,AP5Z1,AP5Z1,True,True
Apaf1,APAF1,APAF1,True,True
Apba1,APBA1,APBA1,True,True
Apba2,APBA2,APBA2,True,True
Apba3,APBA3,APBA3,True,True
Apbb1,APBB1,APBB1,True,True
Apbb1ip,APBB1IP,APBB1IP,True,True
Apbb2,APBB2,APBB2,True,True
Apbb3,APBB3,APBB3,True,True
Apc,APC,APC,True,True
Apc2,APC2,APC2,True,True
Apcdd1,APCDD1,APCDD1,True,True
Apeh,APEH,APEH,True,True
Apex1,APEX1,APEX1,True,True
Apex2,APEX2,APEX2,True,True
Aph1a,APH1A,APH1A,True,True
Aph1b,APH1B,APH1B,True,True
Api5,API5,API5,True,True
Apip,APIP,APIP,True,True
Aplf,APLF,APLF,True,True
Apln,APLN,APLN,True,True
Aplnr,APLNR,APLNR,True,True
Aplp1,APLP1,APLP1,True,True
Aplp2,APLP2,APLP2,True,True
Apmap,APMAP,APMAP,True,True
Apoa1,APOA1,APOA1,False,True
Apoa2,APOA2,APOA2,False,True
Apob,APOB,APOB,True,True
Apobec1,APOBEC1,APOBEC1,False,True
Apobec2,APOBEC2,APOBEC2,False,True
Apobec4,APOBEC4,APOBEC4,False,True
Apobr,APOBR,APOBR,True,True
Apoc1,APOC1,APOC1,True,True
Apod,APOD,APOD,True,True
Apoe,APOE,APOE,True,True
Apoh,APOH,APOH,False,True
Apold1,APOLD1,APOLD1,True,True
Apoo,APOO,APOO,True,True
Apool,APOOL,APOOL,True,True
Apopt1,APOPT1,APOPT1,True,False
App,APP,APP,True,True
Appbp2,APPBP2,APPBP2,True,True
Appl1,APPL1,APPL1,True,True
Appl2,APPL2,APPL2,True,True
Aprt,APRT,APRT,True,True
Aptx,APTX,APTX,True,True
Aqp1,AQP1,AQP1,True,True
Aqp11,AQP11,AQP11,True,True
Aqp4,AQP4,AQP4,True,True
Aqp5,AQP5,AQP5,True,True
Aqp6,AQP6,AQP6,True,True
Aqp9,AQP9,AQP9,True,True
Aqr,AQR,AQR,True,True
Ar,AR,AR,True,True
Araf,ARAF,ARAF,True,True
Arap1,ARAP1,ARAP1,True,True
Arap2,ARAP2,ARAP2,True,True
Arap3,ARAP3,ARAP3,True,True
Arc,ARC,ARC,True,True
Arcn1,ARCN1,ARCN1,True,True
Areg,AREG,AREG,False,True
Arel1,AREL1,AREL1,True,True
Arf1,ARF1,ARF1,True,True
Arf3,ARF3,ARF3,True,True
Arf4,ARF4,ARF4,True,True
Arf5,ARF5,ARF5,True,True
Arf6,ARF6,ARF6,True,True
Arfgap1,ARFGAP1,ARFGAP1,True,True
Arfgap2,ARFGAP2,ARFGAP2,True,True
Arfgap3,ARFGAP3,ARFGAP3,True,True
Arfgef1,ARFGEF1,ARFGEF1,True,True
Arfgef2,ARFGEF2,ARFGEF2,True,True
Arfgef3,ARFGEF3,ARFGEF3,True,True
Arfip1,ARFIP1,ARFIP1,True,True
Arfip2,ARFIP2,ARFIP2,True,True
Arfrp1,ARFRP1,ARFRP1,True,True
Arg1,ARG1,ARG1,False,True
Arg2,ARG2,ARG2,True,True
Arglu1,ARGLU1,ARGLU1,True,True
Arhgap1,ARHGAP1,ARHGAP1,True,True
Arhgap10,ARHGAP10,ARHGAP10,True,True
Arhgap11a,ARHGAP11A,ARHGAP11A,True,True
Arhgap12,ARHGAP12,ARHGAP12,True,True
Arhgap15,ARHGAP15,ARHGAP15,True,True
Arhgap17,ARHGAP17,ARHGAP17,True,True
Arhgap18,ARHGAP18,ARHGAP18,True,True
Arhgap19,ARHGAP19,ARHGAP19,True,True
Arhgap20,ARHGAP20,ARHGAP20,True,True
Arhgap21,ARHGAP21,ARHGAP21,True,True
Arhgap22,ARHGAP22,ARHGAP22,True,True
Arhgap23,ARHGAP23,ARHGAP23,True,True
Arhgap24,ARHGAP24,ARHGAP24,True,True
Arhgap25,ARHGAP25,ARHGAP25,True,True
Arhgap26,ARHGAP26,ARHGAP26,True,True
Arhgap27,ARHGAP27,ARHGAP27,True,True
Arhgap28,ARHGAP28,ARHGAP28,True,True
Arhgap29,ARHGAP29,ARHGAP29,True,True
Arhgap30,ARHGAP30,ARHGAP30,True,True
Arhgap31,ARHGAP31,ARHGAP31,True,True
Arhgap32,ARHGAP32,ARHGAP32,True,True
Arhgap33,ARHGAP33,ARHGAP33,True,True
Arhgap35,ARHGAP35,ARHGAP35,True,True
Arhgap36,ARHGAP36,ARHGAP36,True,True
Arhgap39,ARHGAP39,ARHGAP39,True,True
Arhgap4,ARHGAP4,ARHGAP4,True,True
Arhgap42,ARHGAP42,ARHGAP42,True,True
Arhgap44,ARHGAP44,ARHGAP44,True,True
Arhgap45,ARHGAP45,ARHGAP45,True,True
Arhgap5,ARHGAP5,ARHGAP5,True,True
Arhgap6,ARHGAP6,ARHGAP6,True,True
Arhgap8,ARHGAP8,ARHGAP8,True,True
Arhgap9,ARHGAP9,ARHGAP9,True,True
Arhgdia,ARHGDIA,ARHGDIA,True,True
Arhgdib,ARHGDIB,ARHGDIB,True,True
Arhgdig,ARHGDIG,ARHGDIG,True,True
Arhgef1,ARHGEF1,ARHGEF1,True,True
Arhgef10,ARHGEF10,ARHGEF10,True,True
Arhgef10l,ARHGEF10L,ARHGEF10L,True,True
Arhgef11,ARHGEF11,ARHGEF11,True,True
Arhgef12,ARHGEF12,ARHGEF12,True,True
Arhgef15,ARHGEF15,ARHGEF15,True,True
Arhgef16,ARHGEF16,ARHGEF16,True,True
Arhgef17,ARHGEF17,ARHGEF17,True,True
Arhgef18,ARHGEF18,ARHGEF18,True,True
Arhgef19,ARHGEF19,ARHGEF19,True,True
Arhgef2,ARHGEF2,ARHGEF2,True,True
Arhgef25,ARHGEF25,ARHGEF25,True,True
Arhgef26,ARHGEF26,ARHGEF26,True,True
Arhgef28,ARHGEF28,ARHGEF28,True,True
Arhgef3,ARHGEF3,ARHGEF3,True,True
Arhgef33,ARHGEF33,ARHGEF33,True,True
Arhgef37,ARHGEF37,ARHGEF37,True,True
Arhgef38,ARHGEF38,ARHGEF38,False,True
Arhgef39,ARHGEF39,ARHGEF39,True,True
Arhgef4,ARHGEF4,ARHGEF4,True,True
Arhgef40,ARHGEF40,ARHGEF40,True,True
Arhgef5,ARHGEF5,ARHGEF5,True,True
Arhgef6,ARHGEF6,ARHGEF6,True,True
Arhgef7,ARHGEF7,ARHGEF7,True,True
Arhgef9,ARHGEF9,ARHGEF9,True,True
Arid1a,ARID1A,ARID1A,True,True
Arid1b,ARID1B,ARID1B,True,True
Arid2,ARID2,ARID2,True,True
Arid3a,ARID3A,ARID3A,True,True
Arid3b,ARID3B,ARID3B,True,True
Arid3c,ARID3C,ARID3C,False,True
Arid4a,ARID4A,ARID4A,True,True
Arid4b,ARID4B,ARID4B,True,True
Arid5a,ARID5A,ARID5A,True,True
Arid5b,ARID5B,ARID5B,True,True
Arih1,ARIH1,ARIH1,True,True
Arih2,ARIH2,ARIH2,True,True
Arl1,ARL1,ARL1,True,True
Arl10,ARL10,ARL10,True,True
Arl11,ARL11,ARL11,True,True
Arl13a,ARL13A,ARL13A,False,True
Arl13b,ARL13B,ARL13B,True,True
Arl14ep,ARL14EP,ARL14EP,True,True
Arl15,ARL15,ARL15,True,True
Arl16,ARL16,ARL16,True,True
Arl2,ARL2,ARL2,True,True
Arl2bp,ARL2BP,ARL2BP,True,True
Arl3,ARL3,ARL3,True,True
Arl4a,ARL4A,ARL4A,True,True
Arl4c,ARL4C,ARL4C,True,True
Arl4d,ARL4D,ARL4D,True,True
Arl5a,ARL5A,ARL5A,True,True
Arl5b,ARL5B,ARL5B,True,True
Arl5c,ARL5C,ARL5C,False,True
Arl6,ARL6,ARL6,True,True
Arl6ip1,ARL6IP1,ARL6IP1,True,True
Arl6ip4,ARL6IP4,ARL6IP4,True,True
Arl6ip5,ARL6IP5,ARL6IP5,True,True
Arl6ip6,ARL6IP6,ARL6IP6,True,True
Arl8a,ARL8A,ARL8A,True,True
Arl8b,ARL8B,ARL8B,True,True
Arl9,ARL9,ARL9,True,True
Armc1,ARMC1,ARMC1,True,True
Armc10,ARMC10,ARMC10,True,True
Armc2,ARMC2,ARMC2,True,True
Armc3,ARMC3,ARMC3,True,True
Armc4,ARMC4,ARMC4,True,True
Armc5,ARMC5,ARMC5,True,True
Armc6,ARMC6,ARMC6,True,True
Armc7,ARMC7,ARMC7,True,True
Armc8,ARMC8,ARMC8,True,True
Armc9,ARMC9,ARMC9,True,True
Armcx1,ARMCX1,ARMCX1,True,True
Armcx2,ARMCX2,ARMCX2,True,True
Armcx3,ARMCX3,ARMCX3,True,True
Armcx4,ARMCX4,ARMCX4,True,True
Armcx5,ARMCX5,ARMCX5,True,True
Armcx6,ARMCX6,ARMCX6,True,True
Armh1,ARMH1,ARMH1,False,True
Armh3,ARMH3,ARMH3,False,True
Armh4,ARMH4,ARMH4,False,True
Armt1,ARMT1,ARMT1,True,True
Arnt,ARNT,ARNT,True,True
Arnt2,ARNT2,ARNT2,True,True
Arntl,ARNTL,ARNTL,True,True
Arntl2,ARNTL2,ARNTL2,True,True
Arpc1a,ARPC1A,ARPC1A,True,True
Arpc1b,ARPC1B,ARPC1B,True,True
Arpc2,ARPC2,ARPC2,True,True
Arpc3,ARPC3,ARPC3,True,True
Arpc4,ARPC4,ARPC4,True,True
Arpc5,ARPC5,ARPC5,True,True
Arpc5l,ARPC5L,ARPC5L,True,True
Arpin,ARPIN,ARPIN,True,True
Arpp19,ARPP19,ARPP19,True,True
Arpp21,ARPP21,ARPP21,True,True
Arr3,ARR3,ARR3,False,True
Arrb1,ARRB1,ARRB1,True,True
Arrb2,ARRB2,ARRB2,True,True
Arrdc1,ARRDC1,ARRDC1,True,True
Arrdc2,ARRDC2,ARRDC2,True,True
Arrdc3,ARRDC3,ARRDC3,True,True
Arrdc4,ARRDC4,ARRDC4,True,True
Arsa,ARSA,ARSA,True,True
Arsb,ARSB,ARSB,True,True
Arsg,ARSG,ARSG,True,True
Arsj,ARSJ,ARSJ,True,True
Arsk,ARSK,ARSK,True,True
Art3,ART3,ART3,True,True
Art4,ART4,ART4,False,True
Arv1,ARV1,ARV1,True,True
Arvcf,ARVCF,ARVCF,True,True
As3mt,AS3MT,AS3MT,False,True
Asah1,ASAH1,ASAH1,True,True
Asah2,ASAH2,ASAH2,True,True
Asap1,ASAP1,ASAP1,True,True
Asap2,ASAP2,ASAP2,True,True
Asap3,ASAP3,ASAP3,True,True
Asb1,ASB1,ASB1,True,True
Asb10,ASB10,ASB10,False,True
Asb11,ASB11,ASB11,False,True
Asb12,ASB12,ASB12,False,True
Asb13,ASB13,ASB13,True,True
Asb14,ASB14,ASB14,False,True
Asb15,ASB15,ASB15,False,True
Asb16,ASB16,ASB16,True,True
Asb18,ASB18,ASB18,True,True
Asb2,ASB2,ASB2,True,True
Asb3,ASB3,ASB3,True,True
Asb4,ASB4,ASB4,True,True
Asb5,ASB5,ASB5,True,True
Asb6,ASB6,ASB6,True,True
Asb7,ASB7,ASB7,True,True
Asb8,ASB8,ASB8,True,True
Ascc1,ASCC1,ASCC1,True,True
Ascc2,ASCC2,ASCC2,True,True
Ascc3,ASCC3,ASCC3,True,True
Ascl1,ASCL1,ASCL1,True,True
Ascl2,ASCL2,ASCL2,True,True
Ascl4,ASCL4,ASCL4,False,True
Asf1a,ASF1A,ASF1A,True,True
Asf1b,ASF1B,ASF1B,False,True
Asgr1,ASGR1,ASGR1,True,True
Ash1l,ASH1L,ASH1L,True,True
Ash2l,ASH2L,ASH2L,True,True
Asic1,ASIC1,ASIC1,True,True
Asic2,ASIC2,ASIC2,True,True
Asic3,ASIC3,ASIC3,True,True
Asic4,ASIC4,ASIC4,True,True
Asl,ASL,ASL,True,True
Asmt,ASMT,ASMT,False,True
Asna1,ASNA1,ASNA1,True,False
Asns,ASNS,ASNS,True,True
Asnsd1,ASNSD1,ASNSD1,True,True
Aspa,ASPA,ASPA,True,True
Aspdh,ASPDH,ASPDH,True,True
Aspg,ASPG,ASPG,True,True
Asph,ASPH,ASPH,True,True
Asphd1,ASPHD1,ASPHD1,True,True
Asphd2,ASPHD2,ASPHD2,True,True
Aspm,ASPM,ASPM,True,True
Aspn,ASPN,ASPN,True,True
Asprv1,ASPRV1,ASPRV1,True,True
Aspscr1,ASPSCR1,ASPSCR1,True,True
Asrgl1,ASRGL1,ASRGL1,True,True
Ass1,ASS1,ASS1,True,True
Aste1,ASTE1,ASTE1,True,True
Astn1,ASTN1,ASTN1,True,True
Astn2,ASTN2,ASTN2,True,True
Asxl1,ASXL1,ASXL1,True,True
Asxl2,ASXL2,ASXL2,True,True
Asxl3,ASXL3,ASXL3,True,True
Atad1,ATAD1,ATAD1,True,True
Atad2,ATAD2,ATAD2,True,True
Atad2b,ATAD2B,ATAD2B,True,True
Atad3a,ATAD3A,ATAD3A,True,True
Atad5,ATAD5,ATAD5,True,True
Atat1,ATAT1,ATAT1,True,True
Atcay,ATCAY,ATCAY,True,True
Ate1,ATE1,ATE1,True,True
Atf1,ATF1,ATF1,True,True
Atf2,ATF2,ATF2,True,True
Atf3,ATF3,ATF3,True,True
Atf4,ATF4,ATF4,True,True
Atf5,ATF5,ATF5,True,True
Atf6,ATF6,ATF6,True,True
Atf6b,ATF6B,ATF6B,True,True
Atf7,ATF7,ATF7,True,True
Atf7ip,ATF7IP,ATF7IP,True,True
Atf7ip2,ATF7IP2,ATF7IP2,True,True
Atg10,ATG10,ATG10,True,True
Atg101,ATG101,ATG101,True,True
Atg12,ATG12,ATG12,True,True
Atg13,ATG13,ATG13,True,True
Atg14,ATG14,ATG14,True,True
Atg16l1,ATG16L1,ATG16L1,True,True
Atg16l2,ATG16L2,ATG16L2,True,True
Atg2a,ATG2A,ATG2A,True,True
Atg2b,ATG2B,ATG2B,True,True
Atg3,ATG3,ATG3,True,True
Atg4a,ATG4A,ATG4A,True,True
Atg4b,ATG4B,ATG4B,True,True
Atg4c,ATG4C,ATG4C,True,True
Atg4d,ATG4D,ATG4D,True,True
Atg5,ATG5,ATG5,True,True
Atg7,ATG7,ATG7,True,True
Atg9a,ATG9A,ATG9A,True,True
Atg9b,ATG9B,ATG9B,True,True
Atic,ATIC,ATIC,True,True
Atl1,ATL1,ATL1,True,True
Atl2,ATL2,ATL2,True,True
Atl3,ATL3,ATL3,True,True
Atm,ATM,ATM,True,True
Atmin,ATMIN,ATMIN,True,True
Atn1,ATN1,ATN1,True,True
Atoh7,ATOH7,ATOH7,False,True
Atoh8,ATOH8,ATOH8,True,True
Atox1,ATOX1,ATOX1,True,True
Atp10a,ATP10A,ATP10A,True,True
Atp10b,ATP10B,ATP10B,True,True
Atp11a,ATP11A,ATP11A,True,True
Atp11b,ATP11B,ATP11B,True,True
Atp11c,ATP11C,ATP11C,True,True
Atp13a1,ATP13A1,ATP13A1,True,True
Atp13a2,ATP13A2,ATP13A2,True,True
Atp13a3,ATP13A3,ATP13A3,True,True
Atp13a4,ATP13A4,ATP13A4,True,True
Atp13a5,ATP13A5,ATP13A5,True,True
Atp1a1,ATP1A1,ATP1A1,True,True
Atp1a2,ATP1A2,ATP1A2,True,True
Atp1a3,ATP1A3,ATP1A3,True,True
Atp1b1,ATP1B1,ATP1B1,True,True
Atp1b2,ATP1B2,ATP1B2,True,True
Atp1b3,ATP1B3,ATP1B3,True,True
Atp23,ATP23,ATP23,True,True
Atp2a1,ATP2A1,ATP2A1,True,True
Atp2a2,ATP2A2,ATP2A2,True,True
Atp2a3,ATP2A3,ATP2A3,True,True
Atp2b1,ATP2B1,ATP2B1,True,True
Atp2b2,ATP2B2,ATP2B2,True,True
Atp2b3,ATP2B3,ATP2B3,True,True
Atp2b4,ATP2B4,ATP2B4,True,True
Atp2c1,ATP2C1,ATP2C1,True,True
Atp2c2,ATP2C2,ATP2C2,True,True
Atp4a,ATP4A,ATP4A,False,True
Atp5a1,ATP5A1,ATP5A1,True,False
Atp5b,ATP5B,ATP5B,True,False
Atp5c1,ATP5C1,ATP5C1,True,False
Atp5d,ATP5D,ATP5D,True,False
Atp5e,ATP5E,ATP5E,True,False
Atp5f1,ATP5F1,ATP5F1,True,False
Atp5g1,ATP5G1,ATP5G1,True,False
Atp5g2,ATP5G2,ATP5G2,True,False
Atp5g3,ATP5G3,ATP5G3,True,False
Atp5h,ATP5H,ATP5H,True,False
Atp5j,ATP5J,ATP5J,True,False
Atp5j2,ATP5J2,ATP5J2,True,False
Atp5l,ATP5L,ATP5L,True,False
Atp5md,ATP5MD,ATP5MD,False,True
Atp5mpl,ATP5MPL,ATP5MPL,False,True
Atp5o,ATP5O,ATP5O,True,False
Atp5s,ATP5S,ATP5S,True,False
Atp6ap1,ATP6AP1,ATP6AP1,True,True
Atp6ap1l,ATP6AP1L,ATP6AP1L,True,True
Atp6ap2,ATP6AP2,ATP6AP2,True,True
Atp6v0a1,ATP6V0A1,ATP6V0A1,True,True
Atp6v0a2,ATP6V0A2,ATP6V0A2,True,True
Atp6v0a4,ATP6V0A4,ATP6V0A4,True,True
Atp6v0b,ATP6V0B,ATP6V0B,True,True
Atp6v0c,ATP6V0C,ATP6V0C,True,True
Atp6v0d1,ATP6V0D1,ATP6V0D1,True,True
Atp6v0e2,ATP6V0E2,ATP6V0E2,True,True
Atp6v1a,ATP6V1A,ATP6V1A,True,True
Atp6v1b2,ATP6V1B2,ATP6V1B2,True,True
Atp6v1c1,ATP6V1C1,ATP6V1C1,True,True
Atp6v1c2,ATP6V1C2,ATP6V1C2,True,True
Atp6v1d,ATP6V1D,ATP6V1D,True,True
Atp6v1e1,ATP6V1E1,ATP6V1E1,True,True
Atp6v1f,ATP6V1F,ATP6V1F,True,True
Atp6v1g1,ATP6V1G1,ATP6V1G1,True,True
Atp6v1g2,ATP6V1G2,ATP6V1G2,True,True
Atp6v1h,ATP6V1H,ATP6V1H,True,True
Atp7a,ATP7A,ATP7A,True,True
Atp7b,ATP7B,ATP7B,True,True
Atp8a1,ATP8A1,ATP8A1,True,True
Atp8a2,ATP8A2,ATP8A2,True,True
Atp8b1,ATP8B1,ATP8B1,True,True
Atp8b2,ATP8B2,ATP8B2,True,True
Atp8b3,ATP8B3,ATP8B3,True,True
Atp8b4,ATP8B4,ATP8B4,True,True
Atp9a,ATP9A,ATP9A,True,True
Atp9b,ATP9B,ATP9B,True,True
Atpaf1,ATPAF1,ATPAF1,True,True
Atpaf2,ATPAF2,ATPAF2,True,True
Atpif1,ATPIF1,ATPIF1,True,False
Atpsckmt,ATPSCKMT,ATPSCKMT,False,True
Atr,ATR,ATR,True,True
Atraid,ATRAID,ATRAID,True,True
Atrip,ATRIP,ATRIP,True,True
Atrn,ATRN,ATRN,True,True
Atrnl1,ATRNL1,ATRNL1,True,True
Atrx,ATRX,ATRX,True,True
Atxn1,ATXN1,ATXN1,True,True
Atxn10,ATXN10,ATXN10,True,True
Atxn1l,ATXN1L,ATXN1L,True,True
Atxn2,ATXN2,ATXN2,True,True
Atxn2l,ATXN2L,ATXN2L,True,True
Atxn3,ATXN3,ATXN3,True,True
Atxn7,ATXN7,ATXN7,True,True
Atxn7l1,ATXN7L1,ATXN7L1,True,True
Atxn7l2,ATXN7L2,ATXN7L2,True,True
Atxn7l3,ATXN7L3,ATXN7L3,True,True
Atxn7l3b,ATXN7L3B,ATXN7L3B,True,True
Auh,AUH,AUH,True,True
Aunip,AUNIP,AUNIP,True,True
Aup1,AUP1,AUP1,True,True
Aurka,AURKA,AURKA,True,True
Aurkaip1,AURKAIP1,AURKAIP1,True,True
Aurkb,AURKB,AURKB,False,True
Auts2,AUTS2,AUTS2,True,True
Aven,AVEN,AVEN,True,True
Avil,AVIL,AVIL,True,True
Avl9,AVL9,AVL9,True,True
Avp,AVP,AVP,False,True
Avpi1,AVPI1,AVPI1,True,True
Avpr1a,AVPR1A,AVPR1A,True,True
Awat2,AWAT2,AWAT2,False,True
Axdnd1,AXDND1,AXDND1,True,True
Axin1,AXIN1,AXIN1,True,True
Axin2,AXIN2,AXIN2,True,True
Axl,AXL,AXL,True,True
Azi2,AZI2,AZI2,True,True
Azin1,AZIN1,AZIN1,True,True
Azin2,AZIN2,AZIN2,True,True
B2m,B2M,B2M,True,True
B3galnt1,B3GALNT1,B3GALNT1,True,True
B3galnt2,B3GALNT2,B3GALNT2,True,True
B3galt1,B3GALT1,B3GALT1,True,True
B3galt2,B3GALT2,B3GALT2,True,True
B3galt4,B3GALT4,B3GALT4,True,True
B3galt5,B3GALT5,B3GALT5,True,True
B3galt6,B3GALT6,B3GALT6,True,True
B3gat1,B3GAT1,B3GAT1,True,True
B3gat2,B3GAT2,B3GAT2,True,True
B3gat3,B3GAT3,B3GAT3,True,True
B3glct,B3GLCT,B3GLCT,True,True
B3gnt2,B3GNT2,B3GNT2,True,True
B3gnt3,B3GNT3,B3GNT3,False,True
B3gnt4,B3GNT4,B3GNT4,True,True
B3gnt5,B3GNT5,B3GNT5,True,True
B3gnt6,B3GNT6,B3GNT6,False,True
B3gnt7,B3GNT7,B3GNT7,True,True
B3gnt8,B3GNT8,B3GNT8,False,True
B3gnt9,B3GNT9,B3GNT9,True,True
B3gntl1,B3GNTL1,B3GNTL1,True,True
B4galnt1,B4GALNT1,B4GALNT1,True,True
B4galnt2,B4GALNT2,B4GALNT2,False,True
B4galnt3,B4GALNT3,B4GALNT3,True,True
B4galnt4,B4GALNT4,B4GALNT4,True,True
B4galt1,B4GALT1,B4GALT1,True,True
B4galt2,B4GALT2,B4GALT2,True,True
B4galt3,B4GALT3,B4GALT3,True,True
B4galt4,B4GALT4,B4GALT4,True,True
B4galt5,B4GALT5,B4GALT5,True,True
B4galt6,B4GALT6,B4GALT6,True,True
B4galt7,B4GALT7,B4GALT7,True,True
B4gat1,B4GAT1,B4GAT1,True,True
B9d1,B9D1,B9D1,True,True
B9d2,B9D2,B9D2,True,True
Baalc,BAALC,BAALC,True,True
Baat,BAAT,BAAT,True,True
Babam1,BABAM1,BABAM1,True,True
Babam2,BABAM2,BABAM2,False,True
Bace1,BACE1,BACE1,True,True
Bace2,BACE2,BACE2,True,True
Bach1,BACH1,BACH1,True,True
Bach2,BACH2,BACH2,True,True
Bad,BAD,BAD,True,True
Bag1,BAG1,BAG1,True,True
Bag2,BAG2,BAG2,True,True
Bag3,BAG3,BAG3,True,True
Bag4,BAG4,BAG4,True,True
Bag5,BAG5,BAG5,True,True
Bag6,BAG6,BAG6,True,True
Bahcc1,BAHCC1,BAHCC1,True,True
Bahd1,BAHD1,BAHD1,True,True
Baiap2,BAIAP2,BAIAP2,True,True
Baiap2l1,BAIAP2L1,BAIAP2L1,True,True
Baiap2l2,BAIAP2L2,BAIAP2L2,True,True
Baiap3,BAIAP3,BAIAP3,True,True
Bak1,BAK1,BAK1,True,True
Bambi,BAMBI,BAMBI,True,True
Banf1,BANF1,BANF1,True,True
Banf2,BANF2,BANF2,False,True
Bank1,BANK1,BANK1,True,True
Banp,BANP,BANP,True,True
Bap1,BAP1,BAP1,True,True
Bard1,BARD1,BARD1,True,True
Barhl1,BARHL1,BARHL1,False,True
Barhl2,BARHL2,BARHL2,True,True
Barx2,BARX2,BARX2,True,True
Basp1,BASP1,BASP1,True,True
Batf,BATF,BATF,False,True
Batf2,BATF2,BATF2,True,True
Batf3,BATF3,BATF3,True,True
Bax,BAX,BAX,True,True
Baz1a,BAZ1A,BAZ1A,True,True
Baz1b,BAZ1B,BAZ1B,True,True
Baz2a,BAZ2A,BAZ2A,True,True
Baz2b,BAZ2B,BAZ2B,True,True
Bbc3,BBC3,BBC3,True,True
Bbip1,BBIP1,BBIP1,True,True
Bbof1,BBOF1,BBOF1,True,True
Bbox1,BBOX1,BBOX1,True,True
Bbs1,BBS1,BBS1,True,True
Bbs10,BBS10,BBS10,True,True
Bbs12,BBS12,BBS12,True,True
Bbs2,BBS2,BBS2,True,True
Bbs4,BBS4,BBS4,True,True
Bbs5,BBS5,BBS5,True,True
Bbs7,BBS7,BBS7,True,True
Bbs9,BBS9,BBS9,True,True
Bbx,BBX,BBX,True,True
Bcam,BCAM,BCAM,True,True
Bcan,BCAN,BCAN,True,True
Bcap29,BCAP29,BCAP29,True,True
Bcap31,BCAP31,BCAP31,True,True
Bcar1,BCAR1,BCAR1,True,True
Bcar3,BCAR3,BCAR3,True,True
Bcas1,BCAS1,BCAS1,True,True
Bcas2,BCAS2,BCAS2,True,True
Bcas3,BCAS3,BCAS3,True,True
Bcat1,BCAT1,BCAT1,True,True
Bcat2,BCAT2,BCAT2,True,True
Bccip,BCCIP,BCCIP,True,True
Bcdin3d,BCDIN3D,BCDIN3D,True,True
Bche,BCHE,BCHE,True,True
Bckdha,BCKDHA,BCKDHA,True,True
Bckdhb,BCKDHB,BCKDHB,True,True
Bckdk,BCKDK,BCKDK,True,True
Bcl10,BCL10,BCL10,True,True
Bcl11a,BCL11A,BCL11A,True,True
Bcl11b,BCL11B,BCL11B,True,True
Bcl2,BCL2,BCL2,True,True
Bcl2l1,BCL2L1,BCL2L1,True,True
Bcl2l10,BCL2L10,BCL2L10,False,True
Bcl2l11,BCL2L11,BCL2L11,True,True
Bcl2l12,BCL2L12,BCL2L12,True,True
Bcl2l13,BCL2L13,BCL2L13,True,True
Bcl2l15,BCL2L15,BCL2L15,True,True
Bcl2l2,BCL2L2,BCL2L2,True,True
Bcl3,BCL3,BCL3,True,True
Bcl6,BCL6,BCL6,True,True
Bcl6b,BCL6B,BCL6B,True,True
Bcl7a,BCL7A,BCL7A,True,True
Bcl7b,BCL7B,BCL7B,True,True
Bcl7c,BCL7C,BCL7C,True,True
Bcl9,BCL9,BCL9,True,True
Bcl9l,BCL9L,BCL9L,True,True
Bclaf1,BCLAF1,BCLAF1,True,True
Bclaf3,BCLAF3,BCLAF3,False,True
Bco1,BCO1,BCO1,True,True
Bco2,BCO2,BCO2,True,True
Bcor,BCOR,BCOR,True,True
Bcorl1,BCORL1,BCORL1,True,True
Bcr,BCR,BCR,True,True
Bcs1l,BCS1L,BCS1L,True,True
Bdh1,BDH1,BDH1,True,True
Bdh2,BDH2,BDH2,True,True
Bdkrb1,BDKRB1,BDKRB1,False,True
Bdkrb2,BDKRB2,BDKRB2,True,True
Bdnf,BDNF,BDNF,True,True
Bdp1,BDP1,BDP1,True,True
Bean1,BEAN1,BEAN1,True,True
Becn1,BECN1,BECN1,True,True
Begain,BEGAIN,BEGAIN,True,True
Bend3,BEND3,BEND3,True,True
Bend4,BEND4,BEND4,True,True
Bend5,BEND5,BEND5,True,True
Bend6,BEND6,BEND6,True,True
Bend7,BEND7,BEND7,True,True
Best1,BEST1,BEST1,True,True
Best2,BEST2,BEST2,False,True
Best3,BEST3,BEST3,True,True
Bet1,BET1,BET1,True,True
Bet1l,BET1L,BET1L,True,True
Bex1,BEX1,BEX1,True,True
Bex2,BEX2,BEX2,True,True
Bex3,BEX3,BEX3,True,True
Bex4,BEX4,BEX4,True,True
Bfar,BFAR,BFAR,True,True
Bfsp1,BFSP1,BFSP1,False,True
Bfsp2,BFSP2,BFSP2,False,True
Bgn,BGN,BGN,True,True
Bhlha15,BHLHA15,BHLHA15,False,True
Bhlha9,BHLHA9,BHLHA9,False,True
Bhlhb9,BHLHB9,BHLHB9,True,True
Bhlhe22,BHLHE22,BHLHE22,True,True
Bhlhe40,BHLHE40,BHLHE40,True,True
Bhlhe41,BHLHE41,BHLHE41,True,True
Bhmt,BHMT,BHMT,False,True
Bhmt2,BHMT2,BHMT2,True,True
Bicc1,BICC1,BICC1,True,True
Bicd1,BICD1,BICD1,True,True
Bicd2,BICD2,BICD2,True,True
Bicdl1,BICDL1,BICDL1,True,True
Bicra,BICRA,BICRA,False,True
Bicral,BICRAL,BICRAL,False,True
Bid,BID,BID,True,True
Bik,BIK,BIK,False,True
Bin1,BIN1,BIN1,True,True
Bin2,BIN2,BIN2,True,True
Bin3,BIN3,BIN3,True,True
Birc2,BIRC2,BIRC2,True,True
Birc3,BIRC3,BIRC3,True,True
Birc5,BIRC5,BIRC5,False,True
Birc6,BIRC6,BIRC6,True,True
Birc7,BIRC7,BIRC7,False,True
Bivm,BIVM,BIVM,True,True
Blcap,BLCAP,BLCAP,True,True
Blk,BLK,BLK,False,True
Blm,BLM,BLM,True,True
Blmh,BLMH,BLMH,True,True
Blnk,BLNK,BLNK,True,True
Bloc1s1,BLOC1S1,BLOC1S1,True,True
Bloc1s2,BLOC1S2,BLOC1S2,True,True
Bloc1s3,BLOC1S3,BLOC1S3,True,True
Bloc1s4,BLOC1S4,BLOC1S4,True,True
Bloc1s5,BLOC1S5,BLOC1S5,True,True
Bloc1s6,BLOC1S6,BLOC1S6,True,True
Blvra,BLVRA,BLVRA,True,True
Blvrb,BLVRB,BLVRB,True,True
Blzf1,BLZF1,BLZF1,True,True
Bmerb1,BMERB1,BMERB1,False,True
Bmf,BMF,BMF,True,True
Bmi1,BMI1,BMI1,True,True
Bmp1,BMP1,BMP1,True,True
Bmp2,BMP2,BMP2,True,True
Bmp2k,BMP2K,BMP2K,True,True
Bmp3,BMP3,BMP3,True,True
Bmp4,BMP4,BMP4,True,True
Bmp5,BMP5,BMP5,True,True
Bmp6,BMP6,BMP6,True,True
Bmp7,BMP7,BMP7,True,True
Bmp8a,BMP8A,BMP8A,True,True
Bmp8b,BMP8B,BMP8B,True,True
Bmper,BMPER,BMPER,True,True
Bmpr1a,BMPR1A,BMPR1A,True,True
Bmpr1b,BMPR1B,BMPR1B,True,True
Bmpr2,BMPR2,BMPR2,True,True
Bms1,BMS1,BMS1,True,True
Bmt2,BMT2,BMT2,True,True
Bmx,BMX,BMX,True,True
Bnc2,BNC2,BNC2,True,True
Bnip1,BNIP1,BNIP1,True,True
Bnip2,BNIP2,BNIP2,True,True
Bnip3,BNIP3,BNIP3,True,True
Bnip3l,BNIP3L,BNIP3L,True,True
Bnipl,BNIPL,BNIPL,True,True
Boc,BOC,BOC,True,True
Bod1,BOD1,BOD1,True,True
Bok,BOK,BOK,True,True
Bola1,BOLA1,BOLA1,True,True
Bola2,BOLA2,BOLA2,False,True
Bola3,BOLA3,BOLA3,True,True
Boll,BOLL,BOLL,False,True
Bop1,BOP1,BOP1,True,True
Bora,BORA,BORA,True,True
Borcs5,BORCS5,BORCS5,True,True
Borcs6,BORCS6,BORCS6,True,True
Borcs7,BORCS7,BORCS7,True,True
Borcs8,BORCS8,BORCS8,True,True
Bpgm,BPGM,BPGM,True,True
Bphl,BPHL,BPHL,True,True
Bpifc,BPIFC,BPIFC,False,True
Bpnt1,BPNT1,BPNT1,True,True
Bptf,BPTF,BPTF,True,True
Braf,BRAF,BRAF,True,True
Brap,BRAP,BRAP,True,True
Brat1,BRAT1,BRAT1,True,True
Brca1,BRCA1,BRCA1,True,True
Brca2,BRCA2,BRCA2,True,True
Brcc3,BRCC3,BRCC3,True,True
Brd1,BRD1,BRD1,True,True
Brd2,BRD2,BRD2,True,True
Brd3,BRD3,BRD3,True,True
Brd3os,BRD3OS,BRD3OS,False,True
Brd4,BRD4,BRD4,True,True
Brd7,BRD7,BRD7,True,True
Brd8,BRD8,BRD8,True,True
Brd9,BRD9,BRD9,True,True
Brdt,BRDT,BRDT,False,True
Brf1,BRF1,BRF1,True,True
Brf2,BRF2,BRF2,True,True
Bri3,BRI3,BRI3,True,True
Bri3bp,BRI3BP,BRI3BP,True,True
Bricd5,BRICD5,BRICD5,True,True
Brinp1,BRINP1,BRINP1,True,True
Brinp2,BRINP2,BRINP2,True,True
Brinp3,BRINP3,BRINP3,True,True
Brip1,BRIP1,BRIP1,True,True
Brix1,BRIX1,BRIX1,True,True
Brk1,BRK1,BRK1,True,True
Brms1,BRMS1,BRMS1,True,True
Brms1l,BRMS1L,BRMS1L,True,True
Brox,BROX,BROX,True,True
Brpf1,BRPF1,BRPF1,True,True
Brpf3,BRPF3,BRPF3,True,True
Brsk1,BRSK1,BRSK1,True,True
Brsk2,BRSK2,BRSK2,True,True
Brwd1,BRWD1,BRWD1,True,True
Brwd3,BRWD3,BRWD3,True,True
Bscl2,BSCL2,BSCL2,True,True
Bsdc1,BSDC1,BSDC1,True,True
Bsg,BSG,BSG,True,True
Bsn,BSN,BSN,True,True
Bspry,BSPRY,BSPRY,True,True
Bst1,BST1,BST1,True,True
Bst2,BST2,BST2,True,True
Bsx,BSX,BSX,False,True
Btaf1,BTAF1,BTAF1,True,True
Btbd1,BTBD1,BTBD1,True,True
Btbd10,BTBD10,BTBD10,True,True
Btbd11,BTBD11,BTBD11,True,True
Btbd16,BTBD16,BTBD16,True,True
Btbd17,BTBD17,BTBD17,True,True
Btbd19,BTBD19,BTBD19,True,True
Btbd2,BTBD2,BTBD2,True,True
Btbd3,BTBD3,BTBD3,True,True
Btbd6,BTBD6,BTBD6,True,True
Btbd7,BTBD7,BTBD7,True,True
Btbd8,BTBD8,BTBD8,True,True
Btbd9,BTBD9,BTBD9,True,True
Btc,BTC,BTC,True,True
Btd,BTD,BTD,True,True
Btf3,BTF3,BTF3,True,True
Btf3l4,BTF3L4,BTF3L4,True,True
Btg1,BTG1,BTG1,True,True
Btg2,BTG2,BTG2,True,True
Btg3,BTG3,BTG3,True,True
Btg4,BTG4,BTG4,False,True
Btk,BTK,BTK,True,True
Btla,BTLA,BTLA,False,True
Btn2a2,BTN2A2,BTN2A2,True,True
Btrc,BTRC,BTRC,True,True
Bub1,BUB1,BUB1,True,True
Bub1b,BUB1B,BUB1B,True,True
Bub3,BUB3,BUB3,True,True
Bud13,BUD13,BUD13,True,True
Bud23,BUD23,BUD23,False,True
Bud31,BUD31,BUD31,True,True
Bves,BVES,BVES,True,True
Bysl,BYSL,BYSL,True,True
Bzw1,BZW1,BZW1,True,True
Bzw2,BZW2,BZW2,True,True
C1d,C1D,C1D,True,True
C1galt1,C1GALT1,C1GALT1,True,True
C1galt1c1,C1GALT1C1,C1GALT1C1,True,True
C1qa,C1QA,C1QA,True,True
C1qb,C1QB,C1QB,True,True
C1qbp,C1QBP,C1QBP,True,True
C1qc,C1QC,C1QC,True,True
C1ql1,C1QL1,C1QL1,True,True
C1ql2,C1QL2,C1QL2,True,True
C1ql3,C1QL3,C1QL3,True,True
C1qtnf1,C1QTNF1,C1QTNF1,True,True
C1qtnf12,C1QTNF12,C1QTNF12,False,True
C1qtnf2,C1QTNF2,C1QTNF2,True,True
C1qtnf3,C1QTNF3,C1QTNF3,True,True
C1qtnf4,C1QTNF4,C1QTNF4,True,True
C1qtnf6,C1QTNF6,C1QTNF6,True,True
C1qtnf7,C1QTNF7,C1QTNF7,True,True
C1qtnf9,C1QTNF9,C1QTNF9,False,True
C1rl,C1RL,C1RL,True,True
C2,C2,C2,True,True
C2cd2,C2CD2,C2CD2,True,True
C2cd2l,C2CD2L,C2CD2L,True,True
C2cd3,C2CD3,C2CD3,True,True
C2cd4b,C2CD4B,C2CD4B,True,True
C2cd4c,C2CD4C,C2CD4C,True,True
C2cd4d,C2CD4D,C2CD4D,False,True
C2cd5,C2CD5,C2CD5,True,True
C2cd6,C2CD6,C2CD6,False,True
C3,C3,C3,True,True
C3ar1,C3AR1,C3AR1,True,True
C4b,C4B,C4B,True,True
C5ar1,C5AR1,C5AR1,True,True
C5ar2,C5AR2,C5AR2,True,True
C6,C6,C6,True,True
C8g,C8G,C8G,False,True
C9orf72,C9ORF72,C9orf72,True,True
Caap1,CAAP1,CAAP1,True,True
Cab39,CAB39,CAB39,True,True
Cab39l,CAB39L,CAB39L,True,True
Cabcoco1,CABCOCO1,CABCOCO1,False,True
Cabin1,CABIN1,CABIN1,True,True
Cables1,CABLES1,CABLES1,True,True
Cables2,CABLES2,CABLES2,True,True
Cabp1,CABP1,CABP1,True,True
Cabp4,CABP4,CABP4,True,True
Cabp7,CABP7,CABP7,True,True
Cabyr,CABYR,CABYR,True,True
Cacfd1,CACFD1,CACFD1,True,True
Cachd1,CACHD1,CACHD1,True,True
Cacna1a,CACNA1A,CACNA1A,True,True
Cacna1b,CACNA1B,CACNA1B,True,True
Cacna1c,CACNA1C,CACNA1C,True,True
Cacna1d,CACNA1D,CACNA1D,True,True
Cacna1e,CACNA1E,CACNA1E,True,True
Cacna1f,CACNA1F,CACNA1F,True,True
Cacna1g,CACNA1G,CACNA1G,True,True
Cacna1h,CACNA1H,CACNA1H,True,True
Cacna1i,CACNA1I,CACNA1I,True,True
Cacna1s,CACNA1S,CACNA1S,True,True
Cacna2d1,CACNA2D1,CACNA2D1,True,True
Cacna2d2,CACNA2D2,CACNA2D2,True,True
Cacna2d3,CACNA2D3,CACNA2D3,True,True
Cacna2d4,CACNA2D4,CACNA2D4,True,True
Cacnb1,CACNB1,CACNB1,True,True
Cacnb2,CACNB2,CACNB2,True,True
Cacnb3,CACNB3,CACNB3,True,True
Cacnb4,CACNB4,CACNB4,True,True
Cacng1,CACNG1,CACNG1,False,True
Cacng2,CACNG2,CACNG2,True,True
Cacng3,CACNG3,CACNG3,True,True
Cacng4,CACNG4,CACNG4,True,True
Cacng5,CACNG5,CACNG5,True,True
Cacng7,CACNG7,CACNG7,True,True
Cacng8,CACNG8,CACNG8,True,True
Cactin,CACTIN,CACTIN,True,True
Cacul1,CACUL1,CACUL1,True,True
Cacybp,CACYBP,CACYBP,True,True
Cad,CAD,CAD,True,True
Cadm1,CADM1,CADM1,True,True
Cadm2,CADM2,CADM2,True,True
Cadm3,CADM3,CADM3,True,True
Cadm4,CADM4,CADM4,True,True
Cadps,CADPS,CADPS,True,True
Cadps2,CADPS2,CADPS2,True,True
Cage1,CAGE1,CAGE1,False,True
Calb1,CALB1,CALB1,True,True
Calb2,CALB2,CALB2,True,True
Calca,CALCA,CALCA,True,True
Calcoco1,CALCOCO1,CALCOCO1,True,True
Calcoco2,CALCOCO2,CALCOCO2,True,True
Calcrl,CALCRL,CALCRL,True,True
Cald1,CALD1,CALD1,True,True
Calhm2,CALHM2,CALHM2,True,True
Calhm5,CALHM5,CALHM5,False,True
Calm1,CALM1,CALM1,True,True
Calm2,CALM2,CALM2,True,True
Calm3,CALM3,CALM3,True,True
Calml4,CALML4,CALML4,True,True
Caln1,CALN1,CALN1,True,True
Calr,CALR,CALR,True,True
Calr3,CALR3,CALR3,False,True
Calu,CALU,CALU,True,True
Caly,CALY,CALY,True,True
Camk1,CAMK1,CAMK1,True,True
Camk1d,CAMK1D,CAMK1D,True,True
Camk1g,CAMK1G,CAMK1G,True,True
Camk2a,CAMK2A,CAMK2A,True,True
Camk2b,CAMK2B,CAMK2B,True,True
Camk2d,CAMK2D,CAMK2D,True,True
Camk2g,CAMK2G,CAMK2G,True,True
Camk2n1,CAMK2N1,CAMK2N1,True,True
Camk2n2,CAMK2N2,CAMK2N2,True,True
Camk4,CAMK4,CAMK4,True,True
Camkk1,CAMKK1,CAMKK1,True,True
Camkk2,CAMKK2,CAMKK2,True,True
Camkmt,CAMKMT,CAMKMT,True,True
Camkv,CAMKV,CAMKV,True,True
Camp,CAMP,CAMP,False,True
Camsap1,CAMSAP1,CAMSAP1,True,True
Camsap2,CAMSAP2,CAMSAP2,True,True
Camsap3,CAMSAP3,CAMSAP3,True,True
Camta1,CAMTA1,CAMTA1,True,True
Camta2,CAMTA2,CAMTA2,True,True
Cand1,CAND1,CAND1,True,True
Cand2,CAND2,CAND2,True,True
Cant1,CANT1,CANT1,True,True
Canx,CANX,CANX,True,True
Cap1,CAP1,CAP1,True,True
Cap2,CAP2,CAP2,True,True
Capg,CAPG,CAPG,True,True
Capn1,CAPN1,CAPN1,True,True
Capn10,CAPN10,CAPN10,True,True
Capn11,CAPN11,CAPN11,False,True
Capn12,CAPN12,CAPN12,False,True
Capn15,CAPN15,CAPN15,True,True
Capn2,CAPN2,CAPN2,True,True
Capn3,CAPN3,CAPN3,True,True
Capn5,CAPN5,CAPN5,True,True
Capn6,CAPN6,CAPN6,False,True
Capn7,CAPN7,CAPN7,True,True
Capn9,CAPN9,CAPN9,True,True
Capns1,CAPNS1,CAPNS1,True,True
Capns2,CAPNS2,CAPNS2,True,True
Caprin1,CAPRIN1,CAPRIN1,True,True
Caprin2,CAPRIN2,CAPRIN2,True,True
Caps2,CAPS2,CAPS2,True,True
Capsl,CAPSL,CAPSL,True,True
Capza1,CAPZA1,CAPZA1,True,True
Capza2,CAPZA2,CAPZA2,True,True
Capzb,CAPZB,CAPZB,True,True
Card10,CARD10,CARD10,True,True
Card11,CARD11,CARD11,True,True
Card19,CARD19,CARD19,True,True
Card6,CARD6,CARD6,True,True
Card9,CARD9,CARD9,True,True
Carf,CARF,CARF,True,True
Carhsp1,CARHSP1,CARHSP1,True,True
Carm1,CARM1,CARM1,True,True
Carmil1,CARMIL1,CARMIL1,False,True
Carmil2,CARMIL2,CARMIL2,True,True
Carmil3,CARMIL3,CARMIL3,True,True
Carmn,CARMN,CARMN,True,True
Carnmt1,CARNMT1,CARNMT1,True,True
Carns1,CARNS1,CARNS1,True,True
Cars,CARS,CARS,True,True
Cars2,CARS2,CARS2,True,True
Cartpt,CARTPT,CARTPT,True,True
Casc1,CASC1,CASC1,True,True
Casc3,CASC3,CASC3,True,True
Casc4,CASC4,CASC4,True,True
Casd1,CASD1,CASD1,True,True
Cask,CASK,CASK,True,True
Caskin1,CASKIN1,CASKIN1,True,True
Caskin2,CASKIN2,CASKIN2,True,True
Casp1,CASP1,CASP1,True,True
Casp2,CASP2,CASP2,True,True
Casp3,CASP3,CASP3,True,True
Casp4,CASP4,CASP4,True,True
Casp6,CASP6,CASP6,True,True
Casp7,CASP7,CASP7,True,True
Casp8,CASP8,CASP8,True,True
Casp8ap2,CASP8AP2,CASP8AP2,True,True
Casp9,CASP9,CASP9,True,True
Casq1,CASQ1,CASQ1,True,True
Casq2,CASQ2,CASQ2,True,True
Cass4,CASS4,CASS4,True,True
Cast,CAST,CAST,True,True
Castor1,CASTOR1,CASTOR1,False,True
Castor2,CASTOR2,CASTOR2,False,True
Casz1,CASZ1,CASZ1,True,True
Cat,CAT,CAT,True,True
Catip,CATIP,CATIP,True,True
Catsper2,CATSPER2,CATSPER2,True,True
Catsper3,CATSPER3,CATSPER3,True,True
Catsper4,CATSPER4,CATSPER4,False,True
Catsperb,CATSPERB,CATSPERB,True,True
Catsperd,CATSPERD,CATSPERD,False,True
Catsperz,CATSPERZ,CATSPERZ,False,True
Cav1,CAV1,CAV1,True,True
Cav2,CAV2,CAV2,True,True
Cavin1,CAVIN1,CAVIN1,False,True
Cavin2,CAVIN2,CAVIN2,False,True
Cavin3,CAVIN3,CAVIN3,False,True
Cavin4,CAVIN4,CAVIN4,False,True
Cbarp,CBARP,CBARP,True,True
Cbfa2t2,CBFA2T2,CBFA2T2,True,True
Cbfa2t3,CBFA2T3,CBFA2T3,True,True
Cbfb,CBFB,CBFB,True,True
Cbl,CBL,CBL,True,True
Cblb,CBLB,CBLB,True,True
Cblc,CBLC,CBLC,False,True
Cbll1,CBLL1,CBLL1,True,True
Cbln1,CBLN1,CBLN1,True,True
Cbln2,CBLN2,CBLN2,True,True
Cbln3,CBLN3,CBLN3,True,True
Cbln4,CBLN4,CBLN4,True,True
Cbr1,CBR1,CBR1,True,True
Cbr3,CBR3,CBR3,True,True
Cbr4,CBR4,CBR4,True,True
Cbs,CBS,CBS,True,True
Cbwd1,CBWD1,CBWD1,True,True
Cbx1,CBX1,CBX1,True,True
Cbx2,CBX2,CBX2,True,True
Cbx3,CBX3,CBX3,True,True
Cbx4,CBX4,CBX4,True,True
Cbx5,CBX5,CBX5,True,True
Cbx6,CBX6,CBX6,True,True
Cbx7,CBX7,CBX7,True,True
Cbx8,CBX8,CBX8,True,True
Cby1,CBY1,CBY1,True,True
Cby3,CBY3,CBY3,False,True
Cc2d1a,CC2D1A,CC2D1A,True,True
Cc2d1b,CC2D1B,CC2D1B,True,True
Cc2d2a,CC2D2A,CC2D2A,True,True
Cc2d2b,CC2D2B,CC2D2B,True,True
Ccar1,CCAR1,CCAR1,True,True
Ccar2,CCAR2,CCAR2,True,True
Ccbe1,CCBE1,CCBE1,True,True
Ccdc102a,CCDC102A,CCDC102A,True,True
Ccdc103,CCDC103,CCDC103,False,True
Ccdc105,CCDC105,CCDC105,False,True
Ccdc106,CCDC106,CCDC106,True,True
Ccdc107,CCDC107,CCDC107,True,True
Ccdc110,CCDC110,CCDC110,True,True
Ccdc112,CCDC112,CCDC112,True,True
Ccdc113,CCDC113,CCDC113,True,True
Ccdc114,CCDC114,CCDC114,True,True
Ccdc115,CCDC115,CCDC115,True,True
Ccdc116,CCDC116,CCDC116,True,True
Ccdc117,CCDC117,CCDC117,True,True
Ccdc12,CCDC12,CCDC12,True,True
Ccdc120,CCDC120,CCDC120,True,True
Ccdc121,CCDC121,CCDC121,True,True
Ccdc122,CCDC122,CCDC122,True,True
Ccdc124,CCDC124,CCDC124,True,True
Ccdc125,CCDC125,CCDC125,True,True
Ccdc126,CCDC126,CCDC126,True,True
Ccdc127,CCDC127,CCDC127,True,True
Ccdc13,CCDC13,CCDC13,True,True
Ccdc130,CCDC130,CCDC130,True,True
Ccdc134,CCDC134,CCDC134,True,True
Ccdc136,CCDC136,CCDC136,True,True
Ccdc137,CCDC137,CCDC137,True,True
Ccdc138,CCDC138,CCDC138,True,True
Ccdc14,CCDC14,CCDC14,True,True
Ccdc141,CCDC141,CCDC141,True,True
Ccdc142,CCDC142,CCDC142,True,True
Ccdc146,CCDC146,CCDC146,True,True
Ccdc148,CCDC148,CCDC148,True,True
Ccdc149,CCDC149,CCDC149,True,True
Ccdc15,CCDC15,CCDC15,True,True
Ccdc150,CCDC150,CCDC150,True,True
Ccdc151,CCDC151,CCDC151,True,True
Ccdc152,CCDC152,CCDC152,True,True
Ccdc153,CCDC153,CCDC153,True,True
Ccdc154,CCDC154,CCDC154,True,True
Ccdc155,CCDC155,CCDC155,False,True
Ccdc157,CCDC157,CCDC157,True,True
Ccdc158,CCDC158,CCDC158,True,True
Ccdc159,CCDC159,CCDC159,True,True
Ccdc160,CCDC160,CCDC160,True,True
Ccdc163,CCDC163,CCDC163,False,True
Ccdc166,CCDC166,CCDC166,False,True
Ccdc167,CCDC167,CCDC167,True,True
Ccdc169,CCDC169,CCDC169,True,True
Ccdc17,CCDC17,CCDC17,True,True
Ccdc170,CCDC170,CCDC170,True,True
Ccdc171,CCDC171,CCDC171,True,True
Ccdc173,CCDC173,CCDC173,True,True
Ccdc174,CCDC174,CCDC174,True,True
Ccdc175,CCDC175,CCDC175,True,True
Ccdc177,CCDC177,CCDC177,True,True
Ccdc178,CCDC178,CCDC178,True,True
Ccdc18,CCDC18,CCDC18,True,True
Ccdc180,CCDC180,CCDC180,True,True
Ccdc181,CCDC181,CCDC181,True,True
Ccdc183,CCDC183,CCDC183,True,True
Ccdc184,CCDC184,CCDC184,True,True
Ccdc186,CCDC186,CCDC186,True,True
Ccdc187,CCDC187,CCDC187,False,True
Ccdc189,CCDC189,CCDC189,True,True
Ccdc190,CCDC190,CCDC190,True,True
Ccdc191,CCDC191,CCDC191,True,True
Ccdc22,CCDC22,CCDC22,True,True
Ccdc24,CCDC24,CCDC24,True,True
Ccdc25,CCDC25,CCDC25,True,True
Ccdc28a,CCDC28A,CCDC28A,True,True
Ccdc28b,CCDC28B,CCDC28B,True,True
Ccdc3,CCDC3,CCDC3,True,True
Ccdc30,CCDC30,CCDC30,True,True
Ccdc32,CCDC32,CCDC32,False,True
Ccdc33,CCDC33,CCDC33,True,True
Ccdc34,CCDC34,CCDC34,True,True
Ccdc36,CCDC36,CCDC36,True,True
Ccdc38,CCDC38,CCDC38,False,True
Ccdc39,CCDC39,CCDC39,True,True
Ccdc40,CCDC40,CCDC40,True,True
Ccdc43,CCDC43,CCDC43,True,True
Ccdc47,CCDC47,CCDC47,True,True
Ccdc50,CCDC50,CCDC50,True,True
Ccdc51,CCDC51,CCDC51,True,True
Ccdc57,CCDC57,CCDC57,True,True
Ccdc58,CCDC58,CCDC58,True,True
Ccdc59,CCDC59,CCDC59,True,True
Ccdc6,CCDC6,CCDC6,True,True
Ccdc60,CCDC60,CCDC60,True,True
Ccdc61,CCDC61,CCDC61,True,True
Ccdc62,CCDC62,CCDC62,True,True
Ccdc63,CCDC63,CCDC63,False,True
Ccdc65,CCDC65,CCDC65,True,True
Ccdc66,CCDC66,CCDC66,True,True
Ccdc68,CCDC68,CCDC68,True,True
Ccdc69,CCDC69,CCDC69,True,True
Ccdc71,CCDC71,CCDC71,True,True
Ccdc71l,CCDC71L,CCDC71L,True,True
Ccdc73,CCDC73,CCDC73,False,True
Ccdc74a,CCDC74A,CCDC74A,True,True
Ccdc77,CCDC77,CCDC77,True,True
Ccdc78,CCDC78,CCDC78,True,True
Ccdc8,CCDC8,CCDC8,True,True
Ccdc80,CCDC80,CCDC80,True,True
Ccdc81,CCDC81,CCDC81,True,True
Ccdc82,CCDC82,CCDC82,True,True
Ccdc83,CCDC83,CCDC83,False,True
Ccdc84,CCDC84,CCDC84,True,True
Ccdc85a,CCDC85A,CCDC85A,True,True
Ccdc85b,CCDC85B,CCDC85B,True,True
Ccdc85c,CCDC85C,CCDC85C,True,True
Ccdc86,CCDC86,CCDC86,True,True
Ccdc87,CCDC87,CCDC87,True,True
Ccdc88a,CCDC88A,CCDC88A,True,True
Ccdc88b,CCDC88B,CCDC88B,True,True
Ccdc88c,CCDC88C,CCDC88C,True,True
Ccdc89,CCDC89,CCDC89,True,True
Ccdc9,CCDC9,CCDC9,True,True
Ccdc90b,CCDC90B,CCDC90B,True,True
Ccdc91,CCDC91,CCDC91,True,True
Ccdc92,CCDC92,CCDC92,True,True
Ccdc92b,CCDC92B,CCDC92B,True,False
Ccdc93,CCDC93,CCDC93,True,True
Ccdc94,CCDC94,CCDC94,True,False
Ccdc96,CCDC96,CCDC96,True,True
Ccdc97,CCDC97,CCDC97,True,True
Ccdc9b,CCDC9B,CCDC9B,False,True
Ccer2,CCER2,CCER2,True,True
Cchcr1,CCHCR1,CCHCR1,True,True
Cck,CCK,CCK,True,True
Cckbr,CCKBR,CCKBR,True,True
Ccl17,CCL17,CCL17,False,True
Ccl2,CCL2,CCL2,True,True
Ccl22,CCL22,CCL22,False,True
Ccl24,CCL24,CCL24,False,True
Ccl25,CCL25,CCL25,False,True
Ccl28,CCL28,CCL28,True,True
Ccl3,CCL3,CCL3,True,True
Ccl4,CCL4,CCL4,True,True
Ccl5,CCL5,CCL5,True,True
Ccm2,CCM2,CCM2,True,True
Ccm2l,CCM2L,CCM2L,True,True
Ccn1,CCN1,CCN1,False,True
Ccn2,CCN2,CCN2,False,True
Ccn4,CCN4,CCN4,False,True
Ccna1,CCNA1,CCNA1,True,True
Ccna2,CCNA2,CCNA2,True,True
Ccnb1,CCNB1,CCNB1,True,True
Ccnb1ip1,CCNB1IP1,CCNB1IP1,True,True
Ccnb2,CCNB2,CCNB2,True,True
Ccnc,CCNC,CCNC,True,True
Ccnd1,CCND1,CCND1,True,True
Ccnd2,CCND2,CCND2,True,True
Ccnd3,CCND3,CCND3,True,True
Ccndbp1,CCNDBP1,CCNDBP1,True,True
Ccne1,CCNE1,CCNE1,True,True
Ccne2,CCNE2,CCNE2,True,True
Ccnf,CCNF,CCNF,True,True
Ccng1,CCNG1,CCNG1,True,True
Ccng2,CCNG2,CCNG2,True,True
Ccnh,CCNH,CCNH,True,True
Ccni,CCNI,CCNI,True,True
Ccnj,CCNJ,CCNJ,True,True
Ccnjl,CCNJL,CCNJL,True,True
Ccnk,CCNK,CCNK,True,True
Ccnl1,CCNL1,CCNL1,True,True
Ccnl2,CCNL2,CCNL2,True,True
Ccno,CCNO,CCNO,True,True
Ccnq,CCNQ,CCNQ,False,True
Ccnt1,CCNT1,CCNT1,True,True
Ccnt2,CCNT2,CCNT2,True,True
Ccny,CCNY,CCNY,True,True
Ccnyl1,CCNYL1,CCNYL1,True,True
Ccp110,CCP110,CCP110,True,True
Ccpg1,CCPG1,CCPG1,True,True
Ccr1,CCR1,CCR1,True,True
Ccr10,CCR10,CCR10,True,True
Ccr2,CCR2,CCR2,False,True
Ccr5,CCR5,CCR5,True,True
Ccr6,CCR6,CCR6,False,True
Ccr9,CCR9,CCR9,False,True
Ccrl2,CCRL2,CCRL2,True,True
Ccs,CCS,CCS,True,True
Ccsap,CCSAP,CCSAP,True,True
Ccser1,CCSER1,CCSER1,True,True
Ccser2,CCSER2,CCSER2,True,True
Cct2,CCT2,CCT2,True,True
Cct3,CCT3,CCT3,True,True
Cct4,CCT4,CCT4,True,True
Cct5,CCT5,CCT5,True,True
Cct6a,CCT6A,CCT6A,True,True
Cct6b,CCT6B,CCT6B,True,True
Cct7,CCT7,CCT7,True,True
Cct8,CCT8,CCT8,True,True
Ccz1,CCZ1,CCZ1,True,True
Cd101,CD101,CD101,True,True
Cd109,CD109,CD109,True,True
Cd14,CD14,CD14,True,True
Cd151,CD151,CD151,True,True
Cd160,CD160,CD160,False,True
Cd163,CD163,CD163,True,True
Cd163l1,CD163L1,CD163L1,True,True
Cd164,CD164,CD164,True,True
Cd164l2,CD164L2,CD164L2,False,True
Cd180,CD180,CD180,True,True
Cd2,CD2,CD2,True,True
Cd200,CD200,CD200,True,True
Cd200r1,CD200R1,CD200R1,True,True
Cd22,CD22,CD22,True,True
Cd226,CD226,CD226,True,True
Cd244,CD244,CD244,False,True
Cd247,CD247,CD247,True,True
Cd248,CD248,CD248,True,True
Cd27,CD27,CD27,False,True
Cd274,CD274,CD274,True,True
Cd276,CD276,CD276,True,True
Cd28,CD28,CD28,False,True
Cd2ap,CD2AP,CD2AP,True,True
Cd2bp2,CD2BP2,CD2BP2,True,True
Cd300a,CD300A,CD300A,True,True
Cd300e,CD300E,CD300E,False,True
Cd300ld,CD300LD,CD300LD,False,True
Cd300lf,CD300LF,CD300LF,True,True
Cd300lg,CD300LG,CD300LG,False,True
Cd302,CD302,CD302,True,True
Cd320,CD320,CD320,True,True
Cd33,CD33,CD33,True,True
Cd34,CD34,CD34,True,True
Cd36,CD36,CD36,True,True
Cd37,CD37,CD37,True,True
Cd38,CD38,CD38,True,True
Cd3d,CD3D,CD3D,False,True
Cd3eap,CD3EAP,CD3EAP,True,True
Cd3g,CD3G,CD3G,False,True
Cd4,CD4,CD4,True,True
Cd40,CD40,CD40,True,True
Cd44,CD44,CD44,True,True
Cd46,CD46,CD46,True,True
Cd47,CD47,CD47,True,True
Cd48,CD48,CD48,True,True
Cd5,CD5,CD5,False,True
Cd52,CD52,CD52,True,True
Cd53,CD53,CD53,True,True
Cd55,CD55,CD55,True,True
Cd63,CD63,CD63,True,True
Cd68,CD68,CD68,False,True
Cd69,CD69,CD69,True,True
Cd7,CD7,CD7,False,True
Cd70,CD70,CD70,False,True
Cd72,CD72,CD72,True,True
Cd74,CD74,CD74,True,True
Cd79a,CD79A,CD79A,False,True
Cd79b,CD79B,CD79B,False,True
Cd80,CD80,CD80,False,True
Cd81,CD81,CD81,True,True
Cd82,CD82,CD82,True,True
Cd83,CD83,CD83,True,True
Cd84,CD84,CD84,True,True
Cd86,CD86,CD86,True,True
Cd9,CD9,CD9,True,True
Cd93,CD93,CD93,True,True
Cd96,CD96,CD96,True,True
Cd99l2,CD99L2,CD99L2,True,True
Cda,CDA,CDA,True,True
Cdadc1,CDADC1,CDADC1,True,True
Cdan1,CDAN1,CDAN1,True,True
Cdc123,CDC123,CDC123,True,True
Cdc14a,CDC14A,CDC14A,True,True
Cdc14b,CDC14B,CDC14B,True,True
Cdc16,CDC16,CDC16,True,True
Cdc20,CDC20,CDC20,True,True
Cdc20b,CDC20B,CDC20B,False,True
Cdc23,CDC23,CDC23,True,True
Cdc25a,CDC25A,CDC25A,True,True
Cdc25b,CDC25B,CDC25B,True,True
Cdc25c,CDC25C,CDC25C,False,True
Cdc26,CDC26,CDC26,True,True
Cdc27,CDC27,CDC27,True,True
Cdc34,CDC34,CDC34,True,True
Cdc37,CDC37,CDC37,True,True
Cdc37l1,CDC37L1,CDC37L1,True,True
Cdc40,CDC40,CDC40,True,True
Cdc42,CDC42,CDC42,True,True
Cdc42bpa,CDC42BPA,CDC42BPA,True,True
Cdc42bpb,CDC42BPB,CDC42BPB,True,True
Cdc42bpg,CDC42BPG,CDC42BPG,True,True
Cdc42ep1,CDC42EP1,CDC42EP1,True,True
Cdc42ep2,CDC42EP2,CDC42EP2,True,True
Cdc42ep3,CDC42EP3,CDC42EP3,True,True
Cdc42ep4,CDC42EP4,CDC42EP4,True,True
Cdc42ep5,CDC42EP5,CDC42EP5,True,True
Cdc42se1,CDC42SE1,CDC42SE1,True,True
Cdc42se2,CDC42SE2,CDC42SE2,True,True
Cdc45,CDC45,CDC45,False,True
Cdc5l,CDC5L,CDC5L,True,True
Cdc6,CDC6,CDC6,True,True
Cdc7,CDC7,CDC7,True,True
Cdc73,CDC73,CDC73,True,True
Cdca2,CDCA2,CDCA2,True,True
Cdca3,CDCA3,CDCA3,True,True
Cdca4,CDCA4,CDCA4,True,True
Cdca7,CDCA7,CDCA7,True,True
Cdca7l,CDCA7L,CDCA7L,True,True
Cdca8,CDCA8,CDCA8,True,True
Cdh1,CDH1,CDH1,True,True
Cdh10,CDH10,CDH10,True,True
Cdh11,CDH11,CDH11,True,True
Cdh12,CDH12,CDH12,True,True
Cdh13,CDH13,CDH13,True,True
Cdh15,CDH15,CDH15,True,True
Cdh18,CDH18,CDH18,True,True
Cdh19,CDH19,CDH19,True,True
Cdh2,CDH2,CDH2,True,True
Cdh20,CDH20,CDH20,True,True
Cdh22,CDH22,CDH22,True,True
Cdh23,CDH23,CDH23,True,True
Cdh24,CDH24,CDH24,True,True
Cdh26,CDH26,CDH26,True,True
Cdh3,CDH3,CDH3,True,True
Cdh4,CDH4,CDH4,True,True
Cdh5,CDH5,CDH5,True,True
Cdh6,CDH6,CDH6,True,True
Cdh7,CDH7,CDH7,True,True
Cdh8,CDH8,CDH8,True,True
Cdh9,CDH9,CDH9,True,True
Cdhr1,CDHR1,CDHR1,True,True
Cdhr2,CDHR2,CDHR2,True,True
Cdhr3,CDHR3,CDHR3,True,True
Cdhr4,CDHR4,CDHR4,False,True
Cdip1,CDIP1,CDIP1,True,True
Cdipt,CDIPT,CDIPT,True,True
Cdk1,CDK1,CDK1,True,True
Cdk10,CDK10,CDK10,True,True
Cdk11b,CDK11B,CDK11B,True,True
Cdk12,CDK12,CDK12,True,True
Cdk13,CDK13,CDK13,True,True
Cdk14,CDK14,CDK14,True,True
Cdk15,CDK15,CDK15,False,True
Cdk16,CDK16,CDK16,True,True
Cdk17,CDK17,CDK17,True,True
Cdk18,CDK18,CDK18,True,True
Cdk19,CDK19,CDK19,True,True
Cdk2,CDK2,CDK2,True,True
Cdk20,CDK20,CDK20,True,True
Cdk2ap1,CDK2AP1,CDK2AP1,True,True
Cdk2ap2,CDK2AP2,CDK2AP2,True,True
Cdk4,CDK4,CDK4,True,True
Cdk5,CDK5,CDK5,True,True
Cdk5r1,CDK5R1,CDK5R1,True,True
Cdk5r2,CDK5R2,CDK5R2,True,True
Cdk5rap1,CDK5RAP1,CDK5RAP1,True,True
Cdk5rap2,CDK5RAP2,CDK5RAP2,True,True
Cdk5rap3,CDK5RAP3,CDK5RAP3,True,True
Cdk6,CDK6,CDK6,True,True
Cdk7,CDK7,CDK7,True,True
Cdk8,CDK8,CDK8,True,True
Cdk9,CDK9,CDK9,True,True
Cdkal1,CDKAL1,CDKAL1,True,True
Cdkl1,CDKL1,CDKL1,True,True
Cdkl2,CDKL2,CDKL2,True,True
Cdkl3,CDKL3,CDKL3,True,True
Cdkl4,CDKL4,CDKL4,True,True
Cdkl5,CDKL5,CDKL5,True,True
Cdkn1a,CDKN1A,CDKN1A,True,True
Cdkn1b,CDKN1B,CDKN1B,True,True
Cdkn1c,CDKN1C,CDKN1C,True,True
Cdkn2a,CDKN2A,CDKN2A,True,True
Cdkn2aip,CDKN2AIP,CDKN2AIP,True,True
Cdkn2aipnl,CDKN2AIPNL,CDKN2AIPNL,True,True
Cdkn2b,CDKN2B,CDKN2B,True,True
Cdkn2c,CDKN2C,CDKN2C,True,True
Cdkn2d,CDKN2D,CDKN2D,True,True
Cdkn3,CDKN3,CDKN3,True,True
Cdnf,CDNF,CDNF,True,True
Cdo1,CDO1,CDO1,True,True
Cdon,CDON,CDON,True,True
Cdpf1,CDPF1,CDPF1,True,True
Cdr1,CDR1,CDR1,False,True
Cdr2,CDR2,CDR2,True,True
Cdr2l,CDR2L,CDR2L,True,True
Cdrt4,CDRT4,CDRT4,True,True
Cds1,CDS1,CDS1,True,True
Cds2,CDS2,CDS2,True,True
Cdt1,CDT1,CDT1,True,True
Cdv3,CDV3,CDV3,True,True
Cdyl,CDYL,CDYL,True,True
Cdyl2,CDYL2,CDYL2,True,True
Ceacam1,CEACAM1,CEACAM1,True,True
Ceacam16,CEACAM16,CEACAM16,False,True
Cebpa,CEBPA,CEBPA,True,True
Cebpb,CEBPB,CEBPB,True,True
Cebpd,CEBPD,CEBPD,True,True
Cebpg,CEBPG,CEBPG,True,True
Cebpz,CEBPZ,CEBPZ,True,True
Cebpzos,CEBPZOS,CEBPZOS,True,True
Cecr2,CECR2,CECR2,True,True
Cela1,CELA1,CELA1,False,True
Celf1,CELF1,CELF1,True,True
Celf2,CELF2,CELF2,True,True
Celf3,CELF3,CELF3,True,True
Celf4,CELF4,CELF4,True,True
Celf5,CELF5,CELF5,True,True
Celf6,CELF6,CELF6,True,True
Celsr1,CELSR1,CELSR1,True,True
Celsr2,CELSR2,CELSR2,True,True
Celsr3,CELSR3,CELSR3,True,True
Cemip,CEMIP,CEMIP,True,True
Cemip2,CEMIP2,CEMIP2,False,True
Cend1,CEND1,CEND1,True,True
Cenpa,CENPA,CENPA,False,True
Cenpb,CENPB,CENPB,True,True
Cenpe,CENPE,CENPE,True,True
Cenpf,CENPF,CENPF,True,True
Cenph,CENPH,CENPH,True,True
Cenpi,CENPI,CENPI,True,True
Cenpj,CENPJ,CENPJ,True,True
Cenpk,CENPK,CENPK,True,True
Cenpl,CENPL,CENPL,True,True
Cenpm,CENPM,CENPM,True,True
Cenpn,CENPN,CENPN,True,True
Cenpo,CENPO,CENPO,True,True
Cenpp,CENPP,CENPP,True,True
Cenpq,CENPQ,CENPQ,True,True
Cenps,CENPS,CENPS,False,True
Cenpt,CENPT,CENPT,True,True
Cenpu,CENPU,CENPU,True,True
Cenpv,CENPV,CENPV,True,True
Cenpw,CENPW,CENPW,True,True
Cenpx,CENPX,CENPX,False,True
Cep104,CEP104,CEP104,True,True
Cep112,CEP112,CEP112,True,True
Cep120,CEP120,CEP120,True,True
Cep126,CEP126,CEP126,True,True
Cep128,CEP128,CEP128,True,True
Cep131,CEP131,CEP131,True,True
Cep135,CEP135,CEP135,True,True
Cep152,CEP152,CEP152,True,True
Cep162,CEP162,CEP162,True,True
Cep164,CEP164,CEP164,True,True
Cep170,CEP170,CEP170,True,True
Cep170b,CEP170B,CEP170B,True,True
Cep19,CEP19,CEP19,True,True
Cep192,CEP192,CEP192,True,True
Cep250,CEP250,CEP250,True,True
Cep290,CEP290,CEP290,True,True
Cep295,CEP295,CEP295,True,True
Cep295nl,CEP295NL,CEP295NL,True,True
Cep350,CEP350,CEP350,True,True
Cep41,CEP41,CEP41,True,True
Cep44,CEP44,CEP44,True,True
Cep55,CEP55,CEP55,False,True
Cep57,CEP57,CEP57,True,True
Cep57l1,CEP57L1,CEP57L1,True,True
Cep63,CEP63,CEP63,True,True
Cep68,CEP68,CEP68,True,True
Cep70,CEP70,CEP70,True,True
Cep72,CEP72,CEP72,True,True
Cep76,CEP76,CEP76,True,True
Cep78,CEP78,CEP78,True,True
Cep83,CEP83,CEP83,True,True
Cep85,CEP85,CEP85,True,True
Cep85l,CEP85L,CEP85L,True,True
Cep89,CEP89,CEP89,True,True
Cep95,CEP95,CEP95,True,True
Cep97,CEP97,CEP97,True,True
Cept1,CEPT1,CEPT1,True,True
Cercam,CERCAM,CERCAM,True,True
Cerk,CERK,CERK,True,True
Cerkl,CERKL,CERKL,True,True
Cers1,CERS1,CERS1,True,True
Cers2,CERS2,CERS2,True,True
Cers3,CERS3,CERS3,True,True
Cers4,CERS4,CERS4,True,True
Cers5,CERS5,CERS5,True,True
Cers6,CERS6,CERS6,True,True
Ces4a,CES4A,CES4A,True,True
Ces5a,CES5A,CES5A,True,True
Cetn2,CETN2,CETN2,True,True
Cetn3,CETN3,CETN3,True,True
Cfap100,CFAP100,CFAP100,True,True
Cfap126,CFAP126,CFAP126,True,True
Cfap157,CFAP157,CFAP157,True,True
Cfap161,CFAP161,CFAP161,True,True
Cfap20,CFAP20,CFAP20,True,True
Cfap206,CFAP206,CFAP206,True,True
Cfap221,CFAP221,CFAP221,True,True
Cfap298,CFAP298,CFAP298,False,True
Cfap299,CFAP299,CFAP299,False,True
Cfap300,CFAP300,CFAP300,False,True
Cfap36,CFAP36,CFAP36,True,True
Cfap410,CFAP410,CFAP410,False,True
Cfap43,CFAP43,CFAP43,True,True
Cfap44,CFAP44,CFAP44,True,True
Cfap45,CFAP45,CFAP45,True,True
Cfap46,CFAP46,CFAP46,True,True
Cfap47,CFAP47,CFAP47,True,True
Cfap52,CFAP52,CFAP52,True,True
Cfap53,CFAP53,CFAP53,True,True
Cfap54,CFAP54,CFAP54,True,True
Cfap57,CFAP57,CFAP57,True,True
Cfap58,CFAP58,CFAP58,True,True
Cfap61,CFAP61,CFAP61,True,True
Cfap65,CFAP65,CFAP65,True,True
Cfap69,CFAP69,CFAP69,True,True
Cfap70,CFAP70,CFAP70,True,True
Cfap73,CFAP73,CFAP73,True,True
Cfap74,CFAP74,CFAP74,True,True
Cfap77,CFAP77,CFAP77,True,True
Cfap97,CFAP97,CFAP97,True,True
Cfap97d2,CFAP97D2,CFAP97D2,False,True
Cfap99,CFAP99,CFAP99,True,True
Cfdp1,CFDP1,CFDP1,True,True
Cfh,CFH,CFH,True,True
Cfi,CFI,CFI,True,True
Cfl1,CFL1,CFL1,True,True
Cfl2,CFL2,CFL2,True,True
Cflar,CFLAR,CFLAR,True,True
Cfp,CFP,CFP,True,True
Cftr,CFTR,CFTR,True,True
Cgas,CGAS,CGAS,False,True
Cggbp1,CGGBP1,CGGBP1,True,True
Cgn,CGN,CGN,True,True
Cgnl1,CGNL1,CGNL1,True,True
Cgref1,CGREF1,CGREF1,True,True
Cgrrf1,CGRRF1,CGRRF1,True,True
Ch25h,CH25H,CH25H,True,True
Chac1,CHAC1,CHAC1,True,True
Chac2,CHAC2,CHAC2,True,True
Chad,CHAD,CHAD,True,True
Chadl,CHADL,CHADL,True,True
Chaf1a,CHAF1A,CHAF1A,True,True
Chaf1b,CHAF1B,CHAF1B,True,True
Champ1,CHAMP1,CHAMP1,True,True
Chat,CHAT,CHAT,False,True
Chchd1,CHCHD1,CHCHD1,True,True
Chchd10,CHCHD10,CHCHD10,True,True
Chchd2,CHCHD2,CHCHD2,True,True
Chchd3,CHCHD3,CHCHD3,True,True
Chchd4,CHCHD4,CHCHD4,True,True
Chchd5,CHCHD5,CHCHD5,True,True
Chchd6,CHCHD6,CHCHD6,True,True
Chchd7,CHCHD7,CHCHD7,True,True
Chd1,CHD1,CHD1,True,True
Chd1l,CHD1L,CHD1L,True,True
Chd2,CHD2,CHD2,True,True
Chd3,CHD3,CHD3,True,True
Chd4,CHD4,CHD4,True,True
Chd5,CHD5,CHD5,True,True
Chd6,CHD6,CHD6,True,True
Chd7,CHD7,CHD7,True,True
Chd8,CHD8,CHD8,True,True
Chd9,CHD9,CHD9,True,True
Chdh,CHDH,CHDH,True,True
Chek1,CHEK1,CHEK1,True,True
Chek2,CHEK2,CHEK2,True,True
Cherp,CHERP,CHERP,True,True
Chfr,CHFR,CHFR,True,True
Chga,CHGA,CHGA,True,True
Chgb,CHGB,CHGB,True,True
Chic1,CHIC1,CHIC1,True,True
Chic2,CHIC2,CHIC2,True,True
Chid1,CHID1,CHID1,True,True
Chka,CHKA,CHKA,True,True
Chkb,CHKB,CHKB,True,True
Chl1,CHL1,CHL1,True,True
Chm,CHM,CHM,True,True
Chml,CHML,CHML,True,True
Chmp1a,CHMP1A,CHMP1A,True,True
Chmp1b,CHMP1B,CHMP1B,True,True
Chmp2a,CHMP2A,CHMP2A,True,True
Chmp2b,CHMP2B,CHMP2B,True,True
Chmp3,CHMP3,CHMP3,True,True
Chmp4b,CHMP4B,CHMP4B,True,True
Chmp4c,CHMP4C,CHMP4C,True,True
Chmp5,CHMP5,CHMP5,True,True
Chmp6,CHMP6,CHMP6,True,True
Chmp7,CHMP7,CHMP7,True,True
Chn1,CHN1,CHN1,True,True
Chn2,CHN2,CHN2,True,True
Chodl,CHODL,CHODL,True,True
Chordc1,CHORDC1,CHORDC1,True,True
Chp1,CHP1,CHP1,True,True
Chp2,CHP2,CHP2,True,True
Chpf,CHPF,CHPF,True,True
Chpf2,CHPF2,CHPF2,True,True
Chpt1,CHPT1,CHPT1,True,True
Chrac1,CHRAC1,CHRAC1,True,True
Chrd,CHRD,CHRD,True,True
Chrdl1,CHRDL1,CHRDL1,True,True
Chrdl2,CHRDL2,CHRDL2,False,True
Chrm1,CHRM1,CHRM1,True,True
Chrm2,CHRM2,CHRM2,True,True
Chrm3,CHRM3,CHRM3,True,True
Chrm5,CHRM5,CHRM5,True,True
Chrna3,CHRNA3,CHRNA3,True,True
Chrna4,CHRNA4,CHRNA4,True,True
Chrna5,CHRNA5,CHRNA5,True,True
Chrna6,CHRNA6,CHRNA6,True,True
Chrna7,CHRNA7,CHRNA7,True,True
Chrna9,CHRNA9,CHRNA9,False,True
Chrnb1,CHRNB1,CHRNB1,True,True
Chrnb2,CHRNB2,CHRNB2,True,True
Chrnb3,CHRNB3,CHRNB3,True,True
Chrnb4,CHRNB4,CHRNB4,True,True
Chrne,CHRNE,CHRNE,True,True
Chst1,CHST1,CHST1,True,True
Chst10,CHST10,CHST10,True,True
Chst11,CHST11,CHST11,True,True
Chst12,CHST12,CHST12,True,True
Chst14,CHST14,CHST14,True,True
Chst15,CHST15,CHST15,True,True
Chst2,CHST2,CHST2,True,True
Chst3,CHST3,CHST3,True,True
Chst4,CHST4,CHST4,False,True
Chst5,CHST5,CHST5,True,True
Chst7,CHST7,CHST7,True,True
Chst8,CHST8,CHST8,True,True
Chst9,CHST9,CHST9,True,True
Chsy1,CHSY1,CHSY1,True,True
Chsy3,CHSY3,CHSY3,True,True
Chtf18,CHTF18,CHTF18,True,True
Chtf8,CHTF8,CHTF8,True,True
Chtop,CHTOP,CHTOP,True,True
Chuk,CHUK,CHUK,True,True
Churc1,CHURC1,CHURC1,True,True
Ciao1,CIAO1,CIAO1,True,True
Ciao2a,CIAO2A,CIAO2A,False,True
Ciao2b,CIAO2B,CIAO2B,False,True
Ciao3,CIAO3,CIAO3,False,True
Ciapin1,CIAPIN1,CIAPIN1,True,True
Ciart,CIART,CIART,True,True
Cib1,CIB1,CIB1,True,True
Cib2,CIB2,CIB2,True,True
Cib4,CIB4,CIB4,False,True
Cic,CIC,CIC,True,True
Cidea,CIDEA,CIDEA,False,True
Cideb,CIDEB,CIDEB,True,True
Cidec,CIDEC,CIDEC,False,True
Ciita,CIITA,CIITA,True,True
Cilp,CILP,CILP,True,True
Cilp2,CILP2,CILP2,True,True
Cinp,CINP,CINP,True,True
Cip2a,CIP2A,CIP2A,False,True
Cipc,CIPC,CIPC,True,True
Cir1,CIR1,CIR1,True,True
Cirbp,CIRBP,CIRBP,True,True
Cisd1,CISD1,CISD1,True,True
Cisd2,CISD2,CISD2,True,True
Cisd3,CISD3,CISD3,True,True
Cish,CISH,CISH,True,True
Cit,CIT,CIT,True,True
Cited1,CITED1,CITED1,True,True
Cited2,CITED2,CITED2,True,True
Cited4,CITED4,CITED4,True,True
Ciz1,CIZ1,CIZ1,True,True
Ckap2,CKAP2,CKAP2,True,True
Ckap2l,CKAP2L,CKAP2L,False,True
Ckap4,CKAP4,CKAP4,True,True
Ckap5,CKAP5,CKAP5,True,True
Ckb,CKB,CKB,True,True
Cklf,CKLF,CKLF,True,True
Ckmt2,CKMT2,CKMT2,True,True
Cks1b,CKS1B,CKS1B,True,True
Cks2,CKS2,CKS2,True,True
Clasp1,CLASP1,CLASP1,True,True
Clasp2,CLASP2,CLASP2,True,True
Clasrp,CLASRP,CLASRP,True,True
Clba1,CLBA1,CLBA1,False,True
Clcc1,CLCC1,CLCC1,True,True
Clcf1,CLCF1,CLCF1,False,True
Clcn1,CLCN1,CLCN1,False,True
Clcn2,CLCN2,CLCN2,True,True
Clcn3,CLCN3,CLCN3,True,True
Clcn4,CLCN4,CLCN4,True,True
Clcn5,CLCN5,CLCN5,True,True
Clcn6,CLCN6,CLCN6,True,True
Clcn7,CLCN7,CLCN7,True,True
Cldn1,CLDN1,CLDN1,True,True
Cldn10,CLDN10,CLDN10,True,True
Cldn11,CLDN11,CLDN11,True,True
Cldn12,CLDN12,CLDN12,True,True
Cldn14,CLDN14,CLDN14,False,True
Cldn15,CLDN15,CLDN15,True,True
Cldn18,CLDN18,CLDN18,False,True
Cldn19,CLDN19,CLDN19,False,True
Cldn2,CLDN2,CLDN2,True,True
Cldn23,CLDN23,CLDN23,False,True
Cldn3,CLDN3,CLDN3,False,True
Cldn5,CLDN5,CLDN5,True,True
Cldn9,CLDN9,CLDN9,True,True
Cldnd1,CLDND1,CLDND1,True,True
Clec10a,CLEC10A,CLEC10A,False,True
Clec11a,CLEC11A,CLEC11A,True,True
Clec12a,CLEC12A,CLEC12A,False,True
Clec12b,CLEC12B,CLEC12B,False,True
Clec14a,CLEC14A,CLEC14A,True,True
Clec16a,CLEC16A,CLEC16A,True,True
Clec18a,CLEC18A,CLEC18A,True,True
Clec1a,CLEC1A,CLEC1A,True,True
Clec1b,CLEC1B,CLEC1B,False,True
Clec2d,CLEC2D,CLEC2D,True,True
Clec2l,CLEC2L,CLEC2L,True,True
Clec3b,CLEC3B,CLEC3B,True,True
Clec4d,CLEC4D,CLEC4D,False,True
Clec5a,CLEC5A,CLEC5A,True,True
Clec9a,CLEC9A,CLEC9A,True,True
Clgn,CLGN,CLGN,True,True
Clhc1,CLHC1,CLHC1,True,True
Clic1,CLIC1,CLIC1,True,True
Clic3,CLIC3,CLIC3,False,True
Clic4,CLIC4,CLIC4,True,True
Clic5,CLIC5,CLIC5,True,True
Clic6,CLIC6,CLIC6,True,True
Clint1,CLINT1,CLINT1,True,True
Clip1,CLIP1,CLIP1,True,True
Clip2,CLIP2,CLIP2,True,True
Clip3,CLIP3,CLIP3,True,True
Clip4,CLIP4,CLIP4,True,True
Clk1,CLK1,CLK1,True,True
Clk2,CLK2,CLK2,True,True
Clk3,CLK3,CLK3,True,True
Clk4,CLK4,CLK4,True,True
Clmn,CLMN,CLMN,True,True
Clmp,CLMP,CLMP,True,True
Cln3,CLN3,CLN3,True,True
Cln5,CLN5,CLN5,True,True
Cln6,CLN6,CLN6,True,True
Cln8,CLN8,CLN8,True,True
Clnk,CLNK,CLNK,False,True
Clns1a,CLNS1A,CLNS1A,True,True
Clock,CLOCK,CLOCK,True,True
Clp1,CLP1,CLP1,True,True
Clpb,CLPB,CLPB,True,True
Clpp,CLPP,CLPP,True,True
Clptm1,CLPTM1,CLPTM1,True,True
Clptm1l,CLPTM1L,CLPTM1L,True,True
Clpx,CLPX,CLPX,True,True
Clrn1,CLRN1,CLRN1,False,True
Clspn,CLSPN,CLSPN,True,True
Clstn1,CLSTN1,CLSTN1,True,True
Clstn2,CLSTN2,CLSTN2,True,True
Clstn3,CLSTN3,CLSTN3,True,True
Clta,CLTA,CLTA,True,True
Cltb,CLTB,CLTB,True,True
Cltc,CLTC,CLTC,True,True
Clu,CLU,CLU,True,True
Cluap1,CLUAP1,CLUAP1,True,True
Cluh,CLUH,CLUH,True,True
Clvs1,CLVS1,CLVS1,True,True
Clvs2,CLVS2,CLVS2,True,True
Clybl,CLYBL,CLYBL,True,True
Cmas,CMAS,CMAS,True,True
Cmbl,CMBL,CMBL,True,True
Cmc1,CMC1,CMC1,True,True
Cmc2,CMC2,CMC2,True,True
Cmc4,CMC4,CMC4,False,True
Cmip,CMIP,CMIP,True,True
Cmklr1,CMKLR1,CMKLR1,True,True
Cmpk1,CMPK1,CMPK1,True,True
Cmpk2,CMPK2,CMPK2,True,True
Cmss1,CMSS1,CMSS1,True,True
Cmtm3,CMTM3,CMTM3,True,True
Cmtm4,CMTM4,CMTM4,True,True
Cmtm5,CMTM5,CMTM5,True,True
Cmtm6,CMTM6,CMTM6,True,True
Cmtm7,CMTM7,CMTM7,True,True
Cmtm8,CMTM8,CMTM8,True,True
Cmtr1,CMTR1,CMTR1,True,True
Cmtr2,CMTR2,CMTR2,True,True
Cmya5,CMYA5,CMYA5,True,True
Cnbd1,CNBD1,CNBD1,False,True
Cnbd2,CNBD2,CNBD2,True,True
Cnbp,CNBP,CNBP,True,True
Cndp1,CNDP1,CNDP1,True,True
Cndp2,CNDP2,CNDP2,True,True
Cnep1r1,CNEP1R1,CNEP1R1,True,True
Cnga1,CNGA1,CNGA1,False,True
Cnga4,CNGA4,CNGA4,True,True
Cngb1,CNGB1,CNGB1,True,True
Cngb3,CNGB3,CNGB3,False,True
Cnih1,CNIH1,CNIH1,True,True
Cnih2,CNIH2,CNIH2,True,True
Cnih3,CNIH3,CNIH3,True,True
Cnih4,CNIH4,CNIH4,True,True
Cnksr2,CNKSR2,CNKSR2,True,True
Cnksr3,CNKSR3,CNKSR3,True,True
Cnmd,CNMD,CNMD,False,True
Cnn1,CNN1,CNN1,True,True
Cnn2,CNN2,CNN2,True,True
Cnn3,CNN3,CNN3,True,True
Cnnm1,CNNM1,CNNM1,True,True
Cnnm2,CNNM2,CNNM2,True,True
Cnnm3,CNNM3,CNNM3,True,True
Cnnm4,CNNM4,CNNM4,True,True
Cnot1,CNOT1,CNOT1,True,True
Cnot10,CNOT10,CNOT10,True,True
Cnot11,CNOT11,CNOT11,True,True
Cnot2,CNOT2,CNOT2,True,True
Cnot3,CNOT3,CNOT3,True,True
Cnot4,CNOT4,CNOT4,True,True
Cnot6,CNOT6,CNOT6,True,True
Cnot6l,CNOT6L,CNOT6L,True,True
Cnot7,CNOT7,CNOT7,True,True
Cnot8,CNOT8,CNOT8,True,True
Cnot9,CNOT9,CNOT9,True,True
Cnp,CNP,CNP,True,True
Cnppd1,CNPPD1,CNPPD1,True,True
Cnpy2,CNPY2,CNPY2,True,True
Cnpy3,CNPY3,CNPY3,True,True
Cnpy4,CNPY4,CNPY4,True,True
Cnr1,CNR1,CNR1,True,True
Cnr2,CNR2,CNR2,False,True
Cnrip1,CNRIP1,CNRIP1,True,True
Cnst,CNST,CNST,True,True
Cntd1,CNTD1,CNTD1,True,True
Cntf,CNTF,CNTF,True,True
Cntfr,CNTFR,CNTFR,True,True
Cntln,CNTLN,CNTLN,True,True
Cntn1,CNTN1,CNTN1,True,True
Cntn2,CNTN2,CNTN2,True,True
Cntn3,CNTN3,CNTN3,True,True
Cntn4,CNTN4,CNTN4,True,True
Cntn5,CNTN5,CNTN5,True,True
Cntn6,CNTN6,CNTN6,True,True
Cntnap1,CNTNAP1,CNTNAP1,True,True
Cntnap2,CNTNAP2,CNTNAP2,True,True
Cntnap3,CNTNAP3,CNTNAP3,True,True
Cntnap4,CNTNAP4,CNTNAP4,True,True
Cntrl,CNTRL,CNTRL,True,True
Cntrob,CNTROB,CNTROB,True,True
Coa3,COA3,COA3,True,True
Coa4,COA4,COA4,True,True
Coa5,COA5,COA5,True,True
Coa6,COA6,COA6,True,True
Coa7,COA7,COA7,True,True
Coasy,COASY,COASY,True,True
Cobl,COBL,COBL,True,True
Cobll1,COBLL1,COBLL1,True,True
Coch,COCH,COCH,True,True
Cog1,COG1,COG1,True,True
Cog2,COG2,COG2,True,True
Cog3,COG3,COG3,True,True
Cog4,COG4,COG4,True,True
Cog5,COG5,COG5,True,True
Cog6,COG6,COG6,True,True
Cog7,COG7,COG7,True,True
Cog8,COG8,COG8,True,True
Coil,COIL,COIL,True,True
Col10a1,COL10A1,COL10A1,True,True
Col11a1,COL11A1,COL11A1,True,True
Col11a2,COL11A2,COL11A2,True,True
Col12a1,COL12A1,COL12A1,True,True
Col13a1,COL13A1,COL13A1,True,True
Col14a1,COL14A1,COL14A1,True,True
Col15a1,COL15A1,COL15A1,True,True
Col16a1,COL16A1,COL16A1,True,True
Col17a1,COL17A1,COL17A1,True,True
Col18a1,COL18A1,COL18A1,True,True
Col19a1,COL19A1,COL19A1,True,True
Col1a1,COL1A1,COL1A1,True,True
Col1a2,COL1A2,COL1A2,True,True
Col20a1,COL20A1,COL20A1,True,True
Col22a1,COL22A1,COL22A1,True,True
Col23a1,COL23A1,COL23A1,True,True
Col24a1,COL24A1,COL24A1,True,True
Col25a1,COL25A1,COL25A1,True,True
Col26a1,COL26A1,COL26A1,True,True
Col27a1,COL27A1,COL27A1,True,True
Col28a1,COL28A1,COL28A1,True,True
Col2a1,COL2A1,COL2A1,True,True
Col3a1,COL3A1,COL3A1,True,True
Col4a1,COL4A1,COL4A1,True,True
Col4a2,COL4A2,COL4A2,True,True
Col4a3,COL4A3,COL4A3,True,True
Col4a3bp,COL4A3BP,COL4A3BP,True,False
Col4a4,COL4A4,COL4A4,True,True
Col4a5,COL4A5,COL4A5,True,True
Col4a6,COL4A6,COL4A6,True,True
Col5a1,COL5A1,COL5A1,True,True
Col5a2,COL5A2,COL5A2,True,True
Col5a3,COL5A3,COL5A3,True,True
Col6a1,COL6A1,COL6A1,True,True
Col6a2,COL6A2,COL6A2,True,True
Col6a3,COL6A3,COL6A3,True,True
Col6a6,COL6A6,COL6A6,True,True
Col7a1,COL7A1,COL7A1,True,True
Col8a1,COL8A1,COL8A1,True,True
Col8a2,COL8A2,COL8A2,True,True
Col9a1,COL9A1,COL9A1,True,True
Col9a2,COL9A2,COL9A2,True,True
Col9a3,COL9A3,COL9A3,True,True
Colca2,COLCA2,COLCA2,True,True
Colec11,COLEC11,COLEC11,True,True
Colec12,COLEC12,COLEC12,True,True
Colgalt1,COLGALT1,COLGALT1,True,True
Colgalt2,COLGALT2,COLGALT2,True,True
Colq,COLQ,COLQ,True,True
Commd1,COMMD1,COMMD1,True,True
Commd10,COMMD10,COMMD10,True,True
Commd2,COMMD2,COMMD2,True,True
Commd3,COMMD3,COMMD3,True,True
Commd4,COMMD4,COMMD4,True,True
Commd5,COMMD5,COMMD5,True,True
Commd6,COMMD6,COMMD6,True,True
Commd7,COMMD7,COMMD7,True,True
Commd8,COMMD8,COMMD8,True,True
Commd9,COMMD9,COMMD9,True,True
Comp,COMP,COMP,False,True
Comt,COMT,COMT,True,True
Comtd1,COMTD1,COMTD1,True,True
Cop1,COP1,COP1,False,True
Copa,COPA,COPA,True,True
Copb1,COPB1,COPB1,True,True
Copb2,COPB2,COPB2,True,True
Cope,COPE,COPE,True,True
Copg1,COPG1,COPG1,True,True
Copg2,COPG2,COPG2,True,True
Coprs,COPRS,COPRS,True,True
Cops2,COPS2,COPS2,True,True
Cops3,COPS3,COPS3,True,True
Cops4,COPS4,COPS4,True,True
Cops5,COPS5,COPS5,True,True
Cops6,COPS6,COPS6,True,True
Cops7a,COPS7A,COPS7A,True,True
Cops7b,COPS7B,COPS7B,True,True
Cops8,COPS8,COPS8,True,True
Cops9,COPS9,COPS9,True,True
Copz1,COPZ1,COPZ1,True,True
Copz2,COPZ2,COPZ2,True,True
Coq10a,COQ10A,COQ10A,True,True
Coq10b,COQ10B,COQ10B,True,True
Coq2,COQ2,COQ2,True,True
Coq3,COQ3,COQ3,True,True
Coq4,COQ4,COQ4,True,True
Coq5,COQ5,COQ5,True,True
Coq6,COQ6,COQ6,True,True
Coq7,COQ7,COQ7,True,True
Coq8a,COQ8A,COQ8A,False,True
Coq8b,COQ8B,COQ8B,False,True
Coq9,COQ9,COQ9,True,True
Corin,CORIN,CORIN,True,True
Coro1a,CORO1A,CORO1A,True,True
Coro1b,CORO1B,CORO1B,True,True
Coro1c,CORO1C,CORO1C,True,True
Coro2a,CORO2A,CORO2A,True,True
Coro2b,CORO2B,CORO2B,True,True
Coro6,CORO6,CORO6,True,True
Coro7,CORO7,CORO7,True,True
Cort,CORT,CORT,False,True
Cotl1,COTL1,COTL1,True,True
Cox10,COX10,COX10,True,True
Cox11,COX11,COX11,True,True
Cox14,COX14,COX14,True,True
Cox15,COX15,COX15,True,True
Cox16,COX16,COX16,True,True
Cox17,COX17,COX17,True,True
Cox18,COX18,COX18,True,True
Cox19,COX19,COX19,True,True
Cox20,COX20,COX20,True,True
Cox4i1,COX4I1,COX4I1,True,True
Cox4i2,COX4I2,COX4I2,True,True
Cox5a,COX5A,COX5A,True,True
Cox5b,COX5B,COX5B,True,True
Cox6a1,COX6A1,COX6A1,True,True
Cox6a2,COX6A2,COX6A2,True,True
Cox6b1,COX6B1,COX6B1,True,True
Cox6b2,COX6B2,COX6B2,False,True
Cox6c,COX6C,COX6C,True,True
Cox7a1,COX7A1,COX7A1,True,True
Cox7a2,COX7A2,COX7A2,True,True
Cox7a2l,COX7A2L,COX7A2L,True,True
Cox7b,COX7B,COX7B,True,True
Cox7b2,COX7B2,COX7B2,False,True
Cox7c,COX7C,COX7C,True,True
Cox8a,COX8A,COX8A,True,True
Cp,CP,CP,True,True
Cpa2,CPA2,CPA2,True,True
Cpa5,CPA5,CPA5,False,True
Cpa6,CPA6,CPA6,False,True
Cpb2,CPB2,CPB2,False,True
Cpd,CPD,CPD,True,True
Cpe,CPE,CPE,True,True
Cpeb1,CPEB1,CPEB1,True,True
Cpeb2,CPEB2,CPEB2,True,True
Cpeb3,CPEB3,CPEB3,True,True
Cpeb4,CPEB4,CPEB4,True,True
Cped1,CPED1,CPED1,True,True
Cplane1,CPLANE1,CPLANE1,False,True
Cplx1,CPLX1,CPLX1,True,True
Cplx2,CPLX2,CPLX2,True,True
Cplx3,CPLX3,CPLX3,False,True
Cpm,CPM,CPM,True,True
Cpn1,CPN1,CPN1,False,True
Cpne1,CPNE1,CPNE1,True,True
Cpne2,CPNE2,CPNE2,True,True
Cpne3,CPNE3,CPNE3,True,True
Cpne4,CPNE4,CPNE4,True,True
Cpne5,CPNE5,CPNE5,True,True
Cpne6,CPNE6,CPNE6,True,True
Cpne7,CPNE7,CPNE7,True,True
Cpne8,CPNE8,CPNE8,True,True
Cpne9,CPNE9,CPNE9,True,True
Cpox,CPOX,CPOX,True,True
Cpped1,CPPED1,CPPED1,True,True
Cpq,CPQ,CPQ,True,True
Cpsf1,CPSF1,CPSF1,True,True
Cpsf2,CPSF2,CPSF2,True,True
Cpsf3,CPSF3,CPSF3,True,True
Cpsf4,CPSF4,CPSF4,True,True
Cpsf4l,CPSF4L,CPSF4L,False,True
Cpsf6,CPSF6,CPSF6,True,True
Cpsf7,CPSF7,CPSF7,True,True
Cpt1a,CPT1A,CPT1A,True,True
Cpt1b,CPT1B,CPT1B,True,True
Cpt1c,CPT1C,CPT1C,True,True
Cpt2,CPT2,CPT2,True,True
Cptp,CPTP,CPTP,True,True
Cpvl,CPVL,CPVL,True,True
Cpxm1,CPXM1,CPXM1,True,True
Cpxm2,CPXM2,CPXM2,True,True
Cr1l,CR1L,CR1L,False,True
Cr2,CR2,CR2,False,True
Crabp1,CRABP1,CRABP1,True,True
Crabp2,CRABP2,CRABP2,True,True
Cracr2a,CRACR2A,CRACR2A,True,True
Cracr2b,CRACR2B,CRACR2B,True,True
Cradd,CRADD,CRADD,True,True
Crat,CRAT,CRAT,True,True
Crb1,CRB1,CRB1,True,True
Crb2,CRB2,CRB2,True,True
Crb3,CRB3,CRB3,False,True
Crbn,CRBN,CRBN,True,True
Crcp,CRCP,CRCP,True,True
Creb1,CREB1,CREB1,True,True
Creb3,CREB3,CREB3,True,True
Creb3l1,CREB3L1,CREB3L1,True,True
Creb3l2,CREB3L2,CREB3L2,True,True
Creb3l3,CREB3L3,CREB3L3,True,True
Creb3l4,CREB3L4,CREB3L4,True,True
Creb5,CREB5,CREB5,True,True
Crebbp,CREBBP,CREBBP,True,True
Crebl2,CREBL2,CREBL2,True,True
Crebrf,CREBRF,CREBRF,True,True
Crebzf,CREBZF,CREBZF,True,True
Creg1,CREG1,CREG1,True,True
Creg2,CREG2,CREG2,True,True
Creld1,CRELD1,CRELD1,True,True
Creld2,CRELD2,CRELD2,True,True
Crem,CREM,CREM,True,True
Crhbp,CRHBP,CRHBP,True,True
Crhr1,CRHR1,CRHR1,True,True
Crhr2,CRHR2,CRHR2,True,True
Crim1,CRIM1,CRIM1,True,True
Crip1,CRIP1,CRIP1,False,True
Crip2,CRIP2,CRIP2,True,True
Crip3,CRIP3,CRIP3,True,True
Cript,CRIPT,CRIPT,True,True
Crispld1,CRISPLD1,CRISPLD1,True,True
Crispld2,CRISPLD2,CRISPLD2,True,True
Crk,CRK,CRK,True,True
Crkl,CRKL,CRKL,True,True
Crlf1,CRLF1,CRLF1,True,True
Crlf2,CRLF2,CRLF2,False,True
Crlf3,CRLF3,CRLF3,True,True
Crls1,CRLS1,CRLS1,True,True
Crmp1,CRMP1,CRMP1,True,True
Crnde,CRNDE,CRNDE,True,True
Crnkl1,CRNKL1,CRNKL1,True,True
Crocc,CROCC,CROCC,True,True
Crocc2,CROCC2,CROCC2,True,True
Crot,CROT,CROT,True,True
Crp,CRP,CRP,False,True
Crppa,CRPPA,CRPPA,False,True
Crtac1,CRTAC1,CRTAC1,True,True
Crtam,CRTAM,CRTAM,True,True
Crtap,CRTAP,CRTAP,True,True
Crtc1,CRTC1,CRTC1,True,True
Crtc2,CRTC2,CRTC2,True,True
Crtc3,CRTC3,CRTC3,True,True
Cry1,CRY1,CRY1,True,True
Cry2,CRY2,CRY2,True,True
Cryab,CRYAB,CRYAB,True,True
Cryba1,CRYBA1,CRYBA1,False,True
Cryba4,CRYBA4,CRYBA4,False,True
Crybb1,CRYBB1,CRYBB1,True,True
Crybb3,CRYBB3,CRYBB3,True,True
Crybg1,CRYBG1,CRYBG1,False,True
Crybg2,CRYBG2,CRYBG2,False,True
Crybg3,CRYBG3,CRYBG3,True,True
Crygn,CRYGN,CRYGN,True,True
Cryl1,CRYL1,CRYL1,True,True
Crym,CRYM,CRYM,True,True
Cryz,CRYZ,CRYZ,True,True
Cryzl1,CRYZL1,CRYZL1,True,True
Cs,CS,CS,True,True
Csad,CSAD,CSAD,True,True
Csdc2,CSDC2,CSDC2,True,True
Csde1,CSDE1,CSDE1,True,True
Cse1l,CSE1L,CSE1L,True,True
Csf1,CSF1,CSF1,True,True
Csf1r,CSF1R,CSF1R,True,True
Csf2ra,CSF2RA,CSF2RA,False,True
Csf2rb,CSF2RB,CSF2RB,True,True
Csf3r,CSF3R,CSF3R,True,True
Csgalnact1,CSGALNACT1,CSGALNACT1,True,True
Csgalnact2,CSGALNACT2,CSGALNACT2,True,True
Csk,CSK,CSK,True,True
Csmd1,CSMD1,CSMD1,True,True
Csmd2,CSMD2,CSMD2,True,True
Csmd3,CSMD3,CSMD3,True,True
Csnk1a1,CSNK1A1,CSNK1A1,True,True
Csnk1d,CSNK1D,CSNK1D,True,True
Csnk1e,CSNK1E,CSNK1E,True,True
Csnk1g1,CSNK1G1,CSNK1G1,True,True
Csnk1g2,CSNK1G2,CSNK1G2,True,True
Csnk1g3,CSNK1G3,CSNK1G3,True,True
Csnk2a1,CSNK2A1,CSNK2A1,True,True
Csnk2a2,CSNK2A2,CSNK2A2,True,True
Csnk2b,CSNK2B,CSNK2B,True,True
Csnka2ip,CSNKA2IP,CSNKA2IP,False,True
Cspg4,CSPG4,CSPG4,True,True
Cspg5,CSPG5,CSPG5,True,True
Cspp1,CSPP1,CSPP1,True,True
Csrnp1,CSRNP1,CSRNP1,True,True
Csrnp2,CSRNP2,CSRNP2,True,True
Csrnp3,CSRNP3,CSRNP3,True,True
Csrp1,CSRP1,CSRP1,True,True
Csrp2,CSRP2,CSRP2,True,True
Cst3,CST3,CST3,True,True
Cst6,CST6,CST6,False,True
Cst7,CST7,CST7,False,True
Cstb,CSTB,CSTB,True,True
Cstf1,CSTF1,CSTF1,True,True
Cstf2,CSTF2,CSTF2,True,True
Cstf2t,CSTF2T,CSTF2T,True,True
Cstf3,CSTF3,CSTF3,True,True
Ctbp1,CTBP1,CTBP1,True,True
Ctbp2,CTBP2,CTBP2,True,True
Ctbs,CTBS,CTBS,True,True
Ctc1,CTC1,CTC1,True,True
Ctcf,CTCF,CTCF,True,True
Ctdnep1,CTDNEP1,CTDNEP1,True,True
Ctdp1,CTDP1,CTDP1,True,True
Ctdsp1,CTDSP1,CTDSP1,True,True
Ctdsp2,CTDSP2,CTDSP2,True,True
Ctdspl,CTDSPL,CTDSPL,True,True
Ctdspl2,CTDSPL2,CTDSPL2,True,True
Ctf1,CTF1,CTF1,True,True
Ctgf,CTGF,CTGF,True,False
Cth,CTH,CTH,True,True
Cthrc1,CTHRC1,CTHRC1,True,True
Ctif,CTIF,CTIF,True,True
Ctla4,CTLA4,CTLA4,False,True
Ctnna1,CTNNA1,CTNNA1,True,True
Ctnna2,CTNNA2,CTNNA2,True,True
Ctnna3,CTNNA3,CTNNA3,True,True
Ctnnal1,CTNNAL1,CTNNAL1,True,True
Ctnnb1,CTNNB1,CTNNB1,True,True
Ctnnbip1,CTNNBIP1,CTNNBIP1,True,True
Ctnnbl1,CTNNBL1,CTNNBL1,True,True
Ctnnd1,CTNND1,CTNND1,True,True
Ctnnd2,CTNND2,CTNND2,True,True
Ctns,CTNS,CTNS,True,True
Ctps2,CTPS2,CTPS2,True,True
Ctr9,CTR9,CTR9,True,True
Ctrl,CTRL,CTRL,False,True
Ctsa,CTSA,CTSA,True,True
Ctsb,CTSB,CTSB,True,True
Ctsc,CTSC,CTSC,True,True
Ctsd,CTSD,CTSD,True,True
Ctsf,CTSF,CTSF,True,True
Ctsh,CTSH,CTSH,True,True
Ctsk,CTSK,CTSK,True,True
Ctsl,CTSL,CTSL,True,True
Ctso,CTSO,CTSO,True,True
Ctss,CTSS,CTSS,True,True
Ctsw,CTSW,CTSW,False,True
Ctsz,CTSZ,CTSZ,True,True
Cttn,CTTN,CTTN,True,True
Cttnbp2,CTTNBP2,CTTNBP2,True,True
Cttnbp2nl,CTTNBP2NL,CTTNBP2NL,True,True
Ctu1,CTU1,CTU1,True,True
Ctu2,CTU2,CTU2,True,True
Ctxn1,CTXN1,CTXN1,True,True
Ctxn2,CTXN2,CTXN2,True,True
Ctxn3,CTXN3,CTXN3,True,True
Cubn,CUBN,CUBN,True,True
Cuedc1,CUEDC1,CUEDC1,True,True
Cuedc2,CUEDC2,CUEDC2,True,True
Cul1,CUL1,CUL1,True,True
Cul2,CUL2,CUL2,True,True
Cul3,CUL3,CUL3,True,True
Cul4a,CUL4A,CUL4A,True,True
Cul4b,CUL4B,CUL4B,True,True
Cul5,CUL5,CUL5,True,True
Cul7,CUL7,CUL7,True,True
Cul9,CUL9,CUL9,True,True
Cuta,CUTA,CUTA,True,True
Cutc,CUTC,CUTC,True,True
Cux1,CUX1,CUX1,True,True
Cux2,CUX2,CUX2,True,True
Cuzd1,CUZD1,CUZD1,True,True
Cwc15,CWC15,CWC15,True,True
Cwc22,CWC22,CWC22,True,True
Cwc25,CWC25,CWC25,True,True
Cwc27,CWC27,CWC27,True,True
Cwf19l1,CWF19L1,CWF19L1,True,True
Cwf19l2,CWF19L2,CWF19L2,True,True
Cwh43,CWH43,CWH43,False,True
Cx3cl1,CX3CL1,CX3CL1,True,True
Cx3cr1,CX3CR1,CX3CR1,True,True
Cxadr,CXADR,CXADR,True,True
Cxcl1,CXCL1,CXCL1,True,True
Cxcl10,CXCL10,CXCL10,True,False
Cxcl12,CXCL12,CXCL12,True,True
Cxcl13,CXCL13,CXCL13,False,True
Cxcl14,CXCL14,CXCL14,True,True
Cxcl16,CXCL16,CXCL16,True,True
Cxcl17,CXCL17,CXCL17,False,True
Cxcl2,CXCL2,CXCL2,True,True
Cxcl5,CXCL5,CXCL5,True,True
Cxcr2,CXCR2,CXCR2,True,True
Cxcr4,CXCR4,CXCR4,True,True
Cxcr5,CXCR5,CXCR5,False,True
Cxcr6,CXCR6,CXCR6,False,True
Cxxc1,CXXC1,CXXC1,True,True
Cxxc4,CXXC4,CXXC4,True,True
Cxxc5,CXXC5,CXXC5,True,True
Cyb561,CYB561,CYB561,True,True
Cyb561a3,CYB561A3,CYB561A3,True,True
Cyb561d1,CYB561D1,CYB561D1,True,True
Cyb561d2,CYB561D2,CYB561D2,True,True
Cyb5a,CYB5A,CYB5A,True,True
Cyb5b,CYB5B,CYB5B,True,True
Cyb5d1,CYB5D1,CYB5D1,True,True
Cyb5d2,CYB5D2,CYB5D2,True,True
Cyb5r1,CYB5R1,CYB5R1,True,True
Cyb5r2,CYB5R2,CYB5R2,True,True
Cyb5r3,CYB5R3,CYB5R3,True,True
Cyb5r4,CYB5R4,CYB5R4,True,True
Cyb5rl,CYB5RL,CYB5RL,True,True
Cyba,CYBA,CYBA,True,True
Cybb,CYBB,CYBB,True,True
Cybc1,CYBC1,CYBC1,False,True
Cybrd1,CYBRD1,CYBRD1,True,True
Cyc1,CYC1,CYC1,True,True
Cycs,CYCS,CYCS,True,True
Cyfip1,CYFIP1,CYFIP1,True,True
Cyfip2,CYFIP2,CYFIP2,True,True
Cygb,CYGB,CYGB,True,True
Cyhr1,CYHR1,CYHR1,True,True
Cyld,CYLD,CYLD,True,True
Cyp11a1,CYP11A1,CYP11A1,True,True
Cyp17a1,CYP17A1,CYP17A1,False,True
Cyp1b1,CYP1B1,CYP1B1,True,True
Cyp20a1,CYP20A1,CYP20A1,True,True
Cyp24a1,CYP24A1,CYP24A1,True,True
Cyp26b1,CYP26B1,CYP26B1,True,True
Cyp27a1,CYP27A1,CYP27A1,True,True
Cyp2e1,CYP2E1,CYP2E1,True,True
Cyp2r1,CYP2R1,CYP2R1,True,True
Cyp2s1,CYP2S1,CYP2S1,True,True
Cyp2u1,CYP2U1,CYP2U1,True,True
Cyp39a1,CYP39A1,CYP39A1,True,True
Cyp46a1,CYP46A1,CYP46A1,True,True
Cyp4x1,CYP4X1,CYP4X1,True,True
Cyp7b1,CYP7B1,CYP7B1,True,True
Cyr61,CYR61,CYR61,True,False
Cyren,CYREN,CYREN,False,True
Cys1,CYS1,CYS1,True,True
Cysltr1,CYSLTR1,CYSLTR1,True,True
Cysltr2,CYSLTR2,CYSLTR2,True,True
Cystm1,CYSTM1,CYSTM1,True,True
Cyth1,CYTH1,CYTH1,True,True
Cyth2,CYTH2,CYTH2,True,True
Cyth3,CYTH3,CYTH3,True,True
Cyth4,CYTH4,CYTH4,True,True
Cytip,CYTIP,CYTIP,True,True
Cytl1,CYTL1,CYTL1,True,True
Cyyr1,CYYR1,CYYR1,True,True
Czib,CZIB,CZIB,False,True
D2hgdh,D2HGDH,D2HGDH,True,True
Daam1,DAAM1,DAAM1,True,True
Daam2,DAAM2,DAAM2,True,True
Dab1,DAB1,DAB1,True,True
Dab2,DAB2,DAB2,True,True
Dab2ip,DAB2IP,DAB2IP,True,True
Dach1,DACH1,DACH1,True,True
Dach2,DACH2,DACH2,True,True
Dact1,DACT1,DACT1,True,True
Dact2,DACT2,DACT2,True,True
Dact3,DACT3,DACT3,True,True
Dad1,DAD1,DAD1,True,True
Dag1,DAG1,DAG1,True,True
Dagla,DAGLA,DAGLA,True,True
Daglb,DAGLB,DAGLB,True,True
Dalrd3,DALRD3,DALRD3,True,True
Dancr,DANCR,DANCR,True,True
Dand5,DAND5,DAND5,False,True
Dao,DAO,DAO,True,True
Dap,DAP,DAP,True,True
Dap3,DAP3,DAP3,True,True
Dapk1,DAPK1,DAPK1,True,True
Dapk2,DAPK2,DAPK2,True,True
Dapk3,DAPK3,DAPK3,True,True
Dapl1,DAPL1,DAPL1,True,True
Dapp1,DAPP1,DAPP1,True,True
Dars,DARS,DARS,True,True
Dars2,DARS2,DARS2,True,True
Daw1,DAW1,DAW1,True,True
Daxx,DAXX,DAXX,True,True
Dazap1,DAZAP1,DAZAP1,True,True
Dazap2,DAZAP2,DAZAP2,True,True
Dazl,DAZL,DAZL,False,True
Dbf4,DBF4,DBF4,True,True
Dbi,DBI,DBI,True,True
Dbn1,DBN1,DBN1,True,True
Dbndd1,DBNDD1,DBNDD1,True,True
Dbndd2,DBNDD2,DBNDD2,True,True
Dbnl,DBNL,DBNL,True,True
Dbp,DBP,DBP,True,True
Dbr1,DBR1,DBR1,True,True
Dbt,DBT,DBT,True,True
Dbx2,DBX2,DBX2,True,True
Dcaf1,DCAF1,DCAF1,True,True
Dcaf10,DCAF10,DCAF10,True,True
Dcaf11,DCAF11,DCAF11,True,True
Dcaf12,DCAF12,DCAF12,True,True
Dcaf12l1,DCAF12L1,DCAF12L1,False,True
Dcaf12l2,DCAF12L2,DCAF12L2,True,True
Dcaf13,DCAF13,DCAF13,True,True
Dcaf15,DCAF15,DCAF15,True,True
Dcaf17,DCAF17,DCAF17,True,True
Dcaf4,DCAF4,DCAF4,True,True
Dcaf5,DCAF5,DCAF5,True,True
Dcaf6,DCAF6,DCAF6,True,True
Dcaf7,DCAF7,DCAF7,True,True
Dcaf8,DCAF8,DCAF8,True,True
Dcakd,DCAKD,DCAKD,True,True
Dcbld1,DCBLD1,DCBLD1,True,True
Dcbld2,DCBLD2,DCBLD2,True,True
Dcc,DCC,DCC,True,True
Dcdc2b,DCDC2B,DCDC2B,False,True
Dchs1,DCHS1,DCHS1,True,True
Dchs2,DCHS2,DCHS2,True,True
Dck,DCK,DCK,True,True
Dclk1,DCLK1,DCLK1,True,True
Dclk2,DCLK2,DCLK2,True,True
Dclk3,DCLK3,DCLK3,True,True
Dclre1a,DCLRE1A,DCLRE1A,True,True
Dclre1b,DCLRE1B,DCLRE1B,True,True
Dclre1c,DCLRE1C,DCLRE1C,True,True
Dcn,DCN,DCN,True,True
Dcp1a,DCP1A,DCP1A,True,True
Dcp1b,DCP1B,DCP1B,True,True
Dcp2,DCP2,DCP2,True,True
Dcps,DCPS,DCPS,True,True
Dcst1,DCST1,DCST1,False,True
Dcst2,DCST2,DCST2,True,True
Dct,DCT,DCT,True,True
Dctd,DCTD,DCTD,True,True
Dctn1,DCTN1,DCTN1,True,True
Dctn2,DCTN2,DCTN2,True,True
Dctn3,DCTN3,DCTN3,True,True
Dctn4,DCTN4,DCTN4,True,True
Dctn5,DCTN5,DCTN5,True,True
Dctn6,DCTN6,DCTN6,True,True
Dctpp1,DCTPP1,DCTPP1,True,True
Dcun1d1,DCUN1D1,DCUN1D1,True,True
Dcun1d2,DCUN1D2,DCUN1D2,True,True
Dcun1d3,DCUN1D3,DCUN1D3,True,True
Dcun1d4,DCUN1D4,DCUN1D4,True,True
Dcun1d5,DCUN1D5,DCUN1D5,True,True
Dcx,DCX,DCX,True,True
Dcxr,DCXR,DCXR,True,True
Dda1,DDA1,DDA1,True,True
Ddah1,DDAH1,DDAH1,True,True
Ddah2,DDAH2,DDAH2,True,True
Ddb1,DDB1,DDB1,True,True
Ddb2,DDB2,DDB2,True,True
Ddc,DDC,DDC,True,True
Ddhd1,DDHD1,DDHD1,True,True
Ddhd2,DDHD2,DDHD2,True,True
Ddi1,DDI1,DDI1,False,True
Ddi2,DDI2,DDI2,True,True
Ddias,DDIAS,DDIAS,True,True
Ddit3,DDIT3,DDIT3,True,True
Ddit4,DDIT4,DDIT4,True,True
Ddit4l,DDIT4L,DDIT4L,True,True
Ddn,DDN,DDN,True,True
Ddo,DDO,DDO,True,True
Ddost,DDOST,DDOST,True,True
Ddr1,DDR1,DDR1,True,True
Ddr2,DDR2,DDR2,True,True
Ddrgk1,DDRGK1,DDRGK1,True,True
Ddt,DDT,DDT,True,True
Ddx1,DDX1,DDX1,True,True
Ddx10,DDX10,DDX10,True,True
Ddx11,DDX11,DDX11,True,True
Ddx17,DDX17,DDX17,True,True
Ddx18,DDX18,DDX18,True,True
Ddx19a,DDX19A,DDX19A,True,True
Ddx19b,DDX19B,DDX19B,True,True
Ddx20,DDX20,DDX20,True,True
Ddx21,DDX21,DDX21,True,True
Ddx23,DDX23,DDX23,True,True
Ddx24,DDX24,DDX24,True,True
Ddx25,DDX25,DDX25,True,True
Ddx27,DDX27,DDX27,True,True
Ddx28,DDX28,DDX28,True,True
Ddx31,DDX31,DDX31,True,True
Ddx39b,DDX39B,DDX39B,True,True
Ddx3x,DDX3X,DDX3X,True,True
Ddx3y,DDX3Y,DDX3Y,True,True
Ddx4,DDX4,DDX4,True,True
Ddx41,DDX41,DDX41,True,True
Ddx42,DDX42,DDX42,True,True
Ddx43,DDX43,DDX43,True,True
Ddx46,DDX46,DDX46,True,True
Ddx47,DDX47,DDX47,True,True
Ddx49,DDX49,DDX49,True,True
Ddx5,DDX5,DDX5,True,True
Ddx50,DDX50,DDX50,True,True
Ddx51,DDX51,DDX51,True,True
Ddx52,DDX52,DDX52,True,True
Ddx54,DDX54,DDX54,True,True
Ddx55,DDX55,DDX55,True,True
Ddx56,DDX56,DDX56,True,True
Ddx58,DDX58,DDX58,True,True
Ddx59,DDX59,DDX59,True,True
Ddx6,DDX6,DDX6,True,True
Ddx60,DDX60,DDX60,True,True
Deaf1,DEAF1,DEAF1,True,True
Decr1,DECR1,DECR1,True,True
Decr2,DECR2,DECR2,True,True
Dedd,DEDD,DEDD,True,True
Dedd2,DEDD2,DEDD2,True,True
Def6,DEF6,DEF6,True,True
Def8,DEF8,DEF8,True,True
Defb1,DEFB1,DEFB1,True,True
Degs1,DEGS1,DEGS1,True,True
Degs2,DEGS2,DEGS2,True,True
Dek,DEK,DEK,True,True
Dele1,DELE1,DELE1,False,True
Dennd1a,DENND1A,DENND1A,True,True
Dennd1b,DENND1B,DENND1B,True,True
Dennd1c,DENND1C,DENND1C,True,True
Dennd2a,DENND2A,DENND2A,True,True
Dennd2c,DENND2C,DENND2C,True,True
Dennd2d,DENND2D,DENND2D,True,True
Dennd3,DENND3,DENND3,True,True
Dennd4a,DENND4A,DENND4A,True,True
Dennd4b,DENND4B,DENND4B,True,True
Dennd4c,DENND4C,DENND4C,True,True
Dennd5a,DENND5A,DENND5A,True,True
Dennd5b,DENND5B,DENND5B,True,True
Dennd6a,DENND6A,DENND6A,True,True
Dennd6b,DENND6B,DENND6B,True,True
Denr,DENR,DENR,True,True
Depdc1b,DEPDC1B,DEPDC1B,True,True
Depdc5,DEPDC5,DEPDC5,True,True
Depdc7,DEPDC7,DEPDC7,True,True
Depp1,DEPP1,DEPP1,False,True
Deptor,DEPTOR,DEPTOR,True,True
Dera,DERA,DERA,True,True
Derl1,DERL1,DERL1,True,True
Derl2,DERL2,DERL2,True,True
Derl3,DERL3,DERL3,True,True
Des,DES,DES,True,True
Desi1,DESI1,DESI1,True,True
Desi2,DESI2,DESI2,True,True
Det1,DET1,DET1,True,True
Deup1,DEUP1,DEUP1,False,True
Dexi,DEXI,DEXI,True,True
Dffa,DFFA,DFFA,True,True
Dffb,DFFB,DFFB,True,True
Dgat1,DGAT1,DGAT1,True,True
Dgat2,DGAT2,DGAT2,True,True
Dgat2l6,DGAT2L6,DGAT2L6,False,True
Dgcr14,DGCR14,DGCR14,True,False
Dgcr2,DGCR2,DGCR2,True,True
Dgcr6,DGCR6,DGCR6,True,True
Dgcr8,DGCR8,DGCR8,True,True
Dgka,DGKA,DGKA,True,True
Dgkb,DGKB,DGKB,True,True
Dgkd,DGKD,DGKD,True,True
Dgke,DGKE,DGKE,True,True
Dgkg,DGKG,DGKG,True,True
Dgkh,DGKH,DGKH,True,True
Dgki,DGKI,DGKI,True,True
Dgkk,DGKK,DGKK,True,True
Dgkq,DGKQ,DGKQ,True,True
Dgkz,DGKZ,DGKZ,True,True
Dglucy,DGLUCY,DGLUCY,False,True
Dguok,DGUOK,DGUOK,True,True
Dhcr24,DHCR24,DHCR24,True,True
Dhcr7,DHCR7,DHCR7,True,True
Dhdds,DHDDS,DHDDS,True,True
Dhdh,DHDH,DHDH,True,True
Dhfr,DHFR,DHFR,True,True
Dhodh,DHODH,DHODH,True,True
Dhps,DHPS,DHPS,True,True
Dhrs1,DHRS1,DHRS1,True,True
Dhrs11,DHRS11,DHRS11,True,True
Dhrs13,DHRS13,DHRS13,True,True
Dhrs3,DHRS3,DHRS3,True,True
Dhrs4,DHRS4,DHRS4,True,True
Dhrs7,DHRS7,DHRS7,True,True
Dhrs7b,DHRS7B,DHRS7B,True,True
Dhtkd1,DHTKD1,DHTKD1,True,True
Dhx15,DHX15,DHX15,True,True
Dhx16,DHX16,DHX16,True,True
Dhx29,DHX29,DHX29,True,True
Dhx30,DHX30,DHX30,True,True
Dhx32,DHX32,DHX32,True,True
Dhx33,DHX33,DHX33,True,True
Dhx34,DHX34,DHX34,True,True
Dhx35,DHX35,DHX35,True,True
Dhx36,DHX36,DHX36,True,True
Dhx37,DHX37,DHX37,True,True
Dhx38,DHX38,DHX38,True,True
Dhx40,DHX40,DHX40,True,True
Dhx57,DHX57,DHX57,True,True
Dhx58,DHX58,DHX58,True,True
Dhx8,DHX8,DHX8,True,True
Dhx9,DHX9,DHX9,True,True
Diablo,DIABLO,DIABLO,True,True
Diaph1,DIAPH1,DIAPH1,True,True
Diaph2,DIAPH2,DIAPH2,True,True
Diaph3,DIAPH3,DIAPH3,True,True
Dicer1,DICER1,DICER1,True,True
Dido1,DIDO1,DIDO1,True,True
Diexf,DIEXF,DIEXF,True,False
Dimt1,DIMT1,DIMT1,True,True
Dio2,DIO2,DIO2,True,True
Dip2a,DIP2A,DIP2A,True,True
Dip2b,DIP2B,DIP2B,True,True
Dip2c,DIP2C,DIP2C,True,True
Dipk1a,DIPK1A,DIPK1A,False,True
Dipk1b,DIPK1B,DIPK1B,False,True
Dipk1c,DIPK1C,DIPK1C,False,True
Dipk2a,DIPK2A,DIPK2A,False,True
Diras1,DIRAS1,DIRAS1,True,True
Diras2,DIRAS2,DIRAS2,True,True
Dirc2,DIRC2,DIRC2,True,False
Dis3,DIS3,DIS3,True,True
Dis3l,DIS3L,DIS3L,True,True
Dis3l2,DIS3L2,DIS3L2,True,True
Disc1,DISC1,DISC1,True,True
Disp1,DISP1,DISP1,True,True
Disp2,DISP2,DISP2,True,True
Disp3,DISP3,DISP3,True,True
Dixdc1,DIXDC1,DIXDC1,True,True
Dkc1,DKC1,DKC1,True,True
Dkk2,DKK2,DKK2,True,True
Dkk3,DKK3,DKK3,True,True
Dkkl1,DKKL1,DKKL1,False,True
Dlat,DLAT,DLAT,True,True
Dlc1,DLC1,DLC1,True,True
Dld,DLD,DLD,True,True
Dlec1,DLEC1,DLEC1,True,True
Dleu2,DLEU2,DLEU2,True,True
Dleu7,DLEU7,DLEU7,True,True
Dlg1,DLG1,DLG1,True,True
Dlg2,DLG2,DLG2,True,True
Dlg3,DLG3,DLG3,True,True
Dlg4,DLG4,DLG4,True,True
Dlg5,DLG5,DLG5,True,True
Dlgap1,DLGAP1,DLGAP1,True,True
Dlgap2,DLGAP2,DLGAP2,True,True
Dlgap3,DLGAP3,DLGAP3,True,True
Dlgap4,DLGAP4,DLGAP4,True,True
Dlgap5,DLGAP5,DLGAP5,False,True
Dlk1,DLK1,DLK1,True,True
Dlk2,DLK2,DLK2,True,True
Dll1,DLL1,DLL1,True,True
Dll3,DLL3,DLL3,True,True
Dll4,DLL4,DLL4,True,True
Dlst,DLST,DLST,True,True
Dlx1,DLX1,DLX1,True,True
Dlx3,DLX3,DLX3,False,True
Dlx4,DLX4,DLX4,False,True
Dmac1,DMAC1,DMAC1,False,True
Dmac2,DMAC2,DMAC2,False,True
Dmac2l,DMAC2L,DMAC2L,False,True
Dmap1,DMAP1,DMAP1,True,True
Dmc1,DMC1,DMC1,True,True
Dmd,DMD,DMD,True,True
Dmgdh,DMGDH,DMGDH,True,True
Dmkn,DMKN,DMKN,True,True
Dmp1,DMP1,DMP1,False,True
Dmpk,DMPK,DMPK,True,True
Dmrta1,DMRTA1,DMRTA1,True,True
Dmrta2,DMRTA2,DMRTA2,True,True
Dmrtb1,DMRTB1,DMRTB1,False,True
Dmtf1,DMTF1,DMTF1,True,True
Dmtn,DMTN,DMTN,True,True
Dmwd,DMWD,DMWD,True,True
Dmxl1,DMXL1,DMXL1,True,True
Dmxl2,DMXL2,DMXL2,True,True
Dna2,DNA2,DNA2,True,True
Dnaaf1,DNAAF1,DNAAF1,True,True
Dnaaf2,DNAAF2,DNAAF2,True,True
Dnaaf3,DNAAF3,DNAAF3,True,True
Dnaaf4,DNAAF4,DNAAF4,False,True
Dnaaf5,DNAAF5,DNAAF5,True,True
Dnah1,DNAH1,DNAH1,True,True
Dnah10,DNAH10,DNAH10,True,True
Dnah11,DNAH11,DNAH11,True,True
Dnah12,DNAH12,DNAH12,True,True
Dnah14,DNAH14,DNAH14,True,True
Dnah17,DNAH17,DNAH17,True,True
Dnah2,DNAH2,DNAH2,True,True
Dnah3,DNAH3,DNAH3,True,True
Dnah5,DNAH5,DNAH5,True,True
Dnah6,DNAH6,DNAH6,True,True
Dnah8,DNAH8,DNAH8,True,True
Dnah9,DNAH9,DNAH9,True,True
Dnaja1,DNAJA1,DNAJA1,True,True
Dnaja2,DNAJA2,DNAJA2,True,True
Dnaja3,DNAJA3,DNAJA3,True,True
Dnaja4,DNAJA4,DNAJA4,True,True
Dnajb1,DNAJB1,DNAJB1,True,True
Dnajb11,DNAJB11,DNAJB11,True,True
Dnajb12,DNAJB12,DNAJB12,True,True
Dnajb13,DNAJB13,DNAJB13,True,True
Dnajb14,DNAJB14,DNAJB14,True,True
Dnajb2,DNAJB2,DNAJB2,True,True
Dnajb4,DNAJB4,DNAJB4,True,True
Dnajb5,DNAJB5,DNAJB5,True,True
Dnajb6,DNAJB6,DNAJB6,True,True
Dnajb7,DNAJB7,DNAJB7,False,True
Dnajb9,DNAJB9,DNAJB9,True,True
Dnajc1,DNAJC1,DNAJC1,True,True
Dnajc10,DNAJC10,DNAJC10,True,True
Dnajc11,DNAJC11,DNAJC11,True,True
Dnajc12,DNAJC12,DNAJC12,True,True
Dnajc13,DNAJC13,DNAJC13,True,True
Dnajc14,DNAJC14,DNAJC14,True,True
Dnajc15,DNAJC15,DNAJC15,True,True
Dnajc16,DNAJC16,DNAJC16,True,True
Dnajc17,DNAJC17,DNAJC17,True,True
Dnajc18,DNAJC18,DNAJC18,True,True
Dnajc19,DNAJC19,DNAJC19,True,True
Dnajc2,DNAJC2,DNAJC2,True,True
Dnajc21,DNAJC21,DNAJC21,True,True
Dnajc22,DNAJC22,DNAJC22,True,True
Dnajc24,DNAJC24,DNAJC24,True,True
Dnajc25,DNAJC25,DNAJC25,True,True
Dnajc27,DNAJC27,DNAJC27,True,True
Dnajc28,DNAJC28,DNAJC28,True,True
Dnajc3,DNAJC3,DNAJC3,True,True
Dnajc30,DNAJC30,DNAJC30,True,True
Dnajc4,DNAJC4,DNAJC4,True,True
Dnajc5,DNAJC5,DNAJC5,True,True
Dnajc5b,DNAJC5B,DNAJC5B,False,True
Dnajc6,DNAJC6,DNAJC6,True,True
Dnajc7,DNAJC7,DNAJC7,True,True
Dnajc8,DNAJC8,DNAJC8,True,True
Dnajc9,DNAJC9,DNAJC9,True,True
Dnal1,DNAL1,DNAL1,True,True
Dnal4,DNAL4,DNAL4,True,True
Dnali1,DNALI1,DNALI1,True,True
Dnase1l1,DNASE1L1,DNASE1L1,True,True
Dnase1l2,DNASE1L2,DNASE1L2,True,True
Dnase2b,DNASE2B,DNASE2B,False,True
Dnd1,DND1,DND1,True,True
Dner,DNER,DNER,True,True
Dnhd1,DNHD1,DNHD1,True,True
Dnlz,DNLZ,DNLZ,True,True
Dnm1,DNM1,DNM1,True,True
Dnm1l,DNM1L,DNM1L,True,True
Dnm2,DNM2,DNM2,True,True
Dnm3,DNM3,DNM3,True,True
Dnm3os,DNM3OS,DNM3OS,False,True
Dnmbp,DNMBP,DNMBP,True,True
Dnmt1,DNMT1,DNMT1,True,True
Dnmt3a,DNMT3A,DNMT3A,True,True
Dnmt3b,DNMT3B,DNMT3B,True,True
Dnpep,DNPEP,DNPEP,True,True
Dnph1,DNPH1,DNPH1,True,True
Dntt,DNTT,DNTT,False,True
Dnttip1,DNTTIP1,DNTTIP1,True,True
Dnttip2,DNTTIP2,DNTTIP2,True,True
Doc2a,DOC2A,DOC2A,True,True
Doc2b,DOC2B,DOC2B,True,True
Dock1,DOCK1,DOCK1,True,True
Dock10,DOCK10,DOCK10,True,True
Dock11,DOCK11,DOCK11,True,True
Dock2,DOCK2,DOCK2,True,True
Dock3,DOCK3,DOCK3,True,True
Dock4,DOCK4,DOCK4,True,True
Dock5,DOCK5,DOCK5,True,True
Dock6,DOCK6,DOCK6,True,True
Dock7,DOCK7,DOCK7,True,True
Dock8,DOCK8,DOCK8,True,True
Dock9,DOCK9,DOCK9,True,True
Dohh,DOHH,DOHH,True,True
Dok1,DOK1,DOK1,True,True
Dok2,DOK2,DOK2,False,True
Dok3,DOK3,DOK3,True,True
Dok4,DOK4,DOK4,True,True
Dok5,DOK5,DOK5,True,True
Dok6,DOK6,DOK6,True,True
Dok7,DOK7,DOK7,True,True
Dolk,DOLK,DOLK,True,True
Dolpp1,DOLPP1,DOLPP1,True,True
Donson,DONSON,DONSON,True,True
Dop1a,DOP1A,DOP1A,False,True
Dop1b,DOP1B,DOP1B,False,True
Dopey1,DOPEY1,DOPEY1,True,False
Dopey2,DOPEY2,DOPEY2,True,False
Dot1l,DOT1L,DOT1L,True,True
Dpagt1,DPAGT1,DPAGT1,True,True
Dpep1,DPEP1,DPEP1,False,True
Dpep2,DPEP2,DPEP2,True,True
Dpep2nb,DPEP2NB,DPEP2NB,False,True
Dpf1,DPF1,DPF1,True,True
Dpf2,DPF2,DPF2,True,True
Dpf3,DPF3,DPF3,True,True
Dph1,DPH1,DPH1,True,True
Dph2,DPH2,DPH2,True,True
Dph3,DPH3,DPH3,True,True
Dph5,DPH5,DPH5,True,True
Dph6,DPH6,DPH6,True,True
Dph7,DPH7,DPH7,True,True
Dpm1,DPM1,DPM1,True,True
Dpm2,DPM2,DPM2,True,True
Dpm3,DPM3,DPM3,True,True
Dpp10,DPP10,DPP10,True,True
Dpp3,DPP3,DPP3,True,True
Dpp4,DPP4,DPP4,True,True
Dpp6,DPP6,DPP6,True,True
Dpp7,DPP7,DPP7,True,True
Dpp8,DPP8,DPP8,True,True
Dpp9,DPP9,DPP9,True,True
Dpy19l1,DPY19L1,DPY19L1,True,True
Dpy19l2,DPY19L2,DPY19L2,True,True
Dpy19l3,DPY19L3,DPY19L3,True,True
Dpy19l4,DPY19L4,DPY19L4,True,True
Dpy30,DPY30,DPY30,True,True
Dpyd,DPYD,DPYD,True,True
Dpys,DPYS,DPYS,True,True
Dpysl2,DPYSL2,DPYSL2,True,True
Dpysl3,DPYSL3,DPYSL3,True,True
Dpysl4,DPYSL4,DPYSL4,True,True
Dpysl5,DPYSL5,DPYSL5,True,True
Dqx1,DQX1,DQX1,True,True
Dr1,DR1,DR1,True,True
Dram1,DRAM1,DRAM1,True,True
Dram2,DRAM2,DRAM2,True,True
Drap1,DRAP1,DRAP1,True,True
Draxin,DRAXIN,DRAXIN,True,True
Drc1,DRC1,DRC1,True,True
Drc3,DRC3,DRC3,True,True
Drc7,DRC7,DRC7,True,True
Drd1,DRD1,DRD1,True,True
Drd2,DRD2,DRD2,True,True
Drd3,DRD3,DRD3,False,True
Drd4,DRD4,DRD4,True,True
Drd5,DRD5,DRD5,True,True
Drg1,DRG1,DRG1,True,True
Drg2,DRG2,DRG2,True,True
Drosha,DROSHA,DROSHA,True,True
Drp2,DRP2,DRP2,True,True
Dsc2,DSC2,DSC2,True,True
Dsc3,DSC3,DSC3,False,True
Dscam,DSCAM,DSCAM,True,True
Dscaml1,DSCAML1,DSCAML1,True,True
Dscc1,DSCC1,DSCC1,True,True
Dscr3,DSCR3,DSCR3,True,False
Dse,DSE,DSE,True,True
Dsel,DSEL,DSEL,True,True
Dsg2,DSG2,DSG2,True,True
Dsn1,DSN1,DSN1,True,True
Dsp,DSP,DSP,True,True
Dst,DST,DST,True,True
Dstn,DSTN,DSTN,True,True
Dstyk,DSTYK,DSTYK,True,True
Dtd1,DTD1,DTD1,True,True
Dtd2,DTD2,DTD2,True,True
Dthd1,DTHD1,DTHD1,True,True
Dtl,DTL,DTL,False,True
Dtna,DTNA,DTNA,True,True
Dtnb,DTNB,DTNB,True,True
Dtnbp1,DTNBP1,DTNBP1,True,True
Dtwd1,DTWD1,DTWD1,True,True
Dtwd2,DTWD2,DTWD2,True,True
Dtx1,DTX1,DTX1,True,True
Dtx2,DTX2,DTX2,True,True
Dtx3,DTX3,DTX3,True,True
Dtx3l,DTX3L,DTX3L,True,True
Dtx4,DTX4,DTX4,True,True
Dtymk,DTYMK,DTYMK,True,True
Dubr,DUBR,DUBR,True,True
Duox1,DUOX1,DUOX1,True,True
Dupd1,DUPD1,DUPD1,False,True
Dus1l,DUS1L,DUS1L,True,True
Dus2,DUS2,DUS2,True,True
Dus3l,DUS3L,DUS3L,True,True
Dus4l,DUS4L,DUS4L,True,True
Dusp1,DUSP1,DUSP1,True,True
Dusp10,DUSP10,DUSP10,True,True
Dusp11,DUSP11,DUSP11,True,True
Dusp12,DUSP12,DUSP12,True,True
Dusp13,DUSP13,DUSP13,False,True
Dusp14,DUSP14,DUSP14,True,True
Dusp15,DUSP15,DUSP15,True,True
Dusp16,DUSP16,DUSP16,True,True
Dusp18,DUSP18,DUSP18,True,True
Dusp19,DUSP19,DUSP19,True,True
Dusp2,DUSP2,DUSP2,True,True
Dusp22,DUSP22,DUSP22,True,True
Dusp23,DUSP23,DUSP23,True,True
Dusp26,DUSP26,DUSP26,True,True
Dusp27,DUSP27,DUSP27,True,True
Dusp28,DUSP28,DUSP28,True,True
Dusp3,DUSP3,DUSP3,True,True
Dusp4,DUSP4,DUSP4,True,True
Dusp5,DUSP5,DUSP5,True,True
Dusp6,DUSP6,DUSP6,True,True
Dusp7,DUSP7,DUSP7,True,True
Dusp8,DUSP8,DUSP8,True,True
Dusp9,DUSP9,DUSP9,True,True
Dut,DUT,DUT,True,True
Dvl1,DVL1,DVL1,True,True
Dvl2,DVL2,DVL2,True,True
Dvl3,DVL3,DVL3,True,True
Dxo,DXO,DXO,True,True
Dydc1,DYDC1,DYDC1,False,True
Dydc2,DYDC2,DYDC2,True,True
Dym,DYM,DYM,True,True
Dync1h1,DYNC1H1,DYNC1H1,True,True
Dync1i1,DYNC1I1,DYNC1I1,True,True
Dync1i2,DYNC1I2,DYNC1I2,True,True
Dync1li1,DYNC1LI1,DYNC1LI1,True,True
Dync1li2,DYNC1LI2,DYNC1LI2,True,True
Dync2h1,DYNC2H1,DYNC2H1,True,True
Dync2li1,DYNC2LI1,DYNC2LI1,True,True
Dynll1,DYNLL1,DYNLL1,True,True
Dynll2,DYNLL2,DYNLL2,True,True
Dynlrb1,DYNLRB1,DYNLRB1,True,True
Dynlrb2,DYNLRB2,DYNLRB2,True,True
Dynlt3,DYNLT3,DYNLT3,True,True
Dyrk1a,DYRK1A,DYRK1A,True,True
Dyrk1b,DYRK1B,DYRK1B,True,True
Dyrk2,DYRK2,DYRK2,True,True
Dyrk3,DYRK3,DYRK3,True,True
Dyrk4,DYRK4,DYRK4,True,True
Dysf,DYSF,DYSF,True,True
Dytn,DYTN,DYTN,False,True
Dyx1c1,DYX1C1,DYX1C1,True,False
Dzank1,DZANK1,DZANK1,True,True
Dzip1,DZIP1,DZIP1,True,True
Dzip1l,DZIP1L,DZIP1L,True,True
Dzip3,DZIP3,DZIP3,True,True
E2f1,E2F1,E2F1,True,True
E2f2,E2F2,E2F2,False,True
E2f3,E2F3,E2F3,True,True
E2f4,E2F4,E2F4,True,True
E2f5,E2F5,E2F5,True,True
E2f6,E2F6,E2F6,True,True
E2f7,E2F7,E2F7,True,True
E2f8,E2F8,E2F8,False,True
E4f1,E4F1,E4F1,True,True
Eaf1,EAF1,EAF1,True,True
Eaf2,EAF2,EAF2,True,True
Eapp,EAPP,EAPP,True,True
Ears2,EARS2,EARS2,True,True
Ebag9,EBAG9,EBAG9,True,True
Ebf1,EBF1,EBF1,True,True
Ebf2,EBF2,EBF2,True,True
Ebf3,EBF3,EBF3,True,True
Ebf4,EBF4,EBF4,True,True
Ebi3,EBI3,EBI3,True,True
Ebna1bp2,EBNA1BP2,EBNA1BP2,True,True
Ebp,EBP,EBP,True,True
Ebpl,EBPL,EBPL,True,True
Ecd,ECD,ECD,True,True
Ece1,ECE1,ECE1,True,True
Ece2,ECE2,ECE2,True,True
Ecel1,ECEL1,ECEL1,True,True
Ech1,ECH1,ECH1,True,True
Echdc1,ECHDC1,ECHDC1,True,True
Echdc2,ECHDC2,ECHDC2,True,True
Echdc3,ECHDC3,ECHDC3,True,True
Echs1,ECHS1,ECHS1,True,True
Eci1,ECI1,ECI1,True,True
Eci2,ECI2,ECI2,True,True
Ecm1,ECM1,ECM1,True,True
Ecm2,ECM2,ECM2,True,True
Ecpas,ECPAS,ECPAS,False,True
Ecrg4,ECRG4,ECRG4,False,True
Ecscr,ECSCR,ECSCR,True,True
Ecsit,ECSIT,ECSIT,True,True
Ect2,ECT2,ECT2,True,True
Ect2l,ECT2L,ECT2L,True,True
Eda,EDA,EDA,True,True
Eda2r,EDA2R,EDA2R,True,True
Edar,EDAR,EDAR,True,True
Edaradd,EDARADD,EDARADD,False,True
Edc3,EDC3,EDC3,True,True
Edc4,EDC4,EDC4,True,True
Edem1,EDEM1,EDEM1,True,True
Edem2,EDEM2,EDEM2,True,True
Edem3,EDEM3,EDEM3,True,True
Edf1,EDF1,EDF1,True,True
Edil3,EDIL3,EDIL3,True,True
Edn1,EDN1,EDN1,True,True
Edn3,EDN3,EDN3,True,True
Ednra,EDNRA,EDNRA,True,True
Ednrb,EDNRB,EDNRB,True,True
Edrf1,EDRF1,EDRF1,True,True
Eea1,EEA1,EEA1,True,True
Eed,EED,EED,True,True
Eef1a1,EEF1A1,EEF1A1,True,True
Eef1a2,EEF1A2,EEF1A2,True,True
Eef1akmt1,EEF1AKMT1,EEF1AKMT1,True,True
Eef1akmt2,EEF1AKMT2,EEF1AKMT2,False,True
Eef1akmt3,EEF1AKMT3,EEF1AKMT3,False,True
Eef1akmt4,EEF1AKMT4,EEF1AKMT4,False,True
Eef1aknmt,EEF1AKNMT,EEF1AKNMT,False,True
Eef1b2,EEF1B2,EEF1B2,True,True
Eef1d,EEF1D,EEF1D,True,True
Eef1e1,EEF1E1,EEF1E1,True,True
Eef1g,EEF1G,EEF1G,False,True
Eef2,EEF2,EEF2,True,True
Eef2k,EEF2K,EEF2K,True,True
Eef2kmt,EEF2KMT,EEF2KMT,True,True
Eefsec,EEFSEC,EEFSEC,True,True
Eepd1,EEPD1,EEPD1,True,True
Efcab1,EFCAB1,EFCAB1,True,True
Efcab10,EFCAB10,EFCAB10,True,True
Efcab11,EFCAB11,EFCAB11,True,True
Efcab12,EFCAB12,EFCAB12,True,True
Efcab14,EFCAB14,EFCAB14,True,True
Efcab2,EFCAB2,EFCAB2,True,True
Efcab5,EFCAB5,EFCAB5,True,True
Efcab6,EFCAB6,EFCAB6,True,True
Efcab7,EFCAB7,EFCAB7,True,True
Efcab8,EFCAB8,EFCAB8,False,True
Efcab9,EFCAB9,EFCAB9,False,True
Efcc1,EFCC1,EFCC1,True,True
Efemp1,EFEMP1,EFEMP1,True,True
Efemp2,EFEMP2,EFEMP2,True,True
Efhb,EFHB,EFHB,True,True
Efhc1,EFHC1,EFHC1,True,True
Efhc2,EFHC2,EFHC2,True,True
Efhd1,EFHD1,EFHD1,True,True
Efhd2,EFHD2,EFHD2,True,True
Efl1,EFL1,EFL1,True,True
Efna1,EFNA1,EFNA1,True,True
Efna2,EFNA2,EFNA2,True,True
Efna3,EFNA3,EFNA3,True,True
Efna4,EFNA4,EFNA4,True,True
Efna5,EFNA5,EFNA5,True,True
Efnb1,EFNB1,EFNB1,True,True
Efnb2,EFNB2,EFNB2,True,True
Efnb3,EFNB3,EFNB3,True,True
Efr3a,EFR3A,EFR3A,True,True
Efr3b,EFR3B,EFR3B,True,True
Efs,EFS,EFS,True,True
Eftud2,EFTUD2,EFTUD2,True,True
Egf,EGF,EGF,True,True
Egfl6,EGFL6,EGFL6,True,True
Egfl7,EGFL7,EGFL7,True,True
Egfl8,EGFL8,EGFL8,True,True
Egflam,EGFLAM,EGFLAM,True,True
Egfr,EGFR,EGFR,True,True
Egln1,EGLN1,EGLN1,True,True
Egln2,EGLN2,EGLN2,True,True
Egln3,EGLN3,EGLN3,True,True
Egr1,EGR1,EGR1,True,True
Egr2,EGR2,EGR2,True,True
Egr3,EGR3,EGR3,True,True
Egr4,EGR4,EGR4,False,True
Ehbp1,EHBP1,EHBP1,True,True
Ehbp1l1,EHBP1L1,EHBP1L1,True,True
Ehd1,EHD1,EHD1,True,True
Ehd2,EHD2,EHD2,True,True
Ehd3,EHD3,EHD3,True,True
Ehd4,EHD4,EHD4,True,True
Ehhadh,EHHADH,EHHADH,True,True
Ehmt1,EHMT1,EHMT1,True,True
Ehmt2,EHMT2,EHMT2,True,True
Ei24,EI24,EI24,True,True
Eid1,EID1,EID1,True,True
Eid2,EID2,EID2,True,True
Eid2b,EID2B,EID2B,True,True
Eid3,EID3,EID3,True,True
Eif1,EIF1,EIF1,True,True
Eif1ad,EIF1AD,EIF1AD,True,True
Eif1ax,EIF1AX,EIF1AX,True,True
Eif1b,EIF1B,EIF1B,True,True
Eif2a,EIF2A,EIF2A,True,True
Eif2ak1,EIF2AK1,EIF2AK1,True,True
Eif2ak2,EIF2AK2,EIF2AK2,True,True
Eif2ak3,EIF2AK3,EIF2AK3,True,True
Eif2ak4,EIF2AK4,EIF2AK4,True,True
Eif2b1,EIF2B1,EIF2B1,True,True
Eif2b2,EIF2B2,EIF2B2,True,True
Eif2b3,EIF2B3,EIF2B3,True,True
Eif2b4,EIF2B4,EIF2B4,True,True
Eif2b5,EIF2B5,EIF2B5,True,True
Eif2d,EIF2D,EIF2D,True,True
Eif2s1,EIF2S1,EIF2S1,True,True
Eif2s2,EIF2S2,EIF2S2,True,True
Eif3a,EIF3A,EIF3A,True,True
Eif3b,EIF3B,EIF3B,True,True
Eif3c,EIF3C,EIF3C,True,True
Eif3d,EIF3D,EIF3D,True,True
Eif3e,EIF3E,EIF3E,True,True
Eif3f,EIF3F,EIF3F,True,True
Eif3g,EIF3G,EIF3G,True,True
Eif3h,EIF3H,EIF3H,True,True
Eif3i,EIF3I,EIF3I,True,True
Eif3k,EIF3K,EIF3K,True,True
Eif3l,EIF3L,EIF3L,True,True
Eif3m,EIF3M,EIF3M,True,True
Eif4a1,EIF4A1,EIF4A1,True,True
Eif4a2,EIF4A2,EIF4A2,True,True
Eif4a3,EIF4A3,EIF4A3,True,True
Eif4b,EIF4B,EIF4B,True,True
Eif4e,EIF4E,EIF4E,True,True
Eif4e2,EIF4E2,EIF4E2,True,True
Eif4e3,EIF4E3,EIF4E3,True,True
Eif4ebp1,EIF4EBP1,EIF4EBP1,True,True
Eif4ebp2,EIF4EBP2,EIF4EBP2,True,True
Eif4ebp3,EIF4EBP3,EIF4EBP3,True,True
Eif4enif1,EIF4ENIF1,EIF4ENIF1,True,True
Eif4g1,EIF4G1,EIF4G1,True,True
Eif4g2,EIF4G2,EIF4G2,True,True
Eif4g3,EIF4G3,EIF4G3,True,True
Eif4h,EIF4H,EIF4H,True,True
Eif5,EIF5,EIF5,True,True
Eif5a,EIF5A,EIF5A,True,True
Eif5a2,EIF5A2,EIF5A2,True,True
Eif5b,EIF5B,EIF5B,True,True
Eif6,EIF6,EIF6,True,True
Eipr1,EIPR1,EIPR1,False,True
Elac1,ELAC1,ELAC1,True,True
Elac2,ELAC2,ELAC2,True,True
Elavl1,ELAVL1,ELAVL1,True,True
Elavl2,ELAVL2,ELAVL2,True,True
Elavl3,ELAVL3,ELAVL3,True,True
Elavl4,ELAVL4,ELAVL4,True,True
Elf1,ELF1,ELF1,True,True
Elf2,ELF2,ELF2,True,True
Elf4,ELF4,ELF4,True,True
Elf5,ELF5,ELF5,False,True
Elfn1,ELFN1,ELFN1,True,True
Elfn2,ELFN2,ELFN2,True,True
Elk1,ELK1,ELK1,True,True
Elk3,ELK3,ELK3,True,True
Elk4,ELK4,ELK4,True,True
Ell,ELL,ELL,True,True
Ell2,ELL2,ELL2,True,True
Elmo1,ELMO1,ELMO1,True,True
Elmo2,ELMO2,ELMO2,True,True
Elmo3,ELMO3,ELMO3,True,True
Elmod1,ELMOD1,ELMOD1,True,True
Elmod2,ELMOD2,ELMOD2,True,True
Elmod3,ELMOD3,ELMOD3,True,True
Elmsan1,ELMSAN1,ELMSAN1,True,True
Eln,ELN,ELN,True,True
Eloa,ELOA,ELOA,False,True
Elob,ELOB,ELOB,False,True
Eloc,ELOC,ELOC,False,True
Elof1,ELOF1,ELOF1,True,True
Elovl1,ELOVL1,ELOVL1,True,True
Elovl2,ELOVL2,ELOVL2,True,True
Elovl4,ELOVL4,ELOVL4,True,True
Elovl5,ELOVL5,ELOVL5,True,True
Elovl6,ELOVL6,ELOVL6,True,True
Elovl7,ELOVL7,ELOVL7,True,True
Elp1,ELP1,ELP1,False,True
Elp2,ELP2,ELP2,True,True
Elp3,ELP3,ELP3,True,True
Elp4,ELP4,ELP4,True,True
Elp5,ELP5,ELP5,True,True
Elp6,ELP6,ELP6,True,True
Emb,EMB,EMB,True,True
Emc1,EMC1,EMC1,True,True
Emc10,EMC10,EMC10,True,True
Emc2,EMC2,EMC2,True,True
Emc3,EMC3,EMC3,True,True
Emc4,EMC4,EMC4,True,True
Emc6,EMC6,EMC6,True,True
Emc7,EMC7,EMC7,True,True
Emc8,EMC8,EMC8,True,True
Emc9,EMC9,EMC9,True,True
Emcn,EMCN,EMCN,True,True
Emd,EMD,EMD,True,True
Eme1,EME1,EME1,True,True
Eme2,EME2,EME2,True,True
Emg1,EMG1,EMG1,True,True
Emid1,EMID1,EMID1,True,True
Emilin1,EMILIN1,EMILIN1,True,True
Emilin2,EMILIN2,EMILIN2,True,True
Eml1,EML1,EML1,True,True
Eml2,EML2,EML2,True,True
Eml3,EML3,EML3,True,True
Eml4,EML4,EML4,True,True
Eml5,EML5,EML5,True,True
Eml6,EML6,EML6,True,True
Emp1,EMP1,EMP1,True,True
Emp2,EMP2,EMP2,True,True
Emp3,EMP3,EMP3,True,True
Emsy,EMSY,EMSY,True,True
Emx1,EMX1,EMX1,False,True
Emx2,EMX2,EMX2,True,True
Emx2os,EMX2OS,EMX2OS,True,True
En1,EN1,EN1,False,True
En2,EN2,EN2,False,True
Enah,ENAH,ENAH,True,True
Enc1,ENC1,ENC1,True,True
Endod1,ENDOD1,ENDOD1,True,True
Endog,ENDOG,ENDOG,True,True
Endou,ENDOU,ENDOU,True,True
Endov,ENDOV,ENDOV,True,True
Eng,ENG,ENG,True,True
Engase,ENGASE,ENGASE,True,True
Enho,ENHO,ENHO,True,True
Enkd1,ENKD1,ENKD1,True,True
Enkur,ENKUR,ENKUR,True,True
Eno1,ENO1,ENO1,True,True
Eno2,ENO2,ENO2,True,True
Eno3,ENO3,ENO3,True,True
Eno4,ENO4,ENO4,True,True
Enoph1,ENOPH1,ENOPH1,True,True
Enox1,ENOX1,ENOX1,True,True
Enox2,ENOX2,ENOX2,True,True
Enpep,ENPEP,ENPEP,True,True
Enpp1,ENPP1,ENPP1,True,True
Enpp2,ENPP2,ENPP2,True,True
Enpp3,ENPP3,ENPP3,True,True
Enpp4,ENPP4,ENPP4,True,True
Enpp5,ENPP5,ENPP5,True,True
Enpp6,ENPP6,ENPP6,True,True
Ensa,ENSA,ENSA,True,True
Entpd1,ENTPD1,ENTPD1,True,True
Entpd2,ENTPD2,ENTPD2,True,True
Entpd3,ENTPD3,ENTPD3,True,True
Entpd5,ENTPD5,ENTPD5,True,True
Entpd6,ENTPD6,ENTPD6,True,True
Entpd7,ENTPD7,ENTPD7,True,True
Entr1,ENTR1,ENTR1,False,True
Eny2,ENY2,ENY2,True,True
Eogt,EOGT,EOGT,True,True
Ep300,EP300,EP300,True,True
Ep400,EP400,EP400,True,True
Epas1,EPAS1,EPAS1,True,True
Epb41,EPB41,EPB41,True,True
Epb41l1,EPB41L1,EPB41L1,True,True
Epb41l2,EPB41L2,EPB41L2,True,True
Epb41l3,EPB41L3,EPB41L3,True,True
Epb41l4a,EPB41L4A,EPB41L4A,True,True
Epb41l4b,EPB41L4B,EPB41L4B,True,True
Epb41l5,EPB41L5,EPB41L5,True,True
Epb42,EPB42,EPB42,True,True
Epc1,EPC1,EPC1,True,True
Epc2,EPC2,EPC2,True,True
Epcam,EPCAM,EPCAM,True,True
Epdr1,EPDR1,EPDR1,True,True
Epg5,EPG5,EPG5,True,True
Epha1,EPHA1,EPHA1,False,True
Epha10,EPHA10,EPHA10,True,True
Epha2,EPHA2,EPHA2,True,True
Epha3,EPHA3,EPHA3,True,True
Epha4,EPHA4,EPHA4,True,True
Epha5,EPHA5,EPHA5,True,True
Epha6,EPHA6,EPHA6,True,True
Epha7,EPHA7,EPHA7,True,True
Epha8,EPHA8,EPHA8,True,True
Ephb1,EPHB1,EPHB1,True,True
Ephb2,EPHB2,EPHB2,True,True
Ephb3,EPHB3,EPHB3,True,True
Ephb4,EPHB4,EPHB4,True,True
Ephb6,EPHB6,EPHB6,True,True
Ephx1,EPHX1,EPHX1,True,True
Ephx2,EPHX2,EPHX2,True,True
Ephx3,EPHX3,EPHX3,False,True
Ephx4,EPHX4,EPHX4,True,True
Epm2a,EPM2A,EPM2A,True,True
Epm2aip1,EPM2AIP1,EPM2AIP1,True,True
Epn1,EPN1,EPN1,True,True
Epn2,EPN2,EPN2,True,True
Epn3,EPN3,EPN3,True,True
Epo,EPO,EPO,False,True
Epop,EPOP,EPOP,False,True
Epor,EPOR,EPOR,True,True
Eppk1,EPPK1,EPPK1,True,True
Eprs,EPRS,EPRS,True,True
Eps15,EPS15,EPS15,True,True
Eps15l1,EPS15L1,EPS15L1,True,True
Eps8,EPS8,EPS8,True,True
Eps8l1,EPS8L1,EPS8L1,False,True
Eps8l2,EPS8L2,EPS8L2,True,True
Eps8l3,EPS8L3,EPS8L3,False,True
Epsti1,EPSTI1,EPSTI1,True,True
Epx,EPX,EPX,False,True
Eqtn,EQTN,EQTN,True,True
Eral1,ERAL1,ERAL1,True,True
Erap1,ERAP1,ERAP1,True,True
Erbb2,ERBB2,ERBB2,True,True
Erbb3,ERBB3,ERBB3,True,True
Erbb4,ERBB4,ERBB4,True,True
Erbin,ERBIN,ERBIN,True,True
Erc1,ERC1,ERC1,True,True
Erc2,ERC2,ERC2,True,True
Ercc1,ERCC1,ERCC1,True,True
Ercc2,ERCC2,ERCC2,True,True
Ercc3,ERCC3,ERCC3,True,True
Ercc4,ERCC4,ERCC4,True,True
Ercc5,ERCC5,ERCC5,True,True
Ercc6,ERCC6,ERCC6,True,True
Ercc6l,ERCC6L,ERCC6L,False,True
Ercc6l2,ERCC6L2,ERCC6L2,True,True
Ercc8,ERCC8,ERCC8,True,True
Ereg,EREG,EREG,False,True
Erf,ERF,ERF,True,True
Erg,ERG,ERG,True,True
Erg28,ERG28,ERG28,False,True
Ergic1,ERGIC1,ERGIC1,True,True
Ergic2,ERGIC2,ERGIC2,True,True
Ergic3,ERGIC3,ERGIC3,True,True
Erh,ERH,ERH,True,True
Eri1,ERI1,ERI1,True,True
Eri2,ERI2,ERI2,True,True
Eri3,ERI3,ERI3,True,True
Erich1,ERICH1,ERICH1,True,True
Erich2,ERICH2,ERICH2,True,True
Erich3,ERICH3,ERICH3,True,True
Erich4,ERICH4,ERICH4,False,True
Erich5,ERICH5,ERICH5,True,True
Erich6,ERICH6,ERICH6,True,True
Erlec1,ERLEC1,ERLEC1,True,True
Erlin1,ERLIN1,ERLIN1,True,True
Erlin2,ERLIN2,ERLIN2,True,True
Ermap,ERMAP,ERMAP,True,True
Ermard,ERMARD,ERMARD,True,True
Ermn,ERMN,ERMN,True,True
Ermp1,ERMP1,ERMP1,True,True
Ern1,ERN1,ERN1,True,True
Ern2,ERN2,ERN2,False,True
Erp27,ERP27,ERP27,False,True
Erp29,ERP29,ERP29,True,True
Erp44,ERP44,ERP44,True,True
Errfi1,ERRFI1,ERRFI1,True,True
Esam,ESAM,ESAM,True,True
Esco1,ESCO1,ESCO1,True,True
Esco2,ESCO2,ESCO2,False,True
Esd,ESD,ESD,True,True
Esf1,ESF1,ESF1,True,True
Esm1,ESM1,ESM1,True,True
Espl1,ESPL1,ESPL1,False,True
Espn,ESPN,ESPN,False,True
Esr1,ESR1,ESR1,True,True
Esr2,ESR2,ESR2,True,True
Esrp1,ESRP1,ESRP1,True,True
Esrra,ESRRA,ESRRA,True,True
Esrrb,ESRRB,ESRRB,True,True
Esrrg,ESRRG,ESRRG,True,True
Ess2,ESS2,ESS2,False,True
Esyt1,ESYT1,ESYT1,True,True
Esyt2,ESYT2,ESYT2,True,True
Esyt3,ESYT3,ESYT3,True,True
Etaa1,ETAA1,ETAA1,True,True
Etf1,ETF1,ETF1,True,True
Etfa,ETFA,ETFA,True,True
Etfb,ETFB,ETFB,True,True
Etfbkmt,ETFBKMT,ETFBKMT,True,True
Etfdh,ETFDH,ETFDH,True,True
Etfrf1,ETFRF1,ETFRF1,False,True
Ethe1,ETHE1,ETHE1,True,True
Etnk1,ETNK1,ETNK1,True,True
Etnk2,ETNK2,ETNK2,True,True
Etnppl,ETNPPL,ETNPPL,True,True
Ets1,ETS1,ETS1,True,True
Ets2,ETS2,ETS2,True,True
Etv1,ETV1,ETV1,True,True
Etv3,ETV3,ETV3,True,True
Etv4,ETV4,ETV4,True,True
Etv5,ETV5,ETV5,True,True
Etv6,ETV6,ETV6,True,True
Eva1a,EVA1A,EVA1A,False,True
Eva1b,EVA1B,EVA1B,True,True
Eva1c,EVA1C,EVA1C,True,True
Evc,EVC,EVC,True,True
Evc2,EVC2,EVC2,True,True
Evi2a,EVI2A,EVI2A,True,True
Evi5,EVI5,EVI5,True,True
Evi5l,EVI5L,EVI5L,True,True
Evl,EVL,EVL,True,True
Evpl,EVPL,EVPL,True,True
Ewsr1,EWSR1,EWSR1,True,True
Exd1,EXD1,EXD1,False,True
Exd2,EXD2,EXD2,True,True
Exo1,EXO1,EXO1,True,True
Exo5,EXO5,EXO5,True,True
Exoc1,EXOC1,EXOC1,True,True
Exoc2,EXOC2,EXOC2,True,True
Exoc3,EXOC3,EXOC3,True,True
Exoc3l2,EXOC3L2,EXOC3L2,False,True
Exoc3l4,EXOC3L4,EXOC3L4,False,True
Exoc4,EXOC4,EXOC4,True,True
Exoc5,EXOC5,EXOC5,True,True
Exoc6,EXOC6,EXOC6,True,True
Exoc6b,EXOC6B,EXOC6B,True,True
Exoc7,EXOC7,EXOC7,True,True
Exoc8,EXOC8,EXOC8,True,True
Exog,EXOG,EXOG,True,True
Exosc1,EXOSC1,EXOSC1,True,True
Exosc10,EXOSC10,EXOSC10,True,True
Exosc2,EXOSC2,EXOSC2,True,True
Exosc3,EXOSC3,EXOSC3,True,True
Exosc4,EXOSC4,EXOSC4,True,True
Exosc5,EXOSC5,EXOSC5,True,True
Exosc7,EXOSC7,EXOSC7,True,True
Exosc8,EXOSC8,EXOSC8,True,True
Exosc9,EXOSC9,EXOSC9,True,True
Exph5,EXPH5,EXPH5,True,True
Ext1,EXT1,EXT1,True,True
Ext2,EXT2,EXT2,True,True
Extl1,EXTL1,EXTL1,True,True
Extl2,EXTL2,EXTL2,True,True
Extl3,EXTL3,EXTL3,True,True
Eya1,EYA1,EYA1,True,True
Eya2,EYA2,EYA2,True,True
Eya3,EYA3,EYA3,True,True
Eya4,EYA4,EYA4,True,True
Ezh1,EZH1,EZH1,True,True
Ezh2,EZH2,EZH2,True,True
Ezr,EZR,EZR,True,True
F10,F10,F10,True,True
F11,F11,F11,True,True
F11r,F11R,F11R,True,True
F12,F12,F12,True,True
F13a1,F13A1,F13A1,True,True
F2,F2,F2,False,True
F2r,F2R,F2R,True,True
F2rl2,F2RL2,F2RL2,True,True
F2rl3,F2RL3,F2RL3,False,True
F3,F3,F3,True,True
F5,F5,F5,True,True
F8,F8,F8,True,True
F9,F9,F9,False,True
Fa2h,FA2H,FA2H,True,True
Faah,FAAH,FAAH,True,True
Faap100,FAAP100,FAAP100,True,True
Faap20,FAAP20,FAAP20,True,True
Faap24,FAAP24,FAAP24,True,True
Fabp12,FABP12,FABP12,False,True
Fabp3,FABP3,FABP3,True,True
Fabp4,FABP4,FABP4,False,True
Fabp5,FABP5,FABP5,True,True
Fabp7,FABP7,FABP7,True,True
Fadd,FADD,FADD,True,True
Fads1,FADS1,FADS1,True,True
Fads2,FADS2,FADS2,True,True
Fads3,FADS3,FADS3,True,True
Fads6,FADS6,FADS6,True,True
Faf1,FAF1,FAF1,True,True
Faf2,FAF2,FAF2,True,True
Fah,FAH,FAH,True,True
Fahd1,FAHD1,FAHD1,True,True
Fahd2a,FAHD2A,FAHD2A,True,True
Faim,FAIM,FAIM,True,True
Faim2,FAIM2,FAIM2,True,True
Fam102a,FAM102A,FAM102A,True,True
Fam102b,FAM102B,FAM102B,True,True
Fam103a1,FAM103A1,FAM103A1,True,False
Fam104a,FAM104A,FAM104A,True,True
Fam105a,FAM105A,FAM105A,True,False
Fam107a,FAM107A,FAM107A,True,True
Fam107b,FAM107B,FAM107B,True,True
Fam109a,FAM109A,FAM109A,True,False
Fam109b,FAM109B,FAM109B,True,False
Fam110a,FAM110A,FAM110A,True,True
Fam110b,FAM110B,FAM110B,True,True
Fam111a,FAM111A,FAM111A,True,True
Fam114a1,FAM114A1,FAM114A1,True,True
Fam114a2,FAM114A2,FAM114A2,True,True
Fam117a,FAM117A,FAM117A,True,True
Fam117b,FAM117B,FAM117B,True,True
Fam118a,FAM118A,FAM118A,True,True
Fam118b,FAM118B,FAM118B,True,True
Fam120a,FAM120A,FAM120A,True,True
Fam120aos,FAM120AOS,FAM120AOS,True,True
Fam120b,FAM120B,FAM120B,True,True
Fam120c,FAM120C,FAM120C,True,True
Fam122a,FAM122A,FAM122A,True,True
Fam122b,FAM122B,FAM122B,True,True
Fam124a,FAM124A,FAM124A,True,True
Fam124b,FAM124B,FAM124B,True,True
Fam126a,FAM126A,FAM126A,True,True
Fam126b,FAM126B,FAM126B,True,True
Fam129a,FAM129A,FAM129A,True,False
Fam129b,FAM129B,FAM129B,True,False
Fam129c,FAM129C,FAM129C,True,False
Fam131a,FAM131A,FAM131A,True,True
Fam131b,FAM131B,FAM131B,True,True
Fam131c,FAM131C,FAM131C,True,True
Fam133b,FAM133B,FAM133B,True,True
Fam135a,FAM135A,FAM135A,True,True
Fam135b,FAM135B,FAM135B,True,True
Fam136a,FAM136A,FAM136A,True,True
Fam13a,FAM13A,FAM13A,True,True
Fam13b,FAM13B,FAM13B,True,True
Fam13c,FAM13C,FAM13C,True,True
Fam149a,FAM149A,FAM149A,True,True
Fam151a,FAM151A,FAM151A,False,True
Fam151b,FAM151B,FAM151B,True,True
Fam155a,FAM155A,FAM155A,True,True
Fam159a,FAM159A,FAM159A,True,False
Fam160a1,FAM160A1,FAM160A1,True,True
Fam160a2,FAM160A2,FAM160A2,True,True
Fam160b1,FAM160B1,FAM160B1,True,True
Fam160b2,FAM160B2,FAM160B2,True,True
Fam161a,FAM161A,FAM161A,True,True
Fam161b,FAM161B,FAM161B,True,True
Fam162a,FAM162A,FAM162A,True,True
Fam163a,FAM163A,FAM163A,True,True
Fam163b,FAM163B,FAM163B,True,True
Fam166a,FAM166A,FAM166A,False,True
Fam166b,FAM166B,FAM166B,True,True
Fam167a,FAM167A,FAM167A,True,True
Fam167b,FAM167B,FAM167B,True,True
Fam168a,FAM168A,FAM168A,True,True
Fam168b,FAM168B,FAM168B,True,True
Fam169a,FAM169A,FAM169A,True,True
Fam169b,FAM169B,FAM169B,False,True
Fam171a1,FAM171A1,FAM171A1,True,True
Fam171a2,FAM171A2,FAM171A2,True,True
Fam171b,FAM171B,FAM171B,True,True
Fam172a,FAM172A,FAM172A,True,True
Fam173a,FAM173A,FAM173A,True,False
Fam173b,FAM173B,FAM173B,True,False
Fam174a,FAM174A,FAM174A,True,True
Fam174b,FAM174B,FAM174B,True,True
Fam178b,FAM178B,FAM178B,True,True
Fam180a,FAM180A,FAM180A,False,True
Fam181a,FAM181A,FAM181A,True,True
Fam181b,FAM181B,FAM181B,True,True
Fam184a,FAM184A,FAM184A,True,True
Fam184b,FAM184B,FAM184B,True,True
Fam185a,FAM185A,FAM185A,True,True
Fam186a,FAM186A,FAM186A,False,True
Fam186b,FAM186B,FAM186B,True,True
Fam187b,FAM187B,FAM187B,False,True
Fam189a1,FAM189A1,FAM189A1,True,True
Fam189a2,FAM189A2,FAM189A2,True,True
Fam189b,FAM189B,FAM189B,True,True
Fam192a,FAM192A,FAM192A,True,True
Fam193a,FAM193A,FAM193A,True,True
Fam193b,FAM193B,FAM193B,True,True
Fam196a,FAM196A,FAM196A,True,False
Fam196b,FAM196B,FAM196B,True,False
Fam198a,FAM198A,FAM198A,True,False
Fam198b,FAM198B,FAM198B,True,False
Fam199x,FAM199X,FAM199X,True,True
Fam19a1,FAM19A1,FAM19A1,True,False
Fam19a2,FAM19A2,FAM19A2,True,False
Fam19a3,FAM19A3,FAM19A3,True,False
Fam19a4,FAM19A4,FAM19A4,True,False
Fam19a5,FAM19A5,FAM19A5,True,False
Fam204a,FAM204A,FAM204A,True,True
Fam205c,FAM205C,FAM205C,False,True
Fam206a,FAM206A,FAM206A,True,False
Fam207a,FAM207A,FAM207A,True,True
Fam208a,FAM208A,FAM208A,True,False
Fam208b,FAM208B,FAM208B,True,False
Fam20a,FAM20A,FAM20A,True,True
Fam20b,FAM20B,FAM20B,True,True
Fam20c,FAM20C,FAM20C,True,True
Fam210a,FAM210A,FAM210A,True,True
Fam210b,FAM210B,FAM210B,True,True
Fam212a,FAM212A,FAM212A,True,False
Fam212b,FAM212B,FAM212B,True,False
Fam213a,FAM213A,FAM213A,True,False
Fam213b,FAM213B,FAM213B,True,False
Fam214a,FAM214A,FAM214A,True,True
Fam214b,FAM214B,FAM214B,True,True
Fam216a,FAM216A,FAM216A,True,True
Fam216b,FAM216B,FAM216B,True,True
Fam217a,FAM217A,FAM217A,False,True
Fam217b,FAM217B,FAM217B,True,True
Fam219a,FAM219A,FAM219A,True,True
Fam219b,FAM219B,FAM219B,True,True
Fam220a,FAM220A,FAM220A,True,True
Fam221a,FAM221A,FAM221A,True,True
Fam221b,FAM221B,FAM221B,False,True
Fam222a,FAM222A,FAM222A,True,True
Fam222b,FAM222B,FAM222B,True,True
Fam227a,FAM227A,FAM227A,True,True
Fam227b,FAM227B,FAM227B,True,True
Fam228a,FAM228A,FAM228A,True,True
Fam228b,FAM228B,FAM228B,True,True
Fam229a,FAM229A,FAM229A,True,True
Fam229b,FAM229B,FAM229B,True,True
Fam234a,FAM234A,FAM234A,True,True
Fam234b,FAM234B,FAM234B,True,True
Fam241a,FAM241A,FAM241A,False,True
Fam241b,FAM241B,FAM241B,False,True
Fam25c,FAM25C,FAM25C,False,True
Fam26e,FAM26E,FAM26E,True,False
Fam26f,FAM26F,FAM26F,True,False
Fam32a,FAM32A,FAM32A,True,True
Fam35a,FAM35A,FAM35A,True,False
Fam3a,FAM3A,FAM3A,True,True
Fam3c,FAM3C,FAM3C,True,True
Fam43a,FAM43A,FAM43A,True,True
Fam43b,FAM43B,FAM43B,True,True
Fam45a,FAM45A,FAM45A,True,False
Fam46a,FAM46A,FAM46A,True,False
Fam46b,FAM46B,FAM46B,True,False
Fam46c,FAM46C,FAM46C,True,False
Fam47e,FAM47E,FAM47E,True,True
Fam49a,FAM49A,FAM49A,True,True
Fam49b,FAM49B,FAM49B,True,True
Fam50a,FAM50A,FAM50A,True,True
Fam50b,FAM50B,FAM50B,True,True
Fam53a,FAM53A,FAM53A,True,True
Fam53b,FAM53B,FAM53B,True,True
Fam53c,FAM53C,FAM53C,True,True
Fam57a,FAM57A,FAM57A,True,False
Fam57b,FAM57B,FAM57B,True,False
Fam60a,FAM60A,FAM60A,True,False
Fam69a,FAM69A,FAM69A,True,False
Fam69b,FAM69B,FAM69B,True,False
Fam69c,FAM69C,FAM69C,True,False
Fam71a,FAM71A,FAM71A,False,True
Fam71d,FAM71D,FAM71D,True,True
Fam71e1,FAM71E1,FAM71E1,True,True
Fam71e2,FAM71E2,FAM71E2,False,True
Fam71f2,FAM71F2,FAM71F2,True,True
Fam72a,FAM72A,FAM72A,True,True
Fam76a,FAM76A,FAM76A,True,True
Fam76b,FAM76B,FAM76B,True,True
Fam78a,FAM78A,FAM78A,True,True
Fam78b,FAM78B,FAM78B,True,True
Fam81a,FAM81A,FAM81A,True,True
Fam81b,FAM81B,FAM81B,True,True
Fam83a,FAM83A,FAM83A,False,True
Fam83b,FAM83B,FAM83B,False,True
Fam83d,FAM83D,FAM83D,False,True
Fam83e,FAM83E,FAM83E,False,True
Fam83f,FAM83F,FAM83F,True,True
Fam83g,FAM83G,FAM83G,True,True
Fam83h,FAM83H,FAM83H,True,True
Fam84a,FAM84A,FAM84A,True,False
Fam84b,FAM84B,FAM84B,True,False
Fam89a,FAM89A,FAM89A,True,True
Fam89b,FAM89B,FAM89B,True,True
Fam8a1,FAM8A1,FAM8A1,True,True
Fam91a1,FAM91A1,FAM91A1,True,True
Fam92a,FAM92A,FAM92A,False,True
Fam92b,FAM92B,FAM92B,True,True
Fam96a,FAM96A,FAM96A,True,False
Fam96b,FAM96B,FAM96B,True,False
Fam98a,FAM98A,FAM98A,True,True
Fam98b,FAM98B,FAM98B,True,True
Fam98c,FAM98C,FAM98C,True,True
Fan1,FAN1,FAN1,True,True
Fanca,FANCA,FANCA,True,True
Fancb,FANCB,FANCB,True,True
Fancc,FANCC,FANCC,True,True
Fancd2,FANCD2,FANCD2,True,True
Fancd2os,FANCD2OS,FANCD2OS,False,True
Fance,FANCE,FANCE,True,True
Fancf,FANCF,FANCF,True,True
Fancg,FANCG,FANCG,True,True
Fanci,FANCI,FANCI,True,True
Fancl,FANCL,FANCL,True,True
Fancm,FANCM,FANCM,True,True
Fank1,FANK1,FANK1,True,True
Fap,FAP,FAP,True,True
Far1,FAR1,FAR1,True,True
Far2,FAR2,FAR2,True,True
Farp1,FARP1,FARP1,True,True
Farp2,FARP2,FARP2,True,True
Fars2,FARS2,FARS2,True,True
Farsa,FARSA,FARSA,True,True
Farsb,FARSB,FARSB,True,True
Fas,FAS,FAS,True,True
Fasn,FASN,FASN,True,True
Fastk,FASTK,FASTK,True,True
Fastkd1,FASTKD1,FASTKD1,True,True
Fastkd2,FASTKD2,FASTKD2,True,True
Fastkd3,FASTKD3,FASTKD3,True,True
Fastkd5,FASTKD5,FASTKD5,True,True
Fat1,FAT1,FAT1,True,True
Fat3,FAT3,FAT3,True,True
Fat4,FAT4,FAT4,True,True
Fau,FAU,FAU,True,True
Faxc,FAXC,FAXC,True,True
Fbf1,FBF1,FBF1,True,True
Fbh1,FBH1,FBH1,False,True
Fbl,FBL,FBL,True,True
Fblim1,FBLIM1,FBLIM1,True,True
Fbll1,FBLL1,FBLL1,True,True
Fbln1,FBLN1,FBLN1,True,True
Fbln2,FBLN2,FBLN2,True,True
Fbln5,FBLN5,FBLN5,True,True
Fbln7,FBLN7,FBLN7,True,True
Fbn1,FBN1,FBN1,True,True
Fbn2,FBN2,FBN2,True,True
Fbp1,FBP1,FBP1,True,True
Fbrs,FBRS,FBRS,True,True
Fbrsl1,FBRSL1,FBRSL1,True,True
Fbxl12,FBXL12,FBXL12,True,True
Fbxl13,FBXL13,FBXL13,True,True
Fbxl14,FBXL14,FBXL14,True,True
Fbxl15,FBXL15,FBXL15,True,True
Fbxl16,FBXL16,FBXL16,True,True
Fbxl17,FBXL17,FBXL17,True,True
Fbxl18,FBXL18,FBXL18,True,True
Fbxl19,FBXL19,FBXL19,True,True
Fbxl2,FBXL2,FBXL2,True,True
Fbxl20,FBXL20,FBXL20,True,True
Fbxl21,FBXL21,FBXL21,True,False
Fbxl22,FBXL22,FBXL22,True,True
Fbxl3,FBXL3,FBXL3,True,True
Fbxl4,FBXL4,FBXL4,True,True
Fbxl5,FBXL5,FBXL5,True,True
Fbxl6,FBXL6,FBXL6,True,True
Fbxl7,FBXL7,FBXL7,True,True
Fbxl8,FBXL8,FBXL8,True,True
Fbxo10,FBXO10,FBXO10,True,True
Fbxo11,FBXO11,FBXO11,True,True
Fbxo15,FBXO15,FBXO15,True,True
Fbxo16,FBXO16,FBXO16,True,True
Fbxo17,FBXO17,FBXO17,True,True
Fbxo18,FBXO18,FBXO18,True,False
Fbxo2,FBXO2,FBXO2,True,True
Fbxo21,FBXO21,FBXO21,True,True
Fbxo22,FBXO22,FBXO22,True,True
Fbxo24,FBXO24,FBXO24,True,True
Fbxo25,FBXO25,FBXO25,True,True
Fbxo27,FBXO27,FBXO27,True,True
Fbxo28,FBXO28,FBXO28,True,True
Fbxo3,FBXO3,FBXO3,True,True
Fbxo30,FBXO30,FBXO30,True,True
Fbxo31,FBXO31,FBXO31,True,True
Fbxo32,FBXO32,FBXO32,True,True
Fbxo33,FBXO33,FBXO33,True,True
Fbxo34,FBXO34,FBXO34,True,True
Fbxo36,FBXO36,FBXO36,True,True
Fbxo38,FBXO38,FBXO38,True,True
Fbxo4,FBXO4,FBXO4,True,True
Fbxo41,FBXO41,FBXO41,True,True
Fbxo42,FBXO42,FBXO42,True,True
Fbxo43,FBXO43,FBXO43,False,True
Fbxo44,FBXO44,FBXO44,True,True
Fbxo45,FBXO45,FBXO45,True,True
Fbxo46,FBXO46,FBXO46,True,True
Fbxo47,FBXO47,FBXO47,False,True
Fbxo48,FBXO48,FBXO48,True,True
Fbxo5,FBXO5,FBXO5,True,True
Fbxo6,FBXO6,FBXO6,True,True
Fbxo7,FBXO7,FBXO7,True,True
Fbxo8,FBXO8,FBXO8,True,True
Fbxo9,FBXO9,FBXO9,True,True
Fbxw10,FBXW10,FBXW10,True,True
Fbxw11,FBXW11,FBXW11,True,True
Fbxw2,FBXW2,FBXW2,True,True
Fbxw4,FBXW4,FBXW4,True,True
Fbxw5,FBXW5,FBXW5,True,True
Fbxw7,FBXW7,FBXW7,True,True
Fbxw8,FBXW8,FBXW8,True,True
Fbxw9,FBXW9,FBXW9,True,True
Fcer1g,FCER1G,FCER1G,True,True
Fcf1,FCF1,FCF1,True,True
Fcgr2b,FCGR2B,FCGR2B,True,True
Fcgrt,FCGRT,FCGRT,True,True
Fcho1,FCHO1,FCHO1,True,True
Fcho2,FCHO2,FCHO2,True,True
Fchsd1,FCHSD1,FCHSD1,True,True
Fchsd2,FCHSD2,FCHSD2,True,True
Fcrl1,FCRL1,FCRL1,False,True
Fcrl5,FCRL5,FCRL5,False,True
Fcrla,FCRLA,FCRLA,False,True
Fcsk,FCSK,FCSK,False,True
Fdft1,FDFT1,FDFT1,True,True
Fdps,FDPS,FDPS,True,True
Fdx1,FDX1,FDX1,True,True
Fdx2,FDX2,FDX2,False,True
Fdxacb1,FDXACB1,FDXACB1,True,True
Fdxr,FDXR,FDXR,True,True
Fech,FECH,FECH,True,True
Fem1a,FEM1A,FEM1A,True,True
Fem1b,FEM1B,FEM1B,True,True
Fem1c,FEM1C,FEM1C,True,True
Fen1,FEN1,FEN1,True,True
Fendrr,FENDRR,FENDRR,True,True
Fer,FER,FER,True,True
Fer1l5,FER1L5,FER1L5,True,True
Fer1l6,FER1L6,FER1L6,False,True
Fermt2,FERMT2,FERMT2,True,True
Fermt3,FERMT3,FERMT3,True,True
Fes,FES,FES,True,True
Fez1,FEZ1,FEZ1,True,True
Fez2,FEZ2,FEZ2,True,True
Fgd1,FGD1,FGD1,True,True
Fgd2,FGD2,FGD2,True,True
Fgd3,FGD3,FGD3,True,True
Fgd4,FGD4,FGD4,True,True
Fgd5,FGD5,FGD5,True,True
Fgd6,FGD6,FGD6,True,True
Fgf1,FGF1,FGF1,True,True
Fgf10,FGF10,FGF10,True,True
Fgf11,FGF11,FGF11,True,True
Fgf12,FGF12,FGF12,True,True
Fgf13,FGF13,FGF13,True,True
Fgf14,FGF14,FGF14,True,True
Fgf17,FGF17,FGF17,True,True
Fgf18,FGF18,FGF18,True,True
Fgf2,FGF2,FGF2,True,True
Fgf20,FGF20,FGF20,True,True
Fgf22,FGF22,FGF22,True,True
Fgf7,FGF7,FGF7,True,True
Fgf9,FGF9,FGF9,True,True
Fgfbp3,FGFBP3,FGFBP3,True,True
Fgfr1,FGFR1,FGFR1,True,True
Fgfr1op,FGFR1OP,FGFR1OP,True,True
Fgfr1op2,FGFR1OP2,FGFR1OP2,True,True
Fgfr2,FGFR2,FGFR2,True,True
Fgfr3,FGFR3,FGFR3,True,True
Fgfr4,FGFR4,FGFR4,True,True
Fgfrl1,FGFRL1,FGFRL1,True,True
Fggy,FGGY,FGGY,True,True
Fgl1,FGL1,FGL1,True,True
Fgl2,FGL2,FGL2,True,True
Fgr,FGR,FGR,True,True
Fhad1,FHAD1,FHAD1,True,True
Fhdc1,FHDC1,FHDC1,True,True
Fhit,FHIT,FHIT,True,True
Fhl1,FHL1,FHL1,True,True
Fhl2,FHL2,FHL2,True,True
Fhl3,FHL3,FHL3,True,True
Fhl5,FHL5,FHL5,True,True
Fhod1,FHOD1,FHOD1,True,True
Fhod3,FHOD3,FHOD3,True,True
Fibcd1,FIBCD1,FIBCD1,True,True
Fibin,FIBIN,FIBIN,True,True
Fibp,FIBP,FIBP,True,True
Ficd,FICD,FICD,True,True
Fig4,FIG4,FIG4,True,True
Fign,FIGN,FIGN,True,True
Fignl1,FIGNL1,FIGNL1,True,True
Fignl2,FIGNL2,FIGNL2,False,True
Filip1,FILIP1,FILIP1,True,True
Filip1l,FILIP1L,FILIP1L,True,True
Fip1l1,FIP1L1,FIP1L1,True,True
Firre,FIRRE,FIRRE,True,True
Fis1,FIS1,FIS1,True,True
Fitm1,FITM1,FITM1,False,True
Fitm2,FITM2,FITM2,True,True
Fiz1,FIZ1,FIZ1,True,True
Fjx1,FJX1,FJX1,True,True
Fkbp10,FKBP10,FKBP10,True,True
Fkbp11,FKBP11,FKBP11,True,True
Fkbp14,FKBP14,FKBP14,True,True
Fkbp15,FKBP15,FKBP15,True,True
Fkbp1a,FKBP1A,FKBP1A,True,True
Fkbp1b,FKBP1B,FKBP1B,True,True
Fkbp2,FKBP2,FKBP2,True,True
Fkbp3,FKBP3,FKBP3,True,True
Fkbp4,FKBP4,FKBP4,True,True
Fkbp5,FKBP5,FKBP5,True,True
Fkbp6,FKBP6,FKBP6,False,True
Fkbp7,FKBP7,FKBP7,True,True
Fkbp8,FKBP8,FKBP8,True,True
Fkbp9,FKBP9,FKBP9,True,True
Fkbpl,FKBPL,FKBPL,True,True
Fkrp,FKRP,FKRP,True,True
Fktn,FKTN,FKTN,True,True
Flad1,FLAD1,FLAD1,True,True
Flcn,FLCN,FLCN,True,True
Fli1,FLI1,FLI1,True,True
Flii,FLII,FLII,True,True
Flna,FLNA,FLNA,True,True
Flnb,FLNB,FLNB,True,True
Flnc,FLNC,FLNC,True,True
Flot1,FLOT1,FLOT1,True,True
Flot2,FLOT2,FLOT2,True,True
Flrt1,FLRT1,FLRT1,True,True
Flrt2,FLRT2,FLRT2,True,True
Flrt3,FLRT3,FLRT3,True,True
Flt1,FLT1,FLT1,True,True
Flt3,FLT3,FLT3,True,True
Flt4,FLT4,FLT4,True,True
Flvcr1,FLVCR1,FLVCR1,True,True
Flvcr2,FLVCR2,FLVCR2,True,True
Flywch1,FLYWCH1,FLYWCH1,True,True
Flywch2,FLYWCH2,FLYWCH2,True,True
Fmc1,FMC1,FMC1,False,True
Fmn1,FMN1,FMN1,True,True
Fmn2,FMN2,FMN2,True,True
Fmnl1,FMNL1,FMNL1,True,True
Fmnl2,FMNL2,FMNL2,True,True
Fmnl3,FMNL3,FMNL3,True,True
Fmo1,FMO1,FMO1,False,True
Fmo2,FMO2,FMO2,True,True
Fmo4,FMO4,FMO4,True,True
Fmo5,FMO5,FMO5,True,True
Fmod,FMOD,FMOD,True,True
Fmr1,FMR1,FMR1,True,True
Fmr1nb,FMR1NB,FMR1NB,False,True
Fn1,FN1,FN1,True,True
Fn3k,FN3K,FN3K,True,True
Fn3krp,FN3KRP,FN3KRP,True,True
Fnbp1,FNBP1,FNBP1,True,True
Fnbp1l,FNBP1L,FNBP1L,True,True
Fnbp4,FNBP4,FNBP4,True,True
Fndc1,FNDC1,FNDC1,True,True
Fndc10,FNDC10,FNDC10,True,True
Fndc11,FNDC11,FNDC11,False,True
Fndc3a,FNDC3A,FNDC3A,True,True
Fndc3b,FNDC3B,FNDC3B,True,True
Fndc4,FNDC4,FNDC4,True,True
Fndc5,FNDC5,FNDC5,True,True
Fndc7,FNDC7,FNDC7,True,True
Fndc8,FNDC8,FNDC8,False,True
Fndc9,FNDC9,FNDC9,True,True
Fnip1,FNIP1,FNIP1,True,True
Fnip2,FNIP2,FNIP2,True,True
Fnta,FNTA,FNTA,True,True
Fntb,FNTB,FNTB,True,True
Focad,FOCAD,FOCAD,True,True
Folh1,FOLH1,FOLH1,True,True
Folr1,FOLR1,FOLR1,True,True
Folr2,FOLR2,FOLR2,True,True
Fopnl,FOPNL,FOPNL,True,True
Fos,FOS,FOS,True,True
Fosb,FOSB,FOSB,True,True
Fosl1,FOSL1,FOSL1,True,True
Fosl2,FOSL2,FOSL2,True,True
Foxa1,FOXA1,FOXA1,True,True
Foxb1,FOXB1,FOXB1,True,True
Foxc1,FOXC1,FOXC1,True,True
Foxc2,FOXC2,FOXC2,True,True
Foxd1,FOXD1,FOXD1,True,True
Foxf1,FOXF1,FOXF1,True,True
Foxf2,FOXF2,FOXF2,True,True
Foxg1,FOXG1,FOXG1,True,True
Foxj1,FOXJ1,FOXJ1,True,True
Foxj2,FOXJ2,FOXJ2,True,True
Foxj3,FOXJ3,FOXJ3,True,True
Foxk1,FOXK1,FOXK1,True,True
Foxk2,FOXK2,FOXK2,True,True
Foxl2,FOXL2,FOXL2,False,True
Foxm1,FOXM1,FOXM1,True,True
Foxn2,FOXN2,FOXN2,True,True
Foxn3,FOXN3,FOXN3,True,True
Foxo1,FOXO1,FOXO1,True,True
Foxo3,FOXO3,FOXO3,True,True
Foxo4,FOXO4,FOXO4,True,True
Foxo6,FOXO6,FOXO6,True,True
Foxp1,FOXP1,FOXP1,True,True
Foxp2,FOXP2,FOXP2,True,True
Foxp3,FOXP3,FOXP3,True,True
Foxp4,FOXP4,FOXP4,True,True
Foxq1,FOXQ1,FOXQ1,True,True
Foxr2,FOXR2,FOXR2,False,True
Foxred1,FOXRED1,FOXRED1,True,True
Foxred2,FOXRED2,FOXRED2,True,True
Foxs1,FOXS1,FOXS1,True,True
Fpgs,FPGS,FPGS,True,True
Fpgt,FPGT,FPGT,True,True
Fpr1,FPR1,FPR1,True,True
Fpr2,FPR2,FPR2,False,True
Fpr3,FPR3,FPR3,True,True
Fra10ac1,FRA10AC1,FRA10AC1,True,True
Fras1,FRAS1,FRAS1,True,True
Frat1,FRAT1,FRAT1,True,True
Frat2,FRAT2,FRAT2,True,True
Frem1,FREM1,FREM1,True,True
Frem2,FREM2,FREM2,True,True
Frem3,FREM3,FREM3,True,True
Frg1,FRG1,FRG1,True,True
Frk,FRK,FRK,True,True
Frmd3,FRMD3,FRMD3,True,True
Frmd4a,FRMD4A,FRMD4A,True,True
Frmd4b,FRMD4B,FRMD4B,True,True
Frmd5,FRMD5,FRMD5,True,True
Frmd6,FRMD6,FRMD6,True,True
Frmd7,FRMD7,FRMD7,False,True
Frmd8,FRMD8,FRMD8,True,True
Frmpd1,FRMPD1,FRMPD1,True,True
Frmpd2,FRMPD2,FRMPD2,True,True
Frmpd3,FRMPD3,FRMPD3,True,True
Frmpd4,FRMPD4,FRMPD4,True,True
Frrs1,FRRS1,FRRS1,True,True
Frrs1l,FRRS1L,FRRS1L,True,True
Frs2,FRS2,FRS2,True,True
Frs3,FRS3,FRS3,True,True
Fry,FRY,FRY,True,True
Fryl,FRYL,FRYL,True,True
Frzb,FRZB,FRZB,True,True
Fsbp,FSBP,FSBP,True,True
Fscn1,FSCN1,FSCN1,True,True
Fscn2,FSCN2,FSCN2,True,True
Fsd1,FSD1,FSD1,True,True
Fsd1l,FSD1L,FSD1L,True,True
Fsd2,FSD2,FSD2,False,True
Fshr,FSHR,FSHR,True,True
Fsip1,FSIP1,FSIP1,True,True
Fstl1,FSTL1,FSTL1,True,True
Fstl3,FSTL3,FSTL3,True,True
Fstl4,FSTL4,FSTL4,True,True
Fstl5,FSTL5,FSTL5,True,True
Fth1,FTH1,FTH1,True,True
Fto,FTO,FTO,True,True
Ftsj1,FTSJ1,FTSJ1,True,True
Ftsj3,FTSJ3,FTSJ3,True,True
Ftx,FTX,FTX,True,True
Fubp1,FUBP1,FUBP1,True,True
Fubp3,FUBP3,FUBP3,True,True
Fuca1,FUCA1,FUCA1,True,True
Fuca2,FUCA2,FUCA2,True,True
Fuk,FUK,FUK,True,False
Fundc1,FUNDC1,FUNDC1,True,True
Fundc2,FUNDC2,FUNDC2,True,True
Fuom,FUOM,FUOM,True,True
Furin,FURIN,FURIN,True,True
Fus,FUS,FUS,True,True
Fut10,FUT10,FUT10,True,True
Fut11,FUT11,FUT11,True,True
Fut2,FUT2,FUT2,False,True
Fut4,FUT4,FUT4,True,True
Fut8,FUT8,FUT8,True,True
Fut9,FUT9,FUT9,True,True
Fuz,FUZ,FUZ,True,True
Fxn,FXN,FXN,True,True
Fxr1,FXR1,FXR1,True,True
Fxr2,FXR2,FXR2,True,True
Fxyd1,FXYD1,FXYD1,True,True
Fxyd2,FXYD2,FXYD2,True,True
Fxyd3,FXYD3,FXYD3,True,True
Fxyd4,FXYD4,FXYD4,True,True
Fxyd5,FXYD5,FXYD5,True,True
Fxyd6,FXYD6,FXYD6,True,True
Fxyd7,FXYD7,FXYD7,True,True
Fyb,FYB,FYB,True,False
Fyb2,FYB2,FYB2,False,True
Fyco1,FYCO1,FYCO1,True,True
Fyn,FYN,FYN,True,True
Fyttd1,FYTTD1,FYTTD1,True,True
Fzd1,FZD1,FZD1,True,True
Fzd10,FZD10,FZD10,True,True
Fzd2,FZD2,FZD2,True,True
Fzd3,FZD3,FZD3,True,True
Fzd4,FZD4,FZD4,True,True
Fzd5,FZD5,FZD5,True,True
Fzd6,FZD6,FZD6,True,True
Fzd7,FZD7,FZD7,True,True
Fzd8,FZD8,FZD8,True,True
Fzd9,FZD9,FZD9,True,True
Fzr1,FZR1,FZR1,True,True
G0s2,G0S2,G0S2,True,True
G2e3,G2E3,G2E3,True,True
G3bp1,G3BP1,G3BP1,True,True
G3bp2,G3BP2,G3BP2,True,True
G6pc3,G6PC3,G6PC3,True,True
Gaa,GAA,GAA,True,True
Gab1,GAB1,GAB1,True,True
Gab2,GAB2,GAB2,True,True
Gab3,GAB3,GAB3,True,True
Gabarap,GABARAP,GABARAP,True,True
Gabarapl1,GABARAPL1,GABARAPL1,True,True
Gabarapl2,GABARAPL2,GABARAPL2,True,True
Gabbr1,GABBR1,GABBR1,True,True
Gabbr2,GABBR2,GABBR2,True,True
Gabpa,GABPA,GABPA,True,True
Gabpb1,GABPB1,GABPB1,True,True
Gabpb2,GABPB2,GABPB2,True,True
Gabra1,GABRA1,GABRA1,True,True
Gabra2,GABRA2,GABRA2,True,True
Gabra3,GABRA3,GABRA3,True,True
Gabra4,GABRA4,GABRA4,True,True
Gabra5,GABRA5,GABRA5,True,True
Gabrb1,GABRB1,GABRB1,True,True
Gabrb2,GABRB2,GABRB2,True,True
Gabrb3,GABRB3,GABRB3,True,True
Gabrd,GABRD,GABRD,True,True
Gabre,GABRE,GABRE,True,True
Gabrg1,GABRG1,GABRG1,True,True
Gabrg2,GABRG2,GABRG2,True,True
Gabrg3,GABRG3,GABRG3,True,True
Gabrq,GABRQ,GABRQ,True,True
Gabrr1,GABRR1,GABRR1,True,True
Gabrr2,GABRR2,GABRR2,True,True
Gabrr3,GABRR3,GABRR3,False,True
Gad1,GAD1,GAD1,True,True
Gad2,GAD2,GAD2,True,True
Gadd45a,GADD45A,GADD45A,True,True
Gadd45b,GADD45B,GADD45B,True,True
Gadd45g,GADD45G,GADD45G,True,True
Gadd45gip1,GADD45GIP1,GADD45GIP1,True,True
Gadl1,GADL1,GADL1,True,True
Gak,GAK,GAK,True,True
Gal,GAL,GAL,True,True
Gal3st1,GAL3ST1,GAL3ST1,True,True
Gal3st3,GAL3ST3,GAL3ST3,True,True
Gal3st4,GAL3ST4,GAL3ST4,True,True
Galc,GALC,GALC,True,True
Gale,GALE,GALE,True,True
Galk1,GALK1,GALK1,True,True
Galk2,GALK2,GALK2,True,True
Galm,GALM,GALM,True,True
Galns,GALNS,GALNS,True,True
Galnt1,GALNT1,GALNT1,True,True
Galnt10,GALNT10,GALNT10,True,True
Galnt11,GALNT11,GALNT11,True,True
Galnt12,GALNT12,GALNT12,True,True
Galnt13,GALNT13,GALNT13,True,True
Galnt14,GALNT14,GALNT14,True,True
Galnt15,GALNT15,GALNT15,True,True
Galnt16,GALNT16,GALNT16,True,True
Galnt17,GALNT17,GALNT17,False,True
Galnt18,GALNT18,GALNT18,True,True
Galnt2,GALNT2,GALNT2,True,True
Galnt3,GALNT3,GALNT3,True,True
Galnt4,GALNT4,GALNT4,True,True
Galnt5,GALNT5,GALNT5,True,True
Galnt6,GALNT6,GALNT6,True,True
Galnt7,GALNT7,GALNT7,True,True
Galnt9,GALNT9,GALNT9,True,True
Galntl6,GALNTL6,GALNTL6,True,True
Galr1,GALR1,GALR1,True,True
Galr2,GALR2,GALR2,False,True
Galt,GALT,GALT,True,True
Gamt,GAMT,GAMT,True,True
Gan,GAN,GAN,True,True
Ganab,GANAB,GANAB,True,True
Ganc,GANC,GANC,True,True
Gap43,GAP43,GAP43,True,True
Gapdh,GAPDH,GAPDH,True,True
Gapdhs,GAPDHS,GAPDHS,False,True
Gapvd1,GAPVD1,GAPVD1,True,True
Gar1,GAR1,GAR1,True,True
Garem1,GAREM1,GAREM1,True,True
Garem2,GAREM2,GAREM2,True,True
Garnl3,GARNL3,GARNL3,True,True
Gars,GARS,GARS,True,True
Gart,GART,GART,True,True
Gas1,GAS1,GAS1,True,True
Gas2,GAS2,GAS2,True,True
Gas2l1,GAS2L1,GAS2L1,True,True
Gas2l2,GAS2L2,GAS2L2,True,True
Gas2l3,GAS2L3,GAS2L3,True,True
Gas5,GAS5,GAS5,True,True
Gas6,GAS6,GAS6,True,True
Gas7,GAS7,GAS7,True,True
Gas8,GAS8,GAS8,True,True
Gask1a,GASK1A,GASK1A,False,True
Gask1b,GASK1B,GASK1B,False,True
Gata2,GATA2,GATA2,True,True
Gata6,GATA6,GATA6,False,True
Gatad1,GATAD1,GATAD1,True,True
Gatad2a,GATAD2A,GATAD2A,True,True
Gatad2b,GATAD2B,GATAD2B,True,True
Gatb,GATB,GATB,True,True
Gatc,GATC,GATC,True,True
Gatd1,GATD1,GATD1,False,True
Gatd3a,GATD3A,GATD3A,False,True
Gatm,GATM,GATM,True,True
Gatsl2,GATSL2,GATSL2,True,False
Gatsl3,GATSL3,GATSL3,True,False
Gba,GBA,GBA,True,True
Gba2,GBA2,GBA2,True,True
Gbe1,GBE1,GBE1,True,True
Gbf1,GBF1,GBF1,True,True
Gbgt1,GBGT1,GBGT1,True,True
Gbp2,GBP2,GBP2,True,True
Gbp3,GBP3,GBP3,True,True
Gbp4,GBP4,GBP4,True,True
Gbp5,GBP5,GBP5,True,True
Gbp6,GBP6,GBP6,False,True
Gbp7,GBP7,GBP7,False,True
Gbx1,GBX1,GBX1,False,True
Gbx2,GBX2,GBX2,True,True
Gca,GCA,GCA,True,True
Gcat,GCAT,GCAT,True,True
Gcc1,GCC1,GCC1,True,True
Gcc2,GCC2,GCC2,True,True
Gcdh,GCDH,GCDH,True,True
Gcfc2,GCFC2,GCFC2,True,True
Gch1,GCH1,GCH1,True,True
Gchfr,GCHFR,GCHFR,True,True
Gck,GCK,GCK,True,True
Gckr,GCKR,GCKR,True,True
Gclc,GCLC,GCLC,True,True
Gclm,GCLM,GCLM,True,True
Gcn1,GCN1,GCN1,True,True
Gcnt1,GCNT1,GCNT1,True,True
Gcnt2,GCNT2,GCNT2,True,True
Gcnt4,GCNT4,GCNT4,True,True
Gcnt7,GCNT7,GCNT7,False,True
Gcom1,GCOM1,GCOM1,False,True
Gcsh,GCSH,GCSH,True,True
Gda,GDA,GDA,True,True
Gdap1,GDAP1,GDAP1,True,True
Gdap1l1,GDAP1L1,GDAP1L1,True,True
Gdap2,GDAP2,GDAP2,True,True
Gde1,GDE1,GDE1,True,True
Gdf10,GDF10,GDF10,True,True
Gdf11,GDF11,GDF11,True,True
Gdf15,GDF15,GDF15,False,True
Gdf5,GDF5,GDF5,False,True
Gdf9,GDF9,GDF9,True,True
Gdi1,GDI1,GDI1,True,True
Gdi2,GDI2,GDI2,True,True
Gdnf,GDNF,GDNF,True,True
Gdpd1,GDPD1,GDPD1,True,True
Gdpd2,GDPD2,GDPD2,True,True
Gdpd3,GDPD3,GDPD3,True,True
Gdpd4,GDPD4,GDPD4,False,True
Gdpd5,GDPD5,GDPD5,True,True
Gdpgp1,GDPGP1,GDPGP1,True,True
Gem,GEM,GEM,True,True
Gemin2,GEMIN2,GEMIN2,True,True
Gemin4,GEMIN4,GEMIN4,True,True
Gemin5,GEMIN5,GEMIN5,True,True
Gemin6,GEMIN6,GEMIN6,True,True
Gemin7,GEMIN7,GEMIN7,True,True
Gemin8,GEMIN8,GEMIN8,True,True
Gen1,GEN1,GEN1,True,True
Get4,GET4,GET4,True,True
Gfap,GFAP,GFAP,True,True
Gfer,GFER,GFER,True,True
Gfm1,GFM1,GFM1,True,True
Gfm2,GFM2,GFM2,True,True
Gfod1,GFOD1,GFOD1,True,True
Gfod2,GFOD2,GFOD2,True,True
Gfpt1,GFPT1,GFPT1,True,True
Gfpt2,GFPT2,GFPT2,True,True
Gfra1,GFRA1,GFRA1,True,True
Gfra2,GFRA2,GFRA2,True,True
Gfra4,GFRA4,GFRA4,False,True
Gfy,GFY,GFY,False,True
Gga1,GGA1,GGA1,True,True
Gga2,GGA2,GGA2,True,True
Gga3,GGA3,GGA3,True,True
Ggact,GGACT,GGACT,True,True
Ggct,GGCT,GGCT,True,True
Ggcx,GGCX,GGCX,True,True
Ggh,GGH,GGH,True,True
Ggn,GGN,GGN,True,True
Ggnbp2,GGNBP2,GGNBP2,True,True
Ggps1,GGPS1,GGPS1,True,True
Ggt1,GGT1,GGT1,True,True
Ggt5,GGT5,GGT5,True,True
Ggt7,GGT7,GGT7,True,True
Ghdc,GHDC,GHDC,True,True
Ghitm,GHITM,GHITM,True,True
Ghr,GHR,GHR,True,True
Ghrh,GHRH,GHRH,False,True
Ghrl,GHRL,GHRL,True,True
Gid4,GID4,GID4,True,True
Gid8,GID8,GID8,True,True
Gigyf1,GIGYF1,GIGYF1,True,True
Gigyf2,GIGYF2,GIGYF2,True,True
Gimap1,GIMAP1,GIMAP1,True,True
Gimap4,GIMAP4,GIMAP4,True,True
Gimap5,GIMAP5,GIMAP5,True,True
Gimap6,GIMAP6,GIMAP6,True,True
Gimap8,GIMAP8,GIMAP8,True,True
Gin1,GIN1,GIN1,True,True
Ginm1,GINM1,GINM1,True,True
Gins1,GINS1,GINS1,True,True
Gins2,GINS2,GINS2,True,True
Gins3,GINS3,GINS3,True,True
Gins4,GINS4,GINS4,True,True
Gipc1,GIPC1,GIPC1,True,True
Gipc2,GIPC2,GIPC2,True,True
Gipc3,GIPC3,GIPC3,True,True
Gipr,GIPR,GIPR,True,True
Git1,GIT1,GIT1,True,True
Git2,GIT2,GIT2,True,True
Gja1,GJA1,GJA1,True,True
Gja4,GJA4,GJA4,True,True
Gja5,GJA5,GJA5,True,True
Gjb1,GJB1,GJB1,True,True
Gjb2,GJB2,GJB2,True,True
Gjb6,GJB6,GJB6,True,True
Gjc1,GJC1,GJC1,True,True
Gjc2,GJC2,GJC2,True,True
Gjc3,GJC3,GJC3,False,True
Gjd2,GJD2,GJD2,True,True
Gk,GK,GK,True,True
Gk5,GK5,GK5,True,True
Gkap1,GKAP1,GKAP1,True,True
Gla,GLA,GLA,True,True
Glb1,GLB1,GLB1,True,True
Glb1l,GLB1L,GLB1L,True,True
Glb1l2,GLB1L2,GLB1L2,True,True
Glb1l3,GLB1L3,GLB1L3,True,True
Glcci1,GLCCI1,GLCCI1,True,True
Glce,GLCE,GLCE,True,True
Gldc,GLDC,GLDC,True,True
Gldn,GLDN,GLDN,True,True
Gle1,GLE1,GLE1,True,True
Glg1,GLG1,GLG1,True,True
Gli1,GLI1,GLI1,True,True
Gli2,GLI2,GLI2,True,True
Gli3,GLI3,GLI3,True,True
Glipr1,GLIPR1,GLIPR1,True,True
Glipr1l1,GLIPR1L1,GLIPR1L1,False,True
Glipr2,GLIPR2,GLIPR2,True,True
Glis1,GLIS1,GLIS1,True,True
Glis2,GLIS2,GLIS2,True,True
Glis3,GLIS3,GLIS3,True,True
Glmn,GLMN,GLMN,True,True
Glmp,GLMP,GLMP,True,True
Glo1,GLO1,GLO1,True,True
Glod4,GLOD4,GLOD4,True,True
Glod5,GLOD5,GLOD5,False,True
Glp2r,GLP2R,GLP2R,True,True
Glra1,GLRA1,GLRA1,True,True
Glra2,GLRA2,GLRA2,True,True
Glra3,GLRA3,GLRA3,True,True
Glra4,GLRA4,GLRA4,True,True
Glrb,GLRB,GLRB,True,True
Glrx,GLRX,GLRX,True,True
Glrx2,GLRX2,GLRX2,True,True
Glrx3,GLRX3,GLRX3,True,True
Glrx5,GLRX5,GLRX5,True,True
Gls,GLS,GLS,True,True
Gls2,GLS2,GLS2,True,True
Glt1d1,GLT1D1,GLT1D1,True,True
Glt8d1,GLT8D1,GLT8D1,True,True
Glt8d2,GLT8D2,GLT8D2,True,True
Gltp,GLTP,GLTP,True,True
Glud1,GLUD1,GLUD1,True,True
Glul,GLUL,GLUL,True,True
Glyctk,GLYCTK,GLYCTK,True,True
Glyr1,GLYR1,GLYR1,True,True
Gm2a,GM2A,GM2A,True,True
Gmcl1,GMCL1,GMCL1,True,True
Gmds,GMDS,GMDS,True,True
Gmeb1,GMEB1,GMEB1,True,True
Gmeb2,GMEB2,GMEB2,True,True
Gmfb,GMFB,GMFB,True,True
Gmfg,GMFG,GMFG,True,True
Gmip,GMIP,GMIP,True,True
Gmnc,GMNC,GMNC,True,True
Gmnn,GMNN,GMNN,True,True
Gmppa,GMPPA,GMPPA,True,True
Gmppb,GMPPB,GMPPB,True,True
Gmpr,GMPR,GMPR,True,True
Gmpr2,GMPR2,GMPR2,True,True
Gmps,GMPS,GMPS,True,True
Gna11,GNA11,GNA11,True,True
Gna12,GNA12,GNA12,True,True
Gna13,GNA13,GNA13,True,True
Gna14,GNA14,GNA14,True,True
Gna15,GNA15,GNA15,True,True
Gnai1,GNAI1,GNAI1,True,True
Gnai2,GNAI2,GNAI2,True,True
Gnai3,GNAI3,GNAI3,True,True
Gnal,GNAL,GNAL,True,True
Gnao1,GNAO1,GNAO1,True,True
Gnaq,GNAQ,GNAQ,True,True
Gnas,GNAS,GNAS,True,True
Gnat2,GNAT2,GNAT2,False,True
Gnaz,GNAZ,GNAZ,True,True
Gnb1,GNB1,GNB1,True,True
Gnb1l,GNB1L,GNB1L,True,True
Gnb2,GNB2,GNB2,True,True
Gnb3,GNB3,GNB3,True,True
Gnb4,GNB4,GNB4,True,True
Gnb5,GNB5,GNB5,True,True
Gne,GNE,GNE,True,True
Gng10,GNG10,GNG10,True,True
Gng11,GNG11,GNG11,True,True
Gng12,GNG12,GNG12,True,True
Gng13,GNG13,GNG13,True,True
Gng2,GNG2,GNG2,True,True
Gng3,GNG3,GNG3,True,True
Gng4,GNG4,GNG4,True,True
Gng5,GNG5,GNG5,True,True
Gng7,GNG7,GNG7,True,True
Gng8,GNG8,GNG8,True,True
Gngt2,GNGT2,GNGT2,True,True
Gnl1,GNL1,GNL1,True,True
Gnl2,GNL2,GNL2,True,True
Gnl3,GNL3,GNL3,True,True
Gnl3l,GNL3L,GNL3L,True,True
Gnmt,GNMT,GNMT,True,True
Gnpat,GNPAT,GNPAT,True,True
Gnpda1,GNPDA1,GNPDA1,True,True
Gnpda2,GNPDA2,GNPDA2,True,True
Gnpnat1,GNPNAT1,GNPNAT1,True,True
Gnptab,GNPTAB,GNPTAB,True,True
Gnptg,GNPTG,GNPTG,True,True
Gnrh1,GNRH1,GNRH1,True,True
Gns,GNS,GNS,True,True
Golga1,GOLGA1,GOLGA1,True,True
Golga2,GOLGA2,GOLGA2,True,True
Golga3,GOLGA3,GOLGA3,True,True
Golga4,GOLGA4,GOLGA4,True,True
Golga5,GOLGA5,GOLGA5,True,True
Golga7,GOLGA7,GOLGA7,True,True
Golga7b,GOLGA7B,GOLGA7B,True,True
Golgb1,GOLGB1,GOLGB1,True,True
Golim4,GOLIM4,GOLIM4,True,True
Golm1,GOLM1,GOLM1,True,True
Golph3,GOLPH3,GOLPH3,True,True
Golph3l,GOLPH3L,GOLPH3L,True,True
Golt1b,GOLT1B,GOLT1B,True,True
Gon4l,GON4L,GON4L,True,True
Gon7,GON7,GON7,False,True
Gopc,GOPC,GOPC,True,True
Gorab,GORAB,GORAB,True,True
Gorasp1,GORASP1,GORASP1,True,True
Gorasp2,GORASP2,GORASP2,True,True
Gosr1,GOSR1,GOSR1,True,True
Gosr2,GOSR2,GOSR2,True,True
Got1,GOT1,GOT1,True,True
Got1l1,GOT1L1,GOT1L1,False,True
Got2,GOT2,GOT2,True,True
Gp1bb,GP1BB,GP1BB,False,True
Gp5,GP5,GP5,False,True
Gp9,GP9,GP9,False,True
Gpaa1,GPAA1,GPAA1,True,True
Gpalpp1,GPALPP1,GPALPP1,True,True
Gpam,GPAM,GPAM,True,True
Gpank1,GPANK1,GPANK1,True,True
Gpat2,GPAT2,GPAT2,True,True
Gpat3,GPAT3,GPAT3,True,True
Gpat4,GPAT4,GPAT4,True,True
Gpatch1,GPATCH1,GPATCH1,True,True
Gpatch11,GPATCH11,GPATCH11,True,True
Gpatch2,GPATCH2,GPATCH2,True,True
Gpatch2l,GPATCH2L,GPATCH2L,True,True
Gpatch3,GPATCH3,GPATCH3,True,True
Gpatch4,GPATCH4,GPATCH4,True,True
Gpatch8,GPATCH8,GPATCH8,True,True
Gpbp1,GPBP1,GPBP1,True,True
Gpbp1l1,GPBP1L1,GPBP1L1,True,True
Gpc1,GPC1,GPC1,True,True
Gpc2,GPC2,GPC2,True,True
Gpc3,GPC3,GPC3,True,True
Gpc4,GPC4,GPC4,True,True
Gpc5,GPC5,GPC5,True,True
Gpc6,GPC6,GPC6,True,True
Gpcpd1,GPCPD1,GPCPD1,True,True
Gpd1,GPD1,GPD1,True,True
Gpd1l,GPD1L,GPD1L,True,True
Gpd2,GPD2,GPD2,True,True
Gper1,GPER1,GPER1,True,True
Gpha2,GPHA2,GPHA2,False,True
Gphn,GPHN,GPHN,True,True
Gpkow,GPKOW,GPKOW,True,True
Gpld1,GPLD1,GPLD1,True,True
Gpm6a,GPM6A,GPM6A,True,True
Gpm6b,GPM6B,GPM6B,True,True
Gpn1,GPN1,GPN1,True,True
Gpn2,GPN2,GPN2,True,True
Gpn3,GPN3,GPN3,True,True
Gpnmb,GPNMB,GPNMB,True,True
Gpr1,GPR1,GPR1,True,True
Gpr101,GPR101,GPR101,True,True
Gpr107,GPR107,GPR107,True,True
Gpr108,GPR108,GPR108,True,True
Gpr12,GPR12,GPR12,True,True
Gpr132,GPR132,GPR132,True,True
Gpr135,GPR135,GPR135,True,True
Gpr137,GPR137,GPR137,True,True
Gpr137b,GPR137B,GPR137B,True,True
Gpr137c,GPR137C,GPR137C,True,True
Gpr139,GPR139,GPR139,True,True
Gpr141,GPR141,GPR141,True,True
Gpr146,GPR146,GPR146,True,True
Gpr149,GPR149,GPR149,True,True
Gpr150,GPR150,GPR150,False,True
Gpr151,GPR151,GPR151,True,True
Gpr153,GPR153,GPR153,True,True
Gpr155,GPR155,GPR155,True,True
Gpr156,GPR156,GPR156,True,True
Gpr157,GPR157,GPR157,True,True
Gpr158,GPR158,GPR158,True,True
Gpr160,GPR160,GPR160,True,True
Gpr161,GPR161,GPR161,True,True
Gpr162,GPR162,GPR162,True,True
Gpr17,GPR17,GPR17,True,True
Gpr171,GPR171,GPR171,False,True
Gpr173,GPR173,GPR173,True,True
Gpr176,GPR176,GPR176,True,True
Gpr179,GPR179,GPR179,True,True
Gpr18,GPR18,GPR18,False,True
Gpr180,GPR180,GPR180,True,True
Gpr182,GPR182,GPR182,False,True
Gpr183,GPR183,GPR183,True,True
Gpr19,GPR19,GPR19,True,True
Gpr20,GPR20,GPR20,False,True
Gpr21,GPR21,GPR21,False,True
Gpr22,GPR22,GPR22,True,True
Gpr26,GPR26,GPR26,True,True
Gpr27,GPR27,GPR27,True,True
Gpr3,GPR3,GPR3,True,True
Gpr34,GPR34,GPR34,True,True
Gpr35,GPR35,GPR35,True,True
Gpr37,GPR37,GPR37,True,True
Gpr37l1,GPR37L1,GPR37L1,True,True
Gpr4,GPR4,GPR4,True,True
Gpr45,GPR45,GPR45,True,True
Gpr55,GPR55,GPR55,False,True
Gpr6,GPR6,GPR6,False,True
Gpr61,GPR61,GPR61,True,True
Gpr62,GPR62,GPR62,True,True
Gpr63,GPR63,GPR63,True,True
Gpr65,GPR65,GPR65,True,True
Gpr68,GPR68,GPR68,True,True
Gpr75,GPR75,GPR75,True,True
Gpr82,GPR82,GPR82,False,True
Gpr83,GPR83,GPR83,True,True
Gpr84,GPR84,GPR84,True,True
Gpr85,GPR85,GPR85,True,True
Gpr87,GPR87,GPR87,False,True
Gpr88,GPR88,GPR88,True,True
Gprasp1,GPRASP1,GPRASP1,True,True
Gprasp2,GPRASP2,GPRASP2,True,True
Gprc5a,GPRC5A,GPRC5A,True,True
Gprc5b,GPRC5B,GPRC5B,True,True
Gprc5c,GPRC5C,GPRC5C,True,True
Gprin1,GPRIN1,GPRIN1,True,True
Gprin2,GPRIN2,GPRIN2,True,True
Gprin3,GPRIN3,GPRIN3,True,True
Gps1,GPS1,GPS1,True,True
Gps2,GPS2,GPS2,True,True
Gpsm1,GPSM1,GPSM1,True,True
Gpsm2,GPSM2,GPSM2,True,True
Gpsm3,GPSM3,GPSM3,True,True
Gpt,GPT,GPT,True,True
Gpt2,GPT2,GPT2,True,True
Gpx1,GPX1,GPX1,True,False
Gpx2,GPX2,GPX2,False,True
Gpx3,GPX3,GPX3,True,True
Gpx4,GPX4,GPX4,True,True
Gpx7,GPX7,GPX7,True,True
Gpx8,GPX8,GPX8,True,True
Gramd1a,GRAMD1A,GRAMD1A,True,True
Gramd1b,GRAMD1B,GRAMD1B,True,True
Gramd1c,GRAMD1C,GRAMD1C,True,True
Gramd2,GRAMD2,GRAMD2,True,False
Gramd3,GRAMD3,GRAMD3,True,False
Gramd4,GRAMD4,GRAMD4,True,True
Grap,GRAP,GRAP,True,True
Grap2,GRAP2,GRAP2,True,True
Grasp,GRASP,GRASP,True,True
Grb10,GRB10,GRB10,True,True
Grb14,GRB14,GRB14,True,True
Grb2,GRB2,GRB2,True,True
Grb7,GRB7,GRB7,False,True
Greb1,GREB1,GREB1,True,True
Greb1l,GREB1L,GREB1L,True,True
Grem1,GREM1,GREM1,True,True
Grem2,GREM2,GREM2,True,True
Grhl1,GRHL1,GRHL1,True,True
Grhl2,GRHL2,GRHL2,False,True
Grhl3,GRHL3,GRHL3,True,True
Grhpr,GRHPR,GRHPR,True,True
Gria1,GRIA1,GRIA1,True,True
Gria2,GRIA2,GRIA2,True,True
Gria3,GRIA3,GRIA3,True,True
Gria4,GRIA4,GRIA4,True,True
Grid1,GRID1,GRID1,True,True
Grid2,GRID2,GRID2,True,True
Grid2ip,GRID2IP,GRID2IP,True,True
Grifin,GRIFIN,GRIFIN,False,True
Grik1,GRIK1,GRIK1,True,True
Grik2,GRIK2,GRIK2,True,True
Grik3,GRIK3,GRIK3,True,True
Grik4,GRIK4,GRIK4,True,True
Grik5,GRIK5,GRIK5,True,True
Grin1,GRIN1,GRIN1,True,True
Grin2a,GRIN2A,GRIN2A,True,True
Grin2b,GRIN2B,GRIN2B,True,True
Grin2c,GRIN2C,GRIN2C,True,True
Grin2d,GRIN2D,GRIN2D,True,True
Grin3a,GRIN3A,GRIN3A,True,True
Grin3b,GRIN3B,GRIN3B,False,True
Grina,GRINA,GRINA,True,True
Grip1,GRIP1,GRIP1,True,True
Grip2,GRIP2,GRIP2,True,True
Gripap1,GRIPAP1,GRIPAP1,True,True
Grk2,GRK2,GRK2,True,True
Grk3,GRK3,GRK3,True,True
Grk4,GRK4,GRK4,True,True
Grk5,GRK5,GRK5,True,True
Grk6,GRK6,GRK6,True,True
Grm1,GRM1,GRM1,True,True
Grm2,GRM2,GRM2,True,True
Grm3,GRM3,GRM3,True,True
Grm4,GRM4,GRM4,True,True
Grm5,GRM5,GRM5,True,True
Grm7,GRM7,GRM7,True,True
Grm8,GRM8,GRM8,True,True
Grn,GRN,GRN,True,True
Grp,GRP,GRP,True,True
Grpel1,GRPEL1,GRPEL1,True,True
Grpel2,GRPEL2,GRPEL2,True,True
Grsf1,GRSF1,GRSF1,True,True
Grtp1,GRTP1,GRTP1,True,True
Grwd1,GRWD1,GRWD1,True,True
Gsap,GSAP,GSAP,True,True
Gsdmd,GSDMD,GSDMD,True,True
Gsdme,GSDME,GSDME,False,True
Gse1,GSE1,GSE1,True,True
Gsg1,GSG1,GSG1,False,True
Gsg1l,GSG1L,GSG1L,True,True
Gsk3a,GSK3A,GSK3A,True,True
Gsk3b,GSK3B,GSK3B,True,True
Gskip,GSKIP,GSKIP,True,True
Gsn,GSN,GSN,True,True
Gspt1,GSPT1,GSPT1,True,True
Gspt2,GSPT2,GSPT2,True,True
Gsr,GSR,GSR,True,True
Gss,GSS,GSS,True,True
Gsta3,GSTA3,GSTA3,False,True
Gsta4,GSTA4,GSTA4,True,True
Gstcd,GSTCD,GSTCD,True,True
Gstk1,GSTK1,GSTK1,True,True
Gstm1,GSTM1,GSTM1,True,True
Gstm2,GSTM2,GSTM2,True,True
Gstm4,GSTM4,GSTM4,True,True
Gstm5,GSTM5,GSTM5,True,True
Gsto1,GSTO1,GSTO1,True,True
Gsto2,GSTO2,GSTO2,True,True
Gstp1,GSTP1,GSTP1,True,True
Gstt2,GSTT2,GSTT2,True,False
Gstz1,GSTZ1,GSTZ1,True,True
Gsx1,GSX1,GSX1,False,True
Gtdc1,GTDC1,GTDC1,True,True
Gtf2a1,GTF2A1,GTF2A1,True,True
Gtf2a2,GTF2A2,GTF2A2,True,True
Gtf2b,GTF2B,GTF2B,True,True
Gtf2e1,GTF2E1,GTF2E1,True,True
Gtf2e2,GTF2E2,GTF2E2,True,True
Gtf2f1,GTF2F1,GTF2F1,True,True
Gtf2f2,GTF2F2,GTF2F2,True,True
Gtf2h1,GTF2H1,GTF2H1,True,True
Gtf2h2,GTF2H2,GTF2H2,True,True
Gtf2h3,GTF2H3,GTF2H3,True,True
Gtf2h4,GTF2H4,GTF2H4,True,True
Gtf2h5,GTF2H5,GTF2H5,True,True
Gtf2i,GTF2I,GTF2I,True,True
Gtf2ird1,GTF2IRD1,GTF2IRD1,True,True
Gtf2ird2,GTF2IRD2,GTF2IRD2,True,True
Gtf3a,GTF3A,GTF3A,True,True
Gtf3c1,GTF3C1,GTF3C1,True,True
Gtf3c2,GTF3C2,GTF3C2,True,True
Gtf3c3,GTF3C3,GTF3C3,True,True
Gtf3c4,GTF3C4,GTF3C4,True,True
Gtf3c5,GTF3C5,GTF3C5,True,True
Gtf3c6,GTF3C6,GTF3C6,True,True
Gtpbp1,GTPBP1,GTPBP1,True,True
Gtpbp10,GTPBP10,GTPBP10,True,True
Gtpbp2,GTPBP2,GTPBP2,True,True
Gtpbp3,GTPBP3,GTPBP3,True,True
Gtpbp4,GTPBP4,GTPBP4,True,True
Gtpbp6,GTPBP6,GTPBP6,True,True
Gtpbp8,GTPBP8,GTPBP8,True,True
Gtse1,GTSE1,GTSE1,False,True
Guca1a,GUCA1A,GUCA1A,True,False
Guca1b,GUCA1B,GUCA1B,True,True
Gucd1,GUCD1,GUCD1,True,True
Gucy1a1,GUCY1A1,GUCY1A1,False,True
Gucy1a2,GUCY1A2,GUCY1A2,True,True
Gucy1b1,GUCY1B1,GUCY1B1,False,True
Gucy2c,GUCY2C,GUCY2C,False,True
Gucy2f,GUCY2F,GUCY2F,False,True
Guf1,GUF1,GUF1,True,True
Guk1,GUK1,GUK1,True,True
Gulp1,GULP1,GULP1,True,True
Gusb,GUSB,GUSB,True,True
Gxylt1,GXYLT1,GXYLT1,True,True
Gxylt2,GXYLT2,GXYLT2,True,True
Gypa,GYPA,GYPA,False,True
Gypc,GYPC,GYPC,True,True
Gys1,GYS1,GYS1,True,True
Gys2,GYS2,GYS2,True,True
Gzf1,GZF1,GZF1,True,True
Gzmk,GZMK,GZMK,False,True
Gzmm,GZMM,GZMM,False,True
H1f0,H1F0,H1F0,True,True
H1fx,H1FX,H1FX,True,True
H2afj,H2AFJ,H2AFJ,True,True
H2afv,H2AFV,H2AFV,True,True
H2afx,H2AFX,H2AFX,True,True
H2afy,H2AFY,H2AFY,True,True
H2afy2,H2AFY2,H2AFY2,True,True
H2afz,H2AFZ,H2AFZ,True,True
H3f3a,H3F3A,H3F3A,True,True
H3f3b,H3F3B,H3F3B,True,True
H6pd,H6PD,H6PD,True,True
Haao,HAAO,HAAO,True,True
Habp4,HABP4,HABP4,True,True
Hacd1,HACD1,HACD1,True,True
Hacd2,HACD2,HACD2,True,True
Hacd3,HACD3,HACD3,True,True
Hacd4,HACD4,HACD4,True,True
Hace1,HACE1,HACE1,True,True
Hacl1,HACL1,HACL1,True,True
Hadh,HADH,HADH,True,True
Hadha,HADHA,HADHA,True,True
Hadhb,HADHB,HADHB,True,True
Hagh,HAGH,HAGH,True,True
Haghl,HAGHL,HAGHL,True,True
Haglr,HAGLR,HAGLR,True,True
Hal,HAL,HAL,False,True
Hao2,HAO2,HAO2,False,True
Hap1,HAP1,HAP1,True,True
Hapln1,HAPLN1,HAPLN1,True,True
Hapln2,HAPLN2,HAPLN2,True,True
Hapln3,HAPLN3,HAPLN3,True,True
Hapln4,HAPLN4,HAPLN4,False,True
Harbi1,HARBI1,HARBI1,True,True
Hars,HARS,HARS,True,True
Hars2,HARS2,HARS2,True,True
Has1,HAS1,HAS1,True,True
Has2,HAS2,HAS2,True,True
Has3,HAS3,HAS3,True,True
Haspin,HASPIN,HASPIN,False,True
Hat1,HAT1,HAT1,True,True
Haus1,HAUS1,HAUS1,True,True
Haus2,HAUS2,HAUS2,True,True
Haus3,HAUS3,HAUS3,True,True
Haus4,HAUS4,HAUS4,True,True
Haus5,HAUS5,HAUS5,True,True
Haus6,HAUS6,HAUS6,True,True
Haus7,HAUS7,HAUS7,True,True
Haus8,HAUS8,HAUS8,True,True
Havcr2,HAVCR2,HAVCR2,True,True
Hax1,HAX1,HAX1,True,True
Hbegf,HBEGF,HBEGF,True,True
Hbp1,HBP1,HBP1,True,True
Hbs1l,HBS1L,HBS1L,True,True
Hcar1,HCAR1,HCAR1,True,True
Hcar2,HCAR2,HCAR2,False,True
Hccs,HCCS,HCCS,True,True
Hcfc1,HCFC1,HCFC1,True,True
Hcfc1r1,HCFC1R1,HCFC1R1,True,True
Hcfc2,HCFC2,HCFC2,True,True
Hck,HCK,HCK,True,True
Hcls1,HCLS1,HCLS1,True,True
Hcn1,HCN1,HCN1,True,True
Hcn2,HCN2,HCN2,True,True
Hcn3,HCN3,HCN3,True,True
Hcn4,HCN4,HCN4,True,True
Hcrt,HCRT,HCRT,False,True
Hcrtr1,HCRTR1,HCRTR1,True,True
Hcrtr2,HCRTR2,HCRTR2,True,True
Hcst,HCST,HCST,True,True
Hdac1,HDAC1,HDAC1,True,True
Hdac10,HDAC10,HDAC10,True,True
Hdac11,HDAC11,HDAC11,True,True
Hdac2,HDAC2,HDAC2,True,True
Hdac3,HDAC3,HDAC3,True,True
Hdac4,HDAC4,HDAC4,True,True
Hdac5,HDAC5,HDAC5,True,True
Hdac6,HDAC6,HDAC6,True,True
Hdac7,HDAC7,HDAC7,True,True
Hdac8,HDAC8,HDAC8,True,True
Hdac9,HDAC9,HDAC9,True,True
Hdc,HDC,HDC,True,True
Hddc2,HDDC2,HDDC2,True,True
Hddc3,HDDC3,HDDC3,True,True
Hdgf,HDGF,HDGF,True,True
Hdgfl2,HDGFL2,HDGFL2,False,True
Hdgfl3,HDGFL3,HDGFL3,False,True
Hdhd2,HDHD2,HDHD2,True,True
Hdhd3,HDHD3,HDHD3,True,True
Hdhd5,HDHD5,HDHD5,False,True
Hdlbp,HDLBP,HDLBP,True,True
Hdx,HDX,HDX,True,True
Heatr1,HEATR1,HEATR1,True,True
Heatr3,HEATR3,HEATR3,True,True
Heatr4,HEATR4,HEATR4,True,True
Heatr5a,HEATR5A,HEATR5A,True,True
Heatr5b,HEATR5B,HEATR5B,True,True
Heatr6,HEATR6,HEATR6,True,True
Heatr9,HEATR9,HEATR9,False,True
Hebp1,HEBP1,HEBP1,True,True
Hebp2,HEBP2,HEBP2,True,True
Heca,HECA,HECA,True,True
Hectd1,HECTD1,HECTD1,True,True
Hectd2,HECTD2,HECTD2,True,True
Hectd3,HECTD3,HECTD3,True,True
Hectd4,HECTD4,HECTD4,True,True
Hecw1,HECW1,HECW1,True,True
Hecw2,HECW2,HECW2,True,True
Heg1,HEG1,HEG1,True,True
Helb,HELB,HELB,True,True
Hells,HELLS,HELLS,True,True
Helq,HELQ,HELQ,True,True
Helz,HELZ,HELZ,True,True
Helz2,HELZ2,HELZ2,True,True
Hemk1,HEMK1,HEMK1,True,True
Henmt1,HENMT1,HENMT1,True,True
Hepacam,HEPACAM,HEPACAM,True,True
Hepacam2,HEPACAM2,HEPACAM2,False,True
Heph,HEPH,HEPH,True,True
Herc1,HERC1,HERC1,True,True
Herc2,HERC2,HERC2,True,True
Herc3,HERC3,HERC3,True,True
Herc4,HERC4,HERC4,True,True
Herc6,HERC6,HERC6,True,True
Herpud1,HERPUD1,HERPUD1,True,True
Herpud2,HERPUD2,HERPUD2,True,True
Hes1,HES1,HES1,True,True
Hes3,HES3,HES3,False,True
Hes5,HES5,HES5,True,True
Hes6,HES6,HES6,True,True
Hes7,HES7,HES7,False,True
Hexa,HEXA,HEXA,True,True
Hexb,HEXB,HEXB,True,True
Hexdc,HEXDC,HEXDC,True,False
Hexim1,HEXIM1,HEXIM1,True,True
Hexim2,HEXIM2,HEXIM2,True,True
Hey1,HEY1,HEY1,True,True
Hey2,HEY2,HEY2,True,True
Heyl,HEYL,HEYL,True,True
Hfe,HFE,HFE,True,True
Hfm1,HFM1,HFM1,True,True
Hgd,HGD,HGD,False,True
Hgf,HGF,HGF,True,True
Hgh1,HGH1,HGH1,True,True
Hgs,HGS,HGS,True,True
Hgsnat,HGSNAT,HGSNAT,True,True
Hhat,HHAT,HHAT,True,True
Hhatl,HHATL,HHATL,True,True
Hhex,HHEX,HHEX,True,True
Hhip,HHIP,HHIP,True,True
Hhipl1,HHIPL1,HHIPL1,True,True
Hhipl2,HHIPL2,HHIPL2,False,True
Hhla1,HHLA1,HHLA1,True,True
Hibadh,HIBADH,HIBADH,True,True
Hibch,HIBCH,HIBCH,True,True
Hic1,HIC1,HIC1,True,True
Hic2,HIC2,HIC2,True,True
Hid1,HID1,HID1,True,True
Hif1a,HIF1A,HIF1A,True,True
Hif1an,HIF1AN,HIF1AN,True,True
Hif3a,HIF3A,HIF3A,True,True
Higd1a,HIGD1A,HIGD1A,True,True
Higd1b,HIGD1B,HIGD1B,True,True
Higd2a,HIGD2A,HIGD2A,True,True
Hikeshi,HIKESHI,HIKESHI,True,True
Hilpda,HILPDA,HILPDA,True,True
Hinfp,HINFP,HINFP,True,True
Hint1,HINT1,HINT1,True,True
Hint2,HINT2,HINT2,True,True
Hint3,HINT3,HINT3,True,True
Hip1,HIP1,HIP1,True,True
Hip1r,HIP1R,HIP1R,True,True
Hipk1,HIPK1,HIPK1,True,True
Hipk2,HIPK2,HIPK2,True,True
Hipk3,HIPK3,HIPK3,True,True
Hipk4,HIPK4,HIPK4,False,True
Hira,HIRA,HIRA,True,True
Hirip3,HIRIP3,HIRIP3,True,True
Hist1h1a,HIST1H1A,HIST1H1A,True,True
Hist1h1b,HIST1H1B,HIST1H1B,True,True
Hist1h1c,HIST1H1C,HIST1H1C,True,True
Hist1h1d,HIST1H1D,HIST1H1D,True,True
Hist1h1e,HIST1H1E,HIST1H1E,True,True
Hist1h2ab,HIST1H2AB,HIST1H2AB,True,True
Hist1h2ac,HIST1H2AC,HIST1H2AC,True,True
Hist1h2ad,HIST1H2AD,HIST1H2AD,False,True
Hist1h2ae,HIST1H2AE,HIST1H2AE,True,True
Hist1h2ai,HIST1H2AI,HIST1H2AI,True,True
Hist1h2ak,HIST1H2AK,HIST1H2AK,True,True
Hist1h2bb,HIST1H2BB,HIST1H2BB,True,True
Hist1h2bc,HIST1H2BC,HIST1H2BC,True,True
Hist1h2be,HIST1H2BE,HIST1H2BE,True,True
Hist1h2bf,HIST1H2BF,HIST1H2BF,True,True
Hist1h2bg,HIST1H2BG,HIST1H2BG,True,True
Hist1h2bh,HIST1H2BH,HIST1H2BH,True,True
Hist1h2bj,HIST1H2BJ,HIST1H2BJ,True,True
Hist1h2bm,HIST1H2BM,HIST1H2BM,True,True
Hist1h2bn,HIST1H2BN,HIST1H2BN,True,True
Hist1h3a,HIST1H3A,HIST1H3A,True,True
Hist1h3d,HIST1H3D,HIST1H3D,False,True
Hist1h3e,HIST1H3E,HIST1H3E,True,True
Hist1h4a,HIST1H4A,HIST1H4A,True,True
Hist1h4c,HIST1H4C,HIST1H4C,True,True
Hist1h4d,HIST1H4D,HIST1H4D,True,True
Hist1h4f,HIST1H4F,HIST1H4F,True,True
Hist1h4h,HIST1H4H,HIST1H4H,True,True
Hist1h4i,HIST1H4I,HIST1H4I,True,True
Hist1h4j,HIST1H4J,HIST1H4J,True,True
Hist1h4k,HIST1H4K,HIST1H4K,True,True
Hist2h2ab,HIST2H2AB,HIST2H2AB,True,True
Hist2h2ac,HIST2H2AC,HIST2H2AC,True,True
Hist2h2bb,HIST2H2BB,HIST2H2BB,True,False
Hist2h2be,HIST2H2BE,HIST2H2BE,True,True
Hist3h2a,HIST3H2A,HIST3H2A,True,True
Hist4h4,HIST4H4,HIST4H4,True,True
Hivep1,HIVEP1,HIVEP1,True,True
Hivep2,HIVEP2,HIVEP2,True,True
Hivep3,HIVEP3,HIVEP3,True,True
Hjurp,HJURP,HJURP,False,True
Hk1,HK1,HK1,True,True
Hk2,HK2,HK2,True,True
Hk3,HK3,HK3,True,True
Hkdc1,HKDC1,HKDC1,True,True
Hlcs,HLCS,HLCS,True,True
Hlf,HLF,HLF,True,True
Hltf,HLTF,HLTF,True,True
Hlx,HLX,HLX,True,True
Hmbox1,HMBOX1,HMBOX1,True,True
Hmbs,HMBS,HMBS,True,True
Hmces,HMCES,HMCES,True,True
Hmcn1,HMCN1,HMCN1,True,True
Hmcn2,HMCN2,HMCN2,True,True
Hmg20a,HMG20A,HMG20A,True,True
Hmg20b,HMG20B,HMG20B,True,True
Hmga1,HMGA1,HMGA1,True,True
Hmga2,HMGA2,HMGA2,False,True
Hmgb1,HMGB1,HMGB1,True,True
Hmgb2,HMGB2,HMGB2,True,True
Hmgb3,HMGB3,HMGB3,True,True
Hmgb4,HMGB4,HMGB4,False,True
Hmgcl,HMGCL,HMGCL,True,True
Hmgcll1,HMGCLL1,HMGCLL1,True,True
Hmgcr,HMGCR,HMGCR,True,True
Hmgcs1,HMGCS1,HMGCS1,True,True
Hmgcs2,HMGCS2,HMGCS2,False,True
Hmgn1,HMGN1,HMGN1,True,True
Hmgn2,HMGN2,HMGN2,True,True
Hmgn3,HMGN3,HMGN3,True,True
Hmgn5,HMGN5,HMGN5,True,True
Hmgxb3,HMGXB3,HMGXB3,True,True
Hmgxb4,HMGXB4,HMGXB4,True,True
Hmmr,HMMR,HMMR,True,True
Hmox1,HMOX1,HMOX1,True,True
Hmox2,HMOX2,HMOX2,True,True
Hnmt,HNMT,HNMT,True,True
Hnrnpa0,HNRNPA0,HNRNPA0,True,True
Hnrnpa1,HNRNPA1,HNRNPA1,True,True
Hnrnpa2b1,HNRNPA2B1,HNRNPA2B1,True,True
Hnrnpa3,HNRNPA3,HNRNPA3,True,True
Hnrnpab,HNRNPAB,HNRNPAB,True,True
Hnrnpc,HNRNPC,HNRNPC,True,True
Hnrnpd,HNRNPD,HNRNPD,True,True
Hnrnpdl,HNRNPDL,HNRNPDL,True,True
Hnrnpf,HNRNPF,HNRNPF,True,True
Hnrnph1,HNRNPH1,HNRNPH1,True,True
Hnrnph2,HNRNPH2,HNRNPH2,True,True
Hnrnph3,HNRNPH3,HNRNPH3,True,True
Hnrnpk,HNRNPK,HNRNPK,True,True
Hnrnpl,HNRNPL,HNRNPL,True,True
Hnrnpll,HNRNPLL,HNRNPLL,True,True
Hnrnpm,HNRNPM,HNRNPM,True,True
Hnrnpr,HNRNPR,HNRNPR,True,True
Hnrnpu,HNRNPU,HNRNPU,True,True
Hnrnpul1,HNRNPUL1,HNRNPUL1,True,True
Hnrnpul2,HNRNPUL2,HNRNPUL2,True,True
Hoga1,HOGA1,HOGA1,True,True
Homer1,HOMER1,HOMER1,True,True
Homer2,HOMER2,HOMER2,True,True
Homer3,HOMER3,HOMER3,True,True
Homez,HOMEZ,HOMEZ,True,True
Hook1,HOOK1,HOOK1,True,True
Hook2,HOOK2,HOOK2,True,True
Hook3,HOOK3,HOOK3,True,True
Hopx,HOPX,HOPX,True,True
Hormad1,HORMAD1,HORMAD1,True,True
Hormad2,HORMAD2,HORMAD2,True,True
Hotairm1,HOTAIRM1,HOTAIRM1,False,True
Hoxd1,HOXD1,HOXD1,True,True
Hp,HP,HP,False,True
Hp1bp3,HP1BP3,HP1BP3,True,True
Hpca,HPCA,HPCA,True,True
Hpcal1,HPCAL1,HPCAL1,True,True
Hpcal4,HPCAL4,HPCAL4,True,True
Hpdl,HPDL,HPDL,True,True
Hpf1,HPF1,HPF1,True,True
Hpgd,HPGD,HPGD,True,True
Hpgds,HPGDS,HPGDS,True,True
Hpn,HPN,HPN,True,True
Hps1,HPS1,HPS1,True,True
Hps3,HPS3,HPS3,True,True
Hps4,HPS4,HPS4,True,True
Hps5,HPS5,HPS5,True,True
Hps6,HPS6,HPS6,True,True
Hpse,HPSE,HPSE,True,True
Hpse2,HPSE2,HPSE2,True,True
Hpx,HPX,HPX,True,True
Hr,HR,HR,True,True
Hras,HRAS,HRAS,True,True
Hrasls,HRASLS,HRASLS,True,False
Hrasls5,HRASLS5,HRASLS5,True,False
Hrc,HRC,HRC,True,True
Hrct1,HRCT1,HRCT1,True,True
Hrh1,HRH1,HRH1,True,True
Hrh2,HRH2,HRH2,True,True
Hrh3,HRH3,HRH3,True,True
Hrk,HRK,HRK,True,True
Hs1bp3,HS1BP3,HS1BP3,True,True
Hs2st1,HS2ST1,HS2ST1,True,True
Hs3st1,HS3ST1,HS3ST1,True,True
Hs3st2,HS3ST2,HS3ST2,True,True
Hs3st3a1,HS3ST3A1,HS3ST3A1,False,True
Hs3st3b1,HS3ST3B1,HS3ST3B1,True,True
Hs3st4,HS3ST4,HS3ST4,True,True
Hs3st5,HS3ST5,HS3ST5,True,True
Hs3st6,HS3ST6,HS3ST6,False,True
Hs6st1,HS6ST1,HS6ST1,True,True
Hs6st2,HS6ST2,HS6ST2,True,True
Hs6st3,HS6ST3,HS6ST3,True,True
Hsbp1,HSBP1,HSBP1,True,True
Hsbp1l1,HSBP1L1,HSBP1L1,True,True
Hscb,HSCB,HSCB,True,True
Hsd11b1,HSD11B1,HSD11B1,True,True
Hsd17b1,HSD17B1,HSD17B1,True,True
Hsd17b10,HSD17B10,HSD17B10,True,True
Hsd17b11,HSD17B11,HSD17B11,True,True
Hsd17b12,HSD17B12,HSD17B12,True,True
Hsd17b2,HSD17B2,HSD17B2,False,True
Hsd17b4,HSD17B4,HSD17B4,True,True
Hsd17b7,HSD17B7,HSD17B7,True,True
Hsd3b2,HSD3B2,HSD3B2,False,True
Hsd3b7,HSD3B7,HSD3B7,True,True
Hsdl1,HSDL1,HSDL1,True,True
Hsdl2,HSDL2,HSDL2,True,True
Hsf1,HSF1,HSF1,True,True
Hsf2,HSF2,HSF2,True,True
Hsf2bp,HSF2BP,HSF2BP,True,True
Hsf4,HSF4,HSF4,True,True
Hsf5,HSF5,HSF5,True,True
Hsh2d,HSH2D,HSH2D,False,True
Hsp90aa1,HSP90AA1,HSP90AA1,True,True
Hsp90ab1,HSP90AB1,HSP90AB1,True,True
Hsp90b1,HSP90B1,HSP90B1,True,True
Hspa12a,HSPA12A,HSPA12A,True,True
Hspa12b,HSPA12B,HSPA12B,True,True
Hspa13,HSPA13,HSPA13,True,True
Hspa14,HSPA14,HSPA14,True,True
Hspa1a,HSPA1A,HSPA1A,True,True
Hspa1b,HSPA1B,HSPA1B,True,True
Hspa1l,HSPA1L,HSPA1L,True,True
Hspa2,HSPA2,HSPA2,True,True
Hspa4,HSPA4,HSPA4,True,True
Hspa4l,HSPA4L,HSPA4L,True,True
Hspa5,HSPA5,HSPA5,True,True
Hspa8,HSPA8,HSPA8,True,True
Hspa9,HSPA9,HSPA9,True,True
Hspb1,HSPB1,HSPB1,True,True
Hspb11,HSPB11,HSPB11,True,True
Hspb2,HSPB2,HSPB2,True,True
Hspb3,HSPB3,HSPB3,False,True
Hspb6,HSPB6,HSPB6,True,True
Hspb7,HSPB7,HSPB7,True,True
Hspb8,HSPB8,HSPB8,True,True
Hspbap1,HSPBAP1,HSPBAP1,True,True
Hspbp1,HSPBP1,HSPBP1,True,True
Hspd1,HSPD1,HSPD1,True,True
Hspe1,HSPE1,HSPE1,True,True
Hspg2,HSPG2,HSPG2,True,True
Hsph1,HSPH1,HSPH1,True,True
Htatip2,HTATIP2,HTATIP2,True,True
Htatsf1,HTATSF1,HTATSF1,True,True
Htr1b,HTR1B,HTR1B,True,True
Htr1d,HTR1D,HTR1D,True,True
Htr1f,HTR1F,HTR1F,True,True
Htr2a,HTR2A,HTR2A,True,True
Htr2b,HTR2B,HTR2B,True,True
Htr2c,HTR2C,HTR2C,True,True
Htr3a,HTR3A,HTR3A,False,True
Htr4,HTR4,HTR4,True,True
Htr5a,HTR5A,HTR5A,True,True
Htr7,HTR7,HTR7,True,True
Htra1,HTRA1,HTRA1,True,True
Htra2,HTRA2,HTRA2,True,True
Htra3,HTRA3,HTRA3,True,True
Htra4,HTRA4,HTRA4,False,True
Htt,HTT,HTT,True,True
Hunk,HUNK,HUNK,True,True
Hus1,HUS1,HUS1,True,True
Hus1b,HUS1B,HUS1B,False,True
Huwe1,HUWE1,HUWE1,True,True
Hvcn1,HVCN1,HVCN1,True,True
Hyal1,HYAL1,HYAL1,True,True
Hyal2,HYAL2,HYAL2,True,True
Hyal3,HYAL3,HYAL3,True,True
Hydin,HYDIN,HYDIN,True,True
Hykk,HYKK,HYKK,True,True
Hyls1,HYLS1,HYLS1,True,True
Hyou1,HYOU1,HYOU1,True,True
Hypk,HYPK,HYPK,True,True
Iah1,IAH1,IAH1,True,True
Iars,IARS,IARS,True,True
Iars2,IARS2,IARS2,True,True
Iba57,IBA57,IBA57,True,True
Ibtk,IBTK,IBTK,True,True
Ica1,ICA1,ICA1,True,True
Ica1l,ICA1L,ICA1L,True,True
Icam1,ICAM1,ICAM1,True,True
Icam2,ICAM2,ICAM2,True,True
Icam4,ICAM4,ICAM4,False,True
Icam5,ICAM5,ICAM5,True,True
Ice1,ICE1,ICE1,True,True
Ice2,ICE2,ICE2,True,True
Ick,ICK,ICK,True,True
Icmt,ICMT,ICMT,True,True
Id1,ID1,ID1,True,True
Id2,ID2,ID2,True,True
Id3,ID3,ID3,True,True
Id4,ID4,ID4,True,True
Ide,IDE,IDE,True,True
Idh1,IDH1,IDH1,True,True
Idh2,IDH2,IDH2,True,True
Idh3a,IDH3A,IDH3A,True,True
Idh3b,IDH3B,IDH3B,True,True
Idh3g,IDH3G,IDH3G,True,True
Idi1,IDI1,IDI1,True,True
Idi2,IDI2,IDI2,False,True
Idnk,IDNK,IDNK,True,True
Ido1,IDO1,IDO1,False,True
Ido2,IDO2,IDO2,False,True
Ids,IDS,IDS,True,True
Idua,IDUA,IDUA,True,True
Ier2,IER2,IER2,True,True
Ier3,IER3,IER3,True,True
Ier3ip1,IER3IP1,IER3IP1,True,True
Ier5,IER5,IER5,True,True
Ier5l,IER5L,IER5L,True,True
Iffo1,IFFO1,IFFO1,True,True
Iffo2,IFFO2,IFFO2,True,True
Ifi27,IFI27,IFI27,True,True
Ifi30,IFI30,IFI30,False,True
Ifi35,IFI35,IFI35,True,True
Ifi44,IFI44,IFI44,True,True
Ifih1,IFIH1,IFIH1,True,True
Ifit1,IFIT1,IFIT1,True,True
Ifit2,IFIT2,IFIT2,True,True
Ifit3,IFIT3,IFIT3,True,True
Ifitm1,IFITM1,IFITM1,True,True
Ifitm10,IFITM10,IFITM10,True,True
Ifitm2,IFITM2,IFITM2,True,True
Ifitm3,IFITM3,IFITM3,True,True
Ifnar1,IFNAR1,IFNAR1,True,True
Ifnar2,IFNAR2,IFNAR2,True,True
Ifngr1,IFNGR1,IFNGR1,True,True
Ifngr2,IFNGR2,IFNGR2,True,True
Ifnlr1,IFNLR1,IFNLR1,True,True
Ifrd1,IFRD1,IFRD1,True,True
Ifrd2,IFRD2,IFRD2,True,True
Ift122,IFT122,IFT122,True,True
Ift140,IFT140,IFT140,True,True
Ift172,IFT172,IFT172,True,True
Ift20,IFT20,IFT20,True,True
Ift22,IFT22,IFT22,True,True
Ift27,IFT27,IFT27,True,True
Ift43,IFT43,IFT43,True,True
Ift46,IFT46,IFT46,True,True
Ift52,IFT52,IFT52,True,True
Ift57,IFT57,IFT57,True,True
Ift74,IFT74,IFT74,True,True
Ift80,IFT80,IFT80,True,True
Ift81,IFT81,IFT81,True,True
Ift88,IFT88,IFT88,True,True
Igbp1,IGBP1,IGBP1,True,True
Igdcc3,IGDCC3,IGDCC3,True,True
Igdcc4,IGDCC4,IGDCC4,True,True
Igf1,IGF1,IGF1,True,True
Igf1r,IGF1R,IGF1R,True,True
Igf2,IGF2,IGF2,True,True
Igf2bp2,IGF2BP2,IGF2BP2,True,True
Igf2bp3,IGF2BP3,IGF2BP3,True,True
Igf2r,IGF2R,IGF2R,True,True
Igfbp2,IGFBP2,IGFBP2,True,True
Igfbp3,IGFBP3,IGFBP3,True,True
Igfbp4,IGFBP4,IGFBP4,True,True
Igfbp5,IGFBP5,IGFBP5,True,True
Igfbp6,IGFBP6,IGFBP6,True,True
Igfbp7,IGFBP7,IGFBP7,True,True
Igfbpl1,IGFBPL1,IGFBPL1,True,True
Igflr1,IGFLR1,IGFLR1,True,True
Igfn1,IGFN1,IGFN1,True,True
Ighmbp2,IGHMBP2,IGHMBP2,True,True
Igip,IGIP,IGIP,True,True
Igkc,IGKC,IGKC,True,True
Iglon5,IGLON5,IGLON5,True,True
Igsf1,IGSF1,IGSF1,True,True
Igsf10,IGSF10,IGSF10,True,True
Igsf11,IGSF11,IGSF11,True,True
Igsf21,IGSF21,IGSF21,True,True
Igsf3,IGSF3,IGSF3,True,True
Igsf5,IGSF5,IGSF5,True,True
Igsf6,IGSF6,IGSF6,True,True
Igsf8,IGSF8,IGSF8,True,True
Igsf9,IGSF9,IGSF9,True,True
Igsf9b,IGSF9B,IGSF9B,True,True
Ihh,IHH,IHH,False,True
Ik,IK,IK,True,True
Ikbip,IKBIP,IKBIP,True,True
Ikbkap,IKBKAP,IKBKAP,True,False
Ikbkb,IKBKB,IKBKB,True,True
Ikbke,IKBKE,IKBKE,True,True
Ikbkg,IKBKG,IKBKG,True,True
Ikzf1,IKZF1,IKZF1,True,True
Ikzf2,IKZF2,IKZF2,True,True
Ikzf4,IKZF4,IKZF4,True,True
Ikzf5,IKZF5,IKZF5,True,True
Il10,IL10,IL10,False,True
Il10ra,IL10RA,IL10RA,True,True
Il10rb,IL10RB,IL10RB,True,True
Il11,IL11,IL11,True,True
Il12a,IL12A,IL12A,True,True
Il12rb1,IL12RB1,IL12RB1,True,True
Il12rb2,IL12RB2,IL12RB2,True,True
Il13ra1,IL13RA1,IL13RA1,True,True
Il15,IL15,IL15,True,True
Il15ra,IL15RA,IL15RA,True,True
Il16,IL16,IL16,True,True
Il17b,IL17B,IL17B,False,True
Il17d,IL17D,IL17D,True,True
Il17ra,IL17RA,IL17RA,True,True
Il17rb,IL17RB,IL17RB,True,True
Il17rc,IL17RC,IL17RC,True,True
Il17rd,IL17RD,IL17RD,True,True
Il17re,IL17RE,IL17RE,True,True
Il18,IL18,IL18,True,True
Il18bp,IL18BP,IL18BP,True,True
Il1a,IL1A,IL1A,True,True
Il1b,IL1B,IL1B,True,True
Il1r1,IL1R1,IL1R1,True,True
Il1r2,IL1R2,IL1R2,False,True
Il1rap,IL1RAP,IL1RAP,True,True
Il1rapl1,IL1RAPL1,IL1RAPL1,True,True
Il1rapl2,IL1RAPL2,IL1RAPL2,True,True
Il1rl1,IL1RL1,IL1RL1,True,False
Il1rl2,IL1RL2,IL1RL2,True,True
Il1rn,IL1RN,IL1RN,False,True
Il2,IL2,IL2,False,True
Il20rb,IL20RB,IL20RB,True,True
Il21r,IL21R,IL21R,True,True
Il23a,IL23A,IL23A,False,True
Il23r,IL23R,IL23R,False,True
Il27,IL27,IL27,False,True
Il27ra,IL27RA,IL27RA,True,True
Il2ra,IL2RA,IL2RA,False,True
Il2rb,IL2RB,IL2RB,True,True
Il2rg,IL2RG,IL2RG,True,True
Il31ra,IL31RA,IL31RA,True,True
Il33,IL33,IL33,True,True
Il34,IL34,IL34,True,True
Il3ra,IL3RA,IL3RA,False,True
Il4,IL4,IL4,False,True
Il4i1,IL4I1,IL4I1,False,True
Il5ra,IL5RA,IL5RA,True,True
Il6,IL6,IL6,True,True
Il6st,IL6ST,IL6ST,True,True
Il7,IL7,IL7,True,True
Il7r,IL7R,IL7R,True,True
Ildr1,ILDR1,ILDR1,False,True
Ildr2,ILDR2,ILDR2,True,True
Ilf2,ILF2,ILF2,True,True
Ilf3,ILF3,ILF3,True,True
Ilk,ILK,ILK,True,True
Ilkap,ILKAP,ILKAP,True,True
Ilrun,ILRUN,ILRUN,False,True
Ilvbl,ILVBL,ILVBL,True,True
Immp1l,IMMP1L,IMMP1L,True,True
Immp2l,IMMP2L,IMMP2L,True,True
Immt,IMMT,IMMT,True,True
Imp3,IMP3,IMP3,True,True
Imp4,IMP4,IMP4,True,True
Impa1,IMPA1,IMPA1,True,True
Impa2,IMPA2,IMPA2,True,True
Impact,IMPACT,IMPACT,True,True
Impad1,IMPAD1,IMPAD1,True,True
Impdh1,IMPDH1,IMPDH1,True,True
Impdh2,IMPDH2,IMPDH2,True,True
Impg1,IMPG1,IMPG1,True,True
Impg2,IMPG2,IMPG2,True,True
Ina,INA,INA,True,True
Inafm1,INAFM1,INAFM1,True,True
Inafm2,INAFM2,INAFM2,True,True
Inava,INAVA,INAVA,False,True
Inca1,INCA1,INCA1,True,True
Incenp,INCENP,INCENP,True,True
Inf2,INF2,INF2,True,True
Ing1,ING1,ING1,True,True
Ing2,ING2,ING2,True,True
Ing3,ING3,ING3,True,True
Ing4,ING4,ING4,True,True
Ing5,ING5,ING5,True,True
Inha,INHA,INHA,True,True
Inhba,INHBA,INHBA,True,True
Inhbb,INHBB,INHBB,True,True
Inhbc,INHBC,INHBC,False,True
Inip,INIP,INIP,True,True
Inka1,INKA1,INKA1,False,True
Inka2,INKA2,INKA2,False,True
Inmt,INMT,INMT,True,True
Ino80,INO80,INO80,True,True
Ino80b,INO80B,INO80B,True,True
Ino80c,INO80C,INO80C,True,True
Ino80d,INO80D,INO80D,True,True
Ino80e,INO80E,INO80E,True,True
Inpp1,INPP1,INPP1,True,True
Inpp4a,INPP4A,INPP4A,True,True
Inpp4b,INPP4B,INPP4B,True,True
Inpp5a,INPP5A,INPP5A,True,True
Inpp5b,INPP5B,INPP5B,True,True
Inpp5d,INPP5D,INPP5D,True,True
Inpp5e,INPP5E,INPP5E,True,True
Inpp5f,INPP5F,INPP5F,True,True
Inpp5j,INPP5J,INPP5J,True,True
Inpp5k,INPP5K,INPP5K,True,True
Inppl1,INPPL1,INPPL1,True,True
Insc,INSC,INSC,True,True
Insig1,INSIG1,INSIG1,True,True
Insig2,INSIG2,INSIG2,True,True
Insl5,INSL5,INSL5,False,True
Insl6,INSL6,INSL6,False,True
Insm1,INSM1,INSM1,True,True
Insr,INSR,INSR,True,True
Insrr,INSRR,INSRR,True,True
Insyn1,INSYN1,INSYN1,False,True
Insyn2b,INSYN2B,INSYN2B,False,True
Ints1,INTS1,INTS1,True,True
Ints10,INTS10,INTS10,True,True
Ints11,INTS11,INTS11,False,True
Ints12,INTS12,INTS12,True,True
Ints13,INTS13,INTS13,False,True
Ints14,INTS14,INTS14,False,True
Ints2,INTS2,INTS2,True,True
Ints3,INTS3,INTS3,True,True
Ints4,INTS4,INTS4,True,True
Ints5,INTS5,INTS5,True,True
Ints6,INTS6,INTS6,True,True
Ints6l,INTS6L,INTS6L,True,True
Ints7,INTS7,INTS7,True,True
Ints8,INTS8,INTS8,True,True
Ints9,INTS9,INTS9,True,True
Intu,INTU,INTU,True,True
Invs,INVS,INVS,True,True
Ip6k1,IP6K1,IP6K1,True,True
Ip6k2,IP6K2,IP6K2,True,True
Ip6k3,IP6K3,IP6K3,True,True
Ipcef1,IPCEF1,IPCEF1,True,True
Ipmk,IPMK,IPMK,True,True
Ipo11,IPO11,IPO11,True,True
Ipo13,IPO13,IPO13,True,True
Ipo4,IPO4,IPO4,True,True
Ipo5,IPO5,IPO5,True,True
Ipo7,IPO7,IPO7,True,True
Ipo8,IPO8,IPO8,True,True
Ipo9,IPO9,IPO9,True,True
Ipp,IPP,IPP,True,True
Ippk,IPPK,IPPK,True,True
Iqank1,IQANK1,IQANK1,False,True
Iqcb1,IQCB1,IQCB1,True,True
Iqcc,IQCC,IQCC,True,True
Iqcd,IQCD,IQCD,True,True
Iqce,IQCE,IQCE,True,True
Iqcf3,IQCF3,IQCF3,False,True
Iqcf5,IQCF5,IQCF5,False,True
Iqcg,IQCG,IQCG,True,True
Iqch,IQCH,IQCH,True,True
Iqcj,IQCJ,IQCJ,True,True
Iqck,IQCK,IQCK,True,True
Iqcm,IQCM,IQCM,False,True
Iqcn,IQCN,IQCN,False,True
Iqgap1,IQGAP1,IQGAP1,True,True
Iqgap2,IQGAP2,IQGAP2,True,True
Iqgap3,IQGAP3,IQGAP3,False,True
Iqsec1,IQSEC1,IQSEC1,True,True
Iqsec2,IQSEC2,IQSEC2,True,True
Iqsec3,IQSEC3,IQSEC3,True,True
Iqub,IQUB,IQUB,True,True
Irak1,IRAK1,IRAK1,True,True
Irak1bp1,IRAK1BP1,IRAK1BP1,True,True
Irak2,IRAK2,IRAK2,True,True
Irak3,IRAK3,IRAK3,True,True
Irak4,IRAK4,IRAK4,True,True
Ireb2,IREB2,IREB2,True,True
Irf1,IRF1,IRF1,True,True
Irf2,IRF2,IRF2,True,True
Irf2bp1,IRF2BP1,IRF2BP1,True,True
Irf2bp2,IRF2BP2,IRF2BP2,True,True
Irf2bpl,IRF2BPL,IRF2BPL,True,True
Irf3,IRF3,IRF3,True,True
Irf4,IRF4,IRF4,False,True
Irf5,IRF5,IRF5,True,True
Irf6,IRF6,IRF6,True,True
Irf7,IRF7,IRF7,True,True
Irf8,IRF8,IRF8,True,True
Irf9,IRF9,IRF9,True,True
Irgq,IRGQ,IRGQ,True,True
Irs1,IRS1,IRS1,True,True
Irs2,IRS2,IRS2,True,True
Irx1,IRX1,IRX1,True,True
Irx2,IRX2,IRX2,True,True
Irx3,IRX3,IRX3,True,True
Irx4,IRX4,IRX4,False,True
Irx5,IRX5,IRX5,True,True
Irx6,IRX6,IRX6,True,True
Isca1,ISCA1,ISCA1,True,True
Isca2,ISCA2,ISCA2,True,True
Iscu,ISCU,ISCU,True,True
Isg15,ISG15,ISG15,True,True
Isg20,ISG20,ISG20,True,True
Isg20l2,ISG20L2,ISG20L2,True,True
Islr,ISLR,ISLR,True,True
Islr2,ISLR2,ISLR2,True,True
Ism1,ISM1,ISM1,True,True
Ism2,ISM2,ISM2,True,True
Isoc1,ISOC1,ISOC1,True,True
Ispd,ISPD,ISPD,True,False
Ist1,IST1,IST1,True,True
Isx,ISX,ISX,False,True
Isy1,ISY1,ISY1,True,True
Isyna1,ISYNA1,ISYNA1,True,True
Itch,ITCH,ITCH,True,True
Itfg1,ITFG1,ITFG1,True,True
Itfg2,ITFG2,ITFG2,True,True
Itga1,ITGA1,ITGA1,True,True
Itga10,ITGA10,ITGA10,True,True
Itga11,ITGA11,ITGA11,True,True
Itga2,ITGA2,ITGA2,True,True
Itga2b,ITGA2B,ITGA2B,True,True
Itga3,ITGA3,ITGA3,True,True
Itga4,ITGA4,ITGA4,True,True
Itga5,ITGA5,ITGA5,True,True
Itga6,ITGA6,ITGA6,True,True
Itga7,ITGA7,ITGA7,True,True
Itga8,ITGA8,ITGA8,True,True
Itga9,ITGA9,ITGA9,True,True
Itgad,ITGAD,ITGAD,False,True
Itgae,ITGAE,ITGAE,True,True
Itgal,ITGAL,ITGAL,True,True
Itgam,ITGAM,ITGAM,True,True
Itgav,ITGAV,ITGAV,True,True
Itgax,ITGAX,ITGAX,True,True
Itgb1,ITGB1,ITGB1,True,True
Itgb1bp1,ITGB1BP1,ITGB1BP1,True,True
Itgb1bp2,ITGB1BP2,ITGB1BP2,True,True
Itgb2,ITGB2,ITGB2,True,True
Itgb3,ITGB3,ITGB3,True,True
Itgb3bp,ITGB3BP,ITGB3BP,True,True
Itgb4,ITGB4,ITGB4,True,True
Itgb5,ITGB5,ITGB5,True,True
Itgb6,ITGB6,ITGB6,True,True
Itgb7,ITGB7,ITGB7,True,True
Itgb8,ITGB8,ITGB8,True,True
Itgbl1,ITGBL1,ITGBL1,True,True
Itih2,ITIH2,ITIH2,True,True
Itih3,ITIH3,ITIH3,True,True
Itih5,ITIH5,ITIH5,True,True
Itk,ITK,ITK,True,True
Itm2a,ITM2A,ITM2A,True,True
Itm2b,ITM2B,ITM2B,True,True
Itm2c,ITM2C,ITM2C,True,True
Itpa,ITPA,ITPA,True,True
Itpk1,ITPK1,ITPK1,True,True
Itpka,ITPKA,ITPKA,True,True
Itpkb,ITPKB,ITPKB,True,True
Itpkc,ITPKC,ITPKC,True,True
Itpr1,ITPR1,ITPR1,True,True
Itpr2,ITPR2,ITPR2,True,True
Itpr3,ITPR3,ITPR3,True,True
Itprid2,ITPRID2,ITPRID2,False,True
Itprip,ITPRIP,ITPRIP,True,True
Itpripl1,ITPRIPL1,ITPRIPL1,True,True
Itpripl2,ITPRIPL2,ITPRIPL2,True,True
Itsn1,ITSN1,ITSN1,True,True
Itsn2,ITSN2,ITSN2,True,True
Ivd,IVD,IVD,True,True
Ivns1abp,IVNS1ABP,IVNS1ABP,True,True
Iws1,IWS1,IWS1,True,True
Iyd,IYD,IYD,True,True
Izumo4,IZUMO4,IZUMO4,True,True
Jade1,JADE1,JADE1,True,True
Jade2,JADE2,JADE2,True,True
Jade3,JADE3,JADE3,True,True
Jag1,JAG1,JAG1,True,True
Jag2,JAG2,JAG2,True,True
Jagn1,JAGN1,JAGN1,True,True
Jak1,JAK1,JAK1,True,True
Jak2,JAK2,JAK2,True,True
Jak3,JAK3,JAK3,True,True
Jakmip1,JAKMIP1,JAKMIP1,True,True
Jakmip2,JAKMIP2,JAKMIP2,True,True
Jakmip3,JAKMIP3,JAKMIP3,True,True
Jam2,JAM2,JAM2,True,True
Jam3,JAM3,JAM3,True,True
Jaml,JAML,JAML,True,True
Jarid2,JARID2,JARID2,True,True
Jazf1,JAZF1,JAZF1,True,True
Jcad,JCAD,JCAD,False,True
Jchain,JCHAIN,JCHAIN,False,True
Jdp2,JDP2,JDP2,True,True
Jhy,JHY,JHY,False,True
Jkamp,JKAMP,JKAMP,True,True
Jmjd1c,JMJD1C,JMJD1C,True,True
Jmjd4,JMJD4,JMJD4,True,True
Jmjd6,JMJD6,JMJD6,True,True
Jmjd7,JMJD7,JMJD7,True,True
Jmjd8,JMJD8,JMJD8,True,True
Jmy,JMY,JMY,True,True
Josd1,JOSD1,JOSD1,True,True
Josd2,JOSD2,JOSD2,True,True
Jph1,JPH1,JPH1,True,True
Jph2,JPH2,JPH2,True,True
Jph3,JPH3,JPH3,True,True
Jph4,JPH4,JPH4,True,True
Jpt1,JPT1,JPT1,False,True
Jpt2,JPT2,JPT2,False,True
Jpx,JPX,JPX,True,True
Jrk,JRK,JRK,True,True
Jrkl,JRKL,JRKL,True,True
Jsrp1,JSRP1,JSRP1,False,True
Jtb,JTB,JTB,True,True
Jun,JUN,JUN,True,True
Junb,JUNB,JUNB,True,True
Jund,JUND,JUND,True,True
Jup,JUP,JUP,True,True
Kalrn,KALRN,KALRN,True,True
Kank1,KANK1,KANK1,True,True
Kank2,KANK2,KANK2,True,True
Kank3,KANK3,KANK3,True,True
Kank4,KANK4,KANK4,True,True
Kansl1,KANSL1,KANSL1,True,True
Kansl1l,KANSL1L,KANSL1L,True,True
Kansl2,KANSL2,KANSL2,True,True
Kansl3,KANSL3,KANSL3,True,True
Kantr,KANTR,KANTR,True,True
Kars,KARS,KARS,True,True
Kat14,KAT14,KAT14,True,True
Kat2a,KAT2A,KAT2A,True,True
Kat2b,KAT2B,KAT2B,True,True
Kat5,KAT5,KAT5,True,True
Kat6a,KAT6A,KAT6A,True,True
Kat6b,KAT6B,KAT6B,True,True
Kat7,KAT7,KAT7,True,True
Kat8,KAT8,KAT8,True,True
Katna1,KATNA1,KATNA1,True,True
Katnal1,KATNAL1,KATNAL1,True,True
Katnal2,KATNAL2,KATNAL2,True,True
Katnb1,KATNB1,KATNB1,True,True
Katnbl1,KATNBL1,KATNBL1,True,True
Kazald1,KAZALD1,KAZALD1,True,True
Kazn,KAZN,KAZN,True,True
Kbtbd11,KBTBD11,KBTBD11,True,True
Kbtbd12,KBTBD12,KBTBD12,True,True
Kbtbd2,KBTBD2,KBTBD2,True,True
Kbtbd3,KBTBD3,KBTBD3,True,True
Kbtbd4,KBTBD4,KBTBD4,True,True
Kbtbd6,KBTBD6,KBTBD6,True,True
Kbtbd7,KBTBD7,KBTBD7,True,True
Kbtbd8,KBTBD8,KBTBD8,True,True
Kcmf1,KCMF1,KCMF1,True,True
Kcna1,KCNA1,KCNA1,True,True
Kcna2,KCNA2,KCNA2,True,True
Kcna3,KCNA3,KCNA3,True,True
Kcna4,KCNA4,KCNA4,True,True
Kcna5,KCNA5,KCNA5,True,True
Kcnab1,KCNAB1,KCNAB1,True,True
Kcnab2,KCNAB2,KCNAB2,True,True
Kcnab3,KCNAB3,KCNAB3,True,True
Kcnb1,KCNB1,KCNB1,True,True
Kcnb2,KCNB2,KCNB2,True,True
Kcnc1,KCNC1,KCNC1,True,True
Kcnc2,KCNC2,KCNC2,True,True
Kcnc3,KCNC3,KCNC3,True,True
Kcnc4,KCNC4,KCNC4,True,True
Kcnd1,KCND1,KCND1,True,True
Kcnd2,KCND2,KCND2,True,True
Kcnd3,KCND3,KCND3,True,True
Kcne2,KCNE2,KCNE2,False,True
Kcne4,KCNE4,KCNE4,True,True
Kcnf1,KCNF1,KCNF1,True,True
Kcng1,KCNG1,KCNG1,True,True
Kcng2,KCNG2,KCNG2,False,True
Kcng3,KCNG3,KCNG3,True,True
Kcng4,KCNG4,KCNG4,True,True
Kcnh1,KCNH1,KCNH1,True,True
Kcnh2,KCNH2,KCNH2,True,True
Kcnh3,KCNH3,KCNH3,True,True
Kcnh4,KCNH4,KCNH4,True,True
Kcnh5,KCNH5,KCNH5,True,True
Kcnh6,KCNH6,KCNH6,True,True
Kcnh7,KCNH7,KCNH7,True,True
Kcnh8,KCNH8,KCNH8,True,True
Kcnip1,KCNIP1,KCNIP1,True,True
Kcnip2,KCNIP2,KCNIP2,True,True
Kcnip3,KCNIP3,KCNIP3,True,True
Kcnip4,KCNIP4,KCNIP4,True,True
Kcnj10,KCNJ10,KCNJ10,True,True
Kcnj11,KCNJ11,KCNJ11,True,True
Kcnj12,KCNJ12,KCNJ12,True,True
Kcnj13,KCNJ13,KCNJ13,True,True
Kcnj14,KCNJ14,KCNJ14,True,True
Kcnj16,KCNJ16,KCNJ16,True,True
Kcnj2,KCNJ2,KCNJ2,True,True
Kcnj3,KCNJ3,KCNJ3,True,True
Kcnj4,KCNJ4,KCNJ4,True,True
Kcnj5,KCNJ5,KCNJ5,True,True
Kcnj6,KCNJ6,KCNJ6,True,True
Kcnj8,KCNJ8,KCNJ8,True,True
Kcnj9,KCNJ9,KCNJ9,True,True
Kcnk1,KCNK1,KCNK1,True,True
Kcnk10,KCNK10,KCNK10,True,True
Kcnk12,KCNK12,KCNK12,True,True
Kcnk13,KCNK13,KCNK13,True,True
Kcnk2,KCNK2,KCNK2,True,True
Kcnk3,KCNK3,KCNK3,True,True
Kcnk4,KCNK4,KCNK4,True,True
Kcnk5,KCNK5,KCNK5,True,True
Kcnk6,KCNK6,KCNK6,True,True
Kcnk7,KCNK7,KCNK7,True,True
Kcnk9,KCNK9,KCNK9,True,True
Kcnma1,KCNMA1,KCNMA1,True,True
Kcnmb1,KCNMB1,KCNMB1,True,True
Kcnmb2,KCNMB2,KCNMB2,True,True
Kcnmb3,KCNMB3,KCNMB3,True,True
Kcnmb4,KCNMB4,KCNMB4,True,True
Kcnn1,KCNN1,KCNN1,True,True
Kcnn2,KCNN2,KCNN2,True,True
Kcnn3,KCNN3,KCNN3,True,True
Kcnn4,KCNN4,KCNN4,True,True
Kcnq1,KCNQ1,KCNQ1,True,True
Kcnq1ot1,KCNQ1OT1,KCNQ1OT1,True,True
Kcnq2,KCNQ2,KCNQ2,True,True
Kcnq3,KCNQ3,KCNQ3,True,True
Kcnq4,KCNQ4,KCNQ4,True,True
Kcnq5,KCNQ5,KCNQ5,True,True
Kcnrg,KCNRG,KCNRG,False,True
Kcns1,KCNS1,KCNS1,True,True
Kcns2,KCNS2,KCNS2,True,True
Kcns3,KCNS3,KCNS3,True,True
Kcnt1,KCNT1,KCNT1,True,True
Kcnt2,KCNT2,KCNT2,True,True
Kcnu1,KCNU1,KCNU1,False,True
Kcnv1,KCNV1,KCNV1,True,True
Kcnv2,KCNV2,KCNV2,False,True
Kcp,KCP,KCP,True,True
Kctd1,KCTD1,KCTD1,True,True
Kctd10,KCTD10,KCTD10,True,True
Kctd11,KCTD11,KCTD11,True,True
Kctd12,KCTD12,KCTD12,True,True
Kctd13,KCTD13,KCTD13,True,True
Kctd14,KCTD14,KCTD14,True,True
Kctd15,KCTD15,KCTD15,True,True
Kctd16,KCTD16,KCTD16,True,True
Kctd17,KCTD17,KCTD17,True,True
Kctd18,KCTD18,KCTD18,True,True
Kctd2,KCTD2,KCTD2,True,True
Kctd20,KCTD20,KCTD20,True,True
Kctd21,KCTD21,KCTD21,True,True
Kctd3,KCTD3,KCTD3,True,True
Kctd4,KCTD4,KCTD4,True,True
Kctd5,KCTD5,KCTD5,True,True
Kctd6,KCTD6,KCTD6,True,True
Kctd7,KCTD7,KCTD7,True,True
Kctd8,KCTD8,KCTD8,True,True
Kctd9,KCTD9,KCTD9,True,True
Kdelc1,KDELC1,KDELC1,True,False
Kdelc2,KDELC2,KDELC2,True,False
Kdelr1,KDELR1,KDELR1,True,True
Kdelr2,KDELR2,KDELR2,True,True
Kdelr3,KDELR3,KDELR3,True,True
Kdf1,KDF1,KDF1,False,True
Kdm1a,KDM1A,KDM1A,True,True
Kdm1b,KDM1B,KDM1B,True,True
Kdm2a,KDM2A,KDM2A,True,True
Kdm2b,KDM2B,KDM2B,True,True
Kdm3a,KDM3A,KDM3A,True,True
Kdm3b,KDM3B,KDM3B,True,True
Kdm4a,KDM4A,KDM4A,True,True
Kdm4b,KDM4B,KDM4B,True,True
Kdm4c,KDM4C,KDM4C,True,True
Kdm4d,KDM4D,KDM4D,True,True
Kdm5a,KDM5A,KDM5A,True,True
Kdm5b,KDM5B,KDM5B,True,True
Kdm5c,KDM5C,KDM5C,True,True
Kdm5d,KDM5D,KDM5D,True,True
Kdm6a,KDM6A,KDM6A,True,True
Kdm6b,KDM6B,KDM6B,True,True
Kdm7a,KDM7A,KDM7A,True,True
Kdm8,KDM8,KDM8,True,True
Kdr,KDR,KDR,True,True
Kdsr,KDSR,KDSR,True,True
Keap1,KEAP1,KEAP1,True,True
Khdc4,KHDC4,KHDC4,False,True
Khdrbs1,KHDRBS1,KHDRBS1,True,True
Khdrbs2,KHDRBS2,KHDRBS2,True,True
Khdrbs3,KHDRBS3,KHDRBS3,True,True
Khk,KHK,KHK,True,True
Khnyn,KHNYN,KHNYN,True,True
Khsrp,KHSRP,KHSRP,True,True
Kidins220,KIDINS220,KIDINS220,True,True
Kif11,KIF11,KIF11,True,True
Kif12,KIF12,KIF12,True,True
Kif13a,KIF13A,KIF13A,True,True
Kif13b,KIF13B,KIF13B,True,True
Kif14,KIF14,KIF14,True,True
Kif15,KIF15,KIF15,True,True
Kif16b,KIF16B,KIF16B,True,True
Kif17,KIF17,KIF17,True,True
Kif18a,KIF18A,KIF18A,True,True
Kif18b,KIF18B,KIF18B,True,True
Kif1a,KIF1A,KIF1A,True,True
Kif1b,KIF1B,KIF1B,True,True
Kif1bp,KIF1BP,KIF1BP,True,True
Kif1c,KIF1C,KIF1C,True,True
Kif20a,KIF20A,KIF20A,False,True
Kif20b,KIF20B,KIF20B,True,True
Kif21a,KIF21A,KIF21A,True,True
Kif21b,KIF21B,KIF21B,True,True
Kif22,KIF22,KIF22,True,True
Kif23,KIF23,KIF23,True,True
Kif24,KIF24,KIF24,True,True
Kif26a,KIF26A,KIF26A,True,True
Kif26b,KIF26B,KIF26B,True,True
Kif27,KIF27,KIF27,True,True
Kif2a,KIF2A,KIF2A,True,True
Kif2c,KIF2C,KIF2C,True,True
Kif3a,KIF3A,KIF3A,True,True
Kif3b,KIF3B,KIF3B,True,True
Kif3c,KIF3C,KIF3C,True,True
Kif5a,KIF5A,KIF5A,True,True
Kif5b,KIF5B,KIF5B,True,True
Kif5c,KIF5C,KIF5C,True,True
Kif6,KIF6,KIF6,True,True
Kif7,KIF7,KIF7,True,True
Kif9,KIF9,KIF9,True,True
Kifap3,KIFAP3,KIFAP3,True,True
Kifc1,KIFC1,KIFC1,True,True
Kifc2,KIFC2,KIFC2,True,True
Kifc3,KIFC3,KIFC3,True,True
Kin,KIN,KIN,True,True
Kirrel,KIRREL,KIRREL,True,False
Kirrel2,KIRREL2,KIRREL2,True,True
Kirrel3,KIRREL3,KIRREL3,True,True
Kiss1r,KISS1R,KISS1R,True,True
Kit,KIT,KIT,True,True
Kiz,KIZ,KIZ,True,True
Kl,KL,KL,True,True
Klb,KLB,KLB,False,True
Klc1,KLC1,KLC1,True,True
Klc2,KLC2,KLC2,True,True
Klc3,KLC3,KLC3,False,True
Klc4,KLC4,KLC4,True,True
Klf1,KLF1,KLF1,False,True
Klf10,KLF10,KLF10,True,True
Klf11,KLF11,KLF11,True,True
Klf12,KLF12,KLF12,True,True
Klf13,KLF13,KLF13,True,True
Klf15,KLF15,KLF15,True,True
Klf16,KLF16,KLF16,True,True
Klf2,KLF2,KLF2,True,True
Klf3,KLF3,KLF3,True,True
Klf4,KLF4,KLF4,True,True
Klf5,KLF5,KLF5,True,True
Klf6,KLF6,KLF6,True,True
Klf7,KLF7,KLF7,True,True
Klf8,KLF8,KLF8,True,True
Klf9,KLF9,KLF9,True,True
Klhdc1,KLHDC1,KLHDC1,True,True
Klhdc10,KLHDC10,KLHDC10,True,True
Klhdc2,KLHDC2,KLHDC2,True,True
Klhdc3,KLHDC3,KLHDC3,True,True
Klhdc4,KLHDC4,KLHDC4,True,True
Klhdc7a,KLHDC7A,KLHDC7A,True,True
Klhdc8a,KLHDC8A,KLHDC8A,True,True
Klhdc8b,KLHDC8B,KLHDC8B,True,True
Klhdc9,KLHDC9,KLHDC9,True,True
Klhl1,KLHL1,KLHL1,True,True
Klhl10,KLHL10,KLHL10,False,True
Klhl11,KLHL11,KLHL11,True,True
Klhl12,KLHL12,KLHL12,True,True
Klhl13,KLHL13,KLHL13,True,True
Klhl14,KLHL14,KLHL14,True,True
Klhl15,KLHL15,KLHL15,True,True
Klhl18,KLHL18,KLHL18,True,True
Klhl2,KLHL2,KLHL2,True,True
Klhl20,KLHL20,KLHL20,True,True
Klhl21,KLHL21,KLHL21,True,True
Klhl22,KLHL22,KLHL22,True,True
Klhl23,KLHL23,KLHL23,True,True
Klhl24,KLHL24,KLHL24,True,True
Klhl25,KLHL25,KLHL25,True,True
Klhl26,KLHL26,KLHL26,True,True
Klhl28,KLHL28,KLHL28,True,True
Klhl29,KLHL29,KLHL29,True,True
Klhl3,KLHL3,KLHL3,True,True
Klhl30,KLHL30,KLHL30,True,True
Klhl31,KLHL31,KLHL31,True,True
Klhl32,KLHL32,KLHL32,True,True
Klhl33,KLHL33,KLHL33,True,True
Klhl35,KLHL35,KLHL35,True,True
Klhl36,KLHL36,KLHL36,True,True
Klhl4,KLHL4,KLHL4,True,True
Klhl40,KLHL40,KLHL40,False,True
Klhl41,KLHL41,KLHL41,True,True
Klhl42,KLHL42,KLHL42,True,True
Klhl5,KLHL5,KLHL5,True,True
Klhl6,KLHL6,KLHL6,True,True
Klhl7,KLHL7,KLHL7,True,True
Klhl8,KLHL8,KLHL8,True,True
Klhl9,KLHL9,KLHL9,True,True
Klk6,KLK6,KLK6,True,True
Klk8,KLK8,KLK8,False,True
Klk9,KLK9,KLK9,False,True
Klkb1,KLKB1,KLKB1,True,True
Klrd1,KLRD1,KLRD1,True,True
Klrg2,KLRG2,KLRG2,False,True
Klrk1,KLRK1,KLRK1,False,True
Kmo,KMO,KMO,False,True
Kmt2a,KMT2A,KMT2A,True,True
Kmt2b,KMT2B,KMT2B,True,True
Kmt2c,KMT2C,KMT2C,True,True
Kmt2d,KMT2D,KMT2D,True,True
Kmt2e,KMT2E,KMT2E,True,True
Kmt5a,KMT5A,KMT5A,True,True
Kmt5b,KMT5B,KMT5B,True,True
Kmt5c,KMT5C,KMT5C,True,True
Kncn,KNCN,KNCN,True,True
Kndc1,KNDC1,KNDC1,True,True
Knl1,KNL1,KNL1,False,True
Knop1,KNOP1,KNOP1,True,True
Knstrn,KNSTRN,KNSTRN,True,True
Kntc1,KNTC1,KNTC1,True,True
Kpna1,KPNA1,KPNA1,True,True
Kpna2,KPNA2,KPNA2,True,True
Kpna3,KPNA3,KPNA3,True,True
Kpna4,KPNA4,KPNA4,True,True
Kpna6,KPNA6,KPNA6,True,True
Kpna7,KPNA7,KPNA7,False,True
Kpnb1,KPNB1,KPNB1,True,True
Kptn,KPTN,KPTN,True,True
Kras,KRAS,KRAS,True,True
Krba1,KRBA1,KRBA1,True,True
Krcc1,KRCC1,KRCC1,True,True
Kremen1,KREMEN1,KREMEN1,True,True
Kremen2,KREMEN2,KREMEN2,False,True
Kri1,KRI1,KRI1,True,True
Krit1,KRIT1,KRIT1,True,True
Krr1,KRR1,KRR1,True,True
Krt10,KRT10,KRT10,True,True
Krt12,KRT12,KRT12,False,True
Krt15,KRT15,KRT15,False,True
Krt17,KRT17,KRT17,True,True
Krt18,KRT18,KRT18,True,True
Krt20,KRT20,KRT20,False,True
Krt222,KRT222,KRT222,True,True
Krt23,KRT23,KRT23,False,True
Krt25,KRT25,KRT25,False,True
Krt26,KRT26,KRT26,False,True
Krt28,KRT28,KRT28,False,True
Krt77,KRT77,KRT77,False,True
Krt8,KRT8,KRT8,True,True
Krt80,KRT80,KRT80,False,True
Krtcap2,KRTCAP2,KRTCAP2,True,True
Krtcap3,KRTCAP3,KRTCAP3,True,True
Ksr1,KSR1,KSR1,True,True
Ksr2,KSR2,KSR2,True,True
Kti12,KTI12,KTI12,True,True
Ktn1,KTN1,KTN1,True,True
Kxd1,KXD1,KXD1,True,True
Ky,KY,KY,True,True
Kyat1,KYAT1,KYAT1,True,True
Kyat3,KYAT3,KYAT3,True,True
Kynu,KYNU,KYNU,True,True
L1cam,L1CAM,L1CAM,True,True
L2hgdh,L2HGDH,L2HGDH,True,True
L3hypdh,L3HYPDH,L3HYPDH,True,True
L3mbtl1,L3MBTL1,L3MBTL1,True,True
L3mbtl2,L3MBTL2,L3MBTL2,True,True
L3mbtl3,L3MBTL3,L3MBTL3,True,True
L3mbtl4,L3MBTL4,L3MBTL4,True,True
LTO1,LTO1,LTO1,False,True
Lacc1,LACC1,LACC1,True,True
Lactb,LACTB,LACTB,True,True
Lactb2,LACTB2,LACTB2,True,True
Lactbl1,LACTBL1,LACTBL1,False,True
Lad1,LAD1,LAD1,False,True
Lag3,LAG3,LAG3,True,True
Lage3,LAGE3,LAGE3,True,True
Lair1,LAIR1,LAIR1,True,True
Lama1,LAMA1,LAMA1,True,True
Lama2,LAMA2,LAMA2,True,True
Lama3,LAMA3,LAMA3,True,True
Lama4,LAMA4,LAMA4,True,True
Lama5,LAMA5,LAMA5,True,True
Lamb1,LAMB1,LAMB1,True,True
Lamb2,LAMB2,LAMB2,True,True
Lamb3,LAMB3,LAMB3,True,True
Lamc1,LAMC1,LAMC1,True,True
Lamc2,LAMC2,LAMC2,False,True
Lamc3,LAMC3,LAMC3,True,True
Lamp1,LAMP1,LAMP1,True,True
Lamp2,LAMP2,LAMP2,True,True
Lamp5,LAMP5,LAMP5,True,True
Lamtor1,LAMTOR1,LAMTOR1,True,True
Lamtor2,LAMTOR2,LAMTOR2,True,True
Lamtor3,LAMTOR3,LAMTOR3,True,True
Lamtor4,LAMTOR4,LAMTOR4,True,True
Lamtor5,LAMTOR5,LAMTOR5,True,True
Lancl1,LANCL1,LANCL1,True,True
Lancl2,LANCL2,LANCL2,True,True
Lancl3,LANCL3,LANCL3,True,True
Lap3,LAP3,LAP3,True,True
Laptm4a,LAPTM4A,LAPTM4A,True,True
Laptm4b,LAPTM4B,LAPTM4B,True,True
Laptm5,LAPTM5,LAPTM5,True,True
Large1,LARGE1,LARGE1,True,True
Large2,LARGE2,LARGE2,False,True
Larp1,LARP1,LARP1,True,True
Larp1b,LARP1B,LARP1B,True,True
Larp4,LARP4,LARP4,True,True
Larp4b,LARP4B,LARP4B,True,True
Larp6,LARP6,LARP6,True,True
Larp7,LARP7,LARP7,True,True
Lars,LARS,LARS,True,True
Lars2,LARS2,LARS2,True,True
Las1l,LAS1L,LAS1L,True,True
Lasp1,LASP1,LASP1,True,True
Lat,LAT,LAT,True,True
Lat2,LAT2,LAT2,True,True
Lats1,LATS1,LATS1,True,True
Lats2,LATS2,LATS2,True,True
Layn,LAYN,LAYN,True,True
Lbh,LBH,LBH,True,True
Lbhd1,LBHD1,LBHD1,True,True
Lbhd2,LBHD2,LBHD2,False,True
Lbp,LBP,LBP,False,True
Lbr,LBR,LBR,True,True
Lbx2,LBX2,LBX2,False,True
Lca5,LCA5,LCA5,True,True
Lca5l,LCA5L,LCA5L,True,True
Lcat,LCAT,LCAT,True,True
Lck,LCK,LCK,False,True
Lclat1,LCLAT1,LCLAT1,True,True
Lcmt1,LCMT1,LCMT1,True,True
Lcmt2,LCMT2,LCMT2,True,True
Lcn2,LCN2,LCN2,False,True
Lcor,LCOR,LCOR,True,True
Lcorl,LCORL,LCORL,True,True
Lcp1,LCP1,LCP1,True,True
Lcp2,LCP2,LCP2,True,True
Lct,LCT,LCT,False,True
Lctl,LCTL,LCTL,True,True
Ldah,LDAH,LDAH,True,True
Ldb1,LDB1,LDB1,True,True
Ldb2,LDB2,LDB2,True,True
Ldb3,LDB3,LDB3,True,True
Ldha,LDHA,LDHA,True,True
Ldhal6b,LDHAL6B,LDHAL6B,False,True
Ldhb,LDHB,LDHB,True,True
Ldhc,LDHC,LDHC,False,True
Ldhd,LDHD,LDHD,True,True
Ldlr,LDLR,LDLR,True,True
Ldlrad2,LDLRAD2,LDLRAD2,True,True
Ldlrad3,LDLRAD3,LDLRAD3,True,True
Ldlrad4,LDLRAD4,LDLRAD4,True,True
Ldlrap1,LDLRAP1,LDLRAP1,True,True
Ldoc1,LDOC1,LDOC1,True,True
Lef1,LEF1,LEF1,True,True
Lefty1,LEFTY1,LEFTY1,True,True
Lekr1,LEKR1,LEKR1,True,True
Lemd1,LEMD1,LEMD1,True,True
Lemd2,LEMD2,LEMD2,True,True
Lemd3,LEMD3,LEMD3,True,True
Leng1,LENG1,LENG1,True,True
Leng8,LENG8,LENG8,True,True
Leng9,LENG9,LENG9,True,True
Leo1,LEO1,LEO1,True,True
Lepr,LEPR,LEPR,True,True
Leprot,LEPROT,LEPROT,True,True
Leprotl1,LEPROTL1,LEPROTL1,True,True
Letm1,LETM1,LETM1,True,True
Letm2,LETM2,LETM2,True,True
Letmd1,LETMD1,LETMD1,True,True
Lexm,LEXM,LEXM,False,True
Lfng,LFNG,LFNG,True,True
Lgals1,LGALS1,LGALS1,True,True
Lgals12,LGALS12,LGALS12,False,True
Lgals2,LGALS2,LGALS2,False,True
Lgals3,LGALS3,LGALS3,True,True
Lgals3bp,LGALS3BP,LGALS3BP,True,True
Lgals4,LGALS4,LGALS4,True,True
Lgals7,LGALS7,LGALS7,False,True
Lgals8,LGALS8,LGALS8,True,True
Lgals9,LGALS9,LGALS9,True,True
Lgalsl,LGALSL,LGALSL,True,True
Lgi1,LGI1,LGI1,True,True
Lgi2,LGI2,LGI2,True,True
Lgi3,LGI3,LGI3,True,True
Lgi4,LGI4,LGI4,True,True
Lgmn,LGMN,LGMN,True,True
Lgr4,LGR4,LGR4,True,True
Lgr5,LGR5,LGR5,True,True
Lgr6,LGR6,LGR6,True,True
Lhb,LHB,LHB,False,True
Lhcgr,LHCGR,LHCGR,True,True
Lhfp,LHFP,LHFP,True,False
Lhfpl1,LHFPL1,LHFPL1,True,True
Lhfpl2,LHFPL2,LHFPL2,True,True
Lhfpl3,LHFPL3,LHFPL3,True,True
Lhfpl4,LHFPL4,LHFPL4,True,True
Lhfpl5,LHFPL5,LHFPL5,True,True
Lhpp,LHPP,LHPP,True,True
Lhx1,LHX1,LHX1,True,True
Lhx2,LHX2,LHX2,True,True
Lhx6,LHX6,LHX6,True,True
Lhx9,LHX9,LHX9,True,True
Lias,LIAS,LIAS,True,True
Lifr,LIFR,LIFR,True,True
Lig1,LIG1,LIG1,True,True
Lig3,LIG3,LIG3,True,True
Lig4,LIG4,LIG4,True,True
Lilra5,LILRA5,LILRA5,False,True
Lima1,LIMA1,LIMA1,True,True
Limch1,LIMCH1,LIMCH1,True,True
Limd1,LIMD1,LIMD1,True,True
Limd2,LIMD2,LIMD2,True,True
Limk1,LIMK1,LIMK1,True,True
Limk2,LIMK2,LIMK2,True,True
Lims1,LIMS1,LIMS1,True,True
Lims2,LIMS2,LIMS2,True,True
Lin28b,LIN28B,LIN28B,True,True
Lin37,LIN37,LIN37,True,True
Lin52,LIN52,LIN52,True,True
Lin54,LIN54,LIN54,True,True
Lin7a,LIN7A,LIN7A,True,True
Lin7b,LIN7B,LIN7B,True,True
Lin7c,LIN7C,LIN7C,True,True
Lin9,LIN9,LIN9,True,True
Lingo1,LINGO1,LINGO1,True,True
Lingo2,LINGO2,LINGO2,True,True
Lingo3,LINGO3,LINGO3,True,True
Lingo4,LINGO4,LINGO4,True,True
Lins1,LINS1,LINS1,True,True
Lipa,LIPA,LIPA,True,True
Lipc,LIPC,LIPC,True,True
Lipe,LIPE,LIPE,True,True
Lipg,LIPG,LIPG,True,True
Liph,LIPH,LIPH,True,True
Lipk,LIPK,LIPK,False,True
Lipt1,LIPT1,LIPT1,True,True
Lipt2,LIPT2,LIPT2,True,True
Litaf,LITAF,LITAF,True,True
Lix1,LIX1,LIX1,True,True
Lix1l,LIX1L,LIX1L,True,True
Llgl1,LLGL1,LLGL1,True,True
Llgl2,LLGL2,LLGL2,True,True
Llph,LLPH,LLPH,True,True
Lman1,LMAN1,LMAN1,True,True
Lman1l,LMAN1L,LMAN1L,False,True
Lman2,LMAN2,LMAN2,True,True
Lman2l,LMAN2L,LMAN2L,True,True
Lmbr1,LMBR1,LMBR1,True,True
Lmbr1l,LMBR1L,LMBR1L,True,True
Lmbrd1,LMBRD1,LMBRD1,True,True
Lmbrd2,LMBRD2,LMBRD2,True,True
Lmcd1,LMCD1,LMCD1,True,True
Lmf1,LMF1,LMF1,True,True
Lmf2,LMF2,LMF2,True,True
Lmln,LMLN,LMLN,True,True
Lmna,LMNA,LMNA,True,True
Lmnb1,LMNB1,LMNB1,True,True
Lmnb2,LMNB2,LMNB2,True,True
Lmntd1,LMNTD1,LMNTD1,True,True
Lmntd2,LMNTD2,LMNTD2,False,True
Lmo1,LMO1,LMO1,True,True
Lmo2,LMO2,LMO2,True,True
Lmo3,LMO3,LMO3,True,True
Lmo4,LMO4,LMO4,True,True
Lmo7,LMO7,LMO7,True,True
Lmod1,LMOD1,LMOD1,True,True
Lmtk2,LMTK2,LMTK2,True,True
Lmtk3,LMTK3,LMTK3,True,True
Lmx1a,LMX1A,LMX1A,True,True
Lmx1b,LMX1B,LMX1B,True,True
Lnpep,LNPEP,LNPEP,True,True
Lnpk,LNPK,LNPK,False,True
Lnx1,LNX1,LNX1,True,True
Lnx2,LNX2,LNX2,True,True
Lonp1,LONP1,LONP1,True,True
Lonp2,LONP2,LONP2,True,True
Lonrf1,LONRF1,LONRF1,True,True
Lonrf2,LONRF2,LONRF2,True,True
Lonrf3,LONRF3,LONRF3,True,True
Lor,LOR,LOR,False,True
Lox,LOX,LOX,True,True
Loxhd1,LOXHD1,LOXHD1,True,True
Loxl1,LOXL1,LOXL1,True,True
Loxl2,LOXL2,LOXL2,True,True
Loxl3,LOXL3,LOXL3,True,True
Loxl4,LOXL4,LOXL4,True,True
Lpar1,LPAR1,LPAR1,True,True
Lpar2,LPAR2,LPAR2,True,True
Lpar3,LPAR3,LPAR3,True,True
Lpar4,LPAR4,LPAR4,True,True
Lpar5,LPAR5,LPAR5,True,True
Lpar6,LPAR6,LPAR6,True,True
Lpcat1,LPCAT1,LPCAT1,True,True
Lpcat2,LPCAT2,LPCAT2,True,True
Lpcat3,LPCAT3,LPCAT3,True,True
Lpcat4,LPCAT4,LPCAT4,True,True
Lpgat1,LPGAT1,LPGAT1,True,True
Lpin1,LPIN1,LPIN1,True,True
Lpin2,LPIN2,LPIN2,True,True
Lpin3,LPIN3,LPIN3,True,True
Lpl,LPL,LPL,True,True
Lpo,LPO,LPO,True,True
Lpp,LPP,LPP,True,True
Lpxn,LPXN,LPXN,True,True
Lrat,LRAT,LRAT,True,True
Lratd1,LRATD1,LRATD1,False,True
Lratd2,LRATD2,LRATD2,False,True
Lrba,LRBA,LRBA,True,True
Lrch1,LRCH1,LRCH1,True,True
Lrch2,LRCH2,LRCH2,True,True
Lrch3,LRCH3,LRCH3,True,True
Lrch4,LRCH4,LRCH4,True,True
Lrfn1,LRFN1,LRFN1,True,True
Lrfn2,LRFN2,LRFN2,True,True
Lrfn3,LRFN3,LRFN3,True,True
Lrfn4,LRFN4,LRFN4,True,True
Lrfn5,LRFN5,LRFN5,True,True
Lrg1,LRG1,LRG1,False,True
Lrguk,LRGUK,LRGUK,True,True
Lrif1,LRIF1,LRIF1,True,True
Lrig1,LRIG1,LRIG1,True,True
Lrig2,LRIG2,LRIG2,True,True
Lrig3,LRIG3,LRIG3,True,True
Lrmda,LRMDA,LRMDA,False,True
Lrmp,LRMP,LRMP,True,True
Lrp1,LRP1,LRP1,True,True
Lrp10,LRP10,LRP10,True,True
Lrp11,LRP11,LRP11,True,True
Lrp12,LRP12,LRP12,True,True
Lrp1b,LRP1B,LRP1B,True,True
Lrp2,LRP2,LRP2,True,True
Lrp2bp,LRP2BP,LRP2BP,True,True
Lrp3,LRP3,LRP3,True,True
Lrp4,LRP4,LRP4,True,True
Lrp5,LRP5,LRP5,True,True
Lrp6,LRP6,LRP6,True,True
Lrp8,LRP8,LRP8,True,True
Lrpap1,LRPAP1,LRPAP1,True,True
Lrpprc,LRPPRC,LRPPRC,True,True
Lrrc1,LRRC1,LRRC1,True,True
Lrrc10b,LRRC10B,LRRC10B,True,True
Lrrc14,LRRC14,LRRC14,True,True
Lrrc14b,LRRC14B,LRRC14B,True,True
Lrrc17,LRRC17,LRRC17,True,True
Lrrc18,LRRC18,LRRC18,False,True
Lrrc19,LRRC19,LRRC19,False,True
Lrrc2,LRRC2,LRRC2,True,True
Lrrc20,LRRC20,LRRC20,True,True
Lrrc23,LRRC23,LRRC23,True,True
Lrrc24,LRRC24,LRRC24,True,True
Lrrc25,LRRC25,LRRC25,True,True
Lrrc27,LRRC27,LRRC27,True,True
Lrrc28,LRRC28,LRRC28,True,True
Lrrc29,LRRC29,LRRC29,True,True
Lrrc3,LRRC3,LRRC3,True,True
Lrrc32,LRRC32,LRRC32,True,True
Lrrc34,LRRC34,LRRC34,True,True
Lrrc36,LRRC36,LRRC36,True,True
Lrrc37a,LRRC37A,LRRC37A,True,True
Lrrc38,LRRC38,LRRC38,False,True
Lrrc39,LRRC39,LRRC39,True,True
Lrrc3b,LRRC3B,LRRC3B,True,True
Lrrc4,LRRC4,LRRC4,True,True
Lrrc40,LRRC40,LRRC40,True,True
Lrrc41,LRRC41,LRRC41,True,True
Lrrc42,LRRC42,LRRC42,True,True
Lrrc43,LRRC43,LRRC43,True,True
Lrrc45,LRRC45,LRRC45,True,True
Lrrc46,LRRC46,LRRC46,True,True
Lrrc47,LRRC47,LRRC47,True,True
Lrrc49,LRRC49,LRRC49,True,True
Lrrc4b,LRRC4B,LRRC4B,True,True
Lrrc4c,LRRC4C,LRRC4C,True,True
Lrrc55,LRRC55,LRRC55,True,True
Lrrc56,LRRC56,LRRC56,True,True
Lrrc57,LRRC57,LRRC57,True,True
Lrrc58,LRRC58,LRRC58,True,True
Lrrc59,LRRC59,LRRC59,True,True
Lrrc6,LRRC6,LRRC6,True,True
Lrrc61,LRRC61,LRRC61,True,True
Lrrc63,LRRC63,LRRC63,True,True
Lrrc69,LRRC69,LRRC69,True,True
Lrrc7,LRRC7,LRRC7,True,True
Lrrc71,LRRC71,LRRC71,True,True
Lrrc73,LRRC73,LRRC73,True,True
Lrrc74b,LRRC74B,LRRC74B,True,True
Lrrc75a,LRRC75A,LRRC75A,True,True
Lrrc75b,LRRC75B,LRRC75B,True,True
Lrrc8a,LRRC8A,LRRC8A,True,True
Lrrc8b,LRRC8B,LRRC8B,True,True
Lrrc8c,LRRC8C,LRRC8C,True,True
Lrrc8d,LRRC8D,LRRC8D,True,True
Lrrc8e,LRRC8E,LRRC8E,False,True
Lrrc9,LRRC9,LRRC9,True,True
Lrrcc1,LRRCC1,LRRCC1,True,True
Lrrd1,LRRD1,LRRD1,True,True
Lrrfip1,LRRFIP1,LRRFIP1,True,True
Lrrfip2,LRRFIP2,LRRFIP2,True,True
Lrriq1,LRRIQ1,LRRIQ1,True,True
Lrriq3,LRRIQ3,LRRIQ3,True,True
Lrrk1,LRRK1,LRRK1,True,True
Lrrk2,LRRK2,LRRK2,True,True
Lrrn1,LRRN1,LRRN1,True,True
Lrrn2,LRRN2,LRRN2,True,True
Lrrn3,LRRN3,LRRN3,True,True
Lrrn4cl,LRRN4CL,LRRN4CL,True,True
Lrrtm1,LRRTM1,LRRTM1,True,True
Lrrtm2,LRRTM2,LRRTM2,True,True
Lrrtm3,LRRTM3,LRRTM3,True,True
Lrrtm4,LRRTM4,LRRTM4,True,True
Lrsam1,LRSAM1,LRSAM1,True,True
Lrtm1,LRTM1,LRTM1,False,True
Lrtm2,LRTM2,LRTM2,True,True
Lrwd1,LRWD1,LRWD1,True,True
Lsamp,LSAMP,LSAMP,True,True
Lsg1,LSG1,LSG1,True,True
Lsm1,LSM1,LSM1,True,True
Lsm10,LSM10,LSM10,True,True
Lsm11,LSM11,LSM11,True,True
Lsm12,LSM12,LSM12,True,True
Lsm14a,LSM14A,LSM14A,True,True
Lsm14b,LSM14B,LSM14B,True,True
Lsm2,LSM2,LSM2,True,True
Lsm3,LSM3,LSM3,True,True
Lsm4,LSM4,LSM4,True,True
Lsm5,LSM5,LSM5,True,True
Lsm6,LSM6,LSM6,True,True
Lsm7,LSM7,LSM7,True,True
Lsm8,LSM8,LSM8,True,True
Lsmem1,LSMEM1,LSMEM1,True,True
Lsmem2,LSMEM2,LSMEM2,True,True
Lsp1,LSP1,LSP1,True,True
Lsr,LSR,LSR,True,True
Lss,LSS,LSS,True,True
Lst1,LST1,LST1,True,True
Lta4h,LTA4H,LTA4H,True,True
Ltb,LTB,LTB,False,True
Ltbp1,LTBP1,LTBP1,True,True
Ltbp2,LTBP2,LTBP2,True,True
Ltbp3,LTBP3,LTBP3,True,True
Ltbp4,LTBP4,LTBP4,True,True
Ltbr,LTBR,LTBR,True,True
Ltc4s,LTC4S,LTC4S,False,True
Ltk,LTK,LTK,True,True
Ltn1,LTN1,LTN1,True,True
Ltv1,LTV1,LTV1,True,True
Luc7l,LUC7L,LUC7L,True,True
Luc7l2,LUC7L2,LUC7L2,True,True
Luc7l3,LUC7L3,LUC7L3,True,True
Lum,LUM,LUM,True,True
Lurap1,LURAP1,LURAP1,True,True
Lurap1l,LURAP1L,LURAP1L,True,True
Luzp1,LUZP1,LUZP1,True,True
Luzp2,LUZP2,LUZP2,True,True
Lvrn,LVRN,LVRN,True,True
Lxn,LXN,LXN,True,True
Ly6e,LY6E,LY6E,True,True
Ly6g5b,LY6G5B,LY6G5B,True,True
Ly6g6d,LY6G6D,LY6G6D,False,True
Ly6g6f,LY6G6F,LY6G6F,False,True
Ly6h,LY6H,LY6H,True,True
Ly75,LY75,LY75,True,True
Ly86,LY86,LY86,True,True
Ly9,LY9,LY9,False,True
Ly96,LY96,LY96,True,True
Lyar,LYAR,LYAR,True,True
Lyg2,LYG2,LYG2,False,True
Lyl1,LYL1,LYL1,True,True
Lyn,LYN,LYN,True,True
Lynx1,LYNX1,LYNX1,True,True
Lypd1,LYPD1,LYPD1,True,True
Lypd6,LYPD6,LYPD6,True,True
Lypd6b,LYPD6B,LYPD6B,True,True
Lypla1,LYPLA1,LYPLA1,True,True
Lypla2,LYPLA2,LYPLA2,True,True
Lyplal1,LYPLAL1,LYPLAL1,True,True
Lyrm1,LYRM1,LYRM1,True,True
Lyrm2,LYRM2,LYRM2,True,True
Lyrm4,LYRM4,LYRM4,True,True
Lyrm7,LYRM7,LYRM7,True,True
Lyrm9,LYRM9,LYRM9,True,True
Lysmd1,LYSMD1,LYSMD1,True,True
Lysmd2,LYSMD2,LYSMD2,True,True
Lysmd3,LYSMD3,LYSMD3,True,True
Lysmd4,LYSMD4,LYSMD4,True,True
Lyst,LYST,LYST,True,True
Lyve1,LYVE1,LYVE1,True,True
Lyzl4,LYZL4,LYZL4,False,True
Lzic,LZIC,LZIC,True,True
Lztfl1,LZTFL1,LZTFL1,True,True
Lztr1,LZTR1,LZTR1,True,True
Lzts1,LZTS1,LZTS1,True,True
Lzts2,LZTS2,LZTS2,True,True
Lzts3,LZTS3,LZTS3,False,True
M1ap,M1AP,M1AP,True,True
M6pr,M6PR,M6PR,True,True
Maats1,MAATS1,MAATS1,True,True
Mab21l1,MAB21L1,MAB21L1,True,True
Mab21l2,MAB21L2,MAB21L2,True,True
Mab21l3,MAB21L3,MAB21L3,True,True
Macc1,MACC1,MACC1,False,True
Macf1,MACF1,MACF1,True,True
Maco1,MACO1,MACO1,False,True
Macrod1,MACROD1,MACROD1,True,True
Macrod2,MACROD2,MACROD2,True,True
Mad1l1,MAD1L1,MAD1L1,True,True
Mad2l1,MAD2L1,MAD2L1,True,True
Mad2l1bp,MAD2L1BP,MAD2L1BP,True,True
Mad2l2,MAD2L2,MAD2L2,True,True
Madd,MADD,MADD,True,True
Maea,MAEA,MAEA,True,True
Maf,MAF,MAF,True,True
Maf1,MAF1,MAF1,True,True
Mafa,MAFA,MAFA,False,True
Mafb,MAFB,MAFB,True,True
Maff,MAFF,MAFF,True,True
Mafg,MAFG,MAFG,True,True
Mafk,MAFK,MAFK,True,True
Mag,MAG,MAG,True,True
Mageb16,MAGEB16,MAGEB16,False,True
Maged1,MAGED1,MAGED1,True,True
Maged2,MAGED2,MAGED2,True,True
Magee1,MAGEE1,MAGEE1,True,True
Magee2,MAGEE2,MAGEE2,True,True
Mageh1,MAGEH1,MAGEH1,True,True
Magel2,MAGEL2,MAGEL2,True,True
Magi1,MAGI1,MAGI1,True,True
Magi2,MAGI2,MAGI2,True,True
Magi3,MAGI3,MAGI3,True,True
Magix,MAGIX,MAGIX,True,True
Magoh,MAGOH,MAGOH,True,True
Magohb,MAGOHB,MAGOHB,True,True
Magt1,MAGT1,MAGT1,True,True
Maip1,MAIP1,MAIP1,False,True
Majin,MAJIN,MAJIN,False,True
Mak,MAK,MAK,True,True
Mak16,MAK16,MAK16,True,True
Mal,MAL,MAL,True,True
Mal2,MAL2,MAL2,True,True
Malat1,MALAT1,MALAT1,True,True
Mall,MALL,MALL,True,True
Malrd1,MALRD1,MALRD1,True,True
Malsu1,MALSU1,MALSU1,True,True
Malt1,MALT1,MALT1,True,True
Mamdc2,MAMDC2,MAMDC2,True,True
Mamdc4,MAMDC4,MAMDC4,True,True
Maml1,MAML1,MAML1,True,True
Maml2,MAML2,MAML2,True,True
Maml3,MAML3,MAML3,True,True
Mamld1,MAMLD1,MAMLD1,True,True
Mamstr,MAMSTR,MAMSTR,True,True
Man1a2,MAN1A2,MAN1A2,True,True
Man1b1,MAN1B1,MAN1B1,True,True
Man1c1,MAN1C1,MAN1C1,True,True
Man2a1,MAN2A1,MAN2A1,True,True
Man2a2,MAN2A2,MAN2A2,True,True
Man2b1,MAN2B1,MAN2B1,True,True
Man2b2,MAN2B2,MAN2B2,True,True
Man2c1,MAN2C1,MAN2C1,True,True
Manba,MANBA,MANBA,True,True
Manbal,MANBAL,MANBAL,True,True
Manea,MANEA,MANEA,True,True
Maneal,MANEAL,MANEAL,True,True
Manf,MANF,MANF,True,True
Mansc1,MANSC1,MANSC1,True,True
Mansc4,MANSC4,MANSC4,False,True
Maoa,MAOA,MAOA,True,True
Maob,MAOB,MAOB,True,True
Map10,MAP10,MAP10,True,True
Map11,MAP11,MAP11,False,True
Map1a,MAP1A,MAP1A,True,True
Map1b,MAP1B,MAP1B,True,True
Map1lc3a,MAP1LC3A,MAP1LC3A,True,True
Map1lc3b,MAP1LC3B,MAP1LC3B,True,True
Map1s,MAP1S,MAP1S,True,True
Map2,MAP2,MAP2,True,True
Map2k1,MAP2K1,MAP2K1,True,True
Map2k2,MAP2K2,MAP2K2,True,True
Map2k3,MAP2K3,MAP2K3,True,True
Map2k4,MAP2K4,MAP2K4,True,True
Map2k5,MAP2K5,MAP2K5,True,True
Map2k6,MAP2K6,MAP2K6,True,True
Map2k7,MAP2K7,MAP2K7,True,True
Map3k1,MAP3K1,MAP3K1,True,True
Map3k10,MAP3K10,MAP3K10,True,True
Map3k11,MAP3K11,MAP3K11,True,True
Map3k12,MAP3K12,MAP3K12,True,True
Map3k13,MAP3K13,MAP3K13,True,True
Map3k14,MAP3K14,MAP3K14,True,True
Map3k15,MAP3K15,MAP3K15,True,True
Map3k19,MAP3K19,MAP3K19,True,True
Map3k2,MAP3K2,MAP3K2,True,True
Map3k20,MAP3K20,MAP3K20,False,True
Map3k21,MAP3K21,MAP3K21,False,True
Map3k3,MAP3K3,MAP3K3,True,True
Map3k4,MAP3K4,MAP3K4,True,True
Map3k5,MAP3K5,MAP3K5,True,True
Map3k6,MAP3K6,MAP3K6,True,True
Map3k7,MAP3K7,MAP3K7,True,True
Map3k7cl,MAP3K7CL,MAP3K7CL,True,True
Map3k8,MAP3K8,MAP3K8,True,True
Map3k9,MAP3K9,MAP3K9,True,True
Map4,MAP4,MAP4,True,True
Map4k1,MAP4K1,MAP4K1,True,True
Map4k2,MAP4K2,MAP4K2,True,True
Map4k3,MAP4K3,MAP4K3,True,True
Map4k4,MAP4K4,MAP4K4,True,True
Map4k5,MAP4K5,MAP4K5,True,True
Map6,MAP6,MAP6,True,True
Map6d1,MAP6D1,MAP6D1,True,True
Map7,MAP7,MAP7,True,True
Map7d1,MAP7D1,MAP7D1,True,True
Map7d2,MAP7D2,MAP7D2,True,True
Map7d3,MAP7D3,MAP7D3,True,True
Map9,MAP9,MAP9,True,True
Mapk1,MAPK1,MAPK1,True,True
Mapk10,MAPK10,MAPK10,True,True
Mapk11,MAPK11,MAPK11,True,True
Mapk12,MAPK12,MAPK12,True,True
Mapk13,MAPK13,MAPK13,True,True
Mapk14,MAPK14,MAPK14,True,True
Mapk15,MAPK15,MAPK15,True,True
Mapk1ip1l,MAPK1IP1L,MAPK1IP1L,True,True
Mapk3,MAPK3,MAPK3,True,True
Mapk4,MAPK4,MAPK4,True,True
Mapk6,MAPK6,MAPK6,True,True
Mapk7,MAPK7,MAPK7,True,True
Mapk8,MAPK8,MAPK8,True,True
Mapk8ip1,MAPK8IP1,MAPK8IP1,True,True
Mapk8ip2,MAPK8IP2,MAPK8IP2,True,True
Mapk8ip3,MAPK8IP3,MAPK8IP3,True,True
Mapk9,MAPK9,MAPK9,True,True
Mapkap1,MAPKAP1,MAPKAP1,True,True
Mapkapk2,MAPKAPK2,MAPKAPK2,True,True
Mapkapk3,MAPKAPK3,MAPKAPK3,True,True
Mapkapk5,MAPKAPK5,MAPKAPK5,True,True
Mapkbp1,MAPKBP1,MAPKBP1,True,True
Mapre1,MAPRE1,MAPRE1,True,True
Mapre2,MAPRE2,MAPRE2,True,True
Mapre3,MAPRE3,MAPRE3,True,True
Mapt,MAPT,MAPT,True,True
Marc1,MARC1,MARC1,True,True
Marc2,MARC2,MARC2,True,True
March1,MARCH1,MARCH1,True,True
March10,MARCH10,MARCH10,True,True
March11,MARCH11,MARCH11,True,True
March2,MARCH2,MARCH2,True,True
March3,MARCH3,MARCH3,True,True
March4,MARCH4,MARCH4,True,True
March5,MARCH5,MARCH5,True,True
March6,MARCH6,MARCH6,True,True
March7,MARCH7,MARCH7,True,True
March8,MARCH8,MARCH8,True,True
March9,MARCH9,MARCH9,True,True
Marcks,MARCKS,MARCKS,True,True
Marcksl1,MARCKSL1,MARCKSL1,True,True
Marf1,MARF1,MARF1,False,True
Mark1,MARK1,MARK1,True,True
Mark2,MARK2,MARK2,True,True
Mark3,MARK3,MARK3,True,True
Mark4,MARK4,MARK4,True,True
Mars,MARS,MARS,True,True
Mars2,MARS2,MARS2,True,True
Marveld1,MARVELD1,MARVELD1,True,True
Marveld2,MARVELD2,MARVELD2,True,True
Marveld3,MARVELD3,MARVELD3,False,True
Mas1,MAS1,MAS1,True,True
Masp1,MASP1,MASP1,True,True
Masp2,MASP2,MASP2,False,True
Mast1,MAST1,MAST1,True,True
Mast2,MAST2,MAST2,True,True
Mast3,MAST3,MAST3,True,True
Mast4,MAST4,MAST4,True,True
Mastl,MASTL,MASTL,True,True
Mat1a,MAT1A,MAT1A,False,True
Mat2a,MAT2A,MAT2A,True,True
Mat2b,MAT2B,MAT2B,True,True
Matk,MATK,MATK,True,True
Matn1,MATN1,MATN1,True,True
Matn2,MATN2,MATN2,True,True
Matn4,MATN4,MATN4,False,True
Matr3,MATR3,MATR3,True,True
Mau2,MAU2,MAU2,True,True
Mavs,MAVS,MAVS,True,True
Max,MAX,MAX,True,True
Maz,MAZ,MAZ,True,True
Mb,MB,MB,True,True
Mb21d1,MB21D1,MB21D1,True,False
Mb21d2,MB21D2,MB21D2,True,True
Mbd1,MBD1,MBD1,True,True
Mbd2,MBD2,MBD2,True,True
Mbd3,MBD3,MBD3,True,True
Mbd4,MBD4,MBD4,True,True
Mbd5,MBD5,MBD5,True,True
Mbd6,MBD6,MBD6,True,True
Mbip,MBIP,MBIP,True,True
Mblac1,MBLAC1,MBLAC1,True,True
Mblac2,MBLAC2,MBLAC2,True,True
Mbnl1,MBNL1,MBNL1,True,True
Mbnl2,MBNL2,MBNL2,True,True
Mbnl3,MBNL3,MBNL3,True,True
Mboat1,MBOAT1,MBOAT1,True,True
Mboat2,MBOAT2,MBOAT2,True,True
Mboat4,MBOAT4,MBOAT4,False,True
Mboat7,MBOAT7,MBOAT7,True,True
Mbp,MBP,MBP,True,True
Mbtd1,MBTD1,MBTD1,True,True
Mbtps1,MBTPS1,MBTPS1,True,True
Mbtps2,MBTPS2,MBTPS2,True,True
Mc1r,MC1R,MC1R,True,True
Mc3r,MC3R,MC3R,True,True
Mc4r,MC4R,MC4R,True,True
Mc5r,MC5R,MC5R,False,True
Mcam,MCAM,MCAM,True,True
Mcat,MCAT,MCAT,True,True
Mcc,MCC,MCC,True,True
Mccc1,MCCC1,MCCC1,True,True
Mccc2,MCCC2,MCCC2,True,True
Mcee,MCEE,MCEE,True,True
Mcemp1,MCEMP1,MCEMP1,False,True
Mcf2,MCF2,MCF2,True,True
Mcf2l,MCF2L,MCF2L,True,True
Mcfd2,MCFD2,MCFD2,True,True
Mchr1,MCHR1,MCHR1,True,True
Mcl1,MCL1,MCL1,True,True
Mcm10,MCM10,MCM10,False,True
Mcm2,MCM2,MCM2,True,True
Mcm3,MCM3,MCM3,True,True
Mcm3ap,MCM3AP,MCM3AP,True,True
Mcm4,MCM4,MCM4,True,True
Mcm5,MCM5,MCM5,True,True
Mcm6,MCM6,MCM6,True,True
Mcm7,MCM7,MCM7,True,True
Mcm8,MCM8,MCM8,True,True
Mcm9,MCM9,MCM9,True,True
Mcmbp,MCMBP,MCMBP,True,True
Mcmdc2,MCMDC2,MCMDC2,True,True
Mcoln1,MCOLN1,MCOLN1,True,True
Mcoln3,MCOLN3,MCOLN3,True,True
Mcph1,MCPH1,MCPH1,True,True
Mcrip1,MCRIP1,MCRIP1,True,True
Mcrip2,MCRIP2,MCRIP2,True,True
Mcrs1,MCRS1,MCRS1,True,True
Mctp1,MCTP1,MCTP1,True,True
Mctp2,MCTP2,MCTP2,True,True
Mcts1,MCTS1,MCTS1,True,True
Mcu,MCU,MCU,True,True
Mcub,MCUB,MCUB,False,True
Mcur1,MCUR1,MCUR1,True,True
Mdc1,MDC1,MDC1,True,True
Mdfi,MDFI,MDFI,True,True
Mdfic,MDFIC,MDFIC,True,True
Mdga1,MDGA1,MDGA1,True,True
Mdga2,MDGA2,MDGA2,True,True
Mdh1,MDH1,MDH1,True,True
Mdh1b,MDH1B,MDH1B,True,True
Mdh2,MDH2,MDH2,True,True
Mdk,MDK,MDK,True,True
Mdm1,MDM1,MDM1,True,True
Mdm2,MDM2,MDM2,True,True
Mdm4,MDM4,MDM4,True,True
Mdn1,MDN1,MDN1,True,True
Mdp1,MDP1,MDP1,False,True
Me1,ME1,ME1,True,True
Me2,ME2,ME2,True,True
Me3,ME3,ME3,True,True
Mea1,MEA1,MEA1,True,True
Meaf6,MEAF6,MEAF6,True,True
Meak7,MEAK7,MEAK7,False,True
Mecom,MECOM,MECOM,True,True
Mecp2,MECP2,MECP2,True,True
Mecr,MECR,MECR,True,True
Med1,MED1,MED1,True,True
Med10,MED10,MED10,True,True
Med11,MED11,MED11,True,True
Med12,MED12,MED12,True,True
Med12l,MED12L,MED12L,True,True
Med13,MED13,MED13,True,True
Med13l,MED13L,MED13L,True,True
Med14,MED14,MED14,True,True
Med15,MED15,MED15,True,True
Med16,MED16,MED16,True,True
Med17,MED17,MED17,True,True
Med18,MED18,MED18,True,True
Med19,MED19,MED19,True,True
Med20,MED20,MED20,True,True
Med21,MED21,MED21,True,True
Med22,MED22,MED22,True,True
Med23,MED23,MED23,True,True
Med24,MED24,MED24,True,True
Med25,MED25,MED25,True,True
Med26,MED26,MED26,True,True
Med27,MED27,MED27,True,True
Med28,MED28,MED28,True,True
Med29,MED29,MED29,True,True
Med30,MED30,MED30,True,True
Med31,MED31,MED31,True,True
Med4,MED4,MED4,True,True
Med6,MED6,MED6,True,True
Med7,MED7,MED7,True,True
Med8,MED8,MED8,True,True
Med9,MED9,MED9,True,True
Medag,MEDAG,MEDAG,True,True
Mef2a,MEF2A,MEF2A,True,True
Mef2b,MEF2B,MEF2B,False,True
Mef2c,MEF2C,MEF2C,True,True
Mef2d,MEF2D,MEF2D,True,True
Meg3,MEG3,MEG3,True,True
Megf10,MEGF10,MEGF10,True,True
Megf11,MEGF11,MEGF11,True,True
Megf6,MEGF6,MEGF6,True,True
Megf8,MEGF8,MEGF8,True,True
Megf9,MEGF9,MEGF9,True,True
Mei1,MEI1,MEI1,True,True
Mei4,MEI4,MEI4,True,True
Meig1,MEIG1,MEIG1,True,True
Meikin,MEIKIN,MEIKIN,False,True
Meioc,MEIOC,MEIOC,False,True
Meis1,MEIS1,MEIS1,True,True
Meis2,MEIS2,MEIS2,True,True
Meis3,MEIS3,MEIS3,True,True
Melk,MELK,MELK,False,True
Meltf,MELTF,MELTF,True,True
Memo1,MEMO1,MEMO1,True,True
Men1,MEN1,MEN1,True,True
Meox1,MEOX1,MEOX1,False,True
Meox2,MEOX2,MEOX2,True,True
Mep1a,MEP1A,MEP1A,False,True
Mepce,MEPCE,MEPCE,True,True
Mertk,MERTK,MERTK,True,True
Mesd,MESD,MESD,False,True
Mest,MEST,MEST,True,True
Met,MET,MET,True,True
Metap1,METAP1,METAP1,True,True
Metap1d,METAP1D,METAP1D,True,True
Metap2,METAP2,METAP2,True,True
Metrn,METRN,METRN,True,True
Metrnl,METRNL,METRNL,True,True
Mettl1,METTL1,METTL1,True,True
Mettl13,METTL13,METTL13,True,False
Mettl14,METTL14,METTL14,True,True
Mettl15,METTL15,METTL15,True,True
Mettl16,METTL16,METTL16,True,True
Mettl17,METTL17,METTL17,True,True
Mettl18,METTL18,METTL18,True,True
Mettl21a,METTL21A,METTL21A,True,True
Mettl21c,METTL21C,METTL21C,False,True
Mettl22,METTL22,METTL22,True,True
Mettl23,METTL23,METTL23,True,True
Mettl24,METTL24,METTL24,True,True
Mettl25,METTL25,METTL25,True,True
Mettl26,METTL26,METTL26,False,True
Mettl27,METTL27,METTL27,False,True
Mettl3,METTL3,METTL3,True,True
Mettl4,METTL4,METTL4,True,True
Mettl5,METTL5,METTL5,True,True
Mettl6,METTL6,METTL6,True,True
Mettl8,METTL8,METTL8,True,True
Mettl9,METTL9,METTL9,True,True
Mex3a,MEX3A,MEX3A,True,True
Mex3b,MEX3B,MEX3B,True,True
Mex3c,MEX3C,MEX3C,True,True
Mex3d,MEX3D,MEX3D,True,True
Mfap2,MFAP2,MFAP2,False,True
Mfap3,MFAP3,MFAP3,True,True
Mfap3l,MFAP3L,MFAP3L,True,True
Mfap4,MFAP4,MFAP4,True,True
Mfap5,MFAP5,MFAP5,True,True
Mff,MFF,MFF,True,True
Mfge8,MFGE8,MFGE8,True,True
Mfhas1,MFHAS1,MFHAS1,True,True
Mfn1,MFN1,MFN1,True,True
Mfn2,MFN2,MFN2,True,True
Mfng,MFNG,MFNG,True,True
Mfrp,MFRP,MFRP,True,True
Mfsd1,MFSD1,MFSD1,True,True
Mfsd10,MFSD10,MFSD10,True,True
Mfsd11,MFSD11,MFSD11,True,True
Mfsd12,MFSD12,MFSD12,True,True
Mfsd13a,MFSD13A,MFSD13A,True,True
Mfsd14a,MFSD14A,MFSD14A,True,True
Mfsd14b,MFSD14B,MFSD14B,True,True
Mfsd2a,MFSD2A,MFSD2A,True,True
Mfsd2b,MFSD2B,MFSD2B,True,True
Mfsd3,MFSD3,MFSD3,True,True
Mfsd4a,MFSD4A,MFSD4A,True,True
Mfsd5,MFSD5,MFSD5,True,True
Mfsd6,MFSD6,MFSD6,True,True
Mfsd8,MFSD8,MFSD8,True,True
Mfsd9,MFSD9,MFSD9,True,True
Mga,MGA,MGA,True,True
Mgam,MGAM,MGAM,True,True
Mgarp,MGARP,MGARP,True,True
Mgat1,MGAT1,MGAT1,True,True
Mgat2,MGAT2,MGAT2,True,True
Mgat3,MGAT3,MGAT3,True,True
Mgat4a,MGAT4A,MGAT4A,True,True
Mgat4b,MGAT4B,MGAT4B,True,True
Mgat4c,MGAT4C,MGAT4C,True,True
Mgat5,MGAT5,MGAT5,True,True
Mgat5b,MGAT5B,MGAT5B,True,True
Mgea5,MGEA5,MGEA5,True,False
Mgll,MGLL,MGLL,True,True
Mgme1,MGME1,MGME1,True,True
Mgmt,MGMT,MGMT,True,True
Mgp,MGP,MGP,True,True
Mgrn1,MGRN1,MGRN1,True,True
Mgst1,MGST1,MGST1,True,True
Mgst2,MGST2,MGST2,True,True
Mgst3,MGST3,MGST3,True,True
Mia,MIA,MIA,False,True
Mia2,MIA2,MIA2,False,True
Mia3,MIA3,MIA3,True,True
Miat,MIAT,MIAT,True,True
Mib1,MIB1,MIB1,True,True
Mib2,MIB2,MIB2,True,True
Mical1,MICAL1,MICAL1,True,True
Mical2,MICAL2,MICAL2,True,True
Mical3,MICAL3,MICAL3,True,True
Micalcl,MICALCL,MICALCL,True,False
Micall1,MICALL1,MICALL1,True,True
Micall2,MICALL2,MICALL2,True,True
Micos10,MICOS10,MICOS10,False,True
Micos13,MICOS13,MICOS13,False,True
Micu1,MICU1,MICU1,True,True
Micu2,MICU2,MICU2,True,True
Micu3,MICU3,MICU3,True,True
Mid1,MID1,MID1,True,True
Mid1ip1,MID1IP1,MID1IP1,True,True
Mid2,MID2,MID2,True,True
Midn,MIDN,MIDN,True,True
Mief1,MIEF1,MIEF1,True,True
Mief2,MIEF2,MIEF2,True,True
Mien1,MIEN1,MIEN1,True,True
Mier1,MIER1,MIER1,True,True
Mier2,MIER2,MIER2,True,True
Mier3,MIER3,MIER3,True,True
Mif,MIF,MIF,True,True
Mif4gd,MIF4GD,MIF4GD,True,True
Miga1,MIGA1,MIGA1,False,True
Miga2,MIGA2,MIGA2,False,True
Miip,MIIP,MIIP,True,True
Milr1,MILR1,MILR1,True,True
Minar1,MINAR1,MINAR1,False,True
Minar2,MINAR2,MINAR2,False,True
Mindy1,MINDY1,MINDY1,False,True
Mindy2,MINDY2,MINDY2,False,True
Mindy3,MINDY3,MINDY3,False,True
Mindy4,MINDY4,MINDY4,False,True
Mink1,MINK1,MINK1,True,True
Minos1,MINOS1,MINOS1,True,False
Minpp1,MINPP1,MINPP1,True,True
Mios,MIOS,MIOS,True,True
Mipep,MIPEP,MIPEP,True,True
Mipol1,MIPOL1,MIPOL1,True,True
Mir100hg,MIR100HG,MIR100HG,True,True
Mir124-2hg,MIR124-2HG,MIR124-2HG,True,True
Mir155hg,MIR155HG,MIR155HG,False,True
Mir17hg,MIR17HG,MIR17HG,True,True
Mir22hg,MIR22HG,MIR22HG,True,True
Mir670hg,MIR670HG,MIR670HG,False,True
Mir9-3hg,MIR9-3HG,MIR9-3HG,True,True
Mir99ahg,MIR99AHG,MIR99AHG,True,True
Mis12,MIS12,MIS12,True,True
Mis18a,MIS18A,MIS18A,True,True
Mis18bp1,MIS18BP1,MIS18BP1,True,True
Misp,MISP,MISP,True,True
Mitd1,MITD1,MITD1,True,True
Mitf,MITF,MITF,True,True
Mki67,MKI67,MKI67,True,True
Mkks,MKKS,MKKS,True,True
Mkl1,MKL1,MKL1,True,False
Mkl2,MKL2,MKL2,True,False
Mkln1,MKLN1,MKLN1,True,True
Mknk1,MKNK1,MKNK1,True,True
Mknk2,MKNK2,MKNK2,True,True
Mkrn1,MKRN1,MKRN1,True,True
Mkrn2,MKRN2,MKRN2,True,True
Mkrn2os,MKRN2OS,MKRN2OS,True,True
Mkrn3,MKRN3,MKRN3,True,True
Mks1,MKS1,MKS1,True,True
Mkx,MKX,MKX,True,True
Mlc1,MLC1,MLC1,True,True
Mlec,MLEC,MLEC,True,True
Mlf1,MLF1,MLF1,True,True
Mlf2,MLF2,MLF2,True,True
Mlh1,MLH1,MLH1,True,True
Mlh3,MLH3,MLH3,True,True
Mlip,MLIP,MLIP,True,True
Mlkl,MLKL,MLKL,True,True
Mllt1,MLLT1,MLLT1,True,True
Mllt10,MLLT10,MLLT10,True,True
Mllt11,MLLT11,MLLT11,True,True
Mllt3,MLLT3,MLLT3,True,True
Mllt6,MLLT6,MLLT6,True,True
Mlph,MLPH,MLPH,True,True
Mlst8,MLST8,MLST8,True,True
Mlx,MLX,MLX,True,True
Mlxip,MLXIP,MLXIP,True,True
Mlxipl,MLXIPL,MLXIPL,True,True
Mlycd,MLYCD,MLYCD,True,True
Mmaa,MMAA,MMAA,True,True
Mmab,MMAB,MMAB,True,True
Mmachc,MMACHC,MMACHC,True,True
Mmadhc,MMADHC,MMADHC,True,True
Mmd,MMD,MMD,True,True
Mmd2,MMD2,MMD2,True,True
Mme,MME,MME,True,True
Mmel1,MMEL1,MMEL1,True,True
Mmgt1,MMGT1,MMGT1,True,True
Mmp11,MMP11,MMP11,True,True
Mmp14,MMP14,MMP14,True,True
Mmp15,MMP15,MMP15,True,True
Mmp16,MMP16,MMP16,True,True
Mmp17,MMP17,MMP17,True,True
Mmp19,MMP19,MMP19,False,True
Mmp2,MMP2,MMP2,True,True
Mmp21,MMP21,MMP21,True,True
Mmp24,MMP24,MMP24,True,True
Mmp25,MMP25,MMP25,True,True
Mmp28,MMP28,MMP28,True,True
Mmp9,MMP9,MMP9,False,True
Mmrn2,MMRN2,MMRN2,True,True
Mms19,MMS19,MMS19,True,True
Mms22l,MMS22L,MMS22L,True,True
Mmut,MMUT,MMUT,False,True
Mn1,MN1,MN1,True,True
Mnat1,MNAT1,MNAT1,True,True
Mnd1,MND1,MND1,True,True
Mns1,MNS1,MNS1,True,True
Mnt,MNT,MNT,True,True
Moap1,MOAP1,MOAP1,True,True
Mob1a,MOB1A,MOB1A,True,True
Mob1b,MOB1B,MOB1B,True,True
Mob2,MOB2,MOB2,True,True
Mob3a,MOB3A,MOB3A,True,True
Mob3b,MOB3B,MOB3B,True,True
Mob3c,MOB3C,MOB3C,True,True
Mob4,MOB4,MOB4,True,True
Mobp,MOBP,MOBP,True,True
Mocos,MOCOS,MOCOS,True,True
Mocs1,MOCS1,MOCS1,True,True
Mocs2,MOCS2,MOCS2,True,True
Mocs3,MOCS3,MOCS3,True,True
Mog,MOG,MOG,True,True
Mogat1,MOGAT1,MOGAT1,True,True
Mogs,MOGS,MOGS,True,True
Mok,MOK,MOK,True,True
Mon1a,MON1A,MON1A,True,True
Mon1b,MON1B,MON1B,True,True
Mon2,MON2,MON2,True,True
Morc1,MORC1,MORC1,True,True
Morc3,MORC3,MORC3,True,True
Morc4,MORC4,MORC4,True,True
Morf4l1,MORF4L1,MORF4L1,True,True
Morf4l2,MORF4L2,MORF4L2,True,True
Morn1,MORN1,MORN1,True,True
Morn2,MORN2,MORN2,True,True
Morn3,MORN3,MORN3,True,True
Morn4,MORN4,MORN4,True,True
Morn5,MORN5,MORN5,True,True
Mosmo,MOSMO,MOSMO,False,True
Mospd1,MOSPD1,MOSPD1,True,True
Mospd2,MOSPD2,MOSPD2,True,True
Mospd3,MOSPD3,MOSPD3,True,True
Mov10,MOV10,MOV10,True,True
Mov10l1,MOV10L1,MOV10L1,True,True
Moxd1,MOXD1,MOXD1,True,True
Mpc1,MPC1,MPC1,True,True
Mpc2,MPC2,MPC2,True,True
Mpdu1,MPDU1,MPDU1,True,True
Mpdz,MPDZ,MPDZ,True,True
Mpeg1,MPEG1,MPEG1,True,True
Mpg,MPG,MPG,True,True
Mphosph10,MPHOSPH10,MPHOSPH10,True,True
Mphosph6,MPHOSPH6,MPHOSPH6,True,True
Mphosph8,MPHOSPH8,MPHOSPH8,True,True
Mphosph9,MPHOSPH9,MPHOSPH9,True,True
Mpi,MPI,MPI,True,True
Mpl,MPL,MPL,True,True
Mplkip,MPLKIP,MPLKIP,True,True
Mpnd,MPND,MPND,True,True
Mpp1,MPP1,MPP1,True,True
Mpp2,MPP2,MPP2,True,True
Mpp3,MPP3,MPP3,True,True
Mpp4,MPP4,MPP4,True,True
Mpp5,MPP5,MPP5,True,True
Mpp6,MPP6,MPP6,True,True
Mpp7,MPP7,MPP7,True,True
Mppe1,MPPE1,MPPE1,True,True
Mpped1,MPPED1,MPPED1,True,True
Mpped2,MPPED2,MPPED2,True,True
Mprip,MPRIP,MPRIP,True,True
Mpst,MPST,MPST,True,True
Mpv17,MPV17,MPV17,True,True
Mpv17l,MPV17L,MPV17L,True,True
Mpv17l2,MPV17L2,MPV17L2,True,True
Mpz,MPZ,MPZ,True,True
Mpzl1,MPZL1,MPZL1,True,True
Mpzl2,MPZL2,MPZL2,True,True
Mpzl3,MPZL3,MPZL3,True,True
Mr1,MR1,MR1,True,True
Mrap,MRAP,MRAP,True,True
Mrap2,MRAP2,MRAP2,True,True
Mras,MRAS,MRAS,True,True
Mrc1,MRC1,MRC1,True,True
Mrc2,MRC2,MRC2,True,True
Mre11a,MRE11A,MRE11A,True,False
Mreg,MREG,MREG,True,True
Mrfap1,MRFAP1,MRFAP1,True,True
Mrgbp,MRGBP,MRGBP,True,True
Mrgpre,MRGPRE,MRGPRE,True,True
Mrgprx1,MRGPRX1,MRGPRX1,False,True
Mri1,MRI1,MRI1,True,True
Mrln,MRLN,MRLN,False,True
Mrm1,MRM1,MRM1,True,True
Mrm2,MRM2,MRM2,True,True
Mrm3,MRM3,MRM3,True,True
Mrnip,MRNIP,MRNIP,False,True
Mro,MRO,MRO,True,True
Mroh1,MROH1,MROH1,True,True
Mroh2a,MROH2A,MROH2A,False,True
Mroh7,MROH7,MROH7,True,True
Mroh8,MROH8,MROH8,True,True
Mrpl1,MRPL1,MRPL1,True,True
Mrpl10,MRPL10,MRPL10,True,True
Mrpl11,MRPL11,MRPL11,True,True
Mrpl12,MRPL12,MRPL12,True,True
Mrpl13,MRPL13,MRPL13,True,True
Mrpl14,MRPL14,MRPL14,True,True
Mrpl15,MRPL15,MRPL15,True,True
Mrpl16,MRPL16,MRPL16,True,True
Mrpl17,MRPL17,MRPL17,True,True
Mrpl18,MRPL18,MRPL18,True,True
Mrpl19,MRPL19,MRPL19,True,True
Mrpl2,MRPL2,MRPL2,True,True
Mrpl20,MRPL20,MRPL20,True,True
Mrpl21,MRPL21,MRPL21,True,True
Mrpl22,MRPL22,MRPL22,True,True
Mrpl23,MRPL23,MRPL23,True,True
Mrpl24,MRPL24,MRPL24,True,True
Mrpl27,MRPL27,MRPL27,True,True
Mrpl28,MRPL28,MRPL28,True,True
Mrpl3,MRPL3,MRPL3,True,True
Mrpl30,MRPL30,MRPL30,True,True
Mrpl32,MRPL32,MRPL32,True,True
Mrpl33,MRPL33,MRPL33,True,True
Mrpl34,MRPL34,MRPL34,True,True
Mrpl35,MRPL35,MRPL35,True,True
Mrpl36,MRPL36,MRPL36,True,True
Mrpl37,MRPL37,MRPL37,True,True
Mrpl38,MRPL38,MRPL38,True,True
Mrpl39,MRPL39,MRPL39,True,True
Mrpl4,MRPL4,MRPL4,True,True
Mrpl40,MRPL40,MRPL40,True,True
Mrpl41,MRPL41,MRPL41,True,True
Mrpl42,MRPL42,MRPL42,True,True
Mrpl43,MRPL43,MRPL43,True,True
Mrpl44,MRPL44,MRPL44,True,True
Mrpl45,MRPL45,MRPL45,True,True
Mrpl46,MRPL46,MRPL46,True,True
Mrpl47,MRPL47,MRPL47,True,True
Mrpl48,MRPL48,MRPL48,True,True
Mrpl49,MRPL49,MRPL49,True,True
Mrpl50,MRPL50,MRPL50,True,True
Mrpl51,MRPL51,MRPL51,True,True
Mrpl52,MRPL52,MRPL52,True,True
Mrpl53,MRPL53,MRPL53,True,True
Mrpl54,MRPL54,MRPL54,True,True
Mrpl55,MRPL55,MRPL55,True,True
Mrpl57,MRPL57,MRPL57,True,True
Mrpl58,MRPL58,MRPL58,True,True
Mrpl9,MRPL9,MRPL9,True,True
Mrps10,MRPS10,MRPS10,True,True
Mrps11,MRPS11,MRPS11,True,True
Mrps12,MRPS12,MRPS12,True,True
Mrps14,MRPS14,MRPS14,True,True
Mrps15,MRPS15,MRPS15,True,True
Mrps16,MRPS16,MRPS16,True,True
Mrps17,MRPS17,MRPS17,True,True
Mrps18a,MRPS18A,MRPS18A,True,True
Mrps18b,MRPS18B,MRPS18B,True,True
Mrps18c,MRPS18C,MRPS18C,True,True
Mrps2,MRPS2,MRPS2,True,True
Mrps21,MRPS21,MRPS21,True,True
Mrps22,MRPS22,MRPS22,True,True
Mrps23,MRPS23,MRPS23,True,True
Mrps24,MRPS24,MRPS24,True,True
Mrps25,MRPS25,MRPS25,True,True
Mrps26,MRPS26,MRPS26,True,True
Mrps27,MRPS27,MRPS27,True,True
Mrps28,MRPS28,MRPS28,True,True
Mrps30,MRPS30,MRPS30,True,True
Mrps31,MRPS31,MRPS31,True,True
Mrps33,MRPS33,MRPS33,True,True
Mrps34,MRPS34,MRPS34,True,True
Mrps35,MRPS35,MRPS35,True,True
Mrps36,MRPS36,MRPS36,True,True
Mrps5,MRPS5,MRPS5,True,True
Mrps6,MRPS6,MRPS6,True,True
Mrps7,MRPS7,MRPS7,True,True
Mrps9,MRPS9,MRPS9,True,True
Mrrf,MRRF,MRRF,True,True
Mrs2,MRS2,MRS2,True,True
Mrtfa,MRTFA,MRTFA,False,True
Mrtfb,MRTFB,MRTFB,False,True
Mrto4,MRTO4,MRTO4,True,True
Mrvi1,MRVI1,MRVI1,True,True
Ms4a1,MS4A1,MS4A1,False,True
Ms4a14,MS4A14,MS4A14,True,True
Ms4a4a,MS4A4A,MS4A4A,True,True
Ms4a7,MS4A7,MS4A7,True,True
Msantd1,MSANTD1,MSANTD1,True,True
Msantd2,MSANTD2,MSANTD2,True,True
Msantd3,MSANTD3,MSANTD3,True,True
Msantd4,MSANTD4,MSANTD4,True,True
Msc,MSC,MSC,True,True
Msh2,MSH2,MSH2,True,True
Msh3,MSH3,MSH3,True,True
Msh4,MSH4,MSH4,True,True
Msh5,MSH5,MSH5,True,True
Msh6,MSH6,MSH6,True,True
Msi1,MSI1,MSI1,True,True
Msi2,MSI2,MSI2,True,True
Msl1,MSL1,MSL1,True,True
Msl2,MSL2,MSL2,True,True
Msl3,MSL3,MSL3,True,True
Msmo1,MSMO1,MSMO1,True,True
Msmp,MSMP,MSMP,False,True
Msn,MSN,MSN,True,True
Msr1,MSR1,MSR1,True,True
Msra,MSRA,MSRA,True,True
Msrb1,MSRB1,MSRB1,True,True
Msrb2,MSRB2,MSRB2,True,True
Msrb3,MSRB3,MSRB3,True,True
Mss51,MSS51,MSS51,True,True
Mst1r,MST1R,MST1R,True,True
Msto1,MSTO1,MSTO1,True,True
Msx1,MSX1,MSX1,True,True
Msx2,MSX2,MSX2,True,True
Mt3,MT3,MT3,True,True
Mta1,MTA1,MTA1,True,True
Mta2,MTA2,MTA2,True,True
Mta3,MTA3,MTA3,True,True
Mtap,MTAP,MTAP,True,True
Mtbp,MTBP,MTBP,True,True
Mtch1,MTCH1,MTCH1,True,True
Mtch2,MTCH2,MTCH2,True,True
Mtcl1,MTCL1,MTCL1,True,True
Mtcp1,MTCP1,MTCP1,True,True
Mtdh,MTDH,MTDH,True,True
Mterf2,MTERF2,MTERF2,True,True
Mterf3,MTERF3,MTERF3,True,True
Mterf4,MTERF4,MTERF4,True,True
Mtf1,MTF1,MTF1,True,True
Mtf2,MTF2,MTF2,True,True
Mtfmt,MTFMT,MTFMT,True,True
Mtfp1,MTFP1,MTFP1,True,True
Mtfr1,MTFR1,MTFR1,True,True
Mtfr1l,MTFR1L,MTFR1L,True,True
Mtfr2,MTFR2,MTFR2,True,True
Mtg1,MTG1,MTG1,True,True
Mtg2,MTG2,MTG2,True,True
Mthfd1,MTHFD1,MTHFD1,True,True
Mthfd1l,MTHFD1L,MTHFD1L,True,True
Mthfd2,MTHFD2,MTHFD2,True,True
Mthfd2l,MTHFD2L,MTHFD2L,True,True
Mthfr,MTHFR,MTHFR,True,True
Mthfs,MTHFS,MTHFS,True,True
Mthfsd,MTHFSD,MTHFSD,True,True
Mtif2,MTIF2,MTIF2,True,True
Mtif3,MTIF3,MTIF3,True,True
Mtln,MTLN,MTLN,False,True
Mtm1,MTM1,MTM1,True,True
Mtmr1,MTMR1,MTMR1,True,True
Mtmr10,MTMR10,MTMR10,True,True
Mtmr11,MTMR11,MTMR11,True,True
Mtmr12,MTMR12,MTMR12,True,True
Mtmr14,MTMR14,MTMR14,True,True
Mtmr2,MTMR2,MTMR2,True,True
Mtmr3,MTMR3,MTMR3,True,True
Mtmr4,MTMR4,MTMR4,True,True
Mtmr6,MTMR6,MTMR6,True,True
Mtmr7,MTMR7,MTMR7,True,True
Mtmr9,MTMR9,MTMR9,True,True
Mtnr1a,MTNR1A,MTNR1A,False,True
Mto1,MTO1,MTO1,True,True
Mtor,MTOR,MTOR,True,True
Mtpap,MTPAP,MTPAP,True,True
Mtpn,MTPN,MTPN,True,True
Mtr,MTR,MTR,True,True
Mtrex,MTREX,MTREX,False,True
Mtrf1,MTRF1,MTRF1,True,True
Mtrf1l,MTRF1L,MTRF1L,True,True
Mtrr,MTRR,MTRR,True,True
Mtss1,MTSS1,MTSS1,True,True
Mtss1l,MTSS1L,MTSS1L,True,False
Mtss2,MTSS2,MTSS2,False,True
Mttp,MTTP,MTTP,True,True
Mturn,MTURN,MTURN,True,True
Mtus1,MTUS1,MTUS1,True,True
Mtus2,MTUS2,MTUS2,True,True
Mtx1,MTX1,MTX1,True,True
Mtx2,MTX2,MTX2,True,True
Mtx3,MTX3,MTX3,True,True
Muc1,MUC1,MUC1,True,True
Muc13,MUC13,MUC13,False,True
Muc15,MUC15,MUC15,False,True
Muc3a,MUC3A,MUC3A,False,True
Muc6,MUC6,MUC6,False,True
Mucl1,MUCL1,MUCL1,False,True
Mul1,MUL1,MUL1,True,True
Mum1,MUM1,MUM1,True,False
Mum1l1,MUM1L1,MUM1L1,True,False
Mus81,MUS81,MUS81,True,True
Musk,MUSK,MUSK,True,True
Mustn1,MUSTN1,MUSTN1,False,True
Mut,MUT,MUT,True,False
Mutyh,MUTYH,MUTYH,True,True
Mvb12a,MVB12A,MVB12A,True,True
Mvb12b,MVB12B,MVB12B,True,True
Mvd,MVD,MVD,True,True
Mvk,MVK,MVK,True,True
Mvp,MVP,MVP,True,True
Mx1,MX1,MX1,True,True
Mxd1,MXD1,MXD1,True,True
Mxd3,MXD3,MXD3,True,True
Mxd4,MXD4,MXD4,True,True
Mxi1,MXI1,MXI1,True,True
Mxra7,MXRA7,MXRA7,True,True
Mxra8,MXRA8,MXRA8,True,True
Myadm,MYADM,MYADM,True,True
Myadml2,MYADML2,MYADML2,True,True
Myb,MYB,MYB,True,True
Mybbp1a,MYBBP1A,MYBBP1A,True,True
Mybl1,MYBL1,MYBL1,True,True
Mybl2,MYBL2,MYBL2,False,True
Mybpc1,MYBPC1,MYBPC1,True,True
Mybpc2,MYBPC2,MYBPC2,True,True
Mybpc3,MYBPC3,MYBPC3,False,True
Mybph,MYBPH,MYBPH,False,True
Mybphl,MYBPHL,MYBPHL,True,True
Myc,MYC,MYC,True,True
Mycbp,MYCBP,MYCBP,True,True
Mycbp2,MYCBP2,MYCBP2,True,True
Mycbpap,MYCBPAP,MYCBPAP,True,True
Mycl,MYCL,MYCL,True,True
Mycn,MYCN,MYCN,True,True
Myct1,MYCT1,MYCT1,True,True
Myd88,MYD88,MYD88,True,True
Mydgf,MYDGF,MYDGF,True,True
Myef2,MYEF2,MYEF2,True,True
Myh1,MYH1,MYH1,False,True
Myh10,MYH10,MYH10,True,True
Myh11,MYH11,MYH11,True,True
Myh13,MYH13,MYH13,True,True
Myh14,MYH14,MYH14,True,True
Myh15,MYH15,MYH15,True,True
Myh3,MYH3,MYH3,True,True
Myh4,MYH4,MYH4,True,True
Myh6,MYH6,MYH6,False,True
Myh7,MYH7,MYH7,True,True
Myh7b,MYH7B,MYH7B,True,True
Myh8,MYH8,MYH8,False,True
Myh9,MYH9,MYH9,True,True
Myl1,MYL1,MYL1,False,True
Myl12a,MYL12A,MYL12A,True,True
Myl12b,MYL12B,MYL12B,True,True
Myl2,MYL2,MYL2,False,True
Myl3,MYL3,MYL3,True,True
Myl4,MYL4,MYL4,False,True
Myl6,MYL6,MYL6,True,True
Myl6b,MYL6B,MYL6B,True,True
Myl9,MYL9,MYL9,True,True
Mylip,MYLIP,MYLIP,True,True
Mylk,MYLK,MYLK,True,True
Mylk3,MYLK3,MYLK3,True,True
Mylk4,MYLK4,MYLK4,True,True
Mylpf,MYLPF,MYLPF,False,True
Mymk,MYMK,MYMK,False,True
Mynn,MYNN,MYNN,True,True
Myo10,MYO10,MYO10,True,True
Myo16,MYO16,MYO16,True,True
Myo18a,MYO18A,MYO18A,True,True
Myo18b,MYO18B,MYO18B,True,True
Myo19,MYO19,MYO19,True,True
Myo1a,MYO1A,MYO1A,True,True
Myo1b,MYO1B,MYO1B,True,True
Myo1c,MYO1C,MYO1C,True,True
Myo1d,MYO1D,MYO1D,True,True
Myo1e,MYO1E,MYO1E,True,True
Myo1f,MYO1F,MYO1F,True,True
Myo1g,MYO1G,MYO1G,True,True
Myo1h,MYO1H,MYO1H,False,True
Myo3a,MYO3A,MYO3A,True,True
Myo3b,MYO3B,MYO3B,True,True
Myo5a,MYO5A,MYO5A,True,True
Myo5b,MYO5B,MYO5B,True,True
Myo5c,MYO5C,MYO5C,True,True
Myo6,MYO6,MYO6,True,True
Myo7a,MYO7A,MYO7A,True,True
Myo7b,MYO7B,MYO7B,True,True
Myo9a,MYO9A,MYO9A,True,True
Myo9b,MYO9B,MYO9B,True,True
Myoc,MYOC,MYOC,False,True
Myocd,MYOCD,MYOCD,True,True
Myof,MYOF,MYOF,True,True
Myog,MYOG,MYOG,False,True
Myom1,MYOM1,MYOM1,True,True
Myorg,MYORG,MYORG,False,True
Myot,MYOT,MYOT,True,True
Myoz2,MYOZ2,MYOZ2,True,True
Mypn,MYPN,MYPN,False,True
Mypop,MYPOP,MYPOP,True,True
Myrf,MYRF,MYRF,True,True
Myrfl,MYRFL,MYRFL,True,True
Myrip,MYRIP,MYRIP,True,True
Mysm1,MYSM1,MYSM1,True,True
Myt1,MYT1,MYT1,True,True
Myt1l,MYT1L,MYT1L,True,True
Myzap,MYZAP,MYZAP,True,True
Mzb1,MZB1,MZB1,False,True
Mzf1,MZF1,MZF1,True,True
Mzt1,MZT1,MZT1,True,True
N4bp1,N4BP1,N4BP1,True,True
N4bp2,N4BP2,N4BP2,True,True
N4bp2l1,N4BP2L1,N4BP2L1,True,True
N4bp2l2,N4BP2L2,N4BP2L2,True,True
N4bp3,N4BP3,N4BP3,True,True
N6amt1,N6AMT1,N6AMT1,True,True
Naa10,NAA10,NAA10,True,True
Naa15,NAA15,NAA15,True,True
Naa16,NAA16,NAA16,True,True
Naa20,NAA20,NAA20,True,True
Naa25,NAA25,NAA25,True,True
Naa30,NAA30,NAA30,True,True
Naa35,NAA35,NAA35,True,True
Naa38,NAA38,NAA38,True,True
Naa40,NAA40,NAA40,True,True
Naa50,NAA50,NAA50,True,True
Naa60,NAA60,NAA60,True,True
Naa80,NAA80,NAA80,False,True
Naaa,NAAA,NAAA,True,True
Naalad2,NAALAD2,NAALAD2,True,True
Naaladl2,NAALADL2,NAALADL2,True,True
Nab1,NAB1,NAB1,True,True
Nab2,NAB2,NAB2,True,True
Nabp1,NABP1,NABP1,True,True
Nabp2,NABP2,NABP2,True,True
Naca,NACA,NACA,True,True
Nacad,NACAD,NACAD,True,True
Nacc1,NACC1,NACC1,True,True
Nacc2,NACC2,NACC2,True,True
Nadk,NADK,NADK,True,True
Nadk2,NADK2,NADK2,True,True
Nadsyn1,NADSYN1,NADSYN1,True,True
Nae1,NAE1,NAE1,True,True
Naf1,NAF1,NAF1,True,True
Naga,NAGA,NAGA,True,True
Nagk,NAGK,NAGK,True,True
Naglu,NAGLU,NAGLU,True,True
Nagpa,NAGPA,NAGPA,True,True
Nags,NAGS,NAGS,True,True
Naif1,NAIF1,NAIF1,True,True
Nalcn,NALCN,NALCN,True,True
Nampt,NAMPT,NAMPT,True,True
Nanog,NANOG,NANOG,False,True
Nanos1,NANOS1,NANOS1,True,True
Nanos2,NANOS2,NANOS2,False,True
Nanos3,NANOS3,NANOS3,True,True
Nanp,NANP,NANP,True,True
Nans,NANS,NANS,True,True
Nap1l1,NAP1L1,NAP1L1,True,True
Nap1l2,NAP1L2,NAP1L2,True,True
Nap1l3,NAP1L3,NAP1L3,True,True
Nap1l4,NAP1L4,NAP1L4,True,True
Nap1l5,NAP1L5,NAP1L5,True,True
Napa,NAPA,NAPA,True,True
Napb,NAPB,NAPB,True,True
Napepld,NAPEPLD,NAPEPLD,True,True
Napg,NAPG,NAPG,True,True
Naprt,NAPRT,NAPRT,True,True
Napsa,NAPSA,NAPSA,True,True
Narf,NARF,NARF,True,True
Narfl,NARFL,NARFL,True,False
Nars,NARS,NARS,True,True
Nars2,NARS2,NARS2,True,True
Nasp,NASP,NASP,True,True
Nat1,NAT1,NAT1,True,True
Nat10,NAT10,NAT10,True,True
Nat14,NAT14,NAT14,True,True
Nat2,NAT2,NAT2,False,True
Nat6,NAT6,NAT6,True,False
Nat8,NAT8,NAT8,False,True
Nat8l,NAT8L,NAT8L,True,True
Nat9,NAT9,NAT9,True,True
Natd1,NATD1,NATD1,True,True
Nav1,NAV1,NAV1,True,True
Nav2,NAV2,NAV2,True,True
Nav3,NAV3,NAV3,True,True
Naxd,NAXD,NAXD,True,True
Naxe,NAXE,NAXE,True,True
Nbas,NBAS,NBAS,True,True
Nbdy,NBDY,NBDY,False,True
Nbea,NBEA,NBEA,True,True
Nbeal1,NBEAL1,NBEAL1,True,True
Nbeal2,NBEAL2,NBEAL2,True,True
Nbl1,NBL1,NBL1,True,True
Nbn,NBN,NBN,True,True
Nbr1,NBR1,NBR1,True,True
Ncald,NCALD,NCALD,True,True
Ncam1,NCAM1,NCAM1,True,True
Ncam2,NCAM2,NCAM2,True,True
Ncan,NCAN,NCAN,True,True
Ncapd2,NCAPD2,NCAPD2,True,True
Ncapd3,NCAPD3,NCAPD3,True,True
Ncapg,NCAPG,NCAPG,True,True
Ncapg2,NCAPG2,NCAPG2,True,True
Ncaph,NCAPH,NCAPH,True,True
Ncaph2,NCAPH2,NCAPH2,True,True
Ncbp1,NCBP1,NCBP1,True,True
Ncbp2,NCBP2,NCBP2,True,True
Ncbp3,NCBP3,NCBP3,True,True
Ncdn,NCDN,NCDN,True,True
Nceh1,NCEH1,NCEH1,True,True
Ncf1,NCF1,NCF1,True,True
Ncf2,NCF2,NCF2,True,True
Ncf4,NCF4,NCF4,True,True
Nck1,NCK1,NCK1,True,True
Nck2,NCK2,NCK2,True,True
Nckap1,NCKAP1,NCKAP1,True,True
Nckap1l,NCKAP1L,NCKAP1L,True,True
Nckap5,NCKAP5,NCKAP5,True,True
Nckap5l,NCKAP5L,NCKAP5L,True,True
Nckipsd,NCKIPSD,NCKIPSD,True,True
Ncl,NCL,NCL,True,True
Ncln,NCLN,NCLN,True,True
Ncmap,NCMAP,NCMAP,True,True
Ncoa1,NCOA1,NCOA1,True,True
Ncoa2,NCOA2,NCOA2,True,True
Ncoa3,NCOA3,NCOA3,True,True
Ncoa4,NCOA4,NCOA4,True,True
Ncoa5,NCOA5,NCOA5,True,True
Ncoa6,NCOA6,NCOA6,True,True
Ncoa7,NCOA7,NCOA7,True,True
Ncor1,NCOR1,NCOR1,True,True
Ncor2,NCOR2,NCOR2,True,True
Ncs1,NCS1,NCS1,True,True
Ncstn,NCSTN,NCSTN,True,True
Ndc1,NDC1,NDC1,True,True
Ndc80,NDC80,NDC80,False,True
Nde1,NDE1,NDE1,True,True
Ndel1,NDEL1,NDEL1,True,True
Ndfip1,NDFIP1,NDFIP1,True,True
Ndfip2,NDFIP2,NDFIP2,True,True
Ndn,NDN,NDN,True,True
Ndnf,NDNF,NDNF,True,True
Ndor1,NDOR1,NDOR1,True,True
Ndp,NDP,NDP,True,True
Ndrg1,NDRG1,NDRG1,True,True
Ndrg2,NDRG2,NDRG2,True,True
Ndrg3,NDRG3,NDRG3,True,True
Ndrg4,NDRG4,NDRG4,True,True
Ndst1,NDST1,NDST1,True,True
Ndst2,NDST2,NDST2,True,True
Ndst3,NDST3,NDST3,True,True
Ndst4,NDST4,NDST4,True,True
Ndufa1,NDUFA1,NDUFA1,True,True
Ndufa10,NDUFA10,NDUFA10,True,True
Ndufa11,NDUFA11,NDUFA11,True,True
Ndufa12,NDUFA12,NDUFA12,True,True
Ndufa13,NDUFA13,NDUFA13,True,True
Ndufa2,NDUFA2,NDUFA2,True,True
Ndufa3,NDUFA3,NDUFA3,True,True
Ndufa4,NDUFA4,NDUFA4,True,True
Ndufa4l2,NDUFA4L2,NDUFA4L2,True,True
Ndufa5,NDUFA5,NDUFA5,True,True
Ndufa6,NDUFA6,NDUFA6,True,True
Ndufa7,NDUFA7,NDUFA7,True,True
Ndufa8,NDUFA8,NDUFA8,True,True
Ndufa9,NDUFA9,NDUFA9,True,True
Ndufab1,NDUFAB1,NDUFAB1,True,True
Ndufaf1,NDUFAF1,NDUFAF1,True,True
Ndufaf2,NDUFAF2,NDUFAF2,True,True
Ndufaf3,NDUFAF3,NDUFAF3,True,True
Ndufaf4,NDUFAF4,NDUFAF4,True,True
Ndufaf5,NDUFAF5,NDUFAF5,True,True
Ndufaf6,NDUFAF6,NDUFAF6,True,True
Ndufaf7,NDUFAF7,NDUFAF7,True,True
Ndufaf8,NDUFAF8,NDUFAF8,False,True
Ndufb10,NDUFB10,NDUFB10,True,True
Ndufb11,NDUFB11,NDUFB11,True,True
Ndufb2,NDUFB2,NDUFB2,True,True
Ndufb3,NDUFB3,NDUFB3,True,True
Ndufb4,NDUFB4,NDUFB4,True,True
Ndufb5,NDUFB5,NDUFB5,True,True
Ndufb6,NDUFB6,NDUFB6,True,True
Ndufb7,NDUFB7,NDUFB7,True,True
Ndufb8,NDUFB8,NDUFB8,True,True
Ndufb9,NDUFB9,NDUFB9,True,True
Ndufc1,NDUFC1,NDUFC1,True,True
Ndufc2,NDUFC2,NDUFC2,True,True
Ndufs1,NDUFS1,NDUFS1,True,True
Ndufs2,NDUFS2,NDUFS2,True,True
Ndufs3,NDUFS3,NDUFS3,True,True
Ndufs4,NDUFS4,NDUFS4,True,True
Ndufs5,NDUFS5,NDUFS5,True,True
Ndufs6,NDUFS6,NDUFS6,True,True
Ndufs7,NDUFS7,NDUFS7,True,True
Ndufs8,NDUFS8,NDUFS8,True,True
Ndufv1,NDUFV1,NDUFV1,True,True
Ndufv2,NDUFV2,NDUFV2,True,True
Ndufv3,NDUFV3,NDUFV3,True,True
Neat1,NEAT1,NEAT1,True,True
Neb,NEB,NEB,True,True
Nebl,NEBL,NEBL,True,True
Necab1,NECAB1,NECAB1,True,True
Necab2,NECAB2,NECAB2,True,True
Necab3,NECAB3,NECAB3,True,True
Necap1,NECAP1,NECAP1,True,True
Necap2,NECAP2,NECAP2,True,True
Nectin1,NECTIN1,NECTIN1,True,True
Nectin2,NECTIN2,NECTIN2,True,True
Nectin3,NECTIN3,NECTIN3,True,True
Nectin4,NECTIN4,NECTIN4,False,True
Nedd1,NEDD1,NEDD1,True,True
Nedd4,NEDD4,NEDD4,True,True
Nedd4l,NEDD4L,NEDD4L,True,True
Nedd8,NEDD8,NEDD8,True,True
Nedd9,NEDD9,NEDD9,True,True
Nefh,NEFH,NEFH,True,True
Nefl,NEFL,NEFL,True,True
Nefm,NEFM,NEFM,True,True
Negr1,NEGR1,NEGR1,True,True
Neil1,NEIL1,NEIL1,True,True
Neil2,NEIL2,NEIL2,True,True
Neil3,NEIL3,NEIL3,False,True
Nek1,NEK1,NEK1,True,True
Nek10,NEK10,NEK10,True,True
Nek11,NEK11,NEK11,True,True
Nek2,NEK2,NEK2,False,True
Nek3,NEK3,NEK3,True,True
Nek4,NEK4,NEK4,True,True
Nek5,NEK5,NEK5,True,True
Nek6,NEK6,NEK6,True,True
Nek7,NEK7,NEK7,True,True
Nek8,NEK8,NEK8,True,True
Nek9,NEK9,NEK9,True,True
Nelfa,NELFA,NELFA,True,True
Nelfb,NELFB,NELFB,True,True
Nelfcd,NELFCD,NELFCD,True,True
Nelfe,NELFE,NELFE,True,True
Nell1,NELL1,NELL1,True,True
Nell2,NELL2,NELL2,True,True
Nemf,NEMF,NEMF,True,True
Nemp1,NEMP1,NEMP1,True,True
Nemp2,NEMP2,NEMP2,True,True
Nenf,NENF,NENF,True,True
Neo1,NEO1,NEO1,True,True
Nepro,NEPRO,NEPRO,True,True
Nes,NES,NES,True,True
Net1,NET1,NET1,True,True
Neto1,NETO1,NETO1,True,True
Neto2,NETO2,NETO2,True,True
Neu1,NEU1,NEU1,True,True
Neu3,NEU3,NEU3,True,True
Neu4,NEU4,NEU4,True,True
Neurl1b,NEURL1B,NEURL1B,True,True
Neurl2,NEURL2,NEURL2,True,True
Neurl3,NEURL3,NEURL3,False,True
Neurl4,NEURL4,NEURL4,True,True
Neurod1,NEUROD1,NEUROD1,True,True
Neurod2,NEUROD2,NEUROD2,True,True
Neurod6,NEUROD6,NEUROD6,True,True
Nexmif,NEXMIF,NEXMIF,False,True
Nexn,NEXN,NEXN,True,True
Nf1,NF1,NF1,True,True
Nf2,NF2,NF2,True,True
Nfam1,NFAM1,NFAM1,True,True
Nfasc,NFASC,NFASC,True,True
Nfat5,NFAT5,NFAT5,True,True
Nfatc1,NFATC1,NFATC1,True,True
Nfatc2,NFATC2,NFATC2,True,True
Nfatc2ip,NFATC2IP,NFATC2IP,True,True
Nfatc3,NFATC3,NFATC3,True,True
Nfatc4,NFATC4,NFATC4,True,True
Nfe2l1,NFE2L1,NFE2L1,True,True
Nfe2l2,NFE2L2,NFE2L2,True,True
Nfe2l3,NFE2L3,NFE2L3,True,True
Nfia,NFIA,NFIA,True,True
Nfib,NFIB,NFIB,True,True
Nfic,NFIC,NFIC,True,True
Nfil3,NFIL3,NFIL3,True,True
Nfix,NFIX,NFIX,True,True
Nfkb1,NFKB1,NFKB1,True,True
Nfkb2,NFKB2,NFKB2,True,True
Nfkbia,NFKBIA,NFKBIA,True,True
Nfkbib,NFKBIB,NFKBIB,True,True
Nfkbid,NFKBID,NFKBID,True,True
Nfkbie,NFKBIE,NFKBIE,True,True
Nfkbil1,NFKBIL1,NFKBIL1,True,True
Nfkbiz,NFKBIZ,NFKBIZ,True,True
Nfrkb,NFRKB,NFRKB,True,True
Nfs1,NFS1,NFS1,True,True
Nfu1,NFU1,NFU1,True,True
Nfx1,NFX1,NFX1,True,True
Nfxl1,NFXL1,NFXL1,True,True
Nfya,NFYA,NFYA,True,True
Nfyb,NFYB,NFYB,True,True
Nfyc,NFYC,NFYC,True,True
Ngb,NGB,NGB,True,True
Ngdn,NGDN,NGDN,True,True
Ngef,NGEF,NGEF,True,True
Ngf,NGF,NGF,True,True
Ngfr,NGFR,NGFR,True,True
Ngly1,NGLY1,NGLY1,True,True
Ngrn,NGRN,NGRN,True,True
Nhej1,NHEJ1,NHEJ1,False,True
Nhlh1,NHLH1,NHLH1,True,True
Nhlh2,NHLH2,NHLH2,True,True
Nhlrc1,NHLRC1,NHLRC1,True,True
Nhlrc2,NHLRC2,NHLRC2,True,True
Nhlrc3,NHLRC3,NHLRC3,True,True
Nhlrc4,NHLRC4,NHLRC4,True,True
Nhp2,NHP2,NHP2,True,True
Nhs,NHS,NHS,True,True
Nhsl1,NHSL1,NHSL1,True,True
Nhsl2,NHSL2,NHSL2,True,True
Nicn1,NICN1,NICN1,False,True
Nid1,NID1,NID1,True,True
Nid2,NID2,NID2,True,True
Nif3l1,NIF3L1,NIF3L1,True,True
Nifk,NIFK,NIFK,True,True
Nim1k,NIM1K,NIM1K,True,True
Nin,NIN,NIN,True,True
Ninj1,NINJ1,NINJ1,True,True
Ninj2,NINJ2,NINJ2,True,True
Ninl,NINL,NINL,True,True
Nip7,NIP7,NIP7,True,True
Nipa1,NIPA1,NIPA1,True,True
Nipa2,NIPA2,NIPA2,True,True
Nipal2,NIPAL2,NIPAL2,True,True
Nipal3,NIPAL3,NIPAL3,True,True
Nipal4,NIPAL4,NIPAL4,True,True
Nipbl,NIPBL,NIPBL,True,True
Nipsnap1,NIPSNAP1,NIPSNAP1,True,True
Nipsnap2,NIPSNAP2,NIPSNAP2,False,True
Nipsnap3b,NIPSNAP3B,NIPSNAP3B,True,True
Nisch,NISCH,NISCH,True,True
Nit1,NIT1,NIT1,True,True
Nit2,NIT2,NIT2,True,True
Nkain1,NKAIN1,NKAIN1,True,True
Nkain2,NKAIN2,NKAIN2,True,True
Nkain3,NKAIN3,NKAIN3,True,True
Nkain4,NKAIN4,NKAIN4,True,True
Nkap,NKAP,NKAP,True,True
Nkapd1,NKAPD1,NKAPD1,False,True
Nkapl,NKAPL,NKAPL,True,True
Nkd1,NKD1,NKD1,True,True
Nkd2,NKD2,NKD2,True,True
Nkg7,NKG7,NKG7,True,True
Nkiras1,NKIRAS1,NKIRAS1,True,True
Nkiras2,NKIRAS2,NKIRAS2,True,True
Nkpd1,NKPD1,NKPD1,True,True
Nkrf,NKRF,NKRF,True,True
Nktr,NKTR,NKTR,True,True
Nkx2-2,NKX2-2,NKX2-2,True,True
Nkx6-1,NKX6-1,NKX6-1,True,True
Nkx6-2,NKX6-2,NKX6-2,True,True
Nle1,NLE1,NLE1,True,True
Nlgn1,NLGN1,NLGN1,True,True
Nlgn2,NLGN2,NLGN2,True,True
Nlgn3,NLGN3,NLGN3,True,True
Nlk,NLK,NLK,True,True
Nln,NLN,NLN,True,True
Nlrc3,NLRC3,NLRC3,True,True
Nlrc4,NLRC4,NLRC4,True,True
Nlrc5,NLRC5,NLRC5,True,True
Nlrp12,NLRP12,NLRP12,False,True
Nlrp14,NLRP14,NLRP14,True,True
Nlrp3,NLRP3,NLRP3,True,True
Nlrx1,NLRX1,NLRX1,True,True
Nmb,NMB,NMB,True,True
Nmbr,NMBR,NMBR,True,True
Nmd3,NMD3,NMD3,True,True
Nme1,NME1,NME1,True,True
Nme2,NME2,NME2,True,True
Nme3,NME3,NME3,True,True
Nme4,NME4,NME4,True,True
Nme5,NME5,NME5,True,True
Nme6,NME6,NME6,True,True
Nme7,NME7,NME7,True,True
Nme8,NME8,NME8,True,True
Nme9,NME9,NME9,True,True
Nmi,NMI,NMI,True,True
Nmnat1,NMNAT1,NMNAT1,True,True
Nmnat2,NMNAT2,NMNAT2,True,True
Nmnat3,NMNAT3,NMNAT3,True,True
Nmral1,NMRAL1,NMRAL1,True,True
Nmrk1,NMRK1,NMRK1,True,True
Nmrk2,NMRK2,NMRK2,False,True
Nmt1,NMT1,NMT1,True,True
Nmt2,NMT2,NMT2,True,True
Nmur1,NMUR1,NMUR1,False,True
Nmur2,NMUR2,NMUR2,True,True
Nnat,NNAT,NNAT,True,True
Nnt,NNT,NNT,True,True
Noa1,NOA1,NOA1,True,True
Nob1,NOB1,NOB1,True,True
Noc2l,NOC2L,NOC2L,True,True
Noc3l,NOC3L,NOC3L,True,True
Noc4l,NOC4L,NOC4L,True,True
Noct,NOCT,NOCT,True,True
Nod1,NOD1,NOD1,True,True
Nod2,NOD2,NOD2,True,True
Nodal,NODAL,NODAL,True,True
Nog,NOG,NOG,True,True
Nol10,NOL10,NOL10,True,True
Nol11,NOL11,NOL11,True,True
Nol12,NOL12,NOL12,True,True
Nol3,NOL3,NOL3,True,True
Nol4,NOL4,NOL4,True,True
Nol4l,NOL4L,NOL4L,True,True
Nol6,NOL6,NOL6,True,True
Nol7,NOL7,NOL7,True,True
Nol8,NOL8,NOL8,True,True
Nol9,NOL9,NOL9,True,True
Nolc1,NOLC1,NOLC1,True,True
Nom1,NOM1,NOM1,True,True
Nomo1,NOMO1,NOMO1,True,True
Nono,NONO,NONO,True,True
Nop10,NOP10,NOP10,True,True
Nop14,NOP14,NOP14,True,True
Nop16,NOP16,NOP16,True,True
Nop2,NOP2,NOP2,True,True
Nop53,NOP53,NOP53,False,True
Nop56,NOP56,NOP56,True,True
Nop58,NOP58,NOP58,True,True
Nop9,NOP9,NOP9,True,True
Nos1,NOS1,NOS1,True,True
Nos1ap,NOS1AP,NOS1AP,True,True
Nos2,NOS2,NOS2,True,True
Nos3,NOS3,NOS3,True,True
Nosip,NOSIP,NOSIP,True,True
Nostrin,NOSTRIN,NOSTRIN,True,True
Notch1,NOTCH1,NOTCH1,True,True
Notch2,NOTCH2,NOTCH2,True,True
Notch3,NOTCH3,NOTCH3,True,True
Notch4,NOTCH4,NOTCH4,True,True
Notum,NOTUM,NOTUM,True,True
Nov,NOV,NOV,True,False
Nova1,NOVA1,NOVA1,True,True
Nova2,NOVA2,NOVA2,True,True
Nox1,NOX1,NOX1,False,True
Nox4,NOX4,NOX4,True,True
Noxo1,NOXO1,NOXO1,False,True
Noxred1,NOXRED1,NOXRED1,True,True
Npas1,NPAS1,NPAS1,True,True
Npas2,NPAS2,NPAS2,True,True
Npas3,NPAS3,NPAS3,True,True
Npas4,NPAS4,NPAS4,True,True
Npat,NPAT,NPAT,True,True
Npb,NPB,NPB,True,True
Npc1,NPC1,NPC1,True,True
Npc1l1,NPC1L1,NPC1L1,False,True
Npc2,NPC2,NPC2,True,True
Npdc1,NPDC1,NPDC1,True,True
Npepl1,NPEPL1,NPEPL1,True,True
Npepps,NPEPPS,NPEPPS,True,True
Npff,NPFF,NPFF,False,True
Npffr1,NPFFR1,NPFFR1,True,True
Nphp1,NPHP1,NPHP1,True,True
Nphp3,NPHP3,NPHP3,True,True
Nphp4,NPHP4,NPHP4,True,True
Nphs1,NPHS1,NPHS1,True,True
Npl,NPL,NPL,True,True
Nploc4,NPLOC4,NPLOC4,True,True
Npm1,NPM1,NPM1,True,True
Npm2,NPM2,NPM2,True,True
Npm3,NPM3,NPM3,True,True
Npnt,NPNT,NPNT,True,True
Nppa,NPPA,NPPA,False,True
Nppc,NPPC,NPPC,True,True
Npr1,NPR1,NPR1,True,True
Npr2,NPR2,NPR2,True,True
Npr3,NPR3,NPR3,True,True
Nprl2,NPRL2,NPRL2,True,True
Nprl3,NPRL3,NPRL3,True,True
Npsr1,NPSR1,NPSR1,True,True
Nptn,NPTN,NPTN,True,True
Nptx1,NPTX1,NPTX1,True,True
Nptx2,NPTX2,NPTX2,True,True
Nptxr,NPTXR,NPTXR,True,True
Npw,NPW,NPW,False,True
Npy,NPY,NPY,True,True
Npy1r,NPY1R,NPY1R,True,True
Npy2r,NPY2R,NPY2R,True,True
Npy5r,NPY5R,NPY5R,True,True
Nqo1,NQO1,NQO1,True,True
Nqo2,NQO2,NQO2,True,True
Nr0b2,NR0B2,NR0B2,False,True
Nr1d1,NR1D1,NR1D1,True,True
Nr1d2,NR1D2,NR1D2,True,True
Nr1h2,NR1H2,NR1H2,True,True
Nr1h3,NR1H3,NR1H3,True,True
Nr1h4,NR1H4,NR1H4,False,True
Nr1i2,NR1I2,NR1I2,True,True
Nr1i3,NR1I3,NR1I3,False,True
Nr2c1,NR2C1,NR2C1,True,True
Nr2c2,NR2C2,NR2C2,True,True
Nr2c2ap,NR2C2AP,NR2C2AP,True,True
Nr2e1,NR2E1,NR2E1,True,True
Nr2f1,NR2F1,NR2F1,True,True
Nr2f2,NR2F2,NR2F2,True,True
Nr2f6,NR2F6,NR2F6,True,True
Nr3c1,NR3C1,NR3C1,True,True
Nr3c2,NR3C2,NR3C2,True,True
Nr4a1,NR4A1,NR4A1,True,True
Nr4a2,NR4A2,NR4A2,True,True
Nr4a3,NR4A3,NR4A3,True,True
Nr6a1,NR6A1,NR6A1,True,True
Nrap,NRAP,NRAP,True,True
Nrarp,NRARP,NRARP,True,True
Nras,NRAS,NRAS,True,True
Nrbf2,NRBF2,NRBF2,True,True
Nrbp1,NRBP1,NRBP1,True,True
Nrbp2,NRBP2,NRBP2,True,True
Nrcam,NRCAM,NRCAM,True,True
Nrde2,NRDE2,NRDE2,True,True
Nrep,NREP,NREP,True,True
Nrf1,NRF1,NRF1,True,True
Nrg1,NRG1,NRG1,True,True
Nrg2,NRG2,NRG2,True,True
Nrg3,NRG3,NRG3,True,True
Nrg4,NRG4,NRG4,True,True
Nrgn,NRGN,NRGN,True,True
Nrip1,NRIP1,NRIP1,True,True
Nrip2,NRIP2,NRIP2,True,True
Nrip3,NRIP3,NRIP3,True,True
Nrl,NRL,NRL,True,True
Nrm,NRM,NRM,True,True
Nrn1,NRN1,NRN1,True,True
Nrn1l,NRN1L,NRN1L,False,True
Nrp1,NRP1,NRP1,True,True
Nrp2,NRP2,NRP2,True,True
Nrros,NRROS,NRROS,True,True
Nrsn1,NRSN1,NRSN1,True,True
Nrsn2,NRSN2,NRSN2,True,True
Nrtn,NRTN,NRTN,False,True
Nrxn1,NRXN1,NRXN1,True,True
Nrxn2,NRXN2,NRXN2,True,True
Nrxn3,NRXN3,NRXN3,True,True
Nsa2,NSA2,NSA2,True,True
Nsd1,NSD1,NSD1,True,True
Nsd2,NSD2,NSD2,False,True
Nsd3,NSD3,NSD3,False,True
Nsdhl,NSDHL,NSDHL,True,True
Nsf,NSF,NSF,True,True
Nsfl1c,NSFL1C,NSFL1C,True,True
Nsg1,NSG1,NSG1,True,True
Nsg2,NSG2,NSG2,False,True
Nsl1,NSL1,NSL1,True,True
Nsmaf,NSMAF,NSMAF,True,True
Nsmce1,NSMCE1,NSMCE1,True,True
Nsmce2,NSMCE2,NSMCE2,True,True
Nsmce3,NSMCE3,NSMCE3,True,True
Nsmce4a,NSMCE4A,NSMCE4A,True,True
Nsmf,NSMF,NSMF,True,True
Nsrp1,NSRP1,NSRP1,True,True
Nsun2,NSUN2,NSUN2,True,True
Nsun3,NSUN3,NSUN3,True,True
Nsun4,NSUN4,NSUN4,True,True
Nsun5,NSUN5,NSUN5,True,True
Nsun6,NSUN6,NSUN6,True,True
Nsun7,NSUN7,NSUN7,True,True
Nt5c,NT5C,NT5C,True,True
Nt5c1a,NT5C1A,NT5C1A,True,True
Nt5c2,NT5C2,NT5C2,True,True
Nt5c3b,NT5C3B,NT5C3B,True,True
Nt5dc1,NT5DC1,NT5DC1,True,True
Nt5dc2,NT5DC2,NT5DC2,True,True
Nt5dc3,NT5DC3,NT5DC3,True,True
Nt5e,NT5E,NT5E,True,True
Nt5m,NT5M,NT5M,True,True
Ntan1,NTAN1,NTAN1,True,True
Ntf3,NTF3,NTF3,False,True
Nthl1,NTHL1,NTHL1,True,True
Ntm,NTM,NTM,True,True
Ntmt1,NTMT1,NTMT1,True,True
Ntn1,NTN1,NTN1,True,True
Ntn3,NTN3,NTN3,True,True
Ntn4,NTN4,NTN4,True,True
Ntng1,NTNG1,NTNG1,True,True
Ntng2,NTNG2,NTNG2,True,True
Ntpcr,NTPCR,NTPCR,True,True
Ntrk1,NTRK1,NTRK1,True,True
Ntrk2,NTRK2,NTRK2,True,True
Ntrk3,NTRK3,NTRK3,True,True
Nts,NTS,NTS,True,True
Ntsr1,NTSR1,NTSR1,True,True
Ntsr2,NTSR2,NTSR2,True,True
Nuak1,NUAK1,NUAK1,True,True
Nuak2,NUAK2,NUAK2,True,True
Nub1,NUB1,NUB1,True,True
Nubp1,NUBP1,NUBP1,True,True
Nubp2,NUBP2,NUBP2,True,True
Nubpl,NUBPL,NUBPL,True,True
Nucb1,NUCB1,NUCB1,True,True
Nucb2,NUCB2,NUCB2,True,True
Nucks1,NUCKS1,NUCKS1,True,True
Nudc,NUDC,NUDC,True,True
Nudcd1,NUDCD1,NUDCD1,True,True
Nudcd2,NUDCD2,NUDCD2,True,True
Nudcd3,NUDCD3,NUDCD3,True,True
Nudt1,NUDT1,NUDT1,True,True
Nudt10,NUDT10,NUDT10,True,True
Nudt11,NUDT11,NUDT11,True,True
Nudt12,NUDT12,NUDT12,True,True
Nudt13,NUDT13,NUDT13,True,True
Nudt14,NUDT14,NUDT14,True,True
Nudt15,NUDT15,NUDT15,True,True
Nudt16,NUDT16,NUDT16,True,True
Nudt16l1,NUDT16L1,NUDT16L1,True,True
Nudt17,NUDT17,NUDT17,True,True
Nudt18,NUDT18,NUDT18,True,True
Nudt19,NUDT19,NUDT19,True,True
Nudt2,NUDT2,NUDT2,True,True
Nudt21,NUDT21,NUDT21,True,True
Nudt22,NUDT22,NUDT22,True,True
Nudt3,NUDT3,NUDT3,True,True
Nudt4,NUDT4,NUDT4,True,True
Nudt5,NUDT5,NUDT5,True,True
Nudt6,NUDT6,NUDT6,True,True
Nudt7,NUDT7,NUDT7,True,True
Nudt8,NUDT8,NUDT8,True,True
Nudt9,NUDT9,NUDT9,True,True
Nuf2,NUF2,NUF2,True,True
Nufip1,NUFIP1,NUFIP1,True,True
Nufip2,NUFIP2,NUFIP2,True,True
Numa1,NUMA1,NUMA1,True,True
Numb,NUMB,NUMB,True,True
Numbl,NUMBL,NUMBL,True,True
Nup107,NUP107,NUP107,True,True
Nup133,NUP133,NUP133,True,True
Nup153,NUP153,NUP153,True,True
Nup155,NUP155,NUP155,True,True
Nup160,NUP160,NUP160,True,True
Nup188,NUP188,NUP188,True,True
Nup205,NUP205,NUP205,True,True
Nup210,NUP210,NUP210,True,True
Nup210l,NUP210L,NUP210L,True,True
Nup214,NUP214,NUP214,True,True
Nup35,NUP35,NUP35,True,True
Nup37,NUP37,NUP37,True,True
Nup43,NUP43,NUP43,True,True
Nup50,NUP50,NUP50,True,True
Nup54,NUP54,NUP54,True,True
Nup62,NUP62,NUP62,True,True
Nup62cl,NUP62CL,NUP62CL,True,True
Nup85,NUP85,NUP85,True,True
Nup88,NUP88,NUP88,True,True
Nup93,NUP93,NUP93,True,True
Nup98,NUP98,NUP98,True,True
Nupl2,NUPL2,NUPL2,True,False
Nupr1,NUPR1,NUPR1,True,True
Nus1,NUS1,NUS1,True,True
Nusap1,NUSAP1,NUSAP1,True,True
Nutf2,NUTF2,NUTF2,True,True
Nvl,NVL,NVL,True,True
Nwd1,NWD1,NWD1,True,True
Nwd2,NWD2,NWD2,True,True
Nxf1,NXF1,NXF1,True,True
Nxn,NXN,NXN,True,True
Nxnl2,NXNL2,NXNL2,True,True
Nxpe2,NXPE2,NXPE2,True,True
Nxpe3,NXPE3,NXPE3,True,True
Nxpe4,NXPE4,NXPE4,False,True
Nxph1,NXPH1,NXPH1,True,True
Nxph3,NXPH3,NXPH3,True,True
Nxph4,NXPH4,NXPH4,True,True
Nxt1,NXT1,NXT1,True,True
Nxt2,NXT2,NXT2,True,True
Nyap1,NYAP1,NYAP1,True,True
Nyap2,NYAP2,NYAP2,True,True
Nynrin,NYNRIN,NYNRIN,True,True
Nyx,NYX,NYX,False,True
Oaf,OAF,OAF,True,True
Oard1,OARD1,OARD1,True,True
Oas2,OAS2,OAS2,True,True
Oat,OAT,OAT,True,True
Oaz1,OAZ1,OAZ1,True,True
Oaz2,OAZ2,OAZ2,True,True
Oaz3,OAZ3,OAZ3,True,True
Obscn,OBSCN,OBSCN,True,True
Obsl1,OBSL1,OBSL1,True,True
Oc90,OC90,OC90,False,True
Oca2,OCA2,OCA2,True,True
Ocel1,OCEL1,OCEL1,True,True
Ociad1,OCIAD1,OCIAD1,True,True
Ociad2,OCIAD2,OCIAD2,True,True
Ocln,OCLN,OCLN,True,True
Ocrl,OCRL,OCRL,True,True
Odc1,ODC1,ODC1,True,True
Odf2,ODF2,ODF2,True,True
Odf2l,ODF2L,ODF2L,True,True
Odf3b,ODF3B,ODF3B,True,True
Odf3l1,ODF3L1,ODF3L1,False,True
Odf3l2,ODF3L2,ODF3L2,False,True
Odf4,ODF4,ODF4,False,True
Odr4,ODR4,ODR4,False,True
Ofd1,OFD1,OFD1,True,True
Oga,OGA,OGA,False,True
Ogdh,OGDH,OGDH,True,True
Ogdhl,OGDHL,OGDHL,True,True
Ogfod1,OGFOD1,OGFOD1,True,True
Ogfod2,OGFOD2,OGFOD2,True,True
Ogfod3,OGFOD3,OGFOD3,True,True
Ogfr,OGFR,OGFR,True,True
Ogfrl1,OGFRL1,OGFRL1,True,True
Ogg1,OGG1,OGG1,True,True
Ogn,OGN,OGN,True,True
Ogt,OGT,OGT,True,True
Oip5,OIP5,OIP5,False,True
Ola1,OLA1,OLA1,True,True
Olah,OLAH,OLAH,False,True
Olfm1,OLFM1,OLFM1,True,True
Olfm2,OLFM2,OLFM2,True,True
Olfm3,OLFM3,OLFM3,True,True
Olfm4,OLFM4,OLFM4,True,True
Olfml1,OLFML1,OLFML1,True,True
Olfml2a,OLFML2A,OLFML2A,True,True
Olfml2b,OLFML2B,OLFML2B,True,True
Olfml3,OLFML3,OLFML3,True,True
Olig1,OLIG1,OLIG1,True,True
Olig2,OLIG2,OLIG2,True,True
Oma1,OMA1,OMA1,True,True
Omd,OMD,OMD,True,True
Omg,OMG,OMG,True,True
Onecut1,ONECUT1,ONECUT1,True,True
Onecut2,ONECUT2,ONECUT2,True,True
Onecut3,ONECUT3,ONECUT3,False,True
Ooep,OOEP,OOEP,False,True
Oosp2,OOSP2,OOSP2,False,True
Opa1,OPA1,OPA1,True,True
Opa3,OPA3,OPA3,True,True
Opalin,OPALIN,OPALIN,True,True
Opcml,OPCML,OPCML,True,True
Ophn1,OPHN1,OPHN1,True,True
Oplah,OPLAH,OPLAH,True,True
Opn1mw,OPN1MW,OPN1MW,False,True
Opn1sw,OPN1SW,OPN1SW,False,True
Opn3,OPN3,OPN3,True,True
Opn4,OPN4,OPN4,True,True
Opn5,OPN5,OPN5,False,True
Oprd1,OPRD1,OPRD1,True,True
Oprk1,OPRK1,OPRK1,True,True
Oprl1,OPRL1,OPRL1,True,True
Oprm1,OPRM1,OPRM1,True,True
Optc,OPTC,OPTC,False,True
Optn,OPTN,OPTN,True,True
Orai1,ORAI1,ORAI1,True,True
Orai2,ORAI2,ORAI2,True,True
Orai3,ORAI3,ORAI3,True,True
Oraov1,ORAOV1,ORAOV1,True,False
Orc1,ORC1,ORC1,True,True
Orc2,ORC2,ORC2,True,True
Orc3,ORC3,ORC3,True,True
Orc4,ORC4,ORC4,True,True
Orc5,ORC5,ORC5,True,True
Orc6,ORC6,ORC6,True,True
Ormdl1,ORMDL1,ORMDL1,True,True
Ormdl2,ORMDL2,ORMDL2,True,True
Ormdl3,ORMDL3,ORMDL3,True,True
Os9,OS9,OS9,True,True
Osbp,OSBP,OSBP,True,True
Osbp2,OSBP2,OSBP2,True,True
Osbpl10,OSBPL10,OSBPL10,True,True
Osbpl11,OSBPL11,OSBPL11,True,True
Osbpl1a,OSBPL1A,OSBPL1A,True,True
Osbpl2,OSBPL2,OSBPL2,True,True
Osbpl3,OSBPL3,OSBPL3,True,True
Osbpl5,OSBPL5,OSBPL5,True,True
Osbpl6,OSBPL6,OSBPL6,True,True
Osbpl7,OSBPL7,OSBPL7,True,True
Osbpl8,OSBPL8,OSBPL8,True,True
Osbpl9,OSBPL9,OSBPL9,True,True
Oscar,OSCAR,OSCAR,True,True
Oscp1,OSCP1,OSCP1,True,True
Oser1,OSER1,OSER1,True,True
Osgep,OSGEP,OSGEP,True,True
Osgepl1,OSGEPL1,OSGEPL1,True,True
Osgin1,OSGIN1,OSGIN1,True,True
Osgin2,OSGIN2,OSGIN2,True,True
Osm,OSM,OSM,True,True
Osmr,OSMR,OSMR,True,True
Ost4,OST4,OST4,True,True
Ostc,OSTC,OSTC,True,True
Ostf1,OSTF1,OSTF1,True,True
Ostm1,OSTM1,OSTM1,True,True
Otoa,OTOA,OTOA,True,True
Otof,OTOF,OTOF,True,True
Otogl,OTOGL,OTOGL,True,True
Otop2,OTOP2,OTOP2,False,True
Otop3,OTOP3,OTOP3,False,True
Otos,OTOS,OTOS,True,True
Otub1,OTUB1,OTUB1,True,True
Otub2,OTUB2,OTUB2,True,True
Otud1,OTUD1,OTUD1,True,True
Otud3,OTUD3,OTUD3,True,True
Otud4,OTUD4,OTUD4,True,True
Otud5,OTUD5,OTUD5,True,True
Otud6b,OTUD6B,OTUD6B,True,True
Otud7a,OTUD7A,OTUD7A,True,True
Otud7b,OTUD7B,OTUD7B,True,True
Otulin,OTULIN,OTULIN,True,True
Otulinl,OTULINL,OTULINL,False,True
Otx1,OTX1,OTX1,True,True
Otx2,OTX2,OTX2,True,True
Ovgp1,OVGP1,OVGP1,True,True
Ovol1,OVOL1,OVOL1,False,True
Oxa1l,OXA1L,OXA1L,True,True
Oxct1,OXCT1,OXCT1,True,True
Oxgr1,OXGR1,OXGR1,True,True
Oxld1,OXLD1,OXLD1,True,True
Oxnad1,OXNAD1,OXNAD1,True,True
Oxr1,OXR1,OXR1,True,True
Oxsm,OXSM,OXSM,True,True
Oxsr1,OXSR1,OXSR1,True,True
Oxt,OXT,OXT,False,True
Oxtr,OXTR,OXTR,True,True
P2rx1,P2RX1,P2RX1,True,True
P2rx3,P2RX3,P2RX3,False,True
P2rx4,P2RX4,P2RX4,True,True
P2rx5,P2RX5,P2RX5,True,True
P2rx6,P2RX6,P2RX6,True,True
P2rx7,P2RX7,P2RX7,True,True
P2ry1,P2RY1,P2RY1,True,True
P2ry10,P2RY10,P2RY10,False,True
P2ry12,P2RY12,P2RY12,True,True
P2ry13,P2RY13,P2RY13,True,True
P2ry14,P2RY14,P2RY14,True,True
P2ry2,P2RY2,P2RY2,True,True
P2ry6,P2RY6,P2RY6,True,True
P3h1,P3H1,P3H1,True,True
P3h2,P3H2,P3H2,True,True
P3h3,P3H3,P3H3,True,True
P3h4,P3H4,P3H4,True,True
P4ha1,P4HA1,P4HA1,True,True
P4ha2,P4HA2,P4HA2,True,True
P4ha3,P4HA3,P4HA3,False,True
P4hb,P4HB,P4HB,True,True
P4htm,P4HTM,P4HTM,True,True
Pa2g4,PA2G4,PA2G4,True,True
Pabpc1,PABPC1,PABPC1,True,True
Pabpc1l,PABPC1L,PABPC1L,True,True
Pabpc4,PABPC4,PABPC4,True,True
Pabpc4l,PABPC4L,PABPC4L,True,True
Pabpc5,PABPC5,PABPC5,True,True
Pabpn1,PABPN1,PABPN1,True,True
Pacc1,PACC1,PACC1,False,True
Pacrg,PACRG,PACRG,True,True
Pacs1,PACS1,PACS1,True,True
Pacs2,PACS2,PACS2,True,True
Pacsin1,PACSIN1,PACSIN1,True,True
Pacsin2,PACSIN2,PACSIN2,True,True
Pacsin3,PACSIN3,PACSIN3,True,True
Padi1,PADI1,PADI1,True,True
Padi2,PADI2,PADI2,True,True
Padi4,PADI4,PADI4,False,True
Paf1,PAF1,PAF1,True,True
Pafah1b1,PAFAH1B1,PAFAH1B1,True,True
Pafah1b2,PAFAH1B2,PAFAH1B2,True,True
Pafah1b3,PAFAH1B3,PAFAH1B3,True,True
Pafah2,PAFAH2,PAFAH2,True,True
Pag1,PAG1,PAG1,True,True
Paics,PAICS,PAICS,True,True
Paip1,PAIP1,PAIP1,True,True
Paip2,PAIP2,PAIP2,True,True
Paip2b,PAIP2B,PAIP2B,True,True
Pak1,PAK1,PAK1,True,True
Pak1ip1,PAK1IP1,PAK1IP1,True,True
Pak2,PAK2,PAK2,True,True
Pak3,PAK3,PAK3,True,True
Pak4,PAK4,PAK4,True,True
Pak6,PAK6,PAK6,True,True
Palb2,PALB2,PALB2,True,True
Pald1,PALD1,PALD1,True,True
Palld,PALLD,PALLD,True,True
Palm,PALM,PALM,True,True
Palm2,PALM2,PALM2,True,False
Palm3,PALM3,PALM3,True,True
Palmd,PALMD,PALMD,True,True
Pam,PAM,PAM,True,True
Pam16,PAM16,PAM16,True,True
Pamr1,PAMR1,PAMR1,True,True
Pan2,PAN2,PAN2,True,True
Pan3,PAN3,PAN3,True,True
Pank1,PANK1,PANK1,True,True
Pank2,PANK2,PANK2,True,True
Pank3,PANK3,PANK3,True,True
Pank4,PANK4,PANK4,True,True
Pantr1,PANTR1,PANTR1,False,True
Panx1,PANX1,PANX1,True,True
Panx2,PANX2,PANX2,True,True
Paox,PAOX,PAOX,True,True
Papd4,PAPD4,PAPD4,True,False
Papd5,PAPD5,PAPD5,True,False
Papd7,PAPD7,PAPD7,True,False
Papln,PAPLN,PAPLN,True,True
Papola,PAPOLA,PAPOLA,True,True
Papolb,PAPOLB,PAPOLB,True,True
Papolg,PAPOLG,PAPOLG,True,True
Pappa,PAPPA,PAPPA,True,True
Pappa2,PAPPA2,PAPPA2,True,True
Papss1,PAPSS1,PAPSS1,True,True
Papss2,PAPSS2,PAPSS2,True,True
Paqr3,PAQR3,PAQR3,True,True
Paqr4,PAQR4,PAQR4,True,True
Paqr5,PAQR5,PAQR5,True,True
Paqr6,PAQR6,PAQR6,True,True
Paqr7,PAQR7,PAQR7,True,True
Paqr8,PAQR8,PAQR8,True,True
Paqr9,PAQR9,PAQR9,True,True
Pard3,PARD3,PARD3,True,True
Pard3b,PARD3B,PARD3B,True,True
Pard6a,PARD6A,PARD6A,True,True
Pard6b,PARD6B,PARD6B,True,True
Pard6g,PARD6G,PARD6G,True,True
Parg,PARG,PARG,True,True
Park2,PARK2,PARK2,True,False
Park7,PARK7,PARK7,True,True
Parl,PARL,PARL,True,True
Parm1,PARM1,PARM1,True,True
Parn,PARN,PARN,True,True
Parp1,PARP1,PARP1,True,True
Parp10,PARP10,PARP10,True,True
Parp11,PARP11,PARP11,True,True
Parp12,PARP12,PARP12,True,True
Parp14,PARP14,PARP14,True,True
Parp16,PARP16,PARP16,True,True
Parp2,PARP2,PARP2,True,True
Parp3,PARP3,PARP3,True,True
Parp4,PARP4,PARP4,True,True
Parp6,PARP6,PARP6,True,True
Parp8,PARP8,PARP8,True,True
Parp9,PARP9,PARP9,True,True
Parpbp,PARPBP,PARPBP,True,True
Pars2,PARS2,PARS2,True,True
Parva,PARVA,PARVA,True,True
Parvb,PARVB,PARVB,True,True
Parvg,PARVG,PARVG,True,True
Pask,PASK,PASK,True,True
Pate2,PATE2,PATE2,True,True
Patj,PATJ,PATJ,True,True
Patl1,PATL1,PATL1,True,True
Patl2,PATL2,PATL2,True,True
Patz1,PATZ1,PATZ1,True,True
Paupar,PAUPAR,PAUPAR,True,True
Pawr,PAWR,PAWR,True,True
Pax3,PAX3,PAX3,True,True
Pax6,PAX6,PAX6,True,True
Paxbp1,PAXBP1,PAXBP1,True,True
Paxip1,PAXIP1,PAXIP1,True,True
Paxx,PAXX,PAXX,False,True
Pbdc1,PBDC1,PBDC1,True,True
Pbk,PBK,PBK,False,True
Pbrm1,PBRM1,PBRM1,True,True
Pbx1,PBX1,PBX1,True,True
Pbx2,PBX2,PBX2,True,True
Pbx3,PBX3,PBX3,True,True
Pbx4,PBX4,PBX4,True,True
Pbxip1,PBXIP1,PBXIP1,True,True
Pcbd1,PCBD1,PCBD1,True,True
Pcbd2,PCBD2,PCBD2,True,True
Pcbp1,PCBP1,PCBP1,True,True
Pcbp2,PCBP2,PCBP2,True,True
Pcbp3,PCBP3,PCBP3,True,True
Pcbp4,PCBP4,PCBP4,True,True
Pcca,PCCA,PCCA,True,True
Pccb,PCCB,PCCB,True,True
Pcdh1,PCDH1,PCDH1,True,True
Pcdh10,PCDH10,PCDH10,True,True
Pcdh11x,PCDH11X,PCDH11X,True,True
Pcdh12,PCDH12,PCDH12,True,True
Pcdh15,PCDH15,PCDH15,True,True
Pcdh17,PCDH17,PCDH17,True,True
Pcdh18,PCDH18,PCDH18,True,True
Pcdh19,PCDH19,PCDH19,True,True
Pcdh20,PCDH20,PCDH20,False,True
Pcdh7,PCDH7,PCDH7,True,True
Pcdh8,PCDH8,PCDH8,True,True
Pcdh9,PCDH9,PCDH9,True,True
Pcdha1,PCDHA1,PCDHA1,True,True
Pcdha11,PCDHA11,PCDHA11,True,True
Pcdha12,PCDHA12,PCDHA12,True,True
Pcdha2,PCDHA2,PCDHA2,True,True
Pcdha3,PCDHA3,PCDHA3,True,True
Pcdha4,PCDHA4,PCDHA4,True,True
Pcdha5,PCDHA5,PCDHA5,True,True
Pcdha6,PCDHA6,PCDHA6,True,True
Pcdha7,PCDHA7,PCDHA7,True,True
Pcdha8,PCDHA8,PCDHA8,True,True
Pcdha9,PCDHA9,PCDHA9,True,True
Pcdhac2,PCDHAC2,PCDHAC2,True,True
Pcdhb10,PCDHB10,PCDHB10,True,True
Pcdhb11,PCDHB11,PCDHB11,True,True
Pcdhb12,PCDHB12,PCDHB12,True,True
Pcdhb13,PCDHB13,PCDHB13,True,True
Pcdhb14,PCDHB14,PCDHB14,True,True
Pcdhb15,PCDHB15,PCDHB15,True,True
Pcdhb16,PCDHB16,PCDHB16,True,True
Pcdhb2,PCDHB2,PCDHB2,True,True
Pcdhb3,PCDHB3,PCDHB3,True,True
Pcdhb4,PCDHB4,PCDHB4,True,True
Pcdhb5,PCDHB5,PCDHB5,True,True
Pcdhb6,PCDHB6,PCDHB6,True,True
Pcdhb7,PCDHB7,PCDHB7,True,True
Pcdhb8,PCDHB8,PCDHB8,True,True
Pcdhb9,PCDHB9,PCDHB9,True,True
Pcdhga1,PCDHGA1,PCDHGA1,True,True
Pcdhga10,PCDHGA10,PCDHGA10,True,True
Pcdhga11,PCDHGA11,PCDHGA11,True,True
Pcdhga12,PCDHGA12,PCDHGA12,True,True
Pcdhga2,PCDHGA2,PCDHGA2,True,True
Pcdhga3,PCDHGA3,PCDHGA3,True,True
Pcdhga4,PCDHGA4,PCDHGA4,True,True
Pcdhga5,PCDHGA5,PCDHGA5,True,True
Pcdhga6,PCDHGA6,PCDHGA6,True,True
Pcdhga7,PCDHGA7,PCDHGA7,True,True
Pcdhga8,PCDHGA8,PCDHGA8,True,True
Pcdhga9,PCDHGA9,PCDHGA9,True,True
Pcdhgb1,PCDHGB1,PCDHGB1,True,True
Pcdhgb2,PCDHGB2,PCDHGB2,True,True
Pcdhgb4,PCDHGB4,PCDHGB4,True,True
Pcdhgb5,PCDHGB5,PCDHGB5,True,True
Pcdhgb6,PCDHGB6,PCDHGB6,True,True
Pcdhgb7,PCDHGB7,PCDHGB7,True,True
Pcdhgc3,PCDHGC3,PCDHGC3,True,True
Pcdhgc4,PCDHGC4,PCDHGC4,True,True
Pcdhgc5,PCDHGC5,PCDHGC5,True,True
Pced1a,PCED1A,PCED1A,True,True
Pced1b,PCED1B,PCED1B,True,True
Pcf11,PCF11,PCF11,True,True
Pcgf1,PCGF1,PCGF1,True,True
Pcgf2,PCGF2,PCGF2,True,True
Pcgf3,PCGF3,PCGF3,True,True
Pcgf5,PCGF5,PCGF5,True,True
Pcgf6,PCGF6,PCGF6,True,True
Pcid2,PCID2,PCID2,True,True
Pcif1,PCIF1,PCIF1,True,True
Pck2,PCK2,PCK2,True,True
Pclaf,PCLAF,PCLAF,False,True
Pclo,PCLO,PCLO,True,True
Pcm1,PCM1,PCM1,True,True
Pcmt1,PCMT1,PCMT1,True,True
Pcmtd1,PCMTD1,PCMTD1,True,True
Pcmtd2,PCMTD2,PCMTD2,True,True
Pcna,PCNA,PCNA,True,True
Pcnp,PCNP,PCNP,True,True
Pcnt,PCNT,PCNT,True,True
Pcnx2,PCNX2,PCNX2,True,True
Pcnx3,PCNX3,PCNX3,True,True
Pcnx4,PCNX4,PCNX4,True,True
Pcolce,PCOLCE,PCOLCE,True,True
Pcolce2,PCOLCE2,PCOLCE2,True,True
Pcp4,PCP4,PCP4,True,True
Pcp4l1,PCP4L1,PCP4L1,True,True
Pcsk1,PCSK1,PCSK1,True,True
Pcsk1n,PCSK1N,PCSK1N,True,True
Pcsk2,PCSK2,PCSK2,True,True
Pcsk4,PCSK4,PCSK4,True,True
Pcsk5,PCSK5,PCSK5,True,True
Pcsk6,PCSK6,PCSK6,True,True
Pcsk7,PCSK7,PCSK7,True,True
Pctp,PCTP,PCTP,True,True
Pcyox1,PCYOX1,PCYOX1,True,True
Pcyox1l,PCYOX1L,PCYOX1L,True,True
Pcyt1a,PCYT1A,PCYT1A,True,True
Pcyt1b,PCYT1B,PCYT1B,True,True
Pcyt2,PCYT2,PCYT2,True,True
Pdap1,PDAP1,PDAP1,True,True
Pdcd1,PDCD1,PDCD1,True,True
Pdcd10,PDCD10,PDCD10,True,True
Pdcd11,PDCD11,PDCD11,True,True
Pdcd2,PDCD2,PDCD2,True,True
Pdcd2l,PDCD2L,PDCD2L,True,True
Pdcd4,PDCD4,PDCD4,True,True
Pdcd5,PDCD5,PDCD5,True,True
Pdcd6,PDCD6,PDCD6,True,True
Pdcd6ip,PDCD6IP,PDCD6IP,True,True
Pdcd7,PDCD7,PDCD7,True,True
Pdcl,PDCL,PDCL,True,True
Pdcl2,PDCL2,PDCL2,False,True
Pdcl3,PDCL3,PDCL3,True,True
Pde10a,PDE10A,PDE10A,True,True
Pde11a,PDE11A,PDE11A,True,True
Pde12,PDE12,PDE12,True,True
Pde1a,PDE1A,PDE1A,True,True
Pde1b,PDE1B,PDE1B,True,True
Pde1c,PDE1C,PDE1C,True,True
Pde2a,PDE2A,PDE2A,True,True
Pde3a,PDE3A,PDE3A,True,True
Pde3b,PDE3B,PDE3B,True,True
Pde4a,PDE4A,PDE4A,True,True
Pde4b,PDE4B,PDE4B,True,True
Pde4c,PDE4C,PDE4C,True,True
Pde4d,PDE4D,PDE4D,True,True
Pde4dip,PDE4DIP,PDE4DIP,True,True
Pde5a,PDE5A,PDE5A,True,True
Pde6a,PDE6A,PDE6A,False,True
Pde6b,PDE6B,PDE6B,True,True
Pde6c,PDE6C,PDE6C,False,True
Pde6d,PDE6D,PDE6D,True,True
Pde6g,PDE6G,PDE6G,False,True
Pde6h,PDE6H,PDE6H,False,True
Pde7a,PDE7A,PDE7A,True,True
Pde7b,PDE7B,PDE7B,True,True
Pde8a,PDE8A,PDE8A,True,True
Pde8b,PDE8B,PDE8B,True,True
Pde9a,PDE9A,PDE9A,True,True
Pdf,PDF,PDF,True,True
Pdgfa,PDGFA,PDGFA,True,True
Pdgfb,PDGFB,PDGFB,True,True
Pdgfc,PDGFC,PDGFC,True,True
Pdgfd,PDGFD,PDGFD,True,True
Pdgfra,PDGFRA,PDGFRA,True,True
Pdgfrb,PDGFRB,PDGFRB,True,True
Pdgfrl,PDGFRL,PDGFRL,True,True
Pdha1,PDHA1,PDHA1,True,True
Pdhb,PDHB,PDHB,True,True
Pdhx,PDHX,PDHX,True,True
Pdia2,PDIA2,PDIA2,True,True
Pdia3,PDIA3,PDIA3,True,True
Pdia4,PDIA4,PDIA4,True,True
Pdia5,PDIA5,PDIA5,True,True
Pdia6,PDIA6,PDIA6,True,True
Pdik1l,PDIK1L,PDIK1L,True,True
Pdk1,PDK1,PDK1,True,True
Pdk2,PDK2,PDK2,True,True
Pdk3,PDK3,PDK3,True,True
Pdk4,PDK4,PDK4,True,True
Pdlim1,PDLIM1,PDLIM1,True,True
Pdlim2,PDLIM2,PDLIM2,True,True
Pdlim3,PDLIM3,PDLIM3,True,True
Pdlim4,PDLIM4,PDLIM4,True,True
Pdlim5,PDLIM5,PDLIM5,True,True
Pdlim7,PDLIM7,PDLIM7,True,True
Pdp1,PDP1,PDP1,True,True
Pdp2,PDP2,PDP2,True,True
Pdpk1,PDPK1,PDPK1,True,True
Pdpn,PDPN,PDPN,True,True
Pdpr,PDPR,PDPR,True,True
Pdrg1,PDRG1,PDRG1,True,True
Pds5a,PDS5A,PDS5A,True,True
Pds5b,PDS5B,PDS5B,True,True
Pdss1,PDSS1,PDSS1,True,True
Pdss2,PDSS2,PDSS2,True,True
Pdxdc1,PDXDC1,PDXDC1,True,True
Pdxk,PDXK,PDXK,True,True
Pdxp,PDXP,PDXP,True,True
Pdyn,PDYN,PDYN,True,True
Pdzd11,PDZD11,PDZD11,True,True
Pdzd2,PDZD2,PDZD2,True,True
Pdzd3,PDZD3,PDZD3,False,True
Pdzd4,PDZD4,PDZD4,True,True
Pdzd7,PDZD7,PDZD7,True,True
Pdzd8,PDZD8,PDZD8,True,True
Pdzd9,PDZD9,PDZD9,False,True
Pdzk1,PDZK1,PDZK1,True,True
Pdzk1ip1,PDZK1IP1,PDZK1IP1,False,True
Pdzrn3,PDZRN3,PDZRN3,True,True
Pdzrn4,PDZRN4,PDZRN4,True,True
Peak1,PEAK1,PEAK1,True,True
Pear1,PEAR1,PEAR1,True,True
Pebp1,PEBP1,PEBP1,True,True
Pebp4,PEBP4,PEBP4,True,True
Pecam1,PECAM1,PECAM1,True,True
Pecr,PECR,PECR,True,True
Pef1,PEF1,PEF1,True,True
Peg10,PEG10,PEG10,True,True
Peg13,PEG13,PEG13,True,True
Peg3,PEG3,PEG3,True,True
Peli1,PELI1,PELI1,True,True
Peli2,PELI2,PELI2,True,True
Peli3,PELI3,PELI3,True,True
Pelo,PELO,PELO,True,True
Pelp1,PELP1,PELP1,True,True
Pemt,PEMT,PEMT,True,True
Penk,PENK,PENK,True,True
Pepd,PEPD,PEPD,True,True
Per1,PER1,PER1,True,True
Per2,PER2,PER2,True,True
Per3,PER3,PER3,True,True
Perm1,PERM1,PERM1,False,True
Perp,PERP,PERP,True,True
Pes1,PES1,PES1,True,True
Pet100,PET100,PET100,True,True
Pex1,PEX1,PEX1,True,True
Pex10,PEX10,PEX10,True,True
Pex11a,PEX11A,PEX11A,True,True
Pex11b,PEX11B,PEX11B,True,True
Pex11g,PEX11G,PEX11G,True,True
Pex12,PEX12,PEX12,True,True
Pex13,PEX13,PEX13,True,True
Pex14,PEX14,PEX14,True,True
Pex16,PEX16,PEX16,True,True
Pex19,PEX19,PEX19,True,True
Pex2,PEX2,PEX2,True,True
Pex26,PEX26,PEX26,True,True
Pex3,PEX3,PEX3,True,True
Pex5,PEX5,PEX5,True,True
Pex5l,PEX5L,PEX5L,True,True
Pex6,PEX6,PEX6,True,True
Pex7,PEX7,PEX7,True,True
Pfas,PFAS,PFAS,True,True
Pfdn1,PFDN1,PFDN1,True,True
Pfdn2,PFDN2,PFDN2,True,True
Pfdn4,PFDN4,PFDN4,True,True
Pfdn5,PFDN5,PFDN5,True,True
Pfdn6,PFDN6,PFDN6,True,True
Pfkfb1,PFKFB1,PFKFB1,True,True
Pfkfb2,PFKFB2,PFKFB2,True,True
Pfkfb3,PFKFB3,PFKFB3,True,True
Pfkfb4,PFKFB4,PFKFB4,True,True
Pfkl,PFKL,PFKL,True,True
Pfkm,PFKM,PFKM,True,True
Pfkp,PFKP,PFKP,True,True
Pfn1,PFN1,PFN1,True,True
Pfn2,PFN2,PFN2,True,True
Pfn3,PFN3,PFN3,False,True
Pfn4,PFN4,PFN4,True,True
Pgam1,PGAM1,PGAM1,True,True
Pgam2,PGAM2,PGAM2,True,True
Pgam5,PGAM5,PGAM5,True,True
Pgap1,PGAP1,PGAP1,True,True
Pgap2,PGAP2,PGAP2,True,True
Pgap3,PGAP3,PGAP3,True,True
Pgbd1,PGBD1,PGBD1,True,True
Pgbd5,PGBD5,PGBD5,True,True
Pgd,PGD,PGD,True,True
Pgf,PGF,PGF,True,True
Pgghg,PGGHG,PGGHG,False,True
Pggt1b,PGGT1B,PGGT1B,True,True
Pgk1,PGK1,PGK1,True,True
Pgls,PGLS,PGLS,True,True
Pglyrp1,PGLYRP1,PGLYRP1,False,True
Pgm1,PGM1,PGM1,True,True
Pgm2,PGM2,PGM2,True,True
Pgm2l1,PGM2L1,PGM2L1,True,True
Pgm3,PGM3,PGM3,True,True
Pgm5,PGM5,PGM5,True,True
Pgp,PGP,PGP,True,True
Pgpep1,PGPEP1,PGPEP1,True,True
Pgpep1l,PGPEP1L,PGPEP1L,True,True
Pgr,PGR,PGR,True,True
Pgrmc1,PGRMC1,PGRMC1,True,True
Pgrmc2,PGRMC2,PGRMC2,True,True
Pgs1,PGS1,PGS1,True,True
Phactr1,PHACTR1,PHACTR1,True,True
Phactr2,PHACTR2,PHACTR2,True,True
Phactr3,PHACTR3,PHACTR3,True,True
Phactr4,PHACTR4,PHACTR4,True,True
Phax,PHAX,PHAX,True,True
Phb,PHB,PHB,True,True
Phb2,PHB2,PHB2,True,True
Phc1,PHC1,PHC1,True,True
Phc2,PHC2,PHC2,True,True
Phc3,PHC3,PHC3,True,True
Pheta1,PHETA1,PHETA1,False,True
Phex,PHEX,PHEX,True,True
Phf1,PHF1,PHF1,True,True
Phf10,PHF10,PHF10,True,True
Phf12,PHF12,PHF12,True,True
Phf13,PHF13,PHF13,True,True
Phf14,PHF14,PHF14,True,True
Phf19,PHF19,PHF19,True,True
Phf2,PHF2,PHF2,True,True
Phf20,PHF20,PHF20,True,True
Phf20l1,PHF20L1,PHF20L1,True,True
Phf21a,PHF21A,PHF21A,True,True
Phf21b,PHF21B,PHF21B,True,True
Phf23,PHF23,PHF23,True,True
Phf24,PHF24,PHF24,True,True
Phf3,PHF3,PHF3,True,True
Phf5a,PHF5A,PHF5A,True,True
Phf6,PHF6,PHF6,True,True
Phf7,PHF7,PHF7,True,True
Phf8,PHF8,PHF8,True,True
Phgdh,PHGDH,PHGDH,True,True
Phip,PHIP,PHIP,True,True
Phka1,PHKA1,PHKA1,True,True
Phka2,PHKA2,PHKA2,True,True
Phkb,PHKB,PHKB,True,True
Phkg1,PHKG1,PHKG1,True,True
Phkg2,PHKG2,PHKG2,True,True
Phlda1,PHLDA1,PHLDA1,True,True
Phlda3,PHLDA3,PHLDA3,True,True
Phldb1,PHLDB1,PHLDB1,True,True
Phldb2,PHLDB2,PHLDB2,True,True
Phldb3,PHLDB3,PHLDB3,True,True
Phlpp1,PHLPP1,PHLPP1,True,True
Phlpp2,PHLPP2,PHLPP2,True,True
Phospho2,PHOSPHO2,PHOSPHO2,True,True
Phpt1,PHPT1,PHPT1,True,True
Phrf1,PHRF1,PHRF1,True,True
Phtf1,PHTF1,PHTF1,True,True
Phtf2,PHTF2,PHTF2,True,True
Phyh,PHYH,PHYH,True,True
Phyhd1,PHYHD1,PHYHD1,True,True
Phyhip,PHYHIP,PHYHIP,True,True
Phyhipl,PHYHIPL,PHYHIPL,True,True
Phykpl,PHYKPL,PHYKPL,True,True
Pi15,PI15,PI15,True,True
Pi16,PI16,PI16,True,True
Pi4k2a,PI4K2A,PI4K2A,True,True
Pi4k2b,PI4K2B,PI4K2B,True,True
Pi4ka,PI4KA,PI4KA,True,True
Pi4kb,PI4KB,PI4KB,True,True
Pianp,PIANP,PIANP,True,True
Pias1,PIAS1,PIAS1,True,True
Pias2,PIAS2,PIAS2,True,True
Pias3,PIAS3,PIAS3,True,True
Pias4,PIAS4,PIAS4,True,True
Pibf1,PIBF1,PIBF1,True,True
Picalm,PICALM,PICALM,True,True
Pick1,PICK1,PICK1,True,True
Pid1,PID1,PID1,True,True
Pidd1,PIDD1,PIDD1,True,True
Piezo1,PIEZO1,PIEZO1,True,True
Piezo2,PIEZO2,PIEZO2,True,True
Pif1,PIF1,PIF1,True,True
Pifo,PIFO,PIFO,True,True
Piga,PIGA,PIGA,True,True
Pigb,PIGB,PIGB,True,True
Pigc,PIGC,PIGC,True,True
Pigf,PIGF,PIGF,True,True
Pigg,PIGG,PIGG,True,True
Pigh,PIGH,PIGH,True,True
Pigk,PIGK,PIGK,True,True
Pigl,PIGL,PIGL,True,True
Pigm,PIGM,PIGM,True,True
Pign,PIGN,PIGN,True,True
Pigo,PIGO,PIGO,True,True
Pigp,PIGP,PIGP,True,True
Pigq,PIGQ,PIGQ,True,True
Pigs,PIGS,PIGS,True,True
Pigt,PIGT,PIGT,True,True
Pigu,PIGU,PIGU,True,True
Pigv,PIGV,PIGV,True,True
Pigw,PIGW,PIGW,True,True
Pigx,PIGX,PIGX,True,True
Pigz,PIGZ,PIGZ,True,True
Pih1d1,PIH1D1,PIH1D1,True,True
Pih1d2,PIH1D2,PIH1D2,True,True
Pik3ap1,PIK3AP1,PIK3AP1,True,True
Pik3c2a,PIK3C2A,PIK3C2A,True,True
Pik3c2b,PIK3C2B,PIK3C2B,True,True
Pik3c2g,PIK3C2G,PIK3C2G,True,True
Pik3c3,PIK3C3,PIK3C3,True,True
Pik3ca,PIK3CA,PIK3CA,True,True
Pik3cb,PIK3CB,PIK3CB,True,True
Pik3cd,PIK3CD,PIK3CD,True,True
Pik3cg,PIK3CG,PIK3CG,True,True
Pik3ip1,PIK3IP1,PIK3IP1,True,True
Pik3r1,PIK3R1,PIK3R1,True,True
Pik3r2,PIK3R2,PIK3R2,False,True
Pik3r3,PIK3R3,PIK3R3,True,True
Pik3r4,PIK3R4,PIK3R4,True,True
Pik3r5,PIK3R5,PIK3R5,True,True
Pik3r6,PIK3R6,PIK3R6,True,True
Pikfyve,PIKFYVE,PIKFYVE,True,True
Pilra,PILRA,PILRA,True,True
Pim1,PIM1,PIM1,True,True
Pim2,PIM2,PIM2,True,True
Pim3,PIM3,PIM3,True,True
Pimreg,PIMREG,PIMREG,False,True
Pin1,PIN1,PIN1,True,True
Pin4,PIN4,PIN4,True,True
Pink1,PINK1,PINK1,True,True
Pinx1,PINX1,PINX1,True,True
Pip4k2a,PIP4K2A,PIP4K2A,True,True
Pip4k2b,PIP4K2B,PIP4K2B,True,True
Pip4k2c,PIP4K2C,PIP4K2C,True,True
Pip4p1,PIP4P1,PIP4P1,False,True
Pip4p2,PIP4P2,PIP4P2,False,True
Pip5k1a,PIP5K1A,PIP5K1A,True,True
Pip5k1b,PIP5K1B,PIP5K1B,True,True
Pip5k1c,PIP5K1C,PIP5K1C,True,True
Pip5kl1,PIP5KL1,PIP5KL1,True,True
Pipox,PIPOX,PIPOX,True,True
Pir,PIR,PIR,True,True
Pirt,PIRT,PIRT,True,True
Pisd,PISD,PISD,True,True
Pithd1,PITHD1,PITHD1,True,True
Pitpna,PITPNA,PITPNA,True,True
Pitpnb,PITPNB,PITPNB,True,True
Pitpnc1,PITPNC1,PITPNC1,True,True
Pitpnm1,PITPNM1,PITPNM1,True,True
Pitpnm2,PITPNM2,PITPNM2,True,True
Pitpnm3,PITPNM3,PITPNM3,True,True
Pitrm1,PITRM1,PITRM1,True,True
Pitx1,PITX1,PITX1,False,True
Piwil1,PIWIL1,PIWIL1,False,True
Piwil2,PIWIL2,PIWIL2,True,True
Pja1,PJA1,PJA1,True,True
Pja2,PJA2,PJA2,True,True
Pkd1,PKD1,PKD1,True,True
Pkd1l1,PKD1L1,PKD1L1,True,True
Pkd1l2,PKD1L2,PKD1L2,True,False
Pkd1l3,PKD1L3,PKD1L3,True,True
Pkd2,PKD2,PKD2,True,True
Pkd2l1,PKD2L1,PKD2L1,True,True
Pkd2l2,PKD2L2,PKD2L2,True,True
Pkdcc,PKDCC,PKDCC,True,True
Pkhd1,PKHD1,PKHD1,True,True
Pkhd1l1,PKHD1L1,PKHD1L1,True,True
Pkia,PKIA,PKIA,True,True
Pkib,PKIB,PKIB,True,True
Pkig,PKIG,PKIG,True,True
Pklr,PKLR,PKLR,True,True
Pkm,PKM,PKM,True,True
Pkmyt1,PKMYT1,PKMYT1,True,True
Pkn1,PKN1,PKN1,True,True
Pkn2,PKN2,PKN2,True,True
Pkn3,PKN3,PKN3,True,True
Pknox1,PKNOX1,PKNOX1,True,True
Pknox2,PKNOX2,PKNOX2,True,True
Pkp1,PKP1,PKP1,True,True
Pkp2,PKP2,PKP2,True,True
Pkp3,PKP3,PKP3,True,True
Pkp4,PKP4,PKP4,True,True
Pla1a,PLA1A,PLA1A,True,True
Pla2g10,PLA2G10,PLA2G10,False,True
Pla2g12a,PLA2G12A,PLA2G12A,True,True
Pla2g15,PLA2G15,PLA2G15,True,True
Pla2g16,PLA2G16,PLA2G16,True,False
Pla2g2c,PLA2G2C,PLA2G2C,True,True
Pla2g2d,PLA2G2D,PLA2G2D,False,True
Pla2g3,PLA2G3,PLA2G3,False,True
Pla2g4a,PLA2G4A,PLA2G4A,True,True
Pla2g4b,PLA2G4B,PLA2G4B,True,True
Pla2g4c,PLA2G4C,PLA2G4C,True,True
Pla2g4e,PLA2G4E,PLA2G4E,False,True
Pla2g5,PLA2G5,PLA2G5,True,True
Pla2g6,PLA2G6,PLA2G6,True,True
Pla2g7,PLA2G7,PLA2G7,True,True
Pla2r1,PLA2R1,PLA2R1,True,True
Plaa,PLAA,PLAA,True,True
Plaat1,PLAAT1,PLAAT1,False,True
Plaat3,PLAAT3,PLAAT3,False,True
Plac1,PLAC1,PLAC1,False,True
Plac8,PLAC8,PLAC8,True,True
Plac8l1,PLAC8L1,PLAC8L1,True,True
Plag1,PLAG1,PLAG1,True,True
Plagl1,PLAGL1,PLAGL1,True,True
Plagl2,PLAGL2,PLAGL2,True,True
Plat,PLAT,PLAT,True,True
Plau,PLAU,PLAU,True,True
Plaur,PLAUR,PLAUR,True,True
Plb1,PLB1,PLB1,True,True
Plbd1,PLBD1,PLBD1,True,True
Plbd2,PLBD2,PLBD2,True,True
Plcb1,PLCB1,PLCB1,True,True
Plcb2,PLCB2,PLCB2,True,True
Plcb3,PLCB3,PLCB3,True,True
Plcb4,PLCB4,PLCB4,True,True
Plcd1,PLCD1,PLCD1,True,True
Plcd3,PLCD3,PLCD3,True,True
Plcd4,PLCD4,PLCD4,True,True
Plce1,PLCE1,PLCE1,True,True
Plcg1,PLCG1,PLCG1,True,True
Plcg2,PLCG2,PLCG2,True,True
Plch1,PLCH1,PLCH1,True,True
Plch2,PLCH2,PLCH2,True,True
Plcl1,PLCL1,PLCL1,True,True
Plcl2,PLCL2,PLCL2,True,True
Plcxd1,PLCXD1,PLCXD1,True,True
Plcxd2,PLCXD2,PLCXD2,True,True
Plcxd3,PLCXD3,PLCXD3,True,True
Pld1,PLD1,PLD1,True,True
Pld2,PLD2,PLD2,True,True
Pld3,PLD3,PLD3,True,True
Pld4,PLD4,PLD4,True,True
Pld5,PLD5,PLD5,True,True
Pld6,PLD6,PLD6,True,True
Plec,PLEC,PLEC,True,True
Plek,PLEK,PLEK,True,True
Plek2,PLEK2,PLEK2,False,True
Plekha1,PLEKHA1,PLEKHA1,True,True
Plekha2,PLEKHA2,PLEKHA2,True,True
Plekha3,PLEKHA3,PLEKHA3,True,True
Plekha4,PLEKHA4,PLEKHA4,True,True
Plekha5,PLEKHA5,PLEKHA5,True,True
Plekha6,PLEKHA6,PLEKHA6,True,True
Plekha7,PLEKHA7,PLEKHA7,True,True
Plekha8,PLEKHA8,PLEKHA8,True,True
Plekhb1,PLEKHB1,PLEKHB1,True,True
Plekhb2,PLEKHB2,PLEKHB2,True,True
Plekhd1,PLEKHD1,PLEKHD1,True,True
Plekhf1,PLEKHF1,PLEKHF1,True,True
Plekhf2,PLEKHF2,PLEKHF2,True,True
Plekhg1,PLEKHG1,PLEKHG1,True,True
Plekhg2,PLEKHG2,PLEKHG2,True,True
Plekhg3,PLEKHG3,PLEKHG3,True,True
Plekhg4,PLEKHG4,PLEKHG4,True,True
Plekhg5,PLEKHG5,PLEKHG5,True,True
Plekhg6,PLEKHG6,PLEKHG6,False,True
Plekhh1,PLEKHH1,PLEKHH1,True,True
Plekhh2,PLEKHH2,PLEKHH2,True,True
Plekhh3,PLEKHH3,PLEKHH3,True,True
Plekhj1,PLEKHJ1,PLEKHJ1,True,True
Plekhm1,PLEKHM1,PLEKHM1,True,True
Plekhm2,PLEKHM2,PLEKHM2,True,True
Plekhm3,PLEKHM3,PLEKHM3,True,True
Plekhn1,PLEKHN1,PLEKHN1,False,True
Plekho1,PLEKHO1,PLEKHO1,True,True
Plekho2,PLEKHO2,PLEKHO2,True,True
Plet1,PLET1,PLET1,False,True
Plg,PLG,PLG,False,True
Plgrkt,PLGRKT,PLGRKT,True,True
Plin1,PLIN1,PLIN1,True,True
Plin2,PLIN2,PLIN2,True,True
Plin3,PLIN3,PLIN3,True,True
Plin4,PLIN4,PLIN4,True,True
Plin5,PLIN5,PLIN5,True,True
Plk1,PLK1,PLK1,True,True
Plk2,PLK2,PLK2,True,True
Plk3,PLK3,PLK3,True,True
Plk4,PLK4,PLK4,True,True
Plk5,PLK5,PLK5,True,True
Pllp,PLLP,PLLP,True,True
Pln,PLN,PLN,True,True
Plod1,PLOD1,PLOD1,True,True
Plod2,PLOD2,PLOD2,True,True
Plod3,PLOD3,PLOD3,True,True
Plp1,PLP1,PLP1,True,True
Plp2,PLP2,PLP2,True,True
Plpbp,PLPBP,PLPBP,False,True
Plpp1,PLPP1,PLPP1,True,True
Plpp2,PLPP2,PLPP2,True,True
Plpp3,PLPP3,PLPP3,True,True
Plpp4,PLPP4,PLPP4,True,True
Plpp5,PLPP5,PLPP5,True,True
Plpp6,PLPP6,PLPP6,True,True
Plpp7,PLPP7,PLPP7,True,True
Plppr1,PLPPR1,PLPPR1,True,True
Plppr2,PLPPR2,PLPPR2,True,True
Plppr3,PLPPR3,PLPPR3,True,True
Plppr4,PLPPR4,PLPPR4,True,True
Plppr5,PLPPR5,PLPPR5,True,True
Plrg1,PLRG1,PLRG1,True,True
Pls1,PLS1,PLS1,True,True
Pls3,PLS3,PLS3,True,True
Plscr1,PLSCR1,PLSCR1,True,True
Plscr2,PLSCR2,PLSCR2,False,True
Plscr3,PLSCR3,PLSCR3,False,True
Plscr4,PLSCR4,PLSCR4,True,True
Plscr5,PLSCR5,PLSCR5,False,True
Pltp,PLTP,PLTP,True,True
Plvap,PLVAP,PLVAP,True,True
Plxdc1,PLXDC1,PLXDC1,True,True
Plxdc2,PLXDC2,PLXDC2,True,True
Plxna1,PLXNA1,PLXNA1,True,True
Plxna2,PLXNA2,PLXNA2,True,True
Plxna3,PLXNA3,PLXNA3,True,True
Plxna4,PLXNA4,PLXNA4,True,True
Plxnb1,PLXNB1,PLXNB1,True,True
Plxnb2,PLXNB2,PLXNB2,True,True
Plxnb3,PLXNB3,PLXNB3,True,True
Plxnc1,PLXNC1,PLXNC1,True,True
Plxnd1,PLXND1,PLXND1,True,True
Pm20d1,PM20D1,PM20D1,True,True
Pm20d2,PM20D2,PM20D2,True,True
Pmaip1,PMAIP1,PMAIP1,True,True
Pmch,PMCH,PMCH,True,True
Pmel,PMEL,PMEL,False,True
Pmepa1,PMEPA1,PMEPA1,True,True
Pmf1,PMF1,PMF1,True,True
Pmfbp1,PMFBP1,PMFBP1,True,True
Pml,PML,PML,True,True
Pmm1,PMM1,PMM1,True,True
Pmm2,PMM2,PMM2,True,True
Pmp22,PMP22,PMP22,True,True
Pmpca,PMPCA,PMPCA,True,True
Pmpcb,PMPCB,PMPCB,True,True
Pms1,PMS1,PMS1,True,True
Pms2,PMS2,PMS2,True,True
Pmvk,PMVK,PMVK,True,True
Pnck,PNCK,PNCK,True,True
Pnisr,PNISR,PNISR,True,True
Pnkd,PNKD,PNKD,True,True
Pnkp,PNKP,PNKP,True,True
Pnldc1,PNLDC1,PNLDC1,True,True
Pnma1,PNMA1,PNMA1,True,True
Pnma2,PNMA2,PNMA2,True,True
Pnma3,PNMA3,PNMA3,True,True
Pnmal1,PNMAL1,PNMAL1,True,False
Pnmal2,PNMAL2,PNMAL2,True,False
Pnn,PNN,PNN,True,True
Pno1,PNO1,PNO1,True,True
Pnoc,PNOC,PNOC,True,True
Pnp,PNP,PNP,True,True
Pnpla1,PNPLA1,PNPLA1,False,True
Pnpla2,PNPLA2,PNPLA2,True,True
Pnpla3,PNPLA3,PNPLA3,True,True
Pnpla6,PNPLA6,PNPLA6,True,True
Pnpla7,PNPLA7,PNPLA7,True,True
Pnpla8,PNPLA8,PNPLA8,True,True
Pnpo,PNPO,PNPO,True,True
Pnpt1,PNPT1,PNPT1,True,True
Pnrc1,PNRC1,PNRC1,True,True
Pnrc2,PNRC2,PNRC2,True,True
Poc1a,POC1A,POC1A,True,True
Poc1b,POC1B,POC1B,True,True
Poc5,POC5,POC5,True,True
Podn,PODN,PODN,True,True
Podnl1,PODNL1,PODNL1,True,True
Podxl,PODXL,PODXL,True,True
Podxl2,PODXL2,PODXL2,True,True
Pofut1,POFUT1,POFUT1,True,True
Pofut2,POFUT2,POFUT2,True,True
Pogk,POGK,POGK,True,True
Poglut1,POGLUT1,POGLUT1,True,True
Poglut2,POGLUT2,POGLUT2,False,True
Poglut3,POGLUT3,POGLUT3,False,True
Pogz,POGZ,POGZ,True,True
Pola1,POLA1,POLA1,True,True
Pola2,POLA2,POLA2,True,True
Polb,POLB,POLB,True,True
Pold1,POLD1,POLD1,True,True
Pold2,POLD2,POLD2,True,True
Pold3,POLD3,POLD3,True,True
Pold4,POLD4,POLD4,True,True
Poldip2,POLDIP2,POLDIP2,True,True
Poldip3,POLDIP3,POLDIP3,True,True
Pole,POLE,POLE,True,True
Pole2,POLE2,POLE2,True,True
Pole3,POLE3,POLE3,True,True
Pole4,POLE4,POLE4,True,True
Polg,POLG,POLG,True,True
Polg2,POLG2,POLG2,True,True
Polh,POLH,POLH,True,True
Poli,POLI,POLI,True,True
Polk,POLK,POLK,True,True
Poll,POLL,POLL,True,True
Polm,POLM,POLM,True,True
Poln,POLN,POLN,True,True
Polq,POLQ,POLQ,True,True
Polr1a,POLR1A,POLR1A,True,True
Polr1b,POLR1B,POLR1B,True,True
Polr1c,POLR1C,POLR1C,True,True
Polr1d,POLR1D,POLR1D,True,True
Polr1e,POLR1E,POLR1E,True,True
Polr2a,POLR2A,POLR2A,True,True
Polr2b,POLR2B,POLR2B,True,True
Polr2c,POLR2C,POLR2C,True,True
Polr2d,POLR2D,POLR2D,True,True
Polr2e,POLR2E,POLR2E,True,True
Polr2f,POLR2F,POLR2F,True,True
Polr2g,POLR2G,POLR2G,True,True
Polr2h,POLR2H,POLR2H,True,True
Polr2i,POLR2I,POLR2I,True,True
Polr2j,POLR2J,POLR2J,True,True
Polr2k,POLR2K,POLR2K,True,True
Polr2l,POLR2L,POLR2L,True,True
Polr2m,POLR2M,POLR2M,True,True
Polr3a,POLR3A,POLR3A,True,True
Polr3b,POLR3B,POLR3B,True,True
Polr3c,POLR3C,POLR3C,True,True
Polr3d,POLR3D,POLR3D,True,True
Polr3e,POLR3E,POLR3E,True,True
Polr3f,POLR3F,POLR3F,True,True
Polr3g,POLR3G,POLR3G,True,True
Polr3gl,POLR3GL,POLR3GL,True,True
Polr3h,POLR3H,POLR3H,True,True
Polr3k,POLR3K,POLR3K,True,True
Polrmt,POLRMT,POLRMT,True,True
Pom121,POM121,POM121,True,True
Pomc,POMC,POMC,True,True
Pomgnt1,POMGNT1,POMGNT1,True,True
Pomgnt2,POMGNT2,POMGNT2,True,True
Pomk,POMK,POMK,True,True
Pomp,POMP,POMP,True,True
Pomt1,POMT1,POMT1,True,True
Pomt2,POMT2,POMT2,True,True
Pon1,PON1,PON1,True,True
Pon2,PON2,PON2,True,True
Pon3,PON3,PON3,True,True
Pop1,POP1,POP1,True,True
Pop4,POP4,POP4,True,True
Pop5,POP5,POP5,True,True
Pop7,POP7,POP7,True,True
Popdc2,POPDC2,POPDC2,True,True
Popdc3,POPDC3,POPDC3,True,True
Por,POR,POR,True,True
Porcn,PORCN,PORCN,True,True
Postn,POSTN,POSTN,True,True
Pou1f1,POU1F1,POU1F1,False,True
Pou2af1,POU2AF1,POU2AF1,True,True
Pou2f1,POU2F1,POU2F1,True,True
Pou2f2,POU2F2,POU2F2,True,True
Pou2f3,POU2F3,POU2F3,False,True
Pou3f1,POU3F1,POU3F1,True,True
Pou3f2,POU3F2,POU3F2,True,True
Pou3f3,POU3F3,POU3F3,True,True
Pou3f4,POU3F4,POU3F4,True,True
Pou4f1,POU4F1,POU4F1,True,True
Pou5f1,POU5F1,POU5F1,False,True
Pou5f2,POU5F2,POU5F2,True,True
Pou6f1,POU6F1,POU6F1,True,True
Pou6f2,POU6F2,POU6F2,True,True
Pp2d1,PP2D1,PP2D1,False,True
Ppa1,PPA1,PPA1,True,True
Ppa2,PPA2,PPA2,True,True
Ppan,PPAN,PPAN,True,True
Ppara,PPARA,PPARA,True,True
Ppard,PPARD,PPARD,True,True
Pparg,PPARG,PPARG,True,True
Ppargc1a,PPARGC1A,PPARGC1A,True,True
Ppargc1b,PPARGC1B,PPARGC1B,True,True
Ppat,PPAT,PPAT,True,True
Ppcdc,PPCDC,PPCDC,True,True
Ppcs,PPCS,PPCS,True,True
Ppdpf,PPDPF,PPDPF,True,True
Ppef1,PPEF1,PPEF1,True,True
Ppef2,PPEF2,PPEF2,False,True
Ppfia1,PPFIA1,PPFIA1,True,True
Ppfia2,PPFIA2,PPFIA2,True,True
Ppfia3,PPFIA3,PPFIA3,True,True
Ppfia4,PPFIA4,PPFIA4,True,True
Ppfibp1,PPFIBP1,PPFIBP1,True,True
Ppfibp2,PPFIBP2,PPFIBP2,True,True
Pphln1,PPHLN1,PPHLN1,True,True
Ppia,PPIA,PPIA,True,True
Ppib,PPIB,PPIB,True,True
Ppic,PPIC,PPIC,True,True
Ppid,PPID,PPID,True,True
Ppie,PPIE,PPIE,True,True
Ppif,PPIF,PPIF,True,True
Ppig,PPIG,PPIG,True,True
Ppih,PPIH,PPIH,True,True
Ppil1,PPIL1,PPIL1,True,True
Ppil2,PPIL2,PPIL2,True,True
Ppil3,PPIL3,PPIL3,True,True
Ppil4,PPIL4,PPIL4,True,True
Ppil6,PPIL6,PPIL6,True,True
Ppip5k1,PPIP5K1,PPIP5K1,True,True
Ppip5k2,PPIP5K2,PPIP5K2,True,True
Ppl,PPL,PPL,True,True
Ppm1a,PPM1A,PPM1A,True,True
Ppm1b,PPM1B,PPM1B,True,True
Ppm1d,PPM1D,PPM1D,True,True
Ppm1e,PPM1E,PPM1E,True,True
Ppm1f,PPM1F,PPM1F,True,True
Ppm1g,PPM1G,PPM1G,True,True
Ppm1h,PPM1H,PPM1H,True,True
Ppm1j,PPM1J,PPM1J,True,True
Ppm1k,PPM1K,PPM1K,True,True
Ppm1l,PPM1L,PPM1L,True,True
Ppm1m,PPM1M,PPM1M,True,True
Ppm1n,PPM1N,PPM1N,True,True
Ppme1,PPME1,PPME1,True,True
Ppox,PPOX,PPOX,True,True
Ppp1ca,PPP1CA,PPP1CA,True,True
Ppp1cb,PPP1CB,PPP1CB,True,True
Ppp1cc,PPP1CC,PPP1CC,True,True
Ppp1r10,PPP1R10,PPP1R10,True,True
Ppp1r11,PPP1R11,PPP1R11,True,True
Ppp1r12a,PPP1R12A,PPP1R12A,True,True
Ppp1r12b,PPP1R12B,PPP1R12B,True,True
Ppp1r12c,PPP1R12C,PPP1R12C,True,True
Ppp1r13b,PPP1R13B,PPP1R13B,True,True
Ppp1r13l,PPP1R13L,PPP1R13L,True,True
Ppp1r14a,PPP1R14A,PPP1R14A,True,True
Ppp1r14b,PPP1R14B,PPP1R14B,True,True
Ppp1r14c,PPP1R14C,PPP1R14C,True,True
Ppp1r14d,PPP1R14D,PPP1R14D,False,True
Ppp1r15a,PPP1R15A,PPP1R15A,True,True
Ppp1r15b,PPP1R15B,PPP1R15B,True,True
Ppp1r16a,PPP1R16A,PPP1R16A,True,True
Ppp1r16b,PPP1R16B,PPP1R16B,True,True
Ppp1r17,PPP1R17,PPP1R17,True,True
Ppp1r18,PPP1R18,PPP1R18,True,True
Ppp1r1a,PPP1R1A,PPP1R1A,True,True
Ppp1r1b,PPP1R1B,PPP1R1B,True,True
Ppp1r1c,PPP1R1C,PPP1R1C,True,True
Ppp1r2,PPP1R2,PPP1R2,True,True
Ppp1r21,PPP1R21,PPP1R21,True,True
Ppp1r26,PPP1R26,PPP1R26,True,True
Ppp1r32,PPP1R32,PPP1R32,True,True
Ppp1r35,PPP1R35,PPP1R35,True,True
Ppp1r36,PPP1R36,PPP1R36,True,True
Ppp1r37,PPP1R37,PPP1R37,True,True
Ppp1r3b,PPP1R3B,PPP1R3B,True,True
Ppp1r3c,PPP1R3C,PPP1R3C,True,True
Ppp1r3d,PPP1R3D,PPP1R3D,True,True
Ppp1r3e,PPP1R3E,PPP1R3E,True,True
Ppp1r3f,PPP1R3F,PPP1R3F,True,True
Ppp1r3g,PPP1R3G,PPP1R3G,True,True
Ppp1r42,PPP1R42,PPP1R42,True,True
Ppp1r7,PPP1R7,PPP1R7,True,True
Ppp1r8,PPP1R8,PPP1R8,True,True
Ppp1r9a,PPP1R9A,PPP1R9A,True,True
Ppp1r9b,PPP1R9B,PPP1R9B,True,True
Ppp2ca,PPP2CA,PPP2CA,True,True
Ppp2cb,PPP2CB,PPP2CB,True,True
Ppp2r1a,PPP2R1A,PPP2R1A,True,True
Ppp2r1b,PPP2R1B,PPP2R1B,True,True
Ppp2r2a,PPP2R2A,PPP2R2A,True,True
Ppp2r2b,PPP2R2B,PPP2R2B,True,True
Ppp2r2c,PPP2R2C,PPP2R2C,True,True
Ppp2r2d,PPP2R2D,PPP2R2D,True,True
Ppp2r3a,PPP2R3A,PPP2R3A,True,True
Ppp2r3c,PPP2R3C,PPP2R3C,True,True
Ppp2r5a,PPP2R5A,PPP2R5A,True,True
Ppp2r5b,PPP2R5B,PPP2R5B,True,True
Ppp2r5c,PPP2R5C,PPP2R5C,True,True
Ppp2r5d,PPP2R5D,PPP2R5D,True,True
Ppp2r5e,PPP2R5E,PPP2R5E,True,True
Ppp3ca,PPP3CA,PPP3CA,True,True
Ppp3cb,PPP3CB,PPP3CB,True,True
Ppp3cc,PPP3CC,PPP3CC,True,True
Ppp3r1,PPP3R1,PPP3R1,True,True
Ppp3r2,PPP3R2,PPP3R2,True,True
Ppp4c,PPP4C,PPP4C,True,True
Ppp4r1,PPP4R1,PPP4R1,True,True
Ppp4r2,PPP4R2,PPP4R2,True,True
Ppp4r3a,PPP4R3A,PPP4R3A,True,True
Ppp4r3b,PPP4R3B,PPP4R3B,True,True
Ppp4r4,PPP4R4,PPP4R4,True,True
Ppp5c,PPP5C,PPP5C,True,True
Ppp6c,PPP6C,PPP6C,True,True
Ppp6r1,PPP6R1,PPP6R1,True,True
Ppp6r2,PPP6R2,PPP6R2,True,True
Ppp6r3,PPP6R3,PPP6R3,True,True
Pprc1,PPRC1,PPRC1,True,True
Ppt1,PPT1,PPT1,True,True
Ppt2,PPT2,PPT2,True,True
Pptc7,PPTC7,PPTC7,True,True
Ppwd1,PPWD1,PPWD1,True,True
Pqbp1,PQBP1,PQBP1,True,True
Pqlc1,PQLC1,PQLC1,True,False
Pqlc2,PQLC2,PQLC2,True,False
Pqlc3,PQLC3,PQLC3,True,False
Pradc1,PRADC1,PRADC1,True,True
Praf2,PRAF2,PRAF2,True,True
Prag1,PRAG1,PRAG1,False,True
Pram1,PRAM1,PRAM1,True,True
Prap1,PRAP1,PRAP1,False,True
Prc1,PRC1,PRC1,True,True
Prcc,PRCC,PRCC,True,True
Prcd,PRCD,PRCD,True,True
Prcp,PRCP,PRCP,True,True
Prdm1,PRDM1,PRDM1,True,True
Prdm10,PRDM10,PRDM10,True,True
Prdm11,PRDM11,PRDM11,True,True
Prdm15,PRDM15,PRDM15,True,True
Prdm16,PRDM16,PRDM16,True,True
Prdm2,PRDM2,PRDM2,True,True
Prdm4,PRDM4,PRDM4,True,True
Prdm5,PRDM5,PRDM5,True,True
Prdm6,PRDM6,PRDM6,True,True
Prdm8,PRDM8,PRDM8,True,True
Prdm9,PRDM9,PRDM9,False,True
Prdx1,PRDX1,PRDX1,True,True
Prdx2,PRDX2,PRDX2,True,True
Prdx3,PRDX3,PRDX3,True,True
Prdx4,PRDX4,PRDX4,True,True
Prdx5,PRDX5,PRDX5,True,True
Prdx6,PRDX6,PRDX6,True,True
Preb,PREB,PREB,True,True
Prelid1,PRELID1,PRELID1,True,True
Prelid2,PRELID2,PRELID2,True,True
Prelid3a,PRELID3A,PRELID3A,True,True
Prelid3b,PRELID3B,PRELID3B,True,True
Prelp,PRELP,PRELP,True,True
Prep,PREP,PREP,True,True
Prepl,PREPL,PREPL,True,True
Prex1,PREX1,PREX1,True,True
Prex2,PREX2,PREX2,True,True
Prg4,PRG4,PRG4,False,True
Prickle1,PRICKLE1,PRICKLE1,True,True
Prickle2,PRICKLE2,PRICKLE2,True,True
Prickle3,PRICKLE3,PRICKLE3,True,True
Prickle4,PRICKLE4,PRICKLE4,True,True
Prim1,PRIM1,PRIM1,True,True
Prim2,PRIM2,PRIM2,True,True
Prima1,PRIMA1,PRIMA1,True,True
Primpol,PRIMPOL,PRIMPOL,True,True
Prkaa1,PRKAA1,PRKAA1,True,True
Prkaa2,PRKAA2,PRKAA2,True,True
Prkab1,PRKAB1,PRKAB1,True,True
Prkab2,PRKAB2,PRKAB2,True,True
Prkaca,PRKACA,PRKACA,True,True
Prkacb,PRKACB,PRKACB,True,True
Prkag1,PRKAG1,PRKAG1,True,True
Prkag2,PRKAG2,PRKAG2,True,True
Prkar1a,PRKAR1A,PRKAR1A,True,True
Prkar1b,PRKAR1B,PRKAR1B,True,True
Prkar2a,PRKAR2A,PRKAR2A,True,True
Prkar2b,PRKAR2B,PRKAR2B,True,True
Prkca,PRKCA,PRKCA,True,True
Prkcb,PRKCB,PRKCB,True,True
Prkcd,PRKCD,PRKCD,True,True
Prkce,PRKCE,PRKCE,True,True
Prkcg,PRKCG,PRKCG,True,True
Prkch,PRKCH,PRKCH,True,True
Prkci,PRKCI,PRKCI,True,True
Prkcq,PRKCQ,PRKCQ,True,True
Prkcsh,PRKCSH,PRKCSH,True,True
Prkcz,PRKCZ,PRKCZ,True,True
Prkd1,PRKD1,PRKD1,True,True
Prkd2,PRKD2,PRKD2,True,True
Prkd3,PRKD3,PRKD3,True,True
Prkdc,PRKDC,PRKDC,True,True
Prkg1,PRKG1,PRKG1,True,True
Prkg2,PRKG2,PRKG2,True,True
Prkn,PRKN,PRKN,False,True
Prkra,PRKRA,PRKRA,True,True
Prkrip1,PRKRIP1,PRKRIP1,True,True
Prkx,PRKX,PRKX,True,True
Prlr,PRLR,PRLR,True,True
Prmt1,PRMT1,PRMT1,True,True
Prmt2,PRMT2,PRMT2,True,True
Prmt3,PRMT3,PRMT3,True,True
Prmt5,PRMT5,PRMT5,True,True
Prmt6,PRMT6,PRMT6,True,True
Prmt7,PRMT7,PRMT7,True,True
Prmt8,PRMT8,PRMT8,True,True
Prmt9,PRMT9,PRMT9,True,True
Prnp,PRNP,PRNP,True,True
Prob1,PROB1,PROB1,True,True
Proca1,PROCA1,PROCA1,True,True
Procr,PROCR,PROCR,True,True
Prodh,PRODH,PRODH,True,True
Prokr2,PROKR2,PROKR2,False,True
Prom1,PROM1,PROM1,True,True
Prom2,PROM2,PROM2,True,True
Prorp,PRORP,PRORP,False,True
Pros1,PROS1,PROS1,True,True
Proser1,PROSER1,PROSER1,True,True
Proser2,PROSER2,PROSER2,True,True
Proser3,PROSER3,PROSER3,True,True
Prox1,PROX1,PROX1,True,True
Prox2,PROX2,PROX2,False,True
Proz,PROZ,PROZ,False,True
Prpf18,PRPF18,PRPF18,True,True
Prpf19,PRPF19,PRPF19,True,True
Prpf3,PRPF3,PRPF3,True,True
Prpf31,PRPF31,PRPF31,True,True
Prpf38a,PRPF38A,PRPF38A,True,True
Prpf38b,PRPF38B,PRPF38B,True,True
Prpf39,PRPF39,PRPF39,True,True
Prpf4,PRPF4,PRPF4,True,True
Prpf40a,PRPF40A,PRPF40A,True,True
Prpf40b,PRPF40B,PRPF40B,True,True
Prpf4b,PRPF4B,PRPF4B,True,True
Prpf6,PRPF6,PRPF6,True,True
Prpf8,PRPF8,PRPF8,True,True
Prph,PRPH,PRPH,True,True
Prps1,PRPS1,PRPS1,True,True
Prps2,PRPS2,PRPS2,True,True
Prpsap1,PRPSAP1,PRPSAP1,True,True
Prpsap2,PRPSAP2,PRPSAP2,True,True
Prr11,PRR11,PRR11,True,True
Prr12,PRR12,PRR12,True,True
Prr13,PRR13,PRR13,True,True
Prr14,PRR14,PRR14,True,True
Prr14l,PRR14L,PRR14L,True,True
Prr15,PRR15,PRR15,False,True
Prr15l,PRR15L,PRR15L,False,True
Prr16,PRR16,PRR16,True,True
Prr18,PRR18,PRR18,True,True
Prr22,PRR22,PRR22,True,True
Prr29,PRR29,PRR29,True,True
Prr3,PRR3,PRR3,True,True
Prr36,PRR36,PRR36,True,True
Prr5,PRR5,PRR5,True,True
Prr5l,PRR5L,PRR5L,True,True
Prr7,PRR7,PRR7,True,True
Prrc1,PRRC1,PRRC1,True,True
Prrc2a,PRRC2A,PRRC2A,True,True
Prrc2b,PRRC2B,PRRC2B,True,True
Prrc2c,PRRC2C,PRRC2C,True,True
Prrg1,PRRG1,PRRG1,True,True
Prrg2,PRRG2,PRRG2,True,True
Prrg3,PRRG3,PRRG3,True,True
Prrg4,PRRG4,PRRG4,True,True
Prrt1,PRRT1,PRRT1,True,True
Prrt2,PRRT2,PRRT2,True,True
Prrt3,PRRT3,PRRT3,True,True
Prrt4,PRRT4,PRRT4,True,True
Prrx1,PRRX1,PRRX1,True,True
Prrx2,PRRX2,PRRX2,False,True
Prss12,PRSS12,PRSS12,True,True
Prss23,PRSS23,PRSS23,True,True
Prss27,PRSS27,PRSS27,True,True
Prss35,PRSS35,PRSS35,True,True
Prss36,PRSS36,PRSS36,True,True
Prss41,PRSS41,PRSS41,False,True
Prss48,PRSS48,PRSS48,False,True
Prss50,PRSS50,PRSS50,True,False
Prss53,PRSS53,PRSS53,True,True
Prss54,PRSS54,PRSS54,False,True
Prss57,PRSS57,PRSS57,False,True
Prtg,PRTG,PRTG,True,True
Prtn3,PRTN3,PRTN3,False,True
Prune1,PRUNE1,PRUNE1,True,True
Prune2,PRUNE2,PRUNE2,True,True
Prx,PRX,PRX,True,True
Prxl2a,PRXL2A,PRXL2A,False,True
Prxl2b,PRXL2B,PRXL2B,False,True
Prxl2c,PRXL2C,PRXL2C,False,True
Psap,PSAP,PSAP,True,True
Psat1,PSAT1,PSAT1,True,True
Psd,PSD,PSD,True,True
Psd2,PSD2,PSD2,True,True
Psd3,PSD3,PSD3,True,True
Psd4,PSD4,PSD4,True,True
Psen1,PSEN1,PSEN1,True,True
Psen2,PSEN2,PSEN2,True,True
Psenen,PSENEN,PSENEN,True,True
Psip1,PSIP1,PSIP1,True,True
Pskh1,PSKH1,PSKH1,True,True
Psma1,PSMA1,PSMA1,True,True
Psma2,PSMA2,PSMA2,True,True
Psma3,PSMA3,PSMA3,True,True
Psma4,PSMA4,PSMA4,True,True
Psma5,PSMA5,PSMA5,True,True
Psma6,PSMA6,PSMA6,True,True
Psma7,PSMA7,PSMA7,True,True
Psma8,PSMA8,PSMA8,False,True
Psmb1,PSMB1,PSMB1,True,True
Psmb10,PSMB10,PSMB10,True,True
Psmb11,PSMB11,PSMB11,False,True
Psmb2,PSMB2,PSMB2,True,True
Psmb3,PSMB3,PSMB3,True,True
Psmb4,PSMB4,PSMB4,True,True
Psmb5,PSMB5,PSMB5,True,True
Psmb6,PSMB6,PSMB6,True,True
Psmb7,PSMB7,PSMB7,True,True
Psmb8,PSMB8,PSMB8,True,True
Psmb9,PSMB9,PSMB9,True,True
Psmc1,PSMC1,PSMC1,True,True
Psmc2,PSMC2,PSMC2,True,True
Psmc3,PSMC3,PSMC3,True,True
Psmc3ip,PSMC3IP,PSMC3IP,True,True
Psmc4,PSMC4,PSMC4,True,True
Psmc5,PSMC5,PSMC5,True,True
Psmc6,PSMC6,PSMC6,True,True
Psmd1,PSMD1,PSMD1,True,True
Psmd10,PSMD10,PSMD10,True,True
Psmd11,PSMD11,PSMD11,True,True
Psmd12,PSMD12,PSMD12,True,True
Psmd13,PSMD13,PSMD13,True,True
Psmd14,PSMD14,PSMD14,True,True
Psmd2,PSMD2,PSMD2,True,True
Psmd3,PSMD3,PSMD3,True,True
Psmd4,PSMD4,PSMD4,True,True
Psmd5,PSMD5,PSMD5,True,True
Psmd6,PSMD6,PSMD6,True,True
Psmd7,PSMD7,PSMD7,True,True
Psmd8,PSMD8,PSMD8,True,True
Psmd9,PSMD9,PSMD9,True,True
Psme1,PSME1,PSME1,True,True
Psme2,PSME2,PSME2,True,True
Psme3,PSME3,PSME3,True,True
Psme4,PSME4,PSME4,True,True
Psmf1,PSMF1,PSMF1,True,True
Psmg1,PSMG1,PSMG1,True,True
Psmg2,PSMG2,PSMG2,True,True
Psmg3,PSMG3,PSMG3,True,True
Psmg4,PSMG4,PSMG4,True,True
Pspc1,PSPC1,PSPC1,True,True
Psph,PSPH,PSPH,True,True
Psrc1,PSRC1,PSRC1,True,True
Pstk,PSTK,PSTK,True,True
Pstpip1,PSTPIP1,PSTPIP1,True,True
Pstpip2,PSTPIP2,PSTPIP2,True,True
Ptafr,PTAFR,PTAFR,True,True
Ptar1,PTAR1,PTAR1,True,True
Ptbp1,PTBP1,PTBP1,True,True
Ptbp2,PTBP2,PTBP2,True,True
Ptbp3,PTBP3,PTBP3,True,True
Ptcd1,PTCD1,PTCD1,True,True
Ptcd2,PTCD2,PTCD2,True,True
Ptcd3,PTCD3,PTCD3,True,True
Ptch1,PTCH1,PTCH1,True,True
Ptch2,PTCH2,PTCH2,True,True
Ptchd1,PTCHD1,PTCHD1,True,True
Ptchd4,PTCHD4,PTCHD4,True,True
Ptcra,PTCRA,PTCRA,False,True
Ptdss1,PTDSS1,PTDSS1,True,True
Ptdss2,PTDSS2,PTDSS2,True,True
Pten,PTEN,PTEN,True,True
Pter,PTER,PTER,True,True
Ptgdr,PTGDR,PTGDR,True,True
Ptgds,PTGDS,PTGDS,True,True
Ptger1,PTGER1,PTGER1,False,True
Ptger2,PTGER2,PTGER2,True,True
Ptger3,PTGER3,PTGER3,True,True
Ptger4,PTGER4,PTGER4,True,True
Ptges,PTGES,PTGES,True,True
Ptges2,PTGES2,PTGES2,True,True
Ptges3,PTGES3,PTGES3,True,True
Ptges3l,PTGES3L,PTGES3L,True,True
Ptgfr,PTGFR,PTGFR,True,True
Ptgfrn,PTGFRN,PTGFRN,True,True
Ptgir,PTGIR,PTGIR,False,True
Ptgis,PTGIS,PTGIS,True,True
Ptgr1,PTGR1,PTGR1,True,True
Ptgr2,PTGR2,PTGR2,True,True
Ptgs1,PTGS1,PTGS1,True,True
Ptgs2,PTGS2,PTGS2,True,True
Pth1r,PTH1R,PTH1R,True,True
Pth2,PTH2,PTH2,False,True
Pth2r,PTH2R,PTH2R,True,True
Pthlh,PTHLH,PTHLH,True,True
Ptk2,PTK2,PTK2,True,True
Ptk2b,PTK2B,PTK2B,True,True
Ptk6,PTK6,PTK6,False,True
Ptk7,PTK7,PTK7,True,True
Ptma,PTMA,PTMA,True,True
Ptms,PTMS,PTMS,True,True
Ptn,PTN,PTN,True,True
Ptov1,PTOV1,PTOV1,True,True
Ptp4a1,PTP4A1,PTP4A1,True,True
Ptp4a2,PTP4A2,PTP4A2,True,True
Ptp4a3,PTP4A3,PTP4A3,True,True
Ptpa,PTPA,PTPA,True,True
Ptpdc1,PTPDC1,PTPDC1,True,True
Ptpmt1,PTPMT1,PTPMT1,True,True
Ptpn1,PTPN1,PTPN1,True,True
Ptpn11,PTPN11,PTPN11,True,True
Ptpn12,PTPN12,PTPN12,True,True
Ptpn13,PTPN13,PTPN13,True,True
Ptpn14,PTPN14,PTPN14,True,True
Ptpn18,PTPN18,PTPN18,True,True
Ptpn2,PTPN2,PTPN2,True,True
Ptpn20,PTPN20,PTPN20,True,True
Ptpn21,PTPN21,PTPN21,True,True
Ptpn22,PTPN22,PTPN22,True,True
Ptpn23,PTPN23,PTPN23,True,True
Ptpn3,PTPN3,PTPN3,True,True
Ptpn4,PTPN4,PTPN4,True,True
Ptpn5,PTPN5,PTPN5,True,True
Ptpn6,PTPN6,PTPN6,True,True
Ptpn7,PTPN7,PTPN7,True,True
Ptpn9,PTPN9,PTPN9,True,True
Ptpra,PTPRA,PTPRA,True,True
Ptprb,PTPRB,PTPRB,True,True
Ptprc,PTPRC,PTPRC,True,True
Ptprd,PTPRD,PTPRD,True,True
Ptpre,PTPRE,PTPRE,True,True
Ptprf,PTPRF,PTPRF,True,True
Ptprg,PTPRG,PTPRG,True,True
Ptprh,PTPRH,PTPRH,True,True
Ptprj,PTPRJ,PTPRJ,True,True
Ptprk,PTPRK,PTPRK,True,True
Ptprm,PTPRM,PTPRM,True,True
Ptprn,PTPRN,PTPRN,True,True
Ptprn2,PTPRN2,PTPRN2,True,True
Ptpro,PTPRO,PTPRO,True,True
Ptprq,PTPRQ,PTPRQ,True,True
Ptprr,PTPRR,PTPRR,True,True
Ptprs,PTPRS,PTPRS,True,True
Ptprt,PTPRT,PTPRT,True,True
Ptpru,PTPRU,PTPRU,True,True
Ptprz1,PTPRZ1,PTPRZ1,True,True
Ptrh1,PTRH1,PTRH1,True,True
Ptrh2,PTRH2,PTRH2,True,True
Ptrhd1,PTRHD1,PTRHD1,True,True
Pts,PTS,PTS,True,True
Pttg1,PTTG1,PTTG1,True,True
Pttg1ip,PTTG1IP,PTTG1IP,True,True
Ptx3,PTX3,PTX3,True,True
Puf60,PUF60,PUF60,True,True
Pum1,PUM1,PUM1,True,True
Pum2,PUM2,PUM2,True,True
Pum3,PUM3,PUM3,True,True
Pura,PURA,PURA,True,True
Purb,PURB,PURB,True,True
Purg,PURG,PURG,True,True
Pus1,PUS1,PUS1,True,True
Pus10,PUS10,PUS10,True,True
Pus3,PUS3,PUS3,True,True
Pus7,PUS7,PUS7,True,True
Pus7l,PUS7L,PUS7L,True,True
Pusl1,PUSL1,PUSL1,True,True
Pvalb,PVALB,PVALB,True,True
Pvr,PVR,PVR,True,True
Pvt1,PVT1,PVT1,True,True
Pwp1,PWP1,PWP1,True,True
Pwp2,PWP2,PWP2,True,True
Pwwp2a,PWWP2A,PWWP2A,True,True
Pwwp2b,PWWP2B,PWWP2B,True,True
Pwwp3a,PWWP3A,PWWP3A,False,True
Pwwp3b,PWWP3B,PWWP3B,False,True
Pxdc1,PXDC1,PXDC1,True,True
Pxdn,PXDN,PXDN,True,True
Pxk,PXK,PXK,True,True
Pxmp2,PXMP2,PXMP2,True,True
Pxmp4,PXMP4,PXMP4,True,True
Pxn,PXN,PXN,True,True
Pxylp1,PXYLP1,PXYLP1,True,True
Pycard,PYCARD,PYCARD,True,True
Pycr1,PYCR1,PYCR1,True,True
Pycr2,PYCR2,PYCR2,True,True
Pycrl,PYCRL,PYCRL,True,False
Pygb,PYGB,PYGB,True,True
Pygl,PYGL,PYGL,True,True
Pygm,PYGM,PYGM,True,True
Pygo1,PYGO1,PYGO1,True,True
Pygo2,PYGO2,PYGO2,True,True
Pym1,PYM1,PYM1,True,True
Pyroxd1,PYROXD1,PYROXD1,True,True
Pyroxd2,PYROXD2,PYROXD2,True,True
Pyurf,PYURF,PYURF,True,True
Pzp,PZP,PZP,True,True
Qars,QARS,QARS,True,True
Qdpr,QDPR,QDPR,True,True
Qpct,QPCT,QPCT,True,True
Qpctl,QPCTL,QPCTL,True,True
Qprt,QPRT,QPRT,True,True
Qrfp,QRFP,QRFP,False,True
Qrich1,QRICH1,QRICH1,True,True
Qrich2,QRICH2,QRICH2,True,True
Qrsl1,QRSL1,QRSL1,True,True
Qser1,QSER1,QSER1,True,True
Qsox1,QSOX1,QSOX1,True,True
Qsox2,QSOX2,QSOX2,True,True
Qtrt1,QTRT1,QTRT1,True,True
Qtrt2,QTRT2,QTRT2,True,True
R3hcc1,R3HCC1,R3HCC1,True,True
R3hcc1l,R3HCC1L,R3HCC1L,True,True
R3hdm1,R3HDM1,R3HDM1,True,True
R3hdm2,R3HDM2,R3HDM2,True,True
R3hdm4,R3HDM4,R3HDM4,True,True
Rab10,RAB10,RAB10,True,True
Rab11a,RAB11A,RAB11A,True,True
Rab11b,RAB11B,RAB11B,True,True
Rab11fip1,RAB11FIP1,RAB11FIP1,True,True
Rab11fip2,RAB11FIP2,RAB11FIP2,True,True
Rab11fip3,RAB11FIP3,RAB11FIP3,True,True
Rab11fip4,RAB11FIP4,RAB11FIP4,True,True
Rab11fip5,RAB11FIP5,RAB11FIP5,True,True
Rab12,RAB12,RAB12,True,True
Rab13,RAB13,RAB13,True,True
Rab14,RAB14,RAB14,True,True
Rab15,RAB15,RAB15,True,True
Rab18,RAB18,RAB18,True,True
Rab19,RAB19,RAB19,False,True
Rab1a,RAB1A,RAB1A,True,True
Rab1b,RAB1B,RAB1B,True,True
Rab20,RAB20,RAB20,True,True
Rab21,RAB21,RAB21,True,True
Rab22a,RAB22A,RAB22A,True,True
Rab23,RAB23,RAB23,True,True
Rab24,RAB24,RAB24,True,True
Rab25,RAB25,RAB25,False,True
Rab26,RAB26,RAB26,True,True
Rab27a,RAB27A,RAB27A,True,True
Rab27b,RAB27B,RAB27B,True,True
Rab28,RAB28,RAB28,True,True
Rab29,RAB29,RAB29,True,True
Rab2a,RAB2A,RAB2A,True,True
Rab2b,RAB2B,RAB2B,True,True
Rab30,RAB30,RAB30,True,True
Rab31,RAB31,RAB31,True,True
Rab32,RAB32,RAB32,True,True
Rab33a,RAB33A,RAB33A,True,True
Rab33b,RAB33B,RAB33B,True,True
Rab34,RAB34,RAB34,True,True
Rab35,RAB35,RAB35,True,True
Rab36,RAB36,RAB36,True,True
Rab37,RAB37,RAB37,True,True
Rab38,RAB38,RAB38,True,True
Rab39b,RAB39B,RAB39B,True,True
Rab3a,RAB3A,RAB3A,True,True
Rab3b,RAB3B,RAB3B,True,True
Rab3c,RAB3C,RAB3C,True,True
Rab3d,RAB3D,RAB3D,True,True
Rab3gap1,RAB3GAP1,RAB3GAP1,True,True
Rab3gap2,RAB3GAP2,RAB3GAP2,True,True
Rab3il1,RAB3IL1,RAB3IL1,True,True
Rab3ip,RAB3IP,RAB3IP,True,True
Rab40b,RAB40B,RAB40B,True,True
Rab40c,RAB40C,RAB40C,True,True
Rab42,RAB42,RAB42,False,True
Rab43,RAB43,RAB43,True,True
Rab4a,RAB4A,RAB4A,True,True
Rab4b,RAB4B,RAB4B,True,True
Rab5a,RAB5A,RAB5A,True,True
Rab5b,RAB5B,RAB5B,True,True
Rab5c,RAB5C,RAB5C,True,True
Rab5if,RAB5IF,RAB5IF,False,True
Rab6a,RAB6A,RAB6A,True,True
Rab6b,RAB6B,RAB6B,True,True
Rab7b,RAB7B,RAB7B,True,True
Rab8a,RAB8A,RAB8A,True,True
Rab8b,RAB8B,RAB8B,True,True
Rab9b,RAB9B,RAB9B,True,True
Rabac1,RABAC1,RABAC1,True,True
Rabep1,RABEP1,RABEP1,True,True
Rabep2,RABEP2,RABEP2,True,True
Rabepk,RABEPK,RABEPK,True,True
Rabgap1,RABGAP1,RABGAP1,True,True
Rabgap1l,RABGAP1L,RABGAP1L,True,True
Rabgef1,RABGEF1,RABGEF1,True,True
Rabggta,RABGGTA,RABGGTA,True,True
Rabggtb,RABGGTB,RABGGTB,True,True
Rabif,RABIF,RABIF,True,True
Rabl3,RABL3,RABL3,True,True
Rabl6,RABL6,RABL6,True,True
Rac1,RAC1,RAC1,True,True
Rac2,RAC2,RAC2,True,True
Rac3,RAC3,RAC3,True,True
Racgap1,RACGAP1,RACGAP1,True,True
Rack1,RACK1,RACK1,True,True
Rad1,RAD1,RAD1,True,True
Rad17,RAD17,RAD17,True,True
Rad18,RAD18,RAD18,True,True
Rad21,RAD21,RAD21,True,True
Rad23a,RAD23A,RAD23A,True,True
Rad23b,RAD23B,RAD23B,True,True
Rad50,RAD50,RAD50,True,True
Rad51,RAD51,RAD51,False,True
Rad51ap1,RAD51AP1,RAD51AP1,True,True
Rad51ap2,RAD51AP2,RAD51AP2,True,True
Rad51b,RAD51B,RAD51B,True,True
Rad51c,RAD51C,RAD51C,True,True
Rad51d,RAD51D,RAD51D,True,True
Rad52,RAD52,RAD52,True,True
Rad54b,RAD54B,RAD54B,True,True
Rad54l,RAD54L,RAD54L,True,True
Rad54l2,RAD54L2,RAD54L2,True,True
Rad9a,RAD9A,RAD9A,True,True
Rad9b,RAD9B,RAD9B,True,True
Radil,RADIL,RADIL,True,True
Rae1,RAE1,RAE1,True,True
Raet1e,RAET1E,RAET1E,False,True
Raf1,RAF1,RAF1,True,True
Rag2,RAG2,RAG2,False,True
Rai1,RAI1,RAI1,True,True
Rai14,RAI14,RAI14,True,True
Rai2,RAI2,RAI2,True,True
Rala,RALA,RALA,True,True
Ralb,RALB,RALB,True,True
Ralbp1,RALBP1,RALBP1,True,True
Ralgapa1,RALGAPA1,RALGAPA1,True,True
Ralgapa2,RALGAPA2,RALGAPA2,True,True
Ralgapb,RALGAPB,RALGAPB,True,True
Ralgds,RALGDS,RALGDS,True,True
Ralgps1,RALGPS1,RALGPS1,True,True
Ralgps2,RALGPS2,RALGPS2,True,True
Raly,RALY,RALY,True,True
Ralyl,RALYL,RALYL,True,True
Ramac,RAMAC,RAMAC,False,True
Ramp1,RAMP1,RAMP1,True,True
Ramp2,RAMP2,RAMP2,True,True
Ramp3,RAMP3,RAMP3,True,True
Ran,RAN,RAN,True,True
Ranbp1,RANBP1,RANBP1,True,True
Ranbp10,RANBP10,RANBP10,True,True
Ranbp17,RANBP17,RANBP17,True,True
Ranbp2,RANBP2,RANBP2,True,True
Ranbp3,RANBP3,RANBP3,True,True
Ranbp3l,RANBP3L,RANBP3L,True,True
Ranbp6,RANBP6,RANBP6,True,True
Ranbp9,RANBP9,RANBP9,True,True
Rangap1,RANGAP1,RANGAP1,True,True
Rangrf,RANGRF,RANGRF,True,True
Rap1a,RAP1A,RAP1A,True,True
Rap1b,RAP1B,RAP1B,True,True
Rap1gap,RAP1GAP,RAP1GAP,True,True
Rap1gap2,RAP1GAP2,RAP1GAP2,True,True
Rap1gds1,RAP1GDS1,RAP1GDS1,True,True
Rap2a,RAP2A,RAP2A,True,True
Rap2b,RAP2B,RAP2B,True,True
Rap2c,RAP2C,RAP2C,True,True
Rapgef1,RAPGEF1,RAPGEF1,True,True
Rapgef2,RAPGEF2,RAPGEF2,True,True
Rapgef3,RAPGEF3,RAPGEF3,True,True
Rapgef4,RAPGEF4,RAPGEF4,True,True
Rapgef5,RAPGEF5,RAPGEF5,True,True
Rapgef6,RAPGEF6,RAPGEF6,True,True
Rapgefl1,RAPGEFL1,RAPGEFL1,True,True
Raph1,RAPH1,RAPH1,True,True
Rapsn,RAPSN,RAPSN,False,True
Rara,RARA,RARA,True,True
Rarb,RARB,RARB,True,True
Rarg,RARG,RARG,True,True
Rarres1,RARRES1,RARRES1,True,True
Rarres2,RARRES2,RARRES2,True,True
Rars,RARS,RARS,True,True
Rars2,RARS2,RARS2,True,True
Rasa1,RASA1,RASA1,True,True
Rasa2,RASA2,RASA2,True,True
Rasa3,RASA3,RASA3,True,True
Rasa4,RASA4,RASA4,True,True
Rasal1,RASAL1,RASAL1,True,True
Rasal2,RASAL2,RASAL2,True,True
Rasal3,RASAL3,RASAL3,True,True
Rasd1,RASD1,RASD1,True,True
Rasd2,RASD2,RASD2,True,True
Rasef,RASEF,RASEF,True,True
Rasgef1a,RASGEF1A,RASGEF1A,True,True
Rasgef1b,RASGEF1B,RASGEF1B,True,True
Rasgef1c,RASGEF1C,RASGEF1C,True,True
Rasgrf1,RASGRF1,RASGRF1,True,True
Rasgrf2,RASGRF2,RASGRF2,True,True
Rasgrp1,RASGRP1,RASGRP1,True,True
Rasgrp2,RASGRP2,RASGRP2,True,True
Rasgrp3,RASGRP3,RASGRP3,True,True
Rasgrp4,RASGRP4,RASGRP4,True,True
Rasip1,RASIP1,RASIP1,True,True
Rasl10a,RASL10A,RASL10A,True,True
Rasl10b,RASL10B,RASL10B,True,True
Rasl11a,RASL11A,RASL11A,True,True
Rasl11b,RASL11B,RASL11B,True,True
Rasl12,RASL12,RASL12,True,True
Rassf1,RASSF1,RASSF1,True,True
Rassf10,RASSF10,RASSF10,True,True
Rassf2,RASSF2,RASSF2,True,True
Rassf3,RASSF3,RASSF3,True,True
Rassf4,RASSF4,RASSF4,True,True
Rassf5,RASSF5,RASSF5,True,True
Rassf6,RASSF6,RASSF6,False,True
Rassf7,RASSF7,RASSF7,True,True
Rassf8,RASSF8,RASSF8,True,True
Rassf9,RASSF9,RASSF9,True,True
Raver1,RAVER1,RAVER1,True,True
Raver2,RAVER2,RAVER2,True,True
Rax,RAX,RAX,False,True
Rb1,RB1,RB1,True,True
Rb1cc1,RB1CC1,RB1CC1,True,True
Rbak,RBAK,RBAK,True,True
Rbakdn,RBAKDN,RBAKDN,False,True
Rbbp4,RBBP4,RBBP4,True,True
Rbbp5,RBBP5,RBBP5,True,True
Rbbp6,RBBP6,RBBP6,True,True
Rbbp7,RBBP7,RBBP7,True,True
Rbbp8,RBBP8,RBBP8,True,True
Rbbp9,RBBP9,RBBP9,True,True
Rbck1,RBCK1,RBCK1,True,True
Rbfa,RBFA,RBFA,True,True
Rbfox1,RBFOX1,RBFOX1,True,True
Rbfox2,RBFOX2,RBFOX2,True,True
Rbfox3,RBFOX3,RBFOX3,True,True
Rbis,RBIS,RBIS,False,True
Rbks,RBKS,RBKS,True,True
Rbl1,RBL1,RBL1,True,True
Rbl2,RBL2,RBL2,True,True
Rbm10,RBM10,RBM10,True,True
Rbm11,RBM11,RBM11,True,True
Rbm12,RBM12,RBM12,True,True
Rbm14,RBM14,RBM14,True,True
Rbm15,RBM15,RBM15,True,True
Rbm15b,RBM15B,RBM15B,True,True
Rbm17,RBM17,RBM17,True,True
Rbm18,RBM18,RBM18,True,True
Rbm19,RBM19,RBM19,True,True
Rbm20,RBM20,RBM20,True,True
Rbm22,RBM22,RBM22,True,True
Rbm24,RBM24,RBM24,True,True
Rbm25,RBM25,RBM25,True,True
Rbm26,RBM26,RBM26,True,True
Rbm27,RBM27,RBM27,True,True
Rbm28,RBM28,RBM28,True,True
Rbm3,RBM3,RBM3,True,True
Rbm33,RBM33,RBM33,True,True
Rbm34,RBM34,RBM34,True,True
Rbm38,RBM38,RBM38,True,True
Rbm39,RBM39,RBM39,True,True
Rbm4,RBM4,RBM4,True,True
Rbm41,RBM41,RBM41,True,True
Rbm42,RBM42,RBM42,True,True
Rbm43,RBM43,RBM43,True,True
Rbm45,RBM45,RBM45,True,True
Rbm46,RBM46,RBM46,True,True
Rbm47,RBM47,RBM47,True,True
Rbm48,RBM48,RBM48,True,True
Rbm4b,RBM4B,RBM4B,True,True
Rbm5,RBM5,RBM5,True,True
Rbm6,RBM6,RBM6,True,True
Rbm7,RBM7,RBM7,True,True
Rbm8a,RBM8A,RBM8A,True,True
Rbms1,RBMS1,RBMS1,True,True
Rbms2,RBMS2,RBMS2,True,True
Rbms3,RBMS3,RBMS3,True,True
Rbmx,RBMX,RBMX,True,True
Rbmx2,RBMX2,RBMX2,True,True
Rbmxl1,RBMXL1,RBMXL1,True,True
Rbp1,RBP1,RBP1,True,True
Rbp2,RBP2,RBP2,False,True
Rbp4,RBP4,RBP4,True,True
Rbp7,RBP7,RBP7,True,True
Rbpj,RBPJ,RBPJ,True,True
Rbpjl,RBPJL,RBPJL,False,True
Rbpms,RBPMS,RBPMS,True,True
Rbpms2,RBPMS2,RBPMS2,True,True
Rbsn,RBSN,RBSN,True,True
Rbx1,RBX1,RBX1,True,True
Rc3h1,RC3H1,RC3H1,True,True
Rc3h2,RC3H2,RC3H2,True,True
Rcan1,RCAN1,RCAN1,True,True
Rcan2,RCAN2,RCAN2,True,True
Rcan3,RCAN3,RCAN3,True,True
Rcbtb1,RCBTB1,RCBTB1,True,True
Rcbtb2,RCBTB2,RCBTB2,True,True
Rcc1,RCC1,RCC1,True,True
Rcc1l,RCC1L,RCC1L,True,True
Rcc2,RCC2,RCC2,True,True
Rccd1,RCCD1,RCCD1,True,True
Rce1,RCE1,RCE1,True,True
Rchy1,RCHY1,RCHY1,True,True
Rcl1,RCL1,RCL1,True,True
Rcn1,RCN1,RCN1,True,True
Rcn2,RCN2,RCN2,True,True
Rcn3,RCN3,RCN3,True,True
Rcor1,RCOR1,RCOR1,True,True
Rcor2,RCOR2,RCOR2,True,True
Rcor3,RCOR3,RCOR3,True,True
Rcsd1,RCSD1,RCSD1,True,True
Rcvrn,RCVRN,RCVRN,False,True
Rd3,RD3,RD3,False,True
Rd3l,RD3L,RD3L,False,True
Rdh10,RDH10,RDH10,True,True
Rdh11,RDH11,RDH11,True,True
Rdh12,RDH12,RDH12,True,True
Rdh13,RDH13,RDH13,True,True
Rdh14,RDH14,RDH14,True,True
Rdh5,RDH5,RDH5,True,True
Rdh8,RDH8,RDH8,False,True
Rdm1,RDM1,RDM1,True,True
Rdx,RDX,RDX,True,True
Rec114,REC114,REC114,False,True
Rec8,REC8,REC8,True,True
Reck,RECK,RECK,True,True
Recql,RECQL,RECQL,True,True
Recql4,RECQL4,RECQL4,True,True
Recql5,RECQL5,RECQL5,True,True
Reep1,REEP1,REEP1,True,True
Reep2,REEP2,REEP2,True,True
Reep3,REEP3,REEP3,True,True
Reep4,REEP4,REEP4,True,True
Reep5,REEP5,REEP5,True,True
Reep6,REEP6,REEP6,True,True
Rel,REL,REL,True,True
Rela,RELA,RELA,True,True
Relb,RELB,RELB,True,True
Relch,RELCH,RELCH,False,True
Rell1,RELL1,RELL1,True,True
Rell2,RELL2,RELL2,True,True
Reln,RELN,RELN,True,True
Relt,RELT,RELT,True,True
Rem1,REM1,REM1,True,True
Rem2,REM2,REM2,True,True
Renbp,RENBP,RENBP,True,True
Rep15,REP15,REP15,True,True
Repin1,REPIN1,REPIN1,True,True
Reps1,REPS1,REPS1,True,True
Reps2,REPS2,REPS2,True,True
Rer1,RER1,RER1,True,True
Rere,RERE,RERE,True,True
Rerg,RERG,RERG,True,True
Resf1,RESF1,RESF1,False,True
Resp18,RESP18,RESP18,True,True
Rest,REST,REST,True,True
Ret,RET,RET,True,True
Retn,RETN,RETN,False,True
Retreg1,RETREG1,RETREG1,False,True
Retreg2,RETREG2,RETREG2,False,True
Retreg3,RETREG3,RETREG3,False,True
Retsat,RETSAT,RETSAT,True,True
Rev1,REV1,REV1,True,True
Rev3l,REV3L,REV3L,True,True
Rex1bd,REX1BD,REX1BD,False,True
Rexo1,REXO1,REXO1,True,True
Rexo2,REXO2,REXO2,True,True
Rexo4,REXO4,REXO4,True,True
Rexo5,REXO5,REXO5,False,True
Rfc1,RFC1,RFC1,True,True
Rfc2,RFC2,RFC2,True,True
Rfc3,RFC3,RFC3,True,True
Rfc4,RFC4,RFC4,True,True
Rfc5,RFC5,RFC5,True,True
Rfesd,RFESD,RFESD,True,True
Rffl,RFFL,RFFL,True,True
Rfk,RFK,RFK,True,True
Rflna,RFLNA,RFLNA,False,True
Rflnb,RFLNB,RFLNB,False,True
Rfng,RFNG,RFNG,True,True
Rft1,RFT1,RFT1,True,True
Rftn1,RFTN1,RFTN1,True,True
Rftn2,RFTN2,RFTN2,True,True
Rfwd3,RFWD3,RFWD3,True,True
Rfx1,RFX1,RFX1,True,True
Rfx2,RFX2,RFX2,True,True
Rfx3,RFX3,RFX3,True,True
Rfx4,RFX4,RFX4,True,True
Rfx5,RFX5,RFX5,True,True
Rfx7,RFX7,RFX7,True,True
Rfx8,RFX8,RFX8,True,True
Rfxank,RFXANK,RFXANK,True,True
Rfxap,RFXAP,RFXAP,True,True
Rgcc,RGCC,RGCC,True,True
Rgl1,RGL1,RGL1,True,True
Rgl2,RGL2,RGL2,True,True
Rgl3,RGL3,RGL3,True,True
Rgma,RGMA,RGMA,True,True
Rgmb,RGMB,RGMB,True,True
Rgn,RGN,RGN,True,True
Rgp1,RGP1,RGP1,True,True
Rgs1,RGS1,RGS1,True,True
Rgs10,RGS10,RGS10,True,True
Rgs11,RGS11,RGS11,True,True
Rgs12,RGS12,RGS12,True,True
Rgs14,RGS14,RGS14,True,True
Rgs16,RGS16,RGS16,True,True
Rgs17,RGS17,RGS17,True,True
Rgs18,RGS18,RGS18,True,True
Rgs19,RGS19,RGS19,True,True
Rgs2,RGS2,RGS2,True,True
Rgs20,RGS20,RGS20,True,True
Rgs22,RGS22,RGS22,True,True
Rgs3,RGS3,RGS3,True,True
Rgs4,RGS4,RGS4,True,True
Rgs5,RGS5,RGS5,True,True
Rgs6,RGS6,RGS6,True,True
Rgs7,RGS7,RGS7,True,True
Rgs7bp,RGS7BP,RGS7BP,True,True
Rgs8,RGS8,RGS8,True,True
Rgs9,RGS9,RGS9,True,True
Rgsl1,RGSL1,RGSL1,False,True
Rhbdd1,RHBDD1,RHBDD1,True,True
Rhbdd2,RHBDD2,RHBDD2,True,True
Rhbdd3,RHBDD3,RHBDD3,True,True
Rhbdf1,RHBDF1,RHBDF1,True,True
Rhbdf2,RHBDF2,RHBDF2,True,True
Rhbdl1,RHBDL1,RHBDL1,True,True
Rhbdl2,RHBDL2,RHBDL2,True,True
Rhbdl3,RHBDL3,RHBDL3,True,True
Rhbg,RHBG,RHBG,False,True
Rhcg,RHCG,RHCG,True,True
Rhd,RHD,RHD,False,True
Rheb,RHEB,RHEB,True,True
Rhebl1,RHEBL1,RHEBL1,True,True
Rhno1,RHNO1,RHNO1,True,True
Rho,RHO,RHO,False,True
Rhoa,RHOA,RHOA,True,True
Rhob,RHOB,RHOB,True,True
Rhobtb1,RHOBTB1,RHOBTB1,True,True
Rhobtb2,RHOBTB2,RHOBTB2,True,True
Rhobtb3,RHOBTB3,RHOBTB3,True,True
Rhoc,RHOC,RHOC,True,True
Rhod,RHOD,RHOD,False,True
Rhof,RHOF,RHOF,True,True
Rhog,RHOG,RHOG,True,True
Rhoh,RHOH,RHOH,True,True
Rhoj,RHOJ,RHOJ,True,True
Rhoq,RHOQ,RHOQ,True,True
Rhot1,RHOT1,RHOT1,True,True
Rhot2,RHOT2,RHOT2,True,True
Rhou,RHOU,RHOU,True,True
Rhov,RHOV,RHOV,True,True
Rhpn1,RHPN1,RHPN1,True,True
Rhpn2,RHPN2,RHPN2,True,True
Ribc1,RIBC1,RIBC1,True,True
Ribc2,RIBC2,RIBC2,True,True
Ric1,RIC1,RIC1,True,True
Ric3,RIC3,RIC3,True,True
Ric8a,RIC8A,RIC8A,True,True
Ric8b,RIC8B,RIC8B,True,True
Rictor,RICTOR,RICTOR,True,True
Rida,RIDA,RIDA,True,True
Rif1,RIF1,RIF1,True,True
Riiad1,RIIAD1,RIIAD1,True,True
Rilp,RILP,RILP,True,True
Rilpl1,RILPL1,RILPL1,True,True
Rilpl2,RILPL2,RILPL2,True,True
Rimbp2,RIMBP2,RIMBP2,True,True
Rimbp3,RIMBP3,RIMBP3,True,True
Rimkla,RIMKLA,RIMKLA,True,True
Rimklb,RIMKLB,RIMKLB,True,True
Rims1,RIMS1,RIMS1,True,True
Rims2,RIMS2,RIMS2,True,True
Rims3,RIMS3,RIMS3,True,True
Rims4,RIMS4,RIMS4,True,True
Rin1,RIN1,RIN1,True,True
Rin2,RIN2,RIN2,True,True
Rin3,RIN3,RIN3,True,True
Ring1,RING1,RING1,True,True
Rinl,RINL,RINL,True,True
Rint1,RINT1,RINT1,True,True
Riok1,RIOK1,RIOK1,True,True
Riok2,RIOK2,RIOK2,True,True
Riok3,RIOK3,RIOK3,True,True
Riox1,RIOX1,RIOX1,False,True
Riox2,RIOX2,RIOX2,False,True
Ripk1,RIPK1,RIPK1,True,True
Ripk2,RIPK2,RIPK2,True,True
Ripk3,RIPK3,RIPK3,True,True
Ripk4,RIPK4,RIPK4,False,True
Ripor1,RIPOR1,RIPOR1,False,True
Ripor2,RIPOR2,RIPOR2,False,True
Ripor3,RIPOR3,RIPOR3,False,True
Ripply2,RIPPLY2,RIPPLY2,True,True
Ripply3,RIPPLY3,RIPPLY3,False,True
Rit1,RIT1,RIT1,True,True
Rit2,RIT2,RIT2,True,True
Rita1,RITA1,RITA1,True,True
Rlbp1,RLBP1,RLBP1,True,True
Rlf,RLF,RLF,True,True
Rlim,RLIM,RLIM,True,True
Rln1,RLN1,RLN1,False,True
Rmc1,RMC1,RMC1,False,True
Rmdn1,RMDN1,RMDN1,True,True
Rmdn2,RMDN2,RMDN2,True,True
Rmdn3,RMDN3,RMDN3,True,True
Rmi1,RMI1,RMI1,True,True
Rmi2,RMI2,RMI2,True,True
Rmnd1,RMND1,RMND1,True,True
Rmnd5a,RMND5A,RMND5A,True,True
Rmnd5b,RMND5B,RMND5B,True,True
Rmst,RMST,RMST,True,True
Rnase1,RNASE1,RNASE1,True,True
Rnase4,RNASE4,RNASE4,False,True
Rnase6,RNASE6,RNASE6,True,True
Rnaseh1,RNASEH1,RNASEH1,True,True
Rnaseh2a,RNASEH2A,RNASEH2A,True,True
Rnaseh2b,RNASEH2B,RNASEH2B,True,True
Rnaseh2c,RNASEH2C,RNASEH2C,True,True
Rnasek,RNASEK,RNASEK,True,True
Rnasel,RNASEL,RNASEL,True,True
Rnd1,RND1,RND1,True,True
Rnd2,RND2,RND2,True,True
Rnd3,RND3,RND3,True,True
Rnf10,RNF10,RNF10,True,True
Rnf103,RNF103,RNF103,True,True
Rnf11,RNF11,RNF11,True,True
Rnf111,RNF111,RNF111,True,True
Rnf112,RNF112,RNF112,True,True
Rnf114,RNF114,RNF114,True,True
Rnf115,RNF115,RNF115,True,True
Rnf121,RNF121,RNF121,True,True
Rnf122,RNF122,RNF122,True,True
Rnf123,RNF123,RNF123,True,True
Rnf125,RNF125,RNF125,True,True
Rnf126,RNF126,RNF126,True,True
Rnf128,RNF128,RNF128,True,True
Rnf13,RNF13,RNF13,True,True
Rnf130,RNF130,RNF130,True,True
Rnf135,RNF135,RNF135,True,True
Rnf138,RNF138,RNF138,True,True
Rnf139,RNF139,RNF139,True,True
Rnf14,RNF14,RNF14,True,True
Rnf141,RNF141,RNF141,True,True
Rnf144a,RNF144A,RNF144A,True,True
Rnf144b,RNF144B,RNF144B,True,True
Rnf145,RNF145,RNF145,True,True
Rnf146,RNF146,RNF146,True,True
Rnf149,RNF149,RNF149,True,True
Rnf150,RNF150,RNF150,True,True
Rnf152,RNF152,RNF152,True,True
Rnf157,RNF157,RNF157,True,True
Rnf165,RNF165,RNF165,True,True
Rnf166,RNF166,RNF166,True,True
Rnf167,RNF167,RNF167,True,True
Rnf168,RNF168,RNF168,True,True
Rnf169,RNF169,RNF169,True,True
Rnf17,RNF17,RNF17,True,True
Rnf170,RNF170,RNF170,True,True
Rnf180,RNF180,RNF180,True,True
Rnf181,RNF181,RNF181,True,True
Rnf182,RNF182,RNF182,True,True
Rnf183,RNF183,RNF183,True,True
Rnf185,RNF185,RNF185,True,True
Rnf187,RNF187,RNF187,True,True
Rnf19a,RNF19A,RNF19A,True,True
Rnf19b,RNF19B,RNF19B,True,True
Rnf2,RNF2,RNF2,True,True
Rnf20,RNF20,RNF20,True,True
Rnf207,RNF207,RNF207,True,True
Rnf208,RNF208,RNF208,True,True
Rnf212b,RNF212B,RNF212B,False,True
Rnf213,RNF213,RNF213,True,True
Rnf214,RNF214,RNF214,True,True
Rnf215,RNF215,RNF215,True,True
Rnf216,RNF216,RNF216,True,True
Rnf217,RNF217,RNF217,True,True
Rnf219,RNF219,RNF219,True,False
Rnf220,RNF220,RNF220,True,True
Rnf223,RNF223,RNF223,False,True
Rnf227,RNF227,RNF227,False,True
Rnf24,RNF24,RNF24,True,True
Rnf25,RNF25,RNF25,True,True
Rnf26,RNF26,RNF26,True,True
Rnf31,RNF31,RNF31,True,True
Rnf32,RNF32,RNF32,True,True
Rnf34,RNF34,RNF34,True,True
Rnf38,RNF38,RNF38,True,True
Rnf4,RNF4,RNF4,True,True
Rnf40,RNF40,RNF40,True,True
Rnf41,RNF41,RNF41,True,True
Rnf43,RNF43,RNF43,True,True
Rnf44,RNF44,RNF44,True,True
Rnf5,RNF5,RNF5,True,True
Rnf6,RNF6,RNF6,True,True
Rnf7,RNF7,RNF7,True,True
Rnf8,RNF8,RNF8,True,True
Rnft1,RNFT1,RNFT1,True,True
Rnft2,RNFT2,RNFT2,True,True
Rngtt,RNGTT,RNGTT,True,True
Rnh1,RNH1,RNH1,True,True
Rnls,RNLS,RNLS,True,True
Rnmt,RNMT,RNMT,True,True
Rnpc3,RNPC3,RNPC3,True,True
Rnpep,RNPEP,RNPEP,True,True
Rnpepl1,RNPEPL1,RNPEPL1,True,True
Rnps1,RNPS1,RNPS1,True,True
Ro60,RO60,RO60,False,True
Robo1,ROBO1,ROBO1,True,True
Robo2,ROBO2,ROBO2,True,True
Robo3,ROBO3,ROBO3,True,True
Robo4,ROBO4,ROBO4,True,True
Rock1,ROCK1,ROCK1,True,True
Rock2,ROCK2,ROCK2,True,True
Rogdi,ROGDI,ROGDI,True,True
Rom1,ROM1,ROM1,True,True
Romo1,ROMO1,ROMO1,True,True
Ropn1,ROPN1,ROPN1,False,True
Ropn1l,ROPN1L,ROPN1L,True,True
Ror1,ROR1,ROR1,True,True
Ror2,ROR2,ROR2,True,True
Rora,RORA,RORA,True,True
Rorb,RORB,RORB,True,True
Rorc,RORC,RORC,True,True
Rp1,RP1,RP1,True,True
Rp2,RP2,RP2,True,True
Rp9,RP9,RP9,True,True
Rpa1,RPA1,RPA1,True,True
Rpa2,RPA2,RPA2,True,True
Rpa3,RPA3,RPA3,True,True
Rpain,RPAIN,RPAIN,True,True
Rpap1,RPAP1,RPAP1,True,True
Rpap2,RPAP2,RPAP2,True,True
Rpap3,RPAP3,RPAP3,True,True
Rpe,RPE,RPE,True,True
Rpf1,RPF1,RPF1,True,True
Rpf2,RPF2,RPF2,True,True
Rpgr,RPGR,RPGR,True,True
Rpgrip1,RPGRIP1,RPGRIP1,True,True
Rpgrip1l,RPGRIP1L,RPGRIP1L,True,True
Rph3a,RPH3A,RPH3A,True,True
Rph3al,RPH3AL,RPH3AL,True,True
Rpia,RPIA,RPIA,True,True
Rpl10,RPL10,RPL10,True,True
Rpl10a,RPL10A,RPL10A,True,True
Rpl11,RPL11,RPL11,True,True
Rpl12,RPL12,RPL12,True,True
Rpl13,RPL13,RPL13,True,True
Rpl13a,RPL13A,RPL13A,True,True
Rpl14,RPL14,RPL14,True,True
Rpl15,RPL15,RPL15,True,True
Rpl17,RPL17,RPL17,True,True
Rpl18,RPL18,RPL18,True,True
Rpl18a,RPL18A,RPL18A,True,True
Rpl19,RPL19,RPL19,True,True
Rpl21,RPL21,RPL21,True,True
Rpl22,RPL22,RPL22,True,True
Rpl22l1,RPL22L1,RPL22L1,True,True
Rpl23,RPL23,RPL23,True,True
Rpl23a,RPL23A,RPL23A,True,True
Rpl24,RPL24,RPL24,True,True
Rpl26,RPL26,RPL26,True,True
Rpl27,RPL27,RPL27,True,True
Rpl27a,RPL27A,RPL27A,True,True
Rpl28,RPL28,RPL28,True,True
Rpl29,RPL29,RPL29,True,True
Rpl3,RPL3,RPL3,True,True
Rpl30,RPL30,RPL30,True,True
Rpl31,RPL31,RPL31,True,True
Rpl32,RPL32,RPL32,True,True
Rpl34,RPL34,RPL34,True,True
Rpl35,RPL35,RPL35,True,True
Rpl35a,RPL35A,RPL35A,True,True
Rpl36,RPL36,RPL36,True,True
Rpl36a,RPL36A,RPL36A,True,True
Rpl36al,RPL36AL,RPL36AL,True,True
Rpl37,RPL37,RPL37,True,True
Rpl37a,RPL37A,RPL37A,True,True
Rpl38,RPL38,RPL38,True,True
Rpl39,RPL39,RPL39,True,True
Rpl39l,RPL39L,RPL39L,True,True
Rpl3l,RPL3L,RPL3L,False,True
Rpl4,RPL4,RPL4,True,True
Rpl41,RPL41,RPL41,True,True
Rpl5,RPL5,RPL5,True,True
Rpl6,RPL6,RPL6,True,True
Rpl7,RPL7,RPL7,True,True
Rpl7a,RPL7A,RPL7A,True,True
Rpl7l1,RPL7L1,RPL7L1,True,True
Rpl8,RPL8,RPL8,True,True
Rpl9,RPL9,RPL9,True,True
Rplp0,RPLP0,RPLP0,True,True
Rplp1,RPLP1,RPLP1,True,True
Rplp2,RPLP2,RPLP2,True,True
Rpn1,RPN1,RPN1,True,True
Rpn2,RPN2,RPN2,True,True
Rpp14,RPP14,RPP14,True,True
Rpp21,RPP21,RPP21,True,True
Rpp25,RPP25,RPP25,True,True
Rpp25l,RPP25L,RPP25L,True,True
Rpp30,RPP30,RPP30,True,True
Rpp38,RPP38,RPP38,True,True
Rpp40,RPP40,RPP40,True,True
Rprd1a,RPRD1A,RPRD1A,True,True
Rprd1b,RPRD1B,RPRD1B,True,True
Rprd2,RPRD2,RPRD2,True,True
Rprm,RPRM,RPRM,True,True
Rprml,RPRML,RPRML,False,True
Rps10,RPS10,RPS10,True,True
Rps11,RPS11,RPS11,True,True
Rps12,RPS12,RPS12,True,True
Rps13,RPS13,RPS13,True,True
Rps14,RPS14,RPS14,True,True
Rps15,RPS15,RPS15,True,True
Rps15a,RPS15A,RPS15A,True,True
Rps16,RPS16,RPS16,True,True
Rps17,RPS17,RPS17,True,True
Rps18,RPS18,RPS18,True,True
Rps19,RPS19,RPS19,True,True
Rps19bp1,RPS19BP1,RPS19BP1,True,True
Rps2,RPS2,RPS2,True,True
Rps20,RPS20,RPS20,True,True
Rps21,RPS21,RPS21,True,True
Rps23,RPS23,RPS23,True,True
Rps24,RPS24,RPS24,True,True
Rps25,RPS25,RPS25,True,True
Rps26,RPS26,RPS26,True,True
Rps27,RPS27,RPS27,True,True
Rps27a,RPS27A,RPS27A,True,True
Rps27l,RPS27L,RPS27L,True,True
Rps28,RPS28,RPS28,True,True
Rps29,RPS29,RPS29,True,True
Rps3,RPS3,RPS3,True,True
Rps4x,RPS4X,RPS4X,True,True
Rps5,RPS5,RPS5,True,True
Rps6,RPS6,RPS6,True,True
Rps6ka1,RPS6KA1,RPS6KA1,True,True
Rps6ka2,RPS6KA2,RPS6KA2,True,True
Rps6ka3,RPS6KA3,RPS6KA3,True,True
Rps6ka4,RPS6KA4,RPS6KA4,True,True
Rps6ka5,RPS6KA5,RPS6KA5,True,True
Rps6ka6,RPS6KA6,RPS6KA6,True,True
Rps6kb1,RPS6KB1,RPS6KB1,True,True
Rps6kb2,RPS6KB2,RPS6KB2,True,True
Rps6kc1,RPS6KC1,RPS6KC1,True,True
Rps6kl1,RPS6KL1,RPS6KL1,True,True
Rps7,RPS7,RPS7,True,True
Rps8,RPS8,RPS8,True,True
Rps9,RPS9,RPS9,True,True
Rpsa,RPSA,RPSA,True,True
Rptor,RPTOR,RPTOR,True,True
Rpusd1,RPUSD1,RPUSD1,True,True
Rpusd2,RPUSD2,RPUSD2,True,True
Rpusd3,RPUSD3,RPUSD3,True,True
Rpusd4,RPUSD4,RPUSD4,True,True
Rrad,RRAD,RRAD,True,True
Rraga,RRAGA,RRAGA,True,True
Rragb,RRAGB,RRAGB,True,True
Rragc,RRAGC,RRAGC,True,True
Rragd,RRAGD,RRAGD,True,True
Rras,RRAS,RRAS,True,True
Rras2,RRAS2,RRAS2,True,True
Rrbp1,RRBP1,RRBP1,True,True
Rreb1,RREB1,RREB1,True,True
Rrh,RRH,RRH,True,True
Rrm1,RRM1,RRM1,True,True
Rrm2,RRM2,RRM2,False,True
Rrm2b,RRM2B,RRM2B,True,True
Rrn3,RRN3,RRN3,True,True
Rrnad1,RRNAD1,RRNAD1,True,True
Rrp1,RRP1,RRP1,True,True
Rrp12,RRP12,RRP12,True,True
Rrp15,RRP15,RRP15,True,True
Rrp1b,RRP1B,RRP1B,True,True
Rrp36,RRP36,RRP36,True,True
Rrp7a,RRP7A,RRP7A,True,True
Rrp8,RRP8,RRP8,True,True
Rrp9,RRP9,RRP9,True,True
Rrs1,RRS1,RRS1,True,True
Rs1,RS1,RS1,False,True
Rsad1,RSAD1,RSAD1,True,True
Rsad2,RSAD2,RSAD2,True,True
Rsbn1,RSBN1,RSBN1,True,True
Rsbn1l,RSBN1L,RSBN1L,True,True
Rsf1,RSF1,RSF1,True,True
Rsg1,RSG1,RSG1,True,False
Rskr,RSKR,RSKR,False,True
Rsl1d1,RSL1D1,RSL1D1,True,True
Rsl24d1,RSL24D1,RSL24D1,True,True
Rsph1,RSPH1,RSPH1,True,True
Rsph10b,RSPH10B,RSPH10B,True,True
Rsph14,RSPH14,RSPH14,True,True
Rsph4a,RSPH4A,RSPH4A,True,True
Rsph6a,RSPH6A,RSPH6A,False,True
Rsph9,RSPH9,RSPH9,True,True
Rspo1,RSPO1,RSPO1,True,True
Rspo2,RSPO2,RSPO2,True,True
Rspo3,RSPO3,RSPO3,True,True
Rspo4,RSPO4,RSPO4,True,True
Rspry1,RSPRY1,RSPRY1,True,True
Rsrc1,RSRC1,RSRC1,True,True
Rsrc2,RSRC2,RSRC2,True,True
Rsrp1,RSRP1,RSRP1,True,True
Rsu1,RSU1,RSU1,True,True
Rtbdn,RTBDN,RTBDN,True,True
Rtca,RTCA,RTCA,True,True
Rtcb,RTCB,RTCB,True,True
Rtel1,RTEL1,RTEL1,True,True
Rtf1,RTF1,RTF1,True,True
Rtf2,RTF2,RTF2,False,True
Rtkn,RTKN,RTKN,True,True
Rtkn2,RTKN2,RTKN2,True,True
Rtl1,RTL1,RTL1,True,True
Rtl4,RTL4,RTL4,False,True
Rtl5,RTL5,RTL5,False,True
Rtl6,RTL6,RTL6,False,True
Rtl8a,RTL8A,RTL8A,False,True
Rtl8b,RTL8B,RTL8B,False,True
Rtl8c,RTL8C,RTL8C,False,True
Rtn1,RTN1,RTN1,True,True
Rtn2,RTN2,RTN2,True,True
Rtn3,RTN3,RTN3,True,True
Rtn4,RTN4,RTN4,True,True
Rtn4ip1,RTN4IP1,RTN4IP1,True,True
Rtn4r,RTN4R,RTN4R,True,True
Rtn4rl1,RTN4RL1,RTN4RL1,True,True
Rtn4rl2,RTN4RL2,RTN4RL2,True,True
Rtp4,RTP4,RTP4,True,True
Rtraf,RTRAF,RTRAF,False,True
Rttn,RTTN,RTTN,True,True
Rubcn,RUBCN,RUBCN,True,True
Rubcnl,RUBCNL,RUBCNL,False,True
Rufy1,RUFY1,RUFY1,True,True
Rufy2,RUFY2,RUFY2,True,True
Rufy3,RUFY3,RUFY3,True,True
Rundc1,RUNDC1,RUNDC1,True,True
Rundc3a,RUNDC3A,RUNDC3A,True,True
Rundc3b,RUNDC3B,RUNDC3B,True,True
Runx1,RUNX1,RUNX1,True,True
Runx1t1,RUNX1T1,RUNX1T1,True,True
Runx2,RUNX2,RUNX2,True,True
Runx3,RUNX3,RUNX3,True,True
Rusc1,RUSC1,RUSC1,True,True
Rusc2,RUSC2,RUSC2,True,True
Ruvbl1,RUVBL1,RUVBL1,True,True
Ruvbl2,RUVBL2,RUVBL2,True,True
Rwdd1,RWDD1,RWDD1,True,True
Rwdd2a,RWDD2A,RWDD2A,True,True
Rwdd2b,RWDD2B,RWDD2B,True,True
Rwdd3,RWDD3,RWDD3,True,True
Rxfp1,RXFP1,RXFP1,True,True
Rxfp2,RXFP2,RXFP2,True,True
Rxfp3,RXFP3,RXFP3,True,True
Rxra,RXRA,RXRA,True,True
Rxrb,RXRB,RXRB,True,True
Rxrg,RXRG,RXRG,True,True
Rxylt1,RXYLT1,RXYLT1,False,True
Rybp,RYBP,RYBP,True,True
Ryk,RYK,RYK,True,True
Ryr1,RYR1,RYR1,True,True
Ryr2,RYR2,RYR2,True,True
Ryr3,RYR3,RYR3,True,True
S100a1,S100A1,S100A1,True,True
S100a10,S100A10,S100A10,True,True
S100a11,S100A11,S100A11,True,True
S100a13,S100A13,S100A13,True,True
S100a16,S100A16,S100A16,True,True
S100a2,S100A2,S100A2,True,True
S100a3,S100A3,S100A3,False,True
S100a4,S100A4,S100A4,True,True
S100a6,S100A6,S100A6,True,True
S100a8,S100A8,S100A8,True,False
S100a9,S100A9,S100A9,True,False
S100b,S100B,S100B,True,True
S100g,S100G,S100G,False,True
S100pbp,S100PBP,S100PBP,True,True
S1pr1,S1PR1,S1PR1,True,True
S1pr2,S1PR2,S1PR2,True,True
S1pr3,S1PR3,S1PR3,True,True
S1pr4,S1PR4,S1PR4,False,True
S1pr5,S1PR5,S1PR5,True,True
Saa1,SAA1,SAA1,False,True
Saa2,SAA2,SAA2,False,True
Saal1,SAAL1,SAAL1,True,True
Sac3d1,SAC3D1,SAC3D1,True,True
Sacm1l,SACM1L,SACM1L,True,True
Sacs,SACS,SACS,True,True
Sae1,SAE1,SAE1,True,True
Safb,SAFB,SAFB,True,True
Safb2,SAFB2,SAFB2,True,True
Sag,SAG,SAG,False,True
Sall1,SALL1,SALL1,True,True
Sall2,SALL2,SALL2,True,True
Sall3,SALL3,SALL3,True,True
Sall4,SALL4,SALL4,False,True
Samd1,SAMD1,SAMD1,True,True
Samd10,SAMD10,SAMD10,True,True
Samd11,SAMD11,SAMD11,True,True
Samd12,SAMD12,SAMD12,True,True
Samd13,SAMD13,SAMD13,True,True
Samd14,SAMD14,SAMD14,True,True
Samd15,SAMD15,SAMD15,True,True
Samd3,SAMD3,SAMD3,True,True
Samd4b,SAMD4B,SAMD4B,True,True
Samd5,SAMD5,SAMD5,True,True
Samd8,SAMD8,SAMD8,True,True
Samd9l,SAMD9L,SAMD9L,True,True
Samhd1,SAMHD1,SAMHD1,True,True
Samm50,SAMM50,SAMM50,True,True
Samsn1,SAMSN1,SAMSN1,True,True
Sap130,SAP130,SAP130,True,True
Sap18,SAP18,SAP18,True,True
Sap25,SAP25,SAP25,False,True
Sap30,SAP30,SAP30,True,True
Sap30bp,SAP30BP,SAP30BP,True,True
Sap30l,SAP30L,SAP30L,True,True
Sapcd1,SAPCD1,SAPCD1,False,True
Sapcd2,SAPCD2,SAPCD2,True,True
Sar1a,SAR1A,SAR1A,True,True
Sar1b,SAR1B,SAR1B,True,True
Saraf,SARAF,SARAF,True,True
Sardh,SARDH,SARDH,True,True
Sarm1,SARM1,SARM1,True,True
Sarnp,SARNP,SARNP,True,True
Sars,SARS,SARS,True,True
Sars2,SARS2,SARS2,True,True
Sart1,SART1,SART1,True,True
Sart3,SART3,SART3,True,True
Sash1,SASH1,SASH1,True,True
Sash3,SASH3,SASH3,True,True
Sass6,SASS6,SASS6,True,True
Sat1,SAT1,SAT1,True,True
Sat2,SAT2,SAT2,True,True
Satb1,SATB1,SATB1,True,True
Satb2,SATB2,SATB2,True,True
Satl1,SATL1,SATL1,True,True
Sav1,SAV1,SAV1,True,True
Saxo2,SAXO2,SAXO2,True,True
Saysd1,SAYSD1,SAYSD1,True,True
Sbds,SBDS,SBDS,True,True
Sbf1,SBF1,SBF1,True,True
Sbf2,SBF2,SBF2,True,True
Sbk1,SBK1,SBK1,True,True
Sbk2,SBK2,SBK2,False,True
Sbno1,SBNO1,SBNO1,True,True
Sbno2,SBNO2,SBNO2,True,True
Sbsn,SBSN,SBSN,False,True
Sbspon,SBSPON,SBSPON,True,True
Sc5d,SC5D,SC5D,True,True
Scaf1,SCAF1,SCAF1,True,True
Scaf11,SCAF11,SCAF11,True,True
Scaf4,SCAF4,SCAF4,True,True
Scaf8,SCAF8,SCAF8,True,True
Scai,SCAI,SCAI,True,True
Scamp1,SCAMP1,SCAMP1,True,True
Scamp2,SCAMP2,SCAMP2,True,True
Scamp3,SCAMP3,SCAMP3,True,True
Scamp5,SCAMP5,SCAMP5,True,True
Scand1,SCAND1,SCAND1,True,True
Scap,SCAP,SCAP,True,True
Scaper,SCAPER,SCAPER,True,True
Scara3,SCARA3,SCARA3,True,True
Scara5,SCARA5,SCARA5,True,True
Scarb1,SCARB1,SCARB1,True,True
Scarb2,SCARB2,SCARB2,True,True
Scarf1,SCARF1,SCARF1,True,True
Scarf2,SCARF2,SCARF2,True,True
Sccpdh,SCCPDH,SCCPDH,True,True
Scel,SCEL,SCEL,True,True
Scfd1,SCFD1,SCFD1,True,True
Scfd2,SCFD2,SCFD2,True,True
Scg2,SCG2,SCG2,True,True
Scg3,SCG3,SCG3,True,True
Scg5,SCG5,SCG5,True,True
Scgb3a1,SCGB3A1,SCGB3A1,False,True
Schip1,SCHIP1,SCHIP1,True,True
Scimp,SCIMP,SCIMP,True,True
Scin,SCIN,SCIN,True,True
Sclt1,SCLT1,SCLT1,True,True
Scly,SCLY,SCLY,True,True
Scmh1,SCMH1,SCMH1,True,True
Scml2,SCML2,SCML2,True,True
Scml4,SCML4,SCML4,True,True
Scn1a,SCN1A,SCN1A,True,True
Scn1b,SCN1B,SCN1B,True,True
Scn2a,SCN2A,SCN2A,True,True
Scn2b,SCN2B,SCN2B,True,True
Scn3a,SCN3A,SCN3A,True,True
Scn3b,SCN3B,SCN3B,True,True
Scn4b,SCN4B,SCN4B,True,True
Scn5a,SCN5A,SCN5A,True,True
Scn7a,SCN7A,SCN7A,True,True
Scn8a,SCN8A,SCN8A,True,True
Scn9a,SCN9A,SCN9A,True,True
Scnm1,SCNM1,SCNM1,True,True
Scnn1a,SCNN1A,SCNN1A,True,True
Sco1,SCO1,SCO1,True,True
Sco2,SCO2,SCO2,True,True
Scoc,SCOC,SCOC,True,True
Scp2,SCP2,SCP2,True,True
Scpep1,SCPEP1,SCPEP1,True,True
Scrg1,SCRG1,SCRG1,True,True
Scrib,SCRIB,SCRIB,True,True
Scrn1,SCRN1,SCRN1,True,True
Scrn2,SCRN2,SCRN2,True,True
Scrn3,SCRN3,SCRN3,True,True
Scrt1,SCRT1,SCRT1,True,True
Scrt2,SCRT2,SCRT2,True,True
Sct,SCT,SCT,False,True
Sctr,SCTR,SCTR,False,True
Scube1,SCUBE1,SCUBE1,True,True
Scube2,SCUBE2,SCUBE2,True,True
Scube3,SCUBE3,SCUBE3,True,True
Scx,SCX,SCX,True,True
Scyl1,SCYL1,SCYL1,True,True
Scyl2,SCYL2,SCYL2,True,True
Scyl3,SCYL3,SCYL3,True,True
Sdad1,SDAD1,SDAD1,True,True
Sdc1,SDC1,SDC1,True,True
Sdc2,SDC2,SDC2,True,True
Sdc3,SDC3,SDC3,True,True
Sdc4,SDC4,SDC4,True,True
Sdcbp,SDCBP,SDCBP,True,True
Sdcbp2,SDCBP2,SDCBP2,True,True
Sdccag3,SDCCAG3,SDCCAG3,True,False
Sdccag8,SDCCAG8,SDCCAG8,True,True
Sde2,SDE2,SDE2,True,True
Sdf2,SDF2,SDF2,True,True
Sdf2l1,SDF2L1,SDF2L1,True,True
Sdf4,SDF4,SDF4,True,True
Sdha,SDHA,SDHA,True,True
Sdhaf1,SDHAF1,SDHAF1,True,True
Sdhaf2,SDHAF2,SDHAF2,True,True
Sdhaf3,SDHAF3,SDHAF3,True,True
Sdhaf4,SDHAF4,SDHAF4,True,True
Sdhb,SDHB,SDHB,True,True
Sdhc,SDHC,SDHC,True,True
Sdhd,SDHD,SDHD,True,True
Sdk1,SDK1,SDK1,True,True
Sdk2,SDK2,SDK2,True,True
Sdr39u1,SDR39U1,SDR39U1,True,True
Sdr42e1,SDR42E1,SDR42E1,True,True
Sdr9c7,SDR9C7,SDR9C7,False,True
Sdsl,SDSL,SDSL,True,True
Sec11a,SEC11A,SEC11A,True,True
Sec11c,SEC11C,SEC11C,True,True
Sec13,SEC13,SEC13,True,True
Sec14l1,SEC14L1,SEC14L1,True,True
Sec14l2,SEC14L2,SEC14L2,True,True
Sec14l4,SEC14L4,SEC14L4,True,True
Sec14l5,SEC14L5,SEC14L5,True,True
Sec16a,SEC16A,SEC16A,True,True
Sec16b,SEC16B,SEC16B,True,True
Sec22a,SEC22A,SEC22A,True,True
Sec22b,SEC22B,SEC22B,True,True
Sec22c,SEC22C,SEC22C,True,True
Sec23a,SEC23A,SEC23A,True,True
Sec23b,SEC23B,SEC23B,True,True
Sec23ip,SEC23IP,SEC23IP,True,True
Sec24a,SEC24A,SEC24A,True,True
Sec24b,SEC24B,SEC24B,True,True
Sec24c,SEC24C,SEC24C,True,True
Sec24d,SEC24D,SEC24D,True,True
Sec31a,SEC31A,SEC31A,True,True
Sec31b,SEC31B,SEC31B,True,True
Sec61a1,SEC61A1,SEC61A1,True,True
Sec61a2,SEC61A2,SEC61A2,True,True
Sec61b,SEC61B,SEC61B,True,True
Sec61g,SEC61G,SEC61G,True,True
Sec62,SEC62,SEC62,True,True
Sec63,SEC63,SEC63,True,True
Secisbp2,SECISBP2,SECISBP2,True,True
Secisbp2l,SECISBP2L,SECISBP2L,True,True
Seh1l,SEH1L,SEH1L,True,True
Sel1l,SEL1L,SEL1L,True,True
Sel1l2,SEL1L2,SEL1L2,False,True
Sel1l3,SEL1L3,SEL1L3,True,True
Sele,SELE,SELE,True,True
Selenbp1,SELENBP1,SELENBP1,True,True
Selenof,SELENOF,SELENOF,False,True
Selenoh,SELENOH,SELENOH,False,True
Selenoi,SELENOI,SELENOI,False,True
Selenok,SELENOK,SELENOK,False,True
Selenom,SELENOM,SELENOM,False,True
Selenon,SELENON,SELENON,False,True
Selenoo,SELENOO,SELENOO,False,True
Selenop,SELENOP,SELENOP,False,True
Selenos,SELENOS,SELENOS,False,True
Selenot,SELENOT,SELENOT,False,True
Selenov,SELENOV,SELENOV,False,True
Selenow,SELENOW,SELENOW,False,True
Selplg,SELPLG,SELPLG,True,True
Sem1,SEM1,SEM1,False,True
Sema3a,SEMA3A,SEMA3A,True,True
Sema3b,SEMA3B,SEMA3B,True,True
Sema3c,SEMA3C,SEMA3C,True,True
Sema3d,SEMA3D,SEMA3D,True,True
Sema3e,SEMA3E,SEMA3E,True,True
Sema3f,SEMA3F,SEMA3F,True,True
Sema3g,SEMA3G,SEMA3G,True,True
Sema4a,SEMA4A,SEMA4A,True,True
Sema4b,SEMA4B,SEMA4B,True,True
Sema4c,SEMA4C,SEMA4C,True,True
Sema4d,SEMA4D,SEMA4D,True,True
Sema4f,SEMA4F,SEMA4F,True,True
Sema4g,SEMA4G,SEMA4G,True,True
Sema5a,SEMA5A,SEMA5A,True,True
Sema5b,SEMA5B,SEMA5B,True,True
Sema6a,SEMA6A,SEMA6A,True,True
Sema6b,SEMA6B,SEMA6B,True,True
Sema6c,SEMA6C,SEMA6C,True,True
Sema6d,SEMA6D,SEMA6D,True,True
Sema7a,SEMA7A,SEMA7A,True,True
Senp1,SENP1,SENP1,True,True
Senp2,SENP2,SENP2,True,True
Senp3,SENP3,SENP3,True,True
Senp5,SENP5,SENP5,True,True
Senp6,SENP6,SENP6,True,True
Senp7,SENP7,SENP7,True,True
Senp8,SENP8,SENP8,True,True
Sephs1,SEPHS1,SEPHS1,True,True
Sephs2,SEPHS2,SEPHS2,True,True
Sepsecs,SEPSECS,SEPSECS,True,True
Sept1,SEPT1,SEPT1,True,False
Sept10,SEPT10,SEPT10,True,False
Sept11,SEPT11,SEPT11,True,False
Sept2,SEPT2,SEPT2,True,False
Sept3,SEPT3,SEPT3,True,False
Sept4,SEPT4,SEPT4,True,False
Sept5,SEPT5,SEPT5,True,False
Sept6,SEPT6,SEPT6,True,False
Sept7,SEPT7,SEPT7,True,False
Sept8,SEPT8,SEPT8,True,False
Sept9,SEPT9,SEPT9,True,False
Serac1,SERAC1,SERAC1,True,True
Serbp1,SERBP1,SERBP1,True,True
Serf2,SERF2,SERF2,True,True
Sergef,SERGEF,SERGEF,True,True
Serhl,SERHL,SERHL,True,False
Serinc1,SERINC1,SERINC1,True,True
Serinc2,SERINC2,SERINC2,True,True
Serinc3,SERINC3,SERINC3,True,True
Serinc4,SERINC4,SERINC4,True,True
Serinc5,SERINC5,SERINC5,True,True
Serp1,SERP1,SERP1,True,True
Serp2,SERP2,SERP2,True,True
Serpinb8,SERPINB8,SERPINB8,True,True
Serpinb9,SERPINB9,SERPINB9,True,True
Serpinc1,SERPINC1,SERPINC1,False,True
Serpind1,SERPIND1,SERPIND1,True,True
Serpine1,SERPINE1,SERPINE1,True,True
Serpine2,SERPINE2,SERPINE2,True,True
Serpine3,SERPINE3,SERPINE3,False,True
Serpinf1,SERPINF1,SERPINF1,True,True
Serpinf2,SERPINF2,SERPINF2,True,True
Serping1,SERPING1,SERPING1,True,True
Serpinh1,SERPINH1,SERPINH1,True,True
Serpini1,SERPINI1,SERPINI1,True,True
Serpini2,SERPINI2,SERPINI2,True,True
Sertad1,SERTAD1,SERTAD1,True,True
Sertad2,SERTAD2,SERTAD2,True,True
Sertad3,SERTAD3,SERTAD3,True,True
Sertad4,SERTAD4,SERTAD4,True,True
Sertm1,SERTM1,SERTM1,True,True
Sesn1,SESN1,SESN1,True,True
Sesn2,SESN2,SESN2,True,True
Sesn3,SESN3,SESN3,True,True
Sestd1,SESTD1,SESTD1,True,True
Set,SET,SET,True,True
Setbp1,SETBP1,SETBP1,True,True
Setd1a,SETD1A,SETD1A,True,True
Setd1b,SETD1B,SETD1B,True,True
Setd2,SETD2,SETD2,True,True
Setd3,SETD3,SETD3,True,True
Setd4,SETD4,SETD4,True,True
Setd5,SETD5,SETD5,True,True
Setd6,SETD6,SETD6,True,True
Setd7,SETD7,SETD7,True,True
Setdb1,SETDB1,SETDB1,True,True
Setdb2,SETDB2,SETDB2,True,True
Setmar,SETMAR,SETMAR,True,True
Setx,SETX,SETX,True,True
Sez6,SEZ6,SEZ6,True,True
Sez6l,SEZ6L,SEZ6L,True,True
Sez6l2,SEZ6L2,SEZ6L2,True,True
Sf1,SF1,SF1,True,True
Sf3a1,SF3A1,SF3A1,True,True
Sf3a2,SF3A2,SF3A2,True,True
Sf3a3,SF3A3,SF3A3,True,True
Sf3b1,SF3B1,SF3B1,True,True
Sf3b2,SF3B2,SF3B2,True,True
Sf3b3,SF3B3,SF3B3,True,True
Sf3b4,SF3B4,SF3B4,True,True
Sf3b5,SF3B5,SF3B5,True,True
Sf3b6,SF3B6,SF3B6,True,True
Sfi1,SFI1,SFI1,True,True
Sfmbt1,SFMBT1,SFMBT1,True,True
Sfmbt2,SFMBT2,SFMBT2,True,True
Sfn,SFN,SFN,False,True
Sfpq,SFPQ,SFPQ,True,True
Sfr1,SFR1,SFR1,True,True
Sfrp1,SFRP1,SFRP1,True,True
Sfrp2,SFRP2,SFRP2,True,True
Sfrp4,SFRP4,SFRP4,True,True
Sfrp5,SFRP5,SFRP5,True,True
Sfswap,SFSWAP,SFSWAP,True,True
Sft2d1,SFT2D1,SFT2D1,True,True
Sft2d2,SFT2D2,SFT2D2,True,True
Sft2d3,SFT2D3,SFT2D3,True,True
Sfta2,SFTA2,SFTA2,False,True
Sftpc,SFTPC,SFTPC,True,True
Sfxn1,SFXN1,SFXN1,True,True
Sfxn2,SFXN2,SFXN2,True,True
Sfxn3,SFXN3,SFXN3,True,True
Sfxn4,SFXN4,SFXN4,True,True
Sfxn5,SFXN5,SFXN5,True,True
Sgca,SGCA,SGCA,True,True
Sgcb,SGCB,SGCB,True,True
Sgcd,SGCD,SGCD,True,True
Sgce,SGCE,SGCE,True,True
Sgcg,SGCG,SGCG,True,True
Sgcz,SGCZ,SGCZ,True,True
Sgf29,SGF29,SGF29,True,True
Sgip1,SGIP1,SGIP1,True,True
Sgk1,SGK1,SGK1,True,True
Sgk2,SGK2,SGK2,True,True
Sgk3,SGK3,SGK3,True,True
Sgms1,SGMS1,SGMS1,True,True
Sgms2,SGMS2,SGMS2,True,True
Sgo1,SGO1,SGO1,False,True
Sgpl1,SGPL1,SGPL1,True,True
Sgpp1,SGPP1,SGPP1,True,True
Sgpp2,SGPP2,SGPP2,True,True
Sgsh,SGSH,SGSH,True,True
Sgsm1,SGSM1,SGSM1,True,True
Sgsm2,SGSM2,SGSM2,True,True
Sgsm3,SGSM3,SGSM3,True,True
Sgta,SGTA,SGTA,True,True
Sgtb,SGTB,SGTB,True,True
Sh2b1,SH2B1,SH2B1,True,True
Sh2b2,SH2B2,SH2B2,True,True
Sh2b3,SH2B3,SH2B3,True,True
Sh2d1a,SH2D1A,SH2D1A,False,True
Sh2d3c,SH2D3C,SH2D3C,True,True
Sh2d4a,SH2D4A,SH2D4A,True,True
Sh2d4b,SH2D4B,SH2D4B,True,True
Sh2d5,SH2D5,SH2D5,True,True
Sh2d6,SH2D6,SH2D6,True,True
Sh3bgr,SH3BGR,SH3BGR,True,True
Sh3bgrl,SH3BGRL,SH3BGRL,True,True
Sh3bgrl2,SH3BGRL2,SH3BGRL2,True,True
Sh3bgrl3,SH3BGRL3,SH3BGRL3,True,True
Sh3bp1,SH3BP1,SH3BP1,True,True
Sh3bp2,SH3BP2,SH3BP2,True,True
Sh3bp4,SH3BP4,SH3BP4,True,True
Sh3bp5,SH3BP5,SH3BP5,True,True
Sh3bp5l,SH3BP5L,SH3BP5L,True,True
Sh3d19,SH3D19,SH3D19,True,True
Sh3d21,SH3D21,SH3D21,True,True
Sh3gl1,SH3GL1,SH3GL1,True,True
Sh3gl2,SH3GL2,SH3GL2,True,True
Sh3gl3,SH3GL3,SH3GL3,True,True
Sh3glb1,SH3GLB1,SH3GLB1,True,True
Sh3glb2,SH3GLB2,SH3GLB2,True,True
Sh3kbp1,SH3KBP1,SH3KBP1,True,True
Sh3pxd2a,SH3PXD2A,SH3PXD2A,True,True
Sh3pxd2b,SH3PXD2B,SH3PXD2B,True,True
Sh3rf1,SH3RF1,SH3RF1,True,True
Sh3rf2,SH3RF2,SH3RF2,True,True
Sh3rf3,SH3RF3,SH3RF3,True,True
Sh3tc1,SH3TC1,SH3TC1,True,True
Sh3tc2,SH3TC2,SH3TC2,True,True
Sh3yl1,SH3YL1,SH3YL1,True,True
Shank1,SHANK1,SHANK1,True,True
Shank2,SHANK2,SHANK2,True,True
Shank3,SHANK3,SHANK3,True,True
Sharpin,SHARPIN,SHARPIN,True,True
Shb,SHB,SHB,True,True
Shc1,SHC1,SHC1,True,True
Shc2,SHC2,SHC2,True,True
Shc3,SHC3,SHC3,True,True
Shc4,SHC4,SHC4,True,True
Shcbp1,SHCBP1,SHCBP1,True,True
Shcbp1l,SHCBP1L,SHCBP1L,False,True
Shd,SHD,SHD,True,True
She,SHE,SHE,True,True
Shf,SHF,SHF,True,True
Shfl,SHFL,SHFL,False,True
Shh,SHH,SHH,True,True
Shisa2,SHISA2,SHISA2,True,True
Shisa3,SHISA3,SHISA3,True,True
Shisa4,SHISA4,SHISA4,True,True
Shisa5,SHISA5,SHISA5,True,True
Shisa6,SHISA6,SHISA6,True,True
Shisa7,SHISA7,SHISA7,True,True
Shisa8,SHISA8,SHISA8,True,True
Shisa9,SHISA9,SHISA9,True,True
Shisal1,SHISAL1,SHISAL1,False,True
Shisal2a,SHISAL2A,SHISAL2A,False,True
Shkbp1,SHKBP1,SHKBP1,True,True
Shld1,SHLD1,SHLD1,False,True
Shld2,SHLD2,SHLD2,False,True
Shld3,SHLD3,SHLD3,False,True
Shmt1,SHMT1,SHMT1,True,True
Shmt2,SHMT2,SHMT2,True,True
Shoc2,SHOC2,SHOC2,True,True
Shox2,SHOX2,SHOX2,True,True
Shpk,SHPK,SHPK,True,True
Shprh,SHPRH,SHPRH,True,True
Shq1,SHQ1,SHQ1,True,True
Shroom1,SHROOM1,SHROOM1,True,True
Shroom2,SHROOM2,SHROOM2,True,True
Shroom3,SHROOM3,SHROOM3,True,True
Shroom4,SHROOM4,SHROOM4,True,True
Shtn1,SHTN1,SHTN1,True,True
Siae,SIAE,SIAE,True,True
Siah2,SIAH2,SIAH2,True,True
Siah3,SIAH3,SIAH3,True,True
Sidt1,SIDT1,SIDT1,True,True
Sidt2,SIDT2,SIDT2,True,True
Sigirr,SIGIRR,SIGIRR,True,True
Sigmar1,SIGMAR1,SIGMAR1,True,True
Sik1,SIK1,SIK1,True,True
Sik2,SIK2,SIK2,True,True
Sik3,SIK3,SIK3,True,True
Sike1,SIKE1,SIKE1,True,True
Sil1,SIL1,SIL1,True,True
Sim1,SIM1,SIM1,True,True
Simc1,SIMC1,SIMC1,True,True
Sin3a,SIN3A,SIN3A,True,True
Sin3b,SIN3B,SIN3B,True,True
Sinhcaf,SINHCAF,SINHCAF,False,True
Sipa1,SIPA1,SIPA1,True,True
Sipa1l1,SIPA1L1,SIPA1L1,True,True
Sipa1l2,SIPA1L2,SIPA1L2,True,True
Sipa1l3,SIPA1L3,SIPA1L3,True,True
Sirpa,SIRPA,SIRPA,True,True
Sirt1,SIRT1,SIRT1,True,True
Sirt2,SIRT2,SIRT2,True,True
Sirt3,SIRT3,SIRT3,True,True
Sirt4,SIRT4,SIRT4,True,True
Sirt5,SIRT5,SIRT5,True,True
Sirt6,SIRT6,SIRT6,True,True
Sirt7,SIRT7,SIRT7,True,True
Siva1,SIVA1,SIVA1,True,True
Six1,SIX1,SIX1,False,True
Six3,SIX3,SIX3,True,True
Six4,SIX4,SIX4,True,True
Six5,SIX5,SIX5,True,True
Ska1,SKA1,SKA1,False,True
Ska2,SKA2,SKA2,True,True
Ska3,SKA3,SKA3,True,True
Skap1,SKAP1,SKAP1,True,True
Skap2,SKAP2,SKAP2,True,True
Ski,SKI,SKI,True,True
Skida1,SKIDA1,SKIDA1,True,True
Skil,SKIL,SKIL,True,True
Skiv2l,SKIV2L,SKIV2L,True,True
Skiv2l2,SKIV2L2,SKIV2L2,True,False
Skp2,SKP2,SKP2,True,True
Sla,SLA,SLA,True,True
Sla2,SLA2,SLA2,True,True
Slain1,SLAIN1,SLAIN1,True,True
Slain2,SLAIN2,SLAIN2,True,True
Slamf1,SLAMF1,SLAMF1,False,True
Slamf6,SLAMF6,SLAMF6,False,True
Slamf7,SLAMF7,SLAMF7,False,True
Slamf8,SLAMF8,SLAMF8,False,True
Slbp,SLBP,SLBP,True,True
Slc10a1,SLC10A1,SLC10A1,False,True
Slc10a3,SLC10A3,SLC10A3,True,True
Slc10a7,SLC10A7,SLC10A7,True,True
Slc11a1,SLC11A1,SLC11A1,True,True
Slc11a2,SLC11A2,SLC11A2,True,True
Slc12a1,SLC12A1,SLC12A1,True,True
Slc12a2,SLC12A2,SLC12A2,True,True
Slc12a3,SLC12A3,SLC12A3,True,True
Slc12a4,SLC12A4,SLC12A4,True,True
Slc12a5,SLC12A5,SLC12A5,True,True
Slc12a6,SLC12A6,SLC12A6,True,True
Slc12a7,SLC12A7,SLC12A7,True,True
Slc12a8,SLC12A8,SLC12A8,True,True
Slc12a9,SLC12A9,SLC12A9,True,True
Slc13a1,SLC13A1,SLC13A1,False,True
Slc13a3,SLC13A3,SLC13A3,True,True
Slc13a4,SLC13A4,SLC13A4,True,True
Slc13a5,SLC13A5,SLC13A5,True,True
Slc14a1,SLC14A1,SLC14A1,True,True
Slc14a2,SLC14A2,SLC14A2,False,True
Slc15a1,SLC15A1,SLC15A1,False,True
Slc15a2,SLC15A2,SLC15A2,True,True
Slc15a3,SLC15A3,SLC15A3,True,True
Slc15a4,SLC15A4,SLC15A4,True,True
Slc15a5,SLC15A5,SLC15A5,True,True
Slc16a1,SLC16A1,SLC16A1,True,True
Slc16a10,SLC16A10,SLC16A10,True,True
Slc16a11,SLC16A11,SLC16A11,True,True
Slc16a12,SLC16A12,SLC16A12,True,True
Slc16a13,SLC16A13,SLC16A13,True,True
Slc16a14,SLC16A14,SLC16A14,True,True
Slc16a2,SLC16A2,SLC16A2,True,True
Slc16a3,SLC16A3,SLC16A3,True,True
Slc16a4,SLC16A4,SLC16A4,True,True
Slc16a5,SLC16A5,SLC16A5,True,True
Slc16a6,SLC16A6,SLC16A6,True,True
Slc16a7,SLC16A7,SLC16A7,True,True
Slc16a8,SLC16A8,SLC16A8,True,True
Slc16a9,SLC16A9,SLC16A9,True,True
Slc17a5,SLC17A5,SLC17A5,True,True
Slc17a6,SLC17A6,SLC17A6,True,True
Slc17a7,SLC17A7,SLC17A7,True,True
Slc17a8,SLC17A8,SLC17A8,True,True
Slc17a9,SLC17A9,SLC17A9,True,True
Slc18a1,SLC18A1,SLC18A1,True,True
Slc18a2,SLC18A2,SLC18A2,True,True
Slc18a3,SLC18A3,SLC18A3,False,True
Slc18b1,SLC18B1,SLC18B1,True,True
Slc19a1,SLC19A1,SLC19A1,True,True
Slc19a2,SLC19A2,SLC19A2,True,True
Slc19a3,SLC19A3,SLC19A3,True,True
Slc1a1,SLC1A1,SLC1A1,True,True
Slc1a2,SLC1A2,SLC1A2,True,True
Slc1a3,SLC1A3,SLC1A3,True,True
Slc1a4,SLC1A4,SLC1A4,True,True
Slc1a5,SLC1A5,SLC1A5,True,True
Slc1a6,SLC1A6,SLC1A6,True,True
Slc1a7,SLC1A7,SLC1A7,True,True
Slc20a1,SLC20A1,SLC20A1,True,True
Slc20a2,SLC20A2,SLC20A2,True,True
Slc22a1,SLC22A1,SLC22A1,True,True
Slc22a14,SLC22A14,SLC22A14,True,True
Slc22a15,SLC22A15,SLC22A15,True,True
Slc22a17,SLC22A17,SLC22A17,True,True
Slc22a18,SLC22A18,SLC22A18,True,True
Slc22a2,SLC22A2,SLC22A2,False,True
Slc22a23,SLC22A23,SLC22A23,True,True
Slc22a3,SLC22A3,SLC22A3,True,True
Slc22a4,SLC22A4,SLC22A4,True,True
Slc22a5,SLC22A5,SLC22A5,True,True
Slc22a6,SLC22A6,SLC22A6,True,True
Slc22a8,SLC22A8,SLC22A8,True,True
Slc23a1,SLC23A1,SLC23A1,False,True
Slc23a2,SLC23A2,SLC23A2,True,True
Slc23a3,SLC23A3,SLC23A3,False,True
Slc24a1,SLC24A1,SLC24A1,True,True
Slc24a2,SLC24A2,SLC24A2,True,True
Slc24a3,SLC24A3,SLC24A3,True,True
Slc24a4,SLC24A4,SLC24A4,True,True
Slc24a5,SLC24A5,SLC24A5,True,True
Slc25a1,SLC25A1,SLC25A1,True,True
Slc25a10,SLC25A10,SLC25A10,True,True
Slc25a11,SLC25A11,SLC25A11,True,True
Slc25a12,SLC25A12,SLC25A12,True,True
Slc25a13,SLC25A13,SLC25A13,True,True
Slc25a14,SLC25A14,SLC25A14,True,True
Slc25a15,SLC25A15,SLC25A15,True,True
Slc25a16,SLC25A16,SLC25A16,True,True
Slc25a17,SLC25A17,SLC25A17,True,True
Slc25a18,SLC25A18,SLC25A18,True,True
Slc25a19,SLC25A19,SLC25A19,True,True
Slc25a2,SLC25A2,SLC25A2,False,True
Slc25a20,SLC25A20,SLC25A20,True,True
Slc25a21,SLC25A21,SLC25A21,True,True
Slc25a22,SLC25A22,SLC25A22,True,True
Slc25a23,SLC25A23,SLC25A23,True,True
Slc25a24,SLC25A24,SLC25A24,True,True
Slc25a25,SLC25A25,SLC25A25,True,True
Slc25a26,SLC25A26,SLC25A26,True,True
Slc25a27,SLC25A27,SLC25A27,True,True
Slc25a28,SLC25A28,SLC25A28,True,True
Slc25a29,SLC25A29,SLC25A29,True,True
Slc25a3,SLC25A3,SLC25A3,True,True
Slc25a30,SLC25A30,SLC25A30,True,True
Slc25a31,SLC25A31,SLC25A31,False,True
Slc25a32,SLC25A32,SLC25A32,True,True
Slc25a33,SLC25A33,SLC25A33,True,True
Slc25a34,SLC25A34,SLC25A34,True,True
Slc25a35,SLC25A35,SLC25A35,True,True
Slc25a36,SLC25A36,SLC25A36,True,True
Slc25a37,SLC25A37,SLC25A37,True,True
Slc25a38,SLC25A38,SLC25A38,True,True
Slc25a39,SLC25A39,SLC25A39,True,True
Slc25a4,SLC25A4,SLC25A4,True,True
Slc25a40,SLC25A40,SLC25A40,True,True
Slc25a41,SLC25A41,SLC25A41,True,True
Slc25a42,SLC25A42,SLC25A42,True,True
Slc25a43,SLC25A43,SLC25A43,True,True
Slc25a44,SLC25A44,SLC25A44,True,True
Slc25a45,SLC25A45,SLC25A45,True,True
Slc25a46,SLC25A46,SLC25A46,True,True
Slc25a47,SLC25A47,SLC25A47,False,True
Slc25a48,SLC25A48,SLC25A48,True,True
Slc25a5,SLC25A5,SLC25A5,True,True
Slc25a51,SLC25A51,SLC25A51,True,True
Slc25a53,SLC25A53,SLC25A53,True,True
Slc26a1,SLC26A1,SLC26A1,True,True
Slc26a10,SLC26A10,SLC26A10,True,True
Slc26a11,SLC26A11,SLC26A11,True,True
Slc26a2,SLC26A2,SLC26A2,True,True
Slc26a3,SLC26A3,SLC26A3,False,True
Slc26a4,SLC26A4,SLC26A4,True,True
Slc26a5,SLC26A5,SLC26A5,True,True
Slc26a6,SLC26A6,SLC26A6,True,True
Slc26a7,SLC26A7,SLC26A7,True,True
Slc26a8,SLC26A8,SLC26A8,True,True
Slc26a9,SLC26A9,SLC26A9,True,True
Slc27a1,SLC27A1,SLC27A1,True,True
Slc27a2,SLC27A2,SLC27A2,True,True
Slc27a3,SLC27A3,SLC27A3,True,True
Slc27a4,SLC27A4,SLC27A4,True,True
Slc27a5,SLC27A5,SLC27A5,True,True
Slc27a6,SLC27A6,SLC27A6,True,True
Slc28a1,SLC28A1,SLC28A1,False,True
Slc28a2,SLC28A2,SLC28A2,False,True
Slc28a3,SLC28A3,SLC28A3,True,True
Slc29a1,SLC29A1,SLC29A1,True,True
Slc29a2,SLC29A2,SLC29A2,True,True
Slc29a3,SLC29A3,SLC29A3,True,True
Slc29a4,SLC29A4,SLC29A4,True,True
Slc2a1,SLC2A1,SLC2A1,True,True
Slc2a10,SLC2A10,SLC2A10,True,True
Slc2a12,SLC2A12,SLC2A12,True,True
Slc2a13,SLC2A13,SLC2A13,True,True
Slc2a2,SLC2A2,SLC2A2,False,True
Slc2a3,SLC2A3,SLC2A3,True,True
Slc2a4,SLC2A4,SLC2A4,True,True
Slc2a5,SLC2A5,SLC2A5,True,True
Slc2a6,SLC2A6,SLC2A6,True,True
Slc2a8,SLC2A8,SLC2A8,True,True
Slc2a9,SLC2A9,SLC2A9,True,True
Slc30a1,SLC30A1,SLC30A1,True,True
Slc30a10,SLC30A10,SLC30A10,True,True
Slc30a3,SLC30A3,SLC30A3,True,True
Slc30a4,SLC30A4,SLC30A4,True,True
Slc30a5,SLC30A5,SLC30A5,True,True
Slc30a6,SLC30A6,SLC30A6,True,True
Slc30a7,SLC30A7,SLC30A7,True,True
Slc30a9,SLC30A9,SLC30A9,True,True
Slc31a1,SLC31A1,SLC31A1,True,True
Slc31a2,SLC31A2,SLC31A2,True,True
Slc32a1,SLC32A1,SLC32A1,True,True
Slc33a1,SLC33A1,SLC33A1,True,True
Slc34a3,SLC34A3,SLC34A3,False,True
Slc35a1,SLC35A1,SLC35A1,True,True
Slc35a2,SLC35A2,SLC35A2,True,True
Slc35a3,SLC35A3,SLC35A3,True,True
Slc35a4,SLC35A4,SLC35A4,True,True
Slc35a5,SLC35A5,SLC35A5,True,True
Slc35b1,SLC35B1,SLC35B1,True,True
Slc35b2,SLC35B2,SLC35B2,True,True
Slc35b3,SLC35B3,SLC35B3,True,True
Slc35b4,SLC35B4,SLC35B4,True,True
Slc35c1,SLC35C1,SLC35C1,True,True
Slc35c2,SLC35C2,SLC35C2,True,True
Slc35d1,SLC35D1,SLC35D1,True,True
Slc35d2,SLC35D2,SLC35D2,True,True
Slc35d3,SLC35D3,SLC35D3,True,True
Slc35e1,SLC35E1,SLC35E1,True,True
Slc35e2,SLC35E2,SLC35E2,True,False
Slc35e3,SLC35E3,SLC35E3,True,True
Slc35e4,SLC35E4,SLC35E4,True,True
Slc35f1,SLC35F1,SLC35F1,True,True
Slc35f2,SLC35F2,SLC35F2,True,True
Slc35f3,SLC35F3,SLC35F3,True,True
Slc35f4,SLC35F4,SLC35F4,True,True
Slc35f5,SLC35F5,SLC35F5,True,True
Slc35f6,SLC35F6,SLC35F6,True,True
Slc35g1,SLC35G1,SLC35G1,True,True
Slc35g2,SLC35G2,SLC35G2,True,True
Slc35g3,SLC35G3,SLC35G3,False,True
Slc36a1,SLC36A1,SLC36A1,True,True
Slc36a2,SLC36A2,SLC36A2,False,True
Slc36a4,SLC36A4,SLC36A4,True,True
Slc37a1,SLC37A1,SLC37A1,True,True
Slc37a2,SLC37A2,SLC37A2,True,True
Slc37a3,SLC37A3,SLC37A3,True,True
Slc37a4,SLC37A4,SLC37A4,True,True
Slc38a1,SLC38A1,SLC38A1,True,True
Slc38a10,SLC38A10,SLC38A10,True,True
Slc38a11,SLC38A11,SLC38A11,True,True
Slc38a2,SLC38A2,SLC38A2,True,True
Slc38a3,SLC38A3,SLC38A3,True,True
Slc38a5,SLC38A5,SLC38A5,True,True
Slc38a6,SLC38A6,SLC38A6,True,True
Slc38a7,SLC38A7,SLC38A7,True,True
Slc38a8,SLC38A8,SLC38A8,True,True
Slc38a9,SLC38A9,SLC38A9,True,True
Slc39a1,SLC39A1,SLC39A1,True,True
Slc39a10,SLC39A10,SLC39A10,True,True
Slc39a11,SLC39A11,SLC39A11,True,True
Slc39a12,SLC39A12,SLC39A12,True,True
Slc39a13,SLC39A13,SLC39A13,True,True
Slc39a14,SLC39A14,SLC39A14,True,True
Slc39a2,SLC39A2,SLC39A2,False,True
Slc39a3,SLC39A3,SLC39A3,True,True
Slc39a4,SLC39A4,SLC39A4,True,True
Slc39a6,SLC39A6,SLC39A6,True,True
Slc39a7,SLC39A7,SLC39A7,True,True
Slc39a8,SLC39A8,SLC39A8,True,True
Slc39a9,SLC39A9,SLC39A9,True,True
Slc3a1,SLC3A1,SLC3A1,True,True
Slc3a2,SLC3A2,SLC3A2,True,True
Slc40a1,SLC40A1,SLC40A1,True,True
Slc41a1,SLC41A1,SLC41A1,True,True
Slc41a2,SLC41A2,SLC41A2,True,True
Slc41a3,SLC41A3,SLC41A3,True,True
Slc43a1,SLC43A1,SLC43A1,True,True
Slc43a2,SLC43A2,SLC43A2,True,True
Slc43a3,SLC43A3,SLC43A3,True,True
Slc44a1,SLC44A1,SLC44A1,True,True
Slc44a2,SLC44A2,SLC44A2,True,True
Slc44a3,SLC44A3,SLC44A3,True,True
Slc44a4,SLC44A4,SLC44A4,False,True
Slc44a5,SLC44A5,SLC44A5,True,True
Slc45a1,SLC45A1,SLC45A1,True,True
Slc45a3,SLC45A3,SLC45A3,True,True
Slc45a4,SLC45A4,SLC45A4,True,True
Slc46a1,SLC46A1,SLC46A1,True,True
Slc46a2,SLC46A2,SLC46A2,False,True
Slc46a3,SLC46A3,SLC46A3,True,True
Slc47a1,SLC47A1,SLC47A1,True,True
Slc48a1,SLC48A1,SLC48A1,True,True
Slc49a4,SLC49A4,SLC49A4,False,True
Slc4a10,SLC4A10,SLC4A10,True,True
Slc4a11,SLC4A11,SLC4A11,True,True
Slc4a1ap,SLC4A1AP,SLC4A1AP,True,True
Slc4a2,SLC4A2,SLC4A2,True,True
Slc4a3,SLC4A3,SLC4A3,True,True
Slc4a4,SLC4A4,SLC4A4,True,True
Slc4a5,SLC4A5,SLC4A5,True,True
Slc4a7,SLC4A7,SLC4A7,True,True
Slc4a8,SLC4A8,SLC4A8,True,True
Slc50a1,SLC50A1,SLC50A1,True,True
Slc51a,SLC51A,SLC51A,False,True
Slc51b,SLC51B,SLC51B,False,True
Slc52a2,SLC52A2,SLC52A2,True,True
Slc52a3,SLC52A3,SLC52A3,True,True
Slc5a10,SLC5A10,SLC5A10,False,True
Slc5a11,SLC5A11,SLC5A11,True,True
Slc5a12,SLC5A12,SLC5A12,True,True
Slc5a3,SLC5A3,SLC5A3,True,True
Slc5a5,SLC5A5,SLC5A5,True,True
Slc5a6,SLC5A6,SLC5A6,True,True
Slc5a7,SLC5A7,SLC5A7,True,True
Slc5a8,SLC5A8,SLC5A8,True,True
Slc6a1,SLC6A1,SLC6A1,True,True
Slc6a11,SLC6A11,SLC6A11,True,True
Slc6a12,SLC6A12,SLC6A12,True,True
Slc6a13,SLC6A13,SLC6A13,True,True
Slc6a15,SLC6A15,SLC6A15,True,True
Slc6a16,SLC6A16,SLC6A16,True,True
Slc6a17,SLC6A17,SLC6A17,True,True
Slc6a19,SLC6A19,SLC6A19,False,True
Slc6a3,SLC6A3,SLC6A3,True,True
Slc6a6,SLC6A6,SLC6A6,True,True
Slc6a7,SLC6A7,SLC6A7,True,True
Slc6a8,SLC6A8,SLC6A8,True,True
Slc6a9,SLC6A9,SLC6A9,True,True
Slc7a1,SLC7A1,SLC7A1,True,True
Slc7a10,SLC7A10,SLC7A10,True,True
Slc7a11,SLC7A11,SLC7A11,True,True
Slc7a14,SLC7A14,SLC7A14,True,True
Slc7a2,SLC7A2,SLC7A2,True,True
Slc7a3,SLC7A3,SLC7A3,True,True
Slc7a4,SLC7A4,SLC7A4,True,True
Slc7a5,SLC7A5,SLC7A5,True,True
Slc7a6,SLC7A6,SLC7A6,True,True
Slc7a6os,SLC7A6OS,SLC7A6OS,True,True
Slc7a7,SLC7A7,SLC7A7,True,True
Slc7a8,SLC7A8,SLC7A8,True,True
Slc8a1,SLC8A1,SLC8A1,True,True
Slc8a2,SLC8A2,SLC8A2,True,True
Slc8a3,SLC8A3,SLC8A3,True,True
Slc8b1,SLC8B1,SLC8B1,True,True
Slc9a1,SLC9A1,SLC9A1,True,True
Slc9a2,SLC9A2,SLC9A2,True,True
Slc9a3,SLC9A3,SLC9A3,True,True
Slc9a3r1,SLC9A3R1,SLC9A3R1,True,True
Slc9a3r2,SLC9A3R2,SLC9A3R2,True,True
Slc9a5,SLC9A5,SLC9A5,True,True
Slc9a6,SLC9A6,SLC9A6,True,True
Slc9a7,SLC9A7,SLC9A7,True,True
Slc9a8,SLC9A8,SLC9A8,True,True
Slc9a9,SLC9A9,SLC9A9,True,True
Slc9b1,SLC9B1,SLC9B1,True,True
Slc9b2,SLC9B2,SLC9B2,True,True
Slco1c1,SLCO1C1,SLCO1C1,True,True
Slco2a1,SLCO2A1,SLCO2A1,True,True
Slco2b1,SLCO2B1,SLCO2B1,True,True
Slco3a1,SLCO3A1,SLCO3A1,True,True
Slco4a1,SLCO4A1,SLCO4A1,True,True
Slco4c1,SLCO4C1,SLCO4C1,True,True
Slco5a1,SLCO5A1,SLCO5A1,True,True
Slf1,SLF1,SLF1,True,True
Slf2,SLF2,SLF2,True,True
Slfn5,SLFN5,SLFN5,True,True
Slirp,SLIRP,SLIRP,True,True
Slit1,SLIT1,SLIT1,True,True
Slit2,SLIT2,SLIT2,True,True
Slit3,SLIT3,SLIT3,True,True
Slitrk1,SLITRK1,SLITRK1,True,True
Slitrk2,SLITRK2,SLITRK2,True,True
Slitrk3,SLITRK3,SLITRK3,True,True
Slitrk4,SLITRK4,SLITRK4,True,True
Slitrk5,SLITRK5,SLITRK5,True,True
Slitrk6,SLITRK6,SLITRK6,True,True
Slk,SLK,SLK,True,True
Slmap,SLMAP,SLMAP,True,True
Slpi,SLPI,SLPI,False,True
Sltm,SLTM,SLTM,True,True
Slu7,SLU7,SLU7,True,True
Slx1b,SLX1B,SLX1B,True,True
Slx4,SLX4,SLX4,True,True
Slx4ip,SLX4IP,SLX4IP,True,True
Smad1,SMAD1,SMAD1,True,True
Smad2,SMAD2,SMAD2,True,True
Smad3,SMAD3,SMAD3,True,True
Smad4,SMAD4,SMAD4,True,True
Smad5,SMAD5,SMAD5,True,True
Smad6,SMAD6,SMAD6,True,True
Smad7,SMAD7,SMAD7,True,True
Smad9,SMAD9,SMAD9,True,True
Smagp,SMAGP,SMAGP,True,True
Smap1,SMAP1,SMAP1,True,True
Smap2,SMAP2,SMAP2,True,True
Smarca1,SMARCA1,SMARCA1,True,True
Smarca2,SMARCA2,SMARCA2,True,True
Smarca4,SMARCA4,SMARCA4,True,True
Smarca5,SMARCA5,SMARCA5,True,True
Smarcad1,SMARCAD1,SMARCAD1,True,True
Smarcal1,SMARCAL1,SMARCAL1,True,True
Smarcb1,SMARCB1,SMARCB1,True,True
Smarcc1,SMARCC1,SMARCC1,True,True
Smarcc2,SMARCC2,SMARCC2,True,True
Smarcd1,SMARCD1,SMARCD1,True,True
Smarcd2,SMARCD2,SMARCD2,True,True
Smarcd3,SMARCD3,SMARCD3,True,True
Smarce1,SMARCE1,SMARCE1,True,True
Smc1a,SMC1A,SMC1A,True,True
Smc1b,SMC1B,SMC1B,False,True
Smc2,SMC2,SMC2,True,True
Smc3,SMC3,SMC3,True,True
Smc4,SMC4,SMC4,True,True
Smc5,SMC5,SMC5,True,True
Smc6,SMC6,SMC6,True,True
Smchd1,SMCHD1,SMCHD1,True,True
Smco1,SMCO1,SMCO1,False,True
Smco3,SMCO3,SMCO3,False,True
Smco4,SMCO4,SMCO4,True,True
Smcr8,SMCR8,SMCR8,True,True
Smdt1,SMDT1,SMDT1,True,True
Smg1,SMG1,SMG1,True,True
Smg5,SMG5,SMG5,True,True
Smg6,SMG6,SMG6,True,True
Smg7,SMG7,SMG7,True,True
Smg8,SMG8,SMG8,True,True
Smg9,SMG9,SMG9,True,True
Smim1,SMIM1,SMIM1,True,True
Smim10l1,SMIM10L1,SMIM10L1,True,True
Smim10l2a,SMIM10L2A,SMIM10L2A,True,True
Smim12,SMIM12,SMIM12,True,True
Smim13,SMIM13,SMIM13,True,True
Smim14,SMIM14,SMIM14,True,True
Smim15,SMIM15,SMIM15,True,True
Smim17,SMIM17,SMIM17,True,True
Smim18,SMIM18,SMIM18,True,True
Smim19,SMIM19,SMIM19,True,True
Smim20,SMIM20,SMIM20,True,True
Smim22,SMIM22,SMIM22,False,True
Smim24,SMIM24,SMIM24,False,True
Smim26,SMIM26,SMIM26,False,True
Smim27,SMIM27,SMIM27,False,True
Smim3,SMIM3,SMIM3,True,True
Smim4,SMIM4,SMIM4,True,True
Smim5,SMIM5,SMIM5,True,True
Smim6,SMIM6,SMIM6,True,True
Smim7,SMIM7,SMIM7,True,True
Smim8,SMIM8,SMIM8,True,True
Smim9,SMIM9,SMIM9,False,True
Smlr1,SMLR1,SMLR1,False,True
Smn1,SMN1,SMN1,True,True
Smndc1,SMNDC1,SMNDC1,True,True
Smo,SMO,SMO,True,True
Smoc1,SMOC1,SMOC1,True,True
Smoc2,SMOC2,SMOC2,True,True
Smox,SMOX,SMOX,True,True
Smpd1,SMPD1,SMPD1,True,True
Smpd2,SMPD2,SMPD2,True,True
Smpd3,SMPD3,SMPD3,True,True
Smpd4,SMPD4,SMPD4,True,True
Smpdl3a,SMPDL3A,SMPDL3A,True,True
Smpdl3b,SMPDL3B,SMPDL3B,True,True
Smpx,SMPX,SMPX,True,True
Sms,SMS,SMS,True,True
Smtn,SMTN,SMTN,True,True
Smtnl2,SMTNL2,SMTNL2,True,True
Smu1,SMU1,SMU1,True,True
Smug1,SMUG1,SMUG1,True,True
Smurf1,SMURF1,SMURF1,True,True
Smurf2,SMURF2,SMURF2,True,True
Smyd1,SMYD1,SMYD1,False,True
Smyd2,SMYD2,SMYD2,True,True
Smyd3,SMYD3,SMYD3,True,True
Smyd4,SMYD4,SMYD4,True,True
Smyd5,SMYD5,SMYD5,True,True
Snai1,SNAI1,SNAI1,True,True
Snai2,SNAI2,SNAI2,True,True
Snap23,SNAP23,SNAP23,True,True
Snap25,SNAP25,SNAP25,True,True
Snap29,SNAP29,SNAP29,True,True
Snap47,SNAP47,SNAP47,True,True
Snap91,SNAP91,SNAP91,True,True
Snapc1,SNAPC1,SNAPC1,True,True
Snapc2,SNAPC2,SNAPC2,True,True
Snapc3,SNAPC3,SNAPC3,True,True
Snapc4,SNAPC4,SNAPC4,True,True
Snapc5,SNAPC5,SNAPC5,True,True
Snapin,SNAPIN,SNAPIN,True,True
Snca,SNCA,SNCA,True,True
Sncaip,SNCAIP,SNCAIP,True,True
Sncb,SNCB,SNCB,True,True
Sncg,SNCG,SNCG,True,True
Snd1,SND1,SND1,True,True
Sned1,SNED1,SNED1,True,True
Snf8,SNF8,SNF8,True,True
Snhg1,SNHG1,SNHG1,True,True
Snhg10,SNHG10,SNHG10,True,True
Snhg11,SNHG11,SNHG11,True,True
Snhg12,SNHG12,SNHG12,True,True
Snhg14,SNHG14,SNHG14,True,True
Snhg15,SNHG15,SNHG15,True,True
Snhg16,SNHG16,SNHG16,True,True
Snhg17,SNHG17,SNHG17,True,True
Snhg18,SNHG18,SNHG18,True,True
Snhg20,SNHG20,SNHG20,True,True
Snhg3,SNHG3,SNHG3,True,True
Snhg4,SNHG4,SNHG4,True,True
Snhg5,SNHG5,SNHG5,True,True
Snhg6,SNHG6,SNHG6,True,True
Snhg8,SNHG8,SNHG8,True,True
Snhg9,SNHG9,SNHG9,True,True
Snip1,SNIP1,SNIP1,True,True
Snn,SNN,SNN,True,True
Snph,SNPH,SNPH,True,True
Snrk,SNRK,SNRK,True,True
Snrnp200,SNRNP200,SNRNP200,True,True
Snrnp25,SNRNP25,SNRNP25,True,True
Snrnp27,SNRNP27,SNRNP27,True,True
Snrnp35,SNRNP35,SNRNP35,True,True
Snrnp40,SNRNP40,SNRNP40,True,True
Snrnp48,SNRNP48,SNRNP48,True,True
Snrnp70,SNRNP70,SNRNP70,True,True
Snrpa,SNRPA,SNRPA,True,True
Snrpa1,SNRPA1,SNRPA1,True,True
Snrpb,SNRPB,SNRPB,True,True
Snrpb2,SNRPB2,SNRPB2,True,True
Snrpc,SNRPC,SNRPC,True,True
Snrpd1,SNRPD1,SNRPD1,True,True
Snrpd2,SNRPD2,SNRPD2,True,True
Snrpd3,SNRPD3,SNRPD3,True,True
Snrpe,SNRPE,SNRPE,True,True
Snrpf,SNRPF,SNRPF,True,True
Snrpg,SNRPG,SNRPG,True,True
Snrpn,SNRPN,SNRPN,True,True
Snta1,SNTA1,SNTA1,True,True
Sntb1,SNTB1,SNTB1,True,True
Sntb2,SNTB2,SNTB2,True,True
Sntg1,SNTG1,SNTG1,True,True
Sntg2,SNTG2,SNTG2,True,True
Sntn,SNTN,SNTN,False,True
Snu13,SNU13,SNU13,True,True
Snupn,SNUPN,SNUPN,True,True
Snw1,SNW1,SNW1,True,True
Snx1,SNX1,SNX1,True,True
Snx10,SNX10,SNX10,True,True
Snx11,SNX11,SNX11,True,True
Snx12,SNX12,SNX12,True,True
Snx13,SNX13,SNX13,True,True
Snx14,SNX14,SNX14,True,True
Snx15,SNX15,SNX15,True,True
Snx16,SNX16,SNX16,True,True
Snx17,SNX17,SNX17,True,True
Snx18,SNX18,SNX18,True,True
Snx19,SNX19,SNX19,True,True
Snx2,SNX2,SNX2,True,True
Snx20,SNX20,SNX20,True,True
Snx21,SNX21,SNX21,True,True
Snx22,SNX22,SNX22,True,True
Snx24,SNX24,SNX24,True,True
Snx25,SNX25,SNX25,True,True
Snx27,SNX27,SNX27,True,True
Snx29,SNX29,SNX29,True,True
Snx3,SNX3,SNX3,True,True
Snx30,SNX30,SNX30,True,True
Snx31,SNX31,SNX31,True,True
Snx32,SNX32,SNX32,True,True
Snx33,SNX33,SNX33,True,True
Snx4,SNX4,SNX4,True,True
Snx5,SNX5,SNX5,True,True
Snx6,SNX6,SNX6,True,True
Snx7,SNX7,SNX7,True,True
Snx8,SNX8,SNX8,True,True
Snx9,SNX9,SNX9,True,True
Soat1,SOAT1,SOAT1,True,True
Soat2,SOAT2,SOAT2,False,True
Sobp,SOBP,SOBP,True,True
Socs1,SOCS1,SOCS1,True,True
Socs2,SOCS2,SOCS2,True,True
Socs3,SOCS3,SOCS3,True,True
Socs4,SOCS4,SOCS4,True,True
Socs5,SOCS5,SOCS5,True,True
Socs6,SOCS6,SOCS6,True,True
Socs7,SOCS7,SOCS7,True,True
Sod1,SOD1,SOD1,True,True
Sod2,SOD2,SOD2,True,True
Sod3,SOD3,SOD3,True,True
Soga1,SOGA1,SOGA1,True,True
Soga3,SOGA3,SOGA3,True,True
Son,SON,SON,True,True
Sorbs1,SORBS1,SORBS1,True,True
Sorbs2,SORBS2,SORBS2,True,True
Sorbs3,SORBS3,SORBS3,True,True
Sorcs1,SORCS1,SORCS1,True,True
Sorcs2,SORCS2,SORCS2,True,True
Sorcs3,SORCS3,SORCS3,True,True
Sord,SORD,SORD,True,True
Sorl1,SORL1,SORL1,True,True
Sort1,SORT1,SORT1,True,True
Sos1,SOS1,SOS1,True,True
Sos2,SOS2,SOS2,True,True
Sostdc1,SOSTDC1,SOSTDC1,True,True
Sowaha,SOWAHA,SOWAHA,True,True
Sowahb,SOWAHB,SOWAHB,True,True
Sowahc,SOWAHC,SOWAHC,True,True
Sox1,SOX1,SOX1,True,True
Sox10,SOX10,SOX10,True,True
Sox11,SOX11,SOX11,True,True
Sox12,SOX12,SOX12,True,True
Sox13,SOX13,SOX13,True,True
Sox17,SOX17,SOX17,True,False
Sox18,SOX18,SOX18,True,True
Sox2,SOX2,SOX2,True,True
Sox21,SOX21,SOX21,True,True
Sox3,SOX3,SOX3,True,True
Sox30,SOX30,SOX30,False,True
Sox4,SOX4,SOX4,True,True
Sox5,SOX5,SOX5,True,True
Sox6,SOX6,SOX6,True,True
Sox7,SOX7,SOX7,True,True
Sox8,SOX8,SOX8,True,True
Sox9,SOX9,SOX9,True,True
Sp1,SP1,SP1,True,True
Sp100,SP100,SP100,True,True
Sp110,SP110,SP110,True,True
Sp140,SP140,SP140,True,True
Sp2,SP2,SP2,True,True
Sp3,SP3,SP3,True,True
Sp4,SP4,SP4,True,True
Sp5,SP5,SP5,True,True
Sp6,SP6,SP6,False,True
Sp7,SP7,SP7,False,True
Sp9,SP9,SP9,True,True
Spa17,SPA17,SPA17,True,True
Spaar,SPAAR,SPAAR,False,True
Spaca1,SPACA1,SPACA1,False,True
Spaca6,SPACA6,SPACA6,True,True
Spaca9,SPACA9,SPACA9,True,True
Spag1,SPAG1,SPAG1,True,True
Spag16,SPAG16,SPAG16,True,True
Spag17,SPAG17,SPAG17,True,True
Spag4,SPAG4,SPAG4,True,True
Spag5,SPAG5,SPAG5,True,True
Spag6,SPAG6,SPAG6,True,True
Spag7,SPAG7,SPAG7,True,True
Spag8,SPAG8,SPAG8,True,True
Spag9,SPAG9,SPAG9,True,True
Sparc,SPARC,SPARC,True,True
Sparcl1,SPARCL1,SPARCL1,True,True
Spast,SPAST,SPAST,True,True
Spata1,SPATA1,SPATA1,True,True
Spata13,SPATA13,SPATA13,True,True
Spata16,SPATA16,SPATA16,False,True
Spata17,SPATA17,SPATA17,True,True
Spata18,SPATA18,SPATA18,True,True
Spata19,SPATA19,SPATA19,False,True
Spata2,SPATA2,SPATA2,True,True
Spata21,SPATA21,SPATA21,False,True
Spata24,SPATA24,SPATA24,True,True
Spata25,SPATA25,SPATA25,True,True
Spata2l,SPATA2L,SPATA2L,True,True
Spata3,SPATA3,SPATA3,True,True
Spata32,SPATA32,SPATA32,False,True
Spata33,SPATA33,SPATA33,True,True
Spata4,SPATA4,SPATA4,True,True
Spata45,SPATA45,SPATA45,False,True
Spata48,SPATA48,SPATA48,False,True
Spata5,SPATA5,SPATA5,True,True
Spata6,SPATA6,SPATA6,True,True
Spata7,SPATA7,SPATA7,True,True
Spata9,SPATA9,SPATA9,True,True
Spatc1l,SPATC1L,SPATC1L,True,True
Spats1,SPATS1,SPATS1,False,True
Spats2,SPATS2,SPATS2,True,True
Spats2l,SPATS2L,SPATS2L,True,True
Spc24,SPC24,SPC24,False,True
Spc25,SPC25,SPC25,True,True
Spcs1,SPCS1,SPCS1,True,True
Spcs2,SPCS2,SPCS2,True,True
Spcs3,SPCS3,SPCS3,True,True
Spdef,SPDEF,SPDEF,True,True
Spdl1,SPDL1,SPDL1,True,True
Spdya,SPDYA,SPDYA,True,True
Specc1,SPECC1,SPECC1,True,True
Specc1l,SPECC1L,SPECC1L,True,True
Spef1,SPEF1,SPEF1,True,True
Spef2,SPEF2,SPEF2,True,True
Speg,SPEG,SPEG,True,True
Spem1,SPEM1,SPEM1,False,True
Spen,SPEN,SPEN,True,True
Spg11,SPG11,SPG11,True,True
Spg20,SPG20,SPG20,True,False
Spg21,SPG21,SPG21,True,True
Spg7,SPG7,SPG7,True,True
Sphk1,SPHK1,SPHK1,True,True
Sphk2,SPHK2,SPHK2,True,True
Sphkap,SPHKAP,SPHKAP,True,True
Spi1,SPI1,SPI1,True,True
Spic,SPIC,SPIC,False,True
Spice1,SPICE1,SPICE1,True,True
Spidr,SPIDR,SPIDR,True,True
Spin1,SPIN1,SPIN1,True,True
Spin4,SPIN4,SPIN4,True,True
Spindoc,SPINDOC,SPINDOC,False,True
Spink13,SPINK13,SPINK13,False,True
Spink8,SPINK8,SPINK8,False,True
Spint1,SPINT1,SPINT1,True,True
Spint2,SPINT2,SPINT2,True,True
Spire1,SPIRE1,SPIRE1,True,True
Spire2,SPIRE2,SPIRE2,True,True
Spn,SPN,SPN,True,True
Spns1,SPNS1,SPNS1,True,True
Spns2,SPNS2,SPNS2,True,True
Spns3,SPNS3,SPNS3,True,True
Spo11,SPO11,SPO11,False,True
Spocd1,SPOCD1,SPOCD1,True,True
Spock1,SPOCK1,SPOCK1,True,True
Spock2,SPOCK2,SPOCK2,True,True
Spock3,SPOCK3,SPOCK3,True,True
Spon1,SPON1,SPON1,True,True
Spop,SPOP,SPOP,True,True
Spopl,SPOPL,SPOPL,True,True
Spout1,SPOUT1,SPOUT1,False,True
Spp1,SPP1,SPP1,True,True
Spp2,SPP2,SPP2,False,True
Sppl2a,SPPL2A,SPPL2A,True,True
Sppl2b,SPPL2B,SPPL2B,True,True
Sppl3,SPPL3,SPPL3,True,True
Spr,SPR,SPR,True,True
Spred1,SPRED1,SPRED1,True,True
Spred2,SPRED2,SPRED2,True,True
Spred3,SPRED3,SPRED3,True,True
Sprn,SPRN,SPRN,True,True
Sprtn,SPRTN,SPRTN,True,True
Spry1,SPRY1,SPRY1,True,True
Spry2,SPRY2,SPRY2,True,True
Spry3,SPRY3,SPRY3,True,True
Spry4,SPRY4,SPRY4,True,True
Spryd3,SPRYD3,SPRYD3,True,True
Spryd4,SPRYD4,SPRYD4,True,True
Spryd7,SPRYD7,SPRYD7,True,True
Spsb1,SPSB1,SPSB1,True,True
Spsb2,SPSB2,SPSB2,True,True
Spsb3,SPSB3,SPSB3,True,True
Spsb4,SPSB4,SPSB4,True,True
Sptan1,SPTAN1,SPTAN1,True,True
Sptb,SPTB,SPTB,True,True
Sptbn1,SPTBN1,SPTBN1,True,True
Sptbn2,SPTBN2,SPTBN2,True,True
Sptbn4,SPTBN4,SPTBN4,True,True
Sptbn5,SPTBN5,SPTBN5,True,True
Sptlc1,SPTLC1,SPTLC1,True,True
Sptlc2,SPTLC2,SPTLC2,True,True
Sptlc3,SPTLC3,SPTLC3,True,True
Sptssa,SPTSSA,SPTSSA,True,True
Sptssb,SPTSSB,SPTSSB,True,True
Spty2d1,SPTY2D1,SPTY2D1,True,True
Spx,SPX,SPX,True,True
Sqle,SQLE,SQLE,True,True
Sqor,SQOR,SQOR,False,True
Sqstm1,SQSTM1,SQSTM1,True,True
Sra1,SRA1,SRA1,True,True
Srarp,SRARP,SRARP,False,True
Srbd1,SRBD1,SRBD1,True,True
Src,SRC,SRC,True,True
Srcap,SRCAP,SRCAP,True,True
Srcin1,SRCIN1,SRCIN1,True,True
Srd5a1,SRD5A1,SRD5A1,True,True
Srd5a3,SRD5A3,SRD5A3,True,True
Srebf1,SREBF1,SREBF1,True,True
Srebf2,SREBF2,SREBF2,True,True
Srek1,SREK1,SREK1,True,True
Srek1ip1,SREK1IP1,SREK1IP1,True,True
Srf,SRF,SRF,True,True
Srfbp1,SRFBP1,SRFBP1,True,True
Srgap1,SRGAP1,SRGAP1,True,True
Srgap2,SRGAP2,SRGAP2,True,True
Srgap3,SRGAP3,SRGAP3,True,True
Srgn,SRGN,SRGN,True,True
Sri,SRI,SRI,True,True
Srl,SRL,SRL,True,True
Srm,SRM,SRM,True,True
Srp14,SRP14,SRP14,True,True
Srp19,SRP19,SRP19,True,True
Srp68,SRP68,SRP68,True,True
Srp72,SRP72,SRP72,True,True
Srp9,SRP9,SRP9,True,True
Srpk1,SRPK1,SRPK1,True,True
Srpk2,SRPK2,SRPK2,True,True
Srpk3,SRPK3,SRPK3,True,True
Srprb,SRPRB,SRPRB,True,True
Srpx,SRPX,SRPX,True,True
Srpx2,SRPX2,SRPX2,True,True
Srr,SRR,SRR,True,True
Srrd,SRRD,SRRD,True,True
Srrm1,SRRM1,SRRM1,True,True
Srrm2,SRRM2,SRRM2,True,True
Srrm3,SRRM3,SRRM3,True,True
Srrm4,SRRM4,SRRM4,True,True
Srrt,SRRT,SRRT,True,True
Srsf1,SRSF1,SRSF1,True,True
Srsf10,SRSF10,SRSF10,True,True
Srsf11,SRSF11,SRSF11,True,True
Srsf12,SRSF12,SRSF12,True,True
Srsf2,SRSF2,SRSF2,True,True
Srsf3,SRSF3,SRSF3,True,True
Srsf4,SRSF4,SRSF4,True,True
Srsf5,SRSF5,SRSF5,True,True
Srsf6,SRSF6,SRSF6,True,True
Srsf7,SRSF7,SRSF7,True,True
Srsf9,SRSF9,SRSF9,True,True
Srxn1,SRXN1,SRXN1,False,True
Ss18,SS18,SS18,True,True
Ss18l1,SS18L1,SS18L1,True,True
Ss18l2,SS18L2,SS18L2,True,True
Ssb,SSB,SSB,True,True
Ssbp1,SSBP1,SSBP1,True,True
Ssbp2,SSBP2,SSBP2,True,True
Ssbp3,SSBP3,SSBP3,True,True
Ssbp4,SSBP4,SSBP4,True,True
Ssc4d,SSC4D,SSC4D,True,True
Ssc5d,SSC5D,SSC5D,True,True
Ssfa2,SSFA2,SSFA2,True,False
Ssh1,SSH1,SSH1,True,True
Ssh2,SSH2,SSH2,True,True
Ssh3,SSH3,SSH3,True,True
Ssmem1,SSMEM1,SSMEM1,False,True
Ssna1,SSNA1,SSNA1,True,True
Sspn,SSPN,SSPN,True,True
Sspo,SSPO,SSPO,True,True
Ssr1,SSR1,SSR1,True,True
Ssr2,SSR2,SSR2,True,True
Ssr3,SSR3,SSR3,True,True
Ssr4,SSR4,SSR4,True,True
Ssrp1,SSRP1,SSRP1,True,True
Sssca1,SSSCA1,SSSCA1,True,False
Sst,SST,SST,True,True
Sstr1,SSTR1,SSTR1,True,True
Sstr2,SSTR2,SSTR2,True,True
Sstr3,SSTR3,SSTR3,True,True
Sstr4,SSTR4,SSTR4,False,True
Ssu72,SSU72,SSU72,True,True
Ssx2ip,SSX2IP,SSX2IP,True,True
St13,ST13,ST13,True,True
St14,ST14,ST14,True,True
St18,ST18,ST18,True,True
St3gal1,ST3GAL1,ST3GAL1,True,True
St3gal2,ST3GAL2,ST3GAL2,True,True
St3gal3,ST3GAL3,ST3GAL3,True,True
St3gal4,ST3GAL4,ST3GAL4,True,True
St3gal5,ST3GAL5,ST3GAL5,True,True
St3gal6,ST3GAL6,ST3GAL6,True,True
St5,ST5,ST5,True,True
St6gal1,ST6GAL1,ST6GAL1,True,True
St6gal2,ST6GAL2,ST6GAL2,True,True
St6galnac1,ST6GALNAC1,ST6GALNAC1,True,True
St6galnac2,ST6GALNAC2,ST6GALNAC2,True,True
St6galnac3,ST6GALNAC3,ST6GALNAC3,True,True
St6galnac4,ST6GALNAC4,ST6GALNAC4,True,True
St6galnac5,ST6GALNAC5,ST6GALNAC5,True,True
St6galnac6,ST6GALNAC6,ST6GALNAC6,True,True
St7,ST7,ST7,True,True
St7l,ST7L,ST7L,True,True
St8sia1,ST8SIA1,ST8SIA1,True,True
St8sia2,ST8SIA2,ST8SIA2,True,True
St8sia3,ST8SIA3,ST8SIA3,True,True
St8sia4,ST8SIA4,ST8SIA4,True,True
St8sia5,ST8SIA5,ST8SIA5,True,True
St8sia6,ST8SIA6,ST8SIA6,True,True
Stab1,STAB1,STAB1,True,True
Stab2,STAB2,STAB2,False,True
Stac,STAC,STAC,True,True
Stac2,STAC2,STAC2,True,True
Stac3,STAC3,STAC3,True,True
Stag1,STAG1,STAG1,True,True
Stag2,STAG2,STAG2,True,True
Stag3,STAG3,STAG3,True,True
Stam,STAM,STAM,True,True
Stam2,STAM2,STAM2,True,True
Stambp,STAMBP,STAMBP,True,True
Stambpl1,STAMBPL1,STAMBPL1,True,True
Stap1,STAP1,STAP1,False,True
Stap2,STAP2,STAP2,True,True
Star,STAR,STAR,True,True
Stard10,STARD10,STARD10,True,True
Stard13,STARD13,STARD13,True,True
Stard3,STARD3,STARD3,True,True
Stard3nl,STARD3NL,STARD3NL,True,True
Stard4,STARD4,STARD4,True,True
Stard5,STARD5,STARD5,True,True
Stard6,STARD6,STARD6,True,True
Stard7,STARD7,STARD7,True,True
Stard8,STARD8,STARD8,True,True
Stard9,STARD9,STARD9,True,True
Stat1,STAT1,STAT1,True,True
Stat2,STAT2,STAT2,True,True
Stat3,STAT3,STAT3,True,True
Stat4,STAT4,STAT4,True,True
Stat5a,STAT5A,STAT5A,True,True
Stat5b,STAT5B,STAT5B,True,True
Stat6,STAT6,STAT6,True,True
Stau1,STAU1,STAU1,True,True
Stau2,STAU2,STAU2,True,True
Stbd1,STBD1,STBD1,True,True
Stc1,STC1,STC1,True,True
Stc2,STC2,STC2,True,True
Steap1,STEAP1,STEAP1,True,True
Steap2,STEAP2,STEAP2,True,True
Steap3,STEAP3,STEAP3,True,True
Steap4,STEAP4,STEAP4,True,True
Stil,STIL,STIL,True,True
Stim1,STIM1,STIM1,True,True
Stim2,STIM2,STIM2,True,True
Stimate,STIMATE,STIMATE,False,True
Stip1,STIP1,STIP1,True,True
Stk10,STK10,STK10,True,True
Stk11,STK11,STK11,True,True
Stk11ip,STK11IP,STK11IP,True,True
Stk16,STK16,STK16,True,True
Stk17b,STK17B,STK17B,True,True
Stk19,STK19,STK19,True,True
Stk24,STK24,STK24,True,True
Stk25,STK25,STK25,True,True
Stk26,STK26,STK26,True,True
Stk3,STK3,STK3,True,True
Stk32a,STK32A,STK32A,True,True
Stk32b,STK32B,STK32B,True,True
Stk32c,STK32C,STK32C,True,True
Stk33,STK33,STK33,True,True
Stk35,STK35,STK35,True,True
Stk36,STK36,STK36,True,True
Stk38,STK38,STK38,True,True
Stk38l,STK38L,STK38L,True,True
Stk39,STK39,STK39,True,True
Stk4,STK4,STK4,True,True
Stk40,STK40,STK40,True,True
Stkld1,STKLD1,STKLD1,True,True
Stmn1,STMN1,STMN1,True,True
Stmn2,STMN2,STMN2,True,True
Stmn3,STMN3,STMN3,True,True
Stmn4,STMN4,STMN4,True,True
Stmnd1,STMND1,STMND1,False,True
Stn1,STN1,STN1,False,True
Stom,STOM,STOM,True,True
Stoml1,STOML1,STOML1,True,True
Stoml2,STOML2,STOML2,True,True
Stoml3,STOML3,STOML3,True,True
Ston1,STON1,STON1,True,True
Ston2,STON2,STON2,True,True
Stox1,STOX1,STOX1,True,True
Stox2,STOX2,STOX2,True,True
Stpg1,STPG1,STPG1,True,True
Stpg2,STPG2,STPG2,True,True
Stpg4,STPG4,STPG4,False,True
Stra6,STRA6,STRA6,True,True
Strada,STRADA,STRADA,True,True
Stradb,STRADB,STRADB,True,True
Strap,STRAP,STRAP,True,True
Strbp,STRBP,STRBP,True,True
Strc,STRC,STRC,True,True
Strip1,STRIP1,STRIP1,True,True
Strip2,STRIP2,STRIP2,True,True
Strn,STRN,STRN,True,True
Strn3,STRN3,STRN3,True,True
Strn4,STRN4,STRN4,True,True
Stt3a,STT3A,STT3A,True,True
Stt3b,STT3B,STT3B,True,True
Stub1,STUB1,STUB1,True,True
Stum,STUM,STUM,True,True
Stx11,STX11,STX11,True,True
Stx12,STX12,STX12,True,True
Stx16,STX16,STX16,True,True
Stx17,STX17,STX17,True,True
Stx18,STX18,STX18,True,True
Stx19,STX19,STX19,False,True
Stx1a,STX1A,STX1A,True,True
Stx1b,STX1B,STX1B,True,True
Stx2,STX2,STX2,True,True
Stx3,STX3,STX3,True,True
Stx6,STX6,STX6,True,True
Stx7,STX7,STX7,True,True
Stx8,STX8,STX8,True,True
Stxbp1,STXBP1,STXBP1,True,True
Stxbp2,STXBP2,STXBP2,True,True
Stxbp3,STXBP3,STXBP3,True,True
Stxbp4,STXBP4,STXBP4,True,True
Stxbp5,STXBP5,STXBP5,True,True
Stxbp5l,STXBP5L,STXBP5L,True,True
Stxbp6,STXBP6,STXBP6,True,True
Styk1,STYK1,STYK1,True,True
Styx,STYX,STYX,True,True
Styxl1,STYXL1,STYXL1,True,True
Sub1,SUB1,SUB1,True,True
Sucla2,SUCLA2,SUCLA2,True,True
Suclg1,SUCLG1,SUCLG1,True,True
Suclg2,SUCLG2,SUCLG2,True,True
Suco,SUCO,SUCO,True,True
Suds3,SUDS3,SUDS3,True,True
Sufu,SUFU,SUFU,True,True
Sugct,SUGCT,SUGCT,True,True
Sugp1,SUGP1,SUGP1,True,True
Sugp2,SUGP2,SUGP2,True,True
Sugt1,SUGT1,SUGT1,True,True
Sulf1,SULF1,SULF1,True,True
Sulf2,SULF2,SULF2,True,True
Sult1a1,SULT1A1,SULT1A1,True,True
Sult1c2,SULT1C2,SULT1C2,True,True
Sult2b1,SULT2B1,SULT2B1,True,True
Sult4a1,SULT4A1,SULT4A1,True,True
Sult6b1,SULT6B1,SULT6B1,False,True
Sumf1,SUMF1,SUMF1,True,True
Sumf2,SUMF2,SUMF2,True,True
Sumo1,SUMO1,SUMO1,True,True
Sumo2,SUMO2,SUMO2,True,True
Sumo3,SUMO3,SUMO3,True,True
Sun1,SUN1,SUN1,True,True
Sun2,SUN2,SUN2,True,True
Sun3,SUN3,SUN3,False,True
Suox,SUOX,SUOX,True,True
Supt7l,SUPT7L,SUPT7L,True,True
Supv3l1,SUPV3L1,SUPV3L1,True,True
Surf1,SURF1,SURF1,True,True
Surf2,SURF2,SURF2,True,True
Surf4,SURF4,SURF4,True,True
Surf6,SURF6,SURF6,True,True
Susd1,SUSD1,SUSD1,True,True
Susd2,SUSD2,SUSD2,True,True
Susd3,SUSD3,SUSD3,True,True
Susd4,SUSD4,SUSD4,True,True
Susd5,SUSD5,SUSD5,True,True
Susd6,SUSD6,SUSD6,True,True
Suv39h1,SUV39H1,SUV39H1,True,True
Suv39h2,SUV39H2,SUV39H2,True,True
Suz12,SUZ12,SUZ12,True,True
Sv2a,SV2A,SV2A,True,True
Sv2b,SV2B,SV2B,True,True
Sv2c,SV2C,SV2C,True,True
Svbp,SVBP,SVBP,True,True
Svep1,SVEP1,SVEP1,True,True
Svil,SVIL,SVIL,True,True
Svip,SVIP,SVIP,True,True
Svop,SVOP,SVOP,True,True
Svopl,SVOPL,SVOPL,True,True
Swap70,SWAP70,SWAP70,True,True
Swi5,SWI5,SWI5,True,True
Swsap1,SWSAP1,SWSAP1,True,True
Swt1,SWT1,SWT1,True,True
Syap1,SYAP1,SYAP1,True,True
Sybu,SYBU,SYBU,True,True
Syce1l,SYCE1L,SYCE1L,True,True
Syce2,SYCE2,SYCE2,False,True
Sycp2,SYCP2,SYCP2,True,True
Sycp2l,SYCP2L,SYCP2L,True,True
Sycp3,SYCP3,SYCP3,True,True
Syde1,SYDE1,SYDE1,True,True
Syde2,SYDE2,SYDE2,True,True
Syf2,SYF2,SYF2,True,True
Syk,SYK,SYK,True,True
Sympk,SYMPK,SYMPK,True,True
Syn1,SYN1,SYN1,True,True
Syn2,SYN2,SYN2,True,True
Syn3,SYN3,SYN3,True,True
Sync,SYNC,SYNC,True,True
Syncrip,SYNCRIP,SYNCRIP,True,True
Syndig1,SYNDIG1,SYNDIG1,True,True
Syndig1l,SYNDIG1L,SYNDIG1L,True,True
Syne1,SYNE1,SYNE1,True,True
Syne2,SYNE2,SYNE2,True,True
Syne3,SYNE3,SYNE3,True,True
Syne4,SYNE4,SYNE4,True,True
Syngap1,SYNGAP1,SYNGAP1,True,True
Syngr1,SYNGR1,SYNGR1,True,True
Syngr2,SYNGR2,SYNGR2,True,True
Syngr3,SYNGR3,SYNGR3,True,True
Synj1,SYNJ1,SYNJ1,True,True
Synj2,SYNJ2,SYNJ2,True,True
Synj2bp,SYNJ2BP,SYNJ2BP,True,True
Synm,SYNM,SYNM,True,True
Synpo,SYNPO,SYNPO,True,True
Synpo2,SYNPO2,SYNPO2,True,True
Synpo2l,SYNPO2L,SYNPO2L,False,True
Synpr,SYNPR,SYNPR,True,True
Synrg,SYNRG,SYNRG,True,True
Syp,SYP,SYP,True,True
Sypl2,SYPL2,SYPL2,True,True
Sys1,SYS1,SYS1,True,True
Syt1,SYT1,SYT1,True,True
Syt10,SYT10,SYT10,True,True
Syt11,SYT11,SYT11,True,True
Syt12,SYT12,SYT12,True,True
Syt13,SYT13,SYT13,True,True
Syt14,SYT14,SYT14,True,True
Syt15,SYT15,SYT15,True,True
Syt16,SYT16,SYT16,True,True
Syt17,SYT17,SYT17,True,True
Syt2,SYT2,SYT2,True,True
Syt3,SYT3,SYT3,True,True
Syt4,SYT4,SYT4,True,True
Syt5,SYT5,SYT5,True,True
Syt6,SYT6,SYT6,True,True
Syt7,SYT7,SYT7,True,True
Syt9,SYT9,SYT9,True,True
Sytl1,SYTL1,SYTL1,True,True
Sytl2,SYTL2,SYTL2,True,True
Sytl3,SYTL3,SYTL3,True,True
Sytl4,SYTL4,SYTL4,True,True
Sytl5,SYTL5,SYTL5,True,True
Syvn1,SYVN1,SYVN1,True,True
Szrd1,SZRD1,SZRD1,True,True
Szt2,SZT2,SZT2,True,True
Tab1,TAB1,TAB1,True,True
Tab2,TAB2,TAB2,True,True
Tab3,TAB3,TAB3,True,True
Tac1,TAC1,TAC1,True,True
Tac4,TAC4,TAC4,False,True
Tacc1,TACC1,TACC1,True,True
Tacc2,TACC2,TACC2,True,True
Tacc3,TACC3,TACC3,True,True
Taco1,TACO1,TACO1,True,True
Tacr1,TACR1,TACR1,True,True
Tacr3,TACR3,TACR3,True,True
Tada1,TADA1,TADA1,True,True
Tada2a,TADA2A,TADA2A,True,True
Tada2b,TADA2B,TADA2B,True,True
Tada3,TADA3,TADA3,True,True
Taf1,TAF1,TAF1,True,True
Taf10,TAF10,TAF10,True,True
Taf11,TAF11,TAF11,True,True
Taf12,TAF12,TAF12,True,True
Taf13,TAF13,TAF13,True,True
Taf15,TAF15,TAF15,True,True
Taf1a,TAF1A,TAF1A,True,True
Taf1b,TAF1B,TAF1B,True,True
Taf1c,TAF1C,TAF1C,True,True
Taf1d,TAF1D,TAF1D,True,True
Taf2,TAF2,TAF2,True,True
Taf3,TAF3,TAF3,True,True
Taf4,TAF4,TAF4,True,True
Taf4b,TAF4B,TAF4B,True,True
Taf5,TAF5,TAF5,True,True
Taf5l,TAF5L,TAF5L,True,True
Taf6,TAF6,TAF6,True,True
Taf6l,TAF6L,TAF6L,True,True
Taf7,TAF7,TAF7,True,True
Taf7l,TAF7L,TAF7L,True,True
Taf8,TAF8,TAF8,True,True
Taf9,TAF9,TAF9,True,True
Taf9b,TAF9B,TAF9B,True,True
Tafa1,TAFA1,TAFA1,False,True
Tafa2,TAFA2,TAFA2,False,True
Tafa4,TAFA4,TAFA4,False,True
Tafa5,TAFA5,TAFA5,False,True
Tagap,TAGAP,TAGAP,True,True
Tagln,TAGLN,TAGLN,True,True
Tagln2,TAGLN2,TAGLN2,True,True
Tagln3,TAGLN3,TAGLN3,True,True
Tal1,TAL1,TAL1,True,True
Tal2,TAL2,TAL2,False,True
Taldo1,TALDO1,TALDO1,True,True
Tamm41,TAMM41,TAMM41,True,True
Tanc1,TANC1,TANC1,True,True
Tanc2,TANC2,TANC2,True,True
Tango2,TANGO2,TANGO2,True,True
Tango6,TANGO6,TANGO6,True,True
Tank,TANK,TANK,True,True
Taok1,TAOK1,TAOK1,True,True
Taok2,TAOK2,TAOK2,True,True
Taok3,TAOK3,TAOK3,True,True
Tap1,TAP1,TAP1,True,True
Tap2,TAP2,TAP2,True,True
Tapbp,TAPBP,TAPBP,True,True
Tapbpl,TAPBPL,TAPBPL,True,True
Tapt1,TAPT1,TAPT1,True,True
Tarbp1,TARBP1,TARBP1,True,True
Tarbp2,TARBP2,TARBP2,True,True
Tardbp,TARDBP,TARDBP,True,True
Tars,TARS,TARS,True,True
Tars2,TARS2,TARS2,True,True
Tarsl2,TARSL2,TARSL2,True,True
Tas1r1,TAS1R1,TAS1R1,False,True
Tas1r3,TAS1R3,TAS1R3,False,True
Tasor,TASOR,TASOR,False,True
Tasor2,TASOR2,TASOR2,False,True
Tasp1,TASP1,TASP1,True,True
Tat,TAT,TAT,False,True
Tatdn1,TATDN1,TATDN1,True,True
Tatdn2,TATDN2,TATDN2,True,True
Tatdn3,TATDN3,TATDN3,True,True
Tax1bp1,TAX1BP1,TAX1BP1,True,True
Tax1bp3,TAX1BP3,TAX1BP3,True,True
Taz,TAZ,TAZ,True,True
Tbc1d1,TBC1D1,TBC1D1,True,True
Tbc1d10a,TBC1D10A,TBC1D10A,True,True
Tbc1d10b,TBC1D10B,TBC1D10B,True,True
Tbc1d10c,TBC1D10C,TBC1D10C,True,True
Tbc1d12,TBC1D12,TBC1D12,True,True
Tbc1d13,TBC1D13,TBC1D13,True,True
Tbc1d14,TBC1D14,TBC1D14,True,True
Tbc1d15,TBC1D15,TBC1D15,True,True
Tbc1d16,TBC1D16,TBC1D16,True,True
Tbc1d17,TBC1D17,TBC1D17,True,True
Tbc1d19,TBC1D19,TBC1D19,True,True
Tbc1d2,TBC1D2,TBC1D2,True,True
Tbc1d20,TBC1D20,TBC1D20,True,True
Tbc1d22a,TBC1D22A,TBC1D22A,True,True
Tbc1d22b,TBC1D22B,TBC1D22B,True,True
Tbc1d23,TBC1D23,TBC1D23,True,True
Tbc1d24,TBC1D24,TBC1D24,True,True
Tbc1d25,TBC1D25,TBC1D25,True,True
Tbc1d2b,TBC1D2B,TBC1D2B,True,True
Tbc1d30,TBC1D30,TBC1D30,True,True
Tbc1d31,TBC1D31,TBC1D31,True,True
Tbc1d32,TBC1D32,TBC1D32,True,True
Tbc1d4,TBC1D4,TBC1D4,True,True
Tbc1d5,TBC1D5,TBC1D5,True,True
Tbc1d7,TBC1D7,TBC1D7,True,True
Tbc1d8,TBC1D8,TBC1D8,True,True
Tbc1d8b,TBC1D8B,TBC1D8B,True,True
Tbc1d9,TBC1D9,TBC1D9,True,True
Tbc1d9b,TBC1D9B,TBC1D9B,True,True
Tbca,TBCA,TBCA,True,True
Tbcb,TBCB,TBCB,True,True
Tbcc,TBCC,TBCC,True,True
Tbccd1,TBCCD1,TBCCD1,True,True
Tbcd,TBCD,TBCD,True,True
Tbce,TBCE,TBCE,True,True
Tbcel,TBCEL,TBCEL,True,True
Tbck,TBCK,TBCK,True,True
Tbk1,TBK1,TBK1,True,True
Tbkbp1,TBKBP1,TBKBP1,True,True
Tbl1x,TBL1X,TBL1X,True,True
Tbl1xr1,TBL1XR1,TBL1XR1,True,True
Tbl2,TBL2,TBL2,True,True
Tbl3,TBL3,TBL3,True,True
Tbp,TBP,TBP,True,True
Tbpl1,TBPL1,TBPL1,True,True
Tbr1,TBR1,TBR1,True,True
Tbrg1,TBRG1,TBRG1,True,True
Tbrg4,TBRG4,TBRG4,True,True
Tbx1,TBX1,TBX1,False,True
Tbx15,TBX15,TBX15,True,True
Tbx18,TBX18,TBX18,True,True
Tbx2,TBX2,TBX2,True,True
Tbx21,TBX21,TBX21,False,True
Tbx3,TBX3,TBX3,True,True
Tbx4,TBX4,TBX4,False,True
Tbx6,TBX6,TBX6,True,True
Tbxa2r,TBXA2R,TBXA2R,True,True
Tbxas1,TBXAS1,TBXAS1,True,True
Tc2n,TC2N,TC2N,True,True
Tcaf1,TCAF1,TCAF1,True,True
Tcaf2,TCAF2,TCAF2,True,True
Tcaim,TCAIM,TCAIM,True,True
Tcap,TCAP,TCAP,True,True
Tcea1,TCEA1,TCEA1,True,True
Tcea2,TCEA2,TCEA2,True,True
Tcea3,TCEA3,TCEA3,True,True
Tceal1,TCEAL1,TCEAL1,True,True
Tceal3,TCEAL3,TCEAL3,True,True
Tceal5,TCEAL5,TCEAL5,True,True
Tceal6,TCEAL6,TCEAL6,True,True
Tceal7,TCEAL7,TCEAL7,True,True
Tceal8,TCEAL8,TCEAL8,True,True
Tceal9,TCEAL9,TCEAL9,True,True
Tceanc,TCEANC,TCEANC,True,True
Tceanc2,TCEANC2,TCEANC2,True,True
Tcerg1,TCERG1,TCERG1,True,True
Tcerg1l,TCERG1L,TCERG1L,True,True
Tcf12,TCF12,TCF12,True,True
Tcf15,TCF15,TCF15,False,True
Tcf19,TCF19,TCF19,True,True
Tcf20,TCF20,TCF20,True,True
Tcf23,TCF23,TCF23,False,True
Tcf24,TCF24,TCF24,False,True
Tcf25,TCF25,TCF25,True,True
Tcf3,TCF3,TCF3,True,True
Tcf4,TCF4,TCF4,True,True
Tcf7,TCF7,TCF7,True,True
Tcf7l1,TCF7L1,TCF7L1,True,True
Tcf7l2,TCF7L2,TCF7L2,True,True
Tcfl5,TCFL5,TCFL5,True,True
Tchh,TCHH,TCHH,True,True
Tchp,TCHP,TCHP,True,True
Tcim,TCIM,TCIM,False,True
Tcirg1,TCIRG1,TCIRG1,True,True
Tcn2,TCN2,TCN2,True,True
Tcof1,TCOF1,TCOF1,True,True
Tcp1,TCP1,TCP1,True,True
Tcp11,TCP11,TCP11,True,True
Tcp11l1,TCP11L1,TCP11L1,True,True
Tcp11l2,TCP11L2,TCP11L2,True,True
Tcta,TCTA,TCTA,True,True
Tcte1,TCTE1,TCTE1,True,True
Tcte3,TCTE3,TCTE3,True,True
Tctex1d1,TCTEX1D1,TCTEX1D1,True,True
Tctex1d2,TCTEX1D2,TCTEX1D2,True,True
Tctex1d4,TCTEX1D4,TCTEX1D4,False,True
Tctn1,TCTN1,TCTN1,True,True
Tctn2,TCTN2,TCTN2,True,True
Tctn3,TCTN3,TCTN3,True,True
Tdg,TDG,TDG,True,True
Tdgf1,TDGF1,TDGF1,True,True
Tdo2,TDO2,TDO2,True,True
Tdp1,TDP1,TDP1,True,True
Tdp2,TDP2,TDP2,True,True
Tdrd12,TDRD12,TDRD12,True,True
Tdrd3,TDRD3,TDRD3,True,True
Tdrd5,TDRD5,TDRD5,True,True
Tdrd6,TDRD6,TDRD6,True,True
Tdrd7,TDRD7,TDRD7,True,True
Tdrd9,TDRD9,TDRD9,True,True
Tdrkh,TDRKH,TDRKH,True,True
Tdrp,TDRP,TDRP,True,True
Tead1,TEAD1,TEAD1,True,True
Tead2,TEAD2,TEAD2,True,True
Tead3,TEAD3,TEAD3,True,True
Tead4,TEAD4,TEAD4,True,True
Tec,TEC,TEC,True,True
Tecpr1,TECPR1,TECPR1,True,True
Tecpr2,TECPR2,TECPR2,True,True
Tecr,TECR,TECR,True,True
Tecrl,TECRL,TECRL,False,True
Tecta,TECTA,TECTA,True,True
Tedc1,TEDC1,TEDC1,False,True
Tedc2,TEDC2,TEDC2,False,True
Tef,TEF,TEF,True,True
Tefm,TEFM,TEFM,True,True
Tek,TEK,TEK,True,True
Tekt1,TEKT1,TEKT1,True,True
Tekt2,TEKT2,TEKT2,True,True
Tekt3,TEKT3,TEKT3,True,True
Tekt4,TEKT4,TEKT4,True,True
Tekt5,TEKT5,TEKT5,False,True
Telo2,TELO2,TELO2,True,True
Ten1,TEN1,TEN1,False,True
Tenm1,TENM1,TENM1,True,True
Tenm2,TENM2,TENM2,True,True
Tenm3,TENM3,TENM3,True,True
Tenm4,TENM4,TENM4,True,True
Tent2,TENT2,TENT2,False,True
Tent4a,TENT4A,TENT4A,False,True
Tent4b,TENT4B,TENT4B,False,True
Tent5a,TENT5A,TENT5A,False,True
Tent5c,TENT5C,TENT5C,False,True
Tep1,TEP1,TEP1,True,True
Tepp,TEPP,TEPP,False,True
Tepsin,TEPSIN,TEPSIN,True,True
Terb1,TERB1,TERB1,True,True
Terf1,TERF1,TERF1,True,True
Terf2,TERF2,TERF2,True,True
Terf2ip,TERF2IP,TERF2IP,True,True
Tert,TERT,TERT,False,True
Tes,TES,TES,True,True
Tesc,TESC,TESC,True,True
Tesk1,TESK1,TESK1,True,True
Tesk2,TESK2,TESK2,True,True
Tesmin,TESMIN,TESMIN,True,True
Tespa1,TESPA1,TESPA1,True,True
Tet1,TET1,TET1,True,True
Tet2,TET2,TET2,True,True
Tet3,TET3,TET3,True,True
Tex10,TEX10,TEX10,True,True
Tex11,TEX11,TEX11,True,True
Tex12,TEX12,TEX12,False,True
Tex14,TEX14,TEX14,True,True
Tex15,TEX15,TEX15,True,True
Tex2,TEX2,TEX2,True,True
Tex22,TEX22,TEX22,True,True
Tex26,TEX26,TEX26,True,True
Tex261,TEX261,TEX261,True,True
Tex264,TEX264,TEX264,True,True
Tex29,TEX29,TEX29,True,True
Tex30,TEX30,TEX30,True,True
Tex35,TEX35,TEX35,False,True
Tex38,TEX38,TEX38,False,True
Tex43,TEX43,TEX43,False,True
Tex45,TEX45,TEX45,False,True
Tex47,TEX47,TEX47,False,True
Tex50,TEX50,TEX50,False,True
Tex52,TEX52,TEX52,False,True
Tex9,TEX9,TEX9,True,True
Tfam,TFAM,TFAM,True,True
Tfap2a,TFAP2A,TFAP2A,False,True
Tfap2d,TFAP2D,TFAP2D,True,True
Tfap2e,TFAP2E,TFAP2E,True,True
Tfap4,TFAP4,TFAP4,True,True
Tfb1m,TFB1M,TFB1M,True,True
Tfb2m,TFB2M,TFB2M,True,True
Tfcp2,TFCP2,TFCP2,True,True
Tfcp2l1,TFCP2L1,TFCP2L1,True,True
Tfdp1,TFDP1,TFDP1,True,True
Tfdp2,TFDP2,TFDP2,True,True
Tfe3,TFE3,TFE3,True,True
Tfeb,TFEB,TFEB,True,True
Tfec,TFEC,TFEC,True,True
Tfg,TFG,TFG,True,True
Tfip11,TFIP11,TFIP11,True,True
Tfpi,TFPI,TFPI,True,True
Tfpi2,TFPI2,TFPI2,True,True
Tfpt,TFPT,TFPT,True,True
Tfr2,TFR2,TFR2,True,True
Tfrc,TFRC,TFRC,True,True
Tg,TG,TG,True,True
Tgds,TGDS,TGDS,True,True
Tgfa,TGFA,TGFA,True,True
Tgfb1,TGFB1,TGFB1,True,True
Tgfb1i1,TGFB1I1,TGFB1I1,True,True
Tgfb2,TGFB2,TGFB2,True,True
Tgfb3,TGFB3,TGFB3,True,True
Tgfbi,TGFBI,TGFBI,True,True
Tgfbr1,TGFBR1,TGFBR1,True,True
Tgfbr2,TGFBR2,TGFBR2,True,True
Tgfbr3,TGFBR3,TGFBR3,True,True
Tgfbr3l,TGFBR3L,TGFBR3L,True,True
Tgfbrap1,TGFBRAP1,TGFBRAP1,True,True
Tgif1,TGIF1,TGIF1,True,True
Tgif2,TGIF2,TGIF2,True,True
Tgm1,TGM1,TGM1,True,True
Tgm2,TGM2,TGM2,True,True
Tgm4,TGM4,TGM4,False,True
Tgm5,TGM5,TGM5,False,True
Tgm6,TGM6,TGM6,False,True
Tgm7,TGM7,TGM7,False,True
Tgs1,TGS1,TGS1,True,True
Th,TH,TH,True,True
Thada,THADA,THADA,True,True
Thap1,THAP1,THAP1,True,True
Thap11,THAP11,THAP11,True,True
Thap12,THAP12,THAP12,True,True
Thap2,THAP2,THAP2,True,True
Thap3,THAP3,THAP3,True,True
Thap4,THAP4,THAP4,True,True
Thap7,THAP7,THAP7,True,True
Thap8,THAP8,THAP8,True,True
Thbd,THBD,THBD,True,True
Thbs1,THBS1,THBS1,True,True
Thbs2,THBS2,THBS2,True,True
Thbs3,THBS3,THBS3,True,True
Thbs4,THBS4,THBS4,True,True
Thegl,THEGL,THEGL,False,True
Them4,THEM4,THEM4,True,True
Them6,THEM6,THEM6,True,True
Themis,THEMIS,THEMIS,True,True
Themis2,THEMIS2,THEMIS2,True,True
Thg1l,THG1L,THG1L,True,True
Thnsl1,THNSL1,THNSL1,True,True
Thnsl2,THNSL2,THNSL2,True,True
Thoc1,THOC1,THOC1,True,True
Thoc2,THOC2,THOC2,True,True
Thoc3,THOC3,THOC3,True,True
Thoc5,THOC5,THOC5,True,True
Thoc6,THOC6,THOC6,True,True
Thoc7,THOC7,THOC7,True,True
Thop1,THOP1,THOP1,True,True
Thpo,THPO,THPO,True,True
Thra,THRA,THRA,True,True
Thrap3,THRAP3,THRAP3,True,True
Thrb,THRB,THRB,True,True
Thrsp,THRSP,THRSP,False,True
Thsd1,THSD1,THSD1,True,True
Thsd4,THSD4,THSD4,True,True
Thsd7a,THSD7A,THSD7A,True,True
Thsd7b,THSD7B,THSD7B,True,True
Thtpa,THTPA,THTPA,True,True
Thumpd1,THUMPD1,THUMPD1,True,True
Thumpd2,THUMPD2,THUMPD2,True,True
Thumpd3,THUMPD3,THUMPD3,True,True
Thy1,THY1,THY1,True,True
Thyn1,THYN1,THYN1,True,True
Tia1,TIA1,TIA1,True,True
Tial1,TIAL1,TIAL1,True,True
Tiam1,TIAM1,TIAM1,True,True
Tiam2,TIAM2,TIAM2,True,True
Ticam1,TICAM1,TICAM1,True,True
Ticam2,TICAM2,TICAM2,True,True
Ticrr,TICRR,TICRR,True,True
Tie1,TIE1,TIE1,True,True
Tifa,TIFA,TIFA,True,True
Tifab,TIFAB,TIFAB,False,True
Tigar,TIGAR,TIGAR,True,True
Tigd2,TIGD2,TIGD2,True,True
Tigd3,TIGD3,TIGD3,True,True
Tigd4,TIGD4,TIGD4,True,True
Tigd5,TIGD5,TIGD5,True,True
Tigit,TIGIT,TIGIT,True,True
Timeless,TIMELESS,TIMELESS,True,True
Timm10,TIMM10,TIMM10,True,True
Timm10b,TIMM10B,TIMM10B,True,True
Timm13,TIMM13,TIMM13,True,True
Timm17a,TIMM17A,TIMM17A,True,True
Timm17b,TIMM17B,TIMM17B,True,True
Timm21,TIMM21,TIMM21,True,True
Timm22,TIMM22,TIMM22,True,True
Timm23,TIMM23,TIMM23,True,True
Timm29,TIMM29,TIMM29,False,True
Timm44,TIMM44,TIMM44,True,True
Timm50,TIMM50,TIMM50,True,True
Timm8b,TIMM8B,TIMM8B,True,True
Timm9,TIMM9,TIMM9,True,True
Timmdc1,TIMMDC1,TIMMDC1,True,True
Timp1,TIMP1,TIMP1,True,True
Timp2,TIMP2,TIMP2,True,True
Timp3,TIMP3,TIMP3,True,True
Timp4,TIMP4,TIMP4,True,True
Tinagl1,TINAGL1,TINAGL1,True,True
Tinf2,TINF2,TINF2,True,True
Tiparp,TIPARP,TIPARP,True,True
Tipin,TIPIN,TIPIN,True,True
Tiprl,TIPRL,TIPRL,True,True
Tirap,TIRAP,TIRAP,True,True
Tjap1,TJAP1,TJAP1,True,True
Tjp1,TJP1,TJP1,True,True
Tjp2,TJP2,TJP2,True,True
Tjp3,TJP3,TJP3,True,True
Tk1,TK1,TK1,True,True
Tk2,TK2,TK2,True,True
Tkfc,TKFC,TKFC,True,True
Tkt,TKT,TKT,True,True
Tktl1,TKTL1,TKTL1,False,True
Tlcd1,TLCD1,TLCD1,True,True
Tlcd2,TLCD2,TLCD2,True,True
Tldc1,TLDC1,TLDC1,True,False
Tle1,TLE1,TLE1,True,True
Tle2,TLE2,TLE2,True,True
Tle3,TLE3,TLE3,True,True
Tle4,TLE4,TLE4,True,True
Tle5,TLE5,TLE5,False,True
Tle6,TLE6,TLE6,True,True
Tlk1,TLK1,TLK1,True,True
Tlk2,TLK2,TLK2,True,True
Tll1,TLL1,TLL1,True,True
Tll2,TLL2,TLL2,True,True
Tln1,TLN1,TLN1,True,True
Tln2,TLN2,TLN2,True,True
Tlnrd1,TLNRD1,TLNRD1,False,True
Tlr1,TLR1,TLR1,True,True
Tlr2,TLR2,TLR2,True,True
Tlr3,TLR3,TLR3,True,True
Tlr4,TLR4,TLR4,True,True
Tlr5,TLR5,TLR5,True,True
Tlr6,TLR6,TLR6,True,True
Tlr7,TLR7,TLR7,True,True
Tm2d1,TM2D1,TM2D1,True,True
Tm2d2,TM2D2,TM2D2,True,True
Tm2d3,TM2D3,TM2D3,True,True
Tm4sf1,TM4SF1,TM4SF1,True,True
Tm4sf20,TM4SF20,TM4SF20,False,True
Tm4sf4,TM4SF4,TM4SF4,False,True
Tm4sf5,TM4SF5,TM4SF5,False,True
Tm6sf1,TM6SF1,TM6SF1,True,True
Tm6sf2,TM6SF2,TM6SF2,False,True
Tm7sf2,TM7SF2,TM7SF2,True,True
Tm7sf3,TM7SF3,TM7SF3,True,True
Tm9sf1,TM9SF1,TM9SF1,True,True
Tm9sf2,TM9SF2,TM9SF2,True,True
Tm9sf3,TM9SF3,TM9SF3,True,True
Tm9sf4,TM9SF4,TM9SF4,True,True
Tma16,TMA16,TMA16,True,True
Tma7,TMA7,TMA7,True,True
Tmbim1,TMBIM1,TMBIM1,True,True
Tmbim4,TMBIM4,TMBIM4,True,True
Tmbim6,TMBIM6,TMBIM6,True,True
Tmc1,TMC1,TMC1,True,True
Tmc2,TMC2,TMC2,True,True
Tmc3,TMC3,TMC3,False,True
Tmc4,TMC4,TMC4,True,True
Tmc5,TMC5,TMC5,True,True
Tmc6,TMC6,TMC6,True,True
Tmc7,TMC7,TMC7,True,True
Tmc8,TMC8,TMC8,True,True
Tmcc1,TMCC1,TMCC1,True,True
Tmcc2,TMCC2,TMCC2,True,True
Tmcc3,TMCC3,TMCC3,True,True
Tmco1,TMCO1,TMCO1,True,True
Tmco3,TMCO3,TMCO3,True,True
Tmco4,TMCO4,TMCO4,True,True
Tmco6,TMCO6,TMCO6,True,True
Tmed1,TMED1,TMED1,True,True
Tmed10,TMED10,TMED10,True,True
Tmed2,TMED2,TMED2,True,True
Tmed3,TMED3,TMED3,True,True
Tmed4,TMED4,TMED4,True,True
Tmed5,TMED5,TMED5,True,True
Tmed7,TMED7,TMED7,True,True
Tmed8,TMED8,TMED8,True,True
Tmed9,TMED9,TMED9,True,True
Tmeff1,TMEFF1,TMEFF1,True,True
Tmeff2,TMEFF2,TMEFF2,True,True
Tmem100,TMEM100,TMEM100,True,True
Tmem101,TMEM101,TMEM101,True,True
Tmem104,TMEM104,TMEM104,True,True
Tmem106a,TMEM106A,TMEM106A,True,True
Tmem106b,TMEM106B,TMEM106B,True,True
Tmem106c,TMEM106C,TMEM106C,True,True
Tmem107,TMEM107,TMEM107,True,True
Tmem108,TMEM108,TMEM108,True,True
Tmem109,TMEM109,TMEM109,True,True
Tmem11,TMEM11,TMEM11,True,True
Tmem110,TMEM110,TMEM110,True,False
Tmem114,TMEM114,TMEM114,False,True
Tmem115,TMEM115,TMEM115,True,True
Tmem116,TMEM116,TMEM116,True,True
Tmem117,TMEM117,TMEM117,True,True
Tmem119,TMEM119,TMEM119,True,True
Tmem120a,TMEM120A,TMEM120A,True,True
Tmem120b,TMEM120B,TMEM120B,True,True
Tmem121,TMEM121,TMEM121,True,True
Tmem121b,TMEM121B,TMEM121B,False,True
Tmem123,TMEM123,TMEM123,True,True
Tmem125,TMEM125,TMEM125,True,True
Tmem126a,TMEM126A,TMEM126A,True,True
Tmem126b,TMEM126B,TMEM126B,True,True
Tmem127,TMEM127,TMEM127,True,True
Tmem128,TMEM128,TMEM128,True,True
Tmem129,TMEM129,TMEM129,True,True
Tmem130,TMEM130,TMEM130,True,True
Tmem131,TMEM131,TMEM131,True,True
Tmem131l,TMEM131L,TMEM131L,False,True
Tmem132a,TMEM132A,TMEM132A,True,True
Tmem132b,TMEM132B,TMEM132B,True,True
Tmem132c,TMEM132C,TMEM132C,True,True
Tmem132d,TMEM132D,TMEM132D,True,True
Tmem132e,TMEM132E,TMEM132E,True,True
Tmem134,TMEM134,TMEM134,True,True
Tmem135,TMEM135,TMEM135,True,True
Tmem136,TMEM136,TMEM136,True,False
Tmem138,TMEM138,TMEM138,True,True
Tmem140,TMEM140,TMEM140,True,True
Tmem141,TMEM141,TMEM141,True,True
Tmem143,TMEM143,TMEM143,True,True
Tmem144,TMEM144,TMEM144,True,True
Tmem145,TMEM145,TMEM145,True,True
Tmem147,TMEM147,TMEM147,True,True
Tmem14a,TMEM14A,TMEM14A,True,True
Tmem14c,TMEM14C,TMEM14C,True,True
Tmem150a,TMEM150A,TMEM150A,True,True
Tmem150b,TMEM150B,TMEM150B,False,True
Tmem150c,TMEM150C,TMEM150C,True,True
Tmem151a,TMEM151A,TMEM151A,True,True
Tmem151b,TMEM151B,TMEM151B,True,True
Tmem154,TMEM154,TMEM154,True,True
Tmem156,TMEM156,TMEM156,True,True
Tmem158,TMEM158,TMEM158,True,True
Tmem159,TMEM159,TMEM159,True,True
Tmem160,TMEM160,TMEM160,True,True
Tmem161a,TMEM161A,TMEM161A,True,True
Tmem161b,TMEM161B,TMEM161B,True,True
Tmem163,TMEM163,TMEM163,True,True
Tmem164,TMEM164,TMEM164,True,True
Tmem165,TMEM165,TMEM165,True,True
Tmem167b,TMEM167B,TMEM167B,True,True
Tmem168,TMEM168,TMEM168,True,True
Tmem169,TMEM169,TMEM169,True,True
Tmem17,TMEM17,TMEM17,True,True
Tmem170b,TMEM170B,TMEM170B,True,True
Tmem173,TMEM173,TMEM173,True,True
Tmem175,TMEM175,TMEM175,True,True
Tmem176a,TMEM176A,TMEM176A,True,True
Tmem176b,TMEM176B,TMEM176B,True,True
Tmem177,TMEM177,TMEM177,True,True
Tmem178b,TMEM178B,TMEM178B,True,True
Tmem179,TMEM179,TMEM179,True,True
Tmem179b,TMEM179B,TMEM179B,True,True
Tmem18,TMEM18,TMEM18,True,True
Tmem182,TMEM182,TMEM182,True,True
Tmem183a,TMEM183A,TMEM183A,True,True
Tmem184a,TMEM184A,TMEM184A,False,True
Tmem184b,TMEM184B,TMEM184B,True,True
Tmem184c,TMEM184C,TMEM184C,True,True
Tmem185a,TMEM185A,TMEM185A,True,True
Tmem185b,TMEM185B,TMEM185B,True,True
Tmem186,TMEM186,TMEM186,True,True
Tmem189,TMEM189,TMEM189,True,True
Tmem19,TMEM19,TMEM19,True,True
Tmem191c,TMEM191C,TMEM191C,True,True
Tmem192,TMEM192,TMEM192,True,True
Tmem196,TMEM196,TMEM196,True,True
Tmem198,TMEM198,TMEM198,True,True
Tmem198b,TMEM198B,TMEM198B,True,False
Tmem199,TMEM199,TMEM199,True,True
Tmem2,TMEM2,TMEM2,True,False
Tmem200a,TMEM200A,TMEM200A,True,True
Tmem200c,TMEM200C,TMEM200C,True,True
Tmem201,TMEM201,TMEM201,True,True
Tmem202,TMEM202,TMEM202,False,True
Tmem203,TMEM203,TMEM203,True,True
Tmem204,TMEM204,TMEM204,True,True
Tmem205,TMEM205,TMEM205,True,True
Tmem206,TMEM206,TMEM206,True,False
Tmem207,TMEM207,TMEM207,False,True
Tmem208,TMEM208,TMEM208,True,True
Tmem209,TMEM209,TMEM209,True,True
Tmem212,TMEM212,TMEM212,False,True
Tmem214,TMEM214,TMEM214,True,True
Tmem215,TMEM215,TMEM215,True,True
Tmem216,TMEM216,TMEM216,True,True
Tmem217,TMEM217,TMEM217,True,True
Tmem218,TMEM218,TMEM218,True,True
Tmem219,TMEM219,TMEM219,True,True
Tmem220,TMEM220,TMEM220,True,True
Tmem221,TMEM221,TMEM221,True,True
Tmem222,TMEM222,TMEM222,True,True
Tmem223,TMEM223,TMEM223,True,True
Tmem229a,TMEM229A,TMEM229A,True,True
Tmem229b,TMEM229B,TMEM229B,True,True
Tmem230,TMEM230,TMEM230,True,True
Tmem231,TMEM231,TMEM231,True,True
Tmem232,TMEM232,TMEM232,True,True
Tmem234,TMEM234,TMEM234,True,True
Tmem236,TMEM236,TMEM236,True,True
Tmem237,TMEM237,TMEM237,True,True
Tmem238,TMEM238,TMEM238,False,True
Tmem240,TMEM240,TMEM240,True,True
Tmem241,TMEM241,TMEM241,True,True
Tmem242,TMEM242,TMEM242,True,True
Tmem243,TMEM243,TMEM243,True,True
Tmem245,TMEM245,TMEM245,True,True
Tmem246,TMEM246,TMEM246,True,True
Tmem248,TMEM248,TMEM248,True,True
Tmem25,TMEM25,TMEM25,True,True
Tmem251,TMEM251,TMEM251,True,True
Tmem252,TMEM252,TMEM252,False,True
Tmem253,TMEM253,TMEM253,False,True
Tmem255a,TMEM255A,TMEM255A,True,True
Tmem255b,TMEM255B,TMEM255B,True,True
Tmem256,TMEM256,TMEM256,True,True
Tmem258,TMEM258,TMEM258,True,True
Tmem259,TMEM259,TMEM259,True,True
Tmem26,TMEM26,TMEM26,True,True
Tmem260,TMEM260,TMEM260,True,True
Tmem263,TMEM263,TMEM263,True,True
Tmem265,TMEM265,TMEM265,False,True
Tmem266,TMEM266,TMEM266,True,True
Tmem267,TMEM267,TMEM267,True,True
Tmem268,TMEM268,TMEM268,False,True
Tmem27,TMEM27,TMEM27,True,False
Tmem273,TMEM273,TMEM273,False,True
Tmem30a,TMEM30A,TMEM30A,True,True
Tmem33,TMEM33,TMEM33,True,True
Tmem35a,TMEM35A,TMEM35A,True,True
Tmem35b,TMEM35B,TMEM35B,False,True
Tmem37,TMEM37,TMEM37,True,True
Tmem38a,TMEM38A,TMEM38A,True,True
Tmem38b,TMEM38B,TMEM38B,True,True
Tmem39a,TMEM39A,TMEM39A,True,True
Tmem39b,TMEM39B,TMEM39B,True,True
Tmem40,TMEM40,TMEM40,False,True
Tmem41a,TMEM41A,TMEM41A,True,True
Tmem41b,TMEM41B,TMEM41B,True,True
Tmem42,TMEM42,TMEM42,True,True
Tmem43,TMEM43,TMEM43,True,True
Tmem44,TMEM44,TMEM44,True,True
Tmem45a,TMEM45A,TMEM45A,True,True
Tmem45b,TMEM45B,TMEM45B,True,True
Tmem47,TMEM47,TMEM47,True,True
Tmem5,TMEM5,TMEM5,True,False
Tmem50a,TMEM50A,TMEM50A,True,True
Tmem50b,TMEM50B,TMEM50B,True,True
Tmem51,TMEM51,TMEM51,True,True
Tmem52,TMEM52,TMEM52,False,True
Tmem53,TMEM53,TMEM53,True,True
Tmem55a,TMEM55A,TMEM55A,True,False
Tmem55b,TMEM55B,TMEM55B,True,False
Tmem56,TMEM56,TMEM56,True,False
Tmem57,TMEM57,TMEM57,True,False
Tmem59,TMEM59,TMEM59,True,True
Tmem59l,TMEM59L,TMEM59L,True,True
Tmem60,TMEM60,TMEM60,True,True
Tmem62,TMEM62,TMEM62,True,True
Tmem63a,TMEM63A,TMEM63A,True,True
Tmem63b,TMEM63B,TMEM63B,True,True
Tmem63c,TMEM63C,TMEM63C,True,True
Tmem64,TMEM64,TMEM64,True,True
Tmem65,TMEM65,TMEM65,True,True
Tmem67,TMEM67,TMEM67,True,True
Tmem68,TMEM68,TMEM68,True,True
Tmem69,TMEM69,TMEM69,True,True
Tmem70,TMEM70,TMEM70,True,True
Tmem71,TMEM71,TMEM71,True,True
Tmem72,TMEM72,TMEM72,True,True
Tmem74,TMEM74,TMEM74,True,True
Tmem74b,TMEM74B,TMEM74B,True,True
Tmem79,TMEM79,TMEM79,True,True
Tmem80,TMEM80,TMEM80,True,True
Tmem81,TMEM81,TMEM81,True,True
Tmem82,TMEM82,TMEM82,False,True
Tmem86a,TMEM86A,TMEM86A,True,True
Tmem86b,TMEM86B,TMEM86B,True,True
Tmem87a,TMEM87A,TMEM87A,True,True
Tmem87b,TMEM87B,TMEM87B,True,True
Tmem88,TMEM88,TMEM88,True,True
Tmem88b,TMEM88B,TMEM88B,True,True
Tmem89,TMEM89,TMEM89,False,True
Tmem8b,TMEM8B,TMEM8B,True,True
Tmem9,TMEM9,TMEM9,True,True
Tmem91,TMEM91,TMEM91,True,True
Tmem94,TMEM94,TMEM94,True,True
Tmem95,TMEM95,TMEM95,False,True
Tmem97,TMEM97,TMEM97,True,True
Tmem98,TMEM98,TMEM98,True,True
Tmem9b,TMEM9B,TMEM9B,True,True
Tmf1,TMF1,TMF1,True,True
Tmie,TMIE,TMIE,True,True
Tmigd1,TMIGD1,TMIGD1,False,True
Tmigd3,TMIGD3,TMIGD3,True,True
Tmlhe,TMLHE,TMLHE,True,True
Tmod1,TMOD1,TMOD1,True,True
Tmod2,TMOD2,TMOD2,True,True
Tmod3,TMOD3,TMOD3,True,True
Tmpo,TMPO,TMPO,True,True
Tmppe,TMPPE,TMPPE,True,True
Tmprss11a,TMPRSS11A,TMPRSS11A,False,True
Tmprss11d,TMPRSS11D,TMPRSS11D,False,True
Tmprss2,TMPRSS2,TMPRSS2,False,True
Tmprss5,TMPRSS5,TMPRSS5,True,True
Tmprss6,TMPRSS6,TMPRSS6,False,True
Tmprss7,TMPRSS7,TMPRSS7,False,True
Tmprss9,TMPRSS9,TMPRSS9,False,True
Tmsb10,TMSB10,TMSB10,True,True
Tmsb4x,TMSB4X,TMSB4X,True,True
Tmtc1,TMTC1,TMTC1,True,True
Tmtc2,TMTC2,TMTC2,True,True
Tmtc3,TMTC3,TMTC3,True,True
Tmtc4,TMTC4,TMTC4,True,True
Tmub1,TMUB1,TMUB1,True,True
Tmub2,TMUB2,TMUB2,True,True
Tmx1,TMX1,TMX1,True,True
Tmx2,TMX2,TMX2,True,True
Tmx3,TMX3,TMX3,True,True
Tmx4,TMX4,TMX4,True,True
Tnc,TNC,TNC,True,True
Tnf,TNF,TNF,False,True
Tnfaip1,TNFAIP1,TNFAIP1,True,True
Tnfaip2,TNFAIP2,TNFAIP2,True,True
Tnfaip3,TNFAIP3,TNFAIP3,True,True
Tnfaip6,TNFAIP6,TNFAIP6,True,True
Tnfaip8,TNFAIP8,TNFAIP8,True,True
Tnfaip8l1,TNFAIP8L1,TNFAIP8L1,True,True
Tnfaip8l2,TNFAIP8L2,TNFAIP8L2,True,True
Tnfaip8l3,TNFAIP8L3,TNFAIP8L3,True,True
Tnfrsf10b,TNFRSF10B,TNFRSF10B,True,True
Tnfrsf11a,TNFRSF11A,TNFRSF11A,True,True
Tnfrsf11b,TNFRSF11B,TNFRSF11B,True,True
Tnfrsf12a,TNFRSF12A,TNFRSF12A,True,True
Tnfrsf13b,TNFRSF13B,TNFRSF13B,False,True
Tnfrsf13c,TNFRSF13C,TNFRSF13C,True,True
Tnfrsf14,TNFRSF14,TNFRSF14,True,True
Tnfrsf17,TNFRSF17,TNFRSF17,False,True
Tnfrsf18,TNFRSF18,TNFRSF18,False,True
Tnfrsf19,TNFRSF19,TNFRSF19,True,True
Tnfrsf1a,TNFRSF1A,TNFRSF1A,True,True
Tnfrsf1b,TNFRSF1B,TNFRSF1B,True,True
Tnfrsf21,TNFRSF21,TNFRSF21,True,True
Tnfrsf25,TNFRSF25,TNFRSF25,True,True
Tnfrsf4,TNFRSF4,TNFRSF4,False,True
Tnfrsf8,TNFRSF8,TNFRSF8,False,True
Tnfrsf9,TNFRSF9,TNFRSF9,False,True
Tnfsf10,TNFSF10,TNFSF10,True,True
Tnfsf12,TNFSF12,TNFSF12,True,True
Tnfsf13,TNFSF13,TNFSF13,True,True
Tnfsf13b,TNFSF13B,TNFSF13B,True,True
Tnfsf18,TNFSF18,TNFSF18,True,True
Tnfsf4,TNFSF4,TNFSF4,True,True
Tnfsf8,TNFSF8,TNFSF8,True,True
Tnfsf9,TNFSF9,TNFSF9,True,True
Tnik,TNIK,TNIK,True,True
Tnip1,TNIP1,TNIP1,True,True
Tnip2,TNIP2,TNIP2,True,True
Tnip3,TNIP3,TNIP3,True,True
Tnk1,TNK1,TNK1,True,True
Tnk2,TNK2,TNK2,True,True
Tnks,TNKS,TNKS,True,True
Tnks1bp1,TNKS1BP1,TNKS1BP1,True,True
Tnks2,TNKS2,TNKS2,True,True
Tnn,TNN,TNN,True,True
Tnnc1,TNNC1,TNNC1,True,True
Tnni1,TNNI1,TNNI1,False,True
Tnni2,TNNI2,TNNI2,False,True
Tnni3,TNNI3,TNNI3,False,True
Tnni3k,TNNI3K,TNNI3K,True,True
Tnnt1,TNNT1,TNNT1,True,True
Tnnt2,TNNT2,TNNT2,False,True
Tnnt3,TNNT3,TNNT3,False,True
Tnp2,TNP2,TNP2,False,True
Tnpo1,TNPO1,TNPO1,True,True
Tnpo2,TNPO2,TNPO2,True,True
Tnpo3,TNPO3,TNPO3,True,True
Tnr,TNR,TNR,True,True
Tnrc18,TNRC18,TNRC18,True,True
Tnrc6a,TNRC6A,TNRC6A,True,True
Tnrc6b,TNRC6B,TNRC6B,True,True
Tnrc6c,TNRC6C,TNRC6C,True,True
Tns1,TNS1,TNS1,True,True
Tns2,TNS2,TNS2,True,True
Tns3,TNS3,TNS3,True,True
Tns4,TNS4,TNS4,False,True
Tnxb,TNXB,TNXB,True,True
Tob1,TOB1,TOB1,True,True
Tob2,TOB2,TOB2,True,True
Toe1,TOE1,TOE1,True,True
Togaram1,TOGARAM1,TOGARAM1,False,True
Togaram2,TOGARAM2,TOGARAM2,False,True
Tollip,TOLLIP,TOLLIP,True,True
Tom1,TOM1,TOM1,True,True
Tom1l1,TOM1L1,TOM1L1,True,True
Tom1l2,TOM1L2,TOM1L2,True,True
Tomm20,TOMM20,TOMM20,True,True
Tomm20l,TOMM20L,TOMM20L,False,True
Tomm22,TOMM22,TOMM22,True,True
Tomm34,TOMM34,TOMM34,True,True
Tomm40,TOMM40,TOMM40,True,True
Tomm40l,TOMM40L,TOMM40L,True,True
Tomm5,TOMM5,TOMM5,True,True
Tomm6,TOMM6,TOMM6,False,True
Tomm7,TOMM7,TOMM7,True,True
Tonsl,TONSL,TONSL,True,True
Top1,TOP1,TOP1,True,True
Top1mt,TOP1MT,TOP1MT,True,True
Top2a,TOP2A,TOP2A,False,True
Top2b,TOP2B,TOP2B,True,True
Top3a,TOP3A,TOP3A,True,True
Top3b,TOP3B,TOP3B,True,True
Topbp1,TOPBP1,TOPBP1,True,True
Topors,TOPORS,TOPORS,True,True
Tor1a,TOR1A,TOR1A,True,True
Tor1aip1,TOR1AIP1,TOR1AIP1,True,True
Tor1aip2,TOR1AIP2,TOR1AIP2,True,True
Tor1b,TOR1B,TOR1B,True,True
Tor2a,TOR2A,TOR2A,True,True
Tor3a,TOR3A,TOR3A,True,True
Tor4a,TOR4A,TOR4A,True,True
Tox,TOX,TOX,True,True
Tox2,TOX2,TOX2,True,True
Tox3,TOX3,TOX3,True,True
Tox4,TOX4,TOX4,True,True
Tpbg,TPBG,TPBG,True,True
Tpbgl,TPBGL,TPBGL,True,True
Tpcn1,TPCN1,TPCN1,True,True
Tpcn2,TPCN2,TPCN2,True,True
Tpd52,TPD52,TPD52,True,True
Tpd52l1,TPD52L1,TPD52L1,True,True
Tpd52l2,TPD52L2,TPD52L2,True,True
Tpgs1,TPGS1,TPGS1,True,True
Tpgs2,TPGS2,TPGS2,True,True
Tph2,TPH2,TPH2,True,True
Tpi1,TPI1,TPI1,True,True
Tpk1,TPK1,TPK1,True,True
Tpm1,TPM1,TPM1,True,True
Tpm2,TPM2,TPM2,True,True
Tpm3,TPM3,TPM3,True,True
Tpm4,TPM4,TPM4,True,True
Tpmt,TPMT,TPMT,True,True
Tpo,TPO,TPO,False,True
Tpp1,TPP1,TPP1,True,True
Tpp2,TPP2,TPP2,True,True
Tppp,TPPP,TPPP,True,True
Tppp3,TPPP3,TPPP3,True,True
Tpr,TPR,TPR,True,True
Tpra1,TPRA1,TPRA1,True,True
Tprkb,TPRKB,TPRKB,True,True
Tprn,TPRN,TPRN,True,True
Tpst1,TPST1,TPST1,True,True
Tpst2,TPST2,TPST2,True,True
Tpt1,TPT1,TPT1,True,True
Tpte,TPTE,TPTE,False,True
Tpx2,TPX2,TPX2,True,True
Tra2a,TRA2A,TRA2A,True,True
Tra2b,TRA2B,TRA2B,True,True
Trabd,TRABD,TRABD,True,True
Trabd2b,TRABD2B,TRABD2B,True,True
Trac,TRAC,TRAC,True,True
Tradd,TRADD,TRADD,True,True
Traf1,TRAF1,TRAF1,True,True
Traf2,TRAF2,TRAF2,True,True
Traf3,TRAF3,TRAF3,True,True
Traf3ip1,TRAF3IP1,TRAF3IP1,True,True
Traf3ip2,TRAF3IP2,TRAF3IP2,True,True
Traf3ip3,TRAF3IP3,TRAF3IP3,True,True
Traf4,TRAF4,TRAF4,True,True
Traf5,TRAF5,TRAF5,True,True
Traf6,TRAF6,TRAF6,True,True
Traf7,TRAF7,TRAF7,True,True
Trafd1,TRAFD1,TRAFD1,True,True
Traip,TRAIP,TRAIP,True,True
Trak1,TRAK1,TRAK1,True,True
Trak2,TRAK2,TRAK2,True,True
Tram1,TRAM1,TRAM1,True,True
Tram1l1,TRAM1L1,TRAM1L1,True,True
Tram2,TRAM2,TRAM2,True,True
Trank1,TRANK1,TRANK1,True,True
Trap1,TRAP1,TRAP1,True,True
Trappc1,TRAPPC1,TRAPPC1,True,True
Trappc10,TRAPPC10,TRAPPC10,True,True
Trappc11,TRAPPC11,TRAPPC11,True,True
Trappc12,TRAPPC12,TRAPPC12,True,True
Trappc13,TRAPPC13,TRAPPC13,True,True
Trappc2,TRAPPC2,TRAPPC2,True,True
Trappc2l,TRAPPC2L,TRAPPC2L,True,True
Trappc3,TRAPPC3,TRAPPC3,True,True
Trappc3l,TRAPPC3L,TRAPPC3L,False,True
Trappc4,TRAPPC4,TRAPPC4,True,True
Trappc5,TRAPPC5,TRAPPC5,True,True
Trappc6a,TRAPPC6A,TRAPPC6A,True,True
Trappc6b,TRAPPC6B,TRAPPC6B,True,True
Trappc8,TRAPPC8,TRAPPC8,True,True
Trappc9,TRAPPC9,TRAPPC9,True,True
Trat1,TRAT1,TRAT1,False,True
Trbc1,TRBC1,TRBC1,True,True
Trbc2,TRBC2,TRBC2,True,True
Trdc,TRDC,TRDC,False,True
Trdmt1,TRDMT1,TRDMT1,True,True
Trdn,TRDN,TRDN,True,True
Treh,TREH,TREH,False,True
Trem2,TREM2,TREM2,True,True
Treml1,TREML1,TREML1,True,True
Treml2,TREML2,TREML2,False,True
Trerf1,TRERF1,TRERF1,True,True
Trh,TRH,TRH,True,True
Trhde,TRHDE,TRHDE,True,True
Trhr,TRHR,TRHR,True,True
Triap1,TRIAP1,TRIAP1,True,True
Trib1,TRIB1,TRIB1,True,True
Trib2,TRIB2,TRIB2,True,True
Trib3,TRIB3,TRIB3,True,True
Tril,TRIL,TRIL,True,True
Trim11,TRIM11,TRIM11,True,True
Trim13,TRIM13,TRIM13,True,True
Trim14,TRIM14,TRIM14,True,True
Trim16,TRIM16,TRIM16,True,True
Trim17,TRIM17,TRIM17,True,True
Trim2,TRIM2,TRIM2,True,True
Trim21,TRIM21,TRIM21,True,True
Trim23,TRIM23,TRIM23,True,True
Trim24,TRIM24,TRIM24,True,True
Trim25,TRIM25,TRIM25,True,True
Trim26,TRIM26,TRIM26,True,True
Trim27,TRIM27,TRIM27,True,True
Trim28,TRIM28,TRIM28,True,True
Trim29,TRIM29,TRIM29,True,True
Trim3,TRIM3,TRIM3,True,True
Trim31,TRIM31,TRIM31,False,True
Trim32,TRIM32,TRIM32,True,True
Trim33,TRIM33,TRIM33,True,True
Trim35,TRIM35,TRIM35,True,True
Trim36,TRIM36,TRIM36,True,True
Trim37,TRIM37,TRIM37,True,True
Trim39,TRIM39,TRIM39,True,True
Trim41,TRIM41,TRIM41,True,True
Trim44,TRIM44,TRIM44,True,True
Trim45,TRIM45,TRIM45,True,True
Trim46,TRIM46,TRIM46,True,True
Trim47,TRIM47,TRIM47,True,True
Trim5,TRIM5,TRIM5,True,True
Trim50,TRIM50,TRIM50,False,True
Trim56,TRIM56,TRIM56,True,True
Trim59,TRIM59,TRIM59,True,True
Trim6,TRIM6,TRIM6,True,True
Trim62,TRIM62,TRIM62,True,True
Trim63,TRIM63,TRIM63,False,True
Trim65,TRIM65,TRIM65,True,True
Trim66,TRIM66,TRIM66,True,True
Trim67,TRIM67,TRIM67,True,True
Trim68,TRIM68,TRIM68,True,True
Trim69,TRIM69,TRIM69,True,True
Trim7,TRIM7,TRIM7,True,True
Trim71,TRIM71,TRIM71,True,True
Trim8,TRIM8,TRIM8,True,True
Trim9,TRIM9,TRIM9,True,True
Trio,TRIO,TRIO,True,True
Triobp,TRIOBP,TRIOBP,True,True
Trip10,TRIP10,TRIP10,True,True
Trip11,TRIP11,TRIP11,True,True
Trip12,TRIP12,TRIP12,True,True
Trip13,TRIP13,TRIP13,True,True
Trip4,TRIP4,TRIP4,True,True
Trip6,TRIP6,TRIP6,True,True
Triqk,TRIQK,TRIQK,True,True
Trir,TRIR,TRIR,False,True
Trit1,TRIT1,TRIT1,True,True
Trmo,TRMO,TRMO,True,True
Trmt1,TRMT1,TRMT1,True,True
Trmt10a,TRMT10A,TRMT10A,True,True
Trmt10b,TRMT10B,TRMT10B,True,True
Trmt10c,TRMT10C,TRMT10C,True,True
Trmt11,TRMT11,TRMT11,True,True
Trmt112,TRMT112,TRMT112,True,True
Trmt12,TRMT12,TRMT12,True,True
Trmt13,TRMT13,TRMT13,True,True
Trmt1l,TRMT1L,TRMT1L,True,True
Trmt2a,TRMT2A,TRMT2A,True,True
Trmt2b,TRMT2B,TRMT2B,True,True
Trmt44,TRMT44,TRMT44,True,True
Trmt5,TRMT5,TRMT5,True,True
Trmt6,TRMT6,TRMT6,True,True
Trmt61a,TRMT61A,TRMT61A,True,True
Trmt61b,TRMT61B,TRMT61B,True,True
Trmt9b,TRMT9B,TRMT9B,False,True
Trmu,TRMU,TRMU,True,True
Trnau1ap,TRNAU1AP,TRNAU1AP,True,True
Trnp1,TRNP1,TRNP1,True,True
Trnt1,TRNT1,TRNT1,True,True
Tro,TRO,TRO,True,True
Troap,TROAP,TROAP,False,True
Trove2,TROVE2,TROVE2,True,False
Trpc1,TRPC1,TRPC1,True,True
Trpc3,TRPC3,TRPC3,True,True
Trpc4,TRPC4,TRPC4,True,True
Trpc4ap,TRPC4AP,TRPC4AP,True,True
Trpc5,TRPC5,TRPC5,True,True
Trpc6,TRPC6,TRPC6,True,True
Trpc7,TRPC7,TRPC7,True,True
Trpm1,TRPM1,TRPM1,True,True
Trpm2,TRPM2,TRPM2,True,True
Trpm3,TRPM3,TRPM3,True,True
Trpm4,TRPM4,TRPM4,True,True
Trpm5,TRPM5,TRPM5,False,True
Trpm6,TRPM6,TRPM6,True,True
Trpm7,TRPM7,TRPM7,True,True
Trpm8,TRPM8,TRPM8,True,True
Trps1,TRPS1,TRPS1,True,True
Trpt1,TRPT1,TRPT1,True,True
Trpv1,TRPV1,TRPV1,True,True
Trpv2,TRPV2,TRPV2,True,True
Trpv3,TRPV3,TRPV3,True,True
Trpv4,TRPV4,TRPV4,True,True
Trpv6,TRPV6,TRPV6,True,True
Trrap,TRRAP,TRRAP,True,True
Trub1,TRUB1,TRUB1,True,True
Trub2,TRUB2,TRUB2,True,True
Tsacc,TSACC,TSACC,False,True
Tsc1,TSC1,TSC1,True,True
Tsc2,TSC2,TSC2,True,True
Tsc22d1,TSC22D1,TSC22D1,True,True
Tsc22d2,TSC22D2,TSC22D2,True,True
Tsc22d3,TSC22D3,TSC22D3,True,True
Tsc22d4,TSC22D4,TSC22D4,True,True
Tsen15,TSEN15,TSEN15,True,True
Tsen2,TSEN2,TSEN2,True,True
Tsen34,TSEN34,TSEN34,True,True
Tsen54,TSEN54,TSEN54,True,True
Tsfm,TSFM,TSFM,True,True
Tsg101,TSG101,TSG101,True,True
Tsga10,TSGA10,TSGA10,True,True
Tsga10ip,TSGA10IP,TSGA10IP,False,True
Tsga13,TSGA13,TSGA13,False,True
Tshb,TSHB,TSHB,False,True
Tshr,TSHR,TSHR,False,True
Tshz1,TSHZ1,TSHZ1,True,True
Tshz2,TSHZ2,TSHZ2,True,True
Tshz3,TSHZ3,TSHZ3,True,True
Tsix,TSIX,TSIX,False,True
Tsks,TSKS,TSKS,False,True
Tsku,TSKU,TSKU,True,True
Tslp,TSLP,TSLP,True,True
Tsn,TSN,TSN,True,True
Tsnax,TSNAX,TSNAX,True,True
Tsnaxip1,TSNAXIP1,TSNAXIP1,True,True
Tspan11,TSPAN11,TSPAN11,True,True
Tspan12,TSPAN12,TSPAN12,True,True
Tspan13,TSPAN13,TSPAN13,True,True
Tspan14,TSPAN14,TSPAN14,True,True
Tspan15,TSPAN15,TSPAN15,True,True
Tspan17,TSPAN17,TSPAN17,True,True
Tspan18,TSPAN18,TSPAN18,True,True
Tspan2,TSPAN2,TSPAN2,True,True
Tspan3,TSPAN3,TSPAN3,True,True
Tspan31,TSPAN31,TSPAN31,True,True
Tspan32,TSPAN32,TSPAN32,True,True
Tspan33,TSPAN33,TSPAN33,True,True
Tspan4,TSPAN4,TSPAN4,True,True
Tspan5,TSPAN5,TSPAN5,True,True
Tspan6,TSPAN6,TSPAN6,True,True
Tspan7,TSPAN7,TSPAN7,True,True
Tspan8,TSPAN8,TSPAN8,True,True
Tspan9,TSPAN9,TSPAN9,True,True
Tspear,TSPEAR,TSPEAR,True,True
Tspo,TSPO,TSPO,True,True
Tspo2,TSPO2,TSPO2,False,True
Tspoap1,TSPOAP1,TSPOAP1,True,True
Tspyl1,TSPYL1,TSPYL1,True,True
Tspyl2,TSPYL2,TSPYL2,True,True
Tspyl4,TSPYL4,TSPYL4,True,True
Tspyl5,TSPYL5,TSPYL5,True,True
Tsr1,TSR1,TSR1,True,True
Tsr2,TSR2,TSR2,True,True
Tsr3,TSR3,TSR3,True,True
Tssc4,TSSC4,TSSC4,True,True
Tssk3,TSSK3,TSSK3,True,True
Tssk4,TSSK4,TSSK4,False,True
Tssk6,TSSK6,TSSK6,True,True
Tst,TST,TST,True,True
Tsta3,TSTA3,TSTA3,True,True
Tstd1,TSTD1,TSTD1,True,True
Tstd2,TSTD2,TSTD2,True,True
Tstd3,TSTD3,TSTD3,True,True
Ttbk1,TTBK1,TTBK1,True,True
Ttbk2,TTBK2,TTBK2,True,True
Ttc1,TTC1,TTC1,True,True
Ttc12,TTC12,TTC12,True,True
Ttc13,TTC13,TTC13,True,True
Ttc14,TTC14,TTC14,True,True
Ttc16,TTC16,TTC16,True,True
Ttc17,TTC17,TTC17,True,True
Ttc19,TTC19,TTC19,True,True
Ttc21a,TTC21A,TTC21A,True,True
Ttc21b,TTC21B,TTC21B,True,True
Ttc22,TTC22,TTC22,True,True
Ttc23,TTC23,TTC23,True,True
Ttc23l,TTC23L,TTC23L,True,True
Ttc25,TTC25,TTC25,True,True
Ttc26,TTC26,TTC26,True,True
Ttc27,TTC27,TTC27,True,True
Ttc28,TTC28,TTC28,True,True
Ttc29,TTC29,TTC29,True,True
Ttc3,TTC3,TTC3,True,True
Ttc30b,TTC30B,TTC30B,True,True
Ttc32,TTC32,TTC32,True,True
Ttc33,TTC33,TTC33,True,True
Ttc34,TTC34,TTC34,True,True
Ttc36,TTC36,TTC36,False,True
Ttc37,TTC37,TTC37,True,True
Ttc38,TTC38,TTC38,True,True
Ttc39a,TTC39A,TTC39A,True,True
Ttc39b,TTC39B,TTC39B,True,True
Ttc39c,TTC39C,TTC39C,True,True
Ttc4,TTC4,TTC4,True,True
Ttc5,TTC5,TTC5,True,True
Ttc6,TTC6,TTC6,True,True
Ttc7b,TTC7B,TTC7B,True,True
Ttc8,TTC8,TTC8,True,True
Ttc9,TTC9,TTC9,True,True
Ttc9b,TTC9B,TTC9B,True,True
Ttc9c,TTC9C,TTC9C,True,True
Ttf1,TTF1,TTF1,True,True
Ttf2,TTF2,TTF2,True,True
Tti1,TTI1,TTI1,True,True
Tti2,TTI2,TTI2,True,True
Ttk,TTK,TTK,True,True
Ttl,TTL,TTL,True,True
Ttll1,TTLL1,TTLL1,True,True
Ttll10,TTLL10,TTLL10,False,True
Ttll11,TTLL11,TTLL11,True,True
Ttll12,TTLL12,TTLL12,True,True
Ttll3,TTLL3,TTLL3,True,True
Ttll4,TTLL4,TTLL4,True,True
Ttll5,TTLL5,TTLL5,True,True
Ttll6,TTLL6,TTLL6,True,True
Ttll7,TTLL7,TTLL7,True,True
Ttll8,TTLL8,TTLL8,False,True
Ttll9,TTLL9,TTLL9,True,True
Ttn,TTN,TTN,True,True
Ttpa,TTPA,TTPA,True,True
Ttpal,TTPAL,TTPAL,True,True
Ttr,TTR,TTR,True,True
Ttyh1,TTYH1,TTYH1,True,True
Ttyh2,TTYH2,TTYH2,True,True
Ttyh3,TTYH3,TTYH3,True,True
Tub,TUB,TUB,True,True
Tuba1a,TUBA1A,TUBA1A,True,True
Tuba1b,TUBA1B,TUBA1B,True,True
Tuba1c,TUBA1C,TUBA1C,True,True
Tuba4a,TUBA4A,TUBA4A,True,True
Tuba8,TUBA8,TUBA8,True,True
Tubal3,TUBAL3,TUBAL3,False,True
Tubb1,TUBB1,TUBB1,False,True
Tubb2a,TUBB2A,TUBB2A,True,True
Tubb2b,TUBB2B,TUBB2B,True,True
Tubb3,TUBB3,TUBB3,True,True
Tubb4a,TUBB4A,TUBB4A,True,True
Tubb4b,TUBB4B,TUBB4B,True,True
Tubb6,TUBB6,TUBB6,True,True
Tubd1,TUBD1,TUBD1,True,True
Tube1,TUBE1,TUBE1,True,True
Tubg1,TUBG1,TUBG1,True,True
Tubg2,TUBG2,TUBG2,True,True
Tubgcp2,TUBGCP2,TUBGCP2,True,True
Tubgcp3,TUBGCP3,TUBGCP3,True,True
Tubgcp4,TUBGCP4,TUBGCP4,True,True
Tubgcp5,TUBGCP5,TUBGCP5,True,True
Tubgcp6,TUBGCP6,TUBGCP6,True,True
Tufm,TUFM,TUFM,True,True
Tuft1,TUFT1,TUFT1,True,True
Tug1,TUG1,TUG1,True,True
Tulp2,TULP2,TULP2,False,True
Tulp3,TULP3,TULP3,True,True
Tulp4,TULP4,TULP4,True,True
Tunar,TUNAR,TUNAR,True,True
Tusc1,TUSC1,TUSC1,True,True
Tusc2,TUSC2,TUSC2,True,True
Tusc3,TUSC3,TUSC3,True,True
Tut1,TUT1,TUT1,True,True
Tut4,TUT4,TUT4,False,True
Tut7,TUT7,TUT7,False,True
Tvp23a,TVP23A,TVP23A,True,True
Tvp23b,TVP23B,TVP23B,True,True
Twf1,TWF1,TWF1,True,True
Twf2,TWF2,TWF2,True,True
Twist1,TWIST1,TWIST1,True,True
Twist2,TWIST2,TWIST2,False,True
Twistnb,TWISTNB,TWISTNB,True,True
Twnk,TWNK,TWNK,False,True
Twsg1,TWSG1,TWSG1,True,True
Txk,TXK,TXK,True,True
Txlna,TXLNA,TXLNA,True,True
Txlnb,TXLNB,TXLNB,True,True
Txlng,TXLNG,TXLNG,True,True
Txn2,TXN2,TXN2,True,True
Txndc11,TXNDC11,TXNDC11,True,True
Txndc12,TXNDC12,TXNDC12,True,True
Txndc15,TXNDC15,TXNDC15,True,True
Txndc16,TXNDC16,TXNDC16,True,True
Txndc17,TXNDC17,TXNDC17,True,True
Txndc2,TXNDC2,TXNDC2,False,True
Txndc5,TXNDC5,TXNDC5,True,True
Txndc9,TXNDC9,TXNDC9,True,True
Txnip,TXNIP,TXNIP,True,True
Txnl1,TXNL1,TXNL1,True,True
Txnl4a,TXNL4A,TXNL4A,True,True
Txnl4b,TXNL4B,TXNL4B,True,True
Txnrd1,TXNRD1,TXNRD1,True,True
Txnrd2,TXNRD2,TXNRD2,True,True
Txnrd3,TXNRD3,TXNRD3,True,True
Tyk2,TYK2,TYK2,True,True
Tymp,TYMP,TYMP,True,True
Tyms,TYMS,TYMS,True,True
Tyro3,TYRO3,TYRO3,True,True
Tyrobp,TYROBP,TYROBP,True,True
Tyrp1,TYRP1,TYRP1,True,True
Tysnd1,TYSND1,TYSND1,True,True
Tyw1,TYW1,TYW1,True,True
Tyw3,TYW3,TYW3,True,True
Tyw5,TYW5,TYW5,True,True
U2af1,U2AF1,U2AF1,True,True
U2af1l4,U2AF1L4,U2AF1L4,True,True
U2af2,U2AF2,U2AF2,True,True
U2surp,U2SURP,U2SURP,True,True
Uaca,UACA,UACA,True,True
Uap1,UAP1,UAP1,True,True
Uap1l1,UAP1L1,UAP1L1,True,True
Uba1,UBA1,UBA1,True,True
Uba2,UBA2,UBA2,True,True
Uba3,UBA3,UBA3,True,True
Uba5,UBA5,UBA5,True,True
Uba52,UBA52,UBA52,True,True
Uba6,UBA6,UBA6,True,True
Uba7,UBA7,UBA7,True,True
Ubac1,UBAC1,UBAC1,True,True
Ubac2,UBAC2,UBAC2,True,True
Ubald1,UBALD1,UBALD1,True,True
Ubald2,UBALD2,UBALD2,True,True
Ubap1,UBAP1,UBAP1,True,True
Ubap1l,UBAP1L,UBAP1L,True,True
Ubap2,UBAP2,UBAP2,True,True
Ubap2l,UBAP2L,UBAP2L,True,True
Ubash3b,UBASH3B,UBASH3B,True,True
Ubb,UBB,UBB,True,True
Ubc,UBC,UBC,True,True
Ube2a,UBE2A,UBE2A,True,True
Ube2b,UBE2B,UBE2B,True,True
Ube2c,UBE2C,UBE2C,False,True
Ube2d1,UBE2D1,UBE2D1,True,True
Ube2d3,UBE2D3,UBE2D3,True,True
Ube2e1,UBE2E1,UBE2E1,True,True
Ube2e2,UBE2E2,UBE2E2,True,True
Ube2e3,UBE2E3,UBE2E3,True,True
Ube2f,UBE2F,UBE2F,True,True
Ube2g1,UBE2G1,UBE2G1,True,True
Ube2g2,UBE2G2,UBE2G2,True,True
Ube2h,UBE2H,UBE2H,True,True
Ube2i,UBE2I,UBE2I,True,True
Ube2j1,UBE2J1,UBE2J1,True,True
Ube2j2,UBE2J2,UBE2J2,True,True
Ube2k,UBE2K,UBE2K,True,True
Ube2l3,UBE2L3,UBE2L3,True,True
Ube2l6,UBE2L6,UBE2L6,True,True
Ube2m,UBE2M,UBE2M,True,True
Ube2n,UBE2N,UBE2N,True,True
Ube2o,UBE2O,UBE2O,True,True
Ube2q1,UBE2Q1,UBE2Q1,True,True
Ube2q2,UBE2Q2,UBE2Q2,True,True
Ube2ql1,UBE2QL1,UBE2QL1,True,True
Ube2r2,UBE2R2,UBE2R2,True,True
Ube2s,UBE2S,UBE2S,True,True
Ube2t,UBE2T,UBE2T,True,True
Ube2u,UBE2U,UBE2U,False,True
Ube2v1,UBE2V1,UBE2V1,True,True
Ube2v2,UBE2V2,UBE2V2,True,True
Ube2w,UBE2W,UBE2W,True,True
Ube2z,UBE2Z,UBE2Z,True,True
Ube3a,UBE3A,UBE3A,True,True
Ube3b,UBE3B,UBE3B,True,True
Ube3c,UBE3C,UBE3C,True,True
Ube4a,UBE4A,UBE4A,True,True
Ube4b,UBE4B,UBE4B,True,True
Ubfd1,UBFD1,UBFD1,True,True
Ubiad1,UBIAD1,UBIAD1,True,True
Ubl3,UBL3,UBL3,True,True
Ubl4a,UBL4A,UBL4A,True,True
Ubl5,UBL5,UBL5,True,True
Ubl7,UBL7,UBL7,True,True
Ublcp1,UBLCP1,UBLCP1,True,True
Ubn1,UBN1,UBN1,True,True
Ubn2,UBN2,UBN2,True,True
Ubox5,UBOX5,UBOX5,True,True
Ubp1,UBP1,UBP1,True,True
Ubqln1,UBQLN1,UBQLN1,True,True
Ubqln2,UBQLN2,UBQLN2,True,True
Ubqln4,UBQLN4,UBQLN4,True,True
Ubr1,UBR1,UBR1,True,True
Ubr2,UBR2,UBR2,True,True
Ubr3,UBR3,UBR3,True,True
Ubr4,UBR4,UBR4,True,True
Ubr5,UBR5,UBR5,True,True
Ubr7,UBR7,UBR7,True,True
Ubtd1,UBTD1,UBTD1,True,True
Ubtd2,UBTD2,UBTD2,True,True
Ubtf,UBTF,UBTF,True,True
Ubxn1,UBXN1,UBXN1,True,True
Ubxn10,UBXN10,UBXN10,True,True
Ubxn11,UBXN11,UBXN11,True,True
Ubxn2a,UBXN2A,UBXN2A,True,True
Ubxn2b,UBXN2B,UBXN2B,True,True
Ubxn4,UBXN4,UBXN4,True,True
Ubxn6,UBXN6,UBXN6,True,True
Ubxn7,UBXN7,UBXN7,True,True
Ubxn8,UBXN8,UBXN8,True,True
Uchl1,UCHL1,UCHL1,True,True
Uchl3,UCHL3,UCHL3,True,True
Uchl5,UCHL5,UCHL5,True,True
Uck1,UCK1,UCK1,True,True
Uck2,UCK2,UCK2,True,True
Uckl1,UCKL1,UCKL1,True,True
Ucma,UCMA,UCMA,False,True
Ucn2,UCN2,UCN2,False,True
Ucp1,UCP1,UCP1,True,True
Ucp2,UCP2,UCP2,True,True
Ucp3,UCP3,UCP3,True,True
Uevld,UEVLD,UEVLD,True,True
Ufc1,UFC1,UFC1,True,True
Ufd1,UFD1,UFD1,False,True
Ufl1,UFL1,UFL1,True,True
Ufm1,UFM1,UFM1,True,True
Ufsp1,UFSP1,UFSP1,True,True
Ufsp2,UFSP2,UFSP2,True,True
Ugcg,UGCG,UGCG,True,True
Ugdh,UGDH,UGDH,True,True
Uggt1,UGGT1,UGGT1,True,True
Uggt2,UGGT2,UGGT2,True,True
Ugp2,UGP2,UGP2,True,True
Uhmk1,UHMK1,UHMK1,True,True
Uhrf1,UHRF1,UHRF1,True,True
Uhrf1bp1,UHRF1BP1,UHRF1BP1,True,True
Uhrf1bp1l,UHRF1BP1L,UHRF1BP1L,True,True
Uhrf2,UHRF2,UHRF2,True,True
Uimc1,UIMC1,UIMC1,True,True
Ulbp1,ULBP1,ULBP1,False,True
Ulk1,ULK1,ULK1,True,True
Ulk2,ULK2,ULK2,True,True
Ulk3,ULK3,ULK3,True,True
Ulk4,ULK4,ULK4,True,True
Umad1,UMAD1,UMAD1,True,True
Umodl1,UMODL1,UMODL1,True,True
Umps,UMPS,UMPS,True,True
Unc119,UNC119,UNC119,True,True
Unc119b,UNC119B,UNC119B,True,True
Unc13a,UNC13A,UNC13A,True,True
Unc13b,UNC13B,UNC13B,True,True
Unc13c,UNC13C,UNC13C,True,True
Unc13d,UNC13D,UNC13D,True,True
Unc45a,UNC45A,UNC45A,True,True
Unc45b,UNC45B,UNC45B,False,True
Unc50,UNC50,UNC50,True,True
Unc5a,UNC5A,UNC5A,True,True
Unc5b,UNC5B,UNC5B,True,True
Unc5c,UNC5C,UNC5C,True,True
Unc5cl,UNC5CL,UNC5CL,True,True
Unc5d,UNC5D,UNC5D,True,True
Unc79,UNC79,UNC79,True,True
Unc80,UNC80,UNC80,True,True
Unc93b1,UNC93B1,UNC93B1,True,True
Ung,UNG,UNG,True,True
Unk,UNK,UNK,True,True
Unkl,UNKL,UNKL,True,True
Upb1,UPB1,UPB1,True,True
Upf1,UPF1,UPF1,True,True
Upf2,UPF2,UPF2,True,True
Upf3a,UPF3A,UPF3A,True,True
Upf3b,UPF3B,UPF3B,True,True
Upk1a,UPK1A,UPK1A,False,True
Upk1b,UPK1B,UPK1B,False,True
Upk3a,UPK3A,UPK3A,False,True
Upp1,UPP1,UPP1,True,True
Upp2,UPP2,UPP2,True,True
Uprt,UPRT,UPRT,True,True
Uqcc1,UQCC1,UQCC1,True,True
Uqcc2,UQCC2,UQCC2,True,True
Uqcc3,UQCC3,UQCC3,True,True
Uqcr10,UQCR10,UQCR10,True,True
Uqcr11,UQCR11,UQCR11,True,True
Uqcrb,UQCRB,UQCRB,True,True
Uqcrc1,UQCRC1,UQCRC1,True,True
Uqcrc2,UQCRC2,UQCRC2,True,True
Uqcrfs1,UQCRFS1,UQCRFS1,True,True
Uqcrh,UQCRH,UQCRH,True,True
Uqcrq,UQCRQ,UQCRQ,True,True
Urb1,URB1,URB1,True,True
Urb2,URB2,URB2,True,True
Urgcp,URGCP,URGCP,True,True
Uri1,URI1,URI1,True,True
Urm1,URM1,URM1,True,True
Urod,UROD,UROD,True,True
Uros,UROS,UROS,True,True
Usb1,USB1,USB1,True,True
Use1,USE1,USE1,True,True
Usf1,USF1,USF1,True,True
Usf2,USF2,USF2,True,True
Usf3,USF3,USF3,True,True
Ush1c,USH1C,USH1C,True,True
Ush1g,USH1G,USH1G,False,True
Ush2a,USH2A,USH2A,True,True
Ushbp1,USHBP1,USHBP1,True,True
Usmg5,USMG5,USMG5,True,False
Uso1,USO1,USO1,True,True
Usp1,USP1,USP1,True,True
Usp10,USP10,USP10,True,True
Usp11,USP11,USP11,True,True
Usp12,USP12,USP12,True,True
Usp13,USP13,USP13,True,True
Usp14,USP14,USP14,True,True
Usp15,USP15,USP15,True,True
Usp16,USP16,USP16,True,True
Usp18,USP18,USP18,True,True
Usp19,USP19,USP19,True,True
Usp2,USP2,USP2,True,True
Usp20,USP20,USP20,True,True
Usp21,USP21,USP21,True,True
Usp22,USP22,USP22,True,True
Usp24,USP24,USP24,True,True
Usp25,USP25,USP25,True,True
Usp26,USP26,USP26,False,True
Usp27x,USP27X,USP27X,True,True
Usp28,USP28,USP28,True,True
Usp29,USP29,USP29,False,True
Usp3,USP3,USP3,True,True
Usp30,USP30,USP30,True,True
Usp31,USP31,USP31,True,True
Usp32,USP32,USP32,True,True
Usp33,USP33,USP33,True,True
Usp34,USP34,USP34,True,True
Usp35,USP35,USP35,True,True
Usp36,USP36,USP36,True,True
Usp37,USP37,USP37,True,True
Usp38,USP38,USP38,True,True
Usp39,USP39,USP39,True,True
Usp4,USP4,USP4,True,True
Usp40,USP40,USP40,True,True
Usp42,USP42,USP42,True,True
Usp43,USP43,USP43,True,True
Usp45,USP45,USP45,True,True
Usp46,USP46,USP46,True,True
Usp47,USP47,USP47,True,True
Usp48,USP48,USP48,True,True
Usp49,USP49,USP49,True,True
Usp5,USP5,USP5,True,True
Usp50,USP50,USP50,True,True
Usp51,USP51,USP51,True,True
Usp53,USP53,USP53,True,True
Usp54,USP54,USP54,True,True
Usp6nl,USP6NL,USP6NL,True,True
Usp7,USP7,USP7,True,True
Usp8,USP8,USP8,True,True
Usp9x,USP9X,USP9X,True,True
Usp9y,USP9Y,USP9Y,True,True
Uspl1,USPL1,USPL1,True,True
Ust,UST,UST,True,True
Utf1,UTF1,UTF1,False,True
Utp11,UTP11,UTP11,True,True
Utp14a,UTP14A,UTP14A,True,True
Utp15,UTP15,UTP15,True,True
Utp18,UTP18,UTP18,True,True
Utp20,UTP20,UTP20,True,True
Utp23,UTP23,UTP23,True,True
Utp25,UTP25,UTP25,False,True
Utp3,UTP3,UTP3,True,True
Utp4,UTP4,UTP4,True,True
Utp6,UTP6,UTP6,True,True
Utrn,UTRN,UTRN,True,True
Uty,UTY,UTY,True,True
Uvrag,UVRAG,UVRAG,True,True
Uvssa,UVSSA,UVSSA,True,True
Uxs1,UXS1,UXS1,True,True
Uxt,UXT,UXT,True,True
Vac14,VAC14,VAC14,True,True
Vamp1,VAMP1,VAMP1,True,True
Vamp2,VAMP2,VAMP2,True,True
Vamp3,VAMP3,VAMP3,True,True
Vamp4,VAMP4,VAMP4,True,True
Vamp5,VAMP5,VAMP5,True,True
Vamp7,VAMP7,VAMP7,True,True
Vamp8,VAMP8,VAMP8,True,True
Vangl1,VANGL1,VANGL1,True,True
Vangl2,VANGL2,VANGL2,True,True
Vapa,VAPA,VAPA,True,True
Vapb,VAPB,VAPB,True,True
Vars,VARS,VARS,True,True
Vars2,VARS2,VARS2,True,True
Vash1,VASH1,VASH1,True,True
Vash2,VASH2,VASH2,True,True
Vasn,VASN,VASN,True,True
Vasp,VASP,VASP,True,True
Vat1,VAT1,VAT1,True,True
Vat1l,VAT1L,VAT1L,True,True
Vav1,VAV1,VAV1,True,True
Vav2,VAV2,VAV2,True,True
Vav3,VAV3,VAV3,True,True
Vax2,VAX2,VAX2,True,True
Vbp1,VBP1,VBP1,True,True
Vcam1,VCAM1,VCAM1,True,True
Vcan,VCAN,VCAN,True,True
Vcl,VCL,VCL,True,True
Vcp,VCP,VCP,True,True
Vcpip1,VCPIP1,VCPIP1,True,True
Vcpkmt,VCPKMT,VCPKMT,True,True
Vdac1,VDAC1,VDAC1,True,True
Vdac2,VDAC2,VDAC2,True,True
Vdac3,VDAC3,VDAC3,True,True
Vegfa,VEGFA,VEGFA,True,True
Vegfb,VEGFB,VEGFB,True,True
Vegfc,VEGFC,VEGFC,True,True
Vegfd,VEGFD,VEGFD,True,True
Veph1,VEPH1,VEPH1,True,True
Vezf1,VEZF1,VEZF1,True,True
Vezt,VEZT,VEZT,True,True
Vgf,VGF,VGF,True,True
Vgll3,VGLL3,VGLL3,True,True
Vgll4,VGLL4,VGLL4,True,True
Vhl,VHL,VHL,True,True
Vil1,VIL1,VIL1,False,True
Vill,VILL,VILL,True,True
Vim,VIM,VIM,True,True
Vip,VIP,VIP,True,True
Vipas39,VIPAS39,VIPAS39,True,True
Vipr1,VIPR1,VIPR1,True,True
Vipr2,VIPR2,VIPR2,True,True
Virma,VIRMA,VIRMA,False,True
Vit,VIT,VIT,True,True
Vkorc1,VKORC1,VKORC1,True,True
Vkorc1l1,VKORC1L1,VKORC1L1,True,True
Vldlr,VLDLR,VLDLR,True,True
Vma21,VMA21,VMA21,True,True
Vmac,VMAC,VMAC,True,True
Vmo1,VMO1,VMO1,True,True
Vmp1,VMP1,VMP1,True,True
Vopp1,VOPP1,VOPP1,True,True
Vpreb3,VPREB3,VPREB3,True,True
Vps11,VPS11,VPS11,True,True
Vps13a,VPS13A,VPS13A,True,True
Vps13b,VPS13B,VPS13B,True,True
Vps13c,VPS13C,VPS13C,True,True
Vps13d,VPS13D,VPS13D,True,True
Vps16,VPS16,VPS16,True,True
Vps18,VPS18,VPS18,True,True
Vps25,VPS25,VPS25,True,True
Vps26a,VPS26A,VPS26A,True,True
Vps26b,VPS26B,VPS26B,True,True
Vps26c,VPS26C,VPS26C,False,True
Vps28,VPS28,VPS28,True,True
Vps29,VPS29,VPS29,True,True
Vps33a,VPS33A,VPS33A,True,True
Vps33b,VPS33B,VPS33B,True,True
Vps35,VPS35,VPS35,True,True
Vps35l,VPS35L,VPS35L,False,True
Vps36,VPS36,VPS36,True,True
Vps37a,VPS37A,VPS37A,True,True
Vps37b,VPS37B,VPS37B,True,True
Vps37c,VPS37C,VPS37C,True,True
Vps37d,VPS37D,VPS37D,True,True
Vps39,VPS39,VPS39,True,True
Vps41,VPS41,VPS41,True,True
Vps45,VPS45,VPS45,True,True
Vps4a,VPS4A,VPS4A,True,True
Vps4b,VPS4B,VPS4B,True,True
Vps50,VPS50,VPS50,True,True
Vps51,VPS51,VPS51,True,True
Vps52,VPS52,VPS52,True,True
Vps53,VPS53,VPS53,True,True
Vps54,VPS54,VPS54,True,True
Vps72,VPS72,VPS72,True,True
Vps8,VPS8,VPS8,True,True
Vps9d1,VPS9D1,VPS9D1,True,True
Vrk1,VRK1,VRK1,True,True
Vrk2,VRK2,VRK2,True,True
Vrk3,VRK3,VRK3,True,True
Vsig10,VSIG10,VSIG10,True,True
Vsig10l,VSIG10L,VSIG10L,True,True
Vsig2,VSIG2,VSIG2,True,True
Vsig8,VSIG8,VSIG8,False,True
Vsir,VSIR,VSIR,False,True
Vsnl1,VSNL1,VSNL1,True,True
Vstm2a,VSTM2A,VSTM2A,True,True
Vstm2b,VSTM2B,VSTM2B,True,True
Vstm2l,VSTM2L,VSTM2L,True,True
Vstm4,VSTM4,VSTM4,True,True
Vstm5,VSTM5,VSTM5,True,True
Vsx1,VSX1,VSX1,True,True
Vta1,VTA1,VTA1,True,True
Vti1a,VTI1A,VTI1A,True,True
Vti1b,VTI1B,VTI1B,True,True
Vtn,VTN,VTN,True,True
Vwa1,VWA1,VWA1,True,True
Vwa2,VWA2,VWA2,True,True
Vwa3a,VWA3A,VWA3A,True,True
Vwa3b,VWA3B,VWA3B,True,True
Vwa5a,VWA5A,VWA5A,True,True
Vwa5b1,VWA5B1,VWA5B1,True,True
Vwa5b2,VWA5B2,VWA5B2,True,True
Vwa7,VWA7,VWA7,True,True
Vwa8,VWA8,VWA8,True,True
Vwc2,VWC2,VWC2,True,True
Vwc2l,VWC2L,VWC2L,True,True
Vwce,VWCE,VWCE,True,True
Vwde,VWDE,VWDE,True,True
Vwf,VWF,VWF,True,True
Vxn,VXN,VXN,False,True
Wac,WAC,WAC,True,True
Wapl,WAPL,WAPL,True,True
Wars,WARS,WARS,True,True
Wars2,WARS2,WARS2,True,True
Was,WAS,WAS,True,True
Wasf1,WASF1,WASF1,True,True
Wasf2,WASF2,WASF2,True,True
Wasf3,WASF3,WASF3,True,True
Washc1,WASHC1,WASHC1,False,True
Washc3,WASHC3,WASHC3,False,True
Washc4,WASHC4,WASHC4,False,True
Washc5,WASHC5,WASHC5,False,True
Wasl,WASL,WASL,True,True
Wbp1,WBP1,WBP1,True,True
Wbp11,WBP11,WBP11,True,True
Wbp1l,WBP1L,WBP1L,True,True
Wbp2,WBP2,WBP2,True,True
Wbp4,WBP4,WBP4,True,True
Wdcp,WDCP,WDCP,True,True
Wdfy1,WDFY1,WDFY1,True,True
Wdfy2,WDFY2,WDFY2,True,True
Wdfy3,WDFY3,WDFY3,True,True
Wdfy4,WDFY4,WDFY4,True,True
Wdhd1,WDHD1,WDHD1,True,True
Wdpcp,WDPCP,WDPCP,True,True
Wdr1,WDR1,WDR1,True,True
Wdr11,WDR11,WDR11,True,True
Wdr12,WDR12,WDR12,True,True
Wdr13,WDR13,WDR13,True,True
Wdr17,WDR17,WDR17,True,True
Wdr18,WDR18,WDR18,True,True
Wdr19,WDR19,WDR19,True,True
Wdr20,WDR20,WDR20,True,True
Wdr24,WDR24,WDR24,True,True
Wdr25,WDR25,WDR25,True,True
Wdr26,WDR26,WDR26,True,True
Wdr27,WDR27,WDR27,True,True
Wdr3,WDR3,WDR3,True,True
Wdr31,WDR31,WDR31,True,True
Wdr33,WDR33,WDR33,True,True
Wdr34,WDR34,WDR34,True,True
Wdr35,WDR35,WDR35,True,True
Wdr36,WDR36,WDR36,True,True
Wdr37,WDR37,WDR37,True,True
Wdr38,WDR38,WDR38,True,True
Wdr4,WDR4,WDR4,True,True
Wdr41,WDR41,WDR41,True,True
Wdr43,WDR43,WDR43,True,True
Wdr44,WDR44,WDR44,True,True
Wdr45,WDR45,WDR45,True,True
Wdr45b,WDR45B,WDR45B,True,True
Wdr46,WDR46,WDR46,True,True
Wdr47,WDR47,WDR47,True,True
Wdr48,WDR48,WDR48,True,True
Wdr49,WDR49,WDR49,True,True
Wdr5,WDR5,WDR5,True,True
Wdr53,WDR53,WDR53,True,True
Wdr54,WDR54,WDR54,True,True
Wdr55,WDR55,WDR55,True,True
Wdr59,WDR59,WDR59,True,True
Wdr5b,WDR5B,WDR5B,True,True
Wdr6,WDR6,WDR6,True,True
Wdr60,WDR60,WDR60,True,True
Wdr61,WDR61,WDR61,True,True
Wdr62,WDR62,WDR62,True,True
Wdr63,WDR63,WDR63,True,True
Wdr66,WDR66,WDR66,True,True
Wdr7,WDR7,WDR7,True,True
Wdr70,WDR70,WDR70,True,True
Wdr72,WDR72,WDR72,False,True
Wdr73,WDR73,WDR73,True,True
Wdr74,WDR74,WDR74,True,True
Wdr75,WDR75,WDR75,True,True
Wdr76,WDR76,WDR76,True,True
Wdr77,WDR77,WDR77,True,True
Wdr78,WDR78,WDR78,True,True
Wdr81,WDR81,WDR81,True,True
Wdr82,WDR82,WDR82,True,True
Wdr83,WDR83,WDR83,True,True
Wdr83os,WDR83OS,WDR83OS,True,True
Wdr86,WDR86,WDR86,True,True
Wdr89,WDR89,WDR89,True,True
Wdr90,WDR90,WDR90,True,True
Wdr91,WDR91,WDR91,True,True
Wdr92,WDR92,WDR92,True,True
Wdr93,WDR93,WDR93,True,True
Wdsub1,WDSUB1,WDSUB1,True,True
Wdtc1,WDTC1,WDTC1,True,True
Wdyhv1,WDYHV1,WDYHV1,True,True
Wee1,WEE1,WEE1,True,True
Wee2,WEE2,WEE2,False,True
Wfdc1,WFDC1,WFDC1,True,True
Wfdc12,WFDC12,WFDC12,False,True
Wfdc2,WFDC2,WFDC2,True,True
Wfdc3,WFDC3,WFDC3,True,True
Wfdc8,WFDC8,WFDC8,False,True
Wfikkn1,WFIKKN1,WFIKKN1,True,True
Wfikkn2,WFIKKN2,WFIKKN2,True,True
Wfs1,WFS1,WFS1,True,True
Whamm,WHAMM,WHAMM,True,True
Whrn,WHRN,WHRN,True,True
Wif1,WIF1,WIF1,True,True
Wipf1,WIPF1,WIPF1,True,True
Wipf2,WIPF2,WIPF2,True,True
Wipf3,WIPF3,WIPF3,True,True
Wipi1,WIPI1,WIPI1,True,True
Wipi2,WIPI2,WIPI2,True,True
Wisp1,WISP1,WISP1,True,False
Wiz,WIZ,WIZ,True,True
Wls,WLS,WLS,True,True
Wnk1,WNK1,WNK1,True,True
Wnk2,WNK2,WNK2,True,True
Wnk3,WNK3,WNK3,True,True
Wnk4,WNK4,WNK4,False,True
Wnt10a,WNT10A,WNT10A,True,True
Wnt11,WNT11,WNT11,True,True
Wnt2,WNT2,WNT2,True,True
Wnt2b,WNT2B,WNT2B,True,True
Wnt3,WNT3,WNT3,True,True
Wnt4,WNT4,WNT4,True,True
Wnt5a,WNT5A,WNT5A,True,True
Wnt5b,WNT5B,WNT5B,True,True
Wnt6,WNT6,WNT6,False,True
Wnt7a,WNT7A,WNT7A,True,True
Wnt7b,WNT7B,WNT7B,True,True
Wnt8b,WNT8B,WNT8B,False,True
Wnt9a,WNT9A,WNT9A,True,True
Wnt9b,WNT9B,WNT9B,True,True
Wrap53,WRAP53,WRAP53,True,True
Wrap73,WRAP73,WRAP73,True,True
Wrb,WRB,WRB,True,False
Wrn,WRN,WRN,True,True
Wrnip1,WRNIP1,WRNIP1,True,True
Wsb1,WSB1,WSB1,True,True
Wsb2,WSB2,WSB2,True,True
Wscd1,WSCD1,WSCD1,True,True
Wscd2,WSCD2,WSCD2,True,True
Wtap,WTAP,WTAP,True,True
Wtip,WTIP,WTIP,True,True
Wwc1,WWC1,WWC1,True,True
Wwc2,WWC2,WWC2,True,True
Wwox,WWOX,WWOX,True,True
Wwp1,WWP1,WWP1,True,True
Wwp2,WWP2,WWP2,True,True
Wwtr1,WWTR1,WWTR1,True,True
Xab2,XAB2,XAB2,True,True
Xaf1,XAF1,XAF1,True,True
Xbp1,XBP1,XBP1,True,True
Xdh,XDH,XDH,False,True
Xiap,XIAP,XIAP,True,True
Xirp1,XIRP1,XIRP1,True,True
Xist,XIST,XIST,True,True
Xk,XK,XK,True,True
Xkr4,XKR4,XKR4,True,True
Xkr6,XKR6,XKR6,True,True
Xkr7,XKR7,XKR7,True,True
Xkr8,XKR8,XKR8,True,True
Xkrx,XKRX,XKRX,True,True
Xpa,XPA,XPA,True,True
Xpc,XPC,XPC,True,True
Xpnpep1,XPNPEP1,XPNPEP1,True,True
Xpnpep3,XPNPEP3,XPNPEP3,True,True
Xpo1,XPO1,XPO1,True,True
Xpo4,XPO4,XPO4,True,True
Xpo5,XPO5,XPO5,True,True
Xpo6,XPO6,XPO6,True,True
Xpo7,XPO7,XPO7,True,True
Xpot,XPOT,XPOT,True,True
Xpr1,XPR1,XPR1,True,True
Xrcc1,XRCC1,XRCC1,True,True
Xrcc2,XRCC2,XRCC2,True,True
Xrcc3,XRCC3,XRCC3,True,True
Xrcc4,XRCC4,XRCC4,True,True
Xrcc5,XRCC5,XRCC5,True,True
Xrcc6,XRCC6,XRCC6,True,True
Xrn1,XRN1,XRN1,True,True
Xrn2,XRN2,XRN2,True,True
Xrra1,XRRA1,XRRA1,True,True
Xxylt1,XXYLT1,XXYLT1,True,True
Xylb,XYLB,XYLB,True,True
Xylt1,XYLT1,XYLT1,True,True
Xylt2,XYLT2,XYLT2,True,True
Yae1d1,YAE1D1,YAE1D1,True,False
Yaf2,YAF2,YAF2,True,True
Yap1,YAP1,YAP1,True,True
Yars,YARS,YARS,True,True
Yars2,YARS2,YARS2,True,True
Ybey,YBEY,YBEY,True,True
Ybx1,YBX1,YBX1,True,True
Ybx2,YBX2,YBX2,False,True
Ybx3,YBX3,YBX3,True,True
Ydjc,YDJC,YDJC,True,True
Yeats2,YEATS2,YEATS2,True,True
Yeats4,YEATS4,YEATS4,True,True
Yes1,YES1,YES1,True,True
Yif1a,YIF1A,YIF1A,True,True
Yif1b,YIF1B,YIF1B,True,True
Yipf1,YIPF1,YIPF1,True,True
Yipf2,YIPF2,YIPF2,True,True
Yipf3,YIPF3,YIPF3,True,True
Yipf4,YIPF4,YIPF4,True,True
Yipf5,YIPF5,YIPF5,True,True
Yipf6,YIPF6,YIPF6,True,True
Yipf7,YIPF7,YIPF7,True,True
Yjefn3,YJEFN3,YJEFN3,True,True
Yju2,YJU2,YJU2,False,True
Ykt6,YKT6,YKT6,True,True
Ylpm1,YLPM1,YLPM1,True,True
Yme1l1,YME1L1,YME1L1,True,True
Yod1,YOD1,YOD1,True,True
Ypel1,YPEL1,YPEL1,True,True
Ypel2,YPEL2,YPEL2,True,True
Ypel3,YPEL3,YPEL3,True,True
Ypel4,YPEL4,YPEL4,True,True
Ypel5,YPEL5,YPEL5,True,True
Yrdc,YRDC,YRDC,True,True
Ythdc1,YTHDC1,YTHDC1,True,True
Ythdc2,YTHDC2,YTHDC2,True,True
Ythdf1,YTHDF1,YTHDF1,True,True
Ythdf2,YTHDF2,YTHDF2,True,True
Ythdf3,YTHDF3,YTHDF3,True,True
Ywhab,YWHAB,YWHAB,True,True
Ywhae,YWHAE,YWHAE,True,True
Ywhag,YWHAG,YWHAG,True,True
Ywhah,YWHAH,YWHAH,True,True
Ywhaq,YWHAQ,YWHAQ,True,True
Ywhaz,YWHAZ,YWHAZ,True,True
Yy1,YY1,YY1,True,True
Zadh2,ZADH2,ZADH2,True,True
Zan,ZAN,ZAN,False,True
Zap70,ZAP70,ZAP70,True,True
Zar1l,ZAR1L,ZAR1L,False,True
Zbbx,ZBBX,ZBBX,True,True
Zbed3,ZBED3,ZBED3,True,True
Zbed4,ZBED4,ZBED4,True,True
Zbed5,ZBED5,ZBED5,True,True
Zbp1,ZBP1,ZBP1,False,True
Zbtb1,ZBTB1,ZBTB1,True,True
Zbtb10,ZBTB10,ZBTB10,True,True
Zbtb11,ZBTB11,ZBTB11,True,True
Zbtb12,ZBTB12,ZBTB12,True,True
Zbtb14,ZBTB14,ZBTB14,True,True
Zbtb16,ZBTB16,ZBTB16,True,True
Zbtb17,ZBTB17,ZBTB17,True,True
Zbtb18,ZBTB18,ZBTB18,True,True
Zbtb2,ZBTB2,ZBTB2,True,True
Zbtb20,ZBTB20,ZBTB20,True,True
Zbtb21,ZBTB21,ZBTB21,True,True
Zbtb22,ZBTB22,ZBTB22,True,True
Zbtb24,ZBTB24,ZBTB24,True,True
Zbtb25,ZBTB25,ZBTB25,True,True
Zbtb26,ZBTB26,ZBTB26,True,True
Zbtb3,ZBTB3,ZBTB3,True,True
Zbtb33,ZBTB33,ZBTB33,True,True
Zbtb34,ZBTB34,ZBTB34,True,True
Zbtb37,ZBTB37,ZBTB37,True,True
Zbtb38,ZBTB38,ZBTB38,True,True
Zbtb39,ZBTB39,ZBTB39,True,True
Zbtb4,ZBTB4,ZBTB4,True,True
Zbtb40,ZBTB40,ZBTB40,True,True
Zbtb41,ZBTB41,ZBTB41,True,True
Zbtb42,ZBTB42,ZBTB42,True,True
Zbtb43,ZBTB43,ZBTB43,True,True
Zbtb44,ZBTB44,ZBTB44,True,True
Zbtb45,ZBTB45,ZBTB45,True,True
Zbtb46,ZBTB46,ZBTB46,True,True
Zbtb48,ZBTB48,ZBTB48,True,True
Zbtb49,ZBTB49,ZBTB49,True,True
Zbtb5,ZBTB5,ZBTB5,True,True
Zbtb6,ZBTB6,ZBTB6,True,True
Zbtb7a,ZBTB7A,ZBTB7A,True,True
Zbtb7b,ZBTB7B,ZBTB7B,True,True
Zbtb7c,ZBTB7C,ZBTB7C,True,True
Zbtb8a,ZBTB8A,ZBTB8A,True,True
Zbtb8b,ZBTB8B,ZBTB8B,True,True
Zbtb8os,ZBTB8OS,ZBTB8OS,True,True
Zbtb9,ZBTB9,ZBTB9,False,True
Zc2hc1a,ZC2HC1A,ZC2HC1A,True,True
Zc2hc1b,ZC2HC1B,ZC2HC1B,False,True
Zc2hc1c,ZC2HC1C,ZC2HC1C,True,True
Zc3h10,ZC3H10,ZC3H10,True,True
Zc3h11a,ZC3H11A,ZC3H11A,True,True
Zc3h12a,ZC3H12A,ZC3H12A,True,True
Zc3h12b,ZC3H12B,ZC3H12B,True,True
Zc3h12c,ZC3H12C,ZC3H12C,True,True
Zc3h12d,ZC3H12D,ZC3H12D,True,True
Zc3h13,ZC3H13,ZC3H13,True,True
Zc3h14,ZC3H14,ZC3H14,True,True
Zc3h15,ZC3H15,ZC3H15,True,True
Zc3h18,ZC3H18,ZC3H18,True,True
Zc3h3,ZC3H3,ZC3H3,True,True
Zc3h4,ZC3H4,ZC3H4,True,True
Zc3h6,ZC3H6,ZC3H6,True,True
Zc3h7a,ZC3H7A,ZC3H7A,True,True
Zc3h7b,ZC3H7B,ZC3H7B,True,True
Zc3h8,ZC3H8,ZC3H8,True,True
Zc3hav1,ZC3HAV1,ZC3HAV1,True,True
Zc3hav1l,ZC3HAV1L,ZC3HAV1L,True,True
Zc3hc1,ZC3HC1,ZC3HC1,True,True
Zc4h2,ZC4H2,ZC4H2,True,True
Zcchc10,ZCCHC10,ZCCHC10,True,True
Zcchc11,ZCCHC11,ZCCHC11,True,False
Zcchc12,ZCCHC12,ZCCHC12,True,True
Zcchc14,ZCCHC14,ZCCHC14,True,True
Zcchc17,ZCCHC17,ZCCHC17,True,True
Zcchc18,ZCCHC18,ZCCHC18,True,True
Zcchc2,ZCCHC2,ZCCHC2,True,True
Zcchc24,ZCCHC24,ZCCHC24,True,True
Zcchc3,ZCCHC3,ZCCHC3,True,True
Zcchc4,ZCCHC4,ZCCHC4,True,True
Zcchc6,ZCCHC6,ZCCHC6,True,False
Zcchc7,ZCCHC7,ZCCHC7,True,True
Zcchc8,ZCCHC8,ZCCHC8,True,True
Zcchc9,ZCCHC9,ZCCHC9,True,True
Zcrb1,ZCRB1,ZCRB1,True,True
Zcwpw1,ZCWPW1,ZCWPW1,True,True
Zcwpw2,ZCWPW2,ZCWPW2,True,True
Zdbf2,ZDBF2,ZDBF2,True,True
Zdhhc1,ZDHHC1,ZDHHC1,True,True
Zdhhc12,ZDHHC12,ZDHHC12,True,True
Zdhhc13,ZDHHC13,ZDHHC13,True,True
Zdhhc14,ZDHHC14,ZDHHC14,True,True
Zdhhc15,ZDHHC15,ZDHHC15,True,True
Zdhhc16,ZDHHC16,ZDHHC16,True,True
Zdhhc17,ZDHHC17,ZDHHC17,True,True
Zdhhc18,ZDHHC18,ZDHHC18,True,True
Zdhhc19,ZDHHC19,ZDHHC19,True,True
Zdhhc2,ZDHHC2,ZDHHC2,True,True
Zdhhc20,ZDHHC20,ZDHHC20,True,True
Zdhhc21,ZDHHC21,ZDHHC21,True,True
Zdhhc22,ZDHHC22,ZDHHC22,True,True
Zdhhc23,ZDHHC23,ZDHHC23,True,True
Zdhhc24,ZDHHC24,ZDHHC24,True,True
Zdhhc3,ZDHHC3,ZDHHC3,True,True
Zdhhc4,ZDHHC4,ZDHHC4,True,True
Zdhhc5,ZDHHC5,ZDHHC5,True,True
Zdhhc6,ZDHHC6,ZDHHC6,True,True
Zdhhc7,ZDHHC7,ZDHHC7,True,True
Zdhhc8,ZDHHC8,ZDHHC8,True,True
Zdhhc9,ZDHHC9,ZDHHC9,True,True
Zeb1,ZEB1,ZEB1,True,True
Zeb2,ZEB2,ZEB2,True,True
Zer1,ZER1,ZER1,True,True
Zfand1,ZFAND1,ZFAND1,True,True
Zfand2a,ZFAND2A,ZFAND2A,True,True
Zfand2b,ZFAND2B,ZFAND2B,True,True
Zfand3,ZFAND3,ZFAND3,True,True
Zfand4,ZFAND4,ZFAND4,True,True
Zfand5,ZFAND5,ZFAND5,True,True
Zfand6,ZFAND6,ZFAND6,True,True
Zfas1,ZFAS1,ZFAS1,True,True
Zfat,ZFAT,ZFAT,True,True
Zfc3h1,ZFC3H1,ZFC3H1,True,True
Zfhx2,ZFHX2,ZFHX2,True,True
Zfhx3,ZFHX3,ZFHX3,True,True
Zfhx4,ZFHX4,ZFHX4,True,True
Zfp1,ZFP1,ZFP1,True,True
Zfp14,ZFP14,ZFP14,True,True
Zfp2,ZFP2,ZFP2,True,True
Zfp28,ZFP28,ZFP28,True,True
Zfp3,ZFP3,ZFP3,True,True
Zfp30,ZFP30,ZFP30,True,True
Zfp36,ZFP36,ZFP36,True,True
Zfp36l1,ZFP36L1,ZFP36L1,True,True
Zfp36l2,ZFP36L2,ZFP36L2,True,True
Zfp37,ZFP37,ZFP37,True,True
Zfp41,ZFP41,ZFP41,True,True
Zfp57,ZFP57,ZFP57,False,True
Zfp62,ZFP62,ZFP62,True,True
Zfp64,ZFP64,ZFP64,True,True
Zfp69,ZFP69,ZFP69,True,True
Zfp82,ZFP82,ZFP82,True,True
Zfp90,ZFP90,ZFP90,True,True
Zfp91,ZFP91,ZFP91,True,True
Zfp92,ZFP92,ZFP92,True,True
Zfpl1,ZFPL1,ZFPL1,True,True
Zfpm1,ZFPM1,ZFPM1,True,True
Zfpm2,ZFPM2,ZFPM2,True,True
Zfr,ZFR,ZFR,True,True
Zfr2,ZFR2,ZFR2,True,True
Zfx,ZFX,ZFX,True,True
Zfyve1,ZFYVE1,ZFYVE1,True,True
Zfyve16,ZFYVE16,ZFYVE16,True,True
Zfyve19,ZFYVE19,ZFYVE19,True,True
Zfyve21,ZFYVE21,ZFYVE21,True,True
Zfyve26,ZFYVE26,ZFYVE26,True,True
Zfyve27,ZFYVE27,ZFYVE27,True,True
Zfyve28,ZFYVE28,ZFYVE28,True,True
Zfyve9,ZFYVE9,ZFYVE9,True,True
Zglp1,ZGLP1,ZGLP1,True,True
Zgpat,ZGPAT,ZGPAT,True,True
Zgrf1,ZGRF1,ZGRF1,True,True
Zhx1,ZHX1,ZHX1,True,True
Zhx2,ZHX2,ZHX2,True,True
Zhx3,ZHX3,ZHX3,True,True
Zic1,ZIC1,ZIC1,True,True
Zic2,ZIC2,ZIC2,True,True
Zic3,ZIC3,ZIC3,True,True
Zic4,ZIC4,ZIC4,True,True
Zic5,ZIC5,ZIC5,True,True
Zik1,ZIK1,ZIK1,True,True
Zim3,ZIM3,ZIM3,False,True
Zkscan1,ZKSCAN1,ZKSCAN1,True,True
Zkscan2,ZKSCAN2,ZKSCAN2,True,True
Zkscan3,ZKSCAN3,ZKSCAN3,True,True
Zkscan4,ZKSCAN4,ZKSCAN4,True,True
Zkscan5,ZKSCAN5,ZKSCAN5,True,True
Zkscan7,ZKSCAN7,ZKSCAN7,True,True
Zkscan8,ZKSCAN8,ZKSCAN8,True,True
Zmat1,ZMAT1,ZMAT1,True,True
Zmat2,ZMAT2,ZMAT2,True,True
Zmat3,ZMAT3,ZMAT3,True,True
Zmat4,ZMAT4,ZMAT4,True,True
Zmat5,ZMAT5,ZMAT5,True,True
Zmiz1,ZMIZ1,ZMIZ1,True,True
Zmiz2,ZMIZ2,ZMIZ2,True,True
Zmpste24,ZMPSTE24,ZMPSTE24,True,True
Zmym1,ZMYM1,ZMYM1,True,True
Zmym2,ZMYM2,ZMYM2,True,True
Zmym3,ZMYM3,ZMYM3,True,True
Zmym4,ZMYM4,ZMYM4,True,True
Zmym5,ZMYM5,ZMYM5,True,True
Zmym6,ZMYM6,ZMYM6,True,True
Zmynd10,ZMYND10,ZMYND10,True,True
Zmynd11,ZMYND11,ZMYND11,True,True
Zmynd12,ZMYND12,ZMYND12,True,True
Zmynd15,ZMYND15,ZMYND15,True,True
Zmynd19,ZMYND19,ZMYND19,True,True
Zmynd8,ZMYND8,ZMYND8,True,True
Znfx1,ZNFX1,ZNFX1,True,True
Znhit1,ZNHIT1,ZNHIT1,True,True
Znhit2,ZNHIT2,ZNHIT2,True,True
Znhit3,ZNHIT3,ZNHIT3,True,True
Znhit6,ZNHIT6,ZNHIT6,True,True
Znrd1,ZNRD1,ZNRD1,True,True
Znrd2,ZNRD2,ZNRD2,False,True
Znrf1,ZNRF1,ZNRF1,True,True
Znrf2,ZNRF2,ZNRF2,True,True
Znrf3,ZNRF3,ZNRF3,True,True
Zp3,ZP3,ZP3,True,True
Zpbp,ZPBP,ZPBP,False,True
Zpbp2,ZPBP2,ZPBP2,False,True
Zpld1,ZPLD1,ZPLD1,False,True
Zpr1,ZPR1,ZPR1,True,True
Zranb1,ZRANB1,ZRANB1,True,True
Zranb2,ZRANB2,ZRANB2,True,True
Zranb3,ZRANB3,ZRANB3,True,True
Zrsr2,ZRSR2,ZRSR2,True,True
Zscan12,ZSCAN12,ZSCAN12,True,True
Zscan18,ZSCAN18,ZSCAN18,True,True
Zscan2,ZSCAN2,ZSCAN2,True,True
Zscan20,ZSCAN20,ZSCAN20,True,True
Zscan21,ZSCAN21,ZSCAN21,True,True
Zscan22,ZSCAN22,ZSCAN22,True,True
Zscan25,ZSCAN25,ZSCAN25,True,True
Zscan26,ZSCAN26,ZSCAN26,True,True
Zscan29,ZSCAN29,ZSCAN29,True,True
Zswim1,ZSWIM1,ZSWIM1,True,True
Zswim2,ZSWIM2,ZSWIM2,False,True
Zswim3,ZSWIM3,ZSWIM3,True,True
Zswim4,ZSWIM4,ZSWIM4,True,True
Zswim5,ZSWIM5,ZSWIM5,True,True
Zswim6,ZSWIM6,ZSWIM6,True,True
Zswim7,ZSWIM7,ZSWIM7,True,True
Zswim8,ZSWIM8,ZSWIM8,True,True
Zswim9,ZSWIM9,ZSWIM9,False,True
Zufsp,ZUFSP,ZUFSP,True,False
Zup1,ZUP1,ZUP1,False,True
Zw10,ZW10,ZW10,True,True
Zwilch,ZWILCH,ZWILCH,True,True
Zwint,ZWINT,ZWINT,True,True
Zxdb,ZXDB,ZXDB,True,True
Zxdc,ZXDC,ZXDC,True,True
Zyg11b,ZYG11B,ZYG11B,True,True
Zyx,ZYX,ZYX,True,True
Zzef1,ZZEF1,ZZEF1,True,True
Zzz3,ZZZ3,ZZZ3,True,False
mt-Atp6,MT-ATP6,MT-ATP6,True,True
mt-Atp8,MT-ATP8,MT-ATP8,True,True
mt-Co1,MT-CO1,MT-CO1,True,True
mt-Co2,MT-CO2,MT-CO2,True,True
mt-Co3,MT-CO3,MT-CO3,True,True
mt-Nd1,MT-ND1,MT-ND1,True,True
mt-Nd2,MT-ND2,MT-ND2,True,True
mt-Nd3,MT-ND3,MT-ND3,True,True
mt-Nd4,MT-ND4,MT-ND4,True,True
mt-Nd4l,MT-ND4L,MT-ND4L,True,True
mt-Nd5,MT-ND5,MT-ND5,True,True
mt-Nd6,MT-ND6,MT-ND6,True,True
