cell_id,UMAP1,UMAP2,figure1_lhb_subregion
AAACGCTTCTCGACCT-1,0.08098457,6.604772,Oval/Medial
AAAGGATTCATGCATG-1,6.473362,8.373185,Oval/Medial
AAAGTGATCATGAAAG-1,3.7192006,13.668025,Oval/Medial
AAATGGACATAGTCGT-1,1.9100493,3.3964622,Lateral
AAATGGAGTGCCTACG-1,0.5623163,4.8956323,Oval/Medial
AACAACCGTAAGATTG-1,1.1808635,5.9148326,Oval/Medial
AACCACACAGGTAGTG-1,-3.9616456,7.7791967,Marginal
AACCATGAGAAGTCAT-1,2.1064112,1.1101978,Lateral
AACCCAAAGGGACCAT-1,3.8083353,12.048281,Oval/Medial
AACCCAAAGTGCAACG-1,0.2781247,8.423139,Oval/Medial
AACCCAAGTATTCTCT-1,0.055643413,7.3810954,Oval/Medial
AACCTTTGTCTGATCA-1,-2.03786,0.16902289,Hbx
AAGAACAGTCCCGTGA-1,-0.8742781,7.178635,Oval/Medial
AAGAACAGTTGTAAAG-1,-1.9695041,7.588062,Marginal
AAGAACATCCCGTTCA-1,-0.5589206,5.009798,Oval/Medial
AAGACAATCCGAGTGC-1,6.4265184,2.3214939,Oval/Medial
AAGACAATCGTAACCA-1,7.594425,7.014288,Oval/Medial
AAGATAGGTAAGTCAA-1,1.4269978,9.771009,Oval/Medial
AAGATAGTCATGCTAG-1,6.802594,6.936613,Oval/Medial
AAGCGAGAGACTCTTG-1,-2.9605272,8.403786,Marginal
AAGCGAGAGTGTAGTA-1,-2.9450881,8.297247,Marginal
AAGGAATAGGGCCAAT-1,-0.6441396,8.549292,Oval/Medial
AAGGAATAGTGCTAGG-1,-2.0705547,0.103282526,Hbx
AAGGAATGTCAAAGTA-1,-0.70894384,4.0257425,Oval/Medial
AAGTCGTAGCCGATAG-1,0.4905548,6.417383,Oval/Medial
AAGTCGTCATACTGAC-1,-0.93259525,6.5770845,Oval/Medial
AAGTCGTGTATCATGC-1,-1.2645146,0.45960167,Hbx
AATCGACCAAGGAGTC-1,0.47841057,2.9172711,Lateral
AATCGTGCATGTGACT-1,-2.842147,7.1290226,Marginal
AATGAAGGTGTCTTGA-1,-3.0753124,7.5381665,Marginal
AATGAAGTCAGTGTTG-1,4.663318,6.2257338,Oval/Medial
AATGACCTCGCTAAAC-1,5.8855677,10.160965,Oval/Medial
AATGCCACATCCTATT-1,0.8662463,3.8281715,Lateral
AATGGAACACTAGAGG-1,6.847383,8.180106,Oval/Medial
AATGGCTAGGTTACCT-1,-0.7336842,6.805829,Oval/Medial
ACAAAGATCCGGACTG-1,-4.196415,7.072589,Marginal
ACACAGTGTCTGCGCA-1,-4.1160064,6.205206,Marginal
ACACCAAAGCATATGA-1,2.9438965,7.125653,Oval/Medial
ACACCAATCAATCCAG-1,0.99513674,5.3603826,Oval/Medial
ACACCAATCGAATGCT-1,-0.09491744,5.7945223,Oval/Medial
ACAGCCGGTCTCTCAC-1,-3.485135,6.937925,Marginal
ACAGGGAAGACCAAAT-1,-1.1236894,3.5788069,Hbx
ACAGGGATCGTGGCGT-1,1.390052,7.2835975,Oval/Medial
ACATCGACATCCCACT-1,8.411591,7.356395,Oval/Medial
ACATCGAGTGGCTGCT-1,-0.8014468,6.1916265,Oval/Medial
ACATCGATCTGGTGGC-1,6.5652328,2.262461,Oval/Medial
ACATGCAAGCAACCAG-1,3.0504878,12.380538,Oval/Medial
ACATGCAAGCTGACCC-1,-0.5525545,6.1710424,Oval/Medial
ACATGCAGTTAAGACA-1,6.387538,7.211237,Oval/Medial
ACATTTCGTATACAGA-1,-1.2028425,6.136491,Oval/Medial
ACATTTCTCATAAGGA-1,0.33653647,6.217475,Oval/Medial
ACATTTCTCTCGAACA-1,-3.529909,6.8521166,Marginal
ACCAAACAGGTGCGAT-1,4.9970813,6.15683,Oval/Medial
ACCACAAGTAGGGTAC-1,-0.8620331,6.2527814,Oval/Medial
ACCCAAACATATGGCT-1,-1.3418831,6.890113,Oval/Medial
ACCCTCACATGTGCTA-1,-0.08478535,7.7677445,Oval/Medial
ACCCTTGCAGCGATTT-1,-2.4020417,6.4205346,Marginal
ACCGTTCCACGATTCA-1,1.377033,8.901736,Oval/Medial
ACCGTTCGTAGGTGCA-1,-3.9447472,5.386898,Marginal
ACCGTTCGTTATCCAG-1,-3.0772154,7.426436,Marginal
ACCTGAAAGTCAGCGA-1,2.012725,6.397421,Oval/Medial
ACGATGTCAACAGAGC-1,1.0748022,4.082474,Lateral
ACGATGTGTGCATCTA-1,-1.7387602,7.828858,Marginal
ACGCACGGTACGATGG-1,2.2003725,1.7442077,Lateral
ACGCACGTCACGATCA-1,-3.4242694,5.872608,Marginal
ACGGGTCGTCGAATGG-1,2.4718597,7.6291766,Oval/Medial
ACGGTCGCAACGATCT-1,6.9619913,2.0688975,Oval/Medial
ACTACGAAGGTTGGAC-1,-2.1821873,-0.30501914,Hbx
ACTATCTCAAGGCAAC-1,-0.3375482,6.4132314,Oval/Medial
ACTCTCGCACCCTGTT-1,-2.485705,1.1062161,Hbx
AGAAATGAGCTCTATG-1,4.125173,13.6935835,Oval/Medial
AGAAGTACACGCGGTT-1,1.6991894,6.563026,Oval/Medial
AGAAGTAGTTGTGCCG-1,0.96978796,8.132621,Oval/Medial
AGACAGGAGCTCGCAC-1,2.537539,6.922988,Oval/Medial
AGACCATAGCAGGCTA-1,3.286558,6.5464187,Oval/Medial
AGACCATGTGGTACAG-1,-2.135097,-0.5076032,Hbx
AGACCCGTCGTGCATA-1,-1.0321493,6.7974324,Oval/Medial
AGACTCAGTCAAATCC-1,-2.483682,0.17905965,Hbx
AGATCCACAGGTCAAG-1,-1.5154624,8.327128,Oval/Medial
AGATCCAGTCTATGAC-1,1.7983738,6.0604286,Oval/Medial
AGATCGTTCCAAGCCG-1,-1.8369788,6.971359,Marginal
AGATGCTAGGTCGCCT-1,-3.1723938,5.2772064,Marginal
AGATGCTCAAGCCCAC-1,7.978131,7.1603627,Oval/Medial
AGCGATTCAGTCAGAG-1,-0.16704276,9.298174,Oval/Medial
AGCGTATTCTCGGTAA-1,-3.7776678,7.873261,Marginal
AGCTCAACATTACGGT-1,0.428374,3.9126537,Lateral
AGGAAATCACTAACGT-1,-0.5912057,0.4983788,Hbx
AGGAGGTTCGGACTGC-1,2.5479863,6.598923,Oval/Medial
AGGATAAGTGACTCGC-1,3.3980412,6.8871975,Oval/Medial
AGGGAGTGTGGATCGA-1,3.6542044,9.237508,Oval/Medial
AGGGTGACAATCGAAA-1,1.9103459,7.4588623,Oval/Medial
AGGGTGATCACGAACT-1,-0.22919194,7.494331,Oval/Medial
AGGTAGGTCCGTAGGC-1,1.1738222,6.692686,Oval/Medial
AGGTAGGTCGTGGGTC-1,4.5348783,10.019607,Oval/Medial
AGGTTGTGTTACGTAC-1,-2.3281565,-0.17016621,Hbx
AGTACTGTCTTACGTT-1,2.2173848,4.7769866,Oval/Medial
AGTCAACAGGGTACGT-1,0.11950188,6.8483467,Oval/Medial
AGTCACAAGTCACTAC-1,-0.8043505,8.35725,Oval/Medial
AGTCATGCAGCACGAA-1,6.8246374,6.4801626,Oval/Medial
AGTCATGTCAGCTGAT-1,-0.5426999,4.3909245,Oval/Medial
AGTGACTGTCTCCCTA-1,-2.8059099,5.276741,Marginal
AGTGATCGTGTGTCCG-1,0.9896379,5.860424,Oval/Medial
AGTGATCGTTGGGACA-1,2.74798,6.084396,Oval/Medial
AGTTAGCAGTTCATGC-1,4.610815,5.7240443,Oval/Medial
AGTTAGCAGTTTGAGA-1,6.2939544,12.262471,Oval/Medial
AGTTAGCCAGGCATTT-1,-1.3653107,4.3784466,Hbx
AGTTCGACATGCACTA-1,7.5751467,7.5938144,Oval/Medial
AGTTCGACATGGAGAC-1,3.08174,3.0420604,Lateral
ATACTTCGTGGCCTCA-1,-4.1067996,6.2477446,Marginal
ATAGACCTCTTCCCAG-1,5.9510336,7.0426426,Oval/Medial
ATAGAGAGTGTGCTTA-1,-4.3184285,8.437876,Marginal
ATAGGCTCAACGGCCT-1,0.78093916,1.0245421,Lateral
ATATCCTGTGGCAGAT-1,1.8373505,6.417316,Oval/Medial
ATCACGACATAATGAG-1,0.078836516,4.5374146,Oval/Medial
ATCACTTCATGGGTTT-1,1.8685439,6.1397934,Oval/Medial
ATCCACCGTGTCCTAA-1,1.1791729,4.567386,Lateral
ATCCATTTCTGGCCTT-1,0.48189345,5.9347415,Oval/Medial
ATCCGTCCATACAGAA-1,-4.0297813,7.270723,Marginal
ATCCGTCTCGCCCAGA-1,3.2314672,2.5084612,Lateral
ATCCTATCACCTGCTT-1,-0.819844,8.095933,Oval/Medial
ATCGGATAGGCCCGTT-1,7.0216255,6.13529,Oval/Medial
ATCGGATCAGAGGGTT-1,1.8478521,7.507499,Oval/Medial
ATCTTCAAGCAGGTCA-1,-3.9163096,7.411396,Marginal
ATGAAAGTCAGGAACG-1,5.4568143,7.4922223,Oval/Medial
ATGAAAGTCGGCTGTG-1,0.043035362,7.1451206,Oval/Medial
ATGAGGGGTACAAGTA-1,-0.83793765,4.948591,Oval/Medial
ATGATCGAGTTCATGC-1,4.0496426,5.641853,Oval/Medial
ATGATCGAGTTTGAGA-1,6.3455057,12.324541,Oval/Medial
ATGATCGTCTAGGAAA-1,0.1739483,5.819844,Oval/Medial
ATGCATGAGTGGAATT-1,6.770253,1.7853477,Oval/Medial
ATGCATGTCTACTATC-1,-3.413006,5.3732176,Marginal
ATGCCTCTCGATGCTA-1,-4.068233,7.442685,Marginal
ATGGATCAGCGATTCT-1,-2.613891,6.2654653,Marginal
ATGGATCGTCCAGCCA-1,-0.27851808,4.255146,Oval/Medial
ATGGATCTCCCTTGTG-1,2.783074,7.3165374,Oval/Medial
ATGGGAGGTGTCATGT-1,0.8722574,4.4820857,Oval/Medial
ATGTCTTAGTAGGATT-1,3.904483,7.165699,Oval/Medial
ATGTCTTTCGATTTCT-1,0.16879576,2.8417275,Lateral
ATTATCCCAGCAATTC-1,1.7046762,3.573415,Lateral
ATTATCCGTACGATCT-1,-3.7862043,5.597621,Marginal
ATTCACTCAACAAGTA-1,-4.218705,5.744377,Marginal
ATTCAGGTCGGAATGG-1,0.98581004,9.49846,Oval/Medial
ATTCATCAGAGAGCGG-1,-3.7243545,8.185602,Marginal
ATTCATCTCGCTTGAA-1,6.381217,12.263018,Oval/Medial
ATTCTACTCAGTCATG-1,2.8136544,6.234163,Oval/Medial
ATTGGGTAGTGAGTGC-1,-2.2545125,5.2941194,Marginal
ATTTCTGCATCATCTT-1,3.27548,11.645452,Oval/Medial
ATTTCTGGTGTTTCTT-1,1.8731337,10.364143,Oval/Medial
CAACAGTTCATGACAC-1,0.37457922,8.807616,Oval/Medial
CAACGATAGTGCTCAT-1,-1.6886406,7.1924915,Marginal
CAACGATTCGGTTAGT-1,-2.6844153,7.865004,Marginal
CAACGGCAGTAGGATT-1,-2.933287,6.4911137,Marginal
CAAGACTTCGCGTGCA-1,7.6153803,7.144719,Oval/Medial
CAAGCTAAGACTCTAC-1,-0.71631837,7.4789915,Oval/Medial
CAAGCTAAGCCTCATA-1,4.938443,7.485151,Oval/Medial
CAAGCTATCGCTAGCG-1,-2.195454,4.9908156,Marginal
CAAGGGACACCCTGAG-1,6.363596,1.681029,Oval/Medial
CAATGACCAGCATGCC-1,-3.2237797,7.638666,Marginal
CAATTTCCACGGAAGT-1,7.083479,7.099868,Oval/Medial
CACAACACAAGAAACT-1,-0.47387555,7.2439866,Oval/Medial
CACAACACAGCGGTTC-1,-1.8330445,6.8421664,Marginal
CACCAAAGTTGCATTG-1,2.3421245,7.487952,Oval/Medial
CACGAATGTGTGGACA-1,-3.3315775,7.2110934,Marginal
CACGTGGGTACGCTAT-1,2.742993,6.908695,Oval/Medial
CACTGGGCAAACTGCT-1,-0.64121294,4.2283344,Oval/Medial
CACTGGGCAAATCAGA-1,0.85474485,8.4700985,Oval/Medial
CACTGGGGTCAGTCTA-1,-2.399656,8.678547,Marginal
CACTTCGCATGTGCTA-1,-2.7005231,5.9161315,Marginal
CAGATACCACAAGTGG-1,1.7300307,6.893418,Oval/Medial
CAGATACTCCGGTAGC-1,-4.183402,7.602971,Marginal
CAGATCACACAAATAG-1,-2.7651465,7.5584345,Marginal
CAGATCAGTGGCTGCT-1,1.4579049,7.3536396,Oval/Medial
CAGATTGAGTCGCCCA-1,3.171227,1.8876051,Lateral
CAGCCAGCAGCTGAGA-1,5.494215,12.648638,Oval/Medial
CAGGGCTAGATGGTCG-1,-0.38701418,6.2221036,Oval/Medial
CATAAGCAGCTAATCC-1,0.37494016,4.4430046,Oval/Medial
CATAAGCGTACATTGC-1,3.2437613,2.7328017,Lateral
CATACAGTCTCATTTG-1,-1.4230802,5.7253475,Oval/Medial
CATACCCCACTACACA-1,1.1596226,3.1798863,Lateral
CATCAAGGTTGCCTAA-1,2.3761063,7.265238,Oval/Medial
CATCCCACAATCTCTT-1,-1.9271352,6.146737,Oval/Medial
CATCCGTAGTCACAGG-1,4.8051224,12.925733,Oval/Medial
CATCGTCTCAAACGAA-1,-0.6464843,5.803099,Oval/Medial
CATGCAACATAACTCG-1,3.4156168,5.0335536,Oval/Medial
CATGCTCAGTATTCCG-1,-4.4328103,7.0718737,Marginal
CATTCATGTACGAGTG-1,2.2863243,6.917704,Oval/Medial
CATTCCGTCCTTATAC-1,1.416397,6.258344,Oval/Medial
CATTCTAGTAGACTGG-1,6.9390745,6.7930465,Oval/Medial
CATTGTTGTGCCGAAA-1,-2.4095976,1.582855,Hbx
CCAATGATCGCGTGCA-1,-0.7611451,5.771336,Oval/Medial
CCACACTGTAGGTTTC-1,1.3214473,8.730135,Oval/Medial
CCACCATAGCTTAAGA-1,6.657117,1.6401854,Oval/Medial
CCACGAGCATCGAGCC-1,5.550299,11.165615,Oval/Medial
CCACGAGTCTCGCTTG-1,-2.135717,2.3812468,Hbx
CCATCACTCCCTAGGG-1,-2.5533512,7.7296863,Marginal
CCATCACTCGGTCAGC-1,-2.5375493,1.9978602,Hbx
CCCATTGCAAGTGTCT-1,1.7840793,9.261273,Oval/Medial
CCCATTGGTCTTGGTA-1,-2.0568674,6.4583545,Marginal
CCCGAAGTCCATCTAT-1,-0.57270557,7.855797,Oval/Medial
CCCTCAAGTCTAGGTT-1,-2.4578104,7.060953,Marginal
CCCTCAATCACCGGTG-1,1.3615915,9.714431,Oval/Medial
CCCTGATGTCAGACTT-1,1.6853255,7.553166,Oval/Medial
CCCTGATTCTGAGAGG-1,-0.21790585,4.0278482,Oval/Medial
CCGATGGCATTCTTCA-1,-4.212187,7.9932528,Marginal
CCGGTAGTCTGGACTA-1,-3.7484124,6.8606057,Marginal
CCTACGTAGGGTAGCT-1,4.01734,5.4499707,Oval/Medial
CCTCATGAGTCATGCT-1,3.1003537,1.9200294,Lateral
CCTCATGCATTCACAG-1,-4.681744,7.945922,Marginal
CCTCCAACAGTCAGCC-1,-3.3311052,7.054953,Marginal
CCTCTCCCAGTGTATC-1,1.3328849,4.953666,Lateral
CCTGTTGGTCAGGAGT-1,0.8852727,7.7792754,Oval/Medial
CCTTCAGCACAGTACT-1,2.0987825,1.2248902,Lateral
CCTTGTGTCGCCGATG-1,4.7264924,6.118711,Oval/Medial
CCTTTGGCATTCACCC-1,3.8582296,6.150829,Oval/Medial
CCTTTGGTCGATCCAA-1,1.8982006,6.6954913,Oval/Medial
CGAAGTTCAAGTACCT-1,-0.17033324,4.0561166,Oval/Medial
CGAATTGAGCCTCATA-1,8.1622505,7.4869866,Oval/Medial
CGAATTGGTCCTTGTC-1,0.39789364,6.573523,Oval/Medial
CGAGGCTGTGCCTTTC-1,-2.5852745,1.5687809,Hbx
CGAGTTACAAGGGTCA-1,0.4352115,6.812462,Oval/Medial
CGAGTTATCGTGGACC-1,7.4557652,9.0244255,Oval/Medial
CGCAGGTAGTAATTGG-1,0.07946139,5.9976616,Oval/Medial
CGCCATTGTACTGCCG-1,-1.5744785,6.2497363,Oval/Medial
CGCGTGAGTCTGCAAT-1,0.75456345,5.7045217,Oval/Medial
CGGAACCTCATCCCGT-1,-0.66664004,4.953116,Oval/Medial
CGGAATTTCCCTAGGG-1,-4.307361,6.9864264,Marginal
CGGGACTGTGTACGCC-1,7.3354897,9.337606,Oval/Medial
CGGGTGTTCTTTCGAT-1,-0.5067957,8.115001,Oval/Medial
CGGTCAGAGTGTTCAC-1,6.996729,8.122459,Oval/Medial
CGGTCAGTCGGTGTAT-1,-1.0037644,4.5440655,Oval/Medial
CGTAATGAGCTATCCA-1,-1.8636523,3.483384,Hbx
CGTCCATGTAGAGGAA-1,-3.8854334,5.2080398,Marginal
CGTGATATCTTAAGGC-1,1.9728653,6.0474486,Oval/Medial
CGTGCTTAGGGACAGG-1,-4.66838,7.31351,Marginal
CGTGTCTAGACAACAT-1,-1.5417484,5.3026896,Oval/Medial
CGTGTCTGTTTGTGGT-1,1.2211075,2.7803793,Lateral
CGTTCTGTCAGTGATC-1,6.936564,6.218421,Oval/Medial
CTAACTTAGTAAATGC-1,-0.15388674,6.072932,Oval/Medial
CTAAGTGAGTTGCCTA-1,-2.5909479,6.462206,Marginal
CTAAGTGCATATCTGG-1,7.801432,7.464611,Oval/Medial
CTAAGTGGTATGCAAA-1,-3.2467823,5.323895,Marginal
CTACATTGTAGGCAGT-1,-1.5801908,5.0552955,Marginal
CTACGGGGTCAGCTTA-1,1.4075744,6.5216866,Oval/Medial
CTACTATTCGGTGCAC-1,1.3458277,6.6996045,Oval/Medial
CTAGGTAAGAAACTAC-1,-2.8883765,6.9334507,Marginal
CTAGGTAGTATGAAAC-1,2.0508153,10.733691,Oval/Medial
CTATAGGAGAGATGCC-1,-2.1055856,7.371021,Marginal
CTATCTAAGAGATCGC-1,-2.1259236,1.1053945,Hbx
CTCAAGACACGATTCA-1,0.17562912,6.199033,Oval/Medial
CTCAAGACAGGGTCTC-1,5.5970907,7.58116,Oval/Medial
CTCAAGATCTTAGTTC-1,-0.35595587,4.7230983,Oval/Medial
CTCAGAAGTCTGTGCG-1,7.7625847,7.213452,Oval/Medial
CTCAGAAGTGGAGGTT-1,-3.6845236,6.896017,Marginal
CTCAGAATCCAACTAG-1,-3.143602,7.9855456,Marginal
CTCATCGAGTCGAAGC-1,6.6069427,8.013358,Oval/Medial
CTCATGCGTTCTCGTC-1,0.52206,6.983263,Oval/Medial
CTCATGCTCTGAGATC-1,-2.323259,2.5299792,Hbx
CTCATTAAGTAGCTCT-1,-4.8047185,7.9663234,Marginal
CTCCACATCTTGGTGA-1,-2.1497972,6.750094,Marginal
CTCCATGCAGTCGTTA-1,3.0578446,6.8166456,Oval/Medial
CTCCGATAGTAAGAGG-1,-3.8880079,7.3320813,Marginal
CTCCGATGTGTGTACT-1,5.4877715,6.4156647,Oval/Medial
CTCCTCCTCGTTAGTG-1,-2.445483,2.353901,Hbx
CTCTCAGGTTGATGTC-1,2.3130326,7.0929127,Oval/Medial
CTGAATGCACTGTCCT-1,0.4779183,3.8497908,Oval/Medial
CTGAGCGGTATCTCTT-1,-0.675605,7.4849133,Oval/Medial
CTGAGCGTCCATTGCC-1,6.6585155,2.1468184,Oval/Medial
CTGAGGCGTTGTACGT-1,1.9118462,9.10205,Oval/Medial
CTGATCCGTAAGGTCG-1,-2.6436145,7.3730793,Marginal
CTGCATCGTACAGTCT-1,-4.0632467,6.689927,Marginal
CTGCGAGCACTAAACC-1,0.0016463138,4.891519,Oval/Medial
CTGCGAGTCCTATTTG-1,2.6524527,1.4561106,Lateral
CTGCGAGTCTGCTCTG-1,0.5578843,6.1980405,Oval/Medial
CTGCTCATCTACTTCA-1,-1.2244993,4.401294,Oval/Medial
CTGGACGCAACTCGTA-1,1.4935226,7.917218,Oval/Medial
CTGGCAGCAGGTAGTG-1,-4.704825,8.154821,Marginal
CTGTATTGTGTTGACT-1,-2.08899,0.5976553,Hbx
CTGTGAAAGTATGAAC-1,-3.5150933,6.2696977,Marginal
CTGTGGGCATGAATAG-1,1.4943932,1.5894463,Lateral
CTTACCGCATCTGCGG-1,6.6159444,1.6343441,Oval/Medial
CTTAGGAAGATCACCT-1,4.0112014,7.3595047,Oval/Medial
CTTCCGACATGACGGA-1,-0.23467171,5.26263,Oval/Medial
CTTCCTTTCTTGGAAC-1,0.4228667,6.3076386,Oval/Medial
CTTCGGTAGAAATCCA-1,-0.6967242,4.594525,Marginal
CTTCTAAGTCCTACAA-1,-2.848293,7.0030956,Marginal
CTTGAGAGTTGACTGT-1,-1.2953756,6.377271,Oval/Medial
CTTGATTCATTAGGCT-1,-1.4048102,3.2876701,Hbx
GAAACCTAGGTTTGAA-1,-3.9464602,7.7652063,Marginal
GAACACTGTAACATCC-1,-3.3826053,7.545339,Marginal
GAACTGTTCACAACCA-1,-2.2435346,4.835117,Hbx
GAAGAATCAAGGCCTC-1,4.9469943,6.256088,Oval/Medial
GAAGCGACAAAGGAGA-1,1.5491979,7.801521,Oval/Medial
GAAGGGTTCTTCGGTC-1,2.4516115,6.1864386,Oval/Medial
GAAGTAATCTTGAACG-1,0.9557548,2.9275663,Lateral
GACACGCTCTCTCGCA-1,-2.3427992,2.8609893,Hbx
GACCCAGGTGCATGAG-1,-2.3723972,4.007506,Hbx
GACCGTGCAATTGCAC-1,5.8614655,6.6432714,Oval/Medial
GACGCTGTCCCTCGTA-1,-2.8794699,6.0542946,Marginal
GACTCTCAGATTGAGT-1,3.8442767,6.39381,Oval/Medial
GACTCTCAGGGAGTGG-1,6.6561027,7.36526,Oval/Medial
GAGAAATAGAGCTGCA-1,-3.7145312,7.8719826,Marginal
GAGAAATAGTAACCTC-1,-1.3618908,5.836259,Oval/Medial
GAGAAATGTGACTGTT-1,4.9351707,5.84683,Oval/Medial
GAGACCCAGGTCGTAG-1,-4.283587,8.500862,Marginal
GAGCCTGAGCGCAATG-1,-0.6062107,5.532967,Oval/Medial
GAGGGATAGCACAAAT-1,-2.0290463,1.8042374,Hbx
GAGGGATCAAAGGCGT-1,1.5919905,7.427238,Oval/Medial
GAGTCATCAACCGGAA-1,-2.1340487,-0.23364602,Hbx
GAGTCATGTCCTGAAT-1,-1.9796957,2.6002584,Hbx
GAGTGTTTCTAAGGAA-1,-1.6294034,6.369665,Oval/Medial
GAGTTACAGGAGAATG-1,-4.0415487,7.907406,Marginal
GAGTTGTGTATTCCGA-1,5.0898037,6.5698547,Oval/Medial
GAGTTTGTCCGCGGAT-1,-1.9786325,4.5796385,Hbx
GATAGCTGTGGGACAT-1,-2.2234726,6.3759103,Marginal
GATCACAGTACTGCGC-1,-1.9326464,4.2266846,Hbx
GATCAGTGTGCAACAG-1,2.804874,6.644365,Oval/Medial
GATCAGTTCGGATAAA-1,7.7583604,6.5361443,Oval/Medial
GATCATGTCAAGCCCG-1,-0.17503025,6.1863766,Oval/Medial
GATGATCGTTGCATTG-1,6.110679,8.809434,Oval/Medial
GATGGAGGTCTTTCTA-1,-0.8754199,0.1030973,Hbx
GATGTTGAGCTCTATG-1,-2.0377305,8.285735,Marginal
GATTCGACATGGCGCT-1,4.2322335,10.247087,Oval/Medial
GATTGGTGTAGAAACT-1,-2.0764985,2.637912,Hbx
GATTTCTTCCTCAGAA-1,1.2407008,3.971617,Lateral
GCAACCGAGGGTACAC-1,7.4250684,6.262581,Oval/Medial
GCAACCGGTGTACATC-1,2.002671,5.20931,Oval/Medial
GCACTAAAGATTGAGT-1,6.8781257,2.0009398,Oval/Medial
GCAGCCAAGCTAGAAT-1,3.6332939,6.026668,Oval/Medial
GCAGCCACAGAAATCA-1,0.8220208,7.5732837,Oval/Medial
GCAGCCATCGAGAGAC-1,4.2564583,13.374817,Oval/Medial
GCAGGCTCATCACAGT-1,1.8143287,8.029653,Oval/Medial
GCAGTTAAGGTTCACT-1,6.592707,7.827146,Oval/Medial
GCATCTCAGCTGCCAC-1,-1.1333498,7.8973436,Oval/Medial
GCCAGCACACGGCGTT-1,-3.641152,7.403427,Marginal
GCCAGGTGTCTCAGGC-1,0.42190826,6.359434,Oval/Medial
GCCAGGTTCCACGTGG-1,-1.1010698,7.0985374,Oval/Medial
GCCAGTGGTACACTCA-1,-2.6903782,5.8000836,Marginal
GCCATGGGTAGCCCTG-1,0.80880713,7.8350306,Oval/Medial
GCCATTCGTGGTAATA-1,5.179005,6.1987,Oval/Medial
GCCCGAACACTTCTCG-1,-2.059547,2.1335278,Hbx
GCCCGAATCGGCATTA-1,1.3783567,9.288575,Oval/Medial
GCCGATGCAGCGATTT-1,-0.8117061,7.2767534,Oval/Medial
GCCGATGCAGTATTCG-1,0.9629251,5.433279,Oval/Medial
GCCGTGAGTTCCGCAG-1,-0.20547587,3.6794684,Oval/Medial
GCGGAAAAGCCTGTCG-1,7.062007,6.299476,Oval/Medial
GCGGAAACACAAAGTA-1,-2.0782743,3.5093873,Hbx
GCGGATCAGGCACTCC-1,6.791762,1.5611935,Oval/Medial
GCGTGCAAGCCTCACG-1,2.1569045,2.896352,Lateral
GCGTGCAAGCGTCTGC-1,-0.2062484,7.653976,Oval/Medial
GCGTTTCTCCTTTAGT-1,-3.4118721,7.0923705,Marginal
GCTGAATCATAAGATG-1,3.724935,11.960623,Oval/Medial
GCTTGGGAGAGCAGAA-1,1.1596856,3.1133232,Lateral
GCTTGGGCAATTCTCT-1,0.0642138,7.5031548,Oval/Medial
GCTTTCGCATTCGATG-1,-0.5231055,4.3309174,Oval/Medial
GCTTTCGTCCCATTCG-1,-3.097372,8.044377,Marginal
GGAACCCGTCAAAGTA-1,0.47994635,3.8367188,Lateral
GGAATCTCAATAGTGA-1,2.1142297,6.7893405,Oval/Medial
GGAATCTGTAGGCAAC-1,-1.2223703,6.330032,Oval/Medial
GGAATGGCAGCAGTAG-1,3.706299,9.283349,Oval/Medial
GGACGTCTCGTCTCAC-1,-0.8318533,4.3444304,Oval/Medial
GGAGAACTCCTTCACG-1,-0.20914647,7.9359083,Oval/Medial
GGATGTTAGGAAACGA-1,1.0464376,6.37178,Oval/Medial
GGCACGTAGATAGTGT-1,0.50697494,6.640519,Oval/Medial
GGCGTCAGTTAATGAG-1,8.304,7.3461924,Oval/Medial
GGCTTGGCAAGGGCAT-1,8.159493,7.1691966,Oval/Medial
GGGACAAGTCTAGATC-1,-1.999329,6.5845337,Marginal
GGGACCTAGTCAGAGC-1,-3.0456252,6.0839214,Marginal
GGGACCTTCTAGCAAC-1,-3.1841457,6.2192516,Marginal
GGGACTCCATCACCAA-1,-0.1288615,4.9029956,Oval/Medial
GGGAGATAGGTCACTT-1,0.20142566,4.080172,Oval/Medial
GGGTAGAAGCGAGTAC-1,-2.171396,7.9157686,Marginal
GGGTATTGTGACTGTT-1,4.909593,13.02432,Oval/Medial
GGGTCACGTATCCTTT-1,1.6532022,7.8449945,Oval/Medial
GGGTGAAGTATCGGTT-1,1.9062443,1.764228,Lateral
GGGTTATAGATACATG-1,-0.910961,6.5047917,Oval/Medial
GGGTTATGTTGACTGT-1,-2.3719563,6.2071033,Marginal
GGTAGAGGTGACATCT-1,0.77550614,6.9967365,Oval/Medial
GGTGAAGAGTCTGGAG-1,-2.3197346,7.357314,Marginal
GGTGGCTCAAAGCTCT-1,0.80248696,2.0941923,Lateral
GGTGTTAGTCATATGC-1,-2.4907525,6.456924,Marginal
GGTTCTCTCCCGTTGT-1,6.299371,8.308371,Oval/Medial
GTAACCAAGCCTCATA-1,0.72071975,5.8722196,Oval/Medial
GTACAACAGACAGTCG-1,-2.5618258,7.4653344,Marginal
GTAGAGGAGACATCAA-1,-2.3199782,5.911984,Marginal
GTAGAGGAGCTTCATG-1,-3.2171772,5.501758,Marginal
GTAGATCAGAGAGTTT-1,7.800797,7.0804496,Oval/Medial
GTAGATCCAGGTCTCG-1,1.5365562,6.381971,Oval/Medial
GTAGATCGTCGTACAT-1,3.5082057,11.5391445,Oval/Medial
GTAGGAGTCCGATAGT-1,-0.55999583,4.692081,Oval/Medial
GTAGTACTCAAACGTC-1,2.942454,6.8863645,Oval/Medial
GTATTTCGTCCTCAGG-1,2.1052363,3.3997843,Lateral
GTCACGGGTCATATGC-1,-1.0293711,1.5352377,Hbx
GTCATTTAGTTAACAG-1,6.7332077,2.0079122,Oval/Medial
GTCATTTTCTGAGGTT-1,1.1765888,5.593744,Oval/Medial
GTCCACTAGCACTCGC-1,-1.6475466,0.42045894,Hbx
GTCCCATCAAAGGCGT-1,-2.2632594,6.5840073,Marginal
GTCCTCACATCATGAC-1,-1.0076265,0.2749298,Hbx
GTCCTCAGTACGAGTG-1,0.78036493,7.0483036,Oval/Medial
GTCCTCATCACTGCTC-1,-2.4864976,5.957637,Marginal
GTCGTAAAGACCTGGA-1,1.0586681,6.61707,Oval/Medial
GTCGTAAGTTGCTCGG-1,0.7453885,3.3985174,Lateral
GTCTACCCATCTGTTT-1,3.3163903,3.1873717,Lateral
GTCTACCTCCGTGGGT-1,-3.6231482,7.175178,Marginal
GTCTGTCTCGCCTATC-1,6.038131,12.424333,Oval/Medial
GTGAGCCGTGTCCAAT-1,-2.5033007,7.781511,Marginal
GTGATGTCACAAGCCC-1,-0.5374958,8.15311,Oval/Medial
GTGATGTGTGGAGAAA-1,-0.32421973,5.5469685,Oval/Medial
GTGATGTTCGTAGGAG-1,0.6147014,8.107682,Oval/Medial
GTGCACGAGCATTGAA-1,-1.7883687,6.862422,Oval/Medial
GTGCAGCAGTACTGTC-1,0.119436264,7.2723746,Oval/Medial
GTGGAAGAGGTCACCC-1,1.1670759,8.615901,Oval/Medial
GTGGTTAAGCATGCGA-1,-0.81808835,7.7280016,Oval/Medial
GTGTCCTAGCAGTCTT-1,0.7893275,5.9765987,Oval/Medial
GTGTGATTCCGCTGTT-1,-3.5321295,5.35966,Marginal
GTTACGACATCCCGTT-1,3.8816092,6.304095,Oval/Medial
GTTAGACCATCAGTCA-1,-0.47099608,4.853885,Oval/Medial
GTTCCGTTCCAACCAA-1,0.5429696,7.1384444,Oval/Medial
GTTGCGGTCGAGTCCG-1,0.18083602,3.1276898,Lateral
GTTGCTCGTATGGGAC-1,-1.6670214,2.7701542,Hbx
GTTGTCCAGACAGCTG-1,-3.6647182,6.1470494,Marginal
GTTTACTTCACCTTGC-1,-1.86673,6.887036,Marginal
GTTTACTTCTTAGCAG-1,1.6130115,6.6303725,Oval/Medial
TAAGCACCACGGTGAA-1,-2.3867927,2.4552493,Hbx
TAAGCACGTATGAGCG-1,-2.0237994,2.4745069,Hbx
TAAGCACGTCACCGAC-1,-1.535998,6.7353005,Marginal
TAAGCGTAGCTGACCC-1,-1.0007178,7.5684714,Oval/Medial
TAAGCGTCAAGATCCT-1,2.1565142,6.6063437,Oval/Medial
TAAGCGTTCTCATGGA-1,7.905961,7.378801,Oval/Medial
TAAGTCGAGTGCACCC-1,-0.22931148,5.489531,Oval/Medial
TAAGTCGCATCCTGTC-1,-0.96703,1.5509561,Hbx
TAATCTCAGTGTTGTC-1,-1.5984839,7.4441466,Oval/Medial
TAATCTCTCGGACAAG-1,7.3104944,6.940863,Oval/Medial
TAATTCCGTAAGCGGT-1,4.765969,13.072641,Oval/Medial
TACCCACTCTGTTCAT-1,8.405174,7.339773,Oval/Medial
TACTTCATCCCTTGTG-1,-1.4484684,2.5927627,Hbx
TACTTGTCACAATTCG-1,-2.3675187,2.4913406,Hbx
TAGAGTCGTGGTCCGT-1,7.7053814,6.276889,Oval/Medial
TAGAGTCTCACGGACC-1,2.129979,1.593114,Lateral
TAGGGTTTCATCGCAA-1,4.4014425,6.0239296,Oval/Medial
TAGGTACCAAAGCAAT-1,4.63551,3.2735517,Oval/Medial
TAGGTTGCATTGAGCT-1,3.909354,9.929683,Oval/Medial
TATATCCCATGACGTT-1,-1.7532085,3.9524953,Hbx
TATCAGGGTTAGTTCG-1,0.8792022,6.3325872,Oval/Medial
TATCGCCTCATGCGGC-1,-1.4403299,0.22992319,Hbx
TATTCCAAGCCGATAG-1,3.4662793,7.2369647,Oval/Medial
TATTGGGCACCTGCTT-1,-1.0710683,5.5439515,Oval/Medial
TCAAGACCAGACAAAT-1,4.2726955,6.187745,Oval/Medial
TCAATCTCACTCGATA-1,0.26170117,7.1717715,Oval/Medial
TCAATTCGTGGACAGT-1,-0.8506537,0.16460234,Hbx
TCACACCGTGAGAGGG-1,-1.054694,7.870657,Oval/Medial
TCACACCTCCGTGTAA-1,1.7777388,1.9561722,Lateral
TCACATTAGAGCCATG-1,-3.5472112,7.0702343,Marginal
TCACATTGTATTCTCT-1,-0.4838013,6.9376664,Oval/Medial
TCACATTTCTATTTCG-1,2.350498,11.201904,Oval/Medial
TCACTATCACAAGTGG-1,-1.9036409,4.564154,Hbx
TCAGCAAGTCTGCATA-1,7.8374486,7.8169446,Oval/Medial
TCAGCCTTCTCAGGCG-1,5.5852513,2.801726,Oval/Medial
TCAGGGCCAAGGGTCA-1,3.6516504,6.9698243,Oval/Medial
TCAGGGCTCCCATGGG-1,-0.046599574,6.89851,Oval/Medial
TCAGTCCGTCCAGCAC-1,0.45727804,4.4456224,Lateral
TCATACTTCGAACCTA-1,1.3096343,6.218283,Oval/Medial
TCATATCTCTTAGCTT-1,0.46235162,9.276452,Oval/Medial
TCATCATTCGCCGAAC-1,2.1515605,3.1676564,Lateral
TCATTACCAGAGATGC-1,6.965309,8.8384285,Oval/Medial
TCATTACCATTCCTCG-1,-0.85187685,6.6343274,Oval/Medial
TCATTACTCAAGCCTA-1,0.054553352,7.2217455,Oval/Medial
TCCACCAAGGGAGGTG-1,2.0941195,1.2426709,Lateral
TCCACGTGTGGCCCAT-1,0.3254066,7.772932,Oval/Medial
TCCATCGAGTCATCGT-1,1.1480395,7.2003455,Oval/Medial
TCCATCGAGTGCACTT-1,-2.2534552,6.1005173,Marginal
TCCATGCTCCAAGGGA-1,1.4676955,6.546414,Oval/Medial
TCCCACAGTTCCGGTG-1,-0.17237797,7.803228,Oval/Medial
TCCCAGTAGAAGTATC-1,3.6629794,8.146725,Oval/Medial
TCCGAAATCTGATGGT-1,1.1672399,6.3072567,Oval/Medial
TCCTCCCTCTTAGCTT-1,5.1120415,6.168337,Oval/Medial
TCCTGCACAAGAGTTA-1,0.07115248,7.025221,Oval/Medial
TCCTTCTCAATCGCCG-1,-2.2297018,1.4855316,Hbx
TCGCACTGTGCGAACA-1,-0.7362493,5.300824,Oval/Medial
TCGCACTTCTAGCCTC-1,2.2985377,3.10934,Lateral
TCGCTCAAGTAAACAC-1,-0.618085,6.0265546,Oval/Medial
TCGCTCACAGGGTCTC-1,2.0544038,1.2522768,Lateral
TCGGATAAGTTGCGAG-1,-3.9204679,6.279645,Marginal
TCGGTCTAGGAATGTT-1,5.398194,6.952507,Oval/Medial
TCGGTCTGTGAGACCA-1,-0.12935024,4.282379,Oval/Medial
TCGGTCTGTGTTCCTC-1,-2.6154468,2.2878144,Hbx
TCGGTCTTCTACGCGG-1,5.206343,7.6825647,Oval/Medial
TCGTGCTTCGGACCAC-1,0.1553023,6.3352985,Oval/Medial
TCGTGGGTCGTTCTGC-1,-1.3975111,2.5297353,Hbx
TCTACATCAGCATACT-1,4.718184,7.1190205,Oval/Medial
TCTCACGGTCGACTTA-1,6.2854877,12.766206,Oval/Medial
TCTCAGCCACAAAGTA-1,5.7699547,6.234808,Oval/Medial
TCTTTGACACAGGATG-1,8.225328,7.4856114,Oval/Medial
TCTTTGAGTCACCGCA-1,-1.6937551,3.8329153,Hbx
TCTTTGATCCGAGATT-1,1.951795,8.484008,Oval/Medial
TGAATCGCAGCAGTTT-1,-0.069821596,0.85609686,Lateral
TGACGCGCAGGAGGTT-1,5.2732086,11.581489,Oval/Medial
TGAGACTTCCGAGCTG-1,3.1162922,7.5634217,Oval/Medial
TGAGCATAGGCTCACC-1,-2.7181623,5.375496,Marginal
TGAGGAGGTGATATAG-1,2.782937,7.5015917,Oval/Medial
TGAGGTTCATCAACCA-1,0.85163444,6.3820157,Oval/Medial
TGAGGTTGTGTCATGT-1,0.20216393,4.415576,Oval/Medial
TGATCTTTCAGAGTGG-1,-2.1747763,2.6291971,Hbx
TGATGCAAGACGACTG-1,-2.029868,-0.1601012,Hbx
TGATTCTCATGTGGCC-1,1.4610393,7.604238,Oval/Medial
TGATTCTTCCGCACGA-1,4.5140743,3.3289135,Oval/Medial
TGATTTCCACTCCACT-1,-2.8125503,6.791163,Marginal
TGCACGGGTAGCTCGC-1,2.4846904,7.068879,Oval/Medial
TGCACGGTCCCTTGTG-1,2.7174554,1.5177474,Lateral
TGCAGGCGTATGAGCG-1,-2.9396846,6.5851583,Marginal
TGCATCCTCATTCGTT-1,2.1119232,7.525628,Oval/Medial
TGCATCCTCTGGAGAG-1,6.4676385,8.078239,Oval/Medial
TGCGACGTCATTTCGT-1,0.7330368,6.0252194,Oval/Medial
TGCGGGTCAATTGAGA-1,-0.37572387,9.444868,Oval/Medial
TGCTCCAAGTGCTCAT-1,0.083908536,6.718116,Oval/Medial
TGCTGAACACCAGTAT-1,4.699781,3.2987175,Oval/Medial
TGCTTCGTCTGGGAGA-1,0.24782507,6.1005683,Oval/Medial
TGGAACTGTAATACCC-1,-0.34161955,7.201177,Oval/Medial
TGGAGAGCAGAACTTC-1,-1.7283785,6.4818196,Marginal
TGGATCAGTCCGGTGT-1,-2.050377,7.239014,Marginal
TGGATGTAGAGGTTAT-1,0.7758945,6.760707,Oval/Medial
TGGGATTCACGACGCT-1,-3.5981288,6.5889115,Marginal
TGGGCGTGTGTCCATA-1,2.0547843,6.570327,Oval/Medial
TGGGCGTGTTTAGACC-1,5.517079,5.9017315,Oval/Medial
TGGGCTGTCGGCTGAC-1,2.2838323,6.2792954,Oval/Medial
TGGGTTAGTCTTACTT-1,-2.6813064,6.8448944,Marginal
TGGTGATAGGACAGCT-1,-3.3116624,5.2845693,Marginal
TGGTTAGAGAATACAC-1,8.219746,7.460307,Oval/Medial
TGTAAGCGTAGCGTAG-1,1.7723508,4.4613276,Lateral
TGTAGACTCCAGTTCC-1,-0.11443671,4.5606995,Oval/Medial
TGTGAGTTCTGGCCAG-1,0.09548231,5.731029,Oval/Medial
TGTGATGCATATGCGT-1,-0.5950834,5.0501013,Oval/Medial
TGTGTGATCGTGGGTC-1,-1.6790419,8.2431135,Marginal
TGTTCATAGCGTCAAG-1,-2.9418945,6.9403152,Marginal
TGTTCCGCACATCCCT-1,-1.8526087,4.036951,Hbx
TGTTCCGGTACGTGAG-1,2.1564767,1.5317377,Lateral
TGTTCTACACCATAAC-1,6.6024413,1.8742874,Oval/Medial
TGTTGAGCAGGTGTGA-1,8.390866,7.23474,Oval/Medial
TGTTTGTCATTACTCT-1,-1.1751676,6.17109,Oval/Medial
TTAATCCTCACTTATC-1,1.1217843,7.3679824,Oval/Medial
TTAATCCTCTACCACC-1,7.023909,1.4195913,Oval/Medial
TTACGCCAGCTTGTTG-1,3.8275654,8.451362,Oval/Medial
TTACGCCTCTCTCAAT-1,-2.5314448,1.5684915,Hbx
TTACGTTTCAGCGCAC-1,-1.8091857,-0.23077682,Hbx
TTAGGCACAGCCTATA-1,0.5088603,1.9633561,Lateral
TTAGGCAGTTGTGTTG-1,3.1243634,6.9495206,Oval/Medial
TTCACCGAGGGCAGAG-1,-3.8049147,7.1243825,Marginal
TTCCACGTCTTAAGGC-1,-2.5295804,7.9832916,Marginal
TTCCGGTCACGACGAA-1,7.700522,6.6210575,Oval/Medial
TTCCGTGAGACCTCAT-1,-0.7564047,7.3177347,Oval/Medial
TTCCTAATCCCAATAG-1,3.2269719,9.685386,Oval/Medial
TTCTCTCAGGTACTGG-1,2.5597847,6.887064,Oval/Medial
TTGAACGGTTATCTTC-1,-0.7888815,1.8694875,Hbx
TTGAACGTCTTGCGCT-1,-3.7603002,7.471569,Marginal
TTGATGGTCCGTCACT-1,7.9202085,7.501489,Oval/Medial
TTGCATTCAATGGGTG-1,4.359609,13.493185,Oval/Medial
TTGCATTGTGCATGTT-1,5.7274876,12.605685,Oval/Medial
TTGCATTTCTACTGCC-1,4.646935,7.1292706,Oval/Medial
TTGCGTCCAAACGGCA-1,3.163248,2.1620934,Lateral
TTGGGCGGTACAGAGC-1,6.2755957,12.622277,Oval/Medial
TTGGGCGTCAGACAAA-1,5.8322177,9.712447,Oval/Medial
TTGGGCGTCCCGAACG-1,0.32685122,3.4558337,Lateral
TTGGGTAAGATTAGTG-1,-3.0717788,6.836357,Marginal
TTGTTTGCAATGCAAA-1,0.8329038,7.8037987,Oval/Medial
TTGTTTGGTATGTGTC-1,0.39542595,5.9734793,Oval/Medial
TTTACTGAGTGGTTCT-1,0.32687032,6.841656,Oval/Medial
TTTCACAGTAGTGCGA-1,0.15115389,4.3984094,Oval/Medial
TTTCCTCCATGTACGT-1,6.4763727,8.291161,Oval/Medial
TTTCGATTCGAGAAGC-1,-1.4414296,3.312244,Hbx
TTTGATCAGGCACTCC-1,-4.407602,6.892382,Marginal
TTTGATCGTGAACGGT-1,-1.675696,5.044596,Oval/Medial
TTTGGTTCAATGGCCC-1,0.24353988,5.8225765,Oval/Medial
TTTGGTTCAGAAGCGT-1,5.2255616,6.866374,Oval/Medial
TTTGGTTTCCGACGGT-1,-0.63890785,6.337609,Oval/Medial
AAACCCACAAGCGCAA-1,-2.3150806,7.318019,Marginal
AAACCCAGTGCATGTT-1,-4.352764,6.726235,Marginal
AAACGCTCACGTAGTT-1,0.9543511,9.244651,Oval/Medial
AAAGAACCAATACAGA-1,0.68087626,7.31383,Oval/Medial
AAAGAACTCACTGGTA-1,2.5960722,6.7327,Oval/Medial
AAAGGTACATGACTTG-1,-0.8939262,6.864121,Oval/Medial
AAAGTCCAGCTGAGTG-1,1.5043732,2.437541,Lateral
AAAGTCCAGTCGGGAT-1,3.5159264,10.315086,Oval/Medial
AACAAGATCCGCAACG-1,0.21195897,4.1446133,Oval/Medial
AACCACACACTTGTGA-1,-3.5943892,6.2413735,Marginal
AACGTCACAGCTATAC-1,4.290154,7.2613173,Oval/Medial
AACTTCTCAACTGATC-1,0.7582462,6.2118855,Oval/Medial
AACTTCTGTAGCTGCC-1,0.32615474,1.9244949,Lateral
AAGACTCAGCTCTTCC-1,-0.14111122,6.6194735,Oval/Medial
AAGCCATGTCGATGCC-1,-1.8997251,6.1849704,Marginal
AAGCGAGAGAGCGACT-1,2.5304117,7.513154,Oval/Medial
AAGCGTTAGTTGTCGT-1,-3.952526,7.5550694,Marginal
AAGCGTTCAATACCCA-1,1.0467931,6.813103,Oval/Medial
AAGGAATAGAAGGTAG-1,4.0909963,5.538116,Oval/Medial
AAGGTAAAGAAACACT-1,0.7982043,3.7524312,Lateral
AATCGTGTCGCTGTTC-1,8.167367,7.045443,Oval/Medial
AATGAAGAGACTTGTC-1,4.4176903,6.779853,Oval/Medial
AATGAAGTCCTCGCAT-1,2.3514144,7.5675173,Oval/Medial
AATGACCGTTCATCTT-1,6.673438,1.671463,Oval/Medial
AATGACCTCATTTGTC-1,2.9924634,11.553872,Oval/Medial
AATTTCCAGTCCCAAT-1,-1.5458994,0.35082436,Hbx
ACAAAGAGTAACATGA-1,-0.2256855,7.936813,Oval/Medial
ACAACCAAGTAAACGT-1,6.3825216,12.002854,Oval/Medial
ACACAGTGTTGAGAGC-1,-2.256934,2.0184293,Hbx
ACACCAAAGGCTTAGG-1,3.9299467,9.840838,Oval/Medial
ACACTGAGTGTTCCTC-1,-3.4777348,7.646234,Marginal
ACAGAAATCGCTACAA-1,0.3217554,8.204983,Oval/Medial
ACAGCCGCAACTCCAA-1,2.7932642,11.724883,Oval/Medial
ACATGCATCTATCCAT-1,5.8142176,6.236972,Oval/Medial
ACCACAACAGGAAGTC-1,5.302248,9.517739,Oval/Medial
ACCCAAATCGCGTTTC-1,3.3645544,10.99852,Oval/Medial
ACCCTCAGTCTGTGTA-1,0.78855145,7.441596,Oval/Medial
ACCTGTCCACTTCCTG-1,0.49244595,7.6675773,Oval/Medial
ACGCACGGTAGTTACC-1,-3.0343351,7.4428053,Marginal
ACGGTCGTCACCTGGG-1,4.452643,13.357541,Oval/Medial
ACGGTTACAGAGGGTT-1,6.5297647,7.7150807,Oval/Medial
ACGTTCCTCACAAGAA-1,-2.5580642,8.294828,Marginal
ACTATGGGTATCAGGG-1,5.5804925,7.913734,Oval/Medial
ACTATGGGTATCGCTA-1,2.8294704,7.357577,Oval/Medial
ACTCCCACACGCGTGT-1,5.6531024,11.731096,Oval/Medial
ACTGATGAGATGCTTC-1,4.667335,6.600793,Oval/Medial
ACTGATGCACTATGTG-1,1.2505728,5.9152436,Oval/Medial
ACTGCAATCAGAGCGA-1,3.7028136,13.0634365,Oval/Medial
ACTTATCTCAGTCACA-1,3.98598,7.0053134,Oval/Medial
ACTTCGCGTAAGAACT-1,5.8264666,11.108044,Oval/Medial
ACTTTCACACCACATA-1,0.7082761,6.722987,Oval/Medial
ACTTTGTAGCACGTCC-1,3.5380108,11.113429,Oval/Medial
AGAACAAAGCGCATCC-1,0.12443661,8.427076,Oval/Medial
AGAACCTGTCGTTGCG-1,-2.046386,7.549991,Marginal
AGAACCTTCGCCAATA-1,2.3754501,9.670686,Oval/Medial
AGACACTAGTCAGGGT-1,7.5648537,5.2719913,Oval/Medial
AGACACTGTCAAAGTA-1,-3.2518775,5.9384484,Marginal
AGACAGGGTCAGGTAG-1,0.7605069,6.406591,Oval/Medial
AGACCCGAGTAGCATA-1,0.15632875,6.105224,Oval/Medial
AGACTCATCTACGGTA-1,-2.2385294,0.78338414,Hbx
AGAGAATGTCTCGCGA-1,-4.436949,8.040215,Marginal
AGAGAATTCCTAGCGG-1,0.40832704,8.720457,Oval/Medial
AGATAGATCCTGTAAG-1,2.4920437,2.1003337,Lateral
AGATCCAAGCGCCGTT-1,1.7133591,8.096741,Oval/Medial
AGCCACGTCCACGGGT-1,-0.48687705,7.933348,Oval/Medial
AGCCAGCGTCCCAAAT-1,0.7118188,7.4367476,Oval/Medial
AGCCAGCTCGAGCTGC-1,3.913331,3.7340572,Oval/Medial
AGCGCCATCTCCGAAA-1,7.237912,7.2394457,Oval/Medial
AGCGCTGCAGAAGTGC-1,2.331133,4.3602757,Lateral
AGGATAAAGTGATAGT-1,1.896419,6.9886255,Oval/Medial
AGGGCCTCATGACGGA-1,5.414809,11.007517,Oval/Medial
AGGTCATAGGGCAATC-1,4.4200087,6.6317844,Oval/Medial
AGGTTGTGTTGGAGAC-1,-1.1089548,4.8225374,Oval/Medial
AGTAACCAGCTAAATG-1,0.50409895,1.0188133,Lateral
AGTAGTCGTATCGAAA-1,0.88948,5.956572,Oval/Medial
AGTCTCCCAGATAAAC-1,-2.6587794,7.414703,Marginal
AGTGACTAGGCCTTGC-1,1.4653437,3.0335138,Lateral
AGTTCCCGTGAAAGTT-1,1.024309,6.625854,Oval/Medial
AGTTCCCTCTTCGGAA-1,5.341636,11.875075,Oval/Medial
ATACTTCAGGCGCTTC-1,-3.5035567,5.6482573,Marginal
ATAGACCGTGCTTATG-1,4.7609706,6.540338,Oval/Medial
ATAGGCTAGTACTGTC-1,2.302481,1.4985385,Lateral
ATCACGATCCGTGGCA-1,1.4928527,8.935263,Oval/Medial
ATCATTCGTCAAATCC-1,5.786879,6.7252603,Oval/Medial
ATCCATTCAAGCGCAA-1,3.4120672,7.277706,Oval/Medial
ATCCCTGGTCGCTGCA-1,4.892378,10.850359,Oval/Medial
ATCGATGCAAGCGCAA-1,0.04073303,3.8479888,Oval/Medial
ATCGGCGCATTCTCTA-1,-1.8484133,7.991507,Marginal
ATCGGCGGTATCGCTA-1,-0.17875585,6.1353164,Oval/Medial
ATCGTAGCATTCATCT-1,-1.8408705,7.477795,Marginal
ATCGTGAGTCGCCTAG-1,5.008478,4.8508143,Oval/Medial
ATCTTCATCACTTTGT-1,6.2353196,6.3061895,Oval/Medial
ATGATCGAGCTGTTAC-1,2.2157936,10.305651,Oval/Medial
ATGCCTCCAAACCGGA-1,1.610348,7.695142,Oval/Medial
ATGCGATCACCGTCTT-1,2.4408386,8.670779,Oval/Medial
ATGTCCCGTAGATGTA-1,7.005738,6.756108,Oval/Medial
ATGTCTTCACGTCGTG-1,4.595488,6.3074417,Oval/Medial
ATTGTTCCAGATCCTA-1,-4.449763,8.991603,Marginal
ATTTACCGTTATAGCC-1,4.864853,12.512787,Oval/Medial
ATTTCTGGTACAGTTC-1,0.67509824,8.271281,Oval/Medial
ATTTCTGTCATTACCT-1,0.24682486,9.331856,Oval/Medial
CAAAGAATCTACACTT-1,7.5958652,5.025912,Oval/Medial
CAAAGAATCTGAGCAT-1,-0.8448441,7.500784,Oval/Medial
CAACAACCACGCACCA-1,1.3158911,8.695606,Oval/Medial
CAACGATAGATGACCG-1,3.2267208,11.231148,Oval/Medial
CAATGACGTTCACCGG-1,1.2827842,5.2826185,Oval/Medial
CACACAAGTCTACATG-1,-2.760922,7.7319264,Marginal
CACAGATGTCGAATGG-1,-0.79980177,1.9394791,Oval/Medial
CACCGTTCATCCGTTC-1,-0.5984841,6.5884113,Oval/Medial
CACGAATGTGTCCCTT-1,2.6805797,12.306718,Oval/Medial
CACTGTCTCAGTAGGG-1,2.2911265,8.502961,Oval/Medial
CACTTCGCACAATCTG-1,-3.7645922,6.9471464,Marginal
CAGAGCCCAATTTCTC-1,-3.5381432,5.1550374,Marginal
CAGATCAAGGGAGGGT-1,-2.0024204,8.378034,Marginal
CAGATTGCACTGGCGT-1,-0.37771752,4.3865924,Oval/Medial
CAGCAGCCATTGGGAG-1,2.1522517,2.6708128,Lateral
CAGTGCGCATTCATCT-1,-2.5203838,6.5554748,Marginal
CAGTGCGTCGGACGTC-1,-4.278096,8.107031,Marginal
CATACCCCAGTCGTTA-1,-3.748867,8.699849,Marginal
CATACTTCATCCGCGA-1,-0.038375758,7.9964085,Oval/Medial
CATCCCACACACCGCA-1,-1.0245272,6.5709615,Oval/Medial
CATCGCTTCCATCACC-1,2.835916,6.5028944,Oval/Medial
CATCGGGAGTTTGCTG-1,0.7429805,7.7998257,Oval/Medial
CATGCTCAGTGGCGAT-1,-2.9164512,4.7612987,Marginal
CATGGATAGTTCATCG-1,3.3163023,8.755405,Oval/Medial
CATGGATTCTAGGAAA-1,0.626215,9.538088,Oval/Medial
CATGGTAAGCTGAGCA-1,7.4436574,7.695265,Oval/Medial
CATTCATAGGGTCTTT-1,-0.098736376,6.4697914,Oval/Medial
CATTCATAGGTCATAA-1,0.44131356,9.407196,Oval/Medial
CATTCATGTCAACCTA-1,0.3854716,4.2276945,Lateral
CATTCCGGTACGCTTA-1,-1.6984718,6.767053,Marginal
CATTGAGTCGCAAGAG-1,2.3805752,5.618396,Oval/Medial
CATTGCCCACCAATTG-1,-0.4252255,7.249332,Oval/Medial
CATTGTTAGGAAGTGA-1,4.7567954,7.0220795,Oval/Medial
CATTTCAGTGTGCTTA-1,-0.6820226,6.383983,Oval/Medial
CCAATTTGTATTGACC-1,-3.1501782,5.556548,Marginal
CCCAACTAGCAGTCTT-1,4.739565,12.570252,Oval/Medial
CCCAACTTCGCATGAT-1,7.551063,7.72607,Oval/Medial
CCCATTGGTTCATCGA-1,-0.2004364,8.644306,Oval/Medial
CCCGGAAAGATCCAAA-1,4.4128366,7.951883,Oval/Medial
CCCTAACTCCGTATAG-1,3.9841626,6.2512918,Oval/Medial
CCCTCAAAGCGTGCCT-1,2.7380002,7.455821,Oval/Medial
CCCTTAGCAGTTCACA-1,-3.0730286,7.112343,Marginal
CCGAACGTCGACACCG-1,-3.186133,5.521815,Marginal
CCGGTAGTCGAGCTGC-1,-2.1784298,7.6712046,Marginal
CCGTGAGGTTAGGCCC-1,6.242902,1.8116897,Oval/Medial
CCGTGAGTCGGTCTGG-1,0.9086891,8.727695,Oval/Medial
CCTAACCTCACGAACT-1,-2.312219,7.026453,Marginal
CCTAACCTCGACCAAT-1,5.6047864,10.448443,Oval/Medial
CCTAAGACAGAGAAAG-1,2.3151069,4.4753137,Lateral
CCTAAGAGTGGTGATG-1,2.3101418,8.3078375,Oval/Medial
CCTATCGCAATCCTTT-1,0.88870025,7.142566,Oval/Medial
CCTCAGTAGGATGTTA-1,0.0043494236,9.320458,Oval/Medial
CCTCAGTCACTGTGTA-1,-3.284384,6.786134,Marginal
CCTGCATTCGAACCAT-1,1.7759132,7.44632,Oval/Medial
CCTTGTGAGATGGTCG-1,7.2780223,7.2243223,Oval/Medial
CCTTGTGGTAACCAGG-1,1.8176926,8.925422,Oval/Medial
CCTTTGGTCCCTGTTG-1,3.1806245,13.084748,Oval/Medial
CGACAGCCATGTTTGG-1,-3.6418037,7.4330506,Marginal
CGACAGCGTTCCTAAG-1,1.73049,8.755319,Oval/Medial
CGAGGCTGTGGTATGG-1,0.12848763,8.326134,Oval/Medial
CGATCGGTCCGTATGA-1,3.2558634,6.407919,Oval/Medial
CGCATAATCACTGATG-1,-0.020435167,6.6351976,Oval/Medial
CGCCAGAAGTCGCTAT-1,3.4561021,6.877643,Oval/Medial
CGCGTGAGTTCCAAAC-1,3.9986126,13.708563,Oval/Medial
CGGACACAGATACGAT-1,2.5447812,1.5411057,Lateral
CGGACACAGCCTCACG-1,2.1651876,8.757553,Oval/Medial
CGGACACTCTCACTCG-1,-1.7028689,7.8777027,Marginal
CGGCAGTCACCGCTGA-1,1.5619367,8.814461,Oval/Medial
CGGCAGTGTCCACTCT-1,5.533779,11.504923,Oval/Medial
CGGGCATAGTAGTCTC-1,2.0591805,9.624694,Oval/Medial
CGGGTGTGTATGGTTC-1,7.213442,7.325935,Oval/Medial
CGGGTGTGTCTGTGCG-1,6.289952,5.4838943,Oval/Medial
CGGTCAGAGAATCTAG-1,-2.2512195,2.1037006,Hbx
CGTAATGTCCTCACCA-1,-3.4950733,7.7747784,Marginal
CGTCCATAGACACACG-1,-0.026654111,7.925781,Oval/Medial
CGTTCTGAGCTAGAAT-1,7.75522,6.934421,Oval/Medial
CGTTGGGGTATCGTTG-1,4.279207,7.499148,Oval/Medial
CTAACTTGTACGAAAT-1,1.5623597,8.228973,Oval/Medial
CTACATTGTTGTGGAG-1,7.5743814,4.873926,Oval/Medial
CTACCCAGTGAGATAT-1,0.7892598,8.147543,Oval/Medial
CTACCTGCAAGCGGAT-1,-2.4220998,8.111318,Marginal
CTACCTGCAATCAAGA-1,1.8637327,5.6697736,Oval/Medial
CTACGGGCAGGCGATA-1,1.5356623,9.447334,Oval/Medial
CTAGACAGTCAGTCTA-1,-2.047437,6.4838743,Marginal
CTAGGTACATGTGGCC-1,3.3576925,6.540027,Oval/Medial
CTATCTATCCGACGGT-1,7.3064895,4.8703156,Oval/Medial
CTCAAGAAGTAACGTA-1,2.804474,10.209168,Oval/Medial
CTCACTGTCGCCAACG-1,4.376148,6.8500953,Oval/Medial
CTCAGGGCACTGCACG-1,6.3817506,1.5058378,Oval/Medial
CTCATGCGTCCCTGTT-1,2.5291216,4.5265684,Lateral
CTCATTAAGCTAAGTA-1,-2.0593324,3.6950767,Hbx
CTCCGATGTACGATTC-1,-4.0237365,7.007137,Marginal
CTCTCGATCTACCTTA-1,-2.2200704,6.798667,Marginal
CTCTGGTTCTCTATGT-1,8.181341,7.1971273,Oval/Medial
CTGAATGAGACCCGCT-1,0.44579834,7.7128177,Oval/Medial
CTGAATGAGCTGACAG-1,0.1743188,9.186891,Oval/Medial
CTGAGGCCAAGAGAGA-1,4.31644,8.031368,Oval/Medial
CTGAGGCTCGACGAGA-1,4.8280725,12.282723,Oval/Medial
CTGATCCGTGCCTATA-1,8.218926,7.336267,Oval/Medial
CTGATCCGTTAAGACA-1,3.129723,7.9415975,Oval/Medial
CTGCAGGCAACCGACC-1,-2.8457913,5.7072287,Marginal
CTGCATCTCCGCATAA-1,-3.7504842,7.0728273,Marginal
CTGCCATAGGCACCAA-1,2.6879716,3.4249377,Oval/Medial
CTGCCATAGTCATGGG-1,7.34499,7.709904,Oval/Medial
CTGCTCACAGAGTTCT-1,-0.6084134,6.8690166,Oval/Medial
CTGCTCAGTAGCTTGT-1,3.7827113,4.520629,Oval/Medial
CTGCTCAGTTTGCCGG-1,2.8616796,6.812795,Oval/Medial
CTGCTCATCATGTCAG-1,4.360664,13.331448,Oval/Medial
CTGGTCTCATGAGAAT-1,0.9799448,1.8155541,Lateral
CTGTGAAAGATCGACG-1,4.8786664,10.1457615,Oval/Medial
CTGTGGGAGGGTAATT-1,4.5866456,10.614597,Oval/Medial
CTTACCGTCGTCCTCA-1,2.9035006,4.028151,Oval/Medial
CTTCAATCAGTAGAAT-1,-0.49828067,7.266961,Oval/Medial
CTTCCGACAGTAGGAC-1,-0.26366344,3.805644,Oval/Medial
CTTCCTTAGCGCCTAC-1,6.9460325,7.2255845,Oval/Medial
CTTCGGTTCAGCTTCC-1,1.0072329,6.946149,Oval/Medial
CTTCGGTTCCGAGATT-1,-1.6214452,3.176583,Hbx
CTTTCAAAGCCTAGGA-1,1.9301109,10.2070055,Oval/Medial
CTTTCGGCATTGACAC-1,2.6908245,11.676275,Oval/Medial
GAAACCTCAACCTATG-1,1.7800539,7.0453477,Oval/Medial
GAAATGACACAAATAG-1,0.7776037,5.544885,Oval/Medial
GAACACTTCTGAGCAT-1,3.287445,7.0140595,Oval/Medial
GAACGTTAGGGTTAGC-1,4.9977922,6.366504,Oval/Medial
GAACGTTAGTAAGCAT-1,-2.2787986,-0.38279343,Hbx
GAACGTTTCGCTAGCG-1,1.1031972,6.056031,Oval/Medial
GAAGCGAAGACGCATG-1,-4.0319624,8.353741,Marginal
GAAGGACGTACTCGTA-1,2.645365,7.3128858,Oval/Medial
GAAGGGTGTCGGCTAC-1,5.873011,11.206485,Oval/Medial
GAATAGAGTAAGGCTG-1,-3.017572,5.396604,Marginal
GACAGCCCAACCGTGC-1,2.6338892,8.308388,Oval/Medial
GACCAATAGATTGTGA-1,-1.1945363,6.975101,Oval/Medial
GACCAATCAAGAGTAT-1,-0.049882717,7.4462953,Oval/Medial
GACCAATGTACCGGCT-1,5.558902,6.7688446,Oval/Medial
GACGCTGCATAACGGG-1,2.694617,9.393311,Oval/Medial
GACGCTGGTCACTAGT-1,2.069893,5.8818665,Oval/Medial
GACGTTAAGCTAGTTC-1,5.958609,10.99771,Oval/Medial
GACTATGCACACAGCC-1,-0.5603043,4.6174917,Oval/Medial
GACTGATCACTGCTTC-1,-1.1430938,7.3939557,Oval/Medial
GAGAAATAGTACTGGG-1,3.3200932,10.968107,Oval/Medial
GAGCTGCAGGCTCTAT-1,1.8924559,8.148228,Oval/Medial
GAGCTGCCAGCATTGT-1,-0.524186,6.0651717,Oval/Medial
GAGGCAAGTTTAAGGA-1,3.0582318,6.4601483,Oval/Medial
GAGGGATTCTCCCTAG-1,0.014039125,0.8659115,Lateral
GAGTCTAAGATGACAT-1,3.7403474,11.182512,Oval/Medial
GAGTGTTAGAGGTCGT-1,1.1448883,8.667857,Oval/Medial
GAGTGTTTCATCCCGT-1,7.364337,7.3174505,Oval/Medial
GAGTTACTCAACGCTA-1,1.420949,8.117376,Oval/Medial
GAGTTTGAGCGACTAG-1,3.999536,4.7602844,Oval/Medial
GATAGAAGTATTTCGG-1,1.1796137,6.8057766,Oval/Medial
GATAGAATCCGCAAAT-1,0.9621597,8.169086,Oval/Medial
GATCACAAGGTCACTT-1,-0.40962783,7.4221997,Oval/Medial
GATCAGTTCTTCGTGC-1,1.3794603,8.921368,Oval/Medial
GATCATGGTCGTAATC-1,0.05936474,8.560178,Oval/Medial
GATCATGTCCGCTGTT-1,-1.8465232,5.871798,Marginal
GATCCCTTCCAGTTCC-1,1.284413,6.6433034,Oval/Medial
GATCGTAGTCACGCTG-1,5.7617884,12.869274,Oval/Medial
GATGACTAGGTGCCTC-1,6.3083673,5.9767804,Oval/Medial
GATGATCAGGCTCCCA-1,0.111022614,6.4828653,Oval/Medial
GATTCGAAGCTACTAC-1,7.0830183,6.2176948,Oval/Medial
GATTCTTGTAGACAGC-1,3.592477,5.7920723,Oval/Medial
GATTGGTCACTCCGGA-1,4.9612083,4.9215574,Oval/Medial
GATTTCTCAATTCTCT-1,2.3591049,8.799327,Oval/Medial
GCAACATTCCCTTTGG-1,6.104005,6.658507,Oval/Medial
GCAACATTCTTTGCTA-1,5.44634,10.242499,Oval/Medial
GCACATAAGACTGAGC-1,0.17908236,6.4265227,Oval/Medial
GCACGGTAGCTGTTAC-1,6.2212696,11.764526,Oval/Medial
GCAGCCAGTTAGTTCG-1,4.514775,6.834834,Oval/Medial
GCAGCTGCACCCTGAG-1,-2.424916,6.6807604,Marginal
GCAGCTGTCGGACTGC-1,-3.1254725,8.8090925,Marginal
GCAGGCTAGCGTGCTC-1,1.4528908,7.34806,Oval/Medial
GCATCTCAGATGTTAG-1,1.8969839,6.401763,Oval/Medial
GCCAGTGAGTCTGGAG-1,6.2750673,12.55938,Oval/Medial
GCCATGGTCCTAGCCT-1,-3.0151615,7.103892,Marginal
GCCGATGCAGAACTAA-1,-2.9608433,5.2342143,Marginal
GCCGATGTCCATTGGA-1,-2.2433105,7.1086183,Marginal
GCGAGAAAGTAGTCCT-1,1.2626046,7.3173203,Oval/Medial
GCGAGAAGTTAGGACG-1,0.8737265,7.5111046,Oval/Medial
GCGGAAAGTGCACATT-1,-3.3650725,5.9773226,Marginal
GCGGATCCAAGCCTGC-1,1.2845345,9.721156,Oval/Medial
GCTACAACACCCATAA-1,-2.1557205,6.4253373,Marginal
GCTACCTGTCATCGGC-1,1.5139664,8.592359,Oval/Medial
GCTCAAAGTGTCATTG-1,-0.8071404,0.20415646,Hbx
GCTGAATGTCTTACTT-1,5.6024475,10.039492,Oval/Medial
GCTGCAGTCCCTTGTG-1,-0.25021666,1.3650005,Lateral
GGAATCTGTGAGTTTC-1,0.5083649,6.709185,Oval/Medial
GGACGTCTCACTGAAC-1,0.48679364,8.766895,Oval/Medial
GGATGTTCACCCAACG-1,-3.8400772,7.4030614,Marginal
GGATGTTGTCTACGTA-1,4.6004467,5.911337,Oval/Medial
GGCTGTGGTAGCGTTT-1,-3.224285,6.5972495,Marginal
GGCTTGGCATGACTCA-1,-2.5772977,7.203317,Marginal
GGCTTTCTCAGTGTTG-1,1.2365873,6.3299017,Oval/Medial
GGGACAACAGACCAGA-1,2.1281424,7.001946,Oval/Medial
GGGACTCCATTCAGCA-1,0.014846374,9.021486,Oval/Medial
GGGAGATAGAACTCCT-1,6.164746,12.316772,Oval/Medial
GGGAGTAGTTCCACGG-1,4.324344,12.513057,Oval/Medial
GGGAGTATCTGCATAG-1,0.55339485,6.000992,Oval/Medial
GGGCCATCATGACTGT-1,-0.3327418,6.1407113,Oval/Medial
GGGCCATTCCACGTCT-1,1.9333931,7.343667,Oval/Medial
GGGCTCAAGACATAAC-1,6.301056,4.9402847,Oval/Medial
GGGTAGATCACGGGAA-1,5.6233673,3.9793708,Oval/Medial
GGGTATTAGGTATTGA-1,-1.2575754,8.173131,Oval/Medial
GGGTATTGTAGACTGG-1,7.429035,6.220128,Oval/Medial
GGGTGAATCCACTTCG-1,4.195198,12.332608,Oval/Medial
GGGTTATTCTTACGTT-1,-3.7719464,6.7366114,Marginal
GGTAATCTCTGTAAGC-1,3.2448945,5.0282183,Oval/Medial
GGTCACGTCTGTCGCT-1,0.18050306,6.5841923,Oval/Medial
GGTCTGGCATCGGATT-1,1.3169858,6.532387,Oval/Medial
GGTCTGGGTGATACCT-1,6.9538183,3.6367407,Oval/Medial
GGTGAAGTCTTCTTCC-1,3.5760713,11.705707,Oval/Medial
GGTGATTTCTTGGTCC-1,-2.2463562,6.8914037,Marginal
GGTGGCTAGGAGGTTC-1,6.7730494,9.134185,Oval/Medial
GGTGTCGCACTCCGAG-1,4.092051,3.963427,Oval/Medial
GTAACACCACGACGAA-1,0.3355496,6.8595514,Oval/Medial
GTAATGCAGAAACCCG-1,0.9451901,6.4335837,Oval/Medial
GTAGAAATCTGTCTCG-1,6.6002746,6.386783,Oval/Medial
GTAGCTAAGAGCAGCT-1,-3.2823808,7.8502264,Marginal
GTAGCTACACTTCAGA-1,3.359672,5.074771,Oval/Medial
GTAGGTTGTTGTAAAG-1,0.48643315,6.625233,Oval/Medial
GTAGGTTTCAGCAGAG-1,2.9447155,11.152242,Oval/Medial
GTAGTACCAAGAGAGA-1,2.887844,8.919143,Oval/Medial
GTATTGGGTTCGTACA-1,1.3292345,8.132047,Oval/Medial
GTATTTCCAGGTGGAT-1,7.062716,6.96854,Oval/Medial
GTCACGGCATAACTCG-1,2.4046423,6.596582,Oval/Medial
GTCACGGTCAGTCACA-1,2.3933792,9.23998,Oval/Medial
GTCAGCGAGGTGCAGT-1,6.9123406,1.3252621,Oval/Medial
GTCAGCGTCCGAGTGC-1,-2.3842454,6.64628,Marginal
GTCAGCGTCTCGGTCT-1,1.5096148,7.804003,Oval/Medial
GTCATCCTCCACGTAA-1,2.7282164,11.528154,Oval/Medial
GTCCACTCAAACTCGT-1,1.8384547,6.612167,Oval/Medial
GTCCACTCAATAGGAT-1,2.271894,1.8235934,Lateral
GTCCACTGTCCACGCA-1,3.658982,6.99707,Oval/Medial
GTCCTCACAATCCTAG-1,3.9979227,13.553255,Oval/Medial
GTCGAATAGGCCTAAG-1,2.1385474,10.846547,Oval/Medial
GTCGAATGTACGTAGG-1,2.3492851,6.973646,Oval/Medial
GTCGAATGTTACCCTC-1,2.6126285,11.115776,Oval/Medial
GTCGAATTCACCTCAC-1,-1.9414561,7.5152826,Oval/Medial
GTCGTTCAGTCCGTCG-1,0.2884928,4.884656,Oval/Medial
GTCGTTCCATGTTACG-1,2.0417478,10.453225,Oval/Medial
GTGCAGCAGGAATGTT-1,3.4363513,6.1415663,Oval/Medial
GTGCTGGAGAGTCAAT-1,-2.835143,6.09537,Marginal
GTGCTGGAGGTTGGAC-1,-3.3714216,7.77994,Marginal
GTGGAAGCACATATGC-1,1.9201705,8.823929,Oval/Medial
GTGGAAGGTTGTAAAG-1,2.7847726,3.6821663,Lateral
GTGGAGAAGAGTATAC-1,0.3720851,6.174609,Oval/Medial
GTGGGAAAGACATCAA-1,-2.702719,7.2985425,Marginal
GTGGGAAAGCTGAAGC-1,0.007567385,7.004164,Oval/Medial
GTGGGAACAACCGACC-1,5.0534525,10.862916,Oval/Medial
GTGTCCTAGGTTGAGC-1,4.394596,6.4800563,Oval/Medial
GTGTGATCAAACCACT-1,-2.7328243,7.8204494,Marginal
GTGTGGCAGTAGAATC-1,1.7236952,5.821797,Oval/Medial
GTTATGGGTAGCGTCC-1,0.70000374,6.5481534,Oval/Medial
GTTCATTCACACCTAA-1,2.56155,10.073083,Oval/Medial
GTTCATTTCGGAGTAG-1,6.781995,7.044696,Oval/Medial
GTTCGCTTCCTGCTAC-1,6.8511972,8.161596,Oval/Medial
GTTGTCCCACGCCAGT-1,7.3812604,7.57447,Oval/Medial
GTTTGGACAGACGGAT-1,5.359769,3.6091397,Oval/Medial
GTTTGGACATAGTCAC-1,2.335995,10.496966,Oval/Medial
TAACGACGTTCGGACC-1,4.140562,10.040174,Oval/Medial
TAAGTCGAGTAAAGCT-1,2.4241977,10.783419,Oval/Medial
TAATCTCCAGCGTATT-1,4.9120946,5.986667,Oval/Medial
TACAACGGTCGCCTAG-1,5.1024094,10.57327,Oval/Medial
TACATTCGTGCTCGTG-1,3.0120203,13.480202,Oval/Medial
TACCCGTCAATCCTAG-1,-0.2802716,6.82198,Oval/Medial
TACCCGTTCCGCTTAC-1,6.4888425,7.27547,Oval/Medial
TACGCTCAGATACATG-1,2.7205834,10.02283,Oval/Medial
TACGGGCAGCGAACTG-1,2.5514312,11.197214,Oval/Medial
TACGGGCCAGCTGAAG-1,-2.2017977,8.299076,Marginal
TACGGTAAGCCAACCC-1,-0.3209914,3.6369534,Oval/Medial
TACGGTATCTACGGTA-1,0.7087971,8.412715,Oval/Medial
TACTTACGTCCACATA-1,1.6964723,9.586298,Oval/Medial
TAGACTGGTTCCTTGC-1,-1.1399523,7.630294,Oval/Medial
TAGATCGAGAGCATTA-1,7.4867835,4.921564,Oval/Medial
TAGATCGCAACACGAG-1,0.9206917,9.255798,Oval/Medial
TAGATCGTCTAATTCC-1,4.9079766,8.200348,Oval/Medial
TAGGAGGTCATAGGCT-1,2.4663281,3.7401981,Lateral
TAGGGTTGTGATAGTA-1,3.988675,12.998199,Oval/Medial
TAGGTACAGTCGAGGT-1,-1.5382669,6.7838206,Marginal
TAGGTACCAATAGTCC-1,0.22579479,5.4273343,Oval/Medial
TAGGTACTCCTGCCAT-1,1.0566082,4.6543913,Lateral
TAGGTTGCAATGTCAC-1,6.378506,12.405596,Oval/Medial
TATCCTACAACCAACT-1,8.08939,7.138625,Oval/Medial
TATCTTGTCACAGAGG-1,-1.8676665,7.9330535,Marginal
TATTGCTCACGGCCAT-1,4.0652056,11.128167,Oval/Medial
TATTGCTTCTGTCCGT-1,2.803059,12.3692465,Oval/Medial
TCAAGACAGCTATCTG-1,-2.3257139,7.7978134,Marginal
TCAAGCAAGCGTCGAA-1,6.378711,11.951985,Oval/Medial
TCAATCTCATTCAGCA-1,-3.7678204,5.2248316,Marginal
TCACAAGTCAAGGACG-1,3.0495098,8.59706,Oval/Medial
TCACACCGTCAACCAT-1,-1.1445192,8.440537,Oval/Medial
TCACATTGTCGTGTTA-1,7.5399847,7.087547,Oval/Medial
TCACGCTCACGCCAGT-1,4.4534745,7.699466,Oval/Medial
TCACTATCAGCTTCGG-1,0.5832353,3.55122,Lateral
TCAGCAAGTGAGCTCC-1,0.7650126,2.3155072,Lateral
TCAGCCTTCTGTGTGA-1,-2.527282,4.3224134,Hbx
TCAGTCCAGATCCCAT-1,5.300216,10.815575,Oval/Medial
TCATCCGGTTTGGAAA-1,1.5139592,8.106749,Oval/Medial
TCATGCCAGATGTTAG-1,5.7971344,12.465311,Oval/Medial
TCATGGAAGAGTCAGC-1,1.726476,7.581416,Oval/Medial
TCATGTTAGTATAGAC-1,-2.305272,3.1105878,Hbx
TCATTACTCTCTGAGA-1,2.772889,6.3244696,Oval/Medial
TCCAGAAGTTGGTAGG-1,-4.7965417,8.253602,Marginal
TCCGAAATCCACAAGT-1,-0.37601346,3.9766936,Oval/Medial
TCCTCCCGTTGTCAGT-1,5.4387746,3.4304283,Oval/Medial
TCCTGCATCGTGCTCT-1,-3.6697721,6.2350183,Marginal
TCGATTTCAACCGACC-1,0.3321155,4.337524,Oval/Medial
TCGATTTGTTCTAAGC-1,0.31918126,7.316059,Oval/Medial
TCGATTTTCAGTGCGC-1,6.3513346,5.805432,Oval/Medial
TCGATTTTCCATTCAT-1,1.0009198,9.631409,Oval/Medial
TCGCTTGAGCCTAACT-1,-2.4488482,7.378631,Marginal
TCGGGACCAGTAGATA-1,2.5020943,9.388271,Oval/Medial
TCGGGCAAGCTAGATA-1,1.1557409,6.1539216,Oval/Medial
TCGGGCATCAGCTTCC-1,5.502692,12.724183,Oval/Medial
TCGGGTGCAAATGGCG-1,4.5951867,12.764747,Oval/Medial
TCGGTCTGTACGATCT-1,2.41841,5.7663164,Oval/Medial
TCGTAGATCTGGGAGA-1,1.2055483,7.131385,Oval/Medial
TCGTCCAAGAATTGCA-1,-3.1421895,7.59371,Marginal
TCGTGGGGTGCCTTTC-1,7.732375,4.823516,Oval/Medial
TCGTGGGGTGTTTCTT-1,0.2540589,7.9562783,Oval/Medial
TCTAACTCATGAGATA-1,2.6988497,6.1646395,Oval/Medial
TCTACCGCAGGAGACT-1,1.0653633,5.953235,Oval/Medial
TCTCAGCAGGAACGTC-1,-2.516215,6.4254704,Marginal
TCTCAGCAGTAAACTG-1,5.1243134,6.420134,Oval/Medial
TCTCTGGAGTTTGAGA-1,-1.9670119,6.872672,Marginal
TCTTGCGAGCGGGTAT-1,-0.20480669,7.9850373,Oval/Medial
TCTTTGATCATGCAGT-1,3.8115268,11.82853,Oval/Medial
TGAATCGAGATAACAC-1,1.849224,9.971638,Oval/Medial
TGACCCTCACGATAGG-1,1.4124475,6.4409585,Oval/Medial
TGACCCTCACTCTAGA-1,-0.7945593,4.53352,Oval/Medial
TGAGCGCTCTCGGCTT-1,-3.1365333,7.714926,Marginal
TGAGGAGGTCCAACGC-1,1.4124076,2.0717354,Lateral
TGAGTCACACAGCTGC-1,0.981342,9.106704,Oval/Medial
TGATCAGGTTGGACCC-1,-3.2434328,8.26335,Marginal
TGCATGAAGATGGCGT-1,1.4946672,8.718531,Oval/Medial
TGCCGAGGTGCTGATT-1,-2.6642935,2.5785937,Hbx
TGCGGGTTCTACACTT-1,-1.9529425,6.7370543,Marginal
TGCTCCACATACAGAA-1,-0.43576396,8.264329,Oval/Medial
TGCTCCAGTCACTCTC-1,-1.797956,7.3097763,Marginal
TGCTTCGCAACTCCCT-1,-2.1887126,6.635313,Marginal
TGCTTCGGTGCTCCGA-1,7.482204,0.9360082,Oval/Medial
TGCTTGCCATTATGCG-1,-2.2176151,5.871763,Marginal
TGGAGAGAGCCTGACC-1,-2.125178,8.039949,Marginal
TGGATGTGTCACCGAC-1,4.16424,13.619538,Oval/Medial
TGGCGTGCAAGCGCTC-1,1.9107568,6.912059,Oval/Medial
TGGCGTGCACGCTGAC-1,1.6417993,7.1050143,Oval/Medial
TGGGATTCAGCTTTCC-1,2.6268268,5.749513,Oval/Medial
TGGGTTAAGAAGCCTG-1,1.3210304,4.2976346,Oval/Medial
TGGTAGTGTGCAATGG-1,0.41477153,7.6286874,Oval/Medial
TGGTGATTCAATCTCT-1,0.09010292,6.4304175,Oval/Medial
TGTAACGTCCGCAGTG-1,1.7344351,5.699254,Oval/Medial
TGTAAGCTCATTCTTG-1,-3.293582,8.446331,Marginal
TGTCAGAGTGATTGGG-1,0.2404121,8.396254,Oval/Medial
TGTCCCACATGGGATG-1,-2.138823,6.619781,Marginal
TGTGAGTAGTACCGGA-1,-4.845161,8.240637,Marginal
TGTGAGTCACTCCTTG-1,1.8207427,6.7861333,Oval/Medial
TGTTCATGTAGCACAG-1,2.0937083,6.5503697,Oval/Medial
TGTTGAGAGTTGGGAC-1,0.5804007,9.718536,Oval/Medial
TGTTGGATCGAGCCAC-1,2.9694734,11.868465,Oval/Medial
TTACGCCTCGGAACTT-1,-2.1882467,1.6708275,Hbx
TTACGTTAGTACTCGT-1,0.8023599,9.517607,Oval/Medial
TTACTGTGTCGATGCC-1,-0.27621582,8.830939,Oval/Medial
TTACTGTTCCTACTGC-1,2.2591338,8.168313,Oval/Medial
TTAGGGTTCGCAAGAG-1,1.5690223,9.012047,Oval/Medial
TTCAATCGTGTCATTG-1,6.671439,6.968845,Oval/Medial
TTCCACGGTTACACTG-1,-2.538422,8.3608885,Marginal
TTCCGGTGTGGTGATG-1,-0.354511,7.0009823,Oval/Medial
TTCCGTGGTCATACCA-1,0.54617405,7.9953556,Oval/Medial
TTCCTTCCATCCTCAC-1,-0.12502518,7.2729673,Oval/Medial
TTCGGTCAGTTTCTTC-1,2.832429,9.705062,Oval/Medial
TTCTAACGTTAACAGA-1,-1.7048285,6.9353213,Marginal
TTGACCCGTCAACCAT-1,-3.744006,8.612732,Marginal
TTGGGATGTATCGGTT-1,-0.46067768,6.833437,Oval/Medial
TTGGGATGTGGATTTC-1,0.28253037,6.0711317,Oval/Medial
TTGTTCAAGGCGCTCT-1,2.630358,7.4532046,Oval/Medial
TTGTTGTCATTAAAGG-1,0.29700574,8.192245,Oval/Medial
TTGTTGTTCGTAGGGA-1,2.3398116,9.519117,Oval/Medial
TTTAGTCAGTCGCGAA-1,6.464261,7.2427325,Oval/Medial
TTTCACAAGTCCTGTA-1,-0.9055016,8.250006,Oval/Medial
TTTCATGGTGGGATTG-1,0.051714763,4.196861,Oval/Medial
TTTCATGTCATGCATG-1,0.90728915,7.6195455,Oval/Medial
TTTCGATCACATTACG-1,-1.2691025,7.011957,Oval/Medial
TTTGATCCACCGCTAG-1,-2.4817467,7.116276,Marginal
TTTGGAGAGAAATTGC-1,7.419575,9.305275,Oval/Medial
TTTGGAGAGACTCGAG-1,1.526528,8.821851,Oval/Medial
AAACGCTTCTCGTGGG-1,6.146286,5.110497,Oval/Medial
AAAGGATCACGTAGTT-1,6.604049,1.7311336,Oval/Medial
AAAGGGCAGCTGAGCA-1,3.390536,12.314613,Oval/Medial
AACAAAGTCGCACTCT-1,2.0002859,10.455899,Oval/Medial
AACCAACAGCGTCAAG-1,3.5522072,9.277717,Oval/Medial
AACCACAGTGGCGCTT-1,3.3392813,9.423653,Oval/Medial
AACCATGCAAAGACTA-1,4.6329904,3.1282098,Oval/Medial
AACCCAAAGCTAGAAT-1,6.6086426,5.174656,Oval/Medial
AACCCAATCGTCTACC-1,6.4894323,5.481638,Oval/Medial
AACGGGACATCAGTGT-1,5.7379255,12.425958,Oval/Medial
AACTTCTCAAGTGGAC-1,2.5344238,4.8929157,Oval/Medial
AACTTCTGTTGTCCCT-1,4.6397676,10.289821,Oval/Medial
AAGAACAAGCATATGA-1,3.5406072,13.664984,Oval/Medial
AAGACTCGTACAGGTG-1,-1.5141295,7.288991,Marginal
AAGATAGGTCTACATG-1,1.9665216,7.1448483,Oval/Medial
AAGCCATGTCGCACAC-1,3.2189097,11.224953,Oval/Medial
AAGGAATAGAAGATCT-1,6.2530336,7.3414993,Oval/Medial
AAGGAATGTTCTCGCT-1,4.2123837,13.07269,Oval/Medial
AAGGTAACATGGCTGC-1,3.283249,12.351155,Oval/Medial
AAGTCGTCATGACTAC-1,4.050039,10.153062,Oval/Medial
AAGTGAATCCTCGCAT-1,0.4485404,7.8780904,Oval/Medial
AAGTTCGGTGCAACGA-1,-1.0089076,6.714094,Oval/Medial
AAGTTCGTCACGGGAA-1,1.9684387,9.566333,Oval/Medial
AATCACGTCTCATAGG-1,3.0797148,13.543852,Oval/Medial
AATGAAGAGCAACAGC-1,6.5411725,2.0856397,Oval/Medial
AATGAAGGTCACGCTG-1,-3.1233008,6.3771105,Marginal
ACAAAGATCTACCACC-1,0.8965654,8.06025,Oval/Medial
ACAAGCTTCTATCGGA-1,7.3967896,5.242279,Oval/Medial
ACACGCGGTCACTGAT-1,7.1107025,2.4267309,Oval/Medial
ACACTGACAATGACCT-1,-1.3650252,-0.092242755,Hbx
ACACTGAGTTGACTGT-1,2.832816,11.8978615,Oval/Medial
ACAGAAAAGGTGCGAT-1,4.2662926,9.260302,Oval/Medial
ACATCGAGTGGCATCC-1,4.307705,3.4896922,Oval/Medial
ACCAAACGTAGCGTAG-1,-0.27825186,6.9315243,Oval/Medial
ACCAACACACAAATGA-1,0.5959524,8.70711,Oval/Medial
ACCAACACACAGTCAT-1,1.5053186,6.7190704,Oval/Medial
ACCATTTCACGGCACT-1,3.6774657,7.6182976,Oval/Medial
ACCCTTGCAACTCCAA-1,1.9928921,8.186577,Oval/Medial
ACCGTTCTCACTACGA-1,1.612852,6.9644914,Oval/Medial
ACCGTTCTCGAGAATA-1,6.0760727,11.574896,Oval/Medial
ACCTACCGTGTAACGG-1,4.875387,12.488585,Oval/Medial
ACGGAAGGTAATGCGG-1,2.7475448,7.044206,Oval/Medial
ACGGGTCGTTGTGCAT-1,2.154731,3.713394,Lateral
ACGGTTATCAAAGAAC-1,3.6889613,12.761908,Oval/Medial
ACGTACAAGTTCGGTT-1,0.63383394,6.9168243,Oval/Medial
ACGTCCTAGGCTCCCA-1,2.951005,10.658113,Oval/Medial
ACGTTCCTCGTTAGTG-1,4.393581,6.764943,Oval/Medial
ACTACGACACCGTGAC-1,6.9489994,4.634052,Oval/Medial
ACTACGAGTCCACAGC-1,2.827657,11.965659,Oval/Medial
ACTATGGAGCGAATGC-1,-0.0507874,3.9791949,Oval/Medial
ACTATGGGTATGTGTC-1,2.640823,6.3466296,Oval/Medial
ACTATTCCATCCTATT-1,2.0999355,10.416578,Oval/Medial
ACTATTCGTGCCTTCT-1,0.76199067,8.706126,Oval/Medial
ACTCCCACAGATCATC-1,-0.4512942,7.6876607,Oval/Medial
ACTCCCAGTAACACGG-1,4.110064,9.424976,Oval/Medial
ACTGCAAAGCAATTAG-1,3.8940594,6.0725336,Oval/Medial
ACTGTGACACCCAATA-1,6.5103345,4.1128774,Oval/Medial
ACTGTGAGTGCATGAG-1,1.0551403,7.6752768,Oval/Medial
ACTGTGATCGAACGCC-1,-0.5877461,4.8501115,Oval/Medial
ACTTATCAGTCCGTCG-1,6.4121103,1.718722,Oval/Medial
ACTTATCTCGCGTCGA-1,5.833705,4.8387513,Oval/Medial
ACTTCGCTCGAACCAT-1,0.85048485,6.816183,Oval/Medial
ACTTTGTGTTCGGCTG-1,4.2642026,9.745577,Oval/Medial
AGAAATGCAACAGTGG-1,2.689853,10.419507,Oval/Medial
AGAAATGCAACCAGAG-1,6.656725,6.9247527,Oval/Medial
AGAACAATCACTGTTT-1,-2.2365136,6.1954017,Marginal
AGAACCTAGCCGTTAT-1,2.7742064,8.377124,Oval/Medial
AGAAGTAAGACTACGG-1,4.460951,7.1550965,Oval/Medial
AGACAAAGTCAAAGAT-1,4.986511,3.7718163,Oval/Medial
AGACACTCAGAGTTGG-1,-1.9795557,3.298414,Hbx
AGACAGGGTATTGCCA-1,0.52378464,6.3629813,Oval/Medial
AGACAGGGTCTGGTTA-1,-2.3054,6.697815,Marginal
AGAGAATGTAGGTAGC-1,2.7100322,11.8924,Oval/Medial
AGATAGAAGCGGTAAC-1,5.1462827,2.8874788,Oval/Medial
AGATAGAGTACAGCGA-1,0.22300822,0.8090874,Lateral
AGATCCAAGGTGATCG-1,6.2171583,2.7572823,Oval/Medial
AGATCCATCGACCAAT-1,1.6934791,7.18786,Oval/Medial
AGATCGTAGTTGCTCA-1,4.6634135,11.804854,Oval/Medial
AGATCGTCACTGAATC-1,5.1576757,13.087601,Oval/Medial
AGATCGTGTTCGATTG-1,2.770976,8.832017,Oval/Medial
AGATGAATCACCATAG-1,0.99705344,5.5005684,Oval/Medial
AGCATCAGTAGGTTTC-1,-0.5460013,8.076714,Oval/Medial
AGCGATTAGATAGCTA-1,1.0548694,8.666168,Oval/Medial
AGCGTATCAATTGCAC-1,2.2859795,10.46142,Oval/Medial
AGCGTCGTCCCTCTCC-1,-3.7920246,7.2819443,Marginal
AGCTACACAGCGTGCT-1,-3.0156336,7.707435,Marginal
AGCTACATCCCTAGGG-1,-1.3681949,3.888839,Hbx
AGCTTCCGTATAGGAT-1,0.6598742,2.2643538,Lateral
AGGAATAAGCAGATAT-1,5.5562444,6.7161736,Oval/Medial
AGGAATAAGCTGAAAT-1,5.489682,3.072333,Oval/Medial
AGGACTTGTACAAGTA-1,0.64716536,5.7087502,Oval/Medial
AGGAGGTAGCCTCAGC-1,-2.2005699,3.127176,Hbx
AGGAGGTAGTCTGGTT-1,5.779517,6.221821,Oval/Medial
AGGATAATCCGATAAC-1,-3.3941984,5.48691,Marginal
AGGATCTGTGGCTTGC-1,2.6836016,9.48969,Oval/Medial
AGGATCTTCTAAGCGT-1,5.4209275,10.775779,Oval/Medial
AGGATCTTCTTCCTAA-1,-0.22608113,8.742521,Oval/Medial
AGGCATTAGCGGTATG-1,4.2168293,7.0447993,Oval/Medial
AGGCCACCAGACATCT-1,0.28259376,8.84267,Oval/Medial
AGGGAGTCAGCAGGAT-1,4.829671,7.1304183,Oval/Medial
AGGGAGTGTCTAGATC-1,4.3420115,7.3148828,Oval/Medial
AGGGCTCAGGGAGGCA-1,3.5426028,4.74809,Oval/Medial
AGGGCTCGTGGCTGCT-1,5.790323,6.5351334,Oval/Medial
AGGGTCCGTACAAGTA-1,2.4723177,7.458467,Oval/Medial
AGGGTGATCGCTAAAC-1,4.365358,4.044329,Oval/Medial
AGGTAGGCACCTGATA-1,0.70800555,6.9611373,Oval/Medial
AGGTCATCAAAGCTCT-1,2.5082664,11.231588,Oval/Medial
AGGTCTACAAATCAGA-1,-3.0847306,7.042659,Marginal
AGGTGTTTCCTCGATC-1,6.008331,11.595202,Oval/Medial
AGTAACCGTAATCAAG-1,3.9289734,3.6508574,Oval/Medial
AGTACCAGTATTGACC-1,5.2080426,3.4394493,Oval/Medial
AGTACTGCACGCCACA-1,-4.143696,6.001302,Marginal
AGTACTGCACTGGCGT-1,3.0276122,7.14904,Oval/Medial
AGTAGCTAGTGGAAAG-1,6.8958287,6.6415834,Oval/Medial
AGTCAACCACACGCCA-1,-1.2549815,7.9764957,Oval/Medial
AGTCACATCTCCGATC-1,0.5667545,6.811602,Oval/Medial
AGTCATGGTCCAGCCA-1,2.3099775,6.6483946,Oval/Medial
AGTCTCCCACATGTTG-1,0.6001858,5.119092,Oval/Medial
AGTGTTGAGGGAGGGT-1,-1.0096849,7.2443557,Oval/Medial
ATACCTTTCGTTGCCT-1,-1.2184275,5.819282,Oval/Medial
ATACTTCCATGAGAAT-1,2.453163,8.773452,Oval/Medial
ATAGACCTCGCCAATA-1,7.4191937,8.214007,Oval/Medial
ATAGACCTCTGTCCCA-1,6.9659586,9.250228,Oval/Medial
ATAGGCTTCCTTCACG-1,-0.6014756,5.994112,Oval/Medial
ATAGGCTTCTATTCGT-1,-1.4481456,6.9373245,Marginal
ATATCCTAGAAGTCAT-1,5.3820505,7.414386,Oval/Medial
ATCACAGCAACGAGGT-1,0.53525174,9.005096,Oval/Medial
ATCACAGTCATGTCTT-1,3.4462736,9.238042,Oval/Medial
ATCACTTTCATTACTC-1,-0.13204582,6.0288315,Oval/Medial
ATCAGGTCACTCATAG-1,-0.021671861,6.4321017,Oval/Medial
ATCATTCGTCTTCGAA-1,0.7319481,7.534615,Oval/Medial
ATCCACCCACGCGCAT-1,6.569583,1.804887,Oval/Medial
ATCCCTGGTCGGAAAC-1,1.2266413,6.123387,Oval/Medial
ATCGATGCATCAGCAT-1,0.2621928,2.0554469,Lateral
ATCGCCTGTTGCATAC-1,0.73915297,9.435651,Oval/Medial
ATCGCCTTCTCTATGT-1,7.6638083,7.159666,Oval/Medial
ATCGGATCAAATGCTC-1,4.6914864,7.3435917,Oval/Medial
ATCGTAGCAAACTAAG-1,5.0126624,9.948795,Oval/Medial
ATCGTAGCATGTCAGT-1,2.480677,8.289305,Oval/Medial
ATCGTAGGTGCCAAGA-1,5.5585794,6.0310802,Oval/Medial
ATCTTCAGTTCTAACG-1,2.5839925,11.111496,Oval/Medial
ATGAAAGCAGTGGCTC-1,4.2219663,10.319566,Oval/Medial
ATGAAAGGTAGGCTGA-1,4.618181,12.115958,Oval/Medial
ATGCATGTCCTTCACG-1,6.461939,4.142291,Oval/Medial
ATGGAGGGTCATCCCT-1,3.2178972,10.867792,Oval/Medial
ATGGGAGAGCACGTCC-1,2.6346302,5.622384,Oval/Medial
ATGGGTTGTCTGTCCT-1,0.77197087,8.134465,Oval/Medial
ATGGTTGAGCATTGAA-1,-1.0689416,6.6392465,Oval/Medial
ATGTCCCAGGTATTGA-1,2.5936275,9.967517,Oval/Medial
ATTACCTCATTACGGT-1,5.361323,11.389575,Oval/Medial
ATTACCTGTAACTTCG-1,6.488743,6.970877,Oval/Medial
ATTACTCAGTCACTCA-1,3.4920664,11.421918,Oval/Medial
ATTACTCCACAGACGA-1,0.20111343,9.3665,Oval/Medial
ATTCAGGAGTGGAAGA-1,2.7854924,7.4603696,Oval/Medial
ATTCCATGTAAGGAGA-1,2.6385407,10.207981,Oval/Medial
ATTCCCGCATAACTCG-1,6.4071035,8.997774,Oval/Medial
ATTCCTATCTTTCCGG-1,4.5627613,7.133442,Oval/Medial
ATTCTTGAGGTCCTGC-1,3.18335,10.230234,Oval/Medial
ATTGGGTGTTCCAGGC-1,3.6579492,9.737915,Oval/Medial
ATTGTTCAGGCTAAAT-1,7.567595,6.176089,Oval/Medial
ATTTACCAGTAGACAT-1,-0.46052417,6.9736085,Oval/Medial
ATTTACCGTTCCGGTG-1,0.70038104,6.2450266,Oval/Medial
ATTTCTGAGTCTGGTT-1,-0.025522264,6.126685,Oval/Medial
ATTTCTGCATTCCTCG-1,2.8659363,9.849282,Oval/Medial
CAACAACAGCTGAAGC-1,2.9901025,6.2441497,Oval/Medial
CAACAACTCCTGGCTT-1,-3.8159726,7.662127,Marginal
CAACCAAAGCGATGGT-1,3.3435323,12.809815,Oval/Medial
CAACGATCACGTAACT-1,3.7669456,3.9232318,Oval/Medial
CAACGATGTCGCCTAG-1,1.1576583,9.481486,Oval/Medial
CAACGGCAGCCACAAG-1,0.6550283,5.310817,Oval/Medial
CAAGGGACATCAACCA-1,3.5604813,10.118414,Oval/Medial
CAAGGGATCTACACTT-1,2.8346868,11.553859,Oval/Medial
CAATTTCGTTGCCAAT-1,6.2391343,11.844351,Oval/Medial
CACAGATAGACTTCCA-1,-2.2831564,2.5097442,Hbx
CACAGGCAGTGGTGAC-1,2.9241505,12.872401,Oval/Medial
CACATGATCACCTCTG-1,6.2754927,1.8875104,Oval/Medial
CACCAAAAGGTAGCAC-1,2.545548,4.0996647,Lateral
CACCAAACACAATGTC-1,5.481218,6.6177597,Oval/Medial
CACCAAACATGCTGCG-1,4.2390585,12.435523,Oval/Medial
CACCGTTGTGCTCTTC-1,5.479266,6.205722,Oval/Medial
CACGAATTCCTCTAGC-1,1.607198,7.2843056,Oval/Medial
CACGGGTCACGTCGTG-1,6.029862,6.6914988,Oval/Medial
CACTAAGAGTCGGGAT-1,0.118740946,8.807753,Oval/Medial
CACTAAGTCGTCTAAG-1,-3.3611534,7.8647795,Marginal
CACTGGGGTTTCTATC-1,7.807686,7.9533362,Oval/Medial
CACTGGGTCCTGGGAC-1,1.3317888,6.1326785,Oval/Medial
CACTGTCGTGATGGCA-1,3.673303,6.3991404,Oval/Medial
CACTGTCGTGTCATCA-1,3.193225,13.692105,Oval/Medial
CACTTCGAGAGCCGAT-1,-3.6931581,6.483335,Marginal
CAGAGCCGTCGGTGTC-1,1.114183,2.6816895,Lateral
CAGATACAGTTTCAGC-1,2.809504,6.3558593,Oval/Medial
CAGATCAAGAAGCTGC-1,2.4016106,6.3189874,Oval/Medial
CAGATTGGTCGAATGG-1,0.91300225,1.267933,Lateral
CAGCAATTCGATCCCT-1,1.3686298,8.749382,Oval/Medial
CAGCGTGAGCGGTAAC-1,1.0364038,6.8198166,Oval/Medial
CAGGGCTAGCCATATC-1,4.3741026,3.17371,Oval/Medial
CAGTGCGTCCAAGGGA-1,6.025079,6.394617,Oval/Medial
CATAGACTCCTCGCAT-1,3.2184644,9.853997,Oval/Medial
CATCCGTCATGCAGCC-1,0.06289306,4.1209545,Oval/Medial
CATCGTCAGCACCCAC-1,4.459203,7.089969,Oval/Medial
CATGCGGAGTAAGACT-1,6.4582653,1.843463,Oval/Medial
CATGCGGTCTTGCAGA-1,0.06634709,9.353805,Oval/Medial
CATGGATAGTAGACCG-1,-1.9924859,1.2764428,Hbx
CATGGATGTTCTTGCC-1,5.1161118,12.84748,Oval/Medial
CATTCATCAGTATTCG-1,2.663431,9.057672,Oval/Medial
CATTGCCGTCTGCATA-1,4.7518826,10.555711,Oval/Medial
CCAAGCGTCTGGCCAG-1,4.732638,3.1132514,Oval/Medial
CCACACTAGAGTCCGA-1,2.1178029,9.368862,Oval/Medial
CCACACTGTGCATGTT-1,5.298447,11.739055,Oval/Medial
CCACGAGCAGAACCGA-1,-0.8742966,6.89892,Oval/Medial
CCCTAACAGATCGCTT-1,1.9289379,10.161124,Oval/Medial
CCCTAACGTATGAAGT-1,0.705737,6.7753305,Oval/Medial
CCCTCAATCCATAAGC-1,5.423946,8.5807705,Oval/Medial
CCGATCTAGTCCTGTA-1,4.9504423,6.98405,Oval/Medial
CCGATCTCAGCGCTTG-1,5.1238394,6.1207457,Oval/Medial
CCGATCTTCACCGGGT-1,5.247217,4.545897,Oval/Medial
CCGGTGAAGCGACTAG-1,5.5374417,11.004741,Oval/Medial
CCGGTGACAGGACGAT-1,0.8801461,1.2049353,Lateral
CCGTAGGAGCTACTAC-1,0.9671696,8.683566,Oval/Medial
CCGTGAGAGCTGAGCA-1,3.8677657,13.249515,Oval/Medial
CCGTGAGTCTGAGTCA-1,-2.7225761,6.568932,Marginal
CCGTTCAAGCATGCGA-1,6.6836305,1.9991691,Oval/Medial
CCTACGTGTATGATCC-1,0.79180646,9.018489,Oval/Medial
CCTCAACCAACACAGG-1,1.1234221,9.425954,Oval/Medial
CCTCAACTCTGAGATC-1,3.0420353,9.2705,Oval/Medial
CCTCACACAACACGTT-1,-4.0320926,7.3083224,Marginal
CCTCCAACAATCACGT-1,2.6198347,3.6726763,Lateral
CCTCTCCTCCCTTTGG-1,1.0588973,8.208984,Oval/Medial
CCTGCATGTACCTATG-1,6.27747,12.483584,Oval/Medial
CCTGCATTCGCACTCT-1,5.610673,5.565175,Oval/Medial
CCTGTTGTCGCACTCT-1,0.4560947,9.648745,Oval/Medial
CCTTCAGTCGAGTCTA-1,2.868638,6.781979,Oval/Medial
CCTTTGGAGTTGGAAT-1,7.286417,6.254775,Oval/Medial
CCTTTGGGTATGCTAC-1,4.141401,11.368303,Oval/Medial
CGAAGTTAGCCGTCGT-1,2.8869462,11.197062,Oval/Medial
CGAAGTTAGTTGTACC-1,0.1372113,8.670433,Oval/Medial
CGAATTGAGTGAGCCA-1,3.3698826,12.633931,Oval/Medial
CGACAGCAGGCGCTTC-1,0.9945219,8.972143,Oval/Medial
CGAGTGCCAAAGTGTA-1,0.18825388,9.580187,Oval/Medial
CGAGTTAAGCGCTGCT-1,-0.25790262,7.673507,Oval/Medial
CGATGCGAGGCTGAAC-1,6.3714204,5.121799,Oval/Medial
CGATGGCGTCATCCGG-1,2.5039237,9.799946,Oval/Medial
CGATGGCTCCACGTAA-1,6.6173387,6.8830404,Oval/Medial
CGCATAAGTAGTCGTT-1,4.414128,6.050753,Oval/Medial
CGCATAATCGGTCGGT-1,4.4620614,6.476318,Oval/Medial
CGCATGGAGATTGTGA-1,3.9139535,12.341997,Oval/Medial
CGCGTGACATGATCTG-1,1.0827624,9.413929,Oval/Medial
CGGAATTCAAGTTTGC-1,0.21393186,3.453856,Lateral
CGGACACAGATCGACG-1,7.5952654,6.7766924,Oval/Medial
CGGACACTCCTCTCGA-1,-0.02846737,8.128047,Oval/Medial
CGGAGAAAGAACCCGA-1,1.6925621,7.731391,Oval/Medial
CGGGACTTCCTTGACC-1,6.1596537,2.3548195,Oval/Medial
CGGGACTTCGAGCTGC-1,3.552932,6.6272655,Oval/Medial
CGGGTCAGTACGACTT-1,6.507114,1.4901892,Oval/Medial
CGGGTCAGTATCAGGG-1,6.66726,2.185697,Oval/Medial
CGGGTGTAGTCGTTAC-1,0.23735605,7.699433,Oval/Medial
CGTAATGCACGAAAGC-1,3.6389444,5.246692,Oval/Medial
CGTAATGCATAGATCC-1,1.4865571,7.7427297,Oval/Medial
CGTAGTACACTCCTTG-1,4.339673,10.34819,Oval/Medial
CGTCAAAAGTCGCCCA-1,3.3953564,13.319124,Oval/Medial
CGTGAATCACGGTGCT-1,0.26447093,8.608775,Oval/Medial
CGTGAATCATAAGATG-1,4.8738456,2.8866265,Oval/Medial
CGTGATACAACCAATC-1,6.465315,12.508009,Oval/Medial
CGTGATAGTGCTCGTG-1,0.030753287,8.59768,Oval/Medial
CGTGATATCCTTATAC-1,2.93917,10.914163,Oval/Medial
CGTTAGACACTCACTC-1,6.38391,6.795741,Oval/Medial
CGTTCTGCAGCATCTA-1,-1.3490312,6.8368607,Oval/Medial
CTAACCCGTTTACACG-1,2.2103682,7.592379,Oval/Medial
CTACAGAAGAAACCCG-1,-0.43492958,7.6454897,Oval/Medial
CTACAGAGTACAGTAA-1,2.3377674,7.6472054,Oval/Medial
CTACAGATCTGTTCAT-1,0.58381355,8.901801,Oval/Medial
CTACATTAGCCTGACC-1,4.2313323,9.419738,Oval/Medial
CTACATTGTACGTACT-1,-0.31805086,4.6782246,Oval/Medial
CTACCTGCAATTGCTG-1,1.28931,6.1480455,Oval/Medial
CTACCTGCATGCCATA-1,2.312123,6.3503776,Oval/Medial
CTACCTGGTTGTAAAG-1,0.6290852,6.856432,Oval/Medial
CTATCTAAGTCTGCAT-1,6.095966,6.8730726,Oval/Medial
CTATCTAGTCGCTTAA-1,6.1701436,12.357268,Oval/Medial
CTCAACCGTTCGAACT-1,-0.28137264,6.3853054,Oval/Medial
CTCAAGATCTGCGAGC-1,-2.9671156,6.443489,Marginal
CTCAGGGGTTCCATTT-1,6.41243,1.9062793,Oval/Medial
CTCATCGCAGAGAGGG-1,3.0584683,11.182399,Oval/Medial
CTCCATGAGACCAACG-1,5.2209754,7.148767,Oval/Medial
CTCCATGGTGATACAA-1,2.9841006,4.806099,Oval/Medial
CTCCATGTCAAGGTGG-1,0.9829376,1.4104197,Lateral
CTCCCTCTCACATACG-1,1.7576132,6.063266,Oval/Medial
CTCCTTTAGATTACCC-1,6.455419,1.8065392,Oval/Medial
CTCTCAGCAAGAAATC-1,-1.3850964,5.5330625,Oval/Medial
CTCTCAGCATGACTTG-1,2.3690226,10.745596,Oval/Medial
CTGAGCGAGCCTCAAT-1,-2.299592,0.20422928,Hbx
CTGAGGCAGCAAGGAA-1,1.6802249,9.333516,Oval/Medial
CTGAGGCAGCAGCAGT-1,-2.2744453,-0.3187097,Hbx
CTGATCCTCGTGCATA-1,-0.04669638,7.2556615,Oval/Medial
CTGCATCAGAGAGGGC-1,1.0495625,9.355739,Oval/Medial
CTGCCATCACCTATCC-1,-0.25172803,5.324882,Oval/Medial
CTGCCATCACCTGAAT-1,2.8809214,8.852953,Oval/Medial
CTGCCTAAGCTCCCTT-1,-0.07726711,6.730153,Oval/Medial
CTGCGAGGTAACTTCG-1,4.3212113,6.4055147,Oval/Medial
CTGCGAGGTCTGTCCT-1,2.2577736,8.727971,Oval/Medial
CTGCTCAAGGTAGTAT-1,3.8788145,11.764269,Oval/Medial
CTGCTCATCGAGTCCG-1,2.5628467,2.6468346,Lateral
CTGGCAGAGTGATAAC-1,4.9748936,10.582098,Oval/Medial
CTGGCAGGTGAGATAT-1,3.1867182,12.871981,Oval/Medial
CTGGTCTAGATGCAGC-1,1.3896253,7.918297,Oval/Medial
CTGTAGAGTATGCAAA-1,3.40451,9.203712,Oval/Medial
CTGTATTGTTTCAGAC-1,4.090411,12.970081,Oval/Medial
CTGTGAAAGTAAAGCT-1,4.7102017,12.535219,Oval/Medial
CTTACCGGTTTCACTT-1,0.6406207,7.3055677,Oval/Medial
CTTCCGACACACACGC-1,4.029637,11.029264,Oval/Medial
CTTCCTTTCTTACCAT-1,5.727952,6.482259,Oval/Medial
CTTCGGTAGGCGCTCT-1,1.9110882,9.2507,Oval/Medial
CTTCTAACAAATGGTA-1,5.472005,5.121803,Oval/Medial
CTTCTCTGTAACTGCT-1,4.2191257,9.705362,Oval/Medial
CTTGAGACACACCAGC-1,7.8052354,7.8524985,Oval/Medial
CTTTCAAGTAGTCGTT-1,6.951112,3.8179681,Oval/Medial
GAAACCTGTCCGTACG-1,0.33706072,6.7631264,Oval/Medial
GAAGAATCATGATCTG-1,5.8470526,7.592561,Oval/Medial
GAAGCGACAAGCCATT-1,2.1246383,6.662378,Oval/Medial
GAATAGACACTGGAAG-1,5.039027,7.4333124,Oval/Medial
GAATAGAGTTCTGACA-1,2.9628382,9.241266,Oval/Medial
GAATCACAGGCCACCT-1,-0.29214495,7.5987177,Oval/Medial
GACCCAGTCCAGTGCG-1,4.219289,11.859685,Oval/Medial
GACCTTCGTGATCATC-1,2.0526743,7.100742,Oval/Medial
GACGTTACACAGAAGC-1,0.05689749,4.069326,Oval/Medial
GACTATGCATAATCGC-1,-1.1821269,7.6434875,Oval/Medial
GACTGATAGAGAGGTA-1,5.74866,11.125392,Oval/Medial
GACTGATTCTGTCGCT-1,6.2632,12.361503,Oval/Medial
GAGACCCGTACAAGTA-1,2.5422807,6.171731,Oval/Medial
GAGACCCTCAAGGAGC-1,-1.0635879,6.656239,Oval/Medial
GAGACTTGTTAACCTG-1,-2.108517,3.8515382,Hbx
GAGACTTTCTGCATGA-1,-1.3662658,-0.058706198,Hbx
GAGATGGTCATTACGG-1,3.236123,10.716448,Oval/Medial
GAGGCAATCTGATGGT-1,-0.019171303,5.9673123,Oval/Medial
GAGGCCTGTGCTAGCC-1,1.778186,8.324046,Oval/Medial
GAGGGATTCTTACTGT-1,2.797032,11.423555,Oval/Medial
GAGGGTACATGAATCC-1,0.38729244,8.806323,Oval/Medial
GAGTCATGTTCGTAAC-1,1.216754,7.587406,Oval/Medial
GAGTTACAGAACTTCC-1,4.1075034,12.454571,Oval/Medial
GAGTTGTGTTCTAACG-1,5.824158,2.9398224,Oval/Medial
GAGTTTGGTAGCTTGT-1,6.2069182,5.223393,Oval/Medial
GAGTTTGGTTATCTGG-1,2.6499152,8.010605,Oval/Medial
GATAGAAAGTCATGCT-1,4.6401663,5.3620954,Oval/Medial
GATAGCTAGGGAGTTC-1,0.9055409,7.380744,Oval/Medial
GATCACACAAACGTGG-1,0.54878706,6.8775053,Oval/Medial
GATCACATCCCGAGGT-1,0.47447175,7.227692,Oval/Medial
GATCAGTAGGGTGAAA-1,5.7193294,11.031703,Oval/Medial
GATCCCTAGTAACCGG-1,7.4214582,6.5438137,Oval/Medial
GATCCCTAGTCAAGCG-1,0.955435,6.2047987,Oval/Medial
GATCCCTAGTCCGTCG-1,2.7704604,9.918984,Oval/Medial
GATGACTCATGCAGGA-1,1.9485205,9.669138,Oval/Medial
GATGACTGTGGATCAG-1,0.5449548,7.606758,Oval/Medial
GATGACTTCCTAAGTG-1,2.6580105,8.883965,Oval/Medial
GATGAGGTCCTCAGGG-1,7.1349163,7.9314957,Oval/Medial
GATGATCTCGAGAAGC-1,-2.4586263,0.20481841,Hbx
GATGTTGAGCATTTGC-1,1.6333281,6.2973824,Oval/Medial
GATTCGAGTTGAGGAC-1,1.2265097,5.369778,Oval/Medial
GATTGGTGTTACGCCG-1,2.0275178,2.3931692,Lateral
GATTTCTAGGACACTG-1,5.8569636,2.17906,Oval/Medial
GATTTCTCAGAGTTGG-1,5.7928643,2.5328124,Oval/Medial
GCACATATCTCAGTCC-1,5.2762547,12.872868,Oval/Medial
GCACGGTAGGATGTTA-1,1.5726008,6.470695,Oval/Medial
GCAGCCACATGACCCG-1,2.755638,6.2554746,Oval/Medial
GCAGCTGAGCCATGCC-1,0.38960797,7.429648,Oval/Medial
GCAGGCTCAAGTTTGC-1,0.7345178,9.694451,Oval/Medial
GCAGTTAGTACAACGG-1,4.0787163,11.538305,Oval/Medial
GCAGTTAGTATCTTCT-1,1.1591582,9.65486,Oval/Medial
GCATCGGCACCCATAA-1,3.2758827,13.671275,Oval/Medial
GCATTAGTCCAGTACA-1,2.8574584,6.5978026,Oval/Medial
GCCAACGAGAGCAAGA-1,4.234482,12.633867,Oval/Medial
GCCAACGCATTGTAGC-1,3.5700908,10.032259,Oval/Medial
GCCAGCAGTAAGGAGA-1,4.260756,10.505644,Oval/Medial
GCCAGGTCAACGTTAC-1,6.2292237,2.082667,Oval/Medial
GCCAGTGGTTAAGAAC-1,6.1216264,7.2931113,Oval/Medial
GCCATGGCACCCTGAG-1,4.5132403,6.700492,Oval/Medial
GCCATGGCATTGGGAG-1,5.7002244,11.500379,Oval/Medial
GCCATGGGTAGTGGCA-1,7.949082,7.146882,Oval/Medial
GCCATGGGTCTTTCTA-1,-4.07265,8.242423,Marginal
GCCCAGAAGCAACTTC-1,5.6331525,12.351236,Oval/Medial
GCCGATGAGCACCGAA-1,7.333625,6.8090234,Oval/Medial
GCCGATGGTATCGTGT-1,1.6600997,9.866161,Oval/Medial
GCGAGAATCAAAGAAC-1,5.2542214,2.9089346,Oval/Medial
GCGATCGCAAGCGATG-1,1.5248802,7.009055,Oval/Medial
GCGGAAATCAGGGATG-1,2.6369967,9.023186,Oval/Medial
GCGGAAATCGTGGAAG-1,2.106783,7.0458455,Oval/Medial
GCGGATCAGATTGTGA-1,2.4943984,10.630733,Oval/Medial
GCGGATCGTGCTCGTG-1,2.6344137,12.12046,Oval/Medial
GCGGATCGTGGACAGT-1,6.0029383,1.9503939,Oval/Medial
GCGGATCTCCGAAGGA-1,5.0042152,10.71661,Oval/Medial
GCGTGCAAGGTGAGCT-1,6.4130783,12.176457,Oval/Medial
GCGTGCATCAGGGATG-1,3.833036,10.610808,Oval/Medial
GCTACAAGTCACTGAT-1,7.246354,4.912961,Oval/Medial
GCTACCTAGTTTCGGT-1,-3.4854293,6.2425094,Marginal
GCTACCTGTCTCTCCA-1,3.5886025,13.671777,Oval/Medial
GCTACCTTCCTTACCG-1,4.040724,6.635318,Oval/Medial
GCTACCTTCTTGTTAC-1,-0.66069204,8.4709635,Oval/Medial
GCTGAATCAAAGTGTA-1,2.3359833,8.379951,Oval/Medial
GCTGCAGGTCTCGGAC-1,-2.0788915,2.443948,Hbx
GCTTGGGAGAGTCCGA-1,2.6943111,11.833539,Oval/Medial
GCTTGGGAGGGTTTCT-1,0.6155665,6.591253,Oval/Medial
GCTTGGGTCCAAAGGG-1,-2.01798,2.748873,Hbx
GGAACCCAGGTCATCT-1,3.9716957,10.666953,Oval/Medial
GGAATCTAGATTAGAC-1,1.493263,8.687748,Oval/Medial
GGAATCTCAAGTCCCG-1,6.781947,1.8363502,Oval/Medial
GGACGTCGTACTCAAC-1,3.7726295,10.121188,Oval/Medial
GGAGATGAGGCTCCCA-1,-3.8181787,7.158997,Marginal
GGAGCAAGTCACCGCA-1,6.357239,12.196234,Oval/Medial
GGAGCAATCCGCAAAT-1,0.5244654,8.312443,Oval/Medial
GGAGGATAGCCTGCCA-1,0.37600636,6.3524656,Oval/Medial
GGAGGTAAGTACTCGT-1,7.333924,4.8472815,Oval/Medial
GGAGGTACAGACCCGT-1,-0.9653921,6.5884385,Oval/Medial
GGAGGTAGTTAGTCGT-1,0.89345795,5.966826,Oval/Medial
GGATCTAGTTTCCCAC-1,-2.2268384,5.6853595,Marginal
GGATGTTAGCATCAGG-1,0.07352041,9.450175,Oval/Medial
GGATGTTAGCGCCTCA-1,-1.6078032,4.029909,Hbx
GGATGTTGTTGTAGCT-1,-0.2341603,6.834667,Oval/Medial
GGCAGTCCAGAATCGG-1,0.36237568,7.243393,Oval/Medial
GGCTGTGAGATTGTGA-1,-2.2431152,0.86984515,Hbx
GGCTGTGGTAGCTAAA-1-1,4.988235,12.622871,Oval/Medial
GGGACAAGTGCCTATA-1,6.2686124,6.6898293,Oval/Medial
GGGAGTAGTTGCTCGG-1,0.1760489,7.163966,Oval/Medial
GGGCCATGTCAGGAGT-1,3.820799,11.113062,Oval/Medial
GGGCGTTTCAGACCTA-1,6.694268,7.4457603,Oval/Medial
GGGTATTAGAGAGAAC-1,-1.5807055,3.0041082,Hbx
GGGTATTTCTGCGGGT-1,1.3963004,8.276093,Oval/Medial
GGGTCACAGGTTACCT-1,-1.3809127,4.2352176,Hbx
GGGTGAAGTTGCTCGG-1,6.070487,7.8094954,Oval/Medial
GGGTTATAGAGAGTTT-1,3.3721385,6.112968,Marginal
GGGTTATAGGAACGAA-1,3.7342489,13.6942425,Oval/Medial
GGGTTATTCAACGAGG-1,2.5770674,2.3478265,Lateral
GGGTTTATCAGACCCG-1,4.1489143,10.020868,Oval/Medial
GGGTTTATCTTCCACG-1,-0.39532867,6.4859066,Oval/Medial
GGGTTTATCTTTCGAT-1,2.7972033,11.634486,Oval/Medial
GGTCTGGTCAAACCTG-1,1.1435053,7.652114,Oval/Medial
GGTCTGGTCGATGGAG-1,1.6519239,8.309787,Oval/Medial
GGTGGCTAGAATAACC-1,0.9292833,3.5216274,Lateral
GGTGTCGGTTTAGAGA-1,-0.10517081,8.484159,Oval/Medial
GGTGTTAGTCTACGAT-1,3.2364776,10.71887,Oval/Medial
GGTTAACAGCCTCAAT-1,3.094285,9.542481,Oval/Medial
GTAACCAGTTGACTGT-1,3.2334495,10.361572,Oval/Medial
GTAATCGTCGAGCCTG-1,4.3550186,6.9959726,Oval/Medial
GTAATGCAGCTCATAC-1,0.40736628,6.1486034,Oval/Medial
GTAATGCTCGCACGAC-1,-2.308096,2.540167,Hbx
GTACAGTAGCTCATAC-1,6.0795355,12.129335,Oval/Medial
GTACAGTCATCTGTTT-1,-0.86058635,7.3193727,Oval/Medial
GTACAGTGTGTATTGC-1,1.9362717,8.429804,Oval/Medial
GTACAGTTCTTTCCAA-1,-0.4059299,3.6907709,Oval/Medial
GTAGATCCAGTTAAAG-1,0.42764267,9.435529,Oval/Medial
GTAGCTATCGAATGCT-1,-0.08941379,7.6714616,Oval/Medial
GTAGTACTCACCCTCA-1,-1.1290457,8.07137,Oval/Medial
GTATTGGAGTAGGATT-1,1.5247865,5.6308093,Oval/Medial
GTATTTCCATAATCCG-1,3.4312758,4.752764,Oval/Medial
GTCACGGAGCAAGCCA-1,-3.6718886,6.189676,Marginal
GTCATCCAGTCTTCCC-1,1.1881871,5.9932184,Oval/Medial
GTCATCCAGTGAGGCT-1,0.5253189,1.6269997,Lateral
GTCATTTCAAGACTGG-1,2.7976098,6.469481,Oval/Medial
GTCGAATGTGTTCGAT-1,2.3563645,7.6323314,Oval/Medial
GTCGCGAAGCACGATG-1,6.013966,10.342288,Oval/Medial
GTCGTAAGTTTCACTT-1,6.738997,1.8862094,Oval/Medial
GTCGTTCAGCCGTCGT-1,6.63313,6.162031,Oval/Medial
GTGAGCCAGTCTTCCC-1,0.93307805,9.199542,Oval/Medial
GTGAGCCCAGATACTC-1,4.7672977,8.856469,Oval/Medial
GTGAGCCTCGTTCCCA-1,6.249452,8.822256,Oval/Medial
GTGAGTTAGAGCAGAA-1,0.43775088,8.249524,Oval/Medial
GTGAGTTTCCTAGCGG-1,3.0529935,10.7954235,Oval/Medial
GTGATGTGTGCCCAGT-1,-0.87784666,7.6613803,Oval/Medial
GTGATGTTCGAGAAAT-1,2.262973,6.9689035,Oval/Medial
GTGCACGTCATCGGGC-1,0.8931808,7.6400175,Oval/Medial
GTGCGTGAGACGCCCT-1,1.6872566,6.342157,Oval/Medial
GTGCGTGAGAGAATCT-1,1.7624588,6.648819,Oval/Medial
GTGCGTGGTCGTATGT-1,0.1470306,5.461874,Oval/Medial
GTGCGTGGTTCACGAT-1,3.325715,7.1047597,Oval/Medial
GTGCTGGGTCACTCGG-1,3.6187673,13.359668,Oval/Medial
GTGCTTCGTCCTGGGT-1,5.936887,11.71428,Oval/Medial
GTGGCGTCAAATGCTC-1,0.2910049,9.442091,Oval/Medial
GTGGCGTCACGACTAT-1,2.0066369,9.363635,Oval/Medial
GTGGTTACATGAGATA-1,2.8229206,11.454353,Oval/Medial
GTGTGATCACTAACCA-1,0.7607903,8.079475,Oval/Medial
GTGTGATCAGCTAACT-1,-3.4896803,5.2093363,Marginal
GTGTGATCAGTCGAGA-1,4.9307566,3.027936,Oval/Medial
GTGTGATGTCGTAATC-1,6.015085,2.6821592,Oval/Medial
GTGTGATTCTTCTCAA-1,7.3318844,6.1024456,Oval/Medial
GTGTGGCGTATTGACC-1,1.5922318,8.958838,Oval/Medial
GTGTTCCGTAGGCAAC-1,5.212963,10.762991,Oval/Medial
GTTACAGTCACTCTTA-1,6.7780423,1.5151433,Oval/Medial
GTTACGATCGATTTCT-1,1.9889654,1.8458532,Lateral
GTTCATTGTTACCTTT-1,-2.3876069,8.235064,Marginal
GTTCTATCAGTTAGGG-1,3.1458728,10.902716,Oval/Medial
GTTGTAGCAAAGGGCT-1,0.5232425,6.522429,Oval/Medial
GTTGTAGGTGACCGTC-1,2.9978971,10.678111,Oval/Medial
GTTGTCCCATGGCGCT-1,0.75501865,9.675302,Oval/Medial
GTTGTCCGTCGAAACG-1,1.5963336,2.1188302,Lateral
TAACCAGAGCCGAACA-1,-1.8366933,2.4787264,Hbx
TAAGCACGTCAAAGCG-1,5.4704785,3.0190227,Oval/Medial
TAAGTCGGTATTCCGA-1,-2.4622,5.070065,Marginal
TAATTCCTCATGGCCG-1,3.2192676,12.50278,Oval/Medial
TACACCCAGGGATGTC-1,0.93352175,7.856669,Oval/Medial
TACAGGTAGCCGATAG-1,4.2582808,10.166384,Oval/Medial
TACATTCGTTTGAACC-1,2.209683,6.1719193,Oval/Medial
TACCCACTCATTTGTC-1,4.2697206,13.491614,Oval/Medial
TACCGGGCATGACAGG-1,4.68265,10.266878,Oval/Medial
TACCTCGCAACTAGAA-1,3.2947688,10.737311,Oval/Medial
TACCTCGCAGCAAGAC-1,-2.294972,3.220806,Hbx
TACGGTAGTTACCCTC-1,-2.7391708,6.0738225,Marginal
TACGTCCAGATCGCTT-1,4.0609803,10.564408,Oval/Medial
TACTGCCAGCATCCCG-1,2.7597182,10.880385,Oval/Medial
TACTGCCCATCATCCC-1,7.9609313,7.9633684,Oval/Medial
TACTGCCTCTTGGGCG-1,-3.8118107,6.6861544,Marginal
TACTTCAGTAGTCTGT-1,2.903519,13.225153,Oval/Medial
TAGACCATCGACACCG-1,-1.0727518,0.5111464,Hbx
TAGACTGAGATCGCCC-1,3.890442,7.2456026,Oval/Medial
TAGCACAAGTGACACG-1,0.6046578,7.061254,Oval/Medial
TAGGAGGTCAGCTAGT-1,1.3501443,5.5420666,Oval/Medial
TAGGGTTAGCTGTACT-1,-0.08105391,8.48631,Oval/Medial
TAGGTACCACAATCTG-1,3.5821111,13.752437,Oval/Medial
TAGGTACTCATACAGC-1,3.3428097,10.907815,Oval/Medial
TAGGTTGGTGCACAAG-1,2.089452,10.13794,Oval/Medial
TATACCTTCATTTGGG-1,-3.40359,6.9203987,Marginal
TATCAGGAGCGTGAGT-1,3.246092,11.520126,Oval/Medial
TATCAGGCACGCTGAC-1,6.478668,1.841637,Oval/Medial
TATCCTAGTTGCATCA-1,2.4003754,8.339883,Oval/Medial
TATCGCCCAATTAGGA-1,1.432112,7.74059,Oval/Medial
TATCGCCTCGCTAGCG-1,1.9269499,6.5881433,Oval/Medial
TATTGCTCATGTGACT-1,1.7194237,10.242088,Oval/Medial
TATTTCGGTTTACTGG-1,1.86457,8.000317,Oval/Medial
TCAAGACCATGTAACC-1,3.1583996,6.3758297,Oval/Medial
TCAATCTGTTCGTACA-1,-1.0730807,5.806803,Oval/Medial
TCAATCTGTTTGTTGG-1,3.3406346,12.489256,Oval/Medial
TCAATTCGTCGCATCG-1,1.8108172,7.189165,Oval/Medial
TCACAAGAGATACATG-1,0.6155093,7.428717,Oval/Medial
TCACATTAGGGAGGAC-1,2.9990578,7.091977,Oval/Medial
TCACGGGAGAGGGTGG-1,0.6866682,7.1476016,Oval/Medial
TCACGGGCACGTCTCT-1,-1.8016611,6.7358327,Marginal
TCACTATAGGATACGC-1,0.7318835,6.9974294,Oval/Medial
TCAGCAATCCACAGGC-1,2.3995864,7.5143576,Oval/Medial
TCAGCCTCAAGGCTTT-1,0.541694,5.986474,Oval/Medial
TCAGGGCCATCGTGGC-1,2.2243865,5.4698586,Oval/Medial
TCAGGTAAGGGAGTTC-1,2.4701622,5.446806,Oval/Medial
TCAGTCCTCGAGATAA-1,-1.7996103,1.9117377,Hbx
TCAGTTTCAGCGAACA-1,7.012588,2.0731585,Oval/Medial
TCATCATAGAGGACTC-1,2.9562492,10.14833,Oval/Medial
TCATCATAGCCGGAAT-1,0.86706173,1.4303422,Lateral
TCATCATAGTGCAAAT-1,2.6838715,7.372474,Oval/Medial
TCATCCGTCTCTATAC-1,1.7389616,6.344677,Oval/Medial
TCATGTTAGCAAGGAA-1,5.768551,2.3827205,Oval/Medial
TCATGTTGTGGTCCGT-1,0.22226183,5.8459024,Oval/Medial
TCATTACAGTGCACCC-1,2.8412986,8.642938,Oval/Medial
TCATTCAGTTCGGTCG-1,1.061588,7.322084,Oval/Medial
TCATTTGCAGCATACT-1,3.2117445,8.423935,Oval/Medial
TCCACCACACTTCCTG-1,0.8656345,3.2580583,Lateral
TCCAGAAAGTTTCAGC-1,2.2990153,6.7953625,Oval/Medial
TCCGAAATCTAAACGC-1,-0.49357095,7.250999,Oval/Medial
TCCGATCCAACGACAG-1,4.4944243,9.942307,Oval/Medial
TCCGATCCAGACTGCC-1,4.3869276,11.203211,Oval/Medial
TCCGGGAAGGAGACCT-1,3.638925,10.65328,Oval/Medial
TCCGGGATCAAAGGTA-1,0.16871953,2.358663,Lateral
TCCGGGATCTGCATGA-1,0.8864662,2.8349948,Lateral
TCCTAATCACTCACTC-1,-1.5305645,6.8716607,Oval/Medial
TCCTCGAAGTCTCGTA-1,3.4005806,6.622182,Oval/Medial
TCCTGCATCGCTAGCG-1,-0.22558963,6.3447876,Oval/Medial
TCCTTCTTCCTTGACC-1,4.826545,10.369618,Oval/Medial
TCGAACAGTTGCTGAT-1,3.4992929,6.519163,Oval/Medial
TCGAACATCAACTACG-1,-2.3724875,7.552075,Marginal
TCGAAGTAGCAATAGT-1,2.476162,7.7043552,Oval/Medial
TCGACCTTCCAGCTCT-1,2.9269066,7.461504,Oval/Medial
TCGACGGAGATCACCT-1,1.8991039,8.930795,Oval/Medial
TCGATTTAGGTAGCAC-1,4.7870116,11.885256,Oval/Medial
TCGCTCAGTCGCAGTC-1,6.6156306,9.131195,Oval/Medial
TCGGATACAACAGCTT-1,-1.1175073,5.983025,Oval/Medial
TCGGATATCGAAATCC-1,2.3018823,3.9916105,Lateral
TCGGGACAGGGTGAAA-1,0.2526373,8.185086,Oval/Medial
TCGGGACCAAAGAACT-1,4.1125712,3.55151,Oval/Medial
TCGGGCAGTTGTGCCG-1,4.3693566,3.4040956,Oval/Medial
TCGGGTGAGCGAGGAG-1,3.415985,10.7631855,Oval/Medial
TCGGGTGTCGCTCTCA-1,2.1076338,9.712815,Oval/Medial
TCGGTCTTCCATACAG-1,2.9127593,5.491669,Oval/Medial
TCGGTCTTCGCTACGG-1,5.279715,11.087105,Oval/Medial
TCGTCCAAGGTCTTTG-1,-0.2647446,8.692418,Oval/Medial
TCGTGCTGTGTTAGCT-1,3.215911,7.362234,Oval/Medial
TCTACCGTCGAGAAGC-1,-0.83069086,0.7599313,Hbx
TCTGTCGTCAGCCTTC-1,6.315455,2.3016303,Oval/Medial
TCTTTGATCAGCGCGT-1,-0.42735964,5.5105634,Oval/Medial
TGAATGCAGATCGCTT-1,0.34244367,3.572497,Oval/Medial
TGAATGCAGCGGATCA-1,3.0413368,6.3395166,Oval/Medial
TGACAGTCAGCTACCG-1,0.24316096,9.758486,Oval/Medial
TGAGACTGTGGTTTGT-1,2.522483,10.934459,Oval/Medial
TGAGCATAGTTGGAGC-1,4.099536,10.305307,Oval/Medial
TGAGGAGGTCGCGGTT-1,4.4072995,12.448194,Oval/Medial
TGATCAGAGGCTATCT-1,2.9783385,12.521889,Oval/Medial
TGATGCACAGGCGAAT-1,-2.2712688,2.3358335,Hbx
TGATGGTCAATCCAGT-1,-0.34752348,8.817604,Oval/Medial
TGATTCTGTTCCACAA-1,5.0118194,10.393373,Oval/Medial
TGATTTCAGTCGAGGT-1,4.8872876,3.4636612,Oval/Medial
TGCAGTAAGCGTGTCC-1,2.2392864,5.7352834,Oval/Medial
TGCAGTAAGGGTAGCT-1,-0.66265756,3.593152,Lateral
TGCAGTACAAGCAGGT-1,2.8705375,6.8430557,Oval/Medial
TGCCGAGTCTGGGATT-1,2.6782038,12.122748,Oval/Medial
TGCGACGGTGTAGCAG-1,-2.0838304,2.2903101,Hbx
TGCGGCAAGTCGCCAC-1,4.2274566,6.2459583,Oval/Medial
TGCGGGTCACAGTGAG-1,2.2507007,7.112932,Oval/Medial
TGCGGGTCATTGGCAT-1,2.5473378,9.025476,Oval/Medial
TGCTCCATCTATTCGT-1,0.14574984,3.5411673,Oval/Medial
TGCTGAACACTGTCCT-1,-0.74575233,6.780099,Oval/Medial
TGCTGAAGTCGCATTA-1,3.1542099,12.462283,Oval/Medial
TGCTTCGTCATGCCAA-1,2.8752863,11.495339,Oval/Medial
TGCTTGCGTACTGCGC-1,-3.880756,7.570759,Marginal
TGGAACTTCGGTGAAG-1,5.1557713,4.178007,Oval/Medial
TGGAGAGTCGACATTG-1,1.2777946,9.402993,Oval/Medial
TGGAGGAAGACTTCAC-1,1.2756923,6.2604346,Oval/Medial
TGGAGGAAGTATGATG-1,0.10057513,4.5907826,Oval/Medial
TGGGAAGAGATAGTGT-1,2.3763258,7.9755006,Oval/Medial
TGGGCGTAGAATTGCA-1,3.8541996,3.9302127,Oval/Medial
TGGGCGTAGCATGTTC-1,3.888222,5.05115,Oval/Medial
TGGGCGTCAACCAGAG-1,2.4447181,8.891352,Oval/Medial
TGGGCGTCAAGCGGAT-1,-0.67873687,7.282105,Oval/Medial
TGGGCGTGTTCCACAA-1,0.8495227,4.197924,Lateral
TGGGTTAAGAGTGTTA-1,6.1426306,5.822317,Oval/Medial
TGGGTTACAATCGCGC-1,5.130749,3.0994782,Oval/Medial
TGGTAGTAGGTGCTAG-1,3.1991744,12.467372,Oval/Medial
TGGTAGTTCGTTATCT-1,-1.0414258,0.92393404,Hbx
TGGTTAGGTAGACACG-1,3.3866985,6.762178,Oval/Medial
TGGTTAGTCTCGAGTA-1,1.2117555,8.535789,Oval/Medial
TGTAAGCAGTCCTGTA-1,2.7040887,5.2087045,Oval/Medial
TGTCCCAGTCTAGGCC-1,1.6520449,9.358155,Oval/Medial
TGTGAGTTCATGAGTC-1,5.90215,11.489833,Oval/Medial
TGTGATGGTTATGTCG-1,0.5470057,6.883984,Oval/Medial
TGTGCGGCAGAGTTGG-1,4.6346693,12.185177,Oval/Medial
TGTGGCGCATGTTCAG-1,-0.7887724,1.120486,Hbx
TGTTACTAGTTACGAA-1,5.352823,6.3289237,Oval/Medial
TGTTACTGTATAGCTC-1,3.8667521,12.54862,Oval/Medial
TGTTCATAGCAACTCT-1,7.014079,5.972505,Oval/Medial
TGTTCATAGTACCATC-1,7.418577,5.08369,Oval/Medial
TGTTCCGTCGCGTGAC-1,-1.3423529,0.24325296,Hbx
TGTTCTAAGTATCCTG-1,1.3176808,6.5856624,Oval/Medial
TGTTGGAAGGATGAGA-1,3.1995776,10.490858,Oval/Medial
TTAATCCAGACATACA-1,3.3526566,12.199695,Oval/Medial
TTACAGGAGGTCTACT-1,1.8210512,6.14808,Oval/Medial
TTACCGCCAGCGCTTG-1,-0.37249613,5.09728,Oval/Medial
TTACGCCAGAGCCGAT-1,3.203028,8.536874,Oval/Medial
TTACGCCCACTTGTCC-1,5.671845,2.3580005,Oval/Medial
TTACGTTTCGGATAAA-1,5.36557,10.9513235,Oval/Medial
TTAGGCAAGGACGCAT-1,-0.005577468,9.028956,Oval/Medial
TTAGTCTTCGTGTCAA-1,-0.07607234,2.4154673,Lateral
TTATTGCGTCGAATGG-1,-2.3440008,-0.13672554,Hbx
TTCAATCGTACGGATG-1,3.8475447,4.5955462,Oval/Medial
TTCAATCTCTCATGCC-1,1.9632707,2.5962055,Lateral
TTCACCGAGTCTAGCT-1,1.7798382,2.174537,Lateral
TTCACGCAGTCTAGAA-1,2.0333464,6.0203443,Oval/Medial
TTCAGGATCTGAGAAA-1,1.1734663,7.8595114,Oval/Medial
TTCATTGCAGGCCCTA-1,5.1884985,10.845558,Oval/Medial
TTCCGTGAGCAACTCT-1,0.7967695,6.533196,Oval/Medial
TTCGATTGTCGGTGTC-1,2.369619,5.0872583,Oval/Medial
TTCGCTGTCCATACTT-1,1.2185701,4.416547,Lateral
TTCGGTCAGCATAGGC-1,0.35996005,8.933057,Oval/Medial
TTCGGTCAGTAACCGG-1,0.95590776,6.375818,Oval/Medial
TTCTCTCTCTCACCCA-1,-0.60025996,6.4149866,Oval/Medial
TTCTGTAAGATACAGT-1,5.469514,10.628174,Oval/Medial
TTCTGTAAGTTAACAG-1,3.2067974,5.908739,Oval/Medial
TTCTGTACACTTTAGG-1,2.450267,5.4904523,Oval/Medial
TTCTGTATCTATTCGT-1,-1.3249816,4.1212807,Oval/Medial
TTCTTCCCACAAGTTC-1,6.030685,4.2630386,Oval/Medial
TTCTTCCTCGGTGTTA-1,8.704249,7.4198794,Oval/Medial
TTCTTCCTCTTGGTGA-1,0.50548375,6.258471,Oval/Medial
TTGCATTGTGGTCTAT-1,1.7591501,10.455845,Oval/Medial
TTGCGTCGTACCGTCG-1,3.5186462,8.105163,Oval/Medial
TTGCTGCCAGGACGAT-1,4.947053,7.447597,Oval/Medial
TTGCTGCGTCGTTGGC-1,6.4728594,4.979338,Oval/Medial
TTGCTGCTCTAAACGC-1,3.0328536,7.0016365,Oval/Medial
TTGGATGAGGTCACTT-1,2.3309712,5.446249,Oval/Medial
TTGGATGCATCGAAGG-1,6.820771,6.8193016,Oval/Medial
TTGGGATGTCATAGTC-1,-0.10290763,7.0749497,Oval/Medial
TTGGGATTCCCTGGTT-1,1.2801287,1.4919386,Lateral
TTGGGTAAGATGACCG-1,3.2309961,12.437705,Oval/Medial
TTGTGGACACGAGGTA-1,2.8536074,7.042385,Oval/Medial
TTGTGGAGTCAAGGCA-1,3.2936177,5.8332586,Oval/Medial
TTGTTTGTCTACGGGC-1,3.1425018,7.3489823,Oval/Medial
TTTACCAAGAGTTCGG-1,7.199985,8.125687,Oval/Medial
TTTACCAAGCACTCAT-1,5.3100653,12.588015,Oval/Medial
TTTACCAAGCTTCATG-1,2.8530126,7.262767,Oval/Medial
TTTACGTTCGTTGTGA-1,4.276569,7.2256503,Oval/Medial
TTTAGTCCAGTATGAA-1,3.1892276,4.104815,Oval/Medial
TTTAGTCTCCCAGGAC-1,-0.6241444,4.779218,Oval/Medial
TTTATGCGTGAAAGTT-1,3.8205128,6.7605023,Oval/Medial
TTTCAGTAGGAACGCT-1,1.8107752,10.547969,Oval/Medial
TTTCATGTCGCTAGCG-1,1.4062362,1.7264514,Lateral
TTTCCTCGTTGGCTAT-1,-0.3241726,8.476102,Oval/Medial
TTTCGATCAGACCAAG-1,-3.1063304,6.706611,Marginal
TTTCGATGTGGGTCAA-1,-3.0534375,8.775936,Marginal
TTTCGATTCACTGAAC-1,2.9820187,8.455947,Oval/Medial
TTTGACTTCGCTAAAC-1,3.8534794,13.727368,Oval/Medial
TTTGATCGTCAGTTTG-1,4.2746553,6.0209403,Oval/Medial
TTTGTTGCAGAAATTG-1,4.287549,6.655122,Oval/Medial
TTTGTTGCAGACCTGC-1,-0.5088846,4.822475,Oval/Medial
TTTGTTGGTGATTGGG-1,6.047753,2.315421,Oval/Medial
AAACCCATCGCACGGT-1,-0.7930689,0.74384344,Hbx
AAACGAAAGCAGGCAT-1,-1.0121708,5.812736,Oval/Medial
AAACGAACAGTAACAA-1,3.6979806,10.606473,Oval/Medial
AAACGCTCACAACGCC-1,-1.1702349,7.8928204,Oval/Medial
AAACGCTGTTACGATC-1,1.0141976,5.9860806,Oval/Medial
AAAGAACGTTTCGTGA-1,1.8322465,10.153151,Oval/Medial
AAAGGATTCGTTGTGA-1,2.2861567,6.2799244,Oval/Medial
AAAGGTACAGAAACCG-1,-2.256396,7.397267,Marginal
AAAGTCCGTCTTACTT-1,1.3388857,5.533623,Oval/Medial
AAAGTGACACAGCCAC-1,-1.5620384,0.9469698,Hbx
AAAGTGATCGTGGAAG-1,0.9059817,5.9755487,Oval/Medial
AACAAAGGTGTTAGCT-1,7.4920087,6.9206915,Oval/Medial
AACACACGTGTTTCTT-1,3.309762,9.308523,Oval/Medial
AACACACTCACTGTCC-1,8.359704,7.263698,Oval/Medial
AACAGGGCAAGAGCTG-1,-0.9357161,6.358161,Oval/Medial
AACAGGGCAGGACAGT-1,1.2984792,9.491512,Oval/Medial
AACAGGGGTATCTCTT-1,-0.8513102,4.097544,Oval/Medial
AACAGGGGTTGTCCCT-1,-2.509017,2.1553404,Hbx
AACAGGGTCCATTTAC-1,3.8130782,10.764307,Oval/Medial
AACCAACAGCCTTTGA-1,0.37250066,9.865893,Oval/Medial
AACCAACTCAAGCCTA-1,2.9071188,11.670696,Oval/Medial
AACCACATCGAGAAAT-1,-0.3840109,8.608797,Oval/Medial
AACCATGAGAACGCGT-1,6.3020735,10.918704,Oval/Medial
AACCATGTCCGTGTGG-1,-0.34057665,7.957891,Oval/Medial
AACCCAATCACCTTAT-1,1.2041093,9.593097,Oval/Medial
AACCTGAGTTACACAC-1,3.261258,6.0511456,Oval/Medial
AACGAAACACGCGCAT-1,1.3236827,2.1766891,Lateral
AACGAAAGTAAGGTCG-1,-0.6442739,6.570791,Oval/Medial
AACGAAATCTTCTCAA-1,0.67966926,7.918595,Oval/Medial
AACGTCAAGCGTGCCT-1,-1.1573436,7.6240325,Oval/Medial
AACTTCTCAATACGCT-1,-3.2140176,6.61682,Marginal
AAGACAAGTACTGCCG-1,-2.5002155,2.7003734,Hbx
AAGACAAGTCTCAGGC-1,1.7499448,4.476772,Oval/Medial
AAGATAGCACTGGACC-1,0.510575,9.425687,Oval/Medial
AAGATAGCAGCGGATA-1,5.2179785,10.998709,Oval/Medial
AAGATAGTCTGATGGT-1,-4.6213617,7.3128057,Marginal
AAGCATCAGACGACTG-1,1.3276196,3.1542888,Lateral
AAGCATCAGCCTCAAT-1,5.660386,11.233172,Oval/Medial
AAGCATCTCTCGGTCT-1,3.9179478,13.873454,Oval/Medial
AAGCCATTCAGACATC-1,0.48829445,3.8640409,Lateral
AAGCGAGTCTGGTTGA-1,1.1856878,5.3498764,Oval/Medial
AAGCGTTCACCTCGTT-1,6.7717724,1.9308223,Oval/Medial
AAGCGTTGTCGGTGAA-1,0.4774808,6.7691994,Oval/Medial
AAGGAATTCAGTCCGG-1,1.8427577,6.608201,Oval/Medial
AAGTCGTCAGTGTATC-1,4.099476,10.54614,Oval/Medial
AAGTCGTTCCTTGACC-1,-1.7793014,7.2937455,Marginal
AAGTGAAGTGTGGTCC-1,-1.0630113,6.4736524,Oval/Medial
AAGTGAATCCATACAG-1,-1.0451506,4.4559484,Oval/Medial
AAGTGAATCCTTGACC-1,2.266142,9.117935,Oval/Medial
AAGTTCGTCTTACTGT-1,-2.2608776,-0.44109407,Hbx
AATCGACTCACTAGCA-1,1.796678,7.8814735,Oval/Medial
AATCGTGCAGCGTACC-1,-1.1080415,-0.0488727,Hbx
AATCGTGTCGACATAC-1,3.808285,5.971465,Oval/Medial
AATGCCAAGCGTATAA-1,1.8047614,8.674443,Oval/Medial
AATGCCAGTCCCTCAT-1,-2.2278032,1.9667732,Hbx
AATGGAAAGTAAACTG-1,3.403549,7.109035,Oval/Medial
AATGGCTCAGCGATTT-1,3.316915,9.902524,Oval/Medial
AATGGCTTCCCAGGAC-1,4.733954,12.250984,Oval/Medial
AATGGCTTCGCACTCT-1,-1.5581545,4.642883,Oval/Medial
AATTTCCAGCTGGCCT-1,6.6750646,5.279172,Oval/Medial
ACAAAGAGTAACACCT-1,3.1845021,6.0625377,Oval/Medial
ACAACCAAGGACACTG-1,0.7130541,9.078986,Oval/Medial
ACACAGTGTGATCGTT-1,0.51611906,7.4672112,Oval/Medial
ACACAGTGTGTAGTGG-1,4.4117975,7.2098823,Oval/Medial
ACACAGTGTTGACTGT-1,-2.052381,1.5737395,Hbx
ACACCAACATATCTGG-1,1.201314,9.012574,Oval/Medial
ACACGCGGTGCATACT-1,0.89469993,5.7515054,Oval/Medial
ACACTGAAGCAGCAGT-1,2.6454983,9.068311,Oval/Medial
ACACTGACAGTTGCGC-1,-3.135797,6.8551,Marginal
ACACTGAGTCGACTTA-1,2.0913255,7.7893753,Oval/Medial
ACACTGATCGCTAAAC-1,-0.28315878,7.1528215,Oval/Medial
ACAGAAAGTGGTTTGT-1,-0.7846918,1.1048086,Hbx
ACAGCCGGTGTCATGT-1,-1.0998452,0.083190195,Hbx
ACAGGGATCCACGGAC-1,-2.2189283,-0.2736843,Hbx
ACATGCATCAGTCATG-1,0.6946324,8.927305,Oval/Medial
ACCAAACTCAGGAACG-1,-3.0802784,7.55351,Marginal
ACCAAACTCCGATCTC-1,4.3767076,6.548677,Oval/Medial
ACCATTTGTCGGTACC-1,-1.262571,5.339442,Oval/Medial
ACCCAAAAGTCTTGGT-1,4.428208,7.958449,Oval/Medial
ACCCTCAGTAGGTCAG-1,4.530426,9.675206,Oval/Medial
ACCCTTGGTCCGAAGA-1,-0.23158213,4.0207086,Oval/Medial
ACCCTTGTCCATTGGA-1,-0.56835574,6.1028047,Oval/Medial
ACCGTTCTCTGACGCG-1,-0.14714801,5.0078316,Oval/Medial
ACCTACCGTTATTCCT-1,2.685036,2.5748909,Lateral
ACCTGTCCAGCCTACG-1,-2.2391922,0.09945296,Hbx
ACCTGTCGTGCGAACA-1,-0.55372286,7.073741,Oval/Medial
ACGATGTAGAAACCCG-1,1.2061262,8.825782,Oval/Medial
ACGCACGAGTGAGGTC-1,3.974041,5.6966176,Oval/Medial
ACGCACGCAGCTCGGT-1,1.9183581,2.7719514,Lateral
ACGGGTCGTAGGAGGG-1,-3.001722,5.641028,Marginal
ACGGTCGGTAGCCAGA-1,-2.252044,4.27705,Hbx
ACGGTCGTCACTGGTA-1,1.0946732,7.9206085,Oval/Medial
ACGTACAGTCTTGCGG-1,0.6738679,8.794068,Oval/Medial
ACGTAGTGTGCGAACA-1,-1.5596801,2.6773477,Hbx
ACGTAGTGTTGCGGCT-1,1.6508453,4.638773,Oval/Medial
ACGTCCTAGGCACTAG-1,-0.28569588,5.3424597,Oval/Medial
ACGTTCCGTGGGCTTC-1,-2.2939284,1.0308605,Hbx
ACTACGAAGCCGATCC-1,-4.3454976,6.115205,Marginal
ACTATCTTCTCGCTCA-1,1.1343024,7.103624,Oval/Medial
ACTCTCGGTAGGACCA-1,4.0248365,12.813965,Oval/Medial
ACTGATGGTCCAAGAG-1,-1.5327206,3.0746539,Hbx
ACTGATGTCGACGCGT-1,0.6582332,2.4715974,Lateral
ACTGTCCGTTAATGAG-1,2.2021327,1.4905471,Lateral
ACTGTCCTCCTACTGC-1,-3.1497076,7.7061605,Marginal
ACTGTGAAGTCCGCGT-1,0.27381098,7.3622103,Oval/Medial
ACTTAGGCATGGAAGC-1,2.056098,3.2600384,Lateral
ACTTATCAGTGATGGC-1,0.46503434,6.861059,Oval/Medial
ACTTCCGAGTTGAAAC-1,-0.8375263,5.305071,Oval/Medial
ACTTCCGTCAGCTTGA-1,6.300175,11.458172,Oval/Medial
ACTTCGCGTAACTAAG-1,5.374454,7.18032,Oval/Medial
ACTTTCATCACCCTTG-1,-2.1480486,0.72940344,Hbx
ACTTTGTTCTACTGCC-1,-1.0071522,0.7087743,Hbx
AGAACAACACAGTCGC-1,1.962594,6.5372586,Oval/Medial
AGAACCTCAAACTCTG-1,-1.398943,6.84649,Oval/Medial
AGAACCTGTGTCCGGT-1,3.9843574,9.110157,Oval/Medial
AGACAAACAGGCATTT-1,0.9769516,2.360333,Lateral
AGACACTAGCCAACCC-1,7.1885858,6.090209,Oval/Medial
AGACAGGGTGGTCAAG-1,0.4341543,6.1873803,Oval/Medial
AGACCATTCCGTATGA-1,0.9248825,7.364201,Oval/Medial
AGACCCGGTTCTGAGT-1,6.8858566,1.5065305,Oval/Medial
AGACTCATCCGCTGTT-1,-3.5846677,7.607736,Marginal
AGAGAATAGCGGTATG-1,2.9895992,7.252241,Oval/Medial
AGAGAATCATATGCGT-1,-0.76313764,-0.08692002,Hbx
AGAGAATGTACGACTT-1,-2.0329037,2.8849185,Hbx
AGAGAGCAGTCATGAA-1,0.93348503,6.1978745,Oval/Medial
AGAGAGCAGTCTAGAA-1,4.5451574,10.145617,Oval/Medial
AGAGAGCGTAATGTGA-1,4.7420583,12.500351,Oval/Medial
AGAGAGCGTTTGGGAG-1,-2.5637832,2.850843,Hbx
AGAGCCCTCGAGTCTA-1,5.3154764,6.7146935,Oval/Medial
AGATCGTCAACAGATA-1,2.2926555,1.200171,Lateral
AGATCGTCATCCGTGG-1,1.9477665,3.5067675,Lateral
AGATCGTTCCACACCT-1,7.1568866,7.285428,Oval/Medial
AGCATCAAGCTATCTG-1,1.231286,6.5597744,Oval/Medial
AGCATCATCCACTGGG-1,0.4507283,6.205379,Oval/Medial
AGCATCATCTCTCGAC-1,1.9407411,8.821978,Oval/Medial
AGCCACGCAAGGGCAT-1,-1.4690969,6.5545053,Oval/Medial
AGCCAGCAGACCAAAT-1,1.4328347,8.648129,Oval/Medial
AGCGCCAAGCTAAGTA-1,2.303302,8.251519,Oval/Medial
AGCGCCATCACCGGGT-1,1.6022644,8.580513,Oval/Medial
AGCGTATAGACTTCAC-1,-0.34544787,2.7206924,Lateral
AGCGTATCATAGGCGA-1,4.428778,6.456868,Oval/Medial
AGCGTCGCAATCCTTT-1,-3.2309124,8.321991,Marginal
AGCGTCGGTCCACTTC-1,1.3835891,9.045382,Oval/Medial
AGCGTCGTCTTTGATC-1,2.4062045,8.391068,Oval/Medial
AGCTACACACAAAGTA-1,1.0816789,6.7489376,Oval/Medial
AGCTACATCAGCTGTA-1,0.3823347,7.835067,Oval/Medial
AGCTCAAAGTCATCCA-1,3.0352924,6.740789,Oval/Medial
AGCTCAAGTGCAAGAC-1,-0.173687,4.800616,Oval/Medial
AGCTTCCCATCAGCGC-1,0.12837256,6.6137733,Oval/Medial
AGGAAATCACTGCTTC-1,-0.42493773,6.1448913,Oval/Medial
AGGAAATTCATGCCAA-1,5.2746077,7.5305967,Oval/Medial
AGGAATACACTCTAGA-1,-1.1701403,5.3966646,Oval/Medial
AGGAGGTAGAAGCTCG-1,-2.2601874,0.15259409,Hbx
AGGAGGTCACCTCGTT-1,3.1984544,6.83607,Oval/Medial
AGGATAACAGGTATGG-1,0.040838152,7.361027,Oval/Medial
AGGATAAGTGAGGCAT-1,1.1870171,5.963803,Oval/Medial
AGGATAATCCCTATTA-1,-2.9934595,7.2604756,Marginal
AGGATCTTCACCATCC-1,3.5454676,6.8620305,Oval/Medial
AGGCATTAGCCTCATA-1,8.728257,7.392832,Oval/Medial
AGGCCACCACTGAGGA-1,7.831453,7.328799,Oval/Medial
AGGCCACGTTCTTAGG-1,0.52962375,7.533139,Oval/Medial
AGGCCACTCTGGTTGA-1,0.20007409,4.146136,Oval/Medial
AGGCTGCTCTTTGCAT-1,1.3121042,8.528463,Oval/Medial
AGGGAGTAGGCCTGAA-1,-3.6417644,7.7732043,Marginal
AGGGAGTCAACGACTT-1,3.3753014,7.998547,Oval/Medial
AGGGAGTGTAGCGAGT-1,3.7899399,9.435899,Oval/Medial
AGGGCCTCACTGTGTA-1,3.8669317,4.527379,Oval/Medial
AGGGCCTGTCACCACG-1,1.6121026,7.621497,Oval/Medial
AGGGTCCCACTGAGGA-1,0.8311214,5.7222095,Oval/Medial
AGGGTCCCAGCTGTCG-1-1,4.843033,13.348464,Oval/Medial
AGGGTCCCATAACAGA-1,0.1773179,6.4906235,Oval/Medial
AGGTCTAAGGAACGTC-1,-1.7969148,3.3486712,Hbx
AGGTCTACACAACCGC-1,3.950326,6.5961037,Oval/Medial
AGGTCTATCAGCTGAT-1,3.388265,10.686416,Oval/Medial
AGGTCTATCGTGCATA-1,2.0217173,5.8062263,Oval/Medial
AGGTGTTGTGGCAACA-1,0.49972394,6.3467283,Oval/Medial
AGGTTACTCTATGCCC-1,-0.435532,5.141256,Oval/Medial
AGGTTGTCAGCGAGTA-1,7.402572,5.895387,Oval/Medial
AGTAACCCAGTTCCAA-1,2.30487,10.649264,Oval/Medial
AGTAACCGTCTTGAAC-1,0.050752316,4.8787146,Oval/Medial
AGTAACCGTTAAGGAT-1,5.3668904,7.9678326,Oval/Medial
AGTACCAAGCGGATCA-1,-3.0492592,7.266178,Marginal
AGTACCAAGTAATACG-1,-1.4103823,7.937168,Oval/Medial
AGTACTGGTGCCCAGT-1,5.8183517,7.74896,Oval/Medial
AGTGCCGCACGGTAGA-1,-3.1688368,6.6692758,Marginal
AGTGCCGTCACCCATC-1,-1.5555878,1.7691374,Hbx
AGTTAGCAGTCCTGTA-1,0.12663846,6.272691,Oval/Medial
ATACCGAAGCGGCTCT-1,-0.3216734,5.5720425,Oval/Medial
ATAGACCCAGGTTTAC-1,-0.12532926,5.8213415,Oval/Medial
ATAGAGATCTGAACGT-1,-1.981951,4.413086,Hbx
ATAGGCTAGACAAGCC-1,0.80848277,7.1202836,Oval/Medial
ATAGGCTGTAGTCACT-1,8.746363,7.452861,Oval/Medial
ATATCCTCATGCCGAC-1,-3.3515089,7.7216754,Marginal
ATCACGACATACCATG-1,-0.7546661,6.490013,Oval/Medial
ATCACGAGTGCCTAAT-1,0.33360943,6.967829,Oval/Medial
ATCACTTAGGGAGAAT-1,-4.239249,6.4657474,Marginal
ATCAGGTTCTTCGTGC-1,2.2051852,9.469727,Oval/Medial
ATCATTCCATTGCTTT-1,7.9272146,7.764966,Oval/Medial
ATCCACCAGCCAAGGT-1,-0.9439869,6.134088,Oval/Medial
ATCCACCAGTCCGTCG-1,1.766326,5.4112005,Oval/Medial
ATCCACCTCGCATGAT-1,0.5516411,6.86575,Oval/Medial
ATCCCTGTCCTTCTAA-1,1.8799434,3.5974135,Lateral
ATCCGTCAGCAAGTGC-1,1.1367491,7.3049,Oval/Medial
ATCCGTCGTTTGGGTT-1,-0.412416,8.164183,Oval/Medial
ATCCTATAGCATCCCG-1,-3.9148684,6.952416,Marginal
ATCCTATAGGACGCTA-1,4.569674,9.734179,Oval/Medial
ATCCTATTCGTGGGAA-1,0.34384486,8.852317,Oval/Medial
ATCGATGTCTCTGGTC-1,6.0286946,1.8714104,Oval/Medial
ATCGCCTCAGAATCGG-1,-3.1581726,8.013964,Marginal
ATCGGCGAGCTCGACC-1,2.3345957,2.1948597,Lateral
ATCGTCCCAGCACAAG-1,-0.7929715,4.569308,Oval/Medial
ATCGTCCCAGTCTGGC-1,1.2128029,6.111223,Oval/Medial
ATCGTCCGTTCCACAA-1,2.0304327,9.8920145,Oval/Medial
ATCGTCCTCCGTGACG-1,1.7517656,5.9500775,Oval/Medial
ATCTCTAAGATCGACG-1,0.08052478,7.947721,Oval/Medial
ATCTCTATCGCGTGCA-1,-0.8557662,0.83619714,Hbx
ATCTCTATCTTTGCAT-1,0.18959236,6.702091,Oval/Medial
ATCTTCAAGGAAGTCC-1,0.68579566,6.0010757,Oval/Medial
ATCTTCACACAGTCCG-1,2.750773,3.8491507,Lateral
ATCTTCACATCGCCTT-1,0.5679092,5.791671,Oval/Medial
ATCTTCAGTAAGGCCA-1,6.8220577,1.8491337,Oval/Medial
ATGAAAGCATTGAGCT-1,4.3598485,3.0125282,Oval/Medial
ATGAAAGGTAACCCGC-1,1.2480044,9.4178505,Oval/Medial
ATGACCATCATCGCAA-1,3.4670286,7.3033857,Oval/Medial
ATGAGGGGTCACGACC-1,-4.415905,7.166032,Marginal
ATGCATGGTATCCTCC-1,-0.42178142,5.7417336,Oval/Medial
ATGCCTCAGTACGAGC-1,5.379871,7.305157,Oval/Medial
ATGCCTCGTATCTCTT-1,-3.2441583,6.698006,Marginal
ATGCGATGTCTGTGCG-1,5.3820076,6.465227,Oval/Medial
ATGGAGGTCCGTATGA-1,-3.576723,5.6887712,Marginal
ATGGATCCACGTACAT-1,1.8852541,6.304279,Oval/Medial
ATGTCCCAGTCTTCGA-1,0.18814018,8.014274,Oval/Medial
ATGTCCCGTCGAAACG-1,-1.0613229,0.13360253,Hbx
ATGTCCCGTGCGGATA-1,6.255537,12.015281,Oval/Medial
ATTACCTAGGAGAGTA-1,3.0424814,7.07677,Oval/Medial
ATTACCTTCTGAGATC-1,-0.52675855,6.085949,Oval/Medial
ATTATCCAGGTCCCGT-1,-1.1872922,5.289553,Hbx
ATTATCCCATGACAAA-1,0.6330667,8.454286,Oval/Medial
ATTATCCGTGTTATCG-1,-0.78384215,6.572434,Oval/Medial
ATTCACTAGAGGGCGA-1,0.16294582,6.423077,Oval/Medial
ATTCACTCATGACGAG-1,-1.309307,6.1700296,Oval/Medial
ATTCACTGTCAAAGAT-1,3.589161,9.913459,Oval/Medial
ATTCAGGGTGAAGCTG-1,0.27588278,6.822198,Oval/Medial
ATTCATCAGCCATCCG-1,2.0153334,8.057479,Oval/Medial
ATTCATCAGCTAGAAT-1,-0.10651014,8.446627,Oval/Medial
ATTCATCTCGACGCGT-1,6.4633255,1.7393357,Oval/Medial
ATTCCCGAGCCTTGAT-1,3.860983,6.1867065,Oval/Medial
ATTCCCGCATAATCCG-1,4.2261553,12.768804,Oval/Medial
ATTCCCGTCCCGTAAA-1,0.29024845,9.218317,Oval/Medial
ATTCCTAAGAGTTGAT-1,4.043449,9.547456,Oval/Medial
ATTCCTAGTAACGTTC-1,-3.3382845,7.5510674,Marginal
ATTCGTTGTGTAAACA-1,-3.5450377,7.9311075,Marginal
ATTGGGTCATGGAAGC-1,1.5624632,7.1059327,Oval/Medial
ATTTACCTCGCTAGCG-1,-1.2383658,6.4396305,Oval/Medial
ATTTCACCACTAGGTT-1,-3.70851,7.962625,Marginal
ATTTCACTCATGCGGC-1,-0.11018275,8.0126095,Oval/Medial
ATTTCTGGTCTATGAC-1,3.2456698,2.0623164,Lateral
CAAAGAACATGCCGAC-1,2.755739,10.958302,Oval/Medial
CAACCAAGTATGGGAC-1,2.8470027,7.0053415,Oval/Medial
CAACCAATCACCTCAC-1-1,-0.9607448,3.7769363,Hbx
CAACGATGTTACTCAG-1,-0.6893492,6.46974,Oval/Medial
CAACGGCCAAGATCCT-1,4.2058673,9.68934,Oval/Medial
CAACGGCCACCGCTAG-1,-3.2807195,6.8456106,Marginal
CAACGGCGTTTACTTC-1,0.6506279,7.8992267,Oval/Medial
CAAGAGGCAAATCAGA-1,5.640156,10.981454,Oval/Medial
CAAGAGGTCCACACAA-1,1.4558194,9.805858,Oval/Medial
CAAGCTATCACTGTTT-1,-0.27531072,5.5827928,Oval/Medial
CAAGGGACACCAGCGT-1,1.3275287,7.376624,Oval/Medial
CAATGACTCCAAGCCG-1,0.41836962,4.999032,Oval/Medial
CAATTTCCATTCACCC-1,6.194473,8.519817,Oval/Medial
CACAACAGTTGTCATG-1,-2.445219,2.7214937,Hbx
CACACAACATCGCTGG-1,-0.32898614,7.017528,Oval/Medial
CACACAAGTACCCAGC-1,0.77273566,7.5993824,Oval/Medial
CACACAAGTGCTCTTC-1,1.0107954,9.511668,Oval/Medial
CACACAAGTGTATTCG-1,7.6542583,6.252235,Oval/Medial
CACATGACAGACAAAT-1,-1.1218307,7.7280626,Oval/Medial
CACCAAAAGATTAGTG-1,2.129709,6.7839756,Oval/Medial
CACCAAAAGCTGCCTG-1,-4.268767,7.7916675,Marginal
CACCAAATCGGCTGAC-1,6.0823865,7.2566175,Oval/Medial
CACCGTTGTAAGGCTG-1,1.3941653,2.941852,Lateral
CACGGGTCATGGGTCC-1,6.15183,12.121905,Oval/Medial
CACGGGTTCGGTGAAG-1,2.4886594,5.37379,Oval/Medial
CACGTTCAGAGCCCAA-1,5.5118003,12.672203,Oval/Medial
CACGTTCGTAAGCGGT-1,1.116361,3.7504663,Lateral
CACTGAAAGTCTTGGT-1,3.632974,13.012939,Oval/Medial
CACTGAAAGTTAGTAG-1,1.609222,9.398752,Oval/Medial
CACTGAAGTGAGTTTC-1,2.5138264,1.0277047,Lateral
CACTGGGGTCCAAAGG-1,0.028406149,6.1987967,Oval/Medial
CACTGGGTCCGTATGA-1,-2.6934886,5.9307847,Marginal
CAGAGCCCAACCAATC-1,0.09814503,8.422672,Oval/Medial
CAGATCATCTGGCCAG-1,3.2024968,5.690283,Oval/Medial
CAGATTGAGTGGACGT-1,3.505683,12.866498,Oval/Medial
CAGATTGCAGTCTTCC-1,6.9707747,7.8615828,Oval/Medial
CAGATTGTCATTCGTT-1,1.4292979,5.3551083,Oval/Medial
CAGCACGGTCGCCTAG-1,3.5948431,13.234421,Oval/Medial
CAGCAGCAGGTTGCCC-1,-0.49664,8.717172,Oval/Medial
CAGCAGCGTCACCGCA-1,6.804206,7.5976005,Oval/Medial
CAGCGTGGTGTGAGCA-1,7.3874636,9.352858,Oval/Medial
CAGGCCAGTAGGAGTC-1,0.38142547,7.223323,Oval/Medial
CAGGCCAGTGACACAG-1,1.6743859,6.3280773,Oval/Medial
CAGGCCAGTGATCATC-1,4.4538026,6.8329587,Oval/Medial
CAGGCCATCAGGACAG-1,-1.7010419,1.4493542,Hbx
CAGGTATCATCATGAC-1,0.3228912,4.4625,Oval/Medial
CAGTTAGAGTTGAAAC-1,5.1352935,11.09464,Oval/Medial
CAGTTCCAGTAGGCCA-1,-2.4709206,3.1388123,Hbx
CATAAGCTCCGCAAAT-1,1.691329,7.495731,Oval/Medial
CATACAGAGCCTCACG-1,0.16682619,7.5118604,Oval/Medial
CATACAGGTGAATAAC-1,-1.1567978,7.6716824,Oval/Medial
CATACCCTCGGCTTCT-1,-1.1967766,2.6039348,Hbx
CATCAAGAGGAGAATG-1,2.4374576,6.898311,Oval/Medial
CATCAAGGTTAAGCAA-1,2.766983,12.867313,Oval/Medial
CATCAAGTCTTACGGA-1,3.7826407,7.773465,Oval/Medial
CATCCGTCACTGTGTA-1,-0.18959118,6.6069756,Oval/Medial
CATCGGGAGCGTTAGG-1,1.4000934,6.1076984,Oval/Medial
CATGAGTGTCAATGGG-1,1.2900906,5.5149646,Oval/Medial
CATGCCTAGGTTGACG-1,2.1993778,5.461652,Oval/Medial
CATGCCTCACATGAAA-1,-1.0072529,6.529079,Oval/Medial
CATGCCTTCCGCAACG-1,0.13103467,5.883418,Oval/Medial
CATGCGGAGTGAACAT-1,0.43445998,7.072882,Oval/Medial
CATGGATCATTAGGAA-1,1.1477932,5.3368144,Oval/Medial
CATGGATGTTATGACC-1,2.269142,6.259235,Oval/Medial
CATGGTACAACAGCTT-1,0.272926,6.6985316,Oval/Medial
CATTCATTCACCTACC-1,4.922761,11.159298,Oval/Medial
CATTCCGGTTTACTTC-1,0.3266839,7.5113,Oval/Medial
CATTCTATCAGACCGC-1,3.4006805,9.407637,Oval/Medial
CATTGCCCAGCTGAAG-1,1.7942502,7.6532974,Oval/Medial
CATTGTTGTACGCTAT-1,-1.2860048,6.624357,Oval/Medial
CCAAGCGCAGTATGAA-1,3.8248303,6.7705903,Oval/Medial
CCAAGCGCATCTATCT-1,4.535171,7.391855,Oval/Medial
CCAAGCGCATGAATAG-1,-3.3758066,6.273333,Marginal
CCAAGCGGTTTACGAC-1,5.3191724,8.456409,Oval/Medial
CCAATTTCATGTCTAG-1,4.056887,12.605075,Oval/Medial
CCACAAAGTTTGTTGG-1,5.137181,8.350614,Oval/Medial
CCACCATCAACGACAG-1,4.284599,11.937738,Oval/Medial
CCACCATCATCCCACT-1,2.6693065,8.465186,Oval/Medial
CCACCATGTCGATGCC-1,4.8259125,10.482669,Oval/Medial
CCACGAGAGTCAAGCG-1,-4.1054697,7.531942,Marginal
CCATAAGTCTATCACT-1,-2.836527,8.024465,Marginal
CCCAACTAGGGTATAT-1,3.0256312,7.776323,Oval/Medial
CCCGAAGAGGAGGTTC-1,7.2640276,1.1685407,Oval/Medial
CCCTAACCACGATTCA-1,1.2398752,6.519034,Oval/Medial
CCCTAACTCATCTGTT-1,0.7005584,7.7810655,Oval/Medial
CCCTCAACACAATGAA-1,-3.4152567,8.114816,Marginal
CCCTCAAGTCATCTAG-1,-1.6356251,3.8473446,Hbx
CCCTCAAGTGCGTGCT-1,0.497508,0.9026317,Lateral
CCCTCTCAGGGACTGT-1,-0.8493384,7.071061,Oval/Medial
CCCTCTCTCCATCTCG-1,1.359518,7.8680167,Oval/Medial
CCCTGATGTTCAGCGC-1,-3.3315847,7.483161,Marginal
CCCTTAGCATTGTAGC-1,-1.5955243,1.4339716,Hbx
CCGAACGGTCCAAGAG-1,6.7418075,7.617298,Oval/Medial
CCGCAAGCACTCATAG-1,1.007033,7.0479836,Oval/Medial
CCGCAAGGTGTCCTAA-1,5.9117074,12.305393,Oval/Medial
CCGCAAGTCTCTGACC-1,2.0230865,3.9589696,Lateral
CCGGGTACAAATCCCA-1,-1.7972469,1.5904713,Hbx
CCGGTAGCATCTTTCA-1,4.2325516,10.539811,Oval/Medial
CCGGTAGGTCGCCACA-1,2.697221,6.858873,Oval/Medial
CCGGTGAGTTAGGCCC-1,-2.4724503,0.76318944,Hbx
CCGGTGATCGCTGATA-1,3.6207209,7.1415377,Oval/Medial
CCGTGAGTCGGCTGAC-1,0.6006654,0.9347005,Lateral
CCGTTCAGTCTGCAAT-1,4.3797865,7.6864843,Oval/Medial
CCGTTCAGTTGACTAC-1,-3.7802317,6.4981937,Marginal
CCTACGTCATGAGGGT-1,7.5830626,5.8664727,Oval/Medial
CCTACGTGTTGTGCAT-1,0.84426624,7.949513,Oval/Medial
CCTACGTTCCAATCTT-1,1.1363249,5.939508,Oval/Medial
CCTATCGAGGCACTAG-1,-0.0919131,7.0167265,Oval/Medial
CCTATCGTCAAACTGC-1,-0.108803116,4.6959906,Oval/Medial
CCTCAACAGGTGCATG-1,-1.3313329,5.1294813,Oval/Medial
CCTCAGTTCTTCCCGA-1,1.7338277,5.6957674,Oval/Medial
CCTCCTCCAACCAGAG-1,-0.050532326,8.079479,Oval/Medial
CCTCTAGCAACACAAA-1,-0.85522443,7.246403,Oval/Medial
CCTCTAGCACCTATCC-1,0.36230224,7.3281856,Oval/Medial
CCTCTAGTCTCGGGAC-1,4.866364,6.2687583,Oval/Medial
CCTCTCCTCTCTCGCA-1,0.6279117,7.726841,Oval/Medial
CCTCTCCTCTGTCGCT-1,-2.6509845,2.8138483,Hbx
CCTGCATCACAGTCCG-1,0.2836109,6.597388,Oval/Medial
CCTGTTGGTGGGACAT-1,1.7689546,2.3649213,Lateral
CCTGTTGTCGGTCGAC-1,6.579233,1.4489701,Oval/Medial
CCTTCAGCAGTGACCC-1,1.7910684,6.7785654,Oval/Medial
CCTTCAGTCCGCATAA-1,1.9358659,6.51949,Oval/Medial
CCTTGTGAGATCCCGC-1,7.881054,7.1358705,Oval/Medial
CCTTGTGAGTTCCAGT-1,6.4501104,8.147519,Oval/Medial
CCTTGTGCACCTCAGG-1,4.93144,6.6731434,Oval/Medial
CCTTTGGAGGTCACAG-1,6.0134463,8.4706545,Oval/Medial
CCTTTGGAGTGCACTT-1,-0.43716583,7.710102,Oval/Medial
CGAAGGAGTAGTCTGT-1,5.3744774,12.995705,Oval/Medial
CGAAGGAGTGGCCCAT-1,0.6584215,2.3908343,Lateral
CGAAGGATCCCGTAAA-1,-0.068987146,6.913829,Oval/Medial
CGAAGTTGTCGGCACT-1,-1.7171029,4.196482,Hbx
CGAAGTTTCAGCAGAG-1,-2.0187027,3.1076384,Hbx
CGAATTGGTACTAACC-1,0.61767286,6.0042562,Oval/Medial
CGAATTGTCATTTACC-1,2.3207,6.49376,Oval/Medial
CGACAGCCACCTAAAC-1,2.1089442,9.637406,Oval/Medial
CGACAGCGTGGCTAGA-1,-2.4735632,0.99104625,Hbx
CGAGAAGAGAAGCTCG-1,7.7179976,7.171898,Oval/Medial
CGAGAAGCACAAGCTT-1,-1.0722202,5.822917,Oval/Medial
CGAGAAGGTGCTCTCT-1,3.33705,6.345554,Oval/Medial
CGAGAAGTCGAAATCC-1,2.1663883,9.663031,Oval/Medial
CGAGGCTGTTTCGTAG-1,2.185085,7.0630083,Oval/Medial
CGAGTTAAGTAAATGC-1,-1.3983711,6.0617247,Marginal
CGATCGGCAAGTATAG-1,-3.7255745,5.3865576,Marginal
CGATCGGGTGTCCAAT-1,5.245341,7.77446,Oval/Medial
CGATCGGTCCATGCAA-1,1.1408701,6.2609262,Oval/Medial
CGATGCGAGCAACAAT-1,0.4428229,6.0005107,Oval/Medial
CGATGGCAGGTTCACT-1,1.8744543,8.022875,Oval/Medial
CGCAGGTCATGGCTGC-1,1.1789899,0.94734085,Lateral
CGCATAAAGACTTCGT-1,2.3621337,6.4569235,Oval/Medial
CGCATAAAGAGGATCC-1,8.224348,7.064546,Oval/Medial
CGCATAAGTCATATGC-1,-1.0928146,9.280073,Marginal
CGCATAAGTGTTACAC-1,2.6235802,11.351876,Oval/Medial
CGCATAAGTTCGTACA-1,2.2958689,9.024005,Oval/Medial
CGCGTGAAGACAAGCC-1,0.43079358,6.3062363,Oval/Medial
CGCGTGAAGAGCGACT-1,1.9568229,2.2798932,Lateral
CGCGTGAGTACCTAGT-1,-0.39235035,8.514984,Oval/Medial
CGCGTGATCTCCCAAC-1,0.48064595,6.535443,Oval/Medial
CGGAATTAGCAAGGAA-1,1.2288653,6.4639153,Oval/Medial
CGGAATTGTAGGTTTC-1,0.040405665,5.087275,Oval/Medial
CGGACACGTTGGATCT-1,6.1825175,11.100114,Oval/Medial
CGGGACTAGACTGAGC-1,1.8595883,9.255973,Oval/Medial
CGGGACTCACTGCGAC-1,-2.1647687,3.3272207,Hbx
CGGGACTGTACAGAGC-1,0.58672196,9.384637,Oval/Medial
CGGGACTGTCTCAGGC-1,1.591534,7.77793,Oval/Medial
CGGGCATCACTGCATA-1,0.8307207,8.206295,Oval/Medial
CGGGCATCATATGGCT-1,2.89136,6.703869,Oval/Medial
CGGGCATTCGACTCCT-1,3.5291839,5.1244884,Oval/Medial
CGGTCAGGTCCAAGAG-1,7.924178,6.4137425,Oval/Medial
CGGTCAGGTTGGTACT-1,-0.47945216,5.129875,Oval/Medial
CGTAAGTTCAAAGACA-1,1.0866438,2.8841407,Lateral
CGTAATGTCGAGATGG-1,-1.637801,2.642173,Hbx
CGTAATGTCGCTGTTC-1,0.25780743,6.987929,Oval/Medial
CGTAGTATCACCGGTG-1,0.67753565,7.5138063,Oval/Medial
CGTAGTATCCCGTGAG-1,-4.786181,7.322668,Marginal
CGTGATATCTGTGTGA-1,5.0158157,12.628101,Oval/Medial
CGTGTCTAGGTGCCAA-1,0.55158204,3.226255,Lateral
CGTTAGAAGTTGCCTA-1,5.0072436,5.251102,Oval/Medial
CTAACTTGTAGCGCTC-1,2.7508297,11.371923,Oval/Medial
CTAAGTGAGCCAGAGT-1,0.9612631,8.480206,Oval/Medial
CTAAGTGGTTGGGTAG-1,1.772073,6.826367,Oval/Medial
CTACAGACACGATTCA-1,7.963541,9.05598,Oval/Medial
CTACAGATCCTGTAGA-1,1.0918739,4.4249997,Lateral
CTACATTCAGAGCCCT-1,1.5988547,5.7476816,Oval/Medial
CTACATTTCATTGCGA-1,4.5040355,12.045583,Oval/Medial
CTACATTTCCGCACGA-1,-0.69574267,6.061046,Oval/Medial
CTACCCACACATACTG-1,4.274406,4.370007,Oval/Medial
CTACCTGGTCGCAGTC-1,1.2527919,2.5111988,Lateral
CTACCTGTCATTCGTT-1,-0.10996501,8.738123,Oval/Medial
CTACCTGTCTCTCAAT-1,-0.096261345,8.257088,Oval/Medial
CTACTATAGACTTAAG-1,0.652884,9.2985115,Oval/Medial
CTACTATGTTCGGTCG-1,7.0090384,7.8399324,Oval/Medial
CTACTATTCTCAACGA-1-1,1.4486688,7.002544,Oval/Medial
CTAGACAAGCATCTTG-1,-0.67583096,7.393826,Oval/Medial
CTATAGGCAAGTGGGT-1,0.31104177,7.553877,Oval/Medial
CTATCCGGTACCTATG-1,1.6188151,6.7525964,Oval/Medial
CTATCTACAACATCGT-1,2.0540297,2.5839887,Lateral
CTCAACCAGAGAGTGA-1,3.5086563,2.2041163,Lateral
CTCAACCTCAGTGTTG-1,4.757717,6.732007,Oval/Medial
CTCAAGACAGCACAAG-1,-3.139651,6.5585294,Marginal
CTCAATTCAATCACGT-1,2.0730176,7.619544,Oval/Medial
CTCAATTTCCTCAGGG-1,-2.069323,1.0968604,Hbx
CTCACTGCAACACACT-1,3.3348303,10.041765,Oval/Medial
CTCAGAACACTTTATC-1,5.269928,7.3285356,Oval/Medial
CTCAGGGCACTGGATT-1,7.008969,9.111556,Oval/Medial
CTCAGGGTCCGATTAG-1,4.3689995,5.648047,Oval/Medial
CTCAGTCCAGAGTGAC-1,0.012854689,7.5747275,Oval/Medial
CTCAGTCTCACATCAG-1,5.397004,2.5613866,Oval/Medial
CTCATCGAGCCTAACT-1,-1.4896492,2.0110383,Hbx
CTCATCGTCGGCTCTT-1,0.26816806,3.4151113,Lateral
CTCCACAGTACCGGAA-1,1.2541853,7.758588,Oval/Medial
CTCCCAACAATACGCT-1,1.1687077,6.453642,Oval/Medial
CTCCCAATCCGACATA-1,1.1080408,7.9861364,Oval/Medial
CTCCCTCGTAGAATAC-1,1.2807151,6.999954,Oval/Medial
CTCCCTCGTCGGCCTA-1,3.6986208,6.887503,Oval/Medial
CTCCGATTCCCGAGAC-1,7.263762,9.3499975,Oval/Medial
CTCCTCCAGTGAGCCA-1,4.6992292,4.0119157,Oval/Medial
CTCCTCCGTATCGCTA-1,8.280373,7.6601715,Oval/Medial
CTCCTCCTCAGTGTTG-1,3.5430562,7.008862,Oval/Medial
CTCCTTTTCTTACTGT-1,4.0957737,12.002572,Oval/Medial
CTCGAGGTCTGCACCT-1,-0.6363766,5.5186653,Oval/Medial
CTCTCGAGTGTCCGGT-1,1.3310311,1.8729889,Lateral
CTCTCGATCGACACCG-1,5.034105,7.7483344,Oval/Medial
CTGAGCGAGCGTCTGC-1,6.8028784,2.3328643,Oval/Medial
CTGAGCGAGGACTTCT-1,3.0187585,7.8566856,Oval/Medial
CTGAGGCAGAGTTGAT-1,-3.7242787,5.7062025,Marginal
CTGATCCAGGCTAACG-1-1,0.23875958,6.3194137,Oval/Medial
CTGATCCCACAACGCC-1,-0.50908273,6.806136,Oval/Medial
CTGATCCGTATGGTAA-1,0.12118419,6.0324574,Oval/Medial
CTGCATCCACCCAACG-1,2.3035874,3.3872614,Lateral
CTGCATCCACTTTATC-1,4.372681,9.75388,Oval/Medial
CTGCATCTCGCAGTCG-1,-0.052956283,6.0595903,Oval/Medial
CTGCCATGTGATACTC-1,4.6169496,3.324933,Oval/Medial
CTGCCATTCGTCGACG-1,4.132512,6.3145013,Oval/Medial
CTGCCTAAGCGCCTAC-1,-3.3387156,8.090688,Marginal
CTGCCTATCACTTTGT-1,-0.008835812,5.349968,Oval/Medial
CTGCCTATCGAAGCCC-1,-3.984481,7.4823613,Marginal
CTGCGAGAGGTGAGCT-1,0.4763495,9.16544,Oval/Medial
CTGCTCAAGAGGTTTA-1,4.077526,6.806998,Oval/Medial
CTGGCAGAGTGTTGTC-1,1.58476,7.4464693,Oval/Medial
CTGGTCTCATCCGGTG-1,-2.6019912,6.9666605,Marginal
CTGGTCTTCGCCTTTG-1,4.714929,10.721515,Oval/Medial
CTGTACCAGCCGATAG-1,0.050873768,6.737553,Oval/Medial
CTGTACCCATTCCTAT-1,1.0922554,6.943778,Oval/Medial
CTGTACCTCAACCGAT-1,-2.4758465,0.9329934,Hbx
CTGTAGAAGCACTCGC-1,6.841077,6.4796953,Oval/Medial
CTGTAGACACGCTGAC-1,0.6033314,1.7782886,Lateral
CTGTAGACAGATACTC-1,6.2244563,5.8680363,Oval/Medial
CTGTAGATCTCCGATC-1,0.54475886,6.1031346,Oval/Medial
CTGTCGTAGTGAGTTA-1,7.0145855,5.477036,Oval/Medial
CTGTGAACACAAGCTT-1,-1.7843635,3.8792198,Hbx
CTGTGAATCGGCCAAC-1,-0.5659579,8.196279,Oval/Medial
CTGTGGGAGGCACGAT-1,1.3912612,10.134362,Oval/Medial
CTTACCGGTAGACAAT-1,-0.6954445,6.923734,Oval/Medial
CTTACCGTCCTTTAGT-1,-0.5320778,4.3867564,Oval/Medial
CTTAGGAAGGGCATGT-1,1.9963688,8.166067,Oval/Medial
CTTAGGATCAGCTCTC-1,3.8883226,3.5093346,Oval/Medial
CTTAGGATCTGTCCGT-1,-1.4256942,4.3562818,Oval/Medial
CTTCAATGTAACGCGA-1,2.3977814,7.2923436,Oval/Medial
CTTCCGAAGGACTAAT-1,0.36444807,8.557702,Oval/Medial
CTTCCGACACTGGACC-1,-3.8204498,6.9231853,Marginal
CTTCCGAGTAGTTCCA-1,-1.2215884,7.348696,Oval/Medial
CTTCCGAGTCAAACGG-1,-1.6461375,6.837241,Marginal
CTTCCGAGTTATAGAG-1,-1.9755117,3.792087,Hbx
CTTCCGATCCGGTTCT-1,1.7875003,7.5748754,Oval/Medial
CTTCCTTCAACGATCT-1,-3.2169867,8.886386,Marginal
CTTCCTTCACAAACGG-1,-0.2387802,5.693163,Oval/Medial
CTTCGGTGTGGACTGA-1,6.8637223,7.7139263,Oval/Medial
CTTCTAACATCGGAAG-1,0.21576226,7.187108,Oval/Medial
CTTCTAAGTACAAACA-1,-0.40092435,3.9766066,Oval/Medial
CTTCTAATCATGGTAC-1,0.023308627,4.2986903,Oval/Medial
CTTCTCTAGAGCATCG-1,-2.090736,0.47720915,Hbx
CTTGAGAAGGCTCCCA-1,3.9841874,5.342008,Oval/Medial
CTTTCGGCAATACCCA-1,6.930349,4.6227775,Oval/Medial
GAAACCTAGAAACTAC-1,1.3927447,2.8817494,Lateral
GAAACCTAGATGTTCC-1,1.7216668,7.3892403,Oval/Medial
GAAACCTCAGAGGTTG-1,-1.1861705,1.7675842,Hbx
GAAATGAAGATCCCAT-1,1.8517245,9.28552,Oval/Medial
GAAATGACATTCTCCG-1,0.9129883,9.665288,Oval/Medial
GAAATGAGTTAGCGGA-1,-1.2260793,1.7942747,Hbx
GAACACTAGGTAAACT-1,-0.43579754,5.902304,Oval/Medial
GAACACTTCTAACGCA-1,2.31569,7.600551,Oval/Medial
GAACTGTAGCTGGAGT-1,3.1842175,7.592979,Oval/Medial
GAACTGTCACGCCACA-1,4.766579,7.7635183,Oval/Medial
GAACTGTTCACCTGTC-1,4.2008734,10.623177,Oval/Medial
GAAGCCCCAGCGACCT-1,-2.440078,5.6944575,Marginal
GAAGCCCGTAGGTGCA-1,-0.044304032,6.7096496,Oval/Medial
GAAGGGTAGTGCAGCA-1,2.3428192,10.407258,Oval/Medial
GAAGTAATCCTGGGTG-1,1.7891488,8.60203,Oval/Medial
GAATAGAGTAATACCC-1,7.41229,9.296009,Oval/Medial
GAATAGAGTAGTTCCA-1,-0.42811203,6.5138493,Oval/Medial
GAATCACGTTTCGTTT-1,5.8351917,2.5813866,Oval/Medial
GAATCGTGTGTGAGCA-1,3.115369,13.004084,Oval/Medial
GACATCACAAACGTGG-1,0.9268543,6.7032313,Oval/Medial
GACATCAGTGTTAACC-1,5.330031,11.155056,Oval/Medial
GACCAATAGGCTCTCG-1,-0.84707093,5.162912,Oval/Medial
GACCAATCACCCATAA-1,4.5937285,6.1237955,Oval/Medial
GACCCTTGTCCGAAAG-1,-0.27085274,4.7455535,Oval/Medial
GACCCTTGTCGGTGTC-1,-0.741656,5.8894305,Oval/Medial
GACCGTGGTAAGTAGT-1,0.21871397,6.490253,Oval/Medial
GACGTTACACATAACC-1,3.9003885,9.390322,Oval/Medial
GACGTTATCGAAGGAC-1,0.8153562,7.690244,Oval/Medial
GACTATGCAGTTGCGC-1,-0.8438853,8.471721,Oval/Medial
GACTCAACAGGTCAAG-1,5.0794883,6.8812976,Oval/Medial
GACTCAAGTGAAGCGT-1,2.5258734,8.439897,Oval/Medial
GACTTCCAGAAGGCTC-1,-3.6848166,6.4474373,Marginal
GACTTCCGTCCAAGAG-1,0.34276384,3.9822237,Oval/Medial
GACTTCCTCTTCGATT-1,4.0431676,6.850104,Oval/Medial
GAGACCCAGCCTAACT-1,5.6335344,10.055464,Oval/Medial
GAGACCCCAATGTCAC-1,0.31877372,7.890041,Oval/Medial
GAGACTTCATAATCGC-1,-0.77856666,4.8304634,Oval/Medial
GAGAGGTTCGGTCTAA-1,-0.99483734,2.118419,Hbx
GAGATGGGTGTACGCC-1,6.2328653,12.839012,Oval/Medial
GAGCCTGGTCAACGCC-1,2.3156178,8.795873,Oval/Medial
GAGGCCTGTGACCGAA-1,6.1126566,12.727939,Oval/Medial
GAGGCCTGTGCGGCTT-1,1.7734741,8.80405,Oval/Medial
GAGGGATCAAGTCATC-1,-2.9205697,7.067957,Marginal
GAGGGTAAGGGCCCTT-1,-3.357523,5.6783314,Marginal
GAGGGTATCCATAGGT-1,5.7576237,8.103708,Oval/Medial
GAGTCTACACGAAGAC-1,3.1602578,7.3512654,Oval/Medial
GAGTCTACAGAATTCC-1,4.834585,4.211913,Oval/Medial
GAGTCTATCACTGTCC-1,-0.23564328,4.289319,Oval/Medial
GAGTGAGAGGCTGGAT-1,4.633152,10.63598,Oval/Medial
GAGTGTTAGAGAAGGT-1,0.90585387,5.227035,Oval/Medial
GAGTGTTCAAACCATC-1,4.0197864,6.333232,Oval/Medial
GAGTGTTGTAGACAAT-1,0.58152497,9.037268,Oval/Medial
GAGTGTTTCCATGCAA-1,4.422613,10.293985,Oval/Medial
GAGTTACAGCCATGCC-1,7.712255,4.94132,Oval/Medial
GAGTTACGTAGGTTTC-1,6.024307,11.13085,Oval/Medial
GAGTTGTAGATTAGAC-1,2.1622956,6.9459662,Oval/Medial
GAGTTTGTCGAGATGG-1,0.25817,1.0449793,Lateral
GATAGAAAGGTCACAG-1,4.8878202,12.170017,Oval/Medial
GATAGAACACCCAATA-1,1.3727944,6.9016113,Oval/Medial
GATAGAAGTAGCACGA-1,5.0801578,10.758806,Oval/Medial
GATAGAAGTAGCTGAG-1,0.50069106,9.400072,Oval/Medial
GATCACAAGACCTCAT-1,4.937969,12.407153,Oval/Medial
GATCACACACTAACGT-1,1.6340729,9.965789,Oval/Medial
GATCAGTGTGACTATC-1,4.039006,13.182655,Oval/Medial
GATCCCTAGGACTGGT-1,-0.761326,4.885326,Oval/Medial
GATCCCTGTCGCAACC-1,1.0257124,3.0591366,Lateral
GATCCCTTCACCGCTT-1,-0.79091346,0.58729553,Hbx
GATCCCTTCAGCTTGA-1,1.7503537,5.9378195,Oval/Medial
GATCGTAGTAGGTGCA-1,2.0244455,10.636514,Oval/Medial
GATGACTTCAGGAAGC-1,6.2455883,8.659157,Oval/Medial
GATGAGGTCTCGACGG-1,1.1935275,4.8270526,Oval/Medial
GATGATCAGCCTAGGA-1,-3.1115572,5.9034185,Marginal
GATGCTAAGGGAGTGG-1,-0.79763407,4.6945853,Oval/Medial
GATGGAGCAGCGTAGA-1,4.0363884,3.3123877,Oval/Medial
GATGGAGCAGTCTGGC-1,3.8360074,7.2288966,Oval/Medial
GATTCTTTCCCAACTC-1,6.729886,7.6381454,Oval/Medial
GATTTCTAGCAGCCCT-1,4.3141766,3.6119258,Oval/Medial
GATTTCTAGCCAGAGT-1,2.795499,10.668847,Oval/Medial
GATTTCTCAACGTATC-1,2.10552,2.6604393,Lateral
GATTTCTTCACTGTCC-1,-2.1691053,3.55859,Hbx
GCAACATGTATTAAGG-1,6.7126236,7.4521866,Oval/Medial
GCAACCGTCCGCAAAT-1,0.7199804,7.740863,Oval/Medial
GCACATAGTGTTTGCA-1,-0.35635045,6.7856507,Oval/Medial
GCACATATCATCGTAG-1,0.16494092,4.057466,Lateral
GCACATATCCGATGTA-1,1.5617313,5.2145505,Oval/Medial
GCACGTGAGTGGTGAC-1,5.0520763,10.767719,Oval/Medial
GCACTAAAGTGCACTT-1,7.6185417,0.9564013,Oval/Medial
GCACTAATCATGCCCT-1,4.3825474,5.4816465,Oval/Medial
GCAGCCAAGCGTGCTC-1,2.2047215,6.570331,Oval/Medial
GCAGCTGCACGCCACA-1,6.6016965,6.489805,Oval/Medial
GCAGGCTAGCAAATGT-1,1.6190906,6.4947944,Oval/Medial
GCAGGCTCACCCTGAG-1,0.7794367,1.8272276,Lateral
GCATCTCCATAGCTGT-1,-0.23505086,8.142115,Oval/Medial
GCATCTCTCAGAGCGA-1,-2.0593278,3.7369733,Hbx
GCATGATAGCATGCAG-1,3.5570982,4.5543327,Oval/Medial
GCATGATAGTAGTGCG-1,5.8393135,11.758835,Oval/Medial
GCATGATGTTGCGGAA-1,0.30879003,9.164191,Oval/Medial
GCATTAGTCGGTCTAA-1,3.3264248,2.0324948,Lateral
GCCAGTGGTATGCGTT-1,5.450166,11.943054,Oval/Medial
GCCATGGGTATCTCGA-1,0.8349794,5.060568,Oval/Medial
GCCCAGATCGCCAGAC-1,2.8937209,6.2041078,Oval/Medial
GCCGATGGTGACACGA-1,6.6972523,7.056124,Oval/Medial
GCCTGTTGTAATCAGA-1,6.118226,8.443998,Oval/Medial
GCCTGTTTCCGGGACT-1,0.458164,3.763638,Oval/Medial
GCGATCGTCATAGAGA-1,3.2602208,9.183969,Oval/Medial
GCGTGCAAGTATGACA-1,-0.6740614,7.624069,Oval/Medial
GCGTTTCAGCGTGAAC-1,-1.8324515,7.087038,Marginal
GCGTTTCCACCCTTGT-1,2.7738073,6.538192,Oval/Medial
GCTACAAGTGTCCAAT-1,5.6068926,5.9880867,Oval/Medial
GCTACCTGTTTCTTAC-1,-4.155282,6.229725,Marginal
GCTCAAACATGTTACG-1,2.3466704,10.583601,Oval/Medial
GCTGAATTCAAAGGAT-1,3.97854,7.0415597,Oval/Medial
GCTGCAGGTAAGTAGT-1,2.3694682,6.6898584,Oval/Medial
GCTGGGTGTTTCAGAC-1,-0.29024526,7.807007,Oval/Medial
GCTTCACCAAATCAGA-1,2.0775607,6.2591157,Oval/Medial
GCTTCACGTTGGCTAT-1,0.096706085,7.3853407,Oval/Medial
GGAAGTGCAGTTTGGT-1,3.7387671,10.103244,Oval/Medial
GGAATCTCAACTCCAA-1,0.5341911,7.254827,Oval/Medial
GGAATGGCATGGAGAC-1,-0.8743604,7.9923244,Oval/Medial
GGAGCAACAGGCTATT-1,3.263079,13.207346,Oval/Medial
GGAGCAATCCTGTTGC-1,-1.6159216,3.4104671,Hbx
GGAGGATCATGGCTGC-1,2.5415397,9.239229,Oval/Medial
GGAGGTAGTAGGACTG-1,0.7200349,2.7251348,Lateral
GGCACGTTCGTACCTC-1,0.55066484,8.011075,Oval/Medial
GGCAGTCGTCGCATGC-1,0.8462482,7.6188965,Oval/Medial
GGCGTCAGTTACGTAC-1,-0.44338065,7.6039047,Oval/Medial
GGCTGTGGTTGATCGT-1,0.2983178,6.2774105,Oval/Medial
GGCTTGGCAGAACCGA-1,0.93008983,6.237231,Oval/Medial
GGCTTTCCACTAACCA-1,0.650403,7.74046,Oval/Medial
GGCTTTCCAGCGTACC-1,3.332313,6.2987165,Oval/Medial
GGCTTTCCATCATCTT-1,2.5461373,7.9123163,Oval/Medial
GGCTTTCCATGGTGGA-1,-0.9537592,6.6498365,Oval/Medial
GGGAAGTTCTGCGGCA-1,0.7666126,8.967656,Oval/Medial
GGGACTCTCTTCCCAG-1,5.579013,6.7439036,Oval/Medial
GGGAGATCAGTTGAAA-1,4.265861,13.179158,Oval/Medial
GGGATCCTCGACCATA-1,-1.7689755,1.64862,Hbx
GGGATGAAGCAAATCA-1,-2.0678902,-0.53432304,Hbx
GGGATGACAGCTCCTT-1,4.7478137,7.4620514,Oval/Medial
GGGCCATAGCGATGCA-1,0.50215626,6.245762,Oval/Medial
GGGCCATGTGCATTTG-1,-0.80924785,3.7271693,Hbx
GGGCGTTCAACTGAAA-1,0.38031375,2.9856334,Lateral
GGGCGTTTCTGGGAGA-1,8.340404,6.7997284,Oval/Medial
GGGCTACCAGGCACTC-1,-0.73669475,6.164305,Oval/Medial
GGGCTCACACTCGATA-1,1.8963764,4.912955,Lateral
GGGCTCATCGTAGGAG-1,0.5383521,7.6637516,Oval/Medial
GGGTATTCATGTAACC-1,1.5983166,8.668375,Oval/Medial
GGGTCACGTACAGTAA-1,4.8436537,7.1385517,Oval/Medial
GGGTCTGCATAACAGA-1,-2.464541,2.76708,Hbx
GGGTGAACACGGCCAT-1,0.14519617,4.268149,Oval/Medial
GGGTGTCCATGATAGA-1,-1.4353025,4.3113794,Hbx
GGGTTATAGCACCTGC-1,-4.617347,7.5470085,Marginal
GGGTTATCAATAGAGT-1,1.2588861,7.006524,Oval/Medial
GGGTTATGTAACCCTA-1,5.150819,10.258402,Oval/Medial
GGGTTATGTATTGGCT-1,0.9829326,8.788165,Oval/Medial
GGGTTTAAGTTCTACG-1,-2.5407667,1.5423871,Hbx
GGGTTTACACGATAGG-1,3.1852427,9.608801,Oval/Medial
GGGTTTACATAGTCAC-1,3.2561677,7.882832,Oval/Medial
GGGTTTAGTGGCCTCA-1,-1.490911,6.9431267,Oval/Medial
GGTAACTTCAGGTGTT-1,0.96817726,6.5170984,Oval/Medial
GGTAATCAGGAGTCTG-1,3.3963406,7.1635084,Oval/Medial
GGTAGAGTCGCAGTGC-1,1.7718399,5.922489,Oval/Medial
GGTCACGGTACCCGAC-1,0.8154425,9.068231,Oval/Medial
GGTCTGGTCGAGAATA-1,-1.4848046,0.62424326,Hbx
GGTCTGGTCTCACGAA-1,7.2308106,8.049452,Oval/Medial
GGTGATTCAAGGTACG-1,2.9323475,2.9679832,Lateral
GGTGTCGTCCGACATA-1,-0.78281623,7.91833,Oval/Medial
GGTGTTAGTGTTCATG-1,4.800951,6.913551,Oval/Medial
GGTTAACGTTAGCGGA-1,-0.17107977,6.943195,Oval/Medial
GGTTAACTCCGTGGTG-1,2.2582257,4.580532,Lateral
GGTTGTACAGGCCTGT-1,1.2078869,3.024945,Lateral
GTAACACAGAGAGTTT-1,1.474489,8.150761,Oval/Medial
GTAACACAGTACAACA-1,3.9351163,6.65927,Oval/Medial
GTAAGTCAGCGTTCAT-1,4.4207587,13.079313,Oval/Medial
GTAATCGCACCTAAAC-1,-0.6358804,6.6496806,Oval/Medial
GTAATCGGTACAACGG-1,7.699755,7.6030526,Oval/Medial
GTAATCGTCGATACAC-1,5.0360928,11.067621,Oval/Medial
GTAATGCAGGGTTTCT-1,-0.35022724,8.587575,Oval/Medial
GTAATGCTCTTTGCGC-1,1.8338027,7.9110694,Oval/Medial
GTACAGTAGTCCTGCG-1,1.5194519,8.201119,Oval/Medial
GTAGATCCAATCGAAA-1,-2.2083335,-0.20330001,Hbx
GTAGATCTCTGGGCAC-1,0.36626807,6.25729,Oval/Medial
GTAGCTAAGCCAAGCA-1,2.4882476,10.5250435,Oval/Medial
GTAGGTTCACGCTTAA-1,0.8064037,1.9301143,Lateral
GTAGGTTCATTGACTG-1,3.3514743,9.59527,Oval/Medial
GTAGGTTGTTGCTCCT-1,1.668282,7.7794433,Oval/Medial
GTAGTACAGGCTCCCA-1,-3.5384808,7.3581243,Marginal
GTCACGGCAGAACCGA-1,-3.6090527,7.261454,Marginal
GTCACGGTCTGATTCT-1,5.967104,12.659325,Oval/Medial
GTCACTCAGCGCTTCG-1,1.5117849,3.1146462,Lateral
GTCACTCCAATCCTTT-1,1.3653594,9.410786,Oval/Medial
GTCACTCCATAGATGA-1,-3.742541,6.7604527,Marginal
GTCACTCGTGAGCGAT-1,-1.5039083,6.1591315,Oval/Medial
GTCAGCGCAATAGAGT-1,0.48942444,6.080915,Oval/Medial
GTCATCCAGGTAGTCG-1,3.258424,11.832119,Oval/Medial
GTCATCCGTGAGTGAC-1,7.573014,7.9444513,Oval/Medial
GTCATTTCATGCCGAC-1,2.39431,6.9126005,Oval/Medial
GTCCACTAGATAGCTA-1,-0.99112266,5.819779,Oval/Medial
GTCCACTGTAACGCGA-1,0.8141473,2.3914638,Lateral
GTCCCATAGCACTCTA-1,1.224273,8.679215,Oval/Medial
GTCCTCAAGCATATGA-1,5.548955,7.245312,Oval/Medial
GTCGCGAAGAGTGACC-1,4.4779663,6.831712,Oval/Medial
GTCGCGAAGCCTGCCA-1,4.028062,9.771951,Oval/Medial
GTCGTAAAGATGCTAA-1,2.9405966,6.540841,Oval/Medial
GTCGTAAAGCGGGTTA-1,5.160197,10.941418,Oval/Medial
GTCTAGAAGTCCTACA-1,-1.7103713,6.4449987,Marginal
GTCTGTCAGCCAGACA-1,0.13534924,8.216521,Oval/Medial
GTGACGCGTTGTCCCT-1,5.8728094,11.697243,Oval/Medial
GTGACGCTCGCATTAG-1,-0.24626637,1.3703948,Lateral
GTGAGGATCAACCTTT-1,5.534237,9.837505,Oval/Medial
GTGAGTTTCTCAGTCC-1,-3.9135911,6.3988566,Marginal
GTGATGTAGGATACCG-1,6.8044925,8.130805,Oval/Medial
GTGCGTGAGGTGAGAA-1,1.525429,6.842956,Oval/Medial
GTGCTTCAGCGATGGT-1,-3.3042247,7.6923146,Marginal
GTGGAGAAGTTGGACG-1,0.77890253,7.0976925,Oval/Medial
GTGGAGATCTGGACCG-1,1.1351345,6.778464,Oval/Medial
GTGGAGATCTTACCAT-1,4.613958,6.8117657,Oval/Medial
GTGGCGTAGCCATATC-1,4.0110326,13.880408,Oval/Medial
GTGGCGTGTTACAGCT-1,-1.6918142,1.8568257,Hbx
GTGGGAACAGAGCGTA-1,2.8698657,6.345644,Oval/Medial
GTGGGAATCGGCTTGG-1,-0.6096195,6.8678393,Oval/Medial
GTGGTTAGTATATGGA-1,-1.6381068,6.041453,Marginal
GTGGTTATCCGTATAG-1,5.0327454,7.2759647,Oval/Medial
GTGTAACGTTATGTCG-1,3.118794,12.896754,Oval/Medial
GTGTAACTCGCAGTTA-1,0.68591356,6.9590907,Oval/Medial
GTGTAACTCGGACTGC-1,6.058862,10.5094795,Oval/Medial
GTGTTAGCAACACTAC-1,7.4799223,8.83061,Oval/Medial
GTTACAGGTCGACGCT-1,-0.315229,4.6133113,Oval/Medial
GTTACCCAGACGCCAA-1,-0.37112325,4.445774,Oval/Medial
GTTACCCGTTGTACGT-1,0.44156379,5.930249,Oval/Medial
GTTAGTGCATTGAGCT-1,0.41084844,7.202206,Oval/Medial
GTTATGGCAGACTGCC-1,4.0304303,13.936304,Oval/Medial
GTTCATTCACTTGAGT-1,0.68235415,8.288937,Oval/Medial
GTTCCGTTCCTACCGT-1,5.460041,11.47474,Oval/Medial
GTTCGCTGTGAGTCAG-1,4.8520083,9.416291,Oval/Medial
GTTGAACAGTAATACG-1,0.17763145,6.3655386,Oval/Medial
GTTGCGGTCATTACTC-1-1,7.548501,7.433562,Oval/Medial
GTTGTAGTCGAAATCC-1,2.0423193,4.144054,Lateral
GTTGTCCGTGAACGGT-1,3.204735,6.368855,Oval/Medial
GTTGTCCGTTTACCTT-1,6.453572,5.898128,Oval/Medial
GTTGTGAAGTAAAGCT-1,-2.2920585,-0.14231108,Hbx
GTTTACTAGAACAGGA-1,-1.1267706,6.8057,Oval/Medial
GTTTGGAAGAGCAGCT-1,-2.1403985,1.8108383,Hbx
TAACACGGTTAGGAGC-1,1.5599757,2.499773,Lateral
TAACCAGGTTTGCAGT-1,1.4153442,7.4935393,Oval/Medial
TAAGCACCAGGGTCTC-1,0.4571708,6.9825926,Oval/Medial
TAAGCCAGTGCTATTG-1,4.360615,6.780941,Oval/Medial
TAAGCGTGTACAAGCG-1,2.7932653,9.015245,Oval/Medial
TAAGTCGCAGCGCTTG-1,1.7981373,9.590505,Oval/Medial
TACAGGTGTAATCAAG-1,0.089434795,8.725783,Oval/Medial
TACCCACAGTCCCGAC-1,2.1398783,4.2576847,Lateral
TACCCGTGTCGAGTTT-1,2.3114498,10.504105,Oval/Medial
TACCTCGCACTTCCTG-1,-0.069082975,4.3770375,Oval/Medial
TACCTCGTCGTTCGCT-1,-1.3782264,6.8568044,Oval/Medial
TACGCTCCACCAGCGT-1,-1.2395221,-0.1260013,Hbx
TACGGGCTCATTGCTT-1,-0.3735185,4.4791107,Oval/Medial
TACGGGCTCCCGAGAC-1,2.2232375,5.1568823,Oval/Medial
TACGGTAGTTATGTGC-1,5.11663,11.184714,Oval/Medial
TACGTCCGTTGTACGT-1,4.0758543,5.0297256,Oval/Medial
TACTGCCCATACCGTA-1,4.8513403,7.6990786,Oval/Medial
TACTGCCGTTCTTCAT-1,2.114427,9.652908,Oval/Medial
TACTTACAGCTGGAGT-1,0.5325923,3.281212,Lateral
TACTTCAGTGCGAGTA-1,-2.142475,3.5744126,Hbx
TACTTCATCATCGTAG-1,7.5271907,0.9819862,Oval/Medial
TAGACCAGTCCGAAGA-1,3.8984008,11.429727,Oval/Medial
TAGACTGTCTCAGAAC-1,-4.141007,6.6215277,Marginal
TAGATCGTCAAGTCTG-1,1.1291258,9.175632,Oval/Medial
TAGATCGTCCCATACC-1,-0.7410219,4.5475316,Oval/Medial
TAGCACAGTATTGAGA-1,0.4882733,8.321797,Oval/Medial
TAGCACAGTTTGAACC-1,0.5071432,8.808613,Oval/Medial
TAGGAGGTCTCTCTTC-1,6.703693,5.4562654,Oval/Medial
TAGGGTTGTCACTACA-1,0.3923161,4.799754,Oval/Medial
TAGGTACCAAGACGGT-1,0.053718936,5.6415696,Oval/Medial
TAGGTTGAGACCGCCT-1,-1.0508091,7.158627,Oval/Medial
TAGGTTGAGGGCCTCT-1,-2.0213754,0.33612365,Hbx
TAGTGCAGTCCTCCTA-1,2.0501828,5.885938,Oval/Medial
TATACCTCAGACACCC-1,0.7881563,6.576141,Oval/Medial
TATACCTTCCGATAAC-1,2.221988,5.874602,Oval/Medial
TATCCTAAGGCCATAG-1,5.5168853,7.0113626,Oval/Medial
TATCCTAGTGTGAGCA-1,4.184354,8.368159,Oval/Medial
TATCCTATCTGGGCAC-1,-0.34897217,4.9254045,Oval/Medial
TATCTTGTCAGGCGAA-1,-1.5471385,4.247049,Hbx
TATCTTGTCTCACGAA-1,3.4486425,6.695803,Oval/Medial
TATTGCTGTACTAGCT-1,2.9001288,10.659037,Oval/Medial
TATTGCTTCTGCAGCG-1,1.8306775,6.270789,Oval/Medial
TATTTCGAGATTCGCT-1,1.5074109,7.0472345,Oval/Medial
TATTTCGAGGGCAGAG-1,7.6809926,7.0387053,Oval/Medial
TATTTCGCACTTCATT-1,0.009305207,3.9437282,Oval/Medial
TCAAGACGTGGCTAGA-1,1.3698139,7.433961,Oval/Medial
TCAAGCAGTTTGGGTT-1,0.09238008,6.3188252,Oval/Medial
TCAATCTAGGCGAAGG-1,3.3754234,8.13308,Oval/Medial
TCAATCTAGGTCGTGA-1,-0.2812596,7.0969467,Oval/Medial
TCAATCTGTCAATCTG-1,0.5241963,5.1332307,Oval/Medial
TCAATTCAGAAGGATG-1,1.1513888,6.7187724,Oval/Medial
TCAATTCGTTCGAAGG-1,-1.328217,8.077931,Oval/Medial
TCACAAGAGCCGTTGC-1,1.8532952,1.3738058,Lateral
TCACAAGAGCTTCGTA-1,-0.3613497,6.8244195,Oval/Medial
TCACAAGGTCCCTGAG-1,3.8547978,13.13863,Oval/Medial
TCACACCAGACTTCAC-1,3.1789048,10.374919,Oval/Medial
TCACACCTCTATACGG-1,-4.178431,6.8472447,Marginal
TCACATTAGGAAGTGA-1,1.2368405,8.07452,Oval/Medial
TCACATTGTTCTCGTC-1,-0.3836734,7.8672314,Oval/Medial
TCACGCTTCCCTTTGG-1,-1.3993491,6.74751,Oval/Medial
TCACGGGAGTGCCAGA-1,0.5175059,6.7907634,Oval/Medial
TCACGGGCAAGATTGA-1,0.82430875,9.299903,Oval/Medial
TCACGGGGTCGGTGAA-1,2.3812788,7.740725,Oval/Medial
TCACTATAGATCCCAT-1,6.260805,7.734706,Oval/Medial
TCACTATGTCTCCCTA-1,2.3606372,7.794385,Oval/Medial
TCACTCGAGTTCATGC-1,-1.5688176,3.4131107,Hbx
TCACTCGTCACTACGA-1,-2.4452524,1.3622756,Hbx
TCAGCAACATGTAACC-1,1.5586907,8.12879,Oval/Medial
TCAGGGCAGTAACAGT-1,-4.543291,7.367304,Marginal
TCAGGTAGTAGCGTCC-1,0.19218957,2.7711923,Lateral
TCAGTGAAGTTGAAAC-1,-2.2102497,6.5181146,Marginal
TCAGTGATCAAGCTGT-1,0.9276135,6.6329594,Oval/Medial
TCATATCGTGATGTAA-1,1.6953391,5.970153,Oval/Medial
TCATATCTCGCCGTGA-1,-0.16566911,5.464266,Oval/Medial
TCATCATAGTAGGATT-1,-1.0111374,5.3023977,Oval/Medial
TCATCATCACGCGCAT-1,4.905547,2.8421304,Oval/Medial
TCATGTTGTGGAGGTT-1,5.517219,2.8353703,Oval/Medial
TCATTACCAAGGATGC-1,2.9248698,9.950058,Oval/Medial
TCATTACTCCTACACC-1,0.1484813,6.8026137,Oval/Medial
TCATTGTAGACCGTTT-1,2.7326915,6.8346567,Oval/Medial
TCATTGTTCTAAGGAA-1,0.570204,5.272166,Oval/Medial
TCATTTGCAGTACTAC-1,0.6597655,6.105724,Oval/Medial
TCATTTGGTTCCGGTG-1,3.837435,13.442932,Oval/Medial
TCCACGTAGCAAACAT-1,2.1080632,6.1033854,Oval/Medial
TCCACGTAGTACGAGC-1,-0.26532492,0.8059911,Lateral
TCCAGAAAGGTCATAA-1,2.5167131,11.124403,Oval/Medial
TCCAGAATCCGCAGTG-1,1.8593025,7.1796947,Oval/Medial
TCCATCGCAATTGGTC-1,-0.2744779,9.244232,Oval/Medial
TCCATCGCATACAGAA-1,2.3255956,10.723059,Oval/Medial
TCCCACACAACTTCTT-1,-0.071171686,1.068924,Lateral
TCCCAGTCAACAGCTT-1,2.4310591,11.120248,Oval/Medial
TCCCAGTTCATGGTAC-1,-4.5060005,7.1408234,Marginal
TCCCATGAGAGGCCAT-1,5.846707,7.642101,Oval/Medial
TCCCATGCACAACATC-1,7.074708,7.455214,Oval/Medial
TCCCATGCACTGAATC-1,2.9470828,6.872079,Oval/Medial
TCCGAAATCACCTCGT-1,1.147721,5.14844,Oval/Medial
TCCGATCAGTGCTAGG-1,1.722324,9.566059,Oval/Medial
TCCGATCGTAGAATAC-1,0.35919762,7.2829185,Oval/Medial
TCCGGGAGTTCGATTG-1,5.325958,10.347511,Oval/Medial
TCCGGGATCCCTATTA-1,3.0997782,12.91604,Oval/Medial
TCCGGGATCTTTCAGT-1,2.9355724,9.378554,Oval/Medial
TCCGTGTGTCGCGGTT-1,6.071505,7.997262,Oval/Medial
TCCGTGTTCTGGCCTT-1,0.12947422,6.498046,Oval/Medial
TCCTAATTCTCGACCT-1,3.6116004,10.89939,Oval/Medial
TCCTCCCCATTGGCAT-1,-1.4426154,2.1761434,Hbx
TCCTCTTCAGGTTCCG-1,-1.1219424,6.259305,Oval/Medial
TCCTTCTGTTTGGCTA-1,-2.0627186,7.2419047,Marginal
TCCTTCTTCTCTTAAC-1,-0.76326954,8.427028,Oval/Medial
TCGAAGTCATTAGGAA-1,-0.44964564,7.4732733,Oval/Medial
TCGAAGTTCGGCTGAC-1,2.665667,7.622452,Oval/Medial
TCGAAGTTCTGCTTAT-1,5.5227275,7.245074,Oval/Medial
TCGACCTCAGTGTGGA-1,7.4256454,8.217544,Oval/Medial
TCGACCTCATTACGGT-1,-1.9344043,6.972104,Marginal
TCGACGGTCTGAGAGG-1,-1.2522589,7.7473917,Oval/Medial
TCGATTTAGAAGAACG-1,3.6831448,11.432229,Oval/Medial
TCGATTTCACATCATG-1,0.91394925,9.302239,Oval/Medial
TCGATTTTCTGAACGT-1,1.6560922,6.058961,Oval/Medial
TCGCACTTCAGAACCT-1,2.835034,6.3741164,Oval/Medial
TCGCAGGAGCCTCAGC-1,4.0114627,10.464065,Oval/Medial
TCGCTCAAGGGTAATT-1,2.2560024,3.2707548,Lateral
TCGCTCAGTCATCTAG-1,6.0309396,6.0475154,Oval/Medial
TCGGATACACGCGCTA-1,6.837806,1.541766,Oval/Medial
TCGGATAGTACGGGAT-1,7.5263004,9.328266,Oval/Medial
TCGGGCACAAGAATAC-1,0.5993878,7.475028,Oval/Medial
TCGGGCATCAGCCTCT-1,6.5307803,12.580955,Oval/Medial
TCGGTCTTCGTTCTAT-1,2.437673,1.4434613,Lateral
TCGTCCAGTCGTAATC-1,0.74854296,6.1691933,Oval/Medial
TCGTGCTGTGGCGTAA-1,2.374455,10.573132,Oval/Medial
TCTATCATCTGCAGCG-1,0.0852195,8.073762,Oval/Medial
TCTCACGAGCATGCAG-1,4.775026,7.0331144,Oval/Medial
TCTCAGCTCTCAACGA-1,2.0023777,5.1713266,Oval/Medial
TCTCCGAAGAGTTGCG-1,3.5383213,6.5165887,Oval/Medial
TCTCCGAAGTCATCGT-1,4.512851,3.7001603,Oval/Medial
TCTCTGGTCCAGCAAT-1,0.68457294,5.586949,Oval/Medial
TCTGCCACAGTAGATA-1,4.84918,6.903194,Oval/Medial
TCTGTCGAGTAACAGT-1,7.1584563,6.9037476,Oval/Medial
TGAACGTGTGAGCTCC-1,-0.37352014,8.215785,Oval/Medial
TGAATCGGTTCGTACA-1,3.9068944,4.8297787,Oval/Medial
TGAATCGTCATGCAGT-1,-1.7134935,3.170179,Hbx
TGAATGCCATACCGTA-1,6.3932233,12.760748,Oval/Medial
TGACGCGCACACGGTC-1,0.024652464,8.586868,Oval/Medial
TGACGCGCATTGAAGA-1,-4.2435994,7.355762,Marginal
TGAGACTCACGACGCT-1,1.0329573,8.6226425,Oval/Medial
TGAGCATCACGCTGCA-1,-2.8079567,7.766838,Marginal
TGAGCATTCTGTAACG-1,6.293038,5.808299,Oval/Medial
TGAGCGCAGCTTACGT-1,-1.3140848,8.172298,Oval/Medial
TGAGCGCTCAACACGT-1,-3.3631918,7.01273,Marginal
TGAGGAGCAGGTCAAG-1,-0.4873677,7.753143,Oval/Medial
TGAGGAGGTAGTGTGG-1,0.81297076,2.091095,Lateral
TGAGGGAGTGTTATCG-1,-0.9722627,7.432395,Oval/Medial
TGAGGTTGTGTATTGC-1,-0.18295695,6.289406,Oval/Medial
TGAGTCAAGACCCTTA-1,-0.05895715,8.326163,Oval/Medial
TGAGTCACACCAGCGT-1,-0.29748058,8.050749,Oval/Medial
TGATCAGCATAAGCAA-1,-0.9643021,5.9460287,Oval/Medial
TGATCTTCAGCCGTCA-1,-0.10108201,5.5698814,Oval/Medial
TGATCTTGTACAAACA-1,5.008433,11.253294,Oval/Medial
TGATGGTGTTATGGTC-1,0.40060022,2.2663162,Lateral
TGATTCTTCCATTTAC-1,-2.538538,2.2207577,Hbx
TGATTTCAGTACTCGT-1,1.1917036,4.8445983,Oval/Medial
TGCAGATAGTCGTCTA-1,-0.47023994,7.4712825,Oval/Medial
TGCAGATCAGAGTCAG-1,4.4709797,6.35867,Oval/Medial
TGCAGGCTCCATTTAC-1,0.7795814,1.1231908,Lateral
TGCAGTATCCTCACGT-1,-2.1260633,2.6963277,Hbx
TGCATCCCAGAGAAAG-1,-0.5650245,4.7735553,Oval/Medial
TGCCGAGCAAACAGGC-1,3.3223796,10.980439,Oval/Medial
TGCCGAGCATACAGAA-1,1.8638891,6.1660614,Oval/Medial
TGCGACGCAGACGCTC-1,6.0114985,6.2352796,Oval/Medial
TGCGATAAGAAGCGCT-1,-1.4782846,1.4226593,Hbx
TGCGATAAGCACTAGG-1,2.337981,5.8471246,Oval/Medial
TGCGGCAAGAACTGAT-1,0.78528214,7.090004,Oval/Medial
TGCGGGTAGTAGCATA-1,-1.3868157,3.8081706,Hbx
TGCGGGTCATCCAACA-1,-1.4343014,0.00051338336,Hbx
TGCGGGTCATCCGGCA-1,4.8213677,13.339031,Oval/Medial
TGCTCGTGTCAGTCGC-1,3.734252,6.3736477,Oval/Medial
TGCTCGTGTCGTGGTC-1,3.8240066,6.4244957,Oval/Medial
TGCTGAAAGTATGGCG-1,-0.18371369,7.561472,Oval/Medial
TGCTTCGCAGTCCGTG-1,3.0277758,5.592743,Oval/Medial
TGCTTGCCAAGGAGTC-1,5.212312,11.955694,Oval/Medial
TGCTTGCGTAGTCTGT-1,4.5882487,6.9244037,Oval/Medial
TGCTTGCTCACTGATG-1,-0.75660753,3.3338585,Lateral
TGGAACTCAACACGTT-1,-0.54936916,5.0673733,Oval/Medial
TGGAGGAAGACAGTCG-1,-2.6171212,7.8137846,Marginal
TGGAGGATCACCGACG-1,0.98626894,6.6031694,Oval/Medial
TGGATCATCGAAGAAT-1,1.1686497,7.9823985,Oval/Medial
TGGATGTAGATACAGT-1,-0.16252068,6.9264393,Oval/Medial
TGGATGTGTATTCCGA-1,0.47629887,8.251344,Oval/Medial
TGGGAAGCACTACCGG-1,3.5639,12.512613,Oval/Medial
TGGGAGAGTAGCGCCT-1,1.5749865,8.4867525,Oval/Medial
TGGGAGAGTGACATCT-1,-1.1848183,5.6633253,Oval/Medial
TGGGATTAGGGCAGTT-1,7.060326,1.6046594,Oval/Medial
TGGGCGTGTCATCCCT-1,2.9433486,11.88282,Oval/Medial
TGGGCTGAGTGAACAT-1,-1.0612268,6.8805223,Oval/Medial
TGGTACACAATACCCA-1,-2.8993375,5.6887937,Marginal
TGGTAGTAGTAACGTA-1,3.3411186,5.6204553,Oval/Medial
TGGTAGTGTCGAACAG-1,-3.9666522,6.0657287,Marginal
TGGTAGTTCACAATGC-1,6.2515,2.1741524,Oval/Medial
TGGTAGTTCATATGGC-1,1.924762,2.7426865,Lateral
TGGTAGTTCGACCCAG-1,-2.9912584,6.8795447,Marginal
TGGTTAGAGCTCTGTA-1,2.0559733,1.5025878,Lateral
TGTACAGAGGCAGCTA-1,3.5534632,5.4928126,Oval/Medial
TGTACAGCAGCAAGAC-1,1.9573803,8.30215,Oval/Medial
TGTCAGACACGGTAGA-1,0.40122625,7.4951563,Oval/Medial
TGTCAGATCTTACTGT-1,7.34638,7.624307,Oval/Medial
TGTGAGTTCGAACCAT-1,6.301682,8.124051,Oval/Medial
TGTGATGGTGTGTTTG-1,0.020902554,7.5515747,Oval/Medial
TGTGCGGAGACTACCT-1,1.0701511,8.466602,Oval/Medial
TGTGGCGAGCATCAAA-1,2.193268,3.9810808,Lateral
TGTGGCGGTTGCCAAT-1,0.8257423,6.5694366,Oval/Medial
TGTTACTCAACGTTAC-1,-2.0708618,6.8449388,Marginal
TGTTCATCAAGTCATC-1,3.3698137,5.9642596,Oval/Medial
TGTTCATCACTCACTC-1,-0.9051652,4.3997197,Oval/Medial
TGTTCATGTGGGTCAA-1,4.593253,11.594633,Oval/Medial
TGTTCCGCATATACCG-1,-0.074050985,9.072393,Oval/Medial
TGTTCCGTCAGCTGAT-1,4.640243,5.404458,Oval/Medial
TGTTCCGTCTAGTGTG-1,1.4428003,3.7356863,Lateral
TGTTCCGTCTGTGCGG-1,2.8028011,6.959721,Oval/Medial
TGTTCTAAGTACAGCG-1,2.2506225,1.5493833,Lateral
TGTTCTAGTAGAGCTG-1,3.5684662,6.878217,Oval/Medial
TGTTGAGAGTATGACA-1,5.35275,11.841873,Oval/Medial
TGTTGAGTCCATTGCC-1,3.7819433,5.3960543,Oval/Medial
TGTTTGTCAGGTGTTT-1,5.775992,12.07849,Oval/Medial
TGTTTGTGTGACTGAG-1,5.97453,10.961534,Oval/Medial
TTAATCCTCAAGAGTA-1,3.8468823,11.114096,Oval/Medial
TTACGTTAGACGCTCC-1,0.9554258,7.077345,Oval/Medial
TTACGTTTCCACTTCG-1,7.4989896,1.011884,Oval/Medial
TTACGTTTCGACGTCG-1,5.425049,6.423077,Oval/Medial
TTACGTTTCTAGTGTG-1,5.1644177,6.6811905,Oval/Medial
TTACTGTTCGATTTCT-1,0.6873675,6.3027496,Oval/Medial
TTAGGCAGTGCCTTTC-1,8.143107,6.8782873,Oval/Medial
TTAGTCTAGGTGTGAC-1,0.8670094,8.573698,Oval/Medial
TTCAATCCAAATCAGA-1,-0.33318052,4.712199,Oval/Medial
TTCAATCTCAACCTCC-1,-0.046771422,7.453577,Oval/Medial
TTCAATCTCACACCGG-1,-2.8127792,6.9558883,Marginal
TTCACCGTCAGGGTAG-1,3.8580792,10.129221,Oval/Medial
TTCAGGATCCGTACGG-1-1,3.3943565,7.2201953,Oval/Medial
TTCAGGATCTCTCCGA-1,4.35321,12.820552,Oval/Medial
TTCATTGGTGCTGCAC-1,-4.36019,8.164029,Marginal
TTCCAATCAAATAGCA-1,0.008239365,8.769281,Oval/Medial
TTCCAATTCCGAAGGA-1,2.3252685,8.736657,Oval/Medial
TTCCACGAGAGTCCGA-1,5.2536993,10.073388,Oval/Medial
TTCCACGAGGCATTTC-1,-3.023311,6.443148,Marginal
TTCCACGTCGTTACCC-1,2.111384,9.397616,Oval/Medial
TTCCGGTAGTCTTGGT-1,5.4743924,11.71775,Oval/Medial
TTCCGGTCATGACGTT-1,0.87408406,1.2967013,Lateral
TTCCTAATCATGCAGT-1,5.455152,7.250399,Oval/Medial
TTCCTAATCCTGATAG-1,1.874174,8.997292,Oval/Medial
TTCCTCTAGGGCGAGA-1,3.6155405,9.957439,Oval/Medial
TTCCTTCGTCTGCCTT-1,-1.588172,0.9972408,Hbx
TTCCTTCTCTGCTGAA-1,-0.35395482,5.5933094,Oval/Medial
TTCGATTGTACCACGC-1,-3.2151134,5.864094,Marginal
TTCGGTCTCTTCTTCC-1,3.355597,8.730934,Oval/Medial
TTCTAGTTCTCGTGGG-1,2.9593008,12.239748,Oval/Medial
TTCTGTAGTAGTCACT-1,6.0013742,2.317969,Oval/Medial
TTCTTCCGTAGTCTTG-1,-0.002825481,8.142918,Oval/Medial
TTGAACGGTATGAAAC-1,1.6329035,7.4287305,Oval/Medial
TTGACCCCAGCATCTA-1,3.3689187,7.027838,Oval/Medial
TTGAGTGAGGTTCATC-1,-0.8867985,4.5221276,Oval/Medial
TTGAGTGCAGCGATTT-1,0.68925214,4.8458114,Oval/Medial
TTGAGTGTCACGAGGA-1,-3.5838022,7.773318,Marginal
TTGAGTGTCTCGCTCA-1,-1.3766625,0.104869016,Hbx
TTGATGGAGTACCATC-1,5.4423,12.262231,Oval/Medial
TTGATGGTCAGCATTG-1,-4.0975924,6.884055,Marginal
TTGCATTAGTGATCGG-1,1.1270638,6.068875,Oval/Medial
TTGCATTGTGGCCACT-1,1.7954097,7.8219004,Oval/Medial
TTGCATTGTTCCGGTG-1,-1.0028111,7.9171176,Oval/Medial
TTGCATTTCAGTCAGT-1,-0.28313163,6.04803,Oval/Medial
TTGCGTCAGATGGTCG-1,4.168688,11.032662,Oval/Medial
TTGCGTCTCCAGGACC-1,0.01203389,9.048647,Oval/Medial
TTGCTGCCATTAGGCT-1,1.8664696,7.555259,Oval/Medial
TTGGATGTCTCAATCT-1,-0.8099052,5.1974316,Oval/Medial
TTGGATGTCTGCTCTG-1,-2.062345,-0.11329676,Hbx
TTGGGATAGCCAGAGT-1,5.0252676,7.414685,Oval/Medial
TTGGGATCAATTGTGC-1,-2.7796748,6.555134,Marginal
TTGGGCGGTGGTCTTA-1,2.0006838,7.83368,Oval/Medial
TTGGGCGTCATGAAAG-1,0.07728952,8.897255,Oval/Medial
TTGGGTACACAAGCAG-1,3.593231,12.803569,Oval/Medial
TTGGGTAGTCGCGGTT-1,3.2464142,13.514209,Oval/Medial
TTGGGTATCGGTCGAC-1,2.0959358,3.0437195,Lateral
TTGGTTTAGCCATGCC-1,3.3163433,11.835419,Oval/Medial
TTGTGGAAGCCATATC-1,1.0229325,5.8782125,Oval/Medial
TTGTGGAAGTAAGAGG-1,-0.031632017,6.668847,Oval/Medial
TTGTGGAAGTTCAACC-1,0.7977564,4.688394,Oval/Medial
TTGTTGTCAAGGCCTC-1,3.6899352,10.662927,Oval/Medial
TTGTTGTTCCATTCAT-1,5.794855,11.668599,Oval/Medial
TTTACCAAGAGCAGTC-1,5.1095057,8.524934,Oval/Medial
TTTACCAGTGACCTGC-1,0.6047557,5.832702,Oval/Medial
TTTACGTGTCGGAACA-1,0.32651168,7.3910303,Oval/Medial
TTTCATGCAGAATCGG-1,1.3125796,8.807157,Oval/Medial
TTTCATGGTTCCCACT-1,3.6059308,5.02141,Oval/Medial
TTTCATGTCAGCTGTA-1,8.025913,6.5930514,Oval/Medial
TTTCATGTCGTAACCA-1,-1.8824915,3.1719234,Hbx
TTTCCTCAGGAGGCAG-1,-0.31160554,8.58559,Oval/Medial
TTTCCTCAGGAGTCTG-1,-0.86208487,5.486256,Oval/Medial
TTTGATCCAACGTTAC-1,3.0979664,8.63523,Oval/Medial
TTTGGAGGTGACAGGT-1,-0.48371547,7.378747,Oval/Medial
TTTGTTGAGGTGATAT-1,-1.318341,3.35626,Oval/Medial
AAACCCACACAGTCCG-1,0.6656009,7.374846,Oval/Medial
AAACCCACACCATTCC-1,-2.4298491,0.40239236,Hbx
AAAGAACCATAATCGC-1,3.3596911,5.7547874,Oval/Medial
AAAGGATCACATAGCT-1,-2.1814313,0.15953232,Hbx
AAAGGGCCAGCAGTGA-1,-0.9445401,1.0760655,Hbx
AAAGTCCAGTAGTCAA-1,3.0148582,7.827984,Oval/Medial
AAAGTCCGTTTCACAG-1,-0.667938,5.3843226,Oval/Medial
AAAGTGAAGTATGAAC-1,1.7557461,5.744698,Oval/Medial
AAAGTGAGTCTGTGCG-1,7.3217244,9.262393,Oval/Medial
AAAGTGATCGGTTGTA-1,-1.4154773,2.8980508,Hbx
AACAAAGAGTGAGGCT-1,-1.9026314,4.08982,Hbx
AACAAAGTCAATCCGA-1,-0.09774217,7.041726,Oval/Medial
AACAACCTCTAAACGC-1,4.748226,6.464575,Oval/Medial
AACAGGGAGACCAGAC-1,-2.6904452,7.5693865,Marginal
AACAGGGAGGCTTTCA-1,1.3225281,7.407068,Oval/Medial
AACCAACGTTCTTGCC-1,-2.9364471,6.554742,Marginal
AACCACACACAATGTC-1,0.11792124,8.081855,Oval/Medial
AACCACAGTGCGACAA-1,-0.5518234,3.4948647,Lateral
AACCACATCATTCATC-1,-2.134297,3.9287145,Hbx
AACCATGGTGTGCTTA-1,2.6397939,6.2669015,Oval/Medial
AACCATGTCGTAGCCG-1,4.9029408,4.5233307,Oval/Medial
AACCCAAAGGACAAGA-1,-2.413306,0.36586893,Hbx
AACCTGAGTATTTCTC-1,6.9344544,5.886352,Oval/Medial
AACCTGATCGGCATCG-1,-0.36059937,6.102619,Oval/Medial
AACCTTTAGGTGCCTC-1,6.945269,5.138449,Oval/Medial
AACCTTTGTGGACTGA-1,3.2965934,10.0484085,Oval/Medial
AACGGGAAGGCTTAAA-1,-2.153972,-0.2949737,Hbx
AACGGGACAGCGTTGC-1,-0.87433386,5.093518,Oval/Medial
AACGTCAAGTGCCCGT-1,-2.0129797,2.8776808,Hbx
AACTTCTCATGTCTAG-1,0.52123934,7.2927094,Oval/Medial
AACTTCTGTTACCCAA-1,8.623472,7.3826737,Oval/Medial
AAGAACAAGACTTCGT-1,6.4841475,2.2750337,Oval/Medial
AAGAACATCAGCGCGT-1,1.8344997,1.528478,Lateral
AAGACAAGTAGAATAC-1,-1.9916339,4.3297405,Hbx
AAGATAGGTGTTATCG-1,-2.7380638,5.7708297,Marginal
AAGCATCGTCAAACGG-1,-2.4089274,6.798728,Marginal
AAGCCATAGTTCCAGT-1,5.348768,8.178853,Oval/Medial
AAGGAATAGATTAGAC-1-1,1.275766,6.417241,Oval/Medial
AAGGTAACAGCGTACC-1,5.4260097,2.5727546,Oval/Medial
AAGTACCCATATCTGG-1,5.069686,11.410636,Oval/Medial
AAGTGAACAGTTCACA-1,-2.257398,6.3798833,Marginal
AAGTTCGTCAATGTCG-1,2.6774895,9.298403,Oval/Medial
AATAGAGGTTCTCTAT-1,4.697002,12.757388,Oval/Medial
AATCGACTCCATCGTC-1,-3.0137212,7.875573,Marginal
AATCGTGGTGTGTACT-1,-2.346793,6.134661,Marginal
AATGAAGGTAGATCCT-1,4.139432,4.581645,Oval/Medial
AATGACCCAGGATCTT-1,-1.1717516,8.391088,Oval/Medial
AATGCCATCGTACACA-1,6.207772,6.596566,Oval/Medial
AATGGAAAGGTACAAT-1,-3.383058,6.2060113,Marginal
AATGGAATCGAGTGGA-1,-1.4429761,1.4026815,Hbx
AATGGCTTCCGTCCTA-1,7.698622,7.021009,Oval/Medial
AATTCCTTCTCATGCC-1,0.48667505,7.5084805,Oval/Medial
AATTTCCAGTCGCTAT-1,-2.0435338,4.6534424,Hbx
AATTTCCCATGACTAC-1,-2.371018,5.4146285,Marginal
AATTTCCGTAGAGACC-1,-2.1460922,3.3944879,Hbx
ACACAGTAGCTCTTCC-1,-4.6312585,8.695423,Marginal
ACACAGTCAGGAATAT-1,-2.2697258,-0.33139992,Hbx
ACACAGTGTAGGAAAG-1,-0.48505166,6.7703505,Oval/Medial
ACACCAACACCAACAT-1,1.5530878,3.0434382,Lateral
ACACGCGGTTGTCAGT-1,-0.87784487,6.620354,Oval/Medial
ACAGAAAAGGTGCCAA-1,-0.13431983,4.532462,Oval/Medial
ACAGCCGCAATCGCAT-1,5.765293,5.9830003,Oval/Medial
ACAGCCGGTTGCCATA-1,-2.278611,2.8530939,Hbx
ACAGCCGTCCTCGATC-1,-2.0734787,1.0606803,Hbx
ACATCCCAGCAAATCA-1,2.7283301,11.93266,Oval/Medial
ACATCCCAGCGCACAA-1,-3.9302452,7.934765,Marginal
ACATCCCAGTCATCCA-1,-2.0003893,4.0559554,Hbx
ACCAACAGTAACTGCT-1,-1.9130644,3.412534,Hbx
ACCAACATCATGAGTC-1,-1.8933858,2.5786545,Hbx
ACCACAAAGTATCTGC-1,0.58956635,2.1960042,Lateral
ACCACAACAACACACT-1,-1.0868449,2.8861344,Hbx
ACCACAATCTACACAG-1,1.1384236,4.430001,Oval/Medial
ACCCAAAGTACTCCCT-1,7.500756,9.372814,Oval/Medial
ACCCTTGTCAGCTTGA-1,0.26479998,4.3500223,Oval/Medial
ACCGTTCTCTATCCAT-1,6.1615167,7.409311,Oval/Medial
ACCTACCCAAATTGCC-1,-4.6224213,8.496597,Marginal
ACCTACCTCTTACTGT-1,-0.24081133,7.121038,Oval/Medial
ACCTGTCAGACCAAGC-1,-3.0900278,7.7479587,Marginal
ACGATCAAGGAATCGC-1,1.6957864,8.065075,Oval/Medial
ACGATCATCTCATTAC-1,-1.624564,4.239671,Hbx
ACGCACGGTATGTCCA-1-1,-1.8972899,5.7245393,Oval/Medial
ACGGAAGAGTAACCTC-1,0.63136715,8.869192,Oval/Medial
ACGGGTCCAGGGAATC-1,0.86282074,1.8415775,Lateral
ACGTAACCATGAGTAA-1,-0.92672074,0.42705163,Hbx
ACGTAACTCCGGACTG-1,3.9474397,6.055652,Oval/Medial
ACGTACAGTGGGTATG-1,-4.5659466,6.780774,Marginal
ACGTAGTAGAGGTCGT-1,5.9163256,11.841844,Oval/Medial
ACGTCCTAGCTCCACG-1,0.92736727,2.7979972,Lateral
ACTATCTAGAACCGCA-1,0.4935697,8.988564,Oval/Medial
ACTATGGTCATAGAGA-1,0.077312276,6.2852154,Oval/Medial
ACTATTCAGGATGTTA-1,5.4576826,6.4450493,Oval/Medial
ACTATTCCAGCGATTT-1,-1.9681876,2.0312793,Hbx
ACTCCCACATTCTCTA-1,-2.1732275,0.5684053,Hbx
ACTCCCAGTTTGCAGT-1,-0.049617868,6.0679827,Oval/Medial
ACTGATGCATGCCGCA-1,1.8908327,2.8025584,Lateral
ACTGCAATCACTGGGC-1,-2.076942,4.352958,Hbx
ACTGTCCAGCATCGAG-1,4.495832,6.244335,Oval/Medial
ACTTATCCAAGGTCGA-1,-3.2428389,6.354605,Marginal
ACTTCCGGTCACTCTC-1,6.1489377,10.9949045,Oval/Medial
ACTTCGCCAAGGCCTC-1,1.6350874,3.3786619,Lateral
ACTTTGTAGTCTAACC-1,3.3530574,7.869224,Oval/Medial
ACTTTGTCACCGTGGT-1,2.252942,6.663238,Oval/Medial
AGAACCTCATGTGCTA-1,-1.5826602,6.457314,Oval/Medial
AGAAGCGTCCTTATGT-1,2.5885863,11.853758,Oval/Medial
AGACAAACAGCGAACA-1,4.6837945,4.54501,Oval/Medial
AGACAAAGTATTTCTC-1,0.6872049,3.0374646,Lateral
AGACACTCATGACAAA-1,-1.7991201,3.4933584,Hbx
AGACAGGGTATACCTG-1,0.42484322,2.072766,Lateral
AGACCATCACCCAACG-1,0.43793103,6.8279614,Oval/Medial
AGACCATTCTCTTGCG-1,-3.4987838,7.612783,Marginal
AGACTCAAGCACTCAT-1,4.502974,6.515567,Oval/Medial
AGACTCAGTCATTCCC-1,-2.3995514,1.2229744,Hbx
AGAGAGCCACAAGCCC-1,4.666877,3.2347584,Oval/Medial
AGAGCCCAGAGTCACG-1,7.287186,7.6986656,Oval/Medial
AGATAGACAGAACTAA-1,5.307388,12.176098,Oval/Medial
AGATGCTTCCATGCAA-1,5.474543,6.216735,Oval/Medial
AGCATCATCGAGTACT-1,-1.8923032,7.614328,Marginal
AGCCACGTCCTCTAAT-1,-2.3819802,6.022921,Marginal
AGCGATTGTACTCGTA-1,5.949729,6.9606743,Oval/Medial
AGCGCTGAGGTCGTGA-1,-3.20028,7.3685493,Marginal
AGCGTATAGCTGTGCC-1,0.09224664,6.3262043,Oval/Medial
AGCGTATGTCTTCCGT-1,3.4758523,8.855898,Oval/Medial
AGCTACAGTTGTTGTG-1,-2.5943007,2.557654,Hbx
AGCTCAAGTTTCGTAG-1,6.265036,7.631964,Oval/Medial
AGCTTCCCAAGGACAC-1,2.466861,1.3097463,Lateral
AGCTTCCCAGCAGGAT-1,-4.5472555,6.594798,Marginal
AGGAATAAGGGATGTC-1,-1.0154424,7.298766,Oval/Medial
AGGAATAGTTAAACAG-1,1.0933266,7.005909,Oval/Medial
AGGAATATCGCTCTCA-1,0.4398883,2.5392373,Lateral
AGGACGAGTACCTTCC-1,2.5932827,5.873234,Oval/Medial
AGGACGAGTTGAGTCT-1,-3.035407,6.7438865,Marginal
AGGACTTAGGACTGGT-1,1.0689828,1.7883171,Lateral
AGGAGGTTCTGGCTGG-1,2.0199113,10.026754,Oval/Medial
AGGCATTAGAACCCGA-1,2.0790427,6.062182,Oval/Medial
AGGCATTGTTCGAACT-1,-3.951049,7.5385785,Marginal
AGGCCACAGTTCTACG-1,-2.4550924,0.2908148,Hbx
AGGCCACAGTTGAATG-1,0.8523471,7.1511025,Oval/Medial
AGGGCCTAGAGCACTG-1,-3.571575,5.485696,Marginal
AGGGTTTCACCATTCC-1,3.7090814,9.699201,Oval/Medial
AGGGTTTGTCGTGTTA-1,2.0495563,4.389623,Lateral
AGGTAGGCAATCCAGT-1,7.28849,6.339161,Oval/Medial
AGGTCATCAGTCAGTT-1,7.087283,5.4279456,Oval/Medial
AGGTCTAGTAGGTGCA-1,-1.829041,3.3033469,Hbx
AGGTTACCACACTTAG-1,-0.45952448,6.823045,Oval/Medial
AGGTTACTCCTCTGCA-1,2.7946405,10.574553,Oval/Medial
AGTAACCTCCCTGTTG-1,3.575284,13.718107,Oval/Medial
AGTCAACAGCTTGTTG-1,5.949082,7.950357,Oval/Medial
AGTCACAAGGTATCTC-1,4.853532,7.9741535,Oval/Medial
AGTCACAGTATGCTTG-1,0.60773414,8.858406,Oval/Medial
AGTCATGTCTAACGCA-1,6.1135626,2.2254589,Oval/Medial
AGTCTCCGTCGGTGTC-1,5.768707,2.4496872,Oval/Medial
AGTGATCTCGTGTCAA-1,-0.970825,4.9464016,Oval/Medial
AGTGTTGGTTATAGAG-1,3.6061058,13.643875,Oval/Medial
ATACCGACAATCCTTT-1,3.0273514,8.612395,Oval/Medial
ATACCTTCAAAGGCAC-1,8.743384,7.4392505,Oval/Medial
ATACCTTTCGAACTCA-1,4.466144,6.858195,Oval/Medial
ATACTTCTCCAACCAA-1,0.8494257,6.041778,Oval/Medial
ATCACTTAGGTTGGTG-1,2.0738225,2.187958,Lateral
ATCAGGTAGAGTCACG-1,-4.309756,8.043927,Marginal
ATCAGGTAGCTTGTTG-1,-1.4133701,7.005819,Oval/Medial
ATCAGGTCAGGTTCAT-1,1.8247305,9.084756,Oval/Medial
ATCATTCTCGTGCTCT-1,0.1329369,7.0526757,Oval/Medial
ATCCACCTCATGCATG-1,1.5878494,6.230394,Oval/Medial
ATCCATTAGGTACATA-1,3.8881762,7.6514106,Oval/Medial
ATCCATTCACCCTTGT-1,2.3554046,5.4876833,Oval/Medial
ATCCATTTCCACAAGT-1,-4.1614556,7.585085,Marginal
ATCCGTCCATCTTAGG-1,2.0145087,8.011336,Oval/Medial
ATCCTATAGTTGTCAC-1,5.539328,11.031164,Oval/Medial
ATCCTATGTCACCTTC-1,-2.2640371,0.7492971,Hbx
ATCGATGCATTCTGTT-1,-1.0561635,4.3884444,Oval/Medial
ATCGCCTCAGACCAGA-1,-3.3630233,8.072104,Marginal
ATCGCCTCAGTGCCTG-1,-0.075785495,4.054306,Oval/Medial
ATCGGATGTCTTTCTA-1,-1.6930741,3.9134443,Hbx
ATCGTCCAGGCCACTC-1,-3.994862,7.2900157,Marginal
ATCGTGAGTCGAGTGA-1,-0.7423236,0.1741994,Hbx
ATCGTGAGTGGCTTAT-1,4.8336506,4.6930456,Oval/Medial
ATCGTGATCTGGACTA-1,0.5562506,2.3521388,Lateral
ATCTCTACAATGAGCG-1,-3.2927158,7.6192684,Marginal
ATGAAAGCAGGTTCCG-1,1.8288854,6.2400475,Oval/Medial
ATGACCACATCCTAAG-1,6.9184413,7.642481,Oval/Medial
ATGATCGCAATCAGCT-1,5.0415015,2.8005414,Oval/Medial
ATGATCGGTGACCGAA-1,0.18125133,7.630393,Oval/Medial
ATGATCGTCTCCCAAC-1,6.28494,8.077948,Oval/Medial
ATGCCTCAGAGGTTAT-1,1.4012667,7.117704,Oval/Medial
ATGCCTCAGTATTAGG-1,4.943803,12.687732,Oval/Medial
ATGCCTCAGTGCCAGA-1,-0.30241683,8.97387,Oval/Medial
ATGCCTCGTATTGAGA-1,1.0897661,9.126623,Oval/Medial
ATGCGATCAATTCTTC-1,0.73412913,8.840559,Oval/Medial
ATGGATCCAGCTTTGA-1,6.0404778,7.27781,Oval/Medial
ATGGGTTGTTAGGACG-1,-2.9768307,6.8220425,Marginal
ATGTCCCTCATGAAAG-1,-1.8128203,6.8267727,Marginal
ATTACCTAGATAACAC-1,6.162534,6.2217107,Oval/Medial
ATTACCTCACAACGAG-1,-2.9900136,5.6278872,Marginal
ATTACCTTCTCGACCT-1,0.5939729,3.3256228,Lateral
ATTACTCCACCTAAAC-1,-0.8372847,6.0675273,Oval/Medial
ATTATCCAGAAGATCT-1,2.8706434,6.1789837,Oval/Medial
ATTATCCGTACTAGCT-1,6.7726274,4.760569,Oval/Medial
ATTATCCTCTGCTCTG-1,0.3721546,8.638348,Oval/Medial
ATTCACTGTGGCCACT-1,6.0316544,6.9366503,Oval/Medial
ATTCAGGCACTAAACC-1,-2.1938064,3.4704978,Hbx
ATTCAGGGTGGTCTGC-1,-2.6377778,6.616352,Marginal
ATTCCATAGGTCGCCT-1,7.342202,9.340802,Oval/Medial
ATTCCCGAGACTTAAG-1,-2.5058486,0.4517472,Hbx
ATTCCCGCATTGTACG-1,3.3527234,7.8926334,Oval/Medial
ATTCCCGTCGAATGCT-1,-3.2810342,7.9404287,Marginal
ATTGGGTCAAATGGAT-1,6.7054863,7.077542,Oval/Medial
ATTTCACGTCGCCTAG-1,-0.14134644,2.9051216,Lateral
CAACCAAAGCCACTCG-1,3.9771116,6.492768,Oval/Medial
CAACCAATCGACTCCT-1,6.736411,6.465704,Oval/Medial
CAACCAATCTTAAGGC-1,5.464554,6.246083,Oval/Medial
CAACGATAGCCTCGTG-1,1.8065943,5.948622,Oval/Medial
CAACGATGTCTAGATC-1,3.1913645,11.423021,Oval/Medial
CAACGATTCACAGAGG-1,6.084531,2.4259198,Oval/Medial
CAAGACTAGCTCATAC-1,-1.5778167,3.2881382,Hbx
CAAGCTAGTGTTAGCT-1,6.857028,2.0460544,Oval/Medial
CAATCGACATCCGGTG-1,-2.98096,7.625342,Marginal
CAATCGAGTAATTGGA-1,-0.48086852,3.9444826,Oval/Medial
CAATCGATCCTGGCTT-1,6.883808,2.2333517,Oval/Medial
CAATGACTCTTCCCAG-1,4.5903087,3.2026196,Oval/Medial
CAATTTCCAGAACCGA-1,-1.4983683,6.2679753,Oval/Medial
CACACAAGTCGTCGGT-1,4.2410755,7.42021,Oval/Medial
CACAGATGTCCGGCAT-1,-1.6383353,6.4509153,Oval/Medial
CACGTGGGTGTATTGC-1,-2.4457946,1.941244,Hbx
CACGTTCTCCTCTCGA-1,2.299196,10.563154,Oval/Medial
CACTAAGCAGCCTACG-1,-0.5382567,7.0168133,Oval/Medial
CAGAGCCCAGACACCC-1,1.252277,6.890865,Oval/Medial
CAGAGCCGTCAGGCAA-1,0.8025583,6.731311,Oval/Medial
CAGATACTCGACACTA-1,0.03306219,8.952114,Oval/Medial
CAGCAATAGGTCCTGC-1,4.084219,5.2224517,Oval/Medial
CAGCACGCATACCACA-1,6.171273,6.7102437,Oval/Medial
CAGCCAGCAGCACAAG-1,-1.5061961,6.348859,Oval/Medial
CAGCGTGTCATTGCTT-1,-2.40597,5.844914,Marginal
CAGGCCACAATCAGCT-1,-2.1851137,6.4299936,Marginal
CAGGGCTCATAACTCG-1,-4.1726274,7.689228,Marginal
CAGGTATAGTAGCATA-1,6.8298388,6.857125,Oval/Medial
CAGTGCGCAACGAGGT-1,-1.7494309,7.117101,Marginal
CAGTTCCTCAATCTTC-1,-1.4191937,1.4470676,Hbx
CATACTTGTGACACGA-1,2.8187358,5.815629,Oval/Medial
CATACTTTCCACGTGG-1,2.2427788,6.9270043,Oval/Medial
CATAGACTCGATCCCT-1,8.645428,7.316705,Oval/Medial
CATAGACTCGGACAAG-1,3.6509695,9.726368,Oval/Medial
CATCCCACATAATGCC-1,4.098509,8.337501,Oval/Medial
CATCCCATCAGCTAGT-1,-3.1314142,8.2145,Marginal
CATCCGTCAGAGGCTA-1,1.1504128,6.1322784,Oval/Medial
CATCGCTGTCACCCTT-1,0.69856596,6.0098386,Oval/Medial
CATCGTCTCCGGTAAT-1,5.0048122,10.041097,Oval/Medial
CATGAGTTCAAGATAG-1,-4.366878,7.9691877,Marginal
CATGCAACAGTCACGC-1,-4.047271,6.8199563,Marginal
CATGCAATCCGTGGTG-1,2.573381,6.7665896,Oval/Medial
CATGCCTAGTCATTGC-1,-2.1951628,7.404973,Marginal
CATGCGGCAACTGCCG-1,0.9569864,7.708105,Oval/Medial
CATGCGGGTAGCGTTT-1,-0.017028475,6.6824965,Oval/Medial
CATGCGGGTGCATTTG-1,4.982856,2.9914317,Oval/Medial
CATTCTACAATTGCTG-1,1.3751627,9.228881,Oval/Medial
CATTCTATCGAAGTGG-1,5.2630825,5.829817,Oval/Medial
CATTGAGAGTCCCAAT-1,5.9349933,2.7523944,Oval/Medial
CATTGCCGTTCCGTTC-1,5.604734,10.670477,Oval/Medial
CATTGTTAGTAGGATT-1,6.3628144,8.136389,Oval/Medial
CATTGTTTCATCTATC-1,-2.263892,2.707542,Hbx
CATTTCACATTGGCAT-1,6.1391335,5.1308947,Oval/Medial
CATTTCATCCTACGAA-1,7.266945,6.4563746,Oval/Medial
CCAAGCGAGAATACAC-1,0.14474489,7.8290677,Oval/Medial
CCAATTTTCCCACAGG-1,4.6468167,7.0498238,Oval/Medial
CCACAAAGTCGAAGCA-1,-3.919397,7.952861,Marginal
CCACAAATCGGACAAG-1,5.38438,9.5203,Oval/Medial
CCATAAGGTTCCAGGC-1,5.954028,5.362026,Oval/Medial
CCATCACAGTAACAGT-1,-1.376355,0.8838622,Hbx
CCCATTGTCTCTCGAC-1,1.6369315,6.634319,Oval/Medial
CCCGAAGCAACACACT-1,0.14540014,8.066873,Oval/Medial
CCCGAAGGTCACGCTG-1,6.1174483,12.521966,Oval/Medial
CCCGAAGGTCGTATTG-1,7.156948,4.988897,Oval/Medial
CCCGAAGGTTTACCAG-1,-1.9436208,3.474809,Hbx
CCCTGATCAGATCCTA-1,1.2515304,7.137203,Oval/Medial
CCCTGATGTATTTCCT-1,3.937635,7.4194407,Oval/Medial
CCCTGATTCCGGGACT-1,3.6333828,6.731332,Oval/Medial
CCGAACGGTCGTCATA-1,2.5149577,11.688711,Oval/Medial
CCGCAAGCAGTGTGCC-1,-1.884002,1.1958013,Hbx
CCGCAAGTCAATGTCG-1,6.8143716,7.9421167,Oval/Medial
CCGGACACAAGAAACT-1,-2.517745,7.228776,Marginal
CCGGACATCAATCCGA-1,3.1877592,6.823359,Oval/Medial
CCGGACATCATTCACT-1,0.7433495,2.9775596,Lateral
CCGGTGAAGTACGTCT-1,2.0296948,8.078456,Oval/Medial
CCGGTGAGTCAAGTTC-1,4.3044357,10.453498,Oval/Medial
CCGTGAGGTTCCGCTT-1,5.744064,10.049351,Oval/Medial
CCGTTCAAGATCACCT-1,3.9299679,9.123209,Oval/Medial
CCTAAGAAGTGACCTT-1,5.1539183,6.599543,Oval/Medial
CCTAAGAGTTACAGCT-1,4.667963,3.8884633,Oval/Medial
CCTATCGGTCATCACA-1,-2.3855753,0.5106568,Hbx
CCTCACAAGACTCATC-1,-4.098497,7.883584,Marginal
CCTCAGTAGGAACTAT-1,-0.84946966,6.3913035,Oval/Medial
CCTCCAACAAAGACGC-1,-0.4874926,5.8082056,Oval/Medial
CCTGCATTCGTACACA-1,-1.2224934,6.776089,Oval/Medial
CCTGTTGCACAACGTT-1,-1.0116525,0.43848956,Hbx
CCTTCAGGTCCAAATC-1,-3.618736,7.7805963,Marginal
CGAAGGAGTGACCGTC-1,4.5552373,10.405878,Oval/Medial
CGAAGTTAGTCTAACC-1,0.31649196,1.9737704,Lateral
CGAAGTTGTTATCTTC-1,0.5822728,7.3387756,Oval/Medial
CGAATTGTCCAACCAA-1,6.4015603,2.0456922,Oval/Medial
CGACAGCCACTCGATA-1,1.0419282,7.2143745,Oval/Medial
CGAGAAGCAAGTGTCT-1,0.21222162,9.000678,Oval/Medial
CGAGGAAGTATCGCTA-1,-1.8316187,4.6544337,Hbx
CGAGGAATCCTTATCA-1,-0.62511885,6.972968,Oval/Medial
CGAGGCTGTTGAATCC-1,4.588622,12.351374,Oval/Medial
CGAGTTAGTACCTAGT-1,0.015234217,2.491954,Lateral
CGAGTTAGTGACAGGT-1,-4.3000903,7.64199,Marginal
CGAGTTATCGAGTCCG-1,3.458233,7.1115427,Oval/Medial
CGATCGGAGGCGTCCT-1,2.3313327,9.357768,Oval/Medial
CGATGCGCACCTGCAG-1,6.517793,2.1604378,Oval/Medial
CGATGGCTCAGATGCT-1,5.1137567,10.915583,Oval/Medial
CGCAGGTAGGCTTCCG-1,0.18984035,7.643139,Oval/Medial
CGCATAATCATTACCT-1,-4.4678173,8.497109,Marginal
CGCATAATCCACGTGG-1,3.2836971,9.800154,Oval/Medial
CGCATGGTCCATACTT-1,2.073592,3.5411537,Lateral
CGCATGGTCCGGCAAC-1,0.096126094,6.0164824,Oval/Medial
CGCCAGATCCTACGGG-1,-4.4252763,7.2610927,Marginal
CGCCATTAGCGACTGA-1,0.6082402,4.355953,Oval/Medial
CGCGTGAAGCGTGAGT-1,-1.2639924,5.420086,Oval/Medial
CGCGTGACATTCACAG-1,-1.7565289,2.2127674,Hbx
CGGAACCCAGTTCCAA-1,1.3956898,8.311631,Oval/Medial
CGGAATTTCTTGGTCC-1,-2.976135,8.4672,Marginal
CGGACACCAAGGTACG-1,-0.588402,4.153909,Oval/Medial
CGGACACGTATGATCC-1,-4.161925,6.5347843,Marginal
CGGAGAAAGCACACCC-1,6.4807754,1.5780857,Oval/Medial
CGGCAGTAGGTTCACT-1,3.5464957,7.3547816,Oval/Medial
CGGCAGTCACGGTCTG-1,-0.14000347,4.8087497,Oval/Medial
CGGCAGTGTGGAATGC-1,3.7487526,12.880764,Oval/Medial
CGGCAGTTCCGTGTGG-1,5.2348175,7.6103578,Oval/Medial
CGGGACTAGAGCATAT-1,-1.8685569,3.6111436,Hbx
CGGGTCATCTTGCAGA-1,-3.2180214,7.790979,Marginal
CGGGTGTCAGCTGAGA-1,3.4272215,9.7718525,Oval/Medial
CGGTCAGCACGTAGAG-1,-0.22033127,6.4363594,Oval/Medial
CGTAATGCAACGATCT-1,7.0066566,1.930046,Oval/Medial
CGTAGTACAGATTTCG-1,1.481005,8.93639,Oval/Medial
CGTCAAAGTATTCCTT-1,-2.2404351,2.5236437,Hbx
CGTGAATGTTACCTGA-1,6.466066,1.727333,Oval/Medial
CGTGCTTGTCATAGTC-1,-0.7842219,5.501067,Oval/Medial
CGTTAGAGTACAGTAA-1,5.0669565,8.475975,Oval/Medial
CGTTCTGTCGCGATCG-1,5.0204654,7.980822,Oval/Medial
CGTTGGGAGCCTATCA-1,0.619232,3.0812957,Lateral
CGTTGGGGTTCAGTAC-1,4.933982,11.318215,Oval/Medial
CGTTGGGTCACTTGTT-1,0.4380308,4.71438,Oval/Medial
CGTTGGGTCCGATGCG-1,3.1459448,7.7884507,Oval/Medial
CTAACCCTCTTGATTC-1,2.9779599,2.2911723,Lateral
CTAACCCTCTTGGGCG-1,-2.3651206,6.712616,Marginal
CTACAGAAGCCGTCGT-1,-3.282835,7.326069,Marginal
CTACAGACAGGTATGG-1,6.662358,8.0929365,Oval/Medial
CTACATTCAGTGCGCT-1,-1.9962922,1.8962418,Hbx
CTACCCACAGGCGAAT-1,-1.9561718,1.5833919,Hbx
CTACCTGAGCAGATAT-1,-3.7416282,5.4410887,Marginal
CTACTATTCGATCCCT-1,3.2255251,7.3735175,Oval/Medial
CTATAGGAGGTGATCG-1,-3.725931,7.5701013,Marginal
CTATCTACAACTCGTA-1,2.6954389,11.331175,Oval/Medial
CTCAACCAGTCCCTAA-1,0.0528517,7.2908893,Oval/Medial
CTCAAGACACTACTTT-1,-1.4917425,3.4770849,Hbx
CTCAATTTCCAAACCA-1,5.4212446,8.486912,Oval/Medial
CTCAGGGGTAGGGAGG-1,-2.796236,7.196184,Marginal
CTCATCGCAAACTCGT-1,1.4505358,8.8359585,Oval/Medial
CTCATCGGTGCTATTG-1,0.9868842,6.35676,Oval/Medial
CTCATCGTCACCTGGG-1,-1.7911253,1.3165785,Hbx
CTCATTAAGATACAGT-1,-1.7582184,6.7554183,Marginal
CTCCACAAGTTGCCCG-1,-1.8227433,1.6030223,Hbx
CTCCCTCTCTCTCTAA-1,-0.8874883,1.5576104,Hbx
CTCCGATTCCGAGGCT-1,6.0185485,12.137618,Oval/Medial
CTCCTTTGTAGCGAGT-1,1.5177193,7.61826,Oval/Medial
CTCTCAGCACATATGC-1,-0.43672717,5.425906,Oval/Medial
CTCTCAGTCGTGCAGC-1,-1.0936846,2.3093584,Hbx
CTGAATGGTATCTCGA-1,3.0896306,9.796226,Oval/Medial
CTGAATGTCACCCTTG-1,1.8044417,2.7678492,Lateral
CTGAGGCAGAGGCCAT-1,-2.9946046,7.028621,Marginal
CTGATCCCAGAAGTTA-1,0.8223284,5.2563415,Oval/Medial
CTGCAGGAGGGAGGAC-1,4.069643,12.040014,Oval/Medial
CTGCAGGTCCCTGTTG-1,1.9880484,6.166298,Hbx
CTGCATCTCGTAGGGA-1,-3.642762,8.062776,Marginal
CTGCCATAGTATGGAT-1,-2.1473544,-0.18058038,Hbx
CTGCCATGTGATTGGG-1,-3.5384777,7.6276827,Marginal
CTGCCTACACCAGCTG-1,7.8164186,7.033781,Oval/Medial
CTGCGAGCAAGTAGTA-1,1.0539747,5.950559,Oval/Medial
CTGCGAGTCTTGAGCA-1,-1.8116968,2.987186,Hbx
CTGGCAGTCGAAGCCC-1,2.577731,6.719749,Oval/Medial
CTGGTCTAGAACGTGC-1,-0.45643035,6.2255464,Oval/Medial
CTGTACCAGGAGAGTA-1,-1.1653057,4.892962,Oval/Medial
CTGTACCTCGGTCGAC-1,7.194888,5.421559,Oval/Medial
CTGTCGTTCATCCTGC-1,6.376173,5.9578366,Oval/Medial
CTGTGGGAGCGTCTCG-1,-2.9153178,6.72635,Marginal
CTGTGGGTCGAGAACG-1,-2.4052155,5.9031196,Marginal
CTTCAATGTAACACCT-1,-2.9799993,5.936755,Marginal
CTTCAATGTATGCGTT-1,0.8232132,0.9422131,Lateral
CTTCAATTCGCTTGAA-1,6.9071617,9.124872,Oval/Medial
CTTCCGACAGCTGCCA-1,5.824605,12.213853,Oval/Medial
CTTCCTTCAGGTTACT-1,-2.1845326,7.5314474,Marginal
CTTCTAACATCGAAGG-1,4.5270762,6.0984697,Oval/Medial
CTTCTCTTCTTTGAGA-1,-2.232138,1.8366879,Hbx
CTTGAGAAGGGCTGAT-1,6.4348097,8.15713,Oval/Medial
CTTGAGACAATTGGTC-1,-3.6186712,5.820346,Marginal
CTTGAGAGTACGACAG-1,-2.4363658,0.37370735,Hbx
CTTGAGAGTCACTAGT-1,3.377459,6.821974,Oval/Medial
CTTGAGATCGTACACA-1,1.5453647,3.9008,Lateral
CTTTCAAAGAGGTCGT-1,-0.24902977,4.0693336,Oval/Medial
CTTTCAACAGAGCGTA-1,5.0885115,2.6153283,Oval/Medial
CTTTCGGCAACTAGAA-1,2.6627657,4.3661084,Lateral
GAAATGAGTAGGTAGC-1,3.974133,6.533023,Oval/Medial
GAACGTTGTACCGTCG-1,3.9893925,5.041181,Oval/Medial
GAACGTTTCGATGCTA-1,2.5794585,7.615842,Oval/Medial
GAACGTTTCGCAATTG-1,0.045658942,3.6901686,Oval/Medial
GAACTGTAGAGGCGGA-1,1.507892,6.751216,Oval/Medial
GAACTGTGTTAGGACG-1,4.5513406,5.2256913,Oval/Medial
GAAGAATGTCGCAGTC-1,2.8242676,4.6524587,Oval/Medial
GAAGAATTCAACGAGG-1,1.7015604,9.455521,Oval/Medial
GAAGCCCAGAACGCGT-1,1.2577034,6.3505335,Oval/Medial
GAAGCCCTCTGGTTGA-1,-1.7532997,6.932079,Marginal
GAAGCGATCCCAGTGG-1,1.4065757,7.7322555,Oval/Medial
GAAGGACCAAGTACCT-1,-2.063349,3.8975463,Hbx
GAAGGGTAGAATCGAT-1,0.08797665,2.1558323,Lateral
GAAGTAAAGATTCGCT-1,-2.2407792,-0.37941706,Hbx
GAAGTAAAGGATTACA-1,-3.3549614,5.2343445,Marginal
GAAGTAAGTGTCCTAA-1,3.4723704,9.609306,Oval/Medial
GAATAGAAGGCAGTCA-1,6.5346236,6.9301796,Oval/Medial
GAATCACGTAATGTGA-1,3.512668,10.076319,Oval/Medial
GAATCGTGTGGCAACA-1,1.3464433,7.1606097,Oval/Medial
GACAGCCCAAGTGCTT-1,-3.887326,6.059256,Marginal
GACATCATCTGACCCT-1,-1.4325067,7.047004,Oval/Medial
GACCCAGAGCGTTGTT-1,1.5412389,6.112225,Oval/Medial
GACCCAGAGTGTAGAT-1,4.021573,6.0521584,Oval/Medial
GACCCAGGTAGGACTG-1,2.9780264,4.845833,Oval/Medial
GACCTTCAGCGCCTCA-1,6.2790895,7.0157714,Oval/Medial
GACGTTACACAGTGAG-1,-2.6668222,8.287525,Marginal
GACGTTAGTCACCGCA-1,-0.79059637,4.433207,Oval/Medial
GACGTTATCGGCATAT-1,2.7278018,7.7940516,Oval/Medial
GACTATGCAACGGTAG-1,-1.5474461,5.903992,Oval/Medial
GACTATGCATATGGCT-1,3.3521953,7.226509,Oval/Medial
GACTCAAGTCAACCTA-1,-0.27926657,6.471462,Oval/Medial
GACTCTCGTTCCATTT-1,-1.2845131,2.9453633,Hbx
GACTCTCTCCATTTGT-1,5.3999443,6.8984,Oval/Medial
GACTGATTCTTCCTAA-1,1.6026098,6.1868687,Oval/Medial
GACTTCCAGCAACTTC-1,1.2262466,8.576975,Oval/Medial
GACTTCCCATGAAGGC-1,-2.5368216,8.53197,Marginal
GACTTCCTCGCTCTAC-1,-2.50631,7.744632,Marginal
GAGAAATGTGCCGTTG-1,5.8008223,9.3216305,Oval/Medial
GAGACCCCATGGAACG-1,6.459363,1.723724,Oval/Medial
GAGACTTCAACCACAT-1,-1.7071638,4.4039564,Hbx
GAGATGGGTGTAGTGG-1,4.8739414,11.175381,Oval/Medial
GAGCCTGAGTTGGACG-1,0.60421324,6.125344,Oval/Medial
GAGCCTGCATCGTCCT-1,6.3662057,8.902926,Oval/Medial
GAGGCCTGTTCTCGCT-1,-0.89605755,4.700567,Oval/Medial
GAGGCCTTCGCAGATT-1,-2.2357085,6.997417,Marginal
GAGGGTACATAGTCGT-1,3.4217057,4.3543706,Oval/Medial
GAGTGAGTCCTTCGAC-1,-1.4289958,0.37735662,Hbx
GAGTGTTTCGTCAAAC-1,-3.1446,5.7911315,Marginal
GAGTTACCACAACGCC-1,3.5157993,7.7599907,Oval/Medial
GATAGCTAGTTGGAAT-1,-1.8467245,5.075984,Hbx
GATCACATCGCAGAGA-1,1.2867271,5.818486,Oval/Medial
GATCACATCGCTGCGA-1,-2.725141,6.1286635,Marginal
GATCAGTAGCGACCCT-1,3.426395,7.623228,Oval/Medial
GATCATGAGAGCTGCA-1,2.564653,6.9023213,Oval/Medial
GATCGTAAGGGCAGAG-1,-2.9712799,7.054966,Marginal
GATCGTATCAACGAGG-1,3.8497124,4.943401,Oval/Medial
GATGACTCACGACTAT-1,0.5310495,6.9819336,Oval/Medial
GATGACTTCCACGGAC-1,-0.7768205,4.4267573,Oval/Medial
GATGAGGTCATTTCCA-1,-1.339707,7.606314,Marginal
GATGATCAGGGAGGTG-1,-3.35584,7.3126063,Marginal
GATGATCAGTGGATAT-1,-2.7088127,8.260872,Marginal
GATGGAGCATTGTACG-1,0.6861333,6.2474136,Oval/Medial
GATTCGACAATACGAA-1-1,-2.8827868,6.15064,Marginal
GATTCGACACCTGCGA-1,-2.952197,7.076391,Marginal
GATTCTTAGTTGGAAT-1,5.0367117,4.346278,Oval/Medial
GATTTCTGTGAATGAT-1,3.1143749,7.102859,Oval/Medial
GCAACATCATCAGCGC-1,-4.3160954,8.4780245,Marginal
GCACATAAGCTTCATG-1,1.3428857,5.521548,Oval/Medial
GCACGTGAGCACTAAA-1,-1.6528721,1.5806555,Hbx
GCACGTGTCCACAAGT-1,5.399289,8.770806,Oval/Medial
GCACTAAGTGTGTACT-1,1.4284575,3.9083977,Lateral
GCAGCCACAGCAGTAG-1,-1.9624392,1.7097719,Hbx
GCAGCTGGTATCACGT-1,7.2236524,9.331909,Oval/Medial
GCAGGCTCACATATGC-1,-2.7146137,2.7718015,Hbx
GCATCGGCATTGTGCA-1,-2.04793,5.6908226,Marginal
GCATCTCAGTCACTGT-1,6.2527704,5.5746846,Oval/Medial
GCATCTCCACGCGGTT-1,-0.38230655,6.833471,Oval/Medial
GCATCTCCATCGTGCG-1,4.2698274,6.5401793,Oval/Medial
GCATCTCGTGACACAG-1,-0.28499767,5.1457114,Oval/Medial
GCATGATAGTCTAGAA-1,1.2845784,1.6664115,Lateral
GCATGATGTTACACAC-1,5.505434,10.742682,Oval/Medial
GCCAACGAGTTCATGC-1,-0.7965793,6.721034,Oval/Medial
GCCAACGCAGCGTTGC-1,2.81714,11.421064,Oval/Medial
GCCAACGCATCCTGTC-1,1.87483,6.6280766,Oval/Medial
GCCAGGTAGCATACTC-1,3.7120645,6.6268826,Oval/Medial
GCCATTCAGTGCTAGG-1,-2.2373266,6.96972,Marginal
GCCATTCCAAATCGGG-1,-2.4104412,0.38660058,Hbx
GCCATTCTCTTCCGTG-1,-0.4407772,7.4330006,Oval/Medial
GCCCGAATCAGCAATC-1,-1.738389,2.8322778,Hbx
GCCGTGAGTTTCGACA-1,-0.9531598,4.4136286,Oval/Medial
GCCGTGATCGCGTCGA-1,3.3422117,7.8507776,Oval/Medial
GCGAGAACAAGCTACT-1,-2.0405626,7.3532057,Marginal
GCGATCGTCATGCCAA-1,5.5076685,11.445144,Oval/Medial
GCGGAAAGTCGTAATC-1,-4.5734,7.525256,Marginal
GCGGAAAGTCTACAAC-1,-3.7127566,7.9354763,Marginal
GCGGATCTCCATCAGA-1,0.9645831,7.4318357,Oval/Medial
GCGTGCAAGGTACAGC-1,-2.2602768,-0.34427017,Hbx
GCGTTTCCATAGCACT-1,-1.0771408,4.517549,Oval/Medial
GCTACCTGTCCAAATC-1,5.744294,12.102932,Oval/Medial
GCTGAATTCGACATTG-1,5.8071914,5.1040087,Oval/Medial
GCTTGGGGTATCTCGA-1,8.603611,7.4586034,Oval/Medial
GGAACCCCACGGATCC-1,-0.79977214,1.1784315,Hbx
GGAAGTGTCCACACAA-1,6.2246876,12.186493,Oval/Medial
GGAATGGAGCAGGCAT-1,6.9154487,3.8259783,Oval/Medial
GGAATGGGTTATCCAG-1,-0.7339839,0.31812906,Hbx
GGAATGGTCAGAACCT-1,-0.17110534,6.735826,Oval/Medial
GGACGTCGTGCTGTCG-1,-1.8225412,7.2429094,Marginal
GGAGAACGTTTCACTT-1,-4.554931,7.8712764,Marginal
GGAGCAACAATCAAGA-1,7.4597607,4.6473384,Oval/Medial
GGAGCAAGTACGTGAG-1,-1.5298645,6.9981956,Oval/Medial
GGAGCAATCCAACTAG-1,1.3266176,5.723756,Oval/Medial
GGATCTAGTTGGAGAC-1,3.3699572,5.3938317,Oval/Medial
GGATGTTAGCCAAGCA-1,2.9636455,4.885831,Oval/Medial
GGATGTTTCACTACGA-1,5.4253306,5.3230286,Oval/Medial
GGCGTCATCGCCTATC-1,-1.546748,1.634675,Hbx
GGCTTTCTCGAGAAGC-1,-1.4529562,7.030388,Oval/Medial
GGGAAGTAGAAGCTGC-1,7.6224174,6.656737,Oval/Medial
GGGAAGTTCTCTCGCA-1,4.345044,6.2208247,Oval/Medial
GGGACCTGTTGACGGA-1,-4.248012,7.3358784,Marginal
GGGAGTAGTCTACAAC-1,0.74191755,7.969648,Oval/Medial
GGGATCCCAGGCCCTA-1,-2.9811828,8.3106575,Marginal
GGGATGATCAGTCATG-1,-0.71951675,5.98931,Oval/Medial
GGGCGTTAGCTGTTAC-1,-1.3290538,1.6831853,Hbx
GGGCTCACACGCCAGT-1,-4.188364,7.275104,Marginal
GGGTAGACAGCATTGT-1,6.506036,3.913919,Oval/Medial
GGGTAGACATACAGGG-1,2.5522957,5.9123416,Oval/Medial
GGGTATTGTCATATGC-1,6.177669,11.981176,Oval/Medial
GGGTATTTCAACTGAC-1,-2.3266654,2.1960151,Hbx
GGGTATTTCGTGCTCT-1,2.3380246,7.273441,Oval/Medial
GGGTGAACATCTCCCA-1,-0.6331448,7.344389,Oval/Medial
GGGTTATAGCATGCGA-1,-0.2748767,9.087976,Oval/Medial
GGGTTATGTCATGCAT-1,4.3304586,3.475475,Oval/Medial
GGTAACTCAGGATCTT-1,1.8763062,6.437986,Oval/Medial
GGTAATCAGCGAACTG-1,-3.2570803,6.9960403,Marginal
GGTAATCAGGGTTTCT-1,1.2151301,1.4605727,Lateral
GGTAATCTCTGACCCT-1,3.2980607,8.163334,Oval/Medial
GGTCACGTCGCGTGAC-1,2.1177075,10.78833,Oval/Medial
GGTGAAGAGCTCCCTT-1,4.543363,4.530798,Oval/Medial
GGTGATTTCATGAGTC-1,0.78586507,1.9475518,Lateral
GGTGGCTAGAAACTCA-1,3.831401,6.893995,Oval/Medial
GGTGGCTAGTAGGAAG-1,-0.75552183,0.693729,Hbx
GGTGGCTCATACAGCT-1,-1.06787,5.1190243,Hbx
GGTGTCGTCTGGTCAA-1,0.96417445,5.8535023,Oval/Medial
GGTTCTCCAATAGAGT-1,-2.955685,5.9711185,Marginal
GGTTCTCGTAGTGTGG-1,1.6631522,2.6207087,Lateral
GGTTCTCGTCAAAGCG-1,0.35280755,7.1498737,Oval/Medial
GGTTGTAGTAATACCC-1,3.9422657,4.266606,Oval/Medial
GTAACACGTGGCTACC-1,-0.7936538,5.5430937,Oval/Medial
GTAACACGTTATAGAG-1,5.687407,6.142653,Oval/Medial
GTAACCACAGGGTTGA-1,-2.251213,6.6021266,Marginal
GTAAGTCTCTGTACAG-1,3.0784764,3.05626,Lateral
GTAATCGGTGAGAGGG-1,-4.361374,8.358392,Marginal
GTACAGTCACACGTGC-1,4.941577,10.828073,Oval/Medial
GTAGGTTAGGCTGGAT-1,-1.5887852,1.7855443,Hbx
GTATTTCCACCTAAAC-1,2.2251449,5.5552316,Oval/Medial
GTCAAACCATGGAGAC-1,-2.1810136,1.8358842,Hbx
GTCAAGTCAGACGATG-1,0.85902166,6.7372,Oval/Medial
GTCAAGTCAGGCCCTA-1,3.7504194,7.739723,Oval/Medial
GTCACGGAGGCGAAGG-1,5.4408245,10.323222,Oval/Medial
GTCAGCGCAATCTAGC-1,4.535962,10.274455,Oval/Medial
GTCATCCCATAGAGGC-1,6.876755,3.8597393,Oval/Medial
GTCATCCTCGCTAATG-1,-2.4750023,7.89742,Marginal
GTCATCCTCGGTTGTA-1,-1.9000746,3.4764977,Hbx
GTCCACTCAGCGAGTA-1,0.9180805,7.7626095,Oval/Medial
GTCCACTTCTCATGCC-1,-2.9523997,6.8902698,Marginal
GTCCCATAGTTCAACC-1,4.280887,7.0122395,Oval/Medial
GTCCTCACATCCCGTT-1,-1.7885,4.2342644,Hbx
GTCGCGAGTAAGACCG-1,2.027869,8.325286,Oval/Medial
GTCGTAATCATGAGGG-1,4.6330533,6.2801623,Oval/Medial
GTCGTTCAGCTGACTT-1,4.7539487,6.2813745,Oval/Medial
GTCTAGAGTTGCACGC-1,-2.0455487,3.5377693,Hbx
GTCTAGATCATTCTTG-1,0.30194545,7.2247953,Oval/Medial
GTCTCACGTGTGCTTA-1,-3.4115257,5.554935,Marginal
GTCTCACTCTCAAAGC-1,4.3205767,3.329891,Oval/Medial
GTCTCACTCTTCGTGC-1,-3.5202456,7.21347,Marginal
GTGACGCGTCCTTTGC-1,5.953404,2.401254,Oval/Medial
GTGACGCTCACAACCA-1,4.596121,9.895138,Oval/Medial
GTGACGCTCTTCGATT-1,-3.5583444,7.800279,Marginal
GTGAGGATCCTCTAGC-1,7.363661,7.1251254,Oval/Medial
GTGATGTGTTGATGTC-1,5.009803,8.701553,Oval/Medial
GTGCACGAGTTACGAA-1,3.4641967,4.1574187,Oval/Medial
GTGCACGGTGGAAATT-1,-1.6086484,4.508017,Hbx
GTGCACGTCCACAAGT-1,6.9514775,4.908733,Oval/Medial
GTGCGTGCAGGATTCT-1,-3.7253056,7.46012,Marginal
GTGCGTGCAGTCGCAC-1,-3.675687,6.483795,Marginal
GTGCTGGGTATAGGAT-1,-2.1801977,7.5067015,Marginal
GTGCTTCAGGGTCACA-1,-1.4159329,6.6714344,Oval/Medial
GTGGAAGAGTACTGTC-1,1.6414505,5.1736054,Oval/Medial
GTGGCGTCAAATGGCG-1,6.523858,8.326099,Oval/Medial
GTGGGAAAGCAGCCTC-1,-3.6740746,7.7970757,Marginal
GTGGGAAGTGGTCTTA-1,5.521189,7.260516,Oval/Medial
GTGGGAATCCCAGGAC-1,3.4079454,13.769522,Oval/Medial
GTGGTTATCTTGCGCT-1,-1.6857004,3.204116,Hbx
GTGTAACTCAGACCCG-1,4.122766,6.699374,Oval/Medial
GTGTGATAGGGTTTCT-1,-1.9757444,1.5650445,Hbx
GTGTGGCAGCGATCGA-1,8.550314,7.392631,Oval/Medial
GTGTGGCGTATGGGAC-1,0.3099232,6.654785,Oval/Medial
GTGTTCCGTTGGTGTT-1,6.8099213,3.9178383,Oval/Medial
GTTACCCCACTCTGCT-1,1.044717,7.3496027,Oval/Medial
GTTACGATCCCGAATA-1,2.6025581,6.13034,Oval/Medial
GTTAGACGTAGATTAG-1,-3.7093604,7.618238,Marginal
GTTATGGCAAGATCCT-1,1.6446126,6.4877396,Oval/Medial
GTTCCGTAGTATGGAT-1,-3.498696,6.3079853,Marginal
GTTCCGTTCAGCAATC-1,-3.0707223,5.4925256,Marginal
GTTCGCTAGCCTGAGA-1,-2.9798443,7.265081,Marginal
GTTCGCTCAATGGCCC-1,2.1824114,6.955411,Oval/Medial
GTTGCGGAGAGTGTGC-1,1.4088082,4.809973,Lateral
GTTGCGGGTCCGCAGT-1,6.8668604,1.6909752,Oval/Medial
GTTGCTCGTTCCACGG-1,6.400139,4.719535,Oval/Medial
GTTGTCCCACTCTCGT-1,5.264375,3.105298,Oval/Medial
GTTGTCCGTTGCGAAG-1,-3.4268377,5.895473,Marginal
GTTGTGATCGCCTCTA-1,-2.4777906,6.5305667,Marginal
GTTTACTAGGAACATT-1,4.523609,5.904939,Oval/Medial
GTTTACTCACCATAAC-1,-2.4585555,0.35644555,Hbx
TAACCAGAGATCACCT-1,4.979389,2.793314,Oval/Medial
TAACGACCAGCTACAT-1,2.8352418,11.81109,Oval/Medial
TAAGCACAGGTTATAG-1,-4.4563804,7.950284,Marginal
TAAGCCACACATTACG-1,6.4400716,2.5439255,Oval/Medial
TAAGCCAGTAGGTACG-1,-2.5180728,6.6257257,Marginal
TAAGCCATCTATCCAT-1,-2.5970972,5.775377,Marginal
TAAGCGTCACTTGTGA-1,3.0430536,9.72772,Oval/Medial
TAAGTCGGTTAATGAG-1,1.503738,3.7644389,Lateral
TAATTCCAGAACTGAT-1,0.98025036,6.344157,Oval/Medial
TAATTCCAGAGGTTTA-1,2.98774,6.149734,Oval/Medial
TAATTCCAGCCACAAG-1,-0.16398072,0.80966276,Lateral
TAATTCCAGGGTACAC-1,5.2019415,10.899294,Oval/Medial
TAATTCCGTAGTCGGA-1,0.8320563,7.258864,Oval/Medial
TAATTCCGTAGTCGTT-1,-3.9518883,7.9779315,Marginal
TACAACGAGCGGGTAT-1,4.8017564,2.73608,Oval/Medial
TACACCCAGTCTGCGC-1,-0.6313714,4.304107,Oval/Medial
TACAGGTCACAAGCCC-1,2.1028054,5.276395,Oval/Medial
TACAGGTGTGCGTCGT-1,1.6792611,6.625393,Oval/Medial
TACATTCCATGCCGAC-1,-1.5090392,3.952773,Hbx
TACATTCTCTCACTCG-1,-1.5509884,5.096543,Hbx
TACCCGTAGGTACCTT-1,7.085077,2.3988028,Oval/Medial
TACCGAAGTACTCGCG-1,-2.1674414,5.925706,Marginal
TACCTGCAGATGGCAC-1,2.8098438,4.977298,Oval/Medial
TACGGTACATTGTGCA-1,4.8225503,6.8935237,Oval/Medial
TACGTCCCAATTCGTG-1,-2.208588,4.324329,Hbx
TACTTCATCCACACCT-1,0.5265941,9.194541,Oval/Medial
TACTTGTGTTCTCCTG-1,5.8262696,12.375443,Oval/Medial
TACTTGTTCTGCTTAT-1,1.0914232,5.8659644,Oval/Medial
TAGACTGAGATGCCGA-1,-3.3336816,7.1343265,Marginal
TAGAGTCAGAACGTGC-1,0.7960043,6.2553043,Oval/Medial
TAGAGTCAGTGCGTCC-1,0.39673376,6.0194693,Oval/Medial
TAGAGTCCAGCCCAGT-1,6.741839,4.885698,Oval/Medial
TAGATCGAGTTAGTGA-1,-3.0528107,7.4844785,Marginal
TAGATCGCAAGGATGC-1,4.420362,7.426515,Oval/Medial
TAGATCGCATTGAGCT-1,-1.1519836,1.4466201,Hbx
TAGGAGGGTTTACGTG-1,-1.7996558,7.633315,Marginal
TAGGTACCATCGCTCT-1,2.1437469,6.6063595,Oval/Medial
TAGGTACGTTAGCGGA-1,6.553222,6.8414793,Oval/Medial
TAGTGCACAAACACCT-1,-1.7923594,3.5124695,Hbx
TAGTGCAGTTCGGCGT-1,-2.319677,7.5358057,Marginal
TAGTGCATCCATACTT-1,5.7891445,7.6804376,Oval/Medial
TATCAGGCATGTTACG-1,7.9298005,7.2078915,Oval/Medial
TATCAGGGTGGAAATT-1,5.1278567,11.320773,Oval/Medial
TATCGCCAGCACTAAA-1,1.4408928,7.5947833,Oval/Medial
TATCGCCGTCAGACTT-1,2.9192293,5.5790586,Oval/Medial
TATCGCCGTGATATAG-1,-2.5256186,2.1535518,Hbx
TATCGCCGTTCACGAT-1,5.927007,5.920733,Oval/Medial
TATCTGTGTCCACATA-1,-0.6868622,4.3059855,Oval/Medial
TATCTTGCAATGTCAC-1,-2.209581,7.263597,Marginal
TATCTTGGTCGTTGCG-1,7.2269897,5.8983874,Oval/Medial
TATCTTGTCCATCTAT-1,0.3945031,4.597585,Oval/Medial
TATGTTCCAACCGTAT-1,1.1156932,7.592112,Oval/Medial
TATTCCATCTAACGCA-1,-3.5547454,7.803218,Marginal
TATTGCTAGCTGGAGT-1,-1.4027056,4.10575,Hbx
TATTGGGGTAGGTGCA-1,-1.170034,0.8581659,Hbx
TCAAGCAAGTAACCGG-1,0.1808201,3.6488702,Oval/Medial
TCAAGCACAAGGCCTC-1,-2.6626647,-0.040257674,Hbx
TCAAGTGTCGTCTAAG-1,-3.8746786,8.161745,Marginal
TCAATCTGTTTGTTCT-1,-1.5683492,9.1596365,Marginal
TCAATTCAGTGCCTCG-1,8.66071,7.4193373,Oval/Medial
TCACAAGTCATCAGTG-1,-1.8470143,7.6658816,Marginal
TCACACCGTCGCTTAA-1,2.1771324,6.042457,Oval/Medial
TCACGCTAGTGGAAGA-1,6.890179,5.1143136,Oval/Medial
TCACGCTTCTAACGGT-1,5.4933743,11.780863,Oval/Medial
TCACTATGTAGAGATT-1,3.9830375,6.4289784,Oval/Medial
TCACTATTCCCGAATA-1,6.95938,6.266628,Oval/Medial
TCACTCGTCCATACAG-1,-4.2936125,8.574222,Marginal
TCAGGGCAGTTAACAG-1,7.658699,4.6304197,Oval/Medial
TCAGGTAAGTCATAGA-1,5.317611,4.7059116,Oval/Medial
TCAGTCCGTCTAATCG-1,4.7295456,6.4994407,Oval/Medial
TCAGTCCTCATTATCC-1,2.7782102,9.705714,Oval/Medial
TCAGTGAAGCCTCCAG-1,-0.863907,-0.01912078,Hbx
TCATACTGTATGCAAA-1,3.2292535,6.9155345,Oval/Medial
TCATATCTCTCATTAC-1,-1.2806237,3.8834682,Hbx
TCATCCGAGTCCCAGC-1,3.2790558,7.246093,Oval/Medial
TCATGAGAGATGCTGG-1,-4.0550585,7.4497075,Marginal
TCATGTTCAAATCGTC-1,-4.581034,7.984785,Marginal
TCATTACCACCTTCGT-1,0.10528667,8.111224,Oval/Medial
TCATTCAAGAGTCTTC-1,-3.4575443,6.3920836,Marginal
TCATTCACACTTCCTG-1,-1.6491055,3.8393073,Hbx
TCATTGTCATTGAGCT-1,-2.1639493,6.4204445,Marginal
TCCACCACATGACTAC-1,3.0214114,8.776991,Oval/Medial
TCCACGTTCGCAGATT-1,-2.4487748,3.5185616,Hbx
TCCAGAAAGCCAAGGT-1,-1.5903202,5.304792,Oval/Medial
TCCATCGAGATTACCC-1,0.92944384,6.067319,Oval/Medial
TCCATGCGTGCCCTTT-1,-1.2666581,6.8647747,Oval/Medial
TCCATGCTCGTTTACT-1,4.8052053,3.3103573,Oval/Medial
TCCCACAAGTGCTCAT-1,0.5405906,2.1335218,Lateral
TCCCACATCAGTGTGT-1,-0.65280765,6.871184,Oval/Medial
TCCCATGGTTCCGCAG-1,4.883266,10.311164,Oval/Medial
TCCGAAAGTACTAGCT-1,0.34829444,4.5489683,Oval/Medial
TCCGATCAGCAATTAG-1,1.1051011,2.2017171,Lateral
TCCGATCAGGGATGTC-1,6.3548956,2.2217133,Oval/Medial
TCCGGGATCACGAACT-1,2.985744,9.529566,Oval/Medial
TCCGTGTCAGGTGACA-1,3.2052228,5.504741,Oval/Medial
TCCTAATGTTTGGCTA-1,-0.16633946,5.419062,Oval/Medial
TCCTAATTCCATCACC-1,-2.1854777,5.8422523,Marginal
TCCTCCCTCATAGACC-1,4.3000255,7.1446557,Oval/Medial
TCCTCGACAGTACTAC-1,5.7180777,12.420568,Oval/Medial
TCCTCTTCATCAGCGC-1,0.15652333,3.7192538,Oval/Medial
TCCTGCACACATTGTG-1,1.4759834,6.682021,Oval/Medial
TCCTGCATCAGGAACG-1,-2.1566753,7.8485913,Marginal
TCCTTCTAGTTGGCTT-1,-1.8695375,6.5318317,Marginal
TCCTTCTGTACTTGTG-1,3.7615883,7.1592803,Oval/Medial
TCCTTTCTCAACTGGT-1,-2.135203,3.307885,Hbx
TCGAAGTTCCACATAG-1,2.7230568,8.3346405,Oval/Medial
TCGACGGAGTGAGTGC-1,5.1337934,6.8555427,Oval/Medial
TCGCAGGAGAGCTTTC-1,3.3651648,9.871336,Oval/Medial
TCGCAGGAGGAACTCG-1,-1.2169987,5.1972013,Oval/Medial
TCGCAGGCACCGTGGT-1,3.4559264,6.946949,Oval/Medial
TCGCTTGGTCATTCCC-1,8.125837,6.840449,Oval/Medial
TCGGATAAGGCTTTCA-1,7.050574,7.837327,Oval/Medial
TCGGGCAGTGTTAAAG-1,3.289256,5.977857,Oval/Medial
TCGTGCTAGAGTCTTC-1,-3.8717706,8.133372,Marginal
TCGTGCTCATGTCGTA-1,-0.24755356,6.1562004,Oval/Medial
TCGTGGGCACATTCGA-1,4.963637,6.515066,Oval/Medial
TCGTGGGCAGTAGAGC-1,6.5881796,1.689,Oval/Medial
TCTACCGAGCTCATAC-1,0.9162717,8.047801,Oval/Medial
TCTACCGTCCGTTGAA-1,6.733683,7.677973,Oval/Medial
TCTATACCAATGTCAC-1,-4.1734138,7.6813946,Marginal
TCTATACGTACACGCC-1,-2.3010364,1.9577098,Hbx
TCTATCAGTCGTCGGT-1,4.118279,7.4048247,Oval/Medial
TCTCACGAGACGCCAA-1,5.3480144,2.833516,Oval/Medial
TCTCACGAGTCAATCC-1,-0.43644437,4.590337,Oval/Medial
TCTCACGTCGAACGGA-1,-1.3346924,4.5118947,Oval/Medial
TCTCAGCCAAGTGACG-1,-4.800473,8.58592,Marginal
TCTCTGGAGCATGCGA-1,-1.7113756,3.132417,Hbx
TCTCTGGCACAATCTG-1,0.12869853,4.528278,Oval/Medial
TCTGGCTAGCTGTCCG-1,3.3363752,8.603785,Oval/Medial
TCTGGCTCAATGGCCC-1,3.836307,9.446659,Oval/Medial
TCTGGCTGTACGTAGG-1,-1.8593587,3.9020116,Hbx
TCTGGCTGTCGCACGT-1,-3.550475,7.5704975,Marginal
TCTTAGTAGTGCCGAA-1,-1.6196144,1.1107602,Hbx
TCTTAGTAGTTCACTG-1,1.0299758,2.6101663,Lateral
TCTTGCGGTCGAACGA-1,-0.8939434,4.5915437,Oval/Medial
TCTTGCGTCCGGTTCT-1,-1.8578188,3.4406426,Hbx
TGAATCGGTATGAGAT-1,-0.36467794,4.176661,Oval/Medial
TGAATCGTCCACAGCG-1,6.7639904,8.177723,Oval/Medial
TGACCCTCAACTCGAT-1,0.39079624,4.220498,Oval/Medial
TGACGCGAGACATCAA-1,0.9134363,2.7572813,Lateral
TGACGCGTCAGCTTCC-1,3.3534071,7.5792966,Oval/Medial
TGACGCGTCGGTCATA-1,5.2826686,6.448414,Oval/Medial
TGACTCCCAAAGGGTC-1,2.4007838,5.944096,Oval/Medial
TGACTCCCAACCCTAA-1,5.61986,2.49393,Oval/Medial
TGACTCCGTGGACCAA-1,-3.4325638,7.4369483,Marginal
TGAGCATGTAGGTGCA-1,5.4115024,10.900895,Oval/Medial
TGAGCATTCTCGAGTA-1,0.085336685,7.235081,Oval/Medial
TGAGCGCAGCCAAGCA-1,0.7968349,0.9726417,Lateral
TGAGGAGGTACTGCGC-1,2.5131464,1.2949034,Lateral
TGAGGGACATGACGGA-1,0.2050587,5.3451514,Oval/Medial
TGAGTCATCTTGCGCT-1,-1.2204922,7.673863,Oval/Medial
TGATCAGGTCCGGATC-1,-0.19933376,5.357997,Oval/Medial
TGATGGTGTCCATCTC-1,-0.916984,6.6618214,Oval/Medial
TGATGGTTCGATACTG-1,7.2989426,6.31152,Oval/Medial
TGCACGGGTGCTATTG-1,-1.0224757,6.6946583,Oval/Medial
TGCAGATCACCTCTAC-1,5.7623806,10.821844,Oval/Medial
TGCAGGCTCATTGAGC-1,5.2024417,3.2026532,Oval/Medial
TGCATGACACTGTGTA-1,0.17864625,1.8984164,Lateral
TGCGACGAGATCGCCC-1,-4.137507,7.7347965,Marginal
TGCGATAAGGGTCACA-1,4.149217,6.3874674,Oval/Medial
TGCGGGTGTGACATCT-1,4.1931343,12.149233,Oval/Medial
TGCTCCAAGGGCTTCC-1,6.741015,1.6981074,Oval/Medial
TGCTGAACAGGTCCGT-1,6.1788826,8.696292,Oval/Medial
TGCTGAATCTTACGGA-1,5.9726634,2.342793,Oval/Medial
TGCTTGCTCGAAGCCC-1,5.7748055,6.857439,Oval/Medial
TGCTTGCTCTCGACGG-1,6.515311,8.688897,Oval/Medial
TGGAACTAGATGCGAC-1,-3.3717217,5.298359,Marginal
TGGAGGAAGTTGCGCC-1,-1.0975342,6.4264693,Oval/Medial
TGGATCATCCTCATAT-1,-0.23235688,4.3234706,Oval/Medial
TGGGATTTCGTTGTGA-1,-0.17895927,6.5871887,Oval/Medial
TGGGCGTAGCTTGTGT-1,-0.1739682,7.3328514,Oval/Medial
TGGGCGTGTCGAACGA-1,-4.665093,8.723904,Marginal
TGGGTTAAGTAACCTC-1,6.36775,6.6434855,Oval/Medial
TGGGTTATCCTAGCCT-1,0.23504724,1.1665343,Lateral
TGGTACATCGCAGATT-1,-2.6373127,6.5168333,Marginal
TGGTTAGAGATAGTGT-1,-3.3897233,7.5299115,Marginal
TGTAACGTCGCAGATT-1,-0.5821422,7.346519,Oval/Medial
TGTAGACTCTCTTCAA-1,2.3685627,10.081472,Oval/Medial
TGTCAGAGTCGCCACA-1,-1.1480178,6.9180865,Oval/Medial
TGTCCTGCAGCTATTG-1,4.1504183,7.965832,Oval/Medial
TGTCCTGTCGGCTGGT-1,4.922705,7.1377816,Oval/Medial
TGTGGCGAGATTCGAA-1,0.36251655,6.7140684,Oval/Medial
TGTGGCGGTGAATAAC-1,1.6130515,3.7005424,Lateral
TGTGTGAGTCGACTTA-1,5.9115076,8.59357,Oval/Medial
TGTGTGATCTGTAACG-1,2.070348,6.8000164,Oval/Medial
TGTTACTCATATACCG-1,-2.7345967,6.9015484,Marginal
TGTTGGATCGCGTAGC-1,5.3063135,9.950167,Oval/Medial
TTACAGGGTAAGAACT-1,1.1612527,4.965212,Oval/Medial
TTACCATCACAAGTGG-1,5.9464884,7.0182185,Oval/Medial
TTACCATGTCTCGGGT-1,1.7256118,5.415485,Oval/Medial
TTACCGCTCCGCTGTT-1,-1.8457279,3.4558885,Hbx
TTACGTTTCGCTGATA-1,4.608582,12.211066,Oval/Medial
TTACGTTTCTTCGGTC-1,-3.624826,5.205823,Marginal
TTAGGCAGTAGCGCTC-1,-1.2676166,6.9579945,Oval/Medial
TTAGGCATCCTAGCGG-1,-2.0470214,2.7567122,Hbx
TTATTGCGTACAGTTC-1,4.2133765,10.52725,Oval/Medial
TTATTGCGTATTCCTT-1,-0.28834832,4.4716363,Oval/Medial
TTCACGCCAGGGCTTC-1,3.9359145,7.432677,Oval/Medial
TTCATGTCATGTTCAG-1,4.3269033,6.3505883,Oval/Medial
TTCATGTTCTGCGTCT-1,0.5377485,7.612382,Oval/Medial
TTCATTGGTATTGAGA-1,7.1024423,6.513778,Oval/Medial
TTCCAATAGCTCCCTT-1,6.38677,5.5344768,Oval/Medial
TTCCAATAGTAATACG-1,-0.48839355,6.12265,Oval/Medial
TTCCTTCAGTCCCAGC-1,3.3454947,8.467374,Oval/Medial
TTCGATTGTAGACAGC-1,5.363794,6.5448284,Oval/Medial
TTCGCTGAGAAGGATG-1,3.5951333,6.2016954,Oval/Medial
TTCGCTGGTAGTACGG-1,-2.0455956,4.3889947,Hbx
TTCTAACAGCTAGCCC-1,3.4254375,7.763053,Oval/Medial
TTCTAGTGTCTAGTGT-1,-3.0146127,7.4952917,Marginal
TTCTCTCAGCAATTAG-1,5.2121296,6.6857853,Oval/Medial
TTCTGTAGTACTAAGA-1,-2.5184274,6.530441,Marginal
TTCTGTAGTGAATGTA-1,7.0057034,7.379271,Oval/Medial
TTCTGTAGTTAAGGGC-1,7.5259514,4.5234933,Oval/Medial
TTCTTGAAGGCATCAG-1,-1.8270681,3.473247,Hbx
TTCTTGAGTTCCAGGC-1,5.5969257,12.260483,Oval/Medial
TTGAACGGTAGATCGG-1,-4.3055634,7.632833,Marginal
TTGACCCAGCCAAGCA-1,5.739484,7.177915,Oval/Medial
TTGAGTGAGCCTGTCG-1,5.116382,10.088716,Oval/Medial
TTGAGTGCAATGCTCA-1,-2.7167337,5.934022,Marginal
TTGCATTCAGCAAGAC-1,2.013295,9.8227215,Oval/Medial
TTGCCTGTCCTAAACG-1,-1.5951182,4.499952,Hbx
TTGCTGCAGTTGTAGA-1,-1.7246717,6.641764,Oval/Medial
TTGGATGCAACGGCTC-1,-0.15982172,1.9720076,Lateral
TTGGATGTCGTCCTCA-1,0.1461609,7.157335,Oval/Medial
TTGGGATGTCCTTTGC-1,0.42379642,2.4674785,Lateral
TTGGGTACAATCTAGC-1,1.0050961,2.6166797,Lateral
TTGGGTACAGATGCGA-1,1.1922073,4.273595,Lateral
TTGGTTTCAGGGAATC-1,2.0573583,5.299657,Oval/Medial
TTGTGGAAGAGGTCGT-1,-2.1628158,2.9338238,Hbx
TTGTGGAAGGCTCAAG-1,3.6678362,3.8147833,Oval/Medial
TTGTGGACAGGCTATT-1,2.551786,7.337204,Oval/Medial
TTGTGTTTCACGGGAA-1,-1.698994,5.2115726,Oval/Medial
TTGTGTTTCATTGCTT-1,-1.7555089,4.8478928,Hbx
TTGTTCATCTCACCCA-1,3.2704434,6.0917087,Oval/Medial
TTTACCAGTGTCTTCC-1,-1.7343082,6.558107,Marginal
TTTACCATCCTGCCAT-1,-1.6279246,6.8881125,Marginal
TTTACTGAGGGTGAGG-1,-1.527131,2.2849913,Hbx
TTTACTGCACAGTCGC-1,3.0160608,2.475717,Lateral
TTTACTGGTGGCTAGA-1,6.4910874,7.7302823,Oval/Medial
TTTAGTCTCGCGCTGA-1,-3.9638174,6.7261605,Marginal
TTTCACATCGCAAGAG-1,5.8252954,12.212244,Oval/Medial
TTTCCTCGTGATACTC-1,3.8985105,7.6467347,Oval/Medial
TTTCCTCTCTGGGAGA-1,-0.8286137,5.8877096,Oval/Medial
TTTCGATCAATTCTTC-1,2.1652746,8.665748,Oval/Medial
TTTCGATGTGTTAGCT-1,0.67296124,7.1653914,Oval/Medial
TTTCGATTCGAAGCAG-1,0.3657753,7.318537,Oval/Medial
TTTGATCAGTCTAACC-1,7.3296676,5.012571,Oval/Medial
AAACCCAAGTGATAAC-1,5.5229754,7.0370393,Oval/Medial
AAACGAACATAGACTC-1,4.3691854,3.4485703,Oval/Medial
AAACGCTAGGCGACAT-1,4.695001,12.601807,Oval/Medial
AAAGAACAGGATTTAG-1,-0.8143981,7.23187,Oval/Medial
AAAGGTATCTAATTCC-1,-2.428498,7.115269,Marginal
AAAGTCCTCCTCACTG-1,3.513671,10.468904,Oval/Medial
AAAGTGACAGATTCGT-1,6.4621196,11.369284,Oval/Medial
AAAGTGAGTCAGCTTA-1,-0.117490225,3.7761717,Oval/Medial
AAATGGACAAGATGTA-1,4.592756,11.526763,Oval/Medial
AAATGGATCGACGTCG-1,1.3194194,1.8321995,Lateral
AAATGGATCTCCCAAC-1,1.2740909,6.6791553,Oval/Medial
AAATGGATCTGGTTGA-1,1.0322447,8.042916,Oval/Medial
AACAACCAGTAGTCCT-1,7.666238,7.1648364,Oval/Medial
AACAACCCACGCCAGT-1,0.3333799,6.5486526,Oval/Medial
AACACACCAAGCTGTT-1,2.8806088,6.831587,Oval/Medial
AACACACCACATAGCT-1,-3.229877,5.8939724,Marginal
AACACACTCCCATGGG-1,2.6385958,6.552653,Oval/Medial
AACAGGGCAGAGGACT-1,7.347159,4.69673,Oval/Medial
AACAGGGGTATTCCGA-1,-0.13110013,4.3904305,Oval/Medial
AACCAACGTGAGTGAC-1,-2.2606008,2.5017922,Hbx
AACCACAAGGGCAGTT-1,-1.7782673,-0.13951226,Hbx
AACCATGAGCTCGTGC-1,6.722349,7.332633,Oval/Medial
AACCTGAAGGGTTAGC-1,-1.2851998,4.8978434,Marginal
AACCTGATCAGCCTTC-1,1.9654813,6.148172,Oval/Medial
AACCTTTTCACACGAT-1,0.5057483,6.287653,Oval/Medial
AACGGGAAGCAGGTCA-1,5.825239,5.928887,Oval/Medial
AACGGGAAGTCGAGGT-1,4.343084,3.539573,Oval/Medial
AACTTCTTCGAAATCC-1,5.3765707,8.71012,Oval/Medial
AAGAACATCGGACAAG-1,-0.44707277,3.964217,Oval/Medial
AAGCCATGTCCGTTTC-1,-1.4576415,5.2764487,Oval/Medial
AAGCGTTAGGCACAAC-1,2.2705543,7.308024,Oval/Medial
AAGCGTTCAAAGTATG-1,-2.3743966,0.9746324,Hbx
AAGCGTTGTCCATAGT-1,4.330268,6.509251,Oval/Medial
AAGGTAACAACTCGTA-1,3.0151396,13.45807,Oval/Medial
AATCACGCAGCAGTAG-1,-2.103087,3.349161,Hbx
AATCGTGGTTGTGCCG-1,1.2686228,7.3621726,Oval/Medial
AATGAAGAGGTCACTT-1,6.4233994,4.8315196,Oval/Medial
AATGAAGCATCACGGC-1,3.7473793,11.515262,Oval/Medial
AATGAAGGTTTACACG-1,1.1150761,2.9188585,Lateral
AATGAAGTCTCAGAAC-1,-1.6873231,1.0730681,Hbx
AATGGAAGTGCCCACA-1,3.9494228,7.5174737,Oval/Medial
AATGGCTCATTCTGTT-1,1.2559588,2.0509596,Lateral
AATTCCTAGAATTGTG-1,4.646407,7.3739243,Oval/Medial
AATTCCTTCCCATTCG-1,-0.48945698,4.275589,Oval/Medial
AATTTCCTCATTATCC-1,3.2920225,6.1769667,Oval/Medial
ACAAAGAAGCTTTCTT-1,3.0086532,6.76552,Oval/Medial
ACAAAGAAGTCTGGAG-1,0.44776052,5.3638015,Oval/Medial
ACAAAGAGTTGTCTAG-1,7.380665,3.6671994,Oval/Medial
ACAAGCTCACAGTACT-1,4.1783676,6.536797,Oval/Medial
ACACCAAAGGCGCTTC-1,1.6716626,1.3605572,Lateral
ACAGAAAAGGGAGTTC-1,-1.6030551,3.3482943,Hbx
ACAGAAAAGGTACAGC-1,-1.6354532,7.062203,Oval/Medial
ACAGAAACATGGGTTT-1,1.4331305,6.941981,Oval/Medial
ACAGAAACATGTGACT-1,-3.0932136,5.736075,Marginal
ACAGGGAGTATTTCTC-1,5.485786,8.596034,Oval/Medial
ACAGGGATCAGGCGAA-1,-0.015874263,6.607825,Oval/Medial
ACATGCATCCATCACC-1-1,-0.71603525,5.3947325,Oval/Medial
ACATTTCAGCGTTCAT-1,-2.7903118,6.946794,Marginal
ACATTTCAGGGCGAAG-1,7.0736265,8.21143,Oval/Medial
ACATTTCCAGCTCTGG-1,1.0092659,2.6585221,Lateral
ACCAACACAAATACGA-1,7.232528,7.1259456,Oval/Medial
ACCATTTCATGCACTA-1,-3.2968986,5.8574805,Marginal
ACCCAAACATACACCA-1,4.7887697,5.976188,Oval/Medial
ACCCTCACAAGACAAT-1,2.1273882,7.822072,Oval/Medial
ACCCTCACACAGCCTG-1,3.7818613,5.766593,Oval/Medial
ACCCTTGCAATCACGT-1,1.7450887,8.395179,Oval/Medial
ACCCTTGGTAACATGA-1,-0.23162985,2.3450615,Lateral
ACCCTTGGTCCGGCAT-1,-1.9016225,-0.36324582,Hbx
ACCGTTCGTCGTGCCA-1,4.2568297,3.2979972,Oval/Medial
ACCTGAACATACCACA-1,-3.1835017,6.698666,Marginal
ACCTGAAGTACGAGTG-1,2.2895586,5.502671,Oval/Medial
ACCTGAAGTGATTCTG-1,1.3872939,1.4617424,Lateral
ACGATCAGTCTTCTAT-1,-3.2891796,5.6958094,Marginal
ACGCACGAGCATTTCG-1,-0.55455273,5.929528,Oval/Medial
ACGGTCGCACAGTCAT-1,2.5657988,5.705842,Oval/Medial
ACGGTTAAGTATTCCG-1,5.8870835,7.875865,Oval/Medial
ACGGTTATCTATGTGG-1,7.3956623,4.666228,Oval/Medial
ACGGTTATCTCTCGCA-1,0.49156123,9.209665,Oval/Medial
ACGTAACTCCGTGGCA-1,-0.81932807,7.1400566,Oval/Medial
ACGTAGTAGGTAGCCA-1,1.6406728,8.304502,Oval/Medial
ACGTAGTCAATGGGTG-1,5.0707436,4.724159,Oval/Medial
ACGTAGTTCCCGAGAC-1,-2.4775157,1.7918338,Hbx
ACGTAGTTCTGGGTCG-1,0.9204732,1.0626084,Lateral
ACGTCCTAGTAGCCAG-1,2.9553587,7.3935723,Oval/Medial
ACTACGAGTACGCGTC-1,7.364288,4.724964,Oval/Medial
ACTATGGCATGACGAG-1,-3.5485888,6.0900726,Marginal
ACTATGGGTATTTCGG-1,1.9741768,7.744942,Oval/Medial
ACTCCCAAGTCGCGAA-1,5.2878966,11.594809,Oval/Medial
ACTCCCACAGACGCTC-1,-0.9134265,0.5849717,Hbx
ACTCCCAGTACCCAGC-1,-0.033113662,5.492518,Oval/Medial
ACTGCAACACTATCGA-1,-3.3625154,8.146954,Marginal
ACTGCAAGTATAGCTC-1,0.70619726,4.032723,Lateral
ACTGCAAGTCAGACTT-1,7.2448983,7.1054473,Oval/Medial
ACTGTCCAGAGCAAGA-1,4.9846873,7.765834,Oval/Medial
ACTGTGACACCTCAGG-1,2.8096695,11.933296,Oval/Medial
ACTTCCGAGAGCGACT-1,3.3290703,7.4870586,Oval/Medial
ACTTCGCAGCAACAGC-1,5.8972483,7.861337,Oval/Medial
ACTTTGTAGAGAGAAC-1,-1.6900052,2.168613,Hbx
ACTTTGTGTCGAGTGA-1,-0.68534523,4.3859086,Oval/Medial
AGAAATGCATAGCTGT-1,5.3209333,5.804085,Oval/Medial
AGAAATGGTCCTCCTA-1,2.1064796,5.880535,Oval/Medial
AGAAATGTCCTACTGC-1,1.3010665,6.3518023,Oval/Medial
AGAAGCGGTGGGACAT-1,6.1658916,7.141288,Oval/Medial
AGAAGTAGTAACGCGA-1,-3.2252502,7.260031,Marginal
AGACAAAGTGGTACAG-1,0.35261738,1.0181681,Lateral
AGACACTCAAGACGGT-1,-0.53560734,3.141726,Lateral
AGACAGGAGGATCACG-1,1.7915727,5.3408127,Oval/Medial
AGACCATAGCGTGCTC-1,-3.2114668,5.7893395,Marginal
AGACCATAGGACAGCT-1,1.0734577,7.8016872,Oval/Medial
AGACCATAGTTGCGAG-1,7.352641,6.6835256,Oval/Medial
AGACCCGGTTCGTACA-1,-3.0211864,6.848228,Marginal
AGACTCAAGACAGCGT-1,-2.9401035,5.1491675,Marginal
AGACTCAGTAGGACCA-1,-1.7673823,4.1790323,Hbx
AGACTCAGTCCCTAAA-1,-0.59756786,4.965044,Oval/Medial
AGACTCAGTCTTGCTC-1,1.9999729,5.789515,Oval/Medial
AGACTCATCCGAGTGC-1,1.8479074,2.568709,Lateral
AGAGAATCATCGTTCC-1,4.8018,6.867616,Oval/Medial
AGAGCCCAGGGAGGAC-1,3.2714176,6.570961,Oval/Medial
AGAGCCCCAAATGCTC-1,3.4323127,10.535301,Oval/Medial
AGAGCCCGTAGATCGG-1,-0.7826597,0.2981534,Hbx
AGATAGAAGCAACTCT-1,3.5287607,10.764268,Oval/Medial
AGATAGAAGTCGAAGC-1,-0.9093637,0.7035378,Lateral
AGATCCACACACCGAC-1,-4.0373106,7.5122447,Marginal
AGCATCAAGCAAGGAA-1,5.5517745,10.622006,Oval/Medial
AGCATCACAAGTTTGC-1,6.0286713,7.063596,Oval/Medial
AGCATCAGTTGGGTAG-1,-0.7918285,6.4748936,Oval/Medial
AGCCAGCTCCGATCTC-1,-0.38597202,2.9290493,Lateral
AGCGCCAAGTCTTCGA-1,0.091070615,8.90412,Oval/Medial
AGCGCTGTCGTCGATA-1,6.3141446,1.8258208,Oval/Medial
AGCGTATCAAGTGTCT-1,1.0909624,6.6423283,Oval/Medial
AGCTACATCTGCTTAT-1,1.9203055,6.6552052,Oval/Medial
AGGAAATTCGGTCGAC-1,6.4076524,1.955464,Oval/Medial
AGGACGACAACGGCTC-1,4.033817,10.095104,Oval/Medial
AGGAGGTGTAAGAACT-1,-1.9121104,6.8204865,Marginal
AGGATAAAGGGCTGAT-1,7.7364283,7.22018,Oval/Medial
AGGATCTGTGTCTCCT-1,-2.1698482,3.0989227,Hbx
AGGATCTTCAGACTGT-1,-0.04293656,4.2312,Oval/Medial
AGGCATTAGAGGTATT-1,3.3474014,6.2540336,Oval/Medial
AGGCTGCAGCCTGCCA-1,4.716973,8.171307,Oval/Medial
AGGCTGCTCCATCTCG-1,0.3633748,2.1570752,Lateral
AGGCTGCTCTCCAAGA-1,4.4614735,10.241402,Oval/Medial
AGGGAGTAGATCCCAT-1,1.9245605,9.052996,Oval/Medial
AGGGAGTCAGTCAGAG-1,2.0505981,4.73952,Lateral
AGGGAGTTCCTTTAGT-1,1.156126,2.4039485,Lateral
AGGGCCTAGCCTCTTC-1,0.1629466,2.1491945,Lateral
AGGGCTCAGAATTTGG-1,1.2371483,6.6201344,Oval/Medial
AGGGTGAAGAGGACTC-1,-1.3662754,5.801779,Oval/Medial
AGGGTGATCCATCAGA-1,0.46745822,7.30546,Oval/Medial
AGGGTTTGTCGAGCAA-1,7.669363,5.8299403,Oval/Medial
AGGTCATGTTACGGAG-1,6.482925,8.024125,Oval/Medial
AGGTCTACACTCCTGT-1,0.1952556,6.7334757,Oval/Medial
AGGTCTAGTGAGGAAA-1,7.2389784,9.191762,Oval/Medial
AGGTGTTTCGGCTTCT-1,-2.7798028,5.5837092,Marginal
AGGTTACCATAACTCG-1-1,2.261936,7.645302,Oval/Medial
AGGTTACTCTGCCTCA-1,0.40783235,7.090175,Oval/Medial
AGGTTGTCACCCTGAG-1,5.1749015,6.1168447,Oval/Medial
AGGTTGTGTCCGGCAT-1,1.7016073,9.53291,Oval/Medial
AGTAACCTCTGGCCAG-1,-2.8607848,7.213237,Marginal
AGTACCATCGGTTGTA-1,0.30668113,6.276944,Oval/Medial
AGTACTGTCAGAGCAG-1,4.473482,6.952561,Oval/Medial
AGTCAACAGAATCCCT-1,0.9771004,1.9555305,Lateral
AGTGCCGTCAATCCAG-1,0.4778853,3.193267,Lateral
AGTTCCCAGCAATAAC-1,2.9702885,6.833038,Oval/Medial
AGTTCGAGTAAGTAGT-1,1.327559,1.9015143,Lateral
AGTTCGAGTCCAGCAC-1,-3.9593143,6.1712165,Marginal
ATACCGACAGTAGTTC-1,-1.8115644,1.565881,Hbx
ATACCGATCACTTTGT-1,2.3215904,2.3434055,Lateral
ATACCTTCAGCGGTTC-1,1.993063,7.7672796,Oval/Medial
ATACTTCCACTCTAGA-1,6.845673,4.895125,Oval/Medial
ATAGACCGTTCTCTCG-1,-3.160951,5.607336,Marginal
ATAGAGATCGTGGGTC-1,1.4817201,7.3809204,Oval/Medial
ATAGGCTAGTGAGGTC-1,1.6334382,6.2544556,Oval/Medial
ATAGGCTCAGTGTGCC-1,1.2085516,7.3759074,Oval/Medial
ATAGGCTTCGCAATGT-1,3.0396426,3.287154,Lateral
ATCACAGCAAGACCGA-1,1.2078639,3.1234832,Lateral
ATCATTCAGTAAGCAT-1,3.1129858,6.7400165,Oval/Medial
ATCATTCGTAGTCCTA-1,-0.6834072,0.5197701,Hbx
ATCATTCTCTAACGGT-1,5.867907,6.390437,Oval/Medial
ATCCACCGTCAGATTC-1,3.9431465,6.676166,Oval/Medial
ATCCCTGAGCGTGAGT-1,7.587179,4.540553,Oval/Medial
ATCCCTGAGGATTTAG-1,3.1632676,6.5588183,Oval/Medial
ATCCCTGGTTGCCGAC-1,2.3131974,1.4253272,Lateral
ATCCGTCTCCCTCAAC-1,5.338738,6.023345,Oval/Medial
ATCCTATAGAACAGGA-1,-0.3031758,2.473888,Lateral
ATCCTATTCCATACAG-1,3.683931,9.895097,Oval/Medial
ATCGCCTGTATCACGT-1,-1.1555659,4.6458397,Oval/Medial
ATCGCCTTCATTCATC-1,5.510954,6.051498,Oval/Medial
ATCGGATCATAATCCG-1,3.6447525,6.4800696,Oval/Medial
ATCGGATGTGCGGTAA-1,6.4556203,7.999381,Oval/Medial
ATCGTCCCACAGGATG-1,2.2755244,5.41951,Oval/Medial
ATCGTCCCATCTAACG-1,6.738294,4.818067,Oval/Medial
ATCGTGAGTTGCCATA-1,3.647427,11.756572,Oval/Medial
ATCGTGATCGGAGTAG-1,-0.5252573,7.8410873,Oval/Medial
ATCTCTAAGCTGAAAT-1,-0.08819243,4.2928963,Oval/Medial
ATCTCTAAGGTTATAG-1,-3.0515544,6.3292174,Marginal
ATCTTCAAGCGTTGTT-1,2.6559381,6.7728696,Oval/Medial
ATCTTCATCGCTAATG-1,8.362312,6.671182,Oval/Medial
ATGAAAGAGGTTGGTG-1,2.741049,6.936149,Oval/Medial
ATGAAAGCAGGGATAC-1,1.4317783,8.554485,Oval/Medial
ATGACCATCGGTGCAC-1,7.3874993,5.9983125,Oval/Medial
ATGAGGGAGTGCGACA-1,7.1433945,6.0821133,Oval/Medial
ATGAGGGCATCCGGTG-1,3.3414865,6.5090914,Oval/Medial
ATGAGTCCACTACCCT-1,0.42994672,9.381162,Oval/Medial
ATGATCGCAAGCTGTT-1,6.934482,8.261188,Oval/Medial
ATGCCTCTCCCATTCG-1,1.9363567,4.375023,Lateral
ATGGAGGTCCTTTGAT-1,1.0564204,2.3462687,Lateral
ATGGAGGTCGAATGCT-1,6.670737,1.7472327,Oval/Medial
ATGGATCCACGGTAGA-1,3.7035086,13.402691,Oval/Medial
ATGGGAGCAACACAGG-1,0.067547694,4.3368034,Oval/Medial
ATGGGTTTCACGACTA-1,3.0018382,3.0234115,Lateral
ATGGTTGAGACCTTTG-1,-0.45699075,4.403084,Oval/Medial
ATGGTTGCAATACGAA-1,3.3500102,7.8816047,Oval/Medial
ATGTCCCGTTTAGTCG-1,3.2143219,6.0149655,Oval/Medial
ATGTCCCTCACAGTGT-1,2.5629282,2.8630319,Lateral
ATTACCTGTCCAAGAG-1,1.3343755,1.3595656,Lateral
ATTATCCCAGTTAGAA-1,3.727224,6.473491,Oval/Medial
ATTCACTGTGGTCTAT-1,3.8048134,6.85712,Oval/Medial
ATTCAGGCATGGACAG-1,6.0862947,2.0674953,Oval/Medial
ATTCAGGGTTGGAGGT-1,4.2347813,13.209409,Oval/Medial
ATTCATCCAGTACTAC-1,3.4469948,6.4058948,Oval/Medial
ATTCCCGTCATGCAGT-1,-3.1061978,8.377444,Marginal
ATTCCTAAGTAACAGT-1,-0.77985764,7.760981,Oval/Medial
ATTCCTAGTATTCCTT-1,2.792492,5.191294,Oval/Medial
ATTCTTGCAATAGTGA-1,7.4635177,4.6865416,Oval/Medial
ATTGGGTCAAATCGTC-1,-3.657478,7.9921484,Marginal
ATTGTTCTCCATTTGT-1,5.1500616,12.79742,Oval/Medial
ATTTCTGGTCTGCGCA-1,2.1763413,3.6856306,Lateral
CAAAGAAAGTATAGGT-1,0.39915326,5.009172,Oval/Medial
CAAAGAAGTAGCGAGT-1,5.020897,11.553902,Oval/Medial
CAAAGAAGTATTGAGA-1,7.0716925,9.190579,Oval/Medial
CAACAACAGGAGGTTC-1,0.7434193,3.4636214,Lateral
CAACAACAGGGCAAGG-1,0.31929296,6.430237,Oval/Medial
CAACAACTCTTGCGCT-1,0.7832802,6.3592286,Oval/Medial
CAACAGTAGTGGATAT-1,3.4567041,5.54395,Oval/Medial
CAACAGTGTTTCACAG-1,6.5968065,9.069984,Oval/Medial
CAACCTCCAACCCGCA-1,-2.8047671,6.726748,Marginal
CAACGGCAGGGTAATT-1,4.593253,7.86012,Oval/Medial
CAACGGCGTAATTAGG-1,-1.9599164,6.491893,Oval/Medial
CAAGAGGTCGACGCTG-1,-4.608818,7.9224067,Marginal
CAAGCTACAGTGAGCA-1,-0.8460175,1.1619333,Hbx
CAAGGGAAGCCAGTAG-1,0.8237905,8.2948,Oval/Medial
CAAGGGAAGCGGTATG-1,0.51924044,5.6813664,Oval/Medial
CAAGGGAAGTTAACAG-1,2.1695755,2.5332806,Lateral
CAATCGATCATGTCTT-1,6.4217505,2.0637112,Oval/Medial
CAATCGATCTCTTGCG-1,-1.1609651,0.078332305,Hbx
CAATGACAGGAACATT-1,4.483393,7.723868,Oval/Medial
CAATGACTCGAGTCTA-1,2.0072773,6.6432157,Oval/Medial
CAATTTCAGAGTTGAT-1,-0.4783343,6.469385,Oval/Medial
CAATTTCCATAATCGC-1,0.5927094,6.9971333,Oval/Medial
CACAACAGTAGAGACC-1,6.993656,8.110621,Oval/Medial
CACAACATCCGATAAC-1,-1.6360509,8.36615,Marginal
CACACAACACCATTCC-1,-0.022306336,7.99418,Oval/Medial
CACATGAGTTTCGTAG-1,1.8447752,5.452697,Oval/Medial
CACCAAACACCCATAA-1,0.25416216,7.6386585,Oval/Medial
CACCAAATCCAGTACA-1,-1.7896684,1.6291431,Hbx
CACCGTTAGCACTAAA-1,-0.7463062,4.2028065,Lateral
CACGAATGTGCTCCGA-1,-3.0158563,5.690293,Marginal
CACGGGTTCTATACGG-1,3.6846788,4.029929,Oval/Medial
CACGTGGAGACATACA-1,5.3505945,6.9314013,Oval/Medial
CACGTGGGTTCATCTT-1,4.9242854,3.4667404,Oval/Medial
CACGTTCCAAACACGG-1,-0.3210177,7.2476654,Oval/Medial
CACGTTCGTCAACCAT-1,4.7726035,7.0484376,Oval/Medial
CACTAAGGTCGGAAAC-1,4.478235,7.1918087,Oval/Medial
CACTGTCAGGCCTAGA-1,0.5480907,6.490167,Oval/Medial
CAGATTGAGCGCCGTT-1,-2.2102244,3.1452956,Hbx
CAGATTGGTCGTTATG-1,6.2250433,5.993504,Oval/Medial
CAGCAATTCGTCTCAC-1,4.090679,5.6477113,Oval/Medial
CAGCAGCCAAGAATAC-1,-2.029197,4.635231,Hbx
CAGCCAGAGTAGCTCT-1,0.2421015,4.21477,Oval/Medial
CAGCGTGCAAATAAGC-1,-1.3433821,6.201273,Oval/Medial
CAGCGTGGTATCGTGT-1,-0.5204649,6.224547,Oval/Medial
CAGGCCAGTAATGTGA-1,1.9861349,2.0092416,Lateral
CAGGCCAGTCACTGAT-1,-2.2741144,3.9460216,Hbx
CAGGGCTAGCAACAGC-1,0.52779216,6.1793857,Oval/Medial
CAGGGCTTCACCATCC-1,-4.5641937,7.9041705,Marginal
CAGGTATCAGCTACCG-1,-1.9825705,5.502653,Marginal
CAGTGCGCAAACTAAG-1,-0.09430651,2.0289245,Lateral
CAGTTCCTCGCAATGT-1,1.2780068,2.558341,Lateral
CATACCCAGCGAGTAC-1,0.26929244,6.3589764,Oval/Medial
CATACCCCAGTGTATC-1,4.940669,7.8597364,Oval/Medial
CATACCCGTCATAAAG-1,-1.4339889,3.7959373,Hbx
CATACTTAGTGTTGAA-1,0.9173806,8.423725,Oval/Medial
CATAGACCAGCGAGTA-1,2.1187508,6.8505206,Oval/Medial
CATAGACTCCTTTAGT-1,4.195918,5.715258,Oval/Medial
CATAGACTCGTAGCTA-1,-0.570809,4.2145195,Oval/Medial
CATCAAGCACTGCTTC-1,-1.4087788,1.2012365,Hbx
CATCCCACATCCGAAT-1,-0.47964934,4.7134614,Oval/Medial
CATCCGTAGAGTACCG-1,3.6714716,11.26702,Oval/Medial
CATCCGTCAAACCATC-1,2.9766443,13.074293,Oval/Medial
CATCGCTGTTGCGGCT-1,0.91498804,2.4184895,Lateral
CATCGTCGTTGATCGT-1,6.3737273,1.827004,Oval/Medial
CATGCGGGTGACCGAA-1,-0.05382006,6.6211176,Oval/Medial
CATGCGGTCTCGACGG-1,6.8979063,6.248034,Oval/Medial
CATGCTCAGCGAGAAA-1,-3.3241284,5.106027,Marginal
CATGGATTCCGCCTAT-1,3.656934,6.214382,Oval/Medial
CATTCATGTATCGTAC-1,7.8773327,7.762413,Oval/Medial
CATTCCGAGGCCTAAG-1,-0.91835344,1.1558403,Hbx
CATTCTACAGTCCCGA-1,7.756943,6.911953,Oval/Medial
CATTGCCCAACTACGT-1,-2.524875,5.084976,Marginal
CATTTCAGTTAGCTAC-1,4.2253785,7.7613635,Oval/Medial
CCAAGCGGTCCCACGA-1,1.7918056,5.6112514,Oval/Medial
CCAAGCGTCTACGGTA-1,-1.8649706,4.9814653,Oval/Medial
CCAATGAGTCCTGGTG-1,2.7334979,3.8761687,Lateral
CCACAAAAGGGCAGTT-1,1.4864506,1.9360504,Lateral
CCACAAATCGCGTGAC-1,0.52716756,6.8967166,Oval/Medial
CCACGAGAGAGGACTC-1,2.312138,1.438103,Lateral
CCACTTGCACGTAACT-1,-2.0841146,-0.5623107,Hbx
CCATAAGCAATATCCG-1,0.8312634,6.562583,Oval/Medial
CCATCACAGGGCATGT-1,0.5128194,6.771132,Oval/Medial
CCCGGAACAATGCAGG-1,7.1531444,7.4664736,Oval/Medial
CCCTAACTCATAAGGA-1,-4.385725,7.7729893,Marginal
CCCTCAAAGTACAACA-1,-0.2756824,6.187432,Oval/Medial
CCCTGATAGTCCCTAA-1,3.4725633,8.378515,Oval/Medial
CCCTTAGTCGTTGCCT-1,5.5135107,6.889867,Oval/Medial
CCGAACGAGTGCTCAT-1,-3.532412,7.185204,Marginal
CCGATCTTCAGCCTTC-1,0.9664401,6.520845,Oval/Medial
CCGCAAGAGAGCTGCA-1,-3.7428088,7.0255184,Marginal
CCGCAAGAGATCCGAG-1,-1.0661435,7.734105,Oval/Medial
CCGCAAGGTAGAGTTA-1,5.310278,2.809192,Oval/Medial
CCGGTAGCACAGCCTG-1,0.8599318,7.791768,Oval/Medial
CCGGTAGTCTGTCGTC-1,-3.4511585,7.7812324,Marginal
CCGGTGAAGACAGCGT-1,0.30777124,6.5420074,Oval/Medial
CCGGTGATCTAACGGT-1,-1.7265086,5.6542716,Marginal
CCGTAGGAGAGTGAAG-1,2.214889,4.764204,Oval/Medial
CCGTAGGGTTCGAACT-1,-3.555677,5.4828773,Marginal
CCGTGAGAGGCACCAA-1,4.177027,3.499955,Oval/Medial
CCGTTCACAGATTCGT-1,1.3083289,7.1599283,Oval/Medial
CCTAACCCACCAGTTA-1,7.031795,4.945915,Oval/Medial
CCTAACCTCCGGCAGT-1,6.1689205,10.878438,Oval/Medial
CCTAAGAAGTCAAGCG-1,0.4783088,7.4086213,Oval/Medial
CCTACGTAGAGGGCGA-1,1.8616685,5.905393,Oval/Medial
CCTACGTTCGTCAACA-1,6.5312185,2.0872765,Oval/Medial
CCTCACAAGTGGCGAT-1,1.7726668,7.7621446,Oval/Medial
CCTCACACAATGGCCC-1,-0.088195734,7.052886,Oval/Medial
CCTCCAAAGACCAGCA-1,-2.580251,7.5429606,Marginal
CCTCTCCAGTTCCGGC-1,-2.159963,0.7017206,Hbx
CCTCTCCTCCGCAAAT-1,-0.091417834,8.286223,Oval/Medial
CCTCTCCTCTGCTAGA-1,7.1822295,6.87021,Oval/Medial
CCTGCATAGTGGCGAT-1,6.1129923,11.519549,Oval/Medial
CCTGCATGTCAAGTTC-1,3.8652205,13.418336,Oval/Medial
CCTGTTGAGAGCCTGA-1,0.67613995,9.0535555,Oval/Medial
CCTGTTGCAACGGTAG-1,-2.3692365,1.3592423,Hbx
CCTTCAGGTAAGCGGT-1,0.14875604,6.813132,Oval/Medial
CCTTTGGCAGCTTTCC-1,7.186766,4.977903,Oval/Medial
CCTTTGGTCATGGTAC-1,-2.5662081,2.9864583,Hbx
CCTTTGGTCTTGGTCC-1,5.454464,8.283932,Oval/Medial
CGAAGTTCATGAAAGT-1,-2.2704926,1.3774673,Hbx
CGAATTGAGAACCGCA-1,3.2477195,6.31022,Oval/Medial
CGACAGCCATCTGGGC-1,-0.75931454,6.7498603,Oval/Medial
CGAGGAAAGCATCAAA-1,8.14919,7.447061,Oval/Medial
CGAGGAACACTGATTG-1,1.3293735,5.4429502,Oval/Medial
CGAGGAAGTGCCTACG-1,-3.2580411,6.096052,Marginal
CGAGTGCAGGGTCAAC-1,-2.3064458,3.1146257,Hbx
CGAGTGCAGTTGTAAG-1-1,-1.8929838,3.6259406,Hbx
CGATCGGAGTCAGGGT-1,-2.485844,0.08103158,Hbx
CGATGCGTCCCTTCCC-1,-1.3282773,1.464497,Hbx
CGCATGGCAATTTCGG-1,-3.4338975,7.5059414,Marginal
CGCCATTTCTTCTGGC-1,-0.47115812,6.684735,Oval/Medial
CGCGTGATCGATTTCT-1,-0.42412853,3.060004,Hbx
CGCGTGATCGCTAGCG-1,2.1566823,3.0376105,Lateral
CGGAACCGTAGGAAAG-1,6.7039113,5.003642,Oval/Medial
CGGAACCTCCAGCAAT-1,4.950936,7.129657,Oval/Medial
CGGAATTAGGGTCTTT-1,-2.0565205,-0.15563297,Hbx
CGGAATTAGTCGAAAT-1,4.925638,10.63275,Oval/Medial
CGGACACGTTGTTGCA-1,0.11686006,6.6378207,Oval/Medial
CGGACACTCGCTTACC-1,-3.6334684,7.4107056,Marginal
CGGAGAATCTGAGAGG-1,3.3974786,10.346709,Oval/Medial
CGGCAGTAGGCTTTCA-1,3.7415133,9.8526535,Oval/Medial
CGGGACTAGTGGAATT-1,5.7762766,6.9316134,Oval/Medial
CGGGTGTTCATGGAGG-1,1.6558993,7.0171714,Oval/Medial
CGGTCAGTCCTTATGT-1,2.581899,5.472115,Oval/Medial
CGTAATGCAGCCGTCA-1,-1.7278143,2.0590253,Hbx
CGTAATGGTCCTGGTG-1,4.6870894,8.873826,Oval/Medial
CGTAGTAAGATGCAGC-1,1.4854616,3.181047,Lateral
CGTAGTAGTACGCTTA-1,3.9637353,6.151336,Oval/Medial
CGTCCATGTACTGCCG-1,0.46431208,4.638939,Oval/Medial
CGTCCATGTGTAAACA-1,7.185575,5.1875176,Oval/Medial
CGTCCATTCACATTGG-1,6.0723314,3.7469308,Oval/Medial
CGTGATAAGGTCACAG-1,1.6745514,7.831899,Oval/Medial
CGTTAGACAAGGTACG-1,3.473763,5.974802,Oval/Medial
CGTTGGGTCGCAGTCG-1,6.562739,7.7636013,Oval/Medial
CTAACCCGTGACTGAG-1,-2.2576818,8.25661,Marginal
CTACAGAAGCCGAATG-1,0.241142,9.288218,Oval/Medial
CTACATTTCTCTAAGG-1,0.19587605,9.332681,Oval/Medial
CTACCTGTCATAGCAC-1,3.5872757,2.5545444,Lateral
CTACGGGAGACCCGCT-1,2.923226,12.171666,Oval/Medial
CTACGGGTCGTTCTCG-1,2.6880777,7.608721,Oval/Medial
CTATAGGCAGCGGTCT-1,6.575511,2.2120795,Oval/Medial
CTATAGGTCGCGGTAC-1,7.92789,7.090261,Oval/Medial
CTCAACCAGTGACACG-1,5.387321,6.80952,Oval/Medial
CTCAAGACATGCCGAC-1,1.935207,2.3871624,Lateral
CTCAAGATCCCTCGAT-1,-3.2773764,7.3655367,Marginal
CTCACTGCAAGAAATC-1,2.6088715,1.308241,Lateral
CTCATCGTCTAGACCA-1,-2.370904,7.1218767,Marginal
CTCATGCTCATTCATC-1,2.2800136,6.438025,Oval/Medial
CTCATTACAGCGCTTG-1,1.5812478,9.507836,Oval/Medial
CTCCAACGTACGATTC-1,4.0888467,6.8450685,Oval/Medial
CTCCATGAGCAGGTCA-1,-2.8747756,6.806266,Marginal
CTCCCAAGTTAAGGAT-1,-1.3919637,1.6490251,Hbx
CTCCGATCATTCTCTA-1,2.0624628,1.5528685,Lateral
CTCCGATTCCCTTGTG-1,5.5814962,7.671921,Oval/Medial
CTCCTCCAGCCTTGAT-1,-1.8503224,5.562379,Marginal
CTCGAGGCACCTAAAC-1,1.2532767,5.895791,Oval/Medial
CTCGAGGCACGCCAGT-1,3.2169776,6.558527,Oval/Medial
CTCTCAGCAAGAGGTC-1,-3.5826278,5.4700575,Marginal
CTCTCAGGTAGCTTAC-1,7.4504075,7.3690376,Oval/Medial
CTCTGGTAGACGCCCT-1,1.3408443,1.255023,Lateral
CTCTGGTCAAAGGAGA-1,2.4407675,6.584009,Oval/Medial
CTCTGGTTCTTCTCAA-1,1.4932662,1.4738954,Lateral
CTGAATGAGAGGGTGG-1,-2.097067,2.7150853,Hbx
CTGATCCGTAATCAGA-1,2.4249835,6.67342,Oval/Medial
CTGATCCGTGACTCGC-1,-0.4897703,4.8449664,Oval/Medial
CTGCAGGCAGCTCGGT-1,3.603358,3.9466338,Oval/Medial
CTGCAGGGTATGCTTG-1,1.3046676,7.190648,Oval/Medial
CTGCAGGTCATAGCAC-1,4.322474,6.0161414,Oval/Medial
CTGCATCGTACCAATC-1,7.70225,4.5244217,Oval/Medial
CTGCCATCAACAGCCC-1,-4.4160213,7.6228294,Marginal
CTGCCATGTGCCCACA-1,1.8577737,6.815698,Oval/Medial
CTGCCATGTTATGGTC-1,-4.3975463,6.2748675,Marginal
CTGCCATTCAAGAGGC-1,5.756056,6.792093,Oval/Medial
CTGCCTAAGAGGATGA-1,-2.0970314,6.9095263,Marginal
CTGCCTACACTGTCGG-1,-1.7527765,3.463729,Hbx
CTGCGAGAGTACCGGA-1,1.9684525,8.947225,Oval/Medial
CTGCGAGCAGTCAGCC-1,-0.4835775,1.8292557,Hbx
CTGCTCAGTGTCCACG-1,2.3362257,3.5528781,Lateral
CTGGACGTCAGAGTGG-1,-2.8704786,7.016105,Marginal
CTGGACGTCCTTATAC-1,3.3594737,4.7863045,Oval/Medial
CTGGTCTGTTCAAAGA-1,4.813169,13.15984,Oval/Medial
CTGTAGATCGTAGTGT-1,-2.4468653,7.7610474,Marginal
CTGTGGGAGTGACCTT-1,-2.1977122,1.573091,Hbx
CTTACCGAGTAGGTTA-1,7.665425,7.431276,Oval/Medial
CTTCAATAGAGTGAAG-1,5.4809217,5.618328,Oval/Medial
CTTCAATAGCCTCAGC-1,1.1579981,7.422403,Oval/Medial
CTTCCGAAGTCGAGGT-1,0.1469544,8.117264,Oval/Medial
CTTCCGACAGAGCGTA-1,5.0163302,12.480984,Oval/Medial
CTTCCTTGTTTCGTGA-1,1.7017527,2.6568933,Lateral
CTTCGGTGTCAGGTAG-1,6.097956,7.316215,Oval/Medial
CTTCTAAAGACTTCAC-1,4.8580804,6.051591,Oval/Medial
CTTGATTCAACCACGC-1,5.3415422,11.508617,Oval/Medial
CTTTCGGTCGCTCATC-1,3.2714481,7.2337756,Oval/Medial
CTTTCGGTCTAAACGC-1,1.4928358,6.240697,Oval/Medial
GAAATGAAGCCGTTGC-1,-2.2698607,6.76726,Marginal
GAAATGAGTTGAGAGC-1,-2.2177382,7.177103,Marginal
GAAATGATCAAATGCC-1,2.029101,6.133801,Oval/Medial
GAACTGTAGTAAACGT-1,5.0494614,7.080714,Oval/Medial
GAACTGTCAAATGGCG-1,3.9810092,10.240858,Oval/Medial
GAAGCGAAGAGTCACG-1,0.2959916,1.0089097,Lateral
GAAGGACCAAGAGTTA-1,2.5849457,1.682027,Lateral
GAAGGGTAGACCGTTT-1,-1.3849345,0.7334226,Hbx
GAAGGGTTCCACTGGG-1,1.8190161,2.0261552,Lateral
GAAGTAAAGGACAGTC-1,2.3681896,3.162656,Lateral
GAAGTAACAGCATCTA-1,-1.6880563,0.9951279,Hbx
GAATAGAGTAATGCGG-1,1.3054634,8.949551,Oval/Medial
GAATCGTAGAGTGTTA-1,6.4974875,7.039304,Oval/Medial
GACATCAAGAGCAAGA-1,0.41454896,7.610004,Oval/Medial
GACATCAGTTGTACGT-1,-2.305913,2.361482,Hbx
GACATCATCCTACAAG-1,-0.064955376,1.6577729,Lateral
GACATCATCGCAGATT-1,-3.0915058,5.8554864,Marginal
GACCCAGCACAGTACT-1,-3.5785296,8.221886,Marginal
GACCCTTCATAACCCA-1,3.8378665,10.952381,Oval/Medial
GACCGTGGTATCGTTG-1,-2.793411,7.9354277,Marginal
GACCGTGGTGAGCGAT-1,0.92468697,6.0442877,Oval/Medial
GACCGTGTCAGTGATC-1,7.1530495,7.271552,Oval/Medial
GACCTTCGTCGTAATC-1,4.443786,7.4276037,Oval/Medial
GACGCTGAGTAGCAAT-1,-2.3427565,6.977152,Marginal
GACGTTAAGAAGGTAG-1,0.12589459,7.5666385,Oval/Medial
GACGTTAAGACCAGCA-1,3.227769,5.8798046,Oval/Medial
GACTCAAAGTGGAATT-1,-1.5763978,7.762973,Marginal
GACTCAATCGCCTCTA-1,2.671738,5.2918963,Oval/Medial
GACTCTCCACAGAAGC-1-1,1.02828,6.2064095,Oval/Medial
GACTCTCTCGATTCCC-1,-2.5457232,2.1693223,Hbx
GACTGATAGTCACTGT-1,0.7752068,3.6131797,Lateral
GACTGATCAGGAAGTC-1,1.6679734,6.790402,Oval/Medial
GACTTCCAGGTGCCTC-1,-2.5734599,7.9816136,Marginal
GACTTCCCAAGCACAG-1,-1.0727597,6.092515,Oval/Medial
GAGACCCCATCCTCAC-1,0.17382805,7.2247324,Oval/Medial
GAGACCCGTTTACTGG-1,2.9915931,8.674477,Oval/Medial
GAGACTTGTTCTCCCA-1,1.5433848,7.43628,Oval/Medial
GAGCTGCAGCTGAGTG-1,0.58041173,7.047265,Oval/Medial
GAGGCCTCACGGTGAA-1,3.3314195,6.228064,Oval/Medial
GAGGCCTCAGACCGCT-1,1.2782134,3.73893,Lateral
GAGGCCTGTTCGGGTC-1,6.5884085,1.5416503,Oval/Medial
GAGGGATGTAACTGCT-1,-2.2270994,7.199671,Marginal
GAGGGATTCGCCGAAC-1,-2.3081803,1.7210269,Hbx
GAGGGTATCGGAAGGT-1,0.19060908,3.3525276,Lateral
GAGTCATCAAGAATGT-1,8.131147,7.486178,Oval/Medial
GAGTCTAGTTGGATCT-1,7.3843594,9.280385,Oval/Medial
GAGTGAGCACGCGCAT-1,-0.043923955,7.1343675,Oval/Medial
GAGTGAGTCATTCCTA-1,3.9106028,7.66033,Oval/Medial
GAGTGTTCATGTTCGA-1,-0.397607,4.966213,Oval/Medial
GAGTGTTGTACTCAAC-1,2.2995572,6.2460866,Oval/Medial
GAGTTACCAGGAATCG-1,-0.76808906,6.505997,Oval/Medial
GAGTTACGTGGTCTCG-1,3.3408048,6.5819654,Oval/Medial
GAGTTGTAGGCCTTGC-1,-0.39301494,6.4086423,Oval/Medial
GAGTTGTTCTTCTAAC-1,0.44059938,6.3322334,Oval/Medial
GATAGCTCAGACGGAT-1,-2.017686,2.6663644,Hbx
GATAGCTCAGATCCTA-1,5.430958,6.0008817,Oval/Medial
GATCACAAGCTCCGAC-1,6.721299,4.8698864,Oval/Medial
GATCAGTCATATGCGT-1,4.600781,6.2604046,Oval/Medial
GATCAGTTCCCTAGGG-1,-3.3155882,7.6915126,Marginal
GATCCCTCAGTCTCTC-1,7.0833464,6.4234595,Oval/Medial
GATCCCTGTATCGAGG-1,8.24924,7.0649133,Oval/Medial
GATCGTACAGCAGAAC-1,0.5474818,4.0059996,Oval/Medial
GATCGTACATGGCGCT-1,3.068913,9.626722,Oval/Medial
GATCGTATCCGGCAAC-1,0.1712744,6.27581,Oval/Medial
GATGACTGTGCACGCT-1,0.3614652,4.751002,Oval/Medial
GATGACTTCAAAGAAC-1,-0.35112435,5.5115547,Oval/Medial
GATGAGGCATTGTAGC-1,1.7613884,6.6542296,Oval/Medial
GATGGAGAGGTCCAGA-1,2.8665893,12.876922,Oval/Medial
GATGGAGAGGTCCCGT-1,3.78061,11.628092,Oval/Medial
GATGGAGGTCGTTCAA-1,-2.007081,7.71604,Marginal
GATGGAGTCAAGGTGG-1,3.2079656,11.334794,Oval/Medial
GATGTTGGTAGGCAAC-1,1.8809319,5.771174,Oval/Medial
GATGTTGTCTCTCCGA-1,5.6580367,6.281445,Oval/Medial
GATTCGAAGGTAGGCT-1,0.28427693,6.022764,Oval/Medial
GATTCTTGTCAGACTT-1,-2.209827,-0.22117022,Hbx
GATTTCTAGATGTTGA-1,3.7867548,6.636841,Oval/Medial
GATTTCTCACTGGCGT-1,3.5876918,13.339457,Oval/Medial
GATTTCTCATTCAGGT-1,6.873355,6.2053876,Oval/Medial
GCAACATGTCATATGC-1,4.34014,7.267696,Oval/Medial
GCAACATTCTGAGATC-1,2.8042455,6.043204,Oval/Medial
GCAACCGAGAGGTATT-1,2.7527506,6.0259886,Oval/Medial
GCAACCGCAGAAACCG-1,1.6682067,7.7135534,Oval/Medial
GCAGCTGAGAATCTAG-1,5.4393477,7.013241,Oval/Medial
GCAGCTGGTGGCTTAT-1,-4.2564225,6.5434422,Marginal
GCAGCTGTCTCCATAT-1,-4.092662,7.8657336,Marginal
GCAGGCTGTGTTCCAA-1,-0.35746378,4.4014187,Oval/Medial
GCAGTTAGTTCGCGTG-1,6.5779686,2.1981835,Oval/Medial
GCATCTCGTACAGCGA-1,7.6354413,5.8454185,Oval/Medial
GCATCTCTCATTCACT-1,-2.4681664,6.293389,Marginal
GCATGATAGTCATGCT-1,6.4724526,9.000579,Oval/Medial
GCATGATAGTCGGCCT-1,-1.8922148,6.463236,Marginal
GCATGATGTTGGGAAC-1,-0.92594075,0.049214497,Hbx
GCATGATTCTCTAAGG-1,-0.33246854,8.948473,Oval/Medial
GCATTAGAGACTGAGC-1,2.9642923,6.6049404,Oval/Medial
GCATTAGGTACAAGTA-1,8.47132,7.535579,Oval/Medial
GCATTAGGTAGCGAGT-1,4.527909,8.752289,Oval/Medial
GCATTAGTCCTATTGT-1,6.567855,5.052452,Oval/Medial
GCCAACGCATTCTGTT-1,7.3700194,6.090245,Oval/Medial
GCCAGGTCACAGAAGC-1,-3.2262325,7.4083424,Marginal
GCCAGGTTCCGGACGT-1,7.763756,6.873753,Oval/Medial
GCCATGGAGCGGCTCT-1,1.937161,5.0437455,Lateral
GCCATGGAGGAGGCAG-1,5.3862267,6.673126,Oval/Medial
GCCATGGCAGCGTGCT-1,0.9732232,4.573483,Oval/Medial
GCCATGGGTGTCTCCT-1,5.8863363,11.922074,Oval/Medial
GCCCAGAAGAAGCTCG-1,-2.1386414,1.408543,Hbx
GCCCAGACATCGAACT-1,5.379738,2.7878106,Oval/Medial
GCCCGAAAGACGAGCT-1,3.0103326,6.1776624,Oval/Medial
GCCCGAAGTCGTATTG-1,0.75640464,6.4453115,Oval/Medial
GCCCGAATCTCATGCC-1,0.17177032,4.552889,Oval/Medial
GCCGATGTCGCCGAGT-1,3.6394162,12.485274,Oval/Medial
GCGAGAACAGAACCGA-1,3.6809347,6.6185255,Oval/Medial
GCGATCGCAGGAAGTC-1,3.7963705,13.387668,Oval/Medial
GCGGAAACAACGATTC-1,1.251713,6.6220284,Oval/Medial
GCGTGCAAGCCAACCC-1,1.260981,9.515671,Oval/Medial
GCGTGCAAGGACAGCT-1,0.44725254,7.101989,Oval/Medial
GCTACAAAGATCCCGC-1,1.5531522,6.464936,Oval/Medial
GCTACAATCACCGCTT-1,-3.5628347,7.157914,Marginal
GCTACCTTCTGTGCAA-1,-2.074949,4.8739853,Hbx
GCTCAAAAGGCTGGAT-1-1,4.336743,6.0277705,Oval/Medial
GCTGAATCAGCATGCC-1,6.315496,12.555501,Oval/Medial
GCTGAATTCCCGAACG-1,1.2758508,9.089281,Oval/Medial
GCTGCAGTCCATATGG-1,0.77970433,8.50834,Oval/Medial
GCTGCAGTCTTCGTAT-1,-2.448036,6.2321053,Marginal
GCTGGGTAGAGTAACT-1,0.66739964,1.7208446,Lateral
GCTGGGTAGTCACTAC-1,5.877169,5.923651,Oval/Medial
GCTTCACTCTTACCGC-1,-2.6992555,6.853678,Marginal
GCTTGGGTCTTTCCGG-1,5.8292565,7.0885444,Oval/Medial
GCTTTCGAGGTCGTGA-1,1.1682488,8.157032,Oval/Medial
GCTTTCGGTGGACCTC-1,1.7725431,2.6106582,Lateral
GCTTTCGTCGGTCGGT-1,1.6184937,2.7677355,Lateral
GGAAGTGAGACCCTTA-1,0.21056503,4.092875,Lateral
GGAAGTGGTATGCTTG-1,6.9694266,6.4927106,Oval/Medial
GGAATCTGTGCACATT-1,-0.69410175,4.9481235,Oval/Medial
GGACGTCAGATGTTAG-1,7.541703,6.145019,Oval/Medial
GGACGTCGTACACGCC-1,1.562427,7.333551,Oval/Medial
GGACGTCTCGCTGCGA-1,1.92386,9.331466,Oval/Medial
GGAGAACAGGTTAAAC-1,0.9932479,6.808401,Oval/Medial
GGAGATGAGATCCGAG-1,3.0900445,7.480728,Oval/Medial
GGAGATGAGCATGGGT-1,5.619025,6.877489,Oval/Medial
GGAGATGAGGGATCAC-1,4.8334413,11.958523,Oval/Medial
GGAGCAAAGTCACTCA-1,8.0421505,7.37032,Oval/Medial
GGAGGATCACAATTCG-1,-1.7928452,2.5513935,Hbx
GGAGGTAAGATAACAC-1,3.6780777,6.0143337,Oval/Medial
GGATCTACACGTAACT-1,-2.3372884,6.494011,Marginal
GGATCTAGTCTACTGA-1,6.805929,7.8159556,Oval/Medial
GGATGTTCATGGCACC-1,7.611555,4.7535286,Oval/Medial
GGCGTCAAGTTGTAAG-1,4.3735476,5.949789,Oval/Medial
GGCGTCAGTGTGTGGA-1,0.13901143,7.270484,Oval/Medial
GGCGTCATCTGGGATT-1,1.8709548,3.0940657,Lateral
GGCTTGGCAGACACCC-1,-2.796336,6.344684,Marginal
GGCTTTCCAAATTGGA-1,2.1836817,6.060075,Oval/Medial
GGGAAGTAGGCCGCTT-1,-2.534729,2.2150156,Hbx
GGGAAGTGTCAGGAGT-1,-2.1815546,3.0381777,Hbx
GGGAAGTGTTCTCCTG-1,-2.475164,7.1436043,Marginal
GGGAAGTTCGTCCTTG-1,6.9957705,3.8248818,Oval/Medial
GGGAGATGTGACATCT-1,-2.405311,3.9860933,Hbx
GGGAGATTCGGTGAAG-1,2.357635,2.3169425,Lateral
GGGATGAAGATTAGAC-1,5.132836,5.796975,Oval/Medial
GGGTAGATCGAAGAAT-1,1.4600526,6.7021666,Oval/Medial
GGGTATTAGCAATAGT-1,1.5116941,1.3589107,Lateral
GGGTATTAGGTAAGAG-1,7.2543716,6.282633,Oval/Medial
GGGTATTAGTAGCTCT-1,1.270339,2.1487842,Lateral
GGGTCACTCGAGCCTG-1,0.91062033,5.803161,Oval/Medial
GGGTCTGGTTCGGGTC-1,5.8731656,7.8836527,Oval/Medial
GGGTCTGGTTGAGAGC-1,2.0230255,7.151691,Oval/Medial
GGGTGAACAGCGCGTT-1,-3.1356099,6.89158,Marginal
GGGTGAAGTGTGCTTA-1,0.29570025,8.120805,Oval/Medial
GGGTTTACACTGATTG-1,4.211456,6.0977597,Oval/Medial
GGTAATCAGAATTGCA-1,1.2849294,1.5324525,Lateral
GGTAATCGTGGACTGA-1,-0.576333,8.431265,Oval/Medial
GGTAGAGCAGCCATTA-1-1,3.640497,6.5609317,Oval/Medial
GGTAGAGTCAGAGCAG-1,5.5879707,12.217672,Oval/Medial
GGTCACGTCATTCCTA-1,-0.8999708,4.9947577,Oval/Medial
GGTCTGGTCTGTCCCA-1,1.2077632,7.3147836,Oval/Medial
GGTGATTGTCAAACGG-1,-0.06442922,4.366108,Oval/Medial
GGTGGCTAGCGCATCC-1,0.26424775,5.8394947,Oval/Medial
GGTGTCGGTGTTCAGT-1,2.433907,2.9884706,Lateral
GGTGTTATCCGATGTA-1,5.6128783,12.140577,Oval/Medial
GGTTAACAGCACTAGG-1,-0.050502107,7.266667,Oval/Medial
GGTTAACGTCATAACC-1,5.8628945,6.6777115,Oval/Medial
GGTTCTCTCTTCTGGC-1,5.1883726,5.914618,Oval/Medial
GGTTGTACACAACCGC-1,6.1785398,12.285774,Oval/Medial
GGTTGTACAGAGCCCT-1,5.8920326,8.208652,Oval/Medial
GGTTGTACATCCGGCA-1,-2.019428,-0.19098051,Hbx
GTAAGTCCACATAACC-1,-0.51935023,5.7819057,Oval/Medial
GTAATGCGTCCGGTCA-1,7.018086,8.408101,Oval/Medial
GTACAACGTAGGCAGT-1,-2.305466,7.878752,Marginal
GTACAGTCAGGTCCCA-1,-1.1759629,4.7448616,Oval/Medial
GTACAGTGTACGGATG-1,3.2665334,2.7739122,Lateral
GTAGAAAAGCTACTAC-1,1.8919239,6.6611853,Oval/Medial
GTAGAAACAAGCCTGC-1,0.9150242,6.0607815,Oval/Medial
GTAGAAATCACCATAG-1,-1.6177877,2.7762191,Hbx
GTAGATCAGCGCCGTT-1,7.4466686,9.229624,Oval/Medial
GTAGATCCACGTACAT-1,4.365368,4.1924314,Oval/Medial
GTAGGTTAGAATACAC-1,-3.547917,6.4929366,Marginal
GTAGTACTCGTCTACC-1,1.4165046,7.4791756,Oval/Medial
GTATTGGCATATGCGT-1,3.5183704,6.8853283,Oval/Medial
GTATTTCTCCCACAGG-1,1.6789683,3.008928,Lateral
GTCAAACCATGTGACT-1,-4.1325393,7.673452,Marginal
GTCAAACGTAGATTGA-1,-1.3682235,2.609913,Oval/Medial
GTCAAACTCTAGGCCG-1,1.9250019,4.5375867,Lateral
GTCACGGCAGAGGAAA-1,1.3135979,7.1722426,Oval/Medial
GTCACGGTCAAGGCTT-1,3.9629717,5.5679436,Oval/Medial
GTCAGCGAGTGACACG-1,0.46794483,2.0490277,Lateral
GTCCACTTCCCTTGGT-1,0.24009012,2.0553467,Lateral
GTCGCGAAGTAAATGC-1,4.90611,7.308647,Oval/Medial
GTCGTTCTCGGCTGGT-1-1,0.77927166,1.4853745,Lateral
GTCTAGAAGACCTCCG-1,2.0244465,7.890054,Oval/Medial
GTCTAGACATAACCCA-1,2.1428273,1.8810446,Lateral
GTCTGTCGTACCCAGC-1,-2.8417401,5.973599,Marginal
GTCTGTCTCTGGAAGG-1,2.1874948,8.892781,Oval/Medial
GTGACGCCATGTTCAG-1,8.522801,7.3400416,Oval/Medial
GTGACGCTCAAGTCTG-1,0.52797145,2.793155,Lateral
GTGAGGAAGGCTATCT-1,7.619098,6.756322,Oval/Medial
GTGAGTTAGACATATG-1,4.7765718,7.100871,Oval/Medial
GTGATGTGTCCTATAG-1,6.838507,6.2489424,Oval/Medial
GTGCACGCACAATGAA-1,-1.698225,3.8977408,Hbx
GTGCACGCAGCAGTAG-1,2.2491474,10.856858,Oval/Medial
GTGCAGCAGCACAAAT-1,0.28744873,4.333641,Oval/Medial
GTGCAGCCATCGAGCC-1,6.0028744,1.9974747,Oval/Medial
GTGCAGCGTTAAGCAA-1,6.2628837,5.6913204,Oval/Medial
GTGCGTGCAGAAATTG-1,3.2628167,7.4913397,Oval/Medial
GTGCGTGTCTATTTCG-1,1.8857877,2.9215677,Lateral
GTGCTGGAGCAGTACG-1-1,-0.44951376,4.3994274,Oval/Medial
GTGCTTCAGGTCACTT-1,1.10062,2.5402153,Lateral
GTGGAAGCATGCCGAC-1,2.4342866,3.5116494,Lateral
GTGGAAGTCATGAAAG-1,4.5429063,4.4022117,Oval/Medial
GTGGGAACAACAGCCC-1,0.7694723,4.4269257,Lateral
GTGTCCTGTATCGTAC-1-1,6.006178,2.0819116,Oval/Medial
GTGTGGCAGCCTTCTC-1,6.5932107,6.759681,Oval/Medial
GTTACCCCAGATACTC-1,3.7655716,6.258831,Oval/Medial
GTTACGATCTCGTCGT-1,-2.9992616,8.521705,Marginal
GTTCATTGTCGACTTA-1,-4.721785,7.8018336,Marginal
GTTCATTTCAGTCACA-1,4.244398,7.1241074,Oval/Medial
GTTCGCTGTGCAACGA-1,-3.1018782,7.079086,Marginal
GTTCGCTTCTGAGCAT-1,-4.2359915,5.883121,Marginal
GTTCTATCACAAGTTC-1,-1.6606215,1.7496405,Hbx
GTTGCGGAGTGCCTCG-1,-1.5986179,3.5560665,Hbx
GTTGTAGAGGAGATAG-1,7.1405473,8.165252,Oval/Medial
GTTGTCCAGATCCTAC-1,-2.2456703,2.6823323,Hbx
GTTGTGAGTGCAGATG-1,4.9909205,8.268936,Oval/Medial
GTTTACTCAGTAACAA-1,0.66851133,6.841319,Oval/Medial
GTTTACTCATGTAACC-1,3.2939095,13.631495,Oval/Medial
GTTTGGAAGATAGCAT-1,6.0258856,2.253795,Oval/Medial
TAACCAGTCTTAATCC-1,1.0296934,5.1172266,Oval/Medial
TAACGACGTCTCTCAC-1,0.09240192,5.885383,Oval/Medial
TAACGACTCTTAGCAG-1,-2.1344075,2.4986343,Hbx
TAACTTCAGTAGATCA-1,-1.6036345,2.1632667,Hbx
TAAGCACAGTCGAGGT-1,-1.4288679,3.276754,Hbx
TAAGCACTCGGTAGGA-1,-0.49026346,2.8880596,Lateral
TAAGCGTGTCCTTGTC-1,1.4848706,7.7925453,Oval/Medial
TAAGTCGCACCAGTAT-1,2.2058768,6.5730486,Oval/Medial
TACACCCAGCAGCCTC-1,2.0004041,3.572954,Lateral
TACACCCGTAGCGTAG-1,1.0952597,2.1789954,Lateral
TACATTCAGGAGTACC-1,1.4383142,2.760337,Lateral
TACATTCCAGGTTCGC-1,5.7984533,7.434759,Oval/Medial
TACATTCTCAAGTGGG-1,-2.5880253,-0.06989692,Hbx
TACCCACCAAAGTATG-1,-4.5269055,8.101282,Marginal
TACCCACGTCAAAGAT-1,1.2575488,8.926761,Oval/Medial
TACCGAACAGAGATGC-1,6.7258964,6.819107,Oval/Medial
TACCGGGTCGGTCGGT-1,-1.2211508,5.3548517,Oval/Medial
TACCTGCGTGGTTTAC-1,-0.49639532,2.8018706,Lateral
TACGCTCGTCCCAAAT-1,5.6841526,2.3164532,Oval/Medial
TACGCTCTCTACGCGG-1,-2.1633034,3.1292272,Hbx
TACGGGCGTAAGATAC-1,3.3385549,6.596541,Oval/Medial
TACGGTAAGATTGTGA-1,-1.7025839,3.9300826,Hbx
TACGGTACAGTTGGTT-1,3.6626322,8.778658,Oval/Medial
TACGGTATCATGTCAG-1,-3.6486087,6.856461,Marginal
TACGTCCAGAATAACC-1,-2.6480923,7.3986635,Marginal
TACGTCCGTGAGGCAT-1,0.48081648,4.073209,Oval/Medial
TACTTACGTCCCTCAT-1,-3.2850006,6.2533045,Marginal
TAGACCAAGTACTCGT-1,4.9684525,6.824622,Oval/Medial
TAGACCACACTCACTC-1,-3.711898,6.242386,Marginal
TAGACCAGTATCGTGT-1,1.5762568,3.517809,Lateral
TAGACCATCTGGCTGG-1,7.8555207,5.1333385,Oval/Medial
TAGATCGAGTCACTGT-1,8.43622,7.2967196,Oval/Medial
TAGATCGGTATCCCAA-1,-0.76276296,0.58469224,Hbx
TAGGAGGAGCACCGAA-1,0.79991287,5.770518,Oval/Medial
TAGGTACCAGTATGAA-1,-0.50390095,7.0422454,Oval/Medial
TAGGTACGTGAGAGGG-1,-1.0741196,0.05547773,Hbx
TAGGTTGAGATTACCC-1,-1.8759222,-0.019124806,Hbx
TAGGTTGGTAGGAGTC-1,2.0275598,3.1352162,Lateral
TAGGTTGTCGGAGTAG-1,0.3351205,9.504169,Oval/Medial
TAGTGCACACGCTATA-1,1.6339473,1.8266028,Lateral
TAGTGCAGTCAAGCCC-1,3.6044338,5.52371,Oval/Medial
TATCAGGCAATTGTGC-1,4.956587,7.4324975,Oval/Medial
TATCAGGTCTCCCATG-1,-2.9582944,6.198742,Marginal
TATCGCCTCACCGGGT-1,-0.90971786,7.1193633,Oval/Medial
TATCGCCTCCACCTCA-1,-1.6684895,0.27698624,Hbx
TATCTGTTCGTGACTA-1,-1.4007069,3.7103486,Hbx
TATTCCAAGTTAACAG-1,0.16657507,7.684131,Oval/Medial
TATTCCAGTCCGGATC-1,4.5309415,3.016572,Oval/Medial
TATTGCTCAGACCTAT-1,-2.385217,2.7581608,Hbx
TCAAGACAGGAGGGTG-1,-0.46606484,8.872287,Oval/Medial
TCAAGTGGTCTGCAAT-1,0.18082319,7.33181,Oval/Medial
TCAAGTGGTTGCGAAG-1,0.4036646,4.3727784,Oval/Medial
TCAATCTTCTCATGGA-1,1.8666111,6.247264,Oval/Medial
TCAATTCAGCATGCAG-1,1.3977458,9.862125,Oval/Medial
TCAATTCGTCGGTGTC-1,1.2476085,8.797943,Oval/Medial
TCAATTCTCTTAGTTC-1,4.2912254,6.893034,Oval/Medial
TCACAAGAGAGTGGCT-1,4.442005,12.859022,Oval/Medial
TCACAAGTCCAAGCAT-1-1,1.078015,1.4400716,Lateral
TCACATTGTGGTCTCG-1,-1.9613494,6.893504,Marginal
TCACGCTAGAGTGTGC-1,1.1538614,4.872335,Oval/Medial
TCACGCTTCTGAGTCA-1,1.6536665,4.168074,Lateral
TCAGCAAGTAAGAACT-1,3.5406737,7.2917585,Oval/Medial
TCAGCAAGTGGGCTCT-1,6.22533,2.0099154,Oval/Medial
TCAGCAATCCGATAAC-1,0.90707934,6.9749947,Oval/Medial
TCAGCCTCATGGAGAC-1,-2.4364438,6.3327074,Marginal
TCAGGGCCACGTATAC-1,1.2693194,5.7774115,Oval/Medial
TCAGTCCAGCGTATAA-1,-0.6891792,6.932056,Oval/Medial
TCAGTCCCAAGGACAC-1,-0.31592858,6.5737133,Oval/Medial
TCAGTCCCAGACAATA-1,-0.0108651975,4.211678,Oval/Medial
TCAGTGAGTAGAATGT-1,6.8177304,6.482157,Oval/Medial
TCATACTGTACGTGTT-1,-2.246015,1.7784142,Hbx
TCATCATAGAGGGTCT-1,-2.0124857,-0.5207438,Hbx
TCATCATTCATTGTGG-1,6.8876333,6.9818897,Oval/Medial
TCATCATTCCTCTCTT-1,6.304607,7.6964273,Oval/Medial
TCATGCCGTGACATCT-1,-1.0738059,4.6127853,Oval/Medial
TCATGGACAAATGGCG-1,1.4113352,1.491669,Lateral
TCATGGAGTGAGTTTC-1,3.8927753,12.627381,Oval/Medial
TCATGTTAGCGGCTCT-1,3.1065836,12.210664,Oval/Medial
TCATGTTTCGGACTTA-1,1.1408027,2.590744,Lateral
TCATTGTTCATGCGGC-1,6.734475,1.7699004,Oval/Medial
TCCATCGAGTGGATTA-1,5.1931744,12.772629,Oval/Medial
TCCATCGCAGCACGAA-1,-1.8242905,6.8095107,Marginal
TCCATGCAGGTCACAG-1,-0.97134715,2.5710676,Lateral
TCCCACATCCTTATGT-1,4.0015073,12.878156,Oval/Medial
TCCCAGTAGTGATGGC-1,6.945059,6.424161,Oval/Medial
TCCCAGTAGTGCAAAT-1,6.49055,11.526733,Oval/Medial
TCCCATGCACGTCGGT-1,5.9440675,5.16914,Oval/Medial
TCCGAAAGTACGGTTT-1,7.258627,7.128855,Oval/Medial
TCCGAAAGTGCATTTG-1,3.674143,11.214515,Oval/Medial
TCCGATCTCATCAGTG-1,2.3430197,5.5640783,Oval/Medial
TCCGGGAGTAGGAGGG-1,-0.09552977,5.8005705,Oval/Medial
TCCGTGTTCCACTTCG-1,1.4744604,8.519562,Oval/Medial
TCCTAATGTGAGTCAG-1,-2.3688805,6.6654854,Marginal
TCCTAATTCAGTCACA-1,-2.029828,6.934453,Marginal
TCCTCCCTCGCTTAAG-1,0.084376365,6.1231074,Oval/Medial
TCCTCGACACGTTCGG-1,1.2941475,2.7853882,Lateral
TCCTCGAGTGGCCACT-1,0.45223314,6.5835633,Oval/Medial
TCCTCGATCTGCGTCT-1,-1.5324615,1.5566556,Hbx
TCCTTCTTCATAGGCT-1,3.5246904,13.262164,Oval/Medial
TCCTTTCAGGGTAATT-1,3.7788103,6.2644525,Oval/Medial
TCGAACACAGGGCTTC-1,-1.6807612,0.2685174,Hbx
TCGAACAGTAACGGTG-1,-3.3103888,7.4496274,Marginal
TCGAACATCAGTGTTG-1,-1.6127189,1.715096,Hbx
TCGAAGTAGTTGCTGT-1,4.386091,6.007667,Oval/Medial
TCGAAGTGTGTGAGCA-1,7.764978,7.079774,Oval/Medial
TCGAAGTTCGAATGCT-1,3.0023136,3.350526,Lateral
TCGACCTTCGATGCAT-1,1.5985107,3.3683352,Lateral
TCGACGGCAGCGACCT-1,5.252776,6.279316,Oval/Medial
TCGCAGGTCCGTGGCA-1,3.7022758,13.280328,Oval/Medial
TCGCTCAGTTCCGGTG-1,0.28566116,8.8502,Oval/Medial
TCGCTCATCGCTGCGA-1,-2.715432,2.3690567,Hbx
TCGGATAGTACGTGAG-1,2.4759297,3.0153096,Lateral
TCGGGCAGTGAGAGGG-1,2.1908734,6.110791,Oval/Medial
TCGGGCAGTTCGCGTG-1,6.3937874,6.768067,Oval/Medial
TCGTCCAAGGGATGTC-1,1.2218953,9.841918,Oval/Medial
TCTAACTCAACCCTAA-1,7.21293,8.269145,Oval/Medial
TCTAACTCAAGAATAC-1,1.6342963,7.0330925,Oval/Medial
TCTAACTGTACTCAAC-1,7.2801886,7.4162292,Oval/Medial
TCTAACTTCTAGCAAC-1,0.44267142,2.809973,Lateral
TCTACATGTTAACAGA-1,-3.106028,5.9088826,Marginal
TCTACCGTCTTAGCTT-1,0.67350155,0.949623,Lateral
TCTATCACATAACGGG-1,1.9490875,2.7149296,Lateral
TCTATCATCGCGCTGA-1,3.715201,10.292933,Oval/Medial
TCTGCCATCTGCGGAC-1,-0.71419245,6.959971,Oval/Medial
TCTGGCTGTACAGAAT-1,-0.072824225,8.951367,Oval/Medial
TCTGGCTTCACACCCT-1,2.1938925,6.484168,Oval/Medial
TCTTGCGCATCCTTCG-1,1.3843021,1.8868972,Lateral
TCTTGCGTCCCTAGGG-1,5.409361,6.504536,Oval/Medial
TCTTTGAGTAGCACAG-1,5.1094604,6.8603954,Oval/Medial
TCTTTGATCGTCAAAC-1,-2.4751766,6.3104925,Marginal
TCTTTGATCTTAGTTC-1-1,4.4742255,8.367538,Oval/Medial
TGAATCGAGGCATGGT-1,0.89256835,7.115054,Oval/Medial
TGAATCGCATAAGCGG-1,5.158878,5.085555,Oval/Medial
TGAATCGTCTAGGCAT-1-1,6.5147905,7.5916867,Oval/Medial
TGACAGTGTCTACATG-1,-2.2092938,1.5756809,Hbx
TGACAGTTCAGCTGTA-1,4.102882,5.0956655,Oval/Medial
TGACGCGCAAATAAGC-1,5.83928,11.462961,Oval/Medial
TGAGACTGTGGCGCTT-1,-4.0463123,7.706437,Marginal
TGAGCATGTTGAGTCT-1,6.726937,1.6443638,Oval/Medial
TGAGGGACAGATCATC-1,4.1893587,3.4045966,Oval/Medial
TGAGGTTTCTACCAGA-1,0.75042975,3.4974992,Lateral
TGAGTCAAGACCATGG-1,1.0870594,6.670688,Oval/Medial
TGAGTCAGTTTGACAC-1,-1.8436373,3.2029645,Hbx
TGATCTTCAGACAATA-1,2.709925,6.54921,Oval/Medial
TGATCTTGTCAAGCGA-1,-2.1969469,1.4170018,Hbx
TGATCTTTCGAGCCAC-1,-0.3005497,8.342281,Oval/Medial
TGATGCACATGTACGT-1,-0.8653162,3.8105917,Oval/Medial
TGATGCACATTCTCTA-1,3.1755674,7.583309,Oval/Medial
TGATGGTAGATAGCTA-1,3.4885435,13.562546,Oval/Medial
TGATGGTCAAAGCAAT-1,3.8640282,9.660649,Oval/Medial
TGATTCTAGCTTTCTT-1,0.9090788,7.593826,Oval/Medial
TGATTTCTCTGCGTCT-1,1.2988803,6.4209027,Oval/Medial
TGCACGGAGAGCTGAC-1,3.2735875,7.8198094,Oval/Medial
TGCACGGAGCCATTCA-1,-1.6457111,3.8293433,Hbx
TGCAGATAGGGATCGT-1,0.89317787,6.229282,Oval/Medial
TGCAGGCGTACTGTTG-1,0.26621807,4.6034956,Oval/Medial
TGCATCCAGAATCTAG-1,0.83188486,6.510704,Oval/Medial
TGCATGATCGCCTATC-1,-1.2697915,4.8780227,Marginal
TGCGACGAGAATAACC-1,5.4389997,2.4692411,Oval/Medial
TGCGACGAGCGTGAGT-1,-0.66250545,6.4814353,Oval/Medial
TGCGATAGTTATGTGC-1,-2.3693218,3.381675,Hbx
TGCGGCATCCCATTTA-1,0.4127162,1.5497934,Lateral
TGCGGGTTCGATGGAG-1,3.5648062,6.9607716,Oval/Medial
TGCTCGTGTGGAAGTC-1-1,5.721352,12.638196,Oval/Medial
TGCTGAAAGTTACGTC-1,-4.480976,7.7490344,Marginal
TGCTTCGTCAGATGCT-1,0.2720338,4.246761,Oval/Medial
TGCTTCGTCTCTATAC-1,-1.8361179,0.99397343,Hbx
TGGAACTGTCAGCTTA-1,1.4550496,1.28787,Lateral
TGGAGAGGTAACGATA-1,3.491951,5.8831162,Oval/Medial
TGGAGGAAGAACGCGT-1,4.1436043,5.991317,Oval/Medial
TGGAGGAAGTTGAAGT-1,-2.5140288,2.6652238,Hbx
TGGAGGACATCATGAC-1,5.855233,2.3235824,Oval/Medial
TGGAGGAGTGTACAGG-1,4.1019406,12.695956,Oval/Medial
TGGATGTAGACATAGT-1,0.30651477,6.701395,Oval/Medial
TGGCGTGCATCGCTAA-1,3.8235567,12.032678,Oval/Medial
TGGCGTGTCGGAACTT-1,-1.9613736,0.7509659,Hbx
TGGGAGATCGGAAACG-1,0.4383733,3.7511823,Oval/Medial
TGGGATTCAAAGCTAA-1,1.1737736,6.166925,Oval/Medial
TGGGCGTTCGACATCA-1,-2.4805675,1.358283,Hbx
TGGGTTAGTGCGTTTA-1,-2.502249,7.569549,Marginal
TGGGTTAGTTGTGCCG-1,0.6656902,8.340574,Oval/Medial
TGGTACAGTTGGATCT-1,5.321177,10.2264805,Oval/Medial
TGTAAGCTCGCTGTTC-1,-1.2022238,1.6189438,Hbx
TGTACAGTCTGGTCAA-1,4.4624305,3.1418664,Oval/Medial
TGTAGACCAGGTCCCA-1,3.100675,7.9192457,Oval/Medial
TGTCAGAAGCAACAGC-1,6.708503,2.1982636,Oval/Medial
TGTCAGATCTCTCAAT-1,-3.3845484,6.161498,Marginal
TGTCCACGTCATAGTC-1,3.17954,11.697063,Oval/Medial
TGTCCCAGTTCTCTAT-1,5.4457912,6.572196,Oval/Medial
TGTCCTGAGAAGTGTT-1-1,0.7536242,6.0411186,Oval/Medial
TGTGAGTGTTACTCAG-1,-4.019455,7.635254,Marginal
TGTGATGCAAGTTCGT-1,-0.23892482,6.3874526,Oval/Medial
TGTGATGTCAGGTGTT-1,-0.4294223,5.591084,Oval/Medial
TGTGGCGCATGATCTG-1,3.9379284,11.714425,Oval/Medial
TGTGTGAGTCGCACGT-1,5.2239504,9.548693,Oval/Medial
TGTGTGATCGGTGTAT-1,0.20012115,6.6010942,Oval/Medial
TGTTCATCAGAGGTTG-1,-2.5491383,7.107779,Marginal
TGTTCCGGTGTGAGCA-1,3.4281964,9.3008375,Oval/Medial
TGTTGAGTCATTGGTG-1,-3.566419,7.7379403,Marginal
TGTTGGAAGGTCCGAA-1,6.2964787,5.0091915,Oval/Medial
TTAATCCGTACCTATG-1,4.617049,12.636326,Oval/Medial
TTACCGCCATGGGCAA-1,0.88889974,8.006902,Oval/Medial
TTACCGCGTGTGATGG-1,3.5407085,11.2588005,Oval/Medial
TTACGCCCATAGTCAC-1,6.6530685,6.2393017,Oval/Medial
TTACGTTGTCTTTATC-1,3.6062412,7.6951857,Oval/Medial
TTAGGCAGTTACGGAG-1,-3.4425955,7.198472,Marginal
TTCACCGCACGAGAAC-1,0.47665718,4.9119444,Oval/Medial
TTCACCGGTGCGACAA-1,5.6709914,6.9497423,Oval/Medial
TTCAGGATCGAGTCCG-1,-0.16689008,6.3050103,Oval/Medial
TTCCAATGTCTGCAAT-1,-0.6920144,3.832056,Oval/Medial
TTCCACGGTCGAGATG-1,-1.8042667,6.6982703,Oval/Medial
TTCCGGTAGCTGCCAC-1,6.243088,12.004535,Oval/Medial
TTCCGGTGTCTTTCAT-1,4.1427045,7.6721497,Oval/Medial
TTCCTAACAGAGATTA-1,-3.193529,6.6321855,Marginal
TTCCTTCAGCATACTC-1,-0.16138634,7.0103774,Oval/Medial
TTCGCTGAGATGCTGG-1,1.7696209,7.076025,Oval/Medial
TTCTAACAGTCAGCCC-1,-1.8742591,7.654103,Marginal
TTCTAACGTACTCGAT-1,2.836343,12.973663,Oval/Medial
TTCTAGTCATACTGAC-1,1.1863047,7.67819,Oval/Medial
TTCTCTCCACAAATGA-1,7.020264,7.3728495,Oval/Medial
TTCTCTCCAGTCGGAA-1,7.3858843,7.153257,Oval/Medial
TTCTGTATCAAACCTG-1,3.0422983,5.7101865,Oval/Medial
TTCTTCCAGAAGGATG-1,6.6540585,7.0980783,Oval/Medial
TTCTTCCCATCCTAAG-1,-1.7774881,3.761472,Hbx
TTCTTCCTCATTTGTC-1,0.04288122,5.3523836,Oval/Medial
TTCTTCCTCCATAGAC-1,-0.5909438,5.4153104,Oval/Medial
TTGAGTGCACCAGCGT-1,1.9664187,3.5256593,Lateral
TTGATGGAGATACAGT-1,6.380564,6.408854,Oval/Medial
TTGCATTCACTAGTAC-1,-2.793486,5.1443357,Marginal
TTGCTGCGTCTCTCTG-1,3.3892405,7.600738,Oval/Medial
TTGGGTAAGTAGGGTC-1-1,3.2720966,5.5272484,Oval/Medial
TTGGTTTGTTGCCATA-1,7.6002116,6.807695,Oval/Medial
TTGTGGAAGCGCCTTG-1,2.1554503,6.26276,Oval/Medial
TTGTGTTAGACGAAGA-1,4.768236,8.179951,Oval/Medial
TTGTTCAAGTAGCATA-1,5.7428956,2.8297906,Oval/Medial
TTGTTCACAACGCATT-1,1.8939161,4.3231273,Lateral
TTGTTGTAGGAACGTC-1,3.3987703,7.4661145,Oval/Medial
TTGTTTGCATAAGCAA-1,-0.1160872,7.6466703,Oval/Medial
TTGTTTGGTGAAGCTG-1,6.198422,12.074099,Oval/Medial
TTTACCAGTGCACATT-1,0.68603987,9.051761,Oval/Medial
TTTACTGCAAGAGCTG-1,-1.2854276,7.8624234,Marginal
TTTATGCAGGTTTACC-1,2.08605,8.544346,Oval/Medial
TTTATGCCACTGTTCC-1,2.48951,6.9463215,Oval/Medial
TTTCACATCGCAGATT-1,-3.3191178,7.331367,Marginal
TTTCAGTTCGATACGT-1,4.377785,7.3503323,Oval/Medial
TTTCATGAGAGTGTGC-1,-0.7941293,4.9024005,Oval/Medial
TTTCATGGTTAAAGTG-1,5.811657,8.711466,Oval/Medial
TTTCCTCCATAATGAG-1,1.5031565,10.230843,Oval/Medial
TTTCGATTCGTCCTTG-1,-2.764156,6.4932847,Marginal
TTTGATCAGTATAGAC-1,-1.7299908,2.1648796,Hbx
TTTGATCCATTGTAGC-1,5.1286287,3.5495453,Oval/Medial
TTTGGAGAGACATCCT-1,5.9634795,7.5711613,Oval/Medial
TTTGTTGAGCTAGAAT-1,-0.32891855,6.4089046,Oval/Medial
AAACGAATCAAATGCC-1,5.772593,7.447112,Oval/Medial
AAACGAATCATGCTAG-1,2.9838784,9.66874,Oval/Medial
AAAGGATCAGGTTTAC-1,3.4705007,11.675923,Oval/Medial
AAAGTCCAGGCCCACT-1,3.0279331,6.5594196,Oval/Medial
AACAACCCATTGAGCT-1,6.833919,1.8770838,Oval/Medial
AACAAGACATCGGAGA-1,0.24993016,8.924612,Oval/Medial
AACAAGATCACAGTGT-1,4.7011857,5.731092,Oval/Medial
AACAGGGGTCGGTAAG-1,-4.36993,6.52572,Marginal
AACCAACAGCGACTAG-1,-3.0771565,6.3774076,Marginal
AACCTGAGTGCGGTAA-1,4.4491763,10.63365,Oval/Medial
AACCTGATCAAATAGG-1,6.6503487,7.074714,Oval/Medial
AACCTTTTCAAGCTGT-1,5.532502,9.76384,Oval/Medial
AACGAAATCAGGGATG-1,2.7839782,12.534212,Oval/Medial
AACGGGACACAGTCAT-1,0.23571353,6.404912,Oval/Medial
AACGGGAGTGGCGCTT-1,0.49532416,6.34878,Oval/Medial
AACGTCACATCGAGCC-1,-4.1248035,7.544868,Marginal
AACGTCATCTAACGCA-1,2.9175353,9.354447,Oval/Medial
AAGAACACAGCTTCGG-1,3.3404794,11.200334,Oval/Medial
AAGAACAGTCTGGTTA-1,-0.8127883,3.1041331,Hbx
AAGAACATCACATCAG-1,5.177633,8.284182,Oval/Medial
AAGACAAGTAAGTTGA-1,1.8059874,9.945404,Oval/Medial
AAGACTCCATTCGATG-1,5.2836967,6.778211,Oval/Medial
AAGATAGAGAGAGGGC-1,0.10891764,2.2474666,Lateral
AAGATAGAGCATGATA-1,-1.5702475,-0.0050156983,Hbx
AAGATAGCAACTGATC-1,-2.4216912,2.2427962,Hbx
AAGATAGGTTAGGCTT-1,2.3366401,7.3429193,Oval/Medial
AAGCCATCACCAGCGT-1,-0.47267386,0.9253033,Hbx
AAGCGTTCAGGTTTAC-1,0.41359773,9.714453,Oval/Medial
AAGGTAAAGTGCGTCC-1,-2.0736113,2.2442431,Hbx
AAGTACCGTTACGTAC-1,0.16919842,4.9942956,Oval/Medial
AAGTTCGTCGAGAAGC-1,-2.800731,7.36294,Marginal
AATCGACCAGCTCGGT-1,-2.9492123,7.1490006,Marginal
AATGACCGTTACGTAC-1,5.1489425,9.174609,Oval/Medial
AATGGAACAAACAGGC-1,5.203495,11.589825,Oval/Medial
AATGGCTAGACCCGCT-1,-3.4628828,6.297181,Marginal
AATTTCCAGCTCACTA-1,2.2954874,10.225116,Oval/Medial
ACAAAGACAGGTAGTG-1,-1.3012615,0.022263378,Hbx
ACAAGCTGTCTCGGGT-1,-1.321392,6.968995,Oval/Medial
ACACAGTAGCGATGCA-1,6.2530684,6.4265304,Oval/Medial
ACACAGTCAGATTAAG-1,-3.1872363,6.4505196,Marginal
ACACCAAGTATCGTTG-1,-0.22041032,8.194568,Oval/Medial
ACACTGACATCTCATT-1,-0.014482752,3.6301422,Oval/Medial
ACACTGATCTGGCCAG-1,0.45950454,9.566632,Oval/Medial
ACAGCCGCATAACAGA-1,4.7132545,12.669915,Oval/Medial
ACAGCCGTCATCCTGC-1,-0.033672903,4.5698304,Oval/Medial
ACAGGGAAGTACTGTC-1,1.3789017,9.731321,Oval/Medial
ACAGGGATCCCAGTGG-1,-2.2581296,2.8752782,Hbx
ACATCCCAGGAATTAC-1,0.50594735,8.092421,Oval/Medial
ACATCCCCAGTCGCAC-1,3.3468635,12.160746,Oval/Medial
ACATCGATCGATCCCT-1,-0.08626817,5.740169,Oval/Medial
ACATTTCCAACCGACC-1,0.15710996,7.8296103,Oval/Medial
ACATTTCTCTATTGTC-1,0.7574462,2.7699745,Lateral
ACCACAACAGTCAACT-1,4.6017346,5.8234453,Oval/Medial
ACCCAAAAGAACGTGC-1,-0.19635944,6.587755,Oval/Medial
ACCCAAAGTAATTGGA-1,0.5293833,5.670093,Oval/Medial
ACCGTTCAGGTCACTT-1,-4.374685,8.254439,Marginal
ACCGTTCTCTTGGATG-1,-2.8498325,8.652348,Marginal
ACCTACCGTGAATAAC-1,2.322114,1.3339922,Lateral
ACCTGTCAGGTTGGAC-1,5.1646028,10.755484,Oval/Medial
ACCTGTCGTTGGGAAC-1,0.49640253,6.037981,Oval/Medial
ACCTGTCTCTTCACAT-1,0.8345017,1.1439087,Lateral
ACGATCACACCCTCTA-1,4.8340206,6.1870885,Oval/Medial
ACGATCACAGACCTGC-1,5.449437,3.953249,Oval/Medial
ACGATCATCTAATTCC-1,4.4009356,4.780298,Oval/Medial
ACGCACGGTTTACCTT-1,3.822574,11.209321,Oval/Medial
ACGCACGTCCTTATCA-1,2.6544387,12.204551,Oval/Medial
ACGGTCGCAACAACAA-1,1.8639847,8.249748,Oval/Medial
ACGGTTAAGAAACCCG-1,0.029491305,7.164821,Oval/Medial
ACGTACAAGACATAGT-1,0.6557974,8.9914,Oval/Medial
ACGTACACAATCCTTT-1,0.2572295,3.7541304,Oval/Medial
ACGTACACAGCACACC-1,3.0141466,5.084632,Hbx
ACGTAGTAGGGACACT-1,1.7241607,3.791756,Lateral
ACGTCCTGTCGGATTT-1,-0.9694359,7.066853,Oval/Medial
ACTATCTAGAGTGTGC-1,8.51374,7.108576,Oval/Medial
ACTATCTTCGCATGAT-1,3.4436576,5.5350447,Oval/Medial
ACTATTCCACTTTATC-1,0.817583,1.5767622,Lateral
ACTATTCGTATAATGG-1,-1.0408876,5.358942,Oval/Medial
ACTCTCGCAGACAATA-1,2.7994516,6.874951,Oval/Medial
ACTCTCGGTGGCTTAT-1,-1.528673,0.1988633,Hbx
ACTGATGTCTGCCTCA-1,1.0610788,1.5320435,Lateral
ACTGCAAAGTATTGCC-1,1.5505911,9.432125,Oval/Medial
ACTGCAATCAAGGAGC-1,4.208147,11.161255,Oval/Medial
ACTGTCCCATCGCCTT-1,-1.6460131,1.8938408,Hbx
ACTGTGAGTTCTCCAC-1,0.04209996,5.982583,Oval/Medial
ACTGTGATCATGCATG-1,-0.96761674,0.3845035,Hbx
ACTTAGGCAACTGAAA-1,3.4142513,6.789495,Oval/Medial
ACTTCCGAGCCTTTGA-1,0.9322036,5.684986,Oval/Medial
ACTTCGCAGTTCGCAT-1,5.82933,7.379257,Oval/Medial
ACTTTCACAGACTGCC-1,1.795695,8.354901,Oval/Medial
ACTTTGTGTTCGGCGT-1,-0.3154977,3.3263698,Lateral
AGAAATGAGATAGGGA-1,-4.084717,7.171862,Marginal
AGAACAAGTTGCGGCT-1,-0.5406624,8.119209,Oval/Medial
AGAACCTAGCGTTCAT-1,2.9870203,10.156165,Oval/Medial
AGAAGTATCACCTCGT-1,-1.1864779,1.3640544,Hbx
AGAAGTATCTGACGCG-1,0.98092437,1.465796,Lateral
AGACAAACAAATACAG-1,-0.24648413,4.3143873,Oval/Medial
AGACAGGAGGCACTCC-1,2.1101005,3.0342662,Lateral
AGACTCATCTTAGCCC-1,1.9474787,3.8046029,Lateral
AGAGAATGTAATGTGA-1,7.058021,8.11729,Oval/Medial
AGAGAGCCACGTAGTT-1,0.9401347,8.815608,Oval/Medial
AGAGAGCGTAACATCC-1,5.304979,10.974018,Oval/Medial
AGAGCAGTCGCCTTGT-1,3.6500893,6.0232453,Oval/Medial
AGAGCCCGTCAGACGA-1,4.6207447,3.032829,Oval/Medial
AGATAGATCGTCCTTG-1,2.5348933,6.817446,Oval/Medial
AGATCCAGTCGGTACC-1,4.265118,3.7054331,Oval/Medial
AGCATCACAATAGGGC-1,5.074005,11.56197,Oval/Medial
AGCCAATTCGTTACCC-1,2.1946554,8.965998,Oval/Medial
AGCGATTAGGTAGTAT-1,-3.276818,7.299508,Marginal
AGCGATTTCTATCACT-1,3.4789286,9.229084,Oval/Medial
AGCGTATTCTGAACGT-1,-2.279978,7.7449365,Marginal
AGCTCAAAGGAAAGGT-1,4.0349655,5.372668,Oval/Medial
AGCTTCCTCTAACGGT-1,1.3784994,3.4632676,Lateral
AGGACGACATATACCG-1,2.342473,9.037533,Oval/Medial
AGGATAAAGAATGTTG-1,2.8141544,1.9699953,Lateral
AGGATAAGTCCTGTTC-1,8.413597,7.4016566,Oval/Medial
AGGCATTCAAGTGGCA-1-1,-0.958421,1.0058585,Hbx
AGGCCACTCCTACCGT-1,1.254358,2.5783255,Lateral
AGGCTGCTCGGACGTC-1,4.9071383,6.1921334,Oval/Medial
AGGGCCTGTTAGGACG-1,5.023408,8.205472,Oval/Medial
AGGGCTCTCTCACGAA-1,-2.002244,2.8441265,Hbx
AGGGTGAGTATCTTCT-1,-1.3617884,7.6639433,Oval/Medial
AGGGTTTAGTGTTCAC-1,0.37169084,7.213018,Oval/Medial
AGGGTTTTCAACGCTA-1,1.1335192,1.4730352,Lateral
AGGTCATAGTTGTCAC-1,1.6097696,9.820854,Oval/Medial
AGGTTGTCACTCAGAT-1,0.30812812,3.2381895,Lateral
AGGTTGTGTAACGGTG-1,2.724691,7.465053,Oval/Medial
AGTAACCCATCACCAA-1,2.2573078,1.8975158,Lateral
AGTACTGCAGGCTTGC-1,1.5594101,2.18241,Lateral
AGTACTGTCCGTGTGG-1,0.23885587,4.2053914,Oval/Medial
AGTAGTCAGGTGATCG-1,4.610824,9.81225,Oval/Medial
AGTCAACAGTACCCTA-1,-0.6341794,7.715117,Oval/Medial
AGTCAACAGTGGAAGA-1-1,2.6539142,9.087456,Oval/Medial
AGTCACAAGGCACAAC-1,4.3555503,6.0610223,Oval/Medial
AGTCATGGTACCGCGT-1,8.245565,7.190002,Oval/Medial
AGTCTCCAGGTGATAT-1,0.37974694,6.5213447,Oval/Medial
AGTGACTGTCCGATCG-1,1.0941107,8.422248,Oval/Medial
AGTGATCAGCACGGAT-1,3.1139197,10.087752,Oval/Medial
AGTGCCGAGCACCCAC-1,-2.3632512,1.5070589,Hbx
AGTTAGCAGGGATCTG-1,6.9113727,3.8930736,Oval/Medial
AGTTAGCCACTTGTGA-1,-0.8939117,0.8328359,Hbx
AGTTCCCGTATTTCCT-1,3.966931,4.768075,Oval/Medial
ATACCTTCACTCCTTG-1,1.73268,8.709814,Oval/Medial
ATAGACCAGACATACA-1,0.5437907,8.29026,Oval/Medial
ATAGACCAGATTCGAA-1,-4.1584325,6.1714706,Marginal
ATATCCTTCTCCCTAG-1,1.675124,3.3992152,Lateral
ATCACGAAGGTCGAGT-1,1.7913393,2.449929,Lateral
ATCACGAGTAACCAGG-1,4.0950284,8.566322,Oval/Medial
ATCACTTCACTTGGGC-1,5.2358017,6.020453,Oval/Medial
ATCAGGTCACATATGC-1,5.3599606,11.559665,Oval/Medial
ATCCATTCAAGGTTGG-1-1,0.09545275,6.986754,Oval/Medial
ATCCATTGTCCCAAAT-1,-2.8502705,7.6875033,Marginal
ATCCATTGTTCCAGGC-1,0.31168664,9.070835,Oval/Medial
ATCCCTGAGGAGCTGT-1,6.143074,6.096855,Oval/Medial
ATCCCTGGTTGGCTAT-1,-1.4234664,6.233762,Oval/Medial
ATCCGTCTCAATCTCT-1,5.515091,10.560314,Oval/Medial
ATCCTATTCGCCAATA-1,1.3192916,2.6180258,Lateral
ATCCTATTCTGTGTGA-1,0.9458656,8.299691,Oval/Medial
ATCGATGGTCTGCGCA-1,-3.1999438,6.3622785,Marginal
ATCGCCTGTCATTGCA-1,1.0645233,2.3851883,Lateral
ATCGTAGAGGTGCGAT-1,-0.91535026,0.53565,Hbx
ATCGTAGCATGACTAC-1,3.6902587,11.256336,Oval/Medial
ATCGTAGGTGAGTAAT-1,5.5583544,6.6496205,Oval/Medial
ATCGTGACAGCAAGAC-1,4.477303,12.922241,Oval/Medial
ATCTCTAGTGTTTACG-1,-2.4125645,7.9447384,Marginal
ATCTCTATCGCACTCT-1,0.109966025,6.831804,Oval/Medial
ATCTTCATCGAGAGCA-1,4.13072,12.011001,Oval/Medial
ATGACCACAAGCTGTT-1,-1.6703342,-0.42467314,Hbx
ATGAGGGTCACGGGAA-1,6.7324476,6.695654,Oval/Medial
ATGAGTCAGAGCATCG-1,1.9717078,2.3269157,Lateral
ATGATCGAGAAATTCG-1,2.8869026,6.782444,Oval/Medial
ATGATCGCATCACCAA-1,5.378106,10.825032,Oval/Medial
ATGCATGGTGGTCTGC-1,-2.3359222,6.3500633,Marginal
ATGCCTCGTCACCGCA-1,0.8188149,6.033191,Oval/Medial
ATGCCTCTCTCTCGAC-1,3.2333143,12.189968,Oval/Medial
ATGGAGGAGAGAGTTT-1,3.1289175,12.261604,Oval/Medial
ATGGAGGAGGATTCCT-1,2.5398474,6.6700225,Oval/Medial
ATGGAGGGTATGGAAT-1,4.177081,3.4931626,Oval/Medial
ATGGAGGGTTGCTGAT-1,5.2367334,11.935507,Oval/Medial
ATGGATCCATCACAGT-1,-2.1768157,6.737423,Marginal
ATGGATCGTGGTACAG-1,5.4510593,6.076264,Oval/Medial
ATGGGAGAGCCTCATA-1,0.95895183,4.2308936,Lateral
ATGTCCCAGAAGCGGG-1,5.264577,10.719668,Oval/Medial
ATGTCCCAGCTGCCAC-1,6.051629,11.611629,Oval/Medial
ATGTCCCCATCCGCGA-1,2.9893758,9.471771,Oval/Medial
ATTACCTTCCGCTTAC-1,-4.0204153,6.0820184,Marginal
ATTATCCCACAAGGTG-1,4.61583,8.566066,Oval/Medial
ATTATCCTCTGCTTTA-1,3.4744205,11.353298,Oval/Medial
ATTCACTAGTCGAAAT-1,2.2231414,4.2120976,Lateral
ATTCAGGGTGTTTCTT-1,4.8332176,10.630588,Oval/Medial
ATTCATCGTTCCACGG-1,0.93988794,3.2604394,Lateral
ATTCCATAGTGCACAG-1,-0.7660291,4.0538282,Oval/Medial
ATTCCCGCAACTGCCG-1,1.5208149,8.076293,Oval/Medial
ATTCCCGCACAAGGTG-1,-0.080201626,0.66682416,Lateral
ATTCCTACAGGCACAA-1,5.8785057,10.921833,Oval/Medial
ATTCCTAGTGTGCTTA-1,-0.76323897,4.403357,Oval/Medial
ATTCTACGTGCCTTTC-1,5.7396727,10.866395,Oval/Medial
ATTCTACGTGGATACG-1,4.602227,7.1827264,Oval/Medial
ATTCTACTCAACCTTT-1,4.6827583,10.218616,Oval/Medial
ATTCTTGTCCCTCGAT-1,-2.0419238,7.9455886,Marginal
ATTGGGTGTGACTGAG-1,0.48396054,8.781695,Oval/Medial
ATTGTTCGTCCGGTGT-1,-0.6302198,6.636458,Oval/Medial
ATTGTTCGTGACGCCT-1,2.196712,10.014198,Oval/Medial
ATTGTTCGTTCTCGCT-1,-1.6597717,4.252714,Hbx
ATTTCTGAGGTTTGAA-1,1.3889389,6.6786027,Oval/Medial
ATTTCTGCACAACATC-1,-2.7699955,8.08343,Marginal
ATTTCTGTCGTGCTCT-1,0.3347359,6.299488,Oval/Medial
CAACAGTTCACTGTTT-1,-3.4235427,5.8712807,Marginal
CAACAGTTCGCGTGCA-1,6.430309,12.033003,Oval/Medial
CAACCAATCACTACTT-1,-2.1277335,7.251784,Marginal
CAACCTCCAAGAAATC-1,1.0753173,7.9104557,Oval/Medial
CAACGATAGCGTCTCG-1,7.2677493,1.2883797,Oval/Medial
CAAGCTAAGCCTGACC-1,4.205648,6.486192,Oval/Medial
CAAGGGATCCTTCTGG-1,0.8868127,2.4281688,Lateral
CAATCGAAGACCGTTT-1,-0.019233925,5.086561,Oval/Medial
CAATCGAGTTTGGGAG-1,-4.5031805,7.4088326,Marginal
CAATCGATCCACACCT-1,3.897291,7.287763,Oval/Medial
CAATGACTCCATCAGA-1,-2.2186832,1.2616472,Hbx
CAATTTCGTAACCAGG-1,3.7293293,6.1439204,Oval/Medial
CACAACAGTAGCCCTG-1,6.4507833,7.0540853,Oval/Medial
CACACAAAGTCGAAGC-1,1.4759406,6.0072255,Oval/Medial
CACACAAGTGTACGCC-1,-0.66356975,3.863678,Oval/Medial
CACAGATCAGCGAACA-1,3.1699576,11.358517,Oval/Medial
CACATGATCTTAGCAG-1,-0.5895879,4.37746,Oval/Medial
CACCAAAAGACTACGG-1,3.5060647,12.534713,Oval/Medial
CACCAAATCACTGCTC-1,5.4577475,9.142674,Oval/Medial
CACCGTTAGAATCGCG-1,3.3378549,7.171601,Oval/Medial
CACCGTTTCGTCGGGT-1,2.6963081,12.563518,Oval/Medial
CACGAATAGACTGTTC-1,4.048549,10.398656,Oval/Medial
CACGAATCAGTGGGTA-1,1.8438611,8.252645,Oval/Medial
CACGTTCTCCTAAACG-1,5.0223603,12.048814,Oval/Medial
CACTGGGTCGCGGTAC-1,4.8661566,12.457244,Oval/Medial
CACTGTCAGCTGAAAT-1,8.418695,6.968007,Oval/Medial
CACTGTCGTTGTAGCT-1,5.862602,8.244254,Oval/Medial
CACTTCGCACATAACC-1,-0.12581393,8.180023,Oval/Medial
CACTTCGGTGTTCCTC-1,3.7987475,10.054997,Oval/Medial
CAGAGCCAGGATTTAG-1,4.055557,7.3873997,Oval/Medial
CAGAGCCGTATCCCTC-1,4.8903775,10.855358,Oval/Medial
CAGAGCCGTTCAATCG-1,-0.4311112,5.825159,Oval/Medial
CAGAGCCTCAGAGCAG-1,-0.6192703,4.52723,Oval/Medial
CAGATTGGTGAGTAAT-1,5.489514,11.338862,Oval/Medial
CAGCGTGTCGGATTAC-1,6.587272,8.390333,Oval/Medial
CAGGCCAAGAAGCGAA-1,-2.9854596,7.6221333,Marginal
CAGGCCACACGGATCC-1,3.7022967,11.400432,Oval/Medial
CAGGCCAGTGAGACGT-1,-2.163927,8.032566,Marginal
CAGGGCTCATTCATCT-1,4.0955377,6.279477,Oval/Medial
CAGGTATAGCGTACAG-1,2.7917597,2.7567444,Lateral
CAGGTATCATCCTCAC-1,-4.074318,7.836763,Marginal
CAGTGCGGTGCTCTCT-1,-2.113076,4.0705976,Hbx
CAGTGCGGTGTATCCA-1,0.8563312,9.323579,Oval/Medial
CAGTTAGCAGGAATAT-1,7.0760055,6.0308013,Oval/Medial
CAGTTCCTCTTCCCGA-1-1,1.3738953,9.87006,Oval/Medial
CATAAGCAGATCCCGC-1,4.879981,5.7089124,Oval/Medial
CATAAGCTCTCACGAA-1,4.5857115,11.07794,Oval/Medial
CATACAGGTTTAGACC-1,1.0091618,8.191043,Oval/Medial
CATACTTAGTCACGAG-1,4.562001,6.456013,Oval/Medial
CATACTTCATTAGGAA-1-1,2.1368809,6.049347,Oval/Medial
CATAGACCAGGTGAGT-1,1.3759027,9.127724,Oval/Medial
CATCAAGAGCGTTGTT-1,5.6923294,5.7448587,Oval/Medial
CATCAAGTCTCGGGAC-1,3.7363918,10.068903,Oval/Medial
CATCCGTTCGACATTG-1,-2.064182,1.0603235,Hbx
CATGCCTCACGGATCC-1,-3.1134417,7.202427,Marginal
CATGCGGGTAGCGTCC-1,5.2025495,12.692145,Oval/Medial
CATGCGGGTAGGACCA-1,4.812928,10.39494,Oval/Medial
CATGGATTCGGACAAG-1,2.1977413,7.8298883,Oval/Medial
CATTCATCATGCGGTC-1,3.0805025,6.7339354,Oval/Medial
CATTCTAGTTCCGTTC-1,-0.43573242,7.7478585,Oval/Medial
CATTGAGGTAGACGTG-1,-2.723632,7.8708954,Marginal
CATTGAGTCGGAGATG-1,5.715543,12.40201,Oval/Medial
CATTGCCAGGTACAAT-1,-1.3631798,3.2992747,Hbx
CATTGTTCACCCTCTA-1,3.419467,13.486012,Oval/Medial
CCAATGAAGATCACTC-1,4.493912,7.726798,Oval/Medial
CCAATGAAGCTGCCAC-1,-0.49714306,7.6119514,Oval/Medial
CCAATGACACTGAGTT-1,-1.3102204,6.771293,Oval/Medial
CCACAAAAGCGTGAAC-1,2.416579,1.4990832,Lateral
CCACGTTAGGAGGTTC-1,-3.7915583,6.486868,Marginal
CCACGTTCAGTTTCGA-1,0.7862999,7.357313,Oval/Medial
CCACTTGCAGGCATGA-1,2.9232807,5.185251,Oval/Medial
CCACTTGGTGCTTATG-1,7.9337263,6.926353,Oval/Medial
CCACTTGTCACTGTTT-1,1.7288063,5.39491,Oval/Medial
CCACTTGTCATCCTAT-1,-3.5093548,7.513588,Marginal
CCATAAGTCACTTATC-1,2.1197464,6.6172647,Oval/Medial
CCCATTGCACTTGTGA-1,-1.7101632,7.560183,Marginal
CCCGAAGTCTGTCTCG-1,2.7483144,12.570635,Oval/Medial
CCGAACGAGGAAAGTG-1,-3.8878028,7.454542,Marginal
CCGATCTAGGGAGATA-1,-2.1909351,1.9524533,Hbx
CCGATCTCACTTGACA-1,-4.061732,6.19165,Marginal
CCGATGGGTAGGTGCA-1,4.4749384,10.812912,Oval/Medial
CCGGACAGTATCGAGG-1,-0.9708949,7.1851277,Oval/Medial
CCGGGTACATGAAGCG-1,3.3490474,9.53837,Oval/Medial
CCGGGTAGTATGAGAT-1,5.8005505,2.788321,Oval/Medial
CCGGGTAGTCCTCAGG-1,2.8160543,6.519382,Oval/Medial
CCTAACCTCGGTGTTA-1,2.869462,11.573885,Oval/Medial
CCTACGTAGCCATCCG-1,2.7629728,11.317638,Oval/Medial
CCTATCGGTCGAGCAA-1,1.7799536,10.461376,Oval/Medial
CCTATCGGTCTGATAC-1,-1.2978666,7.0696745,Oval/Medial
CCTCACACACTCACTC-1,2.9507284,13.637434,Oval/Medial
CCTCACATCCGAACGC-1,3.6257246,9.860434,Oval/Medial
CCTCCAACATCTGTTT-1,1.5039511,7.106535,Oval/Medial
CCTCCAATCAGTCTTT-1,0.043639615,6.236208,Oval/Medial
CCTCTCCCAACGATTC-1,0.42048383,8.55102,Oval/Medial
CCTGTTGAGTGGGAAA-1,5.6953216,11.605377,Oval/Medial
CCTGTTGTCAAGGTGG-1,2.8764608,12.662839,Oval/Medial
CCTTCAGCAATCAAGA-1,2.5927806,11.067815,Oval/Medial
CCTTTGGTCATGGATC-1,-0.46075028,4.8814683,Oval/Medial
CGAAGGATCTACGCAA-1,3.9792309,12.036168,Oval/Medial
CGAAGTTAGTCTGGTT-1,3.9116054,6.7096086,Oval/Medial
CGAATTGGTATGGAAT-1,1.671346,1.6476762,Lateral
CGAGAAGCACTACAGT-1,4.8682837,6.1309147,Oval/Medial
CGAGAAGTCTCCACTG-1,-0.3177392,4.784161,Oval/Medial
CGAGGAACATGACAGG-1,-1.4697878,7.8464856,Oval/Medial
CGAGGCTAGCGAATGC-1,5.6137066,11.00616,Oval/Medial
CGAGGCTAGGAACGTC-1,5.076765,6.1602135,Oval/Medial
CGAGTTACATGGGTCC-1,4.0625043,12.004355,Oval/Medial
CGAGTTAGTTGGAGGT-1,1.4619933,8.200239,Oval/Medial
CGATCGGGTGTAGGAC-1,3.2522452,12.119667,Oval/Medial
CGATGCGTCGCAACAT-1,3.4576232,12.1974945,Oval/Medial
CGCAGGTCAATATCCG-1,2.3232374,5.048889,Oval/Medial
CGCATAACAGTCAGAG-1,6.4575386,8.277476,Oval/Medial
CGCATGGGTACAACGG-1,5.941975,6.1720643,Oval/Medial
CGCCAGAAGAGAACCC-1,1.6259093,3.049452,Lateral
CGCCAGACAACGCATT-1,1.4279513,8.021606,Oval/Medial
CGCCAGATCCCAAGCG-1,1.4473315,5.3666425,Oval/Medial
CGCCATTAGCAAGCCA-1,1.0608554,6.5014296,Oval/Medial
CGCCATTGTATATGGA-1,5.75258,2.0311182,Oval/Medial
CGGAATTAGCACCAGA-1-1,0.8842337,7.0440087,Oval/Medial
CGGCAGTAGAGTGAAG-1,-0.9785455,6.1334014,Oval/Medial
CGGCAGTGTAGGATAT-1,4.9769607,9.122769,Oval/Medial
CGGGACTGTCAGTCGC-1-1,5.668792,7.245619,Oval/Medial
CGGGCATCAAAGCACG-1,-0.28420153,5.6422405,Oval/Medial
CGGGTGTCAAACTAAG-1,3.974074,6.1197796,Oval/Medial
CGTAAGTGTGAGGCAT-1,1.6623906,6.380321,Marginal
CGTAATGAGCAAGTCG-1,-3.7315671,6.8184495,Marginal
CGTAGTAAGATCGCCC-1,2.137403,2.385628,Lateral
CGTGATAAGCGTTCAT-1,-0.3486111,6.64673,Oval/Medial
CGTGATATCGGCCCAA-1,2.5883162,8.031861,Oval/Medial
CGTGCTTGTACTTGTG-1,4.6185594,8.072427,Oval/Medial
CGTGCTTGTGCTCGTG-1,2.886012,6.7030816,Oval/Medial
CGTGCTTTCGCGCCAA-1,5.1357,10.211202,Oval/Medial
CGTTAGAAGATAGGGA-1,-0.6169352,7.1177645,Oval/Medial
CTAACCCGTTCTGAGT-1,4.994411,9.833296,Oval/Medial
CTAACCCTCGTTAGTG-1,8.61254,7.1767807,Oval/Medial
CTAACTTTCTCTGCTG-1,5.8892984,11.9868555,Oval/Medial
CTAAGTGGTCCGTTTC-1,5.696771,6.531841,Oval/Medial
CTACAGACAAAGGCTG-1,8.824533,7.2766747,Oval/Medial
CTACCTGCATTCCTAT-1,5.159757,10.601304,Oval/Medial
CTACGGGTCTTTGATC-1,1.7008096,8.717225,Oval/Medial
CTACTATGTTACGTAC-1,4.658845,7.5586863,Oval/Medial
CTAGACATCCATAGAC-1,-0.85637397,4.8904614,Oval/Medial
CTAGGTATCACTGTCC-1,0.42388475,4.6096764,Oval/Medial
CTATCTATCAAACTGC-1,4.8670435,10.071292,Oval/Medial
CTCAACCAGCAGATAT-1,4.9054594,10.2782345,Oval/Medial
CTCAACCGTTCTCCCA-1,-1.0849097,6.1039004,Oval/Medial
CTCAAGAAGTATGGAT-1,2.858208,11.902717,Oval/Medial
CTCAGAAAGCGCCCAT-1,4.658975,9.812486,Oval/Medial
CTCATCGTCGTTCAGA-1,-2.4155695,6.493895,Marginal
CTCATCGTCTTACTGT-1,3.5244815,11.789195,Oval/Medial
CTCATTACAATACGAA-1,2.8838491,7.6422267,Oval/Medial
CTCATTATCTGAATGC-1,3.5356107,8.854455,Oval/Medial
CTCCAACTCCTTATCA-1,6.224491,11.965048,Oval/Medial
CTCCATGTCTTGTGCC-1,2.686645,5.306559,Oval/Medial
CTCCCAATCACCTGTC-1,-0.17117544,5.2791452,Oval/Medial
CTCCGATTCCCAAGCG-1,5.748723,9.889403,Oval/Medial
CTCCTTTCAATTTCCT-1,7.3304625,5.8537564,Oval/Medial
CTCCTTTGTTAAGCAA-1,-0.3905518,6.53657,Oval/Medial
CTCTCAGGTGTAAATG-1,3.7301242,7.3007126,Oval/Medial
CTCTCGAAGTCCGCGT-1,0.28772697,4.188651,Oval/Medial
CTCTCGACAGCTGTAT-1,0.60703737,6.6821055,Oval/Medial
CTCTGGTTCTATCGTT-1,5.1952853,11.923081,Oval/Medial
CTGATCCAGGTCTTTG-1,-2.5429611,0.3829798,Hbx
CTGATCCCAAGAGTTA-1,3.9966865,5.2477384,Oval/Medial
CTGATCCGTCATCTAG-1,3.287859,6.4535565,Oval/Medial
CTGATCCTCAACTGAC-1,5.4708414,11.343617,Oval/Medial
CTGCCATTCGTGCATA-1,1.307616,7.369943,Oval/Medial
CTGCCTAGTGCAACAG-1,-1.7692077,6.761437,Marginal
CTGGACGGTTATCCAG-1,-0.12188434,7.5982065,Oval/Medial
CTGTGAAGTTAACCTG-1,-0.6156649,4.2192273,Oval/Medial
CTTCCGAAGATGGGCT-1,8.443587,7.3201003,Oval/Medial
CTTCCTTTCATTGGTG-1,-2.8695652,6.6078157,Marginal
CTTCGGTAGTGGAAAG-1,-0.18616718,4.038441,Oval/Medial
CTTCGGTCACAAATGA-1,-0.9017307,6.064054,Oval/Medial
CTTCTAATCCGCAGTG-1,-1.5815494,1.7070676,Hbx
CTTCTAATCGTGTGAT-1,-0.8502691,4.926414,Oval/Medial
CTTCTCTTCAGCAGAG-1,7.3429036,7.489688,Oval/Medial
CTTGAGAAGCGTATAA-1-1,4.542995,6.8594055,Oval/Medial
CTTGAGAGTATCGTAC-1,8.26094,6.915668,Oval/Medial
CTTGATTAGATTGATG-1,0.7148776,2.1307576,Lateral
CTTGATTAGCGAAACC-1,2.721644,6.547158,Oval/Medial
CTTTCAAAGCGACTAG-1,-1.7370766,2.4789138,Hbx
CTTTCGGAGCGGTATG-1,5.009583,10.324292,Oval/Medial
GAAACCTGTGCCCTTT-1,5.545276,5.2180934,Oval/Medial
GAAACCTGTTCCATTT-1,-0.772582,5.357872,Oval/Medial
GAAATGATCTTGGAAC-1,5.1590323,10.676779,Oval/Medial
GAACTGTGTCATCGCG-1,7.3783436,4.6359754,Oval/Medial
GAAGCGAAGGAACTCG-1,-2.4364731,6.7656226,Marginal
GAAGGACAGCGCACAA-1,-4.2200155,6.461468,Marginal
GAAGGACAGGCTGAAC-1,4.1834564,10.832925,Oval/Medial
GAAGGGTCATATTCGG-1,2.7935576,7.0910645,Oval/Medial
GAAGGGTGTCAGGTGA-1,5.635179,11.1702585,Oval/Medial
GAAGGGTTCGTTCCCA-1,-3.0409167,7.2507834,Marginal
GAAGTAAAGCGCTGAA-1,1.9702955,10.328253,Oval/Medial
GAAGTAACACGTGAGA-1,3.5964243,12.060155,Oval/Medial
GAATAGACATGGCTAT-1,3.8427007,7.1238313,Oval/Medial
GAATCACAGGCACGAT-1,5.0801816,6.378741,Oval/Medial
GAATCGTCAGCGTACC-1,3.4012547,10.911528,Oval/Medial
GACACGCCAGGAATCG-1,-2.0702157,7.573555,Marginal
GACAGCCGTTTCTATC-1,5.528558,11.948708,Oval/Medial
GACATCAAGATAACAC-1,-2.493764,7.3806143,Marginal
GACCAATAGTCTCGTA-1,0.7143595,1.27856,Lateral
GACCAATCAGCTATAC-1,8.588808,7.15543,Oval/Medial
GACCCTTCATCGGAGA-1,3.6889858,11.782269,Oval/Medial
GACCCTTGTATACCCA-1,2.9651325,1.6458329,Lateral
GACCCTTGTGTGACCC-1,5.8014293,1.9660465,Oval/Medial
GACCTTCCAACCAATC-1,0.66224843,8.21257,Oval/Medial
GACCTTCTCCAGTGCG-1,5.544134,6.5670357,Oval/Medial
GACGTTACACACCGCA-1,-1.7751901,3.047225,Hbx
GACGTTAGTCACAGAG-1,3.504097,11.049936,Oval/Medial
GACGTTATCCGCATAA-1,0.28342286,8.709876,Oval/Medial
GACTATGTCTGCGAGC-1,4.3048763,5.6133385,Oval/Medial
GACTGATAGGTGGTTG-1,0.428289,6.958148,Oval/Medial
GACTGATTCTGCGGAC-1,-0.58214617,0.6169382,Hbx
GACTTCCAGGGCAAGG-1,0.47811896,2.798014,Lateral
GAGACTTCAGGAAGTC-1,1.1403733,9.690938,Oval/Medial
GAGGCAAAGTGGAAGA-1,3.2069287,11.624096,Oval/Medial
GAGGCAACAACCGCTG-1,-2.0448024,6.794674,Marginal
GAGGCCTCACTGTGTA-1,3.228088,13.463949,Oval/Medial
GAGGCCTCAGCTGAGA-1,0.23584636,7.5927,Oval/Medial
GAGGGATGTTACGCCG-1,-2.0426152,-0.33571118,Hbx
GAGTTGTAGCGTCAGA-1,3.8622417,8.472708,Oval/Medial
GAGTTTGGTGAAGCGT-1,2.7234602,7.699281,Oval/Medial
GATAGAAAGCCAACCC-1,0.19493036,4.6572647,Oval/Medial
GATAGCTAGCGACTGA-1,-2.3282084,2.9706137,Hbx
GATCACATCGACTCCT-1,5.90304,6.9597507,Oval/Medial
GATCAGTAGGTCGCCT-1,3.8939826,9.3627825,Oval/Medial
GATCAGTTCGCTGATA-1,0.57572013,7.731231,Oval/Medial
GATCATGCAACGTAAA-1,5.6094003,6.679218,Oval/Medial
GATCATGGTGTGACCC-1,6.145689,10.793661,Oval/Medial
GATGACTGTTGACTGT-1,0.68630546,8.737951,Oval/Medial
GATGAGGCATTAAAGG-1,3.4211118,8.625251,Oval/Medial
GATGATCGTATGCAAA-1,5.048614,6.649471,Oval/Medial
GATGCTAAGTGATAAC-1,1.1568998,10.090608,Oval/Medial
GATGCTACAACACAAA-1,2.3541741,6.391007,Oval/Medial
GATGTTGAGCTAATCC-1,6.445963,6.5504723,Oval/Medial
GATTCGACAGCTCCTT-1,1.7978406,7.582291,Oval/Medial
GATTCTTAGGTACTGG-1,2.1545148,2.2416263,Lateral
GATTCTTCACATATCG-1,-1.2566254,6.090559,Oval/Medial
GATTTCTGTGGCCACT-1,6.4319777,7.7471395,Oval/Medial
GCAACATTCTGGCCAG-1,0.3702102,9.268215,Oval/Medial
GCAACCGGTGTCGATT-1,1.5401841,6.1520624,Oval/Medial
GCAACCGTCACGGAGA-1,-1.3012123,1.9989439,Hbx
GCACGGTCAATCTCGA-1,4.9699464,6.2196755,Oval/Medial
GCACTAAGTAATGATG-1,2.8413103,12.711329,Oval/Medial
GCACTAAGTTTCTTAC-1,2.977772,13.37799,Oval/Medial
GCAGCCAGTCTCTCTG-1,4.3182764,4.360468,Oval/Medial
GCAGCTGCAGTAGGAC-1,4.2658415,7.108228,Oval/Medial
GCAGGCTCACTGTCCT-1,5.2667956,6.2685895,Oval/Medial
GCAGGCTCAGTCGAGA-1,5.074228,8.156781,Oval/Medial
GCAGGCTGTGACCGTC-1,-2.0516913,1.9958979,Hbx
GCAGTTAAGTGGCAGT-1,-3.5690866,5.493943,Marginal
GCATCGGAGCTAGTTC-1,-3.1391697,6.885201,Marginal
GCATCGGGTAACATGA-1,5.6721807,10.792963,Oval/Medial
GCATCTCTCAATGTCG-1,-0.66041726,5.353721,Oval/Medial
GCCAGCACAGCAGAAC-1,-0.9902992,7.3437247,Oval/Medial
GCCAGCAGTGTGATGG-1,1.8596659,1.4138817,Lateral
GCCAGGTAGAAACCCG-1,3.1237218,13.228784,Oval/Medial
GCCATTCGTCACCTTC-1,1.8926053,7.8699026,Oval/Medial
GCCATTCTCACTACGA-1,0.35129222,7.491483,Oval/Medial
GCCATTCTCGCGCCAA-1,-3.2164457,7.8571553,Marginal
GCCCAGAAGCCTTGAT-1,2.1568234,6.5999546,Oval/Medial
GCCCGAACAAGACTGG-1,2.0589569,9.475909,Oval/Medial
GCCGATGAGATGGTCG-1,4.0945125,4.3073525,Oval/Medial
GCCGATGCAAATGGCG-1,-2.5569537,8.159407,Marginal
GCCGATGCAGCAGATG-1,-3.0179527,7.7991614,Marginal
GCCGATGTCAAACTGC-1,2.5015068,10.387621,Oval/Medial
GCGATCGCAATAACGA-1,7.375228,7.0915194,Oval/Medial
GCGGATCAGTTGCATC-1,4.7670436,6.376102,Oval/Medial
GCGTTTCAGTCGCCAC-1,-2.2298837,1.3749447,Hbx
GCTACAAAGGGTAATT-1,-2.478479,7.7285333,Marginal
GCTACAATCATGGGAG-1,3.5098286,9.919936,Oval/Medial
GCTACCTCAACCGATT-1,6.075777,2.0273838,Oval/Medial
GCTACCTTCACCACAA-1,-3.4973917,6.834359,Marginal
GCTCAAAAGATACAGT-1,-3.634063,8.090243,Marginal
GCTCAAAGTTCATCGA-1,4.2497964,10.668088,Oval/Medial
GCTCAAATCAAGAGGC-1,6.8642874,7.8048043,Oval/Medial
GCTGAATCAGTGTATC-1,2.601151,1.4507077,Lateral
GCTGCAGCAGTTGTTG-1,1.7282273,3.5199304,Lateral
GCTTGGGCACTGCATA-1,2.7869728,11.73162,Oval/Medial
GCTTGGGTCTGCGTCT-1,0.48214978,7.4573836,Oval/Medial
GCTTTCGGTTACACAC-1,7.2968383,7.0022593,Oval/Medial
GGAATCTCAAGGTCAG-1,3.955279,13.005536,Oval/Medial
GGACGTCCATGCCATA-1,2.14396,6.401933,Oval/Medial
GGAGATGCACAGAGCA-1,0.12679055,3.8381877,Oval/Medial
GGAGCAACAATACGAA-1,4.696353,8.12217,Oval/Medial
GGAGCAAGTTATGACC-1,3.9329107,6.7357173,Oval/Medial
GGAGGATAGACTGAGC-1,7.582147,8.729733,Oval/Medial
GGAGGATCAAATGCTC-1,3.200029,9.6617775,Oval/Medial
GGAGGATCATGTGGCC-1,1.2168319,8.452453,Oval/Medial
GGAGGATTCAAGAGGC-1,7.6887727,6.350124,Oval/Medial
GGAGGATTCATTCTTG-1,4.563751,8.370286,Oval/Medial
GGATCTACACCCTTAC-1,1.9817792,6.0674877,Oval/Medial
GGCACGTGTGGATGAC-1,3.624125,9.005255,Oval/Medial
GGCAGTCGTTCGGCTG-1,4.8528657,10.634039,Oval/Medial
GGCTGTGAGGTTACCT-1,0.6674599,6.8918223,Oval/Medial
GGCTTGGCATCCTAAG-1,3.5205183,6.1176505,Oval/Medial
GGCTTGGTCAAGTCGT-1,0.3938162,5.7134643,Oval/Medial
GGGACCTAGGTACAAT-1,-2.269123,2.089247,Hbx
GGGAGTAAGCAGCCCT-1,1.461826,8.593874,Oval/Medial
GGGATGAAGAGCCGAT-1,5.6469088,2.3371532,Oval/Medial
GGGATGAGTGTTTACG-1,6.617196,9.380763,Oval/Medial
GGGTAGAGTAGTGCGA-1,2.8792548,5.555907,Oval/Medial
GGGTCTGTCGAACGCC-1,-0.32479453,6.3470387,Oval/Medial
GGGTGAACACGGTCTG-1,0.76083153,8.816023,Oval/Medial
GGGTGAATCCTTGACC-1,0.6950402,7.104896,Oval/Medial
GGGTGAATCTAAGAAG-1,1.8525888,2.315608,Lateral
GGGTTATTCGGTCAGC-1,3.4291954,11.423468,Oval/Medial
GGGTTTACAATCACGT-1,-2.1894438,2.0375667,Hbx
GGTAGAGCACTACCCT-1,3.7302828,11.887131,Oval/Medial
GGTCACGAGCCTAGGA-1,-2.0154657,2.3439007,Hbx
GGTCACGCAACCCGCA-1,3.7948885,9.226258,Oval/Medial
GGTCACGGTAGCTGAG-1,0.42554107,6.736644,Oval/Medial
GGTGATTCACAGCCAC-1,0.60085595,6.7036347,Oval/Medial
GGTGGCTGTCGTTGCG-1,4.244899,12.788078,Oval/Medial
GGTGGCTTCCGTAATG-1,-2.7563355,7.861076,Marginal
GGTGTTACACGTCATA-1,5.8500967,6.733204,Oval/Medial
GGTTAACGTGCTCTTC-1,2.0989897,4.5521894,Lateral
GGTTCTCAGCTAGATA-1,-3.332158,6.9380374,Marginal
GGTTCTCCAAGTACCT-1,3.2497435,4.638839,Oval/Medial
GTAACACAGTAACCTC-1,-0.54270476,7.25618,Oval/Medial
GTAACACGTACCATAC-1,0.08543336,4.4192257,Oval/Medial
GTAACCAAGATTGTGA-1,3.1571317,12.014694,Oval/Medial
GTAAGTCAGTCGTTAC-1,2.975624,6.232049,Oval/Medial
GTACAACGTATTAAGG-1,5.3242817,5.6962233,Oval/Medial
GTACAGTGTGTTCCAA-1,-2.2910986,6.0066767,Marginal
GTACAGTTCGTGTCAA-1,4.405823,10.770961,Oval/Medial
GTAGGTTGTGCCTTCT-1,1.4175278,3.949181,Lateral
GTAGTACTCGAGTACT-1,-0.49706382,5.400525,Oval/Medial
GTATTTCCATCATTTC-1,3.7140193,9.666014,Oval/Medial
GTATTTCGTTCTTGTT-1,-3.1389,6.9959087,Marginal
GTCAGCGTCTGCCCTA-1,-1.7231181,6.2323284,Marginal
GTCATGAAGGTAGTCG-1,4.561596,6.990026,Oval/Medial
GTCATTTAGTTGCGAG-1,1.1868837,8.841012,Oval/Medial
GTCCCATAGTGCCCGT-1,0.6570712,8.442529,Oval/Medial
GTCCCATCAAGTGACG-1,0.6763291,8.730558,Oval/Medial
GTCGTAAGTAGGATAT-1,4.663026,10.331199,Oval/Medial
GTCTACCGTTAAGCAA-1,-4.3850174,6.910332,Marginal
GTCTAGACAGTCGCTG-1,5.3361335,5.846336,Oval/Medial
GTCTTTATCATACAGC-1,5.9976645,8.779671,Oval/Medial
GTCTTTATCCATACTT-1,2.958953,13.203077,Oval/Medial
GTGAGCCGTTCCCACT-1,-2.1248014,3.8339243,Hbx
GTGAGGAGTTGTGGAG-1,4.440378,6.402542,Oval/Medial
GTGATGTTCTATACGG-1,-3.6504133,5.4650373,Marginal
GTGCAGCGTACTGGGA-1,-3.2056537,5.0821657,Marginal
GTGCGTGAGTCTTGGT-1,4.2528644,9.777467,Oval/Medial
GTGCGTGGTAGCTGAG-1,6.0730214,2.1992874,Oval/Medial
GTGCTGGGTAAGCGGT-1,1.9085333,8.027377,Oval/Medial
GTGCTTCAGAAGATCT-1,-0.57853174,1.3379089,Lateral
GTGCTTCGTATGCTAC-1,-1.9363853,1.4900187,Hbx
GTGCTTCGTTAAGCAA-1,1.8666242,2.0852585,Lateral
GTGGAAGTCTCCTGCA-1,3.9707654,9.883644,Oval/Medial
GTGGCGTGTTGCCTAA-1,5.6136045,2.2996695,Oval/Medial
GTGTGGCCACCACTGG-1,7.5739884,4.6559787,Oval/Medial
GTTACAGTCGCCTATC-1,1.0403296,2.875501,Lateral
GTTACCCCAAGCTCTA-1,5.9270897,9.726167,Oval/Medial
GTTACGAAGACTGGGT-1,3.2298863,2.5030315,Lateral
GTTATGGTCGTGACTA-1,-2.5310338,2.4537866,Hbx
GTTCATTCATATAGCC-1,0.8146611,7.843559,Oval/Medial
GTTCATTGTGAGCTCC-1,5.0286374,10.552623,Oval/Medial
GTTCCGTCATAATCCG-1,-0.21385697,4.1085563,Oval/Medial
GTTCGCTAGGGTCTTT-1,6.057594,6.329005,Oval/Medial
GTTCGCTAGTAGACCG-1,0.21262401,8.523854,Oval/Medial
GTTCTATCAAAGCTAA-1,2.1560123,1.4318246,Lateral
GTTGAACGTGCTTATG-1,-3.016782,6.1626863,Marginal
GTTGCGGAGCGTTCAT-1,1.503391,5.24045,Oval/Medial
GTTGCGGGTCACTCAA-1,1.7069839,9.535489,Oval/Medial
GTTGTAGTCGGTAGAG-1,2.0877805,6.7543554,Oval/Medial
GTTTACTGTTCTTGCC-1,5.4623475,10.662727,Oval/Medial
GTTTGGACATTCATCT-1,0.23829672,6.2729554,Oval/Medial
TAACACGAGCGAACTG-1,-1.0305852,6.4359493,Oval/Medial
TAACTTCCACGGTCTG-1,-2.87104,7.706506,Marginal
TAACTTCTCCACAAGT-1,-1.8449614,1.4367795,Hbx
TAAGCACCACGTAACT-1,-0.632717,0.58166766,Hbx
TAAGCACTCGCTGACG-1,0.16857512,7.0265827,Oval/Medial
TAAGCCAAGTTGCTCA-1,2.6790688,10.828176,Oval/Medial
TAAGCGTAGTCAGCGA-1,2.9060104,12.116159,Oval/Medial
TAAGCGTCAAGGGTCA-1,1.1171981,8.40847,Oval/Medial
TAATCTCTCATGCCGG-1,0.82156134,3.1881335,Lateral
TACAACGAGTTAGTGA-1,3.5935464,9.506838,Oval/Medial
TACACCCAGGCACAAC-1,5.0369725,12.228452,Oval/Medial
TACATTCGTAATACCC-1,3.6527562,8.438844,Oval/Medial
TACCCGTCAACTCGTA-1,1.6628039,6.5352745,Oval/Medial
TACCGAAAGCTCCACG-1,-1.9361736,3.3672862,Hbx
TACCGAAAGTTGAAGT-1,1.2453493,8.79406,Oval/Medial
TACCGGGAGCACTCCG-1,-1.6450442,3.5580013,Hbx
TACCTCGCAGAACTAA-1,1.8542756,6.278248,Oval/Medial
TACGGTACATGCGGTC-1,-1.887109,1.3470203,Hbx
TACTTACCAAGGTCGA-1,-0.7962697,5.7191067,Oval/Medial
TACTTACGTATCGCTA-1,-2.584494,0.4694056,Hbx
TACTTACTCTGGTGGC-1,-0.3244787,7.179768,Oval/Medial
TACTTCAAGTGACACG-1,4.042377,7.1386995,Oval/Medial
TACTTCAGTTGTAGCT-1,6.090094,6.6929708,Oval/Medial
TACTTGTCAAACTCTG-1,3.862243,11.549053,Oval/Medial
TACTTGTTCCAGTTCC-1,3.2716315,12.231813,Oval/Medial
TAGACCAGTGTGATGG-1,1.0676601,6.70497,Oval/Medial
TAGACTGCAGACGATG-1,4.4516373,5.144784,Oval/Medial
TAGACTGGTTAGAGTA-1,6.259798,6.3317933,Oval/Medial
TAGACTGGTTGCTCCT-1,6.50565,11.702319,Oval/Medial
TAGACTGTCCGTGCGA-1,1.0214801,7.803318,Oval/Medial
TAGAGTCTCTCTGGTC-1,2.2828143,9.536447,Oval/Medial
TAGATCGAGAGTTCGG-1,-0.036215268,8.305333,Oval/Medial
TAGCACAGTCATTCCC-1,5.680593,10.024183,Oval/Medial
TAGCACATCACTCTTA-1,0.89381385,3.5753987,Lateral
TAGGAGGCAAACCGGA-1,5.069405,4.7264485,Oval/Medial
TAGGAGGCAGAAACCG-1-1,1.9624848,6.2662597,Oval/Medial
TAGGTTGAGCTCATAC-1,4.4861493,5.9667916,Oval/Medial
TAGTGCAGTAGCCAGA-1,6.820906,4.5788636,Oval/Medial
TAGTGCAGTGCTGTCG-1,2.2629423,4.6608796,Oval/Medial
TAGTGCATCCATGAGT-1,5.335215,12.140833,Oval/Medial
TATATCCAGCCGATTT-1,-3.1594474,7.8806906,Marginal
TATTCCACACGGGTAA-1,1.6612185,7.11749,Oval/Medial
TATTGCTGTAATTGGA-1,5.137573,6.946214,Oval/Medial
TATTGCTGTCGCACAC-1,5.419151,6.259316,Oval/Medial
TATTTCGAGTGAGGCT-1,2.8619153,11.535577,Oval/Medial
TCAAGACTCGAAATCC-1,0.7613582,7.1371026,Oval/Medial
TCAAGCAGTCTAGGTT-1,3.2709675,9.7898855,Oval/Medial
TCAATCTAGATTGACA-1,3.5393882,9.771422,Oval/Medial
TCAATCTCATAAGATG-1,5.046799,6.517745,Oval/Medial
TCAATCTTCGATGCTA-1,5.657618,10.927592,Oval/Medial
TCACAAGAGGAGACCT-1,3.4120028,11.620254,Oval/Medial
TCACATTAGCCAACCC-1,1.0217705,5.7582493,Oval/Medial
TCACGCTCAGCCGGTT-1,4.5760846,9.2896385,Oval/Medial
TCACGGGCAAGTTCGT-1,6.6610007,1.8616116,Oval/Medial
TCAGCAATCCCTCAAC-1,5.104416,11.1879835,Oval/Medial
TCAGCAATCCTCACCA-1,-2.572807,0.4534944,Hbx
TCAGCAATCTCCTGCA-1,2.4966068,6.669676,Oval/Medial
TCAGCCTCAGGCTATT-1,-3.5736997,5.8887715,Marginal
TCAGGGCTCACCTTGC-1,5.4197736,11.365896,Oval/Medial
TCAGTGATCACTGATG-1,3.9447274,11.449762,Oval/Medial
TCATCATTCCAAGCTA-1,1.8276126,7.094989,Oval/Medial
TCATCCGCAGAGGGTT-1,-0.8923359,4.4505463,Oval/Medial
TCATGTTCAGGCTATT-1,-0.3073066,7.3368225,Oval/Medial
TCATGTTCATCGTGCG-1,0.9980631,3.566926,Lateral
TCATTACCACTGGACC-1,-0.09986194,4.5661597,Oval/Medial
TCATTCAGTGGGTCAA-1,4.4963336,10.92089,Oval/Medial
TCATTTGCAAGGCAAC-1,-0.34954637,4.7769656,Oval/Medial
TCATTTGCACAGTCGC-1,5.3860965,8.888513,Oval/Medial
TCCACCAAGGCTTTCA-1,0.8839815,6.6299005,Oval/Medial
TCCACCAGTTGAATCC-1,-1.7536901,7.566478,Marginal
TCCACGTCAGCGTACC-1,1.1851312,8.1494,Oval/Medial
TCCATCGGTGTTCAGT-1,1.0400281,1.3705074,Lateral
TCCCACAAGTGGTGGT-1,3.490329,11.754951,Oval/Medial
TCCCACACATCCGAGC-1,0.46632454,9.6667,Oval/Medial
TCCCAGTGTATAGCTC-1-1,1.1342837,8.649263,Oval/Medial
TCCCATGAGGGTTAGC-1,1.6635948,9.512901,Oval/Medial
TCCCATGGTGCAACAG-1,5.356348,11.383649,Oval/Medial
TCCGATCGTGATACAA-1,0.8252924,6.6430244,Oval/Medial
TCCGGGAGTACAAACA-1,3.7881606,11.178293,Oval/Medial
TCCTAATCACAGGATG-1,0.63966244,8.933745,Oval/Medial
TCCTCCCGTACTCCGG-1,4.0481944,12.156343,Oval/Medial
TCCTCTTCACACACTA-1,-0.06291755,6.608571,Oval/Medial
TCCTCTTGTTCTCACC-1,5.5589466,7.397338,Oval/Medial
TCCTGCAAGGCAGCTA-1,5.6953974,2.2883928,Oval/Medial
TCCTTCTTCAACTTTC-1,4.8400645,10.740612,Oval/Medial
TCCTTCTTCGGAATTC-1,4.231624,6.9326725,Oval/Medial
TCCTTTCTCTTTCTAG-1,5.3671656,9.5108185,Oval/Medial
TCGAAGTCATCGTTCC-1,-0.35622314,7.2195015,Oval/Medial
TCGACGGTCCCATTCG-1,1.6617553,9.0903425,Oval/Medial
TCGATTTGTTGCGAAG-1,5.638733,2.5567281,Oval/Medial
TCGCACTAGCACGTCC-1,-0.85227436,6.9836125,Oval/Medial
TCGCAGGAGCCAAGGT-1,2.9156363,5.8469815,Oval/Medial
TCGCAGGGTACGAAAT-1,3.406237,12.966728,Oval/Medial
TCGCAGGGTCTGTGGC-1,-0.95686173,6.484484,Oval/Medial
TCGCTCACACATGTTG-1,0.36212578,8.73884,Oval/Medial
TCGCTTGAGTCTGCAT-1,-2.7066176,5.871052,Marginal
TCGGGACGTGGTCTAT-1,0.18880358,8.127455,Oval/Medial
TCGGGCAAGACTGGGT-1,4.758512,8.936804,Oval/Medial
TCGGGCAAGTTCCTGA-1,-2.1318717,1.0795082,Hbx
TCGGTCTGTGCCTACG-1,3.0057652,13.017048,Oval/Medial
TCGTAGAAGCGTTCAT-1,-0.52081126,3.998637,Oval/Medial
TCGTCCAAGCTGGCTC-1,7.171223,8.168904,Oval/Medial
TCTACATGTTAATCGC-1,3.1975646,6.428766,Oval/Medial
TCTACCGGTCACTACA-1,4.280065,13.096425,Oval/Medial
TCTATACGTATTTCGG-1,3.4429133,11.050458,Oval/Medial
TCTATACGTCGAACGA-1,2.4951193,6.5948167,Oval/Medial
TCTATCAAGCCATGCC-1,3.3607144,13.611586,Oval/Medial
TCTCACGAGTCAGCCC-1,0.6357678,5.2792983,Oval/Medial
TCTCACGCATAGGCGA-1,0.96944475,9.416405,Oval/Medial
TCTCACGGTGCAGATG-1,6.6174245,8.235647,Oval/Medial
TCTCAGCCAGACCTGC-1,-2.6831768,7.5804605,Marginal
TCTGGCTCACGCGGTT-1,4.577646,7.727427,Oval/Medial
TCTGGCTTCCTACGAA-1,7.395091,6.712071,Oval/Medial
TCTGGCTTCTGTCTCG-1,5.14504,10.940008,Oval/Medial
TCTTCCTAGCACGATG-1,2.1721623,3.8399723,Lateral
TCTTTGACAGAAGCGT-1,2.430594,9.350689,Oval/Medial
TGAACGTCAGTGCGCT-1,-1.7544945,1.5288391,Hbx
TGAATGCGTTGTGTTG-1,0.50882417,8.948511,Oval/Medial
TGACCCTAGCCGCACT-1,-0.0057026744,9.070945,Oval/Medial
TGACTCCCAAGTAGTA-1,1.8437132,6.038723,Oval/Medial
TGAGACTGTACTAACC-1,4.6419253,8.02653,Oval/Medial
TGAGGAGGTCCAACGC-1-1,-0.083571896,8.028636,Oval/Medial
TGAGTCAAGAGAGTTT-1,0.69711447,7.5708556,Oval/Medial
TGATCTTTCACAAGGG-1,2.5304458,9.352475,Oval/Medial
TGATTCTTCCTCTCGA-1,3.8385825,12.91127,Oval/Medial
TGATTTCAGCATGGGT-1,-0.92015755,4.6675777,Oval/Medial
TGATTTCCATGACAGG-1,2.3450913,8.021638,Oval/Medial
TGCACGGGTCAAACGG-1,6.288698,7.7300453,Oval/Medial
TGCACGGGTCAAGTTC-1,2.9563115,8.342901,Oval/Medial
TGCAGATCACGGGCTT-1,2.9323137,7.7172074,Oval/Medial
TGCAGATTCAGCAATC-1,4.8817806,10.925529,Oval/Medial
TGCAGATTCATTGTGG-1,4.659201,3.290866,Oval/Medial
TGCAGATTCCCAGTGG-1,3.04289,9.164102,Oval/Medial
TGCAGGCCACGAGGAT-1,-1.1903405,1.5035735,Hbx
TGCAGGCGTGACACAG-1,4.085146,9.372723,Oval/Medial
TGCAGGCGTTGAGGAC-1,4.9389057,7.5183043,Oval/Medial
TGCAGGCTCCGCACGA-1,7.613061,7.919621,Oval/Medial
TGCAGTAAGCTGGTGA-1,5.799997,6.000725,Oval/Medial
TGCATCCAGAAGGATG-1,3.7379534,12.449307,Oval/Medial
TGCATCCGTCTCACGG-1,6.281653,4.922369,Oval/Medial
TGCATGAGTCATCACA-1,4.7467465,6.1785517,Oval/Medial
TGCATGAGTGAAGCTG-1,-0.6477033,7.630263,Oval/Medial
TGCCGAGTCAGACAAA-1,-2.587191,2.1871738,Hbx
TGCGATACAGAATCGG-1,-1.7606176,3.158645,Hbx
TGCGATACAGCAGTCC-1,-2.608521,7.9447327,Marginal
TGCGGCACACACCTAA-1,4.786969,6.5014067,Oval/Medial
TGCGGGTGTCCCTAAA-1,3.4693484,12.513389,Oval/Medial
TGCGGGTGTTTCAGAC-1,7.1337395,7.9958367,Oval/Medial
TGCTCCAGTAACTGCT-1,-2.7820444,6.3648486,Marginal
TGCTCCAGTTCTTGCC-1,4.0249367,12.182402,Oval/Medial
TGCTTCGTCGTTGTTT-1,3.0899036,13.453426,Oval/Medial
TGCTTCGTCTGAGGCC-1-1,2.2192647,7.034576,Oval/Medial
TGCTTCGTCTTCGGTC-1,5.611843,8.8937645,Oval/Medial
TGGAGAGCAAGCAATA-1,6.3344264,6.6988854,Oval/Medial
TGGAGGACACGCACCA-1,0.6859511,4.8445973,Oval/Medial
TGGAGGAGTCTCCCTA-1,-0.4856633,0.7901099,Hbx
TGGATCACAGCTGAAG-1,5.684995,7.251689,Oval/Medial
TGGATGTAGTCCTGTA-1,-0.09753755,4.8693013,Oval/Medial
TGGCGTGTCAGAGCGA-1,2.825461,5.5706024,Oval/Medial
TGGGCGTGTAAGACCG-1,2.6610265,10.836916,Oval/Medial
TGGGCTGCATCCGATA-1,4.0664983,6.47293,Oval/Medial
TGGGTTAAGTCTAACC-1,1.0635653,7.8658156,Oval/Medial
TGGGTTATCGGCATAT-1,2.833081,12.089162,Oval/Medial
TGGTACAAGGAATGTT-1,5.6370254,6.44932,Oval/Medial
TGGTAGTAGTCTGTAC-1,5.543215,8.715314,Oval/Medial
TGGTAGTTCGGCAGTC-1,-2.8170593,8.342798,Marginal
TGGTGATTCAGCGCGT-1,5.5069904,6.3106446,Oval/Medial
TGTACAGCATAGATCC-1,0.67720705,4.6448283,Lateral
TGTAGACCAGTTCACA-1,2.5464246,12.182624,Oval/Medial
TGTCCACAGATACTGA-1,-2.6873512,7.5683985,Marginal
TGTCCCAAGCACTCAT-1,6.6051693,4.593111,Oval/Medial
TGTCCCACAACGGTAG-1,-3.3151367,6.484812,Marginal
TGTGAGTCATACAGAA-1,0.6542131,3.6351826,Lateral
TGTGAGTGTAGTCACT-1,2.5459945,6.3669,Oval/Medial
TGTGATGGTCGCATCG-1,6.339191,7.120075,Oval/Medial
TGTGATGTCCAAATGC-1,7.0258565,6.421035,Oval/Medial
TGTGTGACAACACGTT-1,4.2705903,9.5642185,Oval/Medial
TGTTACTGTCGCGTCA-1,4.4713125,12.454074,Oval/Medial
TGTTGGAAGTATGGAT-1,2.4968274,8.608864,Oval/Medial
TGTTGGATCCACCTGT-1,1.5804924,4.6453156,Oval/Medial
TGTTTGTAGATGCTGG-1,2.113433,1.4308211,Lateral
TTAATCCGTACTAAGA-1,0.7571329,9.351636,Oval/Medial
TTACCATCAGCCATTA-1,4.652051,12.113834,Oval/Medial
TTACCGCTCAGCTGTA-1,0.06803972,6.112502,Oval/Medial
TTACGTTAGGGTAGCT-1,1.6095219,8.257033,Oval/Medial
TTACGTTTCTACAGGT-1,3.7769437,7.1026607,Oval/Medial
TTACTGTAGATGCCGA-1,2.6276495,10.163175,Oval/Medial
TTAGGCAGTCGTTTCC-1,1.3510772,2.264784,Lateral
TTAGGCAGTGGATACG-1,-3.4383771,6.502411,Marginal
TTAGGGTCAATACGCT-1,4.431134,6.0861216,Oval/Medial
TTATTGCGTTACGTAC-1,5.156355,7.496326,Oval/Medial
TTCACCGGTAACACGG-1,5.461951,11.206975,Oval/Medial
TTCCACGGTTAATCGC-1,-0.4539001,5.3930445,Oval/Medial
TTCCGTGAGAACAGGA-1,-2.5350978,1.1532208,Hbx
TTCCGTGAGCGCTTCG-1,7.058057,7.2815213,Oval/Medial
TTCCGTGAGTGCTCAT-1,0.04803856,5.4008026,Oval/Medial
TTCCTAAAGGGATCGT-1,2.4964914,3.085698,Lateral
TTCCTAAGTGTCACAT-1,-0.25489256,5.980304,Oval/Medial
TTCCTTCGTTGCTCCT-1,0.926973,2.011338,Lateral
TTCGATTGTGGAGAAA-1,-1.5558436,2.7839775,Hbx
TTCGGTCAGGTCCCGT-1,0.77494,6.2327538,Oval/Medial
TTCTAGTCAAAGCTCT-1,1.561,9.671935,Oval/Medial
TTCTTCCCACAGTGAG-1,4.6931505,9.978679,Oval/Medial
TTCTTGACAATTCACG-1,-1.8799603,3.0848536,Hbx
TTCTTGAGTCAGGCAA-1,-1.853944,3.5056555,Hbx
TTCTTGATCGCTGTCT-1,3.8113658,13.258594,Oval/Medial
TTGAACGCAACTCCAA-1,0.59927446,6.0968895,Oval/Medial
TTGAACGCACGACGAA-1,5.357069,11.630368,Oval/Medial
TTGAACGGTTATGTGC-1,3.2307858,7.228919,Oval/Medial
TTGATGGTCCGAAGGA-1,3.8012989,9.142956,Oval/Medial
TTGCATTCAGAGTGAC-1,-0.23816161,4.3702784,Oval/Medial
TTGGGATAGCTCGTGC-1,1.5663542,7.0603757,Oval/Medial
TTGGGTACAACTCGAT-1,0.8603175,8.624074,Oval/Medial
TTGGTTTCAATTCACG-1,2.2333636,8.995265,Oval/Medial
TTGGTTTTCAAGCCCG-1,6.5021152,4.8781757,Oval/Medial
TTGGTTTTCGAGTACT-1,2.9863307,9.30475,Oval/Medial
TTGTGGAGTATGCGGA-1,5.19955,9.006069,Oval/Medial
TTGTGTTCAATAGTAG-1,-1.829495,7.870946,Marginal
TTGTTGTAGCTTCGTA-1,5.366175,9.124559,Oval/Medial
TTGTTGTTCCGGCTTT-1,4.8517504,11.43218,Oval/Medial
TTTACCAAGCCTCATA-1,5.34171,10.091765,Oval/Medial
TTTACCATCGCTGTCT-1,4.1926317,3.265789,Oval/Medial
TTTACTGGTTCAGGTT-1,1.8663871,5.950876,Oval/Medial
TTTAGTCTCAGTGGGA-1,5.3500752,10.437126,Oval/Medial
TTTAGTCTCGGAGCAA-1,-0.62237513,8.1276455,Oval/Medial
TTTCACAGTATCTCTT-1,5.681091,11.056512,Oval/Medial
TTTCACAGTCCGGACT-1,3.3499043,13.029861,Oval/Medial
TTTCATGTCCAGCCTT-1,-0.6592527,4.7646356,Oval/Medial
TTTGACTAGAAGCCAC-1,0.07430629,3.520199,Oval/Medial
TTTGACTAGGACGCTA-1,6.578433,11.738916,Oval/Medial
TTTGACTCATTCTCCG-1,0.119739555,6.301455,Oval/Medial
TTTGATCCACATCATG-1,0.5499378,9.067046,Oval/Medial
TTTGATCCATAGATGA-1,3.7549777,10.450664,Oval/Medial
TTTGGAGTCACGGGAA-1,-0.20071624,3.5443466,Oval/Medial
TTTGGAGTCGTGGTAT-1,3.6384878,12.4548,Oval/Medial
TTTGGTTGTACCACGC-1,0.18641998,6.9369617,Oval/Medial
AAACCCAAGCATGATA-1,-3.7144141,5.483174,Marginal
AAACGAAAGTAGTCTC-1,2.3860762,10.024989,Oval/Medial
AAAGAACGTGATCATC-1,-0.47886235,7.3533745,Oval/Medial
AAAGGTAAGTCCCAAT-1,-3.838693,8.244085,Marginal
AAAGGTAGTCTTTATC-1,-1.245244,5.8091607,Oval/Medial
AACAAAGTCTGGAGAG-1,0.51208884,6.431108,Oval/Medial
AACAACCAGAAGCCAC-1,0.27348915,4.239617,Oval/Medial
AACACACGTGACCTGC-1,0.2657551,7.024978,Oval/Medial
AACAGGGGTATGTCTG-1,0.92939705,6.257552,Oval/Medial
AACCAACCAGCTCATA-1,-3.199027,7.395366,Marginal
AAGAACAAGTCCCAAT-1,-4.013144,7.139125,Marginal
AAGACAACATGCCGGT-1,0.43213177,9.343127,Oval/Medial
AAGACTCAGCGCACAA-1,0.90024316,6.915271,Oval/Medial
AAGCGAGTCTTCTAAC-1,-3.7724397,8.124026,Marginal
AAGGTAAAGACTACCT-1,4.476016,3.7766595,Oval/Medial
AATAGAGAGGTTACCT-1,-3.1381147,7.5442758,Marginal
AATCACGAGTCTGGTT-1,-3.2626352,6.620611,Marginal
AATCGACCACTGCATA-1,1.5454012,8.8384905,Oval/Medial
AATTTCCTCGTTCGCT-1,-2.5657158,7.509915,Marginal
ACACAGTAGCTCGTGC-1,-0.501597,6.349716,Oval/Medial
ACACCAACACAGACGA-1,-1.6200328,3.893978,Hbx
ACACCAAGTATGCGGA-1,0.08345024,4.903977,Oval/Medial
ACACCAATCTTCGGAA-1,-0.81323785,6.8695445,Oval/Medial
ACACGCGAGGTTCCGC-1,-4.1351256,8.05134,Marginal
ACACGCGGTCGCAACC-1,0.6263382,9.355421,Oval/Medial
ACAGCCGAGCATGAAT-1,0.267368,4.476151,Oval/Medial
ACAGCCGTCCATCTAT-1,-0.17287162,4.6466002,Oval/Medial
ACATCCCCATCATCTT-1,-1.7251973,4.3957224,Hbx
ACATTTCCATCGATCA-1,5.198212,3.6847017,Oval/Medial
ACCACAAAGATGGTCG-1,1.5811096,8.201184,Oval/Medial
ACCTGAAAGGAGGGTG-1,-4.1875153,8.048555,Marginal
ACCTGTCAGTCACGAG-1,-3.7985806,7.111212,Marginal
ACGATCACACTAGGCC-1,-1.7701024,7.6161575,Marginal
ACGGAAGCAAATTGGA-1,1.2693442,7.4284697,Oval/Medial
ACGGGTCAGCGTATGG-1,0.8592084,6.4558606,Oval/Medial
ACGGGTCAGTCCTGCG-1,2.3178365,10.750349,Oval/Medial
ACGGGTCTCAGACTGT-1,-2.7791784,5.5604496,Marginal
ACGTTCCTCACCGCTT-1,-1.6652116,3.7093973,Hbx
ACTCCCATCGTCGATA-1,1.9459009,9.990993,Oval/Medial
ACTGATGGTTCGAAGG-1,-0.8493229,5.762229,Oval/Medial
ACTTCCGAGCATACTC-1,1.4166626,9.096735,Oval/Medial
ACTTCCGCAAACAGGC-1,-1.6347139,7.6436477,Marginal
ACTTTGTGTACCCGCA-1,-1.1728776,5.7471843,Oval/Medial
AGACACTCATTGGGAG-1,-0.41417965,7.8945503,Oval/Medial
AGACAGGCATTGACCA-1,0.22603728,4.4269323,Oval/Medial
AGACAGGTCGGAACTT-1,0.18933988,7.5568566,Oval/Medial
AGAGAATAGTCCGTCG-1,0.6161793,6.422369,Oval/Medial
AGAGAGCAGGTAGTAT-1,-2.090775,3.9179013,Hbx
AGAGCAGTCCCTCATG-1,0.45452955,6.158744,Oval/Medial
AGAGCCCCACCACTGG-1,-4.344412,6.0938597,Marginal
AGATAGAAGGTTCATC-1,1.8888814,6.25494,Oval/Medial
AGATAGACATGTTTGG-1,-2.884906,6.12056,Marginal
AGATCGTAGAAGATCT-1,-0.9271871,6.126301,Oval/Medial
AGCCACGCAGAGGCAT-1,-4.5515065,7.7508574,Marginal
AGCCACGTCGTCGATA-1,1.1770401,7.838647,Oval/Medial
AGCTACAGTGCTCCGA-1,-0.38693985,6.4193187,Oval/Medial
AGCTACATCAAACTGC-1,-2.9419782,5.735622,Marginal
AGCTCAATCTCCGCAT-1,-1.164633,8.306183,Oval/Medial
AGGACGAAGGTAGCCA-1,1.8168067,9.842684,Oval/Medial
AGGACGACACCGCTGA-1,-0.81176263,7.2756863,Oval/Medial
AGGACTTCAAAGGCTG-1,-0.784005,7.2562685,Oval/Medial
AGGACTTTCTCTCAAT-1,-1.5886948,4.9179783,Oval/Medial
AGGATCTAGTGGATTA-1-1,0.6696069,8.004207,Oval/Medial
AGGGCCTGTTCGTGCG-1,-0.60274184,7.7847037,Oval/Medial
AGTACCAAGAGCCTGA-1,0.2831188,9.269906,Oval/Medial
AGTCAACGTCTAACTG-1,-1.1723579,6.1893854,Oval/Medial
AGTCATGCAAAGTATG-1,-2.3771837,6.310558,Marginal
AGTGACTAGTTCAACC-1,-4.3273926,7.9459195,Marginal
AGTGACTCATCGATCA-1,0.43966013,8.355471,Oval/Medial
AGTTCGACACAGACGA-1,-2.4661005,4.011943,Hbx
ATACTTCTCGCGCCAA-1,-0.13634692,5.8466125,Oval/Medial
ATAGACCTCAGGCGAA-1,-3.3805287,5.9929624,Marginal
ATATCCTAGAGCTGAC-1,-0.6571766,4.878827,Oval/Medial
ATCGCCTCAGGCTCTG-1,-0.05925483,7.080147,Oval/Medial
ATCGGCGCAGTCTACA-1,-3.7795672,6.054321,Marginal
ATCGTCCGTATGTCAC-1,-1.6367601,4.338448,Hbx
ATCGTGAGTACGCTTA-1,-0.4197467,7.959304,Oval/Medial
ATCTTCACACTTGAGT-1,-0.42815265,6.07095,Oval/Medial
ATGACCAGTACAATAG-1,0.90904886,6.4674497,Oval/Medial
ATGAGGGAGCGTCAGA-1,1.0027754,7.202189,Oval/Medial
ATGATCGCACAGAGCA-1,1.2772157,6.7976046,Oval/Medial
ATGCGATTCTGACGCG-1,4.7240434,3.305688,Oval/Medial
ATGGGAGCAGTCCCGA-1,0.20194066,7.6304164,Oval/Medial
ATTACCTAGAAGATCT-1,-0.010210432,6.877082,Oval/Medial
ATTATCCGTCTACATG-1,4.330225,3.3939493,Oval/Medial
ATTCACTTCCAAAGGG-1,0.22320503,3.842915,Oval/Medial
ATTCTTGTCTCGTCGT-1,-3.7669642,5.9241676,Marginal
ATTTACCCAGCTATTG-1,-3.3198314,5.690523,Marginal
CAACAGTAGCGGTAGT-1,-2.0989301,4.504583,Hbx
CAACCTCCACACCTAA-1,-0.6341546,4.5198755,Oval/Medial
CAACGGCCAGAGTTCT-1,0.407221,4.8859572,Oval/Medial
CAACGGCGTCTGCAAT-1,-1.7435884,5.3224154,Oval/Medial
CAACGGCTCGTCACCT-1,-3.2720675,6.154563,Marginal
CAAGACTAGATGCTAA-1,4.1002693,4.143111,Oval/Medial
CAAGACTAGGTGCAGT-1,-3.275619,7.378449,Marginal
CAAGACTCATCCGGTG-1,-3.5269604,5.9660115,Marginal
CAATACGAGTGCGCTC-1,-2.8193295,5.637522,Marginal
CACGAATCAATTCTTC-1,-0.2169063,4.58327,Oval/Medial
CACTGTCTCGCTTAAG-1,-0.90242684,7.285425,Oval/Medial
CACTTCGAGTTCCAGT-1,2.566117,5.805361,Oval/Medial
CACTTCGTCCCTGGTT-1,1.2733502,5.445043,Oval/Medial
CAGCCAGCATCGTGCG-1,-3.7205036,8.016807,Marginal
CAGGTATGTGCCTTCT-1,-4.4721994,7.94075,Marginal
CAGTTAGTCGTTGTGA-1,1.6082314,6.485419,Oval/Medial
CATCCACCATCATGAC-1,-3.8983293,6.0046067,Marginal
CATCCACGTCAACACT-1,3.0140111,4.952085,Oval/Medial
CATCGGGAGTGGTGAC-1,-3.0591135,6.7522025,Marginal
CATGAGTAGGAATCGC-1,-0.25346002,4.88231,Oval/Medial
CATGAGTAGTAACCTC-1,-0.30339223,7.5184827,Oval/Medial
CATGAGTGTGCGGTAA-1,0.004636893,7.565848,Oval/Medial
CATGCGGTCGAAACAA-1,1.1404171,8.635129,Oval/Medial
CATTCTATCTCTTGCG-1,-3.5777738,6.6969748,Marginal
CCAATGATCAGTGATC-1,2.613715,9.610009,Oval/Medial
CCACAAATCTGGAAGG-1,-3.6799486,7.131379,Marginal
CCACACTGTTCTCACC-1,-0.013263828,4.31437,Oval/Medial
CCACTTGCATCTCCCA-1,1.4443535,7.652604,Oval/Medial
CCATAAGAGCGACCCT-1,-2.5816317,6.7153955,Marginal
CCATCACCACGGCCAT-1,-0.45771235,6.94093,Oval/Medial
CCCAACTCACAAGCAG-1,-0.6136434,4.3437877,Oval/Medial
CCCTCTCCAACCAATC-1,-1.1736683,5.4016404,Oval/Medial
CCCTCTCCACACGTGC-1,0.23182528,4.1439047,Oval/Medial
CCCTGATCACTATCCC-1,-1.3928283,7.1743584,Oval/Medial
CCGATGGAGAAGTCCG-1,0.12836826,6.462822,Oval/Medial
CCGCAAGCAACCCTCT-1,1.7954631,6.319608,Oval/Medial
CCGGTAGGTGCTCTTC-1,0.012969202,5.1920795,Oval/Medial
CCTAAGACATGCAGGA-1,-0.3739943,7.4589405,Oval/Medial
CCTAAGATCCAGCAAT-1,-0.69085765,5.6259103,Oval/Medial
CCTACGTAGGCAATGC-1,1.8189038,8.946955,Oval/Medial
CCTCACATCCATCTGC-1,-1.3742642,7.0741444,Marginal
CCTCCTCAGGCATCTT-1,-2.404245,7.569561,Marginal
CCTCCTCGTAATACCC-1,0.86949515,8.076009,Oval/Medial
CCTCTAGAGAATCGTA-1,0.5823952,6.3536205,Oval/Medial
CCTGCATTCCGACAGC-1,-4.183366,6.043849,Marginal
CCTGTTGTCGAACTCA-1,0.5862062,6.676938,Oval/Medial
CCTTTGGCATTCGATG-1,0.57239795,5.369669,Oval/Medial
CGAAGGAGTCATAACC-1,-0.8215555,7.3643947,Oval/Medial
CGAAGTTGTTACGGAG-1,-3.4042587,8.643518,Marginal
CGACAGCTCATTGGTG-1,-2.3409653,3.524742,Hbx
CGAGGAAAGGGACTGT-1,-2.1536794,7.0521317,Marginal
CGAGGCTCACACCTGG-1,0.7638074,7.390749,Oval/Medial
CGATCGGAGGAATCGC-1,-0.20499279,7.3898916,Oval/Medial
CGATGGCGTAATGTGA-1,-3.8617609,7.4379845,Marginal
CGCCATTAGCAGGCTA-1,-0.3757097,5.9348955,Oval/Medial
CGCGTGAGTCACTTCC-1,0.28365606,9.334219,Oval/Medial
CGGGTGTAGGACACTG-1,-0.8504292,6.198817,Oval/Medial
CGTAATGAGGTCCAGA-1,1.2979192,8.263416,Oval/Medial
CGTAGTACACCTGCTT-1,-2.8697152,5.7132244,Marginal
CGTAGTAGTTGTCCCT-1,3.9348512,3.850373,Oval/Medial
CGTCAAAGTTTCAGAC-1,0.25819796,4.22349,Oval/Medial
CGTGAATAGGATTTGA-1,0.97775954,8.176823,Oval/Medial
CGTGATAGTTCGTAAC-1,0.0060679605,6.7583594,Oval/Medial
CGTGATAGTTCTCAGA-1,-0.47962,4.2390323,Oval/Medial
CTAAGTGCACAAGTTC-1,-0.044889584,4.2228208,Oval/Medial
CTAGGTAGTCGAATGG-1,-1.7909397,3.5639577,Hbx
CTATCCGGTCGTCTCT-1,1.5487801,6.9428163,Oval/Medial
CTCAATTCAGCCGTTG-1,1.446741,7.0935974,Oval/Medial
CTCAGAAGTACCCGCA-1,4.325899,4.6943,Oval/Medial
CTCAGTCCATAATGCC-1,1.3281271,7.5041957,Oval/Medial
CTCATGCCATACAGCT-1,-1.5932256,3.3179307,Hbx
CTCCAACAGGAGGGTG-1-1,1.7317106,10.534987,Oval/Medial
CTCCTTTAGTACTCGT-1,-4.3908668,6.426921,Marginal
CTCCTTTCAACCGTGC-1,0.42726585,8.826364,Oval/Medial
CTCTCGAGTTAACCTG-1,-0.6349689,6.487162,Oval/Medial
CTGAATGGTACTCGAT-1,-0.7714571,6.711792,Oval/Medial
CTGAGGCAGATGACAT-1,-2.3617609,3.500634,Hbx
CTGAGGCCAAGCGAGT-1,1.1162158,7.5150456,Oval/Medial
CTGATCCTCTTCTGTA-1,0.7864842,7.381221,Oval/Medial
CTGCATCCAGTATTCG-1,0.020323599,6.4595046,Oval/Medial
CTGTACCTCCACACCT-1,1.5071936,7.771639,Oval/Medial
CTGTGGGAGATTGCGG-1,-2.987129,7.810627,Marginal
CTTACCGAGTTATGGA-1,-2.805942,7.0419154,Marginal
CTTCTCTGTAGATTGA-1,-4.753326,7.4256263,Marginal
CTTGAGATCCATACAG-1,-0.36082438,5.08741,Oval/Medial
GAAACCTTCGCCTTTG-1,-0.61624,6.518364,Oval/Medial
GAAATGAAGCGCTTCG-1,-3.137917,6.8831797,Marginal
GAAGAATAGAAGCCAC-1,-0.5257162,7.2402897,Oval/Medial
GAAGGACAGACCTGGA-1,1.4095527,6.349982,Oval/Medial
GAATAGATCTCGTTTA-1,-0.48290333,3.8731134,Oval/Medial
GACTATGCACCGTCTT-1,-0.5299119,7.170207,Oval/Medial
GAGAGGTCACAAGCCC-1,-0.1714331,6.8046126,Oval/Medial
GAGCCTGGTAGACTGG-1,-3.6156518,5.624471,Marginal
GAGCTGCGTGCCCACA-1,0.77725625,7.7731366,Oval/Medial
GAGGGATGTCACCTTC-1,-0.06505745,7.9370365,Oval/Medial
GAGTCTAAGAGCATCG-1,-0.34343517,4.260655,Oval/Medial
GAGTCTATCGAACCAT-1,0.79856163,8.676421,Oval/Medial
GAGTGTTCACGAGAAC-1,-4.3791327,7.8213096,Marginal
GAGTTACGTGTCTTGA-1,0.519301,4.3255115,Oval/Medial
GAGTTGTCATACACCA-1,-2.8153923,5.2553086,Marginal
GATAGCTTCATCCTAT-1,-0.21973917,4.977716,Oval/Medial
GATCACACATGATGCT-1,-0.0069758007,4.35453,Oval/Medial
GATCCCTCACTAGTAC-1,-4.081657,5.937512,Marginal
GATGATCCATACAGGG-1,-3.1827931,6.2631702,Marginal
GATGGAGCACAGAAGC-1,-2.8270948,6.9044437,Marginal
GCAACATTCATTTGGG-1,0.45055506,6.1333,Oval/Medial
GCAACCGGTCACTTAG-1-1,-2.8859353,4.955244,Marginal
GCACGGTGTTCAGTAC-1,0.434867,5.0410943,Oval/Medial
GCAGCCAGTCGAAACG-1,0.93699116,7.1707516,Oval/Medial
GCAGTTATCACCCTGT-1,-0.6155159,5.2061086,Oval/Medial
GCATCTCCAGCTACCG-1,1.0837739,6.6713347,Oval/Medial
GCATTAGAGCATCTTG-1,1.2478089,6.4718504,Oval/Medial
GCATTAGTCTGTCAGA-1,-3.8717947,7.9574184,Marginal
GCCAGCAGTGATCATC-1,-3.6233792,6.0936546,Marginal
GCCAGTGCATTACTCT-1,4.6421432,4.4008775,Oval/Medial
GCCATGGCAAAGGCAC-1,-1.8807766,4.929746,Hbx
GCCATTCTCCATCTCG-1,0.24527813,5.390644,Oval/Medial
GCGGATCTCTACAGGT-1,4.25084,4.431362,Oval/Medial
GCTACAAGTCGGTGAA-1,0.80870223,7.3474393,Oval/Medial
GCTACAATCATAGGCT-1,-3.7959948,6.7443533,Marginal
GCTTCACTCTGGGTCG-1,-3.7034974,6.3693604,Marginal
GCTTTCGAGTAAATGC-1,-1.0182266,6.9964786,Oval/Medial
GGAACCCAGCGGACAT-1,2.4835384,5.379892,Oval/Medial
GGAATCTCAATCCTAG-1,-2.8521225,7.4598484,Marginal
GGACGTCTCTATCACT-1,0.16482311,4.7725935,Oval/Medial
GGAGCAAGTGGTAATA-1,1.0086067,9.760481,Oval/Medial
GGAGGTAGTTGCACGC-1,0.4319828,6.4548507,Oval/Medial
GGCACGTGTCTAGTGT-1,-3.1378567,5.6306515,Marginal
GGCAGTCGTACGATTC-1,-0.14953482,8.426701,Oval/Medial
GGGAAGTAGACGGATC-1,0.06494662,7.639816,Oval/Medial
GGGAGTAGTGGAAGTC-1,4.1600595,3.8154922,Oval/Medial
GGGCTACCAGGCTATT-1,-2.5482376,6.420198,Marginal
GGGCTCACAATTGAGA-1,-0.03361876,8.102233,Oval/Medial
GGGTAGAAGATAACGT-1,-0.107235625,6.643392,Oval/Medial
GGGTGTCTCATAGACC-1,-3.9768422,6.842606,Marginal
GGTAATCAGACTCTTG-1,-3.4191287,5.625127,Marginal
GGTAGAGAGTAACAGT-1,0.24358194,7.226835,Oval/Medial
GGTGAAGAGCACAAAT-1,0.07443358,5.627125,Oval/Medial
GGTGGCTCATGACTTG-1-1,-1.9175411,3.512814,Hbx
GGTTAACTCAGATGCT-1,-4.135854,6.45434,Marginal
GGTTAACTCCATGATG-1,-1.0165927,6.6645,Oval/Medial
GGTTGTATCCGACATA-1,-1.6060156,3.5788155,Hbx
GTAACACGTATCCCAA-1,-0.3685734,7.820143,Oval/Medial
GTAGAAACATAACTCG-1,-3.2171764,5.85751,Marginal
GTAGAAAGTAACAAGT-1,3.2289693,4.7065125,Oval/Medial
GTAGAAAGTATGTCTG-1,1.4219247,6.6209173,Oval/Medial
GTAGAAATCAGCGCAC-1,-2.5579495,6.3132224,Marginal
GTCAAACAGATGAACT-1,4.2618113,4.1179047,Oval/Medial
GTCAAACCATACCACA-1-1,2.1498628,9.463389,Oval/Medial
GTCACGGGTAGTAAGT-1,-4.28974,6.6699095,Marginal
GTCATTTCATCATCTT-1,-1.731262,3.4956667,Hbx
GTCCACTGTAACGGTG-1,-4.696803,7.907949,Marginal
GTCCACTTCGACCTAA-1,-1.491495,5.8076916,Oval/Medial
GTCCCATGTCTTTCAT-1,-3.8450787,5.6031885,Marginal
GTCGTTCGTCGTGCCA-1,-0.64765054,7.702247,Oval/Medial
GTGCAGCCATAAGATG-1,-0.079097204,6.9045177,Oval/Medial
GTGTAACCACCTGCTT-1,0.54377997,7.8757257,Oval/Medial
GTGTAACTCTCTATAC-1,-1.4095134,8.0255785,Oval/Medial
GTGTCCTAGAGTCAGC-1,-0.94186646,5.7854705,Oval/Medial
GTGTGATTCCTCTAGC-1,-0.3687764,5.279703,Oval/Medial
GTGTTCCTCTGGCCGA-1,4.304226,3.8763847,Oval/Medial
GTTACAGTCACCGCTT-1-1,-1.6573942,5.382838,Oval/Medial
GTTAGACGTACAGAGC-1,0.371826,6.987771,Oval/Medial
GTTAGACGTATTTCCT-1,1.9126108,9.75398,Oval/Medial
GTTAGACTCGTCGATA-1,-0.6102679,6.0315742,Oval/Medial
GTTGAACGTAGGCAGT-1,3.9721608,3.831451,Oval/Medial
GTTGTCCAGGCGACAT-1,-4.526243,7.736195,Marginal
TAAGCACGTACGGGAT-1,-4.1521077,7.98585,Marginal
TAAGCCAGTGTGAGCA-1,-3.4235225,5.7018166,Marginal
TAAGCGTGTGATAGTA-1,-2.1977,5.1585503,Hbx
TACAGGTTCTAGGAAA-1,-1.7098446,4.335966,Hbx
TACCTCGGTCTTTATC-1,-0.23493034,5.4245377,Oval/Medial
TACCTCGGTGGCCTCA-1,0.21028785,6.5219903,Oval/Medial
TACTTACCATTGAGGG-1,-3.8281088,5.398403,Marginal
TACTTCACATGTAACC-1,4.747572,3.1414824,Oval/Medial
TAGATCGTCCGCCTAT-1,0.90979487,7.173692,Oval/Medial
TAGGAGGAGTGGTGAC-1,-0.11728639,7.8880615,Oval/Medial
TAGGTTGTCCAAGAGG-1,-0.07300119,3.9255934,Oval/Medial
TATACCTAGTGAATAC-1,-3.6825104,5.4530573,Marginal
TATTCCAAGCGTCTCG-1,-4.594633,7.952566,Marginal
TATTCCACAAGTGGAC-1,-0.056584515,6.7413316,Oval/Medial
TCAAGACAGATGTAGT-1,-4.16328,5.6793685,Marginal
TCAAGACGTCTTACAG-1,2.0241106,6.274341,Oval/Medial
TCAATCTAGACCATTC-1,-2.719356,6.507413,Marginal
TCAATTCAGCGTGAGT-1,3.0282564,4.8114123,Oval/Medial
TCACAAGTCATGGGAG-1,1.6010667,6.502673,Oval/Medial
TCAGGTAGTCTTCATT-1,-2.7361374,5.7120094,Marginal
TCAGGTATCACAACCA-1,-0.78486055,5.801045,Oval/Medial
TCAGTTTCAAGACCGA-1,0.3279025,6.242021,Oval/Medial
TCATACTGTTCAAGTC-1,-0.4478839,4.078354,Oval/Medial
TCATGCCTCGTTGTGA-1,1.1666452,5.9767256,Oval/Medial
TCATTACAGCTAATGA-1,-0.5781112,7.3985777,Oval/Medial
TCATTACAGTAGGAAG-1,-0.8689092,5.6840525,Oval/Medial
TCCACCACAAGTGCTT-1,1.1409887,6.576222,Oval/Medial
TCCACGTAGTTAGTGA-1,0.38980716,4.671009,Oval/Medial
TCCAGAAAGGTTGCCC-1,-0.036849167,6.645592,Oval/Medial
TCCAGAAAGTAGCAAT-1,0.12558183,4.3237734,Oval/Medial
TCCGGGATCACTCCGT-1,-0.08704323,8.2855625,Oval/Medial
TCGACCTAGCGTCAAG-1,-1.6591797,3.976923,Hbx
TCGACGGGTCACGTGC-1,4.1293654,3.5441997,Oval/Medial
TCGATTTCATGAAAGT-1,0.4027584,7.3831735,Oval/Medial
TCGCTCACAGTTGTTG-1,-0.16555607,7.2290826,Oval/Medial
TCGGGTGGTGGCTTGC-1,-0.026263684,6.4393473,Oval/Medial
TCGTAGAAGCTGTGCC-1,-0.878995,4.4601784,Oval/Medial
TCGTGGGAGTTGTAGA-1,-1.0932279,6.3391294,Oval/Medial
TCGTGGGCACATTCTT-1,0.33875915,6.7747216,Oval/Medial
TCGTGGGGTTGCCTAA-1,-0.36557034,7.129295,Oval/Medial
TCTATACTCCTAAACG-1,-1.6534449,3.964956,Hbx
TCTCACGCACAGCTTA-1,-4.1859555,6.804114,Marginal
TCTCTGGAGGCCTTGC-1,-0.0157127,7.191738,Oval/Medial
TCTCTGGCAGAAGTGC-1,-0.5790189,6.423421,Oval/Medial
TCTGCCAGTCCGGTCA-1,-0.22354066,5.285037,Oval/Medial
TCTTAGTGTCAAATCC-1,-3.929747,6.5918894,Marginal
TGAACGTAGCCGGATA-1,-4.4524736,7.5544386,Marginal
TGAATCGAGTAGGGTC-1,-0.9268333,8.100778,Oval/Medial
TGAATGCTCGCACGGT-1,-3.6256466,7.201086,Marginal
TGATTTCAGCAGCCTC-1,0.07971495,6.4096603,Oval/Medial
TGCACGGGTTACGTAC-1,-1.0021375,6.829677,Oval/Medial
TGCAGATTCTGCAGCG-1,1.5399994,7.2058625,Oval/Medial
TGCAGTAGTGAGAGGG-1,-0.14135155,6.8061004,Oval/Medial
TGCGGGTAGGGACAGG-1,-1.1924772,5.9569287,Oval/Medial
TGGAGAGCAGCAGAAC-1,0.5959937,6.153637,Oval/Medial
TGGAGAGTCCCAGGAC-1,0.5039239,3.8230836,Lateral
TGGGAAGCATTGAAGA-1-1,0.4037794,7.0719466,Oval/Medial
TGGGAAGGTTGTCATG-1,0.9954747,8.640447,Oval/Medial
TGGGCGTGTCCAACGC-1,0.80345905,6.539422,Oval/Medial
TGGGTTAAGGAGGTTC-1,-1.5995394,3.1698563,Hbx
TGGTTAGCAGCACACC-1,4.1009483,3.5168743,Oval/Medial
TGTCAGACAAGCAGGT-1,-1.5298592,5.2106624,Oval/Medial
TGTCCACAGATGTTAG-1,-0.08950633,4.6763697,Oval/Medial
TGTCCCACATGAAGGC-1,-0.4343912,4.879667,Oval/Medial
TGTCCTGAGATGAATC-1,0.31081742,7.5843086,Oval/Medial
TGTGATGGTTTAGACC-1,-1.5797678,3.6536193,Hbx
TGTGCGGGTAACGGTG-1,-0.39543086,4.966864,Oval/Medial
TGTTGGATCTCCCATG-1,1.6313637,5.448704,Oval/Medial
TTACAGGGTGTGCTTA-1,0.30393034,9.10224,Oval/Medial
TTACCGCGTCCGGACT-1,-4.4700217,8.104911,Marginal
TTAGGCATCTGCGTCT-1,0.7602274,7.037855,Oval/Medial
TTCACCGGTACTAGCT-1,0.70663387,6.986604,Oval/Medial
TTCACGCCACGCGCTA-1,2.066324,5.6970143,Oval/Medial
TTCCAATGTTGTCCCT-1,-4.2056284,7.220501,Marginal
TTCTAGTCATCAGCTA-1,-1.02512,4.84581,Oval/Medial
TTCTAGTTCACTGATG-1-1,-0.28024077,6.731601,Oval/Medial
TTCTTCCCACCTAAAC-1,-3.9308975,8.276284,Marginal
TTGAACGTCTCGCGTT-1,0.80651486,7.6879854,Oval/Medial
TTGCATTCACTACAGT-1,0.15698558,6.9289865,Oval/Medial
TTGCTGCGTTTATGCG-1,-4.0597196,6.919223,Marginal
TTGTTCAAGAGCTGCA-1,-0.5173739,4.2404175,Oval/Medial
TTGTTCAAGAGTCCGA-1,-4.313457,7.7179604,Marginal
TTGTTTGCACATTCGA-1,-0.50312775,6.5885663,Oval/Medial
TTTACGTCATGACGAG-1,-3.4897974,5.3835316,Marginal
TTTACTGGTCGACGCT-1,-0.9080173,8.501979,Oval/Medial
TTTCAGTCAGCTCTGG-1,-1.50381,3.6099794,Hbx
TTTCATGAGTCGAATA-1,1.8376055,10.304984,Oval/Medial
TTTCCTCGTTGCTGAT-1,2.3449264,9.382019,Oval/Medial
TTTGACTCAGATACTC-1,0.46039775,4.5475774,Oval/Medial
TTTGGAGAGCTCCATA-1,0.40361172,6.328011,Oval/Medial
AAACCCATCTTTCCGG-1,-1.4959977,5.3425083,Oval/Medial
AAACGCTAGGAAAGTG-1,-1.7226864,7.675948,Marginal
AAACGCTCATATCTGG-1,3.8134065,6.754342,Oval/Medial
AAAGGATCACTACAGT-1,7.3298726,4.7028093,Oval/Medial
AACAAAGCAGTTGAAA-1,-2.5280998,6.7276516,Marginal
AACAACCGTGTCTTAG-1,-0.9536058,8.035717,Oval/Medial
AACAACCTCGCTTTAT-1,1.676698,6.680316,Oval/Medial
AACAAGACAGCGTAGA-1,-0.8213295,6.615784,Oval/Medial
AACCAACTCAAGCCTA-1-1,7.9733253,6.710086,Oval/Medial
AACCACAAGCTCTTCC-1,8.258705,7.097905,Oval/Medial
AACCACAGTACGCTAT-1,0.2548348,6.4220257,Oval/Medial
AACCACAGTTTCGGCG-1,0.4492915,4.172959,Lateral
AACCACATCCACCCTA-1,-0.13941935,6.37182,Oval/Medial
AACCTGAAGTTGCCCG-1,0.1852786,7.4742665,Oval/Medial
AACCTTTCAGGAGGAG-1,5.500269,8.430152,Oval/Medial
AACCTTTGTGCAGTGA-1,-0.36587402,7.3368897,Oval/Medial
AACGAAAAGGAACTCG-1,-0.42956138,6.3820143,Oval/Medial
AACGAAAAGGCCCAAA-1,4.819295,6.3530655,Oval/Medial
AACGAAATCTGTAACG-1,4.3524766,7.3106523,Oval/Medial
AACGGGAAGCGATCGA-1,3.10146,5.009535,Oval/Medial
AACGGGACACGACGTC-1,-2.2534409,6.894175,Marginal
AACGTCAGTCCGAAGA-1,-0.639246,7.2771096,Oval/Medial
AACGTCATCATCTGTT-1,8.670641,7.293384,Oval/Medial
AAGAACAAGTCACAGG-1,0.20555449,7.672603,Oval/Medial
AAGACAAGTGCGTCGT-1,7.498845,9.248241,Oval/Medial
AAGATAGTCAGTGTCA-1,0.8255948,8.347225,Oval/Medial
AAGCCATCAGCGTATT-1,1.2537954,8.23389,Oval/Medial
AAGCCATGTCTGTGTA-1,0.82850814,6.5225263,Oval/Medial
AAGCGTTGTTGCTCCT-1,1.8858057,1.6660758,Lateral
AAGCGTTTCCAGTGCG-1,3.3212311,6.2062793,Oval/Medial
AAGGAATTCAGCTAGT-1,-2.436717,5.275761,Marginal
AAGGAATTCTGATGGT-1,-1.7189816,7.355466,Marginal
AAGGTAAAGCTAGATA-1,-1.6658399,2.723405,Hbx
AAGGTAACAGTCCGTG-1,1.0189604,6.4555864,Oval/Medial
AAGTCGTAGCAAATGT-1,1.4714749,1.3770118,Lateral
AAGTCGTAGCAGGGAG-1,1.4050212,3.9701154,Lateral
AAGTGAATCTATTCGT-1,6.244936,12.9291315,Oval/Medial
AAGTTCGTCTCGTCAC-1,-0.013565216,9.144785,Oval/Medial
AATAGAGGTCTGTAGT-1,1.5053686,3.7967966,Lateral
AATAGAGTCAAGGAGC-1,2.9732795,7.232242,Oval/Medial
AATCACGTCACCTACC-1,0.92538685,6.634934,Oval/Medial
AATCGACCAATCGCCG-1,5.4361124,7.874052,Oval/Medial
AATCGTGCAATCGAAA-1,8.167522,7.1900625,Oval/Medial
AATGAAGGTACCCGCA-1,-2.3483055,6.1028814,Marginal
AATGACCCAACCGGAA-1,-1.098392,4.0230227,Oval/Medial
AATGACCCAATACAGA-1,-0.14508702,6.910158,Oval/Medial
AATGCCATCGCAATTG-1,6.1234784,12.732051,Oval/Medial
AATGGAAGTGTAGCAG-1,5.944994,5.8114247,Oval/Medial
AATGGCTGTGGCATCC-1,2.4323063,4.099982,Oval/Medial
AATTCCTAGTCATCGT-1,0.6709946,4.1803412,Oval/Medial
AATTCCTTCACTACTT-1,-0.21384637,5.875147,Oval/Medial
AATTTCCAGTAGGGTC-1,2.5050337,6.4719996,Oval/Medial
AATTTCCCAACAGAGC-1,5.602176,7.0526237,Oval/Medial
AATTTCCCAATTCTTC-1,-2.386251,6.994668,Marginal
ACAAAGATCTCCCATG-1,-2.7011745,7.240986,Marginal
ACAACCAAGTGTTCAC-1-1,-1.7357453,5.9835763,Marginal
ACAACCACAAGACGAC-1,-3.2765822,5.4258456,Marginal
ACAACCATCCCTGGTT-1,-3.4012609,5.3683043,Marginal
ACAAGCTAGAGATTCA-1-1,-1.3444059,3.8685317,Oval/Medial
ACAAGCTTCGATTCCC-1,-0.32461724,5.5218744,Oval/Medial
ACACAGTCAATCGTCA-1,1.0587537,7.3519073,Oval/Medial
ACACTGAAGGTACATA-1,4.571833,6.9546075,Oval/Medial
ACAGCCGTCTTGGCTC-1,6.015798,7.5758824,Oval/Medial
ACAGGGAAGTGGTTCT-1,1.0113369,2.1697686,Lateral
ACAGGGACACTCCTGT-1,-1.3287072,6.9933176,Marginal
ACAGGGAGTCGATTCA-1,-2.6882544,1.9865175,Hbx
ACAGGGAGTGCATCTA-1,4.6804295,6.639147,Oval/Medial
ACATCCCAGCAACTCT-1,5.2207627,6.2705555,Oval/Medial
ACATCCCAGCGGGTTA-1,-0.046829898,8.577771,Oval/Medial
ACATCCCCATAGGAGC-1,-2.5527961,7.1954503,Marginal
ACATCCCCATCTAGAC-1,7.4472075,9.083675,Oval/Medial
ACATCGACATGAGAAT-1,5.032891,5.8285728,Oval/Medial
ACATCGAGTTACCTGA-1,0.93127364,8.206835,Oval/Medial
ACCAAACAGACTCAAA-1,-2.8422344,6.9004765,Marginal
ACCAACAAGTTCCTGA-1,7.5892806,9.297631,Oval/Medial
ACCAACACACCTAAAC-1-1,6.481294,7.1767344,Oval/Medial
ACCAACAGTGAGCCAA-1,3.6496422,9.826669,Oval/Medial
ACCACAACACTCAAGT-1,-1.5003754,5.304799,Oval/Medial
ACCACAATCGCCTCTA-1,-1.0233147,7.193772,Oval/Medial
ACCATTTCATGGCTAT-1,-0.17102605,5.4817734,Oval/Medial
ACCCAAATCGCAATTG-1,1.019275,4.283424,Lateral
ACCCTTGTCCTGCCAT-1,-0.21518724,6.879192,Oval/Medial
ACCGTTCCACCTCGTT-1,1.288554,7.5961385,Oval/Medial
ACCGTTCCAGGCGAAT-1,-3.9287643,7.5931783,Marginal
ACCGTTCGTGGGACAT-1,1.564317,2.952018,Lateral
ACCTACCAGCGCATCC-1,3.428599,11.23553,Oval/Medial
ACCTACCTCCGAGTGC-1,-0.7006897,5.2334557,Oval/Medial
ACCTGAATCGTTCCCA-1,-1.9522085,3.3369863,Hbx
ACGGGTCTCAATGTCG-1,1.7689884,2.4925034,Lateral
ACGGGTCTCGACATTG-1,-4.636549,8.294615,Marginal
ACGGTCGCAGTTGGTT-1,4.848856,6.257848,Oval/Medial
ACGGTCGTCCATTGGA-1,0.086297356,8.670425,Oval/Medial
ACGGTTAGTTACCCAA-1,0.7746724,7.9282117,Oval/Medial
ACGGTTATCGGACGTC-1,-3.4447763,6.860633,Marginal
ACGGTTATCGTGCATA-1,3.1595895,6.4071655,Oval/Medial
ACGTAACCAGCGTACC-1,-1.8987026,5.7995834,Marginal
ACGTAACTCAAACGTC-1,3.0044823,2.4414222,Lateral
ACGTAACTCAGACCCG-1,-1.8774272,3.5122857,Hbx
ACGTAGTCAGGGTCTC-1,4.3784657,6.1079698,Oval/Medial
ACGTCCTAGCGCCCAT-1,2.1764379,3.436395,Lateral
ACGTCCTAGTGGAAAG-1,3.2221463,6.116116,Oval/Medial
ACGTCCTCAGTAACAA-1,0.85958064,2.2198136,Lateral
ACGTCCTTCGTGGCGT-1,-3.2117321,6.446899,Marginal
ACTACGACACCCTGAG-1,1.733059,7.1914887,Oval/Medial
ACTATCTAGATTAGAC-1,-0.27553976,8.6313095,Oval/Medial
ACTATGGCATTCGGGC-1,-0.673693,7.31289,Oval/Medial
ACTCCCACACCGCTGA-1,0.18002397,6.860334,Oval/Medial
ACTCCCACACGCGTGT-1-1,4.308186,5.58059,Oval/Medial
ACTGATGGTAGATTGA-1,-1.2211102,6.8421865,Oval/Medial
ACTGCAACACAGTACT-1,2.0428164,3.4382744,Lateral
ACTGCAACATTAGGCT-1,0.28299657,7.020482,Oval/Medial
ACTGTCCAGATGTAGT-1,-0.48736468,8.482818,Oval/Medial
ACTGTGATCCGCGAGT-1,1.8759811,6.557846,Oval/Medial
ACTTATCAGTCGCCAC-1,0.29003614,9.516918,Oval/Medial
ACTTTGTAGGATGCGT-1,4.101129,6.7391095,Oval/Medial
ACTTTGTAGTCGTCTA-1,-3.6948547,6.714971,Marginal
AGAAATGAGTGGAAAG-1,-1.8779031,-0.28411713,Hbx
AGAAATGTCCGATCTC-1,-0.40096143,7.1414933,Oval/Medial
AGAACAAAGACCACGA-1,1.7110504,10.511059,Oval/Medial
AGAACAATCGAGAAGC-1,-0.45677394,5.297098,Oval/Medial
AGAACCTGTTGGGTAG-1,5.7217627,10.816888,Oval/Medial
AGAACCTTCCGGACGT-1,1.4893801,1.9094744,Lateral
AGAAGCGTCCACACAA-1,5.5666523,8.118744,Oval/Medial
AGACAAACAGTTCACA-1,1.2919692,6.477761,Oval/Medial
AGACACTAGCATTTCG-1,2.1299822,6.862437,Oval/Medial
AGACACTCACAATTCG-1,-0.8666576,0.47986838,Hbx
AGACACTCACGGCGTT-1,2.5609093,8.176059,Oval/Medial
AGACACTTCATCACTT-1,-2.2567525,7.0940275,Marginal
AGACCATCAGGGTCTC-1,-0.091918,7.866858,Oval/Medial
AGACCATTCTATACTC-1,-2.720895,7.160541,Marginal
AGACCCGCACAGTATC-1,-0.30212095,5.1233635,Oval/Medial
AGACTCACACCTAAAC-1,-2.2358968,7.215054,Marginal
AGAGAATAGACGAGCT-1,5.630517,9.70426,Oval/Medial
AGAGAATAGGTTCCGC-1,0.33358967,5.6633797,Oval/Medial
AGAGAATCAGTAGATA-1,-2.9344912,6.111113,Marginal
AGAGAGCGTTGCTTGA-1,0.26282746,6.2588778,Oval/Medial
AGAGAGCTCCACCTCA-1,1.2169632,9.223294,Oval/Medial
AGAGCAGCACAAGGTG-1,1.507057,2.1390986,Lateral
AGAGCAGCACAGAAGC-1,4.2199974,5.9638534,Oval/Medial
AGATAGAGTACGGATG-1,7.571047,1.1028576,Oval/Medial
AGATAGAGTTTACTGG-1,-0.2973887,6.5769577,Oval/Medial
AGATCCAAGTAAAGCT-1,-2.8289452,8.215503,Marginal
AGATCCACATTCGATG-1,6.697556,7.94074,Oval/Medial
AGATCGTAGCGCCCAT-1,1.4213896,7.8159676,Oval/Medial
AGATCGTAGGTGGGTT-1,-2.0834649,5.525303,Marginal
AGATCGTTCAGCCTTC-1,6.895476,1.1837338,Oval/Medial
AGATGCTAGTGGAAGA-1,4.01322,7.2475476,Oval/Medial
AGATGCTCATCGGATT-1,1.6125605,3.5188687,Lateral
AGATGCTGTTGTCCCT-1,0.7119282,4.0155663,Lateral
AGATGCTTCTTGCGCT-1,-2.3838017,6.782055,Marginal
AGCATCAAGGAGGGTG-1,-0.94029015,5.5538034,Oval/Medial
AGCCAATAGCCGCTTG-1,1.0621424,3.4328313,Lateral
AGCCAATGTAGGCAAC-1,-0.41759822,2.7806513,Lateral
AGCCACGAGGTAGCAC-1,1.7788395,7.168793,Oval/Medial
AGCCAGCTCAGATTGC-1,3.8163779,5.320097,Oval/Medial
AGCGCCAAGTTACGAA-1,0.7649572,3.3329158,Lateral
AGCGCCAGTCCAGCCA-1,2.100549,9.586903,Oval/Medial
AGCGCCATCATAAGGA-1,-3.296505,6.312562,Marginal
AGCGCTGCAACCCTCT-1,0.6855112,9.504298,Oval/Medial
AGCGCTGCAATTCGTG-1,0.9181927,7.279541,Oval/Medial
AGCTACATCGTCTAAG-1,-2.918173,6.452576,Marginal
AGCTCAACATTAGGCT-1,-0.24775241,5.2149773,Oval/Medial
AGCTTCCGTCGTGTTA-1,1.0843797,1.2081319,Lateral
AGGAAATGTTTATGCG-1,-4.291583,7.257913,Marginal
AGGAAATTCGACGATT-1,3.507256,10.0718155,Oval/Medial
AGGAATAAGCTCGACC-1,6.0602765,12.306464,Oval/Medial
AGGAATAAGTCTGTAC-1,0.030161496,6.3620324,Oval/Medial
AGGAATAGTGACATCT-1,-3.867491,8.458426,Marginal
AGGAATAGTTCTCTCG-1,3.0841584,7.889411,Oval/Medial
AGGACGAAGCTCCGAC-1,1.2302616,5.6676645,Oval/Medial
AGGAGGTAGTCTAACC-1,1.0093857,5.956027,Oval/Medial
AGGAGGTCAGGCACAA-1,-1.576704,7.648298,Marginal
AGGATCTAGGGCTAAC-1,5.7688622,7.5802226,Oval/Medial
AGGATCTCAAACACGG-1,-0.63905954,7.9250994,Oval/Medial
AGGCCACCAGAGATTA-1,4.8386,6.521323,Oval/Medial
AGGCTGCTCGTCGGGT-1,5.114535,6.4515986,Oval/Medial
AGGTAGGTCGGCGATC-1,1.7957468,9.204524,Oval/Medial
AGGTAGGTCTCCGATC-1,0.37087104,6.132261,Oval/Medial
AGGTCATGTACAGAAT-1,8.089099,6.621549,Oval/Medial
AGGTCATTCGTAACAC-1,0.8110333,4.9708962,Oval/Medial
AGGTGTTCATAACAGA-1,3.8130732,5.8443227,Oval/Medial
AGGTGTTTCTTGAACG-1,6.2280536,12.431917,Oval/Medial
AGGTTGTAGCGCATCC-1,-2.6971147,7.3497877,Marginal
AGGTTGTGTCAAGGCA-1,-0.34499016,6.047238,Oval/Medial
AGTAACCCATGACTCA-1-1,6.054887,11.033262,Oval/Medial
AGTAACCGTCATAGTC-1,3.5603876,9.999677,Oval/Medial
AGTAACCGTGCATTAC-1,4.3760633,10.550117,Oval/Medial
AGTAACCGTTGCTTGA-1,-4.325,8.60426,Marginal
AGTACCACATCGTCCT-1,0.7706486,7.4229045,Oval/Medial
AGTACTGGTAGGAGTC-1,3.5251122,6.3015366,Oval/Medial
AGTAGCTAGCCAGTAG-1,-2.2914605,1.8813908,Hbx
AGTAGCTAGGCCCAAA-1,0.9716137,3.4912453,Lateral
AGTAGCTGTGTAGTGG-1,1.6252515,6.4537187,Oval/Medial
AGTAGTCAGATAACGT-1,0.86660933,7.094133,Oval/Medial
AGTAGTCAGTTCGCAT-1,6.248854,7.99371,Oval/Medial
AGTCAACAGGTTAGTA-1,0.9612628,2.0654864,Lateral
AGTCAACAGTGTAGTA-1-1,-2.242482,2.9986413,Hbx
AGTCATGCAAGTGCTT-1-1,3.8170328,7.1939616,Oval/Medial
AGTCTCCGTCCAGCCA-1,-2.9619448,6.542863,Marginal
AGTCTCCTCCCTCTAG-1,3.3807912,7.499724,Oval/Medial
AGTGACTAGTATGGAT-1,-2.3240602,7.9781094,Marginal
AGTGACTGTGGCACTC-1,4.120868,6.372625,Oval/Medial
AGTGACTTCTCCAATT-1,0.01400506,8.722872,Oval/Medial
AGTGACTTCTCGAACA-1,1.4899322,6.1375957,Oval/Medial
AGTGATCAGCAGCACA-1,7.5174475,5.796464,Oval/Medial
AGTGATCGTAAGCTCT-1,-3.3629737,5.3410845,Marginal
AGTGCCGCATGTCAGT-1,0.29116526,7.127584,Oval/Medial
AGTTCGAAGGTAAGAG-1,-0.970086,6.71764,Oval/Medial
ATAGAGACAGTATACC-1,4.4865737,6.205478,Oval/Medial
ATAGAGAGTGACTATC-1,1.5996366,5.5597,Oval/Medial
ATAGAGATCAACGAGG-1,3.1540837,12.120567,Oval/Medial
ATATCCTAGCTGTTCA-1,0.25278413,6.4239984,Oval/Medial
ATATCCTGTGTACATC-1,-2.1818995,0.9398363,Hbx
ATATCCTTCTGCGAGC-1,-0.23032582,5.764671,Oval/Medial
ATCACGAAGTTACGAA-1,-3.2196589,6.9125295,Marginal
ATCACGATCTAGCAAC-1,1.7436968,1.3362164,Lateral
ATCACTTCAAGCTACT-1,-0.53552806,7.0341964,Oval/Medial
ATCATTCCATTGCCTC-1,-1.1190025,5.591435,Oval/Medial
ATCATTCGTTCCGTTC-1,-4.6177444,7.9145856,Marginal
ATCATTCTCACTACGA-1,-1.8039507,3.6595547,Hbx
ATCCACCTCGCGCCAA-1,-2.901305,5.34907,Marginal
ATCCCTGGTATAGGAT-1,1.6118046,7.687044,Oval/Medial
ATCCGTCTCGGCAGTC-1,1.2659045,5.94862,Oval/Medial
ATCCTATCATATCGGT-1,0.97906387,7.46491,Oval/Medial
ATCGATGAGCCTGGAA-1,2.9374487,10.404702,Oval/Medial
ATCGCCTAGAACTTCC-1,-1.4306966,1.6243997,Hbx
ATCGCCTCATACTGTG-1,-1.3513551,5.1264734,Oval/Medial
ATCGGATTCTAAGCCA-1,-0.10309832,4.162677,Oval/Medial
ATCGGCGAGTATAACG-1,0.58619714,9.617336,Oval/Medial
ATCGTAGAGTGAACAT-1,1.0426238,3.749074,Lateral
ATCGTAGGTGTGATGG-1,-1.7531663,7.577879,Marginal
ATCGTCCTCAGAGCGA-1,6.9607863,7.4152865,Oval/Medial
ATCGTGATCAATCTCT-1,2.5340497,5.7915816,Oval/Medial
ATCGTGATCTGTCCCA-1,7.435343,7.6608787,Oval/Medial
ATCTTCATCGCAGTGC-1,6.3596888,12.266739,Oval/Medial
ATGAAAGCACTTGACA-1,2.9226665,6.867405,Oval/Medial
ATGAAAGGTCTAGGTT-1,7.721314,6.2594953,Oval/Medial
ATGAGGGAGGCTGAAC-1,6.393227,8.415212,Oval/Medial
ATGAGGGCACACAGAG-1,-2.4941194,7.9157867,Marginal
ATGAGGGGTGGTCTTA-1,1.2940049,6.6582065,Oval/Medial
ATGAGTCAGATCACTC-1,-1.4615011,7.157843,Oval/Medial
ATGAGTCAGATGCTGG-1,4.493955,7.4060583,Oval/Medial
ATGAGTCTCCGCAGTG-1,1.6627135,7.4094744,Oval/Medial
ATGATCGCACCTGCTT-1,-3.1972992,7.137664,Marginal
ATGCATGAGGTCGTCC-1,-2.0036752,3.8267689,Hbx
ATGCCTCCAACGGCTC-1,6.4218397,4.2811966,Oval/Medial
ATGCCTCTCTGAACGT-1,5.277703,7.264714,Oval/Medial
ATGGATCAGTTGAAGT-1,-2.7477615,7.3409038,Marginal
ATGGATCTCGAGTGAG-1,4.4542694,7.0687823,Oval/Medial
ATGGTTGCAAAGTGTA-1,-0.81219804,5.5006266,Oval/Medial
ATGTCTTTCACATACG-1,-1.0574669,0.1966712,Hbx
ATTATCCCAACGTATC-1,-1.9613656,6.1192217,Marginal
ATTATCCCACTGCACG-1,0.745382,6.273834,Oval/Medial
ATTATCCCATACCAGT-1,1.6857002,6.672754,Oval/Medial
ATTATCCTCCATTCAT-1,2.9975424,6.3145566,Oval/Medial
ATTCATCAGATTGACA-1,1.4191356,7.030459,Oval/Medial
ATTCCATCACTGCATA-1,1.0796648,6.6865153,Oval/Medial
ATTCCCGCACAAGTGG-1,0.36064398,6.956913,Oval/Medial
ATTCCCGTCAGCGTCG-1,-0.67761415,5.358829,Oval/Medial
ATTCTACGTGCTCTTC-1,0.6003661,5.4256945,Oval/Medial
ATTGGGTAGTCACGCC-1,-2.0840173,7.2926335,Marginal
ATTGGGTTCACCCTGT-1,2.0155785,9.903342,Oval/Medial
ATTGGGTTCTTCGGAA-1,-2.017884,-0.3621225,Hbx
ATTGTTCAGTTGTCAC-1,8.408688,7.292511,Oval/Medial
ATTTACCAGATACGAT-1,0.2558362,3.9408972,Oval/Medial
ATTTCACGTGGAATGC-1,0.024223445,5.0607715,Oval/Medial
ATTTCACTCCTTATAC-1,0.56525195,3.6142755,Lateral
ATTTCTGCAGCGACCT-1,-4.0986347,8.263403,Marginal
ATTTCTGGTAACACCT-1,0.98927844,8.620881,Oval/Medial
ATTTCTGGTCTGTGTA-1,0.6473048,5.6233773,Oval/Medial
ATTTCTGTCAAGCTTG-1,8.265045,7.331228,Oval/Medial
CAAAGAAAGTGATAAC-1,5.3582177,6.446678,Oval/Medial
CAACAACCAATTGGTC-1,-3.4328828,7.3630004,Marginal
CAACAACCAGGCTTGC-1,-3.5914283,6.515737,Marginal
CAACAACGTCAAGCGA-1,6.00935,7.0014124,Oval/Medial
CAACAGTCATGCCGGT-1,1.2445759,7.533861,Oval/Medial
CAACCAACAAACGAGC-1,1.401854,6.198756,Oval/Medial
CAACCAACAGTAGAAT-1,5.4257493,7.0868087,Oval/Medial
CAACCAATCATTACTC-1,-4.8015738,8.491242,Marginal
CAACCTCCAGTCCCGA-1-1,-1.2457658,5.4885254,Oval/Medial
CAACCTCTCTCGGTAA-1,1.6519421,8.761959,Oval/Medial
CAACGATGTGCCTTTC-1,2.1705291,5.9026465,Oval/Medial
CAACGGCCAGGTCCCA-1,0.5060033,8.007571,Oval/Medial
CAACGGCGTGCTGTCG-1,-1.3728951,5.4636636,Oval/Medial
CAACGGCGTTGTATGC-1,-2.0981035,6.2498302,Marginal
CAAGACTAGACTAAGT-1,0.15188417,6.8705325,Oval/Medial
CAAGACTAGCGCACAA-1,4.66298,6.5850015,Oval/Medial
CAAGAGGGTGTGGACA-1,5.1730247,7.9017,Oval/Medial
CAAGGGAAGCGCCTCA-1,3.2645092,7.154251,Oval/Medial
CAAGGGAGTCCACATA-1,-2.0262823,7.232068,Marginal
CAAGGGATCATCACAG-1,0.19843003,8.884417,Oval/Medial
CAAGGGATCCCAGGCA-1,-0.80387074,8.432011,Oval/Medial
CAAGGGATCGTTCCTG-1,0.98755443,8.376155,Oval/Medial
CAATACGAGAAGCCTG-1,7.5388565,1.0050263,Oval/Medial
CAATACGAGACTCCGC-1,-0.97921115,7.0317254,Oval/Medial
CAATACGGTTGCATGT-1,-0.7603493,0.07611877,Hbx
CAATACGTCCATTGGA-1,4.4140725,7.001999,Oval/Medial
CAATCGACACTGTTCC-1,-1.6097016,4.5933194,Oval/Medial
CAATCGATCAGAGCAG-1,7.248182,7.6971316,Oval/Medial
CAATGACGTACTGCCG-1,3.9653938,6.417373,Oval/Medial
CAATTTCGTCTTGCGG-1,0.5989289,6.4495945,Oval/Medial
CACAACAAGCCTGAGA-1,4.827581,6.411675,Oval/Medial
CACACAATCGGCAGTC-1,0.19115835,4.869818,Oval/Medial
CACAGATAGGGCCTCT-1,-0.9237961,1.3146317,Hbx
CACAGATAGTGAGGCT-1,1.2711055,9.452645,Oval/Medial
CACAGATTCGAGTGGA-1,2.7404566,7.041963,Oval/Medial
CACAGGCTCTTACGTT-1,-2.431086,0.08295865,Hbx
CACATGAGTCATTCCC-1,5.4065304,12.589451,Oval/Medial
CACCAAAGTCCACTCT-1,0.34680834,4.960268,Oval/Medial
CACCGTTGTTGCATCA-1,-0.6505696,6.7471137,Oval/Medial
CACGAATAGCGGTAGT-1,6.17408,6.403763,Oval/Medial
CACGAATTCATGCCAA-1,4.5347896,8.735385,Oval/Medial
CACGTGGAGTACAGAT-1,1.9970553,10.17133,Oval/Medial
CACGTTCTCTCGTGGG-1,0.5179272,7.227823,Oval/Medial
CACTGAAAGCGAGTCA-1,1.3352507,1.5981064,Lateral
CACTGGGCAACTCGTA-1,2.3973682,6.2717433,Oval/Medial
CACTGTCTCCTTCGAC-1,0.6551524,1.0433097,Lateral
CACTTCGAGCATATGA-1,0.6340204,6.941509,Oval/Medial
CACTTCGAGTAAACAC-1,-2.7987072,6.4391694,Marginal
CACTTCGCAGTAGATA-1,7.6243577,6.379651,Oval/Medial
CAGATCAAGCGAGGAG-1,7.3943744,9.379159,Oval/Medial
CAGATCAAGGCCACTC-1,-1.803251,6.8672857,Marginal
CAGATCAGTCATGGCC-1,-0.9108881,6.9535813,Oval/Medial
CAGCACGAGCTGTGCC-1,3.0778315,6.963137,Oval/Medial
CAGCGTGCAGCAGTCC-1,-2.003399,7.307648,Marginal
CAGGCCACACGCGTGT-1,4.1657424,6.64064,Oval/Medial
CAGGTATGTACGATTC-1,-3.2409365,6.979272,Marginal
CAGTGCGGTAGTGGCA-1-1,1.4499556,7.741439,Oval/Medial
CAGTGCGTCAACCGAT-1,3.62662,12.807637,Oval/Medial
CAGTTAGGTCTTTCTA-1,3.0089293,6.869925,Oval/Medial
CATACAGAGGAAAGGT-1,2.6766257,2.6672559,Lateral
CATACAGGTTGTGCCG-1,-2.7117012,2.6800003,Hbx
CATACCCAGATGAACT-1,-2.0682838,-0.23254313,Hbx
CATACTTAGCGAGGAG-1,-1.4834569,7.3278017,Marginal
CATACTTGTACGACAG-1,0.8700747,6.979417,Oval/Medial
CATAGACGTTAGGGTG-1,0.0036885114,4.410696,Oval/Medial
CATCAAGGTAACCCGC-1,2.2744622,2.460636,Lateral
CATCCACTCACCGCTT-1,2.1213636,10.832879,Oval/Medial
CATCCACTCTGCTAGA-1,-0.69783765,5.291138,Oval/Medial
CATCGGGGTCTTGGTA-1,-2.5186949,6.6049676,Marginal
CATGAGTAGGCTATCT-1,-0.5664822,6.056291,Oval/Medial
CATGCAAGTATCCCAA-1,3.1621532,7.3597245,Oval/Medial
CATGCCTGTAGGAGGG-1,1.6455085,1.9240506,Lateral
CATGCGGCATCATTTC-1,-0.154794,5.8056417,Oval/Medial
CATGCGGTCCCGAGGT-1,5.028533,6.6586137,Oval/Medial
CATGCTCCAGAAATTG-1,2.9108882,5.631763,Oval/Medial
CATGCTCGTATGAAGT-1,0.7451467,7.7566395,Oval/Medial
CATGGATAGCGCACAA-1,0.60086733,7.6041007,Oval/Medial
CATGGATTCTACGGGC-1,0.36222732,4.2555537,Oval/Medial
CATTCATGTCATCGCG-1,3.0214446,9.4647255,Oval/Medial
CATTGAGAGGCGTTAG-1,4.295992,10.306195,Oval/Medial
CATTGAGTCAGGAAAT-1,0.17027822,9.021982,Oval/Medial
CATTGAGTCTCGAGTA-1,-0.046833355,8.44377,Oval/Medial
CATTGTTGTCGTACTA-1,-1.2172465,6.373379,Oval/Medial
CATTGTTTCATTTCCA-1,1.8598039,6.9505067,Oval/Medial
CCAAGCGAGGTTATAG-1,0.9507297,6.682065,Oval/Medial
CCAATGAAGTCTTGGT-1,0.45602426,3.0323465,Lateral
CCAATTTAGCGTTCAT-1,-3.2943616,6.0325947,Marginal
CCACAAAAGCCTATTG-1,0.2437088,3.7374928,Oval/Medial
CCACACTGTGGAAGTC-1,0.3886043,9.296991,Oval/Medial
CCACCATAGAGTTGTA-1,-4.1031194,6.420136,Marginal
CCACCATTCAGTAGGG-1,1.0837445,7.180727,Oval/Medial
CCACGTTAGACAGCGT-1,3.4924731,6.784976,Oval/Medial
CCACGTTAGTCTGCAT-1,1.9300221,6.1681824,Oval/Medial
CCACGTTCACACCGCA-1,-0.038715012,7.609391,Oval/Medial
CCACTTGGTCCGGACT-1,5.6679916,10.855458,Oval/Medial
CCCAACTGTTCCTTGC-1,6.6594234,8.119947,Oval/Medial
CCCGAAGCAGTATTCG-1,0.11156342,5.176631,Oval/Medial
CCCGGAAAGCAGAAAG-1,4.218142,10.167102,Oval/Medial
CCCTCTCGTACCACGC-1,1.3585287,7.5494585,Oval/Medial
CCCTGATAGCAACTTC-1,-1.528955,5.9085574,Oval/Medial
CCCTGATTCTAATTCC-1,6.587868,8.436164,Oval/Medial
CCGATCTAGCGACCCT-1,-1.0924774,6.31027,Oval/Medial
CCGATCTTCCGCACGA-1,5.7609506,6.960653,Oval/Medial
CCGATGGTCCAAGAGG-1,1.401084,8.72326,Oval/Medial
CCGCAAGGTCACTAGT-1,0.9779962,7.6435738,Oval/Medial
CCGGACAGTCTCGCGA-1,7.6550584,9.354937,Oval/Medial
CCGGTAGGTGGCAGAT-1,1.9601214,4.43384,Lateral
CCGTAGGCAGACTGCC-1,0.15103291,8.217346,Oval/Medial
CCTAAGATCGCCTTGT-1,5.5208893,10.622236,Oval/Medial
CCTAAGATCGGACTGC-1,-0.41913095,4.3572903,Oval/Medial
CCTACGTTCTGGGTCG-1,0.5006237,2.2658231,Lateral
CCTCACAAGCTGAGTG-1,-1.901572,7.9131336,Marginal
CCTCACAGTTGGTAGG-1,0.03415192,4.7535524,Oval/Medial
CCTCAGTAGATGCGAC-1,-1.7006427,3.136148,Hbx
CCTCATGAGATGGGCT-1,8.358314,7.3347077,Oval/Medial
CCTCCAAGTATCCTTT-1,1.185587,5.3655696,Oval/Medial
CCTCTAGAGCTCGAAG-1,1.5011578,8.528558,Oval/Medial
CCTCTAGGTTCCACGG-1,7.962924,6.759692,Oval/Medial
CCTGCATCAAGTTGGG-1,-0.778274,4.374721,Oval/Medial
CCTGCATCACGGTAGA-1,0.71882296,8.893749,Oval/Medial
CCTTCAGCAGCCCACA-1,-2.2229664,7.91014,Marginal
CCTTCAGTCCGCTAGG-1,1.8181075,7.1301093,Oval/Medial
CCTTCAGTCTGAGATC-1,-2.7544398,5.445956,Marginal
CCTTGTGCAATTTCCT-1,-0.5102038,8.583123,Oval/Medial
CCTTGTGTCGACTCCT-1,3.5421784,5.576891,Oval/Medial
CGAAGGATCCGGCAGT-1,3.6479568,5.9107437,Oval/Medial
CGAAGTTAGGTCATAA-1,1.7551055,6.060822,Oval/Medial
CGAAGTTTCCGTCAAA-1,0.32552502,7.243496,Oval/Medial
CGAAGTTTCGCACGAC-1,0.4836681,7.4496317,Oval/Medial
CGAATTGGTCGCGTCA-1,2.7374423,1.6888342,Lateral
CGACAGCAGATGAAGG-1,2.0447743,6.3485584,Oval/Medial
CGACAGCGTTGCGAAG-1,0.28165364,7.188084,Oval/Medial
CGAGAAGCATGAAAGT-1,4.0048723,6.6317477,Oval/Medial
CGAGAAGTCTGGGTCG-1,-3.1452355,7.9463825,Marginal
CGAGGAACATGGGATG-1,-2.0378733,7.5404434,Marginal
CGAGGAAGTGTTATCG-1,0.8624784,7.4571123,Oval/Medial
CGAGGCTCAAATAAGC-1,1.0115451,5.5430818,Oval/Medial
CGAGTGCAGATAGCTA-1,-2.7289507,6.4713917,Marginal
CGAGTTAAGGGTAGCT-1,0.15350889,9.1910925,Oval/Medial
CGAGTTAGTCTTGGTA-1,2.6418128,6.3544717,Oval/Medial
CGATCGGAGTAAGCAT-1,2.8796074,10.521754,Oval/Medial
CGATCGGAGTAGACAT-1,-2.9626696,6.643238,Marginal
CGATCGGGTGCTGTCG-1,5.586662,11.059772,Oval/Medial
CGATGCGGTCAGCTTA-1,-2.4636643,7.638552,Marginal
CGATGCGGTTTGGAGG-1,2.9640248,9.556543,Oval/Medial
CGATGGCAGACAACAT-1,2.8046434,6.6694984,Oval/Medial
CGATGGCAGCGTATGG-1,5.3325367,11.127113,Oval/Medial
CGATGGCCAATACGCT-1,0.26015338,4.2104125,Oval/Medial
CGCAGGTTCGACCACG-1,-0.27082813,7.143935,Oval/Medial
CGCATAAGTTTGAAAG-1,1.2001047,6.523371,Oval/Medial
CGCATAATCTGGACTA-1,4.2220497,7.7630253,Oval/Medial
CGCATGGCACTATCCC-1,3.234827,10.026626,Oval/Medial
CGCATGGGTTTGACAC-1,-0.24283276,7.8194256,Oval/Medial
CGCCAGACAAAGAACT-1,-2.0219965,-0.2612397,Hbx
CGCCAGACAACAGATA-1,-3.1834223,6.3210025,Marginal
CGCCAGATCCCTAGGG-1,-1.3791909,4.2954845,Hbx
CGCCATTAGCCGATCC-1,1.3017136,7.2458234,Oval/Medial
CGCGTGACATCCAACA-1,4.5802736,10.052616,Oval/Medial
CGCGTGATCACGGGCT-1,-0.38763452,4.7872376,Oval/Medial
CGGAACCAGTTGGAGC-1,-2.6123397,6.152723,Marginal
CGGAATTAGACCATAA-1,6.525718,7.216075,Oval/Medial
CGGAATTCAGGACTTT-1,-4.1397085,7.1348305,Marginal
CGGAATTCATGCCATA-1,1.2939239,6.456194,Oval/Medial
CGGACACAGCAGATAT-1,3.1247573,12.303348,Oval/Medial
CGGACACCACAATGCT-1,1.7438741,8.6261215,Oval/Medial
CGGACACTCGAGAAGC-1,-0.00061697565,7.0649953,Oval/Medial
CGGAGAAAGGGCAAGG-1,1.2749599,8.386593,Oval/Medial
CGGCAGTCAGTAACCT-1,0.15368542,6.479765,Oval/Medial
CGGCAGTGTGATACCT-1,-2.790905,7.0925255,Marginal
CGGGACTTCCCTCTAG-1,1.4811665,8.648112,Oval/Medial
CGGGCATCAACAGAGC-1,0.90479296,6.4775834,Oval/Medial
CGGGTCAAGCCGATAG-1,2.944817,5.2942576,Oval/Medial
CGGGTGTTCCAGCCTT-1,1.0586766,6.56907,Oval/Medial
CGTAAGTAGTACCGGA-1,-2.262397,4.648871,Hbx
CGTAAGTGTCTTCATT-1,2.5872407,5.691394,Oval/Medial
CGTAATGGTTCATCGA-1,-1.1075565,7.053065,Marginal
CGTAGTACAATCGCGC-1,3.184494,9.5858755,Oval/Medial
CGTCAAAAGTAGGATT-1,-1.0318991,6.831785,Oval/Medial
CGTCAAACAACGATCT-1,1.6733885,9.446624,Oval/Medial
CGTCAAACAGTTCCAA-1,1.794678,1.8554097,Lateral
CGTCAAAGTATTTCTC-1,-2.109381,6.475691,Oval/Medial
CGTCAAAGTTCGGACC-1,4.440579,10.28088,Oval/Medial
CGTCCATAGCGCATCC-1,1.9348581,6.34843,Oval/Medial
CGTCCATAGCGCTGAA-1,-0.7420627,7.8782406,Oval/Medial
CGTGATACAGTCTCTC-1,-2.2141347,2.458407,Hbx
CGTGATAGTCGAATGG-1,-0.018147841,3.067321,Lateral
CGTGATATCACTTTGT-1,-0.21473238,6.0462794,Oval/Medial
CGTGATATCTCGGTAA-1,6.17672,6.9947453,Oval/Medial
CGTGCTTAGGTGCCAA-1,2.5946524,11.109257,Oval/Medial
CGTGCTTTCCGGTAAT-1,5.0313725,7.958893,Oval/Medial
CGTTAGAAGCAACAAT-1,7.802012,7.1180005,Oval/Medial
CGTTAGACATGAAGCG-1,0.112303026,7.0641413,Oval/Medial
CGTTCTGTCGACGCTG-1,5.569752,5.972557,Oval/Medial
CGTTGGGGTGCCTTCT-1,-1.0338001,4.692928,Oval/Medial
CGTTGGGGTTACACTG-1,0.23932093,6.9766245,Oval/Medial
CTAACTTTCGGCATTA-1,0.17638944,4.456263,Oval/Medial
CTAACTTTCTCTAAGG-1,-3.17529,6.4648666,Marginal
CTACAGACATCCTTGC-1,-4.7787375,8.039913,Marginal
CTACCCAGTTGGGTTT-1,-1.2385166,7.434342,Oval/Medial
CTACCTGGTTGAAGTA-1,2.2383668,1.0672915,Lateral
CTACGGGGTACCAGAG-1,2.265457,1.5949103,Lateral
CTACGGGTCCGAGATT-1,0.5937228,5.3518314,Oval/Medial
CTAGACAAGCCTGCCA-1,0.5674682,8.617757,Oval/Medial
CTAGACAAGTCACTCA-1,1.9982113,6.849119,Oval/Medial
CTAGACATCGACCCAG-1,-1.2433177,1.0573181,Hbx
CTATAGGGTCCCTAAA-1,0.8373728,6.8381314,Oval/Medial
CTATCCGAGCCGCACT-1,-3.3304918,7.802214,Marginal
CTCAACCGTGGGATTG-1,0.63820297,5.794429,Oval/Medial
CTCAAGAAGATACTGA-1,0.13503428,7.2323155,Oval/Medial
CTCAAGACAACAAGAT-1,6.037001,6.646037,Oval/Medial
CTCAAGAGTCTACAGT-1,-1.873701,8.021387,Marginal
CTCAAGATCTCCGAAA-1,7.44208,9.171118,Oval/Medial
CTCAATTAGCTCAGAG-1,4.7622232,7.5721855,Oval/Medial
CTCAATTGTGCGGATA-1,2.7380497,2.0020928,Lateral
CTCACTGCACCTATCC-1,1.9221289,9.498257,Oval/Medial
CTCACTGCATCGGAGA-1,2.4225445,6.688655,Oval/Medial
CTCAGGGCAGTAGATA-1,7.487241,9.100021,Oval/Medial
CTCATGCAGGATCACG-1,1.0447245,8.266282,Oval/Medial
CTCATGCAGGGATCAC-1,8.039765,7.672994,Oval/Medial
CTCATGCCAGCTAACT-1,-3.2459755,6.200551,Marginal
CTCATGCGTCGCATGC-1,5.8205166,7.1190805,Oval/Medial
CTCCAACGTGATCGTT-1,-0.06668888,4.875981,Oval/Medial
CTCCAACTCAGCTAGT-1,1.2091463,6.215782,Oval/Medial
CTCCAACTCCTGTAAG-1,4.804086,6.545284,Oval/Medial
CTCCACACAAATTGCC-1,6.228238,8.705647,Oval/Medial
CTCCACACACGGAAGT-1,-1.5096539,2.9841442,Hbx
CTCCACACATTCTTCA-1,3.1835644,6.802916,Oval/Medial
CTCCACATCTCCGATC-1,0.82137805,6.210093,Oval/Medial
CTCCATGCACACCGCA-1,-1.4656262,7.0719447,Oval/Medial
CTCCATGCATCCCGTT-1,4.277961,6.8156505,Oval/Medial
CTCCATGTCAGCTTCC-1-1,4.8843727,5.1630335,Oval/Medial
CTCCGATAGCGAGAAA-1,-2.5177248,6.876674,Marginal
CTCCGATCAACTGGTT-1,0.724457,6.0255394,Oval/Medial
CTCCGATCATGTCGTA-1,-1.5385629,4.0664697,Hbx
CTCCTCCCAAGTCATC-1,-3.495269,6.3989577,Marginal
CTCCTCCGTACTGAGG-1,1.4999173,5.9811535,Oval/Medial
CTCCTTTAGCGCACAA-1,3.521697,7.3881745,Oval/Medial
CTCGAGGAGACCAAAT-1,1.4687227,6.1836925,Oval/Medial
CTCGAGGCAATGAAAC-1,0.86733407,8.932169,Oval/Medial
CTCTCAGCACTGGCGT-1,-0.39986712,8.187758,Oval/Medial
CTCTCGACACCGAATT-1,0.5151927,6.807523,Oval/Medial
CTGAATGAGCGTATGG-1,-1.8878297,7.7453165,Marginal
CTGAATGGTCGTTGGC-1,-0.63860655,5.6366262,Oval/Medial
CTGAATGGTCTCTCCA-1,-0.2702186,5.888709,Oval/Medial
CTGCAGGTCCTGTTGC-1,0.10167736,7.1489263,Oval/Medial
CTGCCATCATTGTACG-1,0.7283871,4.9575024,Oval/Medial
CTGCCATTCAGAGCGA-1,-1.9473698,5.7156487,Oval/Medial
CTGCCTAAGGCAATGC-1,0.20815504,6.770177,Oval/Medial
CTGCCTACAAGGTCGA-1,0.29156142,8.453689,Oval/Medial
CTGCGAGCACGACAGA-1,-1.9416733,3.4143605,Hbx
CTGCGAGCACGAGGAT-1,7.249743,5.8387003,Oval/Medial
CTGCGAGGTCCTGGTG-1,-2.0859678,1.0263616,Hbx
CTGCGAGTCATTTCGT-1,-0.4299543,7.738631,Oval/Medial
CTGGACGTCCGTGTGG-1,-0.13157615,7.417484,Oval/Medial
CTGGCAGGTGAACCGA-1,0.14626466,8.011172,Oval/Medial
CTGGTCTCAGCGACAA-1,5.7750373,7.549665,Oval/Medial
CTGGTCTTCGGAAGGT-1,5.6078873,6.5995154,Oval/Medial
CTGTCGTAGTAACCTC-1,-3.5798326,6.5219994,Marginal
CTTACCGCAGAGACTG-1,0.46880797,4.6753273,Oval/Medial
CTTAGGAAGGTGGGTT-1,6.6609416,1.8065659,Oval/Medial
CTTCAATGTATTGAGA-1,-0.13475293,7.618429,Oval/Medial
CTTCCGACACACTTAG-1,3.0258849,5.736938,Oval/Medial
CTTCTAAAGTTCCGGC-1,-0.82371986,0.5181692,Hbx
CTTCTCTCAAGTTCGT-1,-0.71741664,8.3159275,Oval/Medial
CTTCTCTTCACATCAG-1,0.6113281,8.643424,Oval/Medial
CTTCTCTTCCCAGGCA-1,5.3656044,11.1023445,Oval/Medial
CTTGATTAGATGTTAG-1,1.163626,1.4228841,Lateral
CTTGATTCAATGTTGC-1,4.8786454,11.126897,Oval/Medial
CTTGATTGTGTCCCTT-1,0.6655858,5.9771442,Oval/Medial
CTTTCAAAGTGATTCC-1,-0.5505437,4.2581234,Oval/Medial
CTTTCAAGTGTGACCC-1,4.8261156,10.783487,Oval/Medial
CTTTCAATCTGAGGCC-1,0.11829639,5.565948,Oval/Medial
CTTTCGGAGGCTATCT-1,3.6190963,9.6079035,Oval/Medial
CTTTCGGCAGGTGTTT-1,1.6795071,7.4044185,Oval/Medial
GAAACCTCAACTTGGT-1,-0.5372275,7.161737,Oval/Medial
GAAACCTCACGCGGTT-1,4.1552677,13.741358,Oval/Medial
GAAATGAAGCTCTGTA-1,2.2273476,7.2315216,Oval/Medial
GAAATGAAGTCTCCTC-1,2.266978,1.3951808,Lateral
GAACACTAGCTGCCTG-1,5.324051,7.178595,Oval/Medial
GAACACTCAAAGGTTA-1,8.366385,7.3944244,Oval/Medial
GAACACTGTCTTACTT-1,-0.971955,7.3951926,Oval/Medial
GAACGTTCATAACGGG-1,-3.8544855,6.2863965,Marginal
GAACGTTGTCGAGTTT-1,0.9483599,7.0811834,Oval/Medial
GAACTGTGTATTTCTC-1,2.393894,5.5962186,Oval/Medial
GAACTGTGTCGTACTA-1,0.5522245,2.3211076,Lateral
GAAGAATCATGACTCA-1,-0.7602704,6.177474,Oval/Medial
GAAGAATGTGGGACAT-1,4.4243326,8.119013,Oval/Medial
GAAGCCCAGTTGTAGA-1,3.626036,13.5741825,Oval/Medial
GAAGCGAGTCACTCGG-1,-2.0090084,3.3819578,Hbx
GAAGGACAGTCATCGT-1,4.803255,6.5761747,Oval/Medial
GAAGTAATCTCACTCG-1,4.122884,6.421446,Oval/Medial
GAATCGTAGGCAGCTA-1,2.1028624,9.9217205,Oval/Medial
GAATCGTCACAGCATT-1,2.3647547,9.556542,Oval/Medial
GACAGCCCAGGGTTGA-1,-2.0950594,6.398397,Marginal
GACAGCCTCATAAGGA-1,-2.0786734,8.113862,Marginal
GACATCACAAACGTGG-1-1,-2.6988866,5.133229,Marginal
GACCCAGAGTAACCGG-1,3.201719,6.1995873,Oval/Medial
GACCTTCTCGGATACT-1,-2.71928,6.329837,Marginal
GACGCTGAGTGGCCTC-1,0.0282964,7.566487,Oval/Medial
GACGCTGGTAGAATAC-1,2.4787066,1.4588608,Lateral
GACGTTACACTGAGGA-1,2.6371489,11.312084,Oval/Medial
GACTATGCAACGGCTC-1,0.26419085,4.5547028,Oval/Medial
GACTATGCATATCTCT-1,4.2916875,6.3897853,Oval/Medial
GACTCAAGTCGCATTA-1,0.48880172,7.299054,Oval/Medial
GACTCTCCAAGATTGA-1,4.5697994,6.1292424,Oval/Medial
GACTCTCGTGGGATTG-1,5.526752,12.242046,Oval/Medial
GACTCTCTCAGGGATG-1,-1.4946913,8.185671,Oval/Medial
GACTGATAGCATTGAA-1,0.5769715,7.140012,Oval/Medial
GAGATGGTCAACGCTA-1,0.9231314,7.0664177,Oval/Medial
GAGCCTGGTTCAGGTT-1,0.6272187,5.750121,Oval/Medial
GAGGCAAAGTGGAATT-1,0.2817317,4.8671837,Oval/Medial
GAGGCAACAGCAGTGA-1,-2.63215,7.3315773,Marginal
GAGGCCTGTGCAGTGA-1,-0.5487325,6.1519165,Oval/Medial
GAGGGATAGATGATTG-1,6.2952385,12.57985,Oval/Medial
GAGGGTACAATAACGA-1,1.527452,7.850007,Oval/Medial
GAGTCATGTTTACTGG-1,4.071821,9.526907,Oval/Medial
GAGTCATTCTAGAACC-1,1.7075453,3.905326,Lateral
GAGTGAGAGCAACAGC-1,-0.48688793,2.4820957,Hbx
GAGTGTTCAGGCGATA-1,-1.5147386,6.050194,Oval/Medial
GAGTTACAGGTAATCA-1,2.0700204,1.6810623,Lateral
GAGTTACCACCAGGTC-1,0.05319889,6.515539,Oval/Medial
GAGTTGTGTGACAGGT-1,1.0697092,6.096424,Oval/Medial
GAGTTGTTCCGACAGC-1,-1.5238849,3.8211255,Hbx
GAGTTTGGTCAATCTG-1,4.92487,10.3859415,Oval/Medial
GAGTTTGGTGGATACG-1,-0.43554655,6.785403,Oval/Medial
GATAGCTCAGAGCTAG-1,2.7458463,12.02271,Oval/Medial
GATAGCTTCAGAGTGG-1,-2.189471,0.45972207,Hbx
GATCACAAGTGAGTTA-1,-1.5291951,7.035975,Oval/Medial
GATCATGCATTGACAC-1,0.059011254,4.3727055,Oval/Medial
GATCCCTAGGTGCATG-1,1.1447082,6.4644985,Oval/Medial
GATCGTAGTCAACCTA-1,2.0352304,6.2131658,Oval/Medial
GATGACTAGCTCGAAG-1,-2.11615,0.64741915,Hbx
GATGACTAGTAATACG-1,1.5274502,3.820013,Lateral
GATGACTCAGCGATTT-1,-0.5844023,7.436135,Oval/Medial
GATGAGGTCCAAGCCG-1,-2.8448255,7.081283,Marginal
GATGCTACACCGGAAA-1,0.9325523,5.901001,Oval/Medial
GATGGAGAGAGAGCAA-1,0.124910474,1.8420532,Lateral
GATGGAGGTCGTATTG-1,-2.5469315,6.9267755,Marginal
GATGGAGTCGAGCACC-1,-1.2477112,2.1066992,Hbx
GATGTTGGTGGATACG-1,0.86183625,9.170698,Oval/Medial
GATGTTGTCATGCATG-1,-3.5674624,7.974794,Marginal
GATTCGAAGCACCAGA-1,3.0728693,12.734012,Oval/Medial
GATTCGACAGGCTACC-1,0.96058214,7.1627975,Oval/Medial
GATTCGATCGGTCGAC-1,-0.9281457,7.8368154,Oval/Medial
GATTCTTAGGCTTAAA-1,2.931653,5.466759,Oval/Medial
GATTCTTCATACATCG-1,0.66275215,6.2075415,Oval/Medial
GATTCTTGTTGTCATG-1,6.595558,2.7156525,Oval/Medial
GCAACATAGCACTAAA-1,-0.63300425,6.466286,Oval/Medial
GCAACATTCTCAGTCC-1,0.24350218,8.130751,Oval/Medial
GCAACATTCTTACACT-1,0.43870494,5.282272,Oval/Medial
GCAACCGGTGCAGATG-1,2.728328,7.1381807,Oval/Medial
GCAACCGTCAAGCCTA-1,1.5471513,8.023918,Oval/Medial
GCAACCGTCCAACCAA-1,-1.0329841,0.1130016,Hbx
GCACATAGTTCGGCGT-1,4.2776933,13.89139,Oval/Medial
GCACATATCTCTAAGG-1,7.0836296,3.876674,Oval/Medial
GCACGGTAGATTTGCC-1-1,8.401027,7.1472096,Oval/Medial
GCACGGTCAAATAGCA-1,-0.24220262,6.750944,Oval/Medial
GCACGGTGTTGCTAGT-1,-1.9308144,5.2177463,Marginal
GCACGTGTCAACCGAT-1,6.349764,7.750591,Oval/Medial
GCACTAACAAACTCGT-1,0.2802314,5.5182257,Oval/Medial
GCAGCCATCAACTACG-1,-0.4914755,4.3126373,Oval/Medial
GCAGCTGAGGGAGGTG-1,1.4643664,5.6537185,Oval/Medial
GCAGCTGCAGGGACTA-1,4.130596,7.7029004,Oval/Medial
GCAGTTACACCGTGGT-1,-0.2440238,4.050571,Oval/Medial
GCATGATGTGTCTTAG-1,-2.1599,3.4293604,Hbx
GCCAGCAAGGGTGAAA-1,8.063763,7.5646267,Oval/Medial
GCCAGCATCTTCTCAA-1,3.7663789,6.4093957,Oval/Medial
GCCAGTGCAAGACTGG-1,-3.991948,7.362612,Marginal
GCCAGTGCAAGCCCAC-1,4.1125216,6.0317044,Oval/Medial
GCCAGTGCAATTTCTC-1,1.4790063,5.9526563,Oval/Medial
GCCATGGGTGAATATG-1,-0.29396713,8.25938,Oval/Medial
GCCCGAACAACGGTAG-1,5.841763,11.687272,Oval/Medial
GCCGATGAGCGACTTT-1,-0.77048767,5.2290573,Oval/Medial
GCCGTGAAGTATGATG-1,0.26960862,5.8081183,Oval/Medial
GCGAGAATCCATAGGT-1,3.3180006,7.626291,Oval/Medial
GCGGAAACAATACAGA-1,-2.45661,7.4818416,Marginal
GCGGATCCATGACTCA-1,-3.7268171,7.968355,Marginal
GCGTTTCCATCCTTGC-1,6.194887,8.887471,Oval/Medial
GCTACAAAGGGTGGGA-1,1.6576624,1.7472262,Lateral
GCTACCTGTGTCCGGT-1,4.9168334,6.588603,Oval/Medial
GCTCAAAAGTCATGAA-1,2.5038817,8.143318,Oval/Medial
GCTCAAACACTTTAGG-1,-1.2509938,4.613776,Oval/Medial
GCTGAATCATCTATCT-1,-3.8454862,6.937406,Marginal
GCTGCAGTCCGGACGT-1,3.743132,5.3714314,Oval/Medial
GCTGGGTCAAGTTTGC-1,4.034696,13.153335,Oval/Medial
GCTGGGTGTCTTTCTA-1,2.6911566,6.315309,Oval/Medial
GCTTCACAGATTGGGC-1,6.1639833,12.813145,Oval/Medial
GCTTCACGTCCTACAA-1,-0.16381064,3.7499652,Oval/Medial
GCTTGGGGTTCTGACA-1,1.1370343,7.0376964,Oval/Medial
GCTTGGGGTTGATGTC-1,-1.1957517,7.5272408,Oval/Medial
GGAACCCCAAGCGCAA-1,4.434488,13.709171,Oval/Medial
GGAACCCCAGAGTAAT-1,0.88134,7.2012997,Oval/Medial
GGAAGTGAGGACAAGA-1,-3.6641777,7.771815,Marginal
GGAAGTGCACAAGCCC-1,4.658416,5.725015,Oval/Medial
GGAATGGTCGATAACC-1,7.896687,6.3050294,Oval/Medial
GGACGTCTCGCTCTCA-1,6.1824675,12.639695,Oval/Medial
GGAGAACAGACGCCCT-1,3.0806525,13.672411,Oval/Medial
GGAGGTAAGCATCAGG-1,2.9717083,6.2229056,Oval/Medial
GGAGGTAGTGCGTCGT-1,0.6727051,8.571772,Oval/Medial
GGATCTAAGTATAGGT-1,2.0078661,3.2291753,Lateral
GGATCTATCTGAGGTT-1,-2.6789238,7.4576087,Marginal
GGATGTTCAGTAACGG-1,1.900171,2.6804624,Lateral
GGCACGTGTGAGAACC-1,6.3333135,11.907012,Oval/Medial
GGCAGTCGTGACACAG-1,3.013286,9.505232,Oval/Medial
GGCGTCAAGGTGCTGA-1,1.3859545,7.8461394,Oval/Medial
GGCGTCATCCCGGTAG-1,7.58949,9.332308,Oval/Medial
GGCGTCATCTCTCCGA-1,1.2179848,5.778897,Oval/Medial
GGCTGTGCATAGAATG-1,-1.7843348,2.9456666,Hbx
GGCTTGGGTTAAAGTG-1,3.7995114,7.4581857,Oval/Medial
GGCTTTCCAGTATTCG-1,6.1925755,12.573674,Oval/Medial
GGCTTTCTCCCATACC-1,7.787969,9.088033,Oval/Medial
GGCTTTCTCTGGGTCG-1,2.736751,5.4113564,Oval/Medial
GGGACAACAAGTGTCT-1,-0.77056676,5.149873,Oval/Medial
GGGACAAGTGATATAG-1,0.0029843836,7.0310535,Oval/Medial
GGGACCTGTGACACGA-1,-2.2345047,0.4205978,Hbx
GGGAGATCATCGTCCT-1,-0.24362859,4.663681,Marginal
GGGATCCAGATAGGGA-1,0.2348695,4.5557847,Oval/Medial
GGGATCCTCACCCTCA-1,-0.9338459,4.9820886,Oval/Medial
GGGATGAAGGCTATCT-1,0.32157,9.463843,Oval/Medial
GGGATGAAGGGAGGCA-1,3.1108696,9.560356,Oval/Medial
GGGCGTTAGAACAGGA-1,1.6935022,5.9513073,Oval/Medial
GGGCGTTAGGGCGAGA-1,3.0962505,6.410445,Oval/Medial
GGGCGTTTCGTCCATC-1,1.6970129,8.5023365,Oval/Medial
GGGCGTTTCTCGAGTA-1,8.208678,7.3494625,Oval/Medial
GGGCTACCATCCGCGA-1,0.45527595,7.5426707,Oval/Medial
GGGCTACTCTCCATAT-1,4.9180045,10.964557,Oval/Medial
GGGTAGAAGTCGCGAA-1,1.8537022,7.679686,Oval/Medial
GGGTAGACAGTGCCTG-1,-3.5917947,6.068182,Marginal
GGGTAGACATGTGGTT-1,3.6699347,10.162621,Oval/Medial
GGGTATTAGTTCGCAT-1,0.23694797,5.3332,Oval/Medial
GGGTATTGTGCCGAAA-1,-1.075373,0.3985253,Hbx
GGGTCACAGAGCAAGA-1,7.1406636,9.127513,Oval/Medial
GGGTCACAGCTCCCTT-1,6.4317484,12.042151,Oval/Medial
GGGTCACCAGGAATCG-1,1.1855922,9.472959,Oval/Medial
GGGTCTGGTTCCGCAG-1,0.5985373,2.5049493,Lateral
GGGTGAACAGAGAATT-1,7.595016,5.715486,Oval/Medial
GGGTGTCTCGGTAAGG-1,-4.053978,7.469861,Marginal
GGGTTATTCTTTGATC-1,0.79140365,8.149031,Oval/Medial
GGGTTTATCAACACCA-1,0.9327515,8.56023,Oval/Medial
GGTAACTAGGTAAGAG-1,2.1316223,1.4610797,Lateral
GGTAACTTCGGAGATG-1-1,6.89501,7.503599,Oval/Medial
GGTAATCAGCATCAAA-1,3.1969,12.317707,Oval/Medial
GGTAATCGTTGTCCCT-1,6.337852,12.403489,Oval/Medial
GGTAGAGAGGACCCAA-1,-1.1700811,7.110436,Oval/Medial
GGTAGAGAGGGTACAC-1,-1.3881959,7.9110546,Oval/Medial
GGTAGAGTCTTAGCCC-1,8.143128,7.132315,Oval/Medial
GGTCACGAGGAATCGC-1,2.6398764,7.329302,Oval/Medial
GGTCACGCACCATAAC-1,-3.1823916,6.272269,Marginal
GGTCACGTCATTTGCT-1,-1.5925035,1.2227912,Hbx
GGTGAAGAGGGACTGT-1,-1.9518368,-0.33016565,Hbx
GGTGATTGTCACAATC-1,-3.2073686,8.215197,Marginal
GGTGGCTAGCATCCCG-1,0.24974667,7.6161785,Oval/Medial
GGTGTCGGTGGCCCAT-1,5.4542933,6.414754,Oval/Medial
GGTGTTAAGAATTGTG-1,0.15291564,4.494272,Oval/Medial
GGTGTTATCCGATGTA-1-1,0.9988389,7.3913507,Oval/Medial
GGTTAACCAGGGAGAG-1,0.6601468,6.0376325,Oval/Medial
GGTTCTCCAGCAGAAC-1,-3.8024266,6.4228196,Marginal
GGTTCTCCAGCTTTGA-1,-0.44158354,5.02536,Oval/Medial
GGTTCTCGTCCACAGC-1,5.062244,6.2877274,Oval/Medial
GGTTCTCGTTGCCGAC-1,7.1025224,8.102784,Oval/Medial
GTAACACAGTTACGTC-1,-0.22449501,5.1187162,Oval/Medial
GTAATGCTCAAAGGTA-1,2.3561473,7.276688,Oval/Medial
GTACAGTCAAGTTTGC-1,1.2397801,7.1249447,Oval/Medial
GTAGAGGCATGTTCAG-1,-1.0302888,2.3468978,Hbx
GTAGAGGTCGACGATT-1,2.0290897,5.9630523,Oval/Medial
GTAGGTTAGTTGAAGT-1,3.9498713,6.255767,Oval/Medial
GTAGGTTGTGCAACGA-1,-0.85570675,6.0729566,Oval/Medial
GTAGGTTGTTACCTTT-1,1.2189136,6.976663,Oval/Medial
GTAGGTTTCACCTGGG-1,2.6900656,7.4891877,Oval/Medial
GTAGTACTCAGCAATC-1,4.7926683,5.87839,Oval/Medial
GTAGTACTCCTTCTTC-1,3.0538492,7.3224497,Oval/Medial
GTAGTACTCGTTACCC-1,-2.5053492,7.868244,Marginal
GTATTGGCACATTCGA-1,2.8093357,10.526816,Oval/Medial
GTATTGGGTGCAATAA-1,2.3200545,9.263873,Oval/Medial
GTATTTCAGGTGCCTC-1,7.489096,6.2613487,Oval/Medial
GTATTTCCACGGTGAA-1,-1.8943946,3.359533,Hbx
GTCACGGAGGTTGGAC-1,1.5501642,6.4283524,Oval/Medial
GTCACGGAGTCGAAGC-1,7.773239,7.9422336,Oval/Medial
GTCACGGGTACCTATG-1,-0.2533199,6.536333,Oval/Medial
GTCATCCAGCTGCCTG-1,1.7886038,7.297194,Oval/Medial
GTCATCCGTCAATCTG-1,2.8518205,6.0492845,Oval/Medial
GTCATCCGTGTTCATG-1,3.2824852,12.565731,Oval/Medial
GTCATGAAGCGTTCCG-1,0.14064075,5.456053,Oval/Medial
GTCATGAGTTAGAGAT-1,1.7395234,2.9188101,Lateral
GTCATTTGTGTTGATC-1,1.5573481,5.859988,Oval/Medial
GTCCACTAGTGGACTG-1,7.6494026,5.0030913,Oval/Medial
GTCCACTGTGATAGAT-1,2.419063,6.3241425,Oval/Medial
GTCCCATCACTATGTG-1,3.9368656,13.418488,Oval/Medial
GTCGAATGTCAAGTTC-1,4.926618,12.162682,Oval/Medial
GTCGAATTCGTTACCC-1,-3.9981036,6.496311,Marginal
GTCGCGAAGACATATG-1,2.9882605,5.947324,Oval/Medial
GTCGCGATCGAATCCA-1,-0.5298389,6.228547,Oval/Medial
GTCGTAAGTATGGTTC-1,-0.514595,6.3763466,Oval/Medial
GTCGTAAGTTACCCTC-1,-1.2994285,6.1555195,Oval/Medial
GTCGTTCAGGTCACCC-1,6.9338512,6.6236625,Oval/Medial
GTCGTTCGTCTGCCTT-1,7.566201,6.2850633,Oval/Medial
GTCTACCGTCTGTAAC-1,0.6470498,5.876557,Oval/Medial
GTCTCACGTCCGTTTC-1,-1.8756157,4.1599145,Hbx
GTCTCACTCTGTTGGA-1,2.3089507,9.043673,Oval/Medial
GTCTGTCGTTCCCAAA-1,2.6072624,1.4663872,Lateral
GTCTTTATCCCTCAAC-1,0.41840893,8.145206,Oval/Medial
GTGACGCCACCAGCCA-1,1.7414919,6.4027867,Oval/Medial
GTGAGCCCAATTCTTC-1,2.140665,1.0124269,Lateral
GTGAGCCCACTGGCCA-1,-0.096630104,4.9077215,Oval/Medial
GTGAGGATCCGTGCGA-1,2.1393418,7.262155,Oval/Medial
GTGAGGATCTAGTCAG-1,0.24081199,7.848057,Oval/Medial
GTGAGTTAGATGAACT-1,-0.752122,5.350162,Oval/Medial
GTGAGTTAGCGCAATG-1,5.9532614,6.437908,Oval/Medial
GTGAGTTAGGTATTGA-1,-1.3501823,7.378845,Marginal
GTGAGTTTCACTCGAA-1,-3.9824321,5.9051023,Marginal
GTGATGTCATTGCAAC-1,0.67740065,9.357912,Oval/Medial
GTGCACGAGTGCACCC-1,1.9500211,6.4691563,Oval/Medial
GTGCAGCCAAGCGCAA-1,2.6524918,8.575505,Oval/Medial
GTGCAGCGTGTCCCTT-1,6.949318,6.6734357,Oval/Medial
GTGCGTGAGACTCGAG-1,5.670209,10.798944,Oval/Medial
GTGCGTGAGTGCCGAA-1,-2.3691566,0.00493144,Hbx
GTGCGTGTCGGTCTAA-1,-2.7767925,6.4234495,Marginal
GTGCTTCGTCAGCTTA-1,2.065682,5.234671,Marginal
GTGCTTCGTGGCTTAT-1,1.5705941,6.4509473,Oval/Medial
GTGGAAGAGCTCTATG-1,4.08885,8.02716,Oval/Medial
GTGGAGAAGGTACAAT-1,5.2481914,7.207449,Oval/Medial
GTGGAGACATAGGTTC-1,-1.934363,7.6786714,Marginal
GTGGCGTGTTCCACGG-1,-0.042338878,6.278865,Oval/Medial
GTGGGAAAGCCTGGAA-1,-3.428692,7.8328195,Marginal
GTGGTTATCAGACAAA-1,-0.786914,0.79754794,Lateral
GTGTAACGTTATTCTC-1,2.000169,6.2985168,Oval/Medial
GTGTAACTCACGGTCG-1,4.567746,9.249845,Oval/Medial
GTGTGATAGAAACCAT-1,1.5405215,8.212554,Oval/Medial
GTGTGATCAAATCGTC-1,4.5934544,7.246867,Oval/Medial
GTGTGATCACGTTGGC-1,1.3424944,8.536388,Oval/Medial
GTGTGATCAGCACCCA-1,-2.8867917,6.920499,Marginal
GTGTGATCAGGTCTCG-1,3.2596014,7.0703425,Oval/Medial
GTGTGATCATTAAGCC-1-1,0.4983033,6.62993,Oval/Medial
GTGTGATGTCGTCTCT-1,0.42882198,4.415692,Oval/Medial
GTGTTAGCAACCACGC-1,0.00070912746,5.232104,Oval/Medial
GTGTTCCCAAGGCCTC-1,6.5144095,7.8112116,Oval/Medial
GTTACAGGTAACTAAG-1,-1.060283,6.9365964,Oval/Medial
GTTACAGGTTGTCCCT-1,2.7658665,10.272674,Oval/Medial
GTTACAGTCAATCTTC-1,3.5238016,8.762766,Oval/Medial
GTTACCCTCACACCGG-1,6.3311677,12.37989,Oval/Medial
GTTACCCTCTGGTGCG-1,-1.9776208,6.702186,Marginal
GTTACGAAGGCTCCCA-1,-2.2659366,7.286466,Marginal
GTTACGACACGGCCAT-1,-2.5194087,7.2045045,Marginal
GTTACGACATTGTGCA-1,1.0194863,7.9868574,Oval/Medial
GTTACGATCGACCAAT-1,4.7340136,7.351325,Oval/Medial
GTTAGACCAGATCACT-1,0.3351515,9.277886,Oval/Medial
GTTAGACGTATCGTTG-1,4.3933077,6.0107756,Oval/Medial
GTTATGGGTACTAAGA-1,5.851789,6.7413816,Oval/Medial
GTTATGGGTTGGAGAC-1,-3.1740386,5.3938975,Marginal
GTTCATTAGCAATAAC-1,6.7163177,8.75252,Oval/Medial
GTTCGCTCAAATACGA-1,7.9320397,8.107909,Oval/Medial
GTTGCGGCATTCAGGT-1,-3.136812,5.3927045,Marginal
GTTGCTCAGGCTATCT-1,-1.178037,7.100578,Oval/Medial
GTTGCTCGTCGGAAAC-1,7.5719485,8.27269,Oval/Medial
GTTGTAGAGCGACTTT-1,3.3560598,7.3548417,Oval/Medial
GTTGTAGAGGTTAAAC-1,2.390437,7.709922,Oval/Medial
GTTGTAGCAACGGTAG-1,-1.6863059,6.668156,Oval/Medial
GTTGTAGTCCATTTGT-1,-1.0110576,1.7834795,Hbx
GTTGTGAAGCACAAAT-1,-0.6521914,8.331383,Oval/Medial
GTTTACTGTATAGGGC-1-1,4.5538716,7.130005,Oval/Medial
GTTTGGAGTTCAAACC-1,-0.4932041,4.225968,Marginal
GTTTGGATCTCCGTGT-1,-0.37303886,6.747843,Oval/Medial
TAACACGAGTAACCGG-1,-0.15122622,5.6812625,Oval/Medial
TAACACGCAGCGATTT-1,7.603761,0.92296314,Oval/Medial
TAACACGCAGCGGTTC-1,-2.115831,7.11837,Marginal
TAACCAGAGTATGTAG-1,1.777469,6.1095634,Oval/Medial
TAACGACAGCTCGACC-1-1,1.5644273,8.313755,Oval/Medial
TAACGACTCTGAGCAT-1,6.369372,7.6282406,Oval/Medial
TAACTTCAGTGTAGAT-1,3.8170018,6.1765776,Oval/Medial
TAACTTCTCGTGAGAG-1-1,-1.5623057,7.5189223,Oval/Medial
TAAGCACGTCTTCGAA-1,2.1100845,7.4663363,Oval/Medial
TAAGCCACACCTTCCA-1,-3.2663116,5.3449492,Marginal
TAAGCCAGTGTGCTTA-1,-0.3780786,6.7944875,Oval/Medial
TAAGCCATCATAGAGA-1,-2.9200242,5.9239273,Marginal
TAAGCGTGTAGCGTAG-1,4.4132147,13.018859,Oval/Medial
TAAGTCGCAAGCGCTC-1,2.963207,11.680217,Oval/Medial
TAAGTCGTCAAGTGTC-1,6.425019,7.7756763,Oval/Medial
TAAGTCGTCAGAGTTC-1,0.13204618,5.8272357,Oval/Medial
TAATCTCCAGTGTGGA-1,3.1320093,6.4096236,Oval/Medial
TACAACGTCTTTCAGT-1,0.4999173,7.006455,Oval/Medial
TACCCACGTTCGAACT-1,0.67310303,3.8064504,Lateral
TACCCGTGTCAGTCGC-1,-3.7130039,5.615334,Marginal
TACCCGTTCGCCTCTA-1,-0.50328934,5.4030175,Oval/Medial
TACCTCGAGATGAAGG-1,5.454419,12.593959,Oval/Medial
TACCTCGTCAACGAGG-1,-2.6799195,7.6337953,Marginal
TACCTCGTCCCGAATA-1,7.0233912,7.127811,Oval/Medial
TACCTCGTCGCCAATA-1,7.1098146,7.631931,Oval/Medial
TACCTGCTCGCAATGT-1,6.1231017,8.902499,Oval/Medial
TACGGGCCACCGCTAG-1,0.29249227,6.750927,Oval/Medial
TACGGTAGTGAGACGT-1,6.217047,6.3797784,Oval/Medial
TACGTCCAGAAGCGCT-1,-1.4816651,7.0024257,Oval/Medial
TACGTCCAGCGACAGT-1,7.3304453,6.8535852,Oval/Medial
TACTGCCAGGCCTTGC-1,-1.6545174,6.407636,Oval/Medial
TACTTCACAGAGGAAA-1,-2.344388,0.22848114,Hbx
TACTTCAGTGGCTGCT-1,7.5411983,6.848171,Oval/Medial
TACTTGTAGTGAATAC-1,-3.7123272,6.608025,Marginal
TACTTGTCAGTTCACA-1,2.1610317,1.6621007,Lateral
TAGACCAAGACTTCAC-1,1.1457313,1.4899509,Lateral
TAGACCACAAAGGATT-1,-1.8432548,4.044324,Hbx
TAGACTGTCCGTTGGG-1,2.3056962,7.952833,Oval/Medial
TAGAGTCTCCCGTTGT-1,3.321828,4.425598,Oval/Medial
TAGAGTCTCGGTAAGG-1,6.1481953,12.452991,Oval/Medial
TAGATCGTCGCTTAAG-1,-0.1126066,4.5329347,Oval/Medial
TAGCACACAGTTACCA-1,-0.98166645,6.259562,Oval/Medial
TAGCACATCCAAGAGG-1,-1.4453782,6.3093886,Oval/Medial
TAGGAGGAGGTGCCAA-1,-0.48001927,6.698884,Oval/Medial
TAGGAGGGTTCCGCAG-1,7.607799,0.88794833,Oval/Medial
TAGGGTTGTGTAGTGG-1,3.9083965,6.457519,Oval/Medial
TAGGGTTTCTGGCCAG-1,-1.8918296,6.265942,Marginal
TAGGTTGAGCTCCATA-1,7.603119,0.818142,Oval/Medial
TAGGTTGGTGTGGACA-1,4.5779285,6.2321334,Oval/Medial
TAGTGCATCCGATAGT-1,0.7668741,6.3663073,Oval/Medial
TATACCTAGCACTTTG-1,-3.8909714,7.9380345,Marginal
TATACCTGTCACTTCC-1,0.8956905,8.047332,Oval/Medial
TATCAGGAGGTATTGA-1,-1.4578015,1.6699035,Hbx
TATCCTAAGCCTATCA-1,-0.17552821,7.141879,Oval/Medial
TATCTGTCAATCGCGC-1,2.2831335,9.266655,Oval/Medial
TATCTGTCAGGAATCG-1,0.4064332,5.327922,Oval/Medial
TATCTGTCAGGGTTGA-1,-0.36457565,6.8177533,Oval/Medial
TATGTTCCAGAATCGG-1,1.6867273,7.21018,Oval/Medial
TATGTTCCAGCAGTGA-1,-1.1955839,7.193932,Oval/Medial
TATGTTCGTCTCGGAC-1,1.3130388,6.9601607,Oval/Medial
TATTCCAAGATACATG-1,3.936312,6.2172785,Oval/Medial
TATTCCACATCGGAAG-1,-0.93177235,6.0798807,Oval/Medial
TATTCCAGTTCGCGTG-1,-0.5214501,8.020177,Oval/Medial
TATTGCTGTCTCACGG-1,-3.0706887,6.2928276,Marginal
TATTTCGAGGACAAGA-1,-0.8736562,1.1644872,Hbx
TCAAGACAGAAGTCCG-1,-0.3391914,6.9290733,Oval/Medial
TCAAGACCATCAGCGC-1,5.7548637,6.337606,Oval/Medial
TCAAGACTCCCAAGCG-1,5.0552783,6.2493553,Oval/Medial
TCAAGCACAAGCGAAC-1,-1.401715,7.718036,Oval/Medial
TCAAGCATCGACCCAG-1,-1.1364355,6.3444967,Oval/Medial
TCAAGTGCAAATCAAG-1,2.4355328,7.48848,Oval/Medial
TCAATCTAGCGTCAAG-1,2.4307246,4.835153,Lateral
TCAATTCTCGATTTCT-1,1.9841405,6.077321,Oval/Medial
TCAATTCTCTGTCCGT-1,-0.28478417,8.539264,Oval/Medial
TCACAAGGTTAGTTCG-1,2.5348094,6.655774,Oval/Medial
TCACATTCAATCCTAG-1,1.8277957,6.9110994,Oval/Medial
TCACATTTCACGGGAA-1,3.5865388,3.927721,Oval/Medial
TCACATTTCACTTGTT-1,-1.094271,6.9763384,Oval/Medial
TCACGCTCATTCTCCG-1,-0.17768209,5.9040194,Oval/Medial
TCACGCTTCTGGACTA-1,0.33601135,7.97977,Oval/Medial
TCACGGGGTCCTCATC-1,1.2968252,6.512951,Oval/Medial
TCACTATCAGTGGTGA-1,-0.6685907,7.6988363,Oval/Medial
TCACTATGTAACGGTG-1,0.24698794,7.1457644,Oval/Medial
TCACTCGTCATTGCTT-1,7.0516653,7.055305,Oval/Medial
TCAGCAACACGGCACT-1,2.432971,1.7847292,Lateral
TCAGGGCAGGGACAGG-1,1.9521998,10.180912,Oval/Medial
TCAGGTAAGCATGATA-1,7.714915,9.312908,Oval/Medial
TCAGGTACAAGTCCAT-1,4.9718194,6.6152935,Oval/Medial
TCAGTGATCGGCTGGT-1,2.8736093,8.459034,Oval/Medial
TCATACTAGGTTGCCC-1,-2.2027717,-0.33314717,Hbx
TCATATCCACAGAAGC-1,5.7413497,12.085484,Oval/Medial
TCATATCGTTCCTAAG-1,4.4932413,10.920038,Oval/Medial
TCATCCGCAAGTGTCT-1,7.635477,6.986348,Oval/Medial
TCATGAGTCGCCAGAC-1,8.611282,7.481378,Oval/Medial
TCATGCCCAGAGAAAG-1,-0.5242244,6.102006,Oval/Medial
TCATGGAGTCCCGCAA-1,-3.192935,7.4558377,Marginal
TCATGGATCCAACACA-1,5.455097,11.100738,Oval/Medial
TCATGTTAGGGAGTGG-1,-0.12878852,7.4469194,Oval/Medial
TCATGTTCACACGTGC-1,-0.78600496,7.551416,Oval/Medial
TCATTACCACATGTTG-1,3.2191217,13.724098,Oval/Medial
TCATTACTCTCTAAGG-1,1.4792672,9.000613,Oval/Medial
TCATTCAGTATGCAAA-1,-2.6818519,7.679649,Marginal
TCATTTGAGCATGATA-1,-4.171617,8.357739,Marginal
TCATTTGCAGGTAGTG-1,8.240529,6.870821,Oval/Medial
TCATTTGGTCGCACAC-1,1.9768701,2.7383592,Lateral
TCATTTGGTCTACACA-1,-1.4101466,5.346647,Oval/Medial
TCATTTGGTTTAGACC-1,4.490418,6.0455933,Oval/Medial
TCCACGTAGAACTGAT-1,-4.139644,7.041859,Marginal
TCCACGTAGAATCGAT-1,-0.3958813,6.9755735,Oval/Medial
TCCACGTGTTATCTTC-1,1.5606457,8.087628,Oval/Medial
TCCACGTTCGATACTG-1,-0.31356,8.670821,Oval/Medial
TCCAGAAAGACATAGT-1,0.14435466,6.728043,Oval/Medial
TCCAGAAGTAGCCAGA-1,-3.1258767,7.095354,Marginal
TCCAGAAGTATACCTG-1,0.6240653,8.3113365,Oval/Medial
TCCAGAATCGACATCA-1,0.7554236,6.790937,Oval/Medial
TCCAGAATCTACCTTA-1,1.4720634,7.279031,Oval/Medial
TCCATCGAGCGTGTCC-1,-0.97513163,4.5488486,Marginal
TCCATCGGTCTACGTA-1,6.4375706,7.778908,Oval/Medial
TCCATGCAGGACAGTC-1,6.7447486,1.4126204,Oval/Medial
TCCCATGCAGAACATA-1,-0.85386896,0.2679482,Hbx
TCCGAAAGTTGTAAAG-1,5.8084683,6.864908,Oval/Medial
TCCGATCTCACGAGGA-1,5.8715725,6.5507884,Oval/Medial
TCCGGGAAGGGCCTCT-1,4.56083,11.451908,Oval/Medial
TCCGGGACAGGTAGTG-1,-0.5464019,7.064802,Oval/Medial
TCCGGGAGTATGCGTT-1,1.122624,8.090652,Oval/Medial
TCCGGGATCGTGTGAT-1,2.635237,10.308184,Oval/Medial
TCCTAATGTATGGGAC-1,-1.2847203,4.148222,Oval/Medial
TCCTCGAAGACAGCTG-1,-2.655602,7.3424244,Marginal
TCCTCGACACGAGAAC-1,5.863988,8.87432,Oval/Medial
TCCTCGATCAGAGCAG-1,0.9148345,1.0318936,Lateral
TCCTCTTAGTGCTCGC-1,3.0473151,9.520354,Oval/Medial
TCCTCTTTCTACAGGT-1,6.455112,12.295331,Oval/Medial
TCCTGCACAGTATACC-1-1,2.146949,6.2588058,Oval/Medial
TCCTGCATCCATTGGA-1-1,1.9003961,1.5173732,Lateral
TCCTTCTAGTTTGGCT-1,3.9845796,9.6485195,Oval/Medial
TCCTTTCCAACCACAT-1-1,-1.6001304,5.994828,Oval/Medial
TCCTTTCGTTACCGTA-1,4.7503643,6.271802,Oval/Medial
TCGACGGCAACTTCTT-1,2.923143,8.957013,Oval/Medial
TCGACGGTCCTACGGG-1,8.160404,7.613327,Oval/Medial
TCGCACTTCCGAAGGA-1,5.8682175,6.6941247,Oval/Medial
TCGCAGGCATGACCCG-1,-3.7715292,6.240815,Marginal
TCGCAGGTCACGTCCT-1,2.57181,5.6674056,Oval/Medial
TCGCTTGCAATGAGCG-1,5.305576,10.298851,Oval/Medial
TCGCTTGGTGCGTGCT-1,3.5743628,10.061987,Oval/Medial
TCGCTTGTCCGCACTT-1,-3.9219418,7.598298,Marginal
TCGGGACTCGCATAGT-1,1.2916889,7.105445,Oval/Medial
TCGGTCTGTGTCATTG-1,-1.0069968,8.08903,Oval/Medial
TCGTAGAGTTCCATTT-1,1.8345242,3.5016842,Lateral
TCGTGCTCACCCAACG-1,7.5742016,0.75628227,Oval/Medial
TCGTGCTTCTGTCGTC-1,3.395479,13.116075,Oval/Medial
TCTAACTCACCTGATA-1-1,0.98249054,6.111636,Oval/Medial
TCTACATAGGGAGTGG-1,7.3061147,6.4074163,Oval/Medial
TCTACATCAGTAGGAC-1,0.6121953,8.03481,Oval/Medial
TCTACATGTTAAGGGC-1,-2.0147197,0.086928725,Hbx
TCTACCGAGTAGGATT-1,3.2905989,10.828279,Oval/Medial
TCTATACCACCATTCC-1,-3.2536516,5.4699707,Marginal
TCTATACGTTGCTCAA-1,2.371375,6.3927555,Oval/Medial
TCTCACGGTTCCTTGC-1,1.3507701,6.995174,Oval/Medial
TCTCAGCCAGAGCTAG-1,-3.1537495,5.49691,Marginal
TCTCCGAGTTAATGAG-1,4.2034407,6.5410233,Oval/Medial
TCTCTGGCATGGAAGC-1,2.32196,5.6533566,Oval/Medial
TCTGTCGTCCCTTTGG-1,2.6455743,4.068107,Lateral
TCTTTGAGTACTCGAT-1,4.4192724,6.567916,Oval/Medial
TGAACGTGTGAATTAG-1,2.0901685,9.145343,Oval/Medial
TGAACGTTCACCTCAC-1,5.196456,6.513202,Oval/Medial
TGAATGCCATCACGGC-1,-1.7968197,2.9236412,Hbx
TGAATGCCATTCACAG-1,2.4345868,6.8471675,Oval/Medial
TGACAGTAGAGTGAAG-1,3.3101676,11.346976,Oval/Medial
TGACGCGTCACTCTTA-1,0.74235713,3.0004275,Lateral
TGAGACTCAGGCACAA-1,7.820651,7.4140515,Oval/Medial
TGAGCGCAGTCGAGGT-1,5.4822392,7.5639224,Oval/Medial
TGAGGGAAGTTGCATC-1,2.5562694,9.600913,Oval/Medial
TGAGGGACAGAACTAA-1,-3.9286122,7.1337214,Marginal
TGAGGGATCTGTCAGA-1,-3.5738878,7.426422,Marginal
TGAGGTTAGTCTGGAG-1,0.39678824,6.719516,Oval/Medial
TGAGTCACACCTGTCT-1,2.358162,2.4200068,Lateral
TGAGTCATCCACACAA-1,6.870257,1.405092,Oval/Medial
TGATCAGTCTGCATAG-1,0.33177596,7.399315,Oval/Medial
TGATCTTAGAATAGTC-1,7.5536675,7.0578513,Oval/Medial
TGATCTTCAACAGCTT-1,4.0905714,13.836505,Oval/Medial
TGATTCTAGGGACAGG-1,-2.331432,1.7581612,Hbx
TGATTCTCAGTAGTGG-1,-1.8691416,6.088505,Marginal
TGATTTCAGGTTAAAC-1,3.3920262,8.09767,Oval/Medial
TGATTTCAGTTGCTCA-1,0.013746097,7.4629903,Oval/Medial
TGCACGGAGGGATCAC-1,-0.21398136,6.332771,Oval/Medial
TGCACGGTCTCATGCC-1,0.35909835,4.220008,Oval/Medial
TGCACGGTCTTTGGAG-1,5.6366563,7.214692,Oval/Medial
TGCAGGCCACTACGGC-1,0.13933414,4.3690286,Oval/Medial
TGCAGTAAGGCTCAAG-1,-0.8119467,6.3600564,Oval/Medial
TGCATGACACTAACGT-1,-0.8253945,7.910613,Oval/Medial
TGCATGATCCTCATAT-1,-3.846332,7.233124,Marginal
TGCCGAGAGCTAGATA-1,-0.55695397,6.495153,Oval/Medial
TGCGACGCAGTTGGTT-1,2.5930672,5.961972,Oval/Medial
TGCGACGGTTATCTTC-1,-0.465331,4.7366233,Oval/Medial
TGCGATAGTGAGTTGG-1,7.4664884,6.150145,Oval/Medial
TGCGGCAGTAGCCCTG-1,-4.272197,6.8263445,Marginal
TGCGGGTAGCACCTGC-1,-0.00058433524,4.637775,Oval/Medial
TGCGGGTCACCAGTAT-1,1.2922834,9.127388,Oval/Medial
TGCTCCACAAGGCGTA-1,7.2508745,5.7605543,Oval/Medial
TGCTGAAGTCCTTTGC-1,4.74901,7.576787,Oval/Medial
TGCTTCGGTCCATACA-1,1.342151,6.260973,Oval/Medial
TGCTTCGTCGTTGTTT-1-1,0.6994881,0.9452139,Lateral
TGCTTGCGTGATTAGA-1,-0.18205655,6.9309235,Oval/Medial
TGCTTGCTCACTGGTA-1,1.3525902,7.2256327,Oval/Medial
TGCTTGCTCCACGTGG-1,1.2745162,6.6522956,Oval/Medial
TGGAGAGGTCTGTGCG-1,3.3580458,2.5165434,Lateral
TGGAGGAAGATGACCG-1,1.7502458,6.139835,Oval/Medial
TGGATCAGTGGCTTGC-1,2.8954828,6.213561,Oval/Medial
TGGATGTGTGGAATGC-1,-3.3293464,7.3340755,Marginal
TGGATGTTCGCGTTTC-1,-2.2690935,6.8369064,Marginal
TGGCGTGCACATATCG-1,-0.03875849,6.7384133,Oval/Medial
TGGCGTGCATTCATCT-1,3.1745625,11.489687,Oval/Medial
TGGCGTGTCGGTCTGG-1,-3.8985014,6.780074,Marginal
TGGGAAGAGTGCCAGA-1,-0.28482968,7.119723,Oval/Medial
TGGGAAGCATAATCGC-1-1,2.0279143,9.11991,Oval/Medial
TGGGAAGGTAGACGTG-1,6.579863,6.5212464,Oval/Medial
TGGGAAGTCGACGACC-1,5.9288087,12.679301,Oval/Medial
TGGGAGATCATTCTTG-1,-2.6497593,8.98528,Marginal
TGGGCTGAGAGCACTG-1,7.733498,9.328526,Oval/Medial
TGGGTTAGTAGATTAG-1,0.77135,5.765841,Oval/Medial
TGGTACAGTACAAAGT-1,-0.5689561,4.219165,Oval/Medial
TGGTACAGTACGACAG-1,3.4474764,5.5183496,Oval/Medial
TGGTACATCTACTGAG-1,4.8669453,7.396862,Oval/Medial
TGGTGATAGACCTTTG-1,6.5730357,6.3748465,Oval/Medial
TGGTGATAGAGTCGAC-1,-2.364316,6.9947867,Marginal
TGGTTAGAGCAACTCT-1,-1.0632204,5.9698253,Oval/Medial
TGGTTAGTCTTCGGTC-1,-2.6925554,8.146824,Marginal
TGTAACGCAACTCCAA-1,7.6196184,6.6899877,Oval/Medial
TGTAACGCATTGCCTC-1,-0.5435338,6.0917506,Oval/Medial
TGTAAGCCACTTTATC-1,2.8161383,11.060761,Oval/Medial
TGTAAGCGTACTAACC-1,-4.581171,8.10314,Marginal
TGTACAGGTGGATGAC-1,1.0883446,5.45689,Oval/Medial
TGTCAGAAGAACCGCA-1,2.0932071,6.634155,Oval/Medial
TGTCAGAGTTACCCAA-1,-3.1671002,6.196381,Marginal
TGTCAGATCAAACGTC-1,-0.8109163,6.4600563,Oval/Medial
TGTCCCACATGGAGAC-1,-3.7976427,7.6064577,Marginal
TGTGAGTAGAACTCCT-1,6.0358467,11.797963,Oval/Medial
TGTGAGTAGATACATG-1,6.4174976,7.805028,Oval/Medial
TGTGATGGTGAGACCA-1,2.2929387,7.459219,Oval/Medial
TGTGCGGGTGAAGCTG-1,1.6140951,5.947087,Oval/Medial
TGTGGCGAGGAGAGTA-1,2.056819,8.258482,Oval/Medial
TGTGGCGGTCCGATCG-1,0.5101627,5.0707383,Oval/Medial
TGTGTGACATGTGTCA-1,4.845694,11.228153,Oval/Medial
TGTTCATTCGTTCGCT-1,-0.805966,4.719264,Oval/Medial
TGTTCCGAGATCCCAT-1,7.5739036,5.8753633,Oval/Medial
TGTTCCGAGATGGTAT-1,-0.64622664,8.574321,Oval/Medial
TGTTCTAAGTATGGAT-1,0.402846,2.1636171,Lateral
TGTTGAGGTTTCCATT-1,-0.19331516,5.170145,Oval/Medial
TGTTGGACAGCTGAAG-1,-2.38956,6.3074236,Marginal
TTACAGGCACCTATCC-1,3.6425743,6.3147817,Oval/Medial
TTACCATAGAGCAGAA-1,2.4602675,7.2009244,Oval/Medial
TTACCATCACGACAGA-1,0.97988373,6.4313416,Oval/Medial
TTACCATTCGGCATAT-1,-3.986176,7.6711545,Marginal
TTACCGCCAAAGGAGA-1,0.7527422,5.873149,Oval/Medial
TTACGCCCAAGCGCAA-1,-0.7509254,6.9065113,Oval/Medial
TTACGTTAGCATCAGG-1,2.0681825,6.8892097,Oval/Medial
TTACGTTAGCCTCTTC-1,7.4602966,6.001899,Oval/Medial
TTACGTTGTACACTCA-1,1.3894687,8.5161705,Oval/Medial
TTACGTTGTCTGTAGT-1,-0.06649531,4.297718,Oval/Medial
TTACGTTTCGGAGATG-1,2.0711432,10.628325,Oval/Medial
TTACGTTTCGTGTGGC-1,0.7555172,6.075224,Oval/Medial
TTACTGTAGAGTCCGA-1,4.879919,6.8037753,Oval/Medial
TTACTGTTCGGTGAAG-1,-0.018345736,8.331627,Oval/Medial
TTAGGCACACAGCCTG-1,0.06720658,6.3132296,Oval/Medial
TTAGGGTGTTCATCTT-1,1.729808,9.547237,Oval/Medial
TTAGTCTTCACTGGTA-1,-2.5338109,7.192852,Marginal
TTAGTCTTCGATTCCC-1,0.3736633,8.14025,Oval/Medial
TTATTGCAGGAAAGAC-1,1.7352738,6.973079,Oval/Medial
TTATTGCCAGGAACCA-1,-2.781016,7.160555,Marginal
TTCAATCGTAGCACGA-1,-1.1931278,7.2532496,Oval/Medial
TTCAATCTCCCAAGCG-1,3.397586,4.547538,Oval/Medial
TTCACGCCACTCATAG-1,-0.027080592,7.2249575,Oval/Medial
TTCATGTCATCGTGGC-1,-3.1374083,6.043717,Marginal
TTCATTGCAATCTAGC-1,2.339454,9.306561,Oval/Medial
TTCCAATCATGACGAG-1,7.165331,7.306762,Oval/Medial
TTCCAATTCCACAAGT-1,0.3643255,7.6564007,Oval/Medial
TTCCGGTGTAGAGCTG-1,7.1106396,1.1926074,Oval/Medial
TTCCGTGTCCTAAACG-1,2.1390057,6.771643,Oval/Medial
TTCCTCTAGCAGGCTA-1,-1.1120567,5.763016,Oval/Medial
TTCGATTCAGGTATGG-1,-4.193064,6.7475753,Marginal
TTCGATTCATCGTTCC-1,1.2778957,6.8542023,Oval/Medial
TTCGATTTCACCCTCA-1,-2.6473398,7.6989474,Marginal
TTCGCTGGTCACTTCC-1,3.8417058,6.6075606,Oval/Medial
TTCGGTCAGCTCTGTA-1,-2.4797,2.7143822,Hbx
TTCGGTCTCAAAGGAT-1,6.9888535,8.379485,Oval/Medial
TTCGGTCTCCGCTGTT-1,1.6533514,7.6599264,Oval/Medial
TTCTAGTAGCAGGGAG-1,-0.46735084,7.493342,Oval/Medial
TTCTCTCTCAACCGAT-1,2.2787554,7.5908422,Oval/Medial
TTCTGTACAGGTCTCG-1,-0.6444089,7.3437634,Oval/Medial
TTGACCCAGAACAAGG-1,7.9042745,7.302865,Oval/Medial
TTGAGTGAGAGAGCAA-1,7.400931,6.8945847,Oval/Medial
TTGAGTGCAATAAGGT-1,1.2629795,2.3436718,Lateral
TTGAGTGGTCCGATCG-1,2.0177653,6.452624,Oval/Medial
TTGATGGGTGCAGTGA-1,-0.7291958,6.8735757,Oval/Medial
TTGATGGGTTCAAGGG-1,0.23069409,6.584855,Oval/Medial
TTGATGGTCGGCATCG-1,1.9003191,6.9161296,Oval/Medial
TTGCATTCAACCTATG-1,-0.9629995,7.0933022,Oval/Medial
TTGCATTTCCCGATCT-1,-2.0389247,6.393148,Marginal
TTGCCTGTCATGTCAG-1,0.24618481,7.619193,Oval/Medial
TTGCGTCCACAACCGC-1,0.1172131,8.904246,Oval/Medial
TTGCTGCTCTGCTCTG-1,-0.6891582,8.207964,Oval/Medial
TTGGATGAGGCAGCTA-1,-2.3468673,6.8049903,Marginal
TTGGATGCAAGCTGCC-1,2.2359035,6.9956126,Oval/Medial
TTGGATGCAGAGGTAC-1,1.522247,3.2081654,Lateral
TTGGGATAGTTGTACC-1,3.5285094,6.450789,Oval/Medial
TTGGGATTCGACCCAG-1,0.7398486,7.7408247,Oval/Medial
TTGGGCGGTCCAAGAG-1,-2.0557218,3.240249,Hbx
TTGGTTTAGCAATAGT-1,7.3910713,8.1938305,Oval/Medial
TTGGTTTGTGGCTACC-1,-0.34087488,3.9060404,Oval/Medial
TTGGTTTGTTGCATCA-1,-0.10048072,6.2634583,Oval/Medial
TTGTGGAAGTCAGAGC-1,0.7051232,6.3194427,Oval/Medial
TTGTGGAGTAGGACCA-1,4.9649343,7.2180333,Oval/Medial
TTGTTGTGTAAGTAGT-1,-0.05953152,9.469552,Oval/Medial
TTGTTGTTCTGCTGAA-1,0.69970214,8.876943,Oval/Medial
TTGTTTGAGAACTTCC-1,-0.5331995,5.3863993,Oval/Medial
TTGTTTGAGTCTAGCT-1,-1.1461974,6.705515,Oval/Medial
TTGTTTGTCCGGCTTT-1,-2.7415147,7.4992013,Marginal
TTGTTTGTCTTTCTAG-1,-2.489471,6.8349066,Marginal
TTTACCAAGCACACCC-1,1.8028687,8.994097,Oval/Medial
TTTACCAAGGGTAGCT-1,-0.7802521,5.9343677,Oval/Medial
TTTACTGCAACCAACT-1,0.74031824,7.504587,Oval/Medial
TTTACTGCAATCGAAA-1,-1.6672955,6.5940466,Marginal
TTTACTGCACAGTGAG-1,3.1307526,9.689867,Oval/Medial
TTTACTGGTATCGAAA-1,-3.4025557,5.279075,Marginal
TTTATGCAGATTGAGT-1,1.9789623,1.9099082,Lateral
TTTATGCAGGACAGTC-1,-0.66506135,6.913232,Oval/Medial
TTTATGCCAACACACT-1,5.838612,7.926712,Oval/Medial
TTTATGCCATGAGATA-1,5.5508347,11.620577,Oval/Medial
TTTCACAGTTCCTACC-1,6.8307266,7.099878,Oval/Medial
TTTCACATCAACGTGT-1,4.3582063,6.615504,Oval/Medial
TTTCAGTTCTTAGGAC-1,1.3954327,6.007308,Oval/Medial
TTTCATGAGGTTCCGC-1,1.2410339,6.19083,Oval/Medial
TTTCATGCACAGAGCA-1,4.154116,9.222855,Oval/Medial
TTTCATGGTTCTCAGA-1,4.3779364,7.627167,Oval/Medial
TTTCCTCCAAGGTCAG-1,-4.109876,8.028853,Marginal
TTTCCTCGTTCAAACC-1,1.849087,5.4601097,Oval/Medial
TTTCCTCTCGAGTACT-1,-3.6896858,7.185638,Marginal
TTTCGATAGACCAGCA-1,0.69073683,8.294137,Oval/Medial
TTTGACTGTCAGATTC-1,1.8999498,5.9693656,Oval/Medial
TTTGACTTCAAGTGGG-1,0.34909433,8.274049,Oval/Medial
TTTGATCAGGAAAGGT-1,-2.270275,7.3329353,Marginal
TTTGGAGTCGATCCCT-1,-1.7795713,3.5781264,Hbx
TTTGTTGTCCATAAGC-1,7.796054,6.9551225,Oval/Medial
AAACCCACAACCAACT-1,0.21333084,5.297451,Oval/Medial
AAACCCACAAGATGTA-1,2.9567397,10.946926,Oval/Medial
AAACCCATCGTTATCT-1,0.99090785,7.8114624,Oval/Medial
AAACGAAAGGGTGAGG-1,1.7913759,3.3277743,Lateral
AAACGAACAATGGCCC-1,6.7735667,7.937779,Oval/Medial
AAACGAACAGAGATGC-1,3.5883343,8.855942,Oval/Medial
AAACGAACAGAGATTA-1,4.250555,7.768307,Oval/Medial
AAACGCTAGCAACAAT-1,4.4628797,3.892692,Oval/Medial
AAACGCTCAATAGTCC-1,-0.82914686,7.4106135,Oval/Medial
AAACGCTTCAGCTCTC-1,5.1203585,4.1531005,Oval/Medial
AAAGAACCAGCCGTCA-1,4.719553,10.345891,Oval/Medial
AAAGAACTCCGTGTAA-1,1.3638614,7.5209436,Oval/Medial
AAAGAACTCGAAACAA-1,3.3867676,6.7522388,Oval/Medial
AAAGGATAGTTGCCTA-1,0.9140618,1.9230967,Lateral
AAAGGATCAAGCGAAC-1,0.15909195,4.957546,Oval/Medial
AAAGGATCAATGACCT-1,4.0209856,3.608981,Oval/Medial
AAAGGGCAGCTGGCTC-1,1.7410545,3.1365623,Lateral
AAAGGGCGTTACACTG-1,0.7955831,7.620008,Oval/Medial
AAAGGGCTCGCCTTGT-1,1.1237212,2.852889,Lateral
AAAGGTAGTGCATACT-1,1.9961239,4.618645,Lateral
AAAGGTAGTTACTCAG-1,0.22836249,3.115709,Lateral
AAAGTCCAGACCAACG-1,5.1830473,4.9622097,Oval/Medial
AAAGTCCAGCCGAACA-1,2.7845883,5.288679,Oval/Medial
AAAGTCCCAACTGCCG-1,0.9879978,1.2621807,Lateral
AAAGTGAGTCTAACGT-1,5.0958714,8.015887,Oval/Medial
AAAGTGATCCCGTTCA-1,1.4556875,6.674909,Oval/Medial
AAAGTGATCCGGACGT-1,4.219295,9.897673,Oval/Medial
AAAGTGATCTGGTGCG-1,7.280023,1.469784,Oval/Medial
AAAGTGATCTGTCCCA-1-1,3.9157372,3.4143357,Oval/Medial
AAATGGAAGTCATTGC-1,3.9895995,7.3940945,Oval/Medial
AAATGGAGTTCTCTAT-1,6.169464,8.932837,Oval/Medial
AAATGGATCCCTTCCC-1,3.1229587,6.397154,Oval/Medial
AAATGGATCCGTGGTG-1,7.7275963,9.245207,Oval/Medial
AACAAAGCATACTTTC-1,-2.6563485,0.26336372,Hbx
AACAAAGGTCGACTGC-1,-0.6589176,7.4683433,Oval/Medial
AACAAAGTCTGACGCG-1,7.5566444,1.4908937,Oval/Medial
AACAACCAGTCTCCTC-1,1.735938,1.6849123,Lateral
AACAACCGTCAAGCGA-1,7.5013986,5.338163,Oval/Medial
AACAAGAAGAAGGGAT-1,5.092225,7.4067817,Oval/Medial
AACAAGACAGGATCTT-1,5.408422,3.1356416,Oval/Medial
AACAAGATCAAACGTC-1,7.1568785,1.5876696,Oval/Medial
AACACACAGAGCACTG-1,2.0961595,6.3820295,Oval/Medial
AACACACAGGATACAT-1,5.9132466,2.996871,Oval/Medial
AACACACGTATCTCGA-1,4.9948378,3.5137658,Oval/Medial
AACACACGTTGGTACT-1,-3.4105997,6.3045626,Marginal
AACAGGGCAAACGAGC-1,-2.3600228,1.6961159,Hbx
AACAGGGGTATCGGTT-1,4.177163,8.541831,Oval/Medial
AACCAACAGATACTGA-1,8.053353,6.7700963,Oval/Medial
AACCAACAGGTTGGAC-1,4.7454715,6.366686,Oval/Medial
AACCAACCAATCTGCA-1,1.8042029,1.5679126,Lateral
AACCAACCACAATGTC-1,-1.6081923,1.2481128,Hbx
AACCAACCAGCTCATA-1-1,-2.0416517,-0.41905537,Hbx
AACCAACGTTTCGGCG-1,-2.0485868,7.5037847,Marginal
AACCACAAGGGCAACT-1,4.4272323,7.6824307,Oval/Medial
AACCACAAGGTAGATT-1,4.763991,4.197884,Oval/Medial
AACCACACAACCAACT-1,3.7476034,9.339375,Oval/Medial
AACCACAGTCGACGCT-1,4.7907553,10.73906,Oval/Medial
AACCATGGTAAGCTCT-1,2.1473634,10.946595,Oval/Medial
AACCATGGTCAGCGTC-1,4.2070284,6.33409,Oval/Medial
AACCATGTCCGTACGG-1,4.563165,10.127025,Oval/Medial
AACCCAAGTGGCAACA-1,4.7073426,6.6358786,Oval/Medial
AACCTGATCCCGAACG-1,3.4671063,7.4380736,Oval/Medial
AACCTGATCTTAATCC-1,-2.257343,4.6984296,Hbx
AACCTTTGTATAATGG-1,3.3747542,11.285035,Oval/Medial
AACGAAAAGATACAGT-1,7.4475446,1.5941497,Oval/Medial
AACGGGAAGCACCAGA-1-1,4.0430517,10.214074,Oval/Medial
AACGGGAAGCGATCGA-1-1,-2.99886,5.459938,Marginal
AACGGGAAGTGCAACG-1,-3.2428722,6.935176,Marginal
AACGGGAGTTAAGGAT-1,-2.8897464,6.3699794,Marginal
AACGGGATCGTTCATT-1,3.7155643,10.395942,Oval/Medial
AACGGGATCTTCGTGC-1,1.1479157,7.3756475,Oval/Medial
AACGTCAGTTGCATGT-1,4.589408,4.1758933,Oval/Medial
AACGTCATCAAAGCCT-1,3.3114378,8.060383,Oval/Medial
AACGTCATCGACCCAG-1,6.794149,6.81591,Oval/Medial
AACTTCTAGATCACCT-1,4.5969677,11.740047,Oval/Medial
AACTTCTCAATTCGTG-1,2.9490175,2.930978,Lateral
AACTTCTCATCATTGG-1,4.720687,3.8070257,Oval/Medial
AACTTCTGTGATCATC-1,1.1076405,3.6433904,Lateral
AACTTCTGTGTGTGTT-1,3.6633472,4.931261,Oval/Medial
AAGAACAAGAATAGTC-1,4.505999,8.777166,Oval/Medial
AAGAACACAGGTTTAC-1,4.7593136,4.991693,Oval/Medial
AAGAACATCCGTAGGC-1,3.2325256,4.814978,Oval/Medial
AAGACAACAGTCTTCC-1,-0.68143,4.4959397,Oval/Medial
AAGACAAGTCGCGTCA-1,3.0455644,4.7029567,Oval/Medial
AAGACAATCGAACGCC-1,-0.4871043,2.1034658,Lateral
AAGACTCAGCCTGGAA-1,4.2049046,5.7156177,Oval/Medial
AAGATAGCAAGCACAG-1,-0.16274281,4.831408,Oval/Medial
AAGATAGTCAAGGAGC-1,3.9485652,7.2841177,Oval/Medial
AAGCATCAGGAACGCT-1,1.6988579,5.919073,Oval/Medial
AAGCATCCACTAACGT-1,-3.7239532,7.693176,Marginal
AAGCATCGTCTACAGT-1,3.6628196,8.576728,Oval/Medial
AAGCATCGTCTGCAAT-1,2.3392088,7.006891,Oval/Medial
AAGCATCGTCTTACAG-1,1.8218374,5.80717,Oval/Medial
AAGCCATCACCAAAGG-1,4.6026464,4.805198,Oval/Medial
AAGCCATCATACATCG-1,3.2480283,9.337411,Oval/Medial
AAGCCATGTAATGCTC-1,3.5975163,9.775284,Oval/Medial
AAGCCATGTGAGAGGG-1-1,4.9382267,6.038611,Oval/Medial
AAGCCATGTGGGTTGA-1,2.7872577,6.9699707,Oval/Medial
AAGCCATGTTGCCAAT-1,5.3997045,7.174241,Oval/Medial
AAGCGAGTCGACACCG-1,6.4617763,7.3161144,Oval/Medial
AAGGAATGTACGTGTT-1,-1.3105346,1.6401571,Hbx
AAGGAATTCCACGTAA-1,3.8120725,7.1694674,Oval/Medial
AAGGTAACATCCGAGC-1,4.197822,9.052934,Oval/Medial
AAGGTAATCGGCATAT-1,3.8073034,4.357073,Oval/Medial
AAGTACCAGACAACTA-1,-2.149809,6.2662973,Marginal
AAGTACCAGAGGGTAA-1,4.633816,7.668768,Oval/Medial
AAGTACCCAGGGACTA-1,4.5670886,4.5113044,Oval/Medial
AAGTACCCAGGGCTTC-1,-2.2767947,1.1640657,Hbx
AAGTACCCAGTCAGTT-1,3.561806,11.3133955,Oval/Medial
AAGTCGTCAAAGAACT-1,3.780769,5.638243,Oval/Medial
AAGTCGTCAGTAGTGG-1,4.9950747,5.892454,Oval/Medial
AAGTCGTGTACCCACG-1,2.9910808,7.1590714,Oval/Medial
AAGTCGTTCTGCTTAT-1,4.137786,9.017385,Oval/Medial
AAGTCGTTCTTCCGTG-1,3.1964297,10.396016,Oval/Medial
AAGTGAAAGTAACAGT-1,0.7067108,4.2597084,Oval/Medial
AAGTGAAGTGAGGCAT-1,4.951283,10.316673,Oval/Medial
AAGTTCGAGTCATGAA-1,4.859722,12.1047535,Oval/Medial
AAGTTCGGTTACGTAC-1,6.965664,1.4291645,Oval/Medial
AATCACGCAGCGGATA-1,1.3206251,8.842703,Oval/Medial
AATCGACAGTAAGACT-1,5.7268744,7.2033176,Oval/Medial
AATCGACGTCTCCCTA-1,4.677909,7.6998663,Oval/Medial
AATCGACTCAAGAAAC-1,5.388021,7.201898,Oval/Medial
AATCGACTCCCGAAAT-1,-2.4200466,8.110992,Marginal
AATCGTGGTCTGTGAT-1,4.2433605,6.97846,Oval/Medial
AATGAAGAGTTAACAG-1,3.5931637,7.0152903,Oval/Medial
AATGAAGAGTTACGTC-1,1.1415554,2.341771,Lateral
AATGAAGGTGCATTTG-1,0.94551766,8.011325,Oval/Medial
AATGACCAGCGAAACC-1,5.744167,7.1796784,Oval/Medial
AATGACCTCAAGTTGC-1,1.4088157,3.5148103,Lateral
AATGCCAAGCCTCACG-1,3.5560458,11.427692,Oval/Medial
AATGCCACAGCACACC-1,4.8389454,7.2250743,Oval/Medial
AATGCCACATTCACCC-1,2.9538877,6.530112,Oval/Medial
AATGCCAGTACCGTGC-1,1.3724831,4.5061903,Lateral
AATGCCATCATGGGAG-1,-0.2517375,7.8181033,Oval/Medial
AATGGAAAGCATCCCG-1,-1.9157661,6.613541,Marginal
AATGGAATCGAGATGG-1,4.357678,4.241607,Oval/Medial
AATGGCTCAATTAGGA-1,-3.2754793,5.7200804,Marginal
AATGGCTCAGGTCAAG-1,7.9615936,6.972032,Oval/Medial
AATTCCTCACTCTGCT-1,1.6148137,2.327328,Lateral
AATTCCTCAGGTCAAG-1,8.16878,6.962243,Oval/Medial
AATTCCTTCACCTTAT-1,6.6283903,8.81326,Oval/Medial
AATTTCCAGGACTATA-1,3.58958,7.2545424,Oval/Medial
AATTTCCCAACACGAG-1,3.0958478,6.8624063,Oval/Medial
AATTTCCCAATTGCGT-1,3.7260702,9.507275,Oval/Medial
AATTTCCCAGTCTACA-1,-1.2553374,4.303141,Marginal
AATTTCCCATACCAGT-1,4.2013006,4.654371,Oval/Medial
AATTTCCGTATCACGT-1,4.7112494,8.742652,Oval/Medial
AATTTCCTCCTATGGA-1,0.005368958,7.3603625,Oval/Medial
ACAAAGAAGCGCTGCT-1,4.7383475,3.4752235,Oval/Medial
ACAAAGAGTGTGGTCC-1,-3.3241377,7.9476995,Marginal
ACAAAGATCATTTCCA-1,4.799333,13.010288,Oval/Medial
ACAACCAAGAGAGTTT-1,-0.4802264,6.2606053,Oval/Medial
ACAACCAAGGGACAGG-1,3.7250917,4.5960994,Oval/Medial
ACAACCAAGTCATACC-1,4.4999,9.942723,Oval/Medial
ACAACCACAATGAAAC-1-1,3.956606,6.2146297,Oval/Medial
ACAACCAGTTAGAGAT-1,3.7184293,4.281944,Oval/Medial
ACAACCAGTTCCGTTC-1,1.947647,6.3579717,Oval/Medial
ACAAGCTTCCTACACC-1,3.4147143,9.946277,Oval/Medial
ACAAGCTTCTTCGTAT-1,4.2003818,3.7772799,Oval/Medial
ACACAGTAGCCTAACT-1,5.6424384,6.8470936,Oval/Medial
ACACAGTAGGAACTAT-1,4.232737,4.6920247,Oval/Medial
ACACAGTAGGGCTAAC-1,2.9120638,11.904335,Oval/Medial
ACACCAAAGGTCCCGT-1,4.8745527,10.461927,Oval/Medial
ACACCAAAGGTTCCGC-1,4.673596,4.1525025,Oval/Medial
ACACCAAAGTGTTCCA-1,6.621194,2.3936484,Oval/Medial
ACACCAACAGCAAGAC-1,5.396997,6.5068994,Oval/Medial
ACACCAAGTGAGGAAA-1,5.396965,9.430782,Oval/Medial
ACACGCGAGAAACTCA-1,3.5505009,5.9314075,Oval/Medial
ACACGCGAGCCTCATA-1,0.38724756,8.081558,Oval/Medial
ACACGCGAGTCCCGGT-1,-2.5248652,6.615081,Marginal
ACACGCGCATCGCTCT-1,-0.49467653,8.281728,Oval/Medial
ACACTGATCCTTATGT-1,4.312926,6.4354334,Oval/Medial
ACAGAAACATCGATAC-1,3.9469829,7.5614066,Oval/Medial
ACAGAAACATTCGATG-1,4.3647985,5.711923,Oval/Medial
ACAGAAATCCACGTGG-1,0.4129253,6.811875,Oval/Medial
ACAGAAATCGATTCCC-1,-2.068865,1.5186635,Hbx
ACAGAAATCTGACAGT-1,3.7527895,4.1777763,Oval/Medial
ACAGCCGGTGAATAAC-1,4.0109153,6.3075547,Oval/Medial
ACAGCCGTCATCCTGC-1-1,7.963714,8.019176,Oval/Medial
ACAGGGACAACCGACC-1,4.172018,7.632303,Oval/Medial
ACATCCCGTTGAGTCT-1,6.1089134,7.099298,Oval/Medial
ACATCGACATGCCGGT-1,6.969047,1.7850292,Oval/Medial
ACATCGAGTAGGACTG-1,1.6475285,3.7413487,Lateral
ACATTTCCAGAGTTGG-1,1.206736,4.0084815,Lateral
ACCAAACAGGACAACC-1,4.4035063,7.5593843,Oval/Medial
ACCAAACCAATTGTGC-1,4.7050743,10.704119,Oval/Medial
ACCAAACCACCAATTG-1,-2.2669282,6.87697,Marginal
ACCAAACCATTGACCA-1,0.27977297,2.398093,Lateral
ACCAAACTCCTAGCCT-1,4.273354,7.0129128,Oval/Medial
ACCAACAGTCAAATCC-1,4.622541,3.7033036,Oval/Medial
ACCAACAGTGTTCGTA-1,0.86901516,2.8475072,Lateral
ACCAACATCATACAGC-1,8.514286,7.2284465,Oval/Medial
ACCAACATCTTTCTAG-1,-3.4992988,7.418979,Marginal
ACCACAAAGACATCAA-1,0.62141186,7.1013308,Oval/Medial
ACCACAAAGCCATTTG-1,5.241857,12.032013,Oval/Medial
ACCACAAAGGTAAGTT-1,4.2593074,4.3544793,Oval/Medial
ACCATTTAGCAGATAT-1,-1.910068,2.0281272,Hbx
ACCATTTCACTATCCC-1,5.2307944,3.7862082,Oval/Medial
ACCATTTCACTCAGAT-1,4.098112,4.5534163,Oval/Medial
ACCATTTGTGTCTAAC-1,0.4267858,7.3328385,Oval/Medial
ACCCAAAGTCTAACGT-1,-0.38303703,7.1245527,Oval/Medial
ACCCAAAGTGACTCTA-1,4.077309,3.2885711,Oval/Medial
ACCCTCACAGCGGTCT-1,-2.392785,1.812666,Hbx
ACCCTCAGTCCACTTC-1,0.016240014,7.8265667,Oval/Medial
ACCCTCAGTTAGAGTA-1,5.710397,11.167998,Oval/Medial
ACCCTCAGTTTGAAAG-1,6.890246,2.0593438,Oval/Medial
ACCCTTGAGCATCCCG-1,7.1776285,2.2907279,Oval/Medial
ACCCTTGCAAGGCTTT-1,-0.3724285,6.468312,Oval/Medial
ACCCTTGGTATCCCAA-1,4.740045,4.6261964,Oval/Medial
ACCGTTCCAGTTGTTG-1,2.9320943,10.825026,Oval/Medial
ACCGTTCGTCTCCCTA-1,4.213453,3.5998585,Oval/Medial
ACCGTTCGTTAGAAAC-1,-0.08886019,4.053295,Oval/Medial
ACCTGAAAGGTTCAGG-1,-0.6901467,4.2347946,Oval/Medial
ACCTGAACACGTATAC-1,1.9549512,4.068949,Lateral
ACCTGAACACGTCGGT-1,0.947764,7.420228,Oval/Medial
ACCTGAAGTACTCAAC-1,6.360743,2.9244604,Oval/Medial
ACCTGAAGTGGCGTAA-1,4.2013335,6.8781238,Oval/Medial
ACCTGTCCAGGAATAT-1,4.741355,7.6372356,Oval/Medial
ACCTGTCGTAATCAGA-1,6.838019,1.425814,Oval/Medial
ACGATCACAGAGGAAA-1,5.4636426,6.6114817,Oval/Medial
ACGATCACATCGATCA-1,-1.5856324,1.2765288,Hbx
ACGATGTAGTGCAAAT-1,4.5437446,4.1725016,Oval/Medial
ACGATGTCACACCGCA-1,5.215622,4.227933,Oval/Medial
ACGATGTGTCATCTAG-1,4.6583295,3.4097486,Oval/Medial
ACGATGTTCAGGACGA-1,4.670651,7.5713735,Oval/Medial
ACGATGTTCCCAGGCA-1,1.1043504,7.16872,Oval/Medial
ACGCACGAGTGCAGGT-1,7.26475,6.0209537,Oval/Medial
ACGCACGTCCGCGAGT-1,4.620284,7.3577256,Oval/Medial
ACGCACGTCCTTCTAA-1,7.0703473,7.0246587,Oval/Medial
ACGGAAGGTTAAAGTG-1,3.8681216,6.8129725,Oval/Medial
ACGGTCGCAACACTAC-1,2.5565593,6.07609,Oval/Medial
ACGGTCGCATCCGTGG-1,7.404689,1.9053025,Oval/Medial
ACGGTCGGTCGGTGTC-1,0.47305042,5.5795865,Oval/Medial
ACGGTCGGTGCGACAA-1,1.641909,3.4441235,Lateral
ACGGTTACAATTGCCA-1,3.7203236,5.0054793,Oval/Medial
ACGGTTAGTCCTACGG-1,3.0629928,9.324342,Oval/Medial
ACGTACAGTAGAGTTA-1,-1.713467,7.3585567,Marginal
ACGTACAGTTAAACCC-1,8.1001625,6.8086047,Oval/Medial
ACGTAGTCAGGGTTGA-1,5.1368775,3.1620991,Oval/Medial
ACGTAGTTCGACCTAA-1,2.4215927,6.4709125,Oval/Medial
ACGTAGTTCTCTCGAC-1,7.378142,3.310106,Oval/Medial
ACGTCCTAGACCATTC-1,5.1572094,8.382865,Oval/Medial
ACGTCCTCAGAGCGTA-1,-1.8277897,6.4092903,Marginal
ACGTCCTCAGCACAAG-1,3.8624527,3.9884827,Oval/Medial
ACGTCCTCAGCATTGT-1,3.2077088,6.3263116,Oval/Medial
ACGTCCTGTCGGAACA-1,5.2450724,4.4260097,Oval/Medial
ACGTCCTTCAGCTGTA-1,-0.45356143,8.13947,Oval/Medial
ACGTTCCGTCACTCGG-1,3.985651,7.1360726,Oval/Medial
ACTACGAAGCATCCCG-1,3.4150703,7.917853,Oval/Medial
ACTACGAAGGTACAAT-1,4.7150354,2.9541936,Oval/Medial
ACTACGATCTGTGCTC-1,0.46204963,2.38129,Lateral
ACTATCTTCACGACTA-1,4.897942,5.7303243,Oval/Medial
ACTATGGAGCCTCACG-1,7.0779605,1.9829775,Oval/Medial
ACTATGGGTTGGAGAC-1,4.5810895,6.1486773,Oval/Medial
ACTATTCAGCGAATGC-1,4.852961,9.786108,Oval/Medial
ACTATTCAGTAAGAGG-1,6.1646504,8.861089,Oval/Medial
ACTATTCTCTCTTGCG-1,4.041408,4.726238,Oval/Medial
ACTCCCACAGCAGAAC-1,2.4519253,6.090429,Oval/Medial
ACTCTCGGTCGCGTTG-1,3.1877117,2.9933214,Lateral
ACTCTCGGTTAGGCTT-1,6.7405915,1.9801381,Oval/Medial
ACTGATGAGCAACTTC-1,0.84474754,3.325365,Lateral
ACTGATGAGGCTTAAA-1,2.4619637,9.427458,Oval/Medial
ACTGATGGTGCTTCAA-1,3.9560785,3.8759897,Oval/Medial
ACTGATGTCAGGGTAG-1,5.5004673,8.373716,Oval/Medial
ACTGATGTCCACACAA-1,3.732785,9.962296,Oval/Medial
ACTGCAAAGCACTCCG-1,4.186945,5.011302,Oval/Medial
ACTGCAAAGGAGAATG-1,1.9300807,2.793393,Lateral
ACTGCAACACACGCCA-1,4.794868,6.095827,Oval/Medial
ACTGCAACAGGTTTAC-1,1.7609433,3.631277,Lateral
ACTGCAACATGGATCT-1,-3.4543283,6.968387,Marginal
ACTGCAAGTACCATAC-1,0.6479144,6.302002,Oval/Medial
ACTGCAAGTACCCACG-1,-2.677471,2.0397594,Hbx
ACTGTCCAGCCAAGGT-1,-2.9692366,4.937316,Marginal
ACTGTCCAGGGATCTG-1,5.9632325,7.1912413,Oval/Medial
ACTGTCCAGTGGCCTC-1,3.0549448,2.7767415,Lateral
ACTGTCCGTAAGTTAG-1,5.3632417,2.684209,Oval/Medial
ACTGTCCGTCGCAGTC-1,4.0450325,10.31894,Oval/Medial
ACTGTCCTCAGCATTG-1,-2.033146,1.3868229,Hbx
ACTGTCCTCGCGTTTC-1-1,2.6979034,6.7209406,Oval/Medial
ACTGTGAAGCTTGTGT-1,-2.2922552,1.3301773,Hbx
ACTGTGAAGTCACTAC-1,3.3818622,9.332249,Oval/Medial
ACTGTGACATTATGCG-1,4.8397655,7.85799,Oval/Medial
ACTGTGAGTTAGAGTA-1,5.1779523,3.8796372,Oval/Medial
ACTGTGATCCGTGTCT-1,6.9024453,1.4988396,Oval/Medial
ACTTAGGAGTGGCGAT-1,6.4008822,1.9234241,Oval/Medial
ACTTATCCAATCTGCA-1,6.574883,8.810232,Oval/Medial
ACTTATCCACCCTCTA-1,4.5547295,9.146132,Oval/Medial
ACTTATCCACTATCCC-1,3.9797366,9.76154,Oval/Medial
ACTTATCCAGACCGCT-1,1.87294,1.4357519,Lateral
ACTTATCGTACAATAG-1,-3.3701,6.2267594,Marginal
ACTTATCTCAACGAGG-1,4.225762,8.625267,Oval/Medial
ACTTATCTCTTGTTAC-1,3.5658314,12.8859215,Oval/Medial
ACTTCCGAGCATCTTG-1,4.8077736,8.118877,Oval/Medial
ACTTCCGCACGGCGTT-1,3.6636097,10.075075,Oval/Medial
ACTTCCGCAGTTACCA-1,6.276733,9.741642,Oval/Medial
ACTTCCGGTTCGGACC-1,5.2422814,7.4180493,Oval/Medial
ACTTCCGTCTCTCTTC-1,6.2221675,5.086971,Oval/Medial
ACTTCGCCACCCTGTT-1,5.675593,5.74387,Oval/Medial
ACTTCGCGTAAGGCTG-1,7.552948,7.945667,Oval/Medial
ACTTCGCTCCCTCGTA-1,4.0530376,8.077607,Oval/Medial
ACTTCGCTCTGGTTGA-1,3.8900058,7.1366987,Oval/Medial
ACTTTCACACGCTATA-1,-1.4594032,1.9964505,Hbx
ACTTTCATCGCGATCG-1,5.0362372,3.5984895,Oval/Medial
ACTTTCATCTGGGCCA-1,3.209035,5.270346,Oval/Medial
ACTTTGTGTGTTCAGT-1,4.6704774,3.4097438,Oval/Medial
AGAAATGGTAGATTAG-1,4.253448,10.730403,Oval/Medial
AGAAATGGTGAGTAGC-1,5.6561866,6.608377,Oval/Medial
AGAAATGTCACCTACC-1,-0.4968951,6.49633,Oval/Medial
AGAACAAAGACATCCT-1,3.3456738,4.8220935,Oval/Medial
AGAACCTCAGCTGTTA-1,3.0257149,10.464476,Oval/Medial
AGAACCTGTGCTGATT-1,-1.0904644,6.0120897,Oval/Medial
AGAACCTTCACTGGTA-1,-3.677138,6.991869,Marginal
AGAACCTTCCAGTGCG-1,6.5551124,8.64316,Oval/Medial
AGAACCTTCTAGTCAG-1,3.9709425,4.1334047,Oval/Medial
AGAAGCGCATGCCGGT-1,2.6932929,12.18183,Oval/Medial
AGAAGTATCCCATGGG-1,-1.3468941,2.128884,Hbx
AGACAAAAGTCATGAA-1,-4.4415402,6.41673,Marginal
AGACAAAGTGCCGAAA-1,-3.9400253,7.358031,Marginal
AGACAAAGTGGGATTG-1,7.1912084,1.0585985,Oval/Medial
AGACAAATCGCTCTAC-1,2.0076282,6.8817844,Oval/Medial
AGACACTAGAGCATAT-1,8.42286,7.271058,Oval/Medial
AGACAGGTCAGCCTTC-1,-0.11597707,8.139946,Oval/Medial
AGACCATAGACAAGCC-1,3.8357604,4.6936173,Oval/Medial
AGACCATAGGGCTAAC-1,-3.1414375,6.6469846,Marginal
AGACCCGAGTTTGCTG-1,3.318462,4.534407,Oval/Medial
AGACCCGGTCGAACAG-1,6.39015,2.1859996,Oval/Medial
AGACCCGGTGAAGCTG-1,0.81834024,5.9490666,Oval/Medial
AGACCCGTCACTGCTC-1,-0.45527443,6.334815,Oval/Medial
AGACCCGTCCTCTCTT-1,4.461106,3.5431168,Oval/Medial
AGACTCACAACAGTGG-1,-4.089391,7.0263424,Marginal
AGACTCATCAGGAGAC-1,5.4265623,7.8989215,Oval/Medial
AGAGAATAGTAGCTCT-1,3.398768,4.774626,Oval/Medial
AGAGAATAGTCCGCCA-1,4.472598,10.942833,Oval/Medial
AGAGAATCACGAGGAT-1,1.1604556,9.449537,Oval/Medial
AGAGAATGTTGCCGCA-1,3.5898173,4.510982,Oval/Medial
AGAGAATTCCTACAAG-1,2.9663796,5.6875906,Oval/Medial
AGAGAATTCTGGACTA-1,4.5637517,4.1015344,Oval/Medial
AGAGAGCAGCTAGTTC-1-1,1.5364387,5.1972637,Oval/Medial
AGAGAGCAGTACGAGC-1,-0.57357436,7.864408,Oval/Medial
AGAGAGCCATCCGAAT-1,2.8424592,5.991924,Oval/Medial
AGAGAGCTCTGGGCGT-1,6.2333884,7.1243443,Oval/Medial
AGAGCAGGTCGTGCCA-1,4.544103,3.1688044,Oval/Medial
AGAGCAGTCATGCCAA-1,-0.6501416,3.7327027,Lateral
AGAGCCCAGAGCCCAA-1,0.72916836,9.56178,Oval/Medial
AGAGCCCAGGTCCCTG-1,6.8822875,8.7235775,Oval/Medial
AGAGCCCGTATCCCAA-1,-2.1784546,6.1809387,Marginal
AGATAGAGTCATCGCG-1,7.3742113,1.3089412,Oval/Medial
AGATAGATCCTCTGCA-1,0.2450967,7.4937077,Oval/Medial
AGATCCAAGCAGTACG-1,-2.674403,2.1946588,Hbx
AGATCCAAGTATAGAC-1,-1.0044247,6.268764,Oval/Medial
AGATCCACATCCCACT-1,3.743703,9.541161,Oval/Medial
AGATCCAGTATGTCTG-1,-2.2271605,4.659858,Hbx
AGATCGTAGATACCAA-1,3.4057581,6.9196143,Oval/Medial
AGATCGTAGTGCGCTC-1,3.7135303,11.2739,Oval/Medial
AGATCGTCATGGCTAT-1,7.677057,5.937083,Oval/Medial
AGATGAACATCCGGTG-1,-2.120026,0.6213331,Hbx
AGATGAAGTTGGTGTT-1,4.1220627,4.640863,Oval/Medial
AGATGAATCGGAATGG-1,6.7315106,1.8915496,Oval/Medial
AGATGAATCGTAGTGT-1,4.5234146,7.281212,Oval/Medial
AGCATCAAGGTCACTT-1,4.0769043,4.2840285,Oval/Medial
AGCATCACACGCAAAG-1,1.7854131,3.2610595,Lateral
AGCATCAGTCTGCAAT-1,2.822801,10.223048,Oval/Medial
AGCATCATCACCTGTC-1,5.4870296,6.73376,Oval/Medial
AGCATCATCTTGGCTC-1,3.6980386,7.2526364,Oval/Medial
AGCCAATCAGCTTTGA-1,2.1428463,3.2087662,Lateral
AGCCAATGTGACTGAG-1-1,3.30997,7.0846853,Oval/Medial
AGCCAATTCAGAGCGA-1,4.089794,5.524008,Oval/Medial
AGCCAATTCCCAGGAC-1,0.6814663,6.6767764,Oval/Medial
AGCCAATTCGACATTG-1,-3.6080525,5.289063,Marginal
AGCCACGAGTAGCTCT-1,4.571282,10.001056,Oval/Medial
AGCCACGAGTCTAGCT-1,3.94133,7.1389174,Oval/Medial
AGCCACGTCACTGATG-1,4.5244317,3.6980188,Oval/Medial
AGCCACGTCACTTCTA-1,5.3177342,6.102791,Oval/Medial
AGCCACGTCATAGGCT-1,0.75004864,1.255393,Lateral
AGCCACGTCATGAGAA-1,2.606284,7.015622,Oval/Medial
AGCCACGTCCTATGGA-1,4.905834,3.6516979,Oval/Medial
AGCCACGTCTGTCGCT-1-1,3.0752027,6.381795,Oval/Medial
AGCCAGCAGCCTAACT-1,4.2087407,3.5767891,Oval/Medial
AGCCAGCCAGGCGTTC-1,6.159086,7.389198,Oval/Medial
AGCCAGCTCCATGCAA-1,-1.1330793,0.8516944,Hbx
AGCGATTAGACTCGAG-1,2.4230628,4.7925854,Oval/Medial
AGCGATTAGTCACTGT-1,1.2807893,5.749731,Oval/Medial
AGCGATTCAGCTATAC-1,4.196188,9.29676,Oval/Medial
AGCGATTCATTGTACG-1,-2.0974681,4.261157,Hbx
AGCGATTGTCTAACTG-1,-4.1551857,8.028282,Marginal
AGCGATTGTTGTCATG-1,4.680382,3.9771457,Oval/Medial
AGCGATTTCCGTACGG-1,2.8748546,10.20491,Oval/Medial
AGCGCCAAGGCTCTAT-1,2.5188415,5.2608852,Oval/Medial
AGCGCCACATTGGATC-1,4.6498966,3.2900145,Oval/Medial
AGCGTATAGAGATCGC-1,5.2339535,7.140785,Oval/Medial
AGCGTATCACTAACGT-1,-1.1273636,1.102445,Hbx
AGCGTATCATGACTTG-1,4.6934056,6.2225842,Oval/Medial
AGCGTATTCTCCAAGA-1,1.2165977,3.1440675,Lateral
AGCGTCGGTGGCTGAA-1,6.6918488,2.031499,Oval/Medial
AGCTACAAGAAGGATG-1,4.46292,10.599255,Oval/Medial
AGCTACATCGAGTCTA-1,3.8511586,12.9178295,Oval/Medial
AGCTCAACACATAGCT-1,-1.528648,0.4806543,Hbx
AGCTCAAGTCATCCGG-1,3.6568654,10.608582,Oval/Medial
AGCTCAAGTGCGGTAA-1,-1.1852373,1.2529899,Hbx
AGCTTCCGTCTGATAC-1,3.9221673,7.635135,Oval/Medial
AGCTTCCTCATCACCC-1,0.57596284,7.422035,Oval/Medial
AGGAAATCATTGACCA-1,4.404707,10.083305,Oval/Medial
AGGAAATTCAGACTGT-1,3.0056272,12.360305,Oval/Medial
AGGAAATTCCACAGGC-1,4.0772324,8.930375,Oval/Medial
AGGAATACAGGTTTAC-1,3.6724372,9.857622,Oval/Medial
AGGAATAGTAAGGTCG-1,4.749497,5.23357,Oval/Medial
AGGAATAGTGGGATTG-1,-2.2148223,3.984719,Hbx
AGGAATAGTGTCGATT-1,-1.6427307,6.243963,Oval/Medial
AGGACGAAGCTGTCCG-1,-3.6126847,7.2870564,Marginal
AGGACGAAGGTTTGAA-1,6.1878977,6.969179,Oval/Medial
AGGACGAGTATTCCGA-1,3.5960848,6.620541,Oval/Medial
AGGACGAGTGAGTCAG-1,5.599616,10.19985,Oval/Medial
AGGACTTAGGGACTGT-1,7.3744726,1.1383904,Oval/Medial
AGGACTTCACAGAGAC-1,5.928239,2.9680343,Oval/Medial
AGGACTTTCAAGCGTT-1,4.982768,5.6375823,Oval/Medial
AGGACTTTCCCAATAG-1,1.1260782,1.9824259,Lateral
AGGACTTTCTCACCCA-1,5.8816338,7.9222155,Oval/Medial
AGGAGGTGTGCTGTCG-1,2.774124,6.8131137,Oval/Medial
AGGAGGTGTGTCTTCC-1,1.8848059,6.4893346,Oval/Medial
AGGAGGTTCCACCTCA-1,4.3440757,7.683674,Oval/Medial
AGGATAACAGAGTAAT-1,-2.2090394,3.5908623,Hbx
AGGATCTAGGATTCCT-1,5.160287,10.2071905,Oval/Medial
AGGATCTTCAACCCGG-1,-1.2913548,6.814543,Oval/Medial
AGGATCTTCAACGAGG-1,-2.4548392,2.573007,Hbx
AGGCATTAGTTACTCG-1,4.3769627,4.9735985,Oval/Medial
AGGCATTCAACCGCTG-1,4.6697206,3.1995285,Oval/Medial
AGGCATTCATTCTGTT-1,-3.4375377,7.382311,Marginal
AGGCATTGTGTAACGG-1,5.6885715,4.8773975,Oval/Medial
AGGCATTTCCGTCAAA-1,3.8676512,7.3843985,Oval/Medial
AGGCCACGTGGTAATA-1,4.183291,6.7949576,Oval/Medial
AGGCTGCAGTCTAGAA-1,5.814168,4.800518,Oval/Medial
AGGCTGCCATCGGCCA-1,8.378731,7.121852,Oval/Medial
AGGGAGTAGAGCTGCA-1,7.532453,2.5570762,Oval/Medial
AGGGAGTAGCTGAAAT-1,5.6313367,7.977092,Oval/Medial
AGGGAGTGTGCACATT-1,6.7721276,1.7545035,Oval/Medial
AGGGAGTGTGCTTCAA-1,1.9328991,5.572322,Oval/Medial
AGGGAGTGTTCGGCCA-1,4.0001616,7.7943,Oval/Medial
AGGGAGTGTTGAGAGC-1,-4.110759,6.9407964,Marginal
AGGGAGTTCCGAGGCT-1,4.4856668,9.518274,Oval/Medial
AGGGCCTCATTGTAGC-1,3.654318,9.429037,Oval/Medial
AGGGCCTGTTCTGACA-1,2.0854857,6.7971683,Oval/Medial
AGGGCCTTCCCATGGG-1,3.9875178,10.124639,Oval/Medial
AGGGCTCTCTCTAGGA-1,4.5288725,7.8833995,Oval/Medial
AGGGTCCAGACTGAGC-1,0.92959565,3.934127,Lateral
AGGGTCCGTCGCGTCA-1,3.8086991,6.801438,Oval/Medial
AGGGTGAAGACGCATG-1,-1.7943327,2.5516367,Hbx
AGGGTGAAGCATCGAG-1,2.1909778,6.716734,Oval/Medial
AGGGTGAAGTGCAGCA-1,4.103704,7.5611725,Oval/Medial
AGGGTGACACTCCGAG-1,-0.06666012,6.1956487,Oval/Medial
AGGTAGGAGCCTGACC-1,6.684376,2.0474398,Oval/Medial
AGGTAGGCAGGTACGA-1,8.434513,7.135187,Oval/Medial
AGGTAGGCAGTGGTGA-1,3.9744606,9.976883,Oval/Medial
AGGTAGGGTACCTTCC-1,4.4313364,3.6770716,Oval/Medial
AGGTCATCAAGCTACT-1,1.1247118,1.6413808,Lateral
AGGTCATCACATCCCT-1,1.6673247,6.381132,Oval/Medial
AGGTCATGTGGAAATT-1,3.4679875,8.397648,Oval/Medial
AGGTCTAAGGAGGGTG-1,5.7899957,6.679122,Oval/Medial
AGGTCTAAGGTCACCC-1,4.5377083,8.238739,Oval/Medial
AGGTCTATCATTTACC-1,4.607703,3.9661992,Oval/Medial
AGGTCTATCGACCATA-1,1.2296298,1.3768756,Lateral
AGGTGTTAGTATGAAC-1,-0.15504174,4.5846806,Oval/Medial
AGGTGTTTCAAGTGGG-1,3.8697324,7.9032035,Oval/Medial
AGGTGTTTCCTCACGT-1,0.721313,5.9636426,Oval/Medial
AGGTGTTTCCTCTCTT-1,5.293732,10.652221,Oval/Medial
AGGTGTTTCGTGTTCC-1,4.9829326,6.3064804,Oval/Medial
AGGTTACCAGCATACT-1,6.4186497,6.6251516,Oval/Medial
AGGTTACGTGCAGATG-1,3.4251184,6.1564393,Oval/Medial
AGGTTACTCTCCGCAT-1,4.6438875,6.6137342,Oval/Medial
AGTAACCAGTGATTCC-1,3.9239695,6.4983,Oval/Medial
AGTAACCCACTCCTGT-1,7.989626,6.7161937,Oval/Medial
AGTAACCTCTGCCTGT-1,4.034065,7.0844383,Oval/Medial
AGTACCAAGACCATAA-1,0.688396,7.0862627,Oval/Medial
AGTACCAAGACGACGT-1,7.6183066,6.880532,Oval/Medial
AGTACCAAGAGGACTC-1,7.422125,6.02471,Oval/Medial
AGTACCACAATTGAAG-1,3.0870988,9.794457,Oval/Medial
AGTACCATCTTTGCTA-1,6.2884264,6.566551,Oval/Medial
AGTACTGGTTATTCCT-1,5.9805717,9.72864,Oval/Medial
AGTACTGGTTCGGTTA-1,-3.2685711,6.6107745,Marginal
AGTAGCTCAGTAGTGG-1,7.5204983,7.509856,Oval/Medial
AGTAGCTTCTCTCTAA-1,4.7845592,10.9841795,Oval/Medial
AGTAGTCCAAGAGATT-1,2.439834,2.8183224,Lateral
AGTCAACAGCACTGGA-1,0.4393947,8.237895,Oval/Medial
AGTCAACAGGTTGGTG-1,4.1079264,4.7739797,Oval/Medial
AGTCAACCAGCTGTCG-1,4.0644894,7.7088776,Oval/Medial
AGTCAACGTAACTTCG-1,1.899072,5.277339,Oval/Medial
AGTCAACGTCGCGGTT-1,-2.4870813,2.4558644,Hbx
AGTCACAAGACGCAGT-1,3.3639083,4.442567,Oval/Medial
AGTCACAGTAAGATCA-1,3.5674539,10.241795,Oval/Medial
AGTCATGCAGTATTCG-1,-4.6401024,7.8869076,Marginal
AGTCTCCAGACAGCTG-1,7.3976865,1.2923918,Oval/Medial
AGTCTCCCACACGCCA-1,-0.55394924,4.117266,Oval/Medial
AGTCTCCGTCTGGTTA-1,3.4923837,6.7303357,Oval/Medial
AGTGACTCAACTCGAT-1,5.2989635,6.364891,Oval/Medial
AGTGATCAGCGCACAA-1,3.454552,6.2471213,Oval/Medial
AGTGATCCAATCGAAA-1,4.0205045,4.258877,Oval/Medial
AGTGATCTCGTCACCT-1,4.672,6.360897,Oval/Medial
AGTGCCGAGTTCAACC-1,5.5442796,3.0033946,Oval/Medial
AGTGCCGCAAGTGGGT-1,-0.42896876,7.7375145,Oval/Medial
AGTGCCGCATCGAACT-1,-1.884364,3.0869393,Hbx
AGTGCCGGTAAGGCCA-1,1.4866885,2.6421916,Lateral
AGTGTTGAGCATTGAA-1,2.662538,9.290793,Oval/Medial
AGTGTTGCAACTTGGT-1,4.201089,4.2178288,Oval/Medial
AGTGTTGGTACACTCA-1,7.1651917,3.974078,Oval/Medial
AGTGTTGGTGCATTTG-1,-2.8590279,7.4563212,Marginal
AGTGTTGTCCGTACGG-1,4.7908907,10.799207,Oval/Medial
AGTTAGCTCTCCCATG-1,5.760186,6.24124,Oval/Medial
AGTTCCCAGCATGCAG-1,3.8685315,8.6624975,Oval/Medial
AGTTCCCAGGGAGGGT-1,2.1976151,1.6649022,Lateral
AGTTCCCGTATAGGAT-1,4.6635227,6.8071513,Oval/Medial
AGTTCGACAGGCGAAT-1,-0.493381,5.7718406,Oval/Medial
ATACCGAGTCCAATCA-1,4.3199244,9.59794,Oval/Medial
ATACCGATCTCGTGAA-1,2.317624,6.971026,Oval/Medial
ATACCTTAGAAGCGCT-1,8.385882,7.2181463,Oval/Medial
ATACCTTCAACCTAAC-1,-4.0936074,7.2925663,Marginal
ATACCTTGTTACTCAG-1,-1.40712,7.0806465,Marginal
ATACCTTTCGCGTTTC-1,2.7938397,11.928744,Oval/Medial
ATACCTTTCGTCCTCA-1,-0.05113853,4.8248534,Oval/Medial
ATACTTCAGCCATTGT-1,-2.2500749,2.0069468,Hbx
ATACTTCAGGGTTAAT-1,-2.1461933,1.180705,Hbx
ATACTTCCAATCGCAT-1,3.901918,3.8486605,Oval/Medial
ATACTTCTCGGAAGGT-1,2.2100277,7.750149,Oval/Medial
ATAGACCCAGCTACCG-1,1.6533976,6.61672,Oval/Medial
ATAGACCTCCTGCCAT-1,7.206776,1.3300494,Oval/Medial
ATAGAGAAGGACTAAT-1,3.0527036,4.660941,Oval/Medial
ATAGAGAGTGGATCAG-1,3.1199841,7.9362345,Oval/Medial
ATAGAGAGTTTACCAG-1,-2.4208696,6.205086,Marginal
ATAGAGATCTCTGCTG-1,0.78108543,1.8375767,Lateral
ATAGGCTCATTGCCTC-1,7.5071273,8.06976,Oval/Medial
ATAGGCTGTCCCACGA-1,5.5456963,2.9872348,Oval/Medial
ATAGGCTGTTTGAACC-1,-3.553092,7.21899,Marginal
ATAGGCTTCGGCTGTG-1,-0.49947506,6.202685,Oval/Medial
ATAGGCTTCTAGATCG-1,7.4825463,1.2504463,Oval/Medial
ATAGGCTTCTGTCAGA-1,0.15855211,3.4668756,Lateral
ATATCCTCAGCTGCCA-1,4.377998,4.6847634,Oval/Medial
ATCACAGAGGTTCCAT-1,-0.634319,4.7742558,Oval/Medial
ATCACAGCAGTCAGAG-1,4.493858,10.733281,Oval/Medial
ATCACAGGTGTATTCG-1,3.1928313,5.8665576,Oval/Medial
ATCACAGTCCACACCT-1,4.2498174,3.9227033,Oval/Medial
ATCACAGTCCGCACTT-1,2.5938458,2.643009,Lateral
ATCACGAGTTCTCCTG-1,5.7121983,6.133497,Oval/Medial
ATCACGATCTCCGTGT-1,3.8268642,4.2966566,Oval/Medial
ATCACTTCACGCTGCA-1,5.430942,8.087847,Oval/Medial
ATCACTTCAGGCGAAT-1,7.185812,7.269552,Oval/Medial
ATCACTTTCGCCACTT-1,3.9358153,3.9400382,Oval/Medial
ATCACTTTCTTTCCAA-1,5.003349,4.0546737,Oval/Medial
ATCAGGTAGGCAGGTT-1,2.3017855,6.004248,Oval/Medial
ATCAGGTCAACTAGAA-1,4.2470446,9.715396,Oval/Medial
ATCAGGTTCCGGTTCT-1,2.4602864,5.819824,Oval/Medial
ATCATTCAGATCGCCC-1,1.5883573,4.3464437,Lateral
ATCATTCAGCCACCGT-1,4.6795974,4.1700335,Oval/Medial
ATCATTCAGTACCCTA-1,3.1437871,4.635809,Oval/Medial
ATCATTCCATCAGCGC-1,4.2551246,6.4878287,Oval/Medial
ATCATTCCATGCACTA-1,3.6469586,6.5354996,Oval/Medial
ATCATTCTCCTTATCA-1,-0.88558054,1.7540442,Hbx
ATCATTCTCTGTAACG-1,3.6797178,4.0737505,Oval/Medial
ATCCACCAGCTGCCTG-1,2.28916,2.6747723,Lateral
ATCCACCAGTGGATAT-1,3.422601,9.816905,Oval/Medial
ATCCACCCACATAGCT-1,-1.4562031,5.906381,Oval/Medial
ATCCACCCAGGAACCA-1,3.9496815,9.35706,Oval/Medial
ATCCACCGTCCCTAAA-1-1,-0.03517177,7.7746916,Oval/Medial
ATCCACCTCATCTCTA-1,1.00145,3.9393854,Lateral
ATCCACCTCATGGGAG-1,-3.5875793,6.4379478,Marginal
ATCCACCTCTTGGATG-1,-1.8122448,1.5329254,Hbx
ATCCATTAGGCCTAGA-1,4.0222936,7.554605,Oval/Medial
ATCCATTAGGTCACTT-1,4.508455,3.3048587,Oval/Medial
ATCCATTCAAGTCATC-1,-3.030324,7.2236643,Marginal
ATCCCTGGTATTGACC-1,-3.1473856,7.6041093,Marginal
ATCCCTGGTTGAAGTA-1,2.3917239,1.7533368,Lateral
ATCCCTGTCATTGCTT-1,1.1484172,6.6019907,Oval/Medial
ATCCCTGTCCGCGGAT-1,5.976407,2.5521414,Oval/Medial
ATCCCTGTCTCAGAAC-1,-1.1773539,6.461074,Oval/Medial
ATCCGTCCAATTTCGG-1,1.6007432,6.6506796,Oval/Medial
ATCCGTCCACACCTTC-1,4.9207883,3.6978812,Oval/Medial
ATCCGTCCACACGCCA-1,-0.95788974,5.6967616,Oval/Medial
ATCCGTCCACAGTGTT-1,1.9063829,1.5627398,Lateral
ATCCGTCCATCACCAA-1,2.3276668,5.524087,Oval/Medial
ATCCGTCCATTCACCC-1,-4.3487353,7.2399235,Marginal
ATCCTATAGAGTTGAT-1,0.32101685,8.83882,Oval/Medial
ATCCTATCAGCGAGTA-1,3.239865,6.962667,Oval/Medial
ATCCTATGTATTTCCT-1,-1.8588011,6.9839897,Marginal
ATCCTATTCACATCAG-1,3.8081398,8.084106,Oval/Medial
ATCCTATTCGAAATCC-1,4.389137,5.8273816,Oval/Medial
ATCGATGAGTATGAGT-1,4.1690493,9.673836,Oval/Medial
ATCGATGAGTGATAAC-1,1.2434024,7.1614985,Oval/Medial
ATCGATGGTCTCCTGT-1,4.788132,4.2377405,Oval/Medial
ATCGATGGTTCTAACG-1,4.4658847,6.8312416,Oval/Medial
ATCGATGTCCCAGTGG-1,4.3007355,9.562695,Oval/Medial
ATCGCCTAGATAACGT-1,3.1647928,9.088953,Oval/Medial
ATCGCCTAGGATGCGT-1,4.3921223,4.283835,Oval/Medial
ATCGCCTAGGGAACAA-1,3.5610504,8.937686,Oval/Medial
ATCGCCTAGGTTCATC-1,0.002138346,7.471702,Oval/Medial
ATCGCCTCACTAGGCC-1,4.5311093,3.7423794,Oval/Medial
ATCGCCTGTTCTTCAT-1,3.5554237,4.151434,Oval/Medial
ATCGCCTTCTACACAG-1,1.3421142,9.575979,Oval/Medial
ATCGGATAGGGAGTGG-1,0.66263694,6.3106675,Oval/Medial
ATCGGATCAACTGATC-1,4.607285,4.919416,Oval/Medial
ATCGGCGCAACACAGG-1,-1.8209761,3.4152632,Hbx
ATCGGCGCACGTCGTG-1,-2.826788,8.36185,Marginal
ATCGGCGGTAGCTTGT-1,8.138249,6.610602,Oval/Medial
ATCGGCGGTCTACGAT-1,4.011627,9.355768,Oval/Medial
ATCGGCGGTGGCACTC-1,3.6695125,13.693051,Oval/Medial
ATCGGCGTCATCCTAT-1,-2.1710227,5.1755285,Marginal
ATCGGCGTCGGCCTTT-1,4.430706,8.698359,Oval/Medial
ATCGTAGAGCTGGCCT-1,7.8903623,7.411108,Oval/Medial
ATCGTCCAGTCTAGAA-1,1.3713378,2.9313273,Lateral
ATCGTCCCACAACGTT-1,2.8169806,7.172937,Oval/Medial
ATCGTCCCAGAGGAAA-1,7.5886283,5.9967475,Oval/Medial
ATCGTCCGTTAAGTCC-1,7.8960404,8.895398,Oval/Medial
ATCGTCCTCCAGTACA-1,6.3636265,2.5158505,Oval/Medial
ATCGTCCTCTACTGAG-1,3.9315817,4.148222,Oval/Medial
ATCGTGAGTACCAGAG-1,5.8580146,4.391964,Oval/Medial
ATCGTGATCAACACGT-1,5.87987,6.61163,Oval/Medial
ATCGTGATCAGCCTCT-1,4.2260385,9.761582,Oval/Medial
ATCTCTAAGCATACTC-1,4.593605,3.9502802,Oval/Medial
ATCTCTACAGGCACTC-1,3.971845,6.7796693,Oval/Medial
ATCTTCACATCTTTCA-1,5.982194,2.6189039,Oval/Medial
ATCTTCAGTCTTTATC-1,6.3566246,9.679851,Oval/Medial
ATCTTCATCGGAAGGT-1,5.0618587,7.726412,Oval/Medial
ATGAAAGTCACCTCTG-1,-4.093716,6.584995,Marginal
ATGAAAGTCATTATCC-1,-1.344587,6.3061547,Marginal
ATGAAAGTCTTGCGCT-1,5.0352087,8.440292,Oval/Medial
ATGACCAAGCAGCGAT-1,5.814598,10.779215,Oval/Medial
ATGACCAAGGCACTAG-1,-0.76742285,0.2966741,Hbx
ATGACCAGTTCTCCCA-1,4.0730577,4.594467,Oval/Medial
ATGACCATCAAGGTGG-1,4.286541,6.8171244,Oval/Medial
ATGAGGGCACCTGATA-1,4.1884413,5.7701216,Oval/Medial
ATGAGGGCATCCTCAC-1,4.7034864,4.926341,Oval/Medial
ATGAGTCGTCCGGACT-1,5.0424557,3.280769,Oval/Medial
ATGAGTCGTTGCTCAA-1,1.2746713,4.652196,Oval/Medial
ATGAGTCTCATCGACA-1,5.1486106,3.7177005,Oval/Medial
ATGAGTCTCTCATTGT-1,0.5049816,9.425533,Oval/Medial
ATGCATGCAAGAGGTC-1,7.8574266,6.5900273,Oval/Medial
ATGCATGCAGAATTCC-1,-1.7319589,3.3228118,Hbx
ATGCCTCAGATGCGAC-1,7.7026777,9.2810755,Oval/Medial
ATGCCTCAGCGTCGAA-1,5.2783012,7.2688904,Oval/Medial
ATGCCTCAGGGAGTGG-1,-1.3279295,1.3057027,Hbx
ATGCCTCCACCGTACG-1-1,5.860234,3.127982,Oval/Medial
ATGCCTCCACTATGTG-1,-1.6937108,-0.50648594,Hbx
ATGCCTCTCCGCCTAT-1,4.674276,10.043772,Oval/Medial
ATGCGATAGCCAAGCA-1,4.22632,6.1306944,Oval/Medial
ATGCGATCAATGGCAG-1,2.0321312,5.421288,Oval/Medial
ATGCGATCACCCGTAG-1,4.7247195,3.6223288,Oval/Medial
ATGCGATCATCGAAGG-1,4.134235,4.560017,Oval/Medial
ATGCGATCATGTCGTA-1,0.6861785,7.0221167,Oval/Medial
ATGCGATGTAGCCAGA-1,5.813677,6.3370123,Oval/Medial
ATGGAGGAGCAAGTCG-1,2.0747192,5.735051,Oval/Medial
ATGGATCAGCACTCTA-1,3.5330517,11.508198,Oval/Medial
ATGGATCAGGAACGAA-1,7.332271,3.4399562,Oval/Medial
ATGGATCCAATGGGTG-1,2.0197792,1.6751257,Lateral
ATGGATCGTACGTTCA-1,7.0805025,5.8699756,Oval/Medial
ATGGATCGTCGCAGTC-1,0.89828074,4.0150657,Lateral
ATGGATCGTGAATGTA-1,4.785366,4.470219,Oval/Medial
ATGGGAGGTACAGAAT-1-1,4.9056373,4.6873336,Oval/Medial
ATGGGAGTCGTTCTCG-1,0.8186645,8.107776,Oval/Medial
ATGGTTGGTTGCGGAA-1,0.2405417,3.3078244,Lateral
ATGTCCCAGCCAAGCA-1,3.848481,10.455095,Oval/Medial
ATGTCCCGTTACCCTC-1,5.07208,6.4418306,Oval/Medial
ATGTCCCTCAGCCTCT-1,4.9164214,5.957309,Oval/Medial
ATGTCTTGTTCTCCCA-1,-0.15493532,7.5293965,Oval/Medial
ATGTCTTTCATAGAGA-1,-2.1149259,1.2289569,Hbx
ATTACCTAGTCTTCGA-1,3.9909022,7.5448284,Oval/Medial
ATTACCTCACAGACGA-1,3.8304083,4.100605,Oval/Medial
ATTACCTCACATTGTG-1,-1.2760471,5.99444,Oval/Medial
ATTACCTTCAGCTCTC-1,4.9605637,3.0873644,Oval/Medial
ATTACTCAGCATGTTC-1,5.4187946,2.890244,Oval/Medial
ATTACTCTCATGCTAG-1,5.6775265,6.450094,Oval/Medial
ATTATCCAGTGTCATC-1,7.4073997,6.116611,Oval/Medial
ATTATCCCATTGCCTC-1,6.000239,6.4544673,Oval/Medial
ATTATCCGTAGTCGTT-1,6.655466,1.8335111,Oval/Medial
ATTATCCGTCGCCTAG-1,4.1744905,4.74135,Oval/Medial
ATTATCCGTTACGCCG-1,7.2911797,1.3591996,Oval/Medial
ATTCACTCAATTGCTG-1,4.646894,6.4259777,Oval/Medial
ATTCACTGTGCTTCAA-1,-3.5127897,8.302383,Marginal
ATTCACTGTTGATCGT-1,-0.5270878,7.1166186,Oval/Medial
ATTCACTTCTCAATCT-1,1.5445131,2.616182,Lateral
ATTCAGGGTTGCATGT-1,0.34804645,5.789884,Oval/Medial
ATTCAGGTCGGCTATA-1,-3.0552325,5.601142,Marginal
ATTCATCAGAACCGCA-1,6.8213344,3.2995875,Oval/Medial
ATTCATCAGCGAGTAC-1,-2.600111,6.738584,Marginal
ATTCATCGTCGGTACC-1,4.3547487,8.974007,Oval/Medial
ATTCATCTCGTAGCCG-1,4.264982,4.482778,Oval/Medial
ATTCATCTCTTCACAT-1,4.33849,10.037175,Oval/Medial
ATTCCATTCGTTCTAT-1,-3.3516443,7.760553,Marginal
ATTCCCGGTCCTCCAT-1,1.6071272,7.411897,Oval/Medial
ATTCCCGTCAAGGACG-1,4.4407225,9.783326,Oval/Medial
ATTCCCGTCCAAATGC-1,-0.6591851,6.412598,Oval/Medial
ATTCCTACAGCACGAA-1,6.0325966,2.8752923,Oval/Medial
ATTCCTACATAACTCG-1,-1.7030929,3.050077,Hbx
ATTCCTATCATTCTTG-1,3.997432,3.7607472,Oval/Medial
ATTCCTATCATTGTGG-1,3.2736998,10.306908,Oval/Medial
ATTCCTATCGTAGTCA-1,7.096449,2.0554762,Oval/Medial
ATTCCTATCTGCAGCG-1,7.63303,1.457118,Oval/Medial
ATTCGTTAGACAACTA-1,4.2895017,3.833793,Oval/Medial
ATTCGTTCAAACTCTG-1,2.9808972,8.768217,Oval/Medial
ATTCGTTCATGGATCT-1,3.2796683,9.560486,Oval/Medial
ATTCGTTGTAAGTCAA-1,5.3176794,3.846502,Oval/Medial
ATTCGTTTCAGTCACA-1,3.8927853,9.597939,Oval/Medial
ATTCGTTTCTCGGTCT-1,0.6781848,3.2060976,Lateral
ATTCGTTTCTGGGATT-1,4.731364,10.931823,Oval/Medial
ATTCTACCAGAACTCT-1,5.0448337,4.7076683,Oval/Medial
ATTCTTGCAGAAGTTA-1,3.2168636,4.296959,Oval/Medial
ATTCTTGGTATGCTAC-1,-2.2722998,3.4861853,Hbx
ATTCTTGTCAGTCTTT-1,0.046569407,7.3276944,Oval/Medial
ATTGGGTCAACTTGGT-1,2.3243012,1.8994366,Lateral
ATTGGGTCACACACTA-1,5.212555,6.6821938,Oval/Medial
ATTGGGTTCAACGCTA-1,7.660945,1.3723425,Oval/Medial
ATTGGGTTCGGCATTA-1,-3.1713498,8.369562,Marginal
ATTGTTCCAACCGTGC-1,6.925351,1.422228,Oval/Medial
ATTGTTCCAAGGGTCA-1,4.6276174,10.54561,Oval/Medial
ATTGTTCCAAGGTTGG-1,-2.9507315,6.114968,Marginal
ATTGTTCGTAAGGAGA-1,4.424512,6.534037,Oval/Medial
ATTGTTCGTGTGCCTG-1,4.2639055,4.0687046,Oval/Medial
ATTGTTCTCTCGCTCA-1,2.994697,4.4979095,Oval/Medial
ATTGTTCTCTTACGGA-1,-2.9671133,7.5848374,Marginal
ATTTACCCAGCGTGCT-1,4.5330663,3.734291,Oval/Medial
ATTTACCTCCGGTAAT-1,3.386143,6.4945097,Oval/Medial
ATTTCACAGATAGTGT-1,8.027474,7.172706,Oval/Medial
ATTTCACCAAACACGG-1,-0.34773898,3.9199998,Oval/Medial
ATTTCACGTTAAACCC-1,3.8222342,6.9564977,Oval/Medial
ATTTCTGGTATTCCTT-1,3.3879652,7.2088923,Oval/Medial
ATTTCTGTCACAACCA-1,6.6305137,7.9400535,Oval/Medial
CAAAGAAGTGGCTCTG-1,3.117747,2.7544968,Lateral
CAAAGAAGTTCTCAGA-1,3.0170925,5.121962,Oval/Medial
CAAAGAATCTCGCCTA-1,-0.35066533,5.2899804,Oval/Medial
CAACAACCAACGGCCT-1,4.2193775,4.773021,Oval/Medial
CAACAACCACACCGCA-1,3.732642,8.018033,Oval/Medial
CAACAACCATGCGTGC-1,4.9330225,8.327239,Oval/Medial
CAACAACCATTCTCTA-1,3.4160187,8.706236,Oval/Medial
CAACAACTCCAATCCC-1,2.8019993,9.582788,Oval/Medial
CAACAGTAGGGACCAT-1,-3.7006721,6.480829,Marginal
CAACAGTGTGAATGTA-1,3.515319,9.1006,Oval/Medial
CAACAGTGTTAAACCC-1,0.34611318,6.2466426,Oval/Medial
CAACAGTGTTACCTGA-1,4.618882,3.7812424,Oval/Medial
CAACAGTGTTCGCGTG-1,-1.5559459,5.4958425,Marginal
CAACCAACATGTGCTA-1,4.1951523,10.47201,Oval/Medial
CAACCAACATTGCTTT-1,-0.37266424,4.2233067,Oval/Medial
CAACCTCCACCAGACC-1,5.1572943,4.1167655,Oval/Medial
CAACCTCCATAGCACT-1,3.3881829,5.796676,Oval/Medial
CAACCTCTCACCTCGT-1,4.891344,6.6830935,Oval/Medial
CAACCTCTCTCCCATG-1,3.3248935,12.016659,Oval/Medial
CAACCTCTCTTTGCGC-1,-4.1816316,8.091264,Marginal
CAACGATAGTTCATCG-1,-3.3126228,7.5636883,Marginal
CAACGATGTAGCACGA-1,0.15030026,5.6266813,Oval/Medial
CAACGATGTTCTCGTC-1,2.2426198,5.899755,Oval/Medial
CAACGATTCAAACGTC-1,5.128977,3.4693232,Oval/Medial
CAACGGCAGCATATGA-1,6.1400223,6.897592,Oval/Medial
CAACGGCAGGGACAGG-1,4.9606347,4.02034,Oval/Medial
CAACGGCAGTGTTCAC-1,0.22897947,8.155944,Oval/Medial
CAACGGCAGTTCCAGT-1,2.0676887,1.4456382,Lateral
CAACGGCCACCACATA-1,4.092193,10.076183,Oval/Medial
CAACGGCGTGAGGATC-1,3.0029879,5.1127787,Oval/Medial
CAACGGCTCGGTCGGT-1,4.3108,7.219541,Oval/Medial
CAAGACTCAGCTCATA-1,4.6915507,3.9995365,Oval/Medial
CAAGACTTCAACTACG-1,0.043391738,2.8786728,Lateral
CAAGACTTCGAAGCCC-1,2.5606008,5.2224464,Oval/Medial
CAAGAGGCAACACAGG-1,1.373425,4.6583924,Lateral
CAAGAGGGTAGGCTGA-1,2.4288917,0.9534046,Lateral
CAAGAGGTCGGCTGGT-1,7.2769904,1.6994061,Oval/Medial
CAAGCTAAGACCAACG-1,3.6817894,5.836214,Oval/Medial
CAAGCTACAGAGCTAG-1,6.032339,5.2389517,Oval/Medial
CAAGCTACAGCAGTTT-1,6.2202134,2.1611972,Oval/Medial
CAAGCTATCTAAGCCA-1,5.2825704,10.480919,Oval/Medial
CAAGGGAGTATCATGC-1,4.1912704,8.023327,Oval/Medial
CAATACGAGCCGCACT-1,4.4118915,9.099955,Oval/Medial
CAATACGCATGACAGG-1,1.3247243,6.1083965,Oval/Medial
CAATACGTCAATGTCG-1,4.2834663,3.3199935,Oval/Medial
CAATCGACATCTAGAC-1,1.3126266,7.168061,Oval/Medial
CAATCGAGTCTAACTG-1,0.8732969,7.7655616,Oval/Medial
CAATCGATCCGTATGA-1,-0.04570407,8.405501,Oval/Medial
CAATGACGTTCTCTAT-1,3.051543,9.418932,Oval/Medial
CAATTTCAGCATGAAT-1,7.461215,1.5075662,Oval/Medial
CAATTTCCACCCTAAA-1,4.831146,4.3317375,Oval/Medial
CAATTTCCAGCTCTGG-1,6.296206,4.553625,Oval/Medial
CAATTTCGTGAGACGT-1,3.9512646,4.3232617,Oval/Medial
CAATTTCTCAGTCACA-1,4.4686112,3.5195005,Oval/Medial
CAATTTCTCTAGATCG-1-1,-1.7432647,1.1792973,Hbx
CACAACAAGACTCCGC-1,4.233458,4.938404,Oval/Medial
CACAACACAGGAACCA-1,-0.3076688,4.4055176,Oval/Medial
CACACAAAGTGCAGCA-1,-1.6134386,4.3394527,Hbx
CACACAACAACCCTCT-1,5.0391164,3.6209545,Oval/Medial
CACAGATCATCCTAAG-1,2.8873363,4.8585815,Oval/Medial
CACAGATGTACCCGCA-1,1.0072752,5.925746,Oval/Medial
CACAGATGTATGTCCA-1,3.635082,8.9195595,Oval/Medial
CACATGAAGCCAGTAG-1,5.0248446,3.2885516,Oval/Medial
CACATGACAATCTCGA-1,5.716387,8.711457,Oval/Medial
CACATGATCGGATTAC-1,4.1680584,10.156847,Oval/Medial
CACCAAACAGCTACCG-1,3.5327492,6.1953692,Oval/Medial
CACCAAAGTAATACCC-1,3.3842714,4.6870484,Oval/Medial
CACCAAAGTCTTTCAT-1,5.8188477,9.7886095,Oval/Medial
CACCAAAGTTCGTTCC-1,-1.8431413,2.7725668,Hbx
CACCAAATCTATCGCC-1,4.0843167,8.62877,Oval/Medial
CACGAATAGCTGTACT-1,-0.526038,4.0772777,Oval/Medial
CACGAATCAAAGACTA-1,6.343807,6.8857083,Oval/Medial
CACGAATCACCAGTAT-1,7.0792036,2.25548,Oval/Medial
CACGAATCATCAGCAT-1,3.2249835,8.36392,Oval/Medial
CACGAATGTCGTTGGC-1,0.6315005,8.036382,Oval/Medial
CACGAATGTTGAGAGC-1,6.3191257,8.648112,Oval/Medial
CACGGGTAGGTGTGAC-1,7.467392,1.2239239,Oval/Medial
CACGGGTCATATCTCT-1,3.7722914,8.896151,Oval/Medial
CACGTGGGTACAGAAT-1,5.3820124,10.447866,Oval/Medial
CACGTGGGTGTTACAC-1,7.8377633,6.4034734,Oval/Medial
CACGTGGGTTGACTAC-1,4.7551413,4.607851,Oval/Medial
CACGTTCTCACAATGC-1,6.048782,2.3597972,Oval/Medial
CACGTTCTCATTGGTG-1,-1.6215289,1.6018709,Hbx
CACTAAGAGAACGCGT-1,5.6525044,2.6616518,Oval/Medial
CACTAAGGTACGTTCA-1,3.0589752,7.258097,Oval/Medial
CACTAAGGTCGATGCC-1,-2.3484185,0.026115967,Hbx
CACTAAGTCCTACACC-1,4.715494,3.6898284,Oval/Medial
CACTGAAAGTCATGAA-1,-3.4637234,7.517823,Marginal
CACTGAACAGAGGGTT-1,6.3140926,8.458442,Oval/Medial
CACTGGGAGGATGAGA-1,1.5133483,7.0214686,Oval/Medial
CACTGGGGTCTTCTAT-1,6.1936135,9.668258,Oval/Medial
CACTGGGTCAGAACCT-1,2.7227492,10.745666,Oval/Medial
CACTGGGTCAGCGTCG-1,0.08001674,6.6923738,Oval/Medial
CACTGTCAGTGCAGCA-1,1.2712452,7.4447637,Oval/Medial
CACTGTCCAGCCTACG-1,4.6638513,10.57424,Oval/Medial
CACTGTCCAGTTCCAA-1,1.8348014,7.2006807,Oval/Medial
CACTGTCTCCACTGGG-1,-2.0046275,1.5664799,Hbx
CACTGTCTCCGTGTCT-1,6.484164,2.3466089,Oval/Medial
CACTTCGAGAGTGGCT-1,4.8441954,6.6461773,Oval/Medial
CACTTCGCAAGTCATC-1,3.83294,7.7015915,Oval/Medial
CACTTCGTCTTGGTGA-1-1,3.5191872,6.1499624,Oval/Medial
CAGAGCCAGGGTAGCT-1,-0.30468556,2.9597592,Lateral
CAGAGCCAGGTCCCGT-1,-1.3444713,7.467955,Oval/Medial
CAGAGCCCACATATCG-1,-2.0523381,-0.124501325,Hbx
CAGAGCCCACTCCTTG-1,0.036771014,6.319909,Oval/Medial
CAGAGCCGTCCTTTGC-1,3.776132,9.5329,Oval/Medial
CAGAGCCGTGCATGTT-1,1.9800304,6.921055,Oval/Medial
CAGAGCCGTTGTCAGT-1,5.226039,11.138251,Oval/Medial
CAGATACAGTAGGAAG-1,5.8506656,5.9972787,Oval/Medial
CAGATACGTCGTTGCG-1,4.0436463,6.0648623,Oval/Medial
CAGATCATCACTTGTT-1,-0.29877394,6.735488,Oval/Medial
CAGATTGCACTCCACT-1,2.7915509,9.323882,Oval/Medial
CAGATTGGTCGAACAG-1,2.7658837,10.973537,Oval/Medial
CAGATTGTCAGTCAGT-1,-1.3604628,1.9435897,Hbx
CAGCAATAGAGTATAC-1,2.734402,12.500284,Oval/Medial
CAGCAATCAAAGGCTG-1,3.5772305,7.3492823,Oval/Medial
CAGCAATGTTCCTAGA-1,5.185089,2.9604077,Oval/Medial
CAGCAATGTTGTGCAT-1,7.0978913,1.1939617,Oval/Medial
CAGCACGAGGGAGAAT-1,-3.387732,6.2480464,Marginal
CAGCACGCAGTAACGG-1,-1.0066439,5.2307916,Oval/Medial
CAGCACGGTGCATGTT-1,3.1983657,10.330988,Oval/Medial
CAGCACGTCCACTTCG-1,4.655224,3.2201424,Oval/Medial
CAGCAGCAGACAGCTG-1,4.6092515,8.314425,Oval/Medial
CAGCAGCTCTCAACGA-1,0.6909654,1.7779474,Lateral
CAGCCAGGTGTTAGCT-1,5.090014,2.870616,Oval/Medial
CAGCCAGGTTTAGTCG-1,7.964365,6.711566,Oval/Medial
CAGCGTGAGATACTGA-1,-4.20064,5.9570866,Marginal
CAGCGTGCAGAGTAAT-1,7.2465005,7.0752325,Oval/Medial
CAGCGTGTCAGTCCGG-1,7.312711,1.3722574,Oval/Medial
CAGCGTGTCTCGACCT-1,-1.4994191,2.825537,Hbx
CAGGCCAAGTATTGCC-1,4.613569,3.8102398,Oval/Medial
CAGGCCACATGGTACT-1,-0.83295566,6.8050094,Oval/Medial
CAGGCCAGTACCGTCG-1,3.7401752,9.1349125,Oval/Medial
CAGGCCATCATCCTGC-1,1.1266311,2.9408324,Lateral
CAGGCCATCCCAGGAC-1,5.7379365,5.0651865,Oval/Medial
CAGGGCTAGGAGTCTG-1,7.5674767,1.4444678,Oval/Medial
CAGGGCTAGTTGCGCC-1,4.2197156,6.9371834,Oval/Medial
CAGGGCTGTTCAAGGG-1,0.76784974,7.880066,Oval/Medial
CAGGGCTTCTCGCTCA-1,4.3623424,4.087256,Oval/Medial
CAGGGCTTCTGAGCAT-1-1,-0.27005467,5.1185565,Oval/Medial
CAGGTATAGAACCGCA-1,-2.5606654,7.334978,Marginal
CAGGTATCACCATAAC-1,0.29623824,9.354247,Oval/Medial
CAGTGCGCAGGCGAAT-1,-2.2261417,3.6510649,Hbx
CAGTTAGAGCGAAACC-1,4.6750183,4.6457305,Oval/Medial
CAGTTAGCATGGCACC-1,3.0474806,9.700218,Oval/Medial
CAGTTAGTCGCAGTCG-1,4.2669053,7.5798903,Oval/Medial
CAGTTCCAGCTACAAA-1,5.3097286,11.5936365,Oval/Medial
CAGTTCCAGCTTTCCC-1,5.0394697,3.1825635,Oval/Medial
CAGTTCCAGTTGCATC-1,3.2120838,9.3111315,Oval/Medial
CAGTTCCGTGCCTATA-1,5.149299,8.079275,Oval/Medial
CAGTTCCTCTCCACTG-1,2.16611,4.6606617,Oval/Medial
CATAAGCAGTTAACGA-1,5.198019,12.052146,Oval/Medial
CATAAGCTCCAAACCA-1,7.1715193,1.3990097,Oval/Medial
CATACAGCACGACTAT-1,3.4036047,6.1562943,Oval/Medial
CATACCCCATGAAAGT-1,0.051014878,6.3924036,Oval/Medial
CATACCCGTACGCGTC-1,6.071694,4.6311493,Oval/Medial
CATACCCGTCTGCAAT-1,2.2640376,2.735776,Lateral
CATACCCGTGTTGAGG-1,1.5994351,7.034066,Oval/Medial
CATACCCTCTATACTC-1,-0.07678683,6.9372687,Oval/Medial
CATACCCTCTATCGCC-1,5.1850486,4.2773423,Oval/Medial
CATACTTTCCACGTGG-1-1,-2.3229742,3.5348566,Hbx
CATAGACAGACCCGCT-1,3.5720718,9.638842,Oval/Medial
CATAGACCAAGCGATG-1,0.31073937,4.3761024,Oval/Medial
CATAGACCATCCGTTC-1,3.8615577,10.510467,Oval/Medial
CATAGACGTAGCGTCC-1,6.541418,8.352961,Oval/Medial
CATAGACGTGTCCACG-1,0.5419761,8.176214,Oval/Medial
CATCAAGCACAACATC-1,4.8613763,3.8002617,Oval/Medial
CATCCACTCTTAGCCC-1,-1.9384377,0.44180155,Hbx
CATCCCAAGAAGGATG-1,5.8135295,8.070774,Oval/Medial
CATCCCAAGGCATGCA-1,4.1491756,13.057548,Oval/Medial
CATCCCACAAGGGCAT-1,6.2165685,12.841346,Oval/Medial
CATCCCACATCGGCCA-1,0.21860957,2.648123,Lateral
CATCCCATCACTAGCA-1,-1.3066865,6.6016016,Oval/Medial
CATCCCATCCTCAGAA-1,0.83386207,7.0609107,Oval/Medial
CATCCGTAGTAAAGCT-1,4.2676854,4.4045706,Oval/Medial
CATCCGTGTGGCTGAA-1,-1.5383452,5.966669,Oval/Medial
CATCGCTAGCACTTTG-1,7.2524266,5.6625915,Oval/Medial
CATCGCTGTATGCTTG-1,-2.7521243,6.995387,Marginal
CATCGCTGTGCCGAAA-1,3.5792637,7.3135543,Oval/Medial
CATCGTCCATGAGAAT-1,5.040874,3.4639993,Oval/Medial
CATGAGTCAGCACAAG-1,4.4608245,10.735093,Oval/Medial
CATGAGTTCAAGTAAG-1,3.825502,9.480366,Oval/Medial
CATGCAAGTGCGGTAA-1,4.0719213,10.893148,Oval/Medial
CATGCAAGTGTTGCCG-1,7.6005745,6.115967,Oval/Medial
CATGCAATCCTTATGT-1,6.8627834,1.9536707,Oval/Medial
CATGCAATCTTGGTGA-1,4.727418,3.792325,Oval/Medial
CATGCCTAGGTGCTGA-1-1,5.9335256,10.338658,Oval/Medial
CATGCCTCAACACTAC-1,0.55917364,6.7609572,Oval/Medial
CATGCCTGTCCCTGTT-1,3.9543762,9.818315,Oval/Medial
CATGCCTTCCATAAGC-1,6.260824,2.2756011,Oval/Medial
CATGCGGAGCTTTCTT-1,5.452663,8.768321,Oval/Medial
CATGCGGAGGTCTACT-1,-0.51648194,7.9888406,Oval/Medial
CATGCGGCAAGACGAC-1,5.369983,4.804226,Oval/Medial
CATGCGGTCATTCTTG-1,-2.0494025,6.734166,Marginal
CATGCGGTCTGCATGA-1,4.3228183,6.531476,Oval/Medial
CATGCTCAGCAACAAT-1,3.924137,6.643341,Oval/Medial
CATGCTCTCTACTATC-1,3.2503004,9.498035,Oval/Medial
CATGGATGTTCGAGCC-1,2.8074706,9.872882,Oval/Medial
CATGGTAAGCGCCGTT-1,4.3057,12.233751,Oval/Medial
CATGGTACAACCTATG-1,-0.03839058,7.816127,Oval/Medial
CATTCATAGGCTCAAG-1,3.4697495,6.361742,Oval/Medial
CATTCATCAATAGTCC-1,-2.400006,6.124297,Marginal
CATTCATCATCAGTCA-1,1.0839694,2.8765326,Lateral
CATTCATCATGTGGTT-1,3.7053623,7.862694,Oval/Medial
CATTCATTCGTGGCGT-1,0.93693167,1.8052825,Lateral
CATTCATTCTAGCAAC-1,4.1873674,5.2963047,Oval/Medial
CATTCCGAGAGCAACC-1,2.2702727,5.8847,Oval/Medial
CATTCCGCAATCTGCA-1,2.746628,6.273371,Oval/Medial
CATTCCGCACCAACAT-1,4.690505,7.5088735,Oval/Medial
CATTCCGCATCGTGCG-1,-2.1980445,2.5065267,Hbx
CATTCCGTCTGTCAGA-1,6.490376,7.9252024,Oval/Medial
CATTCTAAGTTGCTCA-1,5.5705986,3.8704033,Oval/Medial
CATTCTACATCGGAGA-1,-0.17947918,7.3508296,Oval/Medial
CATTCTACATTCTCTA-1,0.33881912,7.586306,Oval/Medial
CATTCTAGTCGACGCT-1,2.3421257,9.735223,Oval/Medial
CATTCTATCTAGAACC-1,2.8573349,10.412807,Oval/Medial
CATTCTATCTTGCAAG-1,-1.0582961,6.5913463,Oval/Medial
CATTGAGAGAGATGCC-1,2.8366456,2.372164,Lateral
CATTGAGAGCGACTTT-1,4.1384,5.929327,Oval/Medial
CATTGAGCAACGGGTA-1,4.9107904,3.0288777,Oval/Medial
CATTGAGCACGCTTAA-1,-0.35291755,8.254082,Oval/Medial
CATTGAGGTCATCAGT-1,4.2097588,4.3639665,Oval/Medial
CATTGCCAGGCAGCTA-1,-2.3774629,7.3467345,Marginal
CATTGCCCACTGTTCC-1,2.6994197,11.808323,Oval/Medial
CATTGCCTCGACTCCT-1,5.5961776,13.0357685,Oval/Medial
CATTGTTAGATACGAT-1,7.1159825,1.5537118,Oval/Medial
CATTGTTAGTGCACTT-1,4.400828,5.2188234,Oval/Medial
CATTGTTCATAGCTGT-1,3.792158,6.579147,Oval/Medial
CATTGTTGTCGTGGAA-1,4.0334654,4.2520766,Oval/Medial
CATTGTTGTGCACAAG-1,3.5669293,9.166277,Oval/Medial
CATTGTTTCCATCTAT-1,-2.4122128,7.6316843,Marginal
CATTTCAAGTCAGCCC-1,4.0514426,10.021809,Oval/Medial
CATTTCACACAGTCGC-1,5.879854,5.319725,Oval/Medial
CCAAGCGAGGTAGCAC-1,-2.492313,2.5593102,Hbx
CCAAGCGTCTATGTGG-1,1.5953758,3.4273252,Lateral
CCAATGAAGGACGCAT-1,4.55105,3.8704097,Oval/Medial
CCAATGAGTTAAGACA-1,3.276803,11.224282,Oval/Medial
CCAATGATCCCGAGAC-1,8.239357,7.3976927,Oval/Medial
CCAATTTAGCGAGAAA-1,7.795859,6.4273915,Oval/Medial
CCAATTTCAGGGTTGA-1,4.0688252,3.2938676,Oval/Medial
CCAATTTGTAGACAGC-1,7.8784866,6.583866,Oval/Medial
CCAATTTTCAACGTGT-1,0.28555095,6.833292,Oval/Medial
CCAATTTTCTGCACCT-1,5.5232,10.936767,Oval/Medial
CCACAAAAGCCTCTGG-1,0.6119856,7.373621,Oval/Medial
CCACAAAAGTCTAGAA-1,-2.2675762,1.0336683,Hbx
CCACAAAAGTGCTACT-1,3.8728986,4.416407,Oval/Medial
CCACAAAAGTTGCCCG-1-1,1.8584322,6.392058,Oval/Medial
CCACAAACAGGGAATC-1,-3.5849106,6.664772,Marginal
CCACAAACATCTTAGG-1,2.8758354,11.244001,Oval/Medial
CCACAAAGTCGGCCTA-1,5.746768,2.8114512,Oval/Medial
CCACAAAGTCTTTATC-1,5.0874043,6.327582,Oval/Medial
CCACAAAGTTGCGAAG-1,3.3289747,11.078695,Oval/Medial
CCACACTAGCGACTTT-1,5.2446446,10.571237,Oval/Medial
CCACCATAGACATGCG-1,-2.9324036,7.1775484,Marginal
CCACCATCAATCAGCT-1,5.2449913,7.8429165,Oval/Medial
CCACCATGTTAGTCGT-1,-3.5004144,5.8810034,Marginal
CCACCATTCGTGTGGC-1,3.3158398,10.600981,Oval/Medial
CCACGAGAGTGGACTG-1,0.13693725,6.83442,Oval/Medial
CCACGAGCACTCCACT-1,4.1672273,10.826284,Oval/Medial
CCACGAGTCGTGCATA-1,4.2793956,5.411555,Oval/Medial
CCACTTGCACACCAGC-1,-0.019815816,6.6889944,Oval/Medial
CCACTTGTCAGCTGAT-1-1,1.2588458,7.860842,Oval/Medial
CCACTTGTCCCTTGGT-1,0.013421656,3.8894105,Oval/Medial
CCACTTGTCGAGCACC-1,3.2214007,6.154235,Oval/Medial
CCACTTGTCTGTAACG-1,4.2088723,10.359766,Oval/Medial
CCACTTGTCTTCTCAA-1,3.7361462,7.127365,Oval/Medial
CCATAAGCAAATTGGA-1-1,3.5777278,12.847422,Oval/Medial
CCATAAGCAGCTGTCG-1,-0.85425276,1.2559373,Hbx
CCATAAGGTAGCGAGT-1,2.1903691,2.6217504,Lateral
CCATAAGGTCACATTG-1,-0.8754393,0.26326886,Hbx
CCATAAGTCGATACGT-1,7.436741,3.5513039,Oval/Medial
CCATCACAGAGCAGAA-1,2.6960666,9.987852,Oval/Medial
CCATCACGTGTCCGGT-1,3.5550084,10.517226,Oval/Medial
CCATCACTCCTCTCTT-1,5.801121,11.198324,Oval/Medial
CCCAACTCAGTTCACA-1,4.553348,6.74011,Oval/Medial
CCCAACTCATACTTTC-1,5.5094604,11.28516,Oval/Medial
CCCAACTGTCAACCAT-1,5.230126,3.5929253,Oval/Medial
CCCAACTGTTCTTGTT-1,2.5076082,1.4342269,Lateral
CCCAACTTCATTGAGC-1,-0.46855038,5.9778767,Oval/Medial
CCCAACTTCCGTATAG-1,3.5403802,10.195995,Oval/Medial
CCCAACTTCTCGACCT-1,4.7678576,7.258798,Oval/Medial
CCCATTGAGGTCTTTG-1,-0.095693454,5.409475,Oval/Medial
CCCATTGGTTTCACTT-1,4.195783,12.8914175,Oval/Medial
CCCGAAGCACAACATC-1,3.8020365,3.9272869,Oval/Medial
CCCGAAGCACGTATAC-1,5.9859786,6.851072,Oval/Medial
CCCGAAGTCGAGTACT-1,3.5794568,4.386232,Oval/Medial
CCCGGAAAGAGAGTGA-1,5.8746743,8.311895,Oval/Medial
CCCGGAACACTGGCGT-1,3.8581266,8.24081,Oval/Medial
CCCGGAACAGGGATAC-1,3.1703393,11.395145,Oval/Medial
CCCGGAAGTCACGCTG-1,2.9751725,9.802665,Oval/Medial
CCCTAACAGATGAATC-1,4.6550136,3.4525218,Oval/Medial
CCCTAACAGCCAAGTG-1,4.0527205,4.53165,Oval/Medial
CCCTAACCACGTGTGC-1,0.63437736,8.361139,Oval/Medial
CCCTCAACAAGAGTTA-1,-3.2973597,6.8994684,Marginal
CCCTCAACAATGTTGC-1-1,2.052085,3.13306,Lateral
CCCTCAACAGCATTGT-1-1,4.122213,9.3240795,Oval/Medial
CCCTCAATCAATCCAG-1,5.2493877,2.6763008,Oval/Medial
CCCTCAATCACTGGGC-1,3.0580053,11.464837,Oval/Medial
CCCTCTCAGACCAGCA-1,7.5955577,6.811405,Oval/Medial
CCCTCTCAGCCTCCAG-1,4.053707,7.023561,Oval/Medial
CCCTCTCAGTAACGAT-1,-1.4471341,0.8370291,Hbx
CCCTCTCGTGCGACAA-1,4.7590775,3.6790338,Oval/Medial
CCCTGATAGAAACACT-1,5.422316,6.60453,Oval/Medial
CCCTGATAGAGGTCAC-1,2.5305364,6.6685605,Oval/Medial
CCCTGATGTGTCCGTG-1,4.936454,4.2053814,Oval/Medial
CCCTGATTCATGGCCG-1,4.0305624,4.112885,Oval/Medial
CCCTTAGAGATTAGTG-1,6.3589597,6.1666207,Oval/Medial
CCCTTAGAGGATTTAG-1,3.9924529,13.371697,Oval/Medial
CCCTTAGTCGCGTGAC-1,-1.5193057,5.869009,Oval/Medial
CCCTTAGTCGTAGGGA-1,-1.3625234,5.323923,Oval/Medial
CCGAACGCATCTGTTT-1,2.8446586,5.193381,Oval/Medial
CCGAACGGTATTCCTT-1,5.379526,8.356285,Oval/Medial
CCGATCTCAACTCATG-1,6.548432,12.4848795,Oval/Medial
CCGATCTCAGAGGACT-1,3.3221698,9.176731,Oval/Medial
CCGATCTCATTCACAG-1,-1.8759125,3.374269,Hbx
CCGATCTGTCCTGTCT-1,-0.43955708,6.8753047,Oval/Medial
CCGATCTGTCGCCACA-1,1.061696,2.624181,Lateral
CCGATGGAGATAACAC-1,5.3688884,6.9198694,Oval/Medial
CCGATGGGTGCCTTTC-1,1.9440691,1.5093397,Lateral
CCGATGGTCCTCATAT-1,1.5736678,3.1923618,Lateral
CCGCAAGAGGTCATTC-1,0.04787078,5.8206854,Oval/Medial
CCGCAAGCAAGTCGTT-1,-1.6211103,8.183697,Oval/Medial
CCGCAAGGTTAATCGC-1,2.0322278,6.938111,Oval/Medial
CCGCAAGGTTAGGAGC-1,4.8762,4.360665,Oval/Medial
CCGGACAGTAGTGATA-1,1.1859913,6.109894,Oval/Medial
CCGGACAGTTTACCAG-1,-2.4595704,6.765318,Marginal
CCGGACATCACCCATC-1,4.0628757,7.179498,Oval/Medial
CCGGACATCCCTCTTT-1,5.206681,7.943335,Oval/Medial
CCGGACATCCTACAAG-1,3.8091195,7.633258,Oval/Medial
CCGGACATCTCCTGCA-1,5.691608,4.7168674,Oval/Medial
CCGGGTACAACAGAGC-1,4.7301083,2.9263186,Oval/Medial
CCGGGTACACTCCGAG-1,4.1617393,9.555507,Oval/Medial
CCGGGTAGTTAAAGTG-1,2.2117653,6.094734,Oval/Medial
CCGGTAGTCATACGAC-1,3.1156318,4.259429,Oval/Medial
CCGGTGAAGAGCAGCT-1,7.3849597,1.5985098,Oval/Medial
CCGGTGAAGCACGTCC-1,6.503431,7.547088,Oval/Medial
CCGGTGAGTTTCGTAG-1,-2.3674264,3.282266,Hbx
CCGGTGATCACCTCTG-1,-0.94575363,0.5313638,Hbx
CCGTAGGAGAGAGCCT-1,5.1297984,3.4899275,Oval/Medial
CCGTAGGAGCAGTCTT-1,-2.9019387,7.390551,Marginal
CCGTAGGCAGGAGACT-1,4.223302,9.045483,Oval/Medial
CCGTGAGCACTGCACG-1,-0.91690564,7.713684,Oval/Medial
CCGTGAGTCCATCTGC-1,4.037193,10.014841,Oval/Medial
CCGTGAGTCCTTCTAA-1,-2.746206,7.4206095,Marginal
CCGTTCAAGATGACAT-1,5.271973,7.230624,Oval/Medial
CCGTTCAAGGTAAACT-1,-4.78323,7.5787964,Marginal
CCGTTCACATAGGTAA-1,3.3461635,6.2480817,Oval/Medial
CCGTTCAGTAGATCCT-1,1.3543444,3.2392933,Lateral
CCGTTCATCATTTGGG-1-1,4.1823072,6.7072864,Oval/Medial
CCTAACCAGTCAACAA-1,7.145955,7.002105,Oval/Medial
CCTAACCGTACGACAG-1,2.997589,10.31425,Oval/Medial
CCTAACCTCATAGGCT-1,0.1419359,7.9799776,Oval/Medial
CCTAAGAAGGACTGGT-1,4.165795,5.200957,Oval/Medial
CCTAAGAGTGGTGATG-1-1,5.8713183,3.2698474,Oval/Medial
CCTACGTAGAATCTAG-1,5.910206,2.4710443,Oval/Medial
CCTATCGAGCTGCCAC-1,3.1752226,10.743701,Oval/Medial
CCTATCGAGTCGTCTA-1,5.0343323,4.197772,Oval/Medial
CCTATCGCAGGGAATC-1,7.6053715,1.1786329,Oval/Medial
CCTCAACAGATAACAC-1,7.144808,7.14506,Oval/Medial
CCTCAACCAAAGGATT-1,5.2595005,3.4848845,Oval/Medial
CCTCAACCACTCCGAG-1,0.48310673,3.0738757,Lateral
CCTCAACCAGTTTGGT-1,3.6756678,11.202956,Oval/Medial
CCTCAACCATCCGAAT-1,5.147809,4.4635673,Oval/Medial
CCTCAACGTCGATTAC-1,4.139865,10.841953,Oval/Medial
CCTCAACTCTCTTAAC-1,0.6425894,7.3754497,Oval/Medial
CCTCACAAGCAGTCTT-1,-2.7772965,7.3593874,Marginal
CCTCACAAGCGTGTCC-1,4.1378922,10.3642645,Oval/Medial
CCTCACAGTACCTATG-1,0.73032624,2.268289,Lateral
CCTCACAGTGCCCAGT-1,4.8578186,6.448756,Oval/Medial
CCTCACAGTTGCCAAT-1,6.115029,7.7048216,Oval/Medial
CCTCAGTAGATGGCAC-1,3.0902255,9.802687,Oval/Medial
CCTCAGTCAGCTGAGA-1,5.2844877,3.167994,Oval/Medial
CCTCATGAGGCTATCT-1,4.182439,7.2284536,Oval/Medial
CCTCATGCAGAGGACT-1,-2.4514267,6.6220694,Marginal
CCTCATGTCACTTGTT-1,-4.5508976,8.013629,Marginal
CCTCATGTCTTCTGTA-1,-2.081148,6.8927135,Marginal
CCTCCAAAGCTCATAC-1,0.8391642,3.630189,Lateral
CCTCCAAGTATTTCCT-1,4.5139136,13.825889,Oval/Medial
CCTCCAAGTCCATACA-1,3.6204796,9.089193,Oval/Medial
CCTCCAATCACCACAA-1,5.0571337,4.546924,Oval/Medial
CCTCCAATCTGCATGA-1,5.4747634,5.8566775,Oval/Medial
CCTCCTCCACAGTGTT-1,3.3071842,8.686292,Oval/Medial
CCTCCTCCAGAGATTA-1-1,0.6461623,5.870219,Oval/Medial
CCTCCTCCAGGCCTGT-1,1.6970391,7.2487826,Oval/Medial
CCTCTAGAGCACTAAA-1,5.5557795,4.3102775,Oval/Medial
CCTCTAGTCTGGCTGG-1,3.393802,9.51535,Oval/Medial
CCTCTCCAGGATCATA-1,-2.2785594,2.1440153,Hbx
CCTGCATAGGGTTGCA-1,2.9885669,9.260215,Oval/Medial
CCTGCATCATAATCGC-1,3.408533,5.9682636,Oval/Medial
CCTGCATGTAGCACGA-1,3.9394414,6.477964,Oval/Medial
CCTGCATTCCGGCTTT-1,2.411071,6.2624345,Oval/Medial
CCTGTTGCAGTTGTTG-1,5.0236073,10.604802,Oval/Medial
CCTTCAGTCCTGGGAC-1,6.612676,5.941066,Oval/Medial
CCTTCAGTCGTTGCCT-1,-0.08979943,5.5950894,Oval/Medial
CCTTGTGAGACCAAAT-1,3.905619,8.467398,Oval/Medial
CCTTGTGAGGTTGCCC-1,0.66351044,2.6825883,Lateral
CCTTGTGGTAGGTTTC-1,1.4929941,6.358222,Oval/Medial
CCTTGTGTCGTGGGAA-1,-4.03657,7.6347656,Marginal
CCTTTGGCAAGCTGCC-1,3.606691,11.154912,Oval/Medial
CCTTTGGGTCGCACAC-1,2.851424,5.738399,Oval/Medial
CGAAGGAAGCTGCCTG-1,2.2890873,8.974575,Oval/Medial
CGAAGTTGTCGAGCAA-1,-2.4875934,1.8622651,Hbx
CGAAGTTGTTGTTGAC-1,4.405008,3.7131643,Oval/Medial
CGAAGTTTCTGTAAGC-1,3.6383336,10.266011,Oval/Medial
CGAATTGCACAACATC-1,-0.26160264,7.026756,Oval/Medial
CGAATTGCATACAGCT-1,3.3986106,6.9505324,Oval/Medial
CGAATTGTCATGGTAC-1,1.0388671,9.406969,Oval/Medial
CGACAGCCAGACACCC-1,6.3789864,4.276282,Oval/Medial
CGACAGCTCCTAAGTG-1,4.032916,7.5896354,Oval/Medial
CGACAGCTCGCTAGCG-1-1,-1.7293829,3.6191254,Hbx
CGAGAAGCAAACTGCT-1,6.4633045,1.5615152,Oval/Medial
CGAGAAGCAGGACATG-1,-0.8887442,5.461184,Oval/Medial
CGAGAAGTCGTAGGGA-1,7.71117,7.0450773,Oval/Medial
CGAGAAGTCTTCACGC-1,-2.1342947,6.301018,Marginal
CGAGGCTAGGAACGCT-1,1.1581616,2.962946,Lateral
CGAGGCTGTATTAAGG-1,4.077537,6.8894105,Oval/Medial
CGAGGCTGTTGGGACA-1,1.027841,7.102018,Oval/Medial
CGAGTGCCAGGTGAGT-1,-2.654652,2.4260633,Hbx
CGAGTGCCAGTCAGCC-1,-0.75623596,7.734574,Oval/Medial
CGAGTGCGTAAGACCG-1,5.69863,6.8407297,Oval/Medial
CGAGTGCGTCTAGATC-1,-1.6157727,3.589812,Hbx
CGAGTGCTCGGCTATA-1,3.2419305,6.407274,Oval/Medial
CGAGTTAAGCGTTACT-1-1,5.08227,4.0597615,Oval/Medial
CGAGTTAAGGTAGGCT-1,4.8888974,5.0000854,Oval/Medial
CGAGTTAAGTCAAGCG-1,4.945588,3.5877535,Oval/Medial
CGAGTTAGTTCTCTAT-1,2.8175948,6.621992,Oval/Medial
CGAGTTATCCCGAGTG-1,5.560062,4.060825,Oval/Medial
CGATCGGTCACCGGGT-1,4.6370697,3.4858792,Oval/Medial
CGATGCGTCCTCTTTC-1,1.2280992,7.786045,Oval/Medial
CGATGCGTCTCGAGTA-1,-2.3431208,2.8811314,Hbx
CGATGCGTCTGAGGCC-1,-4.0108337,7.1976604,Marginal
CGATGGCAGCCTGTCG-1,-1.5251306,3.0299652,Hbx
CGATGGCAGGTAGCAC-1,-3.7329133,6.14323,Marginal
CGATGGCCAACTCGTA-1,4.231738,4.1836505,Oval/Medial
CGATGGCCACTCACTC-1,2.9586332,11.851773,Oval/Medial
CGATGGCTCCCGAGGT-1,0.19435813,9.049965,Oval/Medial
CGCAGGTCACAAGCAG-1,-1.6067761,3.2430096,Hbx
CGCAGGTCAGAGGTAC-1,4.6034064,2.9805489,Oval/Medial
CGCAGGTGTTGGTGTT-1,3.6885393,6.0519657,Oval/Medial
CGCAGGTTCAAGCTTG-1,5.679339,6.8187156,Oval/Medial
CGCATAACAGGAAGTC-1,2.1693454,7.0163007,Oval/Medial
CGCATAAGTTGGAGAC-1,4.611819,12.596429,Oval/Medial
CGCATAATCGCTACAA-1,3.4262793,9.213945,Oval/Medial
CGCATGGAGCATGAAT-1,5.3576856,8.360333,Oval/Medial
CGCATGGCAAGGTCGA-1,7.767585,8.995323,Oval/Medial
CGCCAGAAGTGTTGTC-1,1.2866088,7.7927938,Oval/Medial
CGCCAGAGTGCATTAC-1,7.3088593,3.420004,Oval/Medial
CGCCAGAGTGCCAAGA-1,7.5073576,1.002334,Oval/Medial
CGCCATTTCCTATTTG-1,4.0791407,8.835303,Oval/Medial
CGCCATTTCCTGTTAT-1,4.5383945,6.046478,Oval/Medial
CGCCATTTCGTGCACG-1,7.5217276,1.3310211,Oval/Medial
CGCGTGAAGACATCAA-1,5.37774,3.0953977,Oval/Medial
CGCGTGAGTACGACTT-1,2.5640247,6.1068497,Oval/Medial
CGCGTGAGTCTGCAAT-1-1,4.4804688,3.445418,Oval/Medial
CGCGTGATCCGTGTAA-1,4.833031,10.251738,Oval/Medial
CGCGTGATCGTCACCT-1,3.9396617,7.9191146,Oval/Medial
CGGAACCGTTGCATGT-1,-1.611694,3.1942315,Hbx
CGGAACCGTTTCGACA-1,-0.11858058,4.125142,Oval/Medial
CGGAATTAGCCATCCG-1,7.5256033,0.9337211,Oval/Medial
CGGAATTGTACAGAAT-1,6.4101057,5.3663945,Oval/Medial
CGGAATTGTCGTTCAA-1,0.5535447,6.616596,Oval/Medial
CGGACACCAAGCACAG-1,4.125072,11.206246,Oval/Medial
CGGAGAAAGGTCCAGA-1,5.11176,11.601593,Oval/Medial
CGGAGAACATACCACA-1,4.7815557,11.180058,Oval/Medial
CGGAGAAGTCTTGAGT-1,1.6452396,3.353623,Lateral
CGGAGAATCAATCCAG-1,4.4764724,3.6564212,Oval/Medial
CGGAGAATCGCAATTG-1,3.3451157,4.447903,Oval/Medial
CGGAGAATCTAAGCGT-1,-2.154418,2.0694704,Hbx
CGGCAGTAGATTCGAA-1,3.0154457,4.7485666,Oval/Medial
CGGCAGTCATCGTGGC-1,-4.329971,7.186183,Marginal
CGGCAGTGTGATACTC-1,3.925605,6.420383,Oval/Medial
CGGCAGTGTGGCAGAT-1,5.2343946,4.7961683,Oval/Medial
CGGGACTCAGTTAAAG-1,0.037625145,4.7248693,Oval/Medial
CGGGACTTCTTTGCAT-1,3.7466035,13.591465,Oval/Medial
CGGGTCATCGTGGCTG-1,-2.2138793,0.54734445,Hbx
CGGGTGTAGTGCGCTC-1,3.8455784,4.4513507,Oval/Medial
CGGGTGTCAATGCAAA-1,5.0426126,6.8236084,Oval/Medial
CGGTCAGAGAACTTCC-1,4.4039106,4.558222,Oval/Medial
CGGTCAGAGCCATCCG-1,3.2120998,10.047894,Oval/Medial
CGGTCAGCATTAAAGG-1,-2.565648,7.7399325,Marginal
CGGTCAGGTGACAACG-1,4.556285,4.8062644,Oval/Medial
CGTAAGTCATCCTATT-1,5.4987826,8.68853,Oval/Medial
CGTAGTAAGGAACATT-1,1.8099679,2.9352176,Lateral
CGTAGTAGTCCGTACG-1,7.4001007,2.2482574,Oval/Medial
CGTCAAAGTATCGAGG-1,3.5083623,11.945057,Oval/Medial
CGTCAAAGTGTTACTG-1,-0.050562486,3.8095767,Oval/Medial
CGTCAAATCCAGCAAT-1,7.317852,1.2761667,Oval/Medial
CGTCCATCAACCCTCT-1,3.226847,4.9034104,Oval/Medial
CGTGAATAGGGATCAC-1,1.800657,7.063765,Oval/Medial
CGTGAATCATGTCTAG-1,4.8558517,3.607271,Oval/Medial
CGTGATAAGATTTGCC-1,3.4036398,2.1953852,Lateral
CGTGATACAGCGAGTA-1,7.576525,5.9091787,Oval/Medial
CGTGATAGTGCAGGAT-1,3.007483,4.5130424,Oval/Medial
CGTGATAGTTTCGTAG-1,3.5093374,11.654817,Oval/Medial
CGTGCTTCAGATGCGA-1,3.915682,10.106969,Oval/Medial
CGTGTCTAGGCTCCCA-1,6.503561,8.996439,Oval/Medial
CGTGTCTGTGTCACAT-1,8.0622835,6.608825,Oval/Medial
CGTTAGAGTGCATCTA-1,-0.5451726,6.536347,Oval/Medial
CGTTAGATCGGCTCTT-1,-2.8304505,7.4855485,Marginal
CGTTCTGCATGACTCA-1,-1.4252012,1.2825757,Hbx
CGTTCTGGTTCATCGA-1,6.1881557,6.9114547,Oval/Medial
CGTTCTGTCAGTGCGC-1,4.7200155,3.5058553,Oval/Medial
CGTTCTGTCGACGAGA-1,4.160745,9.882567,Oval/Medial
CGTTGGGAGGAGATAG-1,6.4746437,8.90188,Oval/Medial
CGTTGGGCATGTTTGG-1,7.4407563,1.5646788,Oval/Medial
CGTTGGGGTGCAGTGA-1,3.7066224,9.340535,Oval/Medial
CGTTGGGTCCTTATCA-1,2.316105,6.0392127,Oval/Medial
CTAACTTAGCAATTCC-1,4.6507,7.812628,Oval/Medial
CTAACTTGTACCCGCA-1,-1.4504467,7.163552,Oval/Medial
CTAAGTGAGCCAAGCA-1,6.248487,12.916708,Oval/Medial
CTAAGTGCAGACACAG-1,4.7355833,4.091332,Oval/Medial
CTAAGTGTCTTCCCAG-1,7.5986557,8.302268,Oval/Medial
CTACAGAAGCTGGCCT-1,-1.9739844,7.4346657,Marginal
CTACAGATCTCGTCAC-1,6.4223433,8.405107,Oval/Medial
CTACATTCACCCAATA-1,-0.025985131,6.0275416,Oval/Medial
CTACATTCACTTCAGA-1,5.1124763,7.5019546,Oval/Medial
CTACATTGTGGCATCC-1,4.648574,7.8395777,Oval/Medial
CTACATTTCCAGCAAT-1,5.4210734,3.345479,Oval/Medial
CTACCCACACGATAGG-1,4.247306,7.6499496,Oval/Medial
CTACCCAGTTATCTTC-1,1.5324334,2.6114,Lateral
CTACCTGAGATTGATG-1,-0.3344446,4.065137,Oval/Medial
CTACCTGGTTCTAACG-1,4.154833,9.7092705,Oval/Medial
CTACCTGGTTGGGTAG-1,-0.6029104,4.4106183,Oval/Medial
CTACCTGTCACACGAT-1,4.923429,7.118696,Oval/Medial
CTACCTGTCATTCGTT-1-1,4.532144,3.8686595,Oval/Medial
CTACGGGGTTGGGTAG-1-1,3.9959824,12.769547,Oval/Medial
CTACGGGTCGCATGAT-1,3.772871,3.7637072,Oval/Medial
CTACGGGTCTCTGAGA-1,5.317989,7.1669483,Oval/Medial
CTACGGGTCTCTTAAC-1,0.28111023,4.6130576,Oval/Medial
CTACGGGTCTGGTTGA-1,4.036313,4.685684,Oval/Medial
CTACTATAGCTCAGAG-1,1.0978051,6.092055,Oval/Medial
CTACTATAGTCCCTAA-1,4.6124754,4.678592,Oval/Medial
CTACTATCAGTCGGTC-1,-0.98248696,7.456145,Oval/Medial
CTACTATGTCATCAGT-1,5.270171,6.8018117,Oval/Medial
CTACTATGTTAGGGAC-1,2.8280108,9.769186,Oval/Medial
CTAGACAGTCAATGGG-1,-3.4176795,7.621517,Marginal
CTAGACAGTTGTGGCC-1,6.466158,7.8510575,Oval/Medial
CTAGACATCCGCGATG-1,4.5828905,10.026974,Oval/Medial
CTATCTAAGCGGTAGT-1,6.4694242,4.933492,Oval/Medial
CTATCTACAGGCATTT-1,5.2920556,7.9084916,Oval/Medial
CTCAACCAGAGCTGCA-1,3.1779687,4.637185,Oval/Medial
CTCAACCAGCAGTCTT-1,6.146564,2.4674354,Oval/Medial
CTCAACCCAAAGACGC-1,-3.070493,7.2914047,Marginal
CTCAACCCAATCGCGC-1,4.517952,7.7787566,Oval/Medial
CTCAACCCACTGTCCT-1,5.1165557,3.8011253,Oval/Medial
CTCAACCCATCCGAAT-1,4.7179713,3.9801385,Oval/Medial
CTCAACCTCATAGAGA-1,3.3291414,6.891649,Oval/Medial
CTCAACCTCCTCTAAT-1,5.0587378,4.179459,Oval/Medial
CTCAACCTCTAGCAAC-1,5.381222,4.9107194,Oval/Medial
CTCAAGACATCCAATG-1,1.5520025,2.5288808,Lateral
CTCAAGAGTACAAACA-1,4.4850173,4.6996045,Oval/Medial
CTCAATTAGGTGATAT-1,8.048234,6.764985,Oval/Medial
CTCAATTCACTGTCGG-1,4.864325,3.68867,Oval/Medial
CTCAGAAAGCCGATTT-1,4.4316444,8.460732,Oval/Medial
CTCAGAATCCCGAACG-1-1,2.6076224,5.3300633,Oval/Medial
CTCAGGGAGAGAGTGA-1,-0.23260437,4.6289887,Oval/Medial
CTCAGGGCACTCTAGA-1,1.7064795,1.2726822,Lateral
CTCAGTCAGTATGTAG-1,4.4938254,5.9520383,Oval/Medial
CTCAGTCGTACCACGC-1,4.349459,4.035639,Oval/Medial
CTCAGTCGTCAAATCC-1,5.429967,4.2059236,Oval/Medial
CTCATCGAGATACTGA-1,3.8860605,11.439504,Oval/Medial
CTCATCGAGGGCAGAG-1,5.728782,6.488723,Oval/Medial
CTCATCGAGTAACGAT-1,6.4990335,6.995838,Oval/Medial
CTCATCGTCGGAATTC-1,3.0554779,11.250582,Oval/Medial
CTCATGCGTCATAGTC-1,2.671897,9.938294,Oval/Medial
CTCATGCGTGGTACAG-1,-2.3106737,1.8514596,Hbx
CTCATGCTCCACGTCT-1,6.950514,9.124458,Oval/Medial
CTCATTAGTGCAATAA-1,3.6584866,4.521554,Oval/Medial
CTCATTATCTCGTCAC-1,7.4660645,0.9478884,Oval/Medial
CTCCAACCAATTTCGG-1,5.846933,6.979766,Oval/Medial
CTCCAACGTTGAAGTA-1,-2.361762,1.7720406,Hbx
CTCCAACTCCGTAGTA-1-1,3.8817585,4.2432075,Oval/Medial
CTCCAACTCGTCCTCA-1,2.868527,5.8503437,Oval/Medial
CTCCACAGTCACTGAT-1,4.8438644,7.966791,Oval/Medial
CTCCACAGTTTCCCAC-1,-0.90280855,7.598603,Oval/Medial
CTCCATGAGTATCTGC-1,4.116329,6.4265823,Oval/Medial
CTCCATGCAACAGCCC-1,3.291481,4.9149,Oval/Medial
CTCCATGCATACCGTA-1,5.1826797,3.6503987,Oval/Medial
CTCCCAAAGTAAAGCT-1,3.2224193,8.796911,Oval/Medial
CTCCCAAGTCTGTTAG-1,2.81277,2.2609565,Lateral
CTCCCAATCGTTCTAT-1,4.420527,10.364174,Oval/Medial
CTCCCAATCTCCGATC-1,3.7571783,7.3465257,Oval/Medial
CTCCCTCCAGCACAAG-1,3.7199125,7.6353407,Oval/Medial
CTCCCTCGTAGCTGCC-1,5.3627872,6.844997,Oval/Medial
CTCCCTCGTCAGGCAA-1,4.872544,4.8629575,Oval/Medial
CTCCCTCTCACCATGA-1,5.132403,6.2022395,Oval/Medial
CTCCCTCTCTAGCCAA-1,4.9009147,5.4573383,Oval/Medial
CTCCGATCATCGATAC-1,2.6663475,6.4145846,Oval/Medial
CTCCGATTCGGCGATC-1,7.4343534,3.3580697,Oval/Medial
CTCCTCCAGAGCCTGA-1,3.3439636,9.38375,Oval/Medial
CTCCTCCGTAGTCCTA-1,4.1837845,7.5517306,Oval/Medial
CTCCTCCTCTCAACGA-1,3.5057073,6.9259677,Oval/Medial
CTCCTCCTCTCTTAAC-1,6.5523653,7.038666,Oval/Medial
CTCCTTTCAGGTCCCA-1,3.5544658,8.963239,Oval/Medial
CTCCTTTGTTAAGTCC-1,-0.606053,7.5254974,Oval/Medial
CTCCTTTTCACCCTGT-1,3.3674593,6.366654,Oval/Medial
CTCGAGGTCGGAAACG-1,4.435082,3.880304,Oval/Medial
CTCGAGGTCGGCCAAC-1,5.5123425,7.32181,Oval/Medial
CTCTCAGGTCTAGTGT-1,-0.1125209,4.3503404,Oval/Medial
CTCTCAGTCAGTCCGG-1,7.3891044,3.3597302,Oval/Medial
CTCTCAGTCTTAGCTT-1,-1.7829177,3.4688563,Hbx
CTCTCGAGTCTAGATC-1,-3.904437,7.8168683,Marginal
CTCTGGTCAACTCATG-1,4.8626523,3.94808,Oval/Medial
CTCTGGTCATCTGTTT-1,3.9777584,8.011402,Oval/Medial
CTCTGGTGTACGGGAT-1,-4.0977283,8.105478,Marginal
CTCTGGTGTGCACATT-1,2.8383703,4.9323287,Oval/Medial
CTGAATGAGAACCCGA-1,3.212243,6.5411334,Oval/Medial
CTGAATGCACAAGCTT-1,3.8655438,4.8571434,Oval/Medial
CTGAGCGCAAGCGAAC-1-1,5.1966276,6.413449,Oval/Medial
CTGAGCGTCACATCAG-1,4.014619,10.441504,Oval/Medial
CTGAGGCCATAGGCGA-1,2.9756255,7.9141464,Oval/Medial
CTGAGGCTCATTGCTT-1,6.994227,7.175997,Oval/Medial
CTGAGGCTCGCTGTCT-1,3.5409324,4.0919776,Oval/Medial
CTGAGGCTCTGCCTCA-1,0.63126194,8.425115,Oval/Medial
CTGATCCAGGACTTCT-1,4.406973,10.824257,Oval/Medial
CTGATCCCACAGCTTA-1,7.2867327,1.5810714,Oval/Medial
CTGATCCCACGCGGTT-1,5.3358445,3.379109,Oval/Medial
CTGATCCCATCATTTC-1-1,4.7718577,8.219401,Oval/Medial
CTGATCCGTTACCCAA-1,5.1947412,4.912853,Oval/Medial
CTGATCCTCTGGGCAC-1,4.7692165,6.1107745,Oval/Medial
CTGCATCCAGCGGTCT-1,4.792697,11.668455,Oval/Medial
CTGCATCGTACAAGTA-1,6.820029,1.4661236,Oval/Medial
CTGCCATAGATACTGA-1,4.9160295,6.789532,Oval/Medial
CTGCCATAGTAGAATC-1,6.6025457,8.960764,Oval/Medial
CTGCCATAGTTTCTTC-1,4.0500827,8.467249,Oval/Medial
CTGCCATGTTACACTG-1,6.428863,6.8813534,Oval/Medial
CTGCCATTCTTGGCTC-1,5.823542,12.818548,Oval/Medial
CTGCCTACAGAAGTTA-1,7.112341,9.2730875,Oval/Medial
CTGCCTAGTCATATGC-1,5.5645003,3.8605504,Oval/Medial
CTGCCTATCCGGTTCT-1,5.4634566,3.3423953,Oval/Medial
CTGCGAGAGCTGACAG-1,-0.88124895,-0.10820916,Hbx
CTGCGAGTCGTGTCAA-1,6.4747143,1.9754264,Oval/Medial
CTGCTCACAGAGTAAT-1,7.562097,1.5147116,Oval/Medial
CTGCTCAGTTCCACAA-1,5.969855,2.3952174,Oval/Medial
CTGGACGGTGACCTGC-1,1.1787992,8.133042,Oval/Medial
CTGGACGTCGATGGAG-1,4.2466283,9.802252,Oval/Medial
CTGGCAGCAACAAAGT-1,-0.8253831,1.0271385,Hbx
CTGGCAGCACTCGATA-1,3.5787275,7.2102556,Oval/Medial
CTGGTCTAGCTCCACG-1,5.747799,3.0912108,Oval/Medial
CTGGTCTAGTGCTAGG-1,2.0369601,4.6816335,Oval/Medial
CTGGTCTGTACAGAAT-1,3.8602211,9.324477,Oval/Medial
CTGGTCTGTCGTATTG-1,4.3488374,3.8108206,Oval/Medial
CTGGTCTTCACGGTCG-1,4.726838,3.2634506,Oval/Medial
CTGTACCAGTAACGAT-1,2.7131915,11.087929,Oval/Medial
CTGTACCCAGGCTATT-1,5.168583,2.7371929,Oval/Medial
CTGTACCTCAACGCTA-1,6.054746,7.6380715,Oval/Medial
CTGTATTAGTGCTCAT-1,3.4393246,4.4343195,Oval/Medial
CTGTATTCAATCAGCT-1,0.22041683,8.260405,Oval/Medial
CTGTATTCACACACTA-1,6.8066034,7.0547705,Oval/Medial
CTGTATTGTGAATTAG-1,-3.6547496,7.1977587,Marginal
CTGTATTTCCTTACCG-1-1,4.526712,5.2298737,Oval/Medial
CTGTCGTAGCACTAGG-1,4.319897,3.8564565,Oval/Medial
CTGTCGTCAGAGATTA-1,5.0167007,5.945211,Oval/Medial
CTGTCGTCATCCGGTG-1,4.075119,6.7796702,Oval/Medial
CTGTCGTTCAGGGTAG-1,3.4809718,4.711248,Oval/Medial
CTGTCGTTCCGAAGGA-1,5.4038687,9.305215,Oval/Medial
CTGTGGGGTAGGATAT-1,0.5850884,7.6664343,Oval/Medial
CTGTGGGTCCTACGGG-1,3.2421246,4.5010834,Oval/Medial
CTTAGGAAGCCTCGTG-1,7.1580358,1.9918555,Oval/Medial
CTTAGGAAGCTAGAGC-1,-0.7064168,4.671588,Marginal
CTTAGGAAGTAATACG-1,4.309675,6.6184225,Oval/Medial
CTTAGGACAACTCATG-1,0.4520342,8.561092,Oval/Medial
CTTAGGACACTTGACA-1,-3.2002094,7.0451946,Marginal
CTTAGGAGTACTCGTA-1,5.7865324,2.5821397,Oval/Medial
CTTAGGAGTATCAGGG-1,4.1465974,3.38029,Oval/Medial
CTTAGGAGTTAAGAAC-1,4.561092,7.1417704,Oval/Medial
CTTCAATAGTGATCGG-1,3.3456628,9.273256,Oval/Medial
CTTCAATTCGATTGAC-1,4.7140217,6.6753197,Oval/Medial
CTTCAATTCGTTCAGA-1,4.401167,3.6702895,Oval/Medial
CTTCCGAAGGCAGGTT-1,-0.70658195,7.713209,Oval/Medial
CTTCCGACAAGCCTGC-1,5.6957827,7.5943546,Oval/Medial
CTTCCGACACACCTAA-1,7.0979214,2.4850805,Oval/Medial
CTTCCGAGTCTTTCTA-1,4.4802675,8.9380245,Oval/Medial
CTTCCGAGTTAATGAG-1,7.141673,1.4783556,Oval/Medial
CTTCCTTAGCTGGAGT-1,-3.0030878,6.5783052,Marginal
CTTCCTTCAACCGCCA-1,1.2329917,7.711579,Oval/Medial
CTTCCTTCACATTGTG-1,7.75915,1.5210661,Oval/Medial
CTTCCTTCATATTCGG-1,-0.53449047,6.159616,Oval/Medial
CTTCCTTTCAAAGGTA-1,7.411772,1.258565,Oval/Medial
CTTCCTTTCAGAATAG-1,4.5128975,4.4129043,Oval/Medial
CTTCCTTTCGGCTGGT-1,3.9759662,3.5481515,Oval/Medial
CTTCGGTCATGGCTGC-1-1,-2.2690868,0.502125,Hbx
CTTCTAAAGTACAACA-1,-1.4803221,6.8941913,Oval/Medial
CTTCTAACACCTGCAG-1,4.1329384,7.6572294,Oval/Medial
CTTCTAACATAGAATG-1,2.6883547,5.8342853,Oval/Medial
CTTCTAAGTCTTCTAT-1,-2.3013163,6.083044,Marginal
CTTCTAATCATCGCAA-1,4.607882,4.0057583,Oval/Medial
CTTCTCTAGCGGACAT-1,4.2712164,4.0665836,Oval/Medial
CTTCTCTTCAAGCCGC-1,3.5662513,3.9153974,Oval/Medial
CTTGAGACATGATAGA-1,4.3972607,7.1915793,Oval/Medial
CTTGAGAGTGTAGTGG-1,6.1113033,4.5967307,Oval/Medial
CTTGAGAGTTCGAAGG-1,1.5826738,7.417777,Oval/Medial
CTTGATTCATTGTACG-1,3.697918,8.330227,Oval/Medial
CTTTCAACAACCGATT-1,2.1221566,7.5345664,Oval/Medial
CTTTCAATCCCATAAG-1,4.3153934,6.575777,Oval/Medial
CTTTCGGAGTACCATC-1,1.9988832,3.1802206,Lateral
CTTTCGGAGTCGCCAC-1,5.345684,11.086206,Oval/Medial
GAAACCTGTTTACTGG-1,4.404225,9.88068,Oval/Medial
GAAATGACACTCCGGA-1,3.1243863,9.590078,Oval/Medial
GAAATGAGTGGAAATT-1,3.602833,4.204508,Oval/Medial
GAAATGATCCTTATGT-1,5.876298,10.209925,Oval/Medial
GAACACTAGACAACAT-1,3.6525228,7.2212653,Oval/Medial
GAACGTTGTGTACAGG-1,4.026033,5.8113713,Oval/Medial
GAACTGTGTCAGTCGC-1,-2.436804,7.4179378,Marginal
GAACTGTGTCTGTAGT-1,-0.08390938,5.342905,Oval/Medial
GAACTGTTCAGTGTCA-1,7.4278054,1.2108794,Oval/Medial
GAACTGTTCGTCCATC-1,-2.1552458,4.909016,Hbx
GAAGAATGTACATACC-1,-3.3700306,7.462977,Marginal
GAAGAATGTGAGCAGT-1-1,3.2447796,9.877846,Oval/Medial
GAAGCCCCACACCGAC-1,4.4656096,4.3567095,Oval/Medial
GAAGCCCGTGTCCAAT-1,5.2343855,4.7361035,Oval/Medial
GAAGCGACACTCAGAT-1,4.8959446,4.2546616,Oval/Medial
GAAGGACAGGGACCAT-1,3.6247993,4.251055,Oval/Medial
GAAGGACTCCTGATAG-1,6.019896,3.970343,Oval/Medial
GAAGTAAAGAGGTCAC-1,-0.7172818,4.868382,Oval/Medial
GAAGTAATCCTTCACG-1,6.3351893,9.43925,Oval/Medial
GAAGTAATCGTAGGAG-1,7.5353327,1.2246163,Oval/Medial
GAAGTAATCGTGTCAA-1,5.092888,8.726446,Oval/Medial
GAATAGAGTCGAGTGA-1,4.2488294,3.5512404,Oval/Medial
GAATAGATCGGCCTTT-1,5.343435,10.14892,Oval/Medial
GAATCACAGCTAAGTA-1,6.9615874,8.074765,Oval/Medial
GAATCACAGTATTGCC-1,2.7875314,5.0014253,Oval/Medial
GAATCACCACGTAACT-1,5.100633,4.251182,Oval/Medial
GAATCACCAGAACATA-1-1,3.8420286,4.0753355,Oval/Medial
GAATCACCAGACCTGC-1,6.162336,2.8313413,Oval/Medial
GAATCACGTGACACGA-1,5.4019027,6.0007205,Oval/Medial
GAATCACTCCGTGTCT-1,-0.0122904545,7.122602,Oval/Medial
GAATCACTCTGACGCG-1,5.7040977,2.7927768,Oval/Medial
GAATCGTAGAACTGAT-1,2.236786,6.827352,Oval/Medial
GAATCGTAGGTCGTAG-1,5.0475345,6.217677,Oval/Medial
GAATCGTCAGAACATA-1,7.6496115,7.3928447,Oval/Medial
GAATCGTTCACGAACT-1,3.0267923,11.349326,Oval/Medial
GACACGCAGTGTTGAA-1,2.8842852,10.561706,Oval/Medial
GACAGCCAGGGATCAC-1,4.8175535,10.570492,Oval/Medial
GACAGCCCACAGTGTT-1,4.240072,10.261206,Oval/Medial
GACAGCCCACGCGCTA-1,-2.1456482,6.5482516,Marginal
GACAGCCGTCCACTTC-1,2.735598,5.1287303,Oval/Medial
GACAGCCGTGTCTTCC-1,4.29893,4.9748545,Oval/Medial
GACAGCCGTTACGCCG-1,3.8594427,7.0137806,Oval/Medial
GACAGCCGTTCCTAAG-1,2.426179,9.981392,Oval/Medial
GACAGCCGTTCGTAAC-1,-1.6455078,4.343739,Hbx
GACAGCCTCATGCCCT-1,5.4762454,2.7143326,Oval/Medial
GACATCAAGGACGCTA-1,5.2263374,3.5999482,Oval/Medial
GACATCACAAATGGTA-1,5.834499,10.577971,Oval/Medial
GACATCAGTCATCAGT-1,0.7398467,7.36868,Oval/Medial
GACATCAGTTCATCGA-1,3.861035,10.141419,Oval/Medial
GACCAATTCACTACTT-1,-2.4573956,2.1222157,Hbx
GACCCAGCATCAACCA-1,3.515569,5.9370737,Oval/Medial
GACCCAGTCCGACATA-1,-1.8680099,1.5299233,Hbx
GACCCTTCAAGCGCAA-1,-0.1971557,4.2438183,Oval/Medial
GACCCTTCACGCAAAG-1,-1.5641199,7.275495,Oval/Medial
GACCCTTCACTGATTG-1,7.5803843,6.6535907,Oval/Medial
GACCCTTCAGTAGATA-1,6.1798162,6.550749,Oval/Medial
GACCCTTGTAGTATAG-1,-2.9920807,8.436928,Marginal
GACCCTTGTTGGCCTG-1,0.24489333,6.6482377,Oval/Medial
GACCCTTGTTTACTGG-1,4.706775,7.5094595,Oval/Medial
GACCGTGAGCTGGTGA-1,-1.1029024,7.3135624,Oval/Medial
GACCGTGGTATTGCCA-1,5.0721917,10.877895,Oval/Medial
GACCTTCAGGGAGAAT-1,-3.7362,6.5836215,Marginal
GACCTTCTCGTCCTTG-1,4.2561083,4.2195826,Oval/Medial
GACGCTGCAATAACGA-1,-2.1091561,2.2478173,Hbx
GACGCTGCACTCCCTA-1,-3.858712,5.5193596,Marginal
GACGCTGGTGATTCTG-1,3.349371,7.0146646,Oval/Medial
GACGTTAAGCGTATGG-1,0.89646584,6.488222,Oval/Medial
GACGTTACAACCCGCA-1,4.7650533,10.302432,Oval/Medial
GACGTTATCAACTGAC-1,-0.7100052,2.17387,Hbx
GACGTTATCAATGCAC-1,4.2529845,6.7472463,Oval/Medial
GACTATGCAACAAGTA-1,5.424583,8.275919,Oval/Medial
GACTATGCAGACATCT-1,4.6277394,3.0097964,Oval/Medial
GACTATGTCCGATAGT-1,-3.8391225,5.8158054,Marginal
GACTCAACACCCAACG-1,0.89300764,7.5786977,Oval/Medial
GACTCAAGTAGGAGGG-1,0.12546048,6.4907026,Oval/Medial
GACTCAAGTATCGCAT-1,-0.5778167,4.771493,Oval/Medial
GACTCAATCCCAACTC-1,-1.5694742,8.688791,Oval/Medial
GACTCTCCAGCACAAG-1,4.5613103,11.0288925,Oval/Medial
GACTCTCGTATGAAAC-1,4.839251,3.0689454,Oval/Medial
GACTTCCCACATAGCT-1,-0.80330503,6.4690237,Oval/Medial
GACTTCCTCGAAGCAG-1,5.2008114,2.9379559,Oval/Medial
GAGAAATCACCTGTCT-1,1.8181689,5.3948507,Oval/Medial
GAGAAATCATACCAGT-1,0.16699663,1.2013433,Lateral
GAGAAATGTGCCCGTA-1,7.199239,1.1968415,Oval/Medial
GAGAAATTCGTGGCTG-1,4.537478,8.452086,Oval/Medial
GAGACCCTCTGGGCAC-1,3.5970364,8.087411,Oval/Medial
GAGACTTTCGGTAGGA-1,-3.1465404,7.274935,Marginal
GAGAGGTGTAGCGATG-1,0.72151613,7.4250546,Oval/Medial
GAGAGGTTCGCGGACT-1,-1.9286413,3.6593456,Hbx
GAGCCTGAGCACTGGA-1,7.401804,0.9976688,Oval/Medial
GAGCCTGCACAGCGCT-1,5.2185636,3.4772751,Oval/Medial
GAGCCTGTCGTGGGTC-1,-1.6648928,4.3148713,Hbx
GAGGCAAAGTGCCCGT-1,4.9939156,10.405715,Oval/Medial
GAGGCAAGTCCGGACT-1,3.0215852,9.7800045,Oval/Medial
GAGGCAATCGCCTTGT-1,5.476348,3.1834505,Oval/Medial
GAGGCCTAGTTGAAAC-1,2.5506504,1.3548883,Lateral
GAGGCCTGTCGAGATG-1,7.393854,1.6439515,Oval/Medial
GAGGCCTTCATCTACT-1,4.144567,3.8876262,Oval/Medial
GAGGGATCACTCATAG-1,6.2519937,9.915638,Oval/Medial
GAGGGTAAGAGTTGTA-1,4.906321,10.124233,Oval/Medial
GAGGGTAGTCTTCAAG-1,0.09037811,8.781729,Oval/Medial
GAGTCATAGGCCATAG-1,4.130694,11.421877,Oval/Medial
GAGTCATGTGCTTATG-1,5.038182,3.1566663,Oval/Medial
GAGTCTAAGCGTATAA-1,6.4874907,2.323058,Oval/Medial
GAGTCTATCGTGCATA-1,1.6351503,8.494407,Oval/Medial
GAGTGAGGTCGATTCA-1,-0.2593409,8.05039,Oval/Medial
GAGTGAGTCAAGATAG-1,5.862692,4.5500407,Oval/Medial
GAGTGAGTCTACTTCA-1,7.174276,6.242747,Oval/Medial
GAGTGTTAGAAATCCA-1,4.4409685,7.0439787,Oval/Medial
GAGTGTTAGAGCATAT-1,2.9234402,4.81135,Oval/Medial
GAGTTACTCCCTTTGG-1,3.9987783,4.3473434,Oval/Medial
GAGTTACTCCTTCTAA-1,3.629266,7.7863283,Oval/Medial
GAGTTACTCGCTCCTA-1,3.197249,4.6772246,Oval/Medial
GAGTTGTAGCGTCGAA-1,5.871548,8.759795,Oval/Medial
GAGTTGTCAACACAGG-1,5.772121,2.8119087,Oval/Medial
GAGTTGTCAACCGACC-1,5.4812803,7.036291,Oval/Medial
GAGTTGTCAACTCCAA-1,5.975227,6.947184,Oval/Medial
GAGTTGTCATCGGATT-1,5.847624,5.811166,Oval/Medial
GAGTTTGAGACGACGT-1,4.046933,3.8298955,Oval/Medial
GATAGAAAGCACACAG-1,5.304828,3.0604107,Oval/Medial
GATAGAAAGCAGTACG-1,7.5295467,1.6016903,Oval/Medial
GATAGAAAGCGCCTAC-1,0.99965286,6.764999,Oval/Medial
GATAGAAAGGGCAATC-1,0.82852185,7.983013,Oval/Medial
GATAGAACAGTATGAA-1,2.8386495,5.2474947,Oval/Medial
GATAGCTAGGCCATAG-1,0.13107993,7.137502,Oval/Medial
GATAGCTAGTCACGAG-1,5.2851853,3.534946,Oval/Medial
GATAGCTCAAGACGAC-1,3.586342,5.315992,Oval/Medial
GATAGCTCACTGTTCC-1,3.8936727,9.20173,Oval/Medial
GATAGCTGTACAAGCG-1,6.427485,5.7417846,Oval/Medial
GATAGCTGTCGCACGT-1,4.7110868,5.261537,Oval/Medial
GATAGCTTCCGTGGTG-1,5.2978225,8.269179,Oval/Medial
GATAGCTTCTCCTACG-1,-1.3324668,1.7646804,Hbx
GATCACAAGTACCGGA-1,5.0897145,2.8880887,Oval/Medial
GATCACACAAGGGTCA-1,-0.078971095,5.5827107,Oval/Medial
GATCACACAGTAGTGG-1,4.8246603,4.674959,Oval/Medial
GATCACAGTCAGCGTC-1,4.252137,3.7528145,Oval/Medial
GATCACAGTTCAAGTC-1,-1.4727873,1.9412297,Hbx
GATCACAGTTCCTTGC-1,4.791266,10.663005,Oval/Medial
GATCAGTCAAGCGGAT-1,5.436096,8.036771,Oval/Medial
GATCAGTCAGTTTGGT-1,2.3142657,3.3818452,Lateral
GATCAGTGTTCAACGT-1,4.769775,6.8684087,Oval/Medial
GATCAGTGTTTCGGCG-1,4.7593136,6.079536,Oval/Medial
GATCAGTTCACTGATG-1,5.1041956,7.726791,Oval/Medial
GATCAGTTCCAGTGTA-1,2.6897552,9.234443,Oval/Medial
GATCAGTTCGGCCAAC-1,0.52833736,2.8950899,Lateral
GATCATGAGGAATGTT-1,5.3986135,7.031837,Oval/Medial
GATCATGGTATGGTTC-1,5.495014,11.871382,Oval/Medial
GATCATGGTCCAGCCA-1,-2.4167569,1.7089481,Hbx
GATCCCTTCCGATAGT-1,6.0391593,5.2905936,Oval/Medial
GATCGTACACCAGACC-1,-1.8704715,4.2934475,Hbx
GATGACTCACTTGTCC-1,5.5901523,4.366602,Oval/Medial
GATGACTCATTGGGAG-1,5.1800046,2.6701458,Oval/Medial
GATGACTTCGTAACTG-1,3.346397,2.3438804,Lateral
GATGAGGAGGGTACAC-1,3.5972724,9.622881,Oval/Medial
GATGAGGAGGTCTGGA-1,4.4756303,8.820364,Oval/Medial
GATGAGGTCTCAGGCG-1,3.2871318,8.388314,Oval/Medial
GATGATCAGAGAGTGA-1-1,-1.8213376,5.732158,Marginal
GATGATCAGAGGATCC-1,4.728034,3.9735448,Oval/Medial
GATGATCAGCGCTGCT-1,6.058906,10.210958,Oval/Medial
GATGATCAGCGGTAAC-1,3.6829786,10.340435,Oval/Medial
GATGATCCAGGCACAA-1,5.130527,3.0378792,Oval/Medial
GATGATCGTCCTCCAT-1,-0.6293234,7.2770987,Oval/Medial
GATGATCGTTACCTTT-1,5.8900576,7.2227836,Oval/Medial
GATGCTAAGGCTATCT-1,-2.4033844,6.8942223,Marginal
GATGCTACAAAGCTCT-1,-2.227002,2.0196824,Hbx
GATGGAGAGAAGGTAG-1,1.0927441,7.7026587,Oval/Medial
GATGGAGGTGTATTCG-1,7.2393255,3.215399,Oval/Medial
GATGGAGGTGTTCAGT-1,-4.627489,7.839088,Marginal
GATGGAGTCATACAGC-1,3.8111532,3.8873372,Oval/Medial
GATGTTGGTACCGTGC-1,-0.95502394,5.9933333,Oval/Medial
GATGTTGGTATTAAGG-1,2.331723,6.121991,Oval/Medial
GATGTTGGTCGCCTAG-1,6.6047935,8.862564,Oval/Medial
GATGTTGGTTGTTGCA-1-1,3.2458868,8.002065,Oval/Medial
GATGTTGTCCGTATGA-1,3.0472655,4.855796,Oval/Medial
GATTCGAAGTATTCCG-1,2.7839637,10.358406,Oval/Medial
GATTCGAGTTAAGGAT-1,3.2565994,7.775217,Oval/Medial
GATTCGATCATTGCGA-1,0.7718173,7.292668,Oval/Medial
GATTCTTAGATTAGAC-1,1.3840905,2.0215213,Lateral
GATTCTTGTACGAAAT-1,4.0152793,6.7192163,Oval/Medial
GATTCTTGTATGAGGC-1,4.622749,6.598188,Oval/Medial
GATTCTTTCTCATGCC-1,6.845287,2.22074,Oval/Medial
GATTCTTTCTCTATAC-1,3.466655,4.266586,Oval/Medial
GATTGGTTCAACGAGG-1,3.1019611,9.662752,Oval/Medial
GATTGGTTCTCGTGAA-1,-2.1850638,7.927197,Marginal
GATTGGTTCTGTTGGA-1,0.45458528,5.9186773,Oval/Medial
GATTTCTGTTGACTAC-1,3.7826722,4.3704453,Oval/Medial
GATTTCTGTTGCTGAT-1,-1.5585316,3.5647488,Hbx
GCAACCGAGACACACG-1,1.4626033,7.481104,Oval/Medial
GCAACCGTCTTTGCTA-1,3.730879,6.075334,Oval/Medial
GCACATAAGCGAACTG-1,1.9847573,5.319866,Oval/Medial
GCACATAAGGTTTGAA-1,2.9489274,6.9955306,Oval/Medial
GCACATAAGTGTCATC-1,-1.6456552,7.038825,Marginal
GCACATACAACCGTGC-1,-1.4713523,6.27174,Oval/Medial
GCACATATCGACCTAA-1,6.190489,6.364393,Oval/Medial
GCACGGTGTACTCCCT-1,-3.0500383,6.269182,Marginal
GCACGGTTCAGACCGC-1,3.1730328,2.63655,Lateral
GCACGTGAGGTTCATC-1,5.600315,5.435195,Oval/Medial
GCACGTGGTAGGAAAG-1,5.95207,6.6062503,Oval/Medial
GCACGTGGTCCAGCGT-1,4.2986856,4.366613,Oval/Medial
GCACGTGGTCTGCAAT-1,1.8324302,3.3608236,Lateral
GCACTAACAGTCCCGA-1,7.1014967,1.2696987,Oval/Medial
GCACTAATCTCAGGCG-1,5.589285,7.3510566,Oval/Medial
GCAGCCATCTCGTGAA-1,7.319099,7.044789,Oval/Medial
GCAGCTGCAGTGACCC-1,0.9445087,5.889624,Oval/Medial
GCAGCTGGTTTCGATG-1,3.6574912,4.963312,Oval/Medial
GCAGGCTAGATCACCT-1,4.2511134,4.629258,Oval/Medial
GCAGGCTCAAAGACGC-1,-3.4674144,6.8838778,Marginal
GCAGGCTGTAGGGAGG-1,-0.12131421,7.754459,Oval/Medial
GCAGGCTGTCGTACTA-1,3.9445868,10.1975355,Oval/Medial
GCAGGCTGTTACCCTC-1,2.8542185,4.8487096,Oval/Medial
GCAGGCTTCGTCAAAC-1,7.454804,1.2544917,Oval/Medial
GCAGTTAAGAGGGTGG-1-1,3.664898,8.555035,Oval/Medial
GCAGTTAAGTCCGCGT-1,-3.7185965,7.9837246,Marginal
GCAGTTAGTAAGCAAT-1,1.7704257,6.791422,Oval/Medial
GCAGTTAGTGCACAAG-1,1.063104,8.164899,Oval/Medial
GCATCGGAGCCTGAAG-1,5.5182433,3.0331218,Oval/Medial
GCATCGGAGCGTCAAG-1,-2.5891747,1.8929093,Hbx
GCATCGGCACACGCCA-1,-1.3520578,4.196616,Hbx
GCATCGGGTCAGTCGC-1,5.337447,5.376442,Oval/Medial
GCATCGGGTGGCGTAA-1,3.9874349,10.449609,Oval/Medial
GCATCGGTCACGTCCT-1,-3.9237883,7.5953918,Marginal
GCATCTCAGAAATTCG-1,0.09431272,6.5172133,Oval/Medial
GCATCTCCACAATGCT-1,-4.8759966,7.656813,Marginal
GCATCTCGTATTTCCT-1,5.8093476,11.65939,Oval/Medial
GCATCTCTCCATCTCG-1,3.637047,9.373029,Oval/Medial
GCATGATTCTGTAAGC-1,-3.4757426,6.773105,Marginal
GCATTAGCACGGGTAA-1-1,0.33032987,7.7297506,Oval/Medial
GCATTAGGTAGCCAGA-1,-0.47929847,7.5322137,Oval/Medial
GCCAACGCAACTGCCG-1,-4.377929,7.1857114,Marginal
GCCAACGGTTCCACGG-1,5.507199,6.3742747,Oval/Medial
GCCAACGTCTTCTTCC-1,-2.1165266,1.4148802,Hbx
GCCAGCAAGGAACATT-1,5.9428816,2.3380876,Oval/Medial
GCCAGCAAGTCACGCC-1,-2.1223261,1.2012386,Hbx
GCCAGCACAGAGGTAC-1,-0.46780726,2.2394803,Hbx
GCCAGCAGTGCATACT-1,0.60438,5.76666,Oval/Medial
GCCAGCATCTACACTT-1,3.8817084,4.1879206,Oval/Medial
GCCAGGTCAAAGCAAT-1,-4.392011,7.7295547,Marginal
GCCAGGTTCTCGACCT-1,-2.935425,7.1919317,Marginal
GCCAGTGAGACAGCGT-1,6.538452,9.037369,Oval/Medial
GCCAGTGAGGCTATCT-1,-2.3779511,-0.14210276,Hbx
GCCAGTGCAAACACCT-1,-0.983782,1.2415957,Hbx
GCCAGTGCAAAGACTA-1,5.6630116,2.721727,Oval/Medial
GCCAGTGCACTCCCTA-1,4.030348,12.941674,Oval/Medial
GCCAGTGGTTAGAGAT-1,7.1470485,1.5260638,Oval/Medial
GCCATGGAGAGCCGAT-1,6.6322975,1.8717599,Oval/Medial
GCCATGGAGGTTGTTC-1,4.032748,12.7549515,Oval/Medial
GCCATGGTCTAGCAAC-1,6.178971,8.92259,Oval/Medial
GCCATTCAGGCCTGCT-1,5.6391315,5.818026,Oval/Medial
GCCATTCGTTACGTAC-1,4.5694604,3.869917,Oval/Medial
GCCCAGACAATAACCC-1,6.8258305,7.0393376,Oval/Medial
GCCCAGAGTTTCGCTC-1,-0.41312054,7.384883,Oval/Medial
GCCCGAAAGAATAGTC-1,4.3320494,4.323713,Oval/Medial
GCCCGAACAATTGCAC-1,7.319667,1.1635908,Oval/Medial
GCCCGAACACCTGATA-1,6.0556,10.7386465,Oval/Medial
GCCCGAACACTTCATT-1,4.3635592,3.348963,Oval/Medial
GCCCGAAGTCCGGTGT-1,-0.2783749,4.866195,Oval/Medial
GCCCGAATCATCAGTG-1,5.809786,10.121205,Oval/Medial
GCCGATGAGCTATCCA-1,4.336793,4.3270884,Oval/Medial
GCCGATGAGGATGCGT-1,4.810512,8.865311,Oval/Medial
GCCGATGCAGACCTGC-1,3.7478957,10.1508875,Oval/Medial
GCCGATGGTTTGGCTA-1,5.2493844,11.700219,Oval/Medial
GCCGTGACATCAACCA-1,-2.5824602,2.8395505,Hbx
GCCTGTTAGGATATGT-1,3.384662,9.380367,Oval/Medial
GCCTGTTAGTGACACG-1,1.4563308,7.421215,Oval/Medial
GCCTGTTGTCTCAAGT-1,4.1464972,9.714442,Oval/Medial
GCGAGAAAGAGTAACT-1,6.0810785,8.567583,Oval/Medial
GCGAGAAAGTAAACAC-1,4.0843897,9.610434,Oval/Medial
GCGAGAACACCGTGGT-1,5.308728,7.227668,Oval/Medial
GCGAGAACACGACCTG-1,6.215041,8.256665,Oval/Medial
GCGAGAAGTTGACTGT-1,1.041981,7.28268,Oval/Medial
GCGAGAATCAATGCAC-1,7.370558,1.1955831,Oval/Medial
GCGATCGAGAAGGTAG-1,5.100918,6.476047,Oval/Medial
GCGATCGTCGAGTTGT-1,-3.440731,6.659752,Marginal
GCGGAAATCCTACCAC-1,3.9465203,9.685378,Oval/Medial
GCGGATCAGCGAGGAG-1,5.2548285,4.2291536,Oval/Medial
GCGGATCCAGCAGTGA-1,3.7454793,7.392667,Oval/Medial
GCGGATCTCTTTCAGT-1,6.5754046,2.1254487,Oval/Medial
GCGTGCAAGTGATTCC-1,4.186998,5.0164905,Oval/Medial
GCGTGCAGTCCAGCAC-1,-4.5119886,6.206237,Marginal
GCGTTTCAGAGACAAG-1,0.6173851,9.335011,Oval/Medial
GCGTTTCCATCTGGGC-1,5.9301977,2.4072452,Oval/Medial
GCGTTTCGTTACCTTT-1,0.8044832,7.323041,Oval/Medial
GCGTTTCTCGTTCATT-1,0.25529802,6.2517214,Oval/Medial
GCTACAAAGTCATGCT-1,-4.7131042,8.054789,Marginal
GCTACAACAGAACCGA-1-1,6.4597664,8.134446,Oval/Medial
GCTACAATCCACTAGA-1,3.7185535,6.972605,Oval/Medial
GCTACAATCGTGTGGC-1,5.1718917,8.583416,Oval/Medial
GCTACCTAGACGCAGT-1,4.295102,5.0437145,Oval/Medial
GCTACCTGTAACACGG-1,0.6615204,5.891777,Oval/Medial
GCTACCTGTCACGACC-1,3.1272876,4.5784454,Oval/Medial
GCTACCTGTCTTCGAA-1,4.5009356,4.450948,Oval/Medial
GCTCAAACAAGCACCC-1,-1.5477949,5.2582107,Oval/Medial
GCTCAAACAAGTGGTG-1,5.66649,3.2041743,Oval/Medial
GCTCAAACACTACACA-1,5.0950227,10.914334,Oval/Medial
GCTCAAAGTCCAGGTC-1,3.706032,4.5071573,Oval/Medial
GCTCAAAGTGACGTCC-1,-0.65226346,5.3322105,Oval/Medial
GCTCAAAGTTGTGGAG-1,7.8490915,8.6922,Oval/Medial
GCTGAATGTCTACAGT-1,1.8580306,6.778428,Oval/Medial
GCTGAATGTTCAGGTT-1,3.9818535,13.555531,Oval/Medial
GCTGCAGAGCCGCTTG-1,4.8444266,7.4655366,Oval/Medial
GCTGCAGGTCAGACGA-1,7.1118712,6.8570657,Oval/Medial
GCTGCAGTCATCACTT-1,3.7812588,9.69815,Oval/Medial
GCTGGGTAGTAGGCCA-1,1.226942,10.077766,Oval/Medial
GCTGGGTCAGAACTCT-1,4.7149014,9.473953,Oval/Medial
GCTGGGTGTGTTAAAG-1,4.3462944,3.5459442,Oval/Medial
GCTGGGTTCTTACGGA-1,3.0208063,9.811265,Oval/Medial
GCTTCACGTATCGCAT-1,0.1852488,6.6756725,Oval/Medial
GCTTGGGAGGTACTGG-1,4.5896945,3.6215217,Oval/Medial
GCTTGGGCACGGGCTT-1,3.707421,6.0989084,Oval/Medial
GCTTGGGCAGAAGCTG-1,4.947019,7.151029,Oval/Medial
GCTTGGGGTCGAAGCA-1,-0.12360339,8.225625,Oval/Medial
GCTTTCGCAATAGGAT-1-1,4.6877136,3.6572087,Oval/Medial
GGAACCCGTCGAACAG-1,0.31025407,2.9312425,Lateral
GGAACCCTCCATACTT-1,-2.8801436,5.657501,Marginal
GGAACCCTCTACGCGG-1,1.6893961,7.925938,Oval/Medial
GGAACCCTCTAGTACG-1,3.9462252,5.6814866,Oval/Medial
GGAAGTGGTAGGCTCC-1,-2.4336934,0.14234926,Hbx
GGAAGTGGTGTTAAAG-1,-0.94941425,7.9353952,Oval/Medial
GGAAGTGGTTTCCATT-1,6.9840856,3.3644502,Oval/Medial
GGAATCTAGACTGTTC-1,0.38992557,7.352249,Oval/Medial
GGAATCTAGTATGAAC-1,3.8027341,4.412536,Oval/Medial
GGAATCTGTAGATGTA-1,4.6069765,8.851332,Oval/Medial
GGAATCTGTATCGTGT-1,7.7072234,6.489907,Oval/Medial
GGAATCTGTCTGTGCG-1,-3.2685735,5.504266,Marginal
GGAATCTGTTTACTTC-1,5.621651,8.560675,Oval/Medial
GGAATGGCATCAGTGT-1,-1.0339983,4.633059,Oval/Medial
GGAATGGCATTGTCGA-1,3.85639,8.1014805,Oval/Medial
GGAATGGGTCGCTGCA-1,2.567469,5.7488456,Oval/Medial
GGACGTCTCAGCGCAC-1,0.4713533,1.0865139,Lateral
GGACGTCTCTCCGTGT-1,5.402898,7.1394935,Oval/Medial
GGAGATGAGTGCACTT-1,5.841493,7.286427,Oval/Medial
GGAGATGGTCCAAGAG-1,4.3757615,8.316972,Oval/Medial
GGAGCAAGTGACTCGC-1,1.732821,2.5732605,Lateral
GGAGCAATCTCCGAGG-1,5.2456884,11.368763,Oval/Medial
GGAGGATAGAAGTCAT-1,3.7017734,6.235099,Oval/Medial
GGAGGATAGGCACGAT-1,5.996484,8.851335,Oval/Medial
GGAGGATCAGCAGACA-1,5.8250284,5.090438,Oval/Medial
GGAGGTAAGGTAGCAC-1,1.6299144,8.240155,Oval/Medial
GGAGGTAAGGTTGTTC-1,7.481535,7.822545,Oval/Medial
GGAGGTACAAGAATAC-1,0.5478461,6.0065193,Oval/Medial
GGAGGTACAGAGACTG-1,3.2063234,6.7976127,Oval/Medial
GGAGGTAGTCTATGAC-1,-0.9648168,7.127337,Oval/Medial
GGATCTACAGTCAGTT-1,0.42685893,8.593638,Oval/Medial
GGATCTATCACGAACT-1,6.196677,9.458205,Oval/Medial
GGATCTATCCGGCAAC-1,-2.1188273,0.011780931,Hbx
GGATGTTCAGGCACAA-1,4.8490524,4.368227,Oval/Medial
GGATGTTGTCGATTAC-1,-2.0199533,0.7600416,Hbx
GGATGTTTCCAGCCTT-1,2.2029788,6.067751,Oval/Medial
GGCACGTAGTTCCAGT-1,1.3910037,7.4006696,Oval/Medial
GGCACGTTCGCTGTCT-1,0.46338427,3.2107515,Lateral
GGCAGTCAGCTCTTCC-1,0.44400522,2.9936385,Lateral
GGCAGTCCACAATGAA-1,5.9395566,6.9220676,Oval/Medial
GGCGTCACATCAGTGT-1,4.5679107,3.4461088,Oval/Medial
GGCTTGGAGCCTAGGA-1,1.7567322,3.6143274,Lateral
GGCTTGGGTTCGAACT-1,0.112011075,4.4127216,Oval/Medial
GGCTTGGTCGTTAGTG-1,3.6533313,7.372583,Oval/Medial
GGCTTTCAGACGCCAA-1,4.0880227,6.2153845,Oval/Medial
GGCTTTCAGAGTCTTC-1,3.1495433,5.711032,Oval/Medial
GGCTTTCAGTATGAGT-1,-3.5716646,7.955463,Marginal
GGGAAGTAGATGGTAT-1,2.8914611,9.420643,Oval/Medial
GGGAAGTAGCTGTGCC-1,0.29793957,4.4885883,Oval/Medial
GGGAAGTCAGGCCCTA-1,4.1394153,9.774841,Oval/Medial
GGGAAGTGTTTCAGAC-1,6.5460486,1.7742333,Oval/Medial
GGGAAGTTCCAGCACG-1,4.1936073,10.127383,Oval/Medial
GGGACAACACATGGTT-1,3.998201,7.28571,Oval/Medial
GGGACAAGTCCACACG-1,4.943519,7.4765983,Oval/Medial
GGGACAATCCTTCTTC-1,-1.4659559,2.0733318,Hbx
GGGACAATCTATGCCC-1,5.832321,5.950764,Oval/Medial
GGGACCTAGAACTCCT-1,1.7830834,2.3140888,Lateral
GGGACCTAGGTCGTAG-1,4.3383245,6.7737026,Oval/Medial
GGGACCTAGTGCCTCG-1,-0.18805654,5.191746,Oval/Medial
GGGACTCCATTCTCTA-1,2.9316032,6.3297095,Oval/Medial
GGGAGTACATAATGCC-1,4.1354303,7.3463197,Oval/Medial
GGGATCCTCAAGATAG-1,7.7173815,9.25123,Oval/Medial
GGGATCCTCAAGGCTT-1,4.8779244,3.617561,Oval/Medial
GGGATGACATCTGCGG-1,3.1138659,5.024913,Oval/Medial
GGGATGAGTGGATGAC-1,4.297521,11.524977,Oval/Medial
GGGCCATAGGTAGCAC-1,7.347245,0.94515556,Oval/Medial
GGGCTACAGTCATTGC-1,2.3170521,4.8278713,Oval/Medial
GGGCTACCATTAGGCT-1,5.3897557,2.5728216,Oval/Medial
GGGCTCAAGAGTATAC-1,4.177267,4.018555,Oval/Medial
GGGCTCAGTGAATATG-1,-0.18864521,8.491552,Oval/Medial
GGGTAGAGTATCACCA-1,-3.7596905,7.358136,Marginal
GGGTAGAGTCCGGTGT-1,4.8903913,6.3578944,Oval/Medial
GGGTATTCATACTTTC-1,5.0898986,7.292216,Oval/Medial
GGGTCACAGGACATCG-1,0.6732911,2.696886,Lateral
GGGTCACCAAGTTCGT-1,3.874707,6.694161,Oval/Medial
GGGTCACGTTATCTTC-1,2.742781,9.413817,Oval/Medial
GGGTCTGAGGTCACCC-1,6.171575,8.582345,Oval/Medial
GGGTCTGGTCTTGAAC-1,3.1066062,5.054037,Oval/Medial
GGGTCTGTCATCACTT-1,4.3613467,12.079327,Oval/Medial
GGGTGAACACCCAACG-1,1.7319205,6.884779,Oval/Medial
GGGTGAACATCCGGCA-1,4.1483064,4.5509357,Oval/Medial
GGGTGAAGTCGAATTC-1,4.0061164,8.514446,Oval/Medial
GGGTGAATCTACGGGC-1,3.7042956,4.868606,Oval/Medial
GGGTGTCGTTAAGACA-1,4.084477,8.184625,Oval/Medial
GGGTTATGTCTTCCGT-1,3.9414833,3.9662893,Oval/Medial
GGGTTATTCAGTGGGA-1,2.765434,4.774063,Oval/Medial
GGGTTATTCTACCTTA-1,3.512794,9.991458,Oval/Medial
GGGTTTAAGGTCTTTG-1,-0.62988555,7.41816,Oval/Medial
GGGTTTATCCGCGGAT-1,-0.10749254,7.725217,Oval/Medial
GGTAACTAGCGGATCA-1,6.056447,2.8233404,Oval/Medial
GGTAACTCAAAGAGTT-1,5.5447707,4.7061834,Oval/Medial
GGTAATCGTCACTACA-1,6.128923,7.8917003,Oval/Medial
GGTAGAGAGATAACAC-1,6.2147784,7.310549,Oval/Medial
GGTCACGAGCACTAGG-1,4.3571935,6.260958,Oval/Medial
GGTCACGCAGTGAGCA-1,6.3977365,7.034556,Oval/Medial
GGTCACGCATATAGCC-1,8.48677,7.155361,Oval/Medial
GGTCACGGTTTCACAG-1,3.4327338,6.1200194,Oval/Medial
GGTCTGGCAAGGCGTA-1,0.97318816,7.6527777,Oval/Medial
GGTCTGGCAGGAGACT-1,-1.2980064,4.4776144,Hbx
GGTCTGGCATTCAGCA-1,2.715394,4.9227567,Oval/Medial
GGTCTGGTCCCTCTTT-1,4.027366,10.141462,Oval/Medial
GGTCTGGTCGACGAGA-1,3.94502,4.4504585,Oval/Medial
GGTGAAGAGAGTGAAG-1,0.1168667,7.940569,Oval/Medial
GGTGATTCAACACTAC-1,2.4330425,10.283953,Oval/Medial
GGTGATTGTCGCGTCA-1,1.036888,6.510699,Oval/Medial
GGTGATTGTGGTAATA-1,3.7291894,9.721941,Oval/Medial
GGTGATTTCGACCCAG-1,4.192585,3.5991242,Oval/Medial
GGTGATTTCTCTCAAT-1,5.253938,6.7028923,Oval/Medial
GGTGGCTAGAGTCCGA-1,4.8973184,3.5408828,Oval/Medial
GGTGGCTGTACCACGC-1,3.7397187,4.795641,Oval/Medial
GGTGTCGAGGCTTCCG-1,-2.4284024,4.675147,Hbx
GGTGTCGTCCGCACTT-1,7.038304,2.4481146,Oval/Medial
GGTGTTACAGGACTTT-1,-1.5837423,4.546752,Lateral
GGTGTTAGTGGTGATG-1-1,2.5553718,6.672453,Oval/Medial
GGTGTTATCATGCAGT-1,5.3529835,6.656979,Oval/Medial
GGTTAACCAATTGTGC-1,4.8103456,7.420485,Oval/Medial
GGTTCTCCAAGCACCC-1,3.5559132,6.4639673,Oval/Medial
GGTTCTCTCTCCAATT-1,4.1465077,4.757407,Oval/Medial
GGTTCTCTCTCCTGCA-1,2.8016047,6.5994115,Oval/Medial
GGTTGTAAGTTGCGCC-1,1.9001036,7.637969,Oval/Medial
GGTTGTACATTGCTGA-1,7.151737,1.7236707,Oval/Medial
GGTTGTAGTATACCTG-1,3.7354703,7.137866,Oval/Medial
GTAACACAGTGGCGAT-1,2.6967075,9.406034,Oval/Medial
GTAACCAAGATGTTGA-1,5.041927,3.1525598,Oval/Medial
GTAACCAGTATAGGAT-1,3.5898113,4.804408,Oval/Medial
GTAAGTCAGAGCGACT-1,-3.2168584,6.7373414,Marginal
GTAAGTCAGTCCTGCG-1,2.7354937,10.85181,Oval/Medial
GTAAGTCTCACGGGCT-1,3.0416632,11.771514,Oval/Medial
GTAAGTCTCAGGAAAT-1,2.3177564,10.319184,Oval/Medial
GTAATCGAGGGTATAT-1,-0.7167446,7.822865,Oval/Medial
GTAATCGGTAGTCTTG-1,4.1144795,10.4790535,Oval/Medial
GTAATGCCACATCATG-1,2.3289864,9.9684925,Oval/Medial
GTAATGCTCAACTGGT-1,3.7986512,8.061227,Oval/Medial
GTACAACAGACCTGGA-1,4.199769,9.5513935,Oval/Medial
GTACAACCAGCATACT-1,-3.2187808,6.946694,Marginal
GTACAACGTTCTCAGA-1,0.4367841,7.618801,Oval/Medial
GTACAACGTTGCCATA-1,2.2420986,5.0217876,Lateral
GTACAACTCTGTCCCA-1,-2.0376034,6.3063273,Marginal
GTACAGTCACCTCTGT-1,7.468665,3.4744518,Oval/Medial
GTACAGTGTCAACATC-1,2.0295067,1.6030402,Lateral
GTACAGTTCACTGCTC-1,5.5228696,4.838913,Oval/Medial
GTACAGTTCCCTCATG-1,-2.711274,8.260543,Marginal
GTAGAAACACGGGTAA-1,3.9900315,6.24634,Oval/Medial
GTAGAAAGTACTAAGA-1,2.8877714,12.274185,Oval/Medial
GTAGAGGCACTCATAG-1,-1.7882857,1.3598062,Hbx
GTAGATCGTTCTGACA-1,2.341367,5.270607,Oval/Medial
GTAGATCTCGCCTATC-1,6.1962733,2.8041034,Oval/Medial
GTAGATCTCGTCACCT-1,-0.97354394,6.899748,Oval/Medial
GTAGCTAAGCTTTCTT-1,1.6538085,7.255975,Oval/Medial
GTAGCTAAGTTCATGC-1,-2.1152825,0.21601857,Hbx
GTAGCTAGTAATGTGA-1,3.5727153,11.496644,Oval/Medial
GTAGCTATCAGTGTGT-1,7.442021,2.4398406,Oval/Medial
GTAGGAGAGGACTAAT-1,3.0325303,9.656645,Oval/Medial
GTAGGAGGTAGCCCTG-1,3.6857274,9.24559,Oval/Medial
GTAGGAGGTCACTGAT-1,7.2923994,5.9899883,Oval/Medial
GTAGGAGTCTCTGGTC-1,5.662478,7.053947,Oval/Medial
GTAGGTTAGCTCGTGC-1,4.073646,3.9845479,Oval/Medial
GTAGGTTTCATGTCAG-1,3.2396955,6.7549014,Oval/Medial
GTAGTACCATCAACCA-1,0.34525427,8.138326,Oval/Medial
GTATTGGAGCTTGTGT-1,5.8857927,2.4658911,Oval/Medial
GTATTGGAGTTATGGA-1,5.4865346,6.5685425,Oval/Medial
GTATTGGCATATAGCC-1,0.92918813,6.488363,Oval/Medial
GTATTTCAGGGACACT-1,5.9479213,6.518143,Oval/Medial
GTATTTCCAAGCAGGT-1,4.469507,3.6443017,Oval/Medial
GTATTTCCAGCCGTCA-1,-1.719555,-0.6130723,Hbx
GTATTTCCAGTCTCTC-1,5.4048705,5.5581875,Oval/Medial
GTCAAACCACCGCTAG-1,4.164329,4.1584153,Oval/Medial
GTCAAACCAGCGGTCT-1,3.8435934,11.038269,Oval/Medial
GTCAAACGTATGAAAC-1,4.9958887,7.7047043,Oval/Medial
GTCAAGTAGATCCTAC-1,5.7075505,6.412208,Oval/Medial
GTCAAGTAGATTAGCA-1,7.412631,3.4113562,Oval/Medial
GTCAAGTCAGAACGCA-1,3.8092237,6.3747625,Oval/Medial
GTCAAGTTCTCCGCAT-1,-0.5186128,4.726631,Oval/Medial
GTCACGGCAAGGTCGA-1,4.090442,7.4987245,Oval/Medial
GTCACGGCACACGGTC-1,-3.048169,6.4994216,Marginal
GTCACGGGTGCTGATT-1,-2.168309,2.4754424,Hbx
GTCACGGTCGAACACT-1,4.248633,4.476568,Oval/Medial
GTCACTCAGCAAGTCG-1,-2.1078584,3.4002419,Hbx
GTCACTCCAAGATCCT-1,4.6212873,5.1791906,Oval/Medial
GTCACTCGTCATAGTC-1,0.3932338,4.4073725,Oval/Medial
GTCATCCAGCAAATGT-1,4.4068637,6.443968,Oval/Medial
GTCATCCGTCCAGAAG-1,4.3332944,5.145799,Oval/Medial
GTCATCCTCGGTGAAG-1,-2.7425134,2.3892887,Hbx
GTCATGACATGAAAGT-1,0.4473134,2.5037243,Lateral
GTCATTTAGGACGCTA-1,5.2828836,5.324456,Oval/Medial
GTCATTTAGTGCACCC-1,-0.73238766,7.44229,Oval/Medial
GTCATTTGTACGCGTC-1,8.245845,7.4001784,Oval/Medial
GTCCACTAGTATGGCG-1,-1.7866315,1.859565,Hbx
GTCCCATAGGCAGTCA-1,4.815095,3.909299,Oval/Medial
GTCCCATAGGGAACAA-1,-1.3281338,7.5034604,Oval/Medial
GTCCTCAAGGCGTTGA-1,1.8766854,2.3284721,Lateral
GTCCTCACACTACCGG-1,-4.88914,7.8792634,Marginal
GTCCTCAGTGGTTTGT-1,5.787386,6.1130958,Oval/Medial
GTCCTCATCCGTGTAA-1-1,3.8384087,4.3596683,Oval/Medial
GTCGAATAGAGACAAG-1,3.4829495,10.613438,Oval/Medial
GTCGAATCACTTACAG-1,4.479601,4.0561767,Oval/Medial
GTCGAATCATGACTCA-1,4.2713575,7.468464,Oval/Medial
GTCGAATGTCCAGCGT-1,0.9536285,2.8897667,Lateral
GTCGAATTCGCGTTTC-1,5.2071285,6.643577,Oval/Medial
GTCGCGAAGGACATCG-1,6.9628687,2.1994743,Oval/Medial
GTCGCGAAGGTAGTAT-1,5.00755,10.787283,Oval/Medial
GTCGCGAGTCCCTAAA-1,4.3546133,5.060439,Oval/Medial
GTCGTTCAGATAGCTA-1,-1.2635597,5.6982813,Oval/Medial
GTCGTTCCATTCCTAT-1,4.310047,4.009905,Oval/Medial
GTCGTTCGTCTACTGA-1,2.89027,9.116102,Oval/Medial
GTCTACCCAATGGGTG-1,3.4323444,9.698732,Oval/Medial
GTCTACCTCGTAACAC-1,2.6405513,7.609121,Oval/Medial
GTCTACCTCTTGGATG-1-1,0.9173268,5.896986,Oval/Medial
GTCTAGAAGCTTCTAG-1,3.3423223,6.61621,Oval/Medial
GTCTAGACACTCTCGT-1,4.159451,4.0147896,Oval/Medial
GTCTCACAGACCACGA-1,3.1680486,11.266936,Oval/Medial
GTCTCACCAGCAGATG-1,6.1573677,8.291233,Oval/Medial
GTCTGTCTCAACTGAC-1,4.1266866,7.119131,Oval/Medial
GTCTTTACACTCATAG-1,0.18254411,6.0050926,Oval/Medial
GTCTTTATCGCCACTT-1,4.3648825,4.384783,Oval/Medial
GTGACGCCACATGAAA-1,4.3475027,7.8358197,Oval/Medial
GTGACGCCACTATCCC-1,6.81153,3.8933988,Oval/Medial
GTGACGCCAGATTTCG-1,4.366242,7.3539224,Oval/Medial
GTGAGCCAGGCGAACT-1,5.657558,8.426738,Oval/Medial
GTGAGCCTCAAATGCC-1,5.337826,10.146756,Oval/Medial
GTGAGCCTCGCCGATG-1,2.6527135,11.509593,Oval/Medial
GTGAGGAAGTATAGGT-1,5.7451544,6.999376,Oval/Medial
GTGAGGACATGGGAAC-1,7.204324,1.4258442,Oval/Medial
GTGAGTTTCCCTATTA-1,6.7090087,7.0483007,Oval/Medial
GTGCACGGTACTCGAT-1,5.235564,4.96862,Oval/Medial
GTGCACGTCTCGTCAC-1,3.0168095,11.560692,Oval/Medial
GTGCAGCCACACCTGG-1,6.2590446,5.095263,Oval/Medial
GTGCAGCGTGAGTGAC-1,4.555757,4.578908,Oval/Medial
GTGCAGCTCATATGGC-1,4.921436,7.358911,Oval/Medial
GTGCAGCTCTCGACCT-1,4.255652,7.8582053,Oval/Medial
GTGCGTGCAACACAAA-1,4.6969485,3.8859622,Oval/Medial
GTGCGTGCACTAACCA-1,3.7120597,6.910686,Oval/Medial
GTGCGTGCAGAGATTA-1,5.191289,10.069336,Oval/Medial
GTGCTGGGTTACACAC-1,4.3717566,7.188912,Oval/Medial
GTGCTGGTCCGTGGGT-1,4.416386,10.630085,Oval/Medial
GTGCTGGTCGGACTGC-1,4.2208624,4.0251365,Oval/Medial
GTGCTTCAGAATGTTG-1,6.0787168,9.924077,Oval/Medial
GTGCTTCGTTTACACG-1,3.714479,3.6239347,Oval/Medial
GTGGAAGCATACATCG-1,-2.1772058,0.6930236,Hbx
GTGGAAGGTTCGTGCG-1,2.311988,10.240656,Oval/Medial
GTGGAAGTCCAGCCTT-1,-3.46209,6.257449,Marginal
GTGGAGACAACTTCTT-1,4.295826,10.685153,Oval/Medial
GTGGAGAGTATGTCAC-1,4.445034,3.451931,Oval/Medial
GTGGCGTAGAGTGTGC-1,5.4733257,10.435895,Oval/Medial
GTGGCGTCATCATTTC-1,5.2927556,6.664449,Oval/Medial
GTGGCGTGTGGTACAG-1,4.054076,8.615215,Oval/Medial
GTGGCGTTCTCTTGCG-1,4.709661,11.141775,Oval/Medial
GTGGGAAAGAATAGTC-1,3.9079978,3.8381755,Oval/Medial
GTGGGAATCATTATCC-1,4.1132274,4.271193,Oval/Medial
GTGGTTAAGGATTTGA-1,0.3494288,6.7197256,Oval/Medial
GTGGTTACAAATCAAG-1,4.148409,7.4014845,Oval/Medial
GTGTCCTCAAGTGGTG-1,6.9678493,7.849243,Oval/Medial
GTGTCCTGTGTCCAAT-1-1,5.2680173,6.401808,Oval/Medial
GTGTCCTGTTGTCAGT-1,6.043706,2.580733,Oval/Medial
GTGTGATAGACTCTTG-1,0.68046623,6.582457,Oval/Medial
GTGTGATCAGAAACCG-1,3.0945454,9.687035,Oval/Medial
GTGTGATGTAAGGTCG-1,4.5171366,9.880023,Oval/Medial
GTGTGATTCCTCCACA-1,-0.017601095,5.039706,Oval/Medial
GTGTGGCAGGTTGGTG-1,0.14677836,6.59132,Oval/Medial
GTGTGGCTCGCCAGAC-1,-0.114041604,4.8878403,Oval/Medial
GTGTTAGTCTATCGCC-1,4.190331,8.621833,Oval/Medial
GTGTTCCAGTGCCAGA-1,7.259499,1.8069668,Oval/Medial
GTGTTCCTCCCAGCGA-1,4.9111114,10.123385,Oval/Medial
GTTACAGCAGCACAGA-1,5.2302732,8.620866,Oval/Medial
GTTACAGCATGGCACC-1,3.8821452,4.697316,Oval/Medial
GTTACAGTCAACCTTT-1,7.4552946,5.8456955,Oval/Medial
GTTACAGTCCTTGACC-1,4.510033,9.861688,Oval/Medial
GTTACAGTCGCTGACG-1,3.7484329,6.022086,Oval/Medial
GTTACCCGTAGGACCA-1,4.519841,10.108316,Oval/Medial
GTTACGACAAGGTACG-1,0.72378623,6.745855,Oval/Medial
GTTACGACAGAACTTC-1,6.889585,8.6911,Oval/Medial
GTTACGAGTCTCAGAT-1,3.5065067,4.4698,Oval/Medial
GTTAGACAGGCCCACT-1,3.3528194,9.89913,Oval/Medial
GTTAGACGTGGGCTCT-1,-2.5418475,6.8534555,Marginal
GTTAGACTCGGATAAA-1,6.531601,7.86658,Oval/Medial
GTTAGTGAGAATCGTA-1,-0.031489998,6.5212936,Oval/Medial
GTTAGTGAGTGAATAC-1,2.0745597,7.2208247,Oval/Medial
GTTATGGAGACTCTAC-1,4.528453,6.349956,Oval/Medial
GTTATGGGTACAAGCG-1,4.344162,8.149031,Oval/Medial
GTTCATTAGGTATAGT-1,6.78646,2.1935859,Oval/Medial
GTTCATTCAACATACC-1,2.898041,11.206294,Oval/Medial
GTTCATTCAATTAGGA-1,6.9019237,1.8230064,Oval/Medial
GTTCATTTCCTATTGT-1,4.048785,10.15442,Oval/Medial
GTTCATTTCGGCATTA-1,-2.6941404,6.7818823,Marginal
GTTCATTTCTCTTGCG-1,3.952372,6.6623983,Oval/Medial
GTTCGCTGTAGATCCT-1,-2.3513455,5.7642403,Marginal
GTTCGCTGTAGATTAG-1,1.0511894,7.887829,Oval/Medial
GTTCGCTGTGCAGGAT-1,4.7524858,3.8086367,Oval/Medial
GTTCGCTTCGCCTCTA-1,3.3887455,9.234997,Oval/Medial
GTTCGCTTCGTTCCCA-1,7.328218,2.3971925,Oval/Medial
GTTCTATAGCCTATTG-1,5.07532,11.730247,Oval/Medial
GTTCTATCAGTGCCTG-1,0.37301517,1.8614348,Lateral
GTTCTATGTCGATTAC-1,7.214965,9.375329,Oval/Medial
GTTGAACAGACGCTCC-1,3.6350307,11.742556,Oval/Medial
GTTGAACCACTTGGGC-1,0.32836777,8.984634,Oval/Medial
GTTGAACTCTCCCATG-1,3.807724,5.1657085,Oval/Medial
GTTGCGGGTTCGCGTG-1,6.666637,2.2815955,Oval/Medial
GTTGCGGTCACCTCAC-1,4.6286097,7.0060973,Oval/Medial
GTTGCGGTCGAGCCAC-1,5.675583,2.6854136,Oval/Medial
GTTGCTCAGGAGGGTG-1,-2.3212109,4.316941,Hbx
GTTGCTCCACGTCGGT-1,4.0294375,5.760941,Oval/Medial
GTTGTCCGTAACGATA-1,3.4864464,6.828348,Oval/Medial
GTTGTCCTCGTCGATA-1,4.382457,4.45493,Oval/Medial
GTTGTGAAGAGGGCGA-1,-1.7854817,1.5836288,Hbx
GTTGTGAGTCAAGGCA-1,3.8552604,4.5939784,Oval/Medial
GTTGTGATCACCTCTG-1,-0.41309488,4.2274094,Oval/Medial
GTTGTGATCGACACCG-1,5.2881613,3.012961,Oval/Medial
GTTTACTAGTTCCGTA-1,3.4668303,9.106327,Oval/Medial
GTTTACTTCCAAGCAT-1,-2.283347,7.2993975,Marginal
GTTTGGACAGACCAGA-1,5.0334973,9.146109,Oval/Medial
TAACACGAGGCATTTC-1,3.8747048,4.831053,Oval/Medial
TAACACGGTGGTCCGT-1,3.8078616,6.7769804,Oval/Medial
TAACCAGCAGCGTTTA-1,-1.0760105,6.093066,Oval/Medial
TAACCAGCAGGTAGTG-1,4.411801,6.4799533,Oval/Medial
TAACCAGGTGTACGCC-1,-2.7865846,6.2167964,Marginal
TAACCAGTCAAGCCAT-1,-2.009358,1.2899331,Hbx
TAACCAGTCCTTCTAA-1,4.993396,10.683361,Oval/Medial
TAACGACAGATGAACT-1,4.0290217,4.212773,Oval/Medial
TAACGACGTAATGTGA-1,-2.3198102,2.6247625,Hbx
TAACGACTCGAAGTGG-1,2.8366373,9.866899,Oval/Medial
TAACGACTCGATGCTA-1,4.4932194,4.621695,Oval/Medial
TAACTTCAGGCGCTTC-1,3.8124685,3.7349045,Oval/Medial
TAACTTCTCACCCATC-1,5.001123,6.351764,Oval/Medial
TAAGCACCAGTCAGAG-1,6.531335,8.973435,Oval/Medial
TAAGCACGTCACAGTT-1,6.500953,8.986289,Oval/Medial
TAAGCCAAGGAGAATG-1,4.5091305,10.773249,Oval/Medial
TAAGCCACAATGACCT-1,-2.1176033,6.3488417,Marginal
TAAGCCAGTCCTTAAG-1,2.9029424,2.7226744,Lateral
TAAGCGTGTTAATCGC-1,5.366736,6.660614,Oval/Medial
TAAGCGTTCCGTAGTA-1,3.5539553,7.4609475,Oval/Medial
TAAGTCGGTCATCGGC-1,6.140167,8.9442,Oval/Medial
TAATCTCCAGACCAAG-1,4.209408,6.3003907,Oval/Medial
TAATCTCCAGACCTGC-1,0.3313901,6.463686,Oval/Medial
TAATCTCTCCGATCTC-1-1,4.6016574,7.2005234,Oval/Medial
TAATCTCTCCTCACGT-1,7.1420493,6.9387584,Oval/Medial
TAATTCCAGGGACCAT-1,7.6710916,8.484524,Oval/Medial
TACAACGAGTCACGCC-1,1.4141304,7.740393,Oval/Medial
TACAACGGTACGAGTG-1,6.1752176,9.95834,Oval/Medial
TACAACGGTCACCCTT-1,-3.0031018,6.0072193,Marginal
TACAGGTAGAAGGGAT-1,5.0008373,7.1302137,Oval/Medial
TACAGGTAGACAACTA-1,1.9187036,7.088695,Oval/Medial
TACAGGTAGAGATTCA-1,-2.0228157,3.1798315,Hbx
TACAGGTCAGAGCGTA-1,3.5626273,6.8106074,Oval/Medial
TACAGGTTCAATCTCT-1,3.550817,10.599671,Oval/Medial
TACAGGTTCATGACAC-1,2.7421057,10.372165,Oval/Medial
TACCCACAGAAGGATG-1,3.9132636,6.6858463,Oval/Medial
TACCCACCAAACCACT-1,-1.8546301,2.4395328,Hbx
TACCCACCAAGGCTTT-1,4.791331,10.445713,Oval/Medial
TACCCACCAATCGCAT-1,4.163915,3.966481,Oval/Medial
TACCCACTCCGCTTAC-1,1.0260653,5.8697085,Oval/Medial
TACCCACTCGCTCCTA-1,4.4234858,7.9128633,Oval/Medial
TACCCGTCAAGACAAT-1,3.5722446,9.498154,Oval/Medial
TACCCGTCACTTCCTG-1,-2.3521512,-0.28917238,Hbx
TACCCGTGTGCGTGCT-1,7.793854,9.122585,Oval/Medial
TACCGAACACCAGCTG-1,4.6313314,6.519177,Oval/Medial
TACCGGGCACTTGACA-1-1,-0.30948603,6.4212065,Oval/Medial
TACCGGGTCCTCTCTT-1,5.9612384,5.3527036,Oval/Medial
TACCTCGAGACATCCT-1,6.2232604,7.0688996,Oval/Medial
TACCTCGCACCCAACG-1,8.063958,6.9564915,Oval/Medial
TACCTCGTCGAACCAT-1,0.55769914,8.133556,Oval/Medial
TACCTCGTCTATACTC-1,-2.276648,4.117358,Hbx
TACCTGCAGCATAGGC-1,3.2320886,10.642477,Oval/Medial
TACGCTCCAGAGTCTT-1,5.359432,9.854983,Oval/Medial
TACGCTCTCCCTCGAT-1,6.202184,2.3800402,Oval/Medial
TACGGGCGTTTCGCTC-1,2.870024,12.502042,Oval/Medial
TACGGGCTCAACTGGT-1,1.7547963,4.6541524,Lateral
TACGGGCTCTCAGAAC-1,-0.5422039,5.962027,Oval/Medial
TACGGTAAGCTGTTAC-1,-1.0878224,6.4747715,Oval/Medial
TACGGTACAAGGGTCA-1,-1.0682513,6.8101234,Oval/Medial
TACGGTAGTAATCAAG-1,3.4351215,8.014761,Oval/Medial
TACGGTATCAAGAATG-1,-2.225725,4.0036163,Hbx
TACGTCCAGCGTGTTT-1,7.100896,1.3912938,Oval/Medial
TACGTCCAGGGAGGAC-1,5.56576,8.050916,Oval/Medial
TACGTCCCAACACGTT-1,4.541459,11.28609,Oval/Medial
TACGTCCTCTATCGTT-1,4.5550585,6.327879,Oval/Medial
TACTGCCAGCACTCTA-1,3.5826812,6.253311,Oval/Medial
TACTGCCAGGTTGAGC-1-1,4.268821,4.7508183,Oval/Medial
TACTGCCCAATTCTCT-1,1.4243351,5.7108054,Oval/Medial
TACTGCCGTTGGCCTG-1,-2.3242302,6.910847,Marginal
TACTGCCTCTTGCGCT-1,2.9177926,6.7480187,Oval/Medial
TACTTACAGGTTCACT-1,7.5287595,2.2662597,Oval/Medial
TACTTACCAGTCGCTG-1,0.9989041,2.0479274,Lateral
TACTTACGTCAGGTAG-1,3.6089458,10.706693,Oval/Medial
TACTTCAAGCTGACTT-1,2.8364482,10.299558,Oval/Medial
TACTTCACAAGGCTTT-1,2.8293295,10.507753,Oval/Medial
TACTTCATCATTTCGT-1,-0.96990985,7.465077,Oval/Medial
TACTTCATCCGTGTCT-1,4.373712,4.3388853,Oval/Medial
TACTTCATCCTGGGTG-1,0.8896987,5.9343133,Oval/Medial
TACTTGTAGGTTCTTG-1,4.32759,4.305403,Oval/Medial
TACTTGTTCACCGCTT-1-1,0.24705037,6.363653,Oval/Medial
TACTTGTTCTCTGCTG-1,5.020743,4.2351437,Oval/Medial
TAGACCAAGACCATTC-1,3.5630221,10.109344,Oval/Medial
TAGACCAAGAGAGTGA-1,-1.9673339,3.49164,Hbx
TAGACTGCATGACTTG-1,7.517539,1.168558,Oval/Medial
TAGACTGGTAATACCC-1,2.1148925,3.4941726,Lateral
TAGATCGCAATAACCC-1,5.7736664,7.2025723,Oval/Medial
TAGATCGCAGCGCTTG-1,4.5126166,6.202922,Oval/Medial
TAGCACAAGTCGGGAT-1,4.583391,5.1461687,Oval/Medial
TAGCACATCTCCGCAT-1,4.039247,8.79342,Oval/Medial
TAGGAGGCAATGTTGC-1,5.5519633,10.907965,Oval/Medial
TAGGAGGTCACTTCTA-1,1.9511216,3.4106843,Lateral
TAGGAGGTCCTCGCAT-1,5.9157815,2.351103,Oval/Medial
TAGGGTTGTCTCCTGT-1,-2.3709743,0.8592729,Hbx
TAGGGTTTCCCGGTAG-1,-0.8284331,7.016585,Oval/Medial
TAGGTACAGAAACTGT-1,1.9061526,3.5066237,Lateral
TAGGTACCAATTGAAG-1,6.7364287,6.405353,Oval/Medial
TAGGTTGAGAAGGTAG-1,4.430297,10.311956,Oval/Medial
TAGGTTGGTAGCTGTT-1,2.8682723,10.625187,Oval/Medial
TAGGTTGGTCCTGGTG-1,5.3596463,4.9803925,Oval/Medial
TAGGTTGTCACTTTGT-1,0.46823427,8.255987,Oval/Medial
TAGGTTGTCTATCACT-1,0.9563178,2.931156,Lateral
TAGTGCACACAGCCTG-1,4.383657,8.585238,Oval/Medial
TAGTGCAGTTGCAACT-1,5.048139,3.8732831,Oval/Medial
TATACCTAGCGCCGTT-1,7.6114006,7.909276,Oval/Medial
TATACCTAGCTGGCTC-1,-0.85280424,1.104514,Hbx
TATACCTCACTCTCGT-1,5.1367807,7.4984717,Oval/Medial
TATACCTGTAGTTACC-1,5.797342,8.266452,Oval/Medial
TATACCTGTTGGGTTT-1,1.2077624,7.6983824,Oval/Medial
TATACCTGTTTGGAGG-1,4.0436897,6.532316,Oval/Medial
TATACCTTCACGGGCT-1,3.6220832,5.2397604,Oval/Medial
TATATCCAGGTGCCTC-1,-0.9982141,5.948865,Oval/Medial
TATATCCTCGGCTGAC-1,6.3067055,8.124502,Oval/Medial
TATCAGGTCATGCCCT-1,0.66688365,4.1831627,Lateral
TATCAGGTCCACTTTA-1,5.240459,7.5702305,Oval/Medial
TATCCTAAGCTCAGAG-1,7.5101357,7.9217114,Oval/Medial
TATCGCCCAATCGCGC-1,-1.6863176,1.3466569,Hbx
TATCGCCTCGTTATCT-1,3.4974272,10.844471,Oval/Medial
TATCTGTCATAACAGA-1,5.692925,5.559085,Oval/Medial
TATCTGTTCGCACTCT-1,4.6084056,3.8341146,Oval/Medial
TATCTGTTCTGCCTCA-1,4.654174,10.548497,Oval/Medial
TATCTTGCAATGACCT-1,1.4760066,6.2294464,Oval/Medial
TATGTTCTCGGTAGAG-1,2.8941178,9.522315,Oval/Medial
TATTCCAGTGGACCAA-1,-2.2434583,6.500806,Marginal
TATTCCAGTTATCTTC-1,2.000324,3.0297687,Lateral
TATTCCAGTTCCTACC-1,5.1976943,3.2915688,Oval/Medial
TATTCCATCACACCGG-1,4.7260575,7.6404204,Oval/Medial
TATTCCATCTTAGCCC-1,7.697461,7.1662927,Oval/Medial
TATTGCTCAGGCGAAT-1,7.8762746,9.20947,Oval/Medial
TATTGCTGTAGTATAG-1,2.2822907,7.071474,Oval/Medial
TATTGCTGTTCCCAAA-1,-0.8825034,6.590874,Oval/Medial
TATTGCTTCCTCTCGA-1,3.713247,9.935159,Oval/Medial
TATTGCTTCGCCTTTG-1,4.967085,6.270046,Oval/Medial
TATTGCTTCGCTTACC-1,4.523761,7.522895,Oval/Medial
TATTGGGAGTAAACTG-1,4.1328588,3.3503954,Oval/Medial
TATTGGGGTACTTCCC-1,0.58563817,2.7592323,Lateral
TATTTCGGTATGTCCA-1,2.9610603,7.5389214,Oval/Medial
TATTTCGGTGGCGTAA-1,-2.7508707,6.621713,Marginal
TATTTCGGTGGTTTGT-1,2.7713277,11.848795,Oval/Medial
TCAAGACTCGGTCACG-1,3.1701844,6.0784726,Oval/Medial
TCAAGCAAGGTTATAG-1,-0.0770731,6.841404,Oval/Medial
TCAAGCACAGGACGAT-1,4.8057194,4.99701,Oval/Medial
TCAAGCAGTGTATTGC-1,-1.9702474,-0.5764516,Hbx
TCAAGTGAGGATTTGA-1,3.5226388,4.008522,Oval/Medial
TCAAGTGCAACACACT-1,1.7091918,5.7644095,Oval/Medial
TCAAGTGGTTCTCAGA-1,7.84204,5.2524834,Oval/Medial
TCAAGTGTCCGTAGTA-1,-0.37393686,8.306348,Oval/Medial
TCAAGTGTCGTCCATC-1,4.3054695,3.1697297,Oval/Medial
TCAAGTGTCGTGCATA-1,-2.2760758,5.6228223,Marginal
TCAAGTGTCTAATTCC-1,7.2255044,1.3527387,Oval/Medial
TCAATCTAGGGCAGAG-1,3.781103,8.731596,Oval/Medial
TCAATCTGTACCATAC-1,7.7194533,9.326163,Oval/Medial
TCAATCTGTATCCTTT-1,6.0645123,2.2669427,Oval/Medial
TCAATTCAGAGGGTAA-1,5.8100586,4.9630613,Oval/Medial
TCAATTCAGGCCTGAA-1,2.9152703,11.115208,Oval/Medial
TCACAAGCAGAGTGTG-1,5.047612,3.7512558,Oval/Medial
TCACAAGCATGGGTCC-1,3.4589584,6.988323,Oval/Medial
TCACACCGTGGTCTGC-1,4.5067496,4.72986,Oval/Medial
TCACACCGTTCGGTTA-1,3.754935,6.1292315,Oval/Medial
TCACATTCACAGTATC-1,3.5905776,7.965857,Oval/Medial
TCACATTTCCTGGTCT-1,3.123799,7.0704293,Oval/Medial
TCACATTTCGCCTTGT-1,6.925297,1.9469234,Oval/Medial
TCACATTTCGTGGCGT-1,2.932136,11.916492,Oval/Medial
TCACGCTAGCATTGAA-1,4.278706,6.7896633,Oval/Medial
TCACGCTAGTATGAAC-1,3.9386013,12.227932,Oval/Medial
TCACGCTCACGCTGCA-1,5.8700533,8.969509,Oval/Medial
TCACGCTGTGATTGGG-1,-2.2518518,7.3650703,Marginal
TCACGGGAGTGCCCGT-1,4.1125526,6.3569026,Oval/Medial
TCACGGGCAATCGCGC-1,3.076653,10.238727,Oval/Medial
TCACGGGGTGCAGTGA-1,5.0658336,5.642249,Oval/Medial
TCACTATAGACGACTG-1,0.89358187,6.1430583,Oval/Medial
TCACTATAGCGACTAG-1,4.665878,3.6547592,Oval/Medial
TCACTATAGGGCTTCC-1,6.9688363,1.6015054,Oval/Medial
TCACTATCAGGTGTTT-1,3.871918,13.361992,Oval/Medial
TCACTATGTACTGTTG-1,4.321456,8.569782,Oval/Medial
TCACTATGTGAATTGA-1,-0.5928651,1.8645173,Hbx
TCACTATTCATCTCTA-1,-0.13609092,4.5574837,Oval/Medial
TCACTATTCTCGGGAC-1,0.5188992,5.919662,Oval/Medial
TCACTCGAGTAGTGCG-1,3.794271,8.924688,Oval/Medial
TCACTCGAGTGACCTT-1,3.5485647,10.015371,Oval/Medial
TCACTCGCAACAGAGC-1,4.1160526,11.239543,Oval/Medial
TCACTCGCACACGCCA-1,1.2191792,8.11568,Oval/Medial
TCACTCGCATCTTCGC-1,6.0173664,3.0002773,Oval/Medial
TCAGCAAAGATGTTAG-1,-1.6422079,5.9976816,Oval/Medial
TCAGCAACATTCTGTT-1,0.90873736,6.530459,Oval/Medial
TCAGCAAGTGCGTCGT-1,-2.7096326,7.7120256,Marginal
TCAGCCTAGCGTTCCG-1,1.8761303,7.3530564,Oval/Medial
TCAGCCTAGTAAGGGA-1,4.0806284,6.6527224,Oval/Medial
TCAGCCTCAGTGACCC-1,4.632257,4.8318677,Oval/Medial
TCAGCCTGTTGGTGTT-1,6.3669,4.444634,Oval/Medial
TCAGCCTTCCTACGGG-1,1.8300252,6.2766094,Oval/Medial
TCAGGGCCAACGGCTC-1,3.437897,7.1214385,Oval/Medial
TCAGGGCGTAGCGATG-1,5.0707264,2.7954018,Oval/Medial
TCAGGGCTCATGAGGG-1,-1.9222513,7.1137476,Marginal
TCAGGTAAGCTGACTT-1,5.2311196,7.116707,Oval/Medial
TCAGGTACACGGAAGT-1,0.19500314,4.477163,Oval/Medial
TCAGGTACAGCTTCGG-1,6.395141,6.736904,Oval/Medial
TCAGGTACATCATCTT-1,4.3372726,4.7589235,Oval/Medial
TCAGTCCCAGTAGGAC-1,4.284659,4.599619,Oval/Medial
TCAGTCCGTCAGATTC-1,3.5752387,7.170982,Oval/Medial
TCAGTCCTCAGTGGGA-1,5.0373755,3.6741667,Oval/Medial
TCAGTCCTCGCAGTTA-1,2.7694628,5.5197372,Oval/Medial
TCAGTGAAGATGACCG-1,-0.9440526,6.290799,Oval/Medial
TCAGTGAAGCGATCGA-1,4.8362894,10.948384,Oval/Medial
TCAGTGAGTAATGCGG-1,0.36407354,6.872861,Oval/Medial
TCAGTTTAGTAGCAAT-1,5.7018714,2.768013,Oval/Medial
TCAGTTTGTCACAGTT-1,0.9179258,6.2239914,Oval/Medial
TCAGTTTTCAACGAGG-1,1.551075,6.911697,Oval/Medial
TCAGTTTTCATCCTGC-1,0.35217506,7.1470547,Oval/Medial
TCATACTAGACCTGGA-1,2.8615892,12.3493,Oval/Medial
TCATACTGTATCAAGA-1,4.2517138,7.5078287,Oval/Medial
TCATACTTCCTACGGG-1,-1.9157805,-0.61008537,Hbx
TCATATCCAATGAACA-1,3.8552568,4.316212,Oval/Medial
TCATATCTCATTTGCT-1,4.5081887,6.840892,Oval/Medial
TCATATCTCGCATTGA-1,2.7644238,3.1732976,Lateral
TCATATCTCTTAATCC-1,4.726877,10.517795,Oval/Medial
TCATCATAGAAGTGTT-1,2.2230814,7.873688,Oval/Medial
TCATCATAGTTACGGG-1,5.1306267,7.3865113,Oval/Medial
TCATCATGTCGTGCCA-1,4.0133243,9.590713,Oval/Medial
TCATCATGTTTCGTTT-1,-2.2981865,2.1976056,Hbx
TCATCATTCTATCGTT-1,4.891297,6.061293,Oval/Medial
TCATCCGTCCTCAGAA-1,6.4445677,6.7325172,Oval/Medial
TCATGAGAGTGCCTCG-1,8.056583,7.9382987,Oval/Medial
TCATGAGGTCTTACTT-1,4.4969635,10.035934,Oval/Medial
TCATGCCCAAGTTGGG-1,5.232019,5.8669386,Oval/Medial
TCATGCCGTAGGTCAG-1,3.2984138,8.776824,Oval/Medial
TCATGCCGTATCGCGC-1,5.5234284,6.9915137,Oval/Medial
TCATGCCTCTATGCCC-1,4.497908,7.395181,Oval/Medial
TCATGGAAGCGCCGTT-1,3.1480951,9.51252,Oval/Medial
TCATGGACACATGACT-1,3.8959184,10.11885,Oval/Medial
TCATGGACAGGCGTTC-1,-2.047787,1.9918625,Hbx
TCATGGAGTCCACTCT-1,1.0235366,2.4425611,Lateral
TCATGGATCCTCTCGA-1,5.6690507,6.003461,Oval/Medial
TCATGTTGTCGCACAC-1,3.8811016,7.5372195,Oval/Medial
TCATTACCACCTCGTT-1,6.757935,7.9813566,Oval/Medial
TCATTACCACGACGAA-1,6.509672,2.519077,Oval/Medial
TCATTACCAGCATCTA-1,3.638964,7.0107017,Oval/Medial
TCATTACCAGCTCATA-1,2.1036365,2.9048975,Lateral
TCATTACGTCATAACC-1,4.6446857,3.3174796,Oval/Medial
TCATTACGTCCACAGC-1,4.0448356,4.174876,Oval/Medial
TCATTACTCTGGGAGA-1,3.4829922,6.769889,Oval/Medial
TCATTCAGTCGACTGC-1,3.7944486,7.056937,Oval/Medial
TCATTCAGTTATCCAG-1,4.0447965,12.780509,Oval/Medial
TCATTGTGTATTTCTC-1,4.870478,3.9323335,Oval/Medial
TCATTGTGTGGTCCCA-1,2.9567127,6.258504,Oval/Medial
TCATTTGAGCCTCACG-1,5.6554,3.2535732,Oval/Medial
TCATTTGGTCCACTTC-1,5.5165825,2.9638686,Oval/Medial
TCCACCACAAACCATC-1,0.29818907,7.363981,Oval/Medial
TCCACCATCGTAACAC-1,0.6749845,7.5127177,Oval/Medial
TCCACGTCATCATTTC-1,4.446461,5.2592344,Oval/Medial
TCCACGTGTATGGAGC-1,4.425155,6.4846997,Oval/Medial
TCCAGAAAGACGACTG-1,-0.886111,7.7420826,Oval/Medial
TCCAGAACAGGTTTAC-1,4.220029,3.4283824,Oval/Medial
TCCAGAACATCGTTCC-1,5.0672855,5.449973,Oval/Medial
TCCAGAATCCACGTAA-1,4.2894726,7.1591487,Oval/Medial
TCCATCGTCCATTCGC-1,5.2089868,3.900604,Oval/Medial
TCCATCGTCTACACTT-1,4.5890517,4.869778,Oval/Medial
TCCATCGTCTTAGCCC-1,4.921968,3.2186754,Oval/Medial
TCCCACAAGGAGGTTC-1,3.6292074,7.5865984,Oval/Medial
TCCCACAGTACTCAAC-1,4.118529,7.0262136,Oval/Medial
TCCCACATCGAACGGA-1,5.4922566,4.1050267,Oval/Medial
TCCCACATCTATCCAT-1,8.1105795,7.2487483,Oval/Medial
TCCCAGTCAAATCCCA-1,3.0857816,9.310124,Oval/Medial
TCCCAGTTCCATTTGT-1,3.00666,5.2235007,Oval/Medial
TCCCAGTTCGTGCGAC-1,6.9421077,2.2379103,Oval/Medial
TCCCATGAGGATATGT-1,6.2887225,1.8322843,Oval/Medial
TCCCATGTCCAACTAG-1,1.4834721,6.74622,Oval/Medial
TCCGAAATCCGAGTGC-1,0.4958461,8.007023,Oval/Medial
TCCGATCCAACCGGAA-1,-0.35615954,7.8417954,Oval/Medial
TCCGATCCAGCTGTGC-1,4.9298124,7.3725867,Oval/Medial
TCCGATCTCATCCTAT-1,3.7548862,9.579307,Oval/Medial
TCCGATCTCTATCGCC-1,5.4104323,3.34453,Oval/Medial
TCCGGGATCATCGGGC-1,-1.3925451,5.6211605,Oval/Medial
TCCGGGATCTGTGCTC-1,3.9515831,7.8389134,Oval/Medial
TCCGTGTGTCTGCCTT-1,-0.8170323,6.387812,Oval/Medial
TCCGTGTTCGAGAATA-1-1,7.4807935,1.3144587,Oval/Medial
TCCTAATCAAGTCCCG-1,4.604798,5.1642857,Oval/Medial
TCCTCCCAGTGGTTCT-1,4.081217,3.5038693,Oval/Medial
TCCTCCCGTGACCGAA-1,8.510246,6.9609337,Oval/Medial
TCCTCCCTCGCTTACC-1,4.45377,9.99647,Oval/Medial
TCCTCCCTCTTCGATT-1,4.0125685,4.7843695,Oval/Medial
TCCTCGAAGGGAGGAC-1,4.8563776,4.2180862,Oval/Medial
TCCTCGACAGACCGCT-1,-1.8335122,0.52884156,Hbx
TCCTCGAGTCGACTGC-1,1.6510675,4.144442,Lateral
TCCTCGATCCATCTAT-1,1.3578293,2.1842148,Lateral
TCCTCTTAGATGCTAA-1,2.0257626,6.87185,Oval/Medial
TCCTCTTAGCTGGCTC-1,4.2280636,7.7824416,Oval/Medial
TCCTCTTCATATTCGG-1,2.0923715,6.5134225,Oval/Medial
TCCTCTTCATCTATCT-1,4.6099024,7.303677,Oval/Medial
TCCTCTTGTCGCAGTC-1,0.31956282,2.3587446,Lateral
TCCTGCAAGAGGTCAC-1,5.507411,9.594183,Oval/Medial
TCCTGCACATTGACTG-1,5.805329,8.659848,Oval/Medial
TCCTGCAGTCCAACGC-1,6.655105,2.5084488,Oval/Medial
TCCTGCATCGAGCACC-1,-1.1673574,6.8000607,Oval/Medial
TCCTTCTAGGTCATTC-1,5.3801703,4.3958225,Oval/Medial
TCCTTCTGTTGCTGAT-1,3.6415749,4.2127843,Oval/Medial
TCCTTTCGTACCTTCC-1,3.0548854,9.525496,Oval/Medial
TCCTTTCGTTCATCGA-1,5.1680517,6.415491,Oval/Medial
TCGAACAAGGGACCAT-1,5.0951185,3.5979412,Oval/Medial
TCGAACACAGCCCACA-1,6.049153,9.103124,Oval/Medial
TCGAACACAGTTGTTG-1-1,-3.2855215,5.649767,Marginal
TCGAACAGTGGGTCAA-1,-2.4635623,2.0558558,Hbx
TCGAAGTTCAATGTCG-1,5.5324216,2.823102,Oval/Medial
TCGACCTAGCAAGGAA-1,5.2223506,3.3908527,Oval/Medial
TCGACCTAGTTAGAAC-1,4.632969,4.12657,Oval/Medial
TCGACCTCAACCAGAG-1,0.22057351,2.1389375,Lateral
TCGACCTTCTGCCTCA-1,4.198344,10.126169,Oval/Medial
TCGACGGAGTAGGAAG-1,1.5227504,6.7631254,Oval/Medial
TCGACGGGTTGCATAC-1,3.621415,9.8594475,Oval/Medial
TCGATTTCACAAATGA-1,5.1768107,10.7517185,Oval/Medial
TCGCACTAGCCTCAAT-1,3.4883254,8.3242235,Oval/Medial
TCGCACTCATTAGGCT-1,3.2705173,4.706256,Oval/Medial
TCGCACTGTTAGGGTG-1,4.3580074,13.709777,Oval/Medial
TCGCACTTCCACCTGT-1,5.2311616,2.664392,Oval/Medial
TCGCACTTCCCTGTTG-1,0.7664274,6.994291,Oval/Medial
TCGCAGGGTTATCTGG-1,4.759986,3.336361,Oval/Medial
TCGCAGGGTTCTTAGG-1,3.2986922,10.142304,Oval/Medial
TCGCTCAAGGGTTTCT-1,4.2194448,11.674673,Oval/Medial
TCGCTCAAGTATGAAC-1-1,3.5383112,4.31933,Oval/Medial
TCGCTCAAGTTGGACG-1,4.536629,3.5410442,Oval/Medial
TCGCTCACACATAGCT-1,5.2242074,4.0032697,Oval/Medial
TCGCTCACACCCATAA-1,4.5516114,11.608206,Oval/Medial
TCGCTCACACTGCGTG-1,7.083258,2.037549,Oval/Medial
TCGCTCAGTTCGGCCA-1,-0.096956216,9.251293,Oval/Medial
TCGCTCATCGAATCCA-1,2.3966768,5.3201065,Oval/Medial
TCGCTCATCGTAACCA-1,4.8729153,3.9703314,Oval/Medial
TCGCTTGAGACTTCGT-1-1,7.347131,6.3833923,Oval/Medial
TCGCTTGCATTGGCAT-1,7.4246035,3.3203561,Oval/Medial
TCGCTTGGTCGGTGTC-1,3.9842458,6.4185395,Oval/Medial
TCGGATACATTGCAAC-1,6.8791447,7.0319786,Oval/Medial
TCGGATAGTAGCGTCC-1,3.5171008,4.3461537,Oval/Medial
TCGGGCAAGCCAGACA-1,4.6321697,3.9909341,Oval/Medial
TCGGGCAAGGAAACGA-1,4.4914393,7.4100814,Oval/Medial
TCGGGCAGTTGAGGAC-1,5.09215,4.491929,Oval/Medial
TCGGGCATCGTCCTTG-1,4.099798,7.2503624,Oval/Medial
TCGGGTGAGCTAGAGC-1,5.18718,10.032206,Oval/Medial
TCGGTCTGTTCGGCGT-1,4.0342646,7.0503116,Oval/Medial
TCGGTCTTCGCCCAGA-1,-2.0975568,1.6849935,Hbx
TCGGTCTTCTGAGAGG-1,-2.4964,7.1424336,Marginal
TCGTAGACATTCTGTT-1,4.7164674,11.353944,Oval/Medial
TCGTAGATCAACTGGT-1,7.529426,3.3736975,Oval/Medial
TCGTCCAAGGGAGATA-1,4.436364,11.362955,Oval/Medial
TCGTCCATCTCGTGAA-1,4.2326794,6.3117943,Oval/Medial
TCGTGCTCAATACCCA-1,1.6188482,5.5809665,Oval/Medial
TCTAACTAGCTCATAC-1,5.164663,11.406174,Oval/Medial
TCTAACTAGGCGCTCT-1,7.3041167,1.2069098,Oval/Medial
TCTAACTAGGGTACAC-1,4.572506,3.961272,Oval/Medial
TCTAACTCATAGCTGT-1,4.4355774,8.262508,Oval/Medial
TCTACATCAGGCGTTC-1,7.2388177,1.7717865,Oval/Medial
TCTACATGTGAACGGT-1,5.2691765,3.829574,Oval/Medial
TCTACATTCACCATGA-1,4.252886,9.284787,Oval/Medial
TCTACCGAGCATGCGA-1,4.102193,3.5702367,Oval/Medial
TCTACCGCAGTGCCTG-1,4.667042,6.9139915,Oval/Medial
TCTACCGTCACCGGTG-1,5.127379,3.3603504,Oval/Medial
TCTATACGTTGGGAAC-1,4.804412,6.3100986,Oval/Medial
TCTATACTCGTAGTCA-1,4.567458,9.315738,Oval/Medial
TCTATCAGTCACTGAT-1,6.3493657,8.845676,Oval/Medial
TCTCACGTCTGTGCGG-1,3.0889244,4.9988947,Oval/Medial
TCTCAGCAGAGGGTCT-1,4.887782,3.9609795,Oval/Medial
TCTCAGCTCTAAGGAA-1,-3.4274404,7.4919095,Marginal
TCTCCGAAGTATTAGG-1,4.8642483,10.132408,Oval/Medial
TCTCCGACATGAATCC-1,3.540569,5.2589397,Oval/Medial
TCTCCGATCATGACAC-1,4.5329695,3.8694096,Oval/Medial
TCTCTGGCAGCACACC-1,3.4143174,9.814442,Oval/Medial
TCTGCCAAGCGTGTCC-1,3.8980267,4.1865745,Oval/Medial
TCTGCCAAGTTGTCAC-1,0.3252099,7.372726,Oval/Medial
TCTGCCACAGATCCAT-1,0.2634264,4.499537,Oval/Medial
TCTGCCACAGCTGAAG-1,8.01953,6.8987947,Oval/Medial
TCTGCCAGTCGCACGT-1,3.531072,4.7826777,Oval/Medial
TCTGGCTAGGGCAGGA-1,4.841316,7.929136,Oval/Medial
TCTGTCGAGCAGCACA-1,4.1204376,7.3511653,Oval/Medial
TCTGTCGAGCTCACTA-1,4.7300763,4.460822,Oval/Medial
TCTGTCGCACCCAATA-1,4.481247,6.342897,Oval/Medial
TCTGTCGGTAATCAGA-1,3.3978133,7.3847055,Oval/Medial
TCTGTCGGTGTGTCCG-1,4.295454,7.546032,Oval/Medial
TCTTCCTCAAGTCCAT-1,3.2028785,8.644324,Oval/Medial
TCTTCCTGTTGCGTAT-1,-4.2377734,6.879309,Marginal
TCTTCCTTCCTAGCGG-1,2.6052182,5.139155,Oval/Medial
TCTTGCGCACTAGAGG-1,-1.4786105,2.9656186,Hbx
TCTTGCGGTGGAACAC-1,3.7803488,4.679634,Oval/Medial
TCTTGCGTCTTGGAAC-1,6.5014358,7.685911,Oval/Medial
TCTTTGACAGCAGACA-1,6.8340435,8.8936615,Oval/Medial
TCTTTGAGTCCAGCAC-1,3.37875,7.118056,Oval/Medial
TGAACGTAGATGAACT-1,4.0085526,3.8730488,Oval/Medial
TGAATCGAGCGCCTCA-1,-2.2814958,6.265821,Marginal
TGAATCGGTGATCGTT-1,-0.056334764,8.346312,Oval/Medial
TGAATCGGTTGACTAC-1,3.3576005,7.619424,Oval/Medial
TGAATCGTCTCAATCT-1,-3.1575317,7.1264806,Marginal
TGAATGCGTTATGGTC-1,4.0687337,9.798379,Oval/Medial
TGAATGCTCAAGCTGT-1,4.3257957,3.640183,Oval/Medial
TGAATGCTCTTCCGTG-1,0.6802957,6.7627864,Oval/Medial
TGACCCTGTGTTGATC-1,-0.9361596,7.287315,Oval/Medial
TGACCCTTCGACGATT-1,5.172357,8.330111,Oval/Medial
TGACGCGCAACTTGCA-1-1,-2.0944483,3.7384496,Hbx
TGACGCGCAGCTACAT-1,1.3185527,3.1749833,Lateral
TGACGCGCAGCTACCG-1,-0.9696797,5.749382,Oval/Medial
TGACTCCGTGAGTAGC-1,4.627339,4.449078,Oval/Medial
TGAGACTCAACGGCCT-1,4.9307046,7.3940754,Oval/Medial
TGAGACTCAGCTGGTC-1,3.8183863,6.943162,Oval/Medial
TGAGACTGTTGTATGC-1,4.5631824,8.657139,Oval/Medial
TGAGCATCAGTCTGGC-1,3.9867444,9.066305,Oval/Medial
TGAGCATCATACGCAT-1,5.3176007,7.5557775,Oval/Medial
TGAGCATCATCGCTCT-1,1.1766615,3.1001782,Lateral
TGAGCGCAGGGTAGCT-1,4.9127374,6.0983777,Oval/Medial
TGAGGAGAGGTAAGGA-1,4.7511687,6.837274,Oval/Medial
TGAGGAGAGTTCACTG-1,7.986121,7.4973683,Oval/Medial
TGAGGAGCATCAGCGC-1,-1.6298524,6.8277483,Marginal
TGAGGAGGTATGAGGC-1,4.1298013,3.8165698,Oval/Medial
TGAGGAGGTCCCGTGA-1,1.4376917,6.037416,Oval/Medial
TGAGGGAAGAAAGTCT-1,3.3746545,7.427228,Oval/Medial
TGAGGGACACAAGTGG-1,4.3446937,10.978798,Oval/Medial
TGAGGGACAGTTGTCA-1,5.1089587,2.9070768,Oval/Medial
TGAGGGACATAATGCC-1,4.1996202,11.204585,Oval/Medial
TGAGGGAGTAGTCCTA-1,-3.0234544,7.3374557,Marginal
TGAGTCAAGCGGGTAT-1-1,4.524497,6.173862,Oval/Medial
TGAGTCACAGAACTAA-1,-2.9754615,5.743892,Marginal
TGATCAGGTCCAGGTC-1,5.685189,8.708394,Oval/Medial
TGATCTTAGATAGCTA-1,-0.76369214,3.819508,Lateral
TGATCTTAGGAGGCAG-1,0.26607582,4.1787868,Oval/Medial
TGATCTTCAAAGGCTG-1,3.691717,6.788427,Oval/Medial
TGATCTTTCCTACAAG-1,5.7646484,6.528224,Oval/Medial
TGATCTTTCTACTGAG-1,4.9358134,4.431032,Oval/Medial
TGATGCAAGCGGGTTA-1,0.33914167,6.568545,Oval/Medial
TGATGCAGTAGAGCTG-1,4.755964,4.3879457,Oval/Medial
TGATGCATCGGTCGAC-1,4.5177493,8.222875,Oval/Medial
TGATGCATCTAGATCG-1,5.972795,5.5483437,Oval/Medial
TGATGGTAGCTGAGTG-1,6.563675,1.8582133,Oval/Medial
TGATGGTCAACAGCTT-1,3.9884455,10.606493,Oval/Medial
TGATGGTCACCGTACG-1,3.6784606,4.7018642,Oval/Medial
TGATGGTGTAATCAAG-1,6.9295335,1.5169159,Oval/Medial
TGATGGTTCAAAGACA-1,8.140629,6.9286156,Oval/Medial
TGATTCTAGTGATAAC-1-1,5.1802907,4.7951684,Oval/Medial
TGATTCTCATTCCTCG-1,5.3162365,2.956528,Oval/Medial
TGATTCTTCACTGATG-1,6.017269,8.633567,Oval/Medial
TGATTCTTCGACGCTG-1,2.5577352,10.160382,Oval/Medial
TGATTTCAGCCATTTG-1,3.732977,4.9921627,Oval/Medial
TGATTTCAGTTCCGTA-1,-1.9803573,6.2446322,Marginal
TGATTTCCACACCTAA-1,5.0070887,7.8470078,Oval/Medial
TGATTTCGTCCCTGAG-1,3.866356,9.10551,Oval/Medial
TGCACGGAGATGGGCT-1,4.1776857,4.193952,Oval/Medial
TGCACGGAGCGACAGT-1,2.902609,2.6108444,Lateral
TGCACGGCAACACTAC-1,2.2127926,6.8401275,Oval/Medial
TGCACGGCACATGGTT-1,-0.26035416,6.7587924,Oval/Medial
TGCACGGGTTATGGTC-1,4.4710197,3.396502,Oval/Medial
TGCACGGTCGGTCGGT-1,-1.9810566,2.5024045,Hbx
TGCACGGTCTTCACGC-1,3.5148935,7.542635,Oval/Medial
TGCAGATAGACCAAAT-1,6.4259305,1.6996448,Oval/Medial
TGCAGATCACTGAGTT-1,3.987378,5.6554346,Oval/Medial
TGCAGATCATCATGAC-1,4.6108065,4.3860636,Oval/Medial
TGCAGATCATCCTTGC-1,3.175401,10.1535015,Oval/Medial
TGCAGATGTGTTTCTT-1,-1.8166763,5.713626,Marginal
TGCAGATGTTCGGCTG-1,-4.141436,7.4377065,Marginal
TGCAGGCGTAACGCGA-1,0.6162331,4.6128106,Oval/Medial
TGCATCCTCAAGTCGT-1,-0.24686982,7.120232,Oval/Medial
TGCATCCTCTCAGAAC-1,-0.78232783,4.5719047,Oval/Medial
TGCATGAAGCCGAACA-1,-0.42125523,6.5609083,Oval/Medial
TGCATGACACAACATC-1,2.6211567,10.395029,Oval/Medial
TGCATGAGTGATGAAT-1,3.3077679,6.3011937,Oval/Medial
TGCATGAGTGTTCGAT-1,6.3493776,8.536929,Oval/Medial
TGCCGAGTCATTTGCT-1,-1.2433786,7.2663,Oval/Medial
TGCGACGGTGTTCGAT-1,-2.7853034,7.657216,Marginal
TGCGACGGTTTGCCGG-1,-1.4615207,6.9404907,Oval/Medial
TGCGACGTCTCACCCA-1,-2.359763,7.3904533,Marginal
TGCGATACAACGGTAG-1,-2.0528948,5.611073,Oval/Medial
TGCGATATCAGCACCG-1,4.617011,4.329383,Oval/Medial
TGCGATATCATTACCT-1,4.550066,6.0680614,Oval/Medial
TGCGGCAAGAGAGAAC-1,2.6182745,6.430255,Oval/Medial
TGCGGCACATCGGCCA-1,1.3933525,9.206336,Oval/Medial
TGCGGCATCATAAGGA-1,3.2734241,11.475804,Oval/Medial
TGCGGGTAGATGGCGT-1,4.5034394,8.555937,Oval/Medial
TGCTCCAGTCACATTG-1,-1.9609123,1.7319707,Hbx
TGCTCCAGTCATCCGG-1,0.863214,7.0628376,Oval/Medial
TGCTCGTAGACTTCCA-1,-1.055203,6.989269,Oval/Medial
TGCTCGTAGCGAATGC-1,-4.002915,7.182053,Marginal
TGCTCGTAGCTAGAGC-1,-0.28564346,4.944142,Oval/Medial
TGCTCGTAGGGCAATC-1-1,-0.51518756,4.942027,Oval/Medial
TGCTCGTCAGCCGTTG-1,-3.0083785,7.37018,Marginal
TGCTCGTGTCGACTGC-1,4.556324,6.7318788,Oval/Medial
TGCTCGTGTGAGTAGC-1,3.6191711,4.221101,Oval/Medial
TGCTGAACAACGGCTC-1,0.8314299,2.611777,Lateral
TGCTGAATCATTCTTG-1,2.0727105,2.6261015,Lateral
TGCTGAATCTGGGCGT-1,-2.3093808,4.5773287,Hbx
TGCTTCGCAGTTGCGC-1,5.468336,3.220192,Oval/Medial
TGGAACTGTCTGCGCA-1,0.60503334,3.0899663,Lateral
TGGAACTGTGGAGAAA-1,2.4499705,5.199998,Oval/Medial
TGGAACTTCTTAATCC-1,3.9188824,4.109639,Oval/Medial
TGGAACTTCTTGGATG-1,7.819037,8.586523,Oval/Medial
TGGAGGAAGAGTATAC-1,1.4208419,7.6266565,Oval/Medial
TGGAGGAAGCCTCTCT-1,4.3587165,5.4277716,Oval/Medial
TGGATCAGTGGTTCTA-1,0.07217582,7.2795143,Oval/Medial
TGGATCATCCTAGAGT-1,-1.5098712,3.1431513,Hbx
TGGATGTAGCATCAGG-1,2.3815455,5.215694,Oval/Medial
TGGATGTAGCGTTAGG-1,6.494888,7.6943645,Oval/Medial
TGGATGTCAAGAATAC-1,5.058032,6.8330836,Oval/Medial
TGGATGTTCGACTCCT-1,0.04855237,6.1537538,Oval/Medial
TGGATGTTCGCGTCGA-1,5.2149553,3.0011916,Oval/Medial
TGGATGTTCTGGTCAA-1,1.7374663,6.9443793,Oval/Medial
TGGCGTGCAAAGCTAA-1,-0.2576246,4.8711557,Oval/Medial
TGGCGTGGTCATAGTC-1,6.4940543,12.358825,Oval/Medial
TGGGAAGCAATACAGA-1-1,3.158158,6.876778,Oval/Medial
TGGGAAGTCTGTGTGA-1,-0.15127915,7.6452475,Oval/Medial
TGGGAGAAGAGCAGTC-1,2.4065535,1.0164748,Lateral
TGGGAGAGTGGGAGAG-1,5.3571196,5.604852,Oval/Medial
TGGGAGATCATGACAC-1,4.657181,5.983647,Oval/Medial
TGGGAGATCCATATGG-1,-1.8283014,-0.26681373,Hbx
TGGGATTAGCTTTCTT-1,3.8531194,7.7717156,Oval/Medial
TGGGATTTCAGGACAG-1,-1.5838873,5.372688,Oval/Medial
TGGGCGTAGGTATAGT-1,4.1043735,6.9500933,Oval/Medial
TGGGCGTTCTCTGCTG-1,-1.9182408,-0.6154559,Hbx
TGGGCTGCATATCTCT-1,3.8427155,6.947375,Oval/Medial
TGGGTTAAGAGAGCCT-1,0.42141405,6.9442534,Oval/Medial
TGGGTTAAGCACTTTG-1,-3.228623,6.4321485,Marginal
TGGGTTACAGCCGTCA-1,6.6003337,8.973279,Oval/Medial
TGGGTTATCAGCTTGA-1,6.762383,2.0024984,Oval/Medial
TGGGTTATCGAACCAT-1,3.1474972,5.946901,Oval/Medial
TGGGTTATCGGTCTAA-1,0.4752936,7.673329,Oval/Medial
TGGTACAGTTACGTAC-1,-0.452657,5.5477376,Oval/Medial
TGGTAGTCAGGAGACT-1,2.7194343,10.424887,Oval/Medial
TGGTAGTCATCAACCA-1,-0.65704,6.9706244,Oval/Medial
TGGTGATCAGGGATAC-1,6.5931153,11.981139,Oval/Medial
TGGTGATGTGCTCTTC-1,-4.47937,7.0173383,Marginal
TGGTGATTCATTTACC-1,2.8062105,7.3260374,Oval/Medial
TGGTGATTCGCTCTAC-1,0.7107673,8.090705,Oval/Medial
TGGTTAGTCATTGCGA-1,-1.5221114,6.5504165,Oval/Medial
TGGTTAGTCTGGTGCG-1,2.6547256,9.425362,Oval/Medial
TGTAACGCAAGCAGGT-1,3.7189105,11.107149,Oval/Medial
TGTAACGGTAGTCTGT-1,-2.282471,7.3278637,Marginal
TGTAAGCAGTAGCTCT-1,0.75007683,7.8987575,Oval/Medial
TGTAAGCCAATACCCA-1,0.082386896,4.46027,Oval/Medial
TGTAAGCCACATTACG-1,4.3118663,6.590825,Oval/Medial
TGTAAGCTCGAGGCAA-1,-0.27940404,7.563382,Oval/Medial
TGTACAGAGCCTGACC-1,-1.9387077,1.8450892,Hbx
TGTACAGTCTAAGCCA-1,7.1822724,1.8481658,Oval/Medial
TGTAGACAGTAGATCA-1,8.8826065,7.4341145,Oval/Medial
TGTCAGACACGTTGGC-1,1.4629304,5.7437453,Oval/Medial
TGTCAGATCTAGCCTC-1,4.922192,3.0545359,Oval/Medial
TGTCCACAGATCGCCC-1,4.709121,10.311404,Oval/Medial
TGTCCACCAGTTGAAA-1,0.32950032,6.7516146,Oval/Medial
TGTCCACGTTGCTGAT-1,-3.7645364,5.5832667,Marginal
TGTCCACTCCAATGCA-1,5.8197155,2.9535074,Oval/Medial
TGTCCCAGTCACCGAC-1,-1.2542398,8.096586,Oval/Medial
TGTCCCAGTCGTGCCA-1,4.6934457,3.4349768,Oval/Medial
TGTCCCAGTGGATGAC-1,-1.9803399,1.1473117,Hbx
TGTCCCAGTTGCATCA-1,3.490551,7.847354,Oval/Medial
TGTCCCAGTTGGTAGG-1,5.732078,2.4763799,Oval/Medial
TGTCCCATCAAACGAA-1,4.5653615,10.506911,Oval/Medial
TGTCCTGAGCGTCGAA-1,5.719975,11.155445,Oval/Medial
TGTCCTGCACGGCACT-1,1.3979187,6.629432,Oval/Medial
TGTCCTGGTAGTATAG-1,-1.8028308,3.8524306,Hbx
TGTCCTGGTTCCTAGA-1,4.7515893,5.26231,Oval/Medial
TGTCCTGTCTCTCAAT-1,4.1198916,5.9160857,Oval/Medial
TGTCCTGTCTGTAACG-1,3.711259,7.6198487,Oval/Medial
TGTGAGTCATCTTTCA-1,5.621298,4.2969723,Oval/Medial
TGTGATGTCTGGGAGA-1,0.3285418,4.654701,Oval/Medial
TGTGCGGAGAGTCTGG-1,3.0806525,11.01672,Oval/Medial
TGTGCGGCAACTGATC-1,4.6468644,4.9279184,Oval/Medial
TGTGCGGGTCAGATTC-1,-1.4215175,5.14773,Marginal
TGTGGCGTCTGTCAGA-1,4.298474,4.9318733,Oval/Medial
TGTGTGAAGTAAGACT-1,3.6537719,4.7141914,Oval/Medial
TGTGTGACAGGGATAC-1,5.1013403,6.7332897,Oval/Medial
TGTGTGAGTTATAGCC-1,-1.7440424,1.718782,Hbx
TGTGTGAGTTGCCGCA-1,-1.6070321,6.821237,Oval/Medial
TGTGTGATCTCGAGTA-1,4.377702,7.974119,Oval/Medial
TGTTACTGTCAACCAT-1,4.455031,4.654428,Oval/Medial
TGTTCATAGTCGCTAT-1,6.54333,4.5580506,Oval/Medial
TGTTCATTCAAATGAG-1,4.548222,3.906814,Oval/Medial
TGTTCCGCAGTTTCAG-1,4.485041,3.666369,Oval/Medial
TGTTCTAAGTCGCCAC-1,2.2158298,6.7447166,Oval/Medial
TGTTGAGGTATCGTTG-1,-4.3125744,7.440206,Marginal
TGTTGGAGTGTCCGTG-1,3.1332898,9.63781,Oval/Medial
TGTTGGATCGTTAGAC-1,4.3137465,9.340427,Oval/Medial
TGTTTGTCACTGTTCC-1-1,0.47172073,7.167326,Oval/Medial
TTAATCCAGGTTTACC-1,-0.49694997,6.847383,Oval/Medial
TTAATCCCAGGTCCCA-1,4.277054,4.165874,Oval/Medial
TTAATCCGTATTAAGG-1,4.2428145,5.2134476,Oval/Medial
TTAATCCTCGTAGCCG-1,-1.1407003,6.379045,Oval/Medial
TTACAGGAGTATCCTG-1,2.8954828,7.5655293,Oval/Medial
TTACAGGCAGTTCCAA-1,-1.1972721,7.0579762,Oval/Medial
TTACAGGGTAGCTTTG-1,0.2540049,4.085462,Oval/Medial
TTACCATCAACCACAT-1,0.66077644,3.3139138,Lateral
TTACCATCATCACCAA-1,5.5655165,4.246361,Oval/Medial
TTACCATCATGAATAG-1,-2.9411755,7.7741303,Marginal
TTACCATGTCACTTCC-1,3.9960132,10.771054,Oval/Medial
TTACCATGTCGTCAGC-1-1,1.5820718,7.874961,Oval/Medial
TTACCATGTTTGAACC-1-1,1.6993458,6.276887,Oval/Medial
TTACCGCGTATGAAAC-1-1,5.370339,7.7908216,Oval/Medial
TTACGCCGTATCGCAT-1,1.3808248,7.2491894,Oval/Medial
TTACGCCGTCAGTCCG-1,-0.92128086,3.8200922,Oval/Medial
TTACGTTCACACCTTC-1,-1.1879178,0.7018102,Hbx
TTACGTTCACTCAAGT-1,3.401917,6.968121,Oval/Medial
TTACGTTGTGAGTAGC-1,2.0077379,7.473445,Oval/Medial
TTACGTTGTGCCGGTT-1,3.882077,8.112646,Oval/Medial
TTACTGTGTCCGTTTC-1,2.8334804,10.4318495,Oval/Medial
TTACTGTGTGCATACT-1,0.35185155,8.978196,Oval/Medial
TTACTGTTCAGACCCG-1,4.433726,6.618457,Oval/Medial
TTAGGCAAGTGCTACT-1,0.1719552,8.257055,Oval/Medial
TTAGGCACAATTGAAG-1,-2.2645993,2.158269,Hbx
TTAGGCACACTACCGG-1,0.25025523,9.18702,Oval/Medial
TTAGGCAGTGCGGTAA-1,-0.07075101,7.458436,Oval/Medial
TTAGGGTAGTGGTTAA-1,-0.41996193,6.962045,Oval/Medial
TTAGGGTCACTGGACC-1,3.1122332,6.2753887,Oval/Medial
TTAGGGTTCTGAGTCA-1,5.2394767,13.00733,Oval/Medial
TTAGGGTTCTTACACT-1,3.5082948,6.049092,Oval/Medial
TTATTGCAGGAAAGGT-1,5.4707007,11.677375,Oval/Medial
TTATTGCAGTATGCAA-1,1.4789169,1.898003,Lateral
TTATTGCGTTGGACTT-1,5.0879264,6.7791076,Oval/Medial
TTATTGCTCCCGTTCA-1,4.631615,3.2253773,Oval/Medial
TTATTGCTCGGTCAGC-1,-0.15832494,5.927076,Oval/Medial
TTCAATCAGGGCAACT-1,0.6371545,7.5009227,Oval/Medial
TTCAATCCAATTGAAG-1,-1.2035773,5.5076385,Oval/Medial
TTCAATCCATTGACCA-1,5.1397424,7.6123185,Oval/Medial
TTCACCGAGGATAATC-1,-1.5103315,4.7944083,Marginal
TTCACCGGTGAGTTTC-1,3.8574986,5.122224,Oval/Medial
TTCACGCCAGCTTCCT-1,3.9224448,5.799089,Oval/Medial
TTCACGCGTTACCTGA-1,4.839825,13.33387,Oval/Medial
TTCACGCTCGGTCAGC-1,4.8290224,3.3095663,Oval/Medial
TTCACGCTCGGTCGAC-1,4.343446,3.9622324,Oval/Medial
TTCACGCTCTTCCTAA-1,1.2167892,1.7469298,Lateral
TTCAGGACATGAGATA-1,4.559045,3.4750705,Oval/Medial
TTCATGTCATAGCTGT-1,7.785958,1.4734998,Oval/Medial
TTCATGTGTATTCCGA-1,2.6422148,5.8375444,Oval/Medial
TTCATGTTCAGTCAGT-1,3.2938843,7.425408,Oval/Medial
TTCATGTTCCGAGCTG-1,-2.223666,1.6345737,Hbx
TTCATGTTCTGTCGTC-1,6.6112223,8.359356,Oval/Medial
TTCATTGGTCGAGTTT-1,3.7572105,3.9870095,Oval/Medial
TTCATTGTCCACGGAC-1,3.3259408,10.555064,Oval/Medial
TTCCAATAGTCAATCC-1,0.7796236,8.14368,Oval/Medial
TTCCACGAGAGTACCG-1,4.7756977,13.404684,Oval/Medial
TTCCACGAGGCTCCCA-1,4.6464205,3.1314821,Oval/Medial
TTCCACGGTCATCCGG-1,3.2387338,7.5528755,Oval/Medial
TTCCACGGTGCCGTTG-1,4.8942733,10.395153,Oval/Medial
TTCCACGGTTAGTCGT-1,5.7692156,3.8821235,Oval/Medial
TTCCGGTAGGCGCTCT-1,4.392057,5.493463,Oval/Medial
TTCCGGTGTCTCTCTG-1-1,-2.2230873,3.619553,Hbx
TTCCGTGAGGGTAATT-1,2.919634,8.92085,Oval/Medial
TTCCGTGCATCGATCA-1,4.839761,6.8642125,Oval/Medial
TTCCGTGCATCGCTCT-1,4.437258,4.38875,Oval/Medial
TTCCGTGGTGCAATGG-1,-2.1742575,2.1432304,Hbx
TTCCGTGGTGGATGAC-1,7.0846624,1.6869199,Oval/Medial
TTCCGTGGTTCGGCTG-1,-2.8482661,6.4658623,Marginal
TTCCGTGTCATTCATC-1,4.0990458,11.031553,Oval/Medial
TTCCTAAAGTAACGTA-1,3.0184605,2.935191,Lateral
TTCCTAAAGTACTCGT-1,2.8644655,10.572433,Oval/Medial
TTCCTAACAGTGCCTG-1,5.548085,3.4653971,Oval/Medial
TTCCTAACATAGTCGT-1,7.1631994,1.4221146,Oval/Medial
TTCCTAATCACTGATG-1,-1.9391892,4.811417,Oval/Medial
TTCCTAATCCGATAAC-1,4.371774,11.128981,Oval/Medial
TTCCTCTCAAATGAAC-1-1,3.9506505,8.0536,Oval/Medial
TTCCTCTCACATAACC-1,4.0756774,7.6467957,Oval/Medial
TTCCTCTTCGCTCCTA-1,4.5143747,9.823952,Oval/Medial
TTCCTTCGTCCATAGT-1,3.1565082,9.8315935,Oval/Medial
TTCGATTAGGTGGTTG-1,3.5399091,7.1155972,Oval/Medial
TTCGATTCAAGCCTGC-1,7.77999,6.731354,Oval/Medial
TTCGATTGTGAGGAAA-1,4.001003,3.5253763,Oval/Medial
TTCGCTGGTAGGTACG-1,-1.2147008,7.1037207,Oval/Medial
TTCGCTGGTATGAAGT-1,6.4105763,2.209929,Oval/Medial
TTCGCTGGTCCGATCG-1,7.1660023,3.9926426,Oval/Medial
TTCGCTGTCACTCCGT-1,3.7505298,6.6037164,Oval/Medial
TTCGGTCAGGCACGAT-1,4.2488637,4.205923,Oval/Medial
TTCGGTCAGGCATGGT-1,7.4633317,2.3997264,Oval/Medial
TTCGGTCCACGGCCAT-1,4.1885176,5.162104,Oval/Medial
TTCGGTCGTCTCCCTA-1,0.19932537,5.5902963,Oval/Medial
TTCGGTCGTCTTCATT-1,4.782558,3.2644627,Oval/Medial
TTCTAACAGGCATTTC-1,4.445182,4.278452,Oval/Medial
TTCTAACCAATTGAGA-1,4.0331535,10.401942,Oval/Medial
TTCTAACCATCGTGGC-1,4.7826715,7.9983306,Oval/Medial
TTCTAACGTTACGTAC-1,0.34859753,7.2256036,Oval/Medial
TTCTAACGTTCCTAAG-1,3.5603485,12.267201,Oval/Medial
TTCTAGTGTCTGCATA-1,6.521245,6.588554,Oval/Medial
TTCTCTCAGCCTAACT-1,-0.7025613,6.7123427,Oval/Medial
TTCTCTCAGTAGAATC-1,4.4744515,6.9651685,Oval/Medial
TTCTCTCGTGTCCCTT-1,4.618275,6.400872,Oval/Medial
TTCTCTCTCATAGCAC-1,5.43996,7.911062,Oval/Medial
TTCTCTCTCGGCATCG-1,4.6325502,7.1868005,Oval/Medial
TTCTGTACAGTCAACT-1,0.57131004,7.842918,Oval/Medial
TTCTGTAGTCCTGGTG-1,4.004574,11.397633,Oval/Medial
TTCTTCCAGAATCTAG-1,-1.990589,1.7507107,Hbx
TTCTTCCTCAGCACCG-1,2.6067297,5.097995,Oval/Medial
TTCTTGAGTCAAAGCG-1,0.019742897,3.3991516,Lateral
TTCTTGAGTTACACAC-1,4.2819667,7.7387443,Oval/Medial
TTCTTGATCAGTAGGG-1,4.265199,3.4426243,Oval/Medial
TTCTTGATCCCGTAAA-1,3.6184096,12.642199,Oval/Medial
TTGAACGAGATCACCT-1,4.5315585,10.103841,Oval/Medial
TTGAACGCATCATTTC-1,6.076747,4.0173616,Oval/Medial
TTGAACGTCCCATACC-1,5.2113056,2.7987149,Oval/Medial
TTGACCCCACTAGGCC-1,3.6473477,9.686036,Oval/Medial
TTGACCCTCTCCACTG-1,3.2020113,10.522811,Oval/Medial
TTGAGTGGTCGTACAT-1,-2.282484,1.8651465,Hbx
TTGAGTGTCATTTGTC-1,3.5180235,12.638153,Oval/Medial
TTGAGTGTCCTAACAG-1,1.3256732,5.9927316,Oval/Medial
TTGATGGGTATGAGCG-1,5.645098,7.6041574,Oval/Medial
TTGATGGGTGGAGGTT-1,-1.6991482,2.9582455,Hbx
TTGCATTAGTCTTGGT-1,-0.7335876,1.5914345,Hbx
TTGCATTCATCACAGT-1,-2.42887,1.681402,Hbx
TTGCATTTCCAAAGGG-1,-3.7268271,7.1848803,Marginal
TTGCATTTCCCAGGCA-1,4.3381624,7.331809,Oval/Medial
TTGCCTGAGCCTGAAG-1,7.0972652,3.2441096,Oval/Medial
TTGCGTCAGCCTTTCC-1,0.35411024,6.6269712,Oval/Medial
TTGCGTCTCCTCTAGC-1,7.6226707,1.4760693,Oval/Medial
TTGCTGCAGACTGTTC-1,3.7121723,4.276195,Oval/Medial
TTGCTGCTCTATCACT-1,4.6727467,6.648853,Oval/Medial
TTGGATGAGCTCCACG-1,4.32932,3.9981482,Oval/Medial
TTGGATGAGGTCCTGC-1,-2.538573,5.6048527,Marginal
TTGGGATCAAACGTGG-1,0.82636195,7.922548,Oval/Medial
TTGGGATGTGGGCTCT-1,2.6261122,5.02928,Oval/Medial
TTGGGATGTTCCTAGA-1,7.5500126,9.129869,Oval/Medial
TTGGGATTCGCGTTTC-1-1,4.051552,6.30208,Oval/Medial
TTGGGCGAGATCCTAC-1,3.8920674,5.198441,Oval/Medial
TTGGGCGCATGTTACG-1,4.497651,6.8406887,Oval/Medial
TTGGGCGGTGCATTAC-1,-1.5511974,7.430957,Marginal
TTGGGTAAGACGCAGT-1,4.063412,3.9425945,Oval/Medial
TTGGTTTAGCCTAGGA-1-1,-1.1219623,6.7015986,Oval/Medial
TTGGTTTAGTGGAATT-1,3.9619617,6.23928,Oval/Medial
TTGGTTTCAATGGGTG-1,-1.5016346,2.1634414,Hbx
TTGGTTTCATGCCGGT-1,4.3723764,8.501472,Oval/Medial
TTGGTTTGTGGACTAG-1,3.497631,4.413696,Oval/Medial
TTGTGGAAGCTGAAGC-1-1,1.2417382,7.64374,Oval/Medial
TTGTGGAAGCTTCATG-1,4.4827056,5.5959487,Oval/Medial
TTGTGGACAATCAGCT-1,4.132892,7.571194,Oval/Medial
TTGTGGACAGGACGAT-1,3.6305597,6.6004686,Oval/Medial
TTGTGGAGTCACCGCA-1,-1.4871588,3.7573187,Hbx
TTGTGTTAGACTCGAG-1,1.1075217,6.9170365,Oval/Medial
TTGTGTTTCGTTAGAC-1,5.16819,5.23686,Oval/Medial
TTGTTCACAACAGCCC-1,0.332449,8.955539,Oval/Medial
TTGTTCACACACCTAA-1,5.9879265,4.4664145,Oval/Medial
TTGTTCACAGGGTCTC-1,3.2671807,4.905644,Oval/Medial
TTGTTCAGTTTCTATC-1,4.0905,7.7641125,Oval/Medial
TTGTTCATCCTCGATC-1,1.4124435,4.266355,Lateral
TTGTTCATCCTCTTTC-1,3.6142342,7.2148027,Oval/Medial
TTGTTGTGTCCAGTTA-1,6.8934727,3.8490076,Oval/Medial
TTGTTGTGTGGACTAG-1,-1.4518223,5.383747,Oval/Medial
TTGTTGTTCCATCACC-1,5.650162,5.832554,Oval/Medial
TTGTTGTTCGTCCATC-1,5.556692,8.813709,Oval/Medial
TTGTTTGAGCCGAATG-1,4.96513,9.627337,Oval/Medial
TTGTTTGAGGATTCCT-1,3.01379,8.934028,Oval/Medial
TTGTTTGAGTCACAGG-1,4.0973773,9.223621,Oval/Medial
TTGTTTGCAATAGAGT-1,5.0347576,8.588303,Oval/Medial
TTGTTTGCAGGTTCAT-1,4.634524,4.857724,Oval/Medial
TTGTTTGCATATTCGG-1,-0.7776443,6.9375367,Oval/Medial
TTGTTTGCATGGAATA-1,1.6801081,3.4125032,Lateral
TTGTTTGGTTTGGCTA-1,5.5487504,6.614941,Oval/Medial
TTGTTTGGTTTGTGGT-1,0.72658235,1.3440148,Lateral
TTGTTTGTCCCGAAAT-1,4.788784,7.0613747,Oval/Medial
TTTACCAGTGGCCCAT-1,-0.17627285,6.5170245,Oval/Medial
TTTACCATCGGTCGAC-1,-2.4773498,7.8348207,Marginal
TTTACGTAGTAACCGG-1,4.221002,9.073822,Oval/Medial
TTTACGTTCACGGACC-1,3.5362382,6.07798,Oval/Medial
TTTACGTTCCAAGCCG-1,4.967311,11.381224,Oval/Medial
TTTACGTTCGCTGCGA-1,7.3786874,1.6291686,Oval/Medial
TTTACGTTCGTAGAGG-1,4.364939,3.3450692,Oval/Medial
TTTACTGAGACTTCCA-1,5.740142,2.8615553,Oval/Medial
TTTACTGAGCTGCGAA-1,4.4299326,5.153034,Oval/Medial
TTTACTGCAACGACAG-1,4.7526474,6.07795,Oval/Medial
TTTACTGGTTAATCGC-1,8.174164,7.7886276,Oval/Medial
TTTACTGTCCCTTCCC-1,5.2230425,7.4212213,Oval/Medial
TTTAGTCAGGCATTTC-1,4.301091,5.2660007,Oval/Medial
TTTAGTCCAACACACT-1,4.874345,3.7997894,Oval/Medial
TTTAGTCGTCATCAGT-1,5.860877,8.388033,Oval/Medial
TTTAGTCGTCTATGAC-1,-2.5437012,7.6831717,Marginal
TTTATGCTCACCCTTG-1,-0.61535126,5.774129,Oval/Medial
TTTCACACAGGTATGG-1,5.952397,3.4155016,Oval/Medial
TTTCACAGTCAACCTA-1,4.1851463,3.4573731,Oval/Medial
TTTCACATCCCAAGTA-1,4.9107757,7.0667763,Oval/Medial
TTTCAGTCACAAGCTT-1,5.1062994,9.854578,Oval/Medial
TTTCAGTCATATTCGG-1,3.9733188,4.2099037,Oval/Medial
TTTCAGTCATCATCCC-1,3.088575,4.83002,Oval/Medial
TTTCAGTGTAGGGAGG-1,-0.6628891,6.6204977,Oval/Medial
TTTCAGTTCTAGACAC-1-1,6.2790933,6.8428984,Oval/Medial
TTTCAGTTCTATCGGA-1,7.5212073,2.4569516,Oval/Medial
TTTCATGGTTTAGTCG-1,5.2728024,7.8511753,Oval/Medial
TTTCCTCAGCACACCC-1,-1.0673608,1.5508825,Hbx
TTTCCTCCAATCACGT-1,5.3294125,3.7753184,Oval/Medial
TTTCCTCCACTTTATC-1,3.1275258,6.500312,Oval/Medial
TTTCGATAGCAAATGT-1-1,2.5271013,8.632523,Oval/Medial
TTTCGATAGCTGAAAT-1,8.02755,7.04648,Oval/Medial
TTTCGATGTAGCGCTC-1,4.6470942,3.7161295,Oval/Medial
TTTCGATGTCCCGGTA-1,4.298851,9.725999,Oval/Medial
TTTCGATTCAGATGCT-1,-1.8724971,4.492748,Hbx
TTTGACTCATGTGGTT-1,-1.2238077,1.7994461,Hbx
TTTGACTGTAATGCTC-1,3.685989,10.905011,Oval/Medial
TTTGACTGTTCATCTT-1,6.680328,2.0761642,Oval/Medial
TTTGACTTCGAGAAGC-1,5.722994,11.377528,Oval/Medial
TTTGATCCAACCACGC-1,4.577249,3.0843527,Oval/Medial
TTTGATCCATCCGGTG-1,3.0947068,12.193167,Oval/Medial
TTTGATCGTGATAGTA-1,-0.4106684,6.067274,Oval/Medial
TTTGATCGTGCGTGCT-1,-2.3183799,2.8979886,Hbx
TTTGATCGTTCATCGA-1,-0.88390976,7.3014054,Oval/Medial
TTTGATCGTTGTTGAC-1,-1.7539802,6.872048,Oval/Medial
TTTGGAGAGGGTAGCT-1,2.4150124,6.3877006,Oval/Medial
TTTGGTTCAACACACT-1,5.7572594,5.81183,Oval/Medial
TTTGGTTCAGCACCCA-1,3.3009567,10.279354,Oval/Medial
TTTGGTTCAGCGCTTG-1,4.283424,13.139944,Oval/Medial
TTTGGTTTCCGTAATG-1,0.8850158,5.695517,Oval/Medial
TTTGGTTTCTCTGCCA-1,-1.0352863,4.061426,Lateral
TTTGTTGCAGATCCAT-1,3.9349644,9.168435,Oval/Medial
AAACGAAAGAAAGTCT-1,1.250411,8.767901,Oval/Medial
AAACGCTGTAATTGGA-1,7.565248,4.5723124,Oval/Medial
AAACGCTGTACGAAAT-1,1.299424,4.602604,Lateral
AAAGGATTCTGTCGTC-1-1,4.614154,12.315951,Oval/Medial
AAAGGGCCAATGCAAA-1,-0.16161352,6.9015403,Oval/Medial
AAAGTCCAGGTCGTCC-1,1.2788074,6.4718366,Oval/Medial
AAAGTCCAGTCGCCAC-1,3.4480588,4.3221755,Oval/Medial
AAAGTCCCAGCTTTCC-1,5.5705605,5.9781976,Oval/Medial
AAAGTGAAGTACCGGA-1,1.2685949,7.98032,Oval/Medial
AAAGTGATCACAAGAA-1,5.5807023,6.2691317,Oval/Medial
AAATGGAGTATGCGGA-1,3.937104,9.856533,Oval/Medial
AACAAAGGTGGAACCA-1,4.4253397,6.977542,Oval/Medial
AACAAAGTCACTGATG-1,-1.1570177,0.0907391,Hbx
AACAAAGTCATCCCGT-1,-0.14721604,8.105451,Oval/Medial
AACAACCAGTAAGGGA-1,4.4230933,7.0343056,Oval/Medial
AACAACCCACAATGAA-1,2.4413934,11.452236,Oval/Medial
AACAACCGTCCTCATC-1,1.7203143,7.381472,Oval/Medial
AACAAGAGTAAGAACT-1-1,-0.2307356,6.7486453,Oval/Medial
AACACACCAGAGTTGG-1,6.6241245,8.249165,Oval/Medial
AACACACGTACTAACC-1,8.02535,7.1966705,Oval/Medial
AACACACGTCGCTTGG-1,5.4777927,7.0263224,Oval/Medial
AACAGGGGTATGGTAA-1,1.4340779,9.016873,Oval/Medial
AACAGGGGTCCGACGT-1,-0.8553394,7.170179,Oval/Medial
AACAGGGTCCGTGTAA-1,2.139024,6.9591203,Oval/Medial
AACCAACCACCACATA-1,3.7179945,8.046849,Oval/Medial
AACCACACAACCACGC-1,3.82582,12.306321,Oval/Medial
AACCATGTCATAGGCT-1,1.0799174,7.6775694,Oval/Medial
AACCCAACACATTCTT-1,2.7492616,6.3893256,Oval/Medial
AACCCAAGTGTGGTCC-1,1.7274249,6.9091444,Oval/Medial
AACCTTTAGACGATAT-1,4.8603954,4.77975,Oval/Medial
AACGTCAAGAAGTGTT-1,2.8537216,6.5366874,Oval/Medial
AACGTCAAGTTTGAGA-1,3.0257385,11.047705,Oval/Medial
AACGTCACAAGACCTT-1,1.8628178,7.654157,Oval/Medial
AAGAACAAGGCAGGGA-1,0.9686289,7.728306,Oval/Medial
AAGAACAGTAACAAGT-1,-0.31999126,7.479441,Oval/Medial
AAGACTCAGTAAGCAT-1,7.721047,7.114136,Oval/Medial
AAGATAGCAAGAATAC-1,7.4533954,7.1085725,Oval/Medial
AAGATAGGTCGCTTGG-1,1.1810831,5.644667,Oval/Medial
AAGCCATCATGTACGT-1,6.0707583,7.67344,Oval/Medial
AAGCGAGAGCAAACAT-1,7.5992703,7.655675,Oval/Medial
AAGCGTTCATCGTCCT-1,4.5682793,6.068463,Oval/Medial
AAGCGTTTCACAAGGG-1,5.583554,8.177539,Oval/Medial
AAGGAATCAGCGTATT-1,5.2185516,6.6551,Oval/Medial
AAGGAATGTCTGTCAA-1,-0.775346,8.113564,Oval/Medial
AAGGAATGTCTGTGCG-1,4.781558,9.892981,Oval/Medial
AAGGTAAAGCATTTGC-1,2.2031324,7.6667542,Oval/Medial
AAGTCGTAGTCGCCAC-1,3.7064075,9.042169,Oval/Medial
AAGTGAAAGAACCGCA-1,-0.41064423,8.083608,Oval/Medial
AAGTGAATCGCCTTGT-1,-2.7017334,7.5124464,Marginal
AAGTTCGAGAGTCAAT-1,4.5465946,3.043353,Oval/Medial
AAGTTCGCAACGTATC-1,6.8786063,3.554836,Oval/Medial
AAGTTCGCACGAAGAC-1,-0.15925916,6.177287,Oval/Medial
AATAGAGTCAAACGTC-1,-0.9075808,0.032861892,Hbx
AATCACGAGTCTGGAG-1,4.949971,6.838819,Oval/Medial
AATCACGCATGAGTAA-1,0.3914962,9.120228,Oval/Medial
AATCACGGTCTAACGT-1,1.7181195,8.144885,Oval/Medial
AATCACGTCTTCTGTA-1,1.5577073,6.416098,Oval/Medial
AATCGTGTCGCTCATC-1,5.673421,6.8949585,Oval/Medial
AATCGTGTCTTGATTC-1,6.7296066,2.2081423,Oval/Medial
AATGAAGCACCCTATC-1,5.3271265,4.512103,Oval/Medial
AATGAAGGTCTTCCGT-1,2.7917395,12.147866,Oval/Medial
AATGACCAGGCCACCT-1,3.7841444,11.324661,Oval/Medial
AATGACCTCTGCCTCA-1,-0.21073592,8.849506,Oval/Medial
AATGCCACAGGCCCTA-1,0.6146593,9.124459,Oval/Medial
AATGGCTAGTCCGCGT-1,-0.9303748,7.317757,Oval/Medial
AATTCCTCAAAGGCAC-1,0.9799585,7.303705,Oval/Medial
ACAAAGATCATAGCAC-1,-3.018733,5.911282,Marginal
ACAAGCTCACGATTCA-1,-2.6338658,5.451468,Marginal
ACACCAATCCAGTTCC-1,0.1559738,3.2064161,Lateral
ACACGCGTCTTTGCGC-1,-1.2686728,7.9755225,Oval/Medial
ACAGAAATCCATGATG-1,2.706612,8.890521,Oval/Medial
ACAGCCGAGACTCAAA-1,2.360381,10.533779,Oval/Medial
ACATCCCTCATGGGAG-1,7.285299,7.095114,Oval/Medial
ACATCCCTCCTACGAA-1,4.4466743,12.872418,Oval/Medial
ACATCGAGTGTTCGTA-1,-3.796521,7.1405206,Marginal
ACATCGATCAGCACCG-1-1,0.54059374,9.345398,Oval/Medial
ACATGCAAGTTTGCTG-1,3.7547972,7.1324763,Oval/Medial
ACATGCATCAAGAGTA-1,8.074377,6.723613,Oval/Medial
ACCAAACAGCTAATCC-1,-3.9145293,5.8984575,Marginal
ACCAAACAGGGAGGTG-1,0.80117023,7.8364034,Oval/Medial
ACCAAACCAGAATGTA-1,4.831154,8.211243,Oval/Medial
ACCAACAAGATGATTG-1,1.1828177,8.356033,Oval/Medial
ACCACAAAGATGTTAG-1,-1.8959916,1.0646745,Hbx
ACCACAAGTTACACAC-1,-2.23417,5.6509223,Marginal
ACCCAAATCCTATTGT-1,0.00226429,5.4430003,Oval/Medial
ACCGTTCTCATTCACT-1,-0.6866864,0.43680552,Hbx
ACCTGAAGTGTCCCTT-1,6.4975915,12.367284,Oval/Medial
ACGATCAAGCCTCAAT-1,3.732117,10.744717,Oval/Medial
ACGGGTCTCCGATGCG-1,0.13361444,5.7654433,Oval/Medial
ACGGTCGAGAAACTCA-1,-0.95755804,8.106125,Oval/Medial
ACGGTTACATCGATCA-1,7.3094444,6.270083,Oval/Medial
ACGTAACAGAAATCCA-1-1,-0.19174615,6.69318,Oval/Medial
ACGTACATCATTTGTC-1,4.472249,6.4467254,Oval/Medial
ACGTTCCGTCAAAGCG-1,1.2313124,6.715049,Oval/Medial
ACGTTCCGTCAGACGA-1,1.7448262,6.099759,Oval/Medial
ACTATGGGTTTGCAGT-1,2.0642235,2.2870734,Lateral
ACTCCCATCTGTCTCG-1,3.4690719,9.583828,Oval/Medial
ACTGATGCACGACCTG-1,0.64885783,5.94904,Oval/Medial
ACTGATGGTAATCAGA-1,-0.48132795,6.424067,Oval/Medial
ACTGCAACAAACGGCA-1,2.827136,6.5177035,Oval/Medial
ACTGCAAGTACAGTCT-1,4.561613,6.220401,Oval/Medial
ACTGCAAGTACTCCCT-1,0.38077748,7.191725,Oval/Medial
ACTGCAATCTCTAAGG-1,2.7474613,10.733088,Oval/Medial
ACTGTCCAGCACAAAT-1,2.995532,10.994021,Oval/Medial
ACTGTCCCAATGAACA-1,1.5617248,9.526465,Oval/Medial
ACTTATCGTTACGTAC-1,0.37882102,6.6943064,Oval/Medial
ACTTATCTCAAGCTTG-1,-0.9946364,7.852628,Oval/Medial
ACTTCCGGTGAGACCA-1,7.324967,5.6320486,Oval/Medial
ACTTCGCAGCTTGTGT-1,-0.060623728,8.144829,Oval/Medial
ACTTTCACAGATAAAC-1,1.4855492,4.253081,Lateral
ACTTTGTGTGGACCTC-1,3.983481,13.726407,Oval/Medial
AGAAATGAGAAGGTAG-1,1.5130444,8.419099,Oval/Medial
AGAAATGAGCCTCATA-1,-0.01888457,7.690782,Oval/Medial
AGAACCTAGGGTGAAA-1,4.047951,11.562657,Oval/Medial
AGAACCTCAAGCGCAA-1,5.586771,7.8107867,Oval/Medial
AGAAGCGAGCTCGAAG-1,-0.82943887,5.867125,Oval/Medial
AGAAGTATCTAAGCGT-1,-3.1026433,8.317351,Marginal
AGAAGTATCTAGCCTC-1,-2.2374609,0.5243333,Hbx
AGACACTAGCGAGTAC-1,-2.5608668,6.6720085,Marginal
AGACACTAGTTCGCAT-1,4.3555346,7.092946,Oval/Medial
AGACACTGTTTCCCAC-1,-1.9749066,3.0674846,Hbx
AGACCATCATTCAGGT-1,1.1313989,6.3330846,Oval/Medial
AGACCATGTTTAAGGA-1-1,-1.9222194,1.7668067,Hbx
AGACCATTCGCGTTTC-1,-0.71241724,8.622628,Oval/Medial
AGACTCAAGTCATTGC-1,6.2725997,3.6513474,Oval/Medial
AGACTCAGTCCTTTGC-1,2.0645134,7.618377,Oval/Medial
AGACTCATCTCGCTCA-1,0.58506167,5.6197205,Oval/Medial
AGAGAATGTCACCACG-1,4.2455397,3.5318272,Oval/Medial
AGAGAGCCAATTTCTC-1,-3.5004957,5.803678,Marginal
AGAGAGCTCGACCAAT-1,4.899501,2.996422,Oval/Medial
AGAGCAGTCGTAGGAG-1,6.375151,8.274149,Oval/Medial
AGATCGTTCTGGAGAG-1,3.8121443,13.47005,Oval/Medial
AGATGAAAGTAAATGC-1,5.4701524,10.654929,Oval/Medial
AGATGAACATACACCA-1,0.11993387,4.3884473,Oval/Medial
AGATGCTAGGACTATA-1,-1.4434566,6.9058514,Oval/Medial
AGCCAATCATCGATGT-1,-2.0605118,7.218476,Marginal
AGCCACGAGCCAAGCA-1,-1.2633526,7.843081,Oval/Medial
AGCCAGCGTTGGAGAC-1,3.6537552,9.886724,Oval/Medial
AGCGATTAGGGCAGAG-1,1.0209405,9.0731,Oval/Medial
AGCGTATCATGACTCA-1,5.6808133,5.7380877,Oval/Medial
AGCGTATGTGTTAACC-1,-0.92704093,6.999241,Oval/Medial
AGCGTCGCATTACTCT-1,8.417898,6.994963,Oval/Medial
AGGAAATAGGGACCAT-1,3.5807292,6.7129993,Oval/Medial
AGGAATAAGCAATAGT-1,-3.6772912,6.0577555,Marginal
AGGAATAGTGCCGTTG-1,0.4481168,3.1429484,Lateral
AGGACTTGTAGTATAG-1,2.3795257,6.6277413,Oval/Medial
AGGAGGTCACCAAATC-1,2.0028484,7.9870543,Oval/Medial
AGGAGGTGTAGCCCTG-1,0.05775368,4.4084854,Oval/Medial
AGGAGGTTCACCGCTT-1,4.089911,7.770251,Oval/Medial
AGGATCTCAGCATTGT-1,1.3084252,8.129955,Oval/Medial
AGGATCTGTCCGATCG-1,1.8127607,1.848287,Lateral
AGGCATTAGCAAACAT-1,2.7844357,6.2761645,Oval/Medial
AGGCTGCAGGGCAGAG-1,3.4410808,10.048849,Oval/Medial
AGGCTGCCACTACCGG-1,3.5458548,6.3718934,Oval/Medial
AGGCTGCGTGTCCGGT-1,4.304301,3.2460954,Oval/Medial
AGGGCTCAGAACTCCT-1,1.3258204,7.2281365,Oval/Medial
AGGGTGAGTACCGCGT-1,2.3932261,1.3393718,Lateral
AGGGTTTGTACTAACC-1,7.407479,6.6893644,Oval/Medial
AGGGTTTGTCTAATCG-1,8.6007595,7.160643,Oval/Medial
AGGGTTTTCGTAGTCA-1,-3.076782,7.148752,Marginal
AGGTCATAGCCAGAGT-1,-2.6389267,7.117285,Marginal
AGGTCTAGTTGCAAGG-1,0.94760996,2.9437428,Lateral
AGGTCTATCGGACTTA-1,1.0474036,7.883404,Oval/Medial
AGGTTACCACACACGC-1,5.413274,2.8219078,Oval/Medial
AGGTTGTAGACTACGG-1,0.8272184,8.160717,Oval/Medial
AGTAACCAGAAACCCG-1,2.2576292,1.8596447,Lateral
AGTAACCAGAGTTGTA-1,-3.3824048,5.8626223,Marginal
AGTAACCTCAATGTCG-1,1.6559255,7.862102,Oval/Medial
AGTAACCTCATCTGTT-1,1.0980831,7.1587715,Oval/Medial
AGTACCAAGGTCACTT-1,0.3077405,9.460851,Oval/Medial
AGTACCAGTTAGCTAC-1,-3.501359,6.56592,Marginal
AGTAGCTGTAGGAGGG-1,0.19068584,6.1993203,Oval/Medial
AGTAGTCTCTTACGTT-1-1,0.2879181,8.569026,Oval/Medial
AGTCATGCACCAGTAT-1,1.1971335,7.637593,Oval/Medial
AGTCATGGTGACACGA-1,4.0300856,5.627948,Oval/Medial
AGTCTCCCACGACAGA-1,0.8439413,6.6375084,Oval/Medial
AGTGATCCACATTGTG-1-1,6.5192523,5.803904,Oval/Medial
AGTGCCGCAGCGTGCT-1,4.258195,3.6031306,Oval/Medial
AGTGCCGGTGAATAAC-1,-0.21962611,8.4229765,Oval/Medial
AGTGCCGGTTAAGTCC-1,0.5354947,6.454299,Oval/Medial
AGTGTTGGTCTCACGG-1,5.0082836,12.513546,Oval/Medial
AGTTCCCGTAGACAGC-1,-1.9335989,7.2929187,Marginal
AGTTCGAGTCCTACGG-1,2.1828518,5.466046,Oval/Medial
ATACCGATCAGCAGAG-1-1,4.642519,12.457197,Oval/Medial
ATAGACCCAGGAGGTT-1,3.781741,11.4091,Oval/Medial
ATAGAGACAACACAAA-1-1,0.11349721,7.0498643,Oval/Medial
ATAGAGATCGATGGAG-1,1.5273211,8.693585,Oval/Medial
ATAGGCTCATGTGCTA-1,-1.0747933,3.290256,Hbx
ATATCCTCAATACCCA-1,1.6681448,6.288484,Oval/Medial
ATATCCTGTAAGATCA-1,1.5736763,3.3255525,Lateral
ATCACAGCATGGACAG-1,-0.1971013,2.6459563,Lateral
ATCACGAAGATTCGCT-1,1.0377249,3.245294,Lateral
ATCACGAGTCTGCAAT-1,1.173334,6.852949,Oval/Medial
ATCAGGTAGTGCTAGG-1,2.7292933,5.5285087,Oval/Medial
ATCATTCCATGGCACC-1,0.11413828,7.1981916,Oval/Medial
ATCATTCTCATGTCTT-1,4.8651166,5.3654184,Oval/Medial
ATCCACCCATACAGCT-1,7.2129955,4.818305,Oval/Medial
ATCCACCCATGTACGT-1,3.9260218,13.037963,Oval/Medial
ATCCATTAGATCCTAC-1,5.1265264,10.720445,Oval/Medial
ATCCATTAGGTTAAAC-1,-0.31049895,7.179511,Oval/Medial
ATCCATTCACCAGTTA-1,5.8378186,7.948607,Oval/Medial
ATCCATTTCACCCATC-1,5.368205,9.375638,Oval/Medial
ATCCCTGAGGGCGAGA-1,7.0981727,5.84778,Oval/Medial
ATCCCTGGTCTTGAAC-1,6.0525217,12.125277,Oval/Medial
ATCCGTCCAAATGCGG-1,4.8036175,6.6341133,Oval/Medial
ATCCTATGTATACGGG-1-1,2.40497,10.119919,Oval/Medial
ATCGGATCAAACGTGG-1-1,0.9897809,9.264417,Oval/Medial
ATCGGATCAGTAGAGC-1,0.2979084,3.3742044,Oval/Medial
ATCGGCGAGCACCGTC-1,3.3842292,11.661582,Oval/Medial
ATCGGCGAGGCTGGAT-1,0.76409036,4.837344,Oval/Medial
ATCGTAGGTAGATTAG-1,3.9851587,7.0357842,Oval/Medial
ATCGTGAAGGCTTAAA-1,7.154768,8.546387,Oval/Medial
ATCGTGAGTCCTGTCT-1,2.3435316,11.131249,Oval/Medial
ATCGTGAGTCTCTCTG-1,3.5112767,3.9231052,Oval/Medial
ATCGTGAGTGTTACTG-1,3.8318129,12.237263,Oval/Medial
ATCGTGATCGTGTCAA-1,3.5527654,10.44469,Oval/Medial
ATCTCTACATTGCAAC-1,2.3950496,6.7804117,Oval/Medial
ATGAAAGAGGCCTGCT-1,1.4507276,9.681154,Oval/Medial
ATGAAAGCAATGGCCC-1,1.680882,9.238876,Oval/Medial
ATGAAAGTCGAGAATA-1,0.8801137,9.3762455,Oval/Medial
ATGACCACACTAACCA-1,-1.3748372,7.3053856,Oval/Medial
ATGACCATCGTGGTAT-1,1.933541,10.055948,Oval/Medial
ATGAGTCTCTGGTTGA-1,-1.0366224,4.6734133,Oval/Medial
ATGATCGGTAGCCAGA-1,0.50744474,9.510431,Oval/Medial
ATGATCGTCAGCCTTC-1,2.221917,9.566959,Oval/Medial
ATGCCTCAGGACAGCT-1,1.3657044,2.7393568,Lateral
ATGCCTCAGTCGCCAC-1,-0.1770361,6.402115,Oval/Medial
ATGCCTCCACGTACAT-1,0.66121686,6.349235,Oval/Medial
ATGCCTCCACTCAGAT-1,1.3685557,6.8278027,Oval/Medial
ATGCCTCCAGTCGTTA-1,-2.4884264,2.1159086,Hbx
ATGCCTCTCCGATAAC-1,4.447311,12.9938755,Oval/Medial
ATGGAGGCAATCGAAA-1,2.9150946,11.402385,Oval/Medial
ATGGATCAGTGTTCAC-1,-1.5197715,6.5208945,Marginal
ATGGGAGGTCAACCAT-1,1.8350862,9.652894,Oval/Medial
ATGGGTTCAGTTGTCA-1,-0.49239492,6.643456,Oval/Medial
ATGGGTTCATTGTCGA-1,-2.37918,0.05581497,Hbx
ATGGGTTTCGAGTACT-1,4.975484,7.078502,Oval/Medial
ATGGTTGAGCCACTCG-1,5.137424,10.97799,Oval/Medial
ATGTCCCCAACGATTC-1,-2.9289062,6.1493983,Marginal
ATGTCCCCATGAGATA-1,4.0828075,4.118054,Oval/Medial
ATGTCCCGTACTGCCG-1,5.663761,10.731756,Oval/Medial
ATGTCCCGTTCGGCGT-1,7.4884877,4.9082747,Oval/Medial
ATTACCTGTAATGATG-1,2.971371,5.1688085,Oval/Medial
ATTACCTGTATCGCTA-1,7.518201,7.0060024,Oval/Medial
ATTCACTAGGGAGGGT-1,0.84156305,1.5278488,Lateral
ATTCAGGAGCCTCTTC-1,1.836558,3.62321,Lateral
ATTCAGGGTGATTCAC-1,1.6778023,3.8126729,Lateral
ATTCAGGTCATACGAC-1,-1.0004992,3.8737793,Hbx
ATTCATCCAGCTGTAT-1,3.0346274,10.459521,Oval/Medial
ATTCATCGTGTCCGTG-1,7.252753,6.1464195,Oval/Medial
ATTCCATAGGCTGTAG-1,7.1389585,9.234085,Oval/Medial
ATTCCATGTTGGAGAC-1,1.1997564,2.7322729,Lateral
ATTCCATTCCGTGGTG-1,-0.081222855,6.81991,Oval/Medial
ATTCCCGCATGGACAG-1,6.1296983,7.896361,Oval/Medial
ATTCCTATCCTTTGAT-1,-1.1176487,1.663966,Hbx
ATTCGTTGTGTTCGTA-1,3.469996,5.9534187,Oval/Medial
ATTCTACAGGCCTAAG-1,-0.1911081,6.699598,Oval/Medial
ATTCTACAGTCAATCC-1,2.1944687,6.628197,Oval/Medial
ATTCTTGCATGGCCCA-1,-0.6875672,7.71016,Oval/Medial
ATTGGGTAGAGAACCC-1,5.584419,5.089878,Oval/Medial
ATTGGGTCAAAGGCAC-1,3.4368043,11.726621,Oval/Medial
ATTGGGTCAACAAAGT-1,5.3654113,10.473207,Oval/Medial
ATTGGGTCAACTCATG-1,5.020512,5.3603787,Oval/Medial
ATTGGGTGTATGTCCA-1,-2.7644606,7.7999616,Marginal
ATTGTTCAGTTAACGA-1,-1.1798409,6.76957,Oval/Medial
ATTTACCTCAAATGCC-1,4.140482,13.073199,Oval/Medial
ATTTCACTCTGCTGAA-1,-2.9580271,7.772564,Marginal
CAAAGAAAGATGCGAC-1,0.06296718,7.730141,Oval/Medial
CAACAACAGGGTAGCT-1,1.2825433,6.630964,Oval/Medial
CAACAGTAGACAAGCC-1,-3.4320335,6.5749454,Marginal
CAACCTCCAACTGATC-1,2.5593488,2.2603984,Lateral
CAACCTCTCAGCTGTA-1,-0.4823633,4.994693,Oval/Medial
CAACGATAGTTCGCAT-1-1,5.245364,6.479275,Oval/Medial
CAACGATTCGAGATAA-1,3.3664281,5.8534174,Oval/Medial
CAACGGCCAGATCATC-1,3.0866005,5.288923,Oval/Medial
CAACGGCTCCTACCAC-1,3.9350781,4.444925,Oval/Medial
CAAGACTTCTCGGGAC-1,2.476982,11.150414,Oval/Medial
CAAGAGGAGGACCCAA-1,0.92415833,10.064316,Oval/Medial
CAAGAGGGTCGACTTA-1,5.820833,8.109798,Oval/Medial
CAAGCTAAGCCTCTTC-1,4.286702,9.751234,Oval/Medial
CAAGGGAAGAACGTGC-1,6.4101734,4.0700994,Oval/Medial
CAAGGGACACTATCCC-1,7.420741,7.0112543,Oval/Medial
CAATACGGTGAGCAGT-1,4.3572845,12.826522,Oval/Medial
CAATACGTCGTGACTA-1,-1.3142258,2.2778432,Hbx
CAATCGAGTCTATGAC-1,2.8654442,12.982299,Oval/Medial
CAATGACAGCTAGAAT-1,0.76229876,8.571371,Oval/Medial
CAATGACGTCGAACAG-1,0.48425722,8.854264,Oval/Medial
CAATGACTCCTACAAG-1,4.015341,12.431221,Oval/Medial
CAATGACTCGTCAAAC-1,5.5945406,11.268954,Oval/Medial
CAATTTCCACGCAGTC-1,2.6882014,5.822308,Oval/Medial
CAATTTCGTAGAATGT-1,0.7265165,3.114722,Lateral
CACACAAAGCGACTGA-1,-2.4409962,0.21997051,Hbx
CACAGATCAACTAGAA-1,-1.7673862,0.26110876,Hbx
CACAGATGTAGCTGAG-1,4.4780545,6.794638,Oval/Medial
CACATGACATGACGTT-1,2.8252356,6.638348,Oval/Medial
CACCAAAAGCCTGACC-1,5.8816485,10.729048,Oval/Medial
CACCAAAGTTAATCGC-1,0.3896622,7.2521057,Oval/Medial
CACCGTTAGTGTACCT-1,-0.6923489,6.5639205,Oval/Medial
CACGAATTCCACGGGT-1,4.0194054,7.398205,Oval/Medial
CACGGGTCACATACTG-1,-2.5102208,0.46016005,Hbx
CACGTTCCACAATCTG-1,-2.2802548,0.765983,Hbx
CACGTTCCACTTCTCG-1,1.1205249,6.191709,Oval/Medial
CACTAAGAGAATTCAG-1,3.279621,10.368793,Oval/Medial
CACTAAGCACAAGCTT-1,5.741658,6.6291766,Oval/Medial
CACTAAGTCACAGTGT-1,0.69201374,8.695961,Oval/Medial
CACTGAACAGTAGGAC-1,0.8950325,7.669931,Oval/Medial
CACTGGGCATCAGCGC-1,-0.8739274,7.794851,Oval/Medial
CACTGGGGTCCTGGGT-1,5.3228245,10.638342,Oval/Medial
CACTGTCAGGCTCACC-1,0.51407254,0.8995454,Lateral
CAGATACCAAAGCTAA-1,5.537527,6.3012543,Oval/Medial
CAGATCACAGCAGTGA-1,3.92394,11.096267,Oval/Medial
CAGATTGAGACCATAA-1,4.204454,3.9305289,Oval/Medial
CAGCAATAGGTCCCTG-1,2.638961,11.683242,Oval/Medial
CAGCAATGTTTCTATC-1,3.9428556,9.65065,Oval/Medial
CAGCGTGAGATCACCT-1-1,7.1902113,6.9137497,Oval/Medial
CAGCGTGCAGGCTACC-1,-3.031399,7.100657,Marginal
CAGGGCTGTCATCGGC-1,3.7106621,7.2904143,Oval/Medial
CAGGTATTCCACAGGC-1,5.954716,4.076825,Oval/Medial
CAGTGCGCATTAAAGG-1,0.89428586,9.017879,Oval/Medial
CAGTGCGGTACAAGCG-1,4.170994,3.251302,Oval/Medial
CAGTGCGGTAGAATGT-1,6.2745166,8.216853,Oval/Medial
CAGTTAGCACCAGCTG-1,8.176278,7.134943,Oval/Medial
CATACAGGTATCTCTT-1,2.1277266,7.3801813,Oval/Medial
CATACCCGTAGAATAC-1,2.4038253,5.61479,Oval/Medial
CATACTTTCGGAATTC-1,0.60115063,8.152248,Oval/Medial
CATCAAGCAAAGAACT-1,2.8523984,5.185311,Oval/Medial
CATCAAGCATTGAAAG-1,-0.21467175,0.9324818,Lateral
CATCCACAGTAAATGC-1,-2.9411073,5.687603,Marginal
CATCCGTAGGTTTGAA-1,6.5824795,1.9867924,Oval/Medial
CATCCGTAGTCTGGTT-1,7.650405,5.1080165,Oval/Medial
CATCGCTGTTGGTGTT-1,1.7802398,7.228157,Oval/Medial
CATGCAATCCTACGGG-1,6.883572,1.4473816,Oval/Medial
CATGCCTAGACCTCCG-1,6.5717473,1.7327192,Oval/Medial
CATGCCTAGCAGGCTA-1,-3.003717,7.776935,Marginal
CATGCCTAGTCGCGAA-1,3.4984286,6.19227,Oval/Medial
CATGCGGGTGTTCCAA-1,1.4705179,3.995293,Lateral
CATGCTCCAGTAGAGC-1,-1.7590619,3.6070077,Hbx
CATGCTCGTACGAGTG-1,5.883116,8.030519,Oval/Medial
CATGCTCTCATCTCTA-1,7.214353,7.779383,Oval/Medial
CATTCTAAGGAAGTCC-1,4.45985,6.9529223,Oval/Medial
CATTCTAAGTACAGCG-1,5.385239,9.092034,Oval/Medial
CATTCTAAGTCATGGG-1,7.227162,7.8938384,Oval/Medial
CATTGAGCAGAACTAA-1,-0.31817567,4.9036245,Oval/Medial
CATTGAGCATTATGCG-1,2.8908083,10.342892,Oval/Medial
CATTGAGTCTTTGCAT-1,0.18176778,4.6485457,Oval/Medial
CATTGCCTCCGTGTAA-1,4.4587984,3.1570392,Oval/Medial
CATTGTTAGCTGAAAT-1,4.8182273,6.508465,Oval/Medial
CATTGTTCAATGTCTG-1,3.7952087,7.662195,Oval/Medial
CCAAGCGAGCTATCTG-1,-2.474009,8.060314,Marginal
CCAATGATCTAAACGC-1,3.1584136,9.852716,Oval/Medial
CCAATTTCAGTGCGCT-1,5.0184646,13.089971,Oval/Medial
CCAATTTTCGTTACCC-1,2.71711,9.260893,Oval/Medial
CCACAAAGTACGAGCA-1,3.775409,12.94601,Oval/Medial
CCACACTCATGAGGGT-1,-2.1921818,6.7577686,Marginal
CCACGAGCAGACTCTA-1,0.48559543,4.023607,Lateral
CCACGAGGTCCGACGT-1,-3.982085,7.2977285,Marginal
CCACTTGCATCGCTCT-1,-0.07920723,7.410884,Oval/Medial
CCACTTGGTAGCTTAC-1,1.3291261,5.6871123,Oval/Medial
CCACTTGGTATCGTAC-1,1.5755644,9.629808,Oval/Medial
CCATAAGAGCGTGCCT-1,1.3949044,5.3015027,Oval/Medial
CCATAAGAGTCTCCTC-1,-0.07090421,6.5856724,Oval/Medial
CCATAAGTCCTCTCGA-1,5.8366227,5.3751416,Oval/Medial
CCATAAGTCGGTCTAA-1,1.9149529,6.186399,Oval/Medial
CCATCACAGGCACAAC-1,2.313651,8.329291,Oval/Medial
CCATCACTCCAAGGGA-1,0.74565595,8.499032,Oval/Medial
CCCAACTCAACGACAG-1,4.8196807,6.026024,Oval/Medial
CCCATTGCATGAAGCG-1,-2.3852139,2.1144161,Hbx
CCCGAAGCAATTCTCT-1,0.667672,8.015089,Oval/Medial
CCCGAAGGTCGAGCTC-1,6.301661,1.5538305,Oval/Medial
CCCGAAGTCTTGTTAC-1,1.4558676,6.0878468,Oval/Medial
CCCTAACGTAGTCACT-1,-2.5753253,0.99988794,Hbx
CCCTCTCTCCACGAAT-1,0.8420236,2.996512,Lateral
CCCTGATAGAAACCCG-1,7.2320614,4.9330935,Oval/Medial
CCCTTAGGTGCCGAAA-1,4.2013645,10.395731,Oval/Medial
CCGAACGTCATCTATC-1,-3.5018878,6.9545608,Marginal
CCGATGGCAACTGTGT-1,-4.1290865,7.2479563,Marginal
CCGCAAGGTACTAACC-1,-1.7996439,4.41139,Hbx
CCGCAAGGTGAATGAT-1,0.11558929,7.858905,Oval/Medial
CCGCAAGTCTACCTTA-1,3.445191,8.000382,Oval/Medial
CCGGGTAGTCCATAGT-1,4.7305784,13.205135,Oval/Medial
CCGGTGAGTTGCCGAC-1,-0.28747562,6.8236976,Oval/Medial
CCGGTGATCGTGCAGC-1,3.065903,11.952021,Oval/Medial
CCGTAGGGTATCCTCC-1,6.1827497,2.016872,Oval/Medial
CCGTAGGGTCGTAATC-1,3.582451,13.179075,Oval/Medial
CCGTAGGGTTTAGAGA-1,6.910844,4.847473,Oval/Medial
CCGTTCATCAGAATAG-1,1.9037079,1.711276,Lateral
CCGTTCATCCATCTAT-1,6.5572243,2.038827,Oval/Medial
CCTACGTTCAAGAATG-1,7.9669127,7.336529,Oval/Medial
CCTATCGTCTGCGTCT-1,-0.15484598,2.2453845,Lateral
CCTCATGAGCACGTCC-1,2.2015114,1.7622596,Lateral
CCTCATGCATGACGAG-1,-3.1709282,5.8896465,Marginal
CCTCCAAAGAGCATAT-1,4.648288,10.482027,Oval/Medial
CCTCCTCCATCCGTTC-1,6.1748343,11.828139,Oval/Medial
CCTCTAGAGGTAGCCA-1,4.213685,12.512372,Oval/Medial
CCTCTAGCAGCGTATT-1,0.35226125,1.7919207,Lateral
CCTCTAGTCAAAGCCT-1,5.0303955,3.6650457,Oval/Medial
CCTCTCCTCCTGGGAC-1,0.16595836,7.3495255,Oval/Medial
CCTGCATAGGTTCATC-1,-1.8781226,0.9940433,Hbx
CCTGTTGAGCAGCGAT-1,0.4014269,6.67501,Oval/Medial
CCTGTTGCAAGACGAC-1,-4.458148,8.242008,Marginal
CCTTCAGGTAGCGAGT-1,0.2066866,8.508156,Oval/Medial
CCTTGTGAGGGACAGG-1,0.7464237,8.15534,Oval/Medial
CCTTGTGAGTGCACAG-1,2.1846108,6.7987485,Oval/Medial
CCTTGTGAGTTTGAGA-1,-0.37032336,4.093234,Oval/Medial
CCTTGTGCATAGGTAA-1,4.374211,3.6408885,Oval/Medial
CCTTGTGGTTCTTAGG-1,6.794969,2.0590935,Oval/Medial
CCTTGTGTCCATCTGC-1,6.2934537,12.27037,Oval/Medial
CCTTGTGTCGGTCTGG-1,2.8624902,7.6657805,Oval/Medial
CCTTTGGGTGCCTATA-1,7.448797,6.5021853,Oval/Medial
CGAAGTTAGACCACGA-1,6.041908,11.350096,Oval/Medial
CGAAGTTGTAACAGTA-1,4.0861955,5.4094114,Oval/Medial
CGAATTGCATCGCTAA-1,-3.862389,7.4597936,Marginal
CGAATTGGTTTACACG-1,5.828724,7.1448884,Oval/Medial
CGAGAAGAGCTGACAG-1,2.2290676,1.5822662,Lateral
CGAGGAAAGCAGCACA-1,-2.3327663,2.940628,Hbx
CGAGGAACACTACCCT-1,-0.71233505,6.5053883,Oval/Medial
CGAGTTAAGTTGCCTA-1,3.637876,11.422339,Oval/Medial
CGATCGGGTCCCAAAT-1,-0.69746494,2.0515175,Hbx
CGATCGGGTCTACATG-1,8.218399,7.029849,Oval/Medial
CGATCGGTCAATCTTC-1,2.404399,1.3978436,Lateral
CGATGCGCACGACAAG-1,4.7763357,10.877367,Oval/Medial
CGATGCGCATCGCTCT-1,3.3248284,12.187564,Oval/Medial
CGATGCGTCCGAAGGA-1,5.6253843,8.155322,Oval/Medial
CGATGGCCATGTCGTA-1,1.5052418,9.609672,Oval/Medial
CGATGGCGTACGTGAG-1,0.13656701,7.131279,Oval/Medial
CGATGGCGTTAGAAAC-1,2.6514976,8.619807,Oval/Medial
CGCAGGTGTTGGTGTT-1-1,-2.350223,3.3331065,Hbx
CGCATAACAGGCAATG-1,-2.1707318,0.24541453,Hbx
CGCATAATCTGAGAAA-1-1,-1.5119213,2.9662864,Hbx
CGCATGGCAGGTTCGC-1,-2.28348,0.2794785,Hbx
CGCGTGAAGATGCTGG-1,-0.60849184,8.272082,Oval/Medial
CGCGTGATCGAGCTGC-1,5.1769876,6.063349,Oval/Medial
CGGACACCAAGCTGTT-1,2.0525074,7.0282245,Oval/Medial
CGGACACTCATGTCTT-1,4.675302,6.1318274,Oval/Medial
CGGACACTCGGACTTA-1,5.4197636,6.3007317,Oval/Medial
CGGACACTCGTTCATT-1,0.5570755,7.41553,Oval/Medial
CGGCAGTAGTATTGCC-1,6.785902,8.05087,Oval/Medial
CGGCAGTTCAGCAATC-1,-0.12839898,7.801919,Oval/Medial
CGGGACTAGTACAACA-1-1,-0.63065535,2.7447379,Hbx
CGGGACTGTCCCGCAA-1,-1.8406289,2.9080563,Hbx
CGGGACTTCTGATGGT-1,0.2612553,7.2571697,Oval/Medial
CGGGTCAGTAGATCGG-1,1.954995,9.862853,Oval/Medial
CGGTCAGCATGAGATA-1,-0.76555294,5.732766,Oval/Medial
CGGTCAGGTGGAACAC-1,2.678124,6.0737276,Oval/Medial
CGGTCAGTCTGTGCAA-1,-1.5549089,3.4056506,Hbx
CGTAAGTCAGCGCTTG-1,7.4428997,4.719357,Oval/Medial
CGTAATGTCTTCTGGC-1,4.5615335,11.942674,Oval/Medial
CGTCCATCATCCAACA-1,1.7354898,9.53558,Oval/Medial
CGTCCATGTGGTCTAT-1,1.5058988,2.8082068,Lateral
CGTGAATAGATCGACG-1,1.0619764,8.820424,Oval/Medial
CGTGCTTCAGATTAAG-1,1.0203583,3.491366,Lateral
CGTGCTTCAGCGGTCT-1,-0.13008526,6.215672,Oval/Medial
CGTGTCTTCGCGGTAC-1,5.17409,3.3801985,Oval/Medial
CGTTCTGAGACTTGTC-1,1.3796029,9.983923,Oval/Medial
CGTTCTGAGTAGTCCT-1,2.558751,10.201889,Oval/Medial
CGTTGGGGTTCCAGGC-1,6.900628,1.9171304,Oval/Medial
CGTTGGGTCAAGGAGC-1,0.26692745,9.482684,Oval/Medial
CGTTGGGTCCACACCT-1,-2.3100703,7.0660295,Marginal
CTAACTTCACCGTCGA-1,4.4064474,4.736695,Oval/Medial
CTAACTTTCTTGTTAC-1,4.1433787,13.046928,Oval/Medial
CTACCCAAGTCGGCAA-1,-3.7885766,6.997932,Marginal
CTACCTGAGGTACAGC-1,0.9168522,8.710676,Oval/Medial
CTACCTGGTGGATACG-1,-4.198537,6.780541,Marginal
CTACTATCAATTCTTC-1,4.6482663,2.9409254,Oval/Medial
CTAGACACATTACGGT-1,1.1645117,8.434275,Oval/Medial
CTAGGTACAATCGCCG-1,-0.00398543,4.5441923,Oval/Medial
CTATCTAGTAACCAGG-1,6.548368,1.3176943,Oval/Medial
CTCAACCAGGGTCTTT-1,7.7124743,7.663522,Oval/Medial
CTCAACCAGTGATAAC-1,7.0067077,8.237911,Oval/Medial
CTCAACCCACCTGCGA-1,-1.3300389,4.145989,Hbx
CTCAGAATCCACGGGT-1,3.0205956,11.612399,Oval/Medial
CTCAGGGGTAGGCTCC-1,4.1224008,8.743052,Oval/Medial
CTCAGTCAGTTCGGTT-1,2.8995633,11.770074,Oval/Medial
CTCAGTCCACACCTTC-1-1,0.3455696,8.706296,Oval/Medial
CTCAGTCCATTCTGTT-1,1.3132211,4.232249,Lateral
CTCAGTCGTACTGGGA-1,-3.3834078,7.630263,Marginal
CTCAGTCGTATCCCTC-1,-0.94210887,6.307928,Oval/Medial
CTCAGTCTCATGAGTC-1,4.3177514,11.984564,Oval/Medial
CTCATCGGTGAATTAG-1,0.94977367,7.9825234,Oval/Medial
CTCATTATCCAATCTT-1-1,6.918726,3.8363543,Oval/Medial
CTCCATGGTCGAATGG-1,2.514413,5.166817,Oval/Medial
CTCCCAATCCGAGGCT-1,-0.43169668,5.530937,Oval/Medial
CTCCTTTTCATGAGTC-1,1.56596,5.070277,Lateral
CTCGAGGCAAGCGCAA-1,-3.2171433,8.1211815,Marginal
CTCGAGGGTACGAGTG-1,5.8378916,11.37046,Oval/Medial
CTCTCGAGTACTCCGG-1,-2.9781845,7.883711,Marginal
CTGAATGTCCGGTAAT-1,4.8000665,12.6508875,Oval/Medial
CTGAGCGCATGCAGGA-1,-1.3458278,3.169022,Hbx
CTGAGCGTCACGGGCT-1,0.585412,2.501398,Lateral
CTGCATCAGCAAGCCA-1,4.158659,10.00046,Oval/Medial
CTGCCATTCAAGCCGC-1,4.116615,10.020131,Oval/Medial
CTGCCTAGTGTTCCAA-1,2.121279,6.906271,Oval/Medial
CTGCCTATCGAGTACT-1,0.040328477,7.6154966,Oval/Medial
CTGCGAGAGCAGCCCT-1,5.6667724,3.027984,Oval/Medial
CTGCTCAGTATACGGG-1,0.6729198,3.3849244,Lateral
CTGCTCATCTATACGG-1,-0.9593204,7.038162,Oval/Medial
CTGGACGAGCTTGTGT-1,1.7815086,7.719767,Oval/Medial
CTGGCAGCATCCGAAT-1,3.9423604,6.9322553,Oval/Medial
CTGGCAGTCTGATTCT-1,-4.325544,6.1436925,Marginal
CTGGTCTTCTCAGAAC-1-1,4.8474936,11.7459755,Oval/Medial
CTGTAGAAGAGTACCG-1,-0.6957478,8.615128,Oval/Medial
CTGTATTAGATAGCTA-1,0.22952619,5.276937,Oval/Medial
CTGTATTCATAACAGA-1,2.3546696,5.9927964,Oval/Medial
CTGTATTGTGTCCACG-1,5.836313,8.964376,Oval/Medial
CTGTATTTCAACACGT-1,2.7737005,5.759034,Oval/Medial
CTGTCGTCAACCCGCA-1,0.6656646,5.8770175,Oval/Medial
CTGTCGTGTGGTCCGT-1,5.508823,6.2828264,Oval/Medial
CTGTGAAAGCAATTCC-1,-0.6588905,5.56951,Oval/Medial
CTTAGGAAGACTTCCA-1,-2.0791862,1.3981868,Hbx
CTTCAATCAGAGGCAT-1,5.2200394,10.573888,Oval/Medial
CTTCCGAGTATGATCC-1,5.794852,2.2408307,Oval/Medial
CTTCCTTCAGTAGATA-1,2.5909092,5.0565,Oval/Medial
CTTCGGTGTCTTGAAC-1,1.6197598,5.779854,Oval/Medial
CTTCGGTTCCACGTCT-1,6.4471564,12.394341,Oval/Medial
GAACACTGTCCGTTTC-1,1.5292625,2.1869936,Lateral
GAACACTTCTTCTGTA-1,3.4869576,13.033053,Oval/Medial
GAACGTTGTGTGATGG-1,4.2783985,6.2802997,Oval/Medial
GAACGTTTCCTGCTAC-1,3.7545743,6.8596845,Oval/Medial
GAACTGTAGCTACTAC-1,-3.006932,7.7928915,Marginal
GAACTGTGTAGTGATA-1,2.8544185,6.3763976,Oval/Medial
GAACTGTTCGCCTAGG-1,2.7869704,10.056466,Oval/Medial
GAAGAATAGAGCAGTC-1,1.4366072,7.8937383,Oval/Medial
GAAGAATCAACCACAT-1,-1.3632059,-0.019358521,Hbx
GAAGAATTCTGGGCCA-1,0.32809636,6.452434,Oval/Medial
GAAGCCCCATCAGTCA-1,-1.5820208,5.0418468,Oval/Medial
GAAGCCCGTACTAAGA-1,4.333387,6.726265,Oval/Medial
GAAGCCCGTTCCGTTC-1,5.651558,10.940821,Oval/Medial
GAAGGACCACGCGTGT-1,6.959697,7.1453743,Oval/Medial
GAAGGACGTGGCTACC-1,6.7918806,6.613241,Oval/Medial
GAAGGGTCATACATCG-1,7.059039,8.216227,Oval/Medial
GAAGTAAAGCCAAGTG-1-1,-2.9755762,4.766393,Marginal
GAAGTAACATGTGGCC-1,1.6509429,5.715036,Oval/Medial
GAATCACGTCTGTCCT-1,5.154232,4.663033,Oval/Medial
GAATCACGTGCACATT-1,6.987416,9.102698,Oval/Medial
GAATCGTAGGCTGTAG-1,0.6332517,9.303544,Oval/Medial
GAATCGTTCACACCCT-1,-0.16162197,3.6231952,Oval/Medial
GAATCGTTCACCTTAT-1,0.5267903,7.324768,Oval/Medial
GACAGCCAGTTACTCG-1,-3.1011062,6.9085617,Marginal
GACAGCCCATAATGCC-1,4.9811444,11.026888,Oval/Medial
GACAGCCTCAAGAGGC-1,3.3674223,6.076568,Oval/Medial
GACATCAAGAGTGAAG-1,4.1665425,12.434043,Oval/Medial
GACATCATCGAACCAT-1,0.3510029,9.334017,Oval/Medial
GACCCAGTCTCAAAGC-1,1.0604044,1.2347772,Lateral
GACCCTTAGAGGTGCT-1,2.0051444,1.9557763,Lateral
GACCGTGGTTGCCAAT-1,-1.0252624,6.733394,Oval/Medial
GACGCTGAGGTCCCGT-1,-3.2785718,7.461053,Marginal
GACGTTAAGCACTGGA-1,7.2798862,4.840858,Oval/Medial
GACGTTACATGGCCCA-1,0.43670842,8.852033,Oval/Medial
GACGTTACATTATGCG-1,1.4778196,1.8646286,Lateral
GACTATGCAAATACGA-1,-0.44045976,7.0906415,Oval/Medial
GACTATGCAGCCATTA-1,-0.08397381,5.4422255,Oval/Medial
GACTATGGTATCGATC-1,0.69198906,9.12588,Oval/Medial
GACTATGGTGTATCCA-1,5.064937,12.229946,Oval/Medial
GACTCTCCACCAGCCA-1,-2.1156046,0.022453148,Hbx
GACTCTCTCAACTCTT-1,2.4191916,2.8014977,Lateral
GACTGATGTCGCCACA-1,-0.6227391,6.641188,Oval/Medial
GACTTCCGTGCCTGAC-1,6.0637994,7.578582,Oval/Medial
GAGAAATCAAAGGATT-1,3.2579381,12.108872,Oval/Medial
GAGACCCAGGCCTGAA-1,1.907954,6.838311,Oval/Medial
GAGACCCTCGCGGTAC-1,3.8991969,11.314785,Oval/Medial
GAGACTTTCTTCCAGC-1,-2.4311166,6.7702465,Marginal
GAGATGGCACGACTAT-1,1.0211455,6.818826,Oval/Medial
GAGATGGTCAGGAACG-1,3.7632437,5.643329,Oval/Medial
GAGCCTGGTTGCTGAT-1,3.6778915,10.56401,Oval/Medial
GAGCTGCAGGCCTAGA-1,5.7151136,4.882538,Oval/Medial
GAGCTGCGTCGCTTGG-1,0.88400733,6.5003195,Oval/Medial
GAGGCAACAAATTGCC-1,2.4839163,11.507934,Oval/Medial
GAGGGATAGAGCCCAA-1,5.651536,6.701338,Oval/Medial
GAGGGTAGTAAGATCA-1,0.16524895,6.6661606,Oval/Medial
GAGGGTAGTGCCGTTG-1,-1.5533485,4.613454,Hbx
GAGTCATGTCCACTTC-1,4.9903717,3.8012831,Oval/Medial
GAGTCTACAATTCTCT-1,-2.6548958,8.151651,Marginal
GAGTTACAGCACTCCG-1,2.9164913,4.3771677,Oval/Medial
GAGTTACAGCTTAAGA-1,3.1992915,7.542987,Oval/Medial
GAGTTGTCAGACCCGT-1,6.7068605,6.575766,Oval/Medial
GAGTTGTGTATTTCCT-1,7.467229,4.6295853,Oval/Medial
GAGTTGTGTTTACCAG-1,0.08754114,9.199718,Oval/Medial
GAGTTGTTCCACGGGT-1,2.6047726,9.966879,Oval/Medial
GATAGAATCGCTTTAT-1,1.9771849,8.1592455,Oval/Medial
GATAGCTTCACTTTGT-1,3.8619285,9.484492,Oval/Medial
GATCACAGTCGGTGTC-1,0.7687139,2.3784394,Lateral
GATCAGTAGATAGCAT-1,-1.7755921,7.0990095,Oval/Medial
GATCAGTGTAGACTGG-1,-2.2313848,3.9755225,Hbx
GATCATGTCGATTGGT-1,5.2444916,7.334446,Oval/Medial
GATGACTAGCTACAAA-1,4.2575397,6.995598,Oval/Medial
GATGATCAGGTGCTTT-1,5.80464,2.5056825,Oval/Medial
GATGCTAGTCAGGCAA-1,1.6299716,5.4951305,Oval/Medial
GATGCTATCATTTGGG-1,-0.3908703,4.3602877,Oval/Medial
GATGTTGAGCTGGAGT-1,2.2151382,11.011348,Oval/Medial
GATTCGAAGATAGGGA-1,4.2680626,5.7305093,Oval/Medial
GATTCGAAGCGCATCC-1,6.554755,5.1071544,Oval/Medial
GATTCTTGTCTGTCAA-1,4.402343,12.426465,Oval/Medial
GATTGGTAGCTAAATG-1,3.9671147,12.875428,Oval/Medial
GATTGGTCAAAGCACG-1,2.5674043,6.3030224,Oval/Medial
GATTGGTGTGCCTACG-1,1.4017942,1.6313132,Lateral
GATTTCTCAGACGATG-1,0.7613117,8.174802,Oval/Medial
GCAACATAGGCAGTCA-1,-1.7560575,1.0824951,Hbx
GCAACATGTAATGCTC-1,-2.5554667,5.633293,Marginal
GCAACCGAGGCACCAA-1,4.8441586,12.417566,Oval/Medial
GCAACCGAGTAATACG-1,6.8206058,6.9883103,Oval/Medial
GCAACCGCAGCACAAG-1,1.2998606,6.9568567,Oval/Medial
GCAACCGGTTCTCCCA-1,2.241753,11.778309,Oval/Medial
GCACATAGTTTACTGG-1,4.925382,6.2092834,Oval/Medial
GCACTAAAGTCTAGAA-1,4.8241954,12.311805,Oval/Medial
GCACTAATCTTGTTAC-1,3.6064124,6.9317126,Oval/Medial
GCAGCCATCGACATCA-1,2.717395,5.206598,Oval/Medial
GCAGGCTCACTTGAGT-1,4.9121304,6.331731,Oval/Medial
GCAGGCTTCGCTTTAT-1,4.562242,10.225274,Oval/Medial
GCATCTCAGCAAACAT-1,3.9791799,5.8421936,Oval/Medial
GCATCTCCACTATCGA-1,-2.9329498,7.1692834,Marginal
GCATGATAGTCCCAGC-1,-2.0037754,6.9492664,Marginal
GCATGATGTTACCTGA-1,1.6675386,3.2092743,Lateral
GCCAACGCAACACAAA-1,0.32974738,6.132832,Oval/Medial
GCCAGGTCAAGACTGG-1,5.8038564,11.755707,Oval/Medial
GCCAGTGAGTCCGCCA-1,1.3459725,6.8920674,Oval/Medial
GCCAGTGGTCGTACAT-1,4.7012987,5.680027,Oval/Medial
GCCATGGAGCCTGAAG-1,5.875854,1.9510192,Oval/Medial
GCCATGGCATGACTGT-1,5.054761,6.9847913,Oval/Medial
GCCATGGTCCAACCAA-1,0.65603155,6.1515017,Oval/Medial
GCCATTCGTCTCACAA-1,4.651762,4.745244,Oval/Medial
GCCCAGAAGTTGCTCA-1,-2.603504,5.721298,Marginal
GCCCAGACATCAGTGT-1,-0.6744061,6.840289,Oval/Medial
GCCCAGACATGAGTAA-1,2.795728,6.0557094,Oval/Medial
GCCCAGAGTTCCAGGC-1,2.0561607,9.306472,Oval/Medial
GCCGTGAGTCACAGTT-1,2.0451615,10.254856,Oval/Medial
GCCTGTTAGAGGATCC-1,7.7096534,6.383849,Oval/Medial
GCCTGTTCAGAGCTAG-1,-2.195175,7.1658835,Marginal
GCGGAAACACAGACGA-1,0.19780168,7.3700633,Oval/Medial
GCGGATCAGTGCGCTC-1,2.8956485,12.242909,Oval/Medial
GCGGATCTCTCTAAGG-1,1.4546231,5.42907,Oval/Medial
GCGTTTCCATTCTCTA-1,3.4904048,4.2683372,Oval/Medial
GCGTTTCTCAGTCACA-1,7.203993,7.76128,Oval/Medial
GCTACAAGTTGGACTT-1,-2.6547232,8.024143,Marginal
GCTACCTGTCGTGGTC-1,3.1075888,13.166578,Oval/Medial
GCTCAAAGTATGCAAA-1,1.8007207,7.781075,Oval/Medial
GCTGCAGAGCCATCCG-1,1.9434541,4.0611467,Lateral
GCTGGGTCACCAGACC-1,0.89155537,5.489769,Oval/Medial
GCTGGGTGTCCAAAGG-1,5.192743,5.7280183,Oval/Medial
GCTTGGGCAACACTAC-1,3.2381608,12.231323,Oval/Medial
GCTTGGGCAGATTAAG-1,0.3073771,3.10258,Lateral
GGAAGTGTCGCAATTG-1,4.648866,4.399529,Oval/Medial
GGAATCTAGGTTATAG-1,0.3549363,6.721464,Oval/Medial
GGACGTCAGCCTGAGA-1,1.4937683,8.475251,Oval/Medial
GGAGAACAGTGTTCAC-1,7.097096,1.6884972,Oval/Medial
GGAGAACGTCGTTGCG-1,6.6706004,7.983377,Oval/Medial
GGAGATGCAAACACGG-1,2.5791135,6.506528,Oval/Medial
GGAGATGCAGCAGAAC-1,-2.4057326,0.30415666,Hbx
GGAGATGTCCGCCTAT-1,1.4048924,8.356666,Oval/Medial
GGAGGTAGTTACTCAG-1,1.9580936,8.469298,Oval/Medial
GGATGTTTCGACATTG-1,-1.0817947,6.929147,Oval/Medial
GGCACGTGTAACAGGC-1,3.7943633,3.74556,Oval/Medial
GGCACGTTCGAGAGAC-1,7.9237857,6.8942266,Oval/Medial
GGCACGTTCGATTGAC-1,4.917827,6.5095744,Oval/Medial
GGCAGTCTCAACGAGG-1,3.9296584,8.295847,Oval/Medial
GGCAGTCTCGTCCATC-1-1,5.5655594,11.92657,Oval/Medial
GGCGTCAAGATACGAT-1,-2.0701654,0.89190835,Hbx
GGCGTCAAGTCCCAAT-1,2.1297493,7.3039384,Oval/Medial
GGCGTCACAATTTCTC-1,-0.87974614,3.969449,Oval/Medial
GGCGTCATCTGGGCCA-1,4.1403885,6.1470475,Oval/Medial
GGCTTGGGTTACACTG-1,0.100128956,8.499572,Oval/Medial
GGCTTTCCAACCACAT-1,5.5215816,2.3646376,Oval/Medial
GGGAAGTCACATACTG-1,-1.8453516,0.97906333,Hbx
GGGAAGTCAGCACAAG-1,-2.593388,1.2154219,Hbx
GGGACTCCAATACGAA-1,6.8327236,7.5711246,Oval/Medial
GGGACTCCACGACTAT-1,7.6643972,5.6610045,Oval/Medial
GGGAGATAGGACAACC-1,4.7195525,10.852872,Oval/Medial
GGGAGATCACTGCGAC-1,-0.68171954,0.24276717,Hbx
GGGAGATCACTGTTCC-1,3.8923151,13.030302,Oval/Medial
GGGAGATCAGCTGCCA-1,4.1724257,9.851463,Oval/Medial
GGGAGATGTCATCCCT-1,2.1036835,3.2151527,Lateral
GGGAGTAGTGAGACCA-1,0.7866792,8.293685,Oval/Medial
GGGATCCAGGTGCCAA-1,0.3990534,8.613522,Oval/Medial
GGGATGAAGGACATCG-1,0.8050467,7.6137247,Oval/Medial
GGGCCATCAATTGCAC-1,2.2391896,10.483251,Oval/Medial
GGGCCATGTAGCTTAC-1,-0.558926,4.6123805,Oval/Medial
GGGCCATGTAGGTAGC-1,1.0802221,7.884708,Oval/Medial
GGGCGTTTCGCCTTGT-1,4.0957522,6.5383854,Oval/Medial
GGGCTACAGACATCAA-1,5.7988195,2.3472033,Oval/Medial
GGGTAGAAGAGAAGGT-1,4.4504943,11.35673,Oval/Medial
GGGTAGACAGCGTTTA-1,-0.5918293,7.9820275,Oval/Medial
GGGTATTCATACCACA-1,4.180857,7.2889323,Oval/Medial
GGGTATTCATTCCTAT-1,4.4748087,6.5641026,Oval/Medial
GGGTCACCATTCAGGT-1,7.4397945,9.300968,Oval/Medial
GGGTCTGAGGTTAGTA-1,-2.0124853,8.632994,Marginal
GGGTCTGCACCATATG-1,3.1332867,9.066273,Oval/Medial
GGGTGAAAGATAGCTA-1,3.0010383,13.586081,Oval/Medial
GGGTGAAAGCGTCTCG-1,4.447375,7.423522,Oval/Medial
GGGTGTCCACTATGTG-1,-1.2708945,0.6561645,Hbx
GGGTTATTCTAATTCC-1,7.599175,5.496902,Oval/Medial
GGGTTTATCGGTTGTA-1,1.3545893,6.5954623,Oval/Medial
GGTAACTGTGACTCGC-1,3.2187123,7.150803,Oval/Medial
GGTCACGTCTGCTTAT-1,-3.187608,7.0303235,Marginal
GGTGAAGTCCGAGGCT-1,1.1548074,7.3720646,Oval/Medial
GGTGATTAGTGCAGCA-1,0.8251364,8.537894,Oval/Medial
GGTGATTCACGTAACT-1,-0.4490738,7.2577734,Oval/Medial
GGTGGCTCAGTCCGTG-1,5.499062,10.887744,Oval/Medial
GGTGGCTTCCTCTCTT-1,5.6315303,2.8371098,Oval/Medial
GGTGGCTTCGCTGTCT-1,3.8990576,6.2202373,Oval/Medial
GGTTAACGTCCCTGTT-1,1.1297268,8.187821,Oval/Medial
GGTTAACGTCGTCATA-1,1.7017353,1.372973,Lateral
GGTTCTCGTCTGTGAT-1,1.5488038,8.505165,Oval/Medial
GGTTGTAAGAAACTCA-1,1.5633442,9.816733,Oval/Medial
GGTTGTAAGTACGAGC-1,7.4882355,7.339759,Oval/Medial
GGTTGTATCGAGTCTA-1,4.09776,11.865051,Oval/Medial
GTAACACAGAAACACT-1,1.4993873,8.646182,Oval/Medial
GTAACACCATTCTCCG-1,4.527465,13.489159,Oval/Medial
GTAACCATCTAGTCAG-1,6.7958856,4.799236,Oval/Medial
GTAAGTCAGTACGTCT-1-1,2.9604106,12.646359,Oval/Medial
GTAATGCTCGACACTA-1,1.5131627,9.023798,Oval/Medial
GTAATGCTCGACCTAA-1,5.0289555,2.9603012,Oval/Medial
GTAGAGGCACTTGGGC-1,-1.6213884,1.1439586,Hbx
GTAGAGGGTGCACAAG-1,1.9361578,8.972917,Oval/Medial
GTAGCTATCAACCTCC-1,-0.033707034,8.50566,Oval/Medial
GTAGCTATCACACCCT-1,5.272273,6.4223623,Oval/Medial
GTAGGAGCAAGAGGCT-1,-3.4124718,6.8279567,Marginal
GTAGGAGTCCGCACTT-1,3.2627347,10.223899,Oval/Medial
GTAGTACGTTGCCGAC-1,4.0985456,5.1459527,Oval/Medial
GTATTGGTCGAGTTGT-1,0.85351664,6.834752,Oval/Medial
GTCAAACTCTGTGCGG-1,4.0502033,13.6815815,Oval/Medial
GTCAAGTCAATAACCC-1,1.0004054,5.7314553,Oval/Medial
GTCAAGTTCGGTGAAG-1,5.8984985,2.2775295,Oval/Medial
GTCAAGTTCTCCTGAC-1,0.76217294,5.188992,Oval/Medial
GTCACGGTCATGCATG-1,2.6031594,7.690444,Oval/Medial
GTCACTCTCTGAACGT-1,7.3002367,7.0239553,Oval/Medial
GTCAGCGTCTCGGCTT-1,2.9358609,9.970787,Oval/Medial
GTCATCCCACGGCGTT-1,0.24792214,2.422793,Lateral
GTCATGAAGGTCGAGT-1,1.3826586,5.8561935,Oval/Medial
GTCATTTTCAGCTTCC-1,-3.3969865,7.5851645,Marginal
GTCCCATAGACCAACG-1,2.7090554,10.366128,Oval/Medial
GTCCTCAGTCTGTGGC-1,7.2710156,7.683148,Oval/Medial
GTCGAATCAGACAATA-1,1.7597715,5.9248095,Oval/Medial
GTCGAATTCCGGTAGC-1,6.771934,1.9515704,Oval/Medial
GTCGCGAAGGCAATGC-1,2.4026053,5.5521746,Oval/Medial
GTCGTAACACACGTGC-1,7.480235,5.852422,Oval/Medial
GTCGTTCTCATCGCAA-1,5.7795863,10.929127,Oval/Medial
GTCGTTCTCTCCCTAG-1,1.2498748,5.6906223,Oval/Medial
GTCTACCAGAACCCGA-1,1.999613,6.5359154,Oval/Medial
GTCTAGAGTTACCCAA-1,2.0775638,1.5542572,Lateral
GTCTAGATCCGATCTC-1,1.7747837,8.704194,Oval/Medial
GTCTAGATCTAGGAAA-1,4.9510794,12.606687,Oval/Medial
GTCTCACGTCTTTATC-1,-2.221763,2.8270159,Hbx
GTCTCACGTGTGGTCC-1,5.998929,11.010699,Oval/Medial
GTCTCACTCCTCTAAT-1,5.8433237,6.377895,Oval/Medial
GTCTTTAAGCGTCTGC-1,7.32858,4.8514557,Oval/Medial
GTCTTTACAACCGATT-1,5.6364374,7.650385,Oval/Medial
GTCTTTACAGTCGAGA-1,2.3909895,7.0317245,Oval/Medial
GTGACGCCACAGAAGC-1,2.4031053,2.639113,Lateral
GTGACGCTCATCGTAG-1,3.1630635,6.4460435,Oval/Medial
GTGAGTTTCGAACGCC-1,4.881278,5.124858,Oval/Medial
GTGAGTTTCGAGAGCA-1,1.8954451,8.295955,Oval/Medial
GTGATGTAGGGCAGAG-1,3.6913,9.822234,Oval/Medial
GTGATGTTCATTGTTC-1,2.235297,7.9497657,Oval/Medial
GTGCACGTCATGAGAA-1,0.5463459,1.7953095,Lateral
GTGCGTGGTGAAAGTT-1,3.383414,5.1689286,Oval/Medial
GTGCGTGGTTTATGCG-1,1.0884507,6.038728,Oval/Medial
GTGCTGGTCAGGGATG-1,1.0564233,5.971095,Oval/Medial
GTGCTTCGTGGTTCTA-1,0.22336671,6.5414157,Oval/Medial
GTGGAGATCTACGCGG-1,6.905953,7.2823358,Oval/Medial
GTGGGAACACCGGTCA-1,6.8942556,8.019834,Oval/Medial
GTGGGAAGTAACGATA-1,-0.23596975,6.933471,Oval/Medial
GTGGTTATCCGTATGA-1,4.6123013,6.6003485,Oval/Medial
GTGTAACAGGGTCAAC-1,1.1527383,8.427779,Oval/Medial
GTGTAACGTGGACTAG-1,5.0794253,7.523495,Oval/Medial
GTGTAACTCGGAAGGT-1,6.190001,1.9706937,Oval/Medial
GTGTGATAGACCAGCA-1,1.208949,6.49873,Oval/Medial
GTGTTAGAGCTATCTG-1,6.719332,8.191223,Oval/Medial
GTTACAGAGTCATGAA-1,-1.9884977,7.776102,Marginal
GTTACCCCATGTAACC-1,3.67426,3.7300894,Oval/Medial
GTTACGAAGCCGTTGC-1,7.756368,5.358106,Oval/Medial
GTTAGACAGCTCACTA-1,-1.960714,6.2387667,Marginal
GTTAGACAGGTCGTGA-1,2.5878944,5.7015376,Oval/Medial
GTTAGTGAGATACTGA-1,0.72712207,6.6903205,Oval/Medial
GTTATGGGTTTCGGCG-1,6.554798,12.490957,Oval/Medial
GTTCATTAGATGGTAT-1,0.5909926,3.8256466,Lateral
GTTCATTCAGAGGGTT-1,2.6358154,6.3111877,Oval/Medial
GTTCCGTTCCAACACA-1,2.1733081,6.652424,Oval/Medial
GTTCGCTCAGTCAGTT-1,-0.15542497,9.557082,Oval/Medial
GTTCGCTGTCCTGGGT-1,5.475018,7.0164647,Oval/Medial
GTTCTATCATGATCTG-1,4.927828,11.831112,Oval/Medial
GTTGAACTCCTCGATC-1,-0.44456366,4.478317,Oval/Medial
GTTGAACTCTCGACGG-1,4.818581,7.0198793,Oval/Medial
GTTGCGGAGGAACGAA-1,4.952498,6.079824,Oval/Medial
GTTGCTCCACATCATG-1,0.22283192,7.72878,Oval/Medial
GTTGCTCCACTGGCCA-1,0.82506907,8.913844,Oval/Medial
GTTGCTCTCGGCCCAA-1,-0.29893664,5.9800434,Oval/Medial
GTTGTCCAGCCTATCA-1,1.8204048,1.9740881,Lateral
GTTGTCCAGTGCAAAT-1,2.5307126,5.0182953,Oval/Medial
GTTGTCCTCTAGTGAC-1,1.9490597,5.874101,Oval/Medial
GTTGTGAAGGGATCGT-1,-0.26499537,6.952483,Oval/Medial
GTTTACTGTATGCTAC-1,2.090399,7.392882,Oval/Medial
GTTTACTGTTCGTTCC-1,2.98377,6.203592,Oval/Medial
GTTTACTTCCAGCACG-1,3.9957597,10.910976,Oval/Medial
GTTTGGACACATAACC-1,3.8076155,6.145575,Oval/Medial
GTTTGGAGTGTGGACA-1,4.936907,12.7754965,Oval/Medial
GTTTGGATCTTTGATC-1,2.9447443,11.8817215,Oval/Medial
TAACCAGAGGCGCTTC-1,0.45855603,8.707525,Oval/Medial
TAACTTCGTGGCCACT-1,4.27732,10.496211,Oval/Medial
TAAGCCAAGGTTGACG-1,6.1438346,1.758827,Oval/Medial
TAAGCGTGTGTTCGTA-1,-3.428096,6.3773623,Marginal
TAAGCGTTCCGCTAGG-1-1,-1.3639137,7.5207415,Oval/Medial
TAATCTCGTTCGATTG-1,5.3027105,2.797693,Oval/Medial
TACACCCAGGGAGGCA-1,-3.1793556,8.01409,Marginal
TACAGGTTCATTACGG-1,0.48825714,7.438614,Oval/Medial
TACATTCTCAACCTTT-1,2.6742737,6.6454487,Oval/Medial
TACCCACAGCCTGAAG-1,0.48637477,7.06082,Oval/Medial
TACCCGTGTACCGGAA-1,-0.63515747,7.0133677,Oval/Medial
TACCGAACATCTGCGG-1,5.3357205,9.744467,Oval/Medial
TACCGAAGTCTCGGAC-1,1.673343,9.471241,Oval/Medial
TACCTCGAGATACTGA-1,1.9146184,7.78801,Oval/Medial
TACCTCGGTCAGATTC-1,-3.2332869,6.382119,Marginal
TACCTCGTCCGTAGTA-1,7.1426024,7.874394,Oval/Medial
TACCTGCCACAGTGAG-1,-0.23609343,6.3012347,Oval/Medial
TACCTGCCACATATGC-1,5.4986863,11.344855,Oval/Medial
TACGCTCAGGTGATAT-1,3.7194345,3.569764,Oval/Medial
TACGCTCCAAGTGTCT-1,6.4523807,7.0472813,Oval/Medial
TACGCTCCAGCTAACT-1,5.25328,10.63096,Oval/Medial
TACGGTAAGCATGATA-1,6.120738,12.082068,Oval/Medial
TACGTCCAGCATACTC-1,-2.8344724,7.7216597,Marginal
TACTGCCTCGTTCTGC-1,0.037273463,6.6832166,Oval/Medial
TACTTCATCCTCGCAT-1,3.4847643,6.814608,Oval/Medial
TAGACCAAGATCCTAC-1,-0.3161897,6.662851,Oval/Medial
TAGACCAAGGGCTGAT-1,0.6707665,8.39006,Oval/Medial
TAGACCACAGGATGAC-1,-1.0918899,6.9949493,Oval/Medial
TAGATCGAGGTCGTGA-1,4.040596,7.6033063,Oval/Medial
TAGATCGGTTGGTAGG-1,4.2230463,11.399088,Oval/Medial
TAGCACACACGAAGAC-1,7.669025,7.860102,Oval/Medial
TAGCACAGTTCTCGCT-1,4.131603,6.2848306,Oval/Medial
TAGGAGGTCCGCTAGG-1,2.0832815,7.5218244,Oval/Medial
TAGGGTTAGTATGCAA-1,3.4450462,10.735367,Oval/Medial
TAGGGTTGTGCAATGG-1,-0.2854703,4.690406,Oval/Medial
TAGGGTTTCCGTACGG-1,6.8294864,7.8555737,Oval/Medial
TAGGTACAGAACAGGA-1,5.5490947,2.7679431,Oval/Medial
TAGGTACGTATCGAGG-1,-0.87730366,7.40374,Oval/Medial
TAGGTACTCGAATCCA-1,-0.18481892,7.2695055,Oval/Medial
TAGTGCACATGATCTG-1,6.852784,7.987357,Oval/Medial
TATACCTAGACAGTCG-1-1,-0.33323786,5.33151,Oval/Medial
TATACCTTCAATCAGC-1,-1.9358412,2.909774,Hbx
TATATCCCACTTACAG-1,3.7953546,12.516048,Oval/Medial
TATATCCCAGTGTATC-1,2.5161824,4.8438687,Oval/Medial
TATATCCCATTGAAGA-1,4.8367,12.051218,Oval/Medial
TATCCTACACGCTGAC-1,6.5440297,7.887348,Oval/Medial
TATCCTACATGGGCAA-1,-2.9838967,7.287375,Marginal
TATCCTAGTCTGTGGC-1,7.2748914,4.922644,Oval/Medial
TATCTGTAGAACTTCC-1,5.6377716,6.431878,Oval/Medial
TATCTGTCAATGACCT-1,3.0641704,5.4795904,Oval/Medial
TATCTGTTCTGAGTCA-1,5.5784736,10.304417,Oval/Medial
TATCTTGAGTTTCGGT-1,-4.6953735,7.468688,Marginal
TATCTTGTCCACGGAC-1,2.2956355,9.538792,Oval/Medial
TATGTTCCACCAGACC-1,-0.69881314,7.3245454,Oval/Medial
TATGTTCGTCCTCATC-1,3.396573,4.124591,Oval/Medial
TATTCCAGTACGAGCA-1,6.5256376,6.2099557,Oval/Medial
TATTCCAGTAGGATAT-1,0.27740756,8.632571,Oval/Medial
TATTCCATCTTTCCGG-1,5.692263,10.594442,Oval/Medial
TATTGCTCATAGGTAA-1,7.1040635,5.0699368,Oval/Medial
TATTGCTCATCGATAC-1,-1.1998842,1.2299801,Hbx
TATTGGGGTCTGGTTA-1,2.6949685,11.126381,Oval/Medial
TATTTCGCAGCTGTCG-1,-0.64949554,4.701553,Oval/Medial
TATTTCGGTGTGATGG-1,2.182449,7.73256,Oval/Medial
TCAAGACTCGGACGTC-1,6.940584,9.225724,Oval/Medial
TCAATCTAGCTCCGAC-1,-1.6360681,1.1535459,Hbx
TCAATCTAGTTGAAAC-1,2.8824575,3.1490707,Lateral
TCAATTCCACGCTGTG-1,3.0142212,5.333901,Oval/Medial
TCAATTCCATGTACGT-1,1.0089877,9.0554285,Oval/Medial
TCAATTCTCGTCTCAC-1,0.9662283,7.0455627,Oval/Medial
TCACAAGGTAGCGTAG-1,3.8534298,3.6991038,Oval/Medial
TCACAAGTCATCTCTA-1,1.3227397,7.4201455,Oval/Medial
TCACATTCACAGTGTT-1,-0.99775296,4.687309,Oval/Medial
TCACGCTAGTTTGTCG-1,4.7488427,10.145882,Oval/Medial
TCACGCTCAGTTGTTG-1-1,1.6149561,7.843903,Oval/Medial
TCACGGGCACGCGCTA-1-1,1.5439315,7.065805,Oval/Medial
TCACTATAGGTAGCCA-1,1.7331125,10.30637,Oval/Medial
TCACTCGGTATTTCTC-1,1.4081626,9.7773,Oval/Medial
TCACTCGTCCGTGTCT-1,6.148397,7.938772,Oval/Medial
TCAGCAAAGGAGGCAG-1,4.463365,7.2204638,Oval/Medial
TCAGCAAAGTGCCTCG-1,-1.0905802,7.070357,Oval/Medial
TCAGCAAGTTAACAGA-1,-1.5922045,2.3626366,Hbx
TCAGCCTCACCATATG-1,0.4332359,5.8731427,Oval/Medial
TCAGCCTCAGATAAAC-1,3.9301329,5.9630027,Oval/Medial
TCAGCCTCAGGGATAC-1,6.941209,2.043329,Oval/Medial
TCAGCCTTCAGCTTGA-1,2.4459844,11.441827,Oval/Medial
TCAGGTAAGGTTGGAC-1,1.2554446,2.5551128,Lateral
TCAGGTATCTATCCAT-1,0.74441344,8.826762,Oval/Medial
TCAGTCCTCTCAACGA-1,-0.075659916,4.7755146,Oval/Medial
TCAGTTTAGTTGTAGA-1-1,4.9010763,10.406696,Oval/Medial
TCAGTTTCACCCAACG-1,1.8370241,2.0873542,Lateral
TCAGTTTTCACGATCA-1,1.9358793,9.729216,Oval/Medial
TCATACTAGAGTCGAC-1,3.1808646,9.953359,Oval/Medial
TCATCATCACTAACCA-1,-0.036746442,7.616202,Oval/Medial
TCATCATGTTCAGCTA-1,4.038274,6.3905287,Oval/Medial
TCATCATTCTCGTCAC-1,0.41347498,1.998175,Lateral
TCATCCGAGGTCGTAG-1,-1.1928834,1.9191406,Hbx
TCATCCGGTATTGCCA-1,0.23892547,8.175806,Oval/Medial
TCATGCCGTGGATGAC-1,5.90217,7.764683,Oval/Medial
TCATGCCGTGTAAATG-1,4.327275,4.6504984,Oval/Medial
TCATGGAAGACCATGG-1,2.396868,5.2990704,Oval/Medial
TCATGGAGTCAATCTG-1,2.1016316,7.2675676,Oval/Medial
TCATGTTCATCTAACG-1,7.6060414,7.894058,Oval/Medial
TCATTACGTCGAGCAA-1,3.0148726,11.885055,Oval/Medial
TCCACCAGTGATAGTA-1,-2.4878538,7.723694,Marginal
TCCACGTCATCATCCC-1,1.0740244,8.4041395,Oval/Medial
TCCAGAAGTCCCGCAA-1,3.3721452,9.603237,Oval/Medial
TCCATCGAGAGTAACT-1,-0.17611937,3.8471503,Oval/Medial
TCCATGCTCCAACTGA-1,0.6248304,8.614777,Oval/Medial
TCCCAGTTCAAGCCTA-1,-0.17891711,5.3382826,Oval/Medial
TCCCATGGTGATCATC-1,5.680721,9.634784,Oval/Medial
TCCGATCGTACTGACT-1,2.2082088,2.8134704,Lateral
TCCGATCGTTGTAGCT-1,2.2027774,5.0193653,Oval/Medial
TCCGGGACACAGTGAG-1,6.236094,8.5137825,Oval/Medial
TCCGGGACATGAAAGT-1,3.6304395,3.729096,Oval/Medial
TCCGGGAGTTACCCAA-1,3.1632833,6.9111176,Oval/Medial
TCCTCCCAGTTCACTG-1,4.719046,10.766514,Oval/Medial
TCCTCCCCAGAGACTG-1,-0.96940213,4.2140102,Oval/Medial
TCCTCGAGTATGTCTG-1,0.26800466,4.507574,Oval/Medial
TCCTCTTTCGCAGAGA-1,2.8144143,9.42157,Oval/Medial
TCCTGCAAGCTCAGAG-1,4.0646267,3.6770597,Oval/Medial
TCCTTCTAGCATCAGG-1,6.692351,2.1888998,Oval/Medial
TCCTTTCGTCCGGATC-1,0.5849719,6.8322225,Oval/Medial
TCGATTTTCTCGCTTG-1,3.0498617,10.384897,Oval/Medial
TCGCACTGTATCACGT-1,-0.822285,5.128954,Oval/Medial
TCGCTCACACTGCGAC-1,1.599609,9.462215,Oval/Medial
TCGCTCATCGACGCTG-1,0.94397384,8.514796,Oval/Medial
TCGCTTGCATGGAACG-1,0.019361971,3.2674057,Lateral
TCGCTTGTCGAGAGAC-1,2.7043853,11.691858,Oval/Medial
TCGGGACAGAGTTGCG-1,4.787728,2.8628023,Oval/Medial
TCGGGCAAGGATGCGT-1,0.39681748,1.645234,Lateral
TCGGGCACAACTGATC-1,6.707199,1.8434922,Oval/Medial
TCGGGCATCCTAACAG-1,0.19422603,3.4699004,Lateral
TCGGTCTGTTTACGAC-1,2.2634518,5.275255,Oval/Medial
TCGTAGAAGTCGAATA-1,-1.3514374,1.3416718,Hbx
TCGTAGACACTAGTAC-1,-3.2060716,7.193569,Marginal
TCGTCCAAGTGGTGAC-1,4.3383107,3.4364874,Oval/Medial
TCGTCCACACGTATAC-1-1,2.5986075,6.5493126,Oval/Medial
TCGTCCAGTTGGACTT-1,3.750742,7.081127,Oval/Medial
TCGTCCAGTTTGCCGG-1,-0.6879199,6.867492,Oval/Medial
TCGTGCTTCAACACCA-1,3.1721802,4.2438636,Oval/Medial
TCTAACTAGCTCATAC-1-1,-3.8836782,6.971895,Marginal
TCTAACTGTCTGATCA-1,-0.019322123,3.854357,Oval/Medial
TCTACATAGTCGTCTA-1,1.575593,5.9836874,Oval/Medial
TCTACCGGTTCTATCT-1,6.4937263,2.3003047,Oval/Medial
TCTATACCACATATCG-1,-1.7418778,3.7224028,Hbx
TCTCCGAAGACCAAAT-1,0.6693829,4.2637973,Lateral
TCTCCGAAGGATATAC-1,0.5119002,6.7609115,Oval/Medial
TCTCCGACAATTAGGA-1,0.8260354,8.335166,Oval/Medial
TCTGCCACATACGCAT-1,6.93576,2.026205,Oval/Medial
TCTGCCAGTATGGAAT-1,7.6905346,7.3892884,Oval/Medial
TCTGCCATCCATTTAC-1,7.080746,7.540839,Oval/Medial
TCTTAGTGTAGTACGG-1,5.993598,6.6836414,Oval/Medial
TCTTGCGAGGGTTTCT-1,-1.3979576,2.9707782,Hbx
TCTTGCGCACTAACGT-1,-3.7735727,7.8398786,Marginal
TCTTTGACAACATCGT-1,2.7540927,10.8571205,Oval/Medial
TGAACGTAGCGCGTTC-1,0.9074242,7.0250688,Oval/Medial
TGAACGTCATAGAATG-1,-3.1659908,8.564079,Marginal
TGAATGCAGGAAACGA-1,5.965147,11.622045,Oval/Medial
TGAATGCCAGTGCCTG-1,6.3306146,10.979769,Oval/Medial
TGACAGTCAAGGCAAC-1,5.948022,11.382343,Oval/Medial
TGACAGTCACGGCGTT-1,-1.3508096,6.7053604,Oval/Medial
TGACGCGTCGATACTG-1,7.022053,7.957033,Oval/Medial
TGACTCCCAAGCTCTA-1,4.78414,2.8293824,Oval/Medial
TGAGACTCATGAGGGT-1,3.782512,12.201358,Oval/Medial
TGAGCATTCACCTTGC-1,5.1932373,8.563291,Oval/Medial
TGAGCGCAGTTTGAGA-1,5.220421,7.409592,Oval/Medial
TGAGCGCCAATACCCA-1,3.2612593,5.9924498,Oval/Medial
TGAGCGCCACGTCGGT-1,3.8587928,6.0887623,Oval/Medial
TGAGGGACATGTTCAG-1,0.7949763,9.296108,Oval/Medial
TGAGGGAGTCTCGGAC-1,3.3343036,8.950176,Oval/Medial
TGATCAGCAATGAAAC-1,2.6023872,5.9529285,Oval/Medial
TGATCAGCATGTGTCA-1,-1.9562302,8.011029,Marginal
TGATGCACAAACTCGT-1,1.1800853,5.0612073,Lateral
TGATGCACACAGTCGC-1,6.565435,1.5233707,Oval/Medial
TGATGGTCAGGCACTC-1,-4.3689337,8.660923,Marginal
TGATTCTAGTACGAGC-1,0.1561155,5.190345,Oval/Medial
TGATTCTCATCAGCAT-1,0.6016485,6.8650365,Oval/Medial
TGCACGGAGGTGTGAC-1,0.11326672,2.5918956,Lateral
TGCAGATCATATACCG-1,-4.095,7.6920915,Marginal
TGCAGTAGTGGCTTGC-1,4.3668604,9.400289,Oval/Medial
TGCATGAAGATAACAC-1,2.987058,10.443649,Oval/Medial
TGCATGAGTGGTCTGC-1,1.3840935,6.917829,Oval/Medial
TGCCGAGGTCCAGCAC-1,-3.9100628,7.359031,Marginal
TGCGACGAGTTCCGGC-1,5.9515796,11.189453,Oval/Medial
TGCGACGCAACCGGAA-1,0.10347224,8.357715,Oval/Medial
TGCGACGGTTGCATCA-1,2.6696706,11.1023035,Oval/Medial
TGCGATAAGATGGTCG-1,0.11914447,5.4574094,Oval/Medial
TGCGGCAAGAATTGTG-1,-2.0864966,1.7071383,Hbx
TGCGGCATCTCGTTTA-1,-2.9760644,8.078743,Marginal
TGCTCGTCACTGCGTG-1,2.8168821,7.0835457,Oval/Medial
TGCTCGTCAGAAGCTG-1,-2.6548574,8.202273,Marginal
TGCTGAACAAATAGCA-1,-2.3529685,6.896658,Marginal
TGCTTCGAGTATAGGT-1,-2.6138818,6.112678,Marginal
TGCTTCGGTTTGTTCT-1,3.8043706,7.8375244,Oval/Medial
TGGAGGACAATTAGGA-1,4.6340003,4.608168,Oval/Medial
TGGATCAAGCACTTTG-1,1.3866363,6.175446,Oval/Medial
TGGCGTGAGGTTTGAA-1,-3.0928402,8.779783,Marginal
TGGGAAGAGTCGAAAT-1,3.2906091,9.57449,Oval/Medial
TGGGAGATCCCTAGGG-1,5.3293424,7.410079,Oval/Medial
TGGGATTCATGTTCGA-1,5.149645,6.2538157,Oval/Medial
TGGGATTTCCGGGACT-1,7.6294765,5.144046,Oval/Medial
TGGGCTGAGCCGAACA-1,7.9843535,7.806227,Oval/Medial
TGGGTTAAGGTTCAGG-1,6.5821285,7.853449,Oval/Medial
TGGTACAAGAGCTGCA-1,-3.460218,6.4903865,Marginal
TGGTACACACGTAGTT-1,3.5522478,4.390242,Oval/Medial
TGGTGATCACATTCTT-1,3.6625748,7.4606333,Oval/Medial
TGTAACGTCACGGAGA-1,-2.485396,6.597232,Marginal
TGTAAGCCACGACCTG-1,-3.0067503,5.08513,Marginal
TGTCAGAAGACCAAGC-1,2.9303296,3.7967584,Oval/Medial
TGTCAGATCCCTCGAT-1,-4.514494,6.336531,Marginal
TGTCAGATCGAGAGCA-1,2.053819,11.04005,Oval/Medial
TGTCCCAGTAGTCGGA-1,1.4653051,8.858121,Oval/Medial
TGTCCTGAGGTACATA-1,-0.12261518,7.9337316,Oval/Medial
TGTGATGCAGAGGTTG-1,3.559919,6.175954,Oval/Medial
TGTGGCGCAATCGCCG-1,-2.2674847,2.3521304,Hbx
TGTGTGAAGGTACCTT-1,-0.053517833,6.90611,Oval/Medial
TGTTCATTCTCAGAAC-1,2.2770355,5.7405877,Oval/Medial
TGTTCCGCAAGTCGTT-1,2.9692624,10.698387,Oval/Medial
TGTTCCGGTAGTGGCA-1,-0.094630755,6.9218626,Oval/Medial
TGTTCTAAGTAACGAT-1,5.916968,5.8515553,Oval/Medial
TGTTCTACAACTTCTT-1,0.8249825,6.8866234,Oval/Medial
TGTTCTACATAGCACT-1,2.2563686,4.4489875,Lateral
TGTTGGATCCGTTTCG-1,0.84956217,6.8989882,Oval/Medial
TGTTTGTGTGTGAGCA-1,6.0096455,7.6487923,Oval/Medial
TTAATCCAGAAGTCAT-1,6.325202,8.21811,Oval/Medial
TTACCGCGTCTCTCTG-1,4.6212277,12.549854,Oval/Medial
TTACGCCAGGGCCTCT-1,0.9448083,9.245205,Oval/Medial
TTACGCCGTAGTGTGG-1,2.3106,8.11395,Oval/Medial
TTACGTTAGCAGGTCA-1,6.159394,10.731008,Oval/Medial
TTACGTTGTAGGCAGT-1,5.9699364,12.576542,Oval/Medial
TTAGGCAAGGTTACAA-1,-2.613716,0.3930677,Hbx
TTAGGCATCCATACTT-1,4.0778675,5.6782985,Oval/Medial
TTAGGGTCACAATCTG-1,1.5384364,6.836279,Oval/Medial
TTAGGGTCATAATCCG-1,-1.8254442,-0.14665756,Hbx
TTCAATCCAGACCAGA-1,-2.295353,6.8038716,Marginal
TTCAATCTCATCTACT-1,5.634896,7.3153367,Oval/Medial
TTCACGCGTAATGATG-1,3.1038246,3.7563584,Lateral
TTCACGCGTCATCTAG-1,3.4295297,11.613552,Oval/Medial
TTCACGCTCGCTGATA-1,2.7159052,10.244583,Oval/Medial
TTCAGGAAGGAGTACC-1,0.038141962,9.547233,Oval/Medial
TTCATGTGTACTCGAT-1,4.9347267,6.2628,Oval/Medial
TTCCAATGTTAGTCGT-1,-0.5978438,7.006869,Oval/Medial
TTCCACGCAAGCTGTT-1,-4.0557156,8.925983,Marginal
TTCCACGGTAGTCTTG-1-1,4.64217,12.082068,Oval/Medial
TTCCGGTCATGGAAGC-1-1,6.082884,8.060736,Oval/Medial
TTCCGGTCATGGTACT-1,2.2329557,6.7330656,Oval/Medial
TTCCGTGCAGTTAGGG-1,0.5298625,7.6340876,Oval/Medial
TTCCTAATCTCCTGTG-1,7.0732427,6.9694333,Oval/Medial
TTCCTTCTCGCATAGT-1,5.8057833,3.7932167,Oval/Medial
TTCGGTCAGTGCGCTC-1,6.62677,6.305663,Oval/Medial
TTCGGTCTCGCATTAG-1,4.0683312,7.4469204,Oval/Medial
TTCTAACGTCAAACGG-1,1.844026,8.885329,Oval/Medial
TTCTAACTCTGGACCG-1,7.3366785,1.6911678,Oval/Medial
TTCTCTCAGTAAGGGA-1,6.49608,3.9866223,Oval/Medial
TTCTCTCCAGGATTCT-1,-2.925836,6.855582,Marginal
TTCTCTCCATGTGCCG-1,0.33935738,8.915023,Oval/Medial
TTCTCTCTCGCTCTCA-1,1.4620091,9.031329,Oval/Medial
TTCTTCCAGATGAACT-1,3.566202,9.473909,Oval/Medial
TTCTTCCTCGCCAGTG-1,-0.94551045,1.1578069,Hbx
TTGAACGAGGACTATA-1,-0.4559818,6.8137746,Oval/Medial
TTGAACGCACACGCCA-1,0.2800129,4.4013777,Oval/Medial
TTGAACGGTTAGTTCG-1,-0.04947691,6.346221,Oval/Medial
TTGAACGGTTGTGCAT-1,4.1918297,6.253028,Oval/Medial
TTGAACGTCCAAGAGG-1,1.3677305,4.8089447,Oval/Medial
TTGAACGTCCAGGACC-1,2.026779,6.2748756,Oval/Medial
TTGACCCCAGGACTAG-1,-3.3569715,5.8465,Marginal
TTGAGTGCAACTGGTT-1,-1.1324681,6.754444,Oval/Medial
TTGAGTGGTGTCCATA-1,4.3026915,11.0422,Oval/Medial
TTGATGGAGACCTTTG-1,2.188971,2.4962578,Lateral
TTGATGGTCTGCCCTA-1,-0.7847165,0.0036739372,Hbx
TTGCATTCAAAGGATT-1,3.5437565,10.697944,Oval/Medial
TTGCATTCAGTGGTGA-1,1.62597,5.8244495,Oval/Medial
TTGCGTCCAATACCTG-1,1.1952709,8.373428,Oval/Medial
TTGCTGCAGCCTCAAT-1,1.4150121,7.923962,Oval/Medial
TTGCTGCAGGTAAGGA-1,2.670119,8.5154705,Oval/Medial
TTGCTGCTCTTGGTCC-1,6.328849,6.476627,Oval/Medial
TTGGATGAGTGAGGCT-1,5.8185277,8.6596775,Oval/Medial
TTGGATGCAAGTCCCG-1,-0.14160205,7.4608617,Oval/Medial
TTGGGCGAGCGTTGTT-1,1.8315719,5.5069995,Oval/Medial
TTGGGCGCACATGAAA-1,5.5174947,6.8339868,Oval/Medial
TTGGGCGCATCAGCAT-1,-1.2400429,4.928361,Oval/Medial
TTGGGTACAAACACGG-1,6.738346,3.9667244,Oval/Medial
TTGTGGAAGGGAACAA-1,-0.3966201,2.1675162,Lateral
TTGTGGAGTCTAACGT-1,4.8949347,6.718893,Oval/Medial
TTGTGTTCATCGAAGG-1,0.52965295,4.1535883,Oval/Medial
TTGTGTTGTGTCATTG-1,0.87892085,6.020133,Oval/Medial
TTGTTTGAGTCGGCCT-1,-2.46706,3.2874868,Hbx
TTTACGTAGGACTATA-1,0.96405876,6.3026447,Oval/Medial
TTTACGTGTCTGTTAG-1,0.5967564,3.9464693,Oval/Medial
TTTACGTTCGAAGCAG-1,6.6586995,1.7469492,Oval/Medial
TTTACTGAGTCCTGCG-1,2.8960311,12.237083,Oval/Medial
TTTACTGTCACGTAGT-1,1.0877135,1.721667,Lateral
TTTCACATCGAATGCT-1,2.132216,9.696099,Oval/Medial
TTTCCTCCATCTCCCA-1,1.6848321,2.5493207,Lateral
TTTCGATAGCGTCAGA-1,2.4038424,2.8205724,Lateral
TTTCGATAGGTAAAGG-1,5.4522047,10.912849,Oval/Medial
TTTGATCTCACCTCAC-1,3.588202,5.708973,Oval/Medial
TTTGGTTAGCCACAAG-1,-4.252683,6.605288,Marginal
TTTGGTTGTGGTCTCG-1,4.877242,10.651826,Oval/Medial
AAAGAACCAAATTGGA-1,5.204493,3.5710905,Oval/Medial
AAAGGGCTCCCACAGG-1,1.4660751,8.862422,Oval/Medial
AAAGTCCAGCTTAAGA-1,3.9331224,6.5974145,Oval/Medial
AAAGTGACAACCGTGC-1,-0.4218152,4.1594424,Oval/Medial
AAATGGAAGAGATTCA-1,0.5441767,5.8356442,Oval/Medial
AAATGGACATGGGATG-1,0.29340905,8.615417,Oval/Medial
AACAACCGTACACGCC-1,-0.99305123,4.355199,Oval/Medial
AACAAGAAGCGATGCA-1,-0.21559861,7.0485234,Oval/Medial
AACAGGGCAGGAATAT-1,-4.772923,7.7213154,Marginal
AACCAACCAGCTGGTC-1,6.6470203,6.7198777,Oval/Medial
AACCAACCATTCTCTA-1,6.585704,3.832594,Oval/Medial
AACCACACACCCAAGC-1,4.9778233,7.916063,Oval/Medial
AACCATGCACGAAAGC-1,0.3001132,7.2060275,Oval/Medial
AACCATGTCACATCAG-1,5.582735,10.377728,Oval/Medial
AACCTGAGTTGTGTAC-1,-3.5676336,6.749998,Marginal
AACCTGATCACGACTA-1,0.36433852,9.619707,Oval/Medial
AACGTCAAGCCATATC-1,-1.7104962,8.017913,Marginal
AACGTCAGTACCCGCA-1,-3.0803847,6.892884,Marginal
AACTTCTTCGTTCGCT-1,3.255604,6.1515546,Oval/Medial
AAGAACACACCAACAT-1,0.74922013,5.5072885,Oval/Medial
AAGACAAGTCTACTGA-1,-3.1250427,8.319588,Marginal
AAGATAGAGTAGCATA-1,3.6776845,6.190527,Oval/Medial
AAGCGAGTCATGGAGG-1,4.875944,6.360641,Oval/Medial
AAGTCGTAGAAGAGCA-1,2.6120772,9.269536,Oval/Medial
AAGTGAAAGGCATCAG-1,3.9791026,10.474714,Oval/Medial
AATAGAGAGCGCCTTG-1-1,1.7518569,6.5502434,Oval/Medial
AATCACGAGGTCCCGT-1,5.261798,10.371229,Oval/Medial
AATCACGCAACGGTAG-1,0.6165761,7.236693,Oval/Medial
AATCACGCAATAGTGA-1,0.8903271,1.2819787,Lateral
AATCGACCAGCGTTGC-1,1.7245365,5.6769977,Oval/Medial
AATCGTGTCGGTAACT-1,3.2158794,11.54335,Oval/Medial
AATGACCAGACTGTTC-1,0.9234006,7.470086,Oval/Medial
AATGACCCAAATTGCC-1,2.7532735,2.196795,Lateral
AATGACCCAAGTGATA-1,5.8993134,2.0135195,Oval/Medial
AATGACCTCACGGACC-1,0.8933075,7.457063,Oval/Medial
AATGGCTGTCAGTCCG-1,4.497768,5.878957,Oval/Medial
AATTTCCTCTTGTTAC-1,-2.9253883,7.3483524,Marginal
ACAAAGATCAAAGGTA-1,2.6600182,5.9990406,Oval/Medial
ACAAGCTGTCCAGAAG-1,-3.6185043,5.785464,Marginal
ACAAGCTGTCCGACGT-1,5.1289067,10.088751,Oval/Medial
ACACAGTTCGAGTGAG-1,0.44365564,8.309822,Oval/Medial
ACACCAACACAAGCAG-1,-1.3304436,6.594387,Oval/Medial
ACACGCGCATAGAAAC-1,5.1238623,5.4910207,Oval/Medial
ACAGGGATCCAGCAAT-1,3.305341,6.0685077,Oval/Medial
ACATGCACACCCTATC-1,3.1789806,6.7230825,Oval/Medial
ACATGCACAGACCCGT-1,5.6740336,12.430305,Oval/Medial
ACCAAACAGCCATCCG-1,-2.188508,8.365635,Marginal
ACCACAACACCAGCCA-1,-2.6968942,6.287069,Marginal
ACCCTCAAGTGCCGAA-1,6.798119,3.7830322,Oval/Medial
ACCCTCAGTATCAAGA-1,-1.8444072,3.5602794,Hbx
ACCTGTCCACGAGGTA-1,6.454029,7.0780716,Oval/Medial
ACCTGTCTCCATCAGA-1,4.8671317,10.313838,Oval/Medial
ACGATGTTCCAACTAG-1,-3.1222591,6.734969,Marginal
ACGGTCGTCACCCTGT-1,6.0012937,10.597029,Oval/Medial
ACGGTCGTCCGTGGGT-1-1,0.2083772,4.5413547,Oval/Medial
ACGTAACAGCATCAAA-1,-2.4330988,8.129279,Marginal
ACGTAACGTACTCCGG-1,2.5554106,9.559105,Oval/Medial
ACGTAACGTCACCTTC-1,5.6580024,7.7829633,Oval/Medial
ACGTAACTCGTGGGTC-1,4.40462,10.0536785,Oval/Medial
ACGTACAAGCCACTCG-1,-0.20451353,8.232076,Oval/Medial
ACGTAGTAGACAACTA-1,-2.8641005,7.9137,Marginal
ACGTAGTCATGACCCG-1,7.2110696,7.3947687,Oval/Medial
ACGTCCTGTTACCTTT-1,1.8244927,7.7146773,Oval/Medial
ACTACGAAGCATCAAA-1-1,2.1834536,4.8647227,Oval/Medial
ACTACGATCTTGTGCC-1,-2.638066,2.5686226,Hbx
ACTCCCAGTGTAGGAC-1,-1.8398088,2.509075,Hbx
ACTCCCATCATGCCCT-1,-0.15347444,5.8184485,Oval/Medial
ACTGCAAAGCGTATGG-1,-0.6669049,7.6058784,Oval/Medial
ACTGTCCCATTATGCG-1,4.9098773,6.7252517,Oval/Medial
ACTGTCCTCGATTCCC-1,4.772853,12.569229,Oval/Medial
ACTTCGCCACTCACTC-1,-1.602592,5.3013864,Oval/Medial
ACTTTCAAGTGCTAGG-1,3.1288426,11.875101,Oval/Medial
ACTTTCATCGGAAACG-1,0.65020007,2.5806394,Lateral
ACTTTGTAGCTAATGA-1,1.6553248,8.941582,Oval/Medial
AGAAATGAGCGTCAGA-1,6.3053923,2.047242,Oval/Medial
AGAAATGTCGCCTATC-1,2.2572424,6.262918,Oval/Medial
AGAAGCGAGGATGGCT-1,-4.4100266,7.903752,Marginal
AGAAGCGAGTACAGAT-1,6.8632255,7.2678094,Oval/Medial
AGAAGCGGTTCGGACC-1,5.7925677,8.19352,Oval/Medial
AGAAGTACATTCAGGT-1,6.490444,8.6661215,Oval/Medial
AGACAAAGTAGCGCTC-1,4.7149224,12.882877,Oval/Medial
AGACACTGTACTCCCT-1,5.7026887,6.3563333,Oval/Medial
AGACTCAAGCGATCGA-1,3.2457979,11.376601,Oval/Medial
AGACTCAGTTAATCGC-1,1.6770263,3.8896952,Lateral
AGAGAATGTTGCATAC-1,3.8216906,13.631762,Oval/Medial
AGAGCAGAGGCGCTCT-1,-2.1836746,7.887791,Marginal
AGAGCAGGTGAAAGTT-1,1.3313473,10.282554,Oval/Medial
AGATCCATCTTCACGC-1,1.9957452,10.235612,Oval/Medial
AGATCGTCAGCAGACA-1,5.0953236,5.775621,Oval/Medial
AGATGAACACAATTCG-1,4.04163,5.7520294,Oval/Medial
AGATGCTGTGGCTGAA-1,3.9561644,6.4817657,Oval/Medial
AGATGCTTCACTCCGT-1,-3.0695193,7.9669485,Marginal
AGATGCTTCTGGGATT-1,2.9588225,11.595803,Oval/Medial
AGCATCACACACCGAC-1,6.0285606,4.130858,Oval/Medial
AGCATCAGTAGATCCT-1,0.12443652,5.566687,Oval/Medial
AGCCAATTCGCATGAT-1,-0.4109855,8.53927,Oval/Medial
AGCCACGCAGAAGTGC-1,-2.0700507,8.034193,Marginal
AGCCACGGTGAGCTCC-1,2.8641624,6.61943,Oval/Medial
AGCGATTAGCTCTGTA-1,-1.8059064,7.7845454,Marginal
AGCGCCACACACCGCA-1,6.130839,7.0117803,Oval/Medial
AGCGCCATCGCAACAT-1,-3.371487,8.05322,Marginal
AGCGTATGTGCGACAA-1,6.7308536,8.526567,Oval/Medial
AGCTTCCCAAATTGGA-1,1.1462221,2.6829484,Lateral
AGGACGACACAGGATG-1,3.779672,6.150678,Oval/Medial
AGGACGATCTAGCCAA-1,0.38435027,1.8623989,Lateral
AGGACGATCTCCGAAA-1,-0.9171741,4.6376863,Oval/Medial
AGGAGGTGTGCGGCTT-1,-1.2427655,5.7696714,Oval/Medial
AGGATCTCAGAGTGAC-1,-2.4966376,6.64051,Marginal
AGGGAGTTCATTCCTA-1,-3.7603793,5.286912,Marginal
AGGGCCTGTCACTAGT-1,-1.1941193,6.23981,Oval/Medial
AGGTAGGTCGCCTTTG-1,3.9516976,13.5730715,Oval/Medial
AGGTCATAGCTGGCCT-1,1.7599909,9.585063,Oval/Medial
AGGTGTTAGTCCCGGT-1,4.6033964,2.8859065,Oval/Medial
AGGTGTTCACTCTCGT-1,1.3532932,7.999349,Oval/Medial
AGTACTGGTCGTTATG-1,-2.2848866,3.0388296,Hbx
AGTAGTCCAATTGCAC-1,-3.008804,8.030605,Marginal
AGTCACAAGCAATTAG-1,2.722818,9.431328,Oval/Medial
AGTCATGGTCCTCCAT-1,1.5897316,9.783994,Oval/Medial
AGTCTCCTCTTGATTC-1,5.727455,9.699407,Oval/Medial
AGTGACTGTTTGCAGT-1,3.8902578,10.364344,Oval/Medial
AGTGATCCATGGGCAA-1,7.1509,7.3371234,Oval/Medial
AGTGATCTCGCAGATT-1,3.7558296,13.193123,Oval/Medial
AGTGCCGGTCCAAGAG-1,3.538842,5.0371733,Oval/Medial
AGTGCCGGTCGAGCAA-1,-0.19758472,7.296893,Oval/Medial
AGTGTTGAGACTTCAC-1,-0.8325125,4.4637437,Oval/Medial
ATAGACCAGACTCATC-1,2.033191,7.212777,Oval/Medial
ATAGAGAAGTAGCATA-1,2.5716121,5.8297772,Oval/Medial
ATAGAGACAGCCTACG-1,-4.0205383,7.3165874,Marginal
ATAGGCTAGACCATGG-1,6.8015695,5.7772493,Oval/Medial
ATATCCTGTGTAACGG-1,5.7148147,6.267531,Oval/Medial
ATCACAGTCCTACACC-1,7.3010874,6.644535,Oval/Medial
ATCACGACACAGCTGC-1,-0.9060742,6.0067115,Oval/Medial
ATCAGGTTCGAGTGAG-1,5.3436666,6.4062924,Oval/Medial
ATCCACCAGTGCCGAA-1,5.954679,11.725032,Oval/Medial
ATCCCTGAGCGCATCC-1,6.9383965,6.6013155,Oval/Medial
ATCCGTCGTCTACAAC-1,1.7621943,6.697243,Oval/Medial
ATCCTATCAGTGCGCT-1,1.383324,8.28967,Oval/Medial
ATCCTATTCAAACGAA-1,0.90485376,9.374402,Oval/Medial
ATCGCCTGTGACAACG-1,5.9216557,11.424378,Oval/Medial
ATCGCCTTCCCGAGAC-1,1.4412724,7.520107,Oval/Medial
ATCGTCCGTTCGTACA-1,-4.409079,7.2924147,Marginal
ATCTCTAGTAGTGATA-1,1.2451655,8.673949,Oval/Medial
ATCTTCACATCGTGGC-1,0.6212844,6.7550774,Oval/Medial
ATCTTCAGTTGTGGAG-1,7.598853,5.0035043,Oval/Medial
ATGCATGGTGATCATC-1,4.6011705,7.6087475,Oval/Medial
ATGGAGGAGTAAAGCT-1,4.8100653,12.249169,Oval/Medial
ATGGGAGCAACCGTGC-1,6.246469,4.8647413,Oval/Medial
ATGGGAGGTTTGAACC-1,0.8519209,1.2659563,Lateral
ATGGGAGTCAAGCCCG-1,1.6573446,8.134505,Oval/Medial
ATGGGAGTCCAACTGA-1,1.4684863,8.9803,Oval/Medial
ATGGGTTCAACGATTC-1,2.3464618,6.382452,Oval/Medial
ATGGGTTTCAGAATAG-1,-0.33796766,5.9095454,Oval/Medial
ATGGTTGCATGTGTCA-1,6.719113,6.7248325,Oval/Medial
ATGTCTTAGGTAAGTT-1,-0.32702386,5.081089,Oval/Medial
ATTACCTTCAAGGTGG-1,3.664744,6.244468,Oval/Medial
ATTACTCGTTGCTCAA-1,0.11501227,8.865431,Oval/Medial
ATTCAGGTCGGTCTGG-1,0.049334146,1.8523393,Lateral
ATTCATCCATGCTGCG-1,2.4545481,7.5000677,Oval/Medial
ATTCCCGAGGACTAAT-1,0.09531609,4.7547073,Oval/Medial
ATTCCCGCAATACAGA-1,-0.29410362,7.185282,Oval/Medial
ATTCCTAGTTCTCTCG-1,4.7643905,4.1701765,Oval/Medial
ATTCCTATCATTTGTC-1,0.37776497,6.077536,Oval/Medial
ATTTCACAGGGAGTTC-1,5.9311733,5.953396,Oval/Medial
ATTTCACCATCAGTGT-1,2.6694076,6.9157495,Oval/Medial
ATTTCACGTACCAGAG-1,2.3893538,1.7173821,Lateral
ATTTCACGTGCCTACG-1,-2.2461324,8.295173,Marginal
ATTTCTGCACAGCCAC-1,-0.94496197,3.22473,Hbx
CAAAGAAGTAGTCGTT-1-1,-3.524379,8.077382,Marginal
CAACAACGTCAGACTT-1,4.845946,10.540838,Oval/Medial
CAACAACGTTCCTAGA-1,6.95258,5.349339,Oval/Medial
CAACAGTTCAGCATTG-1,2.6433115,1.9369959,Lateral
CAACCAATCAGACTGT-1,-1.3348655,1.0410564,Hbx
CAACCTCAGATACATG-1,3.8980763,4.769917,Oval/Medial
CAACCTCAGTGAGCCA-1,3.3956487,10.414213,Oval/Medial
CAACCTCCATAATCGC-1,-2.1518316,1.8039644,Hbx
CAACGATGTCTCAAGT-1,1.3456784,4.1144257,Lateral
CAACGATTCGACATTG-1,1.0722814,5.1153836,Oval/Medial
CAAGCTAAGAATTGCA-1,-4.4469175,8.33699,Marginal
CAATACGCAGCAAGAC-1,7.259133,6.9477897,Oval/Medial
CAATGACTCTTGCGCT-1,2.3286319,1.8615211,Lateral
CAATTTCCAGATCACT-1,1.2302182,5.8749304,Oval/Medial
CACACAATCCGTTTCG-1,5.473576,7.742221,Oval/Medial
CACACAATCTTAGCTT-1,0.08258835,7.6606555,Oval/Medial
CACAGATGTTCAATCG-1,1.5613377,8.835012,Oval/Medial
CACAGATGTTTCCAAG-1,-0.78882945,0.13358562,Hbx
CACAGATTCAGCTTCC-1,-2.1801605,7.4476724,Marginal
CACCGTTAGCGACTTT-1,-1.9263161,4.0151615,Hbx
CACCGTTTCCGGCAGT-1,-0.18721224,4.75364,Oval/Medial
CACGAATAGGTTCTAC-1,-2.0899906,7.1357093,Marginal
CACGGGTAGTACTCGT-1,-1.9809546,2.4119792,Hbx
CACGTGGGTACAGTCT-1,-1.4558972,5.055025,Oval/Medial
CACGTGGTCTTGGATG-1,3.111121,9.5022745,Oval/Medial
CACGTTCCAAGCTGCC-1,7.1016774,4.9068136,Oval/Medial
CACTAAGAGTGTACCT-1,0.9613568,2.0532737,Lateral
CACTAAGCACTTACAG-1,-2.8263857,7.9086165,Marginal
CACTGTCTCTGCCTGT-1,-3.2084243,5.314544,Marginal
CACTTCGAGTCATAGA-1,-3.817186,7.479626,Marginal
CACTTCGGTTGCGGCT-1,6.2477784,8.583799,Oval/Medial
CACTTCGGTTTCAGAC-1,2.1235194,7.2064996,Oval/Medial
CAGAGCCAGCGGTAGT-1,0.4584249,1.161507,Lateral
CAGATACCACCGGCTA-1,7.7650304,7.755275,Oval/Medial
CAGATACGTGACTATC-1,2.7431386,9.202449,Oval/Medial
CAGATTGGTTGAGGAC-1,-3.186188,6.796884,Marginal
CAGCAATCAAGGCTTT-1,1.0162828,6.8506556,Oval/Medial
CAGCAATCACTAACCA-1,6.775772,5.5459604,Oval/Medial
CAGCAATGTGGTAATA-1,2.2933426,5.524284,Oval/Medial
CAGCACGTCGCACTCT-1,6.738658,6.9937525,Oval/Medial
CAGCCAGTCCTGGGTG-1,0.01544108,6.6089416,Oval/Medial
CAGGTATCAGTGACCC-1,-2.005718,0.96650976,Hbx
CATAAGCTCCATGAGT-1,-0.8412978,0.92165846,Hbx
CATACTTCAGGCTCTG-1,-0.036946435,7.4087563,Oval/Medial
CATCCACAGGTATAGT-1,0.096872605,4.134864,Oval/Medial
CATCCCACAAGATGTA-1,5.9890394,3.0668256,Oval/Medial
CATCCCACAGTCGGTC-1,3.531738,12.548545,Oval/Medial
CATCGCTAGCAATTCC-1,1.1379094,8.022077,Oval/Medial
CATCGCTAGTGGACTG-1,-2.8753314,7.9810696,Marginal
CATCGGGCAGCTGTTA-1,0.54666054,5.971128,Oval/Medial
CATGAGTCAAGATCCT-1,1.7758836,3.2018085,Lateral
CATGAGTGTATTGGCT-1,-1.3197367,5.0081754,Oval/Medial
CATGCAAGTTCCTAAG-1,4.72113,4.762772,Oval/Medial
CATGCGGAGCTCTGTA-1,1.4193326,7.316145,Oval/Medial
CATGGATCACAGGATG-1,-2.051332,3.0605133,Hbx
CATGGATCACGCAAAG-1-1,-0.8879633,3.846312,Oval/Medial
CATTCATTCTTCTAAC-1-1,-1.8330007,8.053666,Marginal
CATTCTAAGTAAGGGA-1,-2.8860698,6.6562176,Marginal
CATTGAGTCGTCACCT-1,4.0918975,12.266314,Oval/Medial
CATTGCCAGGGTATAT-1,6.7967124,8.097856,Oval/Medial
CATTGCCGTAGGCAGT-1,-0.6652626,7.9134407,Oval/Medial
CATTGTTAGTGCCAGA-1,3.444407,5.984516,Oval/Medial
CATTGTTGTCCAGCCA-1,5.351834,2.6231492,Oval/Medial
CCAAGCGGTTGTCAGT-1,7.484531,4.7302957,Oval/Medial
CCAATGAAGGATGAGA-1,6.642541,8.023524,Oval/Medial
CCAATGACAAGAGTAT-1,-0.41859105,6.0657835,Oval/Medial
CCACACTTCCCGTAAA-1,0.60261625,7.5710196,Oval/Medial
CCACGAGCATGTTACG-1,-3.5663607,7.2723017,Marginal
CCACGAGGTTACCCTC-1,-1.0337064,4.5157547,Oval/Medial
CCACGTTAGGTTTGAA-1,4.6366735,12.756763,Oval/Medial
CCACGTTCACACGTGC-1,3.8166254,6.4465284,Oval/Medial
CCACTTGAGATCCCAT-1,4.8805904,13.151384,Oval/Medial
CCACTTGGTGCGGCTT-1,-3.4327946,5.1805,Marginal
CCATCACGTCCTGGGT-1-1,3.4414568,4.9879036,Oval/Medial
CCCATTGCAATGACCT-1,1.7114081,7.978348,Oval/Medial
CCCATTGCACATACGT-1,-2.6186674,5.9720254,Marginal
CCCATTGCATTCATCT-1,0.7119287,7.984316,Oval/Medial
CCCGAAGAGTCACGAG-1,5.488623,8.097661,Oval/Medial
CCCTAACGTAGGTAGC-1,5.8852115,9.909177,Oval/Medial
CCCTCAACAGCACAAG-1,3.029107,5.1979737,Oval/Medial
CCCTGATAGACTCCGC-1,6.6637034,6.9199324,Oval/Medial
CCCTGATCATGTACGT-1,-0.741057,7.573664,Oval/Medial
CCCTGATTCTCTATGT-1,4.651137,12.916551,Oval/Medial
CCCTTAGTCTCACTCG-1,-2.7072153,7.7978463,Marginal
CCGATCTAGCCGATAG-1,2.5740817,6.2826896,Oval/Medial
CCGATGGTCGAACCTA-1,-0.7371465,6.5639434,Oval/Medial
CCGGACAGTGATTCAC-1,-2.7833536,7.1498613,Marginal
CCGGGTAAGCTCGTGC-1,5.9307985,6.4972243,Oval/Medial
CCGGGTAAGGAGACCT-1,-2.1561642,2.334789,Hbx
CCGGTAGCAAGAGAGA-1,4.541965,6.68508,Oval/Medial
CCGTAGGAGTATCTGC-1,6.6987147,4.9969397,Oval/Medial
CCGTGAGCACACGGTC-1,5.8093348,7.60446,Oval/Medial
CCTACGTAGAACCGCA-1-1,2.244863,2.1361287,Lateral
CCTACGTTCATTGCCC-1,0.52787644,9.022826,Oval/Medial
CCTATCGCACCGAATT-1,0.9311121,5.4310603,Oval/Medial
CCTATCGGTACCTAAC-1,1.7432678,2.0204794,Lateral
CCTCACAGTACTGACT-1,-2.0776675,7.0280685,Marginal
CCTCAGTAGAGTCCGA-1,4.361628,6.556092,Oval/Medial
CCTCTAGAGCAACTTC-1,-3.954732,6.9524784,Marginal
CCTCTAGCAACCGACC-1,0.5524729,1.8366188,Lateral
CCTCTAGCAACTGCCG-1,3.4886844,4.7153487,Oval/Medial
CCTCTAGGTACGAAAT-1,4.22747,8.040807,Oval/Medial
CCTGTTGGTGATACTC-1,4.6005273,10.331855,Oval/Medial
CCTTCAGAGTTGTCGT-1,3.4849281,7.3121347,Oval/Medial
CGAAGGAAGGCCATAG-1,6.25877,8.833926,Oval/Medial
CGAATTGGTGACATCT-1,-3.5954394,8.820208,Marginal
CGAGAAGCACCAGCTG-1,-0.27061158,6.14956,Oval/Medial
CGAGGCTTCTTTCTAG-1,-1.9837878,6.96294,Marginal
CGATGGCTCGGCAGTC-1,1.3699082,9.641694,Oval/Medial
CGCAGGTAGAATTGCA-1,-3.9957044,6.138649,Marginal
CGCATGGGTATGGTTC-1,4.8936706,12.843686,Oval/Medial
CGCATGGGTGCCTGCA-1,-0.62599653,5.035518,Oval/Medial
CGCCATTTCAGGACAG-1,0.3182368,6.608963,Oval/Medial
CGGAACCGTCATGACT-1,5.1537743,6.416147,Oval/Medial
CGGAACCGTGCTATTG-1,-2.6251805,7.680694,Marginal
CGGAATTAGGCGTTGA-1,2.16378,6.1845517,Oval/Medial
CGTAGTAAGATGGTAT-1,1.722852,1.9713591,Lateral
CGTAGTATCAAAGGAT-1,-3.4562695,8.09692,Marginal
CGTCAAAAGCATGCGA-1,0.40814933,6.9648747,Oval/Medial
CGTCAAATCACCTTGC-1,4.9665017,9.781132,Oval/Medial
CGTCCATCATATCTCT-1,7.1875157,6.0743513,Oval/Medial
CGTCCATGTTTAAGGA-1,-0.5028439,4.015244,Oval/Medial
CGTGCTTGTCGGCCTA-1,4.264201,11.156425,Oval/Medial
CGTGTCTAGGCTAAAT-1,-2.877762,6.14965,Marginal
CTAAGTGGTGTTCATG-1,-1.9949526,1.3154571,Hbx
CTACATTCAAAGGATT-1,1.4152746,4.2232385,Lateral
CTATCTAGTCCGAAAG-1,5.0189757,10.615814,Oval/Medial
CTCAGAACAGAACTAA-1,-3.2537005,7.976318,Marginal
CTCATTAAGATCCGAG-1,3.2121062,7.5552506,Oval/Medial
CTCCATGTCCATCCGT-1,5.8773546,8.1687565,Oval/Medial
CTCCTTTAGCACTGGA-1,5.46953,11.001515,Oval/Medial
CTCGAGGGTAGCGCTC-1,1.3478885,10.131599,Oval/Medial
CTCTCAGCACATGACT-1,5.4690185,10.440655,Oval/Medial
CTGAATGGTTCCATTT-1,-3.034914,6.9581943,Marginal
CTGAGGCCACTGGACC-1,0.40878612,4.338428,Oval/Medial
CTGAGGCGTCGCCTAG-1,5.84434,11.398755,Oval/Medial
CTGCAGGCAAATCGTC-1,-1.6152015,1.001961,Hbx
CTGCAGGCATATGCGT-1,-2.2543595,3.667642,Hbx
CTGCAGGTCACTCGAA-1,0.62970036,1.6988032,Lateral
CTGCATCTCCACAGCG-1,-2.0483124,2.6992702,Hbx
CTGCGAGAGACTCATC-1,4.303833,4.784427,Oval/Medial
CTGGACGCAGTCTCTC-1,7.0901923,1.2194707,Oval/Medial
CTGGACGTCATCACCC-1,4.1186934,6.5662966,Oval/Medial
CTGGTCTAGTGGACGT-1,-2.9696443,6.7269835,Marginal
CTGGTCTGTAGTCCTA-1,-1.728667,4.8788357,Oval/Medial
CTGGTCTTCGCAGTTA-1,2.1785975,6.9386144,Oval/Medial
CTGTATTCATCGGAGA-1,-0.7912988,0.83364236,Hbx
CTGTATTGTACGACTT-1,-1.0208968,8.018084,Oval/Medial
CTGTATTGTCATCGCG-1,7.0780864,7.082239,Oval/Medial
CTGTGGGAGGGTGGGA-1,7.5763326,8.125069,Oval/Medial
CTGTGGGTCTAAGCCA-1,-1.5558972,1.2052138,Hbx
CTTAGGAAGGTCATCT-1,-1.2833177,7.3007817,Oval/Medial
CTTAGGATCATTCGTT-1,2.8060138,12.525788,Oval/Medial
CTTCGGTCAAGACAAT-1,6.608075,7.617356,Oval/Medial
CTTCTAACATCCAATG-1,-1.3875567,8.180539,Oval/Medial
CTTCTCTAGGCGCTTC-1,7.115076,7.695382,Oval/Medial
CTTCTCTAGGCGTTAG-1,-2.9370468,6.607331,Marginal
CTTGAGACAAGGTCTT-1,2.5878963,7.109028,Oval/Medial
CTTGATTAGATTAGTG-1,-2.2456596,0.20445244,Hbx
CTTGATTAGGTAAGTT-1-1,1.3935016,2.956326,Lateral
CTTGATTCACCCATAA-1,7.212896,5.143975,Oval/Medial
CTTTCAACATTAGGCT-1-1,4.010582,7.028847,Oval/Medial
CTTTCGGTCTCGAGTA-1,-1.6572156,5.1150727,Hbx
GAAACCTAGTAGACCG-1,0.65431225,3.4531002,Lateral
GAAACCTGTAGACTGG-1,2.317531,7.161473,Oval/Medial
GAACGTTCAGGTCCCA-1,4.5137587,12.75377,Oval/Medial
GAACTGTAGTCATAGA-1,-2.671174,6.5079575,Marginal
GAACTGTAGTTAGTGA-1,1.0858197,7.6829,Oval/Medial
GAACTGTTCGTAGTGT-1-1,6.4951816,4.0490713,Oval/Medial
GAAGCCCCATGGAATA-1,-2.6033928,7.5377383,Marginal
GAAGCGACAATGACCT-1,-1.325035,0.18145238,Hbx
GAAGGGTAGCGTCAGA-1,2.0747082,1.9187175,Lateral
GAAGGGTGTAACGATA-1,6.5057354,6.3008947,Oval/Medial
GAAGTAAGTAGATTAG-1,5.2931604,11.93793,Oval/Medial
GAAGTAAGTTCAAACC-1-1,1.4253263,7.7919827,Oval/Medial
GAATAGACATCGGAAG-1,2.37705,6.866538,Oval/Medial
GAATAGATCCGCAACG-1,4.1981783,8.208389,Oval/Medial
GAATCACTCAACCGAT-1,-0.50371397,4.2486176,Oval/Medial
GACACGCAGCTAGTTC-1,4.36414,7.676403,Oval/Medial
GACATCATCTTACACT-1,7.950029,7.190288,Oval/Medial
GACCAATCAGCTGGTC-1,5.0494666,11.414624,Oval/Medial
GACCCAGAGCAGCAGT-1,0.4796172,7.3344107,Oval/Medial
GACCCTTGTCTAACTG-1,-3.0087276,7.191644,Marginal
GACCTTCCAGCGTATT-1,6.0137897,7.181257,Oval/Medial
GACCTTCTCTTCCAGC-1,-3.0197675,5.3314586,Marginal
GACGCTGAGGGCCAAT-1,3.1763883,9.867392,Oval/Medial
GACGTTACACTGTCGG-1,1.2524405,1.5978304,Lateral
GACTCAAAGGCCACTC-1,-2.1925945,1.152366,Hbx
GACTCTCTCCATTTCA-1,-2.1337466,3.7326224,Hbx
GAGAAATCATGGCACC-1,5.372104,3.0964763,Oval/Medial
GAGACCCCACTCCACT-1,-0.6742149,7.6499486,Oval/Medial
GAGACCCGTCTCAAGT-1,1.3838264,5.895439,Oval/Medial
GAGCCTGCAAGTTTGC-1,5.416076,6.337436,Oval/Medial
GAGCTGCAGGTAATCA-1,5.391665,10.640843,Oval/Medial
GAGTGAGTCGTTGTAG-1,0.19185756,2.7520654,Lateral
GAGTGTTGTCAGACTT-1,1.5046101,8.74421,Oval/Medial
GAGTGTTTCATTGCCC-1,-0.016929891,1.1263297,Lateral
GAGTGTTTCGCGCTGA-1,-3.437921,5.532009,Marginal
GATAGAAAGACCCTTA-1,0.27880827,9.790035,Oval/Medial
GATAGAAAGCTCATAC-1,6.0553746,6.1749434,Oval/Medial
GATAGAACAACGCCCA-1,-0.9388976,7.002294,Oval/Medial
GATAGAATCTCCGTGT-1,-2.2915165,7.650669,Marginal
GATCACAAGAAGCGCT-1,5.8980384,2.9780462,Oval/Medial
GATCACAAGATGGTCG-1,6.742321,1.5088533,Oval/Medial
GATCACACAAGTGGGT-1,-1.7768853,6.1273584,Oval/Medial
GATCATGGTCACCTTC-1,7.433156,9.38598,Oval/Medial
GATCCCTCATCATCTT-1,-2.0043395,2.0369992,Hbx
GATCCCTTCAAGAATG-1,-3.489885,6.206094,Marginal
GATCGTACAGGAACCA-1,0.29912683,3.6367607,Oval/Medial
GATGACTGTGTTAGCT-1,-0.8815202,7.4532466,Oval/Medial
GATGCTAGTCAGGCAA-1-1,0.3348381,5.756791,Oval/Medial
GATTGGTTCGTGCATA-1,-0.40880802,5.9426093,Oval/Medial
GATTTCTAGCCAACCC-1,6.5324817,8.182573,Oval/Medial
GATTTCTTCAACCGAT-1,2.83085,3.7656233,Lateral
GCACGTGGTTTAGTCG-1,-1.3452781,0.6381735,Hbx
GCACGTGTCTAGACAC-1,1.4782852,2.4422476,Lateral
GCACTAATCGTTCAGA-1,5.9469266,7.576942,Oval/Medial
GCATCGGGTGGTGATG-1,4.698937,6.8452334,Oval/Medial
GCATCTCCATCACAGT-1,3.6596491,6.8166885,Oval/Medial
GCATCTCGTGCATTAC-1,1.4637223,1.3088219,Lateral
GCATGATCAACGCATT-1,2.8156986,4.779033,Oval/Medial
GCATTAGGTATCCCAA-1,-0.032975774,9.309699,Oval/Medial
GCATTAGGTTAGGCTT-1,3.360184,6.697409,Oval/Medial
GCATTAGTCTCGGTAA-1,-0.315509,7.1735373,Oval/Medial
GCCAACGCAACTCCCT-1,2.8910635,13.259527,Oval/Medial
GCCAGCACAACAACAA-1,6.159805,11.042743,Oval/Medial
GCCAGGTGTTACGGAG-1,1.794138,8.209212,Oval/Medial
GCCAGTGAGCAAGGAA-1,-2.0861676,8.235287,Marginal
GCCAGTGAGTGCACCC-1,3.3942344,6.3381863,Oval/Medial
GCCAGTGTCTTTGCAT-1,4.9419565,2.8810067,Oval/Medial
GCCATTCAGATCCTAC-1,1.6635475,8.248054,Oval/Medial
GCCATTCCAGGTGACA-1,-3.5929754,6.7945995,Marginal
GCCATTCGTCCATACA-1,4.1779113,10.201612,Oval/Medial
GCCCAGACACTACCGG-1,-3.3197844,5.590216,Marginal
GCCCGAAGTTGTTTGG-1,1.1837895,7.370752,Oval/Medial
GCCGTGACAGGTCAGA-1,-0.23252794,4.0899954,Oval/Medial
GCCTGTTAGTTGTCGT-1,7.530405,5.0828705,Oval/Medial
GCGAGAACACAGTGTT-1,6.874831,6.9494147,Oval/Medial
GCGATCGGTTGGACCC-1,6.3640685,7.333581,Oval/Medial
GCGGAAAAGTTCCAGT-1,6.8777237,5.891656,Oval/Medial
GCGGATCGTCACCGAC-1,0.75747806,8.782403,Oval/Medial
GCGTGCAAGGCACTCC-1,6.446585,1.8668665,Oval/Medial
GCGTGCATCTTTGCTA-1-1,7.4268994,7.343968,Oval/Medial
GCTACCTTCGTGAGAG-1,4.9829607,7.6058216,Oval/Medial
GCTGCAGAGACATACA-1,0.6959672,9.611867,Oval/Medial
GCTGGGTAGGATACGC-1,-0.4498662,7.66991,Oval/Medial
GCTGGGTTCGCTGATA-1,6.777493,1.2531618,Oval/Medial
GCTGGGTTCTTGGGCG-1,4.670167,6.027049,Oval/Medial
GCTTCACCACGATAGG-1,7.539318,7.1162724,Oval/Medial
GCTTCACGTCCACAGC-1,-3.8547814,7.7817583,Marginal
GCTTTCGGTTCTCCTG-1,3.2266912,6.5394845,Oval/Medial
GGAACCCCATGGGCAA-1,-1.6437432,5.582109,Oval/Medial
GGAATCTCACACTTAG-1,-2.021694,6.2938,Marginal
GGAATCTGTCGATTTG-1,0.0686097,8.735822,Oval/Medial
GGAGAACCAGGCACTC-1,-2.6727602,2.1047943,Hbx
GGAGATGGTAAGGAGA-1,4.813048,7.3990517,Oval/Medial
GGAGGTAAGGGCAATC-1,0.3754558,7.7944603,Oval/Medial
GGATGTTCACCATATG-1,1.8857237,8.086861,Oval/Medial
GGCACGTGTGCTCTTC-1,1.1237252,6.4955654,Oval/Medial
GGCACGTGTTAAACCC-1,2.8148696,6.697758,Oval/Medial
GGCACGTTCAAACCTG-1,6.093231,8.445224,Oval/Medial
GGCAGTCCACACAGCC-1,4.520218,13.079725,Oval/Medial
GGCTGTGCAAGTGGAC-1,3.739035,7.0636573,Oval/Medial
GGCTTGGGTACAGCGA-1,0.091751724,8.310901,Oval/Medial
GGGATCCGTTAGCGGA-1,0.514135,8.7213335,Oval/Medial
GGGCGTTCAGACCATT-1,4.2230334,8.472256,Oval/Medial
GGGCGTTTCGTCGCTT-1,1.339748,8.630265,Oval/Medial
GGGCTACTCGTCACCT-1-1,7.492263,4.5325513,Oval/Medial
GGGCTCAAGACATAGT-1,-3.8159893,6.330231,Marginal
GGGCTCACAAAGGGCT-1,6.3505454,1.9418367,Oval/Medial
GGGCTCACAGGAGGAG-1,-0.43271092,4.985413,Oval/Medial
GGGTATTTCATGAAAG-1,5.104481,2.5904055,Oval/Medial
GGGTCACCAGAGGTAC-1,0.9842521,2.8679223,Lateral
GGGTCACTCGATAACC-1,-0.62848467,5.0019608,Oval/Medial
GGGTCTGCATGATAGA-1,-0.7061615,7.0497184,Oval/Medial
GGGTTATCAGGCAATG-1,-3.126513,7.850009,Marginal
GGGTTTACACGTAACT-1,5.7259483,3.8903291,Oval/Medial
GGTCACGGTCGACTGC-1,3.2183626,12.851557,Oval/Medial
GGTCTGGTCAATCTCT-1,-3.5505254,8.425721,Marginal
GGTCTGGTCGTTGTAG-1,5.0541778,10.780101,Oval/Medial
GGTGGCTGTCGAGTTT-1,6.807716,4.814401,Oval/Medial
GGTTAACGTCAGGAGT-1,-1.0812722,0.57204825,Hbx
GGTTGTACACCCTAGG-1,7.0234666,6.9765787,Oval/Medial
GGTTGTACATGGCCAC-1,-2.114531,3.3690646,Hbx
GTAAGTCCAGTATTCG-1,-2.1475348,-0.45754427,Hbx
GTAATCGAGTCATACC-1,0.3893668,3.9004703,Oval/Medial
GTAATCGAGTGCCTCG-1,3.157322,12.630342,Oval/Medial
GTACAGTAGGGTATAT-1,2.364808,6.2133646,Oval/Medial
GTACAGTTCATCGCAA-1,1.5461425,7.4688993,Oval/Medial
GTACAGTTCTCTCGAC-1,4.373386,5.421957,Oval/Medial
GTAGATCAGTTACGGG-1,-2.8176684,6.465574,Marginal
GTAGGAGAGCCGGAAT-1,3.2109005,5.898761,Oval/Medial
GTAGGAGCACCGTGGT-1,7.3622785,6.5636387,Oval/Medial
GTAGGTTAGAGTGGCT-1,-2.5500693,3.5402126,Hbx
GTAGGTTTCCAATGCA-1,2.098904,4.5877914,Lateral
GTAGTACCACCAGCGT-1,0.70811176,2.3620777,Lateral
GTATTTCGTCCTCCTA-1,-0.14471902,1.706704,Lateral
GTCACTCAGCTACTAC-1,-0.05213985,4.5928693,Oval/Medial
GTCACTCAGTACTCGT-1,5.5448895,11.4800205,Oval/Medial
GTCACTCCAGTTCCAA-1,2.9264827,12.7775955,Oval/Medial
GTCAGCGGTCGAGCTC-1,2.8914835,12.743924,Oval/Medial
GTCAGCGTCTGCGGCA-1,-0.9985323,1.2350057,Hbx
GTCCCATGTTGGGACA-1,-2.7270622,7.900519,Marginal
GTCGAATCACTGCTTC-1,0.94120574,9.479487,Oval/Medial
GTCGCGAAGAACTGAT-1,0.60364074,4.180842,Lateral
GTCGTAATCACGATCA-1,4.894189,5.0099654,Oval/Medial
GTCGTTCGTCACTGAT-1,0.81614584,7.338655,Oval/Medial
GTCGTTCTCTTCTCAA-1,7.4647274,4.5462074,Oval/Medial
GTCTCACTCCATTTGT-1-1,5.556024,11.204721,Oval/Medial
GTCTGTCGTGCGCTCA-1,-0.30735043,3.9798522,Oval/Medial
GTGACGCTCGGCTGGT-1,3.3013363,9.0608225,Oval/Medial
GTGCTGGAGTCCGCGT-1,4.233033,4.0287085,Oval/Medial
GTGGAAGAGAACCCGA-1,-1.411959,6.870265,Oval/Medial
GTGGAAGAGTACCCTA-1,2.5433195,9.153504,Oval/Medial
GTGGAAGCAACAAAGT-1,1.909991,6.3950877,Oval/Medial
GTGGAAGGTAACATGA-1,4.648695,5.583642,Oval/Medial
GTGGAGATCGACATCA-1,7.261271,4.594676,Oval/Medial
GTGGCGTCATCTCAAG-1,-1.7174203,2.9028263,Hbx
GTGGGAAGTCCTCCAT-1,1.3124149,5.9555917,Oval/Medial
GTGTGATTCTCTGGTC-1,-2.3332436,-0.3589201,Hbx
GTTACCCTCCAACACA-1,1.052403,8.551333,Oval/Medial
GTTACCCTCCATTTAC-1,4.1505823,12.943114,Oval/Medial
GTTAGACCATCTAGAC-1,2.5143769,6.0102463,Oval/Medial
GTTAGTGCATAGTCAC-1,-1.1892097,5.628793,Marginal
GTTCCGTAGGCAGTCA-1,-4.4749074,7.8053427,Marginal
GTTCGCTCAGCGTATT-1,-4.6382494,8.052698,Marginal
GTTCGCTCAGTTAGAA-1,4.4212484,10.033021,Oval/Medial
GTTGAACGTTACGATC-1,1.2443452,2.1214204,Lateral
GTTGAACGTTGTAAAG-1,1.7999166,8.709261,Oval/Medial
GTTGTAGAGAGGTTAT-1,1.5407015,10.426951,Oval/Medial
GTTGTAGAGCTGGAGT-1,0.25454143,4.234596,Oval/Medial
GTTGTAGCAATCGCCG-1,4.3817725,10.146002,Oval/Medial
GTTTACTGTGGCACTC-1,6.6551743,4.01515,Oval/Medial
GTTTACTTCGTAGAGG-1,-0.9119121,0.438375,Lateral
GTTTGGACAGAGATGC-1,3.0059683,11.057596,Oval/Medial
GTTTGGAGTCACCGAC-1,5.086275,6.7677836,Oval/Medial
TAACACGGTTAACAGA-1,-1.806011,7.3975015,Marginal
TAACACGTCTCTTCAA-1,7.0678062,5.003778,Oval/Medial
TAACCAGAGTTAACAG-1,-2.110518,7.302577,Marginal
TAAGCACAGCTACAAA-1,6.862747,6.7998505,Oval/Medial
TAAGCACGTACGCTAT-1,1.1351817,8.497083,Oval/Medial
TAAGTCGAGGCACTAG-1,4.7951922,6.614208,Oval/Medial
TAAGTCGCAGAATGTA-1,-0.09223382,7.6474237,Oval/Medial
TAAGTCGGTAGGAAAG-1,-0.04313226,5.974768,Oval/Medial
TAATTCCGTGGTCTAT-1,0.253545,6.6868095,Oval/Medial
TACGCTCAGTCACACT-1,3.692702,7.307843,Oval/Medial
TACGCTCGTCACCTTC-1,-2.6523352,7.348953,Marginal
TACGGGCAGAATAACC-1,4.9133463,5.0230765,Oval/Medial
TACGTCCAGGTCCTGC-1,3.669636,4.4514637,Oval/Medial
TACGTCCAGTATCTGC-1,-2.9241517,5.222061,Marginal
TACTTGTAGACCGTTT-1,1.8771251,6.8891983,Oval/Medial
TACTTGTGTATCTCTT-1,3.045795,9.945943,Oval/Medial
TAGACTGGTGGGACAT-1,2.352201,1.5682436,Lateral
TAGGAGGAGAGTCAAT-1-1,1.4382046,1.5382911,Lateral
TAGGTACGTACCTGTA-1,-2.385399,8.214908,Marginal
TAGTGCATCGCGTGCA-1,3.873103,9.889258,Oval/Medial
TATACCTGTGACAGGT-1,5.5500154,10.457654,Oval/Medial
TATATCCAGGGAGGGT-1,6.31791,7.8421907,Oval/Medial
TATATCCGTCCAACGC-1,0.21043275,7.0556455,Oval/Medial
TATCAGGGTGCTCTTC-1,-1.945706,2.553445,Hbx
TATCGCCCATCGGATT-1,5.993779,11.638106,Oval/Medial
TATCGCCTCCGGCAGT-1,1.0902439,6.2348857,Oval/Medial
TATCGCCTCTACCACC-1,-2.2593555,3.812813,Hbx
TATCTTGAGAATGTTG-1,3.2087884,7.1206393,Oval/Medial
TATCTTGCAACATACC-1,-2.0138927,0.795443,Hbx
TATCTTGTCTCCCATG-1,-2.1928973,7.4739046,Marginal
TCAATCTTCTAGCAAC-1,3.3914661,10.535993,Oval/Medial
TCAATTCCACTTGACA-1,6.2892337,8.815987,Oval/Medial
TCAATTCGTTCGATTG-1,7.1136875,4.569979,Oval/Medial
TCACATTCACACACGC-1,-1.9452327,8.265619,Marginal
TCAGCAAAGCGGATCA-1,-2.6631534,7.5276895,Marginal
TCAGCCTTCGCTTGAA-1,4.657689,6.184143,Oval/Medial
TCAGGTAAGTTCCGTA-1,0.5740217,8.561209,Oval/Medial
TCAGGTACAAGACAAT-1,-0.51777786,8.744092,Oval/Medial
TCAGTCCGTTCATCGA-1,5.27848,5.4495435,Oval/Medial
TCAGTCCTCAGGGATG-1,-1.9886436,4.4251766,Hbx
TCAGTCCTCCTCTCGA-1,7.1376257,8.231716,Oval/Medial
TCAGTCCTCTGTTGGA-1,-4.054922,8.716287,Marginal
TCAGTTTTCGGCCTTT-1,5.6160984,8.416871,Oval/Medial
TCATATCGTGGCTAGA-1,5.974091,7.238882,Oval/Medial
TCATCATAGCGCTGCT-1,-1.4650663,7.8178797,Oval/Medial
TCATCATTCGTCTAAG-1,1.1611722,6.364169,Oval/Medial
TCATCCGAGCGCATCC-1,5.0375338,12.255369,Oval/Medial
TCATGAGAGAGGTTTA-1,2.5927694,3.104385,Lateral
TCATGAGGTAGACGTG-1,4.683568,6.7159615,Oval/Medial
TCATGCCCACAGCATT-1,1.3901614,3.2061348,Lateral
TCATGGATCAAACCTG-1,5.5267844,10.994914,Oval/Medial
TCATTCATCGCACTCT-1,0.50390863,5.9714174,Oval/Medial
TCATTGTAGGAGGTTC-1,1.5468432,5.3478656,Oval/Medial
TCATTTGGTACTGAGG-1,3.484904,6.7762437,Oval/Medial
TCCACCATCGCTAGCG-1,1.6284913,10.091888,Oval/Medial
TCCACGTAGTATTAGG-1,2.3498688,7.069575,Oval/Medial
TCCATGCCATCAACCA-1,-4.6987123,7.2257333,Marginal
TCCCAGTAGCTGCCTG-1,-3.0182405,8.473478,Marginal
TCCCATGTCGGTGCAC-1,0.82369107,8.869865,Oval/Medial
TCCGAAAAGTACCGGA-1,4.4813166,6.703519,Oval/Medial
TCCGAAACATGGCCCA-1,-2.7296493,8.260296,Marginal
TCGAACAGTCCATCTC-1,5.751173,6.724536,Oval/Medial
TCGACGGTCATTATCC-1,-4.546412,8.773176,Marginal
TCGCACTTCTCTGGTC-1,0.17846867,3.0438347,Lateral
TCGCTCACACACTTAG-1,0.5965716,9.084308,Oval/Medial
TCGGGACAGGATGCGT-1,3.8404863,6.57741,Oval/Medial
TCGGGACGTAGGCAGT-1,1.1008284,8.00411,Oval/Medial
TCGGTCTCAGCTTTCC-1,1.2547649,4.5150323,Lateral
TCGGTCTTCGTAACCA-1,-3.0767136,7.798685,Marginal
TCTAACTCAATGTTGC-1,3.8951004,5.31942,Oval/Medial
TCTAACTGTGCTCTCT-1,2.8234348,5.755432,Marginal
TCTATACCACATATGC-1,1.824357,5.252811,Oval/Medial
TCTATACCAGGAGGAG-1,3.5930672,11.332937,Oval/Medial
TCTATACCAGGTCAGA-1,6.343518,9.019899,Oval/Medial
TCTATCACATATCTGG-1,0.55283505,3.880446,Lateral
TCTATCAGTGCGTGCT-1,5.6267147,2.4732494,Oval/Medial
TCTCACGAGTCATGGG-1,5.180491,10.295679,Oval/Medial
TCTCAGCGTCACCCTT-1,-2.567088,7.414424,Marginal
TCTCTGGCACTAGAGG-1,5.6363544,6.306615,Oval/Medial
TCTCTGGCAGTAGATA-1,7.5508432,7.641157,Oval/Medial
TCTGCCAGTTCTTCAT-1,4.1517296,4.6536765,Oval/Medial
TCTGCCATCGGACAAG-1,3.9405203,4.908789,Oval/Medial
TCTGGCTTCAAACGTC-1,3.7736924,11.842112,Oval/Medial
TCTGGCTTCCAATCCC-1,0.53878886,3.4124591,Lateral
TCTGTCGTCACTTCTA-1,0.10607259,6.6175966,Oval/Medial
TCTTGCGGTAGTTCCA-1,1.4534194,7.756454,Oval/Medial
TCTTTGACAGAGCCCT-1,-3.5689247,7.2350483,Marginal
TGAACGTTCACTTGGA-1,5.876747,5.894622,Oval/Medial
TGAACGTTCGGCTGAC-1,-2.82194,5.721143,Marginal
TGAATGCTCCTGGGAC-1,-2.276945,2.8974774,Hbx
TGACCCTAGCAGTAAT-1,1.8972176,7.667783,Oval/Medial
TGACCCTGTTGACTGT-1,6.563042,8.210677,Oval/Medial
TGACCCTTCCTCGATC-1,-2.1864235,0.35877505,Hbx
TGAGACTAGGTACATA-1,-2.8829405,6.7712855,Marginal
TGAGACTCATCGTCCT-1,4.691843,3.1327684,Oval/Medial
TGAGCGCAGGCACTCC-1,4.956783,7.8446245,Oval/Medial
TGAGCGCCAAGTTGGG-1,0.38259837,2.0270407,Lateral
TGAGGAGCATCGCTCT-1,3.96568,10.135566,Oval/Medial
TGAGGTTTCACCGGGT-1,6.20094,8.14352,Oval/Medial
TGAGTCAAGGCTTTCA-1,-0.48889643,4.128215,Oval/Medial
TGAGTCATCCGAACGC-1,4.704544,9.224053,Oval/Medial
TGATCAGGTAGCGATG-1,4.239911,7.090413,Oval/Medial
TGATCTTCAAGGGCAT-1-1,6.8632073,1.9516857,Oval/Medial
TGATGCAAGGTCCCTG-1,-3.4503045,8.695991,Marginal
TGATGCAGTACCGTGC-1,-3.0126624,7.8913827,Marginal
TGATGCAGTTATAGAG-1,4.8104324,6.2079773,Oval/Medial
TGATGGTGTGTTCCTC-1,0.8114394,6.6892114,Oval/Medial
TGATTCTAGGGTCTTT-1,-4.4074345,9.009281,Marginal
TGATTTCTCCGTGGGT-1,1.1655186,6.9912395,Oval/Medial
TGCAGGCAGGGACCAT-1,-0.5348156,4.804203,Oval/Medial
TGCAGTAGTGCCTATA-1,2.854347,13.037915,Oval/Medial
TGCAGTAGTTCCAGGC-1,-2.121376,7.540155,Marginal
TGCCGAGAGAATGTTG-1,2.5478055,11.192596,Oval/Medial
TGCGATAGTGAATGAT-1,1.8472344,4.3977246,Lateral
TGCGATAGTTAAGGGC-1,1.5942914,7.545825,Oval/Medial
TGCGGCACAGAAATCA-1,6.4495296,7.724996,Oval/Medial
TGCGGCATCTCAAAGC-1,5.3263283,9.694912,Oval/Medial
TGCTCGTCATCCGTTC-1,-1.4475896,8.209086,Oval/Medial
TGCTCGTTCATAGGCT-1,1.2129931,4.69812,Lateral
TGCTTGCTCTGCACCT-1,-0.19652748,2.6790397,Lateral
TGCTTGCTCTGTAACG-1,-1.5941871,5.9742875,Marginal
TGGAACTGTTGCGGCT-1,4.3759327,6.7459054,Oval/Medial
TGGAGGAGTAGGGTAC-1,-2.9010503,7.006609,Marginal
TGGGAAGAGTAAACAC-1,3.3905818,5.6205416,Oval/Medial
TGGGAAGCATTGGCAT-1,4.5170846,7.1117897,Oval/Medial
TGGGCTGAGCCACAAG-1,4.2123485,7.4948196,Oval/Medial
TGGGCTGTCGTAGCTA-1,6.7474027,1.43351,Oval/Medial
TGGGTTACAGGAATAT-1,-1.5334147,3.5260081,Hbx
TGGTAGTCAACATACC-1,1.6374514,7.444237,Oval/Medial
TGTAGACCAAAGCTCT-1,6.0819225,11.127103,Oval/Medial
TGTCAGACACCGAATT-1-1,1.9077545,3.2014513,Lateral
TGTCAGATCAGGTAAA-1,7.7770705,7.905649,Oval/Medial
TGTCCACGTACCTAGT-1,6.6355453,4.9036155,Oval/Medial
TGTCCCACATTCCTAT-1,-1.2949046,7.335546,Oval/Medial
TGTGAGTAGGATATAC-1,2.0509727,10.803054,Oval/Medial
TGTGAGTTCCGTCCTA-1,-1.2280282,6.781526,Oval/Medial
TGTGGCGCAACGGGTA-1,-0.24898921,5.000263,Oval/Medial
TGTTCATCACAAAGCG-1,-1.8488411,4.25449,Hbx
TGTTCATGTGATTCAC-1,1.68763,8.073968,Oval/Medial
TGTTGAGAGTGTTGAA-1,6.095796,12.022038,Oval/Medial
TGTTGAGCAGCTTCCT-1,-2.934722,7.088343,Marginal
TGTTGAGTCCTCTAAT-1,-0.50995314,7.9320374,Oval/Medial
TGTTGGAGTTGTGGCC-1,2.7072096,12.494665,Oval/Medial
TGTTGGATCAAGGCTT-1,5.607957,6.601971,Oval/Medial
TGTTGGATCGTAGGAG-1,6.146158,8.180779,Oval/Medial
TTACCATTCAGTGGGA-1,5.642399,8.603068,Oval/Medial
TTACCGCCAATCCTAG-1,-0.31920266,9.503458,Oval/Medial
TTACCGCCATACCAGT-1,-1.5484693,3.2144985,Hbx
TTACCGCTCAACACCA-1,2.878883,7.1648417,Oval/Medial
TTACCGCTCATAAGGA-1,-3.5426316,5.877078,Marginal
TTACGCCGTCATCGCG-1,-1.0108864,5.874217,Oval/Medial
TTAGGCACAGATACCT-1,2.1431217,7.429,Oval/Medial
TTATTGCCACTAGTAC-1,4.627921,6.1784987,Oval/Medial
TTCAGGAGTCGCACGT-1,6.2819576,1.8477325,Oval/Medial
TTCAGGAGTCTGTGAT-1,3.952386,13.511823,Oval/Medial
TTCATTGGTAAGTTAG-1,-2.665709,8.098993,Marginal
TTCCGGTCACAAGTTC-1,4.5833316,9.794387,Oval/Medial
TTCCTAAAGGGTACGT-1,6.4866424,4.669974,Oval/Medial
TTCCTCTAGGCAGGGA-1,5.1828833,6.475848,Oval/Medial
TTCGCTGAGTGTACAA-1,2.5739806,8.82763,Oval/Medial
TTCGGTCCAGGGTCTC-1,1.4422108,8.307436,Oval/Medial
TTCTAACGTTAACAGA-1-1,0.8155354,9.027017,Oval/Medial
TTCTCTCAGAACGTGC-1,5.4042687,4.8640995,Oval/Medial
TTCTCTCCAAAGTGTA-1,6.305633,7.502565,Oval/Medial
TTCTCTCCATAGACTC-1,-2.0479043,3.7832737,Hbx
TTCTTCCAGCCAAGCA-1,1.4515767,7.692344,Oval/Medial
TTCTTCCAGTTTGTCG-1,3.3125253,12.775392,Oval/Medial
TTCTTGAAGACCGCCT-1,-1.8214406,8.114003,Marginal
TTCTTGACACCTCTAC-1,6.9882607,6.559987,Oval/Medial
TTCTTGAGTCTTCAAG-1,6.7625723,1.2931154,Oval/Medial
TTGAACGCAACCCTAA-1,2.5381382,2.2012117,Lateral
TTGAACGGTTTGTTGG-1,-1.3258073,3.470677,Hbx
TTGAACGTCTATCCAT-1,6.173893,12.282659,Oval/Medial
TTGACCCTCAAACGAA-1,1.9469112,7.239796,Oval/Medial
TTGATGGTCAGTGATC-1,-4.7801957,8.432972,Marginal
TTGCATTTCGTGCAGC-1,-3.7381406,6.6157618,Marginal
TTGCGTCCAACATCGT-1,2.8571255,13.105098,Oval/Medial
TTGCTGCTCGAAGGAC-1,4.72725,10.608449,Oval/Medial
TTGGATGGTAGGACCA-1,2.9175525,12.462085,Oval/Medial
TTGGTTTCATGGATCT-1,-1.0439113,1.3867764,Hbx
TTGTTCAAGGCCATAG-1-1,1.0038881,9.272649,Oval/Medial
TTGTTCACAATATCCG-1,4.1156034,5.0352564,Oval/Medial
TTGTTTGAGTCAACAA-1,6.0244374,6.684062,Oval/Medial
TTGTTTGCAACCGACC-1,2.5152566,6.584663,Oval/Medial
TTGTTTGCACACGGAA-1,0.021284051,9.272855,Oval/Medial
TTTACTGAGACTACGG-1,-2.2427506,-0.3130868,Hbx
TTTAGTCAGCATTGAA-1,1.3930371,7.530083,Oval/Medial
TTTAGTCAGGCGAACT-1,-1.6775411,2.3137913,Hbx
TTTATGCAGCCACCGT-1,4.046913,9.966639,Oval/Medial
TTTCAGTGTGAGAGGG-1,4.18183,10.720795,Oval/Medial
TTTCAGTTCGGTCATA-1,-0.25425246,6.219932,Oval/Medial
TTTCAGTTCTAAGAAG-1,2.360066,5.561843,Oval/Medial
TTTCATGCAATTCACG-1,-2.3485053,-0.379058,Hbx
TTTCATGTCTTCCACG-1-1,-0.027331615,4.5276284,Oval/Medial
TTTCGATCACATCATG-1,3.7585988,5.2091184,Oval/Medial
TTTGATCGTCACTCGG-1,0.80494225,9.441215,Oval/Medial
TTTGGAGGTATACCCA-1,-2.0938234,6.8710475,Marginal
TTTGGAGTCTGAGAGG-1,3.4817846,13.252249,Oval/Medial
TTTGTTGAGGAACTCG-1,-2.6408517,7.222447,Marginal
AAACCCAAGATCCAAA-1,2.604588,6.475201,Oval/Medial
AAACGAAAGAATTTGG-1,5.0831757,7.649292,Oval/Medial
AAACGAACAACCAATC-1,4.950018,3.1278687,Oval/Medial
AAACGCTAGCCTGCCA-1,6.3815947,6.959322,Oval/Medial
AAAGAACCACGTCTCT-1,4.7197375,8.312887,Oval/Medial
AAAGGATAGTGTAGAT-1,7.7382584,0.98709315,Oval/Medial
AAAGGATCAGGCACAA-1,5.0706973,6.025988,Oval/Medial
AAAGGTAAGATACTGA-1,3.4007957,10.596501,Oval/Medial
AAAGGTAAGCCTCATA-1,4.2654786,9.475734,Oval/Medial
AAAGTCCAGCTATCTG-1,4.335737,7.1291695,Oval/Medial
AAAGTCCAGTGAGTGC-1,4.636487,10.735837,Oval/Medial
AAAGTCCGTCTGTGAT-1,-1.9506477,-0.649656,Hbx
AAAGTCCGTGTTCAGT-1,5.210178,4.497354,Oval/Medial
AAAGTCCGTTTATGCG-1,3.0918593,7.1191173,Oval/Medial
AAAGTGAGTTCAGTAC-1,5.582984,11.912282,Oval/Medial
AAAGTGATCACGGGCT-1,-1.4376938,1.9417957,Hbx
AAATGGACACACTGGC-1,5.6831503,3.2927432,Oval/Medial
AACAACCGTACCTGTA-1,4.534227,3.6138825,Oval/Medial
AACAACCTCCCGTGTT-1,-3.4710152,5.9737372,Marginal
AACAACCTCTTTGGAG-1-1,1.1188434,6.7551503,Oval/Medial
AACAAGAAGGGTAATT-1,4.5512857,10.527812,Oval/Medial
AACACACCACATGGTT-1,-1.2245208,1.4767468,Hbx
AACACACGTTCAAGGG-1,2.9813027,11.207983,Oval/Medial
AACACACGTTGGTGTT-1,0.74843824,8.716754,Oval/Medial
AACAGGGGTAAGATCA-1,4.2497945,9.358727,Oval/Medial
AACAGGGGTCTAGATC-1,0.38268754,8.018617,Oval/Medial
AACAGGGGTGAGTAGC-1,1.1613628,6.6930385,Oval/Medial
AACCAACAGGCACAAC-1,-2.075772,1.7563059,Hbx
AACCACAAGACGCCCT-1,6.05949,8.399804,Oval/Medial
AACCACATCGAGTGGA-1,3.7612522,6.4481897,Oval/Medial
AACCATGGTATGCGTT-1,2.686251,9.85816,Oval/Medial
AACCCAAGTCTGTGCG-1,4.9100533,9.860058,Oval/Medial
AACCCAATCCCATAGA-1,3.1907432,9.198552,Oval/Medial
AACCCAATCCTACCAC-1,5.0397663,6.616149,Oval/Medial
AACCCAATCGTCTAAG-1,-1.6944544,7.0813384,Oval/Medial
AACCTGAAGGCACCAA-1,3.440591,6.796512,Oval/Medial
AACCTGATCCCGTTCA-1,3.933237,9.736448,Oval/Medial
AACGAAAAGTTTGTCG-1,4.602284,9.095627,Oval/Medial
AACGAAACACCTGATA-1,-1.1750975,1.3547646,Hbx
AACGAAAGTCTACGTA-1,0.81941706,2.657086,Lateral
AACGAAAGTTACGATC-1,2.7194464,9.169687,Oval/Medial
AACGGGAAGGCGATAC-1,-2.4328523,2.6482875,Hbx
AACGGGAAGTGAGCCA-1,4.9539876,7.586934,Oval/Medial
AACGGGACAGGAGACT-1,7.100773,8.276573,Oval/Medial
AACGGGAGTTGGGTTT-1,5.5483046,10.9792795,Oval/Medial
AACGGGATCGTCAAAC-1-1,1.3084902,3.2339485,Lateral
AACGTCATCTTACCGC-1,1.0619369,1.0952524,Lateral
AACTTCTTCGCTATTT-1,5.0572534,8.151327,Oval/Medial
AACTTCTTCTGCGATA-1,4.736576,5.949173,Oval/Medial
AAGAACAAGCGTCAGA-1,4.1725006,9.917285,Oval/Medial
AAGACAATCGATCCAA-1-1,5.2864842,9.931939,Oval/Medial
AAGACAATCGCTCTAC-1,-4.1285467,5.4984493,Marginal
AAGACTCGTGTATTGC-1,-0.4154796,8.3492365,Oval/Medial
AAGACTCTCAGCAATC-1,2.8001451,12.561611,Oval/Medial
AAGATAGAGCCGCACT-1,7.542763,8.344617,Oval/Medial
AAGATAGCAAAGACTA-1,6.8746376,8.346925,Oval/Medial
AAGATAGCACTCTAGA-1,5.935373,8.188181,Oval/Medial
AAGCATCGTGACACAG-1,-2.2114718,1.1470163,Hbx
AAGCATCTCGTCTCAC-1,-1.8850461,0.23374256,Hbx
AAGCCATAGCGACTGA-1,4.9804797,10.407929,Oval/Medial
AAGCGAGAGCGTGTCC-1,-2.3710866,1.1590972,Hbx
AAGCGAGAGTGGTCAG-1-1,1.5368726,2.7113714,Lateral
AAGCGTTAGATGGGCT-1,5.526063,6.6852474,Oval/Medial
AAGCGTTAGTGCCTCG-1,4.8096104,7.2399206,Oval/Medial
AAGCGTTGTAACGCGA-1,-1.9370489,5.6594725,Marginal
AAGCGTTGTGTGTTTG-1,1.391674,7.471933,Oval/Medial
AAGGAATCAAGATGGC-1-1,4.872066,10.649492,Oval/Medial
AAGGTAATCGATACGT-1,3.7579246,9.296484,Oval/Medial
AAGTCGTAGAAGCCAC-1,-2.6582994,5.9916453,Marginal
AAGTCGTCAGCGTATT-1,0.4665645,4.81854,Oval/Medial
AAGTTCGTCTCCAATT-1,-2.5477335,7.5429473,Marginal
AATAGAGCACCAGCTG-1,4.0429873,4.53756,Oval/Medial
AATCGACAGCGAGAAA-1,5.071622,7.611082,Oval/Medial
AATCGTGTCGCCCAGA-1,6.812638,9.040201,Oval/Medial
AATGAAGAGTCCGCCA-1,0.57936466,2.4727747,Lateral
AATGACCCAATGTCAC-1,3.9609601,7.2648087,Oval/Medial
AATGACCGTAGACAGC-1,5.596243,11.305168,Oval/Medial
AATGACCGTCCTTGTC-1,5.8906727,8.380602,Oval/Medial
AATGCCACAAGTGCTT-1,5.457628,7.9281898,Oval/Medial
AATGCCACAGTCGCAC-1,3.4646587,6.820093,Oval/Medial
AATGGAAGTATAGGGC-1,5.4037943,7.912524,Oval/Medial
AATGGCTGTAGCTTAC-1,-1.7628785,3.3830576,Hbx
AATTCCTCACTATCGA-1,5.19169,9.981794,Oval/Medial
AATTCCTGTCCAGTTA-1,2.9806798,6.261749,Oval/Medial
AATTCCTTCGAGAAAT-1,-0.9419743,6.9481134,Oval/Medial
AATTTCCGTGAGATCG-1,4.078061,7.2145467,Oval/Medial
ACAAAGAAGTGTTGTC-1,3.9927666,9.937261,Oval/Medial
ACAACCACAGCTTCCT-1,2.7571762,10.579729,Oval/Medial
ACAACCAGTCATAACC-1,6.0122757,6.6438446,Oval/Medial
ACAAGCTCAGCCGTTG-1,1.4022958,8.151267,Oval/Medial
ACACAGTCACCCTGAG-1,3.9873443,7.576272,Oval/Medial
ACACAGTCATACAGGG-1,3.5645769,4.544503,Oval/Medial
ACACAGTGTTACTCAG-1,-3.0722156,7.6778817,Marginal
ACACCAAAGGTTGACG-1,-1.3450865,1.2535044,Hbx
ACACCAAGTGGTAACG-1,4.0737367,6.3339963,Oval/Medial
ACACGCGTCCACATAG-1,5.3553925,4.1658797,Oval/Medial
ACACTGAGTGGACTGA-1,4.573041,10.640549,Oval/Medial
ACACTGATCAAATGCC-1,7.761969,7.1471133,Oval/Medial
ACAGAAAGTATACCCA-1,5.141864,8.841676,Oval/Medial
ACAGAAAGTGGAAATT-1,4.880808,7.423087,Oval/Medial
ACAGAAATCCGTGGCA-1,5.2089787,5.2812567,Oval/Medial
ACAGAAATCTAGGAAA-1,3.1928372,11.10207,Oval/Medial
ACAGCCGGTCTTGTCC-1,5.6296864,8.420541,Oval/Medial
ACAGGGAAGCGAGGAG-1,-3.0973241,7.651402,Marginal
ACAGGGAGTCCCACGA-1,3.7355304,9.320189,Oval/Medial
ACAGGGATCAAGCCTA-1,4.3379703,4.178247,Oval/Medial
ACATCCCAGGCTCAAG-1,4.9708524,4.7773185,Oval/Medial
ACATGCATCTCTCGCA-1,4.4230547,10.790121,Oval/Medial
ACATTTCAGTCGAAGC-1,3.9094193,7.681859,Oval/Medial
ACATTTCCACCGTGAC-1,4.6918864,11.195279,Oval/Medial
ACCAAACGTGCCGGTT-1,3.1900973,11.064711,Oval/Medial
ACCAACAAGTTGAAGT-1,0.26618323,6.6601486,Oval/Medial
ACCAACAGTGAGACCA-1,-0.9701519,7.471054,Oval/Medial
ACCACAAAGGGCGAAG-1,4.761181,10.168473,Oval/Medial
ACCACAAGTCTTCATT-1,5.539678,2.9794633,Oval/Medial
ACCACAATCCGATTAG-1,3.9351065,4.3503947,Oval/Medial
ACCATTTAGAGGGCGA-1,4.2333207,10.313783,Oval/Medial
ACCATTTGTATAGGGC-1,5.132237,7.1752434,Oval/Medial
ACCATTTTCATAAGGA-1,3.2717602,11.131275,Oval/Medial
ACCCAAAGTCACCGCA-1,0.061821956,2.7524073,Lateral
ACCCAAATCCTAGCTC-1,5.493733,9.891342,Oval/Medial
ACCCTCAAGAGTACCG-1,3.6608014,6.931155,Oval/Medial
ACCCTTGAGGTCCGAA-1,4.095462,7.557961,Oval/Medial
ACCCTTGGTGACATCT-1,0.108148426,8.854675,Oval/Medial
ACCCTTGTCTTTACAC-1,1.2935821,2.5538378,Lateral
ACCGTTCGTATGATCC-1,-0.2722777,7.1111946,Oval/Medial
ACCTACCCAGCAGTTT-1,1.7391388,4.137006,Lateral
ACCTGAAAGTTGTCGT-1,5.445113,7.9713182,Oval/Medial
ACCTGAACAGATTAAG-1,5.502803,8.964108,Oval/Medial
ACCTGAAGTGAGTTTC-1,2.6423688,10.920924,Oval/Medial
ACCTGTCAGGCTCACC-1,5.030042,4.20833,Oval/Medial
ACCTGTCGTCCATCTC-1,1.0943756,8.395587,Oval/Medial
ACCTGTCTCATTTCGT-1,0.38779157,2.752013,Lateral
ACGATCAAGGTATAGT-1,6.394895,8.26941,Oval/Medial
ACGATCAGTCAAGGCA-1,-2.344673,2.3798695,Hbx
ACGATCAGTCTGTCAA-1,3.51042,6.4296713,Oval/Medial
ACGATCATCACCGGTG-1,5.156215,7.367448,Oval/Medial
ACGATGTAGCCTATCA-1,3.8423183,12.379422,Oval/Medial
ACGATGTCACCAACAT-1,4.368087,9.602532,Oval/Medial
ACGCACGAGCATGGGT-1,-3.0871577,6.1080246,Marginal
ACGCACGGTCACTAGT-1,4.3747916,8.444849,Oval/Medial
ACGGAAGGTACAACGG-1,4.613761,7.870362,Oval/Medial
ACGGGTCGTCTTCAAG-1,3.2788594,10.356102,Oval/Medial
ACGGTTACACTGGCGT-1,5.7804737,9.580143,Oval/Medial
ACGGTTAGTTCCTACC-1,-2.3020613,2.0831492,Hbx
ACGTAACCAGGAACCA-1,6.277287,7.547514,Oval/Medial
ACGTAACTCTGGGATT-1,1.8508211,2.7250032,Lateral
ACGTACATCAAAGACA-1,5.7805142,3.5276432,Oval/Medial
ACGTACATCCGATAGT-1,-2.0884738,0.17554492,Hbx
ACGTACATCCTCAGAA-1,4.4676275,10.573018,Oval/Medial
ACGTAGTCACTATCGA-1,5.801491,2.5614507,Oval/Medial
ACGTCCTGTGAGGAAA-1,-0.5983032,7.039509,Oval/Medial
ACGTTCCGTGGCTAGA-1,4.7155643,11.21445,Oval/Medial
ACGTTCCTCCGTACGG-1,4.9933014,11.568321,Oval/Medial
ACGTTCCTCTACTTCA-1,0.6062145,1.0993167,Lateral
ACGTTCCTCTGAATCG-1,-1.1250336,6.421266,Oval/Medial
ACTACGACAGGCTCTG-1,4.550447,9.8389015,Oval/Medial
ACTATCTGTCTACGAT-1,4.4848347,6.163214,Oval/Medial
ACTATCTTCAAATGCC-1,3.9533427,6.174832,Oval/Medial
ACTATGGTCGGACCAC-1,0.41505828,7.0127177,Oval/Medial
ACTATTCGTTCAAGTC-1,-0.37209913,7.870283,Oval/Medial
ACTATTCTCTACTATC-1,4.67842,6.4207206,Oval/Medial
ACTCCCATCTGCGGGT-1,1.2742817,3.0686646,Lateral
ACTGCAACAGCGCGTT-1,2.9553676,6.850219,Oval/Medial
ACTGCAATCGTGGACC-1,6.858272,6.8594418,Oval/Medial
ACTGTGATCGATCCCT-1,5.375166,2.7487974,Oval/Medial
ACTTAGGAGTCTTCCC-1,3.5279424,8.945294,Oval/Medial
ACTTAGGGTACGTGTT-1,5.8475356,7.5507903,Oval/Medial
ACTTAGGGTATCGGTT-1,3.2671463,9.686455,Oval/Medial
ACTTAGGGTCACAGAG-1,5.702768,7.973128,Oval/Medial
ACTTATCCAGCACCCA-1,5.359104,12.507611,Oval/Medial
ACTTATCCATGGGATG-1,3.3037548,10.242401,Oval/Medial
ACTTATCGTTAAGCAA-1,5.9687643,2.1899946,Oval/Medial
ACTTCCGAGAGTTGAT-1,-0.00631765,4.9084544,Oval/Medial
ACTTCCGCATGTTCAG-1,1.2371262,6.8468943,Oval/Medial
ACTTCCGCATTGCTTT-1,3.947528,6.1011376,Oval/Medial
ACTTCGCCATCTGGGC-1,5.118048,11.131569,Oval/Medial
ACTTCGCTCTACAGGT-1,6.4354525,6.459379,Oval/Medial
ACTTCGCTCTAGCAAC-1,6.755606,2.1184416,Oval/Medial
ACTTTCACAATGCAAA-1,5.899686,8.034991,Oval/Medial
ACTTTCACAGAGCCCT-1,5.317005,2.7460756,Oval/Medial
ACTTTGTCAATTGTGC-1,-2.3460333,0.946913,Hbx
ACTTTGTGTACTTGTG-1,4.6969905,9.827701,Oval/Medial
ACTTTGTTCTTGATTC-1,1.1355218,3.580817,Lateral
AGAAATGAGCGATGGT-1,4.5778675,6.195569,Oval/Medial
AGAAATGTCAGTGGGA-1,1.6872257,3.0970047,Lateral
AGAACAAGTCCAACGC-1,6.176898,6.085101,Oval/Medial
AGAACCTCATCATCTT-1,4.776075,9.466483,Oval/Medial
AGAAGTATCAGCCTCT-1,5.8977227,6.487855,Oval/Medial
AGACAAAGTATCGTAC-1,1.7922846,4.123329,Lateral
AGACACTGTTTACGAC-1,-0.5076114,8.271504,Oval/Medial
AGACACTTCGAGATGG-1,3.5974243,7.0714383,Oval/Medial
AGACCATCAACGATCT-1,3.46515,10.662784,Oval/Medial
AGACCATGTAAGAACT-1,-2.9293358,7.114954,Marginal
AGACTCAGTTGTAGCT-1,-0.30032662,6.4871006,Oval/Medial
AGAGAGCGTCAAAGCG-1,3.3648052,10.588565,Oval/Medial
AGAGAGCTCGAGTCCG-1,4.1407695,10.541627,Oval/Medial
AGAGCAGCACCCAAGC-1,5.3530836,3.0601554,Oval/Medial
AGAGCAGCAGTAGAAT-1,3.7885258,11.404188,Oval/Medial
AGAGCAGTCGGCTCTT-1,0.653639,8.41652,Oval/Medial
AGAGCCCAGGACTATA-1,6.869865,8.445507,Oval/Medial
AGAGCCCCAATGAGCG-1,3.9633737,7.3726916,Oval/Medial
AGAGCCCCACAATGTC-1,4.386542,10.4926195,Oval/Medial
AGATCCAGTCAGGAGT-1,4.412187,4.8589587,Oval/Medial
AGATCGTAGACGCCAA-1,-2.3345892,2.8750858,Hbx
AGATCGTTCTACACTT-1,4.8077545,10.293448,Oval/Medial
AGATGAACAATAGAGT-1,4.1574454,9.42026,Oval/Medial
AGATGAACATCCGGTG-1-1,4.0194297,8.52042,Oval/Medial
AGATGAACATGGCCAC-1,-1.6015177,2.1856828,Hbx
AGATGCTTCCAAGCCG-1,4.103501,6.482535,Oval/Medial
AGCATCACAAATGGTA-1,5.3985786,8.28658,Oval/Medial
AGCATCAGTGCAAGAC-1,5.0561175,6.842275,Oval/Medial
AGCCAATCACTCCCTA-1,3.7417438,7.221022,Oval/Medial
AGCCAATGTCTTTCTA-1-1,0.028809777,4.1088476,Oval/Medial
AGCCACGGTCACAGAG-1,4.955689,9.377972,Oval/Medial
AGCCACGGTTAGGACG-1,1.4181182,5.2014446,Oval/Medial
AGCCACGTCTGACGCG-1,1.8872424,2.270691,Lateral
AGCCAGCAGGCGTTAG-1,3.6522253,10.476486,Oval/Medial
AGCGATTTCGCTTAAG-1,2.9455764,10.519176,Oval/Medial
AGCGATTTCTACTGAG-1,4.455527,9.978097,Oval/Medial
AGCGCCAAGCCGTCGT-1,4.4814515,9.666793,Oval/Medial
AGCGCCAAGGGCGAGA-1,3.0822122,11.360276,Oval/Medial
AGCGCCAAGTCAGCGA-1,5.0146737,7.5221033,Oval/Medial
AGCGCCACACCCGTAG-1,3.7601042,10.491663,Oval/Medial
AGCGCCAGTCCAAAGG-1,3.8662906,10.044386,Oval/Medial
AGCGCCAGTTAAGGGC-1,6.4174514,5.194795,Oval/Medial
AGCGCCAGTTCCAGGC-1,-1.88243,1.8000156,Hbx
AGCGCCAGTTGGTGTT-1,5.2775316,4.4437027,Oval/Medial
AGCGCTGCAGGTGACA-1,3.6604815,7.213674,Oval/Medial
AGCGCTGGTTCTCCTG-1,5.166374,9.189317,Oval/Medial
AGCGCTGTCGGTAGGA-1,3.6214185,10.613552,Oval/Medial
AGCGTCGGTTCGGCCA-1,4.9003425,8.2192545,Oval/Medial
AGCTACAAGATCCAAA-1,5.080005,7.9765625,Oval/Medial
AGCTACACAGAGAGGG-1,4.556595,7.6879168,Oval/Medial
AGCTACATCAGCTAGT-1,-2.7982237,7.665131,Marginal
AGCTCAACAACGTATC-1,5.954488,6.46909,Oval/Medial
AGCTCAAGTGATTGGG-1,-2.33138,6.7890267,Marginal
AGCTCAATCCTTATGT-1,2.5839474,10.867018,Oval/Medial
AGCTTCCAGCTCGGCT-1,3.7752998,7.355071,Oval/Medial
AGCTTCCAGGCAGGTT-1,5.5456743,6.998582,Oval/Medial
AGGAAATAGACTTCCA-1,-1.9920108,1.086796,Hbx
AGGAAATAGATTGGGC-1,-0.3073243,7.2511606,Oval/Medial
AGGAATACATCTCGTC-1,3.5478845,11.050301,Oval/Medial
AGGAATATCTTCGGTC-1,5.286529,3.3722215,Oval/Medial
AGGACGACACCGGTCA-1-1,4.372984,10.820822,Oval/Medial
AGGACGATCGGACTGC-1,2.7056572,6.49394,Oval/Medial
AGGACTTCAACGCCCA-1,5.458444,8.875136,Oval/Medial
AGGACTTCAAGTATCC-1,5.669507,5.261451,Oval/Medial
AGGACTTCACATCATG-1,-2.8048882,6.0228724,Marginal
AGGACTTGTCACATTG-1,2.254627,3.50467,Lateral
AGGAGGTTCGGTCACG-1,5.30289,8.070074,Oval/Medial
AGGAGGTTCTAGTTCT-1,5.423669,8.192509,Oval/Medial
AGGATAACAACAGCCC-1,-2.1550179,1.6306784,Hbx
AGGATAAGTCCGCAGT-1,-2.341736,-0.23865376,Hbx
AGGATAATCTGCGGGT-1,-3.3040333,7.013765,Marginal
AGGATCTAGGACATCG-1,0.9357313,2.9788418,Lateral
AGGCATTGTAGCGTTT-1,1.1910498,1.4263058,Lateral
AGGCCACAGAGGCCAT-1,7.4378195,8.165253,Oval/Medial
AGGCCACCAATGCTCA-1,6.0931506,6.3676505,Oval/Medial
AGGCCACGTGTATCCA-1,5.0972342,2.8441749,Oval/Medial
AGGCCACTCCCAGGAC-1,2.1994786,8.433455,Oval/Medial
AGGCTGCGTCCCGCAA-1,4.124474,8.557362,Oval/Medial
AGGGAGTAGGCCTAGA-1,3.82859,6.2780538,Oval/Medial
AGGGAGTCATCATCCC-1,4.107724,8.788232,Oval/Medial
AGGGCCTTCATCGACA-1,5.096219,10.563937,Oval/Medial
AGGGCCTTCTGTTGGA-1,5.6603956,2.8914552,Oval/Medial
AGGGCTCCATATCTCT-1,4.7681055,9.851186,Oval/Medial
AGGGCTCTCCCGTGAG-1,4.827915,4.3217616,Oval/Medial
AGGGTCCGTAGGCAGT-1,4.580459,9.864628,Oval/Medial
AGGGTGACAAAGAACT-1,6.888657,8.286822,Oval/Medial
AGGGTGACACCTGCGA-1,5.5029454,10.293724,Oval/Medial
AGGGTTTAGCCTTTGA-1,4.219669,7.701915,Oval/Medial
AGGTAGGAGCTCGGCT-1,-1.8240478,3.1209183,Hbx
AGGTAGGAGTATAACG-1,4.916089,8.3502,Oval/Medial
AGGTAGGCACTGCTTC-1,4.0256248,7.328435,Oval/Medial
AGGTCATCAAGTTGGG-1,3.5023067,11.156229,Oval/Medial
AGGTCTACAATGTGGG-1-1,0.3369716,8.769757,Oval/Medial
AGGTGTTTCTCCCTAG-1,2.5693145,10.119727,Oval/Medial
AGGTTACGTTGTGCCG-1,4.8548985,11.327247,Oval/Medial
AGGTTGTAGAACTGAT-1,4.786118,3.2293186,Oval/Medial
AGTAACCAGGTGAGAA-1,4.516191,6.714586,Oval/Medial
AGTAACCGTTTCGCTC-1,3.6788614,11.034413,Oval/Medial
AGTAACCTCTACTATC-1,-2.5371053,6.0789475,Marginal
AGTACCAAGGGTCAAC-1,5.718817,11.283055,Oval/Medial
AGTACTGAGAAGAACG-1-1,4.1081605,6.963817,Oval/Medial
AGTAGCTAGCATCGAG-1,4.738132,8.339614,Oval/Medial
AGTAGCTGTACCCAGC-1,4.017145,7.3653665,Oval/Medial
AGTAGCTTCCGATCTC-1,3.0354233,11.149305,Oval/Medial
AGTAGCTTCGAGTGAG-1,-1.8114717,4.233321,Hbx
AGTAGTCCAACAAGAT-1,5.59716,10.405622,Oval/Medial
AGTAGTCGTTTCCAAG-1,5.3390684,9.429797,Oval/Medial
AGTAGTCTCCGAGGCT-1,5.57656,11.7366705,Oval/Medial
AGTCACAAGCCGAATG-1,3.7446659,9.617089,Oval/Medial
AGTCTCCAGGGCCTCT-1,1.8045572,3.2967927,Lateral
AGTCTCCCACAGCTGC-1,5.244637,4.393477,Oval/Medial
AGTGACTCACTCAGAT-1,1.6828054,3.324376,Lateral
AGTGACTGTAGAGGAA-1,0.08220705,7.5891347,Oval/Medial
AGTGACTGTGCTCGTG-1,-2.2984266,0.9599177,Hbx
AGTGACTTCGGAATGG-1,3.299895,11.449036,Oval/Medial
AGTGATCCACGAAGAC-1,4.1012106,9.471058,Oval/Medial
AGTGATCCAGAACATA-1,3.2023954,6.7356777,Oval/Medial
AGTGATCCAGGCGAAT-1,-3.6889799,8.207242,Marginal
AGTGCCGAGTTATGGA-1,1.9406432,2.8955798,Lateral
AGTGCCGCACGTTCGG-1,4.12173,7.527547,Oval/Medial
AGTGCCGGTCGAACGA-1,5.9028707,8.343856,Oval/Medial
AGTGTTGAGGTAGTAT-1,-2.1796997,2.2002795,Hbx
AGTGTTGCAGTCACGC-1-1,5.899132,8.31322,Oval/Medial
AGTGTTGTCAAATGCC-1,-0.24348186,5.412062,Oval/Medial
AGTTAGCCACCTCTAC-1,-3.456734,7.0540624,Marginal
AGTTAGCGTGTAAACA-1,-0.00055472826,5.8964853,Oval/Medial
AGTTAGCGTTACGCCG-1,4.911907,11.458094,Oval/Medial
AGTTAGCTCACCTCTG-1,1.9797549,6.6827555,Oval/Medial
AGTTAGCTCTCAACGA-1,5.2146606,6.8357472,Oval/Medial
AGTTCCCGTAGTAAGT-1,0.2850317,9.402634,Oval/Medial
AGTTCGACAAACTCGT-1,3.3644373,11.339247,Oval/Medial
AGTTCGAGTGCCTTCT-1,6.713339,8.211652,Oval/Medial
ATACCTTAGGACCCAA-1,3.1807754,11.648749,Oval/Medial
ATACCTTGTCAGATTC-1,-0.06352625,6.153151,Oval/Medial
ATACTTCAGCTGACAG-1,5.4029055,6.764919,Oval/Medial
ATAGACCGTGATGGCA-1,1.5789276,2.748971,Lateral
ATAGACCTCTATACGG-1,-1.709312,7.507198,Marginal
ATAGGCTAGGTAACTA-1,1.0834429,5.9583097,Oval/Medial
ATAGGCTCATCATCTT-1,4.237305,6.039527,Oval/Medial
ATAGGCTTCACCTGTC-1,4.947199,6.262723,Oval/Medial
ATAGGCTTCTATTCGT-1-1,3.9016016,6.9676833,Oval/Medial
ATCACAGAGCTAAGTA-1,0.6235768,8.052277,Oval/Medial
ATCACAGAGTTGTCAC-1,4.814546,11.165596,Oval/Medial
ATCACAGTCATACGGT-1,3.544716,10.307133,Oval/Medial
ATCACAGTCTACGGGC-1,4.572945,10.541104,Oval/Medial
ATCACTTCAGGAATCG-1,-1.1125152,0.89495105,Hbx
ATCACTTTCCCGAAAT-1,2.8702805,3.1404467,Lateral
ATCAGGTAGGATAATC-1,3.6036294,11.807003,Oval/Medial
ATCAGGTAGTTGCCTA-1,-2.9501426,7.0456696,Marginal
ATCCACCCACAATGTC-1,2.6089494,9.30134,Oval/Medial
ATCCACCGTGTGAATA-1,4.620559,10.013085,Oval/Medial
ATCCACCGTTGTGGCC-1,5.9115505,9.388349,Oval/Medial
ATCCATTCACTACCGG-1,5.6055837,7.857751,Oval/Medial
ATCCATTCATCCGTTC-1,4.9132314,11.425503,Oval/Medial
ATCCCTGCACGGCGTT-1,-1.8103472,6.5850983,Marginal
ATCCCTGCACGTCATA-1,3.4132147,6.6678185,Oval/Medial
ATCCCTGCAGTCAGTT-1,2.7068622,10.707034,Oval/Medial
ATCCCTGGTGTACGCC-1,6.1084676,8.53347,Oval/Medial
ATCCCTGTCTGGGCCA-1,4.938594,7.4202833,Oval/Medial
ATCCGTCAGCCGTTGC-1,4.6624413,7.2223306,Oval/Medial
ATCCGTCCAGCCGGTT-1,3.9635339,7.472639,Oval/Medial
ATCCGTCGTCCTCATC-1,2.8038573,9.663592,Oval/Medial
ATCCGTCGTTCAAGTC-1,4.8537083,8.567852,Oval/Medial
ATCCGTCTCAAGTCTG-1,5.1907773,8.28905,Oval/Medial
ATCCGTCTCTGGAAGG-1,4.5273385,7.7381716,Oval/Medial
ATCCTATTCGACCACG-1,-2.0678756,1.9409207,Hbx
ATCGATGAGTTGAATG-1,3.6848383,7.9131837,Oval/Medial
ATCGATGCAACTCCCT-1,4.680908,6.0604854,Oval/Medial
ATCGCCTAGGAGACCT-1,3.7803767,6.785508,Oval/Medial
ATCGCCTGTTGCTCAA-1,5.560657,3.3316948,Oval/Medial
ATCGCCTTCGCTTACC-1,5.1473217,7.876911,Oval/Medial
ATCGGATAGAGTCGAC-1,0.74233305,2.8783872,Lateral
ATCGGATTCCAGTGTA-1,-2.5888731,6.1944423,Marginal
ATCGGCGCAAGATGTA-1,5.691417,10.41056,Oval/Medial
ATCGGCGGTAGAGCTG-1,5.652125,6.0651603,Oval/Medial
ATCGTAGCACTGTTCC-1,0.9835054,6.2892694,Oval/Medial
ATCGTAGCATGTCGTA-1,3.5499215,11.401429,Oval/Medial
ATCGTCCCATTGTAGC-1,6.703843,8.473231,Oval/Medial
ATCGTGAAGCGTGAAC-1,7.3696613,8.074924,Oval/Medial
ATCGTGAAGGTGCTGA-1,-3.2414174,6.3257704,Marginal
ATCGTGACAACCGACC-1,4.1861467,7.584273,Oval/Medial
ATCGTGACAATGCAGG-1,-1.5824587,8.01354,Marginal
ATCGTGACATCTATCT-1,6.1166596,8.027496,Oval/Medial
ATCTCTAAGATGAACT-1,4.9321413,10.522738,Oval/Medial
ATCTTCAAGACGTCGA-1,5.4147525,11.23502,Oval/Medial
ATCTTCAAGGTACAAT-1,4.0814137,6.9699545,Oval/Medial
ATGAAAGCAATTGAAG-1,0.93463194,2.3844142,Lateral
ATGACCAAGGCTGTAG-1,4.91254,10.873273,Oval/Medial
ATGACCACAGCAGTCC-1,5.119022,11.745218,Oval/Medial
ATGACCATCATCGCCT-1,5.8942757,6.637609,Oval/Medial
ATGAGTCTCCGCTTAC-1,0.5312997,6.4555464,Oval/Medial
ATGATCGCATTACTCT-1,1.7199181,2.626123,Lateral
ATGATCGGTTTCCCAC-1-1,4.1635137,6.1323924,Oval/Medial
ATGATCGTCGAGTGAG-1,4.356663,6.7046347,Oval/Medial
ATGCATGAGATTAGCA-1,4.5138707,7.291512,Oval/Medial
ATGCATGGTCGACGCT-1,4.915258,8.447402,Oval/Medial
ATGCATGGTGATACCT-1-1,4.293098,7.644469,Oval/Medial
ATGCCTCCATCCTTGC-1,6.0873814,8.206946,Oval/Medial
ATGCCTCGTAAGATTG-1,4.2405257,7.915326,Oval/Medial
ATGCGATCAGCTATAC-1,-2.1052957,5.3903556,Hbx
ATGGAGGGTCATATGC-1,-3.1209245,5.965517,Marginal
ATGGAGGGTGACCGTC-1,3.4051929,10.154359,Oval/Medial
ATGGATCTCCTACAAG-1,4.4373913,4.9531074,Oval/Medial
ATGGATCTCTAGGCCG-1,3.813314,6.951347,Oval/Medial
ATGGGTTCACCTGTCT-1,2.8756692,10.670428,Oval/Medial
ATGGTTGCAATGTCTG-1,2.4822462,11.509045,Oval/Medial
ATGTCCCAGGTCCTGC-1,5.0575457,10.65315,Oval/Medial
ATGTCCCCAATCGAAA-1,5.507558,3.426445,Oval/Medial
ATGTCTTCATTGCCTC-1,3.663743,9.080265,Oval/Medial
ATGTCTTTCAGTCAGT-1,-3.4945955,7.9248104,Marginal
ATTACCTCAAGCGCAA-1,0.54837996,7.802918,Oval/Medial
ATTACCTTCAGTCACA-1,4.4733667,9.164409,Oval/Medial
ATTACTCGTCCTATAG-1,5.6040554,4.5294795,Oval/Medial
ATTACTCTCATGGCCG-1,4.172971,10.860893,Oval/Medial
ATTACTCTCTGTTGGA-1,5.0455127,6.6819673,Oval/Medial
ATTATCCAGAATTGTG-1,0.0852755,4.167982,Oval/Medial
ATTATCCCAGGAAGTC-1,5.5584054,11.639464,Oval/Medial
ATTATCCGTAACACGG-1,5.0587344,8.804819,Oval/Medial
ATTCACTCAAGGGCAT-1,6.107271,8.356201,Oval/Medial
ATTCAGGGTCGCCACA-1,-3.9680142,7.7535434,Marginal
ATTCAGGGTCTGCCTT-1,5.570147,7.3347187,Oval/Medial
ATTCAGGGTGGAGAAA-1,5.4371386,11.750011,Oval/Medial
ATTCAGGTCACGGGAA-1,4.3930635,10.090075,Oval/Medial
ATTCATCGTACTCCGG-1,5.9094763,7.227203,Oval/Medial
ATTCCATAGAACCGCA-1,1.3605655,3.22166,Lateral
ATTCCATCAGACCAGA-1,2.5715768,10.431363,Oval/Medial
ATTCCATTCGTGGCGT-1,3.7284253,6.7149963,Oval/Medial
ATTCCCGCATTACTCT-1,-3.0217443,7.020523,Marginal
ATTCCCGTCACATACG-1,2.937003,10.07985,Oval/Medial
ATTCCTATCTCGACGG-1,6.303858,2.4024322,Oval/Medial
ATTCGTTCACAATCTG-1,4.725378,7.6737013,Oval/Medial
ATTCGTTCAGCAGACA-1,4.934622,10.65665,Oval/Medial
ATTCGTTCATGGCCCA-1,3.9596643,5.8607845,Oval/Medial
ATTCGTTGTACACGTT-1,0.42978534,1.4450984,Lateral
ATTCGTTGTACCGTGC-1,5.5818963,4.042329,Oval/Medial
ATTCGTTGTCTTGCTC-1,5.8437095,8.189434,Oval/Medial
ATTCGTTTCGAAGCCC-1,3.040099,8.948998,Oval/Medial
ATTCTACGTGGTAATA-1,4.617692,11.408769,Oval/Medial
ATTGGGTAGCATTTGC-1,5.1369195,3.4700923,Oval/Medial
ATTGGGTAGTTGTACC-1,3.3413653,9.009134,Oval/Medial
ATTGGGTCATCGGTTA-1,4.1201367,7.2543683,Oval/Medial
ATTGGGTTCGAGCTGC-1,3.784343,6.838351,Oval/Medial
ATTGTTCAGGAAGTCC-1,6.085866,6.760982,Oval/Medial
ATTGTTCGTCTCGCGA-1,5.2251277,3.1717083,Oval/Medial
ATTTACCAGCTAGAGC-1,4.0682926,9.243755,Oval/Medial
ATTTACCAGTTTCTTC-1,6.4805074,8.076484,Oval/Medial
ATTTCACAGAATCGTA-1,7.0682774,8.446479,Oval/Medial
ATTTCACCACCTGCTT-1,2.3607495,10.135904,Oval/Medial
ATTTCACCAGCTAACT-1,3.3709013,12.593806,Oval/Medial
ATTTCACTCTACTGCC-1,-2.194859,0.69232845,Hbx
ATTTCTGAGCCAAGCA-1,4.299095,10.331496,Oval/Medial
CAAAGAACATTCCTAT-1,6.084174,2.4263453,Oval/Medial
CAAAGAATCACTTGGA-1,6.8489676,8.285816,Oval/Medial
CAACAACCAAGCTCTA-1,5.2119,6.27129,Oval/Medial
CAACAACCATGCCGAC-1-1,5.1777735,7.3568015,Oval/Medial
CAACAACGTGAACGGT-1,5.1266418,8.090145,Oval/Medial
CAACAACGTTGCATAC-1,-1.6419677,2.1095424,Hbx
CAACAACTCTTACACT-1,3.5945024,11.503772,Oval/Medial
CAACAGTAGCGACATG-1,2.8471775,9.799798,Oval/Medial
CAACAGTCAAACTCGT-1,3.129224,9.5249405,Oval/Medial
CAACAGTCAGGACATG-1,4.3058505,10.598365,Oval/Medial
CAACAGTGTGGCAGAT-1,5.1932507,11.175809,Oval/Medial
CAACCAAGTGAGCCAA-1,4.9308453,10.37234,Oval/Medial
CAACCTCCACAAGTTC-1,2.8556147,10.522191,Oval/Medial
CAACCTCCAGACTCTA-1,3.7172709,6.8092217,Oval/Medial
CAACCTCGTCATCGCG-1,5.229939,8.818993,Oval/Medial
CAACCTCGTGCGAACA-1,6.290476,1.8430713,Oval/Medial
CAACCTCTCATTTGTC-1,4.5359793,10.254236,Oval/Medial
CAACGATAGGGTTGCA-1,-0.47424272,0.7788359,Lateral
CAACGATCACGTGTGC-1,4.6282716,7.156312,Oval/Medial
CAACGATTCACTGAAC-1,-0.03883741,6.74583,Oval/Medial
CAACGGCAGGCTTAGG-1,0.10845757,8.209161,Oval/Medial
CAACGGCAGTAAACAC-1,4.1567087,6.8952823,Oval/Medial
CAACGGCCAGCTTCCT-1,6.585955,12.545678,Oval/Medial
CAACGGCCATGTACGT-1,-1.0367476,-0.30124068,Hbx
CAACGGCGTAGCCAGA-1-1,5.156038,2.6667476,Oval/Medial
CAACGGCGTCTCCTGT-1,-1.702243,2.3448498,Hbx
CAACGGCTCGTCTAAG-1,4.804167,4.8473873,Oval/Medial
CAAGACTCAAGGCAAC-1,5.9310565,7.854891,Oval/Medial
CAAGACTCACAAGTGG-1,5.4719253,6.4886208,Oval/Medial
CAAGACTCACGCGCTA-1,-3.1257458,6.6211014,Marginal
CAAGACTGTGTATTGC-1,4.9459786,10.881984,Oval/Medial
CAAGAGGAGCGTGTCC-1,5.2530518,9.58054,Oval/Medial
CAAGAGGCACTCTAGA-1,-0.077304676,4.417291,Oval/Medial
CAAGAGGGTGATAGAT-1,5.6438503,7.9120183,Oval/Medial
CAAGCTACAAACCGGA-1,3.285853,4.9156094,Oval/Medial
CAAGGGATCAAGCCCG-1,5.39272,2.8392453,Oval/Medial
CAAGGGATCGGTGAAG-1,4.9752345,7.6724377,Oval/Medial
CAATACGAGAGTTCGG-1,4.527049,10.366717,Oval/Medial
CAATACGCAAAGACTA-1,3.691366,11.179296,Oval/Medial
CAATACGGTCATCACA-1,2.3154874,3.6301172,Lateral
CAATACGTCACCTGGG-1,5.233471,3.3523138,Oval/Medial
CAATCGACAACTGGTT-1,4.2465305,7.9329343,Oval/Medial
CAATCGAGTCCTGTTC-1,5.119439,10.056214,Oval/Medial
CAATCGAGTTTGACAC-1,3.3578713,11.288102,Oval/Medial
CAATCGATCCCGATCT-1,4.3329554,7.5255575,Oval/Medial
CAATTTCCATTCGATG-1-1,5.1207705,3.1143303,Oval/Medial
CACAACAAGCACCTGC-1,4.583225,3.977818,Oval/Medial
CACAACACATACCACA-1,1.8193821,2.0451531,Lateral
CACACAAGTGACTGAG-1,5.77169,4.72832,Oval/Medial
CACACAATCAGAGCAG-1,5.388858,8.255763,Oval/Medial
CACACAATCAGTCATG-1,4.341124,10.286017,Oval/Medial
CACACAATCGCGTCGA-1,5.2658005,6.1816974,Oval/Medial
CACAGATCACTAACCA-1,-1.9544922,1.3134996,Hbx
CACAGGCAGCGTCAGA-1,5.070157,10.496179,Oval/Medial
CACAGGCAGCTTACGT-1,0.929261,2.8494503,Lateral
CACAGGCCAACCAATC-1,4.046779,7.2548923,Oval/Medial
CACATGACACTAGTAC-1,5.265711,3.4034443,Oval/Medial
CACCAAAGTACATACC-1,5.112976,6.909194,Oval/Medial
CACCAAAGTATACCTG-1,5.3399477,5.7879047,Oval/Medial
CACCGTTAGTTCCAGT-1,4.2959366,7.907495,Oval/Medial
CACCGTTGTTAGGGTG-1,4.2368026,8.006588,Oval/Medial
CACCGTTGTTGCCATA-1,4.769515,8.207325,Oval/Medial
CACCGTTTCCTACTGC-1,2.5194438,6.3787675,Oval/Medial
CACGAATAGTAAGCAT-1,4.0427823,7.56629,Oval/Medial
CACGAATAGTAATCCC-1,2.5565739,10.167134,Oval/Medial
CACGAATAGTCAAGCG-1-1,-2.5147088,5.4147577,Marginal
CACGAATAGTCACGAG-1,5.0846567,8.143178,Oval/Medial
CACGAATGTCTTGCTC-1,5.9163527,7.9410267,Oval/Medial
CACGAATGTTTCGACA-1,-1.3921485,1.7942024,Hbx
CACGGGTAGGTATAGT-1,3.6148992,7.389535,Oval/Medial
CACGGGTCATCGATCA-1,-0.5566382,6.515941,Oval/Medial
CACGGGTTCACTGGTA-1,5.265483,7.7278934,Oval/Medial
CACGTGGCATGGCACC-1,4.346032,3.32236,Oval/Medial
CACGTTCTCGACCACG-1,-2.0596418,-0.46406198,Hbx
CACTAAGGTGAATTAG-1,4.6780634,10.825465,Oval/Medial
CACTAAGGTGCTGATT-1,0.9901583,7.237195,Oval/Medial
CACTGAACAAATGGTA-1,-2.484623,1.7593492,Hbx
CACTGAATCAAGCCGC-1,3.6334631,8.962501,Oval/Medial
CACTGGGAGCAGATAT-1,3.6056254,5.1601105,Oval/Medial
CACTGGGCAACTTCTT-1-1,6.226969,7.9545527,Oval/Medial
CACTGGGGTATGCAAA-1,4.2496963,10.110362,Oval/Medial
CACTGTCCAAGTTCCA-1,6.3032975,8.164053,Oval/Medial
CACTTCGAGGAACATT-1,3.8396273,7.743409,Oval/Medial
CACTTCGAGGAATGTT-1,8.803007,7.4434633,Oval/Medial
CACTTCGCAAGCACCC-1,1.3520038,2.6686213,Lateral
CACTTCGCAGCTGGTC-1,-3.2105775,6.6521463,Marginal
CACTTCGTCTTACACT-1-1,5.3623457,3.8616698,Oval/Medial
CAGAGCCAGTTGAATG-1,1.2028335,1.2841055,Lateral
CAGAGCCCAGAGGCAT-1,3.2238634,2.7234516,Lateral
CAGAGCCTCGTGGACC-1,6.618907,12.481742,Oval/Medial
CAGATACCATTCGATG-1,4.0500913,9.809296,Oval/Medial
CAGATACGTAGGACTG-1,5.466871,8.739219,Oval/Medial
CAGATCATCATGAAAG-1,3.4826393,10.428247,Oval/Medial
CAGATTGAGGGTTGCA-1,2.7453036,6.3503537,Oval/Medial
CAGATTGCAAAGCTAA-1,0.92021954,5.8002696,Oval/Medial
CAGATTGCAGCGTGAA-1,1.51631,6.7154818,Oval/Medial
CAGATTGCATCTCGTC-1,4.3538675,7.008062,Oval/Medial
CAGATTGTCCCGTTCA-1-1,4.6311736,8.087065,Oval/Medial
CAGATTGTCTCGCAGG-1,4.4910297,9.265183,Oval/Medial
CAGCAATAGCGTGCTC-1,4.7314606,4.4358306,Oval/Medial
CAGCAATCAGAACTAA-1,3.699826,8.022314,Oval/Medial
CAGCAATGTCTAGGCC-1,-1.6133869,0.49452436,Hbx
CAGCAATTCACCTGTC-1,4.693397,6.304404,Oval/Medial
CAGCACGAGAGTGACC-1,1.7196592,6.241341,Oval/Medial
CAGCAGCCATGAAGGC-1,1.523098,6.7456717,Oval/Medial
CAGCGTGGTACGCGTC-1,4.5367675,7.9684396,Oval/Medial
CAGGCCAAGAAGTCCG-1,4.3371696,10.872202,Oval/Medial
CAGGCCAAGAGGCGTT-1,-1.9293641,2.8388174,Hbx
CAGGCCACAAACGTGG-1,5.8719788,3.933953,Oval/Medial
CAGGCCAGTCTGCAAT-1,-1.6203897,-0.51751447,Hbx
CAGGTATTCCGGCAAC-1,3.8948367,7.6906743,Oval/Medial
CAGTGCGAGAACAAGG-1,1.782744,1.8948665,Lateral
CAGTGCGCAGCAAGAC-1,5.448265,2.6394231,Oval/Medial
CAGTGCGCAGCTATTG-1,7.378654,8.339287,Oval/Medial
CAGTGCGCATTGTCGA-1,4.355132,10.826871,Oval/Medial
CAGTGCGGTGGCCACT-1,0.7376237,2.958449,Lateral
CAGTTAGCAGGTGTGA-1,4.403833,10.89258,Oval/Medial
CAGTTAGGTACAGCGA-1,0.4326795,5.049541,Oval/Medial
CAGTTCCAGGCTCAAG-1,3.2556505,10.083846,Oval/Medial
CAGTTCCCACTGTCGG-1,3.7762804,9.850584,Oval/Medial
CATACAGCACCGAATT-1,0.7828297,5.957042,Oval/Medial
CATACAGTCATGAGTC-1,4.666056,7.887123,Oval/Medial
CATACCCTCACTGGGC-1,3.2095888,6.3532286,Oval/Medial
CATACTTGTCTTTCTA-1,3.091153,11.155434,Oval/Medial
CATAGACTCAAGCTTG-1,1.9528599,6.2590485,Oval/Medial
CATAGACTCGGCCCAA-1,4.0788684,7.307742,Oval/Medial
CATCCACGTAGTGTGG-1,2.6033013,10.161704,Oval/Medial
CATCCCAGTAGATTAG-1,3.7558365,7.5212255,Oval/Medial
CATCGCTTCAAGTGGG-1,-3.2566857,5.9970574,Marginal
CATCGGGCATGCTGCG-1,-2.1493216,3.0923522,Hbx
CATCGGGGTCGAATTC-1,5.093792,10.53515,Oval/Medial
CATCGTCAGTCCCAAT-1,5.7484455,6.7690506,Oval/Medial
CATGAGTAGCGATGGT-1,1.7625743,6.1423,Oval/Medial
CATGAGTTCCTTCTTC-1,7.1683917,8.299693,Oval/Medial
CATGAGTTCTTCGCTG-1,0.12460703,4.0332613,Oval/Medial
CATGAGTTCTTGGTGA-1,4.1157517,9.238343,Oval/Medial
CATGCAATCCGTATGA-1,4.979003,11.0301,Oval/Medial
CATGCCTCAGAGTGAC-1,5.9300933,2.2631311,Oval/Medial
CATGCCTCATAACCCA-1,2.4014742,10.373878,Oval/Medial
CATGCGGAGCCTATTG-1,4.3826895,8.3984,Oval/Medial
CATGCGGAGCCTCTTC-1,3.9588044,7.0665417,Oval/Medial
CATGCGGGTCAACCTA-1,4.331001,7.029576,Oval/Medial
CATGCGGTCGCATAGT-1,4.456669,9.713522,Oval/Medial
CATGCTCAGTAACGTA-1,4.414822,9.637183,Oval/Medial
CATGCTCGTAACACCT-1,5.1501865,10.425365,Oval/Medial
CATGCTCGTTACTCAG-1,2.803587,10.000557,Oval/Medial
CATGCTCTCGAGGCAA-1,7.9961977,6.010226,Oval/Medial
CATGGTAAGTACAGAT-1,6.0287185,8.431349,Oval/Medial
CATGGTACACGCTGCA-1,1.6206126,3.0567482,Lateral
CATGGTATCTTACCAT-1-1,-2.055194,1.3389713,Hbx
CATTCATTCGACGATT-1,6.564204,2.5020027,Oval/Medial
CATTCCGCAGACCGCT-1,0.46364295,6.8212333,Oval/Medial
CATTCCGGTTTCTTAC-1,3.9240766,9.070411,Oval/Medial
CATTCTAAGACCACGA-1,0.8416317,6.1343994,Oval/Medial
CATTCTACAATCCAGT-1,3.3396688,6.053522,Oval/Medial
CATTCTATCGAGTCCG-1,3.9339228,7.5094905,Oval/Medial
CATTCTATCGGCATCG-1,4.6370983,7.512852,Oval/Medial
CATTGCCTCGATGCTA-1,3.597986,4.855993,Oval/Medial
CATTGCCTCTTTGCAT-1,1.9473294,3.4854295,Lateral
CATTGTTAGAGAGGTA-1,-0.028707754,8.450786,Oval/Medial
CATTGTTCACAGCATT-1,5.9059258,7.3225965,Oval/Medial
CCAATGACAAGAGAGA-1,6.0273314,2.8850324,Oval/Medial
CCAATGACAGAACGCA-1,4.196499,10.569725,Oval/Medial
CCAATGACATTCACCC-1,3.6417742,13.046191,Oval/Medial
CCAATGATCCGGGACT-1,4.5767775,9.7573185,Oval/Medial
CCAATTTAGGATCACG-1,5.2685847,10.236352,Oval/Medial
CCAATTTGTCTCACAA-1,6.121614,8.677273,Oval/Medial
CCAATTTGTGTTATCG-1,-2.2616992,0.40143326,Hbx
CCAATTTGTTCCACGG-1,5.2973833,3.29553,Oval/Medial
CCAATTTGTTCTAAGC-1,6.5769725,7.996037,Oval/Medial
CCACAAAGTCACGTGC-1,3.8566282,7.596451,Oval/Medial
CCACACTCATGGCCAC-1,5.332823,8.017308,Oval/Medial
CCACACTGTAACACCT-1,3.986377,6.4379015,Oval/Medial
CCACACTGTACGACAG-1-1,-2.4975357,7.2442946,Marginal
CCACACTGTATTTCCT-1,4.67326,10.635119,Oval/Medial
CCACACTTCATTGGTG-1,5.8977904,8.767223,Oval/Medial
CCACCATTCCATTTCA-1,4.5292773,4.62335,Oval/Medial
CCACGTTAGTGAGCCA-1,-0.11912426,7.3615203,Oval/Medial
CCACGTTTCACAATGC-1,6.186205,8.460087,Oval/Medial
CCACGTTTCGTTGTTT-1,4.78532,9.899762,Oval/Medial
CCACTTGTCCAATCCC-1,-2.4400532,1.2064035,Hbx
CCACTTGTCCGGCAGT-1,-2.2333777,2.033925,Hbx
CCACTTGTCGTCCTTG-1,5.8368063,7.5799255,Oval/Medial
CCACTTGTCTACGCAA-1,6.5732884,2.2891994,Oval/Medial
CCATAAGAGTCAACAA-1,4.2390046,7.8390164,Oval/Medial
CCATCACCAATTCTCT-1,2.1162875,2.5915005,Lateral
CCCAACTGTCGAGATG-1,-2.4802017,2.4960506,Hbx
CCCAACTGTGAGATAT-1,3.4762843,7.0727334,Oval/Medial
CCCAACTTCTCGTTTA-1,4.30896,8.551403,Oval/Medial
CCCATTGCAAGATTGA-1,4.6723394,10.922623,Oval/Medial
CCCGAAGAGGAGGCAG-1,0.6740548,8.465182,Oval/Medial
CCCGAAGCAACAGCTT-1,5.285956,10.7521105,Oval/Medial
CCCGAAGTCGACATCA-1,4.7888694,7.929619,Oval/Medial
CCCTAACCACCTCAGG-1-1,5.896456,8.443532,Oval/Medial
CCCTAACCACTACGGC-1-1,3.2854936,7.7511306,Oval/Medial
CCCTAACGTTCTGACA-1,3.5789318,10.09877,Oval/Medial
CCCTCAACAGACACAG-1,3.9339375,7.446306,Oval/Medial
CCCTCAATCACCATAG-1,4.351535,6.788847,Oval/Medial
CCCTCTCAGTCAGAGC-1,5.326067,7.440697,Oval/Medial
CCCTCTCCAACTCATG-1,1.1033562,1.2449753,Lateral
CCCTGATCAAGGTCGA-1,0.22041924,8.600026,Oval/Medial
CCCTTAGGTCAGCGTC-1,3.2648869,9.635104,Oval/Medial
CCCTTAGTCATGCAGT-1,2.8855808,10.2957325,Oval/Medial
CCGAACGCAGCTGTGC-1,1.9439423,3.5439303,Lateral
CCGAACGCATCCGAGC-1,0.8044583,3.676401,Lateral
CCGATCTAGCCATTGT-1,4.9304447,3.336628,Oval/Medial
CCGATCTCATGACAAA-1,2.5238228,11.143762,Oval/Medial
CCGATCTGTTGTGCAT-1-1,5.369411,8.7666025,Oval/Medial
CCGATGGAGGATCATA-1,1.7867982,1.7308728,Lateral
CCGATGGAGGTAAGGA-1,3.992616,8.831662,Oval/Medial
CCGCAAGTCCAGCTCT-1,5.3805294,4.284586,Oval/Medial
CCGGACACAACTGAAA-1,-1.4885663,0.49232036,Hbx
CCGGACATCGGTCACG-1,6.9513607,8.358899,Oval/Medial
CCGGACATCTGACGCG-1,4.829186,10.486225,Oval/Medial
CCGGGTACATGCCATA-1,1.2708136,2.9458363,Lateral
CCGGGTATCGTGAGAG-1,4.4903975,3.9327166,Oval/Medial
CCGGTAGAGATTAGTG-1,-1.6114687,2.0055742,Hbx
CCGGTGACAGTGGCTC-1,4.699304,9.997008,Oval/Medial
CCGGTGATCCCGTGTT-1-1,5.3397675,8.120694,Oval/Medial
CCGGTGATCTGGCCAG-1,6.0970454,3.9237204,Oval/Medial
CCGTAGGAGCACTCGC-1,5.1129985,6.874358,Oval/Medial
CCGTAGGTCATGAAAG-1,5.106538,9.54916,Oval/Medial
CCGTGAGCAGCAGACA-1,3.070273,9.444745,Oval/Medial
CCGTGAGCAGTCCGTG-1,3.01022,5.9767957,Oval/Medial
CCGTTCAGTGAACTAA-1,4.317761,8.770063,Oval/Medial
CCTAACCCAAGACTGG-1,2.6067626,11.690976,Oval/Medial
CCTAACCGTCTTGTCC-1,0.6865927,5.5241942,Oval/Medial
CCTAAGAAGGTACCTT-1,-1.5041505,4.26044,Hbx
CCTAAGACAAACCATC-1,4.6761413,11.40859,Oval/Medial
CCTAAGACAAGTCGTT-1,4.4730077,11.055895,Oval/Medial
CCTACGTAGGATCATA-1,3.5192947,9.4571495,Oval/Medial
CCTACGTGTGCCAAGA-1,4.974791,8.078137,Oval/Medial
CCTATCGAGCTGACAG-1,3.815053,7.349002,Oval/Medial
CCTATCGAGTTTCGAC-1,5.730063,6.6514506,Oval/Medial
CCTATCGCAGAAGCTG-1,5.074999,10.59966,Oval/Medial
CCTATCGTCTGAATGC-1,4.1490216,7.094517,Oval/Medial
CCTCAACTCCGAGTGC-1,3.0729332,10.757589,Oval/Medial
CCTCAACTCGAACCAT-1,5.9814935,5.066522,Oval/Medial
CCTCACAGTCACGACC-1-1,2.5296292,8.284981,Oval/Medial
CCTCACATCGCGGACT-1,5.9254847,9.373874,Oval/Medial
CCTCACATCGGTAGGA-1,6.3817534,8.341031,Oval/Medial
CCTCAGTAGTCCTGTA-1,-2.4305327,-0.14598511,Hbx
CCTCAGTCATGACTAC-1,2.8741536,9.562486,Oval/Medial
CCTCATGAGGGTACAC-1,3.4665794,10.185119,Oval/Medial
CCTCATGCAATCGTCA-1,1.1749913,2.280667,Lateral
CCTCCAAAGAGGACTC-1,-0.45004788,4.7201743,Oval/Medial
CCTCCAACAAAGAGTT-1,4.6586246,11.049912,Oval/Medial
CCTCCAACAGAGCCCT-1,4.7053084,8.219846,Oval/Medial
CCTCCTCAGCGCCCAT-1,4.010246,8.384145,Oval/Medial
CCTCCTCCACACCAGC-1,2.0341358,3.3252008,Lateral
CCTCCTCGTACTCCCT-1,4.177045,3.8615217,Oval/Medial
CCTCTAGCAACGGGTA-1,5.0193,6.218286,Oval/Medial
CCTCTAGGTGGCCACT-1,3.3286357,9.496967,Oval/Medial
CCTCTAGGTTACAGCT-1-1,5.3859277,10.131899,Oval/Medial
CCTGTTGTCTGGTGGC-1,-1.6881391,3.0226545,Hbx
CCTTCAGCAGGATCTT-1,5.1296763,6.3682837,Oval/Medial
CCTTCAGGTGAGTTTC-1,4.5190816,4.738581,Oval/Medial
CCTTCAGGTTGGACCC-1-1,5.461322,5.8852625,Oval/Medial
CCTTCAGGTTTCCATT-1,1.1704038,8.905709,Oval/Medial
CCTTGTGGTCGGTGTC-1,5.6623178,6.608698,Oval/Medial
CCTTTGGAGGATAATC-1,5.2468557,6.2358475,Oval/Medial
CGAAGGAAGGTCCAGA-1,-3.1679857,6.106905,Marginal
CGAAGGAGTACACTCA-1,5.7577076,9.355571,Oval/Medial
CGAAGGATCCCAGGAC-1,4.5889726,5.2378345,Oval/Medial
CGAATTGCAAGGATGC-1,1.9636488,2.291816,Lateral
CGAATTGCATGGATCT-1,3.351665,9.489054,Oval/Medial
CGACAGCGTTCAGCTA-1,-0.9991168,7.428237,Oval/Medial
CGACAGCTCGGACTTA-1,5.6923733,7.674788,Oval/Medial
CGAGGAAGTCGAGTTT-1,5.721279,8.351374,Oval/Medial
CGAGGAATCATCACCC-1,6.128066,8.097084,Oval/Medial
CGAGGCTAGCACAAAT-1,3.919869,8.653649,Oval/Medial
CGAGGCTCATGAATAG-1,4.58503,6.4873805,Oval/Medial
CGAGGCTGTGGAATGC-1,4.280102,3.6567783,Oval/Medial
CGAGGCTTCTCGCGTT-1,-0.90247566,4.1843386,Oval/Medial
CGAGTGCCACCGCTAG-1,5.5505543,7.554316,Oval/Medial
CGAGTTACAGTCGGAA-1,5.686645,6.3325186,Oval/Medial
CGAGTTAGTAGAGTTA-1,-2.0497034,3.9004471,Hbx
CGAGTTAGTTAGAGAT-1,4.13028,7.31368,Oval/Medial
CGAGTTATCGATTCCC-1,0.99288285,6.592458,Oval/Medial
CGATCGGGTAGGCTCC-1,3.3480878,6.845465,Oval/Medial
CGATGCGTCCATGCAA-1,3.830722,8.818359,Oval/Medial
CGATGGCAGATTAGTG-1,4.0609603,10.274296,Oval/Medial
CGATGGCTCGGCCCAA-1,4.324058,4.7033906,Oval/Medial
CGCAGGTCAGCACGAA-1,0.5676872,2.948874,Lateral
CGCAGGTTCGACATTG-1,6.0144744,8.534467,Oval/Medial
CGCATAACAATTAGGA-1,0.45672375,1.6316043,Lateral
CGCATAAGTTGTGGCC-1,-2.1127317,7.705792,Marginal
CGCATGGAGCCGCTTG-1,5.2500863,9.975808,Oval/Medial
CGCCAGAGTAAGAACT-1,1.1520315,2.7006369,Lateral
CGCCAGATCGAGAAGC-1,-1.7860993,5.678581,Oval/Medial
CGCCATTCAAACGGCA-1,5.739847,8.075966,Oval/Medial
CGCCATTTCGCTGTTC-1,5.5302525,7.5742025,Oval/Medial
CGGAACCAGGTACAGC-1,5.608332,4.002973,Oval/Medial
CGGAACCCACTAACGT-1,2.7530966,9.553064,Oval/Medial
CGGAACCGTATAGGGC-1,8.008215,6.6323986,Oval/Medial
CGGAATTGTGTTGCCG-1,5.0836773,10.443319,Oval/Medial
CGGAATTTCTCGACCT-1,0.669139,2.0382802,Lateral
CGGACACCAACCACGC-1,4.9070864,11.63823,Oval/Medial
CGGACACCACCGTCTT-1,-0.30779487,4.5783377,Oval/Medial
CGGAGAACAATTCACG-1,-0.26738334,3.9857373,Oval/Medial
CGGAGAAGTGGAGGTT-1,4.018551,9.401718,Oval/Medial
CGGAGAATCGAGAATA-1,3.4805453,10.700672,Oval/Medial
CGGAGAATCTACCAGA-1,4.015139,8.106043,Oval/Medial
CGGCAGTAGAAGTATC-1,5.2598057,2.694317,Oval/Medial
CGGCAGTTCAAATGAG-1,6.6532607,12.351467,Oval/Medial
CGGGACTAGACTCAAA-1,4.160806,9.550341,Oval/Medial
CGGGACTGTGGCCCAT-1,5.3156548,4.5578866,Oval/Medial
CGGGCATTCGCCGTGA-1,2.5446389,7.5511,Oval/Medial
CGGGCATTCGTTCTAT-1,-0.09663281,2.3548927,Lateral
CGGGTCAAGTCGCCAC-1,4.8947244,3.0950487,Oval/Medial
CGGGTCACAACGACAG-1,-0.9756113,6.489155,Oval/Medial
CGGGTCATCGTAACCA-1,3.607427,7.2994614,Oval/Medial
CGGGTGTAGAATTGCA-1,5.369475,10.72681,Oval/Medial
CGGGTGTCAAGTTTGC-1,2.3181105,9.866005,Oval/Medial
CGGGTGTCACTATCGA-1,6.885548,8.370658,Oval/Medial
CGGGTGTTCCGTCACT-1,0.1474333,6.412532,Oval/Medial
CGGTCAGTCAGCTGTA-1,4.802508,7.6571827,Oval/Medial
CGTAAGTAGGACAAGA-1,4.4419484,4.748648,Oval/Medial
CGTAAGTTCTGATTCT-1,5.0306196,10.045481,Oval/Medial
CGTAATGAGGCACAAC-1,3.1924312,6.252646,Oval/Medial
CGTAATGGTGCCGTTG-1,-1.8564419,1.62211,Hbx
CGTAGTAAGGTTCTAC-1,3.7100163,12.855043,Oval/Medial
CGTAGTAAGTAGATCA-1,4.8255467,11.551669,Oval/Medial
CGTAGTAGTCAGTCGC-1,4.1730866,10.50534,Oval/Medial
CGTCAAAAGATCCCAT-1,3.8354259,10.766905,Oval/Medial
CGTGAATAGCCATTGT-1,3.5158823,10.859398,Oval/Medial
CGTGAATAGTCATACC-1,6.6591177,8.345413,Oval/Medial
CGTGAATGTAGACAGC-1,-2.2293384,6.3507442,Marginal
CGTGATACAATCTGCA-1,3.1920733,6.4244385,Oval/Medial
CGTGCTTCAGAGTTGG-1,-0.7016163,7.783543,Oval/Medial
CGTGCTTCATGCCGAC-1,3.9732606,7.168602,Oval/Medial
CGTGTCTAGTACGTCT-1,3.8900313,4.3590164,Oval/Medial
CGTGTCTCACCTCTGT-1,3.861868,10.703748,Oval/Medial
CGTTAGAGTTCGAGCC-1,0.92467016,1.9715533,Lateral
CGTTCTGCATTCGATG-1-1,4.6970024,7.284411,Oval/Medial
CGTTCTGTCTTCGGAA-1,2.977883,11.179182,Oval/Medial
CTAACCCCAGTTCCAA-1,-3.4427953,6.124424,Marginal
CTAACCCGTCAAGCGA-1,3.6279573,6.851813,Oval/Medial
CTAACTTCAGGTTCGC-1,4.885527,7.6481295,Oval/Medial
CTACAGAAGTATGCAA-1,4.6608396,6.7697015,Oval/Medial
CTACATTAGTCTTCGA-1,4.4505963,7.80678,Oval/Medial
CTACATTCATCCGTTC-1,3.874881,9.151205,Oval/Medial
CTACATTGTCACCGCA-1,6.0542164,8.20936,Oval/Medial
CTACCCATCGAGGCAA-1,-0.12775531,2.7284303,Lateral
CTACCCATCTTGGAAC-1,0.4212405,6.218897,Oval/Medial
CTACCTGGTCCGCAGT-1,5.7902637,8.779227,Oval/Medial
CTACCTGTCTAGAGCT-1,2.8978193,11.015843,Oval/Medial
CTACGGGAGCGGGTTA-1,3.371584,9.32984,Oval/Medial
CTACGGGGTAGGAGGG-1,4.117309,4.452868,Oval/Medial
CTACTATCAGAGTGAC-1,5.995004,8.216969,Oval/Medial
CTACTATGTCTCTCTG-1,5.5582137,6.477718,Oval/Medial
CTAGACAAGCGCAATG-1,0.89290035,2.7857358,Lateral
CTAGACACAGTTTCGA-1,5.925749,11.866922,Oval/Medial
CTAGACAGTACCATAC-1,-2.6387088,7.156711,Marginal
CTAGACATCTGGTGCG-1,-1.5829055,1.6303532,Hbx
CTATAGGCACAGTCCG-1,3.7362096,6.8850417,Oval/Medial
CTATCCGAGATGCGAC-1,3.8015783,9.726655,Oval/Medial
CTATCCGCAGCGTGCT-1,5.982919,2.5726876,Oval/Medial
CTATCTATCAATCCGA-1,3.2646036,10.832693,Oval/Medial
CTCAATTAGGATGAGA-1,5.1168303,10.700093,Oval/Medial
CTCAATTCAACTAGAA-1,1.9907534,7.774479,Oval/Medial
CTCAATTCATATCTGG-1,5.2777104,10.781171,Oval/Medial
CTCACTGAGAGGTATT-1,2.847775,12.081767,Oval/Medial
CTCACTGAGGAACTCG-1,4.4811463,3.6804192,Oval/Medial
CTCACTGCAAGCGAGT-1,4.329151,6.869631,Oval/Medial
CTCACTGCAAGTAGTA-1,6.976646,8.4355345,Oval/Medial
CTCACTGGTATCGCGC-1,5.1731296,6.4986005,Oval/Medial
CTCAGAAAGCCGCTTG-1,4.3387237,6.5620418,Oval/Medial
CTCAGAAAGCCTATCA-1,4.760793,9.621834,Oval/Medial
CTCAGAAGTAAGCGGT-1,1.5844648,2.974184,Lateral
CTCAGAAGTCCAAAGG-1,3.8623421,6.964323,Oval/Medial
CTCAGGGAGCTTAAGA-1,5.288353,8.508744,Oval/Medial
CTCAGGGGTACTGGGA-1,0.24976572,4.1323056,Oval/Medial
CTCAGGGTCGTCGGGT-1,3.9053185,9.227327,Oval/Medial
CTCAGTCCATCACCAA-1,1.6140295,2.7588203,Lateral
CTCAGTCGTTGCGGCT-1,5.2021117,7.5598645,Oval/Medial
CTCATCGCAGTTAGAA-1,2.9500782,11.498305,Oval/Medial
CTCATCGTCTGCGGAC-1,-1.9315294,3.6829598,Hbx
CTCATGCAGCCAAGCA-1,-0.038513977,8.542367,Oval/Medial
CTCATGCTCCTGGGAC-1,-1.7459989,1.9088491,Hbx
CTCCAACCAACAGTGG-1,5.4970365,11.783374,Oval/Medial
CTCCAACGTAACCAGG-1,3.250458,9.76199,Oval/Medial
CTCCAACGTATCGAAA-1,8.634411,7.2701263,Oval/Medial
CTCCACAAGTGAACAT-1,4.200761,9.522986,Oval/Medial
CTCCACATCCGTGCGA-1,3.4455676,10.259065,Oval/Medial
CTCCACATCGACCCAG-1,3.3212774,6.833388,Oval/Medial
CTCCACATCGTCGCTT-1,-2.4844704,7.2708764,Marginal
CTCCATGAGTTCTCTT-1,3.8109794,9.463797,Oval/Medial
CTCCATGGTACAAGCG-1,5.4198146,4.906915,Oval/Medial
CTCCCAAGTGCTATTG-1-1,0.17163625,6.7236567,Oval/Medial
CTCCCAATCCGTACGG-1,0.9939586,3.6399565,Lateral
CTCCCTCAGCAGGCTA-1,6.2609167,11.397069,Oval/Medial
CTCCCTCGTTGTCTAG-1,-0.91085166,6.3998857,Oval/Medial
CTCCCTCGTTTCAGAC-1,4.736305,10.264166,Oval/Medial
CTCCCTCTCGATTGAC-1,4.7831774,7.858489,Oval/Medial
CTCCGATAGCTGACAG-1,5.5936375,7.834327,Oval/Medial
CTCCTCCGTAGCACGA-1,0.3395706,9.282733,Oval/Medial
CTCCTTTCATACAGGG-1,3.0452356,9.156127,Oval/Medial
CTCCTTTCATCCTCAC-1,3.0264,9.667862,Oval/Medial
CTCCTTTGTTGCTTGA-1,4.7897954,6.855038,Oval/Medial
CTCCTTTTCGTTCCCA-1,4.673207,7.8797708,Oval/Medial
CTCGAGGCACCAGCGT-1,0.7630024,2.5606427,Lateral
CTCGAGGTCCAGTACA-1,5.792858,11.38445,Oval/Medial
CTCTCAGGTAGGCTCC-1,-0.65766203,-0.07087316,Hbx
CTCTCGAAGTGAGTTA-1,2.0291004,9.98032,Oval/Medial
CTCTCGACAAATGGCG-1-1,5.225002,7.9232516,Oval/Medial
CTGAATGAGCTAAATG-1,4.3869615,10.163156,Oval/Medial
CTGAATGCAAGAGGTC-1,-2.3206353,5.082386,Marginal
CTGAATGTCACCCATC-1,3.8634536,7.6143937,Oval/Medial
CTGAATGTCATGGAGG-1,0.5688641,2.1594458,Lateral
CTGAGCGGTGATTAGA-1,4.9621773,6.983089,Oval/Medial
CTGAGGCAGGGCAGGA-1,5.202008,8.545304,Oval/Medial
CTGAGGCCACACGCCA-1,4.722505,6.346189,Oval/Medial
CTGAGGCTCAAGTCTG-1,-2.4702337,7.6008935,Marginal
CTGATCCAGTTAACGA-1,-1.8133473,6.3532286,Marginal
CTGATCCCAACGACTT-1,1.8562094,3.4090934,Lateral
CTGATCCCAATCGCGC-1,4.767768,4.159753,Oval/Medial
CTGATCCCACTAACGT-1,-2.3983793,1.5441269,Hbx
CTGATCCCAGATCCAT-1,3.6654193,7.237636,Oval/Medial
CTGATCCGTCGCATTA-1,2.8745189,9.564819,Oval/Medial
CTGCAGGAGGGATCGT-1,-0.30550313,7.599343,Oval/Medial
CTGCCATAGATGAACT-1,4.276854,7.376883,Oval/Medial
CTGCCATAGTCCCGGT-1,4.895272,4.177881,Oval/Medial
CTGCCATGTGGCTTAT-1,5.884918,8.174348,Oval/Medial
CTGCCATTCCTTACCG-1,5.761954,6.978255,Oval/Medial
CTGCGAGCACAAGCTT-1,-3.7615514,6.471956,Marginal
CTGCTCAAGCTGAGTG-1,5.1595936,10.481143,Oval/Medial
CTGCTCAAGGTGGCTA-1,5.4621115,8.683257,Oval/Medial
CTGCTCATCGAGCCAC-1,3.735461,7.6700664,Oval/Medial
CTGGACGAGGGTGGGA-1,-0.4903533,7.2920175,Oval/Medial
CTGGACGTCATTTGGG-1,3.8305254,9.31804,Oval/Medial
CTGGCAGGTATACGGG-1,-2.5019028,2.384061,Hbx
CTGGCAGGTTCGTAAC-1,2.8878388,11.710281,Oval/Medial
CTGGTCTAGACCTCAT-1,4.5492,7.275815,Oval/Medial
CTGGTCTGTCCAATCA-1,0.4856222,5.6378493,Oval/Medial
CTGTACCAGTAGGGTC-1,-0.8822283,6.6538024,Oval/Medial
CTGTACCCAGAAATTG-1,-3.4635623,5.342698,Marginal
CTGTACCGTAACATAG-1,3.283838,6.0851207,Oval/Medial
CTGTACCGTATCTTCT-1,3.8787143,4.518015,Oval/Medial
CTGTACCGTCAACGCC-1,-1.6935961,1.0460684,Hbx
CTGTAGAAGTGGCCTC-1,4.5467196,9.16335,Oval/Medial
CTGTCGTTCAATCCGA-1,6.1682296,6.925971,Oval/Medial
CTGTGGGGTCAGGTAG-1,6.5464272,8.152674,Oval/Medial
CTGTGGGTCTTGGCTC-1,5.132998,10.661472,Oval/Medial
CTTCAATAGTGTACAA-1,5.904053,3.8964236,Oval/Medial
CTTCAATCACTAGAGG-1,4.503221,7.3114443,Oval/Medial
CTTCAATCATCAACCA-1,3.7253258,7.369744,Oval/Medial
CTTCAATTCGGAGATG-1,5.712525,10.832482,Oval/Medial
CTTCCGAAGCTGACCC-1,4.9582295,6.4295278,Oval/Medial
CTTCCGAGTTTCCCAC-1,5.008613,11.540324,Oval/Medial
CTTCCTTAGTAGATCA-1,6.1481357,6.135757,Oval/Medial
CTTCCTTCAGCGAACA-1,4.557464,7.8957157,Oval/Medial
CTTCGGTCAAGTACCT-1,3.8897452,9.682695,Oval/Medial
CTTCTAATCCCGGTAG-1,8.530652,7.4149804,Oval/Medial
CTTCTAATCTCACCCA-1,3.5096464,6.965774,Oval/Medial
CTTCTCTCAAGCACAG-1,4.4235587,7.0224752,Oval/Medial
CTTCTCTTCAGTGGGA-1-1,2.8455467,10.134977,Oval/Medial
CTTGATTAGTATGGAT-1,-1.8550582,1.676171,Hbx
CTTTCAAGTTTATGCG-1,4.7505817,7.539414,Oval/Medial
CTTTCGGCACCAGCTG-1,8.690636,7.2478027,Oval/Medial
CTTTCGGCATGGGTCC-1,5.906555,6.436575,Oval/Medial
GAAACCTCATTGGATC-1,4.5168004,9.962249,Oval/Medial
GAAACCTGTTACGCCG-1,5.3386064,8.788993,Oval/Medial
GAAACCTTCACCCTGT-1,5.323433,7.954147,Oval/Medial
GAAATGAAGTTCAACC-1,4.5225472,9.79932,Oval/Medial
GAAATGACATAGACTC-1,4.9195094,7.5543404,Oval/Medial
GAAATGAGTGACTATC-1,0.8872762,7.423595,Oval/Medial
GAACACTAGTACGTCT-1,0.88290626,3.045954,Lateral
GAACACTGTAATGTGA-1,1.3210582,7.7316446,Oval/Medial
GAACACTTCCAAGAGG-1,-2.798001,7.2302294,Marginal
GAACGTTTCTTGTTAC-1-1,4.887156,4.2133713,Oval/Medial
GAACTGTAGTGGACTG-1-1,3.7285304,10.444908,Oval/Medial
GAACTGTGTACTAACC-1,6.091163,6.700326,Oval/Medial
GAACTGTGTCTTTCAT-1,3.5242765,10.852154,Oval/Medial
GAACTGTGTGTAGGAC-1,-0.6380565,4.3688912,Oval/Medial
GAACTGTGTTTCGTGA-1-1,3.3031304,10.769791,Oval/Medial
GAACTGTTCCATTCAT-1,4.1862235,6.672812,Oval/Medial
GAAGAATAGATCACTC-1,5.142591,7.349749,Oval/Medial
GAAGAATAGTCGGGAT-1,5.168686,4.437854,Oval/Medial
GAAGAATGTAGCTGCC-1,4.4648085,10.753224,Oval/Medial
GAAGAATGTGCTATTG-1,3.6500096,10.035703,Oval/Medial
GAAGAATTCATGGGAG-1,0.6180285,5.5171585,Oval/Medial
GAAGAATTCGTCACCT-1,4.2797475,10.7754755,Oval/Medial
GAAGCCCCAAGCTACT-1,4.0171933,7.192208,Oval/Medial
GAAGCCCCATCATTGG-1,2.7692688,8.977837,Oval/Medial
GAAGCCCCATGATAGA-1,0.351824,9.317853,Oval/Medial
GAAGCCCTCTCAACCC-1,-2.0359845,1.6623259,Hbx
GAAGCGAAGGTTACAA-1,3.6238809,9.467962,Oval/Medial
GAAGCGACAACGGCCT-1,4.616229,10.474929,Oval/Medial
GAAGGACAGTGTAGAT-1,1.2566587,8.114123,Oval/Medial
GAAGGGTAGAAGGATG-1,4.6205735,9.9073515,Oval/Medial
GAAGGGTTCGCCTAGG-1,4.243784,10.577362,Oval/Medial
GAAGTAAGTTCAGCGC-1,-2.3577273,2.3245816,Hbx
GAAGTAATCAGAATAG-1,4.214848,6.501973,Oval/Medial
GAAGTAATCCCTTGGT-1,4.304594,8.497298,Oval/Medial
GAAGTAATCTCGTCAC-1,4.5849524,11.505433,Oval/Medial
GAATCACAGCCAAGCA-1,5.480484,10.658358,Oval/Medial
GAATCACTCATGGAGG-1,1.1271546,6.2163453,Oval/Medial
GAATCGTTCTGCTCTG-1-1,2.445811,6.42075,Oval/Medial
GACACGCTCGCTCTCA-1,8.450882,7.196168,Oval/Medial
GACAGCCAGGCGACAT-1,4.060356,10.21085,Oval/Medial
GACAGCCAGTGGATTA-1,4.275883,4.3750615,Oval/Medial
GACAGCCCAGAAGTTA-1,3.6940958,6.7890525,Oval/Medial
GACAGCCGTTTAAGGA-1,6.2545104,2.2909713,Oval/Medial
GACATCACAAGAGTTA-1,5.041218,10.336348,Oval/Medial
GACCAATAGCACACAG-1,-0.79313064,4.351787,Marginal
GACCAATGTATGGAGC-1,5.182605,7.22775,Oval/Medial
GACCAATTCGACCATA-1,5.012732,3.9190986,Oval/Medial
GACCCAGAGCGTACAG-1,5.290013,11.27496,Oval/Medial
GACCCAGAGTCGGCCT-1,-1.4145702,0.15716247,Hbx
GACCCTTCATAACGGG-1,5.6744156,10.883882,Oval/Medial
GACCGTGGTAGCGTCC-1,3.4320438,6.2982655,Oval/Medial
GACCTTCCAGTATACC-1,2.8132975,6.2445693,Oval/Medial
GACGTTACACCAAAGG-1,-0.22346218,4.2297835,Oval/Medial
GACGTTACAGGGAGAG-1,4.438791,5.2959466,Oval/Medial
GACTATGAGGCATTTC-1,2.0280037,3.941227,Lateral
GACTATGTCGGCTGAC-1,2.9712868,10.595908,Oval/Medial
GACTCAAAGATACGAT-1,0.45878193,4.4362583,Oval/Medial
GACTCAACACACGCCA-1,4.1057634,7.0509315,Oval/Medial
GACTCAAGTACGTTCA-1,-2.798863,7.478004,Marginal
GACTCTCGTTGTCAGT-1,5.760353,7.188522,Oval/Medial
GACTCTCTCGTCGACG-1,1.7892455,1.9262056,Lateral
GACTGATAGAAATTCG-1,3.8664465,6.643617,Oval/Medial
GACTGATTCAACCTTT-1,5.672242,6.9377007,Oval/Medial
GACTTCCAGTTGGAAT-1,2.6201239,11.00455,Oval/Medial
GACTTCCGTGTTTACG-1,5.026073,7.689931,Oval/Medial
GACTTCCGTTACCTGA-1,2.4594986,11.458107,Oval/Medial
GACTTCCTCCATGCAA-1,6.2938,6.772691,Oval/Medial
GAGAAATCAAGACCGA-1,4.9403434,7.862132,Oval/Medial
GAGAAATGTCACCGCA-1,5.6556215,10.810561,Oval/Medial
GAGAAATTCTTAAGGC-1,4.8090916,7.422861,Oval/Medial
GAGACCCCAAGTGGGT-1,1.6629566,7.3020706,Oval/Medial
GAGACCCTCGGTGTTA-1,4.9008384,4.1813045,Oval/Medial
GAGACTTGTGCTCTTC-1,2.4810297,11.424434,Oval/Medial
GAGACTTTCTGGGCCA-1,-1.6363418,2.7832282,Hbx
GAGAGGTAGATTCGCT-1,6.000426,12.048553,Oval/Medial
GAGAGGTTCGCCTCTA-1,-3.3187482,7.3057337,Marginal
GAGATGGAGAACTGAT-1,5.332802,10.892047,Oval/Medial
GAGATGGTCGCCAACG-1,5.3515277,6.4777203,Oval/Medial
GAGCCTGAGAGGATCC-1,3.2059047,11.910452,Oval/Medial
GAGCCTGGTCTACAGT-1,6.0289745,8.488781,Oval/Medial
GAGCCTGGTGGGATTG-1,4.2444425,9.284289,Oval/Medial
GAGCCTGTCATGCCCT-1,-2.96861,6.412514,Marginal
GAGCTGCCACTTGAGT-1,3.0190496,9.304257,Oval/Medial
GAGCTGCGTACCCGCA-1,3.3664644,9.344643,Oval/Medial
GAGCTGCGTAGACGTG-1,5.1746674,3.5747554,Oval/Medial
GAGCTGCTCTATTGTC-1-1,1.5468072,3.107434,Lateral
GAGGCAACAAGAGAGA-1,-1.8764393,3.0997922,Hbx
GAGGCCTTCTACGCGG-1,3.3347254,6.552383,Oval/Medial
GAGGGATGTCCCTCAT-1,-1.6988578,1.5577639,Hbx
GAGGGATGTTTACTGG-1,2.5702794,10.240202,Oval/Medial
GAGTCATCAGAGGAAA-1,1.7333235,3.1821756,Lateral
GAGTCATGTCGTGTTA-1,3.9121377,9.111504,Oval/Medial
GAGTCTAAGGTCACTT-1,5.3045583,10.844957,Oval/Medial
GAGTCTAGTATGTCCA-1,3.5179012,11.056746,Oval/Medial
GAGTGAGCACGTACAT-1,4.793759,7.913897,Oval/Medial
GAGTGTTTCACTAGCA-1,3.049686,10.780991,Oval/Medial
GAGTTACTCATGCTAG-1,-3.0740187,7.7509203,Marginal
GAGTTGTAGAATAGTC-1,0.93094957,6.347273,Oval/Medial
GAGTTTGGTGGACCTC-1,4.8160577,11.100735,Oval/Medial
GATAGAAAGTAACAGT-1,2.424001,10.308011,Oval/Medial
GATAGCTCACTTTAGG-1,7.4226723,8.279454,Oval/Medial
GATCACACAGTAGTGG-1-1,4.272392,10.052377,Oval/Medial
GATCACAGTTCTCCCA-1,-2.9491923,6.278125,Marginal
GATCAGTCAAATTGCC-1,4.8044295,7.562236,Oval/Medial
GATCAGTCACTCTAGA-1,2.0614913,8.650815,Oval/Medial
GATCAGTTCGTGCATA-1,3.4209774,10.777494,Oval/Medial
GATCATGGTAGAGGAA-1,4.482078,8.820504,Oval/Medial
GATCATGGTCCTGTCT-1,5.6332817,10.819684,Oval/Medial
GATCATGGTCGTTTCC-1,-2.4499443,0.61354905,Hbx
GATCATGTCAAACTGC-1,3.7951252,6.2881737,Oval/Medial
GATCATGTCGTAGGGA-1,-2.518083,5.5197926,Marginal
GATCCCTAGGTCCGAA-1,6.276224,2.5694304,Oval/Medial
GATCCCTAGTGGTTGG-1,5.2767344,11.446918,Oval/Medial
GATCCCTCAGCTTCCT-1,-1.2771512,1.6907874,Hbx
GATCGTAGTACGACTT-1,3.1697476,6.335391,Oval/Medial
GATGACTAGGAGAATG-1,3.9318016,6.2596574,Oval/Medial
GATGACTCAGTCGCTG-1,-1.1064639,0.96911323,Hbx
GATGAGGCAATTGCCA-1,5.854716,2.8329778,Oval/Medial
GATGAGGGTGCAACGA-1,-2.6939046,6.2792397,Marginal
GATGATCAGCAACTCT-1,5.5204854,6.727551,Oval/Medial
GATGATCTCAAAGGAT-1,5.2639155,9.466346,Oval/Medial
GATGCTACAAAGAACT-1,6.1412954,6.4346404,Oval/Medial
GATGCTATCTAGCATG-1,-1.9744961,1.7366518,Hbx
GATGGAGAGGATACGC-1,4.718656,9.973691,Oval/Medial
GATGGAGGTTGCATTG-1,3.5694604,8.904168,Oval/Medial
GATGTTGTCACGTCCT-1,-1.3846473,1.250021,Hbx
GATGTTGTCGGCATCG-1,4.082745,6.54664,Oval/Medial
GATGTTGTCTTCGTGC-1,4.5106616,11.00104,Oval/Medial
GATTCTTAGTGAACAT-1,1.6199821,2.3042328,Lateral
GATTCTTTCGTGGCTG-1,6.135428,9.234217,Oval/Medial
GATTGGTAGTGGTTGG-1,4.3752956,10.307116,Oval/Medial
GATTGGTTCGCAGTGC-1,5.140667,8.9796,Oval/Medial
GATTGGTTCTGGACCG-1,0.8175394,2.616581,Lateral
GATTTCTAGTCGCGAA-1,4.4255857,6.2676673,Oval/Medial
GATTTCTGTCGACTGC-1,4.7564754,9.410578,Oval/Medial
GATTTCTGTGATTGGG-1-1,0.7405865,1.993923,Lateral
GCAACATTCGGACTTA-1,7.4618244,8.372848,Oval/Medial
GCAACATTCTCACGAA-1,-1.869611,0.9599743,Hbx
GCAACCGGTCGTCGGT-1,2.4075286,10.871581,Oval/Medial
GCACATATCCGCTGTT-1,-1.0862232,4.737279,Oval/Medial
GCAGCCAAGAGGGTAA-1,3.8134315,6.7167425,Oval/Medial
GCAGCCAAGCTTGTTG-1,5.0055923,8.1687355,Oval/Medial
GCAGCCACACAAATAG-1,3.5325122,10.006978,Oval/Medial
GCAGCCATCGAACGGA-1,-2.1797533,5.670294,Marginal
GCAGCTGAGAATGTTG-1,5.384332,8.361454,Oval/Medial
GCAGCTGCAAGCGATG-1,1.8100163,4.107754,Lateral
GCAGGCTGTCGTACTA-1-1,1.4820527,5.251113,Oval/Medial
GCAGGCTGTGTTGACT-1,5.5128436,6.339775,Oval/Medial
GCAGTTAAGCGGTATG-1,-2.5080695,1.0888541,Hbx
GCATCGGCAGCTGTCG-1,6.5891275,9.059528,Oval/Medial
GCATCTCGTGAGATAT-1,3.788651,10.77004,Oval/Medial
GCATGATCAGGTTTAC-1,1.1156498,3.0715976,Lateral
GCATGATGTTGTATGC-1,4.775476,10.673458,Oval/Medial
GCATTAGAGCCTGGAA-1,-1.5369736,1.3032464,Hbx
GCCAACGCATGGGTTT-1,4.6047034,6.7425933,Oval/Medial
GCCAACGGTTTGTGGT-1,5.0627255,7.244898,Oval/Medial
GCCAACGTCATTACTC-1,1.3669261,2.3411894,Lateral
GCCAGGTTCGCGTCGA-1,2.7564545,9.885365,Oval/Medial
GCCAGTGCACAAGTTC-1,-1.507135,3.5281315,Hbx
GCCAGTGTCGTGGGAA-1,5.9225035,6.153476,Oval/Medial
GCCATGGCAACAGAGC-1,1.0069288,7.0017457,Oval/Medial
GCCATGGTCATCACAG-1,4.167117,7.4383397,Oval/Medial
GCCATGGTCGTCCATC-1,2.3683336,6.832502,Oval/Medial
GCCCGAAAGGTAATCA-1,5.201526,3.9962344,Oval/Medial
GCCCGAATCGCACTCT-1,3.314046,6.4866767,Oval/Medial
GCCGATGTCCACTAGA-1,4.964925,4.6436596,Oval/Medial
GCCGTGATCAAATAGG-1,-2.0874975,2.6483753,Hbx
GCCGTGATCACCATAG-1,-1.9246851,4.3291907,Hbx
GCCTGTTCACCGAATT-1,1.9508764,5.061039,Oval/Medial
GCCTGTTGTTCCATTT-1,-2.4357812,1.5392168,Hbx
GCCTGTTTCGTCCTTG-1,5.051324,10.118948,Oval/Medial
GCGAGAAAGGAGAGTA-1,4.6916275,9.530619,Oval/Medial
GCGAGAACAGCGTAGA-1,3.9923623,3.879589,Oval/Medial
GCGAGAAGTTCGAGCC-1,4.160193,8.361269,Oval/Medial
GCGATCGCAACACACT-1,4.5005283,6.4415445,Oval/Medial
GCGATCGCACTATGTG-1,0.08036251,4.2456303,Oval/Medial
GCGATCGTCTTAATCC-1,-0.9465252,5.942164,Oval/Medial
GCGGAAACACGTTGGC-1,1.5561662,2.6251633,Lateral
GCGGAAACAGGTCTCG-1,5.3897967,10.321534,Oval/Medial
GCGGATCCAGACCTAT-1,2.4634733,3.5517008,Lateral
GCGGATCGTTTGGAAA-1,2.9302893,7.5676947,Oval/Medial
GCGTGCATCGGCTGTG-1,4.8733187,10.562776,Oval/Medial
GCTACAAAGTCACACT-1,-2.2865872,5.9679346,Marginal
GCTACAACAAATGAAC-1,4.206149,5.802828,Oval/Medial
GCTACAATCGGAGTAG-1,4.7685046,10.688368,Oval/Medial
GCTACAATCTCAATCT-1,6.646949,6.5507884,Oval/Medial
GCTACCTCAACCACAT-1,-1.957995,2.933883,Hbx
GCTACCTCACGTGTGC-1,4.8057942,10.6053,Oval/Medial
GCTACCTTCGGCATAT-1,5.0109067,11.224053,Oval/Medial
GCTCAAAAGATAGCAT-1,4.8276143,6.657617,Oval/Medial
GCTCAAAAGGTGATAT-1,4.8080797,11.913222,Oval/Medial
GCTCAAAGTCGCCACA-1,1.4055749,3.1450956,Lateral
GCTGAATAGAATTTGG-1,2.7321436,12.209484,Oval/Medial
GCTGAATGTGTGTTTG-1,-0.12316764,4.9061227,Oval/Medial
GCTGCAGAGGCCCGTT-1,4.3061867,6.820351,Oval/Medial
GCTGCAGGTTGTAGCT-1,3.948903,9.458291,Oval/Medial
GCTGCAGTCCATTTCA-1,-2.6355407,6.761794,Marginal
GCTGCAGTCCGGGACT-1,-2.4574575,7.1649227,Marginal
GCTTCACAGACTTGTC-1,1.9851222,6.6563845,Oval/Medial
GCTTCACAGTACAACA-1-1,5.494889,8.392283,Oval/Medial
GCTTCACCAAGCTACT-1-1,4.510742,7.68801,Oval/Medial
GCTTGGGCACGCACCA-1,2.3855915,6.810962,Oval/Medial
GCTTTCGGTGAACCGA-1,5.4394255,8.588434,Oval/Medial
GCTTTCGGTTTAGACC-1,1.4246925,7.480051,Oval/Medial
GCTTTCGTCTGACGCG-1,3.7387204,12.735802,Oval/Medial
GGAACCCCAAGCCATT-1,1.8960853,2.2527165,Lateral
GGAACCCGTCAGGAGT-1,2.351781,9.490802,Oval/Medial
GGAACCCGTCCACGCA-1,4.4106135,8.08989,Oval/Medial
GGAACCCTCATAGGCT-1,3.839887,6.2647614,Oval/Medial
GGAACCCTCTCATAGG-1,2.9362917,11.78797,Oval/Medial
GGAATCTAGGGCAATC-1,4.686092,8.923665,Oval/Medial
GGAATCTAGTAAACGT-1,6.8088393,8.18551,Oval/Medial
GGAATCTTCTCAACGA-1,7.0947404,6.868354,Oval/Medial
GGACGTCAGCTCGCAC-1,4.896347,6.868745,Oval/Medial
GGACGTCCACACGGTC-1,-2.298937,1.932746,Hbx
GGACGTCCACCAATTG-1,0.42573944,2.5172856,Lateral
GGACGTCGTTGTGTAC-1,4.05888,9.853532,Oval/Medial
GGACGTCTCTGAGGTT-1,4.5905657,3.684643,Oval/Medial
GGAGAACAGTTGGGAC-1,4.33319,10.505516,Oval/Medial
GGAGAACGTCTGCGCA-1,-0.40191856,7.1899886,Oval/Medial
GGAGAACTCTAGTCAG-1,3.66786,10.992992,Oval/Medial
GGAGATGCACGTAACT-1,-2.0605247,7.1324673,Marginal
GGAGATGGTCAGTCCG-1,5.349808,7.2317314,Oval/Medial
GGAGCAAAGAAATTCG-1,6.0793905,4.73542,Oval/Medial
GGAGGATGTCAGACGA-1,3.803317,9.296024,Oval/Medial
GGAGGTAGTATACCCA-1,3.9756842,10.019866,Oval/Medial
GGAGGTATCCGAGGCT-1,3.6197338,10.8357115,Oval/Medial
GGATGTTCAACAAGTA-1,-2.025937,7.432789,Marginal
GGATGTTCATCATCCC-1,3.4805107,9.087743,Oval/Medial
GGATGTTCATTGACCA-1,1.9235318,3.8075433,Lateral
GGATGTTGTACCGCGT-1,7.052194,6.985361,Oval/Medial
GGATGTTGTTCTCCCA-1,3.4304874,4.6866345,Oval/Medial
GGCACGTTCATTTGCT-1,4.273094,7.5466356,Oval/Medial
GGCGTCAGTTTCTATC-1,4.4558587,9.792032,Oval/Medial
GGCTGTGGTCCAAAGG-1,0.03706763,7.6884375,Oval/Medial
GGCTGTGTCAATCAGC-1,4.9604864,10.770501,Oval/Medial
GGCTTGGGTATCACGT-1,2.6661575,10.568084,Oval/Medial
GGCTTTCAGCAACTTC-1,-2.1057,0.042123847,Hbx
GGCTTTCAGCCATTTG-1,4.4317894,7.107526,Oval/Medial
GGCTTTCTCGGCTTGG-1,5.043699,4.71897,Oval/Medial
GGGAAGTAGGACAGTC-1,3.9720252,7.9125366,Oval/Medial
GGGAAGTTCTCCTGTG-1,3.7363887,6.9226313,Oval/Medial
GGGACAAAGGAAGTGA-1,8.56529,7.195295,Oval/Medial
GGGACAAAGTACCCTA-1,3.1972868,6.950877,Oval/Medial
GGGACAACAGAGCCCT-1,2.2868986,9.620108,Oval/Medial
GGGACAAGTATGCAAA-1,4.478365,6.908782,Oval/Medial
GGGACCTAGGACGCAT-1,3.8637102,4.4645476,Oval/Medial
GGGACCTAGGTTACAA-1,3.341068,9.642426,Oval/Medial
GGGACTCGTCGTCAGC-1,-0.055019688,3.4716728,Oval/Medial
GGGACTCGTGCAGGAT-1,7.400427,6.5407424,Oval/Medial
GGGATCCTCCCTCTCC-1,2.0730999,1.5528396,Lateral
GGGATCCTCGCCTCTA-1,5.9621468,3.8840394,Oval/Medial
GGGATCCTCTATGCCC-1-1,0.76189864,9.680146,Oval/Medial
GGGATGAAGGAATTAC-1,5.000319,7.5932198,Oval/Medial
GGGATGACATGACTGT-1,6.2042904,2.4285645,Oval/Medial
GGGATGAGTATCTTCT-1,3.4742374,6.5623736,Oval/Medial
GGGCCATAGTTCATGC-1,5.6174526,9.423035,Oval/Medial
GGGCCATCACAAGCTT-1,4.5488133,7.6189137,Oval/Medial
GGGCCATCATTCAGCA-1,3.282664,6.3677526,Oval/Medial
GGGCTACAGGATGGCT-1,1.2383072,2.724522,Lateral
GGGCTACAGTCATCGT-1,4.9061537,8.1757345,Oval/Medial
GGGCTACCAAGATTGA-1,-0.8884371,6.0430903,Oval/Medial
GGGCTACCATTGAAAG-1,1.7256942,6.2841454,Oval/Medial
GGGCTCAAGTTTCAGC-1,3.4226406,9.123288,Oval/Medial
GGGTAGACATGGGCAA-1,1.3402989,2.6830068,Lateral
GGGTAGAGTGAACCGA-1,3.029808,9.616974,Oval/Medial
GGGTATTCACTCATAG-1,5.8344917,7.3749695,Oval/Medial
GGGTATTTCAAATAGG-1,-3.4237034,5.3939986,Marginal
GGGTCACCACGAAGAC-1,5.2078643,2.5733638,Oval/Medial
GGGTCTGCAAACTCTG-1,3.8312008,12.653041,Oval/Medial
GGGTCTGGTCAGACTT-1,-1.4351811,0.91386414,Hbx
GGGTCTGGTTCGTAAC-1,4.6606755,11.327496,Oval/Medial
GGGTGAACAAACAGGC-1,-1.594695,1.8587053,Hbx
GGGTTATCACTCACTC-1,3.829721,10.093629,Oval/Medial
GGGTTTAAGTCACAGG-1,1.2390887,2.357769,Lateral
GGGTTTACAGGAAGTC-1,3.2232833,10.036455,Oval/Medial
GGTAACTAGTAGTCAA-1,6.1155396,6.3274364,Oval/Medial
GGTAACTGTCGAGTTT-1,4.057157,6.464201,Oval/Medial
GGTAACTTCAAGGTGG-1,7.25903,5.835899,Oval/Medial
GGTAACTTCTGAGAGG-1,3.3626792,6.09498,Oval/Medial
GGTAATCGTAGGAAAG-1,3.1496394,12.498373,Oval/Medial
GGTAATCGTGTTGCCG-1,5.919299,2.5670364,Oval/Medial
GGTAGAGCACCCTAAA-1,6.359923,6.2761726,Oval/Medial
GGTCACGAGAAGCCAC-1,4.1795187,7.1476526,Oval/Medial
GGTCACGAGATTCGAA-1,-3.6293254,7.0373507,Marginal
GGTCACGCACTACCGG-1,5.1706038,10.394826,Oval/Medial
GGTCACGCAGGTATGG-1,2.3163545,9.877534,Oval/Medial
GGTCACGGTACCCAGC-1,6.344838,8.200292,Oval/Medial
GGTGAAGGTTAGTCGT-1,4.4392385,8.331718,Oval/Medial
GGTGATTTCCGTGGTG-1,6.297715,7.9601645,Oval/Medial
GGTGGCTAGAGACAAG-1,3.3221087,9.58067,Oval/Medial
GGTGGCTAGAGGCGGA-1,5.431736,9.4050865,Oval/Medial
GGTGGCTGTGTGCTTA-1,4.933379,6.004158,Oval/Medial
GGTGGCTTCCGACAGC-1,5.35413,2.8691301,Oval/Medial
GGTGTCGCATCATGAC-1,-2.5803967,7.6128893,Marginal
GGTGTTAGTCGCACGT-1,3.9086974,8.371499,Oval/Medial
GGTGTTAGTTCCGGTG-1,3.4891622,6.470722,Oval/Medial
GGTGTTATCATTTGGG-1,1.1971462,6.656059,Oval/Medial
GGTTAACCAGACCAGA-1,-0.36514747,6.2373896,Oval/Medial
GGTTCTCAGTGTTCAC-1,-1.2719854,1.837071,Hbx
GGTTCTCGTACTGCGC-1,4.6998863,6.5815735,Oval/Medial
GGTTCTCTCAAGGACG-1,2.182601,6.4641075,Oval/Medial
GGTTGTAGTACAGTCT-1,4.6388574,10.339742,Oval/Medial
GTAACCACAGAGGGTT-1,5.6314664,8.057559,Oval/Medial
GTAACCAGTACGTTCA-1,5.279408,2.854186,Oval/Medial
GTAACCATCTGGGCAC-1,3.0067966,10.233185,Oval/Medial
GTAATGCTCTGAGATC-1,4.0209217,7.6454206,Oval/Medial
GTACAACAGGAACGTC-1,5.5724406,6.5375504,Oval/Medial
GTACAACCACCGGCTA-1,4.8312154,10.29574,Oval/Medial
GTACAACTCATTTGGG-1,5.3328075,3.2966802,Oval/Medial
GTACAGTGTGATATAG-1,5.1893754,6.4484906,Oval/Medial
GTACAGTTCCCGTTGT-1,1.6521418,1.8674899,Lateral
GTAGAAAAGCTGGCTC-1,5.061124,6.628767,Oval/Medial
GTAGAGGCAGACCTAT-1,3.2428048,9.863304,Oval/Medial
GTAGATCAGGCATGGT-1,-1.0769058,1.106076,Hbx
GTAGATCCATTGAAGA-1,-3.2040079,6.7146745,Marginal
GTAGATCGTAAGATTG-1,2.4926322,10.561388,Oval/Medial
GTAGCTAAGTAAATGC-1,-2.0421648,1.4615109,Hbx
GTAGCTAGTGCACATT-1,3.5812078,9.518557,Oval/Medial
GTAGGAGTCATTACTC-1,2.985556,11.095986,Oval/Medial
GTAGGTTAGTATGGAT-1,4.944643,11.412578,Oval/Medial
GTAGGTTCATCATTGG-1,3.888358,9.454261,Oval/Medial
GTAGTACAGAACGCGT-1,3.0955403,11.714189,Oval/Medial
GTAGTACCAGACCGCT-1,1.6573935,3.24848,Lateral
GTAGTACGTGTCATGT-1,6.418262,6.0894003,Oval/Medial
GTAGTACGTTACGCCG-1,2.900616,11.501854,Oval/Medial
GTATTTCTCACATACG-1,0.43398687,2.888008,Lateral
GTCAAACAGACGAAGA-1-1,4.119977,6.5028405,Oval/Medial
GTCAAACCAACGAGGT-1,-1.8472582,1.4592983,Hbx
GTCAAACCACGTGAGA-1,6.366631,5.8198576,Oval/Medial
GTCAAACTCCACATAG-1,2.70801,12.147784,Oval/Medial
GTCACGGCATGGAACG-1,-1.1885318,6.747647,Oval/Medial
GTCACGGGTCCTGGGT-1,4.847854,6.6992726,Oval/Medial
GTCACTCGTGGGAGAG-1,5.1727576,11.756658,Oval/Medial
GTCATCCTCCGTAGGC-1,3.168514,10.043529,Oval/Medial
GTCATGATCGTTCTAT-1,6.0686502,6.3373475,Oval/Medial
GTCATTTAGGTCATAA-1,5.702767,8.76191,Oval/Medial
GTCATTTAGTAATTGG-1,-1.3128645,1.3035434,Hbx
GTCCACTAGACGAGCT-1,4.1045184,7.240214,Oval/Medial
GTCCACTCAATTGGTC-1,2.5454223,10.74613,Oval/Medial
GTCCACTCATGCCGAC-1,4.058311,9.243672,Oval/Medial
GTCCACTTCCGTAGTA-1-1,4.359591,9.451697,Oval/Medial
GTCCCATTCTATCCAT-1,4.9444017,9.499225,Oval/Medial
GTCGAATCAACAGTGG-1,2.2832806,5.269469,Marginal
GTCGCGACAATCTCTT-1,4.5789447,3.8789914,Oval/Medial
GTCGTAACACGACTAT-1,4.8462024,6.2575374,Oval/Medial
GTCGTTCAGCTGAGTG-1,4.7391357,7.157068,Oval/Medial
GTCTAGAGTCGTACAT-1,5.796385,4.9135613,Oval/Medial
GTCTAGAGTGCGCTCA-1,5.6775117,6.127775,Oval/Medial
GTCTAGAGTTATGACC-1,4.662191,9.442554,Oval/Medial
GTCTCACCAGCACCCA-1,-1.8727381,6.9875593,Marginal
GTCTCACGTTGTACGT-1,4.9203916,3.225089,Oval/Medial
GTCTCACTCTTAATCC-1,6.5250435,1.9262744,Oval/Medial
GTCTGTCAGTCACTCA-1,5.538208,9.682684,Oval/Medial
GTCTGTCTCTTCCCGA-1,4.799637,7.923424,Oval/Medial
GTCTTTAAGGAACGCT-1,1.9325526,7.1478853,Oval/Medial
GTCTTTACACGCTATA-1,5.3964195,6.721315,Oval/Medial
GTGACGCGTATTGGCT-1-1,0.03680987,2.5760033,Lateral
GTGACGCGTCAACATC-1,3.6406884,7.100622,Oval/Medial
GTGACGCTCGAATGCT-1,4.8788247,11.142339,Oval/Medial
GTGAGCCGTCAACACT-1,-1.2628407,1.3814721,Hbx
GTGAGCCGTCTGTAGT-1,-1.7582779,2.430883,Hbx
GTGAGCCGTGACGTCC-1,-4.0788,7.6172566,Marginal
GTGAGCCGTGCTCTTC-1,2.525598,9.947505,Oval/Medial
GTGAGCCTCTGAGAAA-1,-1.9340582,1.115371,Hbx
GTGAGGAAGCACCGAA-1,4.405783,10.642144,Oval/Medial
GTGAGGACACCTATCC-1,5.945471,11.463419,Oval/Medial
GTGAGTTAGCAAATGT-1,5.2515736,10.305377,Oval/Medial
GTGAGTTAGGAATTAC-1,5.218078,9.556094,Oval/Medial
GTGAGTTAGTGGTTAA-1,4.819898,6.945849,Oval/Medial
GTGAGTTGTGATAGAT-1,-2.163259,1.0162365,Hbx
GTGATGTCAACCGTGC-1,4.54904,10.428183,Oval/Medial
GTGCAGCGTCCATAGT-1,7.89859,6.4708447,Oval/Medial
GTGCAGCTCCATTCGC-1,4.951659,10.407991,Oval/Medial
GTGCGTGGTTGAAGTA-1,4.386486,10.426554,Oval/Medial
GTGCTGGAGACCTTTG-1,5.1035976,11.786428,Oval/Medial
GTGCTGGAGGTACCTT-1,3.6699572,6.8080063,Oval/Medial
GTGCTGGCATCCTTGC-1-1,6.3283014,8.326341,Oval/Medial
GTGCTTCAGTTACGGG-1,4.7386293,10.147184,Oval/Medial
GTGCTTCCAGGCGTTC-1,1.7227051,7.513247,Oval/Medial
GTGCTTCTCTAGTCAG-1,3.0504725,7.8066354,Oval/Medial
GTGGAAGTCGAACTCA-1,5.2319202,5.966252,Oval/Medial
GTGGAAGTCTCAACCC-1,5.410607,3.9300547,Oval/Medial
GTGGAGAAGACTACCT-1,2.9567049,9.656984,Oval/Medial
GTGGAGACAAGTTCCA-1,5.91049,8.34174,Oval/Medial
GTGGAGACACGTATAC-1,5.5532594,7.983087,Oval/Medial
GTGGAGACAGGTACGA-1,1.2465866,2.5902352,Lateral
GTGGAGATCTTGTTAC-1,4.6773624,3.811465,Oval/Medial
GTGGCGTGTTGTCAGT-1,4.2016554,6.7007337,Oval/Medial
GTGGGAATCCCATAGA-1,3.5053558,6.2084956,Oval/Medial
GTGGTTAAGTGCTCAT-1,-1.9576575,-0.38026303,Hbx
GTGTAACTCTTCTCAA-1,5.0987926,3.902627,Oval/Medial
GTGTGATCAACCGACC-1,-2.3311076,3.5975406,Hbx
GTGTGATCAGTGTATC-1,5.927518,8.607534,Oval/Medial
GTGTGATGTAGAGACC-1,4.7898493,6.5539303,Oval/Medial
GTGTGGCCAGGCTTGC-1,-1.405308,6.8453197,Oval/Medial
GTGTTCCAGCGTGCCT-1,4.8514824,8.009879,Oval/Medial
GTGTTCCCACAGCTGC-1,4.242334,6.6974335,Oval/Medial
GTTACAGAGATGAACT-1,1.9985262,1.9113961,Lateral
GTTACAGAGTCCTACA-1,5.477691,2.6697109,Oval/Medial
GTTACAGGTACTCGCG-1,0.6429277,9.27718,Oval/Medial
GTTACCCGTAACACGG-1,5.7351146,6.910478,Oval/Medial
GTTACCCTCCGACATA-1,4.836008,10.951326,Oval/Medial
GTTACGAAGTACCATC-1,4.98857,10.688801,Oval/Medial
GTTACGAGTTACTCAG-1,4.9392843,9.194948,Oval/Medial
GTTAGACGTATGTCCA-1,6.199715,7.5675173,Oval/Medial
GTTAGACGTTAAACCC-1,3.9241595,9.996039,Oval/Medial
GTTAGTGTCGTCCATC-1,-1.3374255,1.7664931,Hbx
GTTATGGCAATCACGT-1,5.367221,8.451031,Oval/Medial
GTTCCGTAGCGATGAC-1,1.3888223,2.1660388,Lateral
GTTCCGTTCACAATGC-1,2.5702062,10.710717,Oval/Medial
GTTCCGTTCAGACATC-1,4.643769,3.0533342,Oval/Medial
GTTCCGTTCCTCAGAA-1,3.68797,9.434571,Oval/Medial
GTTCGCTAGAGTTCGG-1,5.7983284,9.169176,Oval/Medial
GTTCGCTAGGTAAGTT-1,3.4050167,7.3648787,Oval/Medial
GTTGAACAGCTTAGTC-1,0.45651793,7.470542,Oval/Medial
GTTGAACCAAGCGAAC-1,2.6075108,10.991741,Oval/Medial
GTTGAACGTACGACAG-1,-1.9030547,1.7449443,Hbx
GTTGAACGTAGGTCAG-1,6.64713,7.0878577,Oval/Medial
GTTGAACGTATGCGGA-1-1,1.152261,1.7078464,Lateral
GTTGCGGAGTGGGAAA-1,3.7634394,4.7200937,Oval/Medial
GTTGCGGGTCTAGGTT-1,3.8597755,7.072325,Oval/Medial
GTTGCGGGTGATGAAT-1,0.063306816,8.592733,Oval/Medial
GTTGTAGAGGTCTTTG-1,3.5732,9.369682,Oval/Medial
GTTGTAGGTAACTAAG-1,4.014864,8.92638,Oval/Medial
GTTGTCCCAATTCGTG-1,5.246655,6.510636,Oval/Medial
GTTGTCCTCAGCTAGT-1,-2.5912848,6.7927756,Marginal
GTTGTGACATCCGGCA-1,2.2358596,6.0546813,Oval/Medial
GTTGTGAGTGGGCTCT-1,4.6419325,3.4682102,Oval/Medial
GTTGTGATCCTCGATC-1,3.3237183,11.448262,Oval/Medial
GTTGTGATCCTTGACC-1,-2.3636973,1.0283515,Hbx
GTTTACTGTCCACAGC-1,2.8198814,10.4485,Oval/Medial
GTTTGGAAGGCCTGCT-1,2.1896334,2.9647048,Lateral
GTTTGGAAGTCTGCAT-1,4.398273,7.7382894,Oval/Medial
GTTTGGAGTCGCATTA-1,5.0335755,3.6148887,Oval/Medial
GTTTGGATCACTTGGA-1,6.0241423,8.852939,Oval/Medial
TAACACGAGCAACTTC-1,1.8229225,3.4972484,Lateral
TAACACGCAAGTGCAG-1,-2.1081755,1.638392,Hbx
TAACCAGAGCGGTAGT-1,-2.0278785,7.0255094,Marginal
TAACCAGTCCGACATA-1,3.9383302,4.4900565,Oval/Medial
TAACTTCAGCACGATG-1,3.481845,4.5723367,Oval/Medial
TAACTTCAGCCATATC-1,5.8866706,7.072561,Oval/Medial
TAACTTCAGGCTCTCG-1,4.7699246,10.675999,Oval/Medial
TAACTTCTCAACGTGT-1,3.950279,10.108077,Oval/Medial
TAAGCACAGCACTTTG-1,5.198375,7.5146775,Oval/Medial
TAAGCACCAACGAGGT-1,4.467703,7.79984,Oval/Medial
TAAGCACCACAGTCCG-1,7.7689075,9.218566,Oval/Medial
TAAGCACCATCGGATT-1,4.583818,9.233288,Oval/Medial
TAAGCACGTCGCACAC-1-1,3.7139835,7.0231504,Oval/Medial
TAAGCCAGTGACACGA-1,4.147461,9.678917,Oval/Medial
TAAGCCATCTCTCGAC-1,5.2380815,3.4794662,Oval/Medial
TAAGCGTAGCATGCAG-1,6.121082,6.6057343,Oval/Medial
TAAGTCGGTAGACAAT-1,-3.1090162,7.0506124,Marginal
TAATCTCCATCCGCGA-1,6.0577326,8.154603,Oval/Medial
TAATTCCTCAAATGAG-1,-4.678643,7.69531,Marginal
TAATTCCTCAGTCCGG-1,5.3158455,9.563384,Oval/Medial
TACAACGGTATCGCTA-1,6.79617,2.0791574,Oval/Medial
TACAACGGTGTTACAC-1,1.4782711,3.4210773,Lateral
TACAACGTCCATATGG-1,3.8907168,11.125964,Oval/Medial
TACACCCAGGAATTAC-1,5.134712,10.841853,Oval/Medial
TACACCCGTTCAAGTC-1,5.8445354,8.312886,Oval/Medial
TACAGGTAGTACAGAT-1,0.05853501,5.471968,Oval/Medial
TACAGGTCAAACACGG-1,5.3191137,3.276246,Oval/Medial
TACAGGTGTACCAATC-1,-3.370477,7.1558213,Marginal
TACAGGTTCCTAGCGG-1,5.0932026,10.90114,Oval/Medial
TACATTCCACCTATCC-1,4.289019,7.773623,Oval/Medial
TACATTCCATCCGTTC-1,4.1855135,8.601085,Oval/Medial
TACATTCGTCGCGGTT-1,3.68505,6.266232,Oval/Medial
TACATTCGTGCGGTAA-1,5.517463,11.784375,Oval/Medial
TACCCACTCAGCTAGT-1,3.266285,6.978125,Oval/Medial
TACCCACTCGAAGGAC-1,-1.667234,1.3805547,Hbx
TACCCGTAGGCCTAGA-1,6.5588107,6.979724,Oval/Medial
TACCGAAAGTTGGACG-1,-2.1622112,1.2837334,Hbx
TACCGAACACCTGTCT-1,5.139424,10.466935,Oval/Medial
TACCTCGTCCATTCGC-1,-3.380548,6.514378,Marginal
TACCTCGTCCATTGGA-1,-2.0586255,1.1340383,Hbx
TACCTGCGTTAAGCAA-1,-1.9729322,2.689872,Hbx
TACCTGCTCTATTCGT-1,4.6936965,8.024766,Oval/Medial
TACGCTCAGTCATGAA-1,1.3477186,4.978519,Oval/Medial
TACGCTCCAATGTTGC-1,3.7208781,6.9159465,Oval/Medial
TACGCTCGTCCCAAAT-1-2,6.895192,8.214494,Oval/Medial
TACGGGCAGCGCAATG-1,0.9575162,8.255174,Oval/Medial
TACGGTACAAATCCCA-1,3.281214,10.19485,Oval/Medial
TACGTCCAGCTGAGTG-1,6.926638,5.994199,Oval/Medial
TACGTCCTCACTTGTT-1,3.6860023,8.818896,Oval/Medial
TACTGCCCACCCGTAG-1-1,-1.3903743,1.0458032,Hbx
TACTGCCGTGCCTACG-1,1.2379384,3.2686613,Lateral
TACTTACAGTGCGTCC-1,5.453852,9.996266,Oval/Medial
TACTTACCAGACCTGC-1,5.7495136,7.791497,Oval/Medial
TACTTACCATTCTTCA-1,-2.0427935,0.763333,Hbx
TACTTACGTCATCAGT-1,5.6676426,7.5632753,Oval/Medial
TACTTACGTGATAGAT-1,-1.2483077,4.5590343,Oval/Medial
TACTTCACACGGAAGT-1,-1.6399199,3.5749555,Hbx
TACTTGTTCAGCCCAG-1,1.0346733,3.151947,Lateral
TAGACCAAGGAGCAAA-1,2.8792734,9.802841,Oval/Medial
TAGACCAGTTATCCAG-1,0.6416154,3.0940814,Lateral
TAGACTGAGACTGAGC-1,4.943514,6.926183,Oval/Medial
TAGACTGAGGGTGAGG-1,-1.5429695,2.470497,Hbx
TAGACTGAGTCTTCGA-1,4.4268584,9.742165,Oval/Medial
TAGACTGCAGGTCCCA-1,0.0010965824,4.831219,Oval/Medial
TAGACTGGTACTTGTG-1,5.8907995,8.069572,Oval/Medial
TAGACTGGTCACCTTC-1,4.0247483,7.450346,Oval/Medial
TAGACTGTCCGGACGT-1,6.1079044,6.5142264,Oval/Medial
TAGAGTCTCGGCATCG-1,-2.2502148,6.524873,Marginal
TAGATCGAGGAACTCG-1,3.2596302,10.993412,Oval/Medial
TAGCACAAGCTACGTT-1,4.2121778,9.255105,Oval/Medial
TAGGAGGAGAGTCTTC-1,6.1608233,12.571502,Oval/Medial
TAGGAGGTCTTACCGC-1,4.1903105,7.413534,Oval/Medial
TAGGGTTCAAACAGGC-1,7.338086,7.2855635,Oval/Medial
TAGGGTTCAACGGTAG-1,-2.7392225,7.090182,Marginal
TAGGTACAGTTGGAAT-1,2.826555,11.449421,Oval/Medial
TAGGTACTCACCTTAT-1,0.28181875,6.7014704,Oval/Medial
TAGGTTGAGTATGATG-1-1,3.7432988,8.096762,Oval/Medial
TAGGTTGGTGCTATTG-1,6.2572193,8.601047,Oval/Medial
TAGGTTGTCCGCTGTT-1,3.7801545,7.966854,Oval/Medial
TAGTGCATCAATCGGT-1,3.2343888,6.512004,Oval/Medial
TATACCTCAAGATGTA-1,2.8900352,10.1989765,Oval/Medial
TATACCTCACCATAAC-1,1.2590038,3.0154676,Lateral
TATATCCAGCGCGTTC-1,-2.2290285,6.2677426,Marginal
TATATCCAGGTCGTAG-1,2.526915,10.860201,Oval/Medial
TATATCCTCTGTGCTC-1,2.0733106,6.7378736,Oval/Medial
TATCAGGAGGAGAATG-1,5.316665,7.982619,Oval/Medial
TATCAGGTCGTCAGAT-1,4.3746414,7.5797286,Oval/Medial
TATCAGGTCTCCGCAT-1,5.4062023,4.033949,Oval/Medial
TATCGCCTCACCTCTG-1,-2.7733603,5.1685886,Marginal
TATCGCCTCGGATAAA-1-1,4.557148,6.3897676,Oval/Medial
TATCTGTCAAGCTGCC-1,3.2679229,10.595543,Oval/Medial
TATCTTGAGATGCTAA-1,5.8959703,8.753111,Oval/Medial
TATCTTGCACCCAAGC-1,5.822488,6.093896,Oval/Medial
TATCTTGGTACCATAC-1,5.814189,8.569844,Oval/Medial
TATCTTGGTTCCATTT-1,5.8424573,4.076578,Oval/Medial
TATCTTGTCATGCCAA-1,3.398693,10.095558,Oval/Medial
TATGTTCCAAGCGGAT-1,-3.5618815,7.846302,Marginal
TATGTTCCACTACCCT-1,5.5395255,10.594536,Oval/Medial
TATGTTCGTGTGGTCC-1,5.492827,11.106572,Oval/Medial
TATTCCAGTTCGGCGT-1,3.49724,9.735129,Oval/Medial
TATTCCAGTTGTCATG-1,2.0948377,7.9967,Oval/Medial
TATTGCTAGACTAGAT-1,5.5929694,2.5047808,Oval/Medial
TATTGCTCAACGGCCT-1,3.2666233,11.80249,Oval/Medial
TATTGGGGTTAAGGGC-1,4.635603,7.958561,Oval/Medial
TATTGGGGTTAGGCCC-1,4.8147616,9.615058,Oval/Medial
TATTTCGTCGCCGAGT-1,3.2244074,2.6464546,Lateral
TCAAGACGTCTGTGCG-1,3.1167328,11.689423,Oval/Medial
TCAAGACGTGGCGTAA-1,4.487282,9.804679,Oval/Medial
TCAAGCAAGCTAGCCC-1,3.5025308,9.56619,Oval/Medial
TCAAGCACATGCCGGT-1,2.6177206,12.0364,Oval/Medial
TCAAGTGTCAGCTCTC-1-1,4.052458,7.096002,Oval/Medial
TCAATCTTCTTGGTCC-1,3.6678028,8.998908,Oval/Medial
TCAATTCAGGTACTGG-1,5.141221,8.625128,Oval/Medial
TCAATTCGTGAGATTA-1,4.171293,7.9776196,Oval/Medial
TCAATTCTCGGCATTA-1,3.4092312,11.159069,Oval/Medial
TCACAAGCAGCCGTTG-1-1,5.5274916,2.8257813,Oval/Medial
TCACAAGCATACAGCT-1,6.1693234,7.4723606,Oval/Medial
TCACAAGGTGGACCAA-1,3.4824014,12.525041,Oval/Medial
TCACAAGTCTCGGTCT-1,4.842016,3.9975936,Oval/Medial
TCACATTAGCTGGAGT-1,5.537966,8.519655,Oval/Medial
TCACATTCAGGTGGAT-1,4.815061,7.366995,Oval/Medial
TCACATTGTGGCTGCT-1,5.6153474,2.7510982,Oval/Medial
TCACGCTAGCCGATTT-1,-1.7578214,5.2469897,Oval/Medial
TCACGCTCAGCGCGTT-1,4.8827095,11.01431,Oval/Medial
TCACGCTCAGTTCTAG-1,5.683386,2.559555,Oval/Medial
TCACGCTTCGTGGCGT-1,4.5894027,7.888111,Oval/Medial
TCACTATAGGTAAGAG-1,5.0880866,9.363453,Oval/Medial
TCACTATGTTGCATAC-1,-2.1226068,0.9419662,Hbx
TCAGCAAAGAGTACCG-1,5.2551484,6.7965746,Oval/Medial
TCAGCAAAGGAACATT-1,5.5472164,9.300325,Oval/Medial
TCAGCAACAGAGATTA-1,-1.0442982,1.6245785,Hbx
TCAGCCTTCTCTGGTC-1,2.4347055,3.2974918,Lateral
TCAGGGCGTACGACAG-1,4.4958625,8.685284,Oval/Medial
TCAGGTACAGTTGAAA-1,-1.664981,1.4679134,Hbx
TCAGTCCTCAACTCTT-1,5.4513845,10.38176,Oval/Medial
TCAGTTTAGGTTTACC-1,4.6887813,4.553869,Oval/Medial
TCAGTTTGTGTGTACT-1,4.404266,8.876485,Oval/Medial
TCAGTTTTCTCCCATG-1-1,0.3243674,5.9203734,Oval/Medial
TCATATCAGGCTTTCA-1,5.736546,5.890776,Oval/Medial
TCATATCCACTAGGTT-1,4.6265545,2.940058,Oval/Medial
TCATATCGTTGCGGCT-1,2.52083,3.7295845,Lateral
TCATCATCAGCTGTAT-1,5.3568425,7.2202377,Oval/Medial
TCATCATCAGTCCGTG-1,5.3700023,4.692031,Oval/Medial
TCATCCGAGTCATTGC-1,2.0979488,1.620592,Lateral
TCATCCGGTCGGCACT-1,-1.6656765,-0.05321776,Hbx
TCATCCGTCTCTGCTG-1,4.718433,9.995215,Oval/Medial
TCATGAGTCCCGAGAC-1,5.3390164,3.0118997,Oval/Medial
TCATGAGTCGCCGATG-1,4.3217354,6.6784225,Oval/Medial
TCATGCCCATCCGCGA-1-1,4.621734,3.6829298,Oval/Medial
TCATGTTAGTGAATAC-1,4.317638,7.3179493,Oval/Medial
TCATGTTCAGAGAAAG-1,-2.5161023,5.5419536,Marginal
TCATTACAGTCATACC-1,4.521395,7.867295,Oval/Medial
TCATTCACATGAGAAT-1,-4.12819,8.330412,Marginal
TCATTCACATTGAGCT-1,0.5566537,7.4761033,Oval/Medial
TCATTGTTCGCTCCTA-1,8.654174,7.1789455,Oval/Medial
TCATTGTTCTTCGTAT-1,3.011811,10.23585,Oval/Medial
TCATTTGAGACGACTG-1,4.815936,11.346501,Oval/Medial
TCATTTGAGGAAGTGA-1,5.534734,4.5929766,Oval/Medial
TCATTTGAGTAGCATA-1,4.958177,4.2242045,Oval/Medial
TCATTTGCAATTGCCA-1,4.2054553,6.119636,Oval/Medial
TCATTTGGTCCTACAA-1,-1.533598,6.7484508,Oval/Medial
TCCACCAAGAGTTGAT-1,3.2925618,9.508895,Oval/Medial
TCCACCAAGCTCGTGC-1,4.4546537,6.011217,Oval/Medial
TCCACCAAGGCCATAG-1,4.722559,10.18243,Oval/Medial
TCCACGTGTGTAACGG-1,4.395866,3.6833315,Oval/Medial
TCCAGAAAGCAAGGAA-1,3.5432355,6.6819925,Oval/Medial
TCCAGAAAGTTTCAGC-1-1,5.799655,4.006843,Oval/Medial
TCCAGAATCCTCGCAT-1,5.124571,3.4284494,Oval/Medial
TCCAGAATCGAACCAT-1,3.2782774,9.733153,Oval/Medial
TCCATCGGTACCACGC-1,-1.6350939,1.2728399,Hbx
TCCATCGGTACGGTTT-1,3.72492,9.780437,Oval/Medial
TCCATCGTCTGTCTCG-1,1.204635,3.3415563,Lateral
TCCATGCAGATGACCG-1,1.656586,2.0922575,Lateral
TCCATGCAGGAGGGTG-1,5.800596,10.910328,Oval/Medial
TCCATGCCAGAAATCA-1,5.4386954,7.322845,Oval/Medial
TCCCAGTAGACCCTTA-1,5.7990856,10.117976,Oval/Medial
TCCCAGTCATCGGAAG-1,4.6815467,3.572196,Oval/Medial
TCCCAGTTCCTACCGT-1,3.9126544,4.3359404,Oval/Medial
TCCCATGCAGTAGAGC-1,3.8684251,6.8671665,Oval/Medial
TCCCATGGTATCGCAT-1,-2.673614,5.8245106,Marginal
TCCCATGTCGATGCTA-1,-1.9924016,4.046187,Hbx
TCCGAAATCTCGTGAA-1,4.200298,9.667656,Oval/Medial
TCCGATCAGATGTAGT-1,4.9425387,10.620514,Oval/Medial
TCCGATCCACCCTCTA-1,6.9235573,7.0449705,Oval/Medial
TCCGATCGTTAGAGTA-1,3.2616684,10.7891865,Oval/Medial
TCCGTGTCAACGACTT-1,3.3204536,6.627447,Oval/Medial
TCCTAATCAGTTTCAG-1,6.458466,7.244104,Oval/Medial
TCCTAATGTGCAGATG-1,3.4782124,9.302068,Oval/Medial
TCCTCCCCAGTCCGTG-1,5.143341,9.757156,Oval/Medial
TCCTCCCTCCGAGTGC-1,5.2125406,8.295546,Oval/Medial
TCCTCGAGTTACGGAG-1,1.00084,2.2082934,Lateral
TCCTCGATCGCCGAAC-1,4.5681653,7.9382668,Oval/Medial
TCCTCTTCAAGATGTA-1,3.9954448,6.774432,Oval/Medial
TCCTCTTCAGTGCCTG-1,3.1094546,11.650726,Oval/Medial
TCCTGCACAATCGTCA-1,1.0337874,7.280216,Oval/Medial
TCCTGCAGTCCAAATC-1,4.2981253,11.013325,Oval/Medial
TCCTGCAGTTAGGACG-1,5.1115904,7.8505125,Oval/Medial
TCCTTCTCATTCTCTA-1,-0.3479837,5.6685266,Oval/Medial
TCCTTTCAGAGCCATG-1,0.45926377,2.2006226,Lateral
TCCTTTCTCGCCTCTA-1-1,2.0304005,7.2722135,Oval/Medial
TCGAACAAGCATGATA-1,-1.1552233,2.0061908,Hbx
TCGAACAGTAAGATCA-1,-3.1806226,5.564803,Marginal
TCGAACATCGGAAACG-1,6.305137,2.6308048,Oval/Medial
TCGAAGTTCCACCTGT-1,-2.3210979,3.0242732,Hbx
TCGAAGTTCTTAGCAG-1,5.1023674,6.4457173,Oval/Medial
TCGACCTTCCCGAGAC-1,1.9830004,2.2375698,Lateral
TCGACGGGTTTATGCG-1,4.904386,6.36819,Oval/Medial
TCGATTTCAGAACATA-1,4.196971,6.9464216,Oval/Medial
TCGATTTTCTGTCAGA-1,-2.2048984,2.081794,Hbx
TCGCACTCACTCAGAT-1,5.018349,6.160579,Oval/Medial
TCGCACTTCATACGAC-1,4.7056866,4.811342,Oval/Medial
TCGCACTTCATTGGTG-1,-0.20261419,7.1995897,Oval/Medial
TCGCAGGAGGTGGTTG-1,5.485862,3.1102924,Oval/Medial
TCGCAGGGTGATCGTT-1,-3.5752316,6.7497244,Marginal
TCGCAGGTCCTGGGAC-1,4.7485037,6.996164,Oval/Medial
TCGCTCAAGACTTAAG-1,3.4246914,10.87106,Oval/Medial
TCGCTTGCATTCCTCG-1,3.6336427,7.9499965,Oval/Medial
TCGCTTGGTGTCTTCC-1,5.36454,4.3604035,Oval/Medial
TCGCTTGTCTTAGGAC-1,5.0443993,7.886745,Oval/Medial
TCGGATAAGCCAGTAG-1,4.14458,6.9769874,Oval/Medial
TCGGATAAGGATCATA-1,2.7018266,9.657509,Oval/Medial
TCGGATAGTCACCCTT-1,5.1585836,7.0067387,Oval/Medial
TCGGGCATCAAACGAA-1,0.8773015,2.7385807,Lateral
TCGGGTGAGCACGATG-1,6.6489363,12.574126,Oval/Medial
TCGGGTGCAAGACGAC-1,3.6642015,10.184407,Oval/Medial
TCGGTCTAGCCTCTGG-1,3.3223116,9.908529,Oval/Medial
TCGGTCTGTCGTTGGC-1,-1.4690849,1.3119507,Hbx
TCGTAGACAGCCGTCA-1,1.2738805,7.6667013,Oval/Medial
TCGTAGATCCTTATGT-1,-3.1606658,6.3564525,Marginal
TCGTAGATCTCCCATG-1,5.2632217,5.6170235,Oval/Medial
TCGTCCAAGCTGAAAT-1,3.7758946,7.399583,Oval/Medial
TCGTGCTAGAGTGACC-1-1,3.2787466,4.9936647,Oval/Medial
TCGTGCTCACCTCTGT-1,4.2650304,6.640248,Oval/Medial
TCTACATAGAGAATCT-1,5.336955,9.565907,Oval/Medial
TCTACATAGTGACACG-1,5.3626895,3.009057,Oval/Medial
TCTACATGTAGGGTAC-1,4.597369,10.012512,Oval/Medial
TCTACATGTTAGGCTT-1,6.262356,6.9842224,Oval/Medial
TCTACCGAGCGCCTTG-1,5.33766,8.208017,Oval/Medial
TCTACCGAGTCTAACC-1-1,5.0871654,9.749468,Oval/Medial
TCTACCGGTCGGCTAC-1,4.8382473,6.541904,Oval/Medial
TCTACCGTCCCATTCG-1,4.947836,2.8388438,Oval/Medial
TCTATACAGGTATAGT-1,0.52417076,8.107638,Oval/Medial
TCTATACGTACATACC-1,4.8280125,3.0208142,Oval/Medial
TCTATACTCCAAATGC-1,5.7751718,10.772738,Oval/Medial
TCTATCAGTTGACGGA-1,0.7421607,5.7788982,Oval/Medial
TCTCACGTCTTTCTAG-1,3.9045794,9.701101,Oval/Medial
TCTCAGCAGAATCGAT-1,5.723777,6.0731826,Oval/Medial
TCTCAGCGTAGCGCTC-1,5.4251165,6.1424212,Oval/Medial
TCTCAGCGTTTACTGG-1,4.433517,11.01406,Oval/Medial
TCTCCGAAGCGAACTG-1,4.482169,10.157881,Oval/Medial
TCTCCGAGTGACACGA-1,6.372256,8.797814,Oval/Medial
TCTGCCACACCCTTGT-1-1,4.2361493,7.498163,Oval/Medial
TCTGGCTAGAAGAACG-1,1.682013,4.0972724,Lateral
TCTGGCTAGCCTTTGA-1,5.066433,7.6882715,Oval/Medial
TCTGGCTAGGTACCTT-1,4.7349467,10.63125,Oval/Medial
TCTGGCTCACAGGATG-1,-1.6868404,3.1664276,Hbx
TCTGGCTTCATGCATG-1,2.0812888,7.343227,Oval/Medial
TCTGTCGCAGTTTCAG-1,0.5887821,7.039412,Oval/Medial
TCTTAGTGTCTCGGAC-1,4.0751147,10.598752,Oval/Medial
TCTTAGTTCCTATTGT-1,6.143046,7.314485,Oval/Medial
TCTTCCTGTATGTCTG-1,4.648334,3.4410236,Oval/Medial
TCTTCCTGTCGTAATC-1,4.3424053,7.236012,Oval/Medial
TCTTGCGAGACCCTTA-1,4.1712346,6.762909,Oval/Medial
TCTTGCGAGCTTTGTG-1,-0.09750422,7.1396503,Oval/Medial
TCTTGCGGTATCGATC-1,5.140597,6.120951,Oval/Medial
TCTTGCGGTCCACTTC-1,1.0847723,3.127092,Lateral
TCTTGCGTCTTGCAAG-1,3.0611887,6.3485947,Oval/Medial
TCTTTGAAGTAATTGG-1,3.0847125,5.9181905,Oval/Medial
TCTTTGAAGTCAACAA-1,2.5833669,10.2740135,Oval/Medial
TGAACGTCAATAACGA-1,1.5145003,3.683295,Lateral
TGAACGTGTGACAGGT-1,5.0581183,7.6783943,Oval/Medial
TGAATGCTCGAGTCCG-1,6.5874496,8.203383,Oval/Medial
TGACAGTGTAACACGG-1,3.8053298,10.581616,Oval/Medial
TGACGCGCAGAGGACT-1,2.6388988,10.1925535,Oval/Medial
TGACTCCCAGAGTCAG-1,1.6829009,2.4197598,Lateral
TGACTCCTCGAGTCCG-1,4.4305067,10.565819,Oval/Medial
TGAGCATCAAGCCCAC-1,-1.9713901,1.8229035,Hbx
TGAGCATTCCCGAAAT-1-1,4.640136,8.432072,Oval/Medial
TGAGCATTCTACGGTA-1,3.2504714,7.573904,Oval/Medial
TGAGCGCAGATTGGGC-1,2.8373818,10.130824,Oval/Medial
TGAGCGCCAGAGACTG-1,5.037676,7.8493953,Oval/Medial
TGAGGAGAGCAGGCAT-1,-1.3710043,0.38662687,Hbx
TGAGGAGTCAGGACGA-1,3.4421487,9.655635,Oval/Medial
TGAGGGAAGAGCAGAA-1,1.0009551,6.4724565,Oval/Medial
TGAGGGACACAAACGG-1,3.5908349,7.732161,Oval/Medial
TGAGGGAGTATTTCTC-1,4.25655,10.570705,Oval/Medial
TGAGGGATCGATGCTA-1,0.3806173,7.156649,Oval/Medial
TGAGGTTAGGATTTCC-1,4.465793,10.468106,Oval/Medial
TGAGGTTCACTGCGAC-1,2.807577,10.418678,Oval/Medial
TGAGGTTTCCTACCGT-1,3.4087522,6.594021,Oval/Medial
TGAGGTTTCTGAACGT-1,3.3508642,9.570123,Oval/Medial
TGAGTCAAGACTCATC-1,6.5520153,8.819965,Oval/Medial
TGAGTCAAGAGATTCA-1-1,4.7352657,7.755593,Oval/Medial
TGAGTCAAGATGCTGG-1,3.480183,9.218957,Oval/Medial
TGAGTCACAATACGAA-1,4.1096244,7.1286373,Oval/Medial
TGAGTCACAGTCCGTG-1,4.688759,7.850892,Oval/Medial
TGAGTCAGTCCGTACG-1,0.54848653,3.0410588,Lateral
TGAGTCAGTCGTGGTC-1,1.2592154,3.2300675,Lateral
TGATCAGTCAGTGTGT-1-1,3.7431047,9.944409,Oval/Medial
TGATGCATCTACGGGC-1,2.386658,10.173282,Oval/Medial
TGATGGTAGTTGGGAC-1,7.1781154,8.404981,Oval/Medial
TGATTCTCATAATCGC-1,4.068053,7.0197754,Oval/Medial
TGATTCTCATAGAGGC-1-1,5.4295197,10.964844,Oval/Medial
TGATTTCAGCGGTAGT-1,5.299064,7.834927,Oval/Medial
TGATTTCCACGACAGA-1,7.6219244,1.128994,Oval/Medial
TGATTTCTCACAGAGG-1,3.349782,8.481488,Oval/Medial
TGCACGGCAAGTGACG-1,3.93992,6.029372,Oval/Medial
TGCACGGGTCCTACAA-1,-1.9906561,1.30405,Hbx
TGCACGGTCATTTCCA-1,4.651946,6.843709,Oval/Medial
TGCACGGTCCATCACC-1-1,0.14956605,4.830072,Oval/Medial
TGCAGATAGCGGTAGT-1,-2.9726243,7.2047806,Marginal
TGCAGATTCCACTTTA-1,-1.9928317,0.63197327,Hbx
TGCAGGCTCGGCCTTT-1,4.4866595,5.8228397,Oval/Medial
TGCAGTAGTAAGTCAA-1,3.6557956,10.658754,Oval/Medial
TGCAGTATCGTAATGC-1,4.550164,7.729707,Oval/Medial
TGCATCCGTCCTTTGC-1,-1.0557067,1.4390368,Hbx
TGCATGACAGCCCAGT-1,2.8978202,6.265537,Oval/Medial
TGCATGATCAGTGTGT-1,5.545857,8.302579,Oval/Medial
TGCCGAGCAATAGGGC-1,5.3192215,3.4748094,Oval/Medial
TGCCGAGTCCTCGCAT-1,5.7574544,8.337128,Oval/Medial
TGCGACGCAACAGATA-1,3.9795167,7.108972,Oval/Medial
TGCGACGCACCTTCCA-1,5.080083,10.714977,Oval/Medial
TGCGACGGTTTCGACA-1,4.4185734,7.5129533,Oval/Medial
TGCGATACAATGACCT-1,-1.8570337,6.640993,Oval/Medial
TGCGATATCACAGAGG-1,4.2528486,10.046082,Oval/Medial
TGCGGGTAGCAATAAC-1,5.873991,8.64417,Oval/Medial
TGCTCCAAGAGCCTGA-1,4.474108,9.626036,Oval/Medial
TGCTCCAAGCTGTCCG-1,4.1815543,4.3285146,Oval/Medial
TGCTCGTAGGAGATAG-1,4.9802685,8.685929,Oval/Medial
TGCTCGTCAATTGAGA-1,1.1880342,7.0225234,Oval/Medial
TGCTCGTTCCACACAA-1,2.5888124,10.397523,Oval/Medial
TGCTGAAAGTTACGTC-1-1,-2.2614756,6.9543877,Marginal
TGCTTGCAGGCATGGT-1,4.8171844,8.469243,Oval/Medial
TGGAACTCACTCCACT-1,1.4414665,3.462847,Lateral
TGGAGAGAGGGCGAGA-1,-0.9087611,7.5934367,Oval/Medial
TGGAGAGAGTCATCGT-1,4.8151526,8.23178,Oval/Medial
TGGAGGAGTGGTCTAT-1,-2.690709,5.369503,Marginal
TGGATGTCACTCTCGT-1,5.3968763,8.400833,Oval/Medial
TGGCGTGCACTGTGAT-1,3.6473007,9.058565,Oval/Medial
TGGCGTGTCCTAAGTG-1,3.0632906,11.241357,Oval/Medial
TGGGAAGGTCTTTCAT-1,0.6263152,6.1345367,Oval/Medial
TGGGAGAAGTGTTCAC-1,-3.1871414,6.9684105,Marginal
TGGGAGAGTAGTTAGA-1,-1.4604238,6.5286727,Oval/Medial
TGGGATTCAATCTCGA-1,4.182358,6.63738,Oval/Medial
TGGGCTGAGCGTTAGG-1,3.5369744,10.700677,Oval/Medial
TGGGCTGGTTAAGCAA-1,-2.1041906,2.237006,Hbx
TGGGCTGGTTCAAGGG-1,-2.3686142,2.154331,Hbx
TGGTACACATGACGAG-1,4.720574,7.027019,Oval/Medial
TGGTAGTAGCAGGCAT-1,-2.7342708,2.3324566,Hbx
TGGTAGTAGTTGAATG-1,4.391905,9.035407,Oval/Medial
TGGTAGTTCAGCAATC-1,5.587918,8.04122,Oval/Medial
TGGTGATCAGTGGCTC-1,-0.8761446,2.1866047,Hbx
TGGTTAGAGGTTGACG-1,5.1477356,10.5179405,Oval/Medial
TGGTTAGCAGGCTTGC-1,6.131418,2.4858108,Oval/Medial
TGGTTAGTCATGGATC-1-1,-1.9670385,7.390206,Marginal
TGTAACGAGTCCGCGT-1,5.112379,10.512587,Oval/Medial
TGTAAGCAGCACGTCC-1,4.8385487,10.595995,Oval/Medial
TGTAAGCCATGGAAGC-1,1.6276593,7.7860274,Oval/Medial
TGTAAGCGTTGACTGT-1,3.9885578,6.9627748,Oval/Medial
TGTACAGAGCTAAATG-1,-3.7269363,7.5444555,Marginal
TGTACAGAGGAACGCT-1,5.098792,7.470939,Oval/Medial
TGTACAGAGGGTATAT-1,6.134214,6.452301,Oval/Medial
TGTACAGAGTTGGCTT-1,5.1547704,9.782187,Oval/Medial
TGTACAGCACCCTGTT-1,3.5899491,11.40127,Oval/Medial
TGTACAGCACTTCCTG-1,-2.214434,3.143697,Hbx
TGTACAGGTGATATAG-1,3.9736102,6.334416,Oval/Medial
TGTAGACCAAGGGTCA-1,-2.1119194,7.6221123,Marginal
TGTCAGAAGAACAAGG-1,2.8565261,9.49343,Oval/Medial
TGTCAGAAGGTTTACC-1,3.3427062,7.7852383,Oval/Medial
TGTCAGACATGCAGGA-1,4.570604,7.5731587,Oval/Medial
TGTCAGAGTCCGCAGT-1,0.31989115,2.4379585,Lateral
TGTCCACCAAGCGCTC-1,4.667662,9.371127,Oval/Medial
TGTCCACCATGACGTT-1,5.968566,9.673238,Oval/Medial
TGTCCCATCCGCGAGT-1,-0.5894256,7.057478,Oval/Medial
TGTCCTGAGCCAGTAG-1,5.426435,11.338473,Oval/Medial
TGTCCTGTCACGTAGT-1,1.0170908,3.095895,Lateral
TGTGAGTAGCGAGGAG-1,-2.7719436,7.117469,Marginal
TGTGAGTGTATCACCA-1,-1.9777249,1.4907591,Hbx
TGTGATGAGGATATGT-1-1,4.252342,9.188704,Oval/Medial
TGTGATGAGGATTTAG-1,5.234891,6.896272,Oval/Medial
TGTGCGGGTAGTCTGT-1,-3.9999216,7.3823295,Marginal
TGTGCGGGTCAGGTAG-1,6.2781663,8.196552,Oval/Medial
TGTGCGGTCAGCTTGA-1,2.0743384,6.176688,Oval/Medial
TGTGGCGAGCTGTACT-1,5.6325927,12.02346,Oval/Medial
TGTGGCGCACGCAGTC-1,3.9627242,10.543501,Oval/Medial
TGTGGCGGTCAAAGTA-1,-2.3590744,6.839409,Marginal
TGTGTGATCGGCCTTT-1,5.4887495,7.7733064,Oval/Medial
TGTTACTGTTCCCACT-1,3.6390686,6.6941514,Oval/Medial
TGTTCCGAGCAACAGC-1,-0.40065676,6.544265,Oval/Medial
TGTTCCGAGGATTTAG-1,4.6925826,10.723861,Oval/Medial
TGTTCTAAGATTGATG-1,4.7307262,10.216481,Oval/Medial
TGTTCTACAATACCCA-1,2.5963368,9.78151,Oval/Medial
TGTTCTAGTTCCTAAG-1,3.763948,9.719933,Oval/Medial
TGTTCTATCGAACACT-1,4.023623,9.9398575,Oval/Medial
TGTTGAGTCCCTTGGT-1,4.942928,6.5701065,Oval/Medial
TGTTGGAAGGAAGAAC-1,4.5117736,4.239612,Oval/Medial
TGTTGGAAGTTCCTGA-1,4.9108253,10.6257925,Oval/Medial
TGTTTGTAGTCATGAA-1,5.2181873,4.2771115,Oval/Medial
TTAATCCAGAAAGTCT-1,3.7016084,10.986946,Oval/Medial
TTAATCCAGATTGTGA-1,4.1385355,10.315234,Oval/Medial
TTAATCCCACAAGCTT-1,4.70554,12.003617,Oval/Medial
TTAATCCTCCGCGATG-1,5.3230257,10.797441,Oval/Medial
TTACAGGGTATCGCGC-1,6.734083,12.456348,Oval/Medial
TTACAGGGTCCAAGAG-1,3.6043367,7.0076966,Oval/Medial
TTACAGGGTGGTCCGT-1,2.8627264,6.9736176,Oval/Medial
TTACAGGGTTCGTGCG-1,4.234645,7.4515815,Oval/Medial
TTACCATGTCTCTCCA-1,2.9182,10.654974,Oval/Medial
TTACCGCGTAGCTGTT-1,2.4478428,10.063171,Oval/Medial
TTACGCCAGTAACGTA-1,1.9288442,4.1249337,Lateral
TTACGCCGTATCCTCC-1,1.1649387,7.887384,Oval/Medial
TTACGCCTCTCGACGG-1,-1.9558854,7.0049973,Marginal
TTACGTTGTGCATTAC-1,2.0387185,2.7027118,Lateral
TTACTGTAGGCCGCTT-1,3.9014049,7.9529285,Oval/Medial
TTAGGCACAATAGTCC-1,2.7693868,11.329822,Oval/Medial
TTAGGCAGTGAACCGA-1,-0.603086,8.456665,Oval/Medial
TTAGGCAGTGTGCCTG-1,2.3320296,6.312236,Oval/Medial
TTAGGCATCATGCAGT-1,5.7073507,2.5956833,Oval/Medial
TTAGGGTCAGCACAAG-1,5.07331,7.0018735,Oval/Medial
TTAGGGTGTATAGGAT-1,4.06374,11.954619,Oval/Medial
TTAGGGTTCAAAGGAT-1,4.886931,10.994161,Oval/Medial
TTAGTCTGTAAGTTAG-1,4.7725735,3.6235301,Oval/Medial
TTATTGCAGGCCCACT-1,1.5904922,3.5668077,Lateral
TTATTGCCAAATTGGA-1,3.6672668,8.5426855,Oval/Medial
TTATTGCGTAGCACAG-1,5.396685,7.124794,Oval/Medial
TTATTGCTCGAACCAT-1,5.8028283,7.8586316,Oval/Medial
TTATTGCTCTGCTGAA-1,1.6748904,2.5701,Lateral
TTCAATCTCCATGCAA-1,4.71273,6.948907,Oval/Medial
TTCAATCTCTTGTTAC-1-1,0.6392859,6.764367,Oval/Medial
TTCACCGAGCCGTAAG-1,0.8824214,2.8191717,Lateral
TTCACCGTCTATACGG-1,2.679301,11.456001,Oval/Medial
TTCACGCCAGCTACCG-1,5.67121,6.4757915,Oval/Medial
TTCAGGAAGTTGAAAC-1,4.203004,8.783217,Oval/Medial
TTCATGTGTACCCACG-1,5.938519,6.1973214,Oval/Medial
TTCATGTGTCCGGTCA-1-1,2.4573984,4.8690276,Oval/Medial
TTCATTGGTCCACTTC-1,4.5801415,11.013896,Oval/Medial
TTCATTGGTCTAGGCC-1,8.692608,7.376815,Oval/Medial
TTCCAATGTGACTGTT-1,4.161148,10.806465,Oval/Medial
TTCCACGCAAAGGCGT-1,0.29371583,7.7095413,Oval/Medial
TTCCACGCAAGGTCGA-1,3.5275004,6.762745,Oval/Medial
TTCCACGGTATCGATC-1,1.9225317,4.3661795,Lateral
TTCCGGTGTGGCATCC-1,4.1152153,10.957672,Oval/Medial
TTCCGTGAGGATGAGA-1,0.96408594,5.720114,Oval/Medial
TTCCGTGAGGCTTAGG-1,-2.3310502,4.9238787,Marginal
TTCCGTGGTGATAGTA-1,3.9916608,10.498143,Oval/Medial
TTCCTAAAGGACAGTC-1,0.34250504,4.105548,Oval/Medial
TTCCTAAAGTCACGCC-1,4.694252,10.895216,Oval/Medial
TTCCTAACACGCTATA-1,4.7312717,10.377142,Oval/Medial
TTCCTCTCAGTTGTTG-1,5.129166,2.7900481,Oval/Medial
TTCGATTCACAATCTG-1,4.1925063,7.925952,Oval/Medial
TTCGATTGTCGTCTCT-1,-2.1108003,2.0367267,Hbx
TTCGGTCCAGTCCCGA-1,2.9805348,10.682418,Oval/Medial
TTCTAACGTAGGCAAC-1,1.1298827,2.3864381,Lateral
TTCTAGTGTGCATTTG-1,3.0322797,5.5882554,Oval/Medial
TTCTCTCAGGGATCGT-1,1.3333392,9.244685,Oval/Medial
TTCTCTCCAGAAACCG-1,-2.3900213,-0.15108182,Hbx
TTCTGTAAGAATAACC-1,4.809329,2.8410976,Oval/Medial
TTCTGTACACACGCCA-1-1,3.4403782,12.2686825,Oval/Medial
TTCTTCCAGCAGTCTT-1,5.3234982,8.2543955,Oval/Medial
TTCTTCCTCCTGTTGC-1,5.540931,7.87761,Oval/Medial
TTCTTGACAATCCAGT-1,3.3101509,7.3541965,Oval/Medial
TTCTTGAGTCTCAGAT-1,6.0042634,6.8512063,Oval/Medial
TTCTTGAGTTCTCGCT-1,3.4878242,7.564524,Oval/Medial
TTGACCCCAGCAGGAT-1,3.6159775,6.816544,Oval/Medial
TTGACCCGTATCGTTG-1,4.008148,10.539199,Oval/Medial
TTGACCCGTTCATCTT-1,1.9752294,3.6014543,Lateral
TTGACCCGTTGGGTAG-1,4.6916513,3.2633598,Oval/Medial
TTGACCCTCCCTATTA-1,5.7411995,11.62485,Oval/Medial
TTGAGTGCATTCCTCG-1,4.676932,11.648185,Oval/Medial
TTGATGGAGATGCTAA-1,0.942496,2.867239,Lateral
TTGATGGCACGTTGGC-1,4.8119183,3.402043,Oval/Medial
TTGATGGTCTTACGTT-1,2.5103447,11.415533,Oval/Medial
TTGCATTAGGTCATAA-1,5.9337234,8.182174,Oval/Medial
TTGCATTCAACACAAA-1,0.67640597,2.5766428,Lateral
TTGCATTGTCCAAAGG-1,5.1768746,9.795841,Oval/Medial
TTGCCTGTCATGTCAG-1-1,7.5293107,8.210338,Oval/Medial
TTGCCTGTCATTCACT-1,5.464953,8.251553,Oval/Medial
TTGCCTGTCATTTGTC-1,3.810054,7.79349,Oval/Medial
TTGCCTGTCGCAAGAG-1-1,-2.523725,2.6569054,Hbx
TTGCGTCAGAAGCCTG-1,1.5481185,2.1916947,Lateral
TTGCGTCAGCTAGTTC-1,4.0049124,9.949641,Oval/Medial
TTGCGTCTCTTTGCTA-1,3.4111097,9.726544,Oval/Medial
TTGCTGCAGTCGAAGC-1,5.2034426,11.844998,Oval/Medial
TTGCTGCCAACTGAAA-1,4.426095,7.607162,Oval/Medial
TTGCTGCCATGTTACG-1,3.1914728,6.160913,Oval/Medial
TTGCTGCTCTTCTGGC-1,4.492741,6.394461,Oval/Medial
TTGGATGAGCCGAATG-1,3.9762473,8.936987,Oval/Medial
TTGGATGAGGCTCCCA-1,-3.2283483,5.2617764,Marginal
TTGGATGAGTCCCTAA-1,3.3749168,6.7804737,Oval/Medial
TTGGATGCAACTGCTA-1,6.0059776,9.010398,Oval/Medial
TTGGATGCATAGGTTC-1-1,3.877704,9.953433,Oval/Medial
TTGGATGGTCTTCCGT-1,3.8258486,9.597736,Oval/Medial
TTGGGATGTGGCTTAT-1,5.8019266,6.956109,Oval/Medial
TTGGGATTCATTTCCA-1,5.464568,8.271798,Oval/Medial
TTGGGCGAGAGTGACC-1,4.3935294,10.221641,Oval/Medial
TTGGGCGCACGACAGA-1,5.4952874,7.7596035,Oval/Medial
TTGGGTAAGGTGTGAC-1,6.2453423,3.0566552,Oval/Medial
TTGGGTACACTACTTT-1,8.041068,7.9526353,Oval/Medial
TTGGTTTAGGTTCTTG-1,3.1704924,6.757705,Oval/Medial
TTGGTTTAGTCATACC-1,6.089535,8.247678,Oval/Medial
TTGGTTTAGTGGCCTC-1,-0.80019456,0.67448014,Hbx
TTGGTTTAGTTCTACG-1,4.6349754,10.98034,Oval/Medial
TTGGTTTGTCTCGACG-1,5.265062,3.263938,Oval/Medial
TTGGTTTGTTTCGGCG-1,3.231081,11.539187,Oval/Medial
TTGGTTTTCAGTGCGC-1,-0.34962845,6.834745,Oval/Medial
TTGGTTTTCTCTCGAC-1,4.1809454,7.5600333,Oval/Medial
TTGTGGACACTACCCT-1,6.2272773,8.338019,Oval/Medial
TTGTGGAGTCGAACAG-1,3.0653899,9.832598,Oval/Medial
TTGTTCACAGGCTTGC-1,5.2311363,7.747121,Oval/Medial
TTGTTCAGTCACTACA-1,4.858417,6.5921636,Oval/Medial
TTGTTGTCATCTAACG-1,4.169135,9.322923,Oval/Medial
TTGTTTGAGCATTTCG-1,3.9792366,10.246713,Oval/Medial
TTTACCATCTTTGCGC-1-1,-2.2817812,-0.0014036025,Hbx
TTTACGTAGTTGCTCA-1,6.263907,2.667016,Oval/Medial
TTTACGTGTTGCTAGT-1,3.981517,6.6656256,Oval/Medial
TTTACGTTCAGCCCAG-1,1.7965405,2.1561713,Lateral
TTTACTGGTTATGTGC-1,4.913143,8.860154,Oval/Medial
TTTACTGGTTGTCTAG-1,0.25070605,9.008416,Oval/Medial
TTTACTGTCAAGGACG-1,5.278872,10.487344,Oval/Medial
TTTAGTCCAGAGAAAG-1,2.8403463,10.709794,Oval/Medial
TTTAGTCGTCGCGTCA-1,-1.4534885,6.1699185,Oval/Medial
TTTAGTCGTCTAACGT-1,-3.5335855,6.145628,Marginal
TTTAGTCTCGTTACCC-1,5.4736395,6.4356375,Oval/Medial
TTTCACAAGTATAGGT-1,-1.1097828,1.5336531,Hbx
TTTCACACAAAGGCGT-1,5.0721292,11.209942,Oval/Medial
TTTCACAGTCTTCTAT-1,4.337738,4.6276197,Oval/Medial
TTTCACATCCGCTGTT-1,4.7939014,7.7055087,Oval/Medial
TTTCACATCGCCTTTG-1,3.4911952,8.969024,Oval/Medial
TTTCACATCTTGAGCA-1,4.1010656,4.6697726,Oval/Medial
TTTCAGTAGACTCTTG-1,1.3688655,2.9925618,Lateral
TTTCAGTCACTAGGCC-1,1.9430166,3.5619555,Lateral
TTTCAGTTCTACCAGA-1,4.9773855,6.404432,Oval/Medial
TTTCGATTCCAAATGC-1,-2.4913511,2.3850265,Hbx
TTTGACTAGATAGCTA-1,5.2379494,7.510751,Oval/Medial
TTTGACTGTACCCGAC-1,1.3961487,3.3487217,Lateral
TTTGACTTCTCGTTTA-1,1.6025711,2.9931302,Lateral
TTTGATCAGGCTTTCA-1-1,4.6440196,7.696336,Oval/Medial
TTTGATCCAACACGAG-1,4.853986,7.815143,Oval/Medial
TTTGATCCAGAATCGG-1,3.9988446,8.208756,Oval/Medial
TTTGATCGTTGTCCCT-1,-2.3346496,1.3890429,Hbx
TTTGATCGTTGTGGCC-1,4.7322464,11.725192,Oval/Medial
TTTGATCTCCATTTAC-1,3.3812385,10.232056,Oval/Medial
TTTGGAGGTCTGTGTA-1,4.241027,6.8051834,Oval/Medial
TTTGGTTAGTTCATCG-1,3.478598,5.9083366,Oval/Medial
TTTGGTTTCGGATACT-1,-2.6697986,6.4145117,Marginal
TTTGTTGAGAGCAAGA-1,5.289643,8.197486,Oval/Medial
AAAGAACGTCGTTATG-1,-1.4447042,3.1721509,Hbx
AAAGGTAGTAGCGTCC-1,8.213099,6.887821,Oval/Medial
AACAACCAGTAAACGT-1,0.84508854,9.572819,Oval/Medial
AACACACAGTCTGGAG-1,1.1340128,9.474935,Oval/Medial
AACAGGGTCATCGCTC-1,-2.1614172,0.4469842,Hbx
AACCAACAGCGCTGCT-1,8.125178,7.4636827,Oval/Medial
AACCAACAGGCATCGA-1,1.4733766,1.8987173,Lateral
AACCACAAGTGCTCAT-1,-2.6737885,2.3776693,Hbx
AACCACATCAAAGCCT-1,-2.189672,0.321209,Hbx
AACCCAACAGAGAGGG-1,0.37021536,6.503026,Oval/Medial
AACCTTTCAGCTATTG-1,-2.4238167,2.812434,Hbx
AACGAAACAAAGGCAC-1-1,2.8683462,6.778579,Oval/Medial
AACGAAAGTCCGAAGA-1,-2.424622,0.07627991,Hbx
AACGTCAAGTTCCATG-1,0.0120901195,7.0801888,Oval/Medial
AAGAACAAGAGTGAAG-1,-0.5719608,5.4560266,Oval/Medial
AAGAACAAGTTACTCG-1,4.618873,6.0648723,Oval/Medial
AAGAACAAGTTGAATG-1,-0.4954071,7.60166,Oval/Medial
AAGAACATCGAACCAT-1,3.5175474,11.591735,Oval/Medial
AAGTACCCATACATCG-1,-2.6281018,7.539052,Marginal
AAGTGAACAAGTGCTT-1,5.047749,8.300917,Oval/Medial
AAGTTCGGTTGGACCC-1,2.9067466,2.9291387,Lateral
AATGACCAGATGCGAC-1,3.0057597,11.920326,Oval/Medial
AATTTCCGTACAGAAT-1,8.092879,7.140214,Oval/Medial
AATTTCCTCCTAACAG-1,4.8958006,6.975113,Oval/Medial
ACAAAGAGTGCCTATA-1,-2.7364907,5.88425,Marginal
ACACCAAAGGTTTACC-1,-1.9341704,1.9654974,Hbx
ACACCAAGTCACTGAT-1-1,1.2712402,6.2817836,Oval/Medial
ACACCAAGTTGCAAGG-1-1,3.9908428,5.753,Oval/Medial
ACACGCGAGGTTCTTG-1,-2.0697901,3.1240828,Hbx
ACAGCCGAGGTTCATC-1,3.1868157,6.4363585,Oval/Medial
ACATCGAAGTTTGGCT-1,-2.3564699,3.2753198,Hbx
ACATTTCAGAGGGTGG-1,1.2398484,5.9733725,Oval/Medial
ACCAAACGTGCCCGTA-1,7.9586225,7.1971407,Oval/Medial
ACCAACATCAGGCGAA-1,-0.385717,7.712618,Oval/Medial
ACCCTTGCAACCCTCT-1,0.9482924,7.3464575,Oval/Medial
ACCTACCGTTGGTACT-1,5.482208,10.653004,Oval/Medial
ACCTGAACATGACACT-1,6.376247,7.0608463,Oval/Medial
ACCTGTCGTGCCTGCA-1,0.34954593,1.9766107,Lateral
ACGATCAAGAGCTGCA-1,6.2180963,12.346224,Oval/Medial
ACGGAAGGTTGTGTTG-1,1.4984853,5.8446054,Oval/Medial
ACGGGTCGTGAGACGT-1,-3.986822,7.9550705,Marginal
ACGGGTCTCCGGTAGC-1,-0.3481074,2.6549518,Lateral
ACGGTCGCACAAATAG-1,-4.1774187,8.810824,Marginal
ACGGTTATCTAGACCA-1,2.3387194,6.9559374,Oval/Medial
ACGTAACCAAGAAATC-1,-0.34587783,4.346901,Oval/Medial
ACGTACACACGGCACT-1,-1.4253438,6.3875866,Oval/Medial
ACGTCCTAGGATTCAA-1,-1.0266365,7.612829,Oval/Medial
ACTCTCGAGTGAGCCA-1,-2.2435908,4.2698684,Hbx
ACTGATGGTAATCAGA-1-1,0.83148015,2.5093672,Lateral
ACTTAGGGTAGACGTG-1,3.3770669,7.4765744,Oval/Medial
ACTTTCACATGCGGTC-1,-3.8051817,7.1424565,Marginal
AGAAATGCAAGGTCGA-1,-2.2540143,3.0532234,Hbx
AGAACCTGTCGGATTT-1,1.3007863,4.2462234,Lateral
AGAAGTAAGTGCACTT-1-1,4.7484636,7.199438,Oval/Medial
AGACAAAGTTCAGCGC-1,4.261752,6.138413,Oval/Medial
AGACAGGAGGTTCTAC-1,-4.5330377,6.191972,Marginal
AGAGAGCGTGACGCCT-1,8.376391,7.0782313,Oval/Medial
AGAGCAGTCGAACTCA-1,-1.7202739,6.5779104,Marginal
AGATCCAGTTCAAAGA-1,-0.71943367,7.288652,Oval/Medial
AGATCGTTCTAGCAAC-1,-0.60396427,4.2372274,Oval/Medial
AGCATCAGTCGCATTA-1,-0.39272714,6.6432014,Oval/Medial
AGCGATTAGTTAACAG-1,-0.27707475,5.0305333,Oval/Medial
AGCGATTTCACCTACC-1,3.3179467,11.090965,Oval/Medial
AGGAAATCACACAGCC-1,-0.40249157,4.887729,Oval/Medial
AGGAAATCAGAGTAAT-1,-0.23814249,4.918128,Oval/Medial
AGGAATAGTTCTCGCT-1,-3.0970309,6.206765,Marginal
AGGACTTCAGCTGTAT-1,0.5043367,2.7516081,Lateral
AGGATCTGTTCGAACT-1-1,-0.16912206,4.144869,Oval/Medial
AGGCATTAGTGCCCGT-1,6.9764132,3.8501034,Oval/Medial
AGGCTGCTCACTGTCC-1,-2.552784,5.374924,Marginal
AGGGCCTAGTTGGCGA-1,4.1764812,9.912283,Oval/Medial
AGGGCCTCATAGAGGC-1-1,7.6155787,7.199079,Oval/Medial
AGGGTCCGTCAAGGCA-1,1.2300411,5.649966,Oval/Medial
AGGGTGAGTCATCCGG-1,2.0643916,6.496514,Oval/Medial
AGGGTTTCATGAGGGT-1-1,1.6888751,4.473352,Lateral
AGGTAGGAGGTGCCAA-1,-3.4369786,6.77939,Marginal
AGGTCTAAGAAGGTAG-1,2.9805386,2.718633,Lateral
AGGTCTATCCATAGAC-1,2.0974784,1.8107543,Lateral
AGGTGTTAGATGGCGT-1,6.455577,6.124217,Oval/Medial
AGGTTGTAGTCACGAG-1,3.6466792,13.28681,Oval/Medial
AGTAACCTCGGCCCAA-1,-0.42172086,8.812854,Oval/Medial
AGTAGCTCAAGGGTCA-1,-4.0156555,7.248685,Marginal
AGTAGCTTCTCTTGCG-1,-1.2915546,5.728495,Oval/Medial
AGTCAACCACCAGCTG-1,1.7864395,1.749558,Lateral
AGTCTCCCAGACGGAT-1,-3.8187337,5.788606,Marginal
AGTCTCCTCTCATGGA-1,-1.5365378,5.853197,Oval/Medial
AGTGATCCACGACAAG-1,-3.5607903,6.194829,Marginal
AGTGATCGTACTCGTA-1,2.861472,6.395369,Oval/Medial
AGTGTTGTCTAGTTCT-1,6.4385204,8.327663,Oval/Medial
AGTTAGCGTATCCTTT-1,1.6932797,4.2563396,Lateral
ATATCCTGTGGTCAAG-1,1.2621927,7.412917,Oval/Medial
ATCAGGTGTAATGTGA-1,-0.787915,0.98510194,Hbx
ATCCCTGCAATAGGAT-1,0.15456043,6.5700545,Oval/Medial
ATCCCTGGTACAGCGA-1,5.475093,8.151828,Oval/Medial
ATCGATGGTATCAAGA-1,0.31203586,8.941916,Oval/Medial
ATCGCCTGTACGTGAG-1,4.831364,7.420188,Oval/Medial
ATCGCCTTCCCGTGAG-1,-4.3772683,7.899592,Marginal
ATCGTCCTCGCGCCAA-1,-2.8128946,7.251598,Marginal
ATCGTGATCCACAGCG-1-1,-2.196744,5.3633704,Marginal
ATCTTCACAATAACGA-1,7.207691,1.4329463,Oval/Medial
ATCTTCATCATGGAGG-1,4.2553153,8.717882,Oval/Medial
ATGAGGGTCGGTGTTA-1,-2.7627833,5.6588373,Marginal
ATGCATGGTCCGGATC-1,3.7552814,12.826714,Oval/Medial
ATGCCTCGTCCAGGTC-1,6.797878,6.6559653,Oval/Medial
ATGCGATCAATCGCGC-1,-3.116766,6.4257708,Marginal
ATGGAGGGTAGCCAGA-1,-3.571273,7.528461,Marginal
ATGGATCAGGGTACGT-1,5.3024106,5.9924235,Oval/Medial
ATGTCTTTCCAATCCC-1,-2.489141,0.17236024,Hbx
ATTACCTGTCATGACT-1,6.602659,5.9996505,Oval/Medial
ATTATCCCATCCGAGC-1,2.9774277,11.756928,Oval/Medial
ATTATCCGTGAGAGGG-1,3.0583959,5.9731216,Oval/Medial
ATTCATCTCCGTACGG-1,7.5756416,7.5146356,Oval/Medial
ATTCCATTCGGAGTGA-1,3.5590289,10.960909,Oval/Medial
ATTCGTTCAGGTGTTT-1,-4.4649053,7.7484994,Marginal
ATTCGTTGTTAAGAAC-1,-4.040332,7.7984242,Marginal
ATTCTACCACACACTA-1,0.88490796,5.618399,Oval/Medial
ATTGGGTTCCTAAACG-1,3.8257177,7.0894246,Oval/Medial
ATTTCACAGACATATG-1,3.5423713,6.001916,Oval/Medial
ATTTCTGAGTCAGAGC-1,1.9877796,1.6887293,Lateral
ATTTCTGCACACAGAG-1,4.595359,9.016512,Oval/Medial
ATTTCTGTCCTGATAG-1,2.3654099,3.9235563,Lateral
CAACAACCAAGTGGGT-1,2.5988855,6.6068163,Oval/Medial
CAACAACCATTGCCGG-1,-2.273168,3.4935107,Hbx
CAACAACGTCGCTCGA-1,0.91545194,7.684353,Oval/Medial
CAACGATCAAGAGTAT-1,0.18310897,4.54801,Oval/Medial
CAACGATGTTCCCAAA-1,-0.4874621,9.014707,Oval/Medial
CAACGGCAGTTGCTGT-1,3.2933512,5.6214366,Oval/Medial
CAACGGCCAGCTCTGG-1,4.358547,7.5063186,Oval/Medial
CAAGAGGGTACAACGG-1,-1.9533129,5.2416067,Marginal
CAAGCTATCAGCATTG-1,0.9556957,4.985204,Oval/Medial
CAATACGTCCCTTTGG-1,-2.3657875,-0.3713149,Hbx
CACCAAACATAAGATG-1,2.4540691,6.558875,Oval/Medial
CACCGTTTCCCATAAG-1,1.2133965,5.737592,Oval/Medial
CACGGGTCAAGCAGGT-1,1.067974,7.784554,Oval/Medial
CACGTGGAGCGGCTCT-1,0.6003913,7.4954066,Oval/Medial
CACGTGGCAAACTGCT-1,-0.19018593,6.626442,Oval/Medial
CACTGGGGTTCTCACC-1,0.14850582,6.09145,Oval/Medial
CACTGGGTCTGAGGCC-1,1.5549852,6.287125,Oval/Medial
CACTTCGGTCCTCCAT-1,-0.34736308,6.9360332,Oval/Medial
CAGATACAGGTCTGGA-1,1.0970844,9.33745,Oval/Medial
CAGATACAGTTTGTCG-1,-0.74300754,6.331947,Oval/Medial
CAGATCAGTACAGAAT-1,1.1803528,1.6130227,Lateral
CAGATTGTCGCTATTT-1,-3.1632125,7.6748557,Marginal
CAGCACGTCGTGCACG-1,1.3722159,1.807162,Lateral
CAGCAGCTCGACACCG-1,6.797075,8.558086,Oval/Medial
CAGTTAGTCACCTTAT-1,-2.8334255,5.203906,Marginal
CAGTTCCGTTCCGGTG-1,-2.072733,0.15457983,Hbx
CATACAGAGTGTTGTC-1,-1.9773641,0.51104105,Hbx
CATACCCGTCAGTCTA-1,2.529685,7.19933,Oval/Medial
CATAGACGTTGGTGTT-1,-1.2560531,7.8362947,Oval/Medial
CATCCACTCTAATTCC-1,-3.6975458,6.107349,Marginal
CATCCCAGTGACACAG-1-1,2.0039196,1.5787663,Lateral
CATCCGTGTTCTGAGT-1,0.12462742,6.5861826,Oval/Medial
CATCGCTAGGTAACTA-1,-3.8312004,5.6806936,Marginal
CATGCAAGTCGTCGGT-1,-2.0704823,3.2943728,Hbx
CATGCAAGTTTACTTC-1,3.439446,6.5459294,Oval/Medial
CATGCTCGTTAACAGA-1,1.0822799,7.6128983,Oval/Medial
CATGCTCGTTTCGGCG-1,1.3614024,3.6285012,Lateral
CATGGTAAGTTACTCG-1,-0.49482536,4.9550304,Oval/Medial
CATTGCCGTACACGCC-1,-2.1842964,1.9228961,Hbx
CCAAGCGGTCATCGGC-1,5.704733,5.817026,Oval/Medial
CCACCATAGAGCCTGA-1,1.8948938,6.495152,Oval/Medial
CCACGTTAGGGTAGCT-1,-2.5017116,0.2772264,Hbx
CCACTTGTCCCTCTAG-1,2.374981,4.616536,Lateral
CCATCACGTTCGGCTG-1,2.6480246,11.245055,Oval/Medial
CCCAACTCATATGGCT-1,-1.3004074,1.506825,Hbx
CCCGAAGTCTAGATCG-1,-3.3250453,6.6775784,Marginal
CCCGGAACACAATGAA-1,1.1694573,5.952913,Oval/Medial
CCCGGAACACTGGATT-1,-0.666919,6.8556094,Oval/Medial
CCCGGAATCGCTAGCG-1,-2.0617812,3.831339,Hbx
CCCTCAATCTGCTTAT-1,2.3350122,2.2494316,Lateral
CCCTCTCGTTTACCAG-1,0.029983383,3.8342319,Oval/Medial
CCCTGATAGCATCGAG-1,5.4765487,3.2357104,Oval/Medial
CCGAACGGTTCGGCGT-1-1,1.7706939,6.503509,Oval/Medial
CCGGACAGTTTACCTT-1,0.77744764,8.594803,Oval/Medial
CCGGTGACAACAAGAT-1,5.070173,3.4392357,Oval/Medial
CCGGTGACAATCACGT-1,-0.7101651,6.826092,Oval/Medial
CCGGTGATCCACAGCG-1,-2.1103897,1.5305772,Hbx
CCGTAGGCAAACAGGC-1,-0.92215973,7.0486994,Oval/Medial
CCGTAGGGTTCTCAGA-1,6.5911627,6.927573,Oval/Medial
CCTAAGACAGGCACAA-1,-2.3767242,0.10662036,Hbx
CCTACGTCACAATTCG-1,1.5198344,6.6895366,Oval/Medial
CCTCAACCACCGTGCA-1,-0.6120245,4.4467397,Oval/Medial
CCTCAACTCCGTCAAA-1,7.0605593,6.504391,Oval/Medial
CCTCAACTCGAGATGG-1,2.8851137,6.2558756,Oval/Medial
CCTCATGAGCCAAGGT-1,0.9851646,1.850283,Lateral
CCTCATGTCGTCGACG-1,3.422411,7.3555183,Oval/Medial
CGAAGGACATAGACTC-1,-1.3358138,3.2153316,Hbx
CGAAGTTCATGAAGGC-1,5.5688834,11.456641,Oval/Medial
CGAAGTTTCAACCCGG-1,-1.8697635,4.361461,Hbx
CGAATTGTCGGCAGTC-1,7.936743,7.539807,Oval/Medial
CGAGGCTAGTCCTACA-1,2.1538708,6.2416444,Oval/Medial
CGAGTGCAGGATACAT-1,-2.9723034,8.707226,Marginal
CGATCGGAGGTACAGC-1,-1.4491718,2.8658023,Hbx
CGATGGCGTTGGGCCT-1,0.37661576,3.969519,Oval/Medial
CGCATAACAAAGACTA-1,-2.0580304,1.4582244,Hbx
CGCCAGATCATCTCTA-1,8.22707,7.199925,Oval/Medial
CGCCATTTCCATCCGT-1,-0.78158116,6.669682,Oval/Medial
CGCGTGAAGAACTGAT-1,-1.7405586,3.8009872,Hbx
CGCGTGACAAAGGGCT-1,5.006481,6.8952327,Oval/Medial
CGCGTGACACTCCGAG-1,-3.3142982,7.6340995,Marginal
CGCGTGATCGGCTGAC-1,-0.14847015,4.1080275,Oval/Medial
CGGAGAATCGTTGTAG-1,3.115713,7.8924713,Oval/Medial
CGGGACTTCTTGGATG-1,1.4128369,2.4853492,Lateral
CGGGTGTAGGTTGTTC-1,3.9148872,6.621613,Oval/Medial
CGGGTGTCATGATAGA-1,-2.6360004,7.5262113,Marginal
CGGTCAGAGTAATTGG-1,0.10142229,3.9821854,Oval/Medial
CGTAAGTAGAGTAACT-1,-0.8851807,0.8560387,Hbx
CGTAATGTCGGTATGT-1,-0.7959822,4.816706,Oval/Medial
CGTCAAACACCTTCGT-1,5.958336,7.4334016,Oval/Medial
CGTGATATCAAGTTGC-1,2.336075,2.2382774,Lateral
CTAACCCCACGTCGGT-1,1.9614254,6.486953,Oval/Medial
CTACCCATCCACATAG-1,3.3689435,12.641208,Oval/Medial
CTACTATAGAGATCGC-1,4.563254,6.2689643,Oval/Medial
CTACTATCAGTGTACT-1,-4.193945,7.4340367,Marginal
CTACTATCATACAGGG-1,2.2330196,6.9308343,Oval/Medial
CTATAGGTCCGCTAGG-1,5.688781,7.114623,Oval/Medial
CTATCCGCACATAGCT-1,-3.0225873,5.9844527,Marginal
CTCAACCAGACCAAGC-1,-3.4656453,8.306862,Marginal
CTCAACCAGTCAGCCC-1,-0.3170966,1.208445,Lateral
CTCAACCCATCGGTTA-1,-0.025789892,5.5805807,Oval/Medial
CTCAGAAGTCTGCATA-1,1.2971934,1.764582,Lateral
CTCAGGGCAGTAGATA-1-1,-2.040126,5.6865635,Marginal
CTCATCGCAAGTCATC-1,-3.76292,7.2623143,Marginal
CTCATCGTCCGCGGAT-1,-2.1620185,4.8161707,Hbx
CTCATGCTCGGAAGGT-1,-3.142122,5.647815,Marginal
CTCCAACTCCTCACCA-1,1.2973632,8.391159,Oval/Medial
CTCCACAGTATTGGCT-1,6.628064,9.139193,Oval/Medial
CTCCCAACATCCGAAT-1,-0.42870843,1.2708226,Lateral
CTCCCTCAGGCCTTCG-1,-1.3519318,0.66180676,Hbx
CTCCGATAGGTCGTGA-1,3.5711002,6.3991094,Oval/Medial
CTCCGATCAGAGGTTG-1,0.7683832,5.917316,Oval/Medial
CTCGAGGCAACTAGAA-1,-2.3918254,6.0089154,Marginal
CTGAGCGCATCATCCC-1,8.078525,6.9308057,Oval/Medial
CTGAGGCGTCAGTCTA-1,1.3080128,3.4523165,Lateral
CTGATCCTCGCGCTGA-1,2.3213663,6.18728,Oval/Medial
CTGCATCTCAATCTCT-1,-1.2455202,0.32816324,Hbx
CTGCCATGTGGACAGT-1,4.9406605,9.893116,Oval/Medial
CTGCGAGTCGACATTG-1,-2.2206225,8.4271555,Marginal
CTGCGAGTCTCCTGCA-1,-0.8433223,0.7978004,Hbx
CTGGACGCACGGCACT-1,2.4354355,1.7227769,Lateral
CTGGACGCACTGGATT-1,4.14676,3.22616,Oval/Medial
CTGGACGGTTCACGAT-1,-3.5810738,5.747427,Marginal
CTGGTCTGTCACAATC-1,-3.5475683,5.2886014,Marginal
CTGGTCTTCTTCTGTA-1,-0.31064567,6.409641,Oval/Medial
CTGTACCCAACCTAAC-1,-4.745847,8.01153,Marginal
CTGTAGACAGATCCAT-1,-2.1567326,0.118481226,Hbx
CTGTATTCAACGTAAA-1,0.95533365,7.085752,Oval/Medial
CTGTATTCAGAGCTAG-1,3.772721,13.069273,Oval/Medial
CTGTATTTCTGCATAG-1,7.1424227,6.4850883,Oval/Medial
CTGTCGTAGCATCAAA-1,5.8306546,11.566301,Oval/Medial
CTGTGGGGTTCTAACG-1,2.190439,1.9925479,Lateral
CTTACCGAGAGGGTAA-1-1,0.1907759,1.9371271,Lateral
CTTGAGAAGGCCCAAA-1,3.1347253,3.1294546,Lateral
CTTGATTTCAAAGCCT-1,-3.4511251,8.838921,Marginal
CTTTCAAGTAACATAG-1,0.05426233,4.1916003,Oval/Medial
CTTTCGGAGCGCCTCA-1,0.10289081,5.617502,Oval/Medial
CTTTCGGGTGAGGATC-1,-1.6133622,2.4084597,Hbx
GAACGTTGTTACCTGA-1,6.4406815,7.617631,Oval/Medial
GAAGAATTCGAAGTGG-1,-1.9863727,7.601576,Marginal
GAAGAATTCGCTACGG-1,5.43338,6.3299813,Oval/Medial
GAAGCGATCCAAGCCG-1,-0.13927689,7.4336987,Oval/Medial
GACCCAGAGTGGTTCT-1,-1.1862607,5.7114134,Oval/Medial
GACCCAGTCTTCTGGC-1-1,-0.7476134,5.3949814,Oval/Medial
GACCCTTGTACGATGG-1,-3.3294592,8.0132885,Marginal
GACCGTGTCTCCTGCA-1,7.7951455,7.549232,Oval/Medial
GACGTTACAATTCTCT-1,-1.7501377,3.3558507,Hbx
GAGAAATCAGGTATGG-1,0.9766196,6.038928,Oval/Medial
GAGAAATTCCTAAGTG-1,3.2169247,11.916904,Oval/Medial
GAGACCCGTGACATCT-1,7.2832465,7.0737944,Oval/Medial
GAGACTTAGGTAAACT-1,5.8190923,6.785222,Oval/Medial
GAGAGGTTCTATCGGA-1-1,2.9472136,12.024741,Oval/Medial
GAGATGGGTGAGTTTC-1,4.7509556,7.9599533,Oval/Medial
GAGGCAACATGACCCG-1,-2.3355865,5.757447,Marginal
GAGGGTACAATACGCT-1,7.0990596,8.987048,Oval/Medial
GAGGGTACAGCGACAA-1,-3.2274666,7.5770435,Marginal
GAGGGTAGTGTGAATA-1,4.4409113,3.1039522,Oval/Medial
GAGTCATCAAGACGAC-1,-0.5403275,3.885587,Oval/Medial
GAGTGAGAGCGTCAAG-1,-4.9291577,7.9426045,Marginal
GAGTGAGGTAGGTACG-1,-3.6786985,5.2001176,Marginal
GAGTGTTCAGAGGACT-1,-2.2867956,7.6034117,Marginal
GAGTTACCAACCCGCA-1,6.578099,8.990425,Oval/Medial
GAGTTACCATACACCA-1,-1.0549495,1.1575779,Hbx
GAGTTTGGTAGCGTAG-1,-0.16811608,4.4224043,Oval/Medial
GATCAGTCACTGGCCA-1,2.638505,2.3468623,Lateral
GATCCCTTCCAACCGG-1,0.26184824,7.2717023,Oval/Medial
GATGACTAGCGCAATG-1,-1.3886238,7.583826,Oval/Medial
GATGCTATCTATACTC-1,-4.0090866,8.170294,Marginal
GATGGAGAGAGGGCGA-1,2.7843204,5.9517136,Oval/Medial
GATTTCTTCGCTTAAG-1,-1.4950545,5.1758256,Oval/Medial
GCAACATGTGTTCAGT-1-1,3.9168766,12.515257,Oval/Medial
GCACATAGTAGCGATG-1,3.218304,6.973722,Oval/Medial
GCAGGCTCAGCGTGCT-1,0.92565924,2.4192457,Lateral
GCATCGGGTAATGTGA-1,-4.417496,7.7258124,Marginal
GCATGATAGCCGTTGC-1,5.677815,12.496333,Oval/Medial
GCCAGGTAGCTGACAG-1-1,-2.9184608,7.5162582,Marginal
GCCAGTGAGAGCAAGA-1,4.98454,12.507302,Oval/Medial
GCCATTCAGCAATAAC-1,-2.152951,7.7125983,Marginal
GCCATTCCAGGTTACT-1,0.077231765,1.0968266,Lateral
GCCCGAACATCTCAAG-1,-1.640468,2.7938974,Hbx
GCCGATGCATGTGCCG-1,4.480465,7.404986,Oval/Medial
GCCTGTTCATCCTTGC-1,5.82286,6.9537334,Oval/Medial
GCCTGTTTCTTGGTGA-1-1,4.0289416,5.539293,Oval/Medial
GCGATCGGTCCAGCCA-1,-1.8430897,6.392678,Marginal
GCGTGCATCGCCGAAC-1,-0.84960103,6.0802927,Oval/Medial
GCGTTTCGTAATGTGA-1,0.23491521,4.4775324,Oval/Medial
GCTGCAGAGGTTATAG-1,-3.5606797,6.9888997,Marginal
GCTGCAGGTTCTCGTC-1,-4.3329997,8.281077,Marginal
GCTGCAGTCGTGAGAG-1,1.3082618,7.908871,Oval/Medial
GCTGGGTCACTGTCCT-1,6.7783856,6.05818,Oval/Medial
GCTGGGTCATGGACAG-1,-2.5755699,2.8741117,Hbx
GCTGGGTGTCAAGGCA-1,1.1074878,7.4327846,Oval/Medial
GCTGGGTTCTCACCCA-1,-3.090068,6.697151,Marginal
GGAAGTGGTCTACAGT-1,3.4111936,13.37561,Oval/Medial
GGAATCTCATGTTCAG-1,-1.5143473,4.0238495,Hbx
GGAATGGAGTAAGAGG-1,-4.29131,7.29146,Marginal
GGAGAACTCGGCTGTG-1,1.482964,1.6547291,Lateral
GGAGAACTCTCAGGCG-1,1.1191468,2.548229,Lateral
GGAGGATCAAATCAAG-1,1.1878325,1.3784778,Lateral
GGAGGATCACCTGTCT-1,-4.413806,7.698935,Marginal
GGCAGTCGTAGGCTGA-1,2.3165302,2.37483,Lateral
GGCGTCAAGAAGGGAT-1,1.8873007,5.440296,Oval/Medial
GGCTGTGGTCTTACAG-1,3.6625428,6.7444797,Oval/Medial
GGCTTGGTCAGCCTTC-1,-2.2695484,2.804292,Hbx
GGCTTTCAGCTGTCCG-1,5.6087065,6.3237123,Oval/Medial
GGGAAGTCACGACAAG-1,-1.8362662,2.7563381,Hbx
GGGACAATCTCCGAGG-1,-1.0740538,7.4986715,Oval/Medial
GGGAGTACACTAACCA-1,0.7951358,8.87429,Oval/Medial
GGGCCATAGCGTGCCT-1,-0.33480388,6.651618,Oval/Medial
GGGCCATTCAATCTTC-1,3.7134862,6.2560697,Oval/Medial
GGGCTACTCTCAGGCG-1,-0.7844029,4.855374,Oval/Medial
GGGCTCAGTAAGTTGA-1,1.2248075,1.8909335,Lateral
GGGTATTGTCTCGGAC-1,3.3544583,5.6488914,Oval/Medial
GGGTATTGTGGACAGT-1,2.1988864,6.4537873,Oval/Medial
GGGTCACGTCCCTCAT-1,-3.3671374,5.4906435,Marginal
GGGTCACTCTTTACAC-1,3.5154538,12.393579,Oval/Medial
GGTAATCAGGTCATAA-1,0.2641773,5.755609,Oval/Medial
GGTAATCCAGCCGTCA-1,-2.623627,5.60909,Marginal
GGTAATCTCAAGTAAG-1,6.0427847,6.1388288,Oval/Medial
GGTAATCTCTCTGCTG-1,-2.728978,6.850452,Marginal
GGTAGAGTCCCTCTAG-1,-0.86970925,3.7377677,Oval/Medial
GGTCTGGCAAAGCACG-1,-1.8395271,3.6161244,Hbx
GGTGAAGGTCCACACG-1,7.078639,6.725024,Oval/Medial
GGTGGCTTCCCATTTA-1,5.722657,8.379322,Oval/Medial
GGTGTTATCGCCAGTG-1,2.2919338,5.59159,Marginal
GGTTCTCTCCATTGGA-1,5.362709,2.5262682,Oval/Medial
GTAAGTCAGTTACGAA-1,2.4557436,6.720936,Oval/Medial
GTAAGTCTCGAAGCCC-1,7.372715,6.5244093,Oval/Medial
GTACAACAGGCACAAC-1,1.8604909,3.1580508,Lateral
GTACAACGTATCCTTT-1,-2.2294316,0.13374215,Hbx
GTACAACGTGTGACCC-1,-3.1692593,5.198105,Marginal
GTAGAAAAGAGTATAC-1,2.8904958,13.31293,Oval/Medial
GTAGATCAGGTGAGAA-1,-1.2198707,0.38028377,Hbx
GTAGCTACAATTGCCA-1,-0.6627961,8.672092,Oval/Medial
GTAGCTATCGAGTCCG-1,2.931611,12.69436,Oval/Medial
GTAGTACAGGCTAGCA-1,1.253046,3.1238213,Lateral
GTCAAGTGTCCCAAAT-1,-2.477809,7.153682,Marginal
GTCACGGGTGCGCTCA-1,-3.658883,5.88656,Marginal
GTCAGCGAGCGAGTCA-1-1,-1.6197449,3.3118477,Hbx
GTCAGCGTCAGCTAGT-1,-2.5226436,0.48649174,Hbx
GTCATCCGTGGCTACC-1,3.9777365,7.2929826,Oval/Medial
GTCCACTTCTACTGAG-1,-0.102069445,4.807973,Oval/Medial
GTCCCATAGTCCCGAC-1,6.006674,8.105324,Oval/Medial
GTCCCATCAGTCGTTA-1-1,-2.363385,7.285737,Marginal
GTCCCATGTGTCCTAA-1,0.12803964,3.9078712,Oval/Medial
GTCGTAACACGCCACA-1,3.7169824,6.052882,Oval/Medial
GTCGTTCGTGGTCTTA-1,-1.6774342,-0.012625835,Hbx
GTCTACCAGGGCAATC-1,0.50840145,5.7623568,Oval/Medial
GTCTACCCATGCGTGC-1,-2.910275,6.036366,Marginal
GTCTCACCAGAACCGA-1,-0.07442721,8.617673,Oval/Medial
GTGAGCCCAAATTGGA-1,-1.1274683,5.0647354,Oval/Medial
GTGAGCCCAGTGTGCC-1,-0.73641074,7.3437333,Oval/Medial
GTGAGCCGTATCGATC-1,0.005921491,7.868255,Oval/Medial
GTGCACGTCTCAGAAC-1,3.3469048,6.3018584,Oval/Medial
GTGCGTGAGTCTCTGA-1,-0.8852615,3.9137287,Lateral
GTGCTGGGTGCCGAAA-1,7.0186276,6.4290595,Oval/Medial
GTGGCGTAGTTGCATC-1,1.2746859,5.8567214,Oval/Medial
GTGGGAAGTGTGTCGC-1,2.2373989,1.6780281,Lateral
GTGTAACAGATACGAT-1-1,0.5218512,6.3964205,Oval/Medial
GTGTAACTCGCAATTG-1,0.08838034,4.6724963,Oval/Medial
GTGTGATTCGACGACC-1,-2.8042872,7.1163626,Marginal
GTGTGGCAGTACAACA-1,-2.198106,3.6126437,Hbx
GTGTGGCTCACTGCTC-1,1.358834,2.3232322,Lateral
GTTACAGTCTCAGAAC-1,2.0440986,7.250687,Oval/Medial
GTTACGACATTGCCTC-1,4.5662913,6.7467127,Oval/Medial
GTTCCGTGTCCACACG-1,1.75241,6.988386,Oval/Medial
GTTCTATAGGTAGCAC-1-1,-3.0852556,5.1472406,Marginal
GTTCTATAGTAACCGG-1,-2.1953402,3.1258686,Hbx
GTTGAACAGGTAAGTT-1,-1.8348055,0.3530845,Hbx
GTTGAACTCACGGTCG-1,1.3423316,5.8275933,Oval/Medial
GTTGCGGGTAGATCCT-1,-1.3076153,6.7119336,Oval/Medial
GTTGTAGCAAGCACAG-1,-2.6575787,3.3989933,Hbx
GTTTGGATCCTCTGCA-1,0.21894103,2.8979518,Lateral
TAACACGTCTGTGCGG-1,-2.3483963,2.707006,Hbx
TAACTTCAGCGTGTTT-1,1.197114,6.5434966,Oval/Medial
TAACTTCGTAGTTAGA-1,-2.4357648,3.294632,Hbx
TAACTTCGTATGGTTC-1,-0.76753426,7.5833483,Oval/Medial
TAAGCACGTGATACAA-1,-3.655986,7.175841,Marginal
TAATCTCAGGGAGATA-1,0.9808575,6.863178,Oval/Medial
TAATTCCTCACTCCGT-1,2.0921717,6.3871765,Oval/Medial
TACAACGCAACAGCTT-1,3.0732524,6.105444,Oval/Medial
TACATTCTCTGGGATT-1,-2.9873388,8.009603,Marginal
TACCCACGTACGGCAA-1,-3.637829,7.875615,Marginal
TACCGAATCGAGTTGT-1,5.592062,7.1939063,Oval/Medial
TACGCTCGTCTTAGTG-1,-2.3176966,5.664762,Marginal
TACGGGCTCGACATAC-1,-0.23621528,4.716457,Oval/Medial
TACTGCCCACAGACGA-1,2.4974513,5.639977,Oval/Medial
TACTTCATCAGCAATC-1,-1.0944228,5.1251173,Oval/Medial
TAGACCAGTAAGTAGT-1,-2.285189,7.4943852,Marginal
TAGACTGGTAGGAAAG-1,-0.65888625,5.260123,Oval/Medial
TAGAGTCCAACTAGAA-1,-3.5248928,8.148872,Marginal
TAGATCGTCTTTCAGT-1,1.9646219,5.028974,Marginal
TAGCACATCGGATTAC-1,2.5574536,11.187423,Oval/Medial
TAGTGCATCACATCAG-1,-1.7835952,2.2782798,Hbx
TATACCTTCATTGCTT-1,1.871956,6.4028983,Oval/Medial
TATATCCAGTCACGAG-1,-0.08128804,6.4911747,Oval/Medial
TATCAGGGTTGCATTG-1,-2.670779,2.8490942,Hbx
TATCCTAGTGAGTTGG-1,-1.9190573,0.49778575,Hbx
TATGTTCGTGCTCTCT-1,3.7319999,6.543095,Oval/Medial
TATTCCACAATACGAA-1,4.479274,7.3987207,Oval/Medial
TATTGCTAGGCGACAT-1,-1.0158112,5.7759,Oval/Medial
TATTGGGCACCTATCC-1,5.309587,6.883393,Oval/Medial
TCAAGTGGTCCGGTCA-1,7.2471294,7.0953317,Oval/Medial
TCAAGTGTCACTTATC-1,-0.29304808,4.048158,Oval/Medial
TCACATTAGGTTCCGC-1,3.2506766,12.497445,Oval/Medial
TCACTATTCTCTCGCA-1,-2.173394,6.7264137,Marginal
TCACTCGGTTGCTGAT-1-1,1.6615534,8.527109,Oval/Medial
TCAGCCTCATGCAGCC-1,0.52888525,3.9437642,Lateral
TCAGGGCGTGATATAG-1,-3.1091657,5.2456937,Marginal
TCAGGGCGTTCGTACA-1,7.495754,7.1236362,Oval/Medial
TCATCCGGTGTGATGG-1-1,1.4616816,3.671374,Lateral
TCATGAGGTATCAGCT-1,1.6705567,3.1326632,Lateral
TCATGCCAGAAATGGG-1,1.5926477,3.9184341,Lateral
TCATGCCCATCTCAAG-1,-2.8441455,6.872878,Marginal
TCATTTGCAAATGAAC-1,0.45728245,1.9920965,Lateral
TCCATCGGTATCCCTC-1,-2.1605859,5.3906293,Marginal
TCCCACACATGGAATA-1,-4.123609,8.19478,Marginal
TCCCAGTAGAGGCTGT-1,-3.1755774,6.5833335,Marginal
TCCTCCCAGCATGGGT-1,0.8759677,6.827072,Oval/Medial
TCCTCTTCAGACAAGC-1,-0.33015934,6.4786634,Oval/Medial
TCCTGCATCAAGCGTT-1,5.0332446,7.675449,Oval/Medial
TCCTTCTTCGTCGATA-1,1.611695,7.908397,Oval/Medial
TCGCAGGTCCTGATAG-1,0.6199008,1.670108,Lateral
TCGCTTGAGCACTCAT-1,3.4797647,10.072207,Oval/Medial
TCGCTTGGTTAAGCAA-1,-3.3116665,6.9759445,Marginal
TCGGATAGTAGCGATG-1,4.350472,5.907799,Oval/Medial
TCGGTCTTCCACTGGG-1-1,-4.400307,7.3872766,Marginal
TCGTAGACAATAAGGT-1,7.80418,6.8524985,Oval/Medial
TCGTAGAGTAGTGTGG-1,4.113126,5.9336634,Oval/Medial
TCGTAGAGTCCAGAAG-1,4.314368,9.970824,Oval/Medial
TCGTCCACAGACCTGC-1,-1.180796,0.4015319,Hbx
TCGTGCTCAGTTAAAG-1,5.160696,2.9359198,Oval/Medial
TCGTGGGAGCGTATAA-1,-1.4444553,2.2857463,Hbx
TCTACCGCACCTGCGA-1,-2.095942,0.23120886,Hbx
TCTCACGTCTACTATC-1,7.7600718,5.9288716,Oval/Medial
TCTGCCAGTGCCTGAC-1,0.22508961,6.9773355,Oval/Medial
TCTGCCATCTCTGAGA-1,-1.9016984,8.281035,Marginal
TCTTCCTAGTCCGCCA-1,-2.2851272,6.06444,Marginal
TCTTCCTTCAACCTCC-1,7.2240486,8.009312,Oval/Medial
TCTTCCTTCCACGTGG-1,-3.1173513,5.197227,Marginal
TCTTGCGGTCCTACAA-1,1.6134151,2.2466261,Lateral
TGAACGTTCGAAGCCC-1,-2.2249627,4.014646,Hbx
TGACAGTGTACCTAAC-1,-1.6686206,4.397586,Hbx
TGACAGTGTCGAGTTT-1,1.1100867,2.8080242,Lateral
TGACTCCCACTTGTGA-1,-1.8230306,3.0796432,Hbx
TGAGACTGTGGACTAG-1,-3.157312,7.528662,Marginal
TGAGCGCGTATCAGCT-1,-1.0000687,7.22717,Oval/Medial
TGAGTCATCAGCACCG-1,4.8582764,8.001094,Oval/Medial
TGATCAGGTAATGTGA-1,3.4550264,5.939214,Oval/Medial
TGATCTTAGCCTTTGA-1,-4.2776785,7.2001824,Marginal
TGATTTCTCTGAATCG-1,-1.2314271,3.9356856,Hbx
TGCATCCGTTCTCTAT-1,1.0008992,1.3754717,Lateral
TGCGATAGTTCTATCT-1,2.9020584,4.627995,Oval/Medial
TGCGGCACACGTGAGA-1,7.4627233,9.25517,Oval/Medial
TGCTCGTGTACGTTCA-1,-2.5754652,5.557162,Marginal
TGGATCAGTGTTTCTT-1,-3.255698,5.7715716,Marginal
TGGATGTAGAGCACTG-1,0.742555,5.616278,Oval/Medial
TGGATGTAGTCACGAG-1,7.0945287,1.481105,Oval/Medial
TGGGATTAGCCGTTGC-1-1,1.9111807,4.7941294,Lateral
TGGGATTGTGAACCGA-1,2.5742311,1.5347458,Lateral
TGGGCTGGTACAATAG-1,2.6719859,10.720252,Oval/Medial
TGGGTTAAGGATTTAG-1,-3.6317735,7.5771456,Marginal
TGGGTTAAGGCCTGAA-1,-0.8673548,4.628126,Oval/Medial
TGGTACAGTGTTGCCG-1,3.3802183,10.108093,Oval/Medial
TGGTAGTAGACAACAT-1,-2.8689888,6.313476,Marginal
TGGTAGTAGTTACTCG-1,2.633216,6.853773,Oval/Medial
TGGTTAGAGTATAACG-1,1.8930432,3.237358,Lateral
TGGTTAGGTCTTGGTA-1,-1.5046544,7.932843,Oval/Medial
TGTAACGGTCGTACTA-1,-3.183425,6.673437,Marginal
TGTAAGCTCGCTCCTA-1,6.888658,1.3685644,Oval/Medial
TGTAGACCATCGTCCT-1,-4.230622,7.2264667,Marginal
TGTGATGTCCAGGACC-1,1.9299046,6.9661326,Oval/Medial
TGTGTGACAAACACCT-1,-1.388103,3.5410814,Hbx
TGTTCCGAGACAGCTG-1,-1.9423231,7.1099553,Marginal
TGTTCCGAGGATGAGA-1,-2.0981412,-0.2875684,Hbx
TGTTCCGAGGGCTTCC-1,-3.28305,7.5079575,Marginal
TGTTCCGGTTACCCAA-1,5.1954556,8.343964,Oval/Medial
TGTTCCGGTTGTGCCG-1,3.7346928,13.031797,Oval/Medial
TGTTGAGAGGGCAGTT-1,-2.8826373,6.989267,Marginal
TTACCATAGTATGAAC-1,1.4234649,5.4783506,Oval/Medial
TTACCATTCCGCTTAC-1,-2.1509666,7.088749,Marginal
TTAGGGTAGTCACACT-1,-1.9271564,6.033031,Marginal
TTAGTCTAGCTGGTGA-1,1.0612446,1.7155861,Lateral
TTAGTCTGTACAGTCT-1,-2.9370177,8.094398,Marginal
TTATTGCCAATAAGGT-1,2.38902,5.9382052,Oval/Medial
TTCATGTGTGCTGTCG-1,0.6127671,1.1620154,Lateral
TTCCACGGTAACTGCT-1,-4.567423,8.596503,Marginal
TTCCTAACAATCGCGC-1,5.0189247,5.630695,Oval/Medial
TTCGATTTCCCGTGTT-1,3.1358008,8.685294,Oval/Medial
TTCGCTGGTGTTTCTT-1,4.9340005,11.948571,Oval/Medial
TTCTAACGTGTGGACA-1,1.635894,2.0394273,Lateral
TTCTAGTTCGGTAACT-1,2.096066,5.165948,Marginal
TTCTCTCGTCCACTTC-1,5.6681814,8.654278,Oval/Medial
TTCTTCCCAGATCCAT-1,-2.5940485,5.3714166,Marginal
TTCTTCCGTCTGCAAT-1,-1.734342,7.006642,Marginal
TTGACCCCATTACGGT-1,2.3112533,2.483659,Lateral
TTGAGTGTCTTACACT-1,1.065384,7.1273246,Oval/Medial
TTGCTGCAGGGACTGT-1,4.5527687,5.5161805,Oval/Medial
TTGCTGCAGGGAGGCA-1,2.7234957,10.185863,Oval/Medial
TTGGATGGTCATATGC-1,-2.4616265,5.9054008,Marginal
TTGGATGTCTTACACT-1,-0.8640518,5.563557,Oval/Medial
TTGGGCGCAACCGGAA-1,-2.6224484,2.9167845,Hbx
TTGGGCGCAGAATTCC-1,4.249109,7.282848,Oval/Medial
TTGGGTAAGTTCATCG-1,-0.95380926,0.3339888,Hbx
TTGTGTTAGCTCTATG-1-1,7.0625367,6.4877844,Oval/Medial
TTGTGTTCAGTCAGAG-1,-3.4932587,7.1617465,Marginal
TTGTTCAAGCGTCAGA-1,-3.9640012,7.015366,Marginal
TTGTTGTAGTCTTCGA-1,-3.5085933,6.9357014,Marginal
TTGTTTGCAAATGGCG-1,1.0537902,9.250002,Oval/Medial
TTTCATGCACGCGCTA-1,0.1682809,8.955244,Oval/Medial
TTTCATGCATCATTGG-1,0.30099577,1.5686901,Lateral
TTTGTTGAGGCTCTCG-1-1,-1.0107688,5.7916145,Oval/Medial
AAACGAAAGAGTCAAT-1,2.8218682,6.7845054,Oval/Medial
AAACGCTAGTGGCGAT-1,1.5023237,5.3792315,Oval/Medial
AAACGCTCAGGTCAGA-1,1.846302,5.162339,Oval/Medial
AAATGGACAGCTTTGA-1,7.1642776,6.7198696,Oval/Medial
AACAACCTCCATTGCC-1,5.266356,6.9742475,Oval/Medial
AACAAGAGTGTGAGCA-1,6.3398895,10.6438675,Oval/Medial
AACCACAGTGGATGAC-1,-4.138056,7.0136204,Marginal
AACCATGTCCCTCTAG-1,2.4799175,10.940235,Oval/Medial
AACCCAAGTAGCTGAG-1,-2.724711,2.3646085,Hbx
AACCTTTTCTTGAACG-1,-2.1192477,7.0617356,Marginal
AACGAAAAGAGTCACG-1,6.606785,6.962838,Oval/Medial
AACGAAATCTGGGCCA-1,5.876302,7.0938535,Oval/Medial
AACGGGAAGGGAGGGT-1,2.1257863,7.063699,Oval/Medial
AACGGGACATGTACGT-1,0.04870969,7.606237,Oval/Medial
AACGGGATCGTTCTAT-1,6.1469693,6.6797857,Oval/Medial
AACGTCACACTGAGGA-1,0.14034532,7.342409,Oval/Medial
AACGTCACAGTCTCTC-1,-2.0595407,3.2252948,Hbx
AACGTCAGTAGAATGT-1,-4.5868697,8.785988,Marginal
AAGACAAAGTTGCATC-1,-2.3904872,7.1209726,Marginal
AAGACAACACCACATA-1,-2.7314851,8.678159,Marginal
AAGACTCAGCTGTTAC-1,2.7877293,6.789404,Oval/Medial
AAGATAGGTACCGTGC-1,-3.4060967,6.541787,Marginal
AAGCATCAGGTTCACT-1,0.1846143,4.627016,Oval/Medial
AAGCCATCATGCCATA-1,4.411151,12.621705,Oval/Medial
AAGCCATGTGAATGTA-1,2.172334,3.1547356,Lateral
AAGCGAGCAGGCACTC-1,6.169632,1.98645,Oval/Medial
AAGCGAGGTAGATCCT-1,5.519102,6.973486,Oval/Medial
AAGGAATAGCTCCATA-1,0.63548833,9.441151,Oval/Medial
AAGGAATGTGACTGTT-1,3.9324863,10.197952,Oval/Medial
AAGGTAATCCATTGGA-1,2.1358745,5.997081,Oval/Medial
AAGTCGTAGATAGCAT-1,-2.6069133,1.8453323,Hbx
AAGTCGTAGTCAGAGC-1,5.1494174,8.029733,Oval/Medial
AAGTTCGAGCGTCAGA-1,0.5717231,1.7722107,Lateral
AAGTTCGTCTTGGTGA-1,-1.7867996,6.9068804,Marginal
AATCACGGTAACGGTG-1-1,-2.2761407,7.5087676,Marginal
AATCACGTCAGACCGC-1,2.7659042,10.02204,Oval/Medial
AATGAAGCAGGTCAGA-1,5.79596,7.8487163,Oval/Medial
AATGAAGTCAAGTCGT-1,-2.925844,6.6713867,Marginal
AATGAAGTCTAATTCC-1,-1.4601405,3.625741,Hbx
AATGCCACACTAAACC-1-1,-4.016246,7.231935,Marginal
AATGCCAGTCTTACAG-1,-1.7284853,5.413036,Marginal
AATGGCTAGCAAATCA-1,7.4973087,7.181688,Oval/Medial
AATTCCTGTAATGCGG-1,6.057614,12.0114355,Oval/Medial
AATTTCCCAATCCAGT-1,0.53959817,4.443432,Lateral
ACAAAGATCAAAGAAC-1,-3.9108834,7.512547,Marginal
ACAACCACAAGAGTGC-1,0.37160325,6.3088937,Oval/Medial
ACAAGCTGTGCCCTTT-1,-0.29567507,6.9036775,Oval/Medial
ACACTGAGTAACATCC-1,6.792698,7.0835004,Oval/Medial
ACAGAAAGTATCAAGA-1,5.5317206,6.493174,Oval/Medial
ACAGCCGCAACACAAA-1,5.8167067,2.142397,Oval/Medial
ACAGGGAAGTGGATTA-1,1.8364822,2.1289098,Lateral
ACATCCCAGCATCAAA-1,6.2976193,12.190889,Oval/Medial
ACATCGAGTCCTCATC-1,-1.1779072,0.90890825,Hbx
ACCAACACACATGGTT-1-1,2.4576604,9.596324,Oval/Medial
ACCACAACACATACGT-1,7.60935,5.2350364,Oval/Medial
ACCACAAGTTAGGCTT-1,-1.9833298,3.3922262,Hbx
ACCATTTAGCGAACTG-1,-2.114118,5.4405813,Marginal
ACCATTTCACGGTGAA-1,-0.9204041,6.9099717,Oval/Medial
ACCCTCATCATTGTGG-1,0.5135699,1.7454377,Lateral
ACCCTTGGTAACTAAG-1,-1.977405,8.303313,Marginal
ACCGTTCCACAGACGA-1,4.900292,6.610724,Oval/Medial
ACCGTTCTCCTACACC-1,-2.4148707,6.361402,Marginal
ACCTACCTCGAAGAAT-1,-2.5833278,6.297866,Marginal
ACCTACCTCGGTTGTA-1,1.6235771,2.5135474,Lateral
ACCTGAACATCCTAAG-1,-0.9588378,6.085558,Oval/Medial
ACCTGAATCTCGGCTT-1,0.9521379,9.390396,Oval/Medial
ACGATGTGTGACAACG-1,-1.5114233,8.24583,Marginal
ACGGAAGAGTCCTGCG-1,2.3831065,4.6807857,Oval/Medial
ACGGAAGGTATGGAAT-1,-1.3705169,1.7981257,Hbx
ACGGAAGGTGCCCTTT-1,-3.4779987,8.50454,Marginal
ACGTACAGTGCCGTAC-1,1.3826501,6.8245816,Oval/Medial
ACGTACAGTGGACCTC-1,-0.35277563,7.215887,Oval/Medial
ACGTCCTCACCTGCTT-1,5.911488,6.8365593,Oval/Medial
ACTATGGAGCCTCACG-1-1,-0.17647761,6.0611253,Oval/Medial
ACTATGGAGCGCAATG-1,0.029513441,4.504436,Oval/Medial
ACTATGGGTCGTGCCA-1,0.50703245,4.5388775,Oval/Medial
ACTATTCCAGCAGAAC-1,3.3365755,9.105575,Oval/Medial
ACTCTCGTCCGCGGAT-1,0.154347,8.789258,Oval/Medial
ACTCTCGTCTCAGTCC-1,0.81539154,2.5384078,Lateral
ACTGATGGTAAGCTCT-1,7.1409874,4.973282,Oval/Medial
ACTTCCGAGGATACAT-1,2.383756,7.757239,Oval/Medial
AGAACAACAAACCGGA-1,7.5568233,8.108368,Oval/Medial
AGAAGTATCTTCGGAA-1,-2.1196275,7.039833,Marginal
AGACAAACACACCTTC-1,-2.8830132,5.4714417,Marginal
AGACAGGCACTACTTT-1,1.320242,6.652331,Oval/Medial
AGACCATCATGGCTGC-1-1,5.362016,6.683727,Oval/Medial
AGACCATTCTGAATGC-1,1.0079635,5.920541,Oval/Medial
AGAGAGCTCATGTCTT-1,2.886055,13.014746,Oval/Medial
AGAGAGCTCGGTAAGG-1,2.5924945,7.118516,Oval/Medial
AGATAGAGTATCGCTA-1,0.52302146,2.6196842,Lateral
AGATAGATCGCCAACG-1,-4.113963,7.795206,Marginal
AGATCCATCATCCCGT-1,1.1509409,7.4543724,Oval/Medial
AGATCCATCGCAATGT-1,-4.345235,8.354945,Marginal
AGATCGTCAGAAACCG-1,-1.93004,6.827917,Marginal
AGATCGTTCATGCGGC-1,-3.4103694,7.3098273,Marginal
AGATGAAAGACATCCT-1,0.30361906,6.261596,Oval/Medial
AGATGAAAGCCGATCC-1,-3.284545,6.9445276,Marginal
AGATGAAGTTAATCGC-1,0.9469784,4.3244925,Lateral
AGATGCTAGCAATAAC-1,5.5398993,7.716234,Oval/Medial
AGCCAATGTCCGGCAT-1,2.0886624,8.780705,Oval/Medial
AGCCACGAGACGTCCC-1-1,-3.2407444,5.7020507,Marginal
AGCGATTGTCTTCCGT-1,-0.8274838,8.267083,Oval/Medial
AGCGATTTCTGAATGC-1,1.0470074,7.4208927,Oval/Medial
AGCGCCAGTCCTCCAT-1,-0.6133064,4.6823764,Oval/Medial
AGCGCTGTCTCTCCGA-1,-3.2152333,7.952373,Marginal
AGCGTATGTAGTCTTG-1,-2.435881,0.68191457,Hbx
AGCTACACATAATGAG-1-1,4.883293,7.0951223,Oval/Medial
AGCTCAAAGGCCACCT-1,-4.367775,8.702016,Marginal
AGCTCAAGTCTGCCTT-1,-1.4238039,6.723345,Oval/Medial
AGGAATAAGGACGCTA-1,5.2889786,4.488674,Oval/Medial
AGGAATACACCGTGGT-1,2.1610773,7.0378475,Oval/Medial
AGGATAACACCGTACG-1,-3.3062384,6.0224104,Marginal
AGGATCTAGGAAAGAC-1,-2.8072753,6.9775715,Marginal
AGGGAGTTCGTTCCCA-1,3.0211806,12.326477,Oval/Medial
AGGGAGTTCTAGCCAA-1,7.8741965,6.762984,Oval/Medial
AGGGCCTAGAGCGACT-1,5.2921147,11.516981,Oval/Medial
AGGGCCTAGGAAAGGT-1,1.8363315,8.069324,Oval/Medial
AGGGCCTTCAAGTCTG-1,2.1681619,6.520534,Oval/Medial
AGGGTCCGTCATTGCA-1,5.8667502,6.7982078,Oval/Medial
AGGTAGGCACTAGGCC-1,3.713243,6.037827,Oval/Medial
AGGTCTATCATGCATG-1,-2.632542,6.3034434,Marginal
AGGTGTTTCGGACTTA-1,-3.8359225,7.4950356,Marginal
AGGTTACTCCATTCAT-1,2.186755,5.740934,Marginal
AGGTTGTTCCGATAGT-1,1.6854525,3.017749,Lateral
AGTACCAAGGTCCTGC-1,1.6671015,7.260006,Oval/Medial
AGTACCAAGTAGAGTT-1,4.3139935,5.50008,Oval/Medial
AGTAGCTTCTGAATCG-1,0.6755514,9.639103,Oval/Medial
AGTAGTCCAATACGCT-1,2.0229983,4.9596567,Marginal
AGTAGTCCACCGTCGA-1,-3.3945954,7.1541977,Marginal
AGTCAACAGACTGAGC-1,5.168407,6.050357,Oval/Medial
AGTCAACCAAAGCGTG-1,1.8491681,6.0945907,Oval/Medial
AGTCATGCAGTATTCG-1-1,0.8924393,6.9035673,Oval/Medial
AGTCATGTCGCGGACT-1,5.93593,11.631004,Oval/Medial
AGTCTCCGTGCCGGTT-1,-1.4679441,5.878722,Marginal
AGTGCCGAGGGATCGT-1,-1.6496491,6.4368973,Oval/Medial
AGTGCCGGTCACTCAA-1,0.25430548,4.8319364,Oval/Medial
AGTTCGAAGCAAGTGC-1,1.144581,6.261296,Oval/Medial
ATACTTCCACCTTCGT-1,-3.0819829,6.545318,Marginal
ATACTTCGTATTTCCT-1,5.170806,11.523796,Oval/Medial
ATAGACCCAACTCATG-1,-1.679054,0.008710835,Hbx
ATAGAGAGTCATGGCC-1,1.3357794,9.9745865,Oval/Medial
ATCACAGGTGCCTATA-1,-4.209904,8.217267,Marginal
ATCAGGTAGACTGTTC-1,4.119722,5.6013145,Oval/Medial
ATCCACCGTTGGGTAG-1,0.42766097,6.004131,Oval/Medial
ATCCGTCTCCACGAAT-1,-0.49837288,6.1952925,Oval/Medial
ATCCTATAGGGCAAGG-1,-0.08755929,8.444291,Oval/Medial
ATCCTATCAGAGCCCT-1,3.55027,7.1412473,Oval/Medial
ATCCTATGTTTGAACC-1,4.5315022,5.968499,Oval/Medial
ATCCTATTCCATAGAC-1,6.3468738,1.8372879,Oval/Medial
ATCGATGGTGACAACG-1,-2.7248843,6.290133,Marginal
ATCGCCTCAGTTCCAA-1,-3.837954,5.8851204,Marginal
ATCGCCTGTACTCGTA-1,-2.8157222,6.107888,Marginal
ATCGGATCAACCCTAA-1,6.3621364,8.349515,Oval/Medial
ATCGGATGTCAGGTAG-1,2.329815,6.08474,Oval/Medial
ATCGGATTCAACGAGG-1,-3.629307,7.663275,Marginal
ATCGTAGGTCGCATTA-1,1.0884424,6.239233,Oval/Medial
ATCGTCCAGCTAAATG-1,-4.0960503,7.411772,Marginal
ATCTTCAGTAACTGCT-1,-3.0976176,7.9320145,Marginal
ATGACCACATCATTGG-1,1.1475192,4.26863,Lateral
ATGAGGGTCTTCGGTC-1-1,-1.5970284,4.804584,Oval/Medial
ATGAGTCTCTCTCTAA-1,7.737735,4.9962916,Oval/Medial
ATGCGATGTAACGTTC-1,2.1835096,9.328688,Oval/Medial
ATGGAGGAGGTCACCC-1,2.811999,2.1071243,Lateral
ATGGAGGTCTTCTGGC-1,-1.5328665,0.59699833,Hbx
ATGGATCTCATGTCTT-1,2.7666245,12.27572,Oval/Medial
ATGGATCTCCAGCAAT-1,5.3075304,6.653812,Oval/Medial
ATGTCTTCACCATTCC-1,-3.0512145,6.2527213,Marginal
ATTACCTAGACAACAT-1,-0.67491925,7.4069757,Oval/Medial
ATTACTCTCTGTAACG-1,-1.3739096,4.5914526,Marginal
ATTCAGGAGGTGGCTA-1,0.2902013,3.635905,Oval/Medial
ATTCATCGTCGACTGC-1,-0.9505939,1.0655476,Hbx
ATTCATCTCAAGTAAG-1,-4.059847,5.8429785,Marginal
ATTCCATTCCGATGTA-1,1.9907337,6.007478,Marginal
ATTCCATTCGAGAAAT-1,-2.7047536,6.77602,Marginal
ATTCGTTAGCTCCATA-1,-0.8183892,6.625951,Oval/Medial
ATTCGTTCAATCTCGA-1,3.394462,9.793651,Oval/Medial
ATTCTACGTGTAAATG-1,0.5366906,6.8087325,Oval/Medial
ATTCTTGAGACTGAGC-1,1.706999,8.365389,Oval/Medial
ATTCTTGAGCAACTCT-1,-4.6063294,8.7909155,Marginal
ATTCTTGCAAGTATCC-1,-0.9073338,4.4082184,Oval/Medial
ATTGGGTTCATCCTGC-1,1.1535226,2.7140012,Lateral
ATTTCACCACTGTTCC-1,-0.83747685,6.621493,Oval/Medial
ATTTCACTCTTGGCTC-1,6.9349833,6.0491343,Oval/Medial
ATTTCTGTCCGTCACT-1,5.3362927,6.49639,Oval/Medial
CAACAACGTCTACAGT-1,2.7050226,11.613881,Oval/Medial
CAACAACTCTGAATCG-1,2.2123237,6.429483,Oval/Medial
CAACCTCAGGCCCACT-1,-2.4060771,6.16483,Marginal
CAACCTCTCTGGACTA-1,-0.12889743,7.825412,Oval/Medial
CAACGGCAGATTACCC-1,-3.0211844,6.761295,Marginal
CAAGAGGTCATTGAGC-1,2.0686526,1.4091378,Lateral
CAAGAGGTCTTGGTGA-1,7.661362,4.7803693,Oval/Medial
CAAGCTAGTGATACCT-1,0.96336,2.865469,Lateral
CAAGGGATCAACTACG-1,0.09127482,6.313276,Oval/Medial
CAATCGACATGACAAA-1,4.4694715,3.213082,Oval/Medial
CAATCGAGTATCACCA-1,1.6709784,9.278475,Oval/Medial
CAATGACTCTCGTGAA-1,0.22074649,2.883247,Lateral
CAATTTCCAGCAGTCC-1,-0.85029894,5.1514,Oval/Medial
CAATTTCTCTCAACCC-1,-2.3142512,0.4015336,Hbx
CACAACACAGGCATTT-1,1.4197842,7.7175765,Oval/Medial
CACAGATGTATTGGCT-1,3.5762146,12.722157,Oval/Medial
CACCAAACAATACGAA-1,-3.9867582,7.288934,Marginal
CACCAAATCATCTATC-1,-4.3011847,6.6330433,Marginal
CACGAATCAGCTGAGA-1,-3.9628398,6.96077,Marginal
CACGGGTTCCCGAACG-1,7.32071,8.132299,Oval/Medial
CACGGGTTCCTGCCAT-1,0.62121546,0.9383269,Lateral
CACGTTCAGGAGAGGC-1,-2.2186408,4.942672,Marginal
CACTGAAAGAGATGCC-1,-0.2190238,6.152826,Oval/Medial
CACTGTCTCAGCACCG-1,4.716683,12.302414,Oval/Medial
CACTTCGGTGGGTTGA-1,4.25992,10.59611,Oval/Medial
CAGATCAAGGTTCAGG-1,5.12274,8.65627,Oval/Medial
CAGATCATCACGGTCG-1,-2.5933769,6.97141,Marginal
CAGCAATCACCTAAAC-1,-0.3016782,4.6126604,Oval/Medial
CAGCAATTCTACACTT-1,-3.6760528,7.3010106,Marginal
CAGCCAGCAACGTATC-1,-2.9144917,5.5999417,Marginal
CAGCGTGCACACCGAC-1,3.3186781,9.813737,Oval/Medial
CAGGCCAAGCGATGGT-1,2.6170926,4.5259824,Oval/Medial
CAGGGCTAGGCCTAGA-1,-4.2844524,8.9242115,Marginal
CAGGTATCACGACAGA-1,1.8287647,4.954429,Oval/Medial
CAGGTATGTACCTGTA-1,1.5846351,9.707875,Oval/Medial
CAGGTATGTCCAAAGG-1,-1.8122416,6.4345694,Marginal
CAGGTATTCAGGGATG-1-1,5.768684,7.5164237,Oval/Medial
CAGTTAGAGCACTCTA-1,5.618132,11.11435,Oval/Medial
CAGTTAGGTGACAACG-1,-4.2795625,7.332804,Marginal
CATAAGCGTTCCTAGA-1,2.5905626,11.272051,Oval/Medial
CATACTTGTATGTCTG-1,3.9585416,10.52745,Oval/Medial
CATACTTGTCCTCCTA-1,-0.044819478,6.61384,Oval/Medial
CATACTTTCATAGGCT-1,6.8880916,4.874921,Oval/Medial
CATCCACGTCAGGTAG-1,3.8718472,10.59217,Oval/Medial
CATCCGTCAGATACTC-1,3.1519663,11.755512,Oval/Medial
CATCCGTTCGCGAAGA-1,8.433957,7.0638595,Oval/Medial
CATCGCTAGGTCATAA-1,-2.0701377,5.1632776,Marginal
CATGCCTTCTGGGATT-1,-3.8920326,6.9217086,Marginal
CATGCGGGTCCTTTGC-1,2.7725897,12.368277,Oval/Medial
CATGCTCTCCGTGTGG-1,-3.2297285,8.138513,Marginal
CATGGATCACCTCAGG-1,-1.634571,3.1089144,Hbx
CATGGATTCCAGTGCG-1,7.4678698,6.5673914,Oval/Medial
CATGGTACAAGCAGGT-1,-2.2455251,3.319414,Hbx
CATTCCGCAACGGTAG-1,-0.053996067,7.5954356,Oval/Medial
CATTCCGGTAGTTAGA-1,-3.1944857,7.5773587,Marginal
CATTCTAGTTTGGAAA-1,3.8468566,10.275086,Oval/Medial
CATTCTATCGAGCACC-1,-2.9480174,6.127266,Marginal
CATTGCCAGTCGAGGT-1,-3.365514,5.718327,Marginal
CCAAGCGAGCGTTCAT-1,2.3310833,6.4909873,Oval/Medial
CCAAGCGAGTGTTGAA-1,-2.1056623,7.3253055,Marginal
CCAATTTTCACTACGA-1,-1.7295305,3.312274,Hbx
CCATAAGTCATGTCAG-1,4.56489,7.9388533,Oval/Medial
CCCAACTTCGTGCAGC-1,-2.320581,7.1385574,Marginal
CCCATTGTCTGACCCT-1-1,4.747822,6.7975993,Oval/Medial
CCCGAAGTCCGGCTTT-1,-1.9773264,5.9845843,Marginal
CCCGAAGTCTAGCCAA-1,-0.40686518,4.265185,Oval/Medial
CCCGGAAAGGCCTAAG-1,0.37631822,6.219842,Oval/Medial
CCCGGAATCGGAAGGT-1,-0.26297918,5.361578,Oval/Medial
CCCTCAATCTCAACGA-1,4.6995926,6.862386,Oval/Medial
CCGATGGAGAATGTTG-1,4.48137,6.8935456,Oval/Medial
CCGATGGTCCGGGACT-1,5.199972,7.273079,Oval/Medial
CCGGTAGTCCCATTCG-1,4.769163,8.634446,Oval/Medial
CCGGTGACAATTAGGA-1,0.9026681,5.783186,Oval/Medial
CCTAACCAGCACCGAA-1,1.8595759,5.308912,Oval/Medial
CCTAAGACATCATTGG-1,2.6210537,7.5767713,Oval/Medial
CCTCAGTTCTCAACCC-1,-3.4232297,8.349697,Marginal
CCTCATGCATTGAGGG-1,0.53817284,1.1397729,Lateral
CCTCATGTCGCAAGAG-1,-3.1621594,8.1149435,Marginal
CCTCCAAAGGATACGC-1,0.73089325,7.46804,Oval/Medial
CCTCCTCGTGGCTGCT-1,2.3205895,2.0808442,Lateral
CCTCTAGGTAGGACCA-1,1.0927744,2.3841703,Lateral
CCTCTCCGTGAGACCA-1,-1.9565116,6.4891963,Marginal
CCTGCATAGAGGGTCT-1,-2.1356292,3.1668272,Hbx
CCTTCAGGTCACTGAT-1,-2.4888203,4.3547263,Hbx
CCTTCAGGTGAGTGAC-1,1.1886595,1.1980234,Lateral
CCTTCAGGTGGCCTCA-1,-3.7657316,6.1372905,Marginal
CCTTCAGTCGACACCG-1,4.3516192,5.0532146,Oval/Medial
CCTTCAGTCGATCCAA-1,3.1502688,11.311438,Oval/Medial
CGAAGTTTCAGGTAAA-1,0.22331135,4.0743785,Oval/Medial
CGAATTGCAAGGACAC-1,1.7532668,6.5876765,Oval/Medial
CGAGGAAGTTTCAGAC-1,0.27554357,3.3565886,Lateral
CGAGGAATCCCTTGGT-1,-4.6678185,8.917632,Marginal
CGAGGCTCATTACTCT-1,0.3715105,8.004386,Oval/Medial
CGAGTTAGTAGTGCGA-1,2.0680618,2.3077588,Lateral
CGAGTTAGTGCGTGCT-1,0.8838946,6.364272,Oval/Medial
CGATGCGCACGCACCA-1,-0.47607917,5.229854,Oval/Medial
CGATGCGTCCGATCGG-1,-1.136339,5.629788,Oval/Medial
CGATGGCGTAGTGCGA-1,-2.5757186,2.6279323,Hbx
CGCAGGTTCAACGTGT-1,-4.1685686,8.592845,Marginal
CGCAGGTTCTAGCCTC-1,4.084443,5.531262,Oval/Medial
CGCCAGATCTACAGGT-1,3.012464,6.0360446,Oval/Medial
CGCGTGACAGCGACAA-1,0.16209497,6.268668,Oval/Medial
CGGAACCCACTTGTCC-1,1.8033888,7.289738,Oval/Medial
CGGAATTCAGAGTCTT-1,-3.890629,6.9994206,Marginal
CGGCAGTAGATTGATG-1,-2.4701812,5.816726,Marginal
CGGCAGTGTAACATGA-1,-2.967845,7.349083,Marginal
CGGGACTTCACCTCTG-1,5.943111,6.0336885,Oval/Medial
CGGTCAGAGTACAGAT-1,5.036663,11.480975,Oval/Medial
CGGTCAGAGTATCTGC-1,1.207571,6.6390977,Oval/Medial
CGTAATGTCTTACTGT-1,-2.4970412,6.9231815,Marginal
CGTCAAACAGTTCACA-1,6.401193,6.372011,Oval/Medial
CGTGAATAGTTGTACC-1,3.849724,13.446472,Oval/Medial
CGTGAATGTATGTGTC-1,3.9645147,3.8291328,Oval/Medial
CGTGTCTCACCAGCCA-1,6.4206405,1.5551164,Oval/Medial
CGTTCTGCACATGACT-1,-2.5891745,5.9224844,Marginal
CGTTGGGAGGACTAAT-1,7.632535,6.842594,Oval/Medial
CTAACCCAGTCCCGAC-1,-1.4517323,1.7339604,Hbx
CTAACCCGTGTCCCTT-1,-3.4219422,6.867227,Marginal
CTAACCCGTTCCACGG-1,5.9998837,4.866985,Oval/Medial
CTAAGTGCACGCACCA-1,5.6426167,3.5180693,Oval/Medial
CTAAGTGCAGCTACAT-1,4.3582897,5.540879,Oval/Medial
CTACATTGTGGAGAAA-1,-2.1159694,0.9220182,Hbx
CTACCCACAAAGGCAC-1,2.339689,6.532786,Oval/Medial
CTACGGGGTGATAGAT-1,-1.7573681,6.3879194,Marginal
CTACTATTCCATGATG-1,0.5456984,8.436138,Oval/Medial
CTAGGTAGTTCTCTCG-1,3.4390137,7.0666933,Oval/Medial
CTAGGTATCTGTACAG-1,5.3093467,6.506134,Oval/Medial
CTATAGGTCAAAGGAT-1,1.9006275,5.6150217,Marginal
CTCAAGAAGCACACAG-1-1,5.9325023,5.9320865,Oval/Medial
CTCAATTAGCATACTC-1,3.408217,6.0704165,Oval/Medial
CTCAGGGAGCTGGCTC-1,5.7179585,11.556554,Oval/Medial
CTCAGGGTCACCATCC-1,5.2962623,6.7227592,Oval/Medial
CTCAGTCCAGTAACCT-1,4.1292067,6.314957,Oval/Medial
CTCAGTCGTTATCTTC-1,4.5535703,6.2649145,Oval/Medial
CTCATCGTCATACGGT-1,0.83693504,6.253551,Oval/Medial
CTCATGCAGTGATGGC-1-1,6.4288826,7.878912,Oval/Medial
CTCATTATCGTCCTCA-1,-2.0316277,7.07822,Marginal
CTCCATGGTACTGAGG-1,5.308587,7.1772885,Oval/Medial
CTCCATGTCCAATCTT-1-1,-1.3533024,6.4850655,Oval/Medial
CTCCCTCTCCAACACA-1,5.6173096,10.621886,Oval/Medial
CTCGAGGGTCACCGAC-1,-0.98317045,4.460027,Oval/Medial
CTCTGGTAGCGGCTCT-1,-4.709691,7.990729,Marginal
CTGATCCTCAAGGCTT-1-1,3.2231693,8.715455,Oval/Medial
CTGCAGGAGGTCCGAA-1,-2.1199985,5.708222,Marginal
CTGCAGGTCCTATGGA-1,5.677218,6.150072,Oval/Medial
CTGCATCAGTAGATCA-1,-0.19036342,6.31057,Oval/Medial
CTGCCTATCCAAATGC-1,-1.4922572,4.2971606,Marginal
CTGCTCAGTAGATGTA-1,4.060886,7.175774,Oval/Medial
CTGCTCAGTCGCTGCA-1,5.917024,12.156003,Oval/Medial
CTGGACGAGCTTCATG-1,-1.0918247,4.875224,Oval/Medial
CTGGCAGTCTCTGCTG-1,-2.4349325,2.4765701,Hbx
CTGGTCTTCTCCCTAG-1,-2.8463738,6.624393,Marginal
CTGTAGAAGACAGCGT-1,-1.388713,5.946163,Oval/Medial
CTGTCGTGTGACGCCT-1,4.3382087,7.9166474,Oval/Medial
CTGTCGTGTTGCTTGA-1,1.6544622,7.5857854,Oval/Medial
CTGTGAAAGAGCATTA-1,-4.257921,8.995789,Marginal
CTGTGAAAGCCTCAGC-1,1.9951658,8.032489,Oval/Medial
CTTACCGTCTAGTCAG-1,-1.462653,3.7594545,Hbx
CTTAGGAAGACGCAGT-1,-3.495747,6.6620193,Marginal
CTTAGGAAGACTGGGT-1,2.1369205,6.455019,Oval/Medial
CTTCCGATCAGTGATC-1,2.8231194,7.0828276,Oval/Medial
CTTCCTTCAGGAATCG-1,1.3963637,6.3617196,Oval/Medial
CTTCCTTGTATGTCTG-1,0.13833135,5.2237773,Marginal
CTTCGGTCAATAAGGT-1-1,-2.0393393,7.905361,Marginal
CTTCGGTGTACCGGAA-1,-2.302377,4.905803,Marginal
CTTCTCTCAAGGGTCA-1,7.3285604,5.1475887,Oval/Medial
CTTCTCTCACGGTCTG-1,-2.1902094,5.0707145,Marginal
CTTCTCTGTGATGGCA-1,-3.832184,5.856195,Marginal
CTTGAGAAGTGACCTT-1,0.11681946,9.482249,Oval/Medial
CTTGAGACAAGACGAC-1,1.8746359,5.596947,Marginal
CTTGAGACAAGCAATA-1,-4.291742,7.0579414,Marginal
CTTTCAAAGGCTGTAG-1,-2.573078,7.6180153,Marginal
CTTTCAATCTTTCCAA-1,2.940301,13.290423,Oval/Medial
GAAACCTGTTTCTTAC-1,5.804321,7.435503,Oval/Medial
GAACACTGTGGGACAT-1,3.3041947,9.47462,Oval/Medial
GAACGTTCAGCCTATA-1,-0.7454549,7.670387,Oval/Medial
GAACGTTGTATGCTTG-1,4.0084996,12.969596,Oval/Medial
GAAGAATTCACTCTTA-1,5.248385,10.446197,Oval/Medial
GAAGCCCAGTCATTGC-1,-4.755259,8.596178,Marginal
GAAGCCCCATACAGAA-1,-0.31495333,6.244933,Oval/Medial
GAAGCCCTCATTCTTG-1,1.6705239,4.0782146,Lateral
GAAGGGTAGCTTGTTG-1,-1.9961956,5.1648827,Marginal
GAAGGGTCACGAGGAT-1,5.114747,2.8050392,Oval/Medial
GAAGGGTGTGTCCCTT-1,-2.5014188,6.865488,Marginal
GAAGTAAAGAGGCGTT-1,-1.0714694,0.30709633,Hbx
GAAGTAACATACTTTC-1,-1.18968,4.254,Hbx
GAATCGTTCCATTTAC-1,3.9472086,6.0370436,Oval/Medial
GAATCGTTCTTACCGC-1,0.9133546,6.1139116,Oval/Medial
GAATCGTTCTTTCAGT-1,2.7354517,5.470922,Oval/Medial
GACACGCCAACGTTAC-1-1,-2.2111025,6.861713,Marginal
GACAGCCAGATTGACA-1,2.858024,6.15605,Oval/Medial
GACAGCCTCCATTTAC-1,-0.12651563,6.492149,Oval/Medial
GACCCAGAGCGTGTCC-1-1,3.8752897,6.032256,Oval/Medial
GACCCTTTCAACTGAC-1,0.63011825,2.2406952,Lateral
GACGCTGAGCACTCAT-1,4.615262,5.9473715,Oval/Medial
GACGCTGCATGTCTAG-1,-4.4578137,7.3412027,Marginal
GACGTTATCGGTGAAG-1,-1.6662165,2.7091544,Hbx
GACTATGGTTACCCTC-1,6.279853,11.400434,Oval/Medial
GACTCAAGTCGTCAGC-1,-1.1216457,6.443745,Oval/Medial
GACTCTCTCGTCGATA-1,6.3968344,11.23837,Oval/Medial
GACTGATTCTTAGGAC-1,-1.6307297,4.924213,Oval/Medial
GACTTCCCAGTCAGTT-1,5.572802,7.1769066,Oval/Medial
GAGAAATCAGTGTATC-1,-1.6762825,5.649929,Marginal
GAGACTTCACCTAAAC-1,1.457762,6.4632654,Oval/Medial
GAGATGGAGGCATCGA-1,-4.0599327,6.414101,Marginal
GAGCCTGTCGTCAGAT-1,2.8181295,6.372008,Oval/Medial
GAGGGATCAGCGCGTT-1,-1.4379791,3.7151902,Hbx
GAGGGATTCCGCTTAC-1,-1.9195621,7.725988,Marginal
GAGGGTATCATTTGCT-1,-0.07807263,7.44691,Oval/Medial
GAGTCATCAGAAGCTG-1,4.586546,6.3265443,Oval/Medial
GAGTGTTGTGTCCATA-1-1,2.8050926,6.534217,Oval/Medial
GAGTTGTCAAACTCGT-1,-4.749125,8.773716,Marginal
GAGTTGTGTTATAGCC-1,-3.6676126,7.4168606,Marginal
GATAGAACATGACACT-1-1,-0.94267976,4.64151,Oval/Medial
GATCACACAAGGCTTT-1,7.3919044,1.497254,Oval/Medial
GATCAGTTCCGAAGGA-1,-2.9292655,5.5003276,Marginal
GATCCCTCAGTGTACT-1,-1.9873502,2.404812,Hbx
GATGACTGTTGATGTC-1,0.62779266,6.4545865,Oval/Medial
GATGAGGAGGCTGGAT-1,-0.34942114,7.2041745,Oval/Medial
GATGATCGTAGCTAAA-1,1.4202043,9.195027,Oval/Medial
GATGGAGAGCGACTAG-1,1.4882812,7.3365006,Oval/Medial
GATGTTGCAACTCATG-1,4.146439,13.444468,Oval/Medial
GATTCGAAGTCTCTGA-1,2.390437,1.9951307,Lateral
GATTCGAGTGGCTCTG-1,4.6615734,6.6576185,Oval/Medial
GCAACATGTTCAAAGA-1,-2.5666912,6.792333,Marginal
GCAACCGCAGAGGCAT-1,-3.3688254,7.0442734,Marginal
GCAACCGCAGCGATTT-1,6.4435344,6.8302855,Oval/Medial
GCACGTGAGAGCCGTA-1,-2.1357296,5.6163497,Marginal
GCAGCCAGTGCCTACG-1,-0.63907343,0.3139233,Hbx
GCAGCCATCACCTGGG-1,-2.8142033,6.290375,Marginal
GCATCTCCAGCAGGAT-1,-2.823205,6.1626782,Marginal
GCATCTCTCGGTGTAT-1,7.6444077,4.5802646,Oval/Medial
GCATCTCTCTGCTAGA-1,4.906353,6.3876085,Oval/Medial
GCATCTCTCTTGAGCA-1,5.0902243,8.146513,Oval/Medial
GCATGATAGGTCGAGT-1,0.21409144,8.835468,Oval/Medial
GCATTAGAGTCTCGTA-1,5.539752,7.3372445,Oval/Medial
GCATTAGCACTGCTTC-1,3.1326737,5.1422977,Oval/Medial
GCCAACGCATCACAGT-1,-3.3380308,7.769493,Marginal
GCCAACGTCACGGGCT-1,-0.44023445,4.0822153,Oval/Medial
GCCAGCATCGACGCGT-1,0.40922886,2.9669774,Lateral
GCCAGTGGTTCGTACA-1,5.853429,6.8068714,Oval/Medial
GCCATGGAGACCTCAT-1,-1.1100396,0.11522761,Hbx
GCCGATGGTGACTGTT-1,1.8481821,3.8907113,Lateral
GCCGATGTCAGCTGTA-1,-0.6046047,6.7007165,Oval/Medial
GCCGTGATCGGTGTTA-1,-2.3641272,7.508518,Marginal
GCGATCGAGAGCAGTC-1,2.0587971,7.3534355,Oval/Medial
GCGGAAATCCCTAGGG-1-1,2.7936718,5.5953984,Marginal
GCGGAAATCCCTTGTG-1,-2.6549175,7.9928746,Marginal
GCGGATCCAGTAGTGG-1,-3.6444898,8.247645,Marginal
GCGTGCACACTATGTG-1,-3.118868,5.250259,Marginal
GCGTTTCAGAGCATCG-1,1.0818028,5.905123,Marginal
GCTACAATCCAAGCCG-1,-2.5547152,7.7014747,Marginal
GCTTTCGAGCGCGTTC-1-1,5.264642,7.6353073,Oval/Medial
GCTTTCGGTACGGTTT-1,-3.4948123,7.954226,Marginal
GGAAGTGGTTTCGTGA-1,-1.6726842,7.0560565,Marginal
GGACGTCAGAGTCAAT-1,5.6843734,6.243216,Oval/Medial
GGACGTCGTTCCAGGC-1,-3.380362,7.264743,Marginal
GGAGAACGTAATGATG-1,-4.248046,7.441346,Marginal
GGAGGATCACGGTGCT-1,-2.79033,7.8195906,Marginal
GGAGGATCAGCTGAAG-1,-2.4815643,7.234859,Marginal
GGAGGTAGTCAGTTTG-1,-2.3442247,3.5278249,Hbx
GGAGGTATCCTTGAAG-1,-1.3005831,7.3627925,Oval/Medial
GGATCTAAGTTACGGG-1,-1.0714585,6.3294954,Oval/Medial
GGATCTAGTATCATGC-1,0.48538354,4.988697,Oval/Medial
GGCACGTAGCAGCACA-1,6.741941,5.20808,Oval/Medial
GGCACGTAGCCTCTGG-1,-0.7000586,5.2885065,Oval/Medial
GGCACGTTCACTCACC-1,2.9662097,2.328992,Lateral
GGCAGTCAGTGTAGAT-1,-2.3506413,7.7395406,Marginal
GGCAGTCGTATCCTCC-1,-3.8256667,7.669694,Marginal
GGCAGTCTCCTATGGA-1,1.7620502,10.052823,Oval/Medial
GGCTTTCCATTCATCT-1,-1.1716795,5.8395247,Oval/Medial
GGGAAGTGTTTGATCG-1,4.0507917,7.080907,Oval/Medial
GGGACCTAGTCATCGT-1,-0.48612744,3.5696306,Oval/Medial
GGGACTCAGGTCTACT-1,2.9428215,10.383394,Oval/Medial
GGGAGTAGTCTGTCAA-1,-2.902715,7.9307876,Marginal
GGGAGTAGTTTAGACC-1,-2.2384124,8.4641285,Marginal
GGGATCCCAGTATGAA-1,-2.831984,5.5983176,Marginal
GGGATGACAAGTTCGT-1,1.4453942,6.1487446,Oval/Medial
GGGCCATTCTCTAAGG-1,6.5321407,7.029105,Oval/Medial
GGGCGTTAGCCTCATA-1,3.4930215,5.007429,Oval/Medial
GGGCGTTCACCAAAGG-1,-0.7035736,0.8088943,Hbx
GGGTAGACAATTTCTC-1,-2.230749,1.9920111,Hbx
GGGTATTTCACGTAGT-1,-1.7856181,4.9842935,Hbx
GGGTCACGTTCCTACC-1,0.53667074,5.5612793,Oval/Medial
GGGTGTCTCAGCCTTC-1,-3.8802497,7.0831485,Marginal
GGTAACTCACGACAAG-1,4.387818,12.923645,Oval/Medial
GGTAACTCATATTCGG-1,4.1714106,7.0666614,Oval/Medial
GGTAACTGTAGCTGAG-1,0.7451504,6.0789995,Oval/Medial
GGTAATCTCTAGGAAA-1-1,4.7556467,4.633782,Oval/Medial
GGTCACGAGGTAGGCT-1,3.86792,3.8943732,Oval/Medial
GGTGAAGCATGGAAGC-1,3.5205653,13.164249,Oval/Medial
GGTGAAGTCTTCGACC-1,-3.4140348,7.0887012,Marginal
GGTGGCTAGTGGTGGT-1,-4.0489573,7.847079,Marginal
GGTGGCTGTGTAAACA-1,0.8102203,6.962531,Oval/Medial
GGTGTTAGTGGGTATG-1,-2.242444,2.5526755,Hbx
GGTGTTAGTGTTGCCG-1-1,7.338943,4.664019,Oval/Medial
GGTTAACCAAGTGATA-1,5.437317,5.799854,Oval/Medial
GGTTAACGTATCCCAA-1,1.0539339,5.974925,Oval/Medial
GTAACCACAGAACCGA-1,5.8643346,5.6253147,Oval/Medial
GTAAGTCAGCCGAACA-1,-3.1641383,6.0032883,Marginal
GTAATCGAGCATGTTC-1,1.7604713,1.2617093,Lateral
GTAATGCGTGTGTGTT-1,8.489823,7.4603887,Oval/Medial
GTAGAAAGTGGCCTCA-1,4.702361,10.140896,Oval/Medial
GTAGAGGTCTTTCCAA-1,-2.1098971,7.2626204,Marginal
GTAGATCAGCTAAGTA-1-1,6.1015697,2.2799973,Oval/Medial
GTAGGTTTCTCTTCAA-1,-0.10525297,6.264374,Oval/Medial
GTCAAGTCAAGGTCTT-1-2,-2.2675087,6.5458636,Marginal
GTCACGGAGACCTGGA-1,5.3642077,4.0966454,Oval/Medial
GTCACGGCAGGACTAG-1,5.383221,2.9614642,Oval/Medial
GTCATTTTCCGGCTTT-1-1,6.5041957,7.0467567,Oval/Medial
GTCCACTTCTCCTACG-1,6.6871533,4.715636,Oval/Medial
GTCCCATGTCACAGAG-1,0.5420837,9.343441,Oval/Medial
GTCCTCAAGAGTCTGG-1,5.594256,11.15812,Oval/Medial
GTCGTAAAGTAGCAAT-1,7.690964,4.856278,Oval/Medial
GTCTAGAAGGGAGATA-1,-3.6637979,8.663513,Oval/Medial
GTCTAGAGTTCGCGTG-1,5.903632,6.7510657,Oval/Medial
GTCTGTCTCGCCAATA-1,0.036511373,5.131093,Oval/Medial
GTCTTTATCGATCCAA-1,0.117093876,4.4055266,Oval/Medial
GTGACGCCACTATGTG-1,0.8696768,3.8892689,Lateral
GTGACGCGTAGCTTGT-1,4.1296678,6.2831025,Oval/Medial
GTGAGTTCACTGAGTT-1,5.0089817,7.558788,Oval/Medial
GTGAGTTTCAGTCCGG-1,3.2066975,3.288599,Lateral
GTGATGTAGACATATG-1,4.1344695,5.668247,Oval/Medial
GTGCGTGAGCAAATCA-1,6.250783,6.7973223,Oval/Medial
GTGCGTGAGCCTGGAA-1,1.2849296,9.885818,Oval/Medial
GTGCTGGCAACACACT-1-1,3.9846947,4.2327437,Oval/Medial
GTGCTTCCAAGTGTCT-1,-3.6141014,6.3306785,Marginal
GTGGAAGTCTTGCAGA-1,-1.3263099,7.4055977,Oval/Medial
GTGGAGAAGACATGCG-1,-1.7859931,5.260247,Marginal
GTGGCGTAGCATCTTG-1,3.3496234,7.2371855,Oval/Medial
GTGGGAAAGATAGCAT-1,6.666553,3.219184,Oval/Medial
GTGTAACAGTGCCAGA-1,-3.1983314,7.1333237,Marginal
GTGTAACCAGTGTGCC-1,5.5082555,7.535748,Oval/Medial
GTGTGATGTACCTTCC-1,-1.4657037,4.1310463,Hbx
GTGTGATGTCGCACGT-1,2.9922447,2.3649378,Lateral
GTGTGGCTCGTTCGCT-1,0.2561007,4.989602,Oval/Medial
GTGTTCCAGAATTGCA-1,-1.6727893,7.947575,Oval/Medial
GTTACCCAGCGAGGAG-1,-2.6634512,8.180083,Marginal
GTTACCCTCGGTGTTA-1,4.4043784,6.697009,Oval/Medial
GTTACGACATAACGGG-1,-3.0754342,5.458014,Marginal
GTTAGACCACTGTCCT-1,0.34492528,4.0835056,Oval/Medial
GTTAGTGTCAGCTTGA-1,1.5482553,2.8483567,Lateral
GTTCATTAGGAAGTCC-1,-0.11386603,4.756265,Oval/Medial
GTTCCGTTCGTAGTCA-1,0.9906119,3.773368,Lateral
GTTCGCTCAAAGGCTG-1,-1.169016,4.432985,Oval/Medial
GTTCTATAGGCCTGAA-1,-0.5499876,4.9195023,Oval/Medial
GTTGTAGGTACCTAAC-1,5.0598226,12.872675,Oval/Medial
GTTGTAGGTGTTGATC-1,-1.7919109,1.5541935,Hbx
GTTGTCCCAAAGTGTA-1-1,6.05781,8.152867,Oval/Medial
GTTGTGAGTGTTTCTT-1,4.345514,3.1738715,Oval/Medial
GTTTACTGTTCCATTT-1,0.15097517,2.5788698,Lateral
GTTTACTTCTTCACAT-1,-1.8915974,8.984504,Marginal
GTTTGGACATGAAAGT-1,-2.245132,-0.55159616,Hbx
TAACCAGGTAGGATAT-1,-2.5966103,2.63449,Hbx
TAACTTCAGATTTGCC-1,-3.534629,7.365662,Marginal
TAACTTCTCCGAACGC-1,5.3869495,11.137778,Oval/Medial
TAAGCGTCAAGACCGA-1,5.5516157,12.407786,Oval/Medial
TAAGCGTTCGAGTACT-1,-4.1800594,7.1774354,Marginal
TAAGTCGCAGTTCACA-1,-2.1678648,8.885743,Marginal
TAATCTCAGGCCCACT-1,2.6126544,2.990569,Lateral
TACACCCCATATCTCT-1,-2.2083127,6.9997735,Marginal
TACCCGTCAATCACGT-1,1.1308477,6.5087705,Oval/Medial
TACCGGGGTACTAGCT-1,-4.083258,8.324403,Marginal
TACCGGGTCGATGCAT-1,-3.263295,6.407345,Marginal
TACGTCCTCACATCAG-1-1,3.6334465,10.284426,Oval/Medial
TACTGCCAGTACGAGC-1,-1.9167913,3.5436184,Hbx
TACTTACGTTCCCACT-1,1.3370368,7.813516,Oval/Medial
TACTTCATCTCTCTAA-1,-4.431149,8.098171,Marginal
TACTTGTTCGCTGCGA-1,2.35497,5.7043285,Oval/Medial
TAGACCAGTGACTCGC-1,-4.549186,8.434964,Marginal
TAGAGTCAGTGAACAT-1,0.49437973,7.1244717,Oval/Medial
TAGGAGGCAGTTAAAG-1,4.6581216,12.105862,Oval/Medial
TAGGAGGGTATTTCCT-1,1.6772348,7.684607,Oval/Medial
TAGGAGGGTCTCTCCA-1,1.2099673,8.149875,Oval/Medial
TAGGTTGCAAGGACAC-1,1.8447386,2.9759874,Lateral
TATACCTAGCCACAAG-1,0.6163079,6.6470475,Oval/Medial
TATACCTTCGTAGGGA-1,-2.9185693,5.8869743,Marginal
TATACCTTCGTTCTGC-1,-0.3168756,6.9458766,Oval/Medial
TATCAGGGTTCGAAGG-1,0.371404,5.175819,Oval/Medial
TATCCTAAGAACGCGT-1,-2.5353527,7.298319,Marginal
TATCTTGGTCTGTAGT-1,7.2362423,7.18165,Oval/Medial
TATTCCAGTTTCGTTT-1,-1.9471172,-0.26763937,Hbx
TATTCCATCAAACTGC-1,0.15726078,6.4751935,Oval/Medial
TATTGCTTCTTCGTGC-1,-4.5242004,7.832367,Marginal
TCAAGACTCCTACGAA-1,-3.5871725,7.2584114,Marginal
TCAAGTGCACACACGC-1,8.289619,7.1868377,Oval/Medial
TCAATTCTCCCTCTCC-1,-0.9470233,6.943402,Oval/Medial
TCAATTCTCCGTGTGG-1,6.39376,5.7707367,Oval/Medial
TCACAAGCACAGTCCG-1,-2.5263736,1.3623452,Hbx
TCACAAGCACCAGTAT-1,-0.29230297,7.615826,Oval/Medial
TCACACCCAGCAGTCC-1,7.559581,5.1088266,Oval/Medial
TCACACCGTGTTGCCG-1,2.6549199,5.6783633,Oval/Medial
TCACACCTCGTTATCT-1,4.3046403,5.9155765,Oval/Medial
TCACTATCAACAAGTA-1-1,-0.33531523,7.4782414,Oval/Medial
TCAGCAAAGTTGAATG-1-1,4.7970824,7.466611,Oval/Medial
TCAGCAACAATTGCAC-1,-0.5429859,6.6357603,Oval/Medial
TCAGCCTTCTTCGCTG-1,-1.6607147,5.918929,Oval/Medial
TCAGGTAAGAGATGCC-1,5.6412563,2.2578456,Oval/Medial
TCAGGTAAGGAGTATT-1,1.2607591,7.1516767,Oval/Medial
TCAGGTACAACGATCT-1,8.004608,7.375699,Oval/Medial
TCAGTGAAGATAGTCA-1,3.4054706,6.8966155,Oval/Medial
TCAGTGACAACAAAGT-1,-3.2167652,7.4594035,Marginal
TCATACTTCAGGTAAA-1,5.7331758,6.709826,Oval/Medial
TCATATCGTGTTGACT-1,-2.9061778,7.4826446,Marginal
TCATCATGTTAGAAAC-1,-1.5888735,5.3036194,Marginal
TCATCCGTCCACTTTA-1,1.4415308,8.120844,Oval/Medial
TCATGTTCAATCGCCG-1,-0.8357543,6.736236,Oval/Medial
TCATTCAGTCGCAACC-1,0.9175688,1.4162155,Lateral
TCATTGTCAAGTCCCG-1,1.0023384,7.02928,Oval/Medial
TCATTGTGTAGATCCT-1,5.703114,8.174357,Oval/Medial
TCATTTGAGGATTACA-1,6.5446243,1.8542215,Oval/Medial
TCATTTGGTTTGTTGG-1,1.0251732,8.534704,Oval/Medial
TCCACGTGTCCAGTTA-1,4.05508,5.768911,Oval/Medial
TCCAGAACACTAGAGG-1,3.755712,11.479696,Oval/Medial
TCCATGCCATCACCAA-1,3.704342,13.446202,Oval/Medial
TCCCACAAGGATGTTA-1,3.3305645,4.378,Oval/Medial
TCCCATGCAAATCAAG-1,-0.0842878,4.333028,Oval/Medial
TCCCATGGTCCTTTGC-1,7.7385874,6.145093,Oval/Medial
TCCGTGTCACCGCTAG-1,5.307313,6.1419415,Oval/Medial
TCCTAATTCTACTGCC-1,-4.618276,8.839071,Marginal
TCCTCGATCACCTGTC-1,5.2050977,6.8624964,Oval/Medial
TCCTCTTGTTACACAC-1,6.9212623,6.6603694,Oval/Medial
TCCTCTTTCGCGTGCA-1,1.6321898,7.6332154,Oval/Medial
TCCTTTCCAGGCTTGC-1,-1.2400149,0.29862514,Hbx
TCGAACAGTTGTTGTG-1,1.3946382,1.6473743,Lateral
TCGAAGTAGAAGATCT-1,-3.4735885,7.81344,Marginal
TCGAAGTTCGCACGAC-1,1.9711844,6.434916,Oval/Medial
TCGATTTCAGCTACCG-1,5.031721,6.2605205,Oval/Medial
TCGATTTGTCGATTCA-1,-2.1048505,8.428462,Marginal
TCGCAGGAGTTCCGGC-1,-2.2525473,3.2252858,Hbx
TCGCAGGCAGGATTCT-1,5.4718146,7.6037235,Oval/Medial
TCGCAGGGTACGAGTG-1,-3.501061,7.8026886,Marginal
TCGCTCACATGACACT-1,-4.1324735,7.9256797,Marginal
TCGGTCTAGGCGCTCT-1,5.2098355,6.775009,Oval/Medial
TCGTGCTTCGGCATCG-1,0.98358685,4.422426,Lateral
TCGTGCTTCTGAGATC-1,-2.9538093,7.4394517,Marginal
TCTAACTCACTGGCCA-1,-3.8246238,8.915207,Marginal
TCTACATGTGCGGTAA-1,-0.31714553,7.0821056,Oval/Medial
TCTATCAAGTGATGGC-1-1,6.9006977,8.124615,Oval/Medial
TCTATCACATAGAGGC-1,-1.0291982,6.9554,Oval/Medial
TCTCCGAAGTCATTGC-1,-2.9413013,6.1927,Marginal
TCTCTGGAGAGTTGCG-1,6.486915,1.4443655,Oval/Medial
TCTCTGGAGTACTGGG-1,-0.904474,4.2776628,Oval/Medial
TCTGCCAAGAAATCCA-1,-3.3832886,6.6436396,Marginal
TCTGCCAGTTCAAACC-1,-3.5611446,5.8189125,Marginal
TCTGCCATCTAATTCC-1,4.7017603,12.683014,Oval/Medial
TCTGTCGTCCGCACTT-1,7.823457,4.79661,Oval/Medial
TCTGTCGTCGACCCAG-1,1.7131813,5.879386,Oval/Medial
TCTTCCTCATGCGGTC-1-1,-0.43684143,4.3674803,Oval/Medial
TCTTTGAAGACCATTC-1-1,4.048914,5.199658,Oval/Medial
TGAATCGAGTTGAAAC-1,-0.6767484,4.4963756,Marginal
TGACAGTGTCCCACGA-1,1.3798937,6.3044295,Oval/Medial
TGACCCTAGTGGCCTC-1,-3.8004658,8.223621,Marginal
TGACCCTCAGGTTTAC-1,1.1419986,4.7260213,Lateral
TGACGCGAGAAGATCT-1,0.4587243,9.565664,Oval/Medial
TGACGCGAGACCTCCG-1,-4.0013547,7.9184513,Marginal
TGACTCCGTTATTCCT-1,-1.6802952,7.050667,Oval/Medial
TGAGACTAGTTTCTTC-1,0.17951632,7.7469954,Oval/Medial
TGATCAGCAGTCGGAA-1,-3.2142177,6.019925,Marginal
TGATGGTAGAAAGTCT-1,-1.4125075,6.6618958,Oval/Medial
TGCAGGCTCTTCTCAA-1,1.4669956,6.7662835,Oval/Medial
TGCAGTATCCCGAATA-1-1,-1.8080759,6.0694346,Marginal
TGCATCCTCGCAGATT-1,2.9098852,7.3558545,Oval/Medial
TGCATGAGTTCTCACC-1,7.3321366,5.596251,Oval/Medial
TGCCGAGAGTATTGCC-1,-2.711296,7.678934,Marginal
TGCCGAGCAGCATGCC-1,-3.6129827,7.393497,Marginal
TGCGACGGTAGGCTCC-1,-2.840201,6.974351,Marginal
TGCGGCAGTCCTCAGG-1,-2.1978369,5.2902536,Marginal
TGCGGGTAGAGTGTTA-1,-1.3035097,5.4654593,Oval/Medial
TGCGGGTCAGGTGTGA-1,2.7520366,10.95605,Oval/Medial
TGCGGGTGTCCGATCG-1,-2.5798895,5.6979012,Marginal
TGCGGGTGTCGTGCCA-1,-3.6036685,7.9527545,Marginal
TGCTCCAAGGGTGAGG-1,-2.0798771,1.1041211,Hbx
TGCTGAATCAGGCGAA-1,-3.0853257,5.7156568,Marginal
TGGAACTCAACTCGAT-1,-3.2333105,6.803828,Marginal
TGGAACTTCCACTGGG-1,-1.3400956,3.307917,Hbx
TGGAGAGGTATGGGAC-1,-2.5298529,7.5041423,Marginal
TGGATCAGTTGGGCCT-1,2.4359646,1.4523787,Lateral
TGGGAAGCATACGCAT-1,0.4514336,7.959048,Oval/Medial
TGGGAAGTCGAATGCT-1,-2.9967303,7.302587,Marginal
TGGGAGAAGAACAGGA-1,4.1740737,7.868145,Oval/Medial
TGGGCGTAGAGAGTTT-1,0.8305486,5.995334,Oval/Medial
TGGGCTGAGCTCGACC-1,3.432805,4.5144577,Oval/Medial
TGGGCTGCAGAAGTTA-1,1.1255772,6.8090415,Oval/Medial
TGGGTTAAGTCTAGAA-1,2.2272232,4.087121,Lateral
TGGGTTAGTCATCGGC-1,5.735098,2.5183806,Oval/Medial
TGGGTTATCGCTTGAA-1,4.5298347,6.2714734,Oval/Medial
TGGTACAGTTCAGGTT-1,-1.2458302,7.1384144,Oval/Medial
TGGTGATGTAGGACCA-1,-1.0929554,5.1381764,Oval/Medial
TGGTGATGTCCCTGTT-1,-1.8143026,5.911049,Oval/Medial
TGTAACGGTTGGGAAC-1,4.5154586,3.3355553,Oval/Medial
TGTAAGCGTCCCTGAG-1,2.3382626,2.446144,Lateral
TGTAAGCTCTGGAAGG-1,7.8217983,6.9834228,Oval/Medial
TGTAGACCATTCCTAT-1,1.2817968,9.486285,Oval/Medial
TGTCCTGGTAACATCC-1-1,4.098433,5.5974245,Oval/Medial
TGTCCTGTCGATTGAC-1,-3.028694,6.1072288,Marginal
TGTGAGTGTACGATTC-1,2.5192747,6.546605,Oval/Medial
TGTGATGAGTGGACTG-1,4.096792,6.203667,Oval/Medial
TGTGGCGTCCAGCACG-1,3.8692853,12.824675,Oval/Medial
TGTTCATCACTAACCA-1,1.739592,6.568166,Oval/Medial
TGTTCTAGTAGGTACG-1,-3.9053068,8.282674,Marginal
TGTTCTATCTGATGGT-1,2.100888,6.6968474,Oval/Medial
TGTTTGTCAGTTGTCA-1-1,0.46072286,7.6883583,Oval/Medial
TGTTTGTGTTTAGAGA-1,-3.9747748,5.638246,Marginal
TGTTTGTTCACGACTA-1,-3.823554,7.324999,Marginal
TGTTTGTTCAGCCTCT-1,-2.4747727,5.2192163,Marginal
TTAATCCTCCACTAGA-1,5.937822,12.247566,Oval/Medial
TTACCATTCTTGGTCC-1-1,5.970266,11.937261,Oval/Medial
TTACGTTAGAAGCGGG-1,0.7606866,8.591305,Oval/Medial
TTAGGCACATGGAGAC-1,1.5849617,6.8017135,Oval/Medial
TTAGGCATCAGGGTAG-1,3.2921221,6.245692,Oval/Medial
TTAGGGTCAAACCACT-1,-0.30075666,7.2274985,Oval/Medial
TTAGGGTTCGTAGGAG-1,-3.3030186,7.4774485,Marginal
TTAGTCTGTGTAAATG-1,2.3276095,7.566464,Oval/Medial
TTAGTCTGTTCTCTCG-1,7.7680693,6.2633247,Oval/Medial
TTATTGCCATAGCTGT-1,-3.4763262,6.6749916,Marginal
TTCAATCAGCCATCCG-1,3.7415392,6.566602,Oval/Medial
TTCAATCCACGACCTG-1,2.6214995,12.30571,Oval/Medial
TTCAATCCATTCAGGT-1,-2.6262345,8.283143,Marginal
TTCAATCTCAGTCACA-1,-2.1698654,6.7162867,Marginal
TTCAATCTCCGACATA-1,4.518542,3.4439936,Oval/Medial
TTCACCGGTGAGTGAC-1,-1.4578959,0.94947153,Hbx
TTCACCGGTTTATGCG-1,2.3871348,9.607648,Oval/Medial
TTCAGGACACTCAAGT-1,-1.6687022,6.7749734,Oval/Medial
TTCAGGAGTAGACAGC-1,-2.3853908,4.0787134,Hbx
TTCAGGATCTACTATC-1,3.2074542,6.1649566,Oval/Medial
TTCATTGTCATTCTTG-1,-4.4776525,7.7780733,Marginal
TTCCAATAGCAGGTCA-1,-3.2434793,6.1869893,Marginal
TTCCACGGTATCATGC-1,-0.45408285,5.550867,Oval/Medial
TTCCTAACAGCACCCA-1-1,2.752283,5.028255,Oval/Medial
TTCCTTCAGCAACCAG-1,-1.1241114,6.0196867,Oval/Medial
TTCCTTCTCAACTTTC-1,-2.9197152,7.400455,Marginal
TTCGATTCAGTTAAAG-1,1.8370456,1.5023338,Lateral
TTCGGTCAGGCCTGCT-1,6.623365,6.6981726,Oval/Medial
TTCGGTCCAACAGAGC-1,-2.346147,1.5158501,Hbx
TTCTAACTCACTGAAC-1,-2.5760002,7.4542656,Marginal
TTCTAGTGTCTTTCAT-1,1.9326525,3.4743893,Lateral
TTCTCTCTCGGATACT-1,0.94119287,6.736296,Oval/Medial
TTCTGTAAGGGTAATT-1,0.24967413,8.802601,Oval/Medial
TTCTGTACAATTCGTG-1-1,-3.4571202,7.69537,Marginal
TTCTGTACACCCTTAC-1,3.1901672,13.031061,Oval/Medial
TTCTTCCCAAACCACT-1,0.54138166,7.855668,Oval/Medial
TTGAACGCAGGCGTTC-1,1.9427526,1.8359998,Lateral
TTGCCTGAGGTCTTTG-1,7.5956535,4.7470827,Oval/Medial
TTGCTGCAGCCAAGGT-1,0.5935893,9.305746,Oval/Medial
TTGCTGCCAAGTTCGT-1,3.6817946,7.0427485,Oval/Medial
TTGGATGGTTTCACAG-1-1,-1.7710317,8.424733,Marginal
TTGGGATGTGCACGCT-1,6.132919,7.9929485,Oval/Medial
TTGGGCGAGGGCGAAG-1,-4.460888,7.440825,Marginal
TTGGGCGGTCGCACAC-1,2.2734401,6.816189,Oval/Medial
TTGGTTTTCCTTCTGG-1,-1.9727365,3.3790119,Hbx
TTGGTTTTCGAGGCAA-1,-2.283934,-0.29445177,Hbx
TTGTGGAGTGAAAGTT-1,-2.2789948,5.14334,Marginal
TTGTGGAGTTACTCAG-1,3.6583679,11.076985,Oval/Medial
TTGTGTTAGTAGATCA-1,-3.8789926,8.165357,Marginal
TTTAGTCGTCGGCTAC-1,4.961107,4.9516234,Oval/Medial
TTTCAGTGTAGTACGG-1,6.7680764,1.9413974,Oval/Medial
TTTCATGAGTCGGCAA-1,1.9004105,6.80424,Oval/Medial
TTTCCTCGTGCACATT-1,-0.21508768,2.8627284,Lateral
TTTGATCAGCACTCCG-1,3.1081922,12.854295,Oval/Medial
TTTGGTTGTAGAATAC-1,-1.4315051,7.8265347,Oval/Medial
TTTGTTGGTGTTAACC-1,5.5900116,6.0843353,Oval/Medial
TTTGTTGTCCTCTCGA-1,-3.851761,8.050647,Marginal
AAACCCATCTACTGAG-1,-2.3871405,3.6738703,Hbx
AAACGAAAGGAGGCAG-1,-0.51158524,7.8537397,Oval/Medial
AAAGAACAGCGTCAAG-1,-1.6681484,4.7671866,Hbx
AAAGTGAAGTATCTGC-1,-0.58395994,7.593485,Oval/Medial
AACAGGGAGGCGAACT-1,4.359466,8.237604,Oval/Medial
AACAGGGCAATGCTCA-1,-2.2506735,1.76666,Hbx
AACAGGGCAGGTTACT-1,4.9963045,7.3999143,Oval/Medial
AACCTGACACCTGCTT-1,-3.6401603,7.6451163,Marginal
AACCTGACAGTCGAGA-1-1,0.9658831,5.3105583,Oval/Medial
AACCTTTTCTCCGCAT-1,1.7032186,2.577391,Lateral
AAGACTCGTAGGACCA-1,-3.391,7.0274625,Marginal
AAGATAGAGCAGCGAT-1,-1.5986748,6.0572515,Oval/Medial
AAGCGTTGTTGGCCTG-1,-3.759684,7.933364,Marginal
AAGGTAAGTGTTGAGG-1,2.980237,9.766993,Oval/Medial
AAGTACCGTACCAGAG-1,-1.4307684,5.7914076,Oval/Medial
AAGTACCTCGAGAACG-1,2.800697,9.88781,Oval/Medial
AAGTCGTAGGCACTCC-1,-0.19376832,6.7562957,Oval/Medial
AAGTGAAAGACTTGTC-1,-2.2912185,3.4107757,Hbx
AAGTGAAGTGATGTAA-1,4.414956,3.6255746,Oval/Medial
AAGTGAAGTTACGGAG-1,0.94200766,7.149393,Oval/Medial
AATAGAGCATGCCGAC-1,5.018313,6.440103,Oval/Medial
AATCACGGTGACACGA-1,-2.1665485,1.8203677,Hbx
AATGCCAAGAGGTTTA-1,-1.9362932,-0.6510256,Hbx
AATGCCAAGTGTTCAC-1,3.9962425,7.8946977,Oval/Medial
AATGGAATCCACTGGG-1,3.3413994,7.693919,Oval/Medial
AATTCCTAGAAATTCG-1-1,-2.270489,3.594287,Hbx
ACAAAGATCCTCACTG-1,-4.1390376,7.490979,Marginal
ACACTGATCACCTGGG-1,5.751292,7.1149817,Oval/Medial
ACATCGATCCTCACCA-1,3.6157079,10.302265,Oval/Medial
ACATTTCGTATGGAGC-1,0.5298312,3.948716,Lateral
ACCAAACCACTTACAG-1,4.5864882,7.3146243,Oval/Medial
ACCAAACTCGGTAACT-1,4.3705473,3.6995287,Oval/Medial
ACCAAACTCTGGACCG-1,-1.5268983,4.8247457,Oval/Medial
ACCAACACATTACGGT-1,-2.3997731,1.4034851,Hbx
ACCCTCAGTCTCCCTA-1,6.3688583,7.096492,Oval/Medial
ACCCTCAGTGCTTCAA-1,0.41253054,5.8718915,Oval/Medial
ACCCTTGAGTCTTCGA-1,-1.9148619,6.7734265,Marginal
ACCCTTGTCGGTGAAG-1,-0.6112004,6.438248,Oval/Medial
ACCTGAAAGTCCTACA-1,-0.71748537,6.069424,Oval/Medial
ACGATCAAGCCTCTCT-1,-1.5528917,1.8132331,Hbx
ACGATCACAAGTTCCA-1,-3.1466599,6.6159344,Marginal
ACGATGTCACAATTCG-1,3.2323687,8.5690565,Oval/Medial
ACGGGTCAGCCTCATA-1-1,-0.5064835,3.8324096,Oval/Medial
ACGGTTACATGATAGA-1,6.954977,7.0082054,Oval/Medial
ACGTAACAGGTAAGTT-1-1,7.835265,7.177081,Oval/Medial
ACGTAGTTCCTGTAGA-1,-4.523876,7.617167,Marginal
ACGTTCCAGGGTCAAC-1,-0.98173845,0.49250314,Hbx
ACTATTCTCGTAGCTA-1,-2.1914532,1.5525228,Hbx
ACTGTGACAATCTGCA-1,2.6039114,8.553952,Oval/Medial
ACTTATCTCGCCCAGA-1,4.4210773,7.5577846,Oval/Medial
ACTTCGCTCATTCCTA-1,-2.5255582,1.6973253,Hbx
AGAACAATCATTATCC-1,5.673215,7.7954354,Oval/Medial
AGAAGTACAGTCTACA-1-1,3.7720673,8.6628275,Oval/Medial
AGACAGGAGGTTCTTG-1,1.5316074,5.632202,Oval/Medial
AGAGCCCAGCCTAGGA-1,-1.3514686,6.0653653,Oval/Medial
AGATCCACAGTTAAAG-1,0.49258992,4.7392616,Oval/Medial
AGATCCACATCCTTCG-1-1,1.5350971,2.228309,Lateral
AGCCACGAGTCCTACA-1,1.1328075,4.5917087,Oval/Medial
AGCCACGAGTTGCCTA-1-1,0.516744,3.324814,Lateral
AGCGCCATCATTTGCT-1,-2.0705388,1.1031141,Hbx
AGCGCTGGTCGAATTC-1,-1.3575315,6.7906733,Oval/Medial
AGGAATAGTGGAAATT-1,1.4832752,7.003284,Oval/Medial
AGGACGACACTATCGA-1,-0.6893001,4.073037,Oval/Medial
AGGCCACAGCGCCATC-1,1.4792572,2.1122622,Lateral
AGGCTGCTCCATTCGC-1,-0.22297455,3.0819983,Lateral
AGGGTGATCCACAGGC-1,3.3321378,9.469805,Oval/Medial
AGGTAGGGTCTTTATC-1-1,-0.20419434,4.4677835,Oval/Medial
AGGTGTTTCTTTCTAG-1,-2.83218,7.0740705,Marginal
AGGTTGTAGCATGTTC-1,0.5843621,6.161975,Oval/Medial
AGGTTGTCAGTTAGAA-1,-0.4214297,7.07574,Oval/Medial
AGTACCAAGGGTAGCT-1,3.48115,9.048907,Oval/Medial
AGTAGCTGTGCACATT-1,2.231619,10.245688,Oval/Medial
AGTCACAGTGCTGATT-1,-2.519385,6.2999125,Marginal
AGTCACATCTTCGTGC-1,1.0541228,6.9065,Oval/Medial
AGTGCCGGTTACTCAG-1,0.287418,7.86953,Oval/Medial
AGTTCGACACAGCTGC-1,3.948769,7.1996064,Oval/Medial
ATAGAGATCCGCTTAC-1,1.9375834,6.726913,Oval/Medial
ATCAGGTAGCAGATAT-1,0.68429583,2.3982103,Lateral
ATCATTCAGAATAACC-1,4.0383687,3.5952597,Oval/Medial
ATCATTCTCTTTGGAG-1,-0.10381184,2.2549126,Lateral
ATCCACCAGGTTGGTG-1,3.6774006,6.1629825,Oval/Medial
ATCCCTGTCCTGGCTT-1,4.7489386,5.6931896,Oval/Medial
ATCCGTCTCCAAATGC-1,-0.8337256,6.155371,Oval/Medial
ATCCTATTCGTGCTCT-1,0.77988917,7.082776,Oval/Medial
ATCGATGAGGTCCGAA-1,3.749446,6.6058908,Oval/Medial
ATCGCCTTCGTCACCT-1,-4.0413322,8.272248,Marginal
ATCGGATTCTCAACCC-1,0.7543879,6.7014217,Oval/Medial
ATCGTGATCGTTCAGA-1,-1.9806138,6.6207685,Marginal
ATCTCTAAGCTGACTT-1,0.015544674,7.6258054,Oval/Medial
ATGACCATCGAGCCAC-1,0.5255611,1.6606941,Lateral
ATGAGTCAGAAACCAT-1,4.816838,3.3167303,Oval/Medial
ATGCCTCTCCCGAAAT-1,2.2105525,4.477483,Oval/Medial
ATGGGTTTCACCGGGT-1,-1.5913055,2.8159516,Hbx
ATGGTTGAGTAGCCAG-1,-2.7915692,5.9090476,Marginal
ATGGTTGGTCCCTCAT-1,2.0670528,4.416868,Lateral
ATGTCCCCATCCGAAT-1,5.000934,6.5299506,Oval/Medial
ATGTCTTAGGTTTACC-1,3.6072514,8.490075,Oval/Medial
ATTACCTGTCAGTCCG-1,-3.7828257,7.637315,Marginal
ATTCACTAGTCTTCGA-1,3.4780343,6.4109006,Oval/Medial
ATTCACTTCCTGGGAC-1,0.7568602,3.3175614,Lateral
ATTCCCGAGATTGAGT-1,1.930725,3.0526626,Lateral
ATTCTACAGAATAGTC-1,-1.9347078,7.4588923,Marginal
CAAAGAAGTGTCACAT-1,-1.6321826,6.1192408,Marginal
CAACGGCTCCAACTGA-1,-3.4875646,6.2788763,Marginal
CACAACAAGACCAAGC-1,1.9236469,1.4994986,Lateral
CACACAATCCGTAGTA-1,4.453565,4.4277616,Oval/Medial
CACCGTTGTCAGACGA-1,-2.0284147,4.837244,Hbx
CACGAATTCAGACATC-1,-1.863616,1.1153318,Hbx
CACGTTCAGTGCAGCA-1,-0.8175248,5.727655,Oval/Medial
CAGCAGCAGTGTCATC-1,3.7156663,8.944561,Oval/Medial
CAGCAGCGTTTACCAG-1,3.349985,6.2873673,Oval/Medial
CAGCCAGCACCCTGTT-1,-2.257295,6.7085404,Marginal
CAGGCCATCTCGGTCT-1,4.7448254,6.466738,Oval/Medial
CAGTTAGGTTTCAGAC-1,-1.9780464,3.8867319,Hbx
CAGTTCCTCCATACAG-1,4.195933,6.7157316,Oval/Medial
CATACCCGTAGTGGCA-1,-2.9175835,2.4454813,Hbx
CATCCACGTGCGTGCT-1,-1.4736681,4.070994,Hbx
CATCGCTTCTACACAG-1,0.097766966,6.1746974,Oval/Medial
CATCGTCCACTACACA-1,-4.5626197,6.4839706,Marginal
CATGCAAGTGCTCCGA-1,-3.6685197,5.822161,Marginal
CATGCGGAGTAGCAAT-1,0.31936827,7.687946,Oval/Medial
CATGCTCCAATGTCAC-1,-2.015384,0.752134,Hbx
CATTTCAAGCAACAGC-1,2.6060863,9.055508,Oval/Medial
CCACAAAAGACTTCAC-1,0.67571354,3.1746376,Lateral
CCACACTAGTCAATCC-1,3.2088926,6.5050526,Oval/Medial
CCACTTGCATGGGTCC-1,-4.2310677,6.1687875,Marginal
CCATAAGTCTCTCTTC-1,-0.60693526,2.3679757,Lateral
CCATCACAGAGTTGCG-1,-2.3936987,2.3574493,Hbx
CCCAACTTCGCTGTCT-1,0.63898915,5.2534237,Oval/Medial
CCCATTGAGTGGTGAC-1,6.550702,7.270717,Oval/Medial
CCCGGAACACGACCTG-1,4.5393615,3.5627115,Oval/Medial
CCCTAACTCATGCCCT-1-2,-3.6059735,7.5112615,Marginal
CCCTCAACATATGGCT-1,-1.7793349,5.8770905,Marginal
CCCTTAGGTCTCGGAC-1,-3.831167,7.7899213,Marginal
CCGAACGGTTGGAGAC-1,-3.9948595,5.838225,Marginal
CCGAACGTCCAGCCTT-1,3.8426867,6.9892974,Oval/Medial
CCGCAAGTCAGACTGT-1-1,-4.688488,7.784047,Marginal
CCGGACAGTCATTGCA-1,-1.1150377,1.6443138,Hbx
CCGGTAGCAGGAATAT-1,3.01419,9.415804,Oval/Medial
CCGTTCACAGCTTTCC-1,1.6737504,3.0751505,Lateral
CCGTTCAGTTACTCAG-1,-4.8265114,8.732249,Marginal
CCTCAACCATGGATCT-1,-1.8934149,1.8857,Hbx
CCTCCTCCATACGCAT-1,1.4714772,7.0555334,Oval/Medial
CCTCTAGGTTTGGAGG-1,1.3053958,5.9571366,Oval/Medial
CCTGCATGTCGTGGTC-1,4.7668524,7.8738117,Oval/Medial
CCTTCAGGTGTGATGG-1,1.7428715,6.0793085,Oval/Medial
CCTTTGGCATAATGCC-1,1.5866545,8.297645,Oval/Medial
CGAAGTTCAATGTCTG-1,-2.0939124,3.257309,Hbx
CGAAGTTCACTGAATC-1,1.0609208,6.118688,Oval/Medial
CGAAGTTGTACCCGAC-1,0.4096049,4.235951,Oval/Medial
CGAATTGAGGATATGT-1,-2.420388,7.7115693,Marginal
CGAGTTAAGTCATACC-1,-2.9611683,7.0407557,Marginal
CGCATAAGTACTGCCG-1,-1.4437433,5.2939353,Oval/Medial
CGCATAATCCGTAATG-1,-2.4013534,1.1934261,Hbx
CGCCAGAGTGCTTATG-1,5.870661,6.548532,Oval/Medial
CGCCATTTCGAATGCT-1,-2.3109086,3.1500576,Hbx
CGCGTGATCTTCCACG-1,-2.7295864,6.132354,Marginal
CGGAATTTCCAACCGG-1,4.1538,5.7474337,Oval/Medial
CGGAGAAGTAAGTAGT-1,1.5179484,2.6394374,Lateral
CGGCAGTAGACGGAAA-1-1,1.700649,7.65836,Oval/Medial
CGGGACTTCAATCTTC-1,-2.7702327,7.309775,Marginal
CGGGTGTGTGTCGCTG-1,0.29742977,8.39977,Oval/Medial
CGGTCAGTCTAGCATG-1,4.485668,3.4085827,Oval/Medial
CGTCAAAGTTGGACTT-1,0.99091905,7.191458,Oval/Medial
CGTGAATTCAATGCAC-1,-2.5346456,6.8475013,Marginal
CTACATTTCTCTGCTG-1,-1.8891131,7.977765,Marginal
CTACCTGCATATAGCC-1,3.8726678,4.16295,Oval/Medial
CTCAGTCGTCGGATTT-1-1,-4.1093736,7.5972385,Marginal
CTCATGCGTCCTCAGG-1-1,-2.4021108,2.6454537,Hbx
CTCCAACCACTCCTTG-1,-2.7972677,7.59257,Marginal
CTCCAACTCGTAGGGA-1,-1.4508802,6.071178,Oval/Medial
CTCCGATCATAGTCAC-1,3.3880448,6.425133,Oval/Medial
CTCCTCCTCAAGCGTT-1,4.5839024,7.07298,Oval/Medial
CTCTCAGAGAGCTGAC-1,-2.4738998,5.8651214,Marginal
CTCTCAGGTATGAAAC-1,-1.4717196,1.8906051,Hbx
CTGATCCTCTCCTACG-1,2.8885784,9.223657,Oval/Medial
CTGCATCAGCCTCAAT-1,0.634034,8.193222,Oval/Medial
CTGCCATGTGATGAAT-1,4.22763,5.512226,Oval/Medial
CTGCCATTCCGCAACG-1,-2.1212816,1.8565532,Hbx
CTGCCTATCGTCAGAT-1,-1.0317414,6.248101,Oval/Medial
CTGGTCTAGCACTCAT-1,-0.17664698,6.391632,Oval/Medial
CTGTATTCACAAGCAG-1,-1.4141071,3.1435103,Hbx
CTTCAATGTATTGACC-1,4.748058,3.8913205,Oval/Medial
CTTCCGATCCCTCAAC-1,-2.6735454,8.162653,Marginal
CTTGATTAGTAATCCC-1,-1.1655054,5.2049356,Marginal
CTTGATTGTCTTTCTA-1,-2.230724,5.346429,Marginal
CTTTCAAGTATCGAAA-1,3.5392725,7.478572,Oval/Medial
CTTTCGGGTAACAGGC-1,3.9423032,5.1405244,Oval/Medial
GAAACCTGTTTCGTAG-1,7.5162373,6.9385433,Oval/Medial
GAACACTGTCTACAAC-1,1.6617918,1.5788054,Lateral
GAACGTTAGAAGATCT-1,4.4194465,6.128563,Oval/Medial
GAAGCCCAGCAGCCTC-1,3.6145291,9.767928,Oval/Medial
GAAGCGAAGGAAGTAG-1,-2.236527,6.1833577,Marginal
GAAGCGAAGGCGACAT-1,-1.6696796,6.6192956,Oval/Medial
GAAGCGAGTAACGCGA-1,-4.599487,7.7681212,Marginal
GAAGTAACATTACGGT-1,5.566529,10.97136,Oval/Medial
GAATCGTGTGGAAATT-1,3.6441393,7.062806,Oval/Medial
GACACGCTCCGCAGTG-1,3.5229049,6.377434,Oval/Medial
GACATCAAGCAGCAGT-1,0.8755289,6.872295,Oval/Medial
GACCTTCAGAGTACCG-1,-4.8188343,7.5265384,Marginal
GACTGATTCCCGTAAA-1,-1.6374954,6.0211573,Oval/Medial
GAGAAATCACGCTTAA-1,0.24497545,3.3316548,Lateral
GAGAAATGTTGCACGC-1,0.2448064,4.917371,Oval/Medial
GAGACCCCACCCAACG-1,-0.81205004,7.664769,Oval/Medial
GAGGCAAGTCTACACA-1,-0.49251136,6.2715545,Oval/Medial
GAGGCCTAGTCTCCTC-1-1,-2.4808369,0.82347345,Hbx
GAGGGTATCAGCTTGA-1,-1.862377,3.19952,Hbx
GAGGGTATCATCCTGC-1,-2.2471771,6.5391116,Marginal
GAGTCATAGACTGTTC-1,-1.5156002,6.112847,Oval/Medial
GAGTTACAGATGCTTC-1,-1.8835748,1.0993558,Hbx
GAGTTGTCAACGACTT-1-1,-0.81964505,6.8798656,Oval/Medial
GAGTTTGTCTTCCCGA-1,2.0440912,5.287443,Oval/Medial
GATCACATCGCCAGAC-1,-0.7512325,7.7133036,Oval/Medial
GATGACTAGCAAGGAA-1,-1.7549638,1.5226609,Hbx
GATGATCTCGAACCAT-1,-2.3205292,7.930539,Marginal
GATTCTTTCCAAACCA-1,-3.5338433,7.1501684,Marginal
GATTTCTAGAGTCAAT-1,-2.3642387,2.2051404,Hbx
GATTTCTAGGTATTGA-1,1.8197646,3.7815619,Lateral
GCAACATCAACAACAA-1,3.987211,9.209438,Oval/Medial
GCAGCTGAGAAACCCG-1,-0.9871707,6.5811625,Oval/Medial
GCATCGGTCACCATAG-1,0.91800046,6.1244693,Oval/Medial
GCATGATCACTGCGAC-1,-1.7296096,4.036404,Hbx
GCATTAGTCATAGGCT-1,-1.8104641,1.4902102,Hbx
GCCAGCAAGGATTTGA-1,3.3807182,9.322915,Oval/Medial
GCCAGGTCATTCTTCA-1,-2.4160388,0.7245347,Hbx
GCCAGTGCAATCGCAT-1,1.4480649,5.675734,Oval/Medial
GCCAGTGGTACTGTTG-1-1,3.3880415,9.118587,Oval/Medial
GCCATTCCAAATGGAT-1,-1.4141259,5.9405355,Oval/Medial
GCGGAAATCGACACCG-1,-3.2729783,7.260178,Marginal
GCGTTTCGTAGCCCTG-1,-2.4451609,6.7784276,Marginal
GCTACCTTCTTCACGC-1,4.1036615,7.552803,Oval/Medial
GCTGAATGTAACATAG-1-1,-5.2034445,7.953373,Marginal
GCTGGGTGTGACCGTC-1,-1.9142244,3.5217361,Hbx
GCTTGGGCACGTCGTG-1,-3.2605073,6.539501,Marginal
GGAACCCTCAGCCTCT-1,3.2048135,7.836309,Oval/Medial
GGAATGGCAACCAGAG-1,-2.5298138,7.315617,Marginal
GGCTGTGAGTTATGGA-1,0.61658156,2.7661679,Lateral
GGCTGTGGTGGCCTCA-1,3.9753244,4.8313093,Oval/Medial
GGCTTGGAGAGCCCAA-1,-1.1924556,6.839246,Oval/Medial
GGGAAGTCATACATCG-1,-3.3136554,7.3486457,Marginal
GGGACTCCAAAGCGTG-1,-2.5647063,2.1180513,Hbx
GGGATCCAGGCTCTCG-1,5.217225,6.6880145,Oval/Medial
GGGTCACAGAGGTATT-1,-0.1345061,5.8084345,Oval/Medial
GGGTTTAGTAGCACGA-1,-0.18460578,4.2050567,Oval/Medial
GGGTTTATCTATCCAT-1,-2.4504735,1.5436038,Hbx
GGTAATCCACTTGAGT-1,-2.638447,5.7988176,Marginal
GGTGATTCAATCGAAA-1,2.9114954,5.7710266,Oval/Medial
GGTGGCTGTAATTAGG-1,-1.2372262,4.7308426,Hbx
GGTGTCGCATCTCGTC-1,-1.6200756,1.4443227,Hbx
GGTTAACCATCCTTGC-1,4.259149,7.647727,Oval/Medial
GGTTAACGTGGTCAAG-1,-1.0238347,1.230361,Hbx
GTAACCATCGACACCG-1,1.714172,3.071184,Lateral
GTAAGTCTCAGAGCAG-1-1,-0.10783492,8.778431,Oval/Medial
GTAGCTACACTCTAGA-1,-1.6623293,5.5819983,Oval/Medial
GTAGGAGAGGGCCTCT-1,-2.4461946,3.5607326,Hbx
GTAGTACGTGTCCGGT-1,1.9767946,3.4622798,Lateral
GTATTTCAGTTTCTTC-1,-0.89178175,5.3331246,Oval/Medial
GTCAAACGTCAAATCC-1,0.48020643,9.426856,Oval/Medial
GTCAAGTCAGTTCACA-1,-1.8635305,4.2776303,Hbx
GTCACTCGTACGATCT-1,4.0195556,4.469251,Oval/Medial
GTCCTCACAACGCATT-1,-2.6639745,5.7778563,Marginal
GTGACGCGTAAGATCA-1,2.7346244,6.9750037,Oval/Medial
GTGGAGATCCCGTGAG-1,-3.371639,5.813981,Marginal
GTGTAACCATGACCCG-1,6.0280104,7.3721566,Oval/Medial
GTGTCCTGTCCTGAAT-1,-0.75950384,5.7908583,Oval/Medial
GTGTGATGTTGCATGT-1-1,-1.72393,3.2362213,Hbx
GTGTGGCAGCACGGAT-1,-2.0122156,4.3068414,Hbx
GTGTGGCAGTCTAACC-1,5.1374354,4.571884,Oval/Medial
GTTACCCCAAATTGCC-1,-2.3177898,2.137495,Hbx
GTTACCCCATCAGCAT-1,5.438639,7.258658,Oval/Medial
GTTCTATAGGAAAGAC-1,4.4016333,3.49489,Oval/Medial
GTTGCGGCATCAGCTA-1,3.6452227,4.3063817,Oval/Medial
GTTGTAGAGCGTCAGA-1,4.6891055,8.428373,Oval/Medial
TAACACGAGGATATGT-1-1,0.6965583,9.844759,Oval/Medial
TAACACGCAAATACGA-1,-3.3122158,6.4497414,Marginal
TACAACGCAGTTGTTG-1,-1.5283687,8.022027,Marginal
TACAGGTAGAGTACCG-1,-0.7209264,6.932451,Oval/Medial
TACCCACAGGAGAGTA-1,5.8800645,6.464917,Oval/Medial
TACCCGTCATGACTTG-1,-2.2404306,1.8186843,Hbx
TACGTCCCAGGCAATG-1,-1.6250198,7.127623,Marginal
TACTGCCCAAGCAGGT-1,-1.6031755,1.1116338,Hbx
TACTTACTCAAGGCTT-1,-3.7514436,5.289983,Marginal
TAGACTGGTGACCGAA-1,4.1181674,7.459856,Oval/Medial
TAGGAGGTCACGATCA-1,-2.4912825,7.4931593,Marginal
TAGGTACAGATCACTC-1,5.285152,7.5070343,Oval/Medial
TAGGTACTCTGTCAGA-1,-2.3540409,2.6423934,Hbx
TAGTGCATCGTGCGAC-1,-1.9597623,3.6220505,Hbx
TATATCCCATCGATAC-1,-2.2497997,7.172436,Marginal
TATCAGGGTTACCCAA-1,5.351381,3.198788,Oval/Medial
TATCCTACAACACAGG-1,0.1003066,8.202981,Oval/Medial
TATCTGTCAAGCTGCC-1-1,-3.6874833,5.6042957,Marginal
TATTGCTAGCCGGATA-1,4.1461067,6.984562,Oval/Medial
TATTGCTCATTGGCAT-1,-2.0438333,-0.017884592,Hbx
TATTGGGTCTAGATCG-1,-1.9442796,2.5804706,Hbx
TATTTCGCACGACGTC-1,-1.9818231,4.102633,Hbx
TCACAAGAGACGGTTG-1,5.17488,3.0775707,Oval/Medial
TCACAAGAGTTACGAA-1,-1.2641271,5.3768663,Oval/Medial
TCACAAGTCTGCGATA-1,5.390792,12.438645,Oval/Medial
TCACATTTCAGGTGTT-1,4.4148965,6.8501196,Oval/Medial
TCACGGGTCACAGTGT-1-1,-2.3793669,1.9868351,Hbx
TCACTATGTGCTTCAA-1,3.2847874,5.511073,Oval/Medial
TCACTATTCTAGAACC-1,-1.9992766,1.6355377,Hbx
TCAGCAATCCAAACCA-1,-4.26412,8.243029,Marginal
TCAGTTTCACTCTCGT-1,3.5692196,8.460428,Oval/Medial
TCATACTTCTCTTAAC-1,1.8769336,2.8327124,Lateral
TCATATCAGTTGCGCC-1,1.8352327,3.2302299,Lateral
TCATCCGGTCCCTGTT-1,-2.8399687,5.9877143,Marginal
TCATTACAGAATTTGG-1,-2.6210637,7.7455673,Marginal
TCATTGTCAGAGCCCT-1,3.8229675,7.725944,Oval/Medial
TCATTGTCATCAGTGT-1,-2.389564,1.3694261,Hbx
TCATTTGAGTGGTGGT-1,-1.234478,5.5508494,Oval/Medial
TCCACCACAGAGTGAC-1,-0.5176139,6.5907702,Oval/Medial
TCCACGTAGGGCCCTT-1,4.0515733,7.182363,Oval/Medial
TCCACGTTCCGAGATT-1,-0.3148943,6.892226,Oval/Medial
TCCCACAAGGATCACG-1,-1.8171805,6.6856647,Marginal
TCCCAGTAGATGTTGA-1,3.870394,7.5083957,Oval/Medial
TCCCAGTAGGACGCTA-1,-0.630485,4.797618,Oval/Medial
TCCGAAAAGATGTTCC-1,0.4113826,9.33124,Oval/Medial
TCCGAAAGTTAGGCTT-1,6.1226864,6.518649,Oval/Medial
TCCTAATTCAAGCCTA-1,1.6303998,7.943381,Oval/Medial
TCCTGCACACATTCTT-1,4.264555,7.1104937,Oval/Medial
TCCTGCACAGCAGACA-1,-1.4106554,6.472086,Oval/Medial
TCCTTCTCACTTCAAG-1,3.2009113,5.560591,Oval/Medial
TCCTTCTCAGGAACCA-1,3.9231274,7.8131056,Oval/Medial
TCGAACAGTGTCTTGA-1,2.0322254,6.9819307,Oval/Medial
TCGACCTAGCTCCGAC-1,-2.1019764,4.574918,Hbx
TCGACCTAGTCCTACA-1,-2.8070579,6.34227,Marginal
TCGACCTGTGGTCCGT-1,-1.6465169,6.261483,Oval/Medial
TCGACCTTCAGACAAA-1,-2.425106,3.9159372,Hbx
TCGTAGACAGGACAGT-1,-2.459113,1.4788992,Hbx
TCTAACTTCAAGGTGG-1-1,-2.3904455,6.530409,Marginal
TCTACATAGGACTTCT-1,5.4230814,12.204761,Oval/Medial
TCTACCGGTAACCAGG-1,3.929902,8.407357,Oval/Medial
TCTATACGTTATGTCG-1,2.2874873,3.4761567,Lateral
TCTCACGCACTACCCT-1,-2.172649,5.4948483,Marginal
TCTCACGGTCCAGCAC-1,6.5135593,2.29423,Oval/Medial
TCTCACGGTTCTCAGA-1,-2.3721797,1.0769081,Hbx
TCTCTGGTCAGGTAAA-1,3.7117517,8.957045,Oval/Medial
TCTGGCTTCGCTAATG-1,0.5742068,8.084294,Oval/Medial
TCTGTCGAGTCAGAGC-1,-0.332797,5.819096,Oval/Medial
TCTGTCGGTCGTTGGC-1,-1.3127197,1.1640085,Hbx
TCTTCCTAGTACCGGA-1,-0.15929788,3.6975303,Oval/Medial
TCTTCCTCAACTGAAA-1,1.0680708,2.8348992,Lateral
TGAACGTCAGCAATTC-1,-2.4344163,4.4296894,Hbx
TGAACGTGTCTAGGCC-1,1.3730992,8.045743,Oval/Medial
TGAATGCAGACTTCCA-1,-1.5797441,4.4403496,Hbx
TGACGCGAGGAAAGGT-1,-2.0743861,4.016064,Hbx
TGAGCATGTGTTCGTA-1,6.1465693,6.739741,Oval/Medial
TGATCAGGTTTAGACC-1,4.4540963,8.104132,Oval/Medial
TGATCTTAGTAGGAAG-1,3.2630155,9.139316,Oval/Medial
TGATCTTCAGCGGTCT-1,1.7604358,3.488931,Lateral
TGATGGTCATCATGAC-1,1.6796933,6.5841637,Oval/Medial
TGATGGTCATGTAACC-1,4.543814,5.839242,Oval/Medial
TGCACGGCACATGGTT-1-1,7.0282903,6.6748743,Oval/Medial
TGCGGGTCAGCAGTCC-1,-0.4008419,6.6529245,Oval/Medial
TGCTCCATCAGACATC-1,-2.1544316,7.0300293,Marginal
TGCTGAACACAACGTT-1,4.2114615,8.294883,Oval/Medial
TGCTTGCTCGTTCATT-1,-0.10091231,1.9224557,Lateral
TGGAGGAAGTCTCCTC-1,-1.4587084,5.4285417,Oval/Medial
TGGATCAGTCCGTTTC-1,1.1140454,3.746574,Lateral
TGGGAGATCATTACCT-1,4.9278183,10.823442,Oval/Medial
TGGGATTAGGAACGAA-1,-2.1097443,1.9015851,Hbx
TGGGCGTGTGGATACG-1,-1.8148593,3.4648964,Hbx
TGGTAGTAGTCACAGG-1,4.6412992,7.201645,Oval/Medial
TGGTAGTCAGAGACTG-1,5.057967,7.6540275,Oval/Medial
TGGTAGTGTCAGTCCG-1,1.5106848,3.465624,Lateral
TGGTAGTTCTGCACCT-1,3.8090355,8.692084,Oval/Medial
TGTAACGAGTCTTCCC-1,6.948705,7.0627813,Oval/Medial
TGTAGACGTGAATTGA-1,3.8208032,7.208454,Oval/Medial
TGTGATGCAGCTACCG-1,-1.4116268,4.226542,Hbx
TGTGCGGGTGATACAA-1,-4.368654,7.66404,Marginal
TGTGGCGGTTGCTCCT-1,-1.1314085,0.8500111,Hbx
TTACCATGTGCACAAG-1,-1.5150787,2.0520139,Hbx
TTACCGCGTATCTCTT-1,-1.7268384,1.2390329,Hbx
TTACCGCTCTCGAGTA-1,-2.4668558,1.5711935,Hbx
TTACGCCTCGGCATAT-1,4.2637115,7.98803,Oval/Medial
TTAGGGTTCCTGTTGC-1,-0.0032267647,7.305622,Oval/Medial
TTAGTCTAGTGCGCTC-1,-0.24855927,6.886697,Oval/Medial
TTAGTCTCACACACGC-1,-0.85513866,7.34034,Oval/Medial
TTATTGCAGAATCTAG-1,-2.2743218,7.2291336,Marginal
TTCACCGAGTCTTCCC-1,0.4596303,4.583881,Oval/Medial
TTCATGTTCCGACGGT-1,2.2855718,3.0951998,Oval/Medial
TTCATTGAGTACTCGT-1,0.06997312,4.5129967,Oval/Medial
TTCCAATTCTGAGGTT-1,-0.45580637,7.170482,Oval/Medial
TTCCACGGTTCTTGCC-1,-1.2707965,4.4769506,Oval/Medial
TTCCACGTCATTTACC-1-1,2.8544254,5.5725236,Oval/Medial
TTCCGGTAGCCAGAGT-1,-1.7360796,2.9299548,Hbx
TTCCTCTAGTAAGCAT-1,-0.7478968,4.389487,Oval/Medial
TTCCTTCGTGCATACT-1,4.4578094,7.7657905,Oval/Medial
TTCTGTATCACTGTTT-1,-2.1751134,6.304659,Marginal
TTCTTCCTCTGCCTCA-1,-0.32256553,2.9990816,Hbx
TTCTTGATCGTTGTGA-1,-1.5511291,-0.047027506,Hbx
TTGAACGAGGAGGTTC-1,1.4001864,7.4886045,Oval/Medial
TTGAACGTCGTGTCAA-1,2.3412971,1.7202802,Lateral
TTGAGTGAGCTCCATA-1,4.1858654,6.0160427,Oval/Medial
TTGCCTGCAACTGCTA-1-1,-0.8767599,7.0072064,Oval/Medial
TTGCGTCTCGCTGATA-1,-1.7501819,2.33306,Hbx
TTGGATGTCATACGAC-1,0.6893452,2.2090087,Lateral
TTGGGCGAGGTCCAGA-1,4.368031,6.6606927,Oval/Medial
TTTATGCAGGGTCACA-1,-2.1775844,1.1314421,Hbx
TTTATGCTCCTTCTTC-1,3.407643,6.2275996,Oval/Medial
TTTCATGTCCTGGTCT-1,8.037662,7.242467,Oval/Medial
TTTCCTCGTGATGTAA-1,-3.2411568,6.6175675,Marginal
TTTCGATGTACAGTAA-1,-3.3152616,7.310536,Marginal
TTTGACTTCAAGCCCG-1,-1.543249,4.992148,Oval/Medial
TTTGATCCACAGCCTG-1,4.058105,8.430346,Oval/Medial
TTTGTTGCACGCGTCA-1,4.6965756,10.284363,Oval/Medial
AAACGCTAGAGTAACT-1,-4.0072756,6.7946434,Marginal
AAAGTGATCTGCATGA-1,-0.2327781,7.7154574,Oval/Medial
AACCCAATCACTTGGA-1,-0.38822016,7.4859715,Oval/Medial
AACGAAAAGAGCCATG-1,0.586694,9.436471,Oval/Medial
AACGAAAAGGATTTAG-1,1.552691,6.7034492,Oval/Medial
AAGACTCTCATTACTC-1,-0.53774804,7.358445,Oval/Medial
AATAGAGCAACGGGTA-1,-0.37337694,7.847425,Oval/Medial
AATCGTGCAAATTGGA-1,0.3819248,7.7808185,Oval/Medial
ACAAGCTAGAATACAC-1,1.7409803,10.668806,Oval/Medial
ACAAGCTAGGGAGTGG-1,-0.8098669,5.9598546,Oval/Medial
ACACCAACACAGTCGC-1-1,-3.5287845,7.4638906,Marginal
ACACGCGCACAAGTTC-1,0.33792916,7.8869324,Oval/Medial
ACAGGGAGTAGTCCTA-1,-0.81829077,7.422762,Oval/Medial
ACATCGACAGAGGTAC-1,0.94558513,6.8520393,Oval/Medial
ACATTTCAGGACAGTC-1,-1.3530226,5.9216547,Oval/Medial
ACCAAACGTGTCTAAC-1,4.468266,4.0014524,Oval/Medial
ACCACAAGTCTCGGAC-1,-0.27248415,4.0837555,Oval/Medial
ACGCACGCACGCTGTG-1,-0.29650378,4.6370225,Oval/Medial
ACTATGGAGCTACGTT-1,4.0188613,3.451214,Oval/Medial
ACTCTCGTCTTGTGCC-1,3.866969,4.4209924,Oval/Medial
ACTTAGGTCGCAATGT-1,-0.69912714,5.8714314,Oval/Medial
AGAAGCGGTCGAAGCA-1,1.1982392,8.130543,Oval/Medial
AGACACTCAACTCCCT-1,1.0989999,6.0064626,Oval/Medial
AGACCCGAGTATCTGC-1,0.3120761,8.068338,Oval/Medial
AGACTCATCTTTCTAG-1,-0.14337529,6.2242184,Oval/Medial
AGAGAATTCGGACCAC-1,0.1881508,9.251672,Oval/Medial
AGATAGATCGCTTGCT-1,-3.4552362,8.414145,Marginal
AGCCACGGTCCCTGTT-1,-3.128858,7.450453,Marginal
AGGAAATCAGACAAGC-1,0.5736838,7.681865,Oval/Medial
AGGAATAAGCGCCGTT-1,0.28916082,7.376011,Oval/Medial
AGGAATAGTGCAGTGA-1,-3.091228,5.2570467,Marginal
AGGCCACAGGTAAGAG-1,-3.5037026,8.467833,Marginal
AGGCTGCGTCCATACA-1-1,-2.835639,6.017065,Marginal
AGGGAGTAGGTAGCAC-1,1.7778703,6.1806626,Oval/Medial
AGGGTTTTCATCCCGT-1,-2.903812,5.6860356,Marginal
AGGTTACAGGGAGGCA-1,-1.215419,6.3365674,Oval/Medial
AGTAGTCAGCACTGGA-1,-0.30041245,6.136646,Oval/Medial
AGTCAACAGTCCCGGT-1,0.19233921,8.77309,Oval/Medial
AGTGACTAGGCATCAG-1,-4.20305,6.4919424,Marginal
ATACCGATCTGCGGCA-1,3.8799002,4.420246,Oval/Medial
ATACCTTAGCATGGGT-1,-2.9625576,7.0761204,Marginal
ATCATTCCACGGTGTC-1,-1.0182438,6.017948,Oval/Medial
ATCCACCAGTTCCGGC-1,-3.1664433,8.531563,Marginal
ATCCTATGTTACCTGA-1,1.4382435,8.023824,Oval/Medial
ATGAGGGTCTTCTTCC-1,0.52051157,6.1878076,Oval/Medial
ATGCCTCCAACAAGAT-1,1.4644407,7.1195645,Oval/Medial
ATGCCTCCACGCGCTA-1,-0.32410395,7.7456098,Oval/Medial
ATGGAGGAGCAGTAAT-1,-3.1700346,5.5859714,Marginal
ATGGGAGAGATTGGGC-1,-4.5136805,7.7182364,Marginal
ATGGTTGCATATGGCT-1,-0.34167728,5.933616,Oval/Medial
ATGTCTTGTCTCGCGA-1,-0.8977959,7.5534573,Oval/Medial
ATTCCTAAGGTGTGAC-1,-1.2356231,4.4698424,Oval/Medial
ATTGGGTAGGTAGTAT-1,-3.2518282,5.3113475,Marginal
ATTTACCAGGTGCTAG-1,0.8973613,6.888844,Oval/Medial
ATTTACCCAGTCTTCC-1,-0.13576992,4.1893907,Oval/Medial
ATTTACCTCCGCGAGT-1,-3.9883173,7.8321095,Marginal
CAACAGTTCTCTTGCG-1,-4.464514,7.324164,Marginal
CAACGATAGCGCCGTT-1,-2.7129128,5.2115946,Marginal
CAAGACTTCTTACACT-1,-1.914638,4.197357,Hbx
CAAGAGGAGAATTGCA-1,-4.7682433,8.663097,Marginal
CAATCGAGTATAATGG-1,-3.1926227,6.0653815,Marginal
CAATGACGTGCTCGTG-1,-1.0746397,5.448892,Oval/Medial
CAGATACGTGCCTGCA-1,1.0008678,7.671816,Oval/Medial
CAGATCAAGGCCACCT-1,-2.9747117,6.3175635,Marginal
CAGCCAGTCAGTCACA-1,-0.50990415,6.599343,Oval/Medial
CATACCCCAGGCCCTA-1,1.0961605,8.717397,Oval/Medial
CATACTTAGTAGTGCG-1,0.16827083,4.4635434,Oval/Medial
CATACTTCAATGTGGG-1,-3.745747,5.874497,Marginal
CATCCACCAAAGGCGT-1,-2.89417,5.8699503,Marginal
CATCCACCACATAGCT-1,-0.9130149,5.5087285,Oval/Medial
CATCCACCAGACCAGA-1,4.1105165,3.8794847,Oval/Medial
CATCCCAAGACGGATC-1,-2.9610963,6.982593,Marginal
CATCCGTTCCGATTAG-1,-3.1884089,7.1264925,Marginal
CCACGAGAGAGTCAGC-1,3.929629,3.4439397,Oval/Medial
CCACTTGCATACCATG-1,1.1259314,7.471038,Oval/Medial
CCCTCAAGTTTAAGGA-1,-4.030046,6.107517,Marginal
CCGGACACATGAGTAA-1,-0.2014137,7.894072,Oval/Medial
CCGGTAGAGACTACGG-1,-0.28400183,4.2879386,Oval/Medial
CCTAACCTCGTAGTCA-1,0.35156715,7.4265637,Oval/Medial
CCTAAGAAGCGGCTCT-1,-3.7278218,5.5442214,Marginal
CCTACGTTCACTGCTC-1,1.0233994,7.520918,Oval/Medial
CCTCTAGCATTCAGGT-1,-3.6714187,5.4813952,Marginal
CGAAGTTTCCGCGATG-1,-3.3928478,5.5706797,Marginal
CGAATTGAGTGAGCCA-1-1,-1.9332287,4.2313223,Hbx
CGAGTGCAGTAGACAT-1,1.6564314,5.7570333,Oval/Medial
CGGCAGTCAGAGATGC-1,-2.9223373,5.682592,Marginal
CGTCCATGTAGTTCCA-1,1.2628603,9.217148,Oval/Medial
CGTGATAAGGTTGCCC-1,-1.4864949,6.7243447,Oval/Medial
CGTGATAGTGAGACCA-1,-1.0762848,7.3358345,Oval/Medial
CTACATTAGCTAGTTC-1,2.1603665,6.903924,Oval/Medial
CTAGACACAGGCTACC-1,-0.9015303,5.9239955,Oval/Medial
CTCATCGAGAGGCGGA-1,-4.097239,6.3573594,Marginal
CTCGAGGGTCCTTAAG-1,4.292312,4.010687,Oval/Medial
CTCTCGAGTAAGATAC-1,-1.6295688,4.002306,Hbx
CTGTGGGAGAACAGGA-1,-3.5399501,6.5927486,Marginal
CTTAGGACATCCGTGG-1,1.2528036,6.5607486,Oval/Medial
CTTGAGATCTTTCCAA-1,0.43597448,9.669229,Oval/Medial
GAACACTAGCGAGGAG-1,-4.4875755,7.6542783,Marginal
GAACTGTCACTAGGTT-1,1.1414738,7.019795,Oval/Medial
GACCAATAGCAGATAT-1,-3.3729126,5.742084,Marginal
GACGCTGTCAAGTTGC-1,-2.3880422,6.8017254,Marginal
GACTATGCAAAGGCGT-1,-2.6305077,7.4801364,Marginal
GAGACCCGTAATCAAG-1,-1.4186171,5.1140656,Oval/Medial
GAGACTTAGAGATCGC-1,-3.8178463,5.745752,Marginal
GAGATGGAGGACTATA-1,-3.2713664,5.438659,Marginal
GAGGCCTGTCCCTCAT-1,2.239622,5.295958,Oval/Medial
GAGTGAGCAAGTGGTG-1,0.8551261,8.645247,Oval/Medial
GATGGAGAGGATAATC-1,-2.8194678,6.0851674,Marginal
GATGGAGCAGGATTCT-1,0.9956915,6.833371,Oval/Medial
GATTCGAGTAAGTAGT-1,-0.40383255,6.594904,Oval/Medial
GATTGGTGTTCGTACA-1,-1.9053878,7.8837905,Marginal
GCACGGTTCTCTCTTC-1,-0.56262046,6.7610493,Oval/Medial
GCCATTCTCCGGCAAC-1,-2.6079614,8.206505,Marginal
GCCCAGAGTGATGGCA-1,-2.5837321,6.067592,Marginal
GCCCGAACAGTAGGAC-1,-0.7218301,6.9691415,Oval/Medial
GCCCGAATCCGTGGCA-1,-3.4485888,5.5085716,Marginal
GCCGATGAGTTCGGTT-1,-0.12631957,8.687925,Oval/Medial
GCCTGTTAGTAAGCAT-1,0.15181015,5.620665,Oval/Medial
GCTACCTGTCCTCCTA-1,-3.6774611,7.632896,Marginal
GGAATGGCATGGATCT-1,0.79266936,6.6191134,Oval/Medial
GGAGGTATCGCCTATC-1,0.27417237,7.408974,Oval/Medial
GGGACTCAGTAGGATT-1,1.17499,7.2406754,Oval/Medial
GGGAGATCAGGATCTT-1,3.659162,4.5000286,Oval/Medial
GGGATCCTCTACCTTA-1,0.20970629,7.8181953,Oval/Medial
GGGATGAGTGTGTTTG-1,1.4535207,7.1525846,Oval/Medial
GGGCCATTCAAGTGTC-1,-3.490707,7.942719,Marginal
GGGCTACAGTATCCTG-1,1.2818445,7.289408,Oval/Medial
GGGTAGAAGCCAGAGT-1,3.0821157,4.8390937,Oval/Medial
GGGTAGAGTAGGAGTC-1,-3.2364757,8.891891,Marginal
GGGTCACTCTATCGGA-1-1,-0.6854738,4.690693,Oval/Medial
GGGTGAAAGCCTTGAT-1,0.121151984,9.310232,Oval/Medial
GGGTGAAAGGCAATGC-1,-0.09407165,8.595467,Oval/Medial
GGGTGAATCAGCCCAG-1,-2.149678,3.4193063,Hbx
GGTCACGTCGAGTGGA-1,0.41386724,7.9060373,Oval/Medial
GGTCTGGAGGGAGGCA-1,4.4920087,4.2697663,Oval/Medial
GGTGAAGAGCACTTTG-1-1,-4.200339,7.7925453,Marginal
GGTGAAGTCGGAGTGA-1,-0.22236165,5.7748227,Oval/Medial
GGTGATTAGTCATGAA-1,0.944296,9.598928,Oval/Medial
GGTGATTGTATCGCGC-1-1,-0.16433904,3.9749835,Oval/Medial
GGTTAACAGCTGGCTC-1,1.5747557,9.779555,Oval/Medial
GGTTCTCTCATGCTAG-1,-0.358771,5.8747225,Oval/Medial
GTAACACGTTGTGGCC-1,0.1467949,4.1658077,Oval/Medial
GTAGCTAGTCCGATCG-1,0.7429564,6.8942246,Oval/Medial
GTAGTACAGGAGGCAG-1,-3.8405216,5.279505,Marginal
GTCAAACCAGAGAATT-1,1.078239,7.4458356,Oval/Medial
GTCACGGCACGCGCAT-1,1.3296747,6.4608083,Oval/Medial
GTCACGGCATAACCCA-1,4.1326876,3.6933758,Oval/Medial
GTCACGGGTGCGACAA-1,-1.7022322,3.7947855,Hbx
GTCACTCCAAATACGA-1,-0.17723842,4.1043158,Oval/Medial
GTCCCATAGAGTGAAG-1,-2.077377,4.500375,Hbx
GTCCTCATCCCTATTA-1,-3.826048,5.666001,Marginal
GTCGTTCCAGCTGGTC-1,2.3414075,5.9730206,Oval/Medial
GTGACGCTCGGAATTC-1,1.3411688,7.1369724,Oval/Medial
GTTGTCCCACTCATAG-1,-0.6590287,7.8304873,Oval/Medial
GTTTGGAGTTGTACGT-1,1.1716928,8.133752,Oval/Medial
TACCCACCACTGTTCC-1,0.90263116,7.4820538,Oval/Medial
TACCTGCCAGACGGAT-1-1,-3.566968,5.7074733,Marginal
TACCTGCTCGCGAAGA-1,-2.7882516,7.2164803,Marginal
TACGCTCCACATGTTG-1,1.0305941,7.7588334,Oval/Medial
TACGCTCGTTTCGTTT-1,-1.9654764,4.753556,Hbx
TACGGGCCAATGTTGC-1,0.11264743,4.946875,Oval/Medial
TCACTATCAGTTTCGA-1,-3.6863859,8.194911,Marginal
TCACTATGTTGAGAGC-1,4.792799,4.288464,Oval/Medial
TCAGCCTCACTCAGAT-1,0.02776655,6.616683,Oval/Medial
TCAGGGCAGCACTCGC-1,-0.7204854,4.7634716,Oval/Medial
TCAGTTTGTTGCTCGG-1,-3.5658398,5.906059,Marginal
TCCATCGTCTCCCAAC-1-1,0.5571244,7.493535,Oval/Medial
TCGATTTAGATGGTAT-1,-0.15134789,8.26303,Oval/Medial
TCTACATAGCGATCGA-1,0.36326283,7.779383,Oval/Medial
TCTCCGACACCTGCAG-1,-1.361362,8.555069,Marginal
TCTCTGGTCGCCTTGT-1-1,4.2569866,4.0941033,Oval/Medial
TCTGCCAGTAGATCCT-1,-0.09931371,7.182989,Oval/Medial
TCTGGCTTCGCAAGAG-1,0.0932795,7.3673234,Oval/Medial
TGATCTTCACCGGTCA-1,1.0038456,6.8178167,Oval/Medial
TGCAGGCGTAGCACGA-1,-3.1306436,5.6587634,Marginal
TGCCGAGGTATGGGAC-1,1.1795883,8.994535,Oval/Medial
TGCTCCAGTGAGCTCC-1,1.3987919,6.718245,Oval/Medial
TGCTTGCGTTAGCGGA-1,-0.44526282,6.196332,Oval/Medial
TGGATCAGTAACAAGT-1,-1.4901714,4.861376,Oval/Medial
TGGTGATGTAACATGA-1,-2.4753048,5.954022,Marginal
TGTCAGACAGTCAGAG-1,0.2888066,7.933701,Oval/Medial
TGTGAGTGTTAGGCTT-1,-0.12058536,5.025639,Oval/Medial
TGTTACTAGAGTATAC-1-1,-3.6118906,5.977282,Marginal
TGTTCATCAGAAGTGC-1,1.8725865,6.141865,Oval/Medial
TGTTCATGTCTGTGGC-1,-3.3423562,6.001854,Marginal
TGTTGAGGTGTACGCC-1,3.5382867,4.4637175,Oval/Medial
TTACGTTTCGACATCA-1-1,0.5225148,6.2144938,Oval/Medial
TTAGGGTGTGTCTTCC-1,-0.9852027,6.2992935,Oval/Medial
TTAGTCTTCATCTCTA-1,1.8406533,6.712509,Oval/Medial
TTCCGGTGTTGACTAC-1,-3.27848,7.183157,Marginal
TTCCGGTTCATTGCCC-1,-1.6220254,8.650996,Marginal
TTCCTAACAGAGCGTA-1,-1.8092318,4.540736,Hbx
TTCTAACAGCGAATGC-1,4.1651435,4.251075,Oval/Medial
TTCTCTCTCGACCACG-1,-0.6702431,5.914937,Oval/Medial
TTGAGTGTCAAACGTC-1,1.7681024,6.8415265,Oval/Medial
TTGATGGTCTTGCAAG-1,-1.6988245,4.088073,Hbx
TTGTGGAAGCCATCCG-1,-4.506076,7.822313,Marginal
TTGTGGAGTCCCGCAA-1,-4.0199146,5.3160415,Marginal
TTTCACATCGCAGTGC-1,-4.0231266,8.274032,Marginal
TTTCCTCCACAGTCCG-1,-3.295759,5.81177,Marginal
AAAGGGCGTGAGAGGG-1,0.90380186,9.451303,Oval/Medial
AAAGTGAGTTGCTGAT-1,1.4166766,7.262051,Oval/Medial
AAATGGACATTCATCT-1,-3.766298,7.10354,Marginal
AACCTTTAGTCGGGAT-1,0.2302933,7.9839315,Oval/Medial
AACGTCAGTACGGTTT-1,-3.9772472,8.1098175,Marginal
AAGCCATTCGGCTATA-1,0.416221,8.459759,Oval/Medial
AATCGTGAGGCTCCCA-1,-3.7797494,7.6450615,Marginal
AATGGCTCAGCTGAAG-1,-0.1989161,4.4548264,Oval/Medial
AATGGCTGTAGGAGTC-1,-0.30657837,6.7264004,Oval/Medial
ACAAAGACAGTGGCTC-1,-4.3404584,7.4073906,Marginal
ACAGAAACATGACTTG-1,-1.0077407,7.175734,Oval/Medial
ACGTCCTGTCCCGTGA-1,0.47118846,6.86386,Oval/Medial
ACTGTGACAGCGTTTA-1,-0.9419959,6.6505423,Oval/Medial
AGACTCAGTCTACTGA-1,-0.65966064,8.015097,Oval/Medial
AGAGCAGTCGAGCACC-1,-2.6342676,5.723678,Marginal
AGAGCCCGTCCTATAG-1,-1.1521007,8.086212,Oval/Medial
AGAGCCCGTCGTGGTC-1,-0.54801595,7.4818296,Oval/Medial
AGCGCCACAGAGGCAT-1,-0.69917846,5.576243,Oval/Medial
AGGAAATAGCGTGCTC-1,-0.19988738,5.9949684,Oval/Medial
AGGAGGTTCCTAGCTC-1,-0.35592744,7.2693906,Oval/Medial
AGGGTTTAGTCATAGA-1,0.9699404,7.311672,Oval/Medial
AGGGTTTGTGGTCTTA-1,-0.055514965,6.1349874,Oval/Medial
AGGTTGTAGTAGAGTT-1,-0.48144725,7.525865,Oval/Medial
AGTTAGCTCGCTCATC-1,-1.8254485,6.23655,Oval/Medial
ATAGACCAGGATCATA-1,-1.1164786,6.859686,Oval/Medial
ATAGACCAGGGACACT-1,2.9110944,4.8510003,Oval/Medial
ATAGACCTCTTACCGC-1,0.5622182,6.5404687,Oval/Medial
ATAGAGAGTTCAAAGA-1,-4.2192855,6.292295,Marginal
ATCCACCCACTTGACA-1-2,0.014485366,7.758579,Oval/Medial
ATCCGTCTCGTCCATC-1,-2.8362355,6.512243,Marginal
ATCTTCAAGGCTTCCG-1,-0.28306544,7.599932,Oval/Medial
ATCTTCAGTCTACATG-1,-0.548699,4.6433578,Oval/Medial
ATTACCTTCCTAGAGT-1,-1.6800576,4.9187636,Oval/Medial
ATTCCCGAGCTACTGT-1,-0.5548191,6.851704,Oval/Medial
CAAAGAATCGATCCAA-1,-3.4686506,7.05909,Marginal
CAACAGTAGGGTTAGC-1,-0.5817153,6.191764,Oval/Medial
CAACCTCCATACACCA-1,0.5023837,7.4416647,Oval/Medial
CAACGGCTCCGGACTG-1,0.97172797,8.549965,Oval/Medial
CAAGACTTCTAACACG-1,-0.682013,6.9811153,Oval/Medial
CACAACACAATACCTG-1,-3.6637797,6.637697,Marginal
CACAGGCCATGGAACG-1,-3.7112586,7.893003,Marginal
CACCGTTAGCAACTTC-1,-3.6262586,5.463825,Marginal
CACCGTTCAGCACCCA-1,-4.625548,7.3146377,Marginal
CACCGTTGTCAGTTTG-1,-1.1299232,6.4522376,Oval/Medial
CAGAGCCTCTACTGAG-1,0.46075633,7.4050984,Oval/Medial
CATAAGCGTGTGACCC-1,-4.175335,6.1896496,Marginal
CATACCCCAGTCCCGA-1,-0.1889109,8.38427,Oval/Medial
CATACTTTCATGGTAC-1,2.7464747,4.8457375,Oval/Medial
CATCAAGTCGCACGAC-1,-0.5672393,6.075362,Oval/Medial
CATCCACGTACTGGGA-1,-0.8448491,7.1360946,Oval/Medial
CATGCAAGTACGAAAT-1,-3.5168633,7.8231287,Marginal
CATGCAATCAAGTCGT-1,-4.1098104,7.7507634,Marginal
CATGCGGGTGATGTAA-1,-2.993531,7.552615,Marginal
CATGGATCAGTACTAC-1,-1.6436212,8.1263275,Oval/Medial
CATTGCCAGGCATCGA-1,-1.1531315,6.5030174,Oval/Medial
CCCTGATTCACAGTGT-1,-3.004857,7.7549634,Marginal
CCGAACGGTCACTAGT-1,-0.1608674,7.6614866,Oval/Medial
CCGATGGGTTTCACAG-1,0.05743713,9.310963,Oval/Medial
CCGGGTACATGGAACG-1,0.95362043,8.430243,Oval/Medial
CCTGCATTCCGCTTAC-1,-2.5385003,6.0179477,Marginal
CCTTTGGCATCGGATT-1,2.3911338,5.151527,Oval/Medial
CGATCGGGTTGCTCGG-1,-1.1267571,6.061068,Oval/Medial
CGGAGAACATGGCACC-1,-1.4183197,7.005919,Oval/Medial
CGTAGTAAGCCAGACA-1,2.9795146,4.481796,Oval/Medial
CGTGAATTCATTATCC-1,0.7144998,6.3006372,Oval/Medial
CGTGAATTCTTTCAGT-1,-0.7959391,7.0362678,Oval/Medial
CGTGTCTAGAGGCGGA-1,-0.67165554,4.4876976,Oval/Medial
CGTTGGGTCCAGTACA-1,-3.0351655,8.037952,Marginal
CTACATTAGCTGCGAA-1,-3.9079633,5.8521585,Marginal
CTCACTGGTAACTTCG-1,0.05792126,4.968577,Oval/Medial
CTCACTGGTGGGTTGA-1,-2.728487,6.584822,Marginal
CTCCATGAGTGGTTAA-1,-1.6237266,6.4329906,Oval/Medial
CTCCCAAGTACGATGG-1,-1.2096976,5.4056797,Oval/Medial
CTCCCTCAGGAAACGA-1,0.25597838,6.5988674,Oval/Medial
CTCTCAGCATACCACA-1,0.3540105,6.7679963,Oval/Medial
CTGCAGGCAAGAATAC-1,-0.07261763,4.573277,Oval/Medial
CTGCATCGTCAGATTC-1,-4.057509,7.011184,Marginal
CTGTACCGTAGGTACG-1,0.31166145,7.6762285,Oval/Medial
CTTCCGAGTCTCAGAT-1,-4.6814427,7.696213,Marginal
GAAGGGTCAATTTCCT-1,-0.8098371,6.9174657,Oval/Medial
GAATCACTCCTGCCAT-1,0.7290101,9.4248705,Oval/Medial
GAATCGTCATCACAGT-1,-3.7805855,5.656148,Marginal
GACATCAGTATCAAGA-1,-0.3322333,4.4183087,Oval/Medial
GACCCAGAGAGAACCC-1,-0.43574354,5.1367946,Oval/Medial
GACCTTCGTCTGATCA-1-1,-2.520704,7.272283,Marginal
GAGAAATGTCCTCCTA-1,-3.3511248,8.3830595,Marginal
GAGTCTAAGCCGGATA-1,-0.90992445,8.043726,Oval/Medial
GATGATCTCGCATTGA-1,1.1257297,7.3520436,Oval/Medial
GCAACATTCAACTTTC-1-2,-0.21200562,5.2718387,Oval/Medial
GCACTAACAGACACAG-1,0.42089862,9.145058,Oval/Medial
GCAGCTGAGGACAAGA-1,2.098493,5.5520344,Oval/Medial
GCCAACGTCTGTCAGA-1,-4.0028224,6.75544,Marginal
GCGATCGAGTTGTCGT-1-1,-0.13683547,7.800065,Oval/Medial
GCGGAAATCCTATTTG-1,0.24738884,9.580514,Oval/Medial
GCTGAATCAACGACAG-1,-0.50452393,6.7556443,Oval/Medial
GCTGCAGTCATCGACA-1,0.040098082,5.21044,Oval/Medial
GCTGGGTAGGGCTGAT-1,-0.43782613,7.3615108,Oval/Medial
GCTTCACAGCGTTACT-1,-4.3326983,7.800724,Marginal
GGAGAACCATGCTGCG-1,0.7247458,9.16623,Oval/Medial
GGAGATGAGTGCGCTC-1,-3.8999329,7.084481,Marginal
GGATGTTCAAAGACTA-1,-3.4328172,7.333877,Marginal
GGGAAGTAGGACTTCT-1,0.6039559,7.552698,Oval/Medial
GGGCTCATCGTTAGTG-1,-3.4995587,5.228763,Marginal
GGGTAGATCTGGGATT-1,0.3090945,7.2637143,Oval/Medial
GGGTATTAGCTAAACA-1,-3.6980863,6.901751,Marginal
GGGTGTCCACTACGGC-1,0.3150233,8.414225,Oval/Medial
GTAACACTCCTCATAT-1,2.4854777,5.110013,Oval/Medial
GTAACCAAGCCGAATG-1,-0.7205246,6.608847,Oval/Medial
GTACAGTCAATGAAAC-1,0.38691255,8.59701,Oval/Medial
GTAGATCAGCAAGTCG-1,0.22850873,6.431874,Oval/Medial
GTAGGTTCAGAGTTGG-1,-0.42986357,7.8061438,Oval/Medial
GTATTTCAGTCATGGG-1,0.29196197,9.213218,Oval/Medial
GTCAAGTCAGCACCCA-1,0.2196887,6.6269293,Oval/Medial
GTCGAATCAAGAAACT-1-1,-4.6272774,8.029056,Marginal
GTCGTAAAGATGCAGC-1-1,-0.843501,6.6135974,Oval/Medial
GTCTAGAGTGGAGGTT-1,0.040220484,8.877605,Oval/Medial
GTCTTTATCGTCTAAG-1,-0.032751787,6.8870983,Oval/Medial
GTGAGCCAGCCTGACC-1,-4.302337,6.4296474,Marginal
GTGCACGAGACTACCT-1,-1.4803443,6.2226305,Oval/Medial
GTGCACGAGAGGTATT-1,-1.8254006,5.7507215,Oval/Medial
GTGGAAGTCCTACACC-1,-1.0140654,7.280135,Oval/Medial
GTGGCGTAGTCTGCGC-1,-4.7742033,7.9886694,Marginal
GTGTGGCCAGCCGTCA-1-1,-4.216822,8.053321,Marginal
GTTAGACAGCGATGAC-1,-3.0275009,5.8761992,Marginal
GTTGTAGAGCGATGCA-1,0.6377387,6.8646626,Oval/Medial
TAAGTCGCAACCCTAA-1,0.4105815,6.491034,Oval/Medial
TAAGTCGCAGGCCCTA-1,-0.3693856,7.2001615,Oval/Medial
TACCGGGAGGACTGGT-1,0.75328195,7.276598,Oval/Medial
TACTTACGTCGGAAAC-1,-1.2362571,8.154275,Oval/Medial
TAGACCAGTGGAACAC-1,-4.499545,7.3073926,Marginal
TAGAGTCTCACGAACT-1,-2.187159,5.7594905,Marginal
TAGGTTGGTGCCCACA-1,-1.0841577,6.1172647,Oval/Medial
TATACCTAGCCACCGT-1,2.3745677,5.3485456,Oval/Medial
TATCTTGTCATGTCTT-1,-1.6087241,6.68635,Oval/Medial
TCAAGACAGAGTCCGA-1,1.029053,8.191753,Oval/Medial
TCACATTCACTGAGTT-1,-0.22531074,9.107756,Oval/Medial
TCAGTTTAGTTTGTCG-1,-4.4128337,6.96747,Marginal
TCCAGAAAGTAAGGGA-1,-0.7803284,8.529369,Oval/Medial
TCCCAGTGTCCAAATC-1,-0.05525587,6.5966177,Oval/Medial
TCCCATGCACAGAGAC-1,-3.1459916,7.971868,Marginal
TCGCTTGGTGCCCAGT-1,-0.2936694,4.267272,Oval/Medial
TCGGGACGTCTTACTT-1,-0.8410114,7.5274577,Oval/Medial
TCTCAGCCAGATGCGA-1-1,-0.34625053,6.415975,Oval/Medial
TGAATCGGTCGGAACA-1-1,-0.7293088,6.438128,Oval/Medial
TGATTTCCAGTCTACA-1,-4.629006,8.4714775,Marginal
TGATTTCGTCGATTCA-1,0.7925763,7.7458367,Oval/Medial
TGCAGATAGGGTACAC-1,-2.4807072,6.754011,Marginal
TGCTCCACAAAGACTA-1,-0.62738216,6.715906,Oval/Medial
TGGGAAGTCGCATAGT-1,-0.09584332,4.673764,Oval/Medial
TGGTGATCAGTCGGTC-1,-0.15352385,7.3380475,Oval/Medial
TGTGAGTTCGCCTCTA-1,1.1257869,7.408362,Oval/Medial
TGTGGCGTCAACCCGG-1,-0.8679102,6.345989,Oval/Medial
TGTGTGAAGCCATCCG-1,-3.239085,6.8328137,Marginal
TTAGGCATCACCATCC-1,-0.32163692,6.830552,Oval/Medial
TTCCACGTCGTTAGAC-1,-0.5615779,5.5105696,Oval/Medial
TTCCTAAGTTATCTGG-1,0.22929518,6.6820426,Oval/Medial
TTCCTCTCATCAGCGC-1-1,0.42436165,7.6065354,Oval/Medial
TTGCTGCGTAGATTAG-1,-0.9979313,5.950788,Oval/Medial
TTGGGCGTCCGTAGTA-1,-0.5745487,8.332249,Oval/Medial
TTGTGGACAAGCCCAC-1,-0.40382877,8.597271,Oval/Medial
TTTAGTCGTTCTAAGC-1,-1.1680748,8.023558,Oval/Medial
TTTCAGTGTACAGTAA-1,-1.6698872,6.057434,Oval/Medial
